timestamp,y_true,p_call,p_put,p_skip,signal
2025-04-01 09:15:00,2,0.0041467963609867495,0.04214820824632076,0.9537049953926924,2
2025-04-01 09:20:00,2,0.00968281627125994,0.08015183886559689,0.9101653448631432,2
2025-04-01 09:25:00,0,0.25228560521436905,0.3264522851057499,0.4212621096798811,1
2025-04-01 09:30:00,2,0.2509455166076117,0.3140800799326234,0.43497440345976496,1
2025-04-01 09:35:00,2,0.24058810840498734,0.29244253661659547,0.46696935497841724,1
2025-04-01 09:40:00,2,0.23170039012183838,0.29740683674434976,0.4708927731338118,1
2025-04-01 09:45:00,1,0.2894886659229341,0.2762137733744715,0.4342975607025945,2
2025-04-01 09:50:00,1,0.35158256220140677,0.278985442409746,0.36943199538884725,0
2025-04-01 09:55:00,1,0.2991160104729428,0.28015884184766776,0.42072514767938946,2
2025-04-01 10:00:00,2,0.33550762258562183,0.30947455177547156,0.35501782563890666,2
2025-04-01 10:05:00,1,0.33714834168423174,0.2684311508146775,0.39442050750109076,0
2025-04-01 10:10:00,1,0.2744708056503631,0.2747373159846557,0.4507918783649813,2
2025-04-01 10:15:00,1,0.246475743313772,0.3001120548012397,0.45341220188498826,1
2025-04-01 10:20:00,2,0.0037415311297910314,0.027019110958468668,0.9692393579117403,2
2025-04-01 10:25:00,2,0.003052305708093776,0.01838731808837077,0.9785603762035355,2
2025-04-01 10:30:00,2,0.00290319430217955,0.02060831877240972,0.9764884869254108,2
2025-04-01 10:35:00,2,0.007033621169742431,0.05942584190254473,0.9335405369277128,2
2025-04-01 10:40:00,2,0.008029100978896283,0.08431820716437603,0.9076526918567277,2
2025-04-01 10:45:00,2,0.005955883151455977,0.07598236972484071,0.9180617471237033,2
2025-04-01 10:50:00,2,0.008283123002384282,0.06462992718332775,0.927086949814288,2
2025-04-01 10:55:00,2,0.0036773832470767794,0.06901726294119707,0.9273053538117261,2
2025-04-01 11:00:00,2,0.003675142062764409,0.056977779529095565,0.93934707840814,2
2025-04-01 11:05:00,2,0.0036761739784663574,0.0647085165069131,0.9316153095146205,2
2025-04-01 11:10:00,2,0.009403109480392746,0.4169394858424895,0.5736574046771178,1
2025-04-01 11:15:00,1,0.009560859297220815,0.5270903648713933,0.46334877583138595,1
2025-04-01 11:20:00,1,0.014986082351823377,0.4962473378714307,0.488766579776746,1
2025-04-01 11:25:00,1,0.02132153404438765,0.4945779554054149,0.4841005105501974,1
2025-04-01 11:30:00,2,0.015819177372064498,0.5438199740685459,0.44036084855938973,1
2025-04-01 11:35:00,1,0.012119945360717676,0.4880995915697832,0.49978046306949914,1
2025-04-01 11:40:00,2,0.01159687653586127,0.5478992919408561,0.44050383152328265,1
2025-04-01 11:45:00,1,0.01330169894448259,0.5429439005602288,0.4437544004952887,1
2025-04-01 11:50:00,2,0.010080545215472013,0.6006351404331572,0.3892843143513708,1
2025-04-01 11:55:00,2,0.012964131893103302,0.5846127882343404,0.4024230798725562,1
2025-04-01 12:00:00,2,0.014481479277678335,0.6291096994437015,0.3564088212786201,1
2025-04-01 12:05:00,2,0.22294657405430912,0.477056902633684,0.29999652331200694,1
2025-04-01 12:10:00,2,0.2231865927167571,0.4631741103438298,0.31363929693941306,1
2025-04-01 12:15:00,2,0.1864312344998426,0.5322094924034739,0.2813592730966834,1
2025-04-01 12:20:00,0,0.22890985429907354,0.513667790518277,0.2574223551826494,1
2025-04-01 12:25:00,2,0.23108265546966378,0.4922889103111701,0.27662843421916605,1
2025-04-01 12:30:00,2,0.21910359580636798,0.5116102019162281,0.2692862022774039,1
2025-04-01 12:35:00,1,0.22868622392600302,0.5111645194215029,0.260149256652494,1
2025-04-01 12:40:00,1,0.24443386271268405,0.5001632328746597,0.2554029044126561,1
2025-04-01 12:45:00,1,0.24788333526658662,0.49547054336682,0.2566461213665934,1
2025-04-01 12:50:00,1,0.24195463665565567,0.5115477386348043,0.24649762470954006,1
2025-04-01 12:55:00,2,0.223710944905294,0.5412829612541324,0.2350060938405736,1
2025-04-01 13:00:00,2,0.20395529613979468,0.542862515313271,0.25318218854693425,1
2025-04-01 13:05:00,1,0.21697416897131594,0.48937451817319716,0.29365131285548685,1
2025-04-01 13:10:00,1,0.21702664048429068,0.5130839013980882,0.26988945811762116,1
2025-04-01 13:15:00,2,0.20148281368799653,0.5557477118671967,0.2427694744448068,1
2025-04-01 13:20:00,2,0.1550917090078785,0.594738075183989,0.2501702158081326,1
2025-04-01 13:25:00,2,0.01185775529272923,0.6049320713072799,0.38321017339999086,1
2025-04-01 13:30:00,2,0.24099019921857368,0.49389502190352164,0.26511477887790463,1
2025-04-01 13:35:00,2,0.1275072852234693,0.4520151279912548,0.42047758678527586,1
2025-04-01 13:40:00,2,0.1484936804481379,0.5067187695424927,0.34478755000936945,1
2025-04-01 13:45:00,2,0.1419782059216315,0.533344497169799,0.32467729690856933,1
2025-04-01 13:50:00,2,0.1359944012500487,0.5280842397785218,0.3359213589714295,1
2025-04-01 13:55:00,2,0.13371574062573455,0.5125390078019799,0.3537452515722855,1
2025-04-01 14:00:00,1,0.18249214708829317,0.48586483037580336,0.3316430225359035,1
2025-04-01 14:05:00,2,0.17110904048726094,0.49143388082831485,0.33745707868442426,1
2025-04-01 14:10:00,2,0.15985730650320237,0.4377210035614911,0.40242168993530647,1
2025-04-01 14:15:00,2,0.15374953029989544,0.49766360805473336,0.34858686164537117,1
2025-04-01 14:20:00,2,0.16318941876793305,0.46061344645857694,0.37619713477349015,1
2025-04-01 14:25:00,2,0.14566822643938993,0.4520759225680831,0.40225585099252703,1
2025-04-01 14:30:00,2,0.14015793940837126,0.4887329953404931,0.3711090652511357,1
2025-04-01 14:35:00,2,0.13251411357054865,0.4998248525064467,0.3676610339230046,1
2025-04-01 14:40:00,2,0.10982195488796495,0.4964619257093554,0.39371611940267964,1
2025-04-01 14:45:00,2,0.1238872494767953,0.464985443287347,0.41112730723585755,1
2025-04-01 14:50:00,2,0.137029336107194,0.5031047403932677,0.3598659234995384,1
2025-04-01 14:55:00,2,0.16004605554832455,0.442813626060325,0.3971403183913505,1
2025-04-01 15:00:00,2,0.13162754112203243,0.4612909787504084,0.40708148012755924,1
2025-04-01 15:05:00,2,0.15811820631596685,0.4589366496338232,0.38294514405020985,1
2025-04-01 15:10:00,2,0.16446630800307724,0.3575422544384122,0.47799143755851053,1
2025-04-01 15:15:00,2,0.17380454232840176,0.4004916164270841,0.4257038412445142,1
2025-04-01 15:20:00,2,0.16381169101756385,0.404746363076361,0.4314419459060751,1
2025-04-01 15:25:00,2,0.18300635138025292,0.3736226766823799,0.44337097193736713,1
2025-04-02 09:15:00,0,0.27253368425001623,0.41593450655454833,0.31153180919543544,1
2025-04-02 09:20:00,0,0.3027536264542674,0.36933405390999724,0.32791231963573536,1
2025-04-02 09:25:00,2,0.514420806149903,0.01769684804923821,0.4678823458008588,0
2025-04-02 09:30:00,2,0.4178597076100257,0.014624989198719117,0.5675153031912552,0
2025-04-02 09:35:00,2,0.5278218534277842,0.018483030878200777,0.45369511569401505,0
2025-04-02 09:40:00,2,0.33119907774973834,0.3840823270125393,0.2847185952377223,1
2025-04-02 09:45:00,2,0.3377350587250828,0.3827096095827763,0.27955533169214086,2
2025-04-02 09:50:00,2,0.29728545207919427,0.3846282558780102,0.3180862920427956,1
2025-04-02 09:55:00,2,0.3007034497803347,0.3735933226613741,0.3257032275582912,1
2025-04-02 10:00:00,2,0.28949260333143556,0.3657624404750977,0.34474495619346684,1
2025-04-02 10:05:00,2,0.2520606274349097,0.35342264158006287,0.39451673098502743,1
2025-04-02 10:10:00,2,0.21681789832741233,0.28335973327661207,0.49982236839597544,1
2025-04-02 10:15:00,2,0.2205200335073407,0.3388724223369266,0.4406075441557328,1
2025-04-02 10:20:00,2,0.25746172565675474,0.3368587953113385,0.40567947903190665,1
2025-04-02 10:25:00,2,0.2151905167329378,0.2389005135073676,0.5459089697596946,2
2025-04-02 10:30:00,2,0.17278013749793159,0.19326645920320532,0.6339534032988631,2
2025-04-02 10:35:00,0,0.31788356781723487,0.3245613782265843,0.35755505395618087,2
2025-04-02 10:40:00,0,0.36127514301395236,0.3305788109509194,0.30814604603512813,2
2025-04-02 10:45:00,2,0.2580161451627239,0.1999839246354758,0.5419999302018004,2
2025-04-02 10:50:00,2,0.04883807732064181,0.004563434649706774,0.9465984880296513,2
2025-04-02 10:55:00,2,0.07720887395254421,0.0052043510042818755,0.9175867750431739,2
2025-04-02 11:00:00,2,0.09727622377454588,0.009069663749753527,0.8936541124757007,2
2025-04-02 11:05:00,2,0.3914754624673151,0.29151616124956403,0.31700837628312084,0
2025-04-02 11:10:00,1,0.37566342789590773,0.30237375899867236,0.3219628131054198,0
2025-04-02 11:15:00,2,0.35656019733077254,0.36128622487076,0.2821535777984674,2
2025-04-02 11:20:00,2,0.34532443068894647,0.3566033097785619,0.2980722595324916,2
2025-04-02 11:25:00,2,0.35738618242332115,0.3765266578150954,0.2660871597615834,2
2025-04-02 11:30:00,2,0.3334048202147112,0.3583555781260292,0.3082396016592596,2
2025-04-02 11:35:00,1,0.30511143266745777,0.3706295514296729,0.32425901590286926,1
2025-04-02 11:40:00,2,0.39883754336055366,0.3638933154168012,0.23726914122264497,2
2025-04-02 11:45:00,1,0.3867449220019002,0.3065477292581479,0.3067073487399518,0
2025-04-02 11:50:00,2,0.3952373016413053,0.3400594498224944,0.2647032485362003,0
2025-04-02 11:55:00,0,0.4226820829377009,0.32521797282022324,0.2520999442420758,0
2025-04-02 12:00:00,0,0.39945195676686557,0.3420837866515809,0.25846425658155353,0
2025-04-02 12:05:00,2,0.3416067929284695,0.3445316119300459,0.3138615951414846,2
2025-04-02 12:10:00,2,0.34174288599426894,0.28381168039522386,0.3744454336105072,0
2025-04-02 12:15:00,2,0.36605181655657254,0.254439287874917,0.37950889556851053,0
2025-04-02 12:20:00,2,0.3636850216091774,0.2222834602583415,0.414031518132481,0
2025-04-02 12:25:00,2,0.35654363885601636,0.2999518877152248,0.3435044734287587,0
2025-04-02 12:30:00,2,0.38561590747400676,0.2405105664687604,0.37387352605723284,0
2025-04-02 12:35:00,2,0.33423575468486705,0.302191018150844,0.3635732271642889,2
2025-04-02 12:40:00,2,0.00453468394479499,0.0036292592921111423,0.9918360567630938,2
2025-04-02 12:45:00,2,0.004567054409567551,0.004146289908196708,0.9912866556822357,2
2025-04-02 12:50:00,2,0.0070643659152170475,0.0040973854220559755,0.9888382486627271,2
2025-04-02 12:55:00,2,0.009114829171604426,0.004827904634691943,0.9860572661937037,2
2025-04-02 13:00:00,2,0.003895549608090694,0.0036883433797351285,0.9924161070121741,2
2025-04-02 13:05:00,2,0.00432480875297431,0.003494840865370606,0.9921803503816552,2
2025-04-02 13:10:00,2,0.354783536577373,0.207761252909539,0.4374552105130879,0
2025-04-02 13:15:00,2,0.3295369394914829,0.2022730341348798,0.4681900263736374,0
2025-04-02 13:20:00,2,0.3784632524914913,0.2045388515657046,0.416997895942804,0
2025-04-02 13:25:00,2,0.004257963714812579,0.003907297527490492,0.991834738757697,2
2025-04-02 13:30:00,2,0.004195221756311243,0.003971579756932201,0.9918331984867564,2
2025-04-02 13:35:00,2,0.004554437174425267,0.0034669956155383005,0.9919785672100365,2
2025-04-02 13:40:00,2,0.0037409527417347085,0.0029810884138306527,0.9932779588444346,2
2025-04-02 13:45:00,2,0.00481254516149755,0.0034379582023107043,0.9917494966361917,2
2025-04-02 13:50:00,2,0.006016478406978741,0.003854940226179971,0.9901285813668412,2
2025-04-02 13:55:00,2,0.30807150413026285,0.18123636279446867,0.5106921330752685,2
2025-04-02 14:00:00,2,0.26701890329180583,0.16815044480871957,0.5648306518994747,2
2025-04-02 14:05:00,2,0.2817903206201537,0.1821805426395456,0.5360291367403007,2
2025-04-02 14:10:00,2,0.27021515680115,0.24306079612669781,0.4867240470721521,2
2025-04-02 14:15:00,2,0.2964435365349841,0.1934522310403453,0.5101042324246706,2
2025-04-02 14:20:00,2,0.2789440720338775,0.19456319165153146,0.526492736314591,2
2025-04-02 14:25:00,2,0.2699141138164116,0.18427806126383445,0.5458078249197539,2
2025-04-02 14:30:00,2,0.23022071707190558,0.18854000105385602,0.5812392818742383,2
2025-04-02 14:35:00,2,0.2860512365975868,0.20024425302358348,0.5137045103788297,2
2025-04-02 14:40:00,2,0.00424259690601208,0.0039104361387570135,0.9918469669552308,2
2025-04-02 14:45:00,2,0.004181022731802302,0.0033604196938885945,0.9924585575743091,2
2025-04-02 14:50:00,2,0.0036500078169958627,0.0033584595783220108,0.9929915326046821,2
2025-04-02 14:55:00,2,0.0043908073463616495,0.003760375007658512,0.9918488176459799,2
2025-04-02 15:00:00,2,0.006571329796793997,0.06580637503702579,0.9276222951661802,2
2025-04-02 15:05:00,2,0.005509727828485964,0.007931764848748643,0.9865585073227654,2
2025-04-02 15:10:00,2,0.005255558492065108,0.03370597342569582,0.961038468082239,2
2025-04-02 15:15:00,2,0.00380501590071409,0.0035957201659646107,0.9925992639333213,2
2025-04-02 15:20:00,2,0.003733952080692922,0.004156436008148543,0.9921096119111585,2
2025-04-02 15:25:00,2,0.30663003069163214,0.1996556536740259,0.4937143156343419,2
2025-04-03 09:15:00,2,0.19020626586285852,0.09199933695044521,0.7177943971866962,2
2025-04-03 09:20:00,2,0.29865884699042405,0.29761045307569883,0.40373069993387717,2
2025-04-03 09:25:00,2,0.2660800091837117,0.3306212532555445,0.40329873756074375,1
2025-04-03 09:30:00,2,0.2836581839540059,0.3337706927735162,0.38257112327247794,1
2025-04-03 09:35:00,2,0.31792499716497885,0.3267793352169482,0.355295667618073,2
2025-04-03 09:40:00,2,0.3098417143851876,0.31656020645885896,0.37359807915595344,2
2025-04-03 09:45:00,2,0.26824542298437803,0.3247908528250993,0.4069637241905228,1
2025-04-03 09:50:00,2,0.25317022057924315,0.3137167025902683,0.43311307683048855,1
2025-04-03 09:55:00,0,0.2452762600866469,0.34614603780705044,0.4085777021063026,1
2025-04-03 10:00:00,2,0.2595320870023693,0.3071352404444547,0.4333326725531759,2
2025-04-03 10:05:00,2,0.20263904925337634,0.28206320489618697,0.5152977458504366,1
2025-04-03 10:10:00,2,0.184638046056845,0.23928071169216578,0.5760812422509892,2
2025-04-03 10:15:00,2,0.23128457919678225,0.2603325316390584,0.5083828891641593,2
2025-04-03 10:20:00,2,0.2137200686370947,0.20871119437215804,0.5775687369907473,2
2025-04-03 10:25:00,2,0.18978418658088828,0.15259135741552832,0.6576244560035834,2
2025-04-03 10:30:00,2,0.23925415857723276,0.19380410091724481,0.5669417405055224,2
2025-04-03 10:35:00,2,0.3828002419677719,0.2725613625118106,0.3446383955204175,0
2025-04-03 10:40:00,2,0.4134014354825303,0.26956438802961896,0.3170341764878508,0
2025-04-03 10:45:00,2,0.3718860925283875,0.28687188912110034,0.3412420183505122,0
2025-04-03 10:50:00,2,0.39922017977439905,0.26319655386744534,0.33758326635815555,0
2025-04-03 10:55:00,2,0.417189072884384,0.23047978874258315,0.3523311383730328,0
2025-04-03 11:00:00,2,0.3866830484076408,0.27931843551937674,0.3339985160729825,0
2025-04-03 11:05:00,2,0.3807455107424744,0.2536308009673685,0.3656236882901571,0
2025-04-03 11:10:00,2,0.34942180128960076,0.24766099683134798,0.4029172018790513,0
2025-04-03 11:15:00,2,0.3792237449004291,0.258231994674466,0.3625442604251049,0
2025-04-03 11:20:00,2,0.36640557390745665,0.24184353613079246,0.39175088996175084,0
2025-04-03 11:25:00,2,0.3244910266203451,0.26100526887159126,0.4145037045080635,0
2025-04-03 11:30:00,2,0.3356538950498018,0.25966378361766806,0.4046823213325301,0
2025-04-03 11:35:00,2,0.3426489477512883,0.22819144253576593,0.4291596097129457,0
2025-04-03 11:40:00,2,0.33535872664328364,0.18796096041738175,0.4766803129393346,0
2025-04-03 11:45:00,2,0.1984910992348682,0.23617053744204003,0.5653383633230918,2
2025-04-03 11:50:00,2,0.32211975446088753,0.16287994220032498,0.5150003033387875,0
2025-04-03 11:55:00,2,0.3166467462086784,0.17710220690326597,0.5062510468880557,2
2025-04-03 12:00:00,2,0.3600899184637759,0.16769361432769267,0.4722164672085314,0
2025-04-03 12:05:00,2,0.3330656506909882,0.16562798629906297,0.5013063630099489,0
2025-04-03 12:10:00,2,0.30676466359568094,0.2041565346875265,0.4890788017167924,2
2025-04-03 12:15:00,2,0.323382551288343,0.17168058890821758,0.5049368598034394,0
2025-04-03 12:20:00,2,0.33181987676300523,0.18561982300609625,0.48256030023089846,0
2025-04-03 12:25:00,2,0.28775935583421575,0.21973752049541392,0.49250312367037036,2
2025-04-03 12:30:00,2,0.2796017051912171,0.2221484937981024,0.49824980101068056,2
2025-04-03 12:35:00,2,0.2624906124825001,0.20311750721739602,0.5343918803001039,2
2025-04-03 12:40:00,2,0.27808403174355195,0.23474522955479485,0.4871707387016533,2
2025-04-03 12:45:00,2,0.008846196670983032,0.06987466029223716,0.9212791430367798,2
2025-04-03 12:50:00,2,0.26208830618168955,0.24429599193514748,0.4936157018831631,2
2025-04-03 12:55:00,2,0.27546013496542715,0.1916934446367952,0.5328464203977776,2
2025-04-03 13:00:00,2,0.2851494864776175,0.25147577498966855,0.463374738532714,2
2025-04-03 13:05:00,2,0.29218164468745683,0.23361896218755498,0.4741993931249881,2
2025-04-03 13:10:00,2,0.2814397403273956,0.24488536090778337,0.47367489876482105,2
2025-04-03 13:15:00,2,0.26800540007240764,0.2419437903991327,0.4900508095284598,2
2025-04-03 13:20:00,2,0.17592022332302232,0.2674510425582261,0.5566287341187516,1
2025-04-03 13:25:00,2,0.25016015208104986,0.21331735250820452,0.5365224954107456,2
2025-04-03 13:30:00,2,0.26385953176405375,0.16721534514218,0.5689251230937663,2
2025-04-03 13:35:00,2,0.24119310768177818,0.15720465147395551,0.6016022408442663,2
2025-04-03 13:40:00,2,0.2721698505682498,0.16695180976945032,0.5608783396622998,2
2025-04-03 13:45:00,2,0.2565606315067663,0.14949678839388644,0.5939425800993473,2
2025-04-03 13:50:00,2,0.26959555492838927,0.1498953268909446,0.5805091181806662,2
2025-04-03 13:55:00,2,0.2895069687058926,0.16503956743723688,0.5454534638568705,2
2025-04-03 14:00:00,2,0.27937753757663775,0.15634284307806756,0.5642796193452947,2
2025-04-03 14:05:00,2,0.26426733313066697,0.15134569070857257,0.5843869761607604,2
2025-04-03 14:10:00,2,0.2467162205789668,0.19484819045867807,0.5584355889623551,2
2025-04-03 14:15:00,2,0.2691361146494564,0.15547531483437108,0.5753885705161725,2
2025-04-03 14:20:00,2,0.24702818551936528,0.15471844235188476,0.59825337212875,2
2025-04-03 14:25:00,2,0.29274336075059093,0.1721201136248367,0.5351365256245724,2
2025-04-03 14:30:00,2,0.2792574356381948,0.19624172265203113,0.5245008417097742,2
2025-04-03 14:35:00,2,0.22394982074330444,0.22401462961481375,0.5520355496418817,2
2025-04-03 14:40:00,2,0.27225710502193146,0.2002419960309269,0.5275008989471416,2
2025-04-03 14:45:00,2,0.2405783839918559,0.23303987423395656,0.5263817417741875,2
2025-04-03 14:50:00,2,0.2602352343685905,0.21858877195795984,0.5211759936734497,2
2025-04-03 14:55:00,2,0.2527025413308572,0.2140161176786148,0.533281340990528,2
2025-04-03 15:00:00,2,0.2499440084627476,0.22503492425856653,0.5250210672786858,2
2025-04-03 15:05:00,2,0.2451760313802411,0.17860728570858142,0.5762166829111774,2
2025-04-03 15:10:00,2,0.22975557480229067,0.2019036040359214,0.568340821161788,2
2025-04-03 15:15:00,2,0.18833074884497136,0.23617481587228534,0.5754944352827432,2
2025-04-03 15:20:00,2,0.23818129123817772,0.18187205549837845,0.5799466532634437,2
2025-04-03 15:25:00,2,0.21172425185850552,0.26480786810102647,0.523467880040468,1
2025-04-04 09:15:00,2,0.006422667382888513,0.03189777777667317,0.9616795548404382,2
2025-04-04 09:20:00,2,0.004725736260049889,0.02691464900696158,0.9683596147329886,2
2025-04-04 09:25:00,2,0.02324395001701654,0.509414909026175,0.4673411409568084,1
2025-04-04 09:30:00,1,0.4444058184434377,0.30884308349707285,0.24675109805948953,0
2025-04-04 09:35:00,1,0.41255097859454876,0.32090361650152416,0.2665454049039271,0
2025-04-04 09:40:00,1,0.02829336019688861,0.4856005924988599,0.4861060473042514,1
2025-04-04 09:45:00,1,0.025792048182320535,0.4798479937345016,0.49435995808317784,1
2025-04-04 09:50:00,2,0.01677387997103145,0.4811187170985244,0.5021074029304441,1
2025-04-04 09:55:00,1,0.01371075940995673,0.433077098098619,0.5532121424914243,1
2025-04-04 10:00:00,2,0.01347880120959355,0.4496656284026167,0.5368555703877897,1
2025-04-04 10:05:00,1,0.010185596712552489,0.42546612325625804,0.5643482800311894,1
2025-04-04 10:10:00,2,0.012871523792433578,0.30922579408744005,0.6779026821201264,2
2025-04-04 10:15:00,1,0.018620355653984805,0.37746959173855665,0.6039100526074586,1
2025-04-04 10:20:00,2,0.020383551641644772,0.34026816783138847,0.6393482805269668,1
2025-04-04 10:25:00,2,0.012931722011061691,0.3688850676399805,0.6181832103489578,1
2025-04-04 10:30:00,2,0.01710498193219609,0.35622872879664186,0.6266662892711621,1
2025-04-04 10:35:00,2,0.3392013117153628,0.350040082494957,0.3107586057896803,2
2025-04-04 10:40:00,0,0.2884723306139533,0.3967934436373196,0.31473422574872706,1
2025-04-04 10:45:00,0,0.2615356068551802,0.4623360851416801,0.27612830800313987,1
2025-04-04 10:50:00,0,0.2536907524710984,0.4428405803943908,0.30346866713451087,1
2025-04-04 10:55:00,2,0.23909906875867523,0.5198990458373525,0.24100188540397227,1
2025-04-04 11:00:00,2,0.26478915961694155,0.4958126603922622,0.23939817999079624,1
2025-04-04 11:05:00,1,0.24261649235824695,0.5402579640898019,0.21712554355195118,1
2025-04-04 11:10:00,2,0.3168752687929606,0.4757504560095312,0.20737427519750817,1
2025-04-04 11:15:00,2,0.2899069724889645,0.48888809220670154,0.22120493530433397,1
2025-04-04 11:20:00,2,0.3014396024221679,0.49799458876672054,0.20056580881111158,1
2025-04-04 11:25:00,1,0.29254070382974745,0.50928633814314,0.1981729580271126,1
2025-04-04 11:30:00,1,0.23163759765327596,0.5215232985357484,0.24683910381097565,1
2025-04-04 11:35:00,2,0.2329048882923577,0.5784096306858989,0.18868548102174337,1
2025-04-04 11:40:00,2,0.2817980987979918,0.508130139611629,0.21007176159037919,1
2025-04-04 11:45:00,2,0.22934220182898274,0.5476404145689037,0.22301738360211362,1
2025-04-04 11:50:00,2,0.19207192897150113,0.5789270791088378,0.2290009919196611,1
2025-04-04 11:55:00,2,0.19255222767900268,0.5633568261296333,0.24409094619136398,1
2025-04-04 12:00:00,0,0.16750017478465196,0.5725479769566617,0.25995184825868634,1
2025-04-04 12:05:00,0,0.122672621780321,0.6071152223932105,0.27021215582646857,1
2025-04-04 12:10:00,2,0.15510295614910302,0.5833470508727207,0.26154999297817627,1
2025-04-04 12:15:00,2,0.1608060462072157,0.5320599358846331,0.3071340179081511,1
2025-04-04 12:20:00,1,0.1256227836671103,0.5856607404285082,0.28871647590438154,1
2025-04-04 12:25:00,2,0.13856628466431925,0.5911884599771735,0.2702452553585072,1
2025-04-04 12:30:00,2,0.1363673128916974,0.6070223975759389,0.2566102895323638,1
2025-04-04 12:35:00,2,0.13350571677300804,0.6141923901840677,0.25230189304292433,1
2025-04-04 12:40:00,2,0.10587915080467102,0.6041546053033592,0.28996624389196984,1
2025-04-04 12:45:00,2,0.11494221939681613,0.6037793951900465,0.28127838541313743,1
2025-04-04 12:50:00,0,0.11012083556238499,0.5950119934260167,0.2948671710115983,1
2025-04-04 12:55:00,1,0.09880921705863528,0.6066829919958219,0.29450779094554275,1
2025-04-04 13:00:00,2,0.1426907011513518,0.5623044718872099,0.29500482696143815,1
2025-04-04 13:05:00,2,0.11577476167370777,0.5583107590503269,0.32591447927596534,1
2025-04-04 13:10:00,2,0.1701792493301062,0.5482701548711285,0.2815505957987653,1
2025-04-04 13:15:00,2,0.1014767444127835,0.5395467590456594,0.3589764965415571,1
2025-04-04 13:20:00,2,0.10400748797357101,0.5640622031857588,0.3319303088406703,1
2025-04-04 13:25:00,1,0.11057631015414542,0.5602192887591593,0.32920440108669535,1
2025-04-04 13:30:00,1,0.11091862866402526,0.5685905587264249,0.32049081260954976,1
2025-04-04 13:35:00,1,0.0821060302313845,0.5550813327159848,0.3628126370526306,1
2025-04-04 13:40:00,2,0.005591322627746811,0.6076605829363865,0.3867480944358668,1
2025-04-04 13:45:00,2,0.004647721473883763,0.6169778432722078,0.37837443525390835,1
2025-04-04 13:50:00,2,0.005719964824400287,0.5999343065353637,0.3943457286402358,1
2025-04-04 13:55:00,2,0.003761027779996444,0.6218637788106326,0.37437519340937087,1
2025-04-04 14:00:00,2,0.004053722409622695,0.6115385986331662,0.3844076789572111,1
2025-04-04 14:05:00,2,0.08570680394618772,0.5442006652257303,0.3700925308280819,1
2025-04-04 14:10:00,2,0.08230126833515163,0.5675717996599454,0.350126932004903,1
2025-04-04 14:15:00,2,0.07583443752503415,0.5124664176457385,0.4116991448292274,1
2025-04-04 14:20:00,2,0.10362036633669056,0.5562538730880263,0.34012576057528304,1
2025-04-04 14:25:00,2,0.09027085582226684,0.5613427481211206,0.3483863960566126,1
2025-04-04 14:30:00,2,0.10795278350277658,0.514544804653325,0.37750241184389843,1
2025-04-04 14:35:00,2,0.09900519347181273,0.470266027215268,0.43072877931291925,1
2025-04-04 14:40:00,2,0.007785034441789082,0.5660574912066384,0.4261574743515727,1
2025-04-04 14:45:00,2,0.006379859727603806,0.5136824091400797,0.4799377311323165,1
2025-04-04 14:50:00,2,0.005026122323160505,0.5119978050802564,0.4829760725965831,1
2025-04-04 14:55:00,2,0.004841720597871871,0.5372487986967645,0.4579094807053637,1
2025-04-04 15:00:00,2,0.08234618170154137,0.579356391131781,0.33829742716667777,1
2025-04-04 15:05:00,2,0.08848924483321402,0.5712211548101924,0.34028960035659356,1
2025-04-04 15:10:00,2,0.11468135125569894,0.4572108214223219,0.42810782732197933,1
2025-04-04 15:15:00,2,0.054986590592548686,0.46212179399131387,0.4828916154161375,1
2025-04-04 15:20:00,2,0.0487544366613585,0.49375796187679255,0.45748760146184897,1
2025-04-04 15:25:00,2,0.09637686675049686,0.5136080196814435,0.3900151135680596,1
2025-04-07 09:15:00,2,0.024364402421157175,0.5655784518945954,0.4100571456842474,1
2025-04-07 09:20:00,2,0.019053147925056087,0.5365019128183827,0.44444493925656126,1
2025-04-07 09:25:00,2,0.023830328493564805,0.5816395787546191,0.3945300927518161,1
2025-04-07 09:30:00,1,0.057845173046259774,0.557406774709279,0.38474805224446124,1
2025-04-07 09:35:00,2,0.05549005146202345,0.5370178486953671,0.40749209984260953,1
2025-04-07 09:40:00,1,0.045922476094006126,0.5844264725600461,0.36965105134594783,1
2025-04-07 09:45:00,1,0.05020782692698395,0.6211199872262165,0.3286721858467994,1
2025-04-07 09:50:00,1,0.03955350125490934,0.6296666655117724,0.3307798332333183,1
2025-04-07 09:55:00,1,0.03330250319826939,0.6183739941898966,0.34832350261183403,1
2025-04-07 10:00:00,1,0.028412216056467997,0.6829102477465674,0.2886775361969646,1
2025-04-07 10:05:00,1,0.024058255087190502,0.7302375819527199,0.24570416296008957,1
2025-04-07 10:10:00,2,0.025378631454897466,0.6815323402855542,0.29308902825954825,1
2025-04-07 10:15:00,2,0.03390661452363219,0.7295625797987845,0.23653080567758336,1
2025-04-07 10:20:00,2,0.0443010997761976,0.7096693209141595,0.24602957930964292,1
2025-04-07 10:25:00,2,0.5582611315556041,0.3015328979717908,0.14020597047260508,0
2025-04-07 10:30:00,0,0.6717056610173429,0.23069027568358477,0.09760406329907238,0
2025-04-07 10:35:00,0,0.6726784499945785,0.23822352765720287,0.0890980223482187,0
2025-04-07 10:40:00,1,0.6656189346891594,0.2388418081877424,0.09553925712309817,0
2025-04-07 10:45:00,1,0.5770717189472435,0.3147311108599952,0.10819717019276129,0
2025-04-07 10:50:00,1,0.6691235977734772,0.24454093024046628,0.08633547198605666,0
2025-04-07 10:55:00,2,0.646842855574323,0.24850264002424907,0.1046545044014279,0
2025-04-07 11:00:00,2,0.6566887554263177,0.23965119142045369,0.10366005315322879,0
2025-04-07 11:05:00,1,0.6404337297227817,0.24630219299400205,0.11326407728321626,0
2025-04-07 11:10:00,0,0.6363609090906301,0.2541495590672936,0.10948953184207622,0
2025-04-07 11:15:00,0,0.6008636078794399,0.2905360201492112,0.10860037197134903,0
2025-04-07 11:20:00,0,0.58724880998141,0.3110471638694141,0.10170402614917584,0
2025-04-07 11:25:00,2,0.6812181852503026,0.2062969309066488,0.11248488384304865,0
2025-04-07 11:30:00,1,0.6390464504097105,0.24363843583106698,0.11731511375922263,0
2025-04-07 11:35:00,1,0.7027926830850976,0.19432869798531505,0.10287861892958737,0
2025-04-07 11:40:00,1,0.6317091266907621,0.2627616134001457,0.10552925990909223,0
2025-04-07 11:45:00,1,0.5943184877091086,0.2773338771559648,0.12834763513492675,0
2025-04-07 11:50:00,1,0.5550884104586327,0.3068877758119842,0.1380238137293831,0
2025-04-07 11:55:00,1,0.5178168138975694,0.3604235677759699,0.12175961832646058,0
2025-04-07 12:00:00,1,0.4670135483902661,0.3582679279959464,0.1747185236137875,0
2025-04-07 12:05:00,1,0.04266441268341779,0.5871683569085382,0.370167230408044,1
2025-04-07 12:10:00,1,0.043986029981590735,0.5695311183154805,0.38648285170292873,1
2025-04-07 12:15:00,1,0.04224148203019996,0.565881090558273,0.3918774274115271,1
2025-04-07 12:20:00,2,0.04960722966759259,0.5338460037079209,0.4165467666244866,1
2025-04-07 12:25:00,2,0.050060081965440435,0.5588866143820096,0.39105330365255003,1
2025-04-07 12:30:00,2,0.04325435290443996,0.5910817398811534,0.3656639072144066,1
2025-04-07 12:35:00,0,0.7276050207456061,0.19436069698813413,0.0780342822662599,0
2025-04-07 12:40:00,1,0.6713601129830579,0.2308670103923772,0.09777287662456498,0
2025-04-07 12:45:00,1,0.6175890647646933,0.2671883366128137,0.11522259862249298,0
2025-04-07 12:50:00,2,0.7418325537834302,0.17539315918612194,0.08277428703044794,0
2025-04-07 12:55:00,2,0.754342431069321,0.15613455595576486,0.08952301297491422,0
2025-04-07 13:00:00,1,0.7328901238613065,0.18417702141457487,0.08293285472411857,0
2025-04-07 13:05:00,2,0.7317838191412578,0.19011694402407886,0.0780992368346633,0
2025-04-07 13:10:00,0,0.6622729789779013,0.24338961301580542,0.09433740800629335,0
2025-04-07 13:15:00,0,0.6633200934885853,0.2368895032329751,0.09979040327843944,0
2025-04-07 13:20:00,0,0.6944792163531173,0.22073804430225394,0.08478273934462871,0
2025-04-07 13:25:00,0,0.5837507341260275,0.30033367897289237,0.11591558690108006,0
2025-04-07 13:30:00,0,0.569592969614466,0.3163911261269584,0.11401590425857558,0
2025-04-07 13:35:00,0,0.46521776153391053,0.29686845411933704,0.23791378434675242,0
2025-04-07 13:40:00,2,0.4039991808261432,0.2831504586841131,0.31285036048974363,0
2025-04-07 13:45:00,0,0.5378055034911531,0.2522466457492126,0.20994785075963443,0
2025-04-07 13:50:00,0,0.5910540766098973,0.021337774983630427,0.38760814840647223,0
2025-04-07 13:55:00,2,0.398663034231069,0.3226969051123428,0.27864006065658825,0
2025-04-07 14:00:00,2,0.5587766626762632,0.026595588278107363,0.4146277490456294,0
2025-04-07 14:05:00,2,0.499932384964625,0.01863793479832989,0.4814296802370451,0
2025-04-07 14:10:00,2,0.2801023697719942,0.44669586651702503,0.27320176371098076,1
2025-04-07 14:15:00,0,0.27209090719487067,0.433367300193941,0.29454179261118824,1
2025-04-07 14:20:00,2,0.2863094911451372,0.3710245312254742,0.34266597762938855,1
2025-04-07 14:25:00,2,0.3108547056583229,0.3519686235124351,0.33717667082924196,2
2025-04-07 14:30:00,2,0.07565130975530449,0.015237492015157336,0.9091111982295382,2
2025-04-07 14:35:00,2,0.3043550358893054,0.41346732206164666,0.2821776420490478,1
2025-04-07 14:40:00,0,0.30548323121292725,0.38570234727713404,0.3088144215099386,1
2025-04-07 14:45:00,0,0.3038183175228989,0.4182765288845782,0.2779051535925228,1
2025-04-07 14:50:00,0,0.3060911476173502,0.41489313883796625,0.2790157135446837,1
2025-04-07 14:55:00,0,0.31851171175465853,0.41798040019268023,0.26350788805266123,1
2025-04-07 15:00:00,2,0.05152337228073247,0.006823065113386309,0.9416535626058813,2
2025-04-07 15:05:00,2,0.03848483420099201,0.004808404297292672,0.9567067615017153,2
2025-04-07 15:10:00,2,0.041771736111863605,0.004252457613162662,0.9539758062749738,2
2025-04-07 15:15:00,2,0.06540043151112146,0.005486737270272656,0.9291128312186059,2
2025-04-07 15:20:00,2,0.03659783055443731,0.0030507293734795254,0.9603514400720833,2
2025-04-07 15:25:00,2,0.0456109176784299,0.0033173088206970756,0.9510717735008731,2
2025-04-08 09:15:00,2,0.08374151565362292,0.00797918013074143,0.9082793042156356,2
2025-04-08 09:20:00,2,0.07916172552196024,0.00702643533641749,0.9138118391416223,2
2025-04-08 09:25:00,2,0.12057079946762246,0.00740046354893291,0.8720287369834446,2
2025-04-08 09:30:00,2,0.13101598257664254,0.00964510807753204,0.8593389093458256,2
2025-04-08 09:35:00,2,0.1970652410905724,0.01935777231308475,0.7835769865963429,2
2025-04-08 09:40:00,2,0.6835044685251122,0.024880050335625722,0.29161548113926217,0
2025-04-08 09:45:00,2,0.7155926635160247,0.022943218398408478,0.2614641180855668,0
2025-04-08 09:50:00,1,0.5557671568893819,0.26178374551268196,0.18244909759793598,0
2025-04-08 09:55:00,2,0.5507369822654282,0.26585194065261514,0.18341107708195656,0
2025-04-08 10:00:00,2,0.5738951188065979,0.24923902606156775,0.1768658551318343,0
2025-04-08 10:05:00,2,0.493192423618981,0.2375413477958508,0.26926622858516813,0
2025-04-08 10:10:00,0,0.5085766538700336,0.22639777225984303,0.26502557387012327,0
2025-04-08 10:15:00,2,0.4134725101676073,0.28826000694327275,0.2982674828891199,0
2025-04-08 10:20:00,1,0.32518708151800196,0.36253895529168495,0.3122739631903132,2
2025-04-08 10:25:00,1,0.3632808748022597,0.357539965229551,0.27917915996818926,2
2025-04-08 10:30:00,1,0.4198117389716563,0.2729140013331656,0.3072742596951781,0
2025-04-08 10:35:00,0,0.5258128447529908,0.35542560289003944,0.11876155235696971,0
2025-04-08 10:40:00,0,0.4507449673323951,0.4100755978462201,0.1391794348213847,2
2025-04-08 10:45:00,0,0.4621933394196085,0.4015210114575445,0.13628564912284707,0
2025-04-08 10:50:00,0,0.5401455681874402,0.35497713553288096,0.10487729627967889,0
2025-04-08 10:55:00,0,0.4732190406534234,0.40744390166381905,0.11933705768275762,0
2025-04-08 11:00:00,2,0.5298407980869807,0.36066696629968226,0.10949223561333699,0
2025-04-08 11:05:00,2,0.5235991415238406,0.04431829829296856,0.43208256018319086,0
2025-04-08 11:10:00,1,0.4214122757723038,0.44366542156415567,0.13492230266354052,2
2025-04-08 11:15:00,1,0.4099375136183097,0.46818214545963777,0.12188034092205254,1
2025-04-08 11:20:00,2,0.3702326751883208,0.49480154510676405,0.13496577970491508,1
2025-04-08 11:25:00,2,0.4120386905378121,0.47149048382629444,0.11647082563589353,1
2025-04-08 11:30:00,0,0.4437000650400567,0.4296545400378339,0.12664539492210947,2
2025-04-08 11:35:00,0,0.40539755429587915,0.4836219360905406,0.1109805096135802,1
2025-04-08 11:40:00,0,0.3696120743567962,0.491607414421618,0.13878051122158566,1
2025-04-08 11:45:00,0,0.40491110499307637,0.4521064134661771,0.14298248154074653,2
2025-04-08 11:50:00,0,0.39654542186130887,0.45662191171155464,0.1468326664271365,1
2025-04-08 11:55:00,0,0.3412023645200375,0.5135546218235513,0.1452430136564113,1
2025-04-08 12:00:00,0,0.3364927468884855,0.49944538149562295,0.16406187161589153,1
2025-04-08 12:05:00,0,0.3724667641750378,0.36854729714491785,0.2589859386800443,2
2025-04-08 12:10:00,2,0.05614763734120534,0.0073188610619063215,0.9365335015968883,2
2025-04-08 12:15:00,0,0.44730643135808995,0.37111018439358734,0.18158338424832254,0
2025-04-08 12:20:00,2,0.10713625979155406,0.012868402960531699,0.8799953372479142,2
2025-04-08 12:25:00,2,0.07170090035793426,0.007824426778119824,0.9204746728639458,2
2025-04-08 12:30:00,2,0.06277464277544996,0.005679586738203306,0.9315457704863467,2
2025-04-08 12:35:00,2,0.10450610113050993,0.0075408588023747145,0.8879530400671154,2
2025-04-08 12:40:00,2,0.10638346154627723,0.005868932617049525,0.8877476058366732,2
2025-04-08 12:45:00,2,0.17583077998808833,0.011345750098805731,0.812823469913106,2
2025-04-08 12:50:00,2,0.11344429054556236,0.005526981564174532,0.8810287278902631,2
2025-04-08 12:55:00,2,0.5577655141838321,0.008532919884462782,0.43370156593170506,0
2025-04-08 13:00:00,2,0.4920084192873286,0.32392345443216347,0.184068126280508,0
2025-04-08 13:05:00,0,0.5036022767925691,0.33007654853439855,0.16632117467303234,0
2025-04-08 13:10:00,2,0.5063769831528938,0.24501420443861788,0.24860881240848837,0
2025-04-08 13:15:00,2,0.4846474987503965,0.2737834904428151,0.24156901080678844,0
2025-04-08 13:20:00,1,0.4947960367603055,0.24740769443223465,0.25779626880746,0
2025-04-08 13:25:00,2,0.5136310202686609,0.012315831474122756,0.4740531482572164,0
2025-04-08 13:30:00,1,0.4351190139196457,0.33677808674793314,0.2281028993324212,0
2025-04-08 13:35:00,1,0.36606674239414105,0.4685499348683871,0.16538332273747183,1
2025-04-08 13:40:00,1,0.34547018159235404,0.454823192752227,0.19970662565541908,1
2025-04-08 13:45:00,2,0.44695136326153045,0.4104419717119836,0.14260666502648586,2
2025-04-08 13:50:00,2,0.03281179867823821,0.5808546739718101,0.3863335273499517,1
2025-04-08 13:55:00,0,0.37410554882420344,0.42085066181208913,0.20504378936370746,2
2025-04-08 14:00:00,0,0.41985543678107096,0.40668478611082687,0.17345977710810218,2
2025-04-08 14:05:00,0,0.33844285912421657,0.44597430731196747,0.21558283356381586,1
2025-04-08 14:10:00,0,0.3048816167614931,0.44532315794230515,0.24979522529620185,1
2025-04-08 14:15:00,1,0.3119155764438466,0.43122894499700537,0.2568554785591481,1
2025-04-08 14:20:00,1,0.30652914224797984,0.4262607305321167,0.26721012721990345,1
2025-04-08 14:25:00,1,0.3236640988070348,0.3679109738954513,0.308424927297514,2
2025-04-08 14:30:00,1,0.4515403266456734,0.3609335679876213,0.1875261053667052,0
2025-04-08 14:35:00,2,0.4949913387901773,0.3238780454512393,0.18113061575858322,0
2025-04-08 14:40:00,2,0.4068246097252101,0.3504427059727634,0.2427326843020265,0
2025-04-08 14:45:00,2,0.4277790462284939,0.36507489985596747,0.20714605391553853,0
2025-04-08 14:50:00,1,0.344973940704902,0.397677547875935,0.25734851141916293,1
2025-04-08 14:55:00,1,0.3535742727727859,0.35710217629975277,0.2893235509274613,2
2025-04-08 15:00:00,2,0.45791975972630095,0.3023796678856178,0.23970057238808135,0
2025-04-08 15:05:00,2,0.40508596836732796,0.3390794084142886,0.25583462321838346,0
2025-04-08 15:10:00,2,0.4232633523532036,0.26337128144633953,0.3133653662004568,0
2025-04-08 15:15:00,2,0.34132265765851044,0.26248373364541866,0.3961936086960709,0
2025-04-08 15:20:00,2,0.3101681823027522,0.3288242485377014,0.3610075691595464,2
2025-04-08 15:25:00,2,0.3165592898335587,0.3290324372982905,0.35440827286815085,2
2025-04-09 09:15:00,2,0.376537016773334,0.08904648614088893,0.5344164970857771,0
2025-04-09 09:20:00,2,0.31875254053889,0.1419667245941002,0.5392807348670098,2
2025-04-09 09:25:00,0,0.414144582786882,0.07346113651836407,0.5123942806947539,0
2025-04-09 09:30:00,2,0.4895020537677425,0.2930310752043119,0.2174668710279456,0
2025-04-09 09:35:00,2,0.45920424245958313,0.11249047090825563,0.4283052866321613,0
2025-04-09 09:40:00,1,0.3933022251663995,0.3430965272329182,0.2636012476006823,0
2025-04-09 09:45:00,2,0.5407837315556008,0.2899675542096759,0.16924871423472335,0
2025-04-09 09:50:00,2,0.5034170689052573,0.3159963717173603,0.18058655937738252,0
2025-04-09 09:55:00,2,0.5169937750182152,0.3099204090847587,0.17308581589702607,0
2025-04-09 10:00:00,2,0.45421193296127715,0.34350514668697896,0.20228292035174394,0
2025-04-09 10:05:00,2,0.4640510288218792,0.3140270641321757,0.2219219070459452,0
2025-04-09 10:10:00,2,0.5000731168818081,0.30157889537691135,0.19834798774128057,0
2025-04-09 10:15:00,2,0.5410679085264865,0.2659756282410669,0.1929564632324466,0
2025-04-09 10:20:00,2,0.40810900145581913,0.2838655392411658,0.3080254593030151,0
2025-04-09 10:25:00,2,0.46621562383651477,0.293760514291344,0.24002386187214125,0
2025-04-09 10:30:00,2,0.446258693960878,0.2798323165182903,0.2739089895208317,0
2025-04-09 10:35:00,2,0.578936029395362,0.273799739326287,0.14726423127835092,0
2025-04-09 10:40:00,2,0.4755517346822121,0.35857276632589735,0.16587549899189052,0
2025-04-09 10:45:00,1,0.5522412690180741,0.2885668263756687,0.1591919046062572,0
2025-04-09 10:50:00,1,0.5290919661059651,0.2622928507148554,0.20861518317917957,0
2025-04-09 10:55:00,2,0.5153718875175987,0.29780552480701333,0.18682258767538795,0
2025-04-09 11:00:00,0,0.43906014602022597,0.3640490966019008,0.19689075737787312,0
2025-04-09 11:05:00,0,0.4334111765595469,0.35891925531830854,0.20766956812214463,0
2025-04-09 11:10:00,0,0.415377375893726,0.37981887546984927,0.20480374863642467,2
2025-04-09 11:15:00,0,0.4032612085710242,0.3648320018383837,0.23190678959059216,2
2025-04-09 11:20:00,0,0.3804638743909621,0.3612205412534046,0.2583155843556333,2
2025-04-09 11:25:00,0,0.31017763412042965,0.398019118596338,0.2918032472832324,1
2025-04-09 11:30:00,2,0.2605693661361647,0.4290976050625797,0.31033302880125546,1
2025-04-09 11:35:00,2,0.26555572449378545,0.41888465374156203,0.3155596217646524,1
2025-04-09 11:40:00,2,0.2014065973710655,0.38269952032135085,0.4158938823075837,1
2025-04-09 11:45:00,2,0.32268037753949375,0.3652670242629631,0.3120525981975432,2
2025-04-09 11:50:00,2,0.317360474686309,0.3753729140408192,0.3072666112728718,1
2025-04-09 11:55:00,2,0.3012485033161076,0.3864733857398076,0.31227811094408475,1
2025-04-09 12:00:00,2,0.34912743874250396,0.35264675232362874,0.2982258089338673,2
2025-04-09 12:05:00,2,0.3088650002590746,0.38789620973114414,0.30323879000978127,1
2025-04-09 12:10:00,2,0.2840330648469875,0.408461865830274,0.3075050693227384,1
2025-04-09 12:15:00,2,0.2720320347735605,0.40726493193691377,0.3207030332895257,1
2025-04-09 12:20:00,2,0.285604666495953,0.38811444088326247,0.3262808926207846,1
2025-04-09 12:25:00,2,0.2644489149009088,0.39302624826379656,0.3425248368352946,1
2025-04-09 12:30:00,2,0.2570375452933653,0.3903589182624747,0.3526035364441601,1
2025-04-09 12:35:00,2,0.2514137573035813,0.4296513267212274,0.31893491597519136,1
2025-04-09 12:40:00,2,0.2520574832421111,0.41374021502774183,0.33420230173014714,1
2025-04-09 12:45:00,2,0.21968205311993672,0.43860175824028697,0.34171618863977626,1
2025-04-09 12:50:00,2,0.2724205383358903,0.40057332874894136,0.3270061329151684,1
2025-04-09 12:55:00,2,0.270696927893173,0.41282701662039,0.31647605548643704,1
2025-04-09 13:00:00,2,0.2683955953073491,0.4344465629314122,0.29715784176123866,1
2025-04-09 13:05:00,2,0.25457720922593285,0.44921000041937026,0.2962127903546969,1
2025-04-09 13:10:00,2,0.24244092397819858,0.4419309680078407,0.3156281080139607,1
2025-04-09 13:15:00,2,0.23474232639292514,0.4728427428004383,0.29241493080663655,1
2025-04-09 13:20:00,2,0.3032458570095902,0.41119879311416896,0.2855553498762408,1
2025-04-09 13:25:00,2,0.2551775747938551,0.4428085838844966,0.3020138413216483,1
2025-04-09 13:30:00,2,0.3027167474682212,0.37773986717961233,0.3195433853521664,1
2025-04-09 13:35:00,2,0.2529042756604587,0.30509893327021936,0.44199679106932194,1
2025-04-09 13:40:00,2,0.21591811249356585,0.34229519544202,0.4417866920644141,1
2025-04-09 13:45:00,2,0.1601692505847704,0.39778531218533225,0.44204543722989736,1
2025-04-09 13:50:00,2,0.23948871822817028,0.34047846455254255,0.42003281721928726,1
2025-04-09 13:55:00,2,0.2262487392885767,0.31996099777423526,0.453790262937188,1
2025-04-09 14:00:00,2,0.19496445436799906,0.31753713365446445,0.4874984119775365,1
2025-04-09 14:05:00,2,0.15817811776689017,0.33562011609680403,0.5062017661363059,1
2025-04-09 14:10:00,2,0.14287556308943067,0.32865762580665786,0.5284668111039115,1
2025-04-09 14:15:00,2,0.1599840887049774,0.3008565585934072,0.5391593527016154,1
2025-04-09 14:20:00,2,0.157430013295897,0.2970200693806282,0.5455499173234748,1
2025-04-09 14:25:00,2,0.11372695340222522,0.31984171739792205,0.5664313291998528,1
2025-04-09 14:30:00,2,0.11710870311561251,0.29974576492831534,0.583145531956072,1
2025-04-09 14:35:00,2,0.10413544652574254,0.3151898080561999,0.5806747454180575,1
2025-04-09 14:40:00,2,0.10613919690645293,0.3284614467774912,0.5653993563160559,1
2025-04-09 14:45:00,2,0.18645565612051013,0.29122351490754844,0.5223208289719414,1
2025-04-09 14:50:00,2,0.23702841545165776,0.2773522410523574,0.4856193434959847,2
2025-04-09 14:55:00,2,0.20965058233986494,0.29348067524255544,0.4968687424175796,1
2025-04-09 15:00:00,2,0.006446595761605682,0.06585243443157074,0.9277009698068236,2
2025-04-09 15:05:00,2,0.1371399726589863,0.3227735300467297,0.5400864972942839,1
2025-04-09 15:10:00,2,0.13753140525611715,0.30407037880198307,0.5583982159418999,1
2025-04-09 15:15:00,2,0.1774239093942682,0.3315325709739487,0.4910435196317832,1
2025-04-09 15:20:00,2,0.15679049812535814,0.2755730670138556,0.5676364348607863,1
2025-04-09 15:25:00,2,0.0365552072972056,0.29329864341780765,0.6701461492849868,2
2025-04-11 09:15:00,2,0.04301591040441819,0.14753272675609955,0.8094513628394823,2
2025-04-11 09:20:00,2,0.035548909135298866,0.14344899290784602,0.8210020979568551,2
2025-04-11 09:25:00,2,0.04036578482130512,0.006425380224168695,0.9532088349545262,2
2025-04-11 09:30:00,2,0.03133024667958841,0.004021838244304705,0.9646479150761069,2
2025-04-11 09:35:00,2,0.027318767223288087,0.0026163214994078957,0.9700649112773041,2
2025-04-11 09:40:00,2,0.4193009253203201,0.008187819586848914,0.5725112550928311,0
2025-04-11 09:45:00,2,0.466313842886409,0.008322475330252063,0.525363681783339,0
2025-04-11 09:50:00,2,0.45645884645052115,0.007796953409787112,0.5357442001396917,0
2025-04-11 09:55:00,2,0.6036546169849063,0.012777122494053824,0.38356826052104,0
2025-04-11 10:00:00,2,0.6062121282582587,0.014880708827703358,0.378907162914038,0
2025-04-11 10:05:00,2,0.39870450930407336,0.2519008710885011,0.3493946196074257,0
2025-04-11 10:10:00,2,0.5503344813905948,0.01306952040244287,0.4365959982069622,0
2025-04-11 10:15:00,2,0.40799347786229223,0.23730757323935806,0.3546989488983497,0
2025-04-11 10:20:00,1,0.38655219273898206,0.28687169029678367,0.32657611696423433,0
2025-04-11 10:25:00,2,0.30940864065764007,0.2689166908532712,0.42167466848908863,2
2025-04-11 10:30:00,2,0.35290706255755866,0.2982686017529942,0.34882433568944715,0
2025-04-11 10:35:00,0,0.5028559319956407,0.3503771247740369,0.1467669432303223,0
2025-04-11 10:40:00,0,0.44774070686489,0.3952616012631463,0.1569976918719638,0
2025-04-11 10:45:00,0,0.39564076316563157,0.40891304521475696,0.1954461916196115,2
2025-04-11 10:50:00,0,0.3889284670729994,0.39446804953993353,0.21660348338706714,2
2025-04-11 10:55:00,0,0.46938256236438036,0.3002193718888233,0.23039806574679644,0
2025-04-11 11:00:00,2,0.4317417539670913,0.3125505866973404,0.25570765933556816,0
2025-04-11 11:05:00,0,0.4595551284349261,0.29253054070687284,0.24791433085820117,0
2025-04-11 11:10:00,0,0.5189318410657511,0.21904165737607664,0.2620265015581722,0
2025-04-11 11:15:00,0,0.4400310165744592,0.3497716707499536,0.21019731267558725,0
2025-04-11 11:20:00,0,0.5669004599302673,0.15124917316021205,0.2818503669095207,0
2025-04-11 11:25:00,2,0.5452487362603798,0.14011783907936867,0.3146334246602514,0
2025-04-11 11:30:00,2,0.6235881129620532,0.008368203956084985,0.3680436830818618,0
2025-04-11 11:35:00,2,0.633786461965017,0.008311609706488098,0.3579019283284949,0
2025-04-11 11:40:00,2,0.5550764238208085,0.2008155769186324,0.24410799926055912,0
2025-04-11 11:45:00,2,0.5482214629510662,0.19822851067370886,0.253550026375225,0
2025-04-11 11:50:00,2,0.5209250352148337,0.2427108167160826,0.23636414806908376,0
2025-04-11 11:55:00,0,0.5024843860006434,0.2590200317050848,0.23849558229427173,0
2025-04-11 12:00:00,0,0.4581111637375417,0.27923345786069975,0.26265537840175857,0
2025-04-11 12:05:00,0,0.48456172819388027,0.2661693549273851,0.24926891687873465,0
2025-04-11 12:10:00,2,0.6103158159924527,0.008377575016509757,0.38130660899103763,0
2025-04-11 12:15:00,2,0.575526524354521,0.010294202498688922,0.41417927314679004,0
2025-04-11 12:20:00,1,0.49203888328580253,0.24931131603572726,0.2586498006784704,0
2025-04-11 12:25:00,2,0.4850584708316128,0.23133419796707,0.2836073312013172,0
2025-04-11 12:30:00,2,0.45628096097977916,0.27408344495004977,0.2696355940701712,0
2025-04-11 12:35:00,0,0.46436072593364225,0.2730126253313376,0.26262664873502006,0
2025-04-11 12:40:00,2,0.47011719619073106,0.2659596754600997,0.26392312834916926,0
2025-04-11 12:45:00,2,0.4679031496979429,0.2647829032752253,0.26731394702683176,0
2025-04-11 12:50:00,2,0.4539277954507626,0.26189074885392494,0.2841814556953125,0
2025-04-11 12:55:00,2,0.46112704674800503,0.26154378212175167,0.27732917113024336,0
2025-04-11 13:00:00,2,0.48884022240747305,0.22843559638064498,0.2827241812118819,0
2025-04-11 13:05:00,2,0.4731704530442346,0.23666952387521017,0.2901600230805553,0
2025-04-11 13:10:00,1,0.5114550501569637,0.21671302448398255,0.2718319253590538,0
2025-04-11 13:15:00,1,0.4749928989248615,0.26020890495554977,0.2647981961195887,0
2025-04-11 13:20:00,2,0.4739197902126716,0.23116010655645114,0.2949201032308771,0
2025-04-11 13:25:00,2,0.5337924721216382,0.22549326201332487,0.24071426586503697,0
2025-04-11 13:30:00,2,0.05209561558804477,0.4228165149347718,0.5250878694771834,1
2025-04-11 13:35:00,1,0.447151231235556,0.2190780745365745,0.3337706942278695,0
2025-04-11 13:40:00,1,0.41010234861560546,0.21685812588498116,0.3730395254994134,0
2025-04-11 13:45:00,1,0.4484325676511524,0.2466623020471,0.30490513030174765,0
2025-04-11 13:50:00,1,0.047918314865109356,0.37777290184676565,0.574308783288125,1
2025-04-11 13:55:00,1,0.41289346990095116,0.24281920979057506,0.34428732030847375,0
2025-04-11 14:00:00,2,0.04217780632973508,0.4051999659193506,0.5526222277509143,1
2025-04-11 14:05:00,2,0.4440560920744164,0.28934337120262515,0.26660053672295864,0
2025-04-11 14:10:00,2,0.032606138993260404,0.40837464749160435,0.5590192135151354,1
2025-04-11 14:15:00,2,0.033908995058539164,0.4331280390150065,0.5329629659264544,1
2025-04-11 14:20:00,2,0.03232460039662808,0.3570624725031129,0.6106129271002589,1
2025-04-11 14:25:00,2,0.011642768470454524,0.11670334213958747,0.871653889389958,2
2025-04-11 14:30:00,0,0.354807829222307,0.33742361262652276,0.30776855815117027,2
2025-04-11 14:35:00,0,0.29601064827413165,0.3252654679427395,0.37872388378312893,2
2025-04-11 14:40:00,2,0.3436769685887835,0.2751634994346069,0.3811595319766096,0
2025-04-11 14:45:00,2,0.3103852321753639,0.30126030632926104,0.388354461495375,2
2025-04-11 14:50:00,2,0.2943610602958485,0.25086423526936513,0.45477470443478635,2
2025-04-11 14:55:00,2,0.3570743632991628,0.2709020303366982,0.372023606364139,0
2025-04-11 15:00:00,2,0.29372295199186144,0.21512025489861683,0.49115679310952187,2
2025-04-11 15:05:00,2,0.35424044567279656,0.22446764826947654,0.421291906057727,0
2025-04-11 15:10:00,2,0.34658667978312335,0.21966562671071577,0.4337476935061609,0
2025-04-11 15:15:00,2,0.43521531552810333,0.20078244402996845,0.36400224044192836,0
2025-04-11 15:20:00,2,0.3825634691113199,0.20878129631649694,0.4086552345721832,0
2025-04-11 15:25:00,2,0.37084932704933804,0.22518352119362597,0.40396715175703596,0
2025-04-15 09:15:00,2,0.04921620547625758,0.007066187073746546,0.9437176074499958,2
2025-04-15 09:20:00,2,0.041598082346510704,0.007281425332951212,0.9511204923205382,2
2025-04-15 09:25:00,2,0.060088618699527654,0.007801933411319514,0.9321094478891528,2
2025-04-15 09:30:00,2,0.07065686733452212,0.004915618087544196,0.9244275145779337,2
2025-04-15 09:35:00,2,0.0638785428076931,0.006617147058999407,0.9295043101333075,2
2025-04-15 09:40:00,2,0.4465060346021415,0.01658102040294539,0.536912944994913,0
2025-04-15 09:45:00,2,0.4990174441918248,0.01636804564197789,0.48461451016619733,0
2025-04-15 09:50:00,2,0.39812531225434405,0.011895826530935768,0.5899788612147201,0
2025-04-15 09:55:00,2,0.5156700445737946,0.021162884780052033,0.46316707064615337,0
2025-04-15 10:00:00,2,0.5047316714753347,0.02001610843100642,0.4752522200936589,0
2025-04-15 10:05:00,2,0.3572130312028611,0.013887348258545595,0.6288996205385933,0
2025-04-15 10:10:00,2,0.35926506737586017,0.011045219410633996,0.6296897132135059,0
2025-04-15 10:15:00,2,0.38842381995755076,0.014697853836250966,0.5968783262061983,0
2025-04-15 10:20:00,2,0.30128447490922305,0.011821515503638176,0.6868940095871389,2
2025-04-15 10:25:00,2,0.2981328115813567,0.011422450002251294,0.6904447384163921,2
2025-04-15 10:30:00,2,0.26773461614050964,0.013266162028794451,0.718999221830696,2
2025-04-15 10:35:00,2,0.4771281237096922,0.02013023742265701,0.5027416388676508,0
2025-04-15 10:40:00,2,0.5209633011033089,0.017485702279177066,0.46155099661751403,0
2025-04-15 10:45:00,2,0.5158331970735106,0.018672016951421684,0.4654947859750677,0
2025-04-15 10:50:00,2,0.3269839815226967,0.27532859829792306,0.39768742017938025,0
2025-04-15 10:55:00,2,0.37495877654026954,0.19774475719918871,0.4272964662605417,0
2025-04-15 11:00:00,2,0.5165876801540797,0.01902119360581982,0.46439112624010054,0
2025-04-15 11:05:00,2,0.31298312931417266,0.21683919029861534,0.47017768038721214,2
2025-04-15 11:10:00,2,0.3294969933743165,0.2519344340012294,0.41856857262445407,0
2025-04-15 11:15:00,2,0.3108637513120282,0.2645074705135356,0.4246287781744361,2
2025-04-15 11:20:00,2,0.29153491897915473,0.2697712494196559,0.4386938316011893,2
2025-04-15 11:25:00,2,0.2978531419580528,0.256108923453429,0.4460379345885181,2
2025-04-15 11:30:00,2,0.32230713341580935,0.24828648721354352,0.4294063793706472,0
2025-04-15 11:35:00,2,0.3470905724799144,0.18858657706952228,0.46432285045056343,0
2025-04-15 11:40:00,2,0.35476417168960367,0.18842448182932162,0.4568113464810747,0
2025-04-15 11:45:00,2,0.3503881630320493,0.20365679640354234,0.44595504056440843,0
2025-04-15 11:50:00,2,0.34952572780090774,0.18979143057324258,0.46068284162584966,0
2025-04-15 11:55:00,2,0.3166524959224946,0.19799239401241905,0.4853551100650863,2
2025-04-15 12:00:00,2,0.320828731453166,0.186558721046003,0.49261254750083106,0
2025-04-15 12:05:00,2,0.4444159995905754,0.013945268914109299,0.5416387314953154,0
2025-04-15 12:10:00,2,0.4214447457481473,0.010489445404407155,0.5680658088474455,0
2025-04-15 12:15:00,2,0.362457259910737,0.01071210296437277,0.6268306371248902,0
2025-04-15 12:20:00,2,0.4428778339861195,0.01085865845406908,0.5462635075598113,0
2025-04-15 12:25:00,2,0.42844283100044317,0.010150868717689552,0.5614063002818673,0
2025-04-15 12:30:00,2,0.43254614384779905,0.01008746405853684,0.5573663920936641,0
2025-04-15 12:35:00,2,0.4089150523033926,0.010824744911849319,0.5802602027847581,0
2025-04-15 12:40:00,2,0.434835314725215,0.01522656366953405,0.5499381216052508,0
2025-04-15 12:45:00,2,0.46010635379627524,0.014852149561106124,0.5250414966426186,0
2025-04-15 12:50:00,2,0.32356453593548196,0.18666253064973462,0.48977293341478345,0
2025-04-15 12:55:00,2,0.31826886884565886,0.17788825382821066,0.5038428773261305,2
2025-04-15 13:00:00,2,0.30202262396811885,0.17036789370578068,0.5276094823261005,2
2025-04-15 13:05:00,2,0.29366360184379964,0.1765906978323284,0.5297457003238719,2
2025-04-15 13:10:00,2,0.3045800957581094,0.19957543526886679,0.4958444689730238,2
2025-04-15 13:15:00,2,0.36396548425221265,0.186738048919274,0.4492964668285134,0
2025-04-15 13:20:00,2,0.300456358673569,0.20609993372563848,0.49344370760079254,2
2025-04-15 13:25:00,2,0.3079043657486601,0.18050158633101906,0.5115940479203209,2
2025-04-15 13:30:00,2,0.32290046702789643,0.16500958791984144,0.5120899450522621,0
2025-04-15 13:35:00,2,0.261316430127015,0.16453141374973496,0.5741521561232501,2
2025-04-15 13:40:00,2,0.25562390806587826,0.16122888516567527,0.5831472067684464,2
2025-04-15 13:45:00,2,0.22618539031848628,0.18602971280629535,0.5877848968752184,2
2025-04-15 13:50:00,2,0.24277261337754158,0.15479141365538865,0.6024359729670697,2
2025-04-15 13:55:00,2,0.25553214181744666,0.1667610403338285,0.5777068178487249,2
2025-04-15 14:00:00,2,0.25197007784124287,0.2062691547778928,0.5417607673808643,2
2025-04-15 14:05:00,2,0.03108825831382584,0.2500552360628609,0.7188565056233133,2
2025-04-15 14:10:00,2,0.23125956087511998,0.1377213360343786,0.6310191030905015,2
2025-04-15 14:15:00,2,0.216798285918677,0.14715641027579537,0.6360453038055276,2
2025-04-15 14:20:00,2,0.2122962664765606,0.13398492733551937,0.65371880618792,2
2025-04-15 14:25:00,2,0.22531466570141354,0.1716906413860939,0.6029946929124925,2
2025-04-15 14:30:00,2,0.22460593736549136,0.20465822951655277,0.5707358331179558,2
2025-04-15 14:35:00,2,0.2765797626443293,0.18106718618686707,0.5423530511688036,2
2025-04-15 14:40:00,2,0.026619342551811753,0.19049549081265113,0.7828851666355372,2
2025-04-15 14:45:00,2,0.22945650225018316,0.16739469415371258,0.6031488035961042,2
2025-04-15 14:50:00,2,0.22742130558226,0.1769606220475072,0.5956180723702328,2
2025-04-15 14:55:00,2,0.23561038591850655,0.21527624065175457,0.5491133734297389,2
2025-04-15 15:00:00,2,0.2562076614225983,0.17605308363277472,0.567739254944627,2
2025-04-15 15:05:00,2,0.23968455203319977,0.17981665399327096,0.5804987939735293,2
2025-04-15 15:10:00,2,0.25940958501333133,0.18541174266192212,0.5551786723247465,2
2025-04-15 15:15:00,2,0.2197041870667519,0.1792614432739329,0.6010343696593152,2
2025-04-15 15:20:00,2,0.30882669129279644,0.011342782752448153,0.6798305259547555,2
2025-04-15 15:25:00,2,0.2738630877210815,0.014494139812240093,0.7116427724666784,2
2025-04-16 09:15:00,2,0.03228529184030672,0.40630102780533245,0.5614136803543609,1
2025-04-16 09:20:00,2,0.29018500883136294,0.31459987321361504,0.3952151179550221,2
2025-04-16 09:25:00,2,0.2907952870767078,0.24414885933822458,0.46505585358506757,2
2025-04-16 09:30:00,2,0.27715213195040334,0.20799086580869847,0.5148570022408983,2
2025-04-16 09:35:00,2,0.2437982416934258,0.28586135038151483,0.4703404079250594,2
2025-04-16 09:40:00,2,0.23242034116178287,0.21264005232190575,0.5549396065163114,2
2025-04-16 09:45:00,2,0.31758289332566936,0.2445161854305649,0.4379009212437658,2
2025-04-16 09:50:00,2,0.2428167399640455,0.19492756660019167,0.5622556934357628,2
2025-04-16 09:55:00,2,0.24935199777934156,0.2399145889352106,0.5107334132854479,2
2025-04-16 10:00:00,1,0.25601770191455536,0.20306286112912406,0.5409194369563206,2
2025-04-16 10:05:00,1,0.20176507974831984,0.1948990635333206,0.6033358567183595,2
2025-04-16 10:10:00,1,0.20252531595016032,0.18852854860490495,0.6089461354449347,2
2025-04-16 10:15:00,2,0.39062893294653606,0.2173664419795258,0.3920046250739383,0
2025-04-16 10:20:00,2,0.011377173293684472,0.04115791993759223,0.9474649067687233,2
2025-04-16 10:25:00,2,0.346418377976535,0.22532625781221308,0.4282553642112518,0
2025-04-16 10:30:00,2,0.014053541002913623,0.053091681900743086,0.9328547770963433,2
2025-04-16 10:35:00,2,0.48783500417788495,0.26545380653828743,0.2467111892838277,0
2025-04-16 10:40:00,2,0.445144275210554,0.28624904881660546,0.2686066759728406,0
2025-04-16 10:45:00,1,0.40270489779317964,0.2879872031299349,0.3093078990768855,0
2025-04-16 10:50:00,2,0.4609555489504801,0.27562871037945225,0.2634157406700677,0
2025-04-16 10:55:00,0,0.4592016560206589,0.25342625863417817,0.28737208534516295,0
2025-04-16 11:00:00,0,0.4057714917705462,0.30213691660027775,0.2920915916291759,0
2025-04-16 11:05:00,0,0.4311690053465192,0.28180904474424834,0.28702194990923235,0
2025-04-16 11:10:00,2,0.3499950693454922,0.25898632846721814,0.3910186021872897,0
2025-04-16 11:15:00,2,0.31814181727313035,0.31406582612699724,0.3677923565998724,2
2025-04-16 11:20:00,2,0.3287077554238893,0.2825904526023764,0.38870179197373417,2
2025-04-16 11:25:00,2,0.38821746236766197,0.2692018160540162,0.34258072157832176,0
2025-04-16 11:30:00,2,0.40693703265063247,0.2614750452972201,0.33158792205214754,0
2025-04-16 11:35:00,2,0.42022340325249935,0.259737662388417,0.32003893435908354,0
2025-04-16 11:40:00,2,0.3328927956419609,0.3124963332211395,0.35461087113689954,2
2025-04-16 11:45:00,2,0.26936550887530003,0.31078533191538094,0.419849159209319,2
2025-04-16 11:50:00,2,0.31078379668909284,0.329734246237501,0.35948195707340613,2
2025-04-16 11:55:00,2,0.3865511838068335,0.24834168105133383,0.36510713514183263,0
2025-04-16 12:00:00,2,0.26688067704202445,0.2915885877347175,0.4415307352232581,2
2025-04-16 12:05:00,2,0.2793374997597697,0.291457493863994,0.4292050063762363,2
2025-04-16 12:10:00,2,0.3130923902484767,0.2810230761929308,0.40588453355859255,2
2025-04-16 12:15:00,2,0.26422523515296814,0.26251246291819125,0.47326230192884067,2
2025-04-16 12:20:00,2,0.23528944617382092,0.2502056621273318,0.5145048916988472,2
2025-04-16 12:25:00,2,0.2356761418966398,0.2676937331494218,0.4966301249539384,2
2025-04-16 12:30:00,2,0.24913073051778437,0.24338370264591155,0.5074855668363041,2
2025-04-16 12:35:00,2,0.21537329935802518,0.2651878602967091,0.5194388403452658,2
2025-04-16 12:40:00,2,0.08191608659804109,0.17960585489936684,0.7384780585025921,2
2025-04-16 12:45:00,2,0.26519133166659026,0.22408860373931813,0.5107200645940916,2
2025-04-16 12:50:00,2,0.2408089315386198,0.22538266565527654,0.5338084028061038,2
2025-04-16 12:55:00,2,0.004838011388831422,0.002563184229562426,0.9925988043816061,2
2025-04-16 13:00:00,2,0.0035502323844724196,0.002061762538456853,0.9943880050770706,2
2025-04-16 13:05:00,2,0.006976590234893668,0.0025156527059800654,0.9905077570591263,2
2025-04-16 13:10:00,2,0.0036021779235381455,0.0026639725880480704,0.9937338494884138,2
2025-04-16 13:15:00,2,0.006776319783229056,0.0026238856203453227,0.9905997945964257,2
2025-04-16 13:20:00,2,0.012272176189938514,0.0034430812569307234,0.9842847425531308,2
2025-04-16 13:25:00,2,0.3429983268890283,0.0813576058011744,0.5756440673097973,0
2025-04-16 13:30:00,2,0.3534797943719468,0.07420043857961568,0.5723197670484375,0
2025-04-16 13:35:00,2,0.2934146837564387,0.2712545006850669,0.43533081555849434,2
2025-04-16 13:40:00,0,0.25402858752652796,0.27004044292366014,0.4759309695498119,2
2025-04-16 13:45:00,0,0.25992281120339455,0.27201914263821153,0.46805804615839386,2
2025-04-16 13:50:00,0,0.2547104411748908,0.26539450857984237,0.47989505024526685,2
2025-04-16 13:55:00,2,0.018885114120053153,0.004698781176335844,0.976416104703611,2
2025-04-16 14:00:00,2,0.019352259607525367,0.0045936010369807415,0.9760541393554938,2
2025-04-16 14:05:00,2,0.02934689344567483,0.004343535524876608,0.9663095710294486,2
2025-04-16 14:10:00,2,0.010469865828869397,0.0019487265459841843,0.9875814076251463,2
2025-04-16 14:15:00,2,0.0241117706123035,0.00265128167694297,0.9732369477107535,2
2025-04-16 14:20:00,2,0.20546740349194056,0.2140174016735487,0.5805151948345108,2
2025-04-16 14:25:00,2,0.18890495087479922,0.24814044247583186,0.5629546066493689,2
2025-04-16 14:30:00,2,0.20077291485509577,0.32514247458359746,0.4740846105613068,1
2025-04-16 14:35:00,2,0.1952244603937778,0.27558790924083904,0.5291876303653831,1
2025-04-16 14:40:00,2,0.19551715309054396,0.2908326221135125,0.5136502247959435,1
2025-04-16 14:45:00,2,0.1771621606837867,0.24280693425051642,0.5800309050656969,2
2025-04-16 14:50:00,2,0.0183764461945778,0.0047722030888039235,0.9768513507166182,2
2025-04-16 14:55:00,2,0.022776411462590265,0.004386929651621519,0.9728366588857882,2
2025-04-16 15:00:00,2,0.015271670459464154,0.0032762077993632984,0.9814521217411726,2
2025-04-16 15:05:00,2,0.015350869542164199,0.003000371103875228,0.9816487593539606,2
2025-04-16 15:10:00,2,0.2672476917494151,0.15691058493514454,0.5758417233154405,2
2025-04-16 15:15:00,2,0.25699676605837657,0.14575258831373283,0.5972506456278907,2
2025-04-16 15:20:00,2,0.028000644625790574,0.0036428580732040428,0.9683564973010055,2
2025-04-16 15:25:00,2,0.29036994896691143,0.23808996536905352,0.4715400856640351,2
2025-04-17 09:15:00,2,0.013093346961943995,0.036011964103570306,0.9508946889344857,2
2025-04-17 09:20:00,2,0.009728249734150728,0.02079238482686309,0.9694793654389863,2
2025-04-17 09:25:00,2,0.009137978443856219,0.02150215829468215,0.9693598632614615,2
2025-04-17 09:30:00,2,0.010359692811279608,0.039414860731774526,0.9502254464569458,2
2025-04-17 09:35:00,0,0.3254384904747285,0.23210548211675436,0.442456027408517,0
2025-04-17 09:40:00,2,0.2556589914759667,0.2366660455599845,0.5076749629640488,2
2025-04-17 09:45:00,2,0.23007358493855967,0.26384514785171775,0.5060812672097226,2
2025-04-17 09:50:00,1,0.33547008546274715,0.21893583862648772,0.44559407591076516,0
2025-04-17 09:55:00,1,0.3375736358344529,0.21807652044394304,0.4443498437216041,0
2025-04-17 10:00:00,2,0.43874686281403863,0.20634946993832676,0.35490366724763456,0
2025-04-17 10:05:00,2,0.4495577849657983,0.213786513721731,0.3366557013124708,0
2025-04-17 10:10:00,2,0.3310362337533207,0.19108566152951664,0.47787810471716263,0
2025-04-17 10:15:00,0,0.3332421293651751,0.2572695829559318,0.4094882876788932,0
2025-04-17 10:20:00,2,0.3198493713930602,0.2289087830430632,0.4512418455638766,2
2025-04-17 10:25:00,2,0.27894307171149285,0.23059109615428666,0.4904658321342205,2
2025-04-17 10:30:00,2,0.21816683034584952,0.22211734231490357,0.559715827339247,2
2025-04-17 10:35:00,2,0.4353144192663113,0.2276277193697446,0.337057861363944,0
2025-04-17 10:40:00,2,0.37168380029381454,0.28967214276042536,0.33864405694576016,0
2025-04-17 10:45:00,2,0.05714467661449125,0.009996162923394036,0.9328591604621147,2
2025-04-17 10:50:00,2,0.45627142767063583,0.247681940198432,0.2960466321309321,0
2025-04-17 10:55:00,0,0.5126683330365693,0.24930340852329402,0.23802825844013661,0
2025-04-17 11:00:00,0,0.5514722677622821,0.2439903218380021,0.20453741039971562,0
2025-04-17 11:05:00,0,0.5017604207350901,0.23634776517711154,0.2618918140877984,0
2025-04-17 11:10:00,0,0.39915434878362865,0.23387686369865981,0.3669687875177116,0
2025-04-17 11:15:00,2,0.05992306053478464,0.008576499246464453,0.9315004402187509,2
2025-04-17 11:20:00,2,0.37264273899050143,0.14506219035859286,0.4822950706509056,0
2025-04-17 11:25:00,2,0.08186853232681857,0.15244835028901735,0.7656831173841641,2
2025-04-17 11:30:00,2,0.07147517955655011,0.10743923976095163,0.8210855806824982,2
2025-04-17 11:35:00,2,0.07537833980143431,0.12103720143162201,0.8035844587669436,2
2025-04-17 11:40:00,2,0.040981421889604415,0.0016612668862486008,0.957357311224147,2
2025-04-17 11:45:00,2,0.04536353467438437,0.0016580624391509162,0.9529784028864647,2
2025-04-17 11:50:00,2,0.0646837722633318,0.0026825813191479328,0.9326336464175203,2
2025-04-17 11:55:00,2,0.0711609114008349,0.002635248598668032,0.9262038400004972,2
2025-04-17 12:00:00,2,0.06601778061825345,0.0037830487965103262,0.9301991705852363,2
2025-04-17 12:05:00,2,0.04434502649710583,0.001898390752975959,0.9537565827499183,2
2025-04-17 12:10:00,2,0.05454707928305397,0.0021809600766104008,0.9432719606403356,2
2025-04-17 12:15:00,2,0.05212343565513253,0.002490372216579824,0.9453861921282876,2
2025-04-17 12:20:00,2,0.07611094163319992,0.0023384734034475256,0.9215505849633526,2
2025-04-17 12:25:00,2,0.06130894047105233,0.0017642195084578108,0.9369268400204898,2
2025-04-17 12:30:00,2,0.04745278814814653,0.0016967901670828375,0.9508504216847705,2
2025-04-17 12:35:00,2,0.11526485719822373,0.0040538274975749425,0.8806813153042014,2
2025-04-17 12:40:00,2,0.0913094712825558,0.002099853275997096,0.906590675441447,2
2025-04-17 12:45:00,2,0.05616555150975374,0.0016111369275156264,0.9422233115627305,2
2025-04-17 12:50:00,2,0.05142092868592408,0.001486957411745454,0.9470921139023305,2
2025-04-17 12:55:00,0,0.4823422763477888,0.0033692738163519525,0.5142884498358593,0
2025-04-17 13:00:00,0,0.4433264724591826,0.003357209871694736,0.5533163176691227,0
2025-04-17 13:05:00,0,0.3976798524533264,0.004496552358807912,0.5978235951878658,0
2025-04-17 13:10:00,2,0.4033619712080827,0.003922330113223963,0.5927156986786933,0
2025-04-17 13:15:00,2,0.41713689934865705,0.0038469416774102845,0.5790161589739327,0
2025-04-17 13:20:00,0,0.47371785200922406,0.0035934120802186883,0.5226887359105573,0
2025-04-17 13:25:00,0,0.49035918865482186,0.006230384172345381,0.5034104271728328,0
2025-04-17 13:30:00,0,0.49731134843653274,0.007839704507128273,0.4948489470563389,0
2025-04-17 13:35:00,0,0.33765110846926255,0.0036345825867590787,0.6587143089439783,2
2025-04-17 13:40:00,0,0.36552472487729226,0.0038047588962107724,0.630670516226497,0
2025-04-17 13:45:00,2,0.3162664299706906,0.004129331505385717,0.6796042385239237,2
2025-04-17 13:50:00,2,0.2815095421244498,0.0032719404659823106,0.7152185174095679,2
2025-04-17 13:55:00,2,0.24868414023242147,0.0031815857274683696,0.7481342740401102,2
2025-04-17 14:00:00,2,0.22899876007944622,0.004059561113857428,0.7669416788066963,2
2025-04-17 14:05:00,2,0.22000960376300865,0.0030870295142350103,0.7769033667227564,2
2025-04-17 14:10:00,2,0.48474353372850226,0.11063661268047632,0.40461985359102143,0
2025-04-17 14:15:00,0,0.5004494545595422,0.13057282447653693,0.3689777209639211,0
2025-04-17 14:20:00,0,0.4296368153663522,0.12284092266919502,0.44752226196445277,0
2025-04-17 14:25:00,2,0.34487833449564304,0.1559564232085031,0.4991652422958539,0
2025-04-17 14:30:00,2,0.32876834231137897,0.004950004263772985,0.666281653424848,2
2025-04-17 14:35:00,2,0.26406130769386765,0.004299157208425978,0.7316395350977063,2
2025-04-17 14:40:00,2,0.318660857464717,0.006047087913478582,0.6752920546218044,2
2025-04-17 14:45:00,2,0.3668151818641256,0.007737783923778437,0.6254470342120959,0
2025-04-17 14:50:00,2,0.31624734205363053,0.12280722563139597,0.5609454323149735,2
2025-04-17 14:55:00,2,0.4091135743798923,0.12155914337144001,0.46932728224866765,0
2025-04-17 15:00:00,2,0.4012625150015968,0.12785819894444653,0.4708792860539567,0
2025-04-17 15:05:00,2,0.2818855813305248,0.14090869156079727,0.5772057271086779,2
2025-04-17 15:10:00,2,0.33850169254371615,0.13640692120292736,0.5250913862533565,0
2025-04-17 15:15:00,2,0.2770229581256319,0.12660852567715902,0.5963685161972091,2
2025-04-17 15:20:00,2,0.25150187324390366,0.11417292875742531,0.634325197998671,2
2025-04-17 15:25:00,2,0.35085059679460656,0.17698763921338953,0.47216176399200405,0
2025-04-21 09:15:00,2,0.3532091492163151,0.032598976359904344,0.6141918744237805,0
2025-04-21 09:20:00,0,0.37877173409040293,0.029040312176176454,0.5921879537334206,0
2025-04-21 09:25:00,0,0.4110278836037046,0.03161122019306037,0.557360896203235,0
2025-04-21 09:30:00,2,0.40063093792411636,0.011533112778474275,0.5878359492974093,0
2025-04-21 09:35:00,2,0.3219345164468347,0.007927787850683748,0.6701376957024816,2
2025-04-21 09:40:00,2,0.402291400954525,0.00769226486134982,0.5900163341841252,0
2025-04-21 09:45:00,0,0.3038584842051441,0.3397805102501333,0.35636100554472266,2
2025-04-21 09:50:00,0,0.4617601430385854,0.011401629405363232,0.5268382275560514,0
2025-04-21 09:55:00,2,0.4082844229351742,0.010005394560548449,0.5817101825042774,0
2025-04-21 10:00:00,2,0.4285643688121025,0.007819557481195593,0.5636160737067017,0
2025-04-21 10:05:00,2,0.36495399857031885,0.006893369575858804,0.6281526318538223,0
2025-04-21 10:10:00,2,0.23311835670685102,0.25920153482191977,0.5076801084712292,2
2025-04-21 10:15:00,2,0.28161075450863005,0.25538824653239073,0.46300099895897917,2
2025-04-21 10:20:00,2,0.23425647463130667,0.30066789826909507,0.46507562709959815,1
2025-04-21 10:25:00,2,0.24641450114659288,0.1334481859467974,0.6201373129066098,2
2025-04-21 10:30:00,2,0.1730478563152961,0.1219128961226733,0.7050392475620307,2
2025-04-21 10:35:00,0,0.30735978430551225,0.2944916387737523,0.3981485769207355,2
2025-04-21 10:40:00,0,0.3974034088208613,0.1822355424052765,0.42036104877386227,0
2025-04-21 10:45:00,0,0.3671663158792521,0.1792212984154663,0.4536123857052816,0
2025-04-21 10:50:00,2,0.5079006564980655,0.0068924177554400955,0.4852069257464944,0
2025-04-21 10:55:00,2,0.5112453600649479,0.006717189055653451,0.4820374508793987,0
2025-04-21 11:00:00,0,0.5444605207840505,0.008426551208520053,0.44711292800742947,0
2025-04-21 11:05:00,0,0.5582971253299642,0.006560424222128113,0.4351424504479076,0
2025-04-21 11:10:00,2,0.4316273728249536,0.007762375004043596,0.5606102521710027,0
2025-04-21 11:15:00,2,0.4054723793497162,0.006649316529977579,0.5878783041203063,0
2025-04-21 11:20:00,2,0.4454606060726231,0.008948695717836581,0.5455906982095402,0
2025-04-21 11:25:00,2,0.45890498626274706,0.007509442286931525,0.5335855714503214,0
2025-04-21 11:30:00,2,0.36377802544265947,0.2124742384793984,0.4237477360779422,0
2025-04-21 11:35:00,2,0.36336700500702157,0.21501627798374204,0.4216167170092363,0
2025-04-21 11:40:00,0,0.35011320705588944,0.23319728458702665,0.41668950835708385,0
2025-04-21 11:45:00,0,0.36235729725393534,0.23551827670520034,0.40212442604086435,0
2025-04-21 11:50:00,2,0.3534337338489678,0.21230774495550989,0.4342585211955223,0
2025-04-21 11:55:00,2,0.4718988239133031,0.011236466726966848,0.5168647093597301,0
2025-04-21 12:00:00,0,0.4371051640967424,0.009729660534373515,0.5531651753688842,0
2025-04-21 12:05:00,0,0.40023021473283804,0.009240806814860903,0.5905289784523011,0
2025-04-21 12:10:00,0,0.32006390651447103,0.007773384423745949,0.672162709061783,2
2025-04-21 12:15:00,2,0.33900323906719626,0.007422910659978283,0.6535738502728253,2
2025-04-21 12:20:00,2,0.34240049122708194,0.007599723015408114,0.6499997857575099,0
2025-04-21 12:25:00,2,0.43481843055319924,0.009743064303854578,0.5554385051429461,0
2025-04-21 12:30:00,2,0.4205197747938038,0.006846187445776312,0.5726340377604198,0
2025-04-21 12:35:00,2,0.38797457387151185,0.007088756173190143,0.604936669955298,0
2025-04-21 12:40:00,2,0.36905171635376366,0.18255214955678892,0.4483961340894474,0
2025-04-21 12:45:00,2,0.4531143422465623,0.012191212858390995,0.5346944448950467,0
2025-04-21 12:50:00,2,0.3671544054956962,0.23362378474910875,0.39922180975519506,0
2025-04-21 12:55:00,2,0.30996373178934833,0.22963126197834813,0.4604050062323035,2
2025-04-21 13:00:00,2,0.3616361790299666,0.1965042818864523,0.44185953908358105,0
2025-04-21 13:05:00,2,0.3748003980103749,0.009669316134931105,0.6155302858546939,0
2025-04-21 13:10:00,2,0.36660552048558637,0.17720491046686007,0.45618956904755364,0
2025-04-21 13:15:00,2,0.4363725029574843,0.23168422474125822,0.3319432723012575,0
2025-04-21 13:20:00,2,0.3576311500653669,0.24849372755389676,0.39387512238073646,0
2025-04-21 13:25:00,1,0.34635695157669805,0.28100810078288263,0.37263494764041927,0
2025-04-21 13:30:00,2,0.3793461754814192,0.27245530424450226,0.3481985202740785,0
2025-04-21 13:35:00,2,0.30343250283327694,0.21265494347558586,0.4839125536911373,2
2025-04-21 13:40:00,2,0.05850044302156459,0.33447591482335576,0.6070236421550798,1
2025-04-21 13:45:00,2,0.4395125465107884,0.19411286866509153,0.3663745848241201,0
2025-04-21 13:50:00,2,0.3411233960844514,0.19764882237636366,0.4612277815391849,0
2025-04-21 13:55:00,2,0.3850716968833714,0.18488277320143345,0.4300455299151953,0
2025-04-21 14:00:00,2,0.3619477652385313,0.16564998322921048,0.4724022515322581,0
2025-04-21 14:05:00,2,0.34066342672046374,0.16051111382707892,0.4988254594524574,0
2025-04-21 14:10:00,2,0.3613472174290307,0.2109018232460241,0.4277509593249451,0
2025-04-21 14:15:00,2,0.3446311878610065,0.19346396210626554,0.46190485003272785,0
2025-04-21 14:20:00,2,0.3251457641200834,0.18067161237439594,0.4941826235055206,0
2025-04-21 14:25:00,2,0.35258469969629214,0.21672853833768602,0.4306867619660218,0
2025-04-21 14:30:00,2,0.3366334825703684,0.20086661679784285,0.46249990063178875,0
2025-04-21 14:35:00,2,0.31596034563996983,0.18718192724751148,0.4968577271125185,2
2025-04-21 14:40:00,2,0.27745280814046064,0.18133204949210374,0.5412151423674356,2
2025-04-21 14:45:00,1,0.2462007126991004,0.19171011609280683,0.5620891712080928,2
2025-04-21 14:50:00,2,0.25074964818825246,0.1527783522302374,0.5964719995815101,2
2025-04-21 14:55:00,1,0.2662785081223376,0.14978558946364062,0.5839359024140217,2
2025-04-21 15:00:00,2,0.029347006571560426,0.025156806155380792,0.9454961872730587,2
2025-04-21 15:05:00,2,0.02786291780154126,0.026220367026801108,0.9459167151716577,2
2025-04-21 15:10:00,2,0.036550983308139974,0.02148304437101999,0.94196597232084,2
2025-04-21 15:15:00,2,0.02715024771359866,0.0240106521324704,0.948839100153931,2
2025-04-21 15:20:00,2,0.027594167826514106,0.022535839033384374,0.9498699931401015,2
2025-04-21 15:25:00,2,0.03229678380258686,0.02182246960404883,0.9458807465933642,2
2025-04-22 09:15:00,2,0.014362152399268737,0.04210354882752758,0.9435342987732036,2
2025-04-22 09:20:00,0,0.32594991575228904,0.29193237260334287,0.3821177116443681,2
2025-04-22 09:25:00,0,0.2530929721645514,0.3604147105242118,0.3864923173112368,1
2025-04-22 09:30:00,2,0.18982822467122815,0.4804145984814293,0.32975717684734257,1
2025-04-22 09:35:00,2,0.17460788289225135,0.31194453195154415,0.5134475851562045,1
2025-04-22 09:40:00,2,0.19291832162707515,0.38271190441997666,0.4243697739529481,1
2025-04-22 09:45:00,2,0.2048217735207193,0.3577329151560722,0.43744531132320835,1
2025-04-22 09:50:00,0,0.3075205389534663,0.3912121856434106,0.3012672754031232,1
2025-04-22 09:55:00,2,0.23390882474978117,0.4158570429627635,0.3502341322874554,1
2025-04-22 10:00:00,2,0.20421113507830949,0.3458630964216536,0.4499257685000369,1
2025-04-22 10:05:00,2,0.1737472901683871,0.26151307893207093,0.5647396308995419,1
2025-04-22 10:10:00,2,0.17018311493209945,0.16798270628962605,0.6618341787782746,2
2025-04-22 10:15:00,2,0.15213499096457808,0.15654422628779668,0.6913207827476252,2
2025-04-22 10:20:00,2,0.12450221570875504,0.1396576550245421,0.7358401292667028,2
2025-04-22 10:25:00,2,0.22620060980899478,0.22224374355059345,0.5515556466404117,2
2025-04-22 10:30:00,2,0.16615413596836667,0.14040246187429806,0.6934434021573351,2
2025-04-22 10:35:00,2,0.07085745175344609,0.007863227866403772,0.92127932038015,2
2025-04-22 10:40:00,2,0.08108256292359667,0.0058392184425066895,0.9130782186338967,2
2025-04-22 10:45:00,2,0.314879576395722,0.2413535747935474,0.44376684881073064,2
2025-04-22 10:50:00,2,0.11795042280836533,0.009232518734417803,0.8728170584572168,2
2025-04-22 10:55:00,2,0.3993154518963542,0.017241859118199778,0.583442688985446,0
2025-04-22 11:00:00,2,0.37757672961105904,0.011739625958308039,0.6106836444306328,0
2025-04-22 11:05:00,1,0.3329857684563686,0.27906325759078693,0.38795097395284445,0
2025-04-22 11:10:00,2,0.3149666818504498,0.26475350820801646,0.42027980994153374,2
2025-04-22 11:15:00,1,0.2884559156351366,0.3060770154527812,0.4054670689120822,2
2025-04-22 11:20:00,2,0.36670529321882545,0.34111251503841367,0.2921821917427609,2
2025-04-22 11:25:00,2,0.4534899475792137,0.2522583225053547,0.29425172991543164,0
2025-04-22 11:30:00,2,0.07894432318583024,0.3638106214790786,0.5572450553350912,1
2025-04-22 11:35:00,2,0.359489142918911,0.31686678647777916,0.3236440706033099,2
2025-04-22 11:40:00,2,0.26945391637484983,0.37151344590483415,0.359032637720316,1
2025-04-22 11:45:00,2,0.27920017401915337,0.343026025873606,0.37777380010724076,1
2025-04-22 11:50:00,2,0.2976456615558655,0.34253256180162817,0.3598217766425063,2
2025-04-22 11:55:00,2,0.28120173976139307,0.33635366975666414,0.3824445904819428,1
2025-04-22 12:00:00,2,0.30900309922483027,0.356621852904623,0.3343750478705467,2
2025-04-22 12:05:00,2,0.3681579555060341,0.3108896108344511,0.3209524336595148,0
2025-04-22 12:10:00,2,0.3337957720292901,0.33492368371052694,0.3312805442601829,2
2025-04-22 12:15:00,2,0.3616617677079258,0.31328434442491615,0.32505388786715805,2
2025-04-22 12:20:00,2,0.3037729336986324,0.33610951266223676,0.3601175536391308,2
2025-04-22 12:25:00,2,0.3019168629452567,0.2931447197293656,0.4049384173253776,2
2025-04-22 12:30:00,2,0.31263548023968135,0.27338950994757744,0.4139750098127411,2
2025-04-22 12:35:00,2,0.3180525968132968,0.26986485107982244,0.4120825521068808,2
2025-04-22 12:40:00,2,0.23190138440754846,0.36456842570553394,0.4035301898869175,1
2025-04-22 12:45:00,2,0.33323139709588545,0.2518002020926142,0.41496840081150027,0
2025-04-22 12:50:00,2,0.29584967525852063,0.25580580478155923,0.4483445199599201,2
2025-04-22 12:55:00,2,0.3105237040501181,0.2557212063163197,0.43375508963356224,2
2025-04-22 13:00:00,2,0.2813295092682235,0.2768246555091219,0.44184583522265475,2
2025-04-22 13:05:00,2,0.014833847636349594,0.0720004808354845,0.9131656715281659,2
2025-04-22 13:10:00,2,0.26215735958722225,0.3193701028786117,0.4184725375341662,1
2025-04-22 13:15:00,2,0.2515412888626325,0.2762138619190194,0.47224484921834814,2
2025-04-22 13:20:00,2,0.22525336856431313,0.3265354753367276,0.4482111560989593,1
2025-04-22 13:25:00,2,0.24855778081704183,0.25541927168776124,0.4960229474951968,2
2025-04-22 13:30:00,2,0.24471484649770833,0.25227639040844285,0.5030087630938488,2
2025-04-22 13:35:00,2,0.19474390792782664,0.21705572114773303,0.5882003709244403,2
2025-04-22 13:40:00,2,0.19812120134378694,0.2347864928100803,0.5670923058461328,2
2025-04-22 13:45:00,2,0.18595023610342423,0.22146765709681124,0.5925821067997644,2
2025-04-22 13:50:00,2,0.21506181671035154,0.23490538214741882,0.5500328011422297,2
2025-04-22 13:55:00,2,0.18084625990452505,0.1898459490141463,0.6293077910813286,2
2025-04-22 14:00:00,2,0.15071193177003323,0.2029520725512983,0.6463359956786684,2
2025-04-22 14:05:00,2,0.13398822826703694,0.20353551507897472,0.6624762566539883,2
2025-04-22 14:10:00,2,0.0026356222403120704,0.002073970194488262,0.9952904075651996,2
2025-04-22 14:15:00,2,0.0027261971096291054,0.0019060639020342576,0.9953677389883366,2
2025-04-22 14:20:00,2,0.0023582330474199486,0.0017697760575306188,0.9958719908950494,2
2025-04-22 14:25:00,2,0.0018559674155460744,0.0019878063034665934,0.9961562262809873,2
2025-04-22 14:30:00,2,0.003156725188611304,0.002211522209531891,0.9946317526018568,2
2025-04-22 14:35:00,2,0.00217970444233442,0.001970199077061999,0.9958500964806035,2
2025-04-22 14:40:00,2,0.0026976392134820514,0.002106136201444176,0.9951962245850738,2
2025-04-22 14:45:00,2,0.19522379858266062,0.004827900156022564,0.7999483012613168,2
2025-04-22 14:50:00,2,0.0032332077670946956,0.0026666527700291943,0.9941001394628761,2
2025-04-22 14:55:00,2,0.1941542675420478,0.3070600727300038,0.4987856597279483,1
2025-04-22 15:00:00,2,0.16535142468225694,0.28132295992029527,0.5533256153974477,1
2025-04-22 15:05:00,2,0.19266589062998102,0.2571092756993809,0.5502248336706381,1
2025-04-22 15:10:00,2,0.24088703214503515,0.2832595803258294,0.4758533875291354,2
2025-04-22 15:15:00,2,0.21598998418990548,0.2734552348441089,0.5105547809659856,1
2025-04-22 15:20:00,2,0.18464659791666163,0.3003666516059517,0.5149867504773866,1
2025-04-22 15:25:00,2,0.00437838629139418,0.041566210316466234,0.9540554033921395,2
2025-04-23 09:15:00,2,0.03374031960847726,0.010872464477461671,0.9553872159140611,2
2025-04-23 09:20:00,2,0.022540576103166593,0.006272630579509159,0.9711867933173243,2
2025-04-23 09:25:00,2,0.023591483361818228,0.00855033115656258,0.9678581854816191,2
2025-04-23 09:30:00,0,0.18888590808888636,0.3449164610746567,0.4661976308364571,1
2025-04-23 09:35:00,0,0.17064180575755483,0.3167481878466733,0.5126100063957718,1
2025-04-23 09:40:00,2,0.1878284373700463,0.3208091205896649,0.4913624420402889,1
2025-04-23 09:45:00,2,0.023076030954423326,0.0033408156721212202,0.9735831533734555,2
2025-04-23 09:50:00,1,0.16469928344860926,0.24627612916425964,0.589024587387131,2
2025-04-23 09:55:00,1,0.15549231415972586,0.30552304513734047,0.5389846407029336,1
2025-04-23 10:00:00,1,0.22096250219597013,0.32582096327964294,0.453216534524387,1
2025-04-23 10:05:00,2,0.2228604260534584,0.28315239688633737,0.4939871770602044,1
2025-04-23 10:10:00,2,0.34802162339442955,0.2079340718882443,0.44404430471732625,0
2025-04-23 10:15:00,2,0.22197089276771573,0.3962158493459962,0.38181325788628806,1
2025-04-23 10:20:00,2,0.20881580837014996,0.4499919951764318,0.3411921964534183,1
2025-04-23 10:25:00,1,0.16587839671308127,0.4312910392109498,0.4028305640759689,1
2025-04-23 10:30:00,1,0.311429244812939,0.31040004395015164,0.37817071123690943,2
2025-04-23 10:35:00,1,0.38099037110820394,0.3475610914643464,0.2714485374274498,2
2025-04-23 10:40:00,2,0.48434265452010805,0.28577126763690425,0.22988607784298787,0
2025-04-23 10:45:00,2,0.011584147836459746,0.03888934187567956,0.9495265102878607,2
2025-04-23 10:50:00,2,0.010530731520951827,0.03795818885126377,0.9515110796277845,2
2025-04-23 10:55:00,0,0.35614813810482077,0.3983631555531035,0.2454887063420757,2
2025-04-23 11:00:00,0,0.25140575542051413,0.4786878749807193,0.26990636959876657,1
2025-04-23 11:05:00,2,0.27562602842943,0.45140794094775116,0.27296603062281877,1
2025-04-23 11:10:00,2,0.2962974116893884,0.3678143401961194,0.3358882481144921,1
2025-04-23 11:15:00,2,0.2738220531789317,0.43751013822893525,0.288667808592133,1
2025-04-23 11:20:00,2,0.35017794627105875,0.4147589157253772,0.23506313800356407,1
2025-04-23 11:25:00,0,0.38016179793848115,0.37665293925960625,0.24318526280191255,2
2025-04-23 11:30:00,0,0.3549681791109887,0.3899285239457371,0.25510329694327416,2
2025-04-23 11:35:00,0,0.3296192099623472,0.40664296939853595,0.2637378206391168,1
2025-04-23 11:40:00,1,0.25813370612911524,0.4742142926208675,0.26765200125001737,1
2025-04-23 11:45:00,1,0.22696943588301446,0.4433826111536287,0.3296479529633568,1
2025-04-23 11:50:00,1,0.2849012454312495,0.459915971115631,0.25518278345311957,1
2025-04-23 11:55:00,2,0.0070259624403635895,0.00458539901667479,0.9883886385429616,2
2025-04-23 12:00:00,2,0.0052863524469341765,0.0032530134307089376,0.991460634122357,2
2025-04-23 12:05:00,2,0.0056277961511908255,0.00391951239613615,0.990452691452673,2
2025-04-23 12:10:00,2,0.004073333335725413,0.0035241329260921163,0.9924025337381825,2
2025-04-23 12:15:00,2,0.0051959279338113125,0.0034948369042620297,0.9913092351619267,2
2025-04-23 12:20:00,2,0.0047360332825413165,0.0034171120208270063,0.9918468546966316,2
2025-04-23 12:25:00,2,0.005421896723823371,0.003013594225939941,0.9915645090502367,2
2025-04-23 12:30:00,2,0.0036837523604343826,0.003083393539955039,0.9932328540996107,2
2025-04-23 12:35:00,2,0.0036646358807633003,0.0028653626027221554,0.9934700015165144,2
2025-04-23 12:40:00,2,0.0031598212501166238,0.003493795175312082,0.9933463835745713,2
2025-04-23 12:45:00,2,0.003029775680477367,0.0036992434522554705,0.9932709808672671,2
2025-04-23 12:50:00,2,0.0031312363522965534,0.004666182571132256,0.9922025810765712,2
2025-04-23 12:55:00,2,0.003465041305382158,0.00951374068026341,0.9870212180143544,2
2025-04-23 13:00:00,2,0.0040324839619808725,0.18901068405003324,0.8069568319879858,2
2025-04-23 13:05:00,2,0.0035909983268184844,0.004727951895125497,0.991681049778056,2
2025-04-23 13:10:00,2,0.0032918501431208774,0.00344389833257067,0.9932642515243084,2
2025-04-23 13:15:00,2,0.0033707542095279476,0.003334611658956339,0.9932946341315158,2
2025-04-23 13:20:00,2,0.0033766895235150867,0.003730333005855501,0.9928929774706294,2
2025-04-23 13:25:00,2,0.0037379603687296213,0.004286108783191887,0.9919759308480786,2
2025-04-23 13:30:00,2,0.0037985344648471253,0.003743095459764608,0.9924583700753883,2
2025-04-23 13:35:00,2,0.0030170986989114836,0.0038674169574243866,0.9931154843436641,2
2025-04-23 13:40:00,2,0.002811231038088659,0.010033409367866468,0.9871553595940449,2
2025-04-23 13:45:00,2,0.0024578122372298106,0.004529600537587756,0.9930125872251824,2
2025-04-23 13:50:00,2,0.003513954914041678,0.15856726708585286,0.8379187780001055,2
2025-04-23 13:55:00,2,0.02775203346754652,0.18466177438644807,0.7875861921460053,2
2025-04-23 14:00:00,2,0.028690266268675758,0.21289514788550798,0.7584145858458162,2
2025-04-23 14:05:00,2,0.03245111738940664,0.1949070666853463,0.7726418159252469,2
2025-04-23 14:10:00,2,0.019771875413641286,0.005810320582886169,0.9744178040034724,2
2025-04-23 14:15:00,2,0.017452855095658273,0.005970544208103123,0.9765766006962385,2
2025-04-23 14:20:00,2,0.013205589151988403,0.005048800898115567,0.981745609949896,2
2025-04-23 14:25:00,2,0.017506436139990787,0.004968244154455,0.9775253197055542,2
2025-04-23 14:30:00,2,0.02185546729299761,0.005139491846240838,0.9730050408607616,2
2025-04-23 14:35:00,2,0.12034365091339741,0.22154356552915977,0.6581127835574427,2
2025-04-23 14:40:00,2,0.14859643921611343,0.32304577797367046,0.5283577828102162,1
2025-04-23 14:45:00,0,0.13300579520475575,0.25871220211031254,0.6082820026849317,1
2025-04-23 14:50:00,2,0.1297820323675271,0.23758719282417778,0.6326307748082952,2
2025-04-23 14:55:00,2,0.027969347787431924,0.007719443602002517,0.9643112086105655,2
2025-04-23 15:00:00,2,0.019835686213263613,0.0034270988573314684,0.9767372149294049,2
2025-04-23 15:05:00,2,0.017816601301109153,0.0034508055080294995,0.9787325931908613,2
2025-04-23 15:10:00,2,0.021277878879335698,0.0028755618360073163,0.9758465592846569,2
2025-04-23 15:15:00,2,0.04043055476080452,0.005813922155909005,0.9537555230832865,2
2025-04-23 15:20:00,2,0.1793862121913452,0.19521710545843174,0.625396682350223,2
2025-04-23 15:25:00,2,0.2100253346417161,0.3320490014893423,0.4579256638689416,1
2025-04-24 09:15:00,2,0.009712334293124767,0.04059628095946558,0.9496913847474097,2
2025-04-24 09:20:00,2,0.008387321486312074,0.03932906371135392,0.952283614802334,2
2025-04-24 09:25:00,2,0.007122557629481057,0.02562200380924524,0.9672554385612736,2
2025-04-24 09:30:00,1,0.321883882090391,0.19092000279638507,0.48719611511322386,0
2025-04-24 09:35:00,2,0.3367283164553357,0.2761542214965974,0.3871174620480669,0
2025-04-24 09:40:00,2,0.3035751464192591,0.2650520145691225,0.43137283901161844,2
2025-04-24 09:45:00,2,0.2634280234914546,0.284576510734951,0.4519954657735945,2
2025-04-24 09:50:00,2,0.294351395790649,0.3189079359110335,0.38674066829831744,2
2025-04-24 09:55:00,2,0.33256371471889223,0.2843096288123441,0.3831266564687637,2
2025-04-24 10:00:00,2,0.30672625039406864,0.28119658870851694,0.41207716089741436,2
2025-04-24 10:05:00,2,0.28236058330540215,0.24444302123753958,0.4731963954570582,2
2025-04-24 10:10:00,2,0.24640740732408603,0.27627729614770097,0.4773152965282129,2
2025-04-24 10:15:00,2,0.2457130435889801,0.2346567023617075,0.5196302540493124,2
2025-04-24 10:20:00,2,0.20279192511408364,0.197550392872272,0.5996576820136444,2
2025-04-24 10:25:00,2,0.19812355320714,0.17304776773682204,0.628828679056038,2
2025-04-24 10:30:00,2,0.1876397552798461,0.15975649874349795,0.6526037459766558,2
2025-04-24 10:35:00,2,0.4087014051727255,0.2772927646479657,0.31400583017930883,0
2025-04-24 10:40:00,2,0.35133741537351937,0.27609399441606136,0.37256859021041927,0
2025-04-24 10:45:00,2,0.329876643468903,0.26812516894218447,0.4019981875889126,0
2025-04-24 10:50:00,2,0.31593752935087627,0.26239758071496755,0.42166488993415624,2
2025-04-24 10:55:00,2,0.2900290451697434,0.2690526088770555,0.44091834595320106,2
2025-04-24 11:00:00,2,0.26926192837975443,0.2680914658846518,0.4626466057355937,2
2025-04-24 11:05:00,2,0.2546701303627385,0.2509313582321287,0.4943985114051328,2
2025-04-24 11:10:00,2,0.2516064873377948,0.276541650657144,0.4718518620050612,2
2025-04-24 11:15:00,2,0.271979862710645,0.2663408550398313,0.4616792822495237,2
2025-04-24 11:20:00,2,0.2961340630875238,0.27049886426763425,0.43336707264484176,2
2025-04-24 11:25:00,2,0.27163992516275376,0.005405909160294914,0.7229541656769514,2
2025-04-24 11:30:00,2,0.0038715937960353093,0.002349836700711184,0.9937785695032535,2
2025-04-24 11:35:00,2,0.0039029092585642685,0.0022842086088383667,0.9938128821325973,2
2025-04-24 11:40:00,2,0.0036609815090628234,0.0022756615975490914,0.9940633568933881,2
2025-04-24 11:45:00,2,0.003935524064985131,0.0021935017581870588,0.9938709741768278,2
2025-04-24 11:50:00,2,0.0032378883343216086,0.0019213466102880159,0.9948407650553904,2
2025-04-24 11:55:00,2,0.003455571160899589,0.002050770234430005,0.9944936586046704,2
2025-04-24 12:00:00,2,0.0035266541297167306,0.002022351529477213,0.9944509943408061,2
2025-04-24 12:05:00,2,0.0031704604175108253,0.0021930561949429937,0.9946364833875461,2
2025-04-24 12:10:00,2,0.003169569116826583,0.002034308235672235,0.9947961226475012,2
2025-04-24 12:15:00,2,0.003323807507585309,0.0026315744342938862,0.9940446180581208,2
2025-04-24 12:20:00,2,0.0034063096061946727,0.0023845171680342437,0.9942091732257711,2
2025-04-24 12:25:00,2,0.004481011408302448,0.0021087184412597096,0.9934102701504378,2
2025-04-24 12:30:00,2,0.0039891900287646635,0.002049257339357587,0.9939615526318778,2
2025-04-24 12:35:00,2,0.003125637797791244,0.0018067443708725173,0.9950676178313363,2
2025-04-24 12:40:00,2,0.003373071603724764,0.0020929698482268478,0.9945339585480484,2
2025-04-24 12:45:00,2,0.0028553021549688564,0.002477294573318134,0.994667403271713,2
2025-04-24 12:50:00,2,0.0032511664778914484,0.002259691752816009,0.9944891417692926,2
2025-04-24 12:55:00,2,0.00311989071309631,0.002017824775273307,0.9948622845116304,2
2025-04-24 13:00:00,2,0.003014035882900421,0.001979907487452605,0.9950060566296469,2
2025-04-24 13:05:00,2,0.003424461548554651,0.002151600093093616,0.9944239383583517,2
2025-04-24 13:10:00,2,0.00356042394152594,0.00204349202514542,0.9943960840333286,2
2025-04-24 13:15:00,2,0.0031365577355894907,0.0018693469364730244,0.9949940953279375,2
2025-04-24 13:20:00,2,0.003082372399925703,0.0018705450147335635,0.9950470825853407,2
2025-04-24 13:25:00,2,0.0037906038875727467,0.0020164530086622884,0.9941929431037649,2
2025-04-24 13:30:00,2,0.0037067853855908984,0.0018413736322356559,0.9944518409821733,2
2025-04-24 13:35:00,2,0.1995756760210145,0.004448186997931133,0.7959761369810543,2
2025-04-24 13:40:00,2,0.003566443260214471,0.0021853475012321958,0.9942482092385534,2
2025-04-24 13:45:00,2,0.00324872566330281,0.0019592235658243908,0.9947920507708727,2
2025-04-24 13:50:00,2,0.004465159706947503,0.0021274834390776366,0.9934073568539747,2
2025-04-24 13:55:00,2,0.002538381748704286,0.0017325593293975846,0.9957290589218982,2
2025-04-24 14:00:00,2,0.0026474208170019775,0.0020261725184967812,0.9953264066645012,2
2025-04-24 14:05:00,2,0.0026631916765263615,0.0018158717983055663,0.9955209365251682,2
2025-04-24 14:10:00,2,0.0028238378927628823,0.002024210770465581,0.9951519513367715,2
2025-04-24 14:15:00,2,0.0028076200805348243,0.001984320047446571,0.9952080598720187,2
2025-04-24 14:20:00,2,0.002829794841255764,0.002077977807823598,0.9950922273509206,2
2025-04-24 14:25:00,2,0.002764773885749935,0.001922623303042546,0.9953126028112076,2
2025-04-24 14:30:00,2,0.0038941587664792295,0.0019148595474998877,0.9941909816860208,2
2025-04-24 14:35:00,2,0.12925446864970397,0.0045754615987687215,0.8661700697515273,2
2025-04-24 14:40:00,2,0.002572537325617631,0.0017208700956227135,0.9957065925787596,2
2025-04-24 14:45:00,2,0.002571550921228937,0.0018612088422495972,0.9955672402365214,2
2025-04-24 14:50:00,2,0.29208858597692383,0.004421277774873098,0.7034901362482031,2
2025-04-24 14:55:00,2,0.1759318130427358,0.04774924247122846,0.7763189444860357,2
2025-04-24 15:00:00,2,0.21717613838074717,0.2604521664290411,0.5223716951902116,2
2025-04-24 15:05:00,2,0.17106548304807775,0.24494846279003638,0.5839860541618859,2
2025-04-24 15:10:00,2,0.1936841603688881,0.26572628534978104,0.5405895542813308,1
2025-04-24 15:15:00,2,0.2006159779473842,0.2256888914631543,0.5736951305894615,2
2025-04-24 15:20:00,2,0.21951022893136013,0.24954431112301978,0.53094545994562,2
2025-04-24 15:25:00,2,0.2037912561172535,0.26784608843989555,0.528362655442851,1
2025-04-25 09:15:00,2,0.028674012190659827,0.29250389226842016,0.67882209554092,2
2025-04-25 09:20:00,1,0.1557213219181936,0.40454266702764013,0.4397360110541662,1
2025-04-25 09:25:00,2,0.04073857490979889,0.017350901646613317,0.9419105234435879,2
2025-04-25 09:30:00,1,0.20058857692029258,0.44746611167671774,0.35194531140298957,1
2025-04-25 09:35:00,1,0.322605169948281,0.3338518628546617,0.34354296719705735,2
2025-04-25 09:40:00,1,0.42404359005551573,0.27421952891304074,0.30173688103144364,0
2025-04-25 09:45:00,2,0.3514806505649643,0.043834177179232534,0.6046851722558033,0
2025-04-25 09:50:00,2,0.3619112612320442,0.03240521028739181,0.6056835284805641,0
2025-04-25 09:55:00,2,0.003316663437707391,0.018046024482386888,0.9786373120799057,2
2025-04-25 10:00:00,2,0.0036511928848619313,0.018510943844288308,0.9778378632708498,2
2025-04-25 10:05:00,2,0.0049363786313068305,0.0429095634370749,0.9521540579316183,2
2025-04-25 10:10:00,1,0.3784851179697704,0.2699549416785223,0.3515599403517074,0
2025-04-25 10:15:00,1,0.3328567085484771,0.25606954713931607,0.4110737443122068,0
2025-04-25 10:20:00,2,0.009927360498583074,0.06723072268283188,0.922841916818585,2
2025-04-25 10:25:00,2,0.0039450519468189685,0.023287342043776547,0.9727676060094045,2
2025-04-25 10:30:00,2,0.006458469802758327,0.049528018872097304,0.9440135113251444,2
2025-04-25 10:35:00,1,0.3751339968770335,0.34218888856202956,0.28267711456093697,2
2025-04-25 10:40:00,1,0.44649608666620627,0.3069829086858641,0.2465210046479297,0
2025-04-25 10:45:00,1,0.3970651362192566,0.37642395306271476,0.2265109107180287,2
2025-04-25 10:50:00,2,0.008993513542550121,0.062013293274976185,0.9289931931824738,2
2025-04-25 10:55:00,2,0.024413829523618813,0.5676119660132466,0.4079742044631346,1
2025-04-25 11:00:00,2,0.026106189767848346,0.5074078592375502,0.46648595099460155,1
2025-04-25 11:05:00,1,0.45950181974778626,0.344008835550392,0.19648934470182178,0
2025-04-25 11:10:00,1,0.3305559327044669,0.4503101299137924,0.2191339373817406,1
2025-04-25 11:15:00,2,0.0259885849569583,0.5535417118486594,0.42046970319438226,1
2025-04-25 11:20:00,2,0.33951330387203277,0.42486606242503056,0.2356206337029366,1
2025-04-25 11:25:00,2,0.4544404942770991,0.37531149925711565,0.17024800646578528,0
2025-04-25 11:30:00,1,0.3768013727409957,0.4376459990379889,0.18555262822101545,1
2025-04-25 11:35:00,1,0.41990813637148755,0.37633612633591096,0.20375573729260155,2
2025-04-25 11:40:00,1,0.45258694912923625,0.363492079071014,0.18392097179974976,0
2025-04-25 11:45:00,2,0.3346369245510732,0.47856019731959637,0.18680287812933033,1
2025-04-25 11:50:00,0,0.42857689010470873,0.4071906009183981,0.1642325089768931,2
2025-04-25 11:55:00,0,0.4444437791229956,0.3667642108499839,0.18879201002702048,0
2025-04-25 12:00:00,0,0.4153696390372488,0.4043838867538074,0.18024647420894385,2
2025-04-25 12:05:00,0,0.33057263546110405,0.44535970116938406,0.22406766336951173,1
2025-04-25 12:10:00,2,0.2522524586410725,0.5616955720820891,0.18605196927683854,1
2025-04-25 12:15:00,2,0.23879441462185258,0.5882489318748764,0.17295665350327108,1
2025-04-25 12:20:00,0,0.2958593232366288,0.523689112491994,0.1804515642713771,1
2025-04-25 12:25:00,2,0.1961040264829596,0.5749784479376712,0.22891752557936915,1
2025-04-25 12:30:00,2,0.17663486837452894,0.6241467660269999,0.19921836559847103,1
2025-04-25 12:35:00,2,0.3281913106617172,0.035928789389172905,0.63587989994911,0
2025-04-25 12:40:00,0,0.17585229534595237,0.6395856763522314,0.1845620283018162,1
2025-04-25 12:45:00,0,0.16867089402027854,0.630555217402697,0.20077388857702438,1
2025-04-25 12:50:00,0,0.12432342037914274,0.6778751670882914,0.1978014125325659,1
2025-04-25 12:55:00,2,0.046648298286924426,0.012183200265844234,0.9411685014472313,2
2025-04-25 13:00:00,2,0.05926892991149513,0.011299143790044893,0.92943192629846,2
2025-04-25 13:05:00,2,0.048374184429879674,0.009000882086666662,0.9426249334834538,2
2025-04-25 13:10:00,2,0.031218496727056413,0.012720139568080125,0.9560613637048635,2
2025-04-25 13:15:00,2,0.023181226812350603,0.011714096425663954,0.9651046767619854,2
2025-04-25 13:20:00,2,0.034874952179917346,0.012526476203895544,0.9525985716161871,2
2025-04-25 13:25:00,0,0.27916797938293525,0.5107641732484159,0.21006784736864886,1
2025-04-25 13:30:00,2,0.0516793811888996,0.022665654210833157,0.9256549646002672,2
2025-04-25 13:35:00,0,0.17422091345460958,0.5107137980257105,0.3150652885196799,1
2025-04-25 13:40:00,2,0.040961291539990514,0.01906216181542139,0.9399765466445881,2
2025-04-25 13:45:00,2,0.02295808405961724,0.013192791915843941,0.9638491240245387,2
2025-04-25 13:50:00,2,0.019471210063637955,0.009711093984649524,0.9708176959517125,2
2025-04-25 13:55:00,2,0.015539565481618106,0.005857972123978237,0.9786024623944036,2
2025-04-25 14:00:00,2,0.16034282219029974,0.41387290500222224,0.425784272807478,1
2025-04-25 14:05:00,0,0.242269560359376,0.4636043377031907,0.29412610193743327,1
2025-04-25 14:10:00,2,0.23647549855627512,0.42532384965259823,0.33820065179112674,1
2025-04-25 14:15:00,1,0.22098470909099066,0.4324830393846602,0.34653225152434913,1
2025-04-25 14:20:00,1,0.20234683018953756,0.43994663127428335,0.3577065385361791,1
2025-04-25 14:25:00,1,0.19507944205565908,0.46189094993199364,0.34302960801234733,1
2025-04-25 14:30:00,2,0.24348504639808216,0.43709462144294203,0.31942033215897575,1
2025-04-25 14:35:00,2,0.23539711466487917,0.4311188010170713,0.3334840843180495,1
2025-04-25 14:40:00,2,0.20344519889490378,0.43813980167388383,0.3584149994312124,1
2025-04-25 14:45:00,2,0.16058411904073736,0.45862328313405787,0.3807925978252048,1
2025-04-25 14:50:00,2,0.19983173835017767,0.4321546063706889,0.36801365527913343,1
2025-04-25 14:55:00,2,0.19907578833100925,0.46906067590895967,0.331863535760031,1
2025-04-25 15:00:00,2,0.1884068055124492,0.42491826259188054,0.3866749318956702,1
2025-04-25 15:05:00,2,0.21118106730547662,0.4498100329715679,0.3390088997229555,1
2025-04-25 15:10:00,2,0.22869267935526127,0.3834620126756415,0.3878453079690972,1
2025-04-25 15:15:00,2,0.26571855231600383,0.3036995245418117,0.4305819231421844,2
2025-04-25 15:20:00,2,0.21349931371455005,0.07049325619261759,0.7160074300928324,2
2025-04-25 15:25:00,2,0.2838506265897289,0.06953661515317185,0.6466127582570993,2
2025-04-28 09:15:00,0,0.27080676614506466,0.36499459519900945,0.3641986386559258,1
2025-04-28 09:20:00,0,0.272141348874104,0.4243529545664604,0.3035056965594355,1
2025-04-28 09:25:00,0,0.23116689505061927,0.4593300920424098,0.30950301290697085,1
2025-04-28 09:30:00,2,0.19976075153584857,0.3093953974451665,0.490843851018985,1
2025-04-28 09:35:00,2,0.048018289366429004,0.1578189179136357,0.7941627927199352,2
2025-04-28 09:40:00,0,0.33270209756908004,0.31930864810703424,0.34798925432388567,2
2025-04-28 09:45:00,0,0.32289403403466743,0.3388826011833362,0.33822336478199644,2
2025-04-28 09:50:00,0,0.2533832313687832,0.3321296816918842,0.4144870869393326,1
2025-04-28 09:55:00,2,0.13915159855462345,0.20576241383584756,0.6550859876095291,2
2025-04-28 10:00:00,2,0.1248542195763233,0.19738025257395053,0.6777655278497262,2
2025-04-28 10:05:00,2,0.01646149126723265,0.0040319196487726295,0.9795065890839948,2
2025-04-28 10:10:00,2,0.014978436755733408,0.002015213673981385,0.9830063495702852,2
2025-04-28 10:15:00,2,0.02059064780024951,0.0021307273299949656,0.9772786248697556,2
2025-04-28 10:20:00,2,0.2642239781917988,0.3164804967176465,0.4192955250905547,1
2025-04-28 10:25:00,2,0.2430004250008176,0.29056708677550824,0.4664324882236742,2
2025-04-28 10:30:00,2,0.2165637073964447,0.31085685384473866,0.47257943875881664,1
2025-04-28 10:35:00,2,0.3207721443435959,0.370674069459495,0.30855378619690904,2
2025-04-28 10:40:00,0,0.3195270100230131,0.39581543321162943,0.2846575567653575,1
2025-04-28 10:45:00,2,0.30553723777762665,0.36850462647400956,0.32595813574836374,1
2025-04-28 10:50:00,2,0.33867003681344754,0.3134660197900807,0.34786394339647186,2
2025-04-28 10:55:00,1,0.3480596633250982,0.2663050546021119,0.38563528207278985,0
2025-04-28 11:00:00,1,0.3029139823407344,0.30262318802897564,0.39446282963029,2
2025-04-28 11:05:00,1,0.30712317891591107,0.30260256549008574,0.3902742555940032,2
2025-04-28 11:10:00,2,0.32554285153432283,0.39745108830457526,0.2770060601611018,1
2025-04-28 11:15:00,0,0.38650081858304086,0.35496111114890744,0.2585380702680517,2
2025-04-28 11:20:00,0,0.33248546690956265,0.4023270254333871,0.2651875076570503,1
2025-04-28 11:25:00,0,0.2808115574074611,0.3986962018182595,0.3204922407742794,1
2025-04-28 11:30:00,2,0.33960290081986905,0.2717777944623567,0.3886193047177741,0
2025-04-28 11:35:00,2,0.3126338157702516,0.2809474304705537,0.40641875375919456,2
2025-04-28 11:40:00,2,0.28629687134407333,0.2971207371971172,0.4165823914588095,2
2025-04-28 11:45:00,2,0.31314676432020333,0.29982910589051354,0.3870241297892831,2
2025-04-28 11:50:00,2,0.37287145998659804,0.2997450171312149,0.32738352288218714,0
2025-04-28 11:55:00,2,0.2955567128444033,0.29839331344809006,0.40604997370750656,2
2025-04-28 12:00:00,0,0.28021792781074445,0.3021899037403576,0.41759216844889785,2
2025-04-28 12:05:00,0,0.267983177926425,0.31483738538659306,0.4171794366869819,2
2025-04-28 12:10:00,0,0.2643739436416861,0.3241027566307732,0.4115232997275407,1
2025-04-28 12:15:00,2,0.04642469763522196,0.005687200502434258,0.9478881018623437,2
2025-04-28 12:20:00,2,0.07088309637321136,0.009604734030209696,0.9195121695965789,2
2025-04-28 12:25:00,2,0.26381750055188435,0.008479901011816044,0.7277025984362996,2
2025-04-28 12:30:00,2,0.2725847883459315,0.00960845178617542,0.7178067598678932,2
2025-04-28 12:35:00,2,0.3056140635521589,0.012324175936027325,0.6820617605118139,2
2025-04-28 12:40:00,2,0.31046242018792547,0.018420093888768394,0.6711174859233061,2
2025-04-28 12:45:00,2,0.31185229278921844,0.020175592340966768,0.6679721148698148,2
2025-04-28 12:50:00,2,0.29067238716648747,0.018085950279680983,0.6912416625538316,2
2025-04-28 12:55:00,2,0.27626040654691114,0.014637612802680975,0.7091019806504079,2
2025-04-28 13:00:00,2,0.25427580652466353,0.30305487417020405,0.4426693193051323,2
2025-04-28 13:05:00,2,0.27606476507825306,0.27152932612352687,0.45240590879822,2
2025-04-28 13:10:00,2,0.2756408183574139,0.2890731077918775,0.43528607385070867,2
2025-04-28 13:15:00,2,0.3497828932892619,0.2647425195703859,0.38547458714035227,0
2025-04-28 13:20:00,2,0.2916688866547951,0.2683094373780851,0.4400216759671199,2
2025-04-28 13:25:00,2,0.2742380818783957,0.2707097234720895,0.4550521946495148,2
2025-04-28 13:30:00,2,0.2917263217018216,0.24098367764470843,0.46729000065347004,2
2025-04-28 13:35:00,2,0.23744499193472965,0.20516191081562005,0.5573930972496502,2
2025-04-28 13:40:00,2,0.2048793494857141,0.18301899797668839,0.6121016525375975,2
2025-04-28 13:45:00,2,0.17341043349153648,0.18268806351466896,0.6439015029937946,2
2025-04-28 13:50:00,2,0.24603451965001893,0.21251397163058128,0.5414515087193997,2
2025-04-28 13:55:00,2,0.2236037446567482,0.17178481855290564,0.6046114367903461,2
2025-04-28 14:00:00,2,0.22040797103017173,0.1613405212719098,0.6182515076979185,2
2025-04-28 14:05:00,2,0.272901152913078,0.1586981699796806,0.5684006771072413,2
2025-04-28 14:10:00,1,0.18717869476832322,0.14096689772563387,0.671854407506043,2
2025-04-28 14:15:00,2,0.2178521258630194,0.23761583466020836,0.5445320394767722,2
2025-04-28 14:20:00,2,0.24184852460586814,0.24246761427668012,0.5156838611174518,2
2025-04-28 14:25:00,1,0.2463270123931304,0.2249164535491387,0.5287565340577308,2
2025-04-28 14:30:00,2,0.2796332531616527,0.1804424699819715,0.5399242768563758,2
2025-04-28 14:35:00,2,0.005952409995337045,0.04587476558696858,0.9481728244176945,2
2025-04-28 14:40:00,2,0.005506514547900047,0.05045490627783671,0.9440385791742633,2
2025-04-28 14:45:00,2,0.008579944941401988,0.0667662434967158,0.9246538115618823,2
2025-04-28 14:50:00,2,0.1756499661181323,0.23050368023913154,0.5938463536427362,2
2025-04-28 14:55:00,2,0.18395595185486455,0.22742653638663243,0.588617511758503,2
2025-04-28 15:00:00,2,0.1735236607337436,0.2276794582465545,0.5987968810197019,2
2025-04-28 15:05:00,2,0.19162782529641786,0.20122766359775565,0.6071445111058265,2
2025-04-28 15:10:00,2,0.16406672378541787,0.19935545927919268,0.6365778169353894,2
2025-04-28 15:15:00,2,0.1609006764916608,0.1620255466981059,0.6770737768102334,2
2025-04-28 15:20:00,2,0.17252607894562852,0.19631995767043908,0.6311539633839324,2
2025-04-28 15:25:00,2,0.20371217582163642,0.21496588476213044,0.5813219394162331,2
2025-04-29 09:15:00,2,0.015014125239745397,0.00378605531192177,0.9811998194483328,2
2025-04-29 09:20:00,2,0.010849717460460864,0.0035139232466123668,0.9856363592929267,2
2025-04-29 09:25:00,1,0.18980835678967142,0.3122888985665762,0.4979027446437523,1
2025-04-29 09:30:00,2,0.026521977841933556,0.005710746829722487,0.9677672753283438,2
2025-04-29 09:35:00,2,0.24966585394080665,0.40298931307491925,0.34734483298427404,1
2025-04-29 09:40:00,0,0.4363896867799518,0.29481075278637314,0.2687995604336752,0
2025-04-29 09:45:00,0,0.49239136843892356,0.2599689946762474,0.24763963688482904,0
2025-04-29 09:50:00,2,0.33058068821872855,0.4064360678461321,0.26298324393513933,1
2025-04-29 09:55:00,2,0.2867852184786729,0.42168877987559117,0.29152600164573594,1
2025-04-29 10:00:00,1,0.26538511008803933,0.37620706218008454,0.3584078277318761,1
2025-04-29 10:05:00,2,0.2928679275657278,0.3750648513171857,0.33206722111708664,1
2025-04-29 10:10:00,2,0.24580561547522095,0.3779749630850206,0.37621942143975834,1
2025-04-29 10:15:00,2,0.30051174671397046,0.3298353564398405,0.36965289684618907,2
2025-04-29 10:20:00,2,0.2257986679365953,0.33900944377313275,0.43519188829027183,1
2025-04-29 10:25:00,2,0.2689611733698494,0.315532965232554,0.4155058613975966,2
2025-04-29 10:30:00,2,0.2440614283263232,0.32954019714020194,0.4263983745334748,1
2025-04-29 10:35:00,2,0.3884069432488463,0.3487357125431348,0.262857344208019,2
2025-04-29 10:40:00,2,0.34003210920141497,0.3776931538250411,0.28227473697354405,2
2025-04-29 10:45:00,2,0.2956390353070683,0.3343085136301494,0.3700524510627822,2
2025-04-29 10:50:00,0,0.3070797493880629,0.3897011479461007,0.30321910266583635,1
2025-04-29 10:55:00,2,0.006555745391217284,0.0033774433754142274,0.9900668112333684,2
2025-04-29 11:00:00,2,0.0033472680373422335,0.0035823573289333888,0.9930703746337244,2
2025-04-29 11:05:00,2,0.00268560692454601,0.0031536648850868034,0.994160728190367,2
2025-04-29 11:10:00,2,0.003184432964631041,0.0028641382452221664,0.9939514287901469,2
2025-04-29 11:15:00,2,0.003359660546770334,0.0026681974076814443,0.9939721420455482,2
2025-04-29 11:20:00,2,0.002585783715203173,0.0025048170647009706,0.9949093992200958,2
2025-04-29 11:25:00,2,0.003044144620988833,0.0025812078843724866,0.9943746474946387,2
2025-04-29 11:30:00,2,0.002106793011141324,0.0025137856746272518,0.9953794213142314,2
2025-04-29 11:35:00,2,0.002015244567709623,0.0028706545386213297,0.995114100893669,2
2025-04-29 11:40:00,2,0.0020098602837248644,0.002571871162929859,0.9954182685533453,2
2025-04-29 11:45:00,2,0.0020622216844020567,0.0025750952748095713,0.9953626830407883,2
2025-04-29 11:50:00,2,0.005779793503652748,0.0030291637138931946,0.991191042782454,2
2025-04-29 11:55:00,2,0.009435382957006579,0.003574762289643678,0.9869898547533497,2
2025-04-29 12:00:00,2,0.0027355218364496915,0.002578468418445853,0.9946860097451046,2
2025-04-29 12:05:00,2,0.0033390671354384268,0.0025761316252846753,0.9940848012392768,2
2025-04-29 12:10:00,2,0.002667745709709474,0.0024217550291372077,0.9949104992611533,2
2025-04-29 12:15:00,2,0.0029035752499066937,0.0025533892671310288,0.9945430354829624,2
2025-04-29 12:20:00,2,0.002355584686017792,0.0023798325951513983,0.9952645827188308,2
2025-04-29 12:25:00,2,0.0027498900516580976,0.0026714430625059417,0.994578666885836,2
2025-04-29 12:30:00,2,0.0016541209608590555,0.002768516458005138,0.9955773625811357,2
2025-04-29 12:35:00,2,0.0016252003666747462,0.003718107335935444,0.9946566922973897,2
2025-04-29 12:40:00,2,0.0014803637619389739,0.003356098160677767,0.9951635380773832,2
2025-04-29 12:45:00,2,0.0013978395973325394,0.0025246410635122473,0.9960775193391551,2
2025-04-29 12:50:00,2,0.0035189113974927314,0.08021068034443865,0.9162704082580685,2
2025-04-29 12:55:00,2,0.0027764387558702427,0.056945775163524864,0.9402777860806049,2
2025-04-29 13:00:00,2,0.002868334011233601,0.1566950303894733,0.8404366355992932,2
2025-04-29 13:05:00,2,0.0015740109420849364,0.0027446083924365216,0.9956813806654785,2
2025-04-29 13:10:00,2,0.001675173990680713,0.0032786652976110717,0.9950461607117081,2
2025-04-29 13:15:00,2,0.0017729160135502048,0.0029977655160326228,0.9952293184704171,2
2025-04-29 13:20:00,2,0.0019076108399446268,0.0031797171872842774,0.9949126719727711,2
2025-04-29 13:25:00,2,0.0016026836136917655,0.0033841237141874255,0.9950131926721207,2
2025-04-29 13:30:00,2,0.0014711909813769437,0.0030813107201007406,0.9954474982985223,2
2025-04-29 13:35:00,2,0.0015398891257009388,0.0030667142927592234,0.9953933965815399,2
2025-04-29 13:40:00,2,0.0019957817465835657,0.0029910048261336426,0.9950132134272828,2
2025-04-29 13:45:00,2,0.0016421820232110891,0.0030625811958611138,0.9952952367809279,2
2025-04-29 13:50:00,2,0.0016429067686492107,0.00277956171801464,0.9955775315133361,2
2025-04-29 13:55:00,2,0.0015458632063186587,0.0028121415009847404,0.9956419952926966,2
2025-04-29 14:00:00,2,0.0014154767542775633,0.002831586289179321,0.9957529369565432,2
2025-04-29 14:05:00,2,0.001682380861758197,0.0030103658995678227,0.995307253238674,2
2025-04-29 14:10:00,2,0.0016898468243944705,0.0025667360542280513,0.9957434171213776,2
2025-04-29 14:15:00,2,0.0016702028219504961,0.002355902030822518,0.995973895147227,2
2025-04-29 14:20:00,2,0.001988919597701428,0.002558019440652649,0.995453060961646,2
2025-04-29 14:25:00,2,0.005853264438491084,0.003227055783294911,0.9909196797782139,2
2025-04-29 14:30:00,2,0.004281194696364665,0.002833164426129885,0.9928856408775054,2
2025-04-29 14:35:00,2,0.002286970567155344,0.0026593121206093763,0.9950537173122354,2
2025-04-29 14:40:00,2,0.0013464351585930458,0.002397818651999367,0.9962557461894075,2
2025-04-29 14:45:00,2,0.001189794396629323,0.0022333657988779006,0.9965768398044927,2
2025-04-29 14:50:00,2,0.0016250122438993902,0.0024338206935931427,0.9959411670625076,2
2025-04-29 14:55:00,2,0.004667197457482696,0.0026633608318118638,0.9926694417107055,2
2025-04-29 15:00:00,2,0.09826160531264279,0.005512995125639546,0.8962253995617178,2
2025-04-29 15:05:00,2,0.08304972448778504,0.005065016864834024,0.911885258647381,2
2025-04-29 15:10:00,2,0.13153290524827888,0.004665232325730343,0.8638018624259908,2
2025-04-29 15:15:00,2,0.0015319365638114047,0.002733363399627061,0.9957347000365615,2
2025-04-29 15:20:00,2,0.001783426591450221,0.002990479706075662,0.9952260937024742,2
2025-04-29 15:25:00,2,0.0033043442239120637,0.002648157931156014,0.9940474978449318,2
2025-04-30 09:15:00,2,0.06080799875530015,0.0048331484184807845,0.9343588528262191,2
2025-04-30 09:20:00,0,0.08033341574987202,0.004828444292067676,0.9148381399580603,2
2025-04-30 09:25:00,2,0.15038135607151776,0.3102979303927044,0.5393207135357777,1
2025-04-30 09:30:00,0,0.12447345259839313,0.3935925309560945,0.48193401644551237,1
2025-04-30 09:35:00,2,0.1271601257845671,0.3725131849378475,0.5003266892775854,1
2025-04-30 09:40:00,2,0.14620191575956848,0.3597824703761311,0.4940156138643003,1
2025-04-30 09:45:00,2,0.11985080566574487,0.3320919854051394,0.5480572089291157,1
2025-04-30 09:50:00,2,0.021447978268667733,0.029677979393478868,0.9488740423378533,2
2025-04-30 09:55:00,2,0.13018113498508463,0.3861897896950228,0.4836290753198926,1
2025-04-30 10:00:00,2,0.12467364343255212,0.4214853956329512,0.4538409609344968,1
2025-04-30 10:05:00,2,0.10803108778561553,0.36231221086093895,0.5296567013534454,1
2025-04-30 10:10:00,2,0.002155193679921118,0.002836262329210102,0.9950085439908687,2
2025-04-30 10:15:00,2,0.0017367496619019132,0.00273749001800817,0.99552576032009,2
2025-04-30 10:20:00,2,0.0019426442038632543,0.002758591626156306,0.9952987641699805,2
2025-04-30 10:25:00,2,0.005310606318763464,0.0026510673357877275,0.9920383263454489,2
2025-04-30 10:30:00,2,0.003715857186380183,0.0022815725013971017,0.9940025703122227,2
2025-04-30 10:35:00,2,0.07590004933265414,0.004547165451697735,0.919552785215648,2
2025-04-30 10:40:00,2,0.21371548696215006,0.394475520659736,0.39180899237811406,1
2025-04-30 10:45:00,0,0.20136659250460248,0.3773846800361103,0.42124872745928715,1
2025-04-30 10:50:00,2,0.19230172883675387,0.3488490084995888,0.45884926266365744,1
2025-04-30 10:55:00,2,0.13494205399082984,0.3988096616079664,0.4662482844012038,1
2025-04-30 11:00:00,2,0.11098682882029363,0.3833945462084675,0.5056186249712389,1
2025-04-30 11:05:00,2,0.163039418417293,0.37404635755035115,0.4629142240323559,1
2025-04-30 11:10:00,2,0.1770355132238364,0.3669177695229983,0.45604671725316526,1
2025-04-30 11:15:00,1,0.18110853130927973,0.40439574252846294,0.41449572616225744,1
2025-04-30 11:20:00,2,0.18602116060157076,0.4082344347803608,0.4057444046180685,1
2025-04-30 11:25:00,2,0.0022317941596621304,0.0023701615672647534,0.9953980442730731,2
2025-04-30 11:30:00,2,0.0026472563459054915,0.002437334997874229,0.9949154086562203,2
2025-04-30 11:35:00,2,0.0018550262897728792,0.0023789952591376736,0.9957659784510895,2
2025-04-30 11:40:00,2,0.002201519942657382,0.0023726634036436802,0.995425816653699,2
2025-04-30 11:45:00,2,0.002137589554483959,0.0024626807581081696,0.995399729687408,2
2025-04-30 11:50:00,2,0.001556966350901078,0.002518811720109816,0.9959242219289891,2
2025-04-30 11:55:00,2,0.0014165702621950571,0.002532361461073769,0.9960510682767311,2
2025-04-30 12:00:00,2,0.0013814943218583334,0.0030861475129919315,0.9955323581651496,2
2025-04-30 12:05:00,2,0.0016466807657577064,0.0025163332196213996,0.9958369860146209,2
2025-04-30 12:10:00,2,0.002481815928290166,0.0024689860200920043,0.9950491980516178,2
2025-04-30 12:15:00,2,0.0018074032021931723,0.002226831642089238,0.9959657651557176,2
2025-04-30 12:20:00,2,0.0017778472234120475,0.0026442939730629707,0.9955778588035251,2
2025-04-30 12:25:00,2,0.002692461084258723,0.002791618391616212,0.994515920524125,2
2025-04-30 12:30:00,2,0.002606992076603203,0.04066938414357525,0.9567236237798216,2
2025-04-30 12:35:00,2,0.0018748551326479843,0.00289626168973602,0.9952288831776159,2
2025-04-30 12:40:00,2,0.0020176319536750853,0.0028436795028472604,0.9951386885434775,2
2025-04-30 12:45:00,2,0.00217673921978793,0.002372869583354017,0.995450391196858,2
2025-04-30 12:50:00,2,0.0020311428219479156,0.002196272806675145,0.995772584371377,2
2025-04-30 12:55:00,2,0.004153669343120536,0.0022799005377121704,0.9935664301191672,2
2025-04-30 13:00:00,2,0.003515123674996293,0.0024955916135890855,0.9939892847114146,2
2025-04-30 13:05:00,2,0.0022546139346806514,0.0020391412352748065,0.9957062448300446,2
2025-04-30 13:10:00,2,0.0022218167787736187,0.0021020881901338885,0.9956760950310924,2
2025-04-30 13:15:00,2,0.0023445161766903347,0.0021392269417114984,0.9955162568815982,2
2025-04-30 13:20:00,2,0.0016275378226547489,0.002024259954178445,0.9963482022231669,2
2025-04-30 13:25:00,2,0.0020719063550606385,0.0019874657401102317,0.9959406279048291,2
2025-04-30 13:30:00,2,0.0014007624127224793,0.00199575645920967,0.996603481128068,2
2025-04-30 13:35:00,2,0.0012722981587763818,0.002257416281125546,0.9964702855600982,2
2025-04-30 13:40:00,2,0.0013129084488151391,0.0032945117388453495,0.9953925798123395,2
2025-04-30 13:45:00,2,0.001400020157394427,0.002112924388402831,0.9964870554542028,2
2025-04-30 13:50:00,2,0.0018587187398835072,0.0022832637889840515,0.9958580174711325,2
2025-04-30 13:55:00,2,0.001350334100054156,0.0020123111270301127,0.9966373547729157,2
2025-04-30 14:00:00,2,0.001335083045454096,0.002197765197868587,0.9964671517566772,2
2025-04-30 14:05:00,2,0.0018472221290616797,0.0022482187047167803,0.9959045591662214,2
2025-04-30 14:10:00,2,0.001537765424226619,0.0021124884257344633,0.9963497461500389,2
2025-04-30 14:15:00,2,0.0023585269386343422,0.0022584828362350136,0.9953829902251305,2
2025-04-30 14:20:00,2,0.0031475452479964193,0.00201471058118034,0.9948377441708233,2
2025-04-30 14:25:00,2,0.0013590162839227607,0.001776847764898745,0.9968641359511784,2
2025-04-30 14:30:00,2,0.0047863094267962,0.002243216156724261,0.9929704744164796,2
2025-04-30 14:35:00,2,0.0016990857265398627,0.002315160126031243,0.9959857541474288,2
2025-04-30 14:40:00,2,0.0013092527189661064,0.002149149717209505,0.9965415975638243,2
2025-04-30 14:45:00,2,0.0017780585048652396,0.003174419960523245,0.9950475215346116,2
2025-04-30 14:50:00,2,0.0019890111113093946,0.061980198125285095,0.9360307907634055,2
2025-04-30 14:55:00,2,0.0019349960185866026,0.004454323971384294,0.9936106800100292,2
2025-04-30 15:00:00,2,0.002450081729451985,0.004341527690774344,0.9932083905797737,2
2025-04-30 15:05:00,2,0.0026653771195097676,0.09300072921024446,0.9043338936702459,2
2025-04-30 15:10:00,2,0.0023353329837474987,0.003677198260841477,0.9939874687554111,2
2025-04-30 15:15:00,2,0.005524632452647002,0.003820166273702885,0.9906552012736501,2
2025-04-30 15:20:00,2,0.1177045598493048,0.005020725667066895,0.8772747144836284,2
2025-04-30 15:25:00,2,0.25941525935046605,0.06718148051668738,0.6734032601328466,2
2025-05-02 09:15:00,0,0.3577894336994387,0.32483664670399853,0.31737391959656275,2
2025-05-02 09:20:00,0,0.3141844563605337,0.3869815445633752,0.2988339990760911,1
2025-05-02 09:25:00,2,0.07355934579087267,0.17297766159929492,0.7534629926098324,2
2025-05-02 09:30:00,2,0.050732197519986436,0.1817690841718389,0.7674987183081746,2
2025-05-02 09:35:00,2,0.04100110402001335,0.10461107182211767,0.854387824157869,2
2025-05-02 09:40:00,2,0.11039172414475039,0.1240485236698569,0.7655597521853927,2
2025-05-02 09:45:00,2,0.06269389673895964,0.13229921163085706,0.8050068916301832,2
2025-05-02 09:50:00,2,0.04541935559106091,0.1273922376985323,0.8271884067104068,2
2025-05-02 09:55:00,2,0.03479591130773986,0.15090642648754385,0.8142976622047162,2
2025-05-02 10:00:00,2,0.0744563269945058,0.1224038124253537,0.8031398605801404,2
2025-05-02 10:05:00,2,0.04848013969812051,0.1334550858636342,0.8180647744382453,2
2025-05-02 10:10:00,1,0.031351621123441836,0.06535032979004242,0.9032980490865158,2
2025-05-02 10:15:00,1,0.19815658245040604,0.22519002271270605,0.5766533948368879,2
2025-05-02 10:20:00,2,0.21258362377256373,0.2358478124095182,0.5515685638179181,2
2025-05-02 10:25:00,2,0.23537762335257434,0.2863620504699449,0.47826032617748077,1
2025-05-02 10:30:00,2,0.22889144914779286,0.27863100795242635,0.49247754289978085,2
2025-05-02 10:35:00,1,0.30752753884263223,0.40772532451667703,0.28474713664069085,1
2025-05-02 10:40:00,1,0.28732583646078125,0.46703062382828114,0.24564353971093753,1
2025-05-02 10:45:00,1,0.31795283868310664,0.4409304346725647,0.24111672664432862,1
2025-05-02 10:50:00,2,0.4619210100437276,0.13598413918485247,0.4020948507714199,0
2025-05-02 10:55:00,2,0.41361180684852294,0.3703316897271338,0.21605650342434335,2
2025-05-02 11:00:00,2,0.45943242806029744,0.1331467764320145,0.40742079550768795,0
2025-05-02 11:05:00,1,0.36393474412054905,0.41780710828661494,0.218258147592836,1
2025-05-02 11:10:00,1,0.3943425848838186,0.37890507717246824,0.22675233794371313,2
2025-05-02 11:15:00,2,0.46100614016878066,0.11058528989118763,0.4284085699400317,0
2025-05-02 11:20:00,2,0.44753183941051955,0.09841271452824656,0.454055446061234,0
2025-05-02 11:25:00,2,0.37889874942625257,0.1334217182901926,0.4876795322835548,0
2025-05-02 11:30:00,2,0.5622679830766466,0.04621546543608276,0.3915165514872707,0
2025-05-02 11:35:00,2,0.4457607769419787,0.1278403548344136,0.4263988682236078,0
2025-05-02 11:40:00,2,0.41434461742314005,0.10319228345257887,0.48246309912428104,0
2025-05-02 11:45:00,2,0.42693970966386796,0.1290248730018441,0.4440354173342879,0
2025-05-02 11:50:00,1,0.3165470636362315,0.47465454102949345,0.20879839533427505,1
2025-05-02 11:55:00,1,0.2893402431643256,0.44921514936514345,0.261444607470531,1
2025-05-02 12:00:00,1,0.39310574281925853,0.3824749800857749,0.22441927709496656,2
2025-05-02 12:05:00,2,0.016284100150099515,0.06590623259740264,0.9178096672524978,2
2025-05-02 12:10:00,2,0.011816995112389518,0.061717819676151565,0.9264651852114589,2
2025-05-02 12:15:00,2,0.009007820744843917,0.048418739556423396,0.9425734396987328,2
2025-05-02 12:20:00,2,0.011117579441504967,0.07934505811723419,0.9095373624412608,2
2025-05-02 12:25:00,2,0.004789441192046084,0.03596858956991395,0.9592419692380398,2
2025-05-02 12:30:00,2,0.00913240993640075,0.06869217078103329,0.922175419282566,2
2025-05-02 12:35:00,2,0.3198093840409118,0.3962349988741151,0.283955617084973,1
2025-05-02 12:40:00,2,0.3889580706951713,0.3620405418431094,0.24900138746171924,2
2025-05-02 12:45:00,2,0.3343740923345731,0.40013802236582396,0.2654878852996029,1
2025-05-02 12:50:00,2,0.4148476727846786,0.3500951674054142,0.23505715980990727,0
2025-05-02 12:55:00,2,0.45028683872110853,0.3158504721188554,0.2338626891600362,0
2025-05-02 13:00:00,0,0.4116462121155083,0.3641956681595054,0.22415811972498634,2
2025-05-02 13:05:00,0,0.3786471142003141,0.37210466442792084,0.24924822137176497,2
2025-05-02 13:10:00,0,0.40050576351766143,0.3621301947746451,0.23736404170769346,2
2025-05-02 13:15:00,0,0.322449851516956,0.4082791354232749,0.2692710130597691,1
2025-05-02 13:20:00,2,0.07976290096891236,0.021141373242915717,0.8990957257881719,2
2025-05-02 13:25:00,2,0.06240104838844328,0.015005236434021775,0.922593715177535,2
2025-05-02 13:30:00,2,0.06346042531159644,0.010216986728311258,0.9263225879600924,2
2025-05-02 13:35:00,2,0.04135392814421947,0.008211541474563723,0.9504345303812168,2
2025-05-02 13:40:00,2,0.04970974053465241,0.009388348660198415,0.9409019108051493,2
2025-05-02 13:45:00,2,0.04533823576246585,0.00844049003881558,0.9462212741987185,2
2025-05-02 13:50:00,2,0.036949374296899436,0.008011724467656432,0.955038901235444,2
2025-05-02 13:55:00,2,0.2841608079223353,0.3098693111652495,0.40596988091241526,2
2025-05-02 14:00:00,2,0.24987844606786136,0.32529466548605385,0.42482688844608474,1
2025-05-02 14:05:00,1,0.24242142647578424,0.27568273491428963,0.4818958386099262,2
2025-05-02 14:10:00,1,0.3085402550761472,0.33567771681877406,0.3557820281050787,2
2025-05-02 14:15:00,1,0.30627209932237937,0.34632405416240425,0.34740384651521633,2
2025-05-02 14:20:00,2,0.3168594007459663,0.315571674673014,0.36756892458101975,2
2025-05-02 14:25:00,2,0.27734507212805176,0.08543093722740051,0.6372239906445477,2
2025-05-02 14:30:00,0,0.26440738010789994,0.0796952979716714,0.6558973219204286,2
2025-05-02 14:35:00,0,0.2893342865395563,0.3502157008321574,0.3604500126282864,1
2025-05-02 14:40:00,0,0.24594776164045692,0.3738550236131147,0.3801972147464285,1
2025-05-02 14:45:00,2,0.23581320433941577,0.37602366423752737,0.3881631314230568,1
2025-05-02 14:50:00,2,0.20972669140460135,0.3610006994347864,0.4292726091606123,1
2025-05-02 14:55:00,2,0.21135433530646006,0.3138575164603756,0.4747881482331644,1
2025-05-02 15:00:00,2,0.3251673105899717,0.3501061575282587,0.32472653188176964,2
2025-05-02 15:05:00,2,0.3042238131773244,0.33097291610571994,0.3648032707169556,2
2025-05-02 15:10:00,2,0.003945716650079195,0.003770212975848944,0.9922840703740717,2
2025-05-02 15:15:00,2,0.0048185482534389016,0.0036831783892101026,0.991498273357351,2
2025-05-02 15:20:00,2,0.004158108952635647,0.0031622044439002287,0.9926796866034641,2
2025-05-02 15:25:00,2,0.0043126641870738485,0.002888483415506068,0.99279885239742,2
2025-05-05 09:15:00,2,0.005139045279911193,0.18649577758966654,0.8083651771304223,2
2025-05-05 09:20:00,2,0.005679910948999288,0.21608306164124966,0.7782370274097511,2
2025-05-05 09:25:00,2,0.00818365446771271,0.16568848964217583,0.8261278558901114,2
2025-05-05 09:30:00,2,0.013991916451682893,0.030441190722965666,0.9555668928253513,2
2025-05-05 09:35:00,2,0.012669249546724439,0.033558005644869056,0.9537727448084065,2
2025-05-05 09:40:00,0,0.14153948290633894,0.2942976229325746,0.5641628941610864,1
2025-05-05 09:45:00,2,0.1393022502857984,0.30152093613476394,0.5591768135794377,1
2025-05-05 09:50:00,2,0.028107043221430518,0.10079258129624286,0.8711003754823265,2
2025-05-05 09:55:00,2,0.01798800340842408,0.10257540990593571,0.8794365866856403,2
2025-05-05 10:00:00,2,0.19408566807579136,0.2386597082840566,0.5672546236401521,2
2025-05-05 10:05:00,2,0.17785306499479558,0.17797641463763025,0.6441705203675742,2
2025-05-05 10:10:00,2,0.18098929744362044,0.2651410386144323,0.5538696639419473,1
2025-05-05 10:15:00,2,0.19429301345874384,0.19519169688098142,0.6105152896602748,2
2025-05-05 10:20:00,2,0.1950420692004837,0.2459309026161108,0.5590270281834054,2
2025-05-05 10:25:00,0,0.1875631945656586,0.267848670912144,0.5445881345221973,1
2025-05-05 10:30:00,2,0.16385968610427434,0.1584056158885719,0.6777346980071537,2
2025-05-05 10:35:00,2,0.04102785299042504,0.008002498677763524,0.9509696483318113,2
2025-05-05 10:40:00,2,0.028809589948639098,0.004341151704105651,0.9668492583472553,2
2025-05-05 10:45:00,2,0.049195206335932586,0.006153389556488183,0.9446514041075792,2
2025-05-05 10:50:00,2,0.3049248717747804,0.3103786162425427,0.38469651198267685,2
2025-05-05 10:55:00,2,0.3313543429201118,0.3545097297150426,0.3141359273648456,2
2025-05-05 11:00:00,2,0.33544478450389537,0.34112823872866005,0.3234269767674447,2
2025-05-05 11:05:00,2,0.27843878474118067,0.3626506218971211,0.35891059336169834,1
2025-05-05 11:10:00,2,0.2442081636401051,0.3664444211420137,0.38934741521788124,1
2025-05-05 11:15:00,2,0.27525915967355735,0.3488720218402668,0.3758688184861758,1
2025-05-05 11:20:00,1,0.2705640598451539,0.32251483184681484,0.4069211083080312,1
2025-05-05 11:25:00,2,0.28671996132515165,0.3528847939790453,0.36039524469580314,1
2025-05-05 11:30:00,1,0.2872339931544282,0.32103459803468276,0.3917314088108891,2
2025-05-05 11:35:00,1,0.33588062886200404,0.35925101493942496,0.30486835619857094,2
2025-05-05 11:40:00,2,0.3075269613276081,0.3692027319930673,0.32327030667932455,1
2025-05-05 11:45:00,2,0.31046357560646004,0.36047878394989674,0.3290576404436431,1
2025-05-05 11:50:00,2,0.011439069182832502,0.07760576011612812,0.9109551707010394,2
2025-05-05 11:55:00,2,0.2800236224548259,0.38013851673681404,0.3398378608083601,1
2025-05-05 12:00:00,2,0.2519019540009081,0.37681965943813517,0.3712783865609567,1
2025-05-05 12:05:00,2,0.27270870519510954,0.3659113615032883,0.36137993330160223,1
2025-05-05 12:10:00,2,0.2677186611260505,0.34086125225499114,0.39142008661895844,1
2025-05-05 12:15:00,2,0.27155560952495195,0.3852402038730537,0.3432041866019944,1
2025-05-05 12:20:00,2,0.27563250394658373,0.3700912632547983,0.35427623279861803,1
2025-05-05 12:25:00,2,0.23076452220599578,0.34414249649790446,0.42509298129609974,1
2025-05-05 12:30:00,2,0.22874461703110646,0.32947399473680156,0.441781388232092,1
2025-05-05 12:35:00,2,0.2412678836323799,0.329864615699878,0.4288675006677421,1
2025-05-05 12:40:00,2,0.0032562039851339354,0.0023089810670743733,0.9944348149477917,2
2025-05-05 12:45:00,2,0.002905107080123709,0.0022375653143628395,0.9948573276055135,2
2025-05-05 12:50:00,2,0.0029519552825632927,0.003325881421632866,0.9937221632958039,2
2025-05-05 12:55:00,2,0.0027979166599971755,0.004577787897261222,0.9926242954427416,2
2025-05-05 13:00:00,2,0.003011574236235343,0.0025387650271122392,0.9944496607366523,2
2025-05-05 13:05:00,2,0.003073595944560286,0.002025146307048295,0.9949012577483913,2
2025-05-05 13:10:00,2,0.0030561191841992,0.0020759572107981574,0.9948679236050028,2
2025-05-05 13:15:00,2,0.005988835439630409,0.0029683342714601877,0.9910428302889094,2
2025-05-05 13:20:00,2,0.003229107931669381,0.0023246981966439143,0.9944461938716868,2
2025-05-05 13:25:00,2,0.0030292449456907336,0.002221071215715801,0.9947496838385934,2
2025-05-05 13:30:00,2,0.003108814539588619,0.0025917532982764227,0.994299432162135,2
2025-05-05 13:35:00,2,0.0025453807531609003,0.0026770578459408313,0.9947775614008983,2
2025-05-05 13:40:00,2,0.0024357400906267054,0.0027033146402925794,0.9948609452690808,2
2025-05-05 13:45:00,2,0.003064564077726981,0.0024102932456599845,0.9945251426766131,2
2025-05-05 13:50:00,2,0.0027266885165170133,0.003748087651774176,0.9935252238317088,2
2025-05-05 13:55:00,2,0.002814607641781805,0.004118809816337709,0.9930665825418805,2
2025-05-05 14:00:00,2,0.003049415232012384,0.002873540686384886,0.9940770440816028,2
2025-05-05 14:05:00,2,0.0029962249916054965,0.025709562252110522,0.971294212756284,2
2025-05-05 14:10:00,2,0.20577054389854627,0.1949863361128897,0.5992431199885639,2
2025-05-05 14:15:00,2,0.19172485114515989,0.1997013986484583,0.6085737502063818,2
2025-05-05 14:20:00,2,0.1705916545458077,0.2396347172390612,0.5897736282151311,2
2025-05-05 14:25:00,2,0.002517885693278854,0.0020696401006871814,0.9954124742060338,2
2025-05-05 14:30:00,2,0.003338294204329904,0.002873109290487439,0.9937885965051826,2
2025-05-05 14:35:00,2,0.0033952962191001507,0.0023839448741273615,0.9942207589067724,2
2025-05-05 14:40:00,2,0.003729865167930597,0.0025971779120422247,0.9936729569200272,2
2025-05-05 14:45:00,2,0.003321418221143845,0.002396600738755123,0.9942819810401011,2
2025-05-05 14:50:00,2,0.002921313931982104,0.002475422365695158,0.9946032637023227,2
2025-05-05 14:55:00,2,0.003589499272419153,0.003001130832178248,0.9934093698954025,2
2025-05-05 15:00:00,2,0.0061070544176740306,0.003091486445008061,0.9908014591373179,2
2025-05-05 15:05:00,2,0.00533891407486381,0.002955815341799664,0.9917052705833365,2
2025-05-05 15:10:00,2,0.006052474821053451,0.003240505270405655,0.9907070199085409,2
2025-05-05 15:15:00,2,0.0034098304761109107,0.0027947556702500893,0.993795413853639,2
2025-05-05 15:20:00,2,0.0025779913536657234,0.002530292641447859,0.9948917160048865,2
2025-05-05 15:25:00,2,0.002818816500650661,0.002423453994364496,0.9947577295049849,2
2025-05-06 09:15:00,2,0.0032434127928578547,0.002852960458567664,0.9939036267485745,2
2025-05-06 09:20:00,2,0.006616001424670937,0.0031374464389212165,0.9902465521364078,2
2025-05-06 09:25:00,2,0.10556869683001764,0.004897325864346087,0.8895339773056363,2
2025-05-06 09:30:00,2,0.0033348639449165634,0.003018320410087489,0.9936468156449959,2
2025-05-06 09:35:00,2,0.0033886131435568578,0.002565722304022749,0.9940456645524204,2
2025-05-06 09:40:00,2,0.003915884962392018,0.0027572630381037227,0.9933268519995042,2
2025-05-06 09:45:00,2,0.004253346663781347,0.002859371084115767,0.9928872822521028,2
2025-05-06 09:50:00,2,0.12754049899845757,0.004448712090932046,0.8680107889106103,2
2025-05-06 09:55:00,2,0.17706312484960376,0.0038118785817342483,0.819124996568662,2
2025-05-06 10:00:00,2,0.0060529928526099185,0.0038217476691123128,0.9901252594782778,2
2025-05-06 10:05:00,2,0.07376745796079624,0.004576184439978974,0.9216563575992247,2
2025-05-06 10:10:00,2,0.16251689751311885,0.005832867899589236,0.8316502345872919,2
2025-05-06 10:15:00,2,0.1756038240580045,0.004253058361507594,0.820143117580488,2
2025-05-06 10:20:00,2,0.15089319127119669,0.004099682820988902,0.8450071259078143,2
2025-05-06 10:25:00,2,0.002554847974935128,0.002283882632470455,0.9951612693925944,2
2025-05-06 10:30:00,2,0.0022694940758108783,0.0019391465936273783,0.9957913593305616,2
2025-05-06 10:35:00,2,0.0028745477205703077,0.0028786260475670514,0.9942468262318627,2
2025-05-06 10:40:00,2,0.0025956601771137395,0.0028518198209207986,0.9945525200019654,2
2025-05-06 10:45:00,2,0.003170842278903877,0.0030254011186049193,0.9938037566024911,2
2025-05-06 10:50:00,2,0.0037520798033052415,0.0028837216221164253,0.9933641985745782,2
2025-05-06 10:55:00,2,0.0033054936626043096,0.0026391995966479607,0.9940553067407477,2
2025-05-06 11:00:00,2,0.003436778826627533,0.0029111905877033948,0.9936520305856691,2
2025-05-06 11:05:00,2,0.0038632881982770847,0.0026566681085090434,0.9934800436932137,2
2025-05-06 11:10:00,2,0.00359507554665392,0.0029166140642135634,0.9934883103891325,2
2025-05-06 11:15:00,2,0.0044720929013507,0.0028409334945672334,0.9926869736040821,2
2025-05-06 11:20:00,2,0.003951889315555122,0.002467042992784376,0.9935810676916605,2
2025-05-06 11:25:00,2,0.0069516566480381115,0.003103386034658702,0.9899449573173031,2
2025-05-06 11:30:00,2,0.006739690844630062,0.002537756505292009,0.990722552650078,2
2025-05-06 11:35:00,2,0.1424157002882982,0.0042442898754724845,0.8533400098362293,2
2025-05-06 11:40:00,2,0.26029147084594506,0.06769912593882649,0.6720094032152284,2
2025-05-06 11:45:00,2,0.23892043342915675,0.27561201287058007,0.4854675537002632,2
2025-05-06 11:50:00,2,0.215828712194792,0.31816627908134604,0.46600500872386197,1
2025-05-06 11:55:00,2,0.002609643753333828,0.0026152725166566633,0.9947750837300096,2
2025-05-06 12:00:00,2,0.003167963104078346,0.002993980797408214,0.9938380560985134,2
2025-05-06 12:05:00,2,0.0026232601536901683,0.002665394424157842,0.9947113454221519,2
2025-05-06 12:10:00,2,0.00227792038354493,0.0029158271657012806,0.9948062524507537,2
2025-05-06 12:15:00,2,0.002843487127892787,0.004139307547666343,0.9930172053244408,2
2025-05-06 12:20:00,2,0.002714174237658231,0.002785325215066537,0.9945005005472752,2
2025-05-06 12:25:00,2,0.0031711445980657895,0.0026593252045756383,0.9941695301973585,2
2025-05-06 12:30:00,2,0.003426862216662275,0.0031033675881231492,0.9934697701952145,2
2025-05-06 12:35:00,2,0.0030076287990595833,0.002965315214169258,0.9940270559867711,2
2025-05-06 12:40:00,2,0.003126519806233728,0.0027553672503838693,0.9941181129433825,2
2025-05-06 12:45:00,2,0.003291394348690925,0.002734941028498246,0.9939736646228108,2
2025-05-06 12:50:00,2,0.005242833172600606,0.00305618838427615,0.9917009784431231,2
2025-05-06 12:55:00,2,0.00457077832392499,0.002917474817648081,0.9925117468584268,2
2025-05-06 13:00:00,2,0.1773266725550267,0.0049732137070155795,0.8177001137379577,2
2025-05-06 13:05:00,2,0.003320089742908395,0.0026875878359224298,0.9939923224211692,2
2025-05-06 13:10:00,2,0.002782174145282981,0.00254179117082695,0.99467603468389,2
2025-05-06 13:15:00,2,0.0024103426439068903,0.0026368445467890443,0.994952812809304,2
2025-05-06 13:20:00,2,0.0029475556575510706,0.0028191316869785677,0.9942333126554703,2
2025-05-06 13:25:00,2,0.0028618425785104738,0.002583895810181992,0.9945542616113076,2
2025-05-06 13:30:00,2,0.002845673148337762,0.002444283752537514,0.9947100430991247,2
2025-05-06 13:35:00,2,0.002799218323666749,0.0031544627883314407,0.9940463188880018,2
2025-05-06 13:40:00,2,0.0027130984383773103,0.0025964779131545474,0.9946904236484682,2
2025-05-06 13:45:00,2,0.0028974225602692396,0.002652621308886647,0.9944499561308441,2
2025-05-06 13:50:00,2,0.0032613510557654704,0.004462723405233918,0.9922759255390006,2
2025-05-06 13:55:00,2,0.002825816166187447,0.04287516009029693,0.9542990237435156,2
2025-05-06 14:00:00,2,0.003082168282580122,0.0030451367349616514,0.9938726949824583,2
2025-05-06 14:05:00,2,0.002943801395030553,0.002284775702516254,0.9947714229024532,2
2025-05-06 14:10:00,2,0.0027257749832810805,0.0021424503439049698,0.995131774672814,2
2025-05-06 14:15:00,2,0.0023903023346534893,0.0022924719970793734,0.9953172256682671,2
2025-05-06 14:20:00,2,0.17921999715614956,0.005327386708954756,0.8154526161348957,2
2025-05-06 14:25:00,2,0.003283909113134986,0.0028550459530330943,0.9938610449338319,2
2025-05-06 14:30:00,2,0.0030381530830488725,0.002897155894545531,0.9940646910224057,2
2025-05-06 14:35:00,2,0.0029131889346349,0.0029157109080279893,0.994171100157337,2
2025-05-06 14:40:00,2,0.002673265361809527,0.002560792540554843,0.9947659420976356,2
2025-05-06 14:45:00,2,0.0030709744961651526,0.0031355834439999197,0.993793442059835,2
2025-05-06 14:50:00,2,0.0037300873481746727,0.0026045235072419542,0.9936653891445834,2
2025-05-06 14:55:00,2,0.19393565656945613,0.26950879874295436,0.5365555446875895,1
2025-05-06 15:00:00,2,0.20346254575662762,0.3496051910927608,0.4469322631506116,1
2025-05-06 15:05:00,2,0.1586542702480313,0.28567186716977505,0.5556738625821936,1
2025-05-06 15:10:00,2,0.2096564225430946,0.29630235698791246,0.49404122046899307,1
2025-05-06 15:15:00,2,0.19704387730239414,0.3692507677275392,0.4337053549700667,1
2025-05-06 15:20:00,2,0.18062458461800585,0.34502011333378746,0.4743553020482067,1
2025-05-06 15:25:00,2,0.20706953698721914,0.06757069318334626,0.7253597698294345,2
2025-05-07 09:15:00,0,0.411662455925333,0.2866271018504117,0.3017104422242554,0
2025-05-07 09:20:00,0,0.3562177560560675,0.25948524337330087,0.3842970005706317,0
2025-05-07 09:25:00,2,0.3630762705280075,0.23661134824123237,0.4003123812307602,0
2025-05-07 09:30:00,2,0.03422403923261848,0.006306244996544435,0.9594697157708371,2
2025-05-07 09:35:00,1,0.3924013694240763,0.3118017242323505,0.29579690634357325,0
2025-05-07 09:40:00,1,0.42765193830266285,0.28622402982792206,0.28612403186941504,0
2025-05-07 09:45:00,2,0.45221558718463056,0.3199835037906983,0.22780090902467115,0
2025-05-07 09:50:00,2,0.37862634837659404,0.2678392429759289,0.3535344086474772,0
2025-05-07 09:55:00,1,0.44146591543994124,0.3200446183355867,0.23848946622447204,0
2025-05-07 10:00:00,1,0.40377180831021153,0.3496696225281131,0.24655856916167534,0
2025-05-07 10:05:00,0,0.2743758151274071,0.37655499725488856,0.3490691876177043,1
2025-05-07 10:10:00,2,0.3195334155455131,0.360049338506043,0.3204172459484439,2
2025-05-07 10:15:00,0,0.22668522292753118,0.32211790478004115,0.4511968722924276,1
2025-05-07 10:20:00,2,0.39818402544936293,0.28516320339140844,0.31665277115922863,0
2025-05-07 10:25:00,2,0.3290098545051861,0.28637960367959187,0.38461054181522203,2
2025-05-07 10:30:00,2,0.3213346229479241,0.28693489370387776,0.3917304833481981,2
2025-05-07 10:35:00,1,0.42646632852228167,0.29951952577978413,0.2740141456979343,0
2025-05-07 10:40:00,2,0.45597251415510615,0.2895229940374032,0.25450449180749063,0
2025-05-07 10:45:00,2,0.43983664607652845,0.2895640338304139,0.2705993200930576,0
2025-05-07 10:50:00,2,0.4694426824465825,0.28767850442027365,0.24287881313314388,0
2025-05-07 10:55:00,0,0.46888848582080617,0.2729917671836713,0.25811974699552265,0
2025-05-07 11:00:00,0,0.45366522594011094,0.2801670271447653,0.2661677469151238,0
2025-05-07 11:05:00,0,0.4430071501534378,0.26753428358604137,0.28945856626052097,0
2025-05-07 11:10:00,0,0.44259550858307195,0.2677693876276938,0.28963510378923407,0
2025-05-07 11:15:00,0,0.4312660498253074,0.23175240543952247,0.3369815447351701,0
2025-05-07 11:20:00,2,0.430068848748044,0.19508776858748733,0.3748433826644686,0
2025-05-07 11:25:00,2,0.4309886060615944,0.19144467263042975,0.37756672130797586,0
2025-05-07 11:30:00,2,0.45943334975249445,0.01724923906321704,0.5233174111842885,0
2025-05-07 11:35:00,1,0.4480154164656731,0.24739802792221383,0.30458655561211306,0
2025-05-07 11:40:00,1,0.44092003800851604,0.231086182668691,0.32799377932279306,0
2025-05-07 11:45:00,2,0.4533245866734067,0.28376669901610985,0.26290871431048357,0
2025-05-07 11:50:00,2,0.44018709861846267,0.28912754835198834,0.27068535302954905,0
2025-05-07 11:55:00,2,0.4474055917174351,0.28807365402434293,0.26452075425822197,0
2025-05-07 12:00:00,2,0.4108646189970964,0.2810615853357858,0.30807379566711784,0
2025-05-07 12:05:00,2,0.3774408625137259,0.29154154904192314,0.331017588444351,0
2025-05-07 12:10:00,2,0.3724607644864364,0.2653452539970532,0.3621939815165103,0
2025-05-07 12:15:00,2,0.38057316668991764,0.2865431395434596,0.3328836937666228,0
2025-05-07 12:20:00,2,0.42061661328089556,0.2570370310431002,0.32234635567600434,0
2025-05-07 12:25:00,2,0.3853333815081542,0.24307224207338188,0.37159437641846393,0
2025-05-07 12:30:00,2,0.3794862101901606,0.2448465926150454,0.3756671971947939,0
2025-05-07 12:35:00,2,0.399964327664792,0.2745102930368698,0.32552537929833814,0
2025-05-07 12:40:00,2,0.4004153893186024,0.2531523630883132,0.34643224759308444,0
2025-05-07 12:45:00,1,0.24505461056662908,0.29436996971893375,0.46057541971443716,2
2025-05-07 12:50:00,1,0.380557437470363,0.24998365451198873,0.36945890801764825,0
2025-05-07 12:55:00,2,0.37997081900804636,0.2592428222295678,0.36078635876238585,0
2025-05-07 13:00:00,2,0.39097334829412733,0.27392449715206346,0.3351021545538092,0
2025-05-07 13:05:00,2,0.37467066203601695,0.2540956522134708,0.3712336857505123,0
2025-05-07 13:10:00,2,0.31331731775833166,0.2631583817821302,0.42352430045953826,2
2025-05-07 13:15:00,2,0.32300122837196743,0.26043995527240976,0.41655881635562275,0
2025-05-07 13:20:00,2,0.3346009797686826,0.25152066242079013,0.4138783578105273,0
2025-05-07 13:25:00,2,0.3437596703273035,0.23648240468698498,0.4197579249857115,0
2025-05-07 13:30:00,2,0.31579704664144687,0.23628764085005585,0.4479153125084973,2
2025-05-07 13:35:00,2,0.27618983407344766,0.19571066751883753,0.5280994984077148,2
2025-05-07 13:40:00,2,0.23892402657622225,0.20889764451400142,0.5521783289097764,2
2025-05-07 13:45:00,0,0.2076480776028818,0.2132822409137407,0.5790696814833776,2
2025-05-07 13:50:00,0,0.2602839307993826,0.2020937395668994,0.5376223296337179,2
2025-05-07 13:55:00,0,0.26501659313952625,0.16548231231979196,0.5695010945406818,2
2025-05-07 14:00:00,2,0.0455420391743587,0.004837573170294765,0.9496203876553464,2
2025-05-07 14:05:00,2,0.04137482250149867,0.004254411167601744,0.9543707663308996,2
2025-05-07 14:10:00,2,0.048153696688377774,0.005072705524620821,0.9467735977870014,2
2025-05-07 14:15:00,2,0.2693778083475586,0.24983418369589974,0.4807880079565417,2
2025-05-07 14:20:00,0,0.2854727809533026,0.28474603678362265,0.4297811822630748,2
2025-05-07 14:25:00,2,0.3208416127474911,0.2438923673938266,0.43526601985868224,0
2025-05-07 14:30:00,2,0.3199615822852984,0.18639982280734235,0.4936385949073592,2
2025-05-07 14:35:00,2,0.3190738369675604,0.19567688746555395,0.4852492755668856,2
2025-05-07 14:40:00,2,0.320552882116655,0.17453928721984677,0.5049078306634982,0
2025-05-07 14:45:00,2,0.32379996888849755,0.1906097437770642,0.48559028733443826,0
2025-05-07 14:50:00,2,0.3149523347276532,0.21450092202044432,0.4705467432519024,2
2025-05-07 14:55:00,2,0.34921120680332374,0.2347341529837668,0.4160546402129094,0
2025-05-07 15:00:00,2,0.3318036746627941,0.17697874050471368,0.49121758483249217,0
2025-05-07 15:05:00,2,0.32073470599505044,0.18904495728264883,0.49022033672230075,0
2025-05-07 15:10:00,2,0.3504117147077505,0.16914677642316545,0.48044150886908404,0
2025-05-07 15:15:00,2,0.34553346785218403,0.18096310474652444,0.4735034274012916,0
2025-05-07 15:20:00,2,0.3226597177233914,0.17058978296322894,0.5067504993133797,0
2025-05-07 15:25:00,2,0.3177903280946379,0.18442482043286446,0.4977848514724975,2
2025-05-08 09:15:00,2,0.2099624959768071,0.314032948311451,0.47600455571174205,1
2025-05-08 09:20:00,2,0.1844307875165194,0.3252145891383162,0.49035462334516455,1
2025-05-08 09:25:00,2,0.1744256739504505,0.33423175710124753,0.491342568948302,1
2025-05-08 09:30:00,2,0.2160594141124817,0.2857440105642254,0.4981965753232928,1
2025-05-08 09:35:00,2,0.20450531362059376,0.2956811441453507,0.49981354223405555,1
2025-05-08 09:40:00,2,0.18412302360522093,0.25700869963112827,0.5588682767636508,1
2025-05-08 09:45:00,2,0.22309017044493876,0.23127818515234225,0.545631644402719,2
2025-05-08 09:50:00,2,0.17806307148422124,0.23930055297640127,0.5826363755393775,2
2025-05-08 09:55:00,2,0.1847979683308617,0.2472631486216061,0.5679388830475322,2
2025-05-08 10:00:00,2,0.19016770946804512,0.2682998137545327,0.5415324767774222,1
2025-05-08 10:05:00,2,0.12184771680614401,0.18096754513464255,0.6971847380592134,2
2025-05-08 10:10:00,2,0.12624427280900438,0.1868070050387037,0.6869487221522919,2
2025-05-08 10:15:00,2,0.13732306815187814,0.18754282824721588,0.675134103600906,2
2025-05-08 10:20:00,2,0.13776157731654787,0.1990273468182078,0.6632110758652443,2
2025-05-08 10:25:00,2,0.11661583676617569,0.15593888127784142,0.7274452819559829,2
2025-05-08 10:30:00,2,0.12284907533833152,0.1587987017523645,0.7183522229093041,2
2025-05-08 10:35:00,2,0.22472080286020107,0.2903688830205144,0.4849103141192845,1
2025-05-08 10:40:00,2,0.23207761832368726,0.27842889925533576,0.489493482420977,2
2025-05-08 10:45:00,2,0.22981025037448646,0.28621848091765556,0.4839712687078579,1
2025-05-08 10:50:00,2,0.22213965258578394,0.2673264587420897,0.5105338886721263,2
2025-05-08 10:55:00,2,0.23191178872962465,0.24757121759705455,0.5205169936733207,2
2025-05-08 11:00:00,2,0.2414871873668863,0.23043177516731334,0.5280810374658004,2
2025-05-08 11:05:00,2,0.23309256201517844,0.22000266005156816,0.5469047779332534,2
2025-05-08 11:10:00,2,0.21749212764202583,0.23150336925835333,0.5510045030996209,2
2025-05-08 11:15:00,2,0.23816506204666096,0.22122372234124782,0.5406112156120912,2
2025-05-08 11:20:00,2,0.1320414011020276,0.24817285443037748,0.6197857444675948,2
2025-05-08 11:25:00,2,0.20639355545207463,0.2176342183441069,0.5759722262038185,2
2025-05-08 11:30:00,2,0.20172208223208862,0.2112111362515949,0.5870667815163165,2
2025-05-08 11:35:00,2,0.18133001163604381,0.19632078996052865,0.6223491984034276,2
2025-05-08 11:40:00,2,0.12673178146164088,0.2007579421384844,0.6725102763998746,2
2025-05-08 11:45:00,2,0.1963453659723976,0.20851067987525976,0.5951439541523427,2
2025-05-08 11:50:00,2,0.2104547515060419,0.21388694302175001,0.5756583054722081,2
2025-05-08 11:55:00,2,0.1394736059494328,0.22923995940229822,0.631286434648269,2
2025-05-08 12:00:00,2,0.2028362210673675,0.1976814348289762,0.5994823441036563,2
2025-05-08 12:05:00,2,0.21542513443560826,0.22522707731624156,0.5593477882481502,2
2025-05-08 12:10:00,2,0.21408367746880935,0.21823991749387617,0.5676764050373145,2
2025-05-08 12:15:00,2,0.2185739330641293,0.2155361951938414,0.5658898717420292,2
2025-05-08 12:20:00,2,0.21444327868901616,0.2127345911857539,0.57282213012523,2
2025-05-08 12:25:00,2,0.20726000146409715,0.21989839401541678,0.572841604520486,2
2025-05-08 12:30:00,2,0.13300521166362042,0.2251640416970996,0.64183074663928,2
2025-05-08 12:35:00,2,0.20158222778424714,0.21898083391859496,0.5794369382971579,2
2025-05-08 12:40:00,2,0.2185975963825606,0.2330306897224992,0.5483717138949402,2
2025-05-08 12:45:00,2,0.17067429667881043,0.2327290028762911,0.5965967004448984,2
2025-05-08 12:50:00,2,0.18363878645207676,0.20329212199129448,0.6130690915566288,2
2025-05-08 12:55:00,2,0.15872048726984817,0.221503676823793,0.6197758359063589,2
2025-05-08 13:00:00,2,0.2197058949107129,0.23845539240140445,0.5418387126878826,2
2025-05-08 13:05:00,2,0.010327000665111916,0.04671605658004124,0.9429569427548469,2
2025-05-08 13:10:00,2,0.006616310452114145,0.045245576520803785,0.9481381130270821,2
2025-05-08 13:15:00,2,0.005547946944209048,0.039863862763328914,0.954588190292462,2
2025-05-08 13:20:00,2,0.005457116007954914,0.04153844818949442,0.9530044358025507,2
2025-05-08 13:25:00,2,0.006306950951012154,0.06403257130367214,0.9296604777453158,2
2025-05-08 13:30:00,2,0.19172837737387138,0.2768181995045537,0.531453423121575,1
2025-05-08 13:35:00,2,0.005306716349803375,0.047481002687649834,0.9472122809625467,2
2025-05-08 13:40:00,2,0.014826096762748127,0.3370185784805355,0.6481553247567163,1
2025-05-08 13:45:00,2,0.21696310321336051,0.3379958502113811,0.4450410465752583,1
2025-05-08 13:50:00,2,0.2152239419527488,0.3651903386625495,0.41958571938470174,1
2025-05-08 13:55:00,2,0.02042962615317194,0.3823368191279436,0.5972335547188845,1
2025-05-08 14:00:00,2,0.19982856226931545,0.301110302615756,0.4990611351149286,1
2025-05-08 14:05:00,2,0.19260583124178515,0.33855005972824254,0.4688441090299723,1
2025-05-08 14:10:00,2,0.022829967394625592,0.37875029871939775,0.5984197338859766,1
2025-05-08 14:15:00,2,0.23244844091044714,0.2983939547048282,0.4691576043847246,1
2025-05-08 14:20:00,2,0.18894238063784874,0.2903919362639006,0.5206656830982507,1
2025-05-08 14:25:00,2,0.18640301434953596,0.3161006785389452,0.49749630711151877,1
2025-05-08 14:30:00,2,0.21575085952994566,0.320793974111047,0.46345516635900724,1
2025-05-08 14:35:00,1,0.1993597705553797,0.28060646328651906,0.5200337661581013,1
2025-05-08 14:40:00,1,0.20170538577039468,0.2825909356337954,0.5157036785958099,1
2025-05-08 14:45:00,1,0.19425934835997027,0.35636475361280034,0.4493758980272293,1
2025-05-08 14:50:00,2,0.013538324354326593,0.4262404267560216,0.5602212488896519,1
2025-05-08 14:55:00,2,0.011442527238340055,0.5196989514420025,0.4688585213196575,1
2025-05-08 15:00:00,2,0.24835127311727748,0.44212526379011424,0.30952346309260814,1
2025-05-08 15:05:00,2,0.2626887235776489,0.359211491654907,0.37809978476744416,1
2025-05-08 15:10:00,2,0.2928225015886353,0.3193628643045554,0.3878146341068094,2
2025-05-08 15:15:00,2,0.25877460541664515,0.40715130374216907,0.33407409084118594,1
2025-05-08 15:20:00,2,0.017764606488644988,0.5003648454430041,0.48187054806835095,1
2025-05-08 15:25:00,2,0.009818072565932203,0.5014897218962627,0.488692205537805,1
2025-05-09 09:15:00,1,0.024678148234798063,0.4889332649611013,0.48638858680410063,1
2025-05-09 09:20:00,2,0.0166866884568011,0.5365809508273451,0.44673236071585376,1
2025-05-09 09:25:00,2,0.01663815669407211,0.5495557514996667,0.43380609180626106,1
2025-05-09 09:30:00,2,0.012806683490067937,0.48735469311180174,0.49983862339813023,1
2025-05-09 09:35:00,1,0.03140004801336535,0.568878840891617,0.39972111109501757,1
2025-05-09 09:40:00,1,0.03125980597104447,0.5188766422876261,0.4498635517413294,1
2025-05-09 09:45:00,1,0.033526099403827635,0.5261276377206888,0.44034626287548345,1
2025-05-09 09:50:00,1,0.02558113473409679,0.4780813629234528,0.49633750234245044,1
2025-05-09 09:55:00,2,0.019777373141586785,0.46858930895038314,0.51163331790803,1
2025-05-09 10:00:00,2,0.013556629350728489,0.49748621943530724,0.48895715121396427,1
2025-05-09 10:05:00,2,0.010414846690597095,0.4051910832614241,0.5843940700479788,1
2025-05-09 10:10:00,2,0.35630766599492475,0.2927470541564658,0.35094527984860946,0
2025-05-09 10:15:00,2,0.4384616087743882,0.24064983075732396,0.32088856046828773,0
2025-05-09 10:20:00,1,0.40258500409618425,0.264169912800048,0.3332450831037677,0
2025-05-09 10:25:00,2,0.44617565242022617,0.22348618571811354,0.3303381618616603,0
2025-05-09 10:30:00,2,0.43357350144919865,0.27397414691739086,0.2924523516334105,0
2025-05-09 10:35:00,1,0.5748841796959105,0.27549625159426044,0.149619568709829,0
2025-05-09 10:40:00,2,0.5460088340537967,0.29234686058058834,0.16164430536561483,0
2025-05-09 10:45:00,2,0.4970946992863705,0.3071326764670461,0.19577262424658332,0
2025-05-09 10:50:00,2,0.039145712340529354,0.5695284453853336,0.39132584227413697,1
2025-05-09 10:55:00,0,0.49539478003718646,0.30441556146475324,0.20018965849806017,0
2025-05-09 11:00:00,2,0.4906748268128089,0.2821309700195548,0.22719420316763633,0
2025-05-09 11:05:00,0,0.49456416359029265,0.2831213225774838,0.22231451383222361,0
2025-05-09 11:10:00,0,0.47223838642393406,0.3050972088479437,0.22266440472812216,0
2025-05-09 11:15:00,0,0.46327889368727515,0.2977741996553661,0.23894690665735865,0
2025-05-09 11:20:00,0,0.4730098645762596,0.29832244783259504,0.22866768759114536,0
2025-05-09 11:25:00,2,0.5908843527303145,0.015893563666125373,0.39322208360356015,0
2025-05-09 11:30:00,2,0.5915816468968849,0.019065686210870746,0.3893526668922444,0
2025-05-09 11:35:00,1,0.5146616957278821,0.2907093915975134,0.19462891267460444,0
2025-05-09 11:40:00,2,0.4894570831555606,0.3129853791646804,0.19755753767975914,0
2025-05-09 11:45:00,2,0.5278567442852632,0.3057378949163133,0.16640536079842336,0
2025-05-09 11:50:00,2,0.49844780735569294,0.30838332247163736,0.1931688701726695,0
2025-05-09 11:55:00,2,0.4712769403916322,0.33367187461101266,0.19505118499735521,0
2025-05-09 12:00:00,2,0.47730485649356286,0.3369813342856527,0.18571380922078448,0
2025-05-09 12:05:00,2,0.48751429624318476,0.28449323717913055,0.2279924665776846,0
2025-05-09 12:10:00,2,0.48775169652423633,0.3114356289272181,0.2008126745485457,0
2025-05-09 12:15:00,2,0.48513785445359914,0.31383884392723704,0.20102330161916376,0
2025-05-09 12:20:00,2,0.49632106743142956,0.29572068045567457,0.2079582521128959,0
2025-05-09 12:25:00,1,0.4791330114391707,0.3063841236296451,0.21448286493118413,0
2025-05-09 12:30:00,2,0.415005904405377,0.3821163099731565,0.20287778562146652,2
2025-05-09 12:35:00,0,0.44925050411810624,0.33761119451185106,0.21313830137004278,0
2025-05-09 12:40:00,0,0.44908624223944127,0.3339568323324815,0.21695692542807707,0
2025-05-09 12:45:00,2,0.46131876175480846,0.3046478186724503,0.23403341957274126,0
2025-05-09 12:50:00,1,0.46909791531658795,0.2809436490687032,0.24995843561470873,0
2025-05-09 12:55:00,1,0.47640052481802625,0.2937189200274513,0.22988055515452246,0
2025-05-09 13:00:00,2,0.4407936654443918,0.33748549919456655,0.22172083536104173,0
2025-05-09 13:05:00,2,0.44019630935461546,0.34622496885024917,0.21357872179513543,0
2025-05-09 13:10:00,1,0.4382104500493794,0.33936827437403133,0.22242127557658925,0
2025-05-09 13:15:00,1,0.4696893367602003,0.29648227210568945,0.23382839113411025,0
2025-05-09 13:20:00,2,0.3579462153483975,0.4508909074971845,0.19116287715441793,1
2025-05-09 13:25:00,2,0.3381025763146042,0.4563082453365392,0.20558917834885654,1
2025-05-09 13:30:00,2,0.4378877933754207,0.37968979628098687,0.18242241034359252,0
2025-05-09 13:35:00,0,0.35186641004265634,0.3140869528518266,0.3340466371055169,2
2025-05-09 13:40:00,2,0.39101515873851095,0.3036457994831525,0.30533904177833654,0
2025-05-09 13:45:00,2,0.357943847794061,0.33993986097957535,0.3021162912263636,2
2025-05-09 13:50:00,2,0.35067625512245765,0.28809426604846405,0.36122947882907835,0
2025-05-09 13:55:00,2,0.37661009792234673,0.30074951895403595,0.3226403831236174,0
2025-05-09 14:00:00,2,0.39358886555698014,0.2744773592163445,0.33193377522667544,0
2025-05-09 14:05:00,2,0.35917721929620966,0.28909499940440414,0.3517277812993862,0
2025-05-09 14:10:00,1,0.3495558097832401,0.30127803462386105,0.34916615559289893,2
2025-05-09 14:15:00,2,0.3621565683307483,0.3174538574843875,0.3203895741848643,2
2025-05-09 14:20:00,2,0.35072261293207485,0.3606978297301335,0.2885795573377916,2
2025-05-09 14:25:00,2,0.30312729719640563,0.38072176681765607,0.31615093598593835,1
2025-05-09 14:30:00,2,0.3577376988952233,0.34153130800064946,0.3007309931041274,2
2025-05-09 14:35:00,2,0.31585638644081904,0.29716475329157493,0.38697886026760603,2
2025-05-09 14:40:00,0,0.3069883414308921,0.2978227617761483,0.39518889679295965,2
2025-05-09 14:45:00,2,0.31098190355989686,0.259564093288654,0.4294540031514491,2
2025-05-09 14:50:00,2,0.35574388602456003,0.2682055306410232,0.37605058333441665,0
2025-05-09 14:55:00,2,0.35662233981402036,0.1905530876170318,0.4528245725689477,0
2025-05-09 15:00:00,2,0.3414184704009661,0.26750935676422255,0.3910721728348113,0
2025-05-09 15:05:00,2,0.34717564762059344,0.29210518275436886,0.3607191696250377,0
2025-05-09 15:10:00,2,0.2941036662150394,0.2736819413519299,0.43221439243303056,2
2025-05-09 15:15:00,2,0.33224158463056197,0.24583717953266704,0.4219212358367709,0
2025-05-09 15:20:00,2,0.3233558347300524,0.23417654166833965,0.442467623601608,0
2025-05-09 15:25:00,2,0.07249372139818461,0.006172176588764263,0.9213341020130511,2
2025-05-12 09:15:00,2,0.03639176164253843,0.0031385721894489956,0.9604696661680125,2
2025-05-12 09:20:00,2,0.03230772688848329,0.002654052609859467,0.9650382205016573,2
2025-05-12 09:25:00,2,0.053386980282251174,0.0020396380694596306,0.9445733816482892,2
2025-05-12 09:30:00,2,0.04466699720291426,0.0021639297792431264,0.9531690730178427,2
2025-05-12 09:35:00,2,0.08452692568161738,0.0022355437208667972,0.9132375305975159,2
2025-05-12 09:40:00,0,0.6006757445607601,0.006903510070643191,0.3924207453685966,0
2025-05-12 09:45:00,0,0.5784026118470463,0.005407867074849407,0.41618952107810425,0
2025-05-12 09:50:00,2,0.5922310078693012,0.004502814404510228,0.40326617772618867,0
2025-05-12 09:55:00,2,0.5810259074484887,0.005762900528314984,0.4132111920231963,0
2025-05-12 10:00:00,2,0.6042550687595523,0.008575362521752922,0.3871695687186948,0
2025-05-12 10:05:00,0,0.48603580732389956,0.009985986825277064,0.5039782058508233,0
2025-05-12 10:10:00,2,0.5230282640941845,0.01393019174440402,0.4630415441614116,0
2025-05-12 10:15:00,2,0.503327575478489,0.008923261215287297,0.4877491633062237,0
2025-05-12 10:20:00,2,0.485471977453443,0.0047284135673190345,0.509799608979238,0
2025-05-12 10:25:00,2,0.4757175866493449,0.01673309187609254,0.5075493214745626,0
2025-05-12 10:30:00,2,0.4853536880907779,0.015338962372334446,0.4993073495368877,0
2025-05-12 10:35:00,2,0.6110377012216341,0.01624262714703671,0.37271967163132913,0
2025-05-12 10:40:00,2,0.6586978441316419,0.014295255299392011,0.3270069005689661,0
2025-05-12 10:45:00,2,0.4927378385768346,0.24533390667304844,0.26192825475011705,0
2025-05-12 10:50:00,2,0.5382009677676655,0.17063785164911693,0.29116118058321755,0
2025-05-12 10:55:00,0,0.5504534548438669,0.1832508324456885,0.26629571271044467,0
2025-05-12 11:00:00,2,0.5310299262653349,0.17381869976758424,0.29515137396708085,0
2025-05-12 11:05:00,2,0.6583956043028323,0.008750557926603134,0.33285383777056465,0
2025-05-12 11:10:00,0,0.4571432978876608,0.21093026346919957,0.3319264386431396,0
2025-05-12 11:15:00,0,0.4707859060197673,0.2160060661395078,0.313208027840725,0
2025-05-12 11:20:00,2,0.6634979345724784,0.00648551895482917,0.33001654647269246,0
2025-05-12 11:25:00,2,0.647337044147967,0.007889306182985643,0.3447736496690474,0
2025-05-12 11:30:00,2,0.6746922668681168,0.006480042012130676,0.3188276911197525,0
2025-05-12 11:35:00,2,0.5217281371311528,0.15534501209852095,0.3229268507703261,0
2025-05-12 11:40:00,2,0.5257845382692993,0.17223771178353728,0.3019777499471635,0
2025-05-12 11:45:00,2,0.4755295413788662,0.18281540137405264,0.3416550572470812,0
2025-05-12 11:50:00,2,0.49353604813098706,0.17865967843635414,0.3278042734326589,0
2025-05-12 11:55:00,2,0.4432565019804201,0.19823007272703258,0.3585134252925472,0
2025-05-12 12:00:00,2,0.40150098979950294,0.22359161527499163,0.37490739492550545,0
2025-05-12 12:05:00,2,0.39109009046936744,0.24609736485970765,0.362812544670925,0
2025-05-12 12:10:00,2,0.37046174013231864,0.23456143592297318,0.3949768239447083,0
2025-05-12 12:15:00,0,0.3181043380810058,0.2423658426372416,0.43952981928175255,2
2025-05-12 12:20:00,0,0.32784087349594815,0.2632215568315346,0.40893756967251726,0
2025-05-12 12:25:00,0,0.3534521701259803,0.22561080671753642,0.4209370231564832,0
2025-05-12 12:30:00,2,0.47425646120506376,0.00912393278073456,0.5166196060142016,0
2025-05-12 12:35:00,2,0.42224319895476287,0.00790163032047257,0.5698551707247645,0
2025-05-12 12:40:00,2,0.5260915026503061,0.010500965678204362,0.46340753167148957,0
2025-05-12 12:45:00,2,0.4653981085981336,0.22699666989785056,0.3076052215040158,0
2025-05-12 12:50:00,2,0.41020610941972846,0.2615112408275625,0.32828264975270904,0
2025-05-12 12:55:00,2,0.538791906925958,0.006670125524287102,0.4545379675497549,0
2025-05-12 13:00:00,2,0.4442537805264095,0.23254275903283103,0.3232034604407594,0
2025-05-12 13:05:00,2,0.49365111319736726,0.1895990755136512,0.31674981128898155,0
2025-05-12 13:10:00,0,0.3963498190698421,0.23059696606097466,0.3730532148691832,0
2025-05-12 13:15:00,0,0.42748594353362374,0.2167713657498451,0.3557426907165312,0
2025-05-12 13:20:00,0,0.5901359001009825,0.006289628056609588,0.4035744718424079,0
2025-05-12 13:25:00,0,0.566020701080272,0.006364416769127913,0.4276148821506,0
2025-05-12 13:30:00,2,0.5341241596702169,0.004761146914735055,0.4611146934150482,0
2025-05-12 13:35:00,2,0.33678847409874957,0.003393659460023746,0.6598178664412268,2
2025-05-12 13:40:00,2,0.23626825648980707,0.003989300475914737,0.7597424430342781,2
2025-05-12 13:45:00,2,0.2775598953541275,0.004473664333691186,0.7179664403121814,2
2025-05-12 13:50:00,2,0.24620256807442664,0.09926959024916912,0.6545278416764042,2
2025-05-12 13:55:00,0,0.30215123688259504,0.0067045821710640845,0.6911441809463408,2
2025-05-12 14:00:00,0,0.2755032906723449,0.007369974331253939,0.7171267349964011,2
2025-05-12 14:05:00,0,0.27862464821799365,0.09584043452717053,0.6255349172548359,2
2025-05-12 14:10:00,0,0.3645968628999023,0.0034827656133957345,0.631920371486702,0
2025-05-12 14:15:00,2,0.3372698043776433,0.003624819770693086,0.6591053758516636,2
2025-05-12 14:20:00,2,0.2548433218435668,0.0026741129261374243,0.7424825652302958,2
2025-05-12 14:25:00,2,0.2785129020036984,0.0023779810042647144,0.719109116992037,2
2025-05-12 14:30:00,2,0.3218223722970907,0.11233917832093222,0.565838449381977,0
2025-05-12 14:35:00,2,0.3037756479095601,0.1398124726720244,0.5564118794184155,2
2025-05-12 14:40:00,0,0.30881761476259667,0.16457059775277055,0.5266117874846328,2
2025-05-12 14:45:00,0,0.31048182283997694,0.1665781379066366,0.5229400392533864,2
2025-05-12 14:50:00,2,0.3341755359515221,0.11777720534805712,0.5480472587004207,0
2025-05-12 14:55:00,2,0.3473065627654388,0.0032495588465163852,0.6494438783880447,0
2025-05-12 15:00:00,2,0.03152516517211158,0.008287050131725694,0.9601877846961628,2
2025-05-12 15:05:00,2,0.026728922260625957,0.009700808851151597,0.9635702688882224,2
2025-05-12 15:10:00,2,0.034664286427736925,0.011652291813874232,0.9536834217583889,2
2025-05-12 15:15:00,2,0.03735376402961858,0.00038042743213934104,0.9622658085382422,2
2025-05-12 15:20:00,2,0.03688226302483015,0.0005638225791247931,0.962553914396045,2
2025-05-12 15:25:00,2,0.034577475830780684,0.010718180263235507,0.9547043439059838,2
2025-05-13 09:15:00,1,0.5840756431113591,0.2794206318869842,0.1365037250016566,0
2025-05-13 09:20:00,2,0.08798877243444285,0.49486567055995595,0.41714555700560124,1
2025-05-13 09:25:00,2,0.048065995685459315,0.47276104394006,0.4791729603744808,1
2025-05-13 09:30:00,1,0.047119798185111424,0.6011435802072997,0.35173662160758895,1
2025-05-13 09:35:00,1,0.5301618253334578,0.3361301632431219,0.13370801142342023,0
2025-05-13 09:40:00,2,0.5146459471031236,0.3632229803922419,0.12213107250463445,0
2025-05-13 09:45:00,2,0.043076278686323355,0.5402844928899534,0.4166392284237233,1
2025-05-13 09:50:00,2,0.5065479521870825,0.36902467396858685,0.12442737384433075,0
2025-05-13 09:55:00,0,0.5034404236968393,0.3601531932516071,0.13640638305155361,0
2025-05-13 10:00:00,0,0.3882106365961482,0.37328581244790904,0.23850355095594278,2
2025-05-13 10:05:00,2,0.40923380154616057,0.34746466061297526,0.2433015378408641,0
2025-05-13 10:10:00,1,0.4460574290249739,0.3583582090500158,0.1955843619250102,0
2025-05-13 10:15:00,1,0.4750188576330298,0.31985657390849376,0.20512456845847654,0
2025-05-13 10:20:00,1,0.440151997807481,0.29992455805330887,0.2599234441392101,0
2025-05-13 10:25:00,0,0.4185751596219437,0.34530483850213656,0.2361200018759197,0
2025-05-13 10:30:00,0,0.35772358880886906,0.42124988688267784,0.22102652430845302,1
2025-05-13 10:35:00,0,0.4316812631583601,0.426209968896631,0.14210876794500896,2
2025-05-13 10:40:00,0,0.4431093622623785,0.4154259658981273,0.14146467183949427,2
2025-05-13 10:45:00,0,0.42771963756429243,0.42612504287788616,0.14615531955782135,2
2025-05-13 10:50:00,2,0.427313761923362,0.4031449992284328,0.1695412388482053,2
2025-05-13 10:55:00,1,0.4100136123812466,0.4390518320823134,0.15093455553643995,2
2025-05-13 11:00:00,2,0.44261035388418407,0.4153177114799545,0.14207193463586143,2
2025-05-13 11:05:00,2,0.5237326575615405,0.34967108323008633,0.12659625920837309,0
2025-05-13 11:10:00,0,0.5075987713332119,0.3744856011202612,0.11791562754652694,0
2025-05-13 11:15:00,2,0.48555709432523486,0.39639641817711757,0.11804648749764768,0
2025-05-13 11:20:00,2,0.5291302517509159,0.3526845191513757,0.1181852290977084,0
2025-05-13 11:25:00,1,0.49779818098780965,0.36051559416881745,0.14168622484337276,0
2025-05-13 11:30:00,1,0.48555962445296796,0.3710581306545792,0.1433822448924529,0
2025-05-13 11:35:00,2,0.502006709122572,0.38099019017196506,0.11700310070546299,0
2025-05-13 11:40:00,2,0.5181464544452503,0.3646840063294884,0.11716953922526137,0
2025-05-13 11:45:00,2,0.507062906630232,0.3639087604595281,0.12902833291023985,0
2025-05-13 11:50:00,2,0.48633868425840737,0.36961340121198083,0.1440479145296119,0
2025-05-13 11:55:00,0,0.46881075966517466,0.38539301235765894,0.14579622797716646,0
2025-05-13 12:00:00,2,0.45244803648873855,0.39952636859603347,0.14802559491522807,0
2025-05-13 12:05:00,1,0.4772339720612669,0.36641673130876856,0.15634929662996455,0
2025-05-13 12:10:00,1,0.4597201658999481,0.35473717261271165,0.18554266148734028,0
2025-05-13 12:15:00,1,0.4810827813923528,0.3630941694631448,0.15582304914450232,0
2025-05-13 12:20:00,1,0.4651847447028605,0.38790466011532454,0.14691059518181487,0
2025-05-13 12:25:00,1,0.44653455645493745,0.3794159706348707,0.17404947291019185,0
2025-05-13 12:30:00,2,0.5794904848941703,0.06533952357411037,0.35516999153171935,0
2025-05-13 12:35:00,2,0.45093169381026477,0.084553101936346,0.4645152042533893,0
2025-05-13 12:40:00,2,0.01996756722498408,0.0575419771043592,0.9224904556706568,2
2025-05-13 12:45:00,1,0.442737192669361,0.38043208711531645,0.17683072021532253,0
2025-05-13 12:50:00,2,0.018042351957788413,0.059754827777905556,0.922202820264306,2
2025-05-13 12:55:00,2,0.007597026268205518,0.05159898927188526,0.9408039844599093,2
2025-05-13 13:00:00,1,0.3939786275538512,0.41942515013097625,0.18659622231517253,2
2025-05-13 13:05:00,2,0.398052935307735,0.415125457618416,0.18682160707384898,2
2025-05-13 13:10:00,1,0.3637803051772138,0.4272588078588223,0.20896088696396387,1
2025-05-13 13:15:00,2,0.014570416393326189,0.08928006725148553,0.8961495163551882,2
2025-05-13 13:20:00,2,0.4065700771438968,0.37600086614278283,0.21742905671332047,2
2025-05-13 13:25:00,2,0.3988163273193174,0.39231798590684996,0.20886568677383271,2
2025-05-13 13:30:00,2,0.40082676532469536,0.3781335246060792,0.2210397100692255,2
2025-05-13 13:35:00,2,0.288060382633398,0.3996724803017576,0.31226713706484444,1
2025-05-13 13:40:00,2,0.27781614871510135,0.39513704193656707,0.3270468093483315,1
2025-05-13 13:45:00,2,0.26833901051127373,0.32794170070188067,0.40371928878684565,1
2025-05-13 13:50:00,2,0.3068335764968371,0.3847821921387953,0.30838423136436766,1
2025-05-13 13:55:00,2,0.2746482034105641,0.3847187604045516,0.34063303618488433,1
2025-05-13 14:00:00,1,0.3006533809324861,0.3748854151005885,0.32446120396692546,1
2025-05-13 14:05:00,2,0.2759388172188475,0.3599845936423247,0.3640765891388278,1
2025-05-13 14:10:00,2,0.28428096668381553,0.3952796126183896,0.320439420697795,1
2025-05-13 14:15:00,2,0.012358636134262743,0.08992739839526491,0.8977139654704723,2
2025-05-13 14:20:00,2,0.33377659638252094,0.33255936979756284,0.33366403381991616,2
2025-05-13 14:25:00,2,0.34029174084651453,0.370250878123841,0.28945738102964447,2
2025-05-13 14:30:00,2,0.3258039499466478,0.36213705475500513,0.3120589952983471,2
2025-05-13 14:35:00,2,0.2785087506147925,0.3928195897956082,0.3286716595895992,1
2025-05-13 14:40:00,2,0.29064361375187914,0.36825563992612775,0.3411007463219931,1
2025-05-13 14:45:00,1,0.31862656649698345,0.3993304392491679,0.28204299425384866,1
2025-05-13 14:50:00,1,0.3060157216916804,0.35825920751644474,0.33572507079187475,1
2025-05-13 14:55:00,1,0.30326256483085434,0.39451466059842616,0.30222277457071944,1
2025-05-13 15:00:00,2,0.31113282002463455,0.3860314566189422,0.3028357233564231,1
2025-05-13 15:05:00,2,0.2954110026553735,0.35905861714608583,0.34553038019854065,1
2025-05-13 15:10:00,2,0.2906233921845443,0.292063094618748,0.4173135131967077,2
2025-05-13 15:15:00,2,0.3153669851608051,0.3416407012826902,0.34299231355650484,2
2025-05-13 15:20:00,2,0.4081255774507226,0.2770538126922707,0.3148206098570067,0
2025-05-13 15:25:00,2,0.3215418807249379,0.3293082447873952,0.34914987448766693,2
2025-05-14 09:15:00,2,0.21236034051964253,0.21064445385315453,0.576995205627203,2
2025-05-14 09:20:00,2,0.03652241844504937,0.004986295719465034,0.9584912858354856,2
2025-05-14 09:25:00,2,0.030534956919241133,0.0047665267584960005,0.9646985163222629,2
2025-05-14 09:30:00,0,0.3551181156856915,0.348661051845424,0.2962208324688844,2
2025-05-14 09:35:00,2,0.31064050518009256,0.3294172133845207,0.3599422814353867,2
2025-05-14 09:40:00,2,0.041993422369864176,0.005579550490961507,0.9524270271391743,2
2025-05-14 09:45:00,2,0.05177275681162768,0.005034654407836488,0.9431925887805358,2
2025-05-14 09:50:00,2,0.3680163433678261,0.32062437036944735,0.31135928626272646,2
2025-05-14 09:55:00,2,0.31216340188223834,0.25178892578071105,0.43604767233705055,2
2025-05-14 10:00:00,2,0.32244157017500874,0.2515057467541517,0.4260526830708395,0
2025-05-14 10:05:00,2,0.2789087785418935,0.18889762037119906,0.5321936010869075,2
2025-05-14 10:10:00,2,0.188655095359838,0.1432924568079835,0.6680524478321787,2
2025-05-14 10:15:00,2,0.03696522675294993,0.0050385220569019,0.9579962511901481,2
2025-05-14 10:20:00,2,0.02562327304856219,0.0037388341683185205,0.9706378927831193,2
2025-05-14 10:25:00,2,0.2808656118127072,0.21695222420207358,0.5021821639852192,2
2025-05-14 10:30:00,2,0.30770817515739607,0.2418373932619531,0.4504544315806508,2
2025-05-14 10:35:00,2,0.42513334052918217,0.3222693650488919,0.25259729442192586,0
2025-05-14 10:40:00,1,0.3736171773325881,0.3370578440911237,0.2893249785762883,2
2025-05-14 10:45:00,1,0.36463763153053086,0.3455579530482996,0.2898044154211695,2
2025-05-14 10:50:00,2,0.4032968257558763,0.3053982667944807,0.291304907449643,0
2025-05-14 10:55:00,2,0.4648727798683188,0.28400077390066597,0.25112644623101527,0
2025-05-14 11:00:00,2,0.409116092791939,0.30730057912493924,0.2835833280831218,0
2025-05-14 11:05:00,2,0.37899020161111985,0.31249124105489573,0.30851855733398437,0
2025-05-14 11:10:00,2,0.37886332609343204,0.29376720700328174,0.32736946690328617,0
2025-05-14 11:15:00,2,0.34080230620642665,0.31937342231354837,0.3398242714800249,2
2025-05-14 11:20:00,2,0.2776079842723573,0.31930775733648575,0.40308425839115697,2
2025-05-14 11:25:00,1,0.2986228143818378,0.318715561894263,0.3826616237238992,2
2025-05-14 11:30:00,1,0.3539204874136296,0.2967793503537864,0.34930016223258414,0
2025-05-14 11:35:00,1,0.37452432517793544,0.30066827845260596,0.3248073963694586,0
2025-05-14 11:40:00,1,0.3865179302540938,0.31434841091019455,0.2991336588357117,0
2025-05-14 11:45:00,2,0.3446106138768055,0.092716957481249,0.5626724286419456,0
2025-05-14 11:50:00,2,0.30935912050347064,0.10166347778736193,0.5889774017091675,2
2025-05-14 11:55:00,2,0.3601261079737335,0.3281489755424046,0.31172491648386186,2
2025-05-14 12:00:00,2,0.3288187452403506,0.332300334440211,0.33888092031943845,2
2025-05-14 12:05:00,2,0.33581661092458254,0.31590628012768773,0.34827710894772973,2
2025-05-14 12:10:00,2,0.31660653907404085,0.28704080241908364,0.39635265850687545,2
2025-05-14 12:15:00,2,0.3126153404522779,0.2895314193252192,0.3978532402225029,2
2025-05-14 12:20:00,1,0.38213637780968324,0.2813774985235253,0.3364861236667913,0
2025-05-14 12:25:00,1,0.3643205601482061,0.28288343756920303,0.35279600228259095,0
2025-05-14 12:30:00,1,0.35290152307733996,0.3118234052801919,0.33527507164246806,2
2025-05-14 12:35:00,2,0.4194350578850938,0.08751774725177894,0.4930471948631273,0
2025-05-14 12:40:00,2,0.01387138654375758,0.10186644149707169,0.8842621719591708,2
2025-05-14 12:45:00,2,0.01214465056486062,0.0644309972689269,0.9234243521662125,2
2025-05-14 12:50:00,2,0.0077459790980192,0.05056438051490439,0.9416896403870764,2
2025-05-14 12:55:00,2,0.008119406725444152,0.0950419985359464,0.8968385947386094,2
2025-05-14 13:00:00,2,0.3621852646370346,0.39017907395547846,0.24763566140748686,2
2025-05-14 13:05:00,2,0.295002465539988,0.4183030907770542,0.28669444368295777,1
2025-05-14 13:10:00,2,0.33317886284743403,0.36181567118915664,0.3050054659634094,2
2025-05-14 13:15:00,2,0.46465368062880025,0.30170128160542137,0.23364503776577844,0
2025-05-14 13:20:00,2,0.4053007323113301,0.34489504544939165,0.24980422223927837,0
2025-05-14 13:25:00,2,0.3552786659264654,0.396140843379069,0.24858049069446556,2
2025-05-14 13:30:00,2,0.35855980811938365,0.36878618424252596,0.27265400763809045,2
2025-05-14 13:35:00,2,0.2679402669322666,0.33608750698276707,0.3959722260849664,1
2025-05-14 13:40:00,2,0.317906920369289,0.30920201413617765,0.37289106549453327,2
2025-05-14 13:45:00,2,0.32271026483512405,0.31417833595026445,0.36311139921461155,2
2025-05-14 13:50:00,2,0.2691901873547246,0.2752113246618441,0.45559848798343117,2
2025-05-14 13:55:00,2,0.28789339650756696,0.2937294348235996,0.4183771686688335,2
2025-05-14 14:00:00,2,0.2701490067307083,0.3123062002634115,0.4175447930058802,2
2025-05-14 14:05:00,2,0.26339363267951227,0.2774211358824135,0.4591852314380741,2
2025-05-14 14:10:00,2,0.22523751819234566,0.32494180678514023,0.44982067502251405,1
2025-05-14 14:15:00,1,0.21890150586500065,0.30783731950516857,0.47326117462983075,1
2025-05-14 14:20:00,1,0.21610275350367142,0.3068916449116756,0.47700560158465305,1
2025-05-14 14:25:00,2,0.26632014410528637,0.3419415292774977,0.39173832661721597,1
2025-05-14 14:30:00,0,0.28348465328397754,0.3630946898190719,0.3534206568969506,1
2025-05-14 14:35:00,0,0.26297681218806274,0.3509933421605137,0.38602984565142356,1
2025-05-14 14:40:00,2,0.3028177753856124,0.3809943385777801,0.3161878860366076,1
2025-05-14 14:45:00,2,0.27357059611827383,0.3451945646718901,0.38123483920983603,1
2025-05-14 14:50:00,0,0.285617079951681,0.329971690018669,0.38441123002965005,2
2025-05-14 14:55:00,0,0.2938932157902054,0.32752541266149937,0.3785813715482953,2
2025-05-14 15:00:00,2,0.042680292131626635,0.008607093381877024,0.9487126144864962,2
2025-05-14 15:05:00,2,0.03531851883352174,0.006397618638037364,0.9582838625284409,2
2025-05-14 15:10:00,2,0.0537095264322964,0.009762534619164775,0.9365279389485389,2
2025-05-14 15:15:00,2,0.34609519459041815,0.3025919122852433,0.3513128931243386,2
2025-05-14 15:20:00,2,0.2895066759832632,0.2515493187180882,0.4589440052986487,2
2025-05-14 15:25:00,2,0.04901198653132257,0.01078543507681516,0.9402025783918623,2
2025-05-15 09:15:00,2,0.2934925241211866,0.37331189445949453,0.33319558141931893,1
2025-05-15 09:20:00,1,0.2630847328250195,0.35856040754164165,0.37835485963333887,1
2025-05-15 09:25:00,1,0.2874832072071045,0.35730850402795516,0.3552082887649402,1
2025-05-15 09:30:00,1,0.3065337032935614,0.3220990247515979,0.37136727195484076,2
2025-05-15 09:35:00,2,0.006088920555029744,0.025429915779938344,0.9684811636650319,2
2025-05-15 09:40:00,2,0.0038933802942195074,0.02079573733854373,0.9753108823672368,2
2025-05-15 09:45:00,2,0.004636481968100283,0.04402318886487361,0.9513403291670262,2
2025-05-15 09:50:00,2,0.009764959188705806,0.09944179154132228,0.8907932492699718,2
2025-05-15 09:55:00,2,0.2725625082633647,0.41415268905738006,0.3132848026792552,1
2025-05-15 10:00:00,2,0.011232675520129043,0.0820945936010644,0.9066727308788066,2
2025-05-15 10:05:00,2,0.005783671484107226,0.04283347033911323,0.9513828581767796,2
2025-05-15 10:10:00,2,0.29416959036108925,0.35336739486308605,0.35246301477582476,1
2025-05-15 10:15:00,0,0.29829725223248743,0.38736759710077195,0.31433515066674056,1
2025-05-15 10:20:00,0,0.29199553303546866,0.31896258967184005,0.38904187729269124,2
2025-05-15 10:25:00,0,0.28209152811054433,0.34320958953719927,0.37469888235225635,1
2025-05-15 10:30:00,0,0.26396079828409863,0.3707620791424447,0.3652771225734566,1
2025-05-15 10:35:00,2,0.05706700085219482,0.007164873271029708,0.9357681258767754,2
2025-05-15 10:40:00,2,0.05772958108213114,0.00787025447019105,0.9344001644476777,2
2025-05-15 10:45:00,2,0.11684840164008066,0.013731160375489682,0.8694204379844296,2
2025-05-15 10:50:00,2,0.41140332226642595,0.4132718964717212,0.1753247812618528,2
2025-05-15 10:55:00,2,0.07922708115784147,0.006311189665552829,0.9144617291766056,2
2025-05-15 11:00:00,1,0.42272117480484167,0.43258726708143536,0.14469155811372303,2
2025-05-15 11:05:00,1,0.4200175873797841,0.4239657151213118,0.15601669749890407,2
2025-05-15 11:10:00,0,0.5262982783153874,0.3615625768849243,0.11213914479968817,0
2025-05-15 11:15:00,1,0.5019831260850027,0.3834192946116897,0.11459757930330755,0
2025-05-15 11:20:00,2,0.5329414817296378,0.3500782630430253,0.11698025522733689,0
2025-05-15 11:25:00,2,0.47041699263778125,0.36076440623077727,0.16881860113144134,0
2025-05-15 11:30:00,2,0.43897152299138775,0.4121828884963653,0.14884558851224694,2
2025-05-15 11:35:00,2,0.38390683111655616,0.4331103865682488,0.18298278231519505,2
2025-05-15 11:40:00,2,0.35927308966963173,0.43922665300608243,0.20150025732428592,1
2025-05-15 11:45:00,2,0.38192601345116656,0.43836850516942305,0.17970548137941034,1
2025-05-15 11:50:00,0,0.3967820599569028,0.404009990741795,0.19920794930130217,2
2025-05-15 11:55:00,0,0.373861767600162,0.4389127346709291,0.1872254977289089,1
2025-05-15 12:00:00,0,0.40222361612713464,0.3920481063744456,0.2057282774984198,2
2025-05-15 12:05:00,1,0.36845429768115084,0.3907030086322469,0.2408426936866023,2
2025-05-15 12:10:00,1,0.4232180362086152,0.3877061362638018,0.1890758275275831,2
2025-05-15 12:15:00,1,0.4444474731712809,0.3857970954379832,0.16975543139073587,0
2025-05-15 12:20:00,0,0.4752362680477063,0.37324002286369196,0.15152370908860163,0
2025-05-15 12:25:00,2,0.483480148167819,0.3471550529174489,0.16936479891473208,0
2025-05-15 12:30:00,2,0.4348936633545839,0.38223707885646946,0.18286925778894672,0
2025-05-15 12:35:00,2,0.38561422486468894,0.43150338868159727,0.18288238645371377,2
2025-05-15 12:40:00,0,0.47077245654236133,0.3753084000154017,0.15391914344223703,0
2025-05-15 12:45:00,0,0.4545183983345569,0.3657087624149932,0.17977283925044993,0
2025-05-15 12:50:00,0,0.4332048099022529,0.3746146385418458,0.19218055155590144,0
2025-05-15 12:55:00,0,0.392848190614149,0.41002384623247445,0.19712796315337655,2
2025-05-15 13:00:00,0,0.44293839243426514,0.3267952270024515,0.2302663805632833,0
2025-05-15 13:05:00,2,0.07924470917016684,0.010460018314021048,0.9102952725158121,2
2025-05-15 13:10:00,2,0.05650306372958551,0.0026819902671451844,0.9408149460032692,2
2025-05-15 13:15:00,2,0.08521572879248855,0.0034703699473331282,0.9113139012601783,2
2025-05-15 13:20:00,2,0.10363984933270222,0.004099379312985068,0.8922607713543127,2
2025-05-15 13:25:00,2,0.07168423208641597,0.0020891122708672828,0.9262266556427167,2
2025-05-15 13:30:00,2,0.07011787801925241,0.0025873427776707844,0.9272947792030769,2
2025-05-15 13:35:00,2,0.041484873787224576,0.0014375392092732995,0.9570775870035022,2
2025-05-15 13:40:00,0,0.5080259977776661,0.00440874469251504,0.4875652575298189,0
2025-05-15 13:45:00,0,0.49468759439995097,0.004660582074956977,0.5006518235250921,0
2025-05-15 13:50:00,2,0.4345617397641729,0.0051061081655774596,0.5603321520702497,0
2025-05-15 13:55:00,2,0.3989405079063727,0.004178959496265897,0.5968805325973615,0
2025-05-15 14:00:00,0,0.520768981030936,0.003835922136836956,0.4753950968322269,0
2025-05-15 14:05:00,0,0.4298924486834485,0.004621476685394801,0.5654860746311567,0
2025-05-15 14:10:00,2,0.48063590635174713,0.0042213850262765905,0.5151427086219762,0
2025-05-15 14:15:00,2,0.4797833905207774,0.004038802786741744,0.5161778066924809,0
2025-05-15 14:20:00,2,0.5104771117798368,0.005342497400994084,0.4841803908191691,0
2025-05-15 14:25:00,2,0.4478006971915201,0.003603102992988389,0.5485961998154915,0
2025-05-15 14:30:00,2,0.5062224454443527,0.10897893466403091,0.3847986198916163,0
2025-05-15 14:35:00,2,0.46653442281623103,0.12842344378392057,0.4050421333998484,0
2025-05-15 14:40:00,2,0.4239766180161432,0.1323907365545639,0.44363264542929276,0
2025-05-15 14:45:00,2,0.41579247412392184,0.15845975853597255,0.4257477673401056,0
2025-05-15 14:50:00,2,0.35990184174722306,0.13969507624047475,0.5004030820123021,0
2025-05-15 14:55:00,2,0.41373962257982383,0.1678808212477057,0.4183795561724704,0
2025-05-15 15:00:00,2,0.37308558739386233,0.16157140781625093,0.4653430047898867,0
2025-05-15 15:05:00,2,0.2965403399276456,0.13837041399158292,0.5650892460807715,2
2025-05-15 15:10:00,2,0.33487198364569987,0.24471537103662303,0.42041264531767714,0
2025-05-15 15:15:00,2,0.3178465743405451,0.2998701222386694,0.38228330342078565,2
2025-05-15 15:20:00,2,0.3054029069093159,0.20725625923180382,0.48734083385888044,2
2025-05-15 15:25:00,2,0.3563832316694185,0.24566964165793767,0.39794712667264376,0
2025-05-16 09:15:00,2,0.32700775774170876,0.3233671684127022,0.3496250738455891,2
2025-05-16 09:20:00,2,0.2857722382601037,0.2744666837330922,0.4397610780068042,2
2025-05-16 09:25:00,2,0.2599222306097127,0.31146655917640476,0.42861121021388254,1
2025-05-16 09:30:00,2,0.31809232540961,0.32336599070683053,0.3585416838835595,2
2025-05-16 09:35:00,2,0.29533689156870124,0.30781190887379567,0.3968511995575031,2
2025-05-16 09:40:00,2,0.2985138908081892,0.3381129376959014,0.3633731714959093,2
2025-05-16 09:45:00,2,0.2775107333333247,0.32392108349642407,0.39856818317025117,2
2025-05-16 09:50:00,2,0.31477182529975967,0.2827669441592675,0.40246123054097277,2
2025-05-16 09:55:00,2,0.317099574168414,0.2724215951442388,0.41047883068734725,2
2025-05-16 10:00:00,2,0.2510871340677932,0.3253340467328035,0.4235788191994034,1
2025-05-16 10:05:00,2,0.21416187973783793,0.25960417478097436,0.5262339454811876,2
2025-05-16 10:10:00,2,0.22470547927162474,0.2584140244673625,0.5168804962610128,2
2025-05-16 10:15:00,2,0.19620999706531916,0.30261982594337394,0.501170176991307,1
2025-05-16 10:20:00,2,0.2807188515538918,0.32692051577128023,0.39236063267482796,2
2025-05-16 10:25:00,2,0.2273086788573711,0.2980869893182986,0.4746043318243303,1
2025-05-16 10:30:00,2,0.22428932220669598,0.24631057335872752,0.5294001044345765,2
2025-05-16 10:35:00,2,0.3612086804428782,0.35806368215295936,0.2807276374041625,2
2025-05-16 10:40:00,2,0.35468492822413533,0.3548786720224354,0.2904363997534293,2
2025-05-16 10:45:00,2,0.3470255203997755,0.31726320369087796,0.33571127590934646,2
2025-05-16 10:50:00,1,0.33252738264850396,0.3296042628822784,0.3378683544692177,2
2025-05-16 10:55:00,1,0.3287731747803818,0.3307721724721412,0.3404546527474769,2
2025-05-16 11:00:00,2,0.3636751586106054,0.31613808889159384,0.32018675249780076,2
2025-05-16 11:05:00,2,0.0121124633266381,0.05695325635549798,0.930934280317864,2
2025-05-16 11:10:00,2,0.32699283689431907,0.316221598380628,0.3567855647250528,2
2025-05-16 11:15:00,2,0.2669379536225158,0.35397228261601843,0.37908976376146575,1
2025-05-16 11:20:00,2,0.2953668598510735,0.33986233390124737,0.364770806247679,2
2025-05-16 11:25:00,2,0.3426930559806064,0.27514774222512184,0.38215920179427176,0
2025-05-16 11:30:00,2,0.2916534898367103,0.32293973751341637,0.38540677264987333,2
2025-05-16 11:35:00,2,0.2960529434013715,0.3257608601599866,0.3781861964386419,2
2025-05-16 11:40:00,2,0.331150734197354,0.31749398918294786,0.3513552766196981,2
2025-05-16 11:45:00,2,0.33702474178321307,0.30262829238670436,0.36034696583008263,2
2025-05-16 11:50:00,2,0.35271484946653947,0.29136827642954205,0.3559168741039184,0
2025-05-16 11:55:00,2,0.34918916985919896,0.2687576734221628,0.3820531567186382,0
2025-05-16 12:00:00,2,0.31231098775639266,0.2753779748906889,0.41231103735291846,2
2025-05-16 12:05:00,2,0.29832163533333916,0.295955083162257,0.4057232815044038,2
2025-05-16 12:10:00,2,0.28354718972464316,0.30927933058146967,0.4071734796938873,2
2025-05-16 12:15:00,0,0.27602757028945507,0.29411819814999846,0.4298542315605465,2
2025-05-16 12:20:00,2,0.24486298566272602,0.28778030645803654,0.46735670787923733,2
2025-05-16 12:25:00,2,0.0036360630512786755,0.002552829764607257,0.993811107184114,2
2025-05-16 12:30:00,2,0.002995089640375435,0.0041612981279888946,0.9928436122316356,2
2025-05-16 12:35:00,2,0.0033589970849616413,0.0028738943801219483,0.9937671085349163,2
2025-05-16 12:40:00,2,0.003353486333999923,0.0029774303869853917,0.9936690832790147,2
2025-05-16 12:45:00,2,0.003436435093106365,0.0034041617725430393,0.9931594031343505,2
2025-05-16 12:50:00,2,0.0037490488972272925,0.003125864614801052,0.9931250864879717,2
2025-05-16 12:55:00,2,0.003650278245535773,0.0026217532157399494,0.9937279685387242,2
2025-05-16 13:00:00,2,0.004331500468689036,0.0028433707407273102,0.9928251287905837,2
2025-05-16 13:05:00,2,0.0038195444760976615,0.002962330670074914,0.9932181248538274,2
2025-05-16 13:10:00,2,0.27553036522901747,0.27865618809762394,0.4458134466733586,2
2025-05-16 13:15:00,2,0.2437807922537512,0.2950953782659443,0.4611238294803044,1
2025-05-16 13:20:00,2,0.2646825928205524,0.2686278172405555,0.46668958993889204,2
2025-05-16 13:25:00,1,0.09325556632609844,0.2085250876148809,0.6982193460590207,2
2025-05-16 13:30:00,2,0.2520770609608331,0.30352527375231175,0.4443976652868551,1
2025-05-16 13:35:00,2,0.2253543813964813,0.2484422787554893,0.5262033398480295,2
2025-05-16 13:40:00,2,0.21134443440700473,0.34463009921861876,0.44402546637437645,1
2025-05-16 13:45:00,2,0.21408252690544546,0.29939114010496687,0.4865263329895877,1
2025-05-16 13:50:00,2,0.22636111865555603,0.2892107606357396,0.4844281207087045,1
2025-05-16 13:55:00,2,0.24133505565200705,0.3037178272187143,0.4549471171292786,1
2025-05-16 14:00:00,2,0.2153477965302862,0.2759746573749827,0.508677546094731,1
2025-05-16 14:05:00,2,0.18459572587459555,0.29312224108605955,0.5222820330393448,1
2025-05-16 14:10:00,2,0.23533361026655678,0.30857869686552725,0.45608769286791595,1
2025-05-16 14:15:00,2,0.2233991698204216,0.3494117255805611,0.4271891045990172,1
2025-05-16 14:20:00,2,0.2333318174623999,0.2748229644713207,0.4918452180662795,2
2025-05-16 14:25:00,2,0.20891889559818919,0.3334763870917681,0.45760471731004276,1
2025-05-16 14:30:00,2,0.20353867546272503,0.32473950384155476,0.4717218206957203,1
2025-05-16 14:35:00,2,0.22875332721940778,0.2911890593188893,0.48005761346170295,1
2025-05-16 14:40:00,2,0.1979068982945415,0.2705431668946931,0.5315499348107654,1
2025-05-16 14:45:00,2,0.2202622635932703,0.26514185269366497,0.5145958837130648,2
2025-05-16 14:50:00,2,0.21324217924297897,0.25594439867932856,0.5308134220776926,2
2025-05-16 14:55:00,2,0.21273930726365967,0.246984558968429,0.5402761337679114,2
2025-05-16 15:00:00,2,0.20067182007221024,0.24493644346194507,0.5543917364658447,2
2025-05-16 15:05:00,2,0.1622220626421575,0.1886497450368412,0.6491281923210014,2
2025-05-16 15:10:00,2,0.21358619433911258,0.2257303202801076,0.5606834853807798,2
2025-05-16 15:15:00,2,0.21444374019584206,0.22901862633559714,0.5565376334685608,2
2025-05-16 15:20:00,2,0.20734563114827,0.2320885187329438,0.5605658501187862,2
2025-05-16 15:25:00,2,0.18810133364246504,0.21987785596195983,0.5920208103955751,2
2025-05-19 09:15:00,2,0.23155759366568002,0.3359304265919433,0.4325119797423766,1
2025-05-19 09:20:00,1,0.038806647596989395,0.16230858186418928,0.7988847705388212,2
2025-05-19 09:25:00,2,0.2151852084620276,0.31682004209557746,0.4679947494423949,1
2025-05-19 09:30:00,2,0.24373760146651852,0.30870572203738444,0.4475566764960971,1
2025-05-19 09:35:00,2,0.28238115879271464,0.29933626340265823,0.4182825778046271,2
2025-05-19 09:40:00,2,0.3059538014874028,0.30030234097881753,0.39374385753377966,2
2025-05-19 09:45:00,2,0.255709269076736,0.323200895630779,0.42108983529248506,1
2025-05-19 09:50:00,2,0.2537464107965418,0.31985561896514425,0.426397970238314,1
2025-05-19 09:55:00,2,0.27273197639820645,0.2708496783441024,0.45641834525769104,2
2025-05-19 10:00:00,2,0.20809123854111125,0.3143935857683263,0.47751517569056257,1
2025-05-19 10:05:00,2,0.1633882569994311,0.19981948171026048,0.6367922612903085,2
2025-05-19 10:10:00,2,0.1416793521530447,0.1586803664843161,0.6996402813626391,2
2025-05-19 10:15:00,2,0.20569912577394522,0.18000613725268172,0.6142947369733731,2
2025-05-19 10:20:00,2,0.14498943982279597,0.14176782311190353,0.7132427370653005,2
2025-05-19 10:25:00,2,0.20232535716507116,0.2775522748044409,0.520122368030488,1
2025-05-19 10:30:00,2,0.179472720773391,0.2429211998984831,0.5776060793281259,2
2025-05-19 10:35:00,0,0.3413914785592757,0.31145701243832713,0.3471515090023972,2
2025-05-19 10:40:00,2,0.006356384222682847,0.0025820241585934093,0.9910615916187236,2
2025-05-19 10:45:00,2,0.004349515682353089,0.002264257112472045,0.993386227205175,2
2025-05-19 10:50:00,2,0.002928121224035389,0.002292963144744803,0.9947789156312199,2
2025-05-19 10:55:00,2,0.0027875516679773207,0.002208807738149125,0.9950036405938735,2
2025-05-19 11:00:00,2,0.003501011762215355,0.002954028939093535,0.993544959298691,2
2025-05-19 11:05:00,2,0.003030852556321723,0.0022545147896737856,0.9947146326540044,2
2025-05-19 11:10:00,2,0.0036575568842492348,0.0023837086910517553,0.9939587344246991,2
2025-05-19 11:15:00,2,0.003444977659763261,0.002642843038918904,0.9939121793013178,2
2025-05-19 11:20:00,2,0.003788284126496899,0.0023471628646224785,0.9938645530088808,2
2025-05-19 11:25:00,2,0.00207832853136054,0.0022312089931732213,0.9956904624754663,2
2025-05-19 11:30:00,2,0.004224984532268794,0.002461584766920348,0.9933134307008108,2
2025-05-19 11:35:00,2,0.003734053863129864,0.00215928576230187,0.9941066603745683,2
2025-05-19 11:40:00,2,0.0038581117919489353,0.001686416795550205,0.9944554714125009,2
2025-05-19 11:45:00,2,0.008391350226734129,0.0023901717441995596,0.9892184780290664,2
2025-05-19 11:50:00,2,0.0026226285463659418,0.0019087063437981094,0.9954686651098359,2
2025-05-19 11:55:00,2,0.004050030809558463,0.00212835802979796,0.9938216111606437,2
2025-05-19 12:00:00,2,0.007409945796362625,0.0024731640376056086,0.9901168901660319,2
2025-05-19 12:05:00,2,0.0045783287289103275,0.0021866351422556753,0.993235036128834,2
2025-05-19 12:10:00,2,0.003303471599179536,0.002110702615396546,0.9945858257854239,2
2025-05-19 12:15:00,2,0.0033185764697147087,0.0023316178394884473,0.9943498056907969,2
2025-05-19 12:20:00,2,0.0024293536513590535,0.0020405812564430275,0.995530065092198,2
2025-05-19 12:25:00,2,0.002611867670893999,0.0020865826470928953,0.995301549682013,2
2025-05-19 12:30:00,2,0.002834575776843019,0.0021011264746132303,0.9950642977485437,2
2025-05-19 12:35:00,2,0.0032091043326518153,0.002143374261766716,0.9946475214055814,2
2025-05-19 12:40:00,2,0.0030868053189687336,0.0019943650122668122,0.9949188296687643,2
2025-05-19 12:45:00,2,0.0029412843958821103,0.0019531713207779893,0.99510554428334,2
2025-05-19 12:50:00,2,0.0026615283731161645,0.0018594016979281965,0.9954790699289555,2
2025-05-19 12:55:00,2,0.0028282986040266346,0.0018885570137080374,0.9952831443822654,2
2025-05-19 13:00:00,2,0.0029649748500337075,0.001823383664662954,0.9952116414853034,2
2025-05-19 13:05:00,2,0.008150089374024515,0.002602359771438101,0.9892475508545374,2
2025-05-19 13:10:00,2,0.18777997156306922,0.09260523309677832,0.7196147953401525,2
2025-05-19 13:15:00,2,0.22320082126791732,0.26213464246146784,0.5146645362706148,2
2025-05-19 13:20:00,2,0.2155576144140796,0.2425614203457928,0.5418809652401275,2
2025-05-19 13:25:00,2,0.18993147763036514,0.28073246244177874,0.5293360599278562,1
2025-05-19 13:30:00,2,0.2217785158269724,0.2868075239660623,0.4914139602069654,1
2025-05-19 13:35:00,2,0.17840743812547075,0.23540616309941587,0.5861863987751134,2
2025-05-19 13:40:00,2,0.16618043643793137,0.26796361371899036,0.5658559498430782,1
2025-05-19 13:45:00,2,0.16821732485623245,0.25769388547170746,0.5740887896720601,1
2025-05-19 13:50:00,1,0.17857529829139554,0.2592296611865393,0.5621950405220651,1
2025-05-19 13:55:00,1,0.175965820481779,0.272349054395465,0.551685125122756,1
2025-05-19 14:00:00,2,0.0051991026200716795,0.04303696839357003,0.9517639289863583,2
2025-05-19 14:05:00,2,0.004731567594939262,0.04093742360282116,0.9543310088022396,2
2025-05-19 14:10:00,2,0.003920176498890165,0.049468046520565336,0.9466117769805444,2
2025-05-19 14:15:00,2,0.20979396875509254,0.29332445394866796,0.4968815772962394,1
2025-05-19 14:20:00,2,0.1947386082589698,0.27682550150916996,0.5284358902318602,1
2025-05-19 14:25:00,2,0.21314178996654704,0.26016784823196676,0.5266903618014862,2
2025-05-19 14:30:00,2,0.20820162905832373,0.26607474186882146,0.5257236290728547,1
2025-05-19 14:35:00,2,0.2029995806193919,0.2811762592727329,0.5158241601078752,1
2025-05-19 14:40:00,2,0.2233602314319603,0.2877575670621471,0.48888220150589273,1
2025-05-19 14:45:00,2,0.02342221855207389,0.362158669530954,0.6144191119169722,1
2025-05-19 14:50:00,2,0.015610066808684724,0.36996100782666247,0.6144289253646528,1
2025-05-19 14:55:00,2,0.017653019350211845,0.31778112772226436,0.6645658529275238,2
2025-05-19 15:00:00,2,0.20995988067032936,0.30585236773320196,0.48418775159646865,1
2025-05-19 15:05:00,2,0.23432841864542456,0.29685205143514554,0.4688195299194299,1
2025-05-19 15:10:00,2,0.20414399080685797,0.27901607657847943,0.5168399326146627,1
2025-05-19 15:15:00,2,0.19912384296225802,0.26637599922277444,0.5345001578149675,1
2025-05-19 15:20:00,2,0.1632465980213262,0.30317682195763623,0.5335765800210376,1
2025-05-19 15:25:00,2,0.21075301228303472,0.34501469623744835,0.44423229147951687,1
2025-05-20 09:15:00,2,0.1864172087909367,0.39382662243315614,0.4197561687759071,1
2025-05-20 09:20:00,2,0.2272763024188226,0.3531069136438635,0.419616783937314,1
2025-05-20 09:25:00,2,0.1977769886612617,0.34699697545366226,0.455226035885076,1
2025-05-20 09:30:00,2,0.2395369455559801,0.37701053449270633,0.38345251995131346,1
2025-05-20 09:35:00,1,0.19763310545843235,0.365210832975317,0.4371560615662508,1
2025-05-20 09:40:00,2,0.2105942723059434,0.32797428035544074,0.46143144733861585,1
2025-05-20 09:45:00,2,0.20113859879287527,0.30969515312019036,0.4891662480869343,1
2025-05-20 09:50:00,2,0.00553701045889902,0.044735068284908544,0.9497279212561924,2
2025-05-20 09:55:00,2,0.2210855009654672,0.3639564145893106,0.4149580844452223,1
2025-05-20 10:00:00,2,0.21272360165177917,0.3759595906888079,0.4113168076594129,1
2025-05-20 10:05:00,2,0.1954238180259135,0.3714848815894233,0.43309130038466315,1
2025-05-20 10:10:00,2,0.18398159434486228,0.24864224320628686,0.5673761624488509,2
2025-05-20 10:15:00,2,0.18172512498151866,0.3072677765623288,0.5110070984561526,1
2025-05-20 10:20:00,2,0.18166453973710092,0.266049876118054,0.5522855841448452,1
2025-05-20 10:25:00,2,0.18230148102680543,0.25864654938959664,0.5590519695835979,1
2025-05-20 10:30:00,0,0.15066062740772104,0.21964004267247111,0.6296993299198079,2
2025-05-20 10:35:00,2,0.2871239234876263,0.3401445677372997,0.37273150877507405,1
2025-05-20 10:40:00,2,0.2719932118340591,0.33812629881341655,0.38988048935252434,1
2025-05-20 10:45:00,2,0.0723914776955219,0.014621126203426718,0.9129873961010514,2
2025-05-20 10:50:00,2,0.3244939724152888,0.36620107791517587,0.30930494966953526,2
2025-05-20 10:55:00,2,0.30014783172012727,0.3588537351923913,0.34099843308748146,1
2025-05-20 11:00:00,1,0.306303334432976,0.3924180011495887,0.3012786644174352,1
2025-05-20 11:05:00,1,0.2958291323735499,0.3618805783965164,0.34229028922993376,1
2025-05-20 11:10:00,1,0.3217142473849205,0.3613173270361664,0.31696842557891314,2
2025-05-20 11:15:00,2,0.319273150050884,0.39215848627957195,0.288568363669544,1
2025-05-20 11:20:00,2,0.36018064544908396,0.32590268715592235,0.31391666739499374,2
2025-05-20 11:25:00,2,0.36157628754583443,0.31082677130330444,0.3275969411508611,0
2025-05-20 11:30:00,1,0.30396651043994627,0.3709694355040387,0.325064054056015,1
2025-05-20 11:35:00,2,0.19769149659743976,0.13627903653175802,0.6660294668708023,2
2025-05-20 11:40:00,2,0.21057849426533234,0.0884047378557128,0.701016767878955,2
2025-05-20 11:45:00,2,0.19017159474275291,0.08605112934519724,0.7237772759120498,2
2025-05-20 11:50:00,2,0.25535808984377306,0.08535273747996064,0.6592891726762663,2
2025-05-20 11:55:00,2,0.2182772742509263,0.12223874248553165,0.6594839832635421,2
2025-05-20 12:00:00,2,0.24106020200659434,0.3836968038840321,0.37524299410937356,1
2025-05-20 12:05:00,1,0.23578050170164902,0.3715323410255807,0.39268715727277037,1
2025-05-20 12:10:00,2,0.2816889174055515,0.38133714079336367,0.3369739418010848,1
2025-05-20 12:15:00,2,0.2931675558227769,0.3419571759089768,0.3648752682682463,2
2025-05-20 12:20:00,2,0.2718143860812748,0.3631012460706626,0.36508436784806264,1
2025-05-20 12:25:00,2,0.274409085638873,0.3602012319267841,0.3653896824343429,1
2025-05-20 12:30:00,1,0.27508434738048854,0.36858327329698204,0.3563323793225295,1
2025-05-20 12:35:00,1,0.26396299415939123,0.3622863429914611,0.37375066284914765,1
2025-05-20 12:40:00,1,0.2744824155774799,0.35436107715781595,0.3711565072647041,1
2025-05-20 12:45:00,2,0.24249822945050425,0.08538053837147837,0.6721212321780173,2
2025-05-20 12:50:00,2,0.307528766919541,0.07097393379262533,0.6214972992878336,2
2025-05-20 12:55:00,2,0.0035931061082966134,0.03458917970666202,0.9618177141850415,2
2025-05-20 13:00:00,2,0.0034647733012162945,0.033534221980181814,0.9630010047186018,2
2025-05-20 13:05:00,2,0.0035972786979718914,0.03317972834576521,0.9632229929562629,2
2025-05-20 13:10:00,2,0.005164173467885091,0.034984294857614895,0.9598515316745001,2
2025-05-20 13:15:00,2,0.004642356004864759,0.032554610179196836,0.9628030338159383,2
2025-05-20 13:20:00,2,0.006425982223120769,0.054739370415845166,0.9388346473610341,2
2025-05-20 13:25:00,2,0.006104877951292784,0.06763077428168553,0.9262643477670218,2
2025-05-20 13:30:00,2,0.0076011941669704005,0.06807730777140084,0.9243214980616289,2
2025-05-20 13:35:00,2,0.004873749456154116,0.049435303865868155,0.9456909466779778,2
2025-05-20 13:40:00,2,0.004093188500845374,0.044519321910107414,0.9513874895890472,2
2025-05-20 13:45:00,2,0.2087792752770261,0.3218386426171858,0.4693820821057879,1
2025-05-20 13:50:00,1,0.1727696894161995,0.2915702151487649,0.5356600954350357,1
2025-05-20 13:55:00,2,0.18278238838725597,0.2980606814036911,0.519156930209053,1
2025-05-20 14:00:00,1,0.013815277247904162,0.44332520030340616,0.5428595224486896,1
2025-05-20 14:05:00,1,0.008741668636830766,0.4277252124273697,0.5635331189357995,1
2025-05-20 14:10:00,1,0.008169080352774496,0.4090266554888362,0.5828042641583894,1
2025-05-20 14:15:00,2,0.00761333534396451,0.3732187238635227,0.6191679407925128,1
2025-05-20 14:20:00,2,0.005222064018322638,0.44820765527781814,0.5465702807038593,1
2025-05-20 14:25:00,1,0.005519320273386199,0.4213352765534506,0.5731454031731632,1
2025-05-20 14:30:00,2,0.004951986960074075,0.3943256576493851,0.6007223553905409,1
2025-05-20 14:35:00,2,0.005658016925528729,0.37496908066669904,0.6193729024077722,1
2025-05-20 14:40:00,2,0.0029459093682295185,0.48095377527584343,0.516100315355927,1
2025-05-20 14:45:00,2,0.08405997306778422,0.44739215179447855,0.4685478751377372,1
2025-05-20 14:50:00,2,0.008517627217170243,0.43237673601771565,0.5591056367651142,1
2025-05-20 14:55:00,2,0.006538129987588071,0.43442537855386465,0.5590364914585473,1
2025-05-20 15:00:00,2,0.008664042812290365,0.44965510296544525,0.5416808542222644,1
2025-05-20 15:05:00,2,0.08987534440225077,0.367575765342259,0.5425488902554902,1
2025-05-20 15:10:00,2,0.08037571461438864,0.47664963123817655,0.44297465414743487,1
2025-05-20 15:15:00,2,0.07737612926161128,0.49225170810847696,0.4303721626299118,1
2025-05-20 15:20:00,2,0.09582445657956834,0.40906141424580134,0.4951141291746302,1
2025-05-20 15:25:00,2,0.1381037825585589,0.44992947970030117,0.41196673774114007,1
2025-05-21 09:15:00,0,0.27141910009938813,0.360896818858602,0.36768408104200995,1
2025-05-21 09:20:00,0,0.27710388101595795,0.3547045702250123,0.36819154875902965,1
2025-05-21 09:25:00,0,0.2617872989822671,0.3641954254744043,0.3740172755433287,1
2025-05-21 09:30:00,0,0.4058737411364733,0.018527969171080485,0.5755982896924462,0
2025-05-21 09:35:00,0,0.4244409230633573,0.011696393906055046,0.5638626830305877,0
2025-05-21 09:40:00,2,0.42457609867197027,0.015482186607395275,0.5599417147206345,0
2025-05-21 09:45:00,2,0.4105809868710199,0.013168647966114382,0.5762503651628658,0
2025-05-21 09:50:00,2,0.3690714690218268,0.011686195210186018,0.6192423357679873,0
2025-05-21 09:55:00,0,0.34437925718790074,0.2841947189955835,0.37142602381651574,0
2025-05-21 10:00:00,0,0.419517608923995,0.020350615623648656,0.5601317754523564,0
2025-05-21 10:05:00,0,0.3953592961579165,0.012957091867682966,0.5916836119744006,0
2025-05-21 10:10:00,2,0.2705523211034026,0.009803386706792368,0.7196442921898051,2
2025-05-21 10:15:00,2,0.31112021097181697,0.009731693799488942,0.679148095228694,2
2025-05-21 10:20:00,2,0.2339999562481227,0.007877011316487142,0.7581230324353901,2
2025-05-21 10:25:00,2,0.3009144003983528,0.007389831578984495,0.6916957680226627,2
2025-05-21 10:30:00,2,0.22552749426406493,0.005580354152656824,0.7688921515832783,2
2025-05-21 10:35:00,2,0.3889726670393897,0.006987138079260827,0.6040401948813494,0
2025-05-21 10:40:00,2,0.4646751972962923,0.017820595287735462,0.5175042074159721,0
2025-05-21 10:45:00,2,0.44052080533850857,0.011109877733846727,0.5483693169276447,0
2025-05-21 10:50:00,2,0.4415283907503271,0.23260200055939495,0.3258696086902779,0
2025-05-21 10:55:00,2,0.4781518975264679,0.21391732986911746,0.3079307726044146,0
2025-05-21 11:00:00,0,0.4677207355769538,0.2687774378534538,0.2635018265695925,0
2025-05-21 11:05:00,1,0.477446060236473,0.2494281543826579,0.2731257853808691,0
2025-05-21 11:10:00,1,0.44788920327977566,0.2671391774347083,0.284971619285516,0
2025-05-21 11:15:00,1,0.3978866958985505,0.26914715670892897,0.3329661473925205,0
2025-05-21 11:20:00,2,0.4262634619687849,0.3228326492304592,0.25090388880075604,0
2025-05-21 11:25:00,2,0.42798552656765404,0.3078809428676215,0.2641335305647244,0
2025-05-21 11:30:00,1,0.44002100577446285,0.3143051631951599,0.24567383103037732,0
2025-05-21 11:35:00,1,0.40367253685885923,0.326265301343955,0.27006216179718573,0
2025-05-21 11:40:00,1,0.4585008029112827,0.3086913369345023,0.232807860154215,0
2025-05-21 11:45:00,1,0.4143881481605965,0.3135753969329289,0.2720364549064746,0
2025-05-21 11:50:00,1,0.42911815382693486,0.3295280718569064,0.2413537743161587,0
2025-05-21 11:55:00,1,0.4096311436338923,0.3242991943960951,0.2660696619700127,0
2025-05-21 12:00:00,2,0.010165887701014039,0.056530381158139506,0.9333037311408464,2
2025-05-21 12:05:00,2,0.010328325453651043,0.057253805691714725,0.9324178688546343,2
2025-05-21 12:10:00,2,0.006348111132235469,0.06222075194415057,0.931431136923614,2
2025-05-21 12:15:00,2,0.005830052454097186,0.04917083248647155,0.9449991150594312,2
2025-05-21 12:20:00,0,0.3372972329417429,0.4487631333949808,0.21393963366327629,1
2025-05-21 12:25:00,0,0.39379987222354745,0.39320215753493154,0.21299797024152098,2
2025-05-21 12:30:00,2,0.33018753071525064,0.43085925901575534,0.23895321026899413,1
2025-05-21 12:35:00,1,0.32391887130086805,0.40907875717236813,0.2670023715267637,1
2025-05-21 12:40:00,2,0.3924240816923975,0.35258646711737507,0.2549894511902275,2
2025-05-21 12:45:00,2,0.4202175564533449,0.3692633692884524,0.21051907425820268,0
2025-05-21 12:50:00,0,0.42692811491643257,0.34797484171706405,0.22509704336650338,0
2025-05-21 12:55:00,0,0.4304584501548929,0.35200479299097864,0.21753675685412832,0
2025-05-21 13:00:00,0,0.368136498521599,0.3837647032817035,0.24809879819669756,2
2025-05-21 13:05:00,0,0.3988884739650727,0.35875830705180484,0.24235321898312237,2
2025-05-21 13:10:00,1,0.378744135235753,0.34310007296977846,0.2781557917944686,2
2025-05-21 13:15:00,1,0.3797307309269003,0.3164291257500368,0.303840143323063,0
2025-05-21 13:20:00,1,0.4456094649690511,0.3140665497837251,0.24032398524722381,0
2025-05-21 13:25:00,2,0.4361052014842815,0.35907999204635005,0.20481480646936848,0
2025-05-21 13:30:00,2,0.4734775376404697,0.2863142533270834,0.2402082090324469,0
2025-05-21 13:35:00,2,0.33298476938632254,0.3267384888511485,0.340276741762529,2
2025-05-21 13:40:00,2,0.32348872011182406,0.32403381745450044,0.3524774624336756,2
2025-05-21 13:45:00,1,0.30448470145538636,0.30473601511235787,0.3907792834322558,2
2025-05-21 13:50:00,2,0.27149259714659735,0.2796646463779278,0.4488427564754749,2
2025-05-21 13:55:00,2,0.2971719220276592,0.2678734433453652,0.43495463462697564,2
2025-05-21 14:00:00,0,0.3444628162973161,0.30283327540101695,0.35270390830166687,2
2025-05-21 14:05:00,0,0.315014218758787,0.2877057973407755,0.3972799839004374,2
2025-05-21 14:10:00,2,0.28425971254607235,0.2544935106721151,0.46124677678181253,2
2025-05-21 14:15:00,2,0.2935047148859425,0.23112286473574642,0.47537242037831107,2
2025-05-21 14:20:00,2,0.3108554011035816,0.2730120161215573,0.41613258277486104,2
2025-05-21 14:25:00,2,0.2726319238484644,0.21302898185252234,0.5143390942990133,2
2025-05-21 14:30:00,2,0.25301827422694934,0.2135642472135769,0.5334174785594737,2
2025-05-21 14:35:00,2,0.293187005978083,0.2312124492379203,0.47560054478399666,2
2025-05-21 14:40:00,2,0.004446186577232749,0.002371787269245832,0.9931820261535215,2
2025-05-21 14:45:00,2,0.00492192641611276,0.0032908354355610497,0.9917872381483261,2
2025-05-21 14:50:00,2,0.004088149678039778,0.0032079740421811767,0.9927038762797791,2
2025-05-21 14:55:00,2,0.0035686922813327605,0.0031354152652719462,0.9932958924533953,2
2025-05-21 15:00:00,2,0.004985705471719339,0.003638370564554944,0.9913759239637259,2
2025-05-21 15:05:00,2,0.003868473112957019,0.0035753984012455785,0.9925561284857974,2
2025-05-21 15:10:00,2,0.00502625993040736,0.0034985721072832566,0.9914751679623095,2
2025-05-21 15:15:00,2,0.005210737188512875,0.0031561919938167234,0.9916330708176704,2
2025-05-21 15:20:00,2,0.005381924540977565,0.0034546120708517547,0.9911634633881707,2
2025-05-21 15:25:00,2,0.004794524623222049,0.0030072641592987876,0.9921982112174791,2
2025-05-22 09:15:00,2,0.3756924235504804,0.006677715221272016,0.6176298612282476,0
2025-05-22 09:20:00,2,0.3132739673781635,0.004411019877282073,0.6823150127445544,2
2025-05-22 09:25:00,2,0.1885426923850741,0.04510905193902428,0.7663482556759016,2
2025-05-22 09:30:00,2,0.20784364810224742,0.040327033977273455,0.7518293179204791,2
2025-05-22 09:35:00,2,0.22916385868973813,0.09233742297336567,0.6784987183368962,2
2025-05-22 09:40:00,2,0.005796983543816516,0.08101116528731735,0.9131918511688661,2
2025-05-22 09:45:00,2,0.004541030293626354,0.07086341579567099,0.9245955539107026,2
2025-05-22 09:50:00,2,0.21406756013857106,0.3832053290113916,0.4027271108500374,1
2025-05-22 09:55:00,2,0.1915871371363238,0.36601353708106255,0.4423993257826137,1
2025-05-22 10:00:00,2,0.2575046537858246,0.32824912894034963,0.41424621727382577,1
2025-05-22 10:05:00,2,0.22267257464093476,0.3872972459845103,0.3900301793745549,1
2025-05-22 10:10:00,2,0.2180196240754308,0.34241874194226474,0.43956163398230447,1
2025-05-22 10:15:00,2,0.24646666342639556,0.3399332055064943,0.4136001310671101,1
2025-05-22 10:20:00,2,0.26876446864949544,0.3154976899616533,0.4157378413888513,2
2025-05-22 10:25:00,2,0.27550273562644756,0.42357225264382864,0.30092501172972386,1
2025-05-22 10:30:00,2,0.25382218184651756,0.359396077731333,0.38678174042214947,1
2025-05-22 10:35:00,2,0.3614612214080853,0.39885133843686926,0.23968744015504537,2
2025-05-22 10:40:00,2,0.35511410319406683,0.39870124777377497,0.2461846490321582,2
2025-05-22 10:45:00,2,0.35809808070194427,0.38304599939447714,0.2588559199035786,2
2025-05-22 10:50:00,2,0.36355936534002536,0.3838090415543875,0.25263159310558714,2
2025-05-22 10:55:00,2,0.34026148338332246,0.3903433910344506,0.26939512558222695,1
2025-05-22 11:00:00,2,0.3456115667813758,0.39922340263381373,0.25516503058481044,1
2025-05-22 11:05:00,2,0.3755002361245854,0.3520298705759199,0.2724698932994947,2
2025-05-22 11:10:00,2,0.31390301886403266,0.40204501742681525,0.28405196370915214,1
2025-05-22 11:15:00,2,0.31720331386874195,0.35887015813684037,0.3239265279944176,2
2025-05-22 11:20:00,1,0.30811022135971927,0.3999642453179809,0.29192553332229987,1
2025-05-22 11:25:00,1,0.29420875537862473,0.38801127040483546,0.31777997421653986,1
2025-05-22 11:30:00,2,0.2868588300219256,0.39022848292319606,0.32291268705487824,1
2025-05-22 11:35:00,2,0.02222582890622336,0.5833402118889364,0.39443395920484037,1
2025-05-22 11:40:00,2,0.020055667658867214,0.5892694093030302,0.39067492303810264,1
2025-05-22 11:45:00,2,0.2813631492304354,0.42667342961659416,0.29196342115297047,1
2025-05-22 11:50:00,2,0.33027734030774,0.3819724579317654,0.2877502017604947,1
2025-05-22 11:55:00,2,0.34157340640376704,0.37045052081337976,0.28797607278285325,2
2025-05-22 12:00:00,1,0.3503414695672645,0.3741670510192186,0.2754914794135169,2
2025-05-22 12:05:00,1,0.34448806503049034,0.399272783031855,0.2562391519376548,1
2025-05-22 12:10:00,2,0.3246106634661594,0.3864058813918373,0.28898345514200324,1
2025-05-22 12:15:00,2,0.3005853739416925,0.41328065508246387,0.28613397097584364,1
2025-05-22 12:20:00,2,0.2878932550397151,0.44140809586258856,0.27069864909769636,1
2025-05-22 12:25:00,2,0.2635531305268567,0.4231315704759646,0.3133152989971787,1
2025-05-22 12:30:00,1,0.2686670826019141,0.42474667989040926,0.3065862375076767,1
2025-05-22 12:35:00,1,0.2866465960263449,0.36618085829675234,0.34717254567690287,1
2025-05-22 12:40:00,1,0.2773384339279015,0.3926425816162119,0.33001898445588645,1
2025-05-22 12:45:00,2,0.01662644875050701,0.5722575977134965,0.41111595353599656,1
2025-05-22 12:50:00,2,0.019767713019318862,0.5514445331897918,0.4287877537908892,1
2025-05-22 12:55:00,2,0.01988829865959465,0.5361849400034235,0.44392676133698183,1
2025-05-22 13:00:00,2,0.021700063136204314,0.5189993892759939,0.4593005475878018,1
2025-05-22 13:05:00,2,0.01801166738325656,0.5421837534459915,0.4398045791707521,1
2025-05-22 13:10:00,2,0.2723954411463209,0.4278673377174442,0.2997372211362349,1
2025-05-22 13:15:00,2,0.2851476766488028,0.4256264226654237,0.2892259006857736,1
2025-05-22 13:20:00,2,0.2587683786979744,0.43369599318870133,0.3075356281133242,1
2025-05-22 13:25:00,1,0.26077589647181526,0.3988600763555509,0.34036402717263387,1
2025-05-22 13:30:00,1,0.2727009640582475,0.42446581102750636,0.3028332249142461,1
2025-05-22 13:35:00,2,0.23576888570943147,0.3777348335051173,0.38649628078545123,1
2025-05-22 13:40:00,2,0.21677325144608292,0.44074599078543575,0.3424807577684814,1
2025-05-22 13:45:00,2,0.2045952752649235,0.39577701892538747,0.3996277058096891,1
2025-05-22 13:50:00,2,0.21367687306552727,0.3997050396408543,0.38661808729361846,1
2025-05-22 13:55:00,2,0.2034512672160353,0.39979076841888117,0.3967579643650835,1
2025-05-22 14:00:00,1,0.21160826780528144,0.38800593657486177,0.4003857956198569,1
2025-05-22 14:05:00,1,0.2215471635022188,0.38543610636973147,0.3930167301280497,1
2025-05-22 14:10:00,1,0.2248909182656314,0.3504811867575734,0.4246278949767952,1
2025-05-22 14:15:00,2,0.014661720543593767,0.5427658063192883,0.4425724731371179,1
2025-05-22 14:20:00,2,0.010810886889078353,0.5389794527029018,0.4502096604080197,1
2025-05-22 14:25:00,0,0.13998205388478732,0.43396385648135444,0.4260540896338582,1
2025-05-22 14:30:00,0,0.11622942754852912,0.4885661467571949,0.3952044256942759,1
2025-05-22 14:35:00,0,0.2533799679055219,0.4084637819160756,0.3381562501784025,1
2025-05-22 14:40:00,0,0.30786952929823663,0.3748869582369809,0.31724351246478244,1
2025-05-22 14:45:00,2,0.47140467998100993,0.02578021488719617,0.502815105131794,0
2025-05-22 14:50:00,0,0.34762076822215504,0.3796341073675965,0.2727451244102486,2
2025-05-22 14:55:00,2,0.46939653085586514,0.020384898479466916,0.510218570664668,0
2025-05-22 15:00:00,2,0.35821719571723437,0.36654403007626807,0.2752387742064975,2
2025-05-22 15:05:00,2,0.44292658485446357,0.025783999084550663,0.5312894160609859,0
2025-05-22 15:10:00,2,0.3366378632241496,0.33835710373132344,0.325005033044527,2
2025-05-22 15:15:00,2,0.29741955152164273,0.3587987846267402,0.34378166385161707,1
2025-05-22 15:20:00,2,0.2912209862137208,0.3494979208931403,0.3592810928931389,1
2025-05-22 15:25:00,2,0.4507200677419574,0.030883354325742577,0.5183965779323001,0
2025-05-23 09:15:00,0,0.21756572836728166,0.48406997335967816,0.2983642982730402,1
2025-05-23 09:20:00,0,0.4006472786555087,0.01627668694111459,0.5830760344033767,0
2025-05-23 09:25:00,0,0.31367225120397924,0.009981190265244922,0.6763465585307757,2
2025-05-23 09:30:00,0,0.3756475607506096,0.00998472561925583,0.6143677136301345,0
2025-05-23 09:35:00,0,0.37933290687314086,0.010287709004431676,0.6103793841224274,0
2025-05-23 09:40:00,2,0.41642716147343317,0.0070746880194749685,0.5764981505070919,0
2025-05-23 09:45:00,2,0.4606486145766919,0.00752154011161669,0.5318298453116914,0
2025-05-23 09:50:00,2,0.4348141935442366,0.007539398597212821,0.5576464078585506,0
2025-05-23 09:55:00,2,0.4968077388395518,0.0069688400972996115,0.49622342106314865,0
2025-05-23 10:00:00,2,0.4278246093731535,0.0063038549323920934,0.5658715356944544,0
2025-05-23 10:05:00,2,0.40735260076997565,0.00604953909097087,0.5865978601390536,0
2025-05-23 10:10:00,2,0.38965926475009977,0.005731120389561327,0.6046096148603389,0
2025-05-23 10:15:00,2,0.36019035083467654,0.20636743381793046,0.4334422153473929,0
2025-05-23 10:20:00,2,0.33771688292298563,0.19099658142479958,0.47128653565221473,0
2025-05-23 10:25:00,2,0.3418116583840942,0.21213985227116042,0.44604848934474545,0
2025-05-23 10:30:00,0,0.29206780691451223,0.2672901889351873,0.44064200415030036,2
2025-05-23 10:35:00,0,0.46713427619908,0.26646340965674314,0.2664023141441769,0
2025-05-23 10:40:00,0,0.47813221799848776,0.20635574825617178,0.3155120337453405,0
2025-05-23 10:45:00,2,0.5189059718908539,0.010140590606888537,0.47095343750225765,0
2025-05-23 10:50:00,2,0.5302103062098091,0.010758841852906393,0.45903085193728466,0
2025-05-23 10:55:00,2,0.5595151690825865,0.0075360536839870805,0.43294877723342656,0
2025-05-23 11:00:00,2,0.5845965566489173,0.007000928520612731,0.40840251483047,0
2025-05-23 11:05:00,2,0.589056866004022,0.008781456841716337,0.4021616771542617,0
2025-05-23 11:10:00,2,0.5769180489402328,0.009011050572364237,0.4140709004874029,0
2025-05-23 11:15:00,2,0.5103961650578753,0.22895896708725935,0.26064486785486535,0
2025-05-23 11:20:00,2,0.48934848302592754,0.21809990643522623,0.29255161053884615,0
2025-05-23 11:25:00,2,0.5182506421347209,0.19230054116814257,0.28944881669713646,0
2025-05-23 11:30:00,1,0.49334930243128566,0.21864964867925069,0.2880010488894637,0
2025-05-23 11:35:00,1,0.4926537354957324,0.22954612581071543,0.2778001386935522,0
2025-05-23 11:40:00,1,0.4871328074091383,0.2406466905481316,0.2722205020427301,0
2025-05-23 11:45:00,0,0.5362532102133045,0.29527308991933043,0.16847369986736496,0
2025-05-23 11:50:00,2,0.5257810236775768,0.22703439218468147,0.24718458413774166,0
2025-05-23 11:55:00,2,0.4670935360850186,0.2754873389874892,0.2574191249274921,0
2025-05-23 12:00:00,2,0.4438835504227414,0.26504405313472834,0.29107239644253036,0
2025-05-23 12:05:00,0,0.4456995960892041,0.26161084060633655,0.2926895633044592,0
2025-05-23 12:10:00,0,0.45663230056288856,0.27564978775186577,0.2677179116852456,0
2025-05-23 12:15:00,0,0.4533234977098792,0.2564736682061515,0.29020283408396946,0
2025-05-23 12:20:00,2,0.4572191068286177,0.23631404042377285,0.3064668527476094,0
2025-05-23 12:25:00,2,0.4646853074579119,0.21937051016524167,0.3159441823768465,0
2025-05-23 12:30:00,2,0.4734182208785957,0.2126966368292864,0.3138851422921179,0
2025-05-23 12:35:00,2,0.4694392872999394,0.24874633252137318,0.28181438017868726,0
2025-05-23 12:40:00,2,0.46026515371496696,0.2460323681251582,0.29370247815987477,0
2025-05-23 12:45:00,2,0.49057935990610824,0.210871719972238,0.2985489201216537,0
2025-05-23 12:50:00,2,0.46825752158421236,0.2180816656865228,0.3136608127292649,0
2025-05-23 12:55:00,2,0.5016119831293347,0.19879934427092455,0.29958867259974065,0
2025-05-23 13:00:00,2,0.47180980486798946,0.17829631654792977,0.34989387858408083,0
2025-05-23 13:05:00,2,0.4821235134917021,0.1864165529168192,0.3314599335914787,0
2025-05-23 13:10:00,2,0.4147302991646184,0.20744187063668096,0.3778278301987007,0
2025-05-23 13:15:00,2,0.43416933073526154,0.19540945209958346,0.3704212171651551,0
2025-05-23 13:20:00,2,0.4224827219015704,0.19779202890387979,0.3797252491945499,0
2025-05-23 13:25:00,1,0.44080803975079774,0.20349290789170216,0.3556990523575001,0
2025-05-23 13:30:00,1,0.44581264175466,0.18993228019538147,0.36425507804995844,0
2025-05-23 13:35:00,2,0.33408133196708534,0.17708075462643286,0.4888379134064818,0
2025-05-23 13:40:00,2,0.344896406774864,0.18806396433222727,0.46703962889290884,0
2025-05-23 13:45:00,0,0.3569605077975819,0.21206761866363988,0.43097187353877825,0
2025-05-23 13:50:00,2,0.32597033336586995,0.2264309208579701,0.44759874577616,0
2025-05-23 13:55:00,2,0.3374025275628291,0.19612478078252515,0.4664726916546457,0
2025-05-23 14:00:00,2,0.3335507467120132,0.1852918477754996,0.48115740551248715,0
2025-05-23 14:05:00,2,0.3360278870100434,0.1824479222960386,0.4815241906939181,0
2025-05-23 14:10:00,2,0.30747946126788045,0.23161160750804807,0.46090893122407145,2
2025-05-23 14:15:00,2,0.30251250550109837,0.22584113556129712,0.4716463589376046,2
2025-05-23 14:20:00,2,0.2889467527276398,0.2365366098803527,0.47451663739200756,2
2025-05-23 14:25:00,1,0.2833358840023662,0.2345056236620761,0.48215849233555763,2
2025-05-23 14:30:00,2,0.2611033671356899,0.19442482555582988,0.5444718073084802,2
2025-05-23 14:35:00,1,0.330042658183573,0.1980133339881014,0.4719440078283257,0
2025-05-23 14:40:00,2,0.21857261294048325,0.07278356449231495,0.7086438225672018,2
2025-05-23 14:45:00,2,0.3046594098706404,0.19269955056578703,0.5026410395635725,2
2025-05-23 14:50:00,2,0.2532980150688222,0.09761647334109705,0.6490855115900808,2
2025-05-23 14:55:00,2,0.2888210342295257,0.22236478738917337,0.488814178381301,2
2025-05-23 15:00:00,2,0.26480227552926455,0.20704213090422638,0.5281555935665091,2
2025-05-23 15:05:00,2,0.3091173977556817,0.17341484039744962,0.5174677618468686,2
2025-05-23 15:10:00,2,0.3147873701002407,0.18677193459137295,0.4984406953083862,2
2025-05-23 15:15:00,2,0.28107677505154016,0.19040875602623225,0.5285144689222275,2
2025-05-23 15:20:00,2,0.3132791922552127,0.1797199582208499,0.5070008495239373,2
2025-05-23 15:25:00,2,0.34091052812525496,0.1604829422487057,0.4986065296260394,0
2025-05-26 09:15:00,2,0.04280166625378199,0.09844340271109181,0.8587549310351261,2
2025-05-26 09:20:00,2,0.03439947881470539,0.10393891632280497,0.8616616048624895,2
2025-05-26 09:25:00,2,0.013738349796031767,0.0020759061292176693,0.9841857440747505,2
2025-05-26 09:30:00,2,0.014496461851765508,0.001924131015824166,0.9835794071324103,2
2025-05-26 09:35:00,2,0.013786054335474612,0.0018272547061518674,0.9843866909583735,2
2025-05-26 09:40:00,2,0.029267382167857833,0.0015597409859581612,0.969172876846184,2
2025-05-26 09:45:00,2,0.0273410186047588,0.0016653730054028038,0.9709936083898384,2
2025-05-26 09:50:00,2,0.02907829928879579,0.001828209602150931,0.9690934911090534,2
2025-05-26 09:55:00,2,0.02604810408097531,0.0016216419867182337,0.9723302539323064,2
2025-05-26 10:00:00,2,0.05783985151963984,0.005673325093353416,0.9364868233870068,2
2025-05-26 10:05:00,2,0.04208644863891693,0.004898367911620112,0.953015183449463,2
2025-05-26 10:10:00,2,0.24438222730186257,0.01183125577449691,0.7437865169236405,2
2025-05-26 10:15:00,1,0.24975807446733814,0.21646184633809387,0.5337800791945679,2
2025-05-26 10:20:00,1,0.2517153336531208,0.20210071610679597,0.5461839502400831,2
2025-05-26 10:25:00,2,0.3437907813223526,0.25565333373954885,0.40055588493809857,0
2025-05-26 10:30:00,2,0.00796136434852321,0.05710147680388038,0.9349371588475964,2
2025-05-26 10:35:00,2,0.012903839234841633,0.08324729381296972,0.9038488669521888,2
2025-05-26 10:40:00,2,0.36920510440476906,0.3820793210954971,0.24871557449973397,2
2025-05-26 10:45:00,2,0.36951133679870674,0.3972209711907283,0.23326769201056485,2
2025-05-26 10:50:00,2,0.3492506007169021,0.36590119082757894,0.28484820845551884,2
2025-05-26 10:55:00,2,0.34934585391585227,0.3303357276609439,0.32031841842320385,2
2025-05-26 11:00:00,0,0.3867445584138214,0.3335254365848959,0.27973000500128276,0
2025-05-26 11:05:00,0,0.39261951972363274,0.30975442792227154,0.29762605235409567,0
2025-05-26 11:10:00,2,0.3648330698041133,0.3369806493553109,0.2981862808405758,2
2025-05-26 11:15:00,2,0.3527255261475567,0.30753191696690635,0.3397425568855369,2
2025-05-26 11:20:00,1,0.3946127559228676,0.3112175095914242,0.2941697344857082,0
2025-05-26 11:25:00,2,0.4022297193911639,0.3162773794936021,0.28149290111523406,0
2025-05-26 11:30:00,2,0.39313102809052086,0.29891975511431473,0.3079492167951644,0
2025-05-26 11:35:00,0,0.4147421590047684,0.29581707086050746,0.2894407701347241,0
2025-05-26 11:40:00,0,0.3578400338170861,0.3111828125762562,0.3309771536066577,2
2025-05-26 11:45:00,0,0.32655697022050684,0.3142746446164742,0.35916838516301897,2
2025-05-26 11:50:00,2,0.2994484804079261,0.309224236502544,0.39132728308952985,2
2025-05-26 11:55:00,2,0.3060964156958317,0.2886798228529364,0.405223761451232,2
2025-05-26 12:00:00,2,0.2904897860456813,0.28596439316882655,0.42354582078549224,2
2025-05-26 12:05:00,2,0.29674859778367935,0.30000449512396504,0.4032469070923556,2
2025-05-26 12:10:00,2,0.32033997076357124,0.2556385827681787,0.4240214464682501,0
2025-05-26 12:15:00,2,0.29244943862055417,0.2684671007883669,0.43908346059107894,2
2025-05-26 12:20:00,2,0.28632523882929833,0.2825951480616469,0.4310796131090548,2
2025-05-26 12:25:00,1,0.34827462450221713,0.2222715392056101,0.4294538362921728,0
2025-05-26 12:30:00,1,0.3333216220468482,0.2379997681893902,0.4286786097637616,0
2025-05-26 12:35:00,1,0.33643917911178983,0.22021142960455942,0.44334939128365064,0
2025-05-26 12:40:00,2,0.38495968102867406,0.27805043057848244,0.33698988839284344,0
2025-05-26 12:45:00,2,0.3470302444268547,0.27210653916510286,0.3808632164080424,0
2025-05-26 12:50:00,0,0.4044273986806619,0.2671832964665751,0.328389304852763,0
2025-05-26 12:55:00,2,0.3358786085879515,0.298452516581315,0.36566887483073357,2
2025-05-26 13:00:00,2,0.2804018620927554,0.303153352247367,0.41644478565987747,2
2025-05-26 13:05:00,2,0.28534580133189497,0.2471144331691473,0.4675397654989577,2
2025-05-26 13:10:00,2,0.0033086938270304868,0.002558715568108821,0.9941325906048607,2
2025-05-26 13:15:00,2,0.003713826115388498,0.0025035141870477133,0.9937826596975639,2
2025-05-26 13:20:00,2,0.0041405084440572235,0.0027254740881899387,0.9931340174677529,2
2025-05-26 13:25:00,2,0.0036533479726011463,0.002675365652991905,0.9936712863744069,2
2025-05-26 13:30:00,2,0.0031417892898470234,0.0022212009414940195,0.994637009768659,2
2025-05-26 13:35:00,2,0.0026597042668709495,0.00251537859663015,0.9948249171364989,2
2025-05-26 13:40:00,2,0.0036359836364537068,0.0037411576888821576,0.9926228586746643,2
2025-05-26 13:45:00,2,0.003246013146217444,0.0030445780128538747,0.9937094088409286,2
2025-05-26 13:50:00,2,0.003117311278155326,0.00250714597835064,0.9943755427434939,2
2025-05-26 13:55:00,2,0.004084829893544572,0.0025803169383051515,0.9933348531681502,2
2025-05-26 14:00:00,2,0.0032417924534942364,0.0020271532978572006,0.9947310542486486,2
2025-05-26 14:05:00,2,0.004012192435166257,0.0025096952235717303,0.993478112341262,2
2025-05-26 14:10:00,2,0.00284406328731002,0.002342310255432927,0.9948136264572571,2
2025-05-26 14:15:00,2,0.0034080937025629146,0.0026069878009784843,0.9939849184964588,2
2025-05-26 14:20:00,2,0.003228166019174276,0.002460507449296243,0.9943113265315294,2
2025-05-26 14:25:00,2,0.003122924114670436,0.0026849289314984206,0.9941921469538311,2
2025-05-26 14:30:00,2,0.003217964550012528,0.0028928114639482387,0.9938892239860392,2
2025-05-26 14:35:00,2,0.0036516101198687716,0.0027311669401983763,0.9936172229399328,2
2025-05-26 14:40:00,2,0.0033146613818540887,0.0026261979477510884,0.9940591406703948,2
2025-05-26 14:45:00,2,0.0032929553760533627,0.002531270217286856,0.9941757744066598,2
2025-05-26 14:50:00,2,0.0033491077413074946,0.0026614003500665564,0.9939894919086258,2
2025-05-26 14:55:00,2,0.003679583842653627,0.0029151089949671794,0.9934053071623792,2
2025-05-26 15:00:00,2,0.003835710725732939,0.003053935809631558,0.9931103534646355,2
2025-05-26 15:05:00,2,0.003014465496760783,0.002709698347452572,0.9942758361557866,2
2025-05-26 15:10:00,2,0.0029024827880663445,0.002430787030399273,0.9946667301815343,2
2025-05-26 15:15:00,2,0.0032412297340641437,0.0023660696691189215,0.994392700596817,2
2025-05-26 15:20:00,2,0.002778997828259193,0.002041623183520463,0.9951793789882204,2
2025-05-26 15:25:00,2,0.0025131247993427134,0.0020938310899129503,0.9953930441107444,2
2025-05-27 09:15:00,2,0.3973834583142088,0.005138596461421683,0.5974779452243694,0
2025-05-27 09:20:00,2,0.3806588371234064,0.0051326562571105665,0.614208506619483,0
2025-05-27 09:25:00,2,0.25541994901276516,0.05147665816595015,0.6931033928212847,2
2025-05-27 09:30:00,2,0.26688418916285034,0.10173579292630594,0.6313800179108437,2
2025-05-27 09:35:00,2,0.24237575057020408,0.12327627230106426,0.6343479771287316,2
2025-05-27 09:40:00,2,0.00831068783476487,0.09107228538314671,0.9006170267820884,2
2025-05-27 09:45:00,2,0.004423851779408801,0.04739418775868706,0.9481819604619041,2
2025-05-27 09:50:00,2,0.004961036066978313,0.05363615819802761,0.9414028057349941,2
2025-05-27 09:55:00,2,0.0038030641053238634,0.032351930337693624,0.9638450055569825,2
2025-05-27 10:00:00,2,0.0039996935070814865,0.053744371057220255,0.9422559354356983,2
2025-05-27 10:05:00,2,0.004194548578380135,0.0896116309086803,0.9061938205129396,2
2025-05-27 10:10:00,2,0.01252120819654669,0.5458666955485663,0.44161209625488707,1
2025-05-27 10:15:00,2,0.014233723079060913,0.5233588870139663,0.4624073899069728,1
2025-05-27 10:20:00,2,0.014819475437887994,0.49208062577278583,0.49309989878932614,1
2025-05-27 10:25:00,2,0.016532847864978238,0.4935865849922836,0.4898805671427382,1
2025-05-27 10:30:00,2,0.20094028801823877,0.36706682047336714,0.431992891508394,1
2025-05-27 10:35:00,2,0.25703575884354296,0.4820590751403894,0.2609051660160676,1
2025-05-27 10:40:00,2,0.3131787959388637,0.4493806954288377,0.2374405086322986,1
2025-05-27 10:45:00,0,0.32356094660870915,0.42206572754616045,0.2543733258451304,1
2025-05-27 10:50:00,0,0.3178315478244914,0.4147691579278187,0.2673992942476898,1
2025-05-27 10:55:00,0,0.3016283719216759,0.43992927555880174,0.2584423525195222,1
2025-05-27 11:00:00,0,0.500668975033011,0.02782637216727982,0.47150465279970916,0
2025-05-27 11:05:00,0,0.6318710558159377,0.03722581639512816,0.3309031277889341,0
2025-05-27 11:10:00,0,0.5775761818659513,0.04150894257287631,0.38091487556117243,0
2025-05-27 11:15:00,0,0.5601514232323975,0.031060383861269872,0.40878819290633256,0
2025-05-27 11:20:00,0,0.531695894487023,0.02017915780684359,0.4481249477061335,0
2025-05-27 11:25:00,2,0.44494025724722136,0.02013017254356902,0.5349295702092095,0
2025-05-27 11:30:00,2,0.5418265044526026,0.028498577364551272,0.42967491818284603,0
2025-05-27 11:35:00,2,0.7036589821912095,0.03625829236747988,0.26008272544131067,0
2025-05-27 11:40:00,2,0.4798895924981792,0.4228785697115931,0.09723183779022765,0
2025-05-27 11:45:00,0,0.4868921278157473,0.4104233970213885,0.10268447516286414,0
2025-05-27 11:50:00,2,0.4629787055285648,0.4036253574017391,0.13339593706969616,0
2025-05-27 11:55:00,2,0.4001071792415934,0.4354983207954958,0.16439449996291078,2
2025-05-27 12:00:00,2,0.4180430244530991,0.4032837839602856,0.1786731915866153,2
2025-05-27 12:05:00,1,0.4072890208376715,0.4066465209296168,0.1860644582327117,2
2025-05-27 12:10:00,1,0.40942438072332954,0.3930984596047951,0.19747715967187535,2
2025-05-27 12:15:00,1,0.43460634742959703,0.39045573903882547,0.1749379135315775,2
2025-05-27 12:20:00,1,0.39760634317016535,0.4487844343186413,0.15360922251119338,1
2025-05-27 12:25:00,2,0.019623452783676335,0.09332839549080822,0.8870481517255155,2
2025-05-27 12:30:00,1,0.4228696875214312,0.415396689706925,0.1617336227716438,2
2025-05-27 12:35:00,2,0.4401353729460297,0.38345370952618674,0.1764109175277835,0
2025-05-27 12:40:00,1,0.42105714022871854,0.39420570128364774,0.18473715848763378,2
2025-05-27 12:45:00,1,0.4304281353272629,0.39604535961875886,0.17352650505397826,2
2025-05-27 12:50:00,1,0.40909844178170984,0.3777541890456924,0.21314736917259766,2
2025-05-27 12:55:00,2,0.014230203035959458,0.07162772883220693,0.9141420681318335,2
2025-05-27 13:00:00,2,0.012733590161319744,0.06355176277674612,0.9237146470619342,2
2025-05-27 13:05:00,2,0.38567244471250806,0.39834391295999966,0.21598364232749234,2
2025-05-27 13:10:00,2,0.2868566818793685,0.47309651668036706,0.24004680144026427,1
2025-05-27 13:15:00,2,0.35883852005792155,0.4235976789287799,0.21756380101329847,1
2025-05-27 13:20:00,2,0.014266940452821217,0.09236351597082108,0.8933695435763578,2
2025-05-27 13:25:00,2,0.3725873762102323,0.38731363939136604,0.24009898439840174,2
2025-05-27 13:30:00,2,0.3380206881459618,0.4066009052482225,0.2553784066058157,1
2025-05-27 13:35:00,2,0.2524779351659121,0.31269021209648656,0.43483185273760133,1
2025-05-27 13:40:00,1,0.24667212729561802,0.34923967184411325,0.4040882008602687,1
2025-05-27 13:45:00,1,0.27042673190250033,0.37899519680262567,0.350578071294874,1
2025-05-27 13:50:00,1,0.3124877514963032,0.3396404634337345,0.34787178506996236,2
2025-05-27 13:55:00,2,0.303814637092202,0.05720310158887637,0.6389822613189216,2
2025-05-27 14:00:00,2,0.2402486641467169,0.10174947256819498,0.6580018632850881,2
2025-05-27 14:05:00,2,0.29004661204020793,0.07738657947416874,0.6325668084856233,2
2025-05-27 14:10:00,2,0.008683079582873475,0.0641849342924529,0.9271319861246736,2
2025-05-27 14:15:00,2,0.00504709658849645,0.029513768975894854,0.9654391344356088,2
2025-05-27 14:20:00,2,0.0072870713520179955,0.06702173532117028,0.9256911933268117,2
2025-05-27 14:25:00,2,0.007177863294328031,0.06114920896430029,0.9316729277413716,2
2025-05-27 14:30:00,0,0.2668906362670885,0.36172517604929616,0.37138418768361525,1
2025-05-27 14:35:00,2,0.2509011322491808,0.36649696131498793,0.38260190643583125,1
2025-05-27 14:40:00,0,0.21878408873950875,0.39184668184645555,0.3893692294140358,1
2025-05-27 14:45:00,2,0.20424290518199906,0.4271716861838903,0.36858540863411055,1
2025-05-27 14:50:00,0,0.23872287506209877,0.3503057359465428,0.41097138899135843,1
2025-05-27 14:55:00,2,0.2195450459941083,0.33119959924184916,0.4492553547640425,1
2025-05-27 15:00:00,2,0.17835907579965007,0.2817333997696084,0.5399075244307415,1
2025-05-27 15:05:00,2,0.03927566448369502,0.01162440663672953,0.9490999288795754,2
2025-05-27 15:10:00,2,0.2275432990734406,0.2847497394518718,0.48770696147468773,1
2025-05-27 15:15:00,2,0.2417951131497832,0.2959485434345202,0.46225634341569666,1
2025-05-27 15:20:00,2,0.24768766077329055,0.26442185502630533,0.4878904842004041,2
2025-05-27 15:25:00,2,0.2507632548090612,0.319181960270709,0.43005478492022975,1
2025-05-28 09:15:00,1,0.3567077123655006,0.33960508873613443,0.30368719889836493,2
2025-05-28 09:20:00,2,0.37004707855460944,0.33422409789146945,0.29572882355392105,2
2025-05-28 09:25:00,2,0.44538117782918585,0.24271976209641602,0.31189906007439805,0
2025-05-28 09:30:00,2,0.3590216296493441,0.26137912633985055,0.3795992440108054,0
2025-05-28 09:35:00,2,0.3917459483356782,0.31880048866719773,0.2894535629971241,0
2025-05-28 09:40:00,2,0.30462131151873684,0.33257484782901,0.3628038406522532,2
2025-05-28 09:45:00,2,0.34603459610059767,0.32596212497534,0.32800327892406234,2
2025-05-28 09:50:00,2,0.34943417624157097,0.3205648006869656,0.33000102307146345,2
2025-05-28 09:55:00,2,0.31403934836555264,0.3464910720385677,0.33946957959587964,2
2025-05-28 10:00:00,2,0.31961801430101844,0.3361676076015577,0.34421437809742383,2
2025-05-28 10:05:00,2,0.2726940095061923,0.29262170034470497,0.4346842901491028,2
2025-05-28 10:10:00,2,0.2443029078886615,0.2907468889208095,0.4649502031905291,2
2025-05-28 10:15:00,2,0.275762337605001,0.29672823212608285,0.42750943026891614,2
2025-05-28 10:20:00,2,0.25286344527813703,0.27742257370633566,0.4697139810155273,2
2025-05-28 10:25:00,2,0.2312826647545253,0.250526003298778,0.5181913319466968,2
2025-05-28 10:30:00,2,0.23771398395125726,0.23105577365887978,0.5312302423898629,2
2025-05-28 10:35:00,0,0.3650113066157553,0.32942655912675306,0.3055621342574916,2
2025-05-28 10:40:00,0,0.34127641642516043,0.33492106873119853,0.3238025148436412,2
2025-05-28 10:45:00,2,0.39001042611360703,0.31474802437858046,0.2952415495078125,0
2025-05-28 10:50:00,2,0.3602638249618685,0.31674124146579863,0.32299493357233294,2
2025-05-28 10:55:00,2,0.3851771788958724,0.3006157284596783,0.3142070926444492,0
2025-05-28 11:00:00,1,0.3582668617719616,0.3083871867290471,0.33334595149899127,2
2025-05-28 11:05:00,1,0.34683766138623795,0.3139119559674909,0.3392503826462712,2
2025-05-28 11:10:00,2,0.34767060219629276,0.34358246040507534,0.30874693739863196,2
2025-05-28 11:15:00,2,0.34004271846867773,0.3376464528642192,0.3223108286671031,2
2025-05-28 11:20:00,2,0.3464136009361879,0.3722823225008478,0.28130407656296424,2
2025-05-28 11:25:00,2,0.3388414336405651,0.3692447821742376,0.2919137841851973,2
2025-05-28 11:30:00,2,0.32491067171208204,0.3649094750512659,0.3101798532366521,2
2025-05-28 11:35:00,0,0.30624434174361126,0.34472765068065464,0.34902800757573404,2
2025-05-28 11:40:00,2,0.2735745956569432,0.3538068327921691,0.3726185715508876,1
2025-05-28 11:45:00,2,0.23955695297876714,0.3441661587181193,0.4162768883031136,1
2025-05-28 11:50:00,2,0.26799463193251405,0.29965250181198166,0.43235286625550434,2
2025-05-28 11:55:00,2,0.003745320289889259,0.002519984348177826,0.9937346953619328,2
2025-05-28 12:00:00,2,0.0038153108926235954,0.0024882566805263613,0.99369643242685,2
2025-05-28 12:05:00,2,0.0035738980487281216,0.0027755564119988623,0.993650545539273,2
2025-05-28 12:10:00,2,0.0038222761477052693,0.0023260884721476786,0.993851635380147,2
2025-05-28 12:15:00,2,0.003348989196301805,0.002239907574499558,0.9944111032291986,2
2025-05-28 12:20:00,2,0.0031409976847269427,0.0021762853959089584,0.9946827169193642,2
2025-05-28 12:25:00,2,0.0033601592390522126,0.0022269529781598373,0.9944128877827879,2
2025-05-28 12:30:00,2,0.0048819306649395214,0.042432106589845545,0.952685962745215,2
2025-05-28 12:35:00,2,0.004116052328279006,0.03314384290048038,0.9627401047712407,2
2025-05-28 12:40:00,2,0.005186438079363212,0.046746164633307136,0.9480673972873296,2
2025-05-28 12:45:00,2,0.004867293857019572,0.07238976823215598,0.9227429379108244,2
2025-05-28 12:50:00,2,0.004230554274252864,0.13968073473190432,0.8560887109938429,2
2025-05-28 12:55:00,2,0.2881383574815413,0.282432135112487,0.4294295074059716,2
2025-05-28 13:00:00,1,0.07513867481784223,0.2986682788011073,0.6261930463810504,1
2025-05-28 13:05:00,1,0.2637768056691029,0.29147399008447306,0.44474920424642406,2
2025-05-28 13:10:00,2,0.30526455107662803,0.30538269499205967,0.38935275393131225,2
2025-05-28 13:15:00,2,0.2982310657753628,0.33669534643347687,0.3650735877911603,2
2025-05-28 13:20:00,2,0.3190459867059095,0.3118990690693296,0.369054944224761,2
2025-05-28 13:25:00,2,0.27743092363347915,0.3283388842977426,0.3942301920687782,1
2025-05-28 13:30:00,2,0.281380954511303,0.3172030373649092,0.4014160081237878,2
2025-05-28 13:35:00,2,0.25338923832284593,0.2671808758478485,0.47942988582930557,2
2025-05-28 13:40:00,2,0.2329266804457125,0.2701080570012917,0.49696526255299583,2
2025-05-28 13:45:00,2,0.24246309262198576,0.2702535177176509,0.4872833896603634,2
2025-05-28 13:50:00,2,0.21094863141584486,0.2606803812269219,0.5283709873572333,2
2025-05-28 13:55:00,2,0.21435450800995992,0.267590918576193,0.5180545734138471,1
2025-05-28 14:00:00,2,0.1976370751263136,0.24052294057969328,0.5618399842939931,2
2025-05-28 14:05:00,2,0.21596034321792412,0.2689623887389884,0.5150772680430874,1
2025-05-28 14:10:00,2,0.21652412656693298,0.27345822704299255,0.5100176463900744,1
2025-05-28 14:15:00,2,0.2109048268410661,0.26698574898483945,0.5221094241740944,1
2025-05-28 14:20:00,2,0.24346075896964228,0.25368543802674515,0.5028538030036126,2
2025-05-28 14:25:00,2,0.2251597375192145,0.261374765253119,0.5134654972276665,2
2025-05-28 14:30:00,2,0.22558201657813123,0.2541509147309354,0.5202670686909334,2
2025-05-28 14:35:00,2,0.24654329389034677,0.30928067251139535,0.4441760335982579,1
2025-05-28 14:40:00,2,0.15604933976450883,0.2762624458761045,0.5676882143593868,1
2025-05-28 14:45:00,2,0.21980892467502527,0.24097137293868542,0.5392197023862894,2
2025-05-28 14:50:00,2,0.23812671840372696,0.2536315105561242,0.5082417710401489,2
2025-05-28 14:55:00,2,0.23061590624476191,0.2330475825103954,0.5363365112448427,2
2025-05-28 15:00:00,2,0.19168466237542295,0.096298917490498,0.7120164201340792,2
2025-05-28 15:05:00,2,0.2114107660903353,0.27660931696579294,0.5119799169438718,1
2025-05-28 15:10:00,2,0.2128274203363634,0.08709199980631747,0.7000805798573191,2
2025-05-28 15:15:00,2,0.18713659449600556,0.08549955004988828,0.7273638554541062,2
2025-05-28 15:20:00,2,0.18635949376310232,0.08146543246148127,0.7321750737754165,2
2025-05-28 15:25:00,2,0.17407273001387885,0.2341696911186417,0.5917575788674794,2
2025-05-29 09:15:00,2,0.037030601100825775,0.16319982811136136,0.7997695707878127,2
2025-05-29 09:20:00,2,0.29787128033748833,0.38917373777558145,0.31295498188693016,1
2025-05-29 09:25:00,2,0.23502972967050853,0.38942920654575786,0.3755410637837336,1
2025-05-29 09:30:00,2,0.21626939493337344,0.40330074359462353,0.380429861472003,1
2025-05-29 09:35:00,2,0.19813216782296855,0.4339244750211463,0.3679433571558852,1
2025-05-29 09:40:00,2,0.1756416372593719,0.38889769396008067,0.4354606687805474,1
2025-05-29 09:45:00,2,0.18352776650136582,0.3439482310754116,0.4725240024232227,1
2025-05-29 09:50:00,2,0.19865907734414592,0.34748104289760756,0.4538598797582466,1
2025-05-29 09:55:00,2,0.16340973149765753,0.3104564349551911,0.5261338335471513,1
2025-05-29 10:00:00,2,0.18019492568635892,0.3483848274825494,0.47142024683109185,1
2025-05-29 10:05:00,2,0.15966838392003763,0.36478145766522424,0.47555015841473824,1
2025-05-29 10:10:00,2,0.18204189965817566,0.3156495804691738,0.5023085198726506,1
2025-05-29 10:15:00,2,0.19434501930087908,0.28599769005040643,0.5196572906487145,1
2025-05-29 10:20:00,1,0.15204431696423398,0.26986833413438716,0.5780873489013788,1
2025-05-29 10:25:00,2,0.20293468362766212,0.2495121587789741,0.5475531575933638,2
2025-05-29 10:30:00,2,0.18406606102855155,0.22597786245119053,0.5899560765202579,2
2025-05-29 10:35:00,2,0.01217595906297338,0.04710377395989849,0.9407202669771282,2
2025-05-29 10:40:00,2,0.011298160683525498,0.04254065457955591,0.9461611847369186,2
2025-05-29 10:45:00,1,0.3100860963618657,0.37417029364569615,0.3157436099924382,1
2025-05-29 10:50:00,1,0.29727083153489325,0.3664033498968373,0.3363258185682695,1
2025-05-29 10:55:00,2,0.34920994605116634,0.2999692652706605,0.3508207886781731,2
2025-05-29 11:00:00,2,0.008957826404887096,0.042204226143926264,0.9488379474511867,2
2025-05-29 11:05:00,2,0.2863716924582259,0.38755570597474837,0.3260726015670257,1
2025-05-29 11:10:00,2,0.334759557458143,0.3340054385677177,0.3312350039741394,2
2025-05-29 11:15:00,2,0.011347845924980192,0.06242359666764064,0.9262285574073791,2
2025-05-29 11:20:00,2,0.32663544189044846,0.3413694261891979,0.33199513192035374,2
2025-05-29 11:25:00,2,0.29852700077494737,0.3742188357681626,0.32725416345688996,1
2025-05-29 11:30:00,2,0.30091555619878574,0.3417866265338236,0.3572978172673907,2
2025-05-29 11:35:00,2,0.2830320681199536,0.37093010510598107,0.3460378267740652,1
2025-05-29 11:40:00,2,0.31991815342995733,0.3471140012731157,0.33296784529692697,2
2025-05-29 11:45:00,2,0.2921624312115973,0.3430207759448954,0.3648167928435073,1
2025-05-29 11:50:00,2,0.24389837961573832,0.3431705700604714,0.41293105032379035,1
2025-05-29 11:55:00,2,0.003414805821618332,0.0026987107546153606,0.9938864834237664,2
2025-05-29 12:00:00,2,0.003257494424376692,0.00296457050982868,0.9937779350657947,2
2025-05-29 12:05:00,2,0.0032314651488488584,0.0026571221609770664,0.9941114126901741,2
2025-05-29 12:10:00,2,0.0035287421620260277,0.0025809392957824077,0.9938903185421916,2
2025-05-29 12:15:00,2,0.0033709395835713773,0.0027376272953533475,0.9938914331210752,2
2025-05-29 12:20:00,2,0.0033861863702074266,0.00252573936581577,0.9940880742639769,2
2025-05-29 12:25:00,2,0.0038307615792132744,0.0035343826478898767,0.9926348557728968,2
2025-05-29 12:30:00,2,0.003734914871486364,0.0030164628975749928,0.9932486222309386,2
2025-05-29 12:35:00,0,0.1803019365146357,0.005184584231000588,0.8145134792543637,2
2025-05-29 12:40:00,2,0.007968727797580928,0.004086232702995427,0.9879450394994236,2
2025-05-29 12:45:00,2,0.004677342600983109,0.003078896260244989,0.9922437611387718,2
2025-05-29 12:50:00,2,0.004546784231342746,0.0029828365939970785,0.9924703791746602,2
2025-05-29 12:55:00,2,0.0050970346578991365,0.005522787065604569,0.9893801782764964,2
2025-05-29 13:00:00,2,0.005684636008102082,0.004095783592215033,0.9902195803996829,2
2025-05-29 13:05:00,2,0.006598672531507425,0.004073181588820039,0.9893281458796724,2
2025-05-29 13:10:00,2,0.006590539846990429,0.0035145545056027407,0.9898949056474067,2
2025-05-29 13:15:00,2,0.005641615476642739,0.0030776653983584728,0.9912807191249987,2
2025-05-29 13:20:00,2,0.0060298184428102955,0.002940179830590836,0.9910300017265988,2
2025-05-29 13:25:00,2,0.005496750510350846,0.003643070716785257,0.9908601787728639,2
2025-05-29 13:30:00,2,0.0065444212635899016,0.0035279840980598025,0.9899275946383503,2
2025-05-29 13:35:00,2,0.004350013506346909,0.0024649095045186026,0.9931850769891344,2
2025-05-29 13:40:00,2,0.003226380914674504,0.0024449704608040376,0.9943286486245215,2
2025-05-29 13:45:00,2,0.004053930386065284,0.0021953049007147427,0.99375076471322,2
2025-05-29 13:50:00,2,0.004613578287093474,0.002589553469467775,0.9927968682434387,2
2025-05-29 13:55:00,2,0.003701415444810161,0.0023573048045801965,0.9939412797506096,2
2025-05-29 14:00:00,2,0.006897833455560183,0.0031569864160446355,0.9899451801283952,2
2025-05-29 14:05:00,2,0.005739014517490148,0.0026450693386339394,0.9916159161438759,2
2025-05-29 14:10:00,2,0.005524031834498987,0.002881319656611815,0.9915946485088891,2
2025-05-29 14:15:00,2,0.0036531698551108827,0.002480060074154402,0.9938667700707347,2
2025-05-29 14:20:00,2,0.003480968000355538,0.0024389133251311195,0.9940801186745134,2
2025-05-29 14:25:00,2,0.004227892637347685,0.003012386387691047,0.9927597209749613,2
2025-05-29 14:30:00,2,0.004700924554717817,0.003328178390541571,0.9919708970547406,2
2025-05-29 14:35:00,2,0.004132014945626953,0.0036156393508747354,0.9922523457034984,2
2025-05-29 14:40:00,2,0.00396079550639289,0.003943467395602554,0.9920957370980046,2
2025-05-29 14:45:00,2,0.004488698773938991,0.0029296894381220235,0.9925816117879389,2
2025-05-29 14:50:00,2,0.0035360682956651103,0.0022827424481519486,0.9941811892561829,2
2025-05-29 14:55:00,2,0.0033908763633636115,0.002402419703219719,0.9942067039334167,2
2025-05-29 15:00:00,2,0.006462491471965451,0.18315409763525836,0.8103834108927762,2
2025-05-29 15:05:00,2,0.007446670330898482,0.29076211605363933,0.7017912136154622,2
2025-05-29 15:10:00,2,0.0034079292469014004,0.06880782645911492,0.9277842442939837,2
2025-05-29 15:15:00,2,0.0027554375188191533,0.05614025492618664,0.9411043075549943,2
2025-05-29 15:20:00,2,0.002054501809820772,0.04885348609086964,0.9490920120993095,2
2025-05-29 15:25:00,2,0.027767297782925436,0.09753410450491895,0.8746985977121556,2
2025-05-30 09:15:00,2,0.27686380175825376,0.3153064317551907,0.4078297664865555,2
2025-05-30 09:20:00,1,0.2404100518397938,0.2439853608254328,0.5156045873347734,2
2025-05-30 09:25:00,2,0.22278868334414875,0.25263417309728575,0.5245771435585656,2
2025-05-30 09:30:00,2,0.28230205523786667,0.28495739444875845,0.4327405503133748,2
2025-05-30 09:35:00,2,0.25124775372100616,0.25892436367059546,0.4898278826083983,2
2025-05-30 09:40:00,2,0.22213604648939236,0.25789941060464705,0.5199645429059605,2
2025-05-30 09:45:00,2,0.2500397313331997,0.2666103747804426,0.48334989388635763,2
2025-05-30 09:50:00,2,0.22282871000401855,0.2508213340989894,0.5263499558969921,2
2025-05-30 09:55:00,2,0.18539090345946985,0.212866495110885,0.6017426014296452,2
2025-05-30 10:00:00,2,0.21611514137690113,0.2587278672497795,0.5251569913733194,2
2025-05-30 10:05:00,1,0.20123274036803293,0.2152501714141983,0.5835170882177688,2
2025-05-30 10:10:00,2,0.002523625099577848,0.0016927388936777284,0.9957836360067445,2
2025-05-30 10:15:00,2,0.05736654388610401,0.0031044561270522817,0.9395289999868437,2
2025-05-30 10:20:00,2,0.064059941602504,0.0025596619531259445,0.9333803964443701,2
2025-05-30 10:25:00,2,0.0043764235006118,0.0024527325252883957,0.9931708439740998,2
2025-05-30 10:30:00,2,0.08164627972008479,0.0036661191774914454,0.9146876011024236,2
2025-05-30 10:35:00,2,0.10228402785511537,0.004729783842543004,0.8929861883023417,2
2025-05-30 10:40:00,2,0.22632343835215377,0.0993096307884579,0.6743669308593883,2
2025-05-30 10:45:00,0,0.2546316493424604,0.07845980880078428,0.6669085418567553,2
2025-05-30 10:50:00,2,0.300493117762733,0.32637321620445237,0.37313366603281456,2
2025-05-30 10:55:00,2,0.29827921459475687,0.3018136594480304,0.39990712595721284,2
2025-05-30 11:00:00,2,0.3132435057802942,0.30364672673026,0.38310976748944575,2
2025-05-30 11:05:00,2,0.3892358309347498,0.25637643845639474,0.3543877306088554,0
2025-05-30 11:10:00,2,0.3773826375554001,0.2893591989179097,0.3332581635266902,0
2025-05-30 11:15:00,2,0.33983266363216025,0.30174816223169043,0.3584191741361493,2
2025-05-30 11:20:00,2,0.3106374555768342,0.31017971072703515,0.3791828336961306,2
2025-05-30 11:25:00,2,0.004474040150104873,0.003572669398796518,0.9919532904510986,2
2025-05-30 11:30:00,2,0.004523205901410137,0.002814039786583422,0.9926627543120065,2
2025-05-30 11:35:00,2,0.004278905280629662,0.0025229311884524858,0.9931981635309179,2
2025-05-30 11:40:00,2,0.006220587166640344,0.0029527455512785893,0.9908266672820811,2
2025-05-30 11:45:00,2,0.003973966179825265,0.002561161241762055,0.9934648725784128,2
2025-05-30 11:50:00,2,0.0035007855120704617,0.0024073961313939582,0.9940918183565356,2
2025-05-30 11:55:00,2,0.0036558620515848095,0.002419337866532823,0.9939248000818824,2
2025-05-30 12:00:00,2,0.005840208893765115,0.002717829556365172,0.9914419615498697,2
2025-05-30 12:05:00,2,0.004083202118956352,0.002524863462324725,0.993391934418719,2
2025-05-30 12:10:00,2,0.0038209543325766144,0.0024137082028791,0.9937653374645443,2
2025-05-30 12:15:00,2,0.0040473524900739855,0.002518972039107921,0.993433675470818,2
2025-05-30 12:20:00,2,0.003052383174667162,0.0023827348678909822,0.9945648819574417,2
2025-05-30 12:25:00,2,0.0036393903795211738,0.0022790333441321834,0.9940815762763466,2
2025-05-30 12:30:00,2,0.003940444370933012,0.002520090511466253,0.9935394651176007,2
2025-05-30 12:35:00,2,0.0037060921902416777,0.0023616378333631213,0.9939322699763952,2
2025-05-30 12:40:00,2,0.27882762655375415,0.28192752693112316,0.4392448465151228,2
2025-05-30 12:45:00,2,0.28999795380658766,0.2786731023809259,0.43132894381248654,2
2025-05-30 12:50:00,2,0.2671410199637757,0.2615937197928614,0.47126526024336285,2
2025-05-30 12:55:00,2,0.0030459453092535355,0.002441631821123616,0.9945124228696228,2
2025-05-30 13:00:00,2,0.003463855861589752,0.004169914737259308,0.9923662294011509,2
2025-05-30 13:05:00,2,0.003519872969148819,0.002409011384262889,0.9940711156465883,2
2025-05-30 13:10:00,2,0.004213044403607683,0.00257478270845539,0.9932121728879368,2
2025-05-30 13:15:00,2,0.004043519864292523,0.002600972799734389,0.993355507335973,2
2025-05-30 13:20:00,2,0.004376103918233969,0.0024936288425788395,0.9931302672391871,2
2025-05-30 13:25:00,2,0.0039047807375396635,0.003002611408691621,0.9930926078537687,2
2025-05-30 13:30:00,2,0.0036403931796254287,0.0028855249241014663,0.9934740818962732,2
2025-05-30 13:35:00,2,0.0036094504340575474,0.00363547515769109,0.9927550744082514,2
2025-05-30 13:40:00,2,0.0039025462543736786,0.0029889202387146934,0.9931085335069115,2
2025-05-30 13:45:00,2,0.004278161443414628,0.002974185574642342,0.9927476529819431,2
2025-05-30 13:50:00,2,0.004048305874187951,0.002813708680534642,0.9931379854452774,2
2025-05-30 13:55:00,2,0.005493611232334059,0.05360339286430272,0.9409029959033632,2
2025-05-30 14:00:00,2,0.004855559563044401,0.0039081204286159936,0.9912363200083397,2
2025-05-30 14:05:00,2,0.003457594064307747,0.0031600873744853913,0.993382318561207,2
2025-05-30 14:10:00,2,0.0038880460234020243,0.0031578957959005963,0.9929540581806974,2
2025-05-30 14:15:00,2,0.0030705662566051103,0.0027414618704260556,0.9941879718729688,2
2025-05-30 14:20:00,2,0.0026515036547180362,0.002715175144713809,0.9946333212005682,2
2025-05-30 14:25:00,2,0.002882377228658401,0.0030023335292228897,0.9941152892421188,2
2025-05-30 14:30:00,2,0.003945909502680504,0.0035501170235137662,0.9925039734738057,2
2025-05-30 14:35:00,2,0.0031134349344508236,0.003024330536590106,0.9938622345289592,2
2025-05-30 14:40:00,2,0.19393182752531035,0.31678750610989764,0.48928066636479206,1
2025-05-30 14:45:00,2,0.194733824119615,0.2638620968694924,0.5414040790108926,1
2025-05-30 14:50:00,2,0.2104601956547316,0.2776595747771249,0.5118802295681435,1
2025-05-30 14:55:00,2,0.0034666493285164255,0.0028589428546405057,0.993674407816843,2
2025-05-30 15:00:00,2,0.06197019886628244,0.005433013952796816,0.9325967871809208,2
2025-05-30 15:05:00,2,0.004314070462541803,0.0034367115321439655,0.9922492180053142,2
2025-05-30 15:10:00,2,0.0033478664902437307,0.0029477697239412965,0.9937043637858151,2
2025-05-30 15:15:00,2,0.0049555332107405195,0.0034984903115044437,0.9915459764777551,2
2025-05-30 15:20:00,2,0.004695696607915214,0.00324207789724993,0.9920622254948348,2
2025-05-30 15:25:00,2,0.019664879729346635,0.02178797436687222,0.9585471459037811,2
2025-06-02 09:15:00,2,0.13898681028134965,0.010822334095702197,0.850190855622948,2
2025-06-02 09:20:00,2,0.12942877942088163,0.01038631940094497,0.8601849011781735,2
2025-06-02 09:25:00,2,0.0025834320736191547,0.03765898964780224,0.9597575782785787,2
2025-06-02 09:30:00,2,0.0029338797753892705,0.027289243234941887,0.9697768769896687,2
2025-06-02 09:35:00,2,0.004257951690564934,0.06618542909073616,0.9295566192186989,2
2025-06-02 09:40:00,2,0.0046337032864183685,0.07356084898362414,0.9218054477299574,2
2025-06-02 09:45:00,2,0.19742240600690683,0.3053544757377948,0.4972231182552984,1
2025-06-02 09:50:00,2,0.21914810587976835,0.26339783704076,0.5174540570794717,2
2025-06-02 09:55:00,2,0.21545238334020697,0.3612968466185585,0.42325077004123457,1
2025-06-02 10:00:00,2,0.24105498325582397,0.391024131754487,0.367920884989689,1
2025-06-02 10:05:00,2,0.18285748128994123,0.3231570193413803,0.4939854993686784,1
2025-06-02 10:10:00,2,0.2002829040410111,0.3373577973204307,0.46235929863855835,1
2025-06-02 10:15:00,2,0.18972173034046122,0.32892775587731626,0.4813505137822227,1
2025-06-02 10:20:00,0,0.21944556830125905,0.2845506227900135,0.49600380890872753,1
2025-06-02 10:25:00,2,0.1591261932974857,0.2539148951446301,0.5869589115578842,1
2025-06-02 10:30:00,0,0.16958135854039807,0.2532044582612486,0.5772141831983533,1
2025-06-02 10:35:00,2,0.3015237992458979,0.36385838430172995,0.3346178164523721,1
2025-06-02 10:40:00,2,0.3061033657502619,0.32947900445008593,0.36441762979965214,2
2025-06-02 10:45:00,2,0.31994566108550493,0.340877598697284,0.3391767402172111,2
2025-06-02 10:50:00,2,0.3703009757682236,0.28859923782480684,0.3410997864069696,0
2025-06-02 10:55:00,2,0.35166400766502814,0.29171204254736577,0.35662394978760603,0
2025-06-02 11:00:00,2,0.3563399445383394,0.29122630331929256,0.35243375214236805,0
2025-06-02 11:05:00,2,0.3281555463336658,0.2948646755539801,0.37697977811235406,2
2025-06-02 11:10:00,2,0.36878259307490974,0.2618452718983186,0.36937213502677174,0
2025-06-02 11:15:00,2,0.37273453254487315,0.2906888449055887,0.3365766225495382,0
2025-06-02 11:20:00,2,0.33465737004862034,0.30826155992036747,0.35708107003101214,2
2025-06-02 11:25:00,2,0.3807332242574952,0.2563429192247401,0.3629238565177647,0
2025-06-02 11:30:00,2,0.34961077437394916,0.2551293970397959,0.3952598285862549,0
2025-06-02 11:35:00,2,0.3055759406003708,0.29598949675361336,0.3984345626460159,2
2025-06-02 11:40:00,0,0.3278910741534032,0.28761917678484417,0.38448974906175265,2
2025-06-02 11:45:00,0,0.3568994909603024,0.2627598707993273,0.3803406382403703,0
2025-06-02 11:50:00,2,0.306915957282658,0.2847683969721989,0.40831564574514306,2
2025-06-02 11:55:00,2,0.2986357500323054,0.2678546763917299,0.43350957357596476,2
2025-06-02 12:00:00,2,0.06964302090425749,0.009118552401869373,0.921238426693873,2
2025-06-02 12:05:00,2,0.3229010789194974,0.26807712616666496,0.40902179491383767,0
2025-06-02 12:10:00,2,0.08672854414741259,0.015397983842140127,0.8978734720104472,2
2025-06-02 12:15:00,2,0.060155411265684876,0.011161088694417095,0.928683500039898,2
2025-06-02 12:20:00,2,0.11558144328232073,0.01418522934574697,0.8702333273719323,2
2025-06-02 12:25:00,2,0.10506298462560636,0.01588785682612735,0.8790491585482663,2
2025-06-02 12:30:00,2,0.0571473414589713,0.005057845163720991,0.9377948133773077,2
2025-06-02 12:35:00,2,0.04492014451244142,0.005451206114793219,0.9496286493727654,2
2025-06-02 12:40:00,2,0.09062276637029616,0.006400992406891149,0.9029762412228127,2
2025-06-02 12:45:00,2,0.061776457721475816,0.006052183758864035,0.93217135851966,2
2025-06-02 12:50:00,2,0.07480528374011693,0.006391529084571747,0.9188031871753113,2
2025-06-02 12:55:00,2,0.40864791196049416,0.30882442239054175,0.28252766564896414,0
2025-06-02 13:00:00,2,0.4438910050967579,0.29602591418116814,0.26008308072207403,0
2025-06-02 13:05:00,2,0.3934914423712228,0.32582020608131196,0.2806883515474653,0
2025-06-02 13:10:00,2,0.3917399066983763,0.296978418415185,0.31128167488643876,0
2025-06-02 13:15:00,2,0.36095422649889763,0.3017314253874863,0.337314348113616,0
2025-06-02 13:20:00,2,0.3782232073023876,0.26218246967845077,0.35959432301916155,0
2025-06-02 13:25:00,2,0.3306940397699572,0.29727609945049954,0.37202986077954336,2
2025-06-02 13:30:00,2,0.3584530682223675,0.29749069083067275,0.34405624094695975,0
2025-06-02 13:35:00,2,0.32523129298244946,0.18864856102604677,0.48612014599150377,0
2025-06-02 13:40:00,2,0.2882055480821466,0.19991110826265218,0.5118833436552012,2
2025-06-02 13:45:00,2,0.268697810717461,0.2001180520595142,0.5311841372230247,2
2025-06-02 13:50:00,2,0.2816188275433861,0.1936044086874072,0.5247767637692067,2
2025-06-02 13:55:00,2,0.28920760834022585,0.2468105311502753,0.4639818605094989,2
2025-06-02 14:00:00,2,0.24984582994347873,0.22090689353877252,0.5292472765177487,2
2025-06-02 14:05:00,2,0.28163758655718246,0.2764138637033876,0.4419485497394299,2
2025-06-02 14:10:00,2,0.27364033068079746,0.24748585428946795,0.47887381502973453,2
2025-06-02 14:15:00,2,0.25373480254005193,0.2623590441667493,0.4839061532931988,2
2025-06-02 14:20:00,2,0.2360474523072266,0.25355576838114713,0.5103967793116263,2
2025-06-02 14:25:00,1,0.25204494141254297,0.25462595733472804,0.49332910125272894,2
2025-06-02 14:30:00,2,0.2810556869421273,0.2586974345451057,0.460246878512767,2
2025-06-02 14:35:00,2,0.259337552886966,0.21210585566276113,0.5285565914502728,2
2025-06-02 14:40:00,0,0.264545483070292,0.2344008565626311,0.5010536603670769,2
2025-06-02 14:45:00,0,0.2542445166593358,0.25601779794163987,0.48973768539902446,2
2025-06-02 14:50:00,0,0.23438239628142143,0.23911962817703933,0.5264979755415392,2
2025-06-02 14:55:00,2,0.2579713852977121,0.1793180351428402,0.5627105795594477,2
2025-06-02 15:00:00,2,0.03484221022545759,0.0040255190050324085,0.96113227076951,2
2025-06-02 15:05:00,2,0.04980755366858487,0.004226267671713995,0.9459661786597011,2
2025-06-02 15:10:00,2,0.32230671129029126,0.2043140120136648,0.4733792766960439,0
2025-06-02 15:15:00,2,0.3007836949354045,0.2042687347191574,0.49494757034543807,2
2025-06-02 15:20:00,2,0.2888343724814844,0.2471111693026375,0.4640544582158782,2
2025-06-02 15:25:00,2,0.30321690861237843,0.2545662905276725,0.442216800859949,2
2025-06-03 09:15:00,1,0.3356536782734639,0.42799847879226277,0.23634784293427333,1
2025-06-03 09:20:00,2,0.32155300592653346,0.3449042659980763,0.3335427280753902,2
2025-06-03 09:25:00,2,0.0075739252955659975,0.031195462455248107,0.961230612249186,2
2025-06-03 09:30:00,2,0.007570320707305725,0.041939289256898195,0.9504903900357962,2
2025-06-03 09:35:00,2,0.3420484667949003,0.4284188209806877,0.22953271222441207,1
2025-06-03 09:40:00,2,0.28879123657032996,0.45067391237641535,0.2605348510532548,1
2025-06-03 09:45:00,2,0.30201684085890396,0.40715523862836545,0.29082792051273065,1
2025-06-03 09:50:00,2,0.3044407816707078,0.4449115746952861,0.25064764363400616,1
2025-06-03 09:55:00,2,0.3128052989289819,0.4124817572054763,0.27471294386554174,1
2025-06-03 10:00:00,0,0.30535456584181486,0.40282813278420054,0.2918173013739845,1
2025-06-03 10:05:00,0,0.2049383448231105,0.33623524466750776,0.4588264105093818,1
2025-06-03 10:10:00,0,0.21969847094158668,0.30755542316471557,0.4727461058936977,1
2025-06-03 10:15:00,2,0.23266053571275175,0.3076448698390223,0.459694594448226,1
2025-06-03 10:20:00,2,0.03800750403483357,0.010218911978473117,0.9517735839866933,2
2025-06-03 10:25:00,1,0.27121018382196466,0.3431440787653742,0.3856457374126611,1
2025-06-03 10:30:00,1,0.20789542445205916,0.3861818975355816,0.40592267801235915,1
2025-06-03 10:35:00,2,0.4767501061339474,0.35441073627633785,0.16883915758971482,0
2025-06-03 10:40:00,2,0.44564486348542437,0.3565092913817253,0.1978458451328503,0
2025-06-03 10:45:00,2,0.3650658963537685,0.41131737581829686,0.22361672782793468,2
2025-06-03 10:50:00,1,0.3694895535671723,0.39491313939794365,0.23559730703488413,2
2025-06-03 10:55:00,1,0.4242897114242076,0.37307923071830557,0.20263105785748686,0
2025-06-03 11:00:00,1,0.4077423046434457,0.36665381666057656,0.2256038786959777,2
2025-06-03 11:05:00,1,0.3832986058191337,0.3868459437583523,0.22985545042251396,2
2025-06-03 11:10:00,0,0.2755875847023986,0.053093887496906675,0.6713185278006948,2
2025-06-03 11:15:00,0,0.35891353606474274,0.3808560146612139,0.2602304492740435,2
2025-06-03 11:20:00,2,0.3571927798335446,0.34166906038477063,0.3011381597816849,2
2025-06-03 11:25:00,1,0.3299798465043387,0.3837735444914938,0.28624660900416743,1
2025-06-03 11:30:00,1,0.28719723105248707,0.41532469919870235,0.2974780697488106,1
2025-06-03 11:35:00,2,0.36392409450503543,0.38368685031851574,0.2523890551764488,2
2025-06-03 11:40:00,0,0.41713726332916934,0.350172675349672,0.23269006132115852,0
2025-06-03 11:45:00,0,0.3387641855042253,0.423367871178141,0.2378679433176335,1
2025-06-03 11:50:00,2,0.3171836968691533,0.42596572166661695,0.25685058146422973,1
2025-06-03 11:55:00,2,0.005748869473759251,0.004329536201319398,0.9899215943249212,2
2025-06-03 12:00:00,2,0.005602791994806065,0.0044286617327618134,0.989968546272432,2
2025-06-03 12:05:00,2,0.005370694049873695,0.004678410894704212,0.9899508950554221,2
2025-06-03 12:10:00,2,0.006795832534374028,0.004504410621960037,0.988699756843666,2
2025-06-03 12:15:00,2,0.006446146238656304,0.003830460827827423,0.9897233929335163,2
2025-06-03 12:20:00,2,0.00619128579278748,0.0039698222921623946,0.9898388919150503,2
2025-06-03 12:25:00,2,0.005249198895511152,0.0036395838851094355,0.9911112172193796,2
2025-06-03 12:30:00,2,0.0040389315961948885,0.0036719242732261848,0.992289144130579,2
2025-06-03 12:35:00,2,0.0048885478611405365,0.003933350331051729,0.9911781018078076,2
2025-06-03 12:40:00,2,0.004488528579131824,0.003568241827444379,0.9919432295934238,2
2025-06-03 12:45:00,2,0.005447794813938094,0.00351543559882805,0.9910367695872339,2
2025-06-03 12:50:00,2,0.14572265066568585,0.005005475025834538,0.8492718743084795,2
2025-06-03 12:55:00,2,0.12946591986526895,0.00578299971186977,0.8647510804228614,2
2025-06-03 13:00:00,2,0.007647969981677512,0.004874332551483186,0.9874776974668393,2
2025-06-03 13:05:00,2,0.1719755108223185,0.0058718793657809255,0.8221526098119005,2
2025-06-03 13:10:00,2,0.006521006663489332,0.004628437519861596,0.9888505558166492,2
2025-06-03 13:15:00,2,0.006468629062397946,0.004322826129976073,0.9892085448076259,2
2025-06-03 13:20:00,2,0.006612771180700162,0.0050469573670756905,0.9883402714522241,2
2025-06-03 13:25:00,2,0.00680090803289058,0.005021621464556035,0.9881774705025533,2
2025-06-03 13:30:00,2,0.0053076307540973824,0.004322329517926345,0.9903700397279762,2
2025-06-03 13:35:00,2,0.003652382969618473,0.0035581238748525566,0.992789493155529,2
2025-06-03 13:40:00,2,0.004052500570288542,0.0035149565802827846,0.9924325428494287,2
2025-06-03 13:45:00,2,0.003895085363636736,0.0029666773808763674,0.9931382372554868,2
2025-06-03 13:50:00,2,0.0034202186006596614,0.002957101178195395,0.9936226802211449,2
2025-06-03 13:55:00,2,0.0034500483059826913,0.0034668497062886002,0.9930831019877288,2
2025-06-03 14:00:00,2,0.0028373126726505098,0.002779640633066794,0.9943830466942827,2
2025-06-03 14:05:00,2,0.003185331514508895,0.003036297777561817,0.9937783707079294,2
2025-06-03 14:10:00,2,0.0037002641366237284,0.0046544313348383095,0.9916453045285379,2
2025-06-03 14:15:00,2,0.003869795719395168,0.003660305021424954,0.9924698992591798,2
2025-06-03 14:20:00,2,0.0038046662214856666,0.0031431915028685155,0.9930521422756459,2
2025-06-03 14:25:00,2,0.003335330137940854,0.0033541430493325376,0.9933105268127266,2
2025-06-03 14:30:00,2,0.004194908847007484,0.004447175551971668,0.9913579156010209,2
2025-06-03 14:35:00,2,0.004633311930545926,0.0058943931507781195,0.9894722949186759,2
2025-06-03 14:40:00,2,0.004605914688125821,0.00487480295019957,0.9905192823616745,2
2025-06-03 14:45:00,2,0.0035686161068706,0.003558334348456881,0.9928730495446726,2
2025-06-03 14:50:00,2,0.004118784271664373,0.004095700640457289,0.9917855150878783,2
2025-06-03 14:55:00,2,0.0037194026976652495,0.0038646771871623737,0.9924159201151723,2
2025-06-03 15:00:00,2,0.006478782670608676,0.004380479205410537,0.9891407381239807,2
2025-06-03 15:05:00,2,0.00679910272675637,0.0035091878639030996,0.9896917094093405,2
2025-06-03 15:10:00,2,0.07542476621980715,0.004393025892491928,0.9201822078877009,2
2025-06-03 15:15:00,2,0.003299186368822669,0.0034741832249672883,0.9932266304062101,2
2025-06-03 15:20:00,2,0.004128517862681619,0.0035350069280490758,0.9923364752092693,2
2025-06-03 15:25:00,2,0.002611374335893605,0.0027228756479595662,0.9946657500161468,2
2025-06-04 09:15:00,2,0.0033003811491279958,0.0029435452311155786,0.9937560736197565,2
2025-06-04 09:20:00,2,0.0035920771366339064,0.004444171033479298,0.9919637518298867,2
2025-06-04 09:25:00,2,0.004448836982824781,0.0036172636803190857,0.9919338993368562,2
2025-06-04 09:30:00,2,0.003590584440159932,0.0029371937038225084,0.9934722218560176,2
2025-06-04 09:35:00,2,0.0036925691117605497,0.002821775352802883,0.9934856555354367,2
2025-06-04 09:40:00,2,0.004551696034283119,0.003080129709726174,0.9923681742559907,2
2025-06-04 09:45:00,2,0.0039901924383035315,0.0030340713586880217,0.9929757362030085,2
2025-06-04 09:50:00,2,0.003884332813172439,0.002876887386060925,0.9932387798007666,2
2025-06-04 09:55:00,2,0.003079410368565134,0.0026746787288613014,0.9942459109025735,2
2025-06-04 10:00:00,2,0.003305428830147459,0.00259053675059794,0.9941040344192545,2
2025-06-04 10:05:00,2,0.0034449817474915944,0.002454842824541346,0.9941001754279671,2
2025-06-04 10:10:00,2,0.002987280407676203,0.0021375696989263935,0.9948751498933974,2
2025-06-04 10:15:00,2,0.0030183564568981285,0.001929613723623765,0.9950520298194782,2
2025-06-04 10:20:00,2,0.004004822398765269,0.05439816744422256,0.9415970101570121,2
2025-06-04 10:25:00,2,0.0026593660530198513,0.0018408819045633179,0.9954997520424168,2
2025-06-04 10:30:00,2,0.003344550675296542,0.0035008853638688214,0.9931545639608347,2
2025-06-04 10:35:00,2,0.004121613359523351,0.003247742074712817,0.9926306445657639,2
2025-06-04 10:40:00,2,0.004519225300474925,0.0037090940134141114,0.9917716806861109,2
2025-06-04 10:45:00,2,0.0040261635704145924,0.002490213684686671,0.9934836227448988,2
2025-06-04 10:50:00,2,0.0031784596558118343,0.0021956597772903497,0.9946258805668977,2
2025-06-04 10:55:00,2,0.0039685343710891075,0.0023737113486531256,0.9936577542802577,2
2025-06-04 11:00:00,2,0.00307448166982861,0.0022088609637387594,0.9947166573664327,2
2025-06-04 11:05:00,2,0.0031662999824399046,0.0022285056648240847,0.9946051943527361,2
2025-06-04 11:10:00,2,0.0028581963915933354,0.0019091965268791093,0.9952326070815275,2
2025-06-04 11:15:00,2,0.0029869690286985734,0.0020047144723576217,0.9950083164989437,2
2025-06-04 11:20:00,2,0.0031000106729571087,0.0022061806002589036,0.994693808726784,2
2025-06-04 11:25:00,2,0.0031150118417437845,0.0020291948480489967,0.9948557933102072,2
2025-06-04 11:30:00,2,0.003284901163807698,0.0021462116826409835,0.9945688871535513,2
2025-06-04 11:35:00,2,0.0029856227863264665,0.0023531284914154963,0.9946612487222581,2
2025-06-04 11:40:00,2,0.003513430094722496,0.0021508752583408518,0.9943356946469367,2
2025-06-04 11:45:00,2,0.0037610599987014264,0.001948098557787291,0.9942908414435113,2
2025-06-04 11:50:00,2,0.003420486991133623,0.001828787922073509,0.994750725086793,2
2025-06-04 11:55:00,2,0.00290549832138929,0.00210537953792831,0.9949891221406824,2
2025-06-04 12:00:00,2,0.0017903877630310167,0.001867349549158161,0.9963422626878108,2
2025-06-04 12:05:00,2,0.003200952777075705,0.0027442435468793365,0.994054803676045,2
2025-06-04 12:10:00,2,0.002626149776498943,0.004239605008434037,0.9931342452150671,2
2025-06-04 12:15:00,2,0.0027361923983853947,0.002104400763093045,0.9951594068385216,2
2025-06-04 12:20:00,2,0.0029090707578445906,0.002305604122744816,0.9947853251194106,2
2025-06-04 12:25:00,2,0.0030528650118953867,0.0021279525268543247,0.9948191824612502,2
2025-06-04 12:30:00,2,0.003236583852410661,0.0018855229032183503,0.9948778932443711,2
2025-06-04 12:35:00,2,0.002934696631357126,0.0017424141450575162,0.9953228892235854,2
2025-06-04 12:40:00,2,0.002645946417333518,0.002131168780418576,0.9952228848022479,2
2025-06-04 12:45:00,2,0.0030536529454832893,0.0021422109566517655,0.994804136097865,2
2025-06-04 12:50:00,2,0.003278125918449042,0.0021565792089585276,0.9945652948725925,2
2025-06-04 12:55:00,2,0.0036798140127117787,0.001973662051391636,0.9943465239358967,2
2025-06-04 13:00:00,2,0.004199161446827396,0.025857739995439877,0.9699430985577328,2
2025-06-04 13:05:00,2,0.003674272538173488,0.0021794087763450706,0.9941463186854813,2
2025-06-04 13:10:00,2,0.00343746874066383,0.0019791393315068736,0.9945833919278294,2
2025-06-04 13:15:00,2,0.0030054631060728696,0.0017686509663425915,0.9952258859275845,2
2025-06-04 13:20:00,2,0.002931170943984126,0.0018813772631170302,0.9951874517928988,2
2025-06-04 13:25:00,2,0.002963752436949595,0.002241797989779479,0.9947944495732708,2
2025-06-04 13:30:00,2,0.0031149698030337484,0.0022903026705831365,0.994594727526383,2
2025-06-04 13:35:00,2,0.002463177469066255,0.0019436490635741368,0.9955931734673595,2
2025-06-04 13:40:00,2,0.0032585312900114873,0.0020255549326728558,0.9947159137773156,2
2025-06-04 13:45:00,2,0.003083006993854855,0.0023014476759048714,0.9946155453302402,2
2025-06-04 13:50:00,2,0.003557851755245539,0.021589721699243343,0.9748524265455112,2
2025-06-04 13:55:00,2,0.0032562273336706783,0.02217219571572027,0.974571576950609,2
2025-06-04 14:00:00,2,0.0027480553318291238,0.0020869435798305837,0.9951650010883403,2
2025-06-04 14:05:00,2,0.0036306433682783247,0.026799893595588643,0.9695694630361331,2
2025-06-04 14:10:00,2,0.0033270546088520884,0.0022858365526257337,0.9943871088385221,2
2025-06-04 14:15:00,2,0.003294794899003535,0.002585134088507859,0.9941200710124886,2
2025-06-04 14:20:00,2,0.0025595386210297663,0.0020751058895105896,0.9953653554894596,2
2025-06-04 14:25:00,2,0.22879392603068008,0.12237251236495719,0.6488335616043627,2
2025-06-04 14:30:00,2,0.24066707939658546,0.13196260583286581,0.6273703147705487,2
2025-06-04 14:35:00,2,0.20967097448903763,0.13450058927529734,0.6558284362356651,2
2025-06-04 14:40:00,2,0.23190847494340083,0.1480600625567423,0.6200314624998569,2
2025-06-04 14:45:00,2,0.23262145457272332,0.1436498698650038,0.6237286755622728,2
2025-06-04 14:50:00,2,0.21239489693536506,0.1448584993513912,0.6427466037132437,2
2025-06-04 14:55:00,2,0.19649435712609056,0.11676778551765944,0.68673785735625,2
2025-06-04 15:00:00,2,0.020053746974647468,0.003861622691500685,0.9760846303338518,2
2025-06-04 15:05:00,2,0.2529663988182387,0.15612857991502416,0.5909050212667372,2
2025-06-04 15:10:00,2,0.21304629161745148,0.17805855142716548,0.608895156955383,2
2025-06-04 15:15:00,2,0.19799430594888234,0.19991364524784921,0.6020920488032684,2
2025-06-04 15:20:00,2,0.1948320343297244,0.19709837921162618,0.6080695864586494,2
2025-06-04 15:25:00,2,0.21314410406818318,0.20295738987338002,0.5838985060584367,2
2025-06-05 09:15:00,0,0.16662548847062628,0.264676471813422,0.5686980397159517,1
2025-06-05 09:20:00,2,0.02275441376130585,0.004217160157764599,0.9730284260809297,2
2025-06-05 09:25:00,2,0.015371221354703287,0.0020137724870123034,0.9826150061582845,2
2025-06-05 09:30:00,2,0.012648665847470972,0.0014910720358770702,0.985860262116652,2
2025-06-05 09:35:00,2,0.017559122041760456,0.0015667217682485725,0.980874156189991,2
2025-06-05 09:40:00,2,0.33989290551404516,0.006244876915128805,0.6538622175708261,2
2025-06-05 09:45:00,2,0.31411373767331185,0.004929022386694157,0.680957239939994,2
2025-06-05 09:50:00,2,0.3163289964275559,0.004858503264535974,0.6788125003079081,2
2025-06-05 09:55:00,2,0.38020074907045237,0.00684881950942107,0.6129504314201266,0
2025-06-05 10:00:00,2,0.3250158859953681,0.006419600732255451,0.6685645132723764,2
2025-06-05 10:05:00,2,0.22299256331533357,0.15399944425893478,0.6230079924257317,2
2025-06-05 10:10:00,2,0.1496728634546008,0.1323776257651471,0.7179495107802522,2
2025-06-05 10:15:00,2,0.1500890360947201,0.17387685376466655,0.6760341101406133,2
2025-06-05 10:20:00,2,0.1686135294503681,0.11861057883264638,0.7127758917169854,2
2025-06-05 10:25:00,2,0.1281064604836485,0.15821174613994937,0.7136817933764021,2
2025-06-05 10:30:00,2,0.13630074901659164,0.1571989006735615,0.7065003503098469,2
2025-06-05 10:35:00,1,0.22019587942700294,0.2459780913492644,0.5338260292237327,2
2025-06-05 10:40:00,2,0.23041295598115066,0.2825327444699763,0.487054299548873,1
2025-06-05 10:45:00,2,0.263144752892505,0.29028918583318847,0.4465660612743066,2
2025-06-05 10:50:00,2,0.2693012582853315,0.3013979471955075,0.4293007945191611,2
2025-06-05 10:55:00,2,0.2476728030385897,0.2892446228351414,0.4630825741262689,2
2025-06-05 11:00:00,2,0.21513491081906608,0.3182821567009245,0.46658293248000937,1
2025-06-05 11:05:00,0,0.21206416842657422,0.313413758879638,0.47452207269378777,1
2025-06-05 11:10:00,0,0.12432432696918436,0.32710023006366956,0.5485754429671462,1
2025-06-05 11:15:00,2,0.19160979496168468,0.265314061995741,0.5430761430425743,1
2025-06-05 11:20:00,2,0.23557101761499616,0.21567411986545587,0.548754862519548,2
2025-06-05 11:25:00,2,0.2345587793372161,0.1543273120476807,0.6111139086151032,2
2025-06-05 11:30:00,2,0.22129159603956366,0.1429929760594937,0.6357154279009426,2
2025-06-05 11:35:00,2,0.21172354972008517,0.1627163989860869,0.6255600512938279,2
2025-06-05 11:40:00,2,0.20766756973033113,0.18099272027057486,0.6113397099990939,2
2025-06-05 11:45:00,0,0.20037655842050164,0.26566132275752796,0.5339621188219703,1
2025-06-05 11:50:00,0,0.23753897601301285,0.17711430242047244,0.5853467215665148,2
2025-06-05 11:55:00,0,0.24795078978445645,0.19890266764930917,0.5531465425662343,2
2025-06-05 12:00:00,0,0.3539793238486529,0.009711090696459132,0.636309585454888,0
2025-06-05 12:05:00,0,0.36182440826239476,0.007592759676105734,0.6305828320614996,0
2025-06-05 12:10:00,2,0.4147496369199864,0.003302679781523207,0.5819476832984904,0
2025-06-05 12:15:00,2,0.4774161435418798,0.005968469520277928,0.5166153869378423,0
2025-06-05 12:20:00,2,0.506110209095032,0.010109133348289192,0.4837806575566788,0
2025-06-05 12:25:00,2,0.4622497093781599,0.23855667169973188,0.29919361892210816,0
2025-06-05 12:30:00,2,0.4274494147775114,0.25795994962101415,0.3145906356014745,0
2025-06-05 12:35:00,2,0.42342463185260265,0.24792835214791592,0.3286470159994814,0
2025-06-05 12:40:00,2,0.40534464454170416,0.28268753276821895,0.311967822690077,0
2025-06-05 12:45:00,2,0.39432517661470434,0.2744175354059244,0.3312572879793713,0
2025-06-05 12:50:00,1,0.4088431985206024,0.24492439373703662,0.34623240774236097,0
2025-06-05 12:55:00,2,0.37664081122127224,0.333651668726011,0.2897075200527167,2
2025-06-05 13:00:00,2,0.3777143965284713,0.2866726341224443,0.33561296934908447,0
2025-06-05 13:05:00,2,0.365935812766691,0.3228808236110887,0.3111833636222203,2
2025-06-05 13:10:00,2,0.33319754377409466,0.3359020584572075,0.3309003977686978,2
2025-06-05 13:15:00,1,0.3480629850684628,0.3027362260098244,0.34920078892171286,2
2025-06-05 13:20:00,1,0.33433766381798224,0.31219553020038976,0.35346680598162805,2
2025-06-05 13:25:00,1,0.33276136799753625,0.31551802245121524,0.3517206095512485,2
2025-06-05 13:30:00,2,0.028152970152686634,0.457853524124023,0.5139935057232904,1
2025-06-05 13:35:00,2,0.2733231484171113,0.23589203174856832,0.4907848198343204,2
2025-06-05 13:40:00,2,0.03115500952926934,0.396862209155609,0.5719827813151216,1
2025-06-05 13:45:00,1,0.32131123551156227,0.2516009371214083,0.4270878273670295,0
2025-06-05 13:50:00,2,0.264092228295015,0.23198092940211482,0.5039268423028701,2
2025-06-05 13:55:00,2,0.2951410055874443,0.2289351659341674,0.4759238284783884,2
2025-06-05 14:00:00,2,0.008016472814001672,0.07102857397383691,0.9209549532121614,2
2025-06-05 14:05:00,2,0.008645556638039911,0.07312160382353296,0.9182328395384272,2
2025-06-05 14:10:00,2,0.011993591900611745,0.060202367385021556,0.9278040407143667,2
2025-06-05 14:15:00,2,0.010010803599630065,0.06777634021054663,0.9222128561898234,2
2025-06-05 14:20:00,2,0.010031465649390838,0.07324172353939926,0.9167268108112099,2
2025-06-05 14:25:00,2,0.2753057904518129,0.28678683791722615,0.4379073716309609,2
2025-06-05 14:30:00,2,0.25861215383625075,0.2653879841363701,0.4759998620273791,2
2025-06-05 14:35:00,2,0.26751840664626125,0.2371798739981358,0.49530171935560297,2
2025-06-05 14:40:00,2,0.2656816221529377,0.2776075464514906,0.4567108313955717,2
2025-06-05 14:45:00,2,0.2284313989549371,0.24746804900579114,0.5241005520392717,2
2025-06-05 14:50:00,2,0.3220445834533884,0.25964795054580286,0.41830746600080876,0
2025-06-05 14:55:00,2,0.2982253307528785,0.22666606288960586,0.4751086063575157,2
2025-06-05 15:00:00,2,0.29460244243674216,0.2535656455002799,0.45183191206297796,2
2025-06-05 15:05:00,2,0.27029193456740863,0.24934325574767102,0.4803648096849203,2
2025-06-05 15:10:00,2,0.25716843415732027,0.25063741422538216,0.49219415161729757,2
2025-06-05 15:15:00,2,0.24723523588022153,0.2015646750370115,0.551200089082767,2
2025-06-05 15:20:00,2,0.2141751449872508,0.16940845924024606,0.6164163957725032,2
2025-06-05 15:25:00,2,0.2732963941967634,0.19789152184889083,0.5288120839543458,2
2025-06-06 09:15:00,2,0.15650458546757912,0.21952935430823917,0.6239660602241817,2
2025-06-06 09:20:00,1,0.14527981921894653,0.20555127490069286,0.6491689058803606,2
2025-06-06 09:25:00,2,0.004007087502223669,0.0022411953531169177,0.9937517171446595,2
2025-06-06 09:30:00,2,0.04065069289978313,0.002529518403734195,0.9568197886964827,2
2025-06-06 09:35:00,2,0.05766891279598625,0.0030663441111215065,0.9392647430928922,2
2025-06-06 09:40:00,2,0.0775231292489944,0.0030917317009705246,0.919385139050035,2
2025-06-06 09:45:00,2,0.004174210943997078,0.0023234212270926507,0.9935023678289102,2
2025-06-06 09:50:00,2,0.003028752174335816,0.002059950858929244,0.994911296966735,2
2025-06-06 09:55:00,2,0.11437717917119387,0.1773149110984601,0.7083079097303461,2
2025-06-06 10:00:00,0,0.22852666524626883,0.2360303027343725,0.5354430320193587,2
2025-06-06 10:05:00,2,0.10345654623546717,0.16654317775059166,0.7300002760139411,2
2025-06-06 10:10:00,0,0.3295604454273028,0.33248421431447567,0.3379553402582215,2
2025-06-06 10:15:00,0,0.25242604842948924,0.3161608836168856,0.431413067953625,1
2025-06-06 10:20:00,0,0.22475075089414193,0.33581615270495596,0.4394330964009021,1
2025-06-06 10:25:00,2,0.042288448051632344,0.08955027045918197,0.8681612814891858,2
2025-06-06 10:30:00,2,0.037526656587198046,0.09477572002941623,0.8676976233833857,2
2025-06-06 10:35:00,2,0.066791768428752,0.14180587517377496,0.791402356397473,2
2025-06-06 10:40:00,2,0.04059782421751907,0.0026615445032042296,0.9567406312792767,2
2025-06-06 10:45:00,2,0.04121310558730743,0.0023783264175947704,0.9564085679950978,2
2025-06-06 10:50:00,2,0.07260671589737139,0.0025482754796253546,0.9248450086230032,2
2025-06-06 10:55:00,2,0.05489451518405224,0.0022490355851409486,0.9428564492308068,2
2025-06-06 11:00:00,2,0.0444177063525382,0.0019330090594282096,0.9536492845880336,2
2025-06-06 11:05:00,2,0.039790437573819164,0.0016740591470395434,0.9585355032791414,2
2025-06-06 11:10:00,2,0.044127724991041326,0.0017298209283219605,0.9541424540806366,2
2025-06-06 11:15:00,2,0.04324933781495301,0.001300975467100994,0.9554496867179461,2
2025-06-06 11:20:00,2,0.0853392825482784,0.0037576572714834605,0.9109030601802383,2
2025-06-06 11:25:00,0,0.3923497284032876,0.010768560185040365,0.596881711411672,0
2025-06-06 11:30:00,0,0.34808404107868357,0.007358533138207633,0.6445574257831088,0
2025-06-06 11:35:00,0,0.3362589676686055,0.007417052704503423,0.6563239796268909,2
2025-06-06 11:40:00,0,0.41474417301131067,0.004556512987722924,0.5806993140009664,0
2025-06-06 11:45:00,2,0.41862078883796483,0.005765575271252907,0.5756136358907823,0
2025-06-06 11:50:00,2,0.43505562473644216,0.004503509169268942,0.5604408660942889,0
2025-06-06 11:55:00,2,0.3997564863391423,0.004748460853816332,0.5954950528070414,0
2025-06-06 12:00:00,2,0.41866627911401616,0.009382059320993938,0.57195166156499,0
2025-06-06 12:05:00,2,0.44563946616042655,0.011506681438786085,0.5428538524007874,0
2025-06-06 12:10:00,2,0.39586145834655906,0.19653303543438688,0.40760550621905417,0
2025-06-06 12:15:00,2,0.4050852041160909,0.22399968200850726,0.37091511387540177,0
2025-06-06 12:20:00,2,0.4100326397209088,0.24714391994955584,0.3428234403295353,0
2025-06-06 12:25:00,2,0.371183640355449,0.233433600242691,0.39538275940186,0
2025-06-06 12:30:00,2,0.293172622912001,0.21461918187128462,0.49220819521671433,2
2025-06-06 12:35:00,2,0.3941254366909483,0.22889710617927958,0.3769774571297722,0
2025-06-06 12:40:00,2,0.32707140910638643,0.23505562046799947,0.43787297042561407,0
2025-06-06 12:45:00,2,0.324523973597086,0.2256074833570182,0.44986854304589585,0
2025-06-06 12:50:00,2,0.3117205270286687,0.2054758512963721,0.4828036216749592,2
2025-06-06 12:55:00,2,0.29850569973782265,0.21086754883241826,0.4906267514297592,2
2025-06-06 13:00:00,2,0.32542619674990086,0.20808987374761592,0.46648392950248313,0
2025-06-06 13:05:00,2,0.37498853974600155,0.20511547163519112,0.4198959886188072,0
2025-06-06 13:10:00,2,0.36613147717114564,0.17819547360087234,0.4556730492279821,0
2025-06-06 13:15:00,2,0.3818253385868065,0.18218358275165403,0.43599107866153936,0
2025-06-06 13:20:00,2,0.36809571847776507,0.18479268374214686,0.4471115977800882,0
2025-06-06 13:25:00,2,0.361257591144086,0.17276107308502558,0.4659813357708884,0
2025-06-06 13:30:00,2,0.3284102722163713,0.1618971132623166,0.5096926145213121,0
2025-06-06 13:35:00,2,0.27127259738707377,0.08889104158089702,0.6398363610320293,2
2025-06-06 13:40:00,2,0.30179246070221316,0.13408151395629758,0.5641260253414893,2
2025-06-06 13:45:00,2,0.3372853046926356,0.16813758776449086,0.4945771075428736,0
2025-06-06 13:50:00,2,0.319852858468777,0.12424935784771292,0.5558977836835102,2
2025-06-06 13:55:00,2,0.32340816254943033,0.1262076163362982,0.5503842211142714,0
2025-06-06 14:00:00,2,0.30371600403953186,0.10794645629595138,0.5883375396645167,2
2025-06-06 14:05:00,0,0.3066464434809539,0.14479261974047988,0.5485609367785662,2
2025-06-06 14:10:00,2,0.3063777207233134,0.11367024053647898,0.5799520387402076,2
2025-06-06 14:15:00,2,0.3085089650264161,0.10912879010947131,0.5823622448641126,2
2025-06-06 14:20:00,2,0.4137158832713517,0.008346287181731657,0.5779378295469166,0
2025-06-06 14:25:00,2,0.4047460615409227,0.0055643928375159815,0.5896895456215614,0
2025-06-06 14:30:00,2,0.2769685970840275,0.10681105647203483,0.6162203464439376,2
2025-06-06 14:35:00,2,0.2511918572767284,0.13093848244552242,0.6178696602777491,2
2025-06-06 14:40:00,2,0.25917040683660575,0.13745717422909418,0.6033724189343,2
2025-06-06 14:45:00,2,0.28045441955305594,0.11003152032520111,0.6095140601217429,2
2025-06-06 14:50:00,2,0.24700654866186061,0.12963504349440236,0.6233584078437371,2
2025-06-06 14:55:00,2,0.2828844203604149,0.1059782630646317,0.6111373165749534,2
2025-06-06 15:00:00,2,0.2660942173026658,0.13905655455638324,0.5948492281409509,2
2025-06-06 15:05:00,2,0.2764338896313378,0.11341138902499487,0.6101547213436674,2
2025-06-06 15:10:00,2,0.23532217506773925,0.13693834328195695,0.6277394816503038,2
2025-06-06 15:15:00,2,0.2669245249067063,0.12022545205503847,0.6128500230382552,2
2025-06-06 15:20:00,2,0.2521288077480341,0.0946626065792819,0.6532085856726841,2
2025-06-06 15:25:00,2,0.2272353439229198,0.12074062568240203,0.652024030394678,2
2025-06-09 09:15:00,2,0.20380272676979014,0.012426791702271593,0.7837704815279384,2
2025-06-09 09:20:00,2,0.28068450233910053,0.019995657018576224,0.6993198406423232,2
2025-06-09 09:25:00,2,0.26129936338270526,0.018964855926574053,0.7197357806907206,2
2025-06-09 09:30:00,2,0.35096860270757246,0.020729849545292504,0.628301547747135,0
2025-06-09 09:35:00,2,0.2737718759561058,0.013615393467576217,0.712612730576318,2
2025-06-09 09:40:00,2,0.28742230120649254,0.015446324117241573,0.697131374676266,2
2025-06-09 09:45:00,2,0.21583624182054814,0.013520059864261306,0.7706436983151905,2
2025-06-09 09:50:00,2,0.13971255781109992,0.16412311084227735,0.6961643313466227,2
2025-06-09 09:55:00,2,0.2110733795065537,0.014194084780725116,0.7747325357127213,2
2025-06-09 10:00:00,2,0.2080682957000622,0.013762584411907986,0.7781691198880298,2
2025-06-09 10:05:00,2,0.09886710557518213,0.14566211873728818,0.7554707756875296,2
2025-06-09 10:10:00,2,0.14913559414265232,0.010458589464784868,0.8404058163925628,2
2025-06-09 10:15:00,2,0.061877367296950356,0.09168113902311484,0.8464414936799348,2
2025-06-09 10:20:00,2,0.1068248109280912,0.007944109335507387,0.8852310797364015,2
2025-06-09 10:25:00,2,0.1383082269370319,0.009332056312317967,0.8523597167506501,2
2025-06-09 10:30:00,2,0.13210785502444244,0.008633228336414417,0.8592589166391431,2
2025-06-09 10:35:00,2,0.16771577555082012,0.21203429339610197,0.6202499310530779,2
2025-06-09 10:40:00,2,0.2928925249392752,0.014304711721668846,0.6928027633390559,2
2025-06-09 10:45:00,2,0.2692321894334317,0.012289372116983291,0.718478438449585,2
2025-06-09 10:50:00,2,0.2914441787915629,0.009964327200173638,0.6985914940082635,2
2025-06-09 10:55:00,2,0.1448972117555968,0.1620671492239597,0.6930356390204434,2
2025-06-09 11:00:00,2,0.16133132392541846,0.13625493336988673,0.7024137427046949,2
2025-06-09 11:05:00,2,0.15339045211933316,0.15520210958869793,0.6914074382919689,2
2025-06-09 11:10:00,2,0.14657946068649175,0.15826696636369614,0.6951535729498121,2
2025-06-09 11:15:00,2,0.171286926754843,0.16895854890049522,0.6597545243446618,2
2025-06-09 11:20:00,2,0.13211105316972396,0.14021562427240292,0.7276733225578731,2
2025-06-09 11:25:00,2,0.14820488459810838,0.20382309703052048,0.6479720183713712,2
2025-06-09 11:30:00,2,0.11862431172656776,0.1454724218899977,0.7359032663834346,2
2025-06-09 11:35:00,2,0.12999353027964108,0.16264768638347313,0.7073587833368857,2
2025-06-09 11:40:00,2,0.13389158703385773,0.1884939935850937,0.6776144193810485,2
2025-06-09 11:45:00,2,0.10901057256137174,0.16016385240581574,0.7308255750328126,2
2025-06-09 11:50:00,2,0.1155065367767007,0.19443405689668466,0.6900594063266147,2
2025-06-09 11:55:00,2,0.12125955528134509,0.17858158913904087,0.700158855579614,2
2025-06-09 12:00:00,2,0.11580510189538984,0.1799693297278795,0.7042255683767307,2
2025-06-09 12:05:00,2,0.11239579042431255,0.1724139475783949,0.7151902619972925,2
2025-06-09 12:10:00,2,0.09747754766476091,0.14695164895112287,0.7555708033841162,2
2025-06-09 12:15:00,2,0.06210905042387979,0.13822441646062764,0.7996665331154924,2
2025-06-09 12:20:00,2,0.116750027558457,0.17775280240243888,0.7054971700391042,2
2025-06-09 12:25:00,2,0.11211163577376607,0.14382700036900062,0.7440613638572333,2
2025-06-09 12:30:00,2,0.11480591730880174,0.14407482610832212,0.7411192565828761,2
2025-06-09 12:35:00,2,0.10608495553487546,0.12320845468391738,0.7707065897812071,2
2025-06-09 12:40:00,2,0.1230266864723183,0.13640699178602214,0.7405663217416595,2
2025-06-09 12:45:00,2,0.13414374364760637,0.14434202733606843,0.7215142290163252,2
2025-06-09 12:50:00,2,0.09459449007677238,0.1404872841008491,0.7649182258223786,2
2025-06-09 12:55:00,2,0.13436041771439064,0.13388054711149866,0.7317590351741108,2
2025-06-09 13:00:00,2,0.12981699729882076,0.15193840488588006,0.7182445978152991,2
2025-06-09 13:05:00,2,0.12744618102677696,0.15271581355076208,0.7198380054224609,2
2025-06-09 13:10:00,2,0.06984341040740395,0.1609873695099591,0.769169220082637,2
2025-06-09 13:15:00,2,0.13568711049493817,0.16774125389540323,0.6965716356096586,2
2025-06-09 13:20:00,2,0.1111366602560804,0.14649025736012586,0.7423730823837937,2
2025-06-09 13:25:00,2,0.08298214630067453,0.16589544926345068,0.7511224044358749,2
2025-06-09 13:30:00,2,0.15179143986281987,0.18382610706363073,0.6643824530735494,2
2025-06-09 13:35:00,2,0.09601709228746229,0.11811020133151212,0.7858727063810257,2
2025-06-09 13:40:00,2,0.07902845819021002,0.1164794878730543,0.8044920539367357,2
2025-06-09 13:45:00,2,0.08095134388683503,0.11525152713621477,0.8037971289769501,2
2025-06-09 13:50:00,2,0.09155910127439874,0.1249535853344734,0.7834873133911279,2
2025-06-09 13:55:00,2,0.0960452047890812,0.130876081000433,0.7730787142104858,2
2025-06-09 14:00:00,2,0.09218388538203928,0.11758920667862725,0.7902269079393336,2
2025-06-09 14:05:00,2,0.0941398043576413,0.13732858639710133,0.7685316092452574,2
2025-06-09 14:10:00,2,0.00475477268470037,0.03333262006489002,0.9619126072504097,2
2025-06-09 14:15:00,2,0.11110152890660994,0.14596051386201672,0.7429379572313733,2
2025-06-09 14:20:00,2,0.004646711561445198,0.04348029108367753,0.9518729973548773,2
2025-06-09 14:25:00,2,0.11858611061066626,0.16104956537880036,0.7203643240105334,2
2025-06-09 14:30:00,2,0.09867675901796728,0.15198811587096422,0.7493351251110685,2
2025-06-09 14:35:00,2,0.11165333439703552,0.14822462436367748,0.7401220412392869,2
2025-06-09 14:40:00,2,0.10657785285311915,0.13552221252783467,0.7578999346190461,2
2025-06-09 14:45:00,2,0.09666035618155996,0.1464403499838056,0.7568992938346345,2
2025-06-09 14:50:00,2,0.07187335105372342,0.14821065790335863,0.779915991042918,2
2025-06-09 14:55:00,2,0.10951988720315638,0.14656511610650835,0.7439149966903353,2
2025-06-09 15:00:00,2,0.07702305065006668,0.12822893257550924,0.794748016774424,2
2025-06-09 15:05:00,2,0.08538768858272287,0.12166764519212975,0.7929446662251474,2
2025-06-09 15:10:00,2,0.058846196581911044,0.11760833892652688,0.8235454644915622,2
2025-06-09 15:15:00,2,0.05115628162969422,0.10915073711931636,0.8396929812509896,2
2025-06-09 15:20:00,2,0.0692563818201384,0.08827171439826584,0.8424719037815956,2
2025-06-09 15:25:00,2,0.08024537008514654,0.11496590434160557,0.804788725573248,2
2025-06-10 09:15:00,2,0.0438056833387053,0.07027399480318598,0.8859203218581087,2
2025-06-10 09:20:00,2,0.028510053646080284,0.07776392268254945,0.8937260236713702,2
2025-06-10 09:25:00,2,0.21554086749769927,0.2533326568738466,0.531126475628454,2
2025-06-10 09:30:00,2,0.23843285468400893,0.3133189362114088,0.44824820910458213,1
2025-06-10 09:35:00,2,0.20249445355442378,0.3006858425993778,0.49681970384619834,1
2025-06-10 09:40:00,2,0.2210306724770935,0.290531734853773,0.48843759266913345,1
2025-06-10 09:45:00,2,0.19304225448202658,0.284703267586576,0.5222544779313973,1
2025-06-10 09:50:00,2,0.1860235703906227,0.26704008960761744,0.54693634000176,1
2025-06-10 09:55:00,2,0.11992560302986076,0.25741915225261003,0.6226552447175293,1
2025-06-10 10:00:00,2,0.15673252624019632,0.2622358128850911,0.5810316608747125,1
2025-06-10 10:05:00,2,0.13908293214271825,0.1916701138257257,0.669246954031556,2
2025-06-10 10:10:00,2,0.021451131894587548,0.004589871354390183,0.9739589967510223,2
2025-06-10 10:15:00,2,0.01102123794428942,0.003264828995215988,0.9857139330604946,2
2025-06-10 10:20:00,2,0.10053157427292833,0.184082518503898,0.7153859072231737,2
2025-06-10 10:25:00,2,0.08074112434912747,0.13385148238513858,0.7854073932657339,2
2025-06-10 10:30:00,2,0.08119556425901854,0.1245934355518124,0.794211000189169,2
2025-06-10 10:35:00,1,0.16870166741327508,0.25426979651990383,0.577028536066821,1
2025-06-10 10:40:00,1,0.17321746908691218,0.2621470155934376,0.5646355153196502,1
2025-06-10 10:45:00,1,0.1580874272832129,0.27533423857709866,0.5665783341396884,1
2025-06-10 10:50:00,2,0.23069807541151496,0.2798143185679879,0.4894876060204972,2
2025-06-10 10:55:00,2,0.22598085716602073,0.267820278223712,0.5061988646102672,2
2025-06-10 11:00:00,2,0.20221885277311774,0.27992885827873587,0.5178522889481464,1
2025-06-10 11:05:00,2,0.1761997370195534,0.2818945423402756,0.541905720640171,1
2025-06-10 11:10:00,2,0.16805883604806227,0.262071167900328,0.5698699960516098,1
2025-06-10 11:15:00,2,0.16432886268498265,0.24932080800525463,0.5863503293097628,2
2025-06-10 11:20:00,2,0.16267400668173607,0.23578226712276162,0.6015437261955022,2
2025-06-10 11:25:00,2,0.14445266151953798,0.24872108817236135,0.6068262503081007,2
2025-06-10 11:30:00,2,0.15563532396997048,0.24580409520775282,0.5985605808222767,2
2025-06-10 11:35:00,2,0.14534130109284846,0.2167552240439933,0.6379034748631581,2
2025-06-10 11:40:00,2,0.0861397004600664,0.21124311314964,0.7026171863902936,2
2025-06-10 11:45:00,2,0.09304543879283453,0.15743839386973138,0.7495161673374342,2
2025-06-10 11:50:00,2,0.10340663607965742,0.14016083573435822,0.7564325281859844,2
2025-06-10 11:55:00,2,0.016606778612547127,0.00483750705963773,0.9785557143278152,2
2025-06-10 12:00:00,2,0.0241232346639719,0.0040462249721668325,0.9718305403638613,2
2025-06-10 12:05:00,2,0.11530970311016452,0.15299396435315832,0.7316963325366771,2
2025-06-10 12:10:00,2,0.1586743818289157,0.18679822503264923,0.654527393138435,2
2025-06-10 12:15:00,2,0.1816623321546512,0.18036774390458132,0.6379699239407675,2
2025-06-10 12:20:00,2,0.17440360567995225,0.17432032102744427,0.6512760732926034,2
2025-06-10 12:25:00,2,0.09487971319267105,0.15213337507955746,0.7529869117277715,2
2025-06-10 12:30:00,2,0.14802999649532864,0.16928691832765555,0.6826830851770158,2
2025-06-10 12:35:00,2,0.13169112535857058,0.17228160187631206,0.6960272727651173,2
2025-06-10 12:40:00,2,0.10778985993906236,0.1588465348066446,0.7333636052542931,2
2025-06-10 12:45:00,2,0.113869574294127,0.16306038546295282,0.7230700402429202,2
2025-06-10 12:50:00,2,0.08566058407410779,0.16220182082413448,0.7521375951017577,2
2025-06-10 12:55:00,2,0.11305947791443521,0.16544172241942826,0.7214987996661365,2
2025-06-10 13:00:00,2,0.09829449952042392,0.14624871754341856,0.7554567829361576,2
2025-06-10 13:05:00,2,0.14506761171482166,0.17994934648805974,0.6749830417971185,2
2025-06-10 13:10:00,2,0.13565104104891978,0.17643540693223064,0.6879135520188496,2
2025-06-10 13:15:00,2,0.1271644532112418,0.1652797763696894,0.7075557704190688,2
2025-06-10 13:20:00,2,0.14103431608664424,0.16653770553285765,0.6924279783804981,2
2025-06-10 13:25:00,2,0.0016352842249074719,0.0014252269185899143,0.9969394888565026,2
2025-06-10 13:30:00,2,0.0016701217469657294,0.0015249592703873468,0.996804918982647,2
2025-06-10 13:35:00,2,0.0014310590486844696,0.0014151959064445023,0.997153745044871,2
2025-06-10 13:40:00,2,0.0021801155397269435,0.0015832008416469655,0.996236683618626,2
2025-06-10 13:45:00,2,0.001789228985869666,0.0013398239688011176,0.9968709470453293,2
2025-06-10 13:50:00,2,0.001658777883022451,0.0013698948517016827,0.9969713272652758,2
2025-06-10 13:55:00,2,0.002072430605548558,0.0015270765499843925,0.9964004928444671,2
2025-06-10 14:00:00,2,0.0014954230454200584,0.0012715760937544952,0.9972330008608254,2
2025-06-10 14:05:00,2,0.0015809039547499493,0.0013869847024500963,0.9970321113428,2
2025-06-10 14:10:00,2,0.0016937897051242771,0.0013236271401870338,0.9969825831546887,2
2025-06-10 14:15:00,2,0.00254983144056473,0.0013615859698619204,0.9960885825895733,2
2025-06-10 14:20:00,2,0.0025900895984707403,0.0012524389210823578,0.996157471480447,2
2025-06-10 14:25:00,2,0.001467496227908174,0.001233836872364399,0.9972986668997275,2
2025-06-10 14:30:00,2,0.003959996390643032,0.001531871908941225,0.9945081317004159,2
2025-06-10 14:35:00,2,0.0016102719090301059,0.0011822691927890377,0.9972074588981807,2
2025-06-10 14:40:00,2,0.06440712710283279,0.0034890522129053226,0.9321038206842619,2
2025-06-10 14:45:00,2,0.041321912882907944,0.0024572165257046156,0.9562208705913875,2
2025-06-10 14:50:00,2,0.037065257800796,0.0023289148136259943,0.9606058273855779,2
2025-06-10 14:55:00,2,0.04818808737275232,0.0021595927005822533,0.9496523199266654,2
2025-06-10 15:00:00,2,0.05932492694635931,0.0025662239291472295,0.9381088491244935,2
2025-06-10 15:05:00,2,0.002400561405566265,0.001966167393872603,0.995633271200561,2
2025-06-10 15:10:00,2,0.13998320958168092,0.2297344551598434,0.6302823352584757,2
2025-06-10 15:15:00,2,0.12419447023061621,0.21652935006590593,0.6592761797034778,2
2025-06-10 15:20:00,2,0.1363610393111205,0.19900690240027602,0.6646320582886034,2
2025-06-10 15:25:00,2,0.11938922661351571,0.20731945920883427,0.67329131417765,2
2025-06-11 09:15:00,2,0.1540681349234903,0.20874897521975694,0.6371828898567528,2
2025-06-11 09:20:00,2,0.15567788928961226,0.1861083184171941,0.6582137922931935,2
2025-06-11 09:25:00,2,0.1152606893792638,0.1378149796773257,0.7469243309434104,2
2025-06-11 09:30:00,2,0.10287901859886743,0.13612362415359597,0.7609973572475365,2
2025-06-11 09:35:00,2,0.14626951125599286,0.19407766364750906,0.659652825096498,2
2025-06-11 09:40:00,2,0.10732456906235613,0.1379333996435244,0.7547420312941195,2
2025-06-11 09:45:00,2,0.11879781827941696,0.15934909327423058,0.7218530884463523,2
2025-06-11 09:50:00,2,0.10071639437617974,0.1362493582682627,0.7630342473555575,2
2025-06-11 09:55:00,2,0.09059654150857813,0.11987570053711692,0.789527757954305,2
2025-06-11 10:00:00,2,0.07388401598976341,0.1239474459085257,0.8021685381017108,2
2025-06-11 10:05:00,2,0.01232458014387871,0.07114545955172555,0.9165299603043957,2
2025-06-11 10:10:00,2,0.08430327869312328,0.09854790083252396,0.8171488204743528,2
2025-06-11 10:15:00,2,0.0797939684661538,0.0884755630438569,0.8317304684899893,2
2025-06-11 10:20:00,2,0.09368099548091052,0.09794986141589153,0.808369143103198,2
2025-06-11 10:25:00,2,0.0768133941301397,0.07742996799201983,0.8457566378778405,2
2025-06-11 10:30:00,2,0.07715683374933732,0.08692743283936447,0.8359157334112982,2
2025-06-11 10:35:00,0,0.12587448885506405,0.14226121185616922,0.7318642992887667,2
2025-06-11 10:40:00,2,0.04170752190428769,0.06494174211902862,0.8933507359766837,2
2025-06-11 10:45:00,2,0.05264253267636056,0.04847453253086774,0.8988829347927716,2
2025-06-11 10:50:00,2,0.09377634250879856,0.15502445549824515,0.7511992019929563,2
2025-06-11 10:55:00,2,0.11883485661469684,0.14760366120465676,0.7335614821806465,2
2025-06-11 11:00:00,2,0.13078408184585483,0.16636159115681215,0.702854326997333,2
2025-06-11 11:05:00,2,0.027619125455727776,0.00732424418768249,0.9650566303565897,2
2025-06-11 11:10:00,2,0.025788426040965533,0.004882984308918754,0.9693285896501158,2
2025-06-11 11:15:00,2,0.02855605540861296,0.004224030839869781,0.9672199137515173,2
2025-06-11 11:20:00,2,0.039387749995028344,0.005212868800898252,0.9553993812040733,2
2025-06-11 11:25:00,2,0.15866338090271243,0.1495321342460941,0.6918044848511935,2
2025-06-11 11:30:00,2,0.031112165557866604,0.006495898003971984,0.9623919364381615,2
2025-06-11 11:35:00,2,0.02460144755360705,0.005345032770665615,0.9700535196757274,2
2025-06-11 11:40:00,2,0.12568180047896763,0.12419416138140246,0.7501240381396299,2
2025-06-11 11:45:00,2,0.12236822136901569,0.11682446104463638,0.7608073175863479,2
2025-06-11 11:50:00,2,0.020415312709986193,0.001829979993256978,0.977754707296757,2
2025-06-11 11:55:00,2,0.03249570533242316,0.0030399208957548186,0.964464373771822,2
2025-06-11 12:00:00,2,0.0311814069391537,0.002857893043016692,0.9659607000178296,2
2025-06-11 12:05:00,2,0.013174744913838552,0.0033789314900592063,0.9834463235961023,2
2025-06-11 12:10:00,2,0.11560227386903596,0.09461423018756618,0.7897834959433978,2
2025-06-11 12:15:00,2,0.10427846925134243,0.09259633771742223,0.8031251930312353,2
2025-06-11 12:20:00,2,0.15428713255170512,0.007721699760915062,0.8379911676873799,2
2025-06-11 12:25:00,2,0.12053928518233623,0.09573268313023348,0.7837280316874304,2
2025-06-11 12:30:00,2,0.12071215023445922,0.10686846396089503,0.7724193858046458,2
2025-06-11 12:35:00,0,0.15531187866816976,0.14610487599089067,0.6985832453409395,2
2025-06-11 12:40:00,2,0.10933466606026554,0.09914176973501673,0.7915235642047178,2
2025-06-11 12:45:00,2,0.10590213592736673,0.09870168977056219,0.7953961743020711,2
2025-06-11 12:50:00,2,0.09943925395719155,0.08788506802388497,0.8126756780189235,2
2025-06-11 12:55:00,2,0.11669357560081141,0.1083577558306016,0.774948668568587,2
2025-06-11 13:00:00,2,0.13016748505691833,0.11420219992648972,0.7556303150165921,2
2025-06-11 13:05:00,2,0.1260201572902405,0.10048356610827983,0.7734962766014798,2
2025-06-11 13:10:00,1,0.11752260128133894,0.113793330408304,0.7686840683103571,2
2025-06-11 13:15:00,1,0.12483118854824068,0.1190140343942056,0.7561547770575539,2
2025-06-11 13:20:00,1,0.12219293048199273,0.1314709784753137,0.7463360910426936,2
2025-06-11 13:25:00,2,0.016556891764847332,0.15055802095365672,0.8328850872814959,2
2025-06-11 13:30:00,1,0.012123905688055861,0.1511834585168204,0.8366926357951238,2
2025-06-11 13:35:00,1,0.01054055356338398,0.12185109502999748,0.8676083514066186,2
2025-06-11 13:40:00,2,0.004357006007661162,0.026087464264187975,0.9695555297281508,2
2025-06-11 13:45:00,2,0.0037009998058141497,0.027476028555672417,0.9688229716385135,2
2025-06-11 13:50:00,2,0.0041163197530481406,0.023601246001598086,0.9722824342453539,2
2025-06-11 13:55:00,2,0.19543522228332166,0.20881563832333216,0.5957491393933462,2
2025-06-11 14:00:00,2,0.15328362704094733,0.1745794311438376,0.672136941815215,2
2025-06-11 14:05:00,0,0.15902577491211717,0.1685859821743222,0.6723882429135607,2
2025-06-11 14:10:00,2,0.1535427818331486,0.1903701996583575,0.6560870185084939,2
2025-06-11 14:15:00,2,0.12478837077634333,0.19795607234561888,0.6772555568780377,2
2025-06-11 14:20:00,2,0.10883345026533651,0.18489686232152347,0.7062696874131401,2
2025-06-11 14:25:00,2,0.13422891722302058,0.2001102096617352,0.6656608731152441,2
2025-06-11 14:30:00,2,0.15638713698171414,0.18296786295076145,0.6606450000675244,2
2025-06-11 14:35:00,2,0.15412367027916768,0.17596517379967663,0.6699111559211556,2
2025-06-11 14:40:00,2,0.1572827526736783,0.17552359744091153,0.6671936498854101,2
2025-06-11 14:45:00,2,0.12440352664342237,0.15272864955111187,0.7228678238054658,2
2025-06-11 14:50:00,2,0.1418072731169821,0.1963667604162047,0.6618259664668131,2
2025-06-11 14:55:00,2,0.12977575184059417,0.1608386757230651,0.7093855724363408,2
2025-06-11 15:00:00,2,0.12125542073507187,0.15056968391827316,0.7281748953466549,2
2025-06-11 15:05:00,2,0.10538464360503433,0.13116737515211394,0.7634479812428517,2
2025-06-11 15:10:00,2,0.11089867319852972,0.14385466365457109,0.7452466631468992,2
2025-06-11 15:15:00,2,0.11623665892357486,0.14916601841121332,0.7345973226652119,2
2025-06-11 15:20:00,2,0.11838673919812688,0.16257645309963342,0.7190368077022398,2
2025-06-11 15:25:00,2,0.08880703362742702,0.13934679161474817,0.7718461747578248,2
2025-06-12 09:15:00,2,0.1292084499231865,0.14184833353613602,0.7289432165406775,2
2025-06-12 09:20:00,2,0.06838713896721325,0.08833862150714106,0.8432742395256457,2
2025-06-12 09:25:00,1,0.08378947875141823,0.11998503446721724,0.7962254867813645,2
2025-06-12 09:30:00,2,0.0103551183445789,0.002816337318492442,0.9868285443369287,2
2025-06-12 09:35:00,2,0.14951871013235332,0.2643119566290321,0.5861693332386145,1
2025-06-12 09:40:00,2,0.2307341704148331,0.17294203784795348,0.5963237917372134,2
2025-06-12 09:45:00,2,0.20221003026192322,0.19095598335148364,0.6068339863865931,2
2025-06-12 09:50:00,2,0.18257004458680937,0.22649019295021416,0.5909397624629764,2
2025-06-12 09:55:00,2,0.17631870152515253,0.1960141100557549,0.6276671884190925,2
2025-06-12 10:00:00,2,0.005992097813712963,0.031062592045342067,0.9629453101409449,2
2025-06-12 10:05:00,2,0.1780880777673705,0.19358134852016898,0.6283305737124605,2
2025-06-12 10:10:00,2,0.14217147287416615,0.17775375308595506,0.6800747740398788,2
2025-06-12 10:15:00,2,0.14013788061420615,0.16895273404768973,0.6909093853381042,2
2025-06-12 10:20:00,2,0.15253738152319835,0.15749280896906948,0.6899698095077321,2
2025-06-12 10:25:00,1,0.10968088837797182,0.15278409011476604,0.7375350215072621,2
2025-06-12 10:30:00,2,0.12942760123488278,0.170344291351352,0.7002281074137652,2
2025-06-12 10:35:00,1,0.24342581371728203,0.2391998516278378,0.5173743346548801,2
2025-06-12 10:40:00,2,0.0057070191158989855,0.03209679846259065,0.9621961824215104,2
2025-06-12 10:45:00,2,0.2948901443119568,0.24540173510445804,0.45970812058358507,2
2025-06-12 10:50:00,2,0.2910787193760076,0.2580606085495931,0.4508606720743992,2
2025-06-12 10:55:00,2,0.2864172551781788,0.2579643004774842,0.4556184443443371,2
2025-06-12 11:00:00,2,0.28795956782011517,0.2651754486343381,0.4468649835455467,2
2025-06-12 11:05:00,2,0.2713776275208614,0.2512543227476357,0.4773680497315029,2
2025-06-12 11:10:00,2,0.008645074634324967,0.06191940389611944,0.9294355214695555,2
2025-06-12 11:15:00,2,0.26843516264443745,0.2616811311111185,0.46988370624444403,2
2025-06-12 11:20:00,1,0.21623659086978222,0.26569101480637275,0.518072394323845,2
2025-06-12 11:25:00,1,0.24996332278328046,0.27123732008172047,0.47879935713499916,2
2025-06-12 11:30:00,2,0.27680628100100746,0.2548102255590626,0.4683834934399299,2
2025-06-12 11:35:00,2,0.008750079789454314,0.04831073086439963,0.942939189346146,2
2025-06-12 11:40:00,2,0.29178156537248545,0.269428281042855,0.4387901535846595,2
2025-06-12 11:45:00,2,0.28024091478380125,0.2758515428826805,0.44390754233351837,2
2025-06-12 11:50:00,2,0.257564441235695,0.2758471177362207,0.4665884410280844,2
2025-06-12 11:55:00,2,0.24607611914473193,0.250463662574177,0.5034602182810911,2
2025-06-12 12:00:00,2,0.009847452523743642,0.048815914133188525,0.9413366333430678,2
2025-06-12 12:05:00,2,0.25568561519876193,0.27773782709540357,0.4665765577058344,2
2025-06-12 12:10:00,2,0.23066216481996785,0.28319607460901725,0.48614176057101505,1
2025-06-12 12:15:00,2,0.2221261804541911,0.2880563764355713,0.48981744311023745,1
2025-06-12 12:20:00,2,0.20310003331320556,0.2865447106207402,0.5103552560660543,1
2025-06-12 12:25:00,2,0.24037021577099632,0.2793512637713911,0.48027852045761255,2
2025-06-12 12:30:00,2,0.23781449432092605,0.2722701644070382,0.4899153412720356,2
2025-06-12 12:35:00,2,0.23253729850164595,0.30019001244658994,0.4672726890517641,1
2025-06-12 12:40:00,2,0.2334674773690324,0.2851814743789271,0.4813510482520405,1
2025-06-12 12:45:00,1,0.24342716132719597,0.2750055079426578,0.4815673307301463,2
2025-06-12 12:50:00,1,0.23913719548866125,0.27461330086431224,0.4862495036470265,2
2025-06-12 12:55:00,2,0.26221558057282596,0.31899423092922435,0.41879018849794963,1
2025-06-12 13:00:00,2,0.2713858395880163,0.31035061543553616,0.4182635449764476,2
2025-06-12 13:05:00,2,0.25300935505831285,0.30461357288028684,0.4423770720614003,1
2025-06-12 13:10:00,1,0.2351227536880179,0.32715302825342646,0.4377242180585556,1
2025-06-12 13:15:00,1,0.22210812672478708,0.3249178167467183,0.45297405652849454,1
2025-06-12 13:20:00,1,0.24769146559208285,0.30486727833869953,0.4474412560692176,1
2025-06-12 13:25:00,2,0.004857032129904669,0.025184334414999728,0.9699586334550956,2
2025-06-12 13:30:00,2,0.003302412099714987,0.023223962755663293,0.9734736251446217,2
2025-06-12 13:35:00,2,0.002357523472302378,0.016764007387910885,0.9808784691397867,2
2025-06-12 13:40:00,2,0.0013197345601347584,0.01842490454165988,0.9802553608982053,2
2025-06-12 13:45:00,2,0.001394311844407193,0.01827018708087489,0.980335501074718,2
2025-06-12 13:50:00,2,0.0023167252381572534,0.03502812167475391,0.9626551530870888,2
2025-06-12 13:55:00,2,0.00297075949928207,0.037007911249608956,0.9600213292511088,2
2025-06-12 14:00:00,2,0.0013071894760619503,0.0187420966389221,0.979950713885016,2
2025-06-12 14:05:00,2,0.0011233941725433876,0.01395948080643,0.9849171250210267,2
2025-06-12 14:10:00,2,0.006553846577821773,0.41785313070707,0.5755930227151083,1
2025-06-12 14:15:00,0,0.13140918587375167,0.41105850880515393,0.45753230532109435,1
2025-06-12 14:20:00,2,0.15637963705244393,0.3941903096094003,0.44943005333815567,1
2025-06-12 14:25:00,2,0.12832109537712674,0.32545021696509446,0.5462286876577788,1
2025-06-12 14:30:00,2,0.16140444212396146,0.3636204097698305,0.4749751481062079,1
2025-06-12 14:35:00,2,0.17813575043662289,0.30691205454629755,0.5149521950170796,1
2025-06-12 14:40:00,2,0.18915041756681356,0.28821582003310836,0.5226337624000781,1
2025-06-12 14:45:00,2,0.14314384551477807,0.3561160158534815,0.5007401386317404,1
2025-06-12 14:50:00,2,0.1328839321719971,0.24558295621153828,0.6215331116164646,2
2025-06-12 14:55:00,2,0.15242630365983756,0.34319468707407585,0.5043790092660866,1
2025-06-12 15:00:00,2,0.16630862186941076,0.36442898203189233,0.46926239609869685,1
2025-06-12 15:05:00,2,0.15092929883181555,0.2877937634075995,0.561276937760585,1
2025-06-12 15:10:00,2,0.12026842139027322,0.20939157416865278,0.6703400044410739,2
2025-06-12 15:15:00,2,0.13994593730372876,0.14687065781719347,0.7131834048790777,2
2025-06-12 15:20:00,2,0.01655916864900609,0.017020699774805644,0.9664201315761882,2
2025-06-12 15:25:00,2,0.010268700587666605,0.015127764858502996,0.9746035345538303,2
2025-06-13 09:15:00,2,0.011514822307141962,0.4485260580111644,0.5399591196816936,1
2025-06-13 09:20:00,2,0.010138755430758447,0.44028653130282275,0.5495747132664187,1
2025-06-13 09:25:00,2,0.012713395638465408,0.41583966860256916,0.5714469357589654,1
2025-06-13 09:30:00,2,0.009857714951530951,0.45420993495926265,0.5359323500892064,1
2025-06-13 09:35:00,2,0.02259448502693096,0.3800588553872818,0.5973466595857871,1
2025-06-13 09:40:00,2,0.01957125977955815,0.37941127818957776,0.601017462030864,1
2025-06-13 09:45:00,2,0.020747471638010564,0.40988239878069244,0.5693701295812971,1
2025-06-13 09:50:00,2,0.2534075195357699,0.24815327205131113,0.498439208412919,2
2025-06-13 09:55:00,2,0.26387534433900506,0.22913469745584672,0.5069899582051483,2
2025-06-13 10:00:00,2,0.22299757789648808,0.31540603087964175,0.4615963912238702,1
2025-06-13 10:05:00,2,0.17291897476643606,0.18310613796224717,0.6439748872713167,2
2025-06-13 10:10:00,2,0.26602207083914703,0.22433574910713264,0.5096421800537203,2
2025-06-13 10:15:00,0,0.22163155038569562,0.23032128472030508,0.5480471648939993,2
2025-06-13 10:20:00,2,0.26292978567531544,0.20802741540578237,0.5290427989189023,2
2025-06-13 10:25:00,2,0.19862732657850699,0.16438238959262255,0.6369902838288705,2
2025-06-13 10:30:00,2,0.25920200948713984,0.21498763969313717,0.525810350819723,2
2025-06-13 10:35:00,2,0.43932301942293606,0.2398861947781109,0.32079078579895287,0
2025-06-13 10:40:00,2,0.4265428459478212,0.2584426819318638,0.315014472120315,0
2025-06-13 10:45:00,2,0.43740053412519675,0.27458389241319925,0.288015573461604,0
2025-06-13 10:50:00,2,0.41801616405107883,0.26658950675954357,0.31539432918937754,0
2025-06-13 10:55:00,2,0.48005877134830827,0.21525266737567703,0.30468856127601474,0
2025-06-13 11:00:00,1,0.47286916086215997,0.21216290071546529,0.31496793842237475,0
2025-06-13 11:05:00,2,0.4721021815564339,0.21683930270505142,0.3110585157385146,0
2025-06-13 11:10:00,2,0.4811492813056122,0.2134997796037076,0.3053509390906802,0
2025-06-13 11:15:00,2,0.4884640093214412,0.2143342772857951,0.29720171339276363,0
2025-06-13 11:20:00,0,0.47572453909086876,0.22593910771811448,0.2983363531910168,0
2025-06-13 11:25:00,2,0.4537193962797485,0.22863511836336525,0.3176454853568862,0
2025-06-13 11:30:00,2,0.5175613199839054,0.1874770230349141,0.2949616569811806,0
2025-06-13 11:35:00,2,0.4706323791512213,0.22703247310309616,0.30233514774568243,0
2025-06-13 11:40:00,2,0.5069234029891407,0.17992963560295974,0.31314696140789955,0
2025-06-13 11:45:00,2,0.512775062598675,0.1789831323222236,0.30824180507910137,0
2025-06-13 11:50:00,2,0.518816437207407,0.17211145584258367,0.30907210695000936,0
2025-06-13 11:55:00,2,0.4945036830714046,0.1710215125779886,0.3344748043506069,0
2025-06-13 12:00:00,0,0.4517752642351378,0.1867129970510523,0.36151173871380987,0
2025-06-13 12:05:00,0,0.4986332280541981,0.17533359061828452,0.3260331813275174,0
2025-06-13 12:10:00,2,0.49280910213027307,0.18813238872306434,0.31905850914666256,0
2025-06-13 12:15:00,2,0.6197409455521542,0.00992459784590589,0.37033445660194,0
2025-06-13 12:20:00,2,0.5014801176837571,0.1738610921218736,0.32465879019436933,0
2025-06-13 12:25:00,2,0.5019176170387739,0.19278675559684164,0.3052956273643846,0
2025-06-13 12:30:00,2,0.44063625366977277,0.2510866010768599,0.30827714525336736,0
2025-06-13 12:35:00,2,0.45396270890213836,0.22088028417570466,0.325157006922157,0
2025-06-13 12:40:00,2,0.4248089452342535,0.23706331259630667,0.33812774216943986,0
2025-06-13 12:45:00,2,0.43117640024466664,0.23446198509320998,0.33436161466212333,0
2025-06-13 12:50:00,2,0.4102732663732573,0.24735199399559232,0.34237473963115045,0
2025-06-13 12:55:00,2,0.38209618157704117,0.24481600599714248,0.37308781242581635,0
2025-06-13 13:00:00,2,0.4036146852805487,0.2399447014679753,0.35644061325147597,0
2025-06-13 13:05:00,2,0.3879624462631312,0.23474103189704676,0.3772965218398221,0
2025-06-13 13:10:00,2,0.3687379944054197,0.22075375364315306,0.41050825195142726,0
2025-06-13 13:15:00,0,0.363376122292514,0.22421494832635905,0.41240892938112705,0
2025-06-13 13:20:00,0,0.39890006566961955,0.22129722021302536,0.37980271411735506,0
2025-06-13 13:25:00,0,0.4105219204345333,0.22117133114373141,0.3683067484217354,0
2025-06-13 13:30:00,2,0.1655571641465686,0.008877828111103851,0.8255650077423277,2
2025-06-13 13:35:00,2,0.08788646710108527,0.004325188587180849,0.9077883443117338,2
2025-06-13 13:40:00,2,0.05339646111850229,0.0026900507373285596,0.9439134881441691,2
2025-06-13 13:45:00,2,0.06249977792149562,0.0032272632917103475,0.9342729587867941,2
2025-06-13 13:50:00,2,0.35252403739263305,0.22775433958582358,0.4197216230215434,0
2025-06-13 13:55:00,2,0.3315559698997763,0.22011494550432897,0.44832908459589466,0
2025-06-13 14:00:00,2,0.3238512529949804,0.22858271858336868,0.44756602842165094,0
2025-06-13 14:05:00,2,0.2952871620801069,0.22254404818970844,0.48216878973018457,2
2025-06-13 14:10:00,2,0.28940454511909597,0.22809267141183812,0.482502783469066,2
2025-06-13 14:15:00,2,0.2820630182506126,0.21341533110509828,0.5045216506442892,2
2025-06-13 14:20:00,2,0.27794043491023956,0.2172475537610297,0.5048120113287308,2
2025-06-13 14:25:00,2,0.28868341140669346,0.2035945091235095,0.5077220794697971,2
2025-06-13 14:30:00,1,0.28477215648167387,0.20396527907976847,0.5112625644385577,2
2025-06-13 14:35:00,1,0.2716250212143031,0.1852951198982046,0.5430798588874922,2
2025-06-13 14:40:00,2,0.010994874987539321,0.049647317831839705,0.939357807180621,2
2025-06-13 14:45:00,2,0.006949776175660788,0.047140035264450625,0.9459101885598885,2
2025-06-13 14:50:00,2,0.006350233278141102,0.03881411239395448,0.9548356543279043,2
2025-06-13 14:55:00,2,0.00504237169038458,0.03634128706585798,0.9586163412437575,2
2025-06-13 15:00:00,2,0.30609584752979113,0.1934648141066997,0.5004393383635092,2
2025-06-13 15:05:00,2,0.3077735116291579,0.13742613101294301,0.5548003573578991,2
2025-06-13 15:10:00,2,0.28365372224390095,0.15721027138964347,0.5591360063664556,2
2025-06-13 15:15:00,2,0.3190117225267072,0.17378092584146143,0.5072073516318314,2
2025-06-13 15:20:00,2,0.2806782302517058,0.16568491702186297,0.5536368527264313,2
2025-06-13 15:25:00,2,0.3210918168160642,0.18776473405142016,0.4911434491325157,0
2025-06-16 09:15:00,2,0.048961976302683716,0.1291274254130278,0.8219105982842885,2
2025-06-16 09:20:00,2,0.03360884643389629,0.09603298632453694,0.8703581672415668,2
2025-06-16 09:25:00,2,0.047388281276360765,0.008816559702248703,0.9437951590213906,2
2025-06-16 09:30:00,1,0.19009309626740498,0.34739364281519997,0.4625132609173951,1
2025-06-16 09:35:00,2,0.18840944266692405,0.3703376355952212,0.4412529217378549,1
2025-06-16 09:40:00,2,0.18205606140698752,0.3294551233895904,0.488488815203422,1
2025-06-16 09:45:00,2,0.30865979040245056,0.2727372529768623,0.4186029566206872,2
2025-06-16 09:50:00,0,0.22901148134593807,0.34524075242996666,0.4257477662240952,1
2025-06-16 09:55:00,2,0.15946815144835597,0.3076059241145684,0.5329259244370756,1
2025-06-16 10:00:00,0,0.16590947526370067,0.3269998948189729,0.5070906299173263,1
2025-06-16 10:05:00,2,0.1334368226946919,0.3013657749844078,0.5651974023209002,1
2025-06-16 10:10:00,0,0.12415735677761522,0.2084651645296772,0.6673774786927076,2
2025-06-16 10:15:00,0,0.14409911026262948,0.19628832630950166,0.6596125634278689,2
2025-06-16 10:20:00,0,0.10237522273975354,0.15115726291985962,0.7464675143403868,2
2025-06-16 10:25:00,2,0.008907897875908573,0.0020296333265279664,0.9890624687975634,2
2025-06-16 10:30:00,2,0.01135865975465688,0.002566629698918349,0.9860747105464248,2
2025-06-16 10:35:00,2,0.030150552603715863,0.00432629482141885,0.9655231525748653,2
2025-06-16 10:40:00,2,0.020848421893187405,0.0026241590839166354,0.976527419022896,2
2025-06-16 10:45:00,2,0.061652007648770685,0.0030227684999465684,0.9353252238512828,2
2025-06-16 10:50:00,2,0.04397436323877725,0.0028541332025040856,0.9531715035587187,2
2025-06-16 10:55:00,2,0.05345919244049442,0.003555889928251527,0.942984917631254,2
2025-06-16 11:00:00,2,0.04358206376599815,0.0028460017592103295,0.9535719344747915,2
2025-06-16 11:05:00,2,0.04733911060755693,0.0024133908552269366,0.9502474985372162,2
2025-06-16 11:10:00,2,0.10734614406902086,0.004584925850333987,0.8880689300806452,2
2025-06-16 11:15:00,2,0.11768238739230434,0.005211407138347514,0.8771062054693481,2
2025-06-16 11:20:00,0,0.37972071317533507,0.2277727643472894,0.3925065224773756,0
2025-06-16 11:25:00,0,0.3977722215035553,0.22964114403917127,0.37258663445727336,0
2025-06-16 11:30:00,0,0.36296774872819576,0.259575070591079,0.37745718068072526,0
2025-06-16 11:35:00,2,0.3660015204733518,0.21364390554792947,0.42035457397871867,0
2025-06-16 11:40:00,2,0.40409859218357824,0.17147099868609594,0.4244304091303259,0
2025-06-16 11:45:00,2,0.4529454197772349,0.010239471652439063,0.5368151085703261,0
2025-06-16 11:50:00,2,0.37517443191045496,0.22110686828738557,0.40371869980215946,0
2025-06-16 11:55:00,0,0.3432119561403408,0.23886451517276866,0.4179235286868906,0
2025-06-16 12:00:00,2,0.3335781465589672,0.23788233466090547,0.42853951878012725,0
2025-06-16 12:05:00,2,0.3220119509027687,0.2400828423357653,0.437905206761466,0
2025-06-16 12:10:00,1,0.3988061969387031,0.15949377257168484,0.4417000304896121,0
2025-06-16 12:15:00,0,0.3264047299032363,0.22141616562321792,0.45217910447354587,0
2025-06-16 12:20:00,0,0.33515910750760036,0.20477761129439867,0.46006328119800105,0
2025-06-16 12:25:00,0,0.3406322667729894,0.21526736659166995,0.4441003666353406,0
2025-06-16 12:30:00,2,0.4783981961185935,0.11657283448283122,0.40502896939857524,0
2025-06-16 12:35:00,2,0.570080031077742,0.007782612698626653,0.42213735622363135,0
2025-06-16 12:40:00,2,0.46040916494855616,0.12417434404667102,0.41541649100477296,0
2025-06-16 12:45:00,2,0.43400802640598485,0.1419279979001814,0.4240639756938338,0
2025-06-16 12:50:00,2,0.3820334087877691,0.19277231723546762,0.4251942739767633,0
2025-06-16 12:55:00,2,0.3797710195444453,0.21361868295320882,0.40661029750234584,0
2025-06-16 13:00:00,2,0.38450442445174765,0.17877333462190836,0.436722240926344,0
2025-06-16 13:05:00,2,0.3945715476618144,0.180156610291836,0.4252718420463495,0
2025-06-16 13:10:00,2,0.4132471739750608,0.17776612930300087,0.40898669672193844,0
2025-06-16 13:15:00,2,0.42857514520188744,0.1690574309173058,0.4023674238808068,0
2025-06-16 13:20:00,2,0.37510557616260964,0.18424422369651589,0.4406502001408744,0
2025-06-16 13:25:00,2,0.44080749751206055,0.1541344813730133,0.40505802111492617,0
2025-06-16 13:30:00,2,0.41904527480986187,0.17079122659276275,0.41016349859737533,0
2025-06-16 13:35:00,2,0.4266479888746877,0.005775382165125579,0.5675766289601867,0
2025-06-16 13:40:00,2,0.31815095662899406,0.09854141626312357,0.5833076271078823,2
2025-06-16 13:45:00,2,0.3042490633911325,0.09561515096357492,0.6001357856452926,2
2025-06-16 13:50:00,2,0.2872520520124116,0.1319925175273121,0.5807554304602762,2
2025-06-16 13:55:00,2,0.2953435068717268,0.12169961407608958,0.5829568790521836,2
2025-06-16 14:00:00,2,0.3272556810085211,0.08317058008138789,0.589573738910091,0
2025-06-16 14:05:00,2,0.4810643495331322,0.006917474071862096,0.5120181763950057,0
2025-06-16 14:10:00,2,0.40580467008162113,0.006061704574753188,0.5881336253436257,0
2025-06-16 14:15:00,2,0.31156314665492135,0.0785223204479072,0.6099145328971716,2
2025-06-16 14:20:00,2,0.30001674438804804,0.08413581752238838,0.6158474380895635,2
2025-06-16 14:25:00,2,0.3050285734533222,0.12777338749536526,0.5671980390513126,2
2025-06-16 14:30:00,2,0.25290909515725735,0.12616095056134352,0.620929954281399,2
2025-06-16 14:35:00,2,0.24953015854064875,0.1553166954751115,0.5951531459842396,2
2025-06-16 14:40:00,2,0.2517035455286062,0.145249449206197,0.6030470052651967,2
2025-06-16 14:45:00,2,0.24823737529677864,0.1574732905893887,0.5942893341138327,2
2025-06-16 14:50:00,2,0.22898959772063188,0.14958617975970287,0.6214242225196652,2
2025-06-16 14:55:00,2,0.20639274972016966,0.11983258005208337,0.673774670227747,2
2025-06-16 15:00:00,2,0.24542071042741403,0.13341879419387473,0.6211604953787111,2
2025-06-16 15:05:00,2,0.24577976080526345,0.1253837027911576,0.628836536403579,2
2025-06-16 15:10:00,2,0.24332903521583357,0.08077792428087888,0.6758930405032876,2
2025-06-16 15:15:00,2,0.22866696685299753,0.0734616317193862,0.6978714014276164,2
2025-06-16 15:20:00,2,0.2790127914149513,0.1519016333063448,0.569085575278704,2
2025-06-16 15:25:00,2,0.26907753957813374,0.1292039852798685,0.6017184751419978,2
2025-06-17 09:15:00,2,0.021260549139870324,0.3296787458753356,0.6490607049847941,1
2025-06-17 09:20:00,2,0.01884153223456588,0.3051279986941848,0.6760304690712494,2
2025-06-17 09:25:00,2,0.01643883800416757,0.2991872811862646,0.6843738808095678,2
2025-06-17 09:30:00,2,0.030703435566561105,0.326358024878659,0.6429385395547799,1
2025-06-17 09:35:00,2,0.23516397273954212,0.27023694502097617,0.4945990822394818,2
2025-06-17 09:40:00,2,0.02688923891530309,0.3477832386710127,0.6253275224136843,1
2025-06-17 09:45:00,2,0.02045526171442681,0.3197597240015825,0.6597850142839907,2
2025-06-17 09:50:00,2,0.01968295647840875,0.34022874827278765,0.6400882952488037,1
2025-06-17 09:55:00,2,0.21537714494221522,0.23677334939331293,0.5478495056644719,2
2025-06-17 10:00:00,2,0.023893287874791457,0.318937615293362,0.6571690968318465,2
2025-06-17 10:05:00,2,0.018890316791321003,0.234985447164394,0.7461242360442849,2
2025-06-17 10:10:00,2,0.014750493934766205,0.22224414917856186,0.7630053568866719,2
2025-06-17 10:15:00,2,0.1602399780378447,0.2359689206586226,0.6037911013035328,2
2025-06-17 10:20:00,2,0.10048301475784573,0.1475576828510391,0.7519593023911152,2
2025-06-17 10:25:00,2,0.10958491734276074,0.15063596954085376,0.7397791131163854,2
2025-06-17 10:30:00,2,0.11848406332144693,0.17835774573247895,0.7031581909460741,2
2025-06-17 10:35:00,2,0.2095826637067978,0.2956743909789387,0.49474294531426355,1
2025-06-17 10:40:00,1,0.2136440299877202,0.29681195717308756,0.4895440128391922,1
2025-06-17 10:45:00,2,0.22384919123180436,0.322156484208554,0.45399432455964184,1
2025-06-17 10:50:00,2,0.21325522716141673,0.31714756711847975,0.4695972057201035,1
2025-06-17 10:55:00,2,0.21379320584014844,0.3146385205315926,0.47156827362825904,1
2025-06-17 11:00:00,2,0.19716977427229027,0.3248249965213943,0.4780052292063154,1
2025-06-17 11:05:00,2,0.18949474960873056,0.29091509651743946,0.5195901538738299,1
2025-06-17 11:10:00,2,0.1608711354014377,0.27276659169315004,0.5663622729054123,1
2025-06-17 11:15:00,2,0.18875241479669613,0.2787462420467917,0.5325013431565121,1
2025-06-17 11:20:00,2,0.19643346264270106,0.23293845078673758,0.5706280865705613,2
2025-06-17 11:25:00,2,0.18045225132225187,0.2301702143596656,0.5893775343180825,2
2025-06-17 11:30:00,2,0.15739704256017387,0.22591994584427683,0.6166830115955493,2
2025-06-17 11:35:00,2,0.16033496901195493,0.22701458671191718,0.6126504442761279,2
2025-06-17 11:40:00,1,0.1629648257287719,0.21450641906327172,0.6225287552079565,2
2025-06-17 11:45:00,2,0.21601723511427265,0.21677735757495978,0.5672054073107675,2
2025-06-17 11:50:00,2,0.17930987224114187,0.2617393084362909,0.5589508193225673,1
2025-06-17 11:55:00,2,0.19756921815561798,0.24177047112992373,0.5606603107144583,2
2025-06-17 12:00:00,2,0.19457402969843185,0.2210577209534536,0.5843682493481145,2
2025-06-17 12:05:00,2,0.15697224619174832,0.2466930856152267,0.5963346681930249,2
2025-06-17 12:10:00,2,0.20339509852025142,0.08292395470054821,0.7136809467792004,2
2025-06-17 12:15:00,2,0.1622856288212937,0.2251819082717641,0.6125324629069423,2
2025-06-17 12:20:00,2,0.16286671968354813,0.228496313561679,0.608636966754773,2
2025-06-17 12:25:00,2,0.1634991772471899,0.2066128663395247,0.6298879564132853,2
2025-06-17 12:30:00,2,0.16927971877669967,0.22301604834767266,0.6077042328756276,2
2025-06-17 12:35:00,2,0.18664500954102797,0.07728268070299968,0.7360723097559723,2
2025-06-17 12:40:00,2,0.18664019863936543,0.0634649652343108,0.7498948361263238,2
2025-06-17 12:45:00,2,0.19358118857389012,0.06304192250812753,0.7433768889179823,2
2025-06-17 12:50:00,2,0.3298964149289478,0.05076168444878458,0.6193419006222677,0
2025-06-17 12:55:00,2,0.007110729978042918,0.04981158476685839,0.9430776852550986,2
2025-06-17 13:00:00,2,0.007002475226875927,0.0517960872767937,0.9412014374963303,2
2025-06-17 13:05:00,2,0.20451905149832764,0.27529672662012966,0.5201842218815427,1
2025-06-17 13:10:00,2,0.1838473197657533,0.28410954062789434,0.5320431396063524,1
2025-06-17 13:15:00,2,0.1732683828572143,0.2688823149510353,0.5578493021917503,1
2025-06-17 13:20:00,2,0.21221980529643883,0.2716849214023024,0.5160952733012588,1
2025-06-17 13:25:00,2,0.20419119517136883,0.2842997264947093,0.5115090783339218,1
2025-06-17 13:30:00,2,0.18444359644827285,0.25755516473944084,0.5580012388122864,1
2025-06-17 13:35:00,2,0.08672968109618569,0.228465026576914,0.6848052923269004,2
2025-06-17 13:40:00,2,0.08335561451070553,0.2103821265925406,0.706262258896754,2
2025-06-17 13:45:00,2,0.15104548593040518,0.2027441969005669,0.6462103171690279,2
2025-06-17 13:50:00,2,0.14346257741549745,0.1908955975294174,0.6656418250550852,2
2025-06-17 13:55:00,2,0.15579527562836992,0.19600069274874451,0.6482040316228856,2
2025-06-17 14:00:00,2,0.15563009375851267,0.18276977680064332,0.661600129440844,2
2025-06-17 14:05:00,2,0.13080156861532966,0.19178158105926438,0.677416850325406,2
2025-06-17 14:10:00,2,0.08130407063599372,0.18417228291902155,0.7345236464449848,2
2025-06-17 14:15:00,2,0.020159854891388163,0.006378297713270607,0.9734618473953411,2
2025-06-17 14:20:00,2,0.01574593339983527,0.006039531091652162,0.9782145355085126,2
2025-06-17 14:25:00,2,0.15305445987604327,0.18379378920847417,0.6631517509154826,2
2025-06-17 14:30:00,2,0.15745370960081873,0.1787402969955507,0.6638059934036306,2
2025-06-17 14:35:00,2,0.18960771776713284,0.2443225159335742,0.566069766299293,2
2025-06-17 14:40:00,2,0.1811572842325275,0.21253346274195187,0.6063092530255206,2
2025-06-17 14:45:00,2,0.15329576374608833,0.22437940911452495,0.6223248271393867,2
2025-06-17 14:50:00,2,0.19254794425181165,0.22059812081488434,0.5868539349333041,2
2025-06-17 14:55:00,2,0.17014000215547778,0.20476908805834249,0.6250909097861796,2
2025-06-17 15:00:00,2,0.20460534984857928,0.2652012712393506,0.5301933789120701,1
2025-06-17 15:05:00,2,0.18584483639803837,0.24711424913218852,0.5670409144697731,2
2025-06-17 15:10:00,2,0.15210586164402284,0.23251000731771046,0.6153841310382667,2
2025-06-17 15:15:00,2,0.20164350799884584,0.3124389980812647,0.4859174939198894,1
2025-06-17 15:20:00,2,0.20258178682963232,0.2845219094370582,0.5128963037333095,1
2025-06-17 15:25:00,2,0.17632538154642302,0.299170063441508,0.5245045550120689,1
2025-06-18 09:15:00,0,0.2243326025337787,0.2576665508416401,0.5180008466245812,2
2025-06-18 09:20:00,0,0.19448088519447762,0.16222438779330664,0.6432947270122157,2
2025-06-18 09:25:00,2,0.018073894776406016,0.004973744066878991,0.9769523611567151,2
2025-06-18 09:30:00,2,0.019615441788022672,0.0037857638364830353,0.9765987943754942,2
2025-06-18 09:35:00,2,0.01622508974829263,0.0035171016085023803,0.9802578086432051,2
2025-06-18 09:40:00,2,0.01720281720456226,0.002769604797089683,0.9800275779983479,2
2025-06-18 09:45:00,2,0.05274731430896021,0.005408209079561728,0.9418444766114781,2
2025-06-18 09:50:00,2,0.24587883550948286,0.17513737445433564,0.5789837900361816,2
2025-06-18 09:55:00,2,0.22165280951097224,0.18236990572821013,0.5959772847608177,2
2025-06-18 10:00:00,2,0.21472552565124903,0.16620715901091362,0.6190673153378374,2
2025-06-18 10:05:00,2,0.1887527932589627,0.16498618603420173,0.6462610207068357,2
2025-06-18 10:10:00,2,0.1556484449634467,0.1103563274571913,0.733995227579362,2
2025-06-18 10:15:00,1,0.18144518081654865,0.14526858636566636,0.673286232817785,2
2025-06-18 10:20:00,2,0.2088932291822817,0.17760580174080082,0.6135009690769174,2
2025-06-18 10:25:00,2,0.17466649852270963,0.12847019978435256,0.6968633016929379,2
2025-06-18 10:30:00,2,0.12436951313447941,0.06733696580904218,0.8082935210564784,2
2025-06-18 10:35:00,1,0.36070101000787247,0.26215455410643784,0.3771444358856897,0
2025-06-18 10:40:00,1,0.3485716229806199,0.25214121225240205,0.399287164766978,0
2025-06-18 10:45:00,2,0.3759012011807206,0.24210917237031646,0.38198962644896295,0
2025-06-18 10:50:00,2,0.010913467888958467,0.055487926667719165,0.9335986054433225,2
2025-06-18 10:55:00,2,0.3712538246584547,0.2658273607700862,0.36291881457145914,0
2025-06-18 11:00:00,2,0.37200077887653027,0.2576851234237889,0.37031409769968077,0
2025-06-18 11:05:00,2,0.3659430167283927,0.25743945304463667,0.37661753022697064,0
2025-06-18 11:10:00,1,0.3324566188292726,0.22807307776477181,0.43947030340595555,0
2025-06-18 11:15:00,2,0.01280405582288728,0.07732275296792057,0.9098731912091922,2
2025-06-18 11:20:00,2,0.011722852087001485,0.05488184051218931,0.9333953074008091,2
2025-06-18 11:25:00,2,0.00883222162009077,0.05473647849847051,0.9364312998814387,2
2025-06-18 11:30:00,2,0.005896905593509364,0.031700098803505966,0.9624029956029847,2
2025-06-18 11:35:00,2,0.3236898020601752,0.28831869389639736,0.38799150404342747,2
2025-06-18 11:40:00,1,0.2740959247686497,0.2943646776236071,0.4315393976077432,2
2025-06-18 11:45:00,2,0.2751563694752023,0.3015626198667764,0.42328101065802143,2
2025-06-18 11:50:00,0,0.3204938774664195,0.27145176895742545,0.408054353576155,2
2025-06-18 11:55:00,2,0.029976300396483406,0.3786078548204058,0.5914158447831107,1
2025-06-18 12:00:00,2,0.28871036005456785,0.287264265255227,0.42402537469020507,2
2025-06-18 12:05:00,1,0.2616846657624756,0.29405533480167,0.4442599994358543,2
2025-06-18 12:10:00,1,0.2623639878385812,0.27268186339903955,0.46495414876237917,2
2025-06-18 12:15:00,1,0.2909741540179895,0.2720341184283615,0.436991727553649,2
2025-06-18 12:20:00,2,0.31031047047855836,0.3026128312443866,0.3870766982770551,2
2025-06-18 12:25:00,2,0.27577881540192584,0.31629590525008483,0.4079252793479893,2
2025-06-18 12:30:00,2,0.2885012384433233,0.3235866979598156,0.3879120635968612,2
2025-06-18 12:35:00,2,0.2567998102489784,0.3161341273979266,0.42706606235309486,1
2025-06-18 12:40:00,2,0.2612113023428417,0.3259589771010173,0.412829720556141,1
2025-06-18 12:45:00,2,0.02174657301203372,0.40197816228923594,0.5762752646987304,1
2025-06-18 12:50:00,2,0.260538313131501,0.29369762194684296,0.445764064921656,2
2025-06-18 12:55:00,0,0.2656846220218005,0.29829038234862837,0.43602499562957125,2
2025-06-18 13:00:00,2,0.2617436651761618,0.31418133181703006,0.4240750030068081,1
2025-06-18 13:05:00,2,0.23968818143497,0.294126934404724,0.46618488416030607,1
2025-06-18 13:10:00,2,0.21805004146991772,0.2867191315605522,0.49523082696953,1
2025-06-18 13:15:00,2,0.23343929341922684,0.30949391390171005,0.457066792679063,1
2025-06-18 13:20:00,2,0.2551683200007643,0.27371267827269574,0.47111900172654,2
2025-06-18 13:25:00,2,0.2537004681463499,0.2894242665750694,0.45687526527858074,2
2025-06-18 13:30:00,1,0.23655622611077579,0.2847236621469956,0.47872011174222856,2
2025-06-18 13:35:00,1,0.22419772302001573,0.23212764996170107,0.5436746270182832,2
2025-06-18 13:40:00,2,0.2060731753434215,0.2999375942938064,0.4939892303627721,1
2025-06-18 13:45:00,2,0.19551046811094921,0.28651452868046484,0.5179750032085859,1
2025-06-18 13:50:00,2,0.16133683434749171,0.247912532827528,0.5907506328249803,2
2025-06-18 13:55:00,2,0.18059652413089453,0.2558527904692868,0.5635506853998188,1
2025-06-18 14:00:00,2,0.17061763761490453,0.2654172949978284,0.563965067387267,1
2025-06-18 14:05:00,2,0.16524569547545406,0.24848001167252745,0.5862742928520185,2
2025-06-18 14:10:00,2,0.1682708779310313,0.2295100894681432,0.6022190326008255,2
2025-06-18 14:15:00,2,0.14721119180074768,0.24576788532500157,0.6070209228742507,2
2025-06-18 14:20:00,2,0.01740242025912152,0.2732676909407625,0.7093298888001159,2
2025-06-18 14:25:00,2,0.19647585529581826,0.2569871850773634,0.5465369596268184,1
2025-06-18 14:30:00,2,0.2019715306698074,0.2814905512721533,0.5165379180580393,1
2025-06-18 14:35:00,2,0.19630201296216523,0.2476912176927589,0.5560067693450759,2
2025-06-18 14:40:00,2,0.19159560452548832,0.23861249490179337,0.5697919005727183,2
2025-06-18 14:45:00,2,0.21545958744707364,0.3060934688453037,0.47844694370762264,1
2025-06-18 14:50:00,2,0.21822977271757193,0.26762770359729043,0.5141425236851377,2
2025-06-18 14:55:00,2,0.03828907201384654,0.007073561938248459,0.9546373660479051,2
2025-06-18 15:00:00,2,0.2700239312612357,0.2466186066338395,0.4833574621049248,2
2025-06-18 15:05:00,2,0.22155206147014375,0.2360792490902685,0.5423686894395877,2
2025-06-18 15:10:00,2,0.2203002765007272,0.235165085394892,0.5445346381043807,2
2025-06-18 15:15:00,2,0.23116374278902627,0.23257636777719312,0.5362598894337807,2
2025-06-18 15:20:00,2,0.23867883828729408,0.241265697204168,0.520055464508538,2
2025-06-18 15:25:00,2,0.20545978378432694,0.25054136553649237,0.5439988506791807,2
2025-06-19 09:15:00,2,0.005627324067490535,0.03555294836862657,0.9588197275638829,2
2025-06-19 09:20:00,2,0.2939772737154562,0.22129126103333802,0.4847314652512059,2
2025-06-19 09:25:00,2,0.22107785071577135,0.20947678130929417,0.5694453679749345,2
2025-06-19 09:30:00,2,0.21730399743958795,0.22993069100198596,0.552765311558426,2
2025-06-19 09:35:00,2,0.19919918109536147,0.19603784674110641,0.6047629721635321,2
2025-06-19 09:40:00,2,0.17383349989618693,0.16138259282790085,0.6647839072759123,2
2025-06-19 09:45:00,2,0.2221035562892858,0.22269085893973267,0.5552055847709816,2
2025-06-19 09:50:00,2,0.21343930525027094,0.2557781750093798,0.5307825197403492,2
2025-06-19 09:55:00,2,0.24480313700947537,0.21458066155184943,0.5406162014386752,2
2025-06-19 10:00:00,2,0.20360313290253504,0.27191495385564834,0.5244819132418166,1
2025-06-19 10:05:00,2,0.18767542584492058,0.22949704468326565,0.5828275294718138,2
2025-06-19 10:10:00,2,0.12870486291922834,0.14979354039877732,0.7215015966819944,2
2025-06-19 10:15:00,2,0.13431150259299812,0.16788380752730156,0.6978046898797003,2
2025-06-19 10:20:00,2,0.13362672872203776,0.14180057450263678,0.7245726967753255,2
2025-06-19 10:25:00,2,0.11726356434293134,0.13726629271841842,0.7454701429386502,2
2025-06-19 10:30:00,2,0.21659950085725735,0.1924502632756118,0.5909502358671309,2
2025-06-19 10:35:00,2,0.2760081266492686,0.2845784564437294,0.4394134169070021,2
2025-06-19 10:40:00,2,0.2787624418930298,0.2779269103256493,0.4433106477813209,2
2025-06-19 10:45:00,2,0.25815153608419183,0.28371300191703624,0.458135461998772,2
2025-06-19 10:50:00,2,0.2614147060372917,0.255418392813689,0.4831669011490194,2
2025-06-19 10:55:00,2,0.2948044243382404,0.24856872379102782,0.4566268518707317,2
2025-06-19 11:00:00,2,0.26271446227894585,0.24673826753323627,0.4905472701878178,2
2025-06-19 11:05:00,2,0.2551805219704143,0.24048678271652907,0.5043326953130567,2
2025-06-19 11:10:00,2,0.23730675679464003,0.2604438330725028,0.5022494101328572,2
2025-06-19 11:15:00,2,0.13709930442100346,0.289248673253211,0.5736520223257855,1
2025-06-19 11:20:00,2,0.26553295490212103,0.20992172706147796,0.524545318036401,2
2025-06-19 11:25:00,2,0.270342844468562,0.21709727082325622,0.5125598847081817,2
2025-06-19 11:30:00,2,0.23603862105071316,0.23228180164244397,0.5316795773068429,2
2025-06-19 11:35:00,2,0.2631330422260091,0.22340899510613507,0.5134579626678558,2
2025-06-19 11:40:00,2,0.24961218218238376,0.24067623084115283,0.5097115869764633,2
2025-06-19 11:45:00,2,0.2304534776730167,0.21519641659513808,0.5543501057318452,2
2025-06-19 11:50:00,2,0.22290654764731122,0.2254633128663099,0.5516301394863788,2
2025-06-19 11:55:00,2,0.13703973011981777,0.2590356280600188,0.6039246418201635,1
2025-06-19 12:00:00,2,0.23515420618910318,0.22010049854870062,0.5447452952621962,2
2025-06-19 12:05:00,2,0.24625227119205997,0.21347287022397143,0.5402748585839685,2
2025-06-19 12:10:00,2,0.25517138057962363,0.20009976382825806,0.5447288555921183,2
2025-06-19 12:15:00,2,0.26208435090491966,0.17027290313735288,0.5676427459577275,2
2025-06-19 12:20:00,2,0.24717815785385597,0.17470313265446993,0.5781187094916741,2
2025-06-19 12:25:00,2,0.25314286845303063,0.18656869458330266,0.5602884369636666,2
2025-06-19 12:30:00,2,0.1411857031092894,0.1914450668832948,0.6673692300074158,2
2025-06-19 12:35:00,2,0.23846492715886464,0.206702140759749,0.5548329320813864,2
2025-06-19 12:40:00,2,0.1815093006597589,0.19497490468024276,0.6235157946599984,2
2025-06-19 12:45:00,2,0.006000633511883332,0.043288693683387544,0.9507106728047291,2
2025-06-19 12:50:00,2,0.2048508317815997,0.21158411054234993,0.5835650576760504,2
2025-06-19 12:55:00,2,0.20222990861733006,0.22864320252684217,0.5691268888558277,2
2025-06-19 13:00:00,2,0.21909445307859998,0.22123390935915974,0.5596716375622403,2
2025-06-19 13:05:00,2,0.2370430742399478,0.19584752431009855,0.5671094014499536,2
2025-06-19 13:10:00,2,0.22375862174663483,0.2299588671028421,0.5462825111505231,2
2025-06-19 13:15:00,2,0.23797673237907216,0.23161866138623344,0.5304046062346944,2
2025-06-19 13:20:00,2,0.2330510541301845,0.22465713419191358,0.5422918116779019,2
2025-06-19 13:25:00,2,0.24225062085397361,0.23883624670855685,0.5189131324374695,2
2025-06-19 13:30:00,2,0.23805945736555675,0.2415059625723313,0.5204345800621119,2
2025-06-19 13:35:00,2,0.17021356765465404,0.19236629603872044,0.6374201363066255,2
2025-06-19 13:40:00,2,0.1703095350978921,0.2037027705606531,0.6259876943414547,2
2025-06-19 13:45:00,0,0.1868143698864012,0.1869599670895809,0.6262256630240178,2
2025-06-19 13:50:00,0,0.17513208248839926,0.17915499305089438,0.6457129244607064,2
2025-06-19 13:55:00,2,0.14610429196866517,0.15560704694726937,0.6982886610840655,2
2025-06-19 14:00:00,2,0.053863372456343386,0.09302816308985501,0.8531084644538016,2
2025-06-19 14:05:00,2,0.054167211527023564,0.07213540019284095,0.8736973882801354,2
2025-06-19 14:10:00,2,0.03684485716801395,0.061538867522991765,0.9016162753089944,2
2025-06-19 14:15:00,2,0.029377140085263882,0.09423368330435596,0.8763891766103802,2
2025-06-19 14:20:00,2,0.18843333562658754,0.19204889014093102,0.6195177742324814,2
2025-06-19 14:25:00,2,0.1898788642067388,0.2614905684069308,0.5486305673863304,1
2025-06-19 14:30:00,2,0.18033931419050808,0.22259501603678963,0.5970656697727023,2
2025-06-19 14:35:00,2,0.1619352337923957,0.2547645415395592,0.5833002246680451,1
2025-06-19 14:40:00,2,0.2343504837227898,0.24526898946819678,0.5203805268090135,2
2025-06-19 14:45:00,2,0.20500649835924906,0.21182507061559552,0.5831684310251555,2
2025-06-19 14:50:00,2,0.18007573312368946,0.24777625924076677,0.5721480076355439,2
2025-06-19 14:55:00,2,0.1934637494452086,0.20638229063193952,0.6001539599228518,2
2025-06-19 15:00:00,2,0.20544618517436758,0.22639107867784333,0.568162736147789,2
2025-06-19 15:05:00,2,0.1936155489594277,0.2293624239352382,0.5770220271053341,2
2025-06-19 15:10:00,2,0.019748261105459113,0.013455853838159003,0.9667958850563819,2
2025-06-19 15:15:00,2,0.06764055106714127,0.00888128719888609,0.9234781617339727,2
2025-06-19 15:20:00,2,0.06998070158316473,0.00808800136390893,0.9219312970529264,2
2025-06-19 15:25:00,2,0.12406796781223438,0.049760751080836864,0.8261712811069287,2
2025-06-20 09:15:00,2,0.24019965009790026,0.2602682974718264,0.4995320524302734,2
2025-06-20 09:20:00,2,0.22002387246456973,0.30992671500205193,0.47004941253337845,1
2025-06-20 09:25:00,0,0.19593189061508462,0.3359081076666852,0.4681600017182302,1
2025-06-20 09:30:00,0,0.20391727683064795,0.34401453983706964,0.45206818333228227,1
2025-06-20 09:35:00,2,0.1692086842664074,0.29296347538157425,0.5378278403520184,1
2025-06-20 09:40:00,2,0.18058859618388068,0.17168092044334055,0.6477304833727787,2
2025-06-20 09:45:00,2,0.03596856136475582,0.059611359626288475,0.9044200790089557,2
2025-06-20 09:50:00,2,0.20544066218438886,0.19824824570015084,0.5963110921154603,2
2025-06-20 09:55:00,0,0.1901783653459526,0.2056759794402914,0.6041456552137561,2
2025-06-20 10:00:00,0,0.15411784849309926,0.17888491637999185,0.6669972351269089,2
2025-06-20 10:05:00,0,0.10963321100466715,0.1317818345724932,0.7585849544228397,2
2025-06-20 10:10:00,2,0.01860896834360313,0.034279031046765863,0.947112000609631,2
2025-06-20 10:15:00,2,0.027884020462496002,0.0394081076584544,0.9327078718790495,2
2025-06-20 10:20:00,2,0.022114650790896938,0.040749374948787914,0.937135974260315,2
2025-06-20 10:25:00,2,0.009561593936699779,0.0009221176410573997,0.9895162884222428,2
2025-06-20 10:30:00,2,0.012340283192621199,0.000874882156530851,0.9867848346508479,2
2025-06-20 10:35:00,2,0.07687401283860053,0.0054343985109683015,0.9176915886504312,2
2025-06-20 10:40:00,2,0.10043964249973573,0.006688189743053588,0.8928721677572107,2
2025-06-20 10:45:00,2,0.10379678520930835,0.008046787843494458,0.8881564269471971,2
2025-06-20 10:50:00,2,0.061385888797104146,0.00331822019459808,0.9352958910082977,2
2025-06-20 10:55:00,2,0.38193432526554105,0.20127302380339326,0.41679265093106566,0
2025-06-20 11:00:00,2,0.36340369223000335,0.20425214545635514,0.4323441623136416,0
2025-06-20 11:05:00,2,0.3545559649780316,0.16631526770626495,0.47912876731570336,0
2025-06-20 11:10:00,2,0.4185882833068207,0.16266560463533747,0.41874611205784174,0
2025-06-20 11:15:00,2,0.371250258941969,0.19586969984118957,0.4328800412168414,0
2025-06-20 11:20:00,0,0.3764544912139623,0.1874565833667504,0.4360889254192873,0
2025-06-20 11:25:00,2,0.33583045963300795,0.16903442975292599,0.495135110614066,0
2025-06-20 11:30:00,2,0.3562661113076258,0.15403290850386436,0.4897009801885099,0
2025-06-20 11:35:00,2,0.46434468713023447,0.009117628236305906,0.5265376846334596,0
2025-06-20 11:40:00,2,0.3319621369769587,0.17937174312548054,0.4886661198975608,0
2025-06-20 11:45:00,2,0.3644341931829703,0.12059800399904826,0.5149678028179815,0
2025-06-20 11:50:00,2,0.38463959351752686,0.10141830475246093,0.5139421017300122,0
2025-06-20 11:55:00,2,0.3856559022354018,0.12785416265975605,0.48648993510484223,0
2025-06-20 12:00:00,2,0.35861570941443743,0.113884388446385,0.5274999021391775,0
2025-06-20 12:05:00,1,0.3837577368858504,0.13001797592321013,0.4862242871909395,0
2025-06-20 12:10:00,1,0.4081086458968574,0.09871358257627968,0.49317777152686276,0
2025-06-20 12:15:00,1,0.3368452757479008,0.19364564948508015,0.46950907476701914,0
2025-06-20 12:20:00,2,0.3851933251466716,0.1983894165707405,0.4164172582825879,0
2025-06-20 12:25:00,2,0.3723217126135379,0.2380476032864185,0.38963068410004353,0
2025-06-20 12:30:00,2,0.04163945481278005,0.3555522278642225,0.6028083173229973,1
2025-06-20 12:35:00,0,0.33839207244556485,0.23918696359223202,0.42242096396220313,0
2025-06-20 12:40:00,2,0.27016551482621787,0.24790348524334696,0.48193099993043526,2
2025-06-20 12:45:00,2,0.3021501831741826,0.208564443521909,0.48928537330390837,2
2025-06-20 12:50:00,2,0.3363897129704051,0.1768262226898109,0.48678406433978394,0
2025-06-20 12:55:00,2,0.33766200956363934,0.1902943998287718,0.4720435906075888,0
2025-06-20 13:00:00,0,0.3503386526328733,0.1647298828005206,0.4849314645666062,0
2025-06-20 13:05:00,2,0.3276529914287567,0.1721122330064536,0.5002347755647897,0
2025-06-20 13:10:00,0,0.3167807305836118,0.1702026573932162,0.5130166120231721,2
2025-06-20 13:15:00,2,0.05796361321676758,0.002117113743778501,0.9399192730394539,2
2025-06-20 13:20:00,2,0.3087661648606182,0.1785013157679995,0.5127325193713823,2
2025-06-20 13:25:00,2,0.2959286184865097,0.09901989844922955,0.6050514830642607,2
2025-06-20 13:30:00,2,0.31536440268210814,0.11504142854956012,0.5695941687683318,2
2025-06-20 13:35:00,2,0.2154245787198018,0.13083039826727402,0.6537450230129241,2
2025-06-20 13:40:00,2,0.22461814790387769,0.1461673548509208,0.6292144972452015,2
2025-06-20 13:45:00,2,0.22157726365255948,0.15090062696946843,0.627522109377972,2
2025-06-20 13:50:00,2,0.22658007080291973,0.11691169476261756,0.6565082344344627,2
2025-06-20 13:55:00,2,0.23895190714547662,0.15375481723057555,0.6072932756239479,2
2025-06-20 14:00:00,2,0.23860459963395284,0.1649534950882913,0.5964419052777559,2
2025-06-20 14:05:00,2,0.2222042018915785,0.13388474654156177,0.6439110515668597,2
2025-06-20 14:10:00,2,0.22356971708945253,0.13142195089903386,0.6450083320115136,2
2025-06-20 14:15:00,2,0.23263873279200545,0.1560429535398426,0.6113183136681519,2
2025-06-20 14:20:00,2,0.25382305599691085,0.10436184345938081,0.6418151005437084,2
2025-06-20 14:25:00,2,0.28911015540899576,0.1503001908398596,0.5605896537511446,2
2025-06-20 14:30:00,2,0.2490501539528963,0.1470332134505151,0.6039166325965886,2
2025-06-20 14:35:00,2,0.27345476918845196,0.13588263537534495,0.5906625954362031,2
2025-06-20 14:40:00,2,0.29361565504480885,0.14641361108322642,0.5599707338719647,2
2025-06-20 14:45:00,0,0.27826534258503177,0.13205945857807774,0.5896751988368905,2
2025-06-20 14:50:00,0,0.3080681847834227,0.14364087289613356,0.5482909423204438,2
2025-06-20 14:55:00,0,0.2802901572787397,0.1389280731554567,0.5807817695658036,2
2025-06-20 15:00:00,2,0.29881021316419504,0.004227318010077011,0.696962468825728,2
2025-06-20 15:05:00,2,0.25323213419150326,0.004116196295751209,0.7426516695127455,2
2025-06-20 15:10:00,2,0.45803488373674467,0.003030913133385637,0.5389342031298697,0
2025-06-20 15:15:00,2,0.40542848954999167,0.002537571736676668,0.5920339387133317,0
2025-06-20 15:20:00,2,0.396369256845631,0.002782513158016127,0.6008482299963528,0
2025-06-20 15:25:00,2,0.029331310012240902,0.016412174464337757,0.9542565155234213,2
2025-06-23 09:15:00,1,0.023002327160402396,0.3664216409259573,0.6105760319136402,1
2025-06-23 09:20:00,1,0.015151671080174883,0.3185261416873686,0.6663221872324566,2
2025-06-23 09:25:00,1,0.013587054001002049,0.33447922588238244,0.6519337201166155,2
2025-06-23 09:30:00,2,0.021863954098379854,0.3827119314937263,0.5954241144078939,1
2025-06-23 09:35:00,2,0.018989596545209417,0.3530631383865508,0.6279472650682397,1
2025-06-23 09:40:00,2,0.01782902811960854,0.3680732073434232,0.6140977645369683,1
2025-06-23 09:45:00,2,0.014296608740019864,0.4208380107491048,0.5648653805108752,1
2025-06-23 09:50:00,2,0.013005041131043124,0.4025952052169521,0.5843997536520048,1
2025-06-23 09:55:00,2,0.013607946599684636,0.44919250639753544,0.5371995470027799,1
2025-06-23 10:00:00,2,0.014710135547362878,0.38975940048188346,0.5955304639707537,1
2025-06-23 10:05:00,2,0.12587937985491,0.3033636419111087,0.5707569782339812,1
2025-06-23 10:10:00,2,0.10872407273207729,0.20550304006285236,0.6857728872050703,2
2025-06-23 10:15:00,2,0.09116467737985505,0.17204933028000405,0.7367859923401409,2
2025-06-23 10:20:00,2,0.1484337103853067,0.17484145861744652,0.6767248309972468,2
2025-06-23 10:25:00,2,0.11892909569613545,0.14738875076340618,0.7336821535404584,2
2025-06-23 10:30:00,2,0.08118223199066973,0.12328827293924889,0.7955294950700813,2
2025-06-23 10:35:00,2,0.2435619802444766,0.26160189913938264,0.49483612061614074,2
2025-06-23 10:40:00,2,0.2218751743033944,0.29739113421418023,0.4807336914824253,1
2025-06-23 10:45:00,2,0.210340366735869,0.2702390724742908,0.5194205607898401,1
2025-06-23 10:50:00,2,0.2945315107421739,0.27876703277569576,0.42670145648213037,2
2025-06-23 10:55:00,2,0.2903434649271084,0.24277453652953135,0.46688199854336027,2
2025-06-23 11:00:00,2,0.28804303871648046,0.2565508120700785,0.45540614921344114,2
2025-06-23 11:05:00,0,0.29696248853924184,0.24737166957044454,0.4556658418903136,2
2025-06-23 11:10:00,2,0.2911599925231025,0.23199619172275368,0.47684381575414386,2
2025-06-23 11:15:00,0,0.3055605011114935,0.23703627262042337,0.4574032262680831,2
2025-06-23 11:20:00,2,0.2695476323288897,0.23754696208360898,0.49290540558750123,2
2025-06-23 11:25:00,2,0.231950804148944,0.22040645546286794,0.547642740388188,2
2025-06-23 11:30:00,2,0.038561081680859643,0.008104603070590837,0.9533343152485495,2
2025-06-23 11:35:00,2,0.05329235552972003,0.008024655753964478,0.9386829887163156,2
2025-06-23 11:40:00,2,0.038495426498583715,0.00817087718965643,0.9533336963117598,2
2025-06-23 11:45:00,2,0.2712647895651126,0.2368232371625562,0.4919119732723313,2
2025-06-23 11:50:00,2,0.28256323955855345,0.29213664607400325,0.42530011436744336,2
2025-06-23 11:55:00,2,0.24300031851568357,0.259334045600961,0.4976656358833555,2
2025-06-23 12:00:00,2,0.22856330494340976,0.25832500217212157,0.5131116928844687,2
2025-06-23 12:05:00,2,0.2594567489516152,0.20421887427929686,0.536324376769088,2
2025-06-23 12:10:00,2,0.002991254978494649,0.0020551950569059076,0.9949535499645994,2
2025-06-23 12:15:00,2,0.0030508149602972673,0.0022332094023629224,0.9947159756373398,2
2025-06-23 12:20:00,2,0.003068637555477874,0.0023581169304160337,0.9945732455141061,2
2025-06-23 12:25:00,2,0.002907353674764193,0.0021039879253157883,0.9949886583999201,2
2025-06-23 12:30:00,2,0.003043778328843914,0.001999647235137791,0.9949565744360183,2
2025-06-23 12:35:00,2,0.0027914434281393037,0.0019289594915648171,0.9952795970802959,2
2025-06-23 12:40:00,2,0.0028269873531025667,0.0031201663590349604,0.9940528462878625,2
2025-06-23 12:45:00,2,0.00292002997227331,0.002288261948780863,0.9947917080789458,2
2025-06-23 12:50:00,2,0.0030840033020745707,0.002266067304897689,0.9946499293930278,2
2025-06-23 12:55:00,2,0.0021023587439941743,0.002192642628383655,0.9957049986276223,2
2025-06-23 13:00:00,2,0.0019540512198438645,0.0023084627545961237,0.9957374860255601,2
2025-06-23 13:05:00,2,0.0031451926250144102,0.002268515016989447,0.9945862923579961,2
2025-06-23 13:10:00,2,0.0029215086129109123,0.0031701851875968402,0.9939083061994923,2
2025-06-23 13:15:00,2,0.002736917139429114,0.023079109004355742,0.9741839738562152,2
2025-06-23 13:20:00,2,0.0045737131265487455,0.035896999559234304,0.9595292873142169,2
2025-06-23 13:25:00,2,0.004270706686692544,0.042138137747833156,0.9535911555654742,2
2025-06-23 13:30:00,2,0.005984222287860977,0.059523137013103355,0.9344926406990356,2
2025-06-23 13:35:00,2,0.0034249056452836605,0.04476315468549548,0.9518119396692208,2
2025-06-23 13:40:00,2,0.08443196501754528,0.10867690668067911,0.8068911283017756,2
2025-06-23 13:45:00,2,0.0823099050566451,0.11911314310865283,0.7985769518347021,2
2025-06-23 13:50:00,2,0.07941641230995558,0.11685512361875647,0.803728464071288,2
2025-06-23 13:55:00,2,0.04368294144089992,0.006968114933359821,0.9493489436257402,2
2025-06-23 14:00:00,2,0.017694806235833558,0.0021935668592290634,0.9801116269049374,2
2025-06-23 14:05:00,1,0.2830988669540557,0.16403954521693842,0.552861587829006,2
2025-06-23 14:10:00,2,0.21882140424570073,0.1998863386538482,0.5812922571004511,2
2025-06-23 14:15:00,2,0.21596634976091333,0.1736436407799116,0.610390009459175,2
2025-06-23 14:20:00,2,0.1966540985661026,0.19097206955636273,0.6123738318775347,2
2025-06-23 14:25:00,2,0.1917607329660118,0.20587211651203094,0.6023671505219573,2
2025-06-23 14:30:00,2,0.18527426140535694,0.23413278646958852,0.5805929521250546,2
2025-06-23 14:35:00,2,0.20160159616343037,0.23736678554518031,0.5610316182913894,2
2025-06-23 14:40:00,2,0.19862751779592067,0.21957868288719515,0.5817937993168841,2
2025-06-23 14:45:00,2,0.20418664844808895,0.24784326292738276,0.5479700886245282,2
2025-06-23 14:50:00,2,0.20022136614532535,0.23909380557432183,0.5606848282803528,2
2025-06-23 14:55:00,2,0.17126706251110793,0.22934062916381748,0.5993923083250746,2
2025-06-23 15:00:00,2,0.15887193470301644,0.22383244748458725,0.6172956178123964,2
2025-06-23 15:05:00,2,0.16867088370889416,0.19809710305648923,0.6332320132346166,2
2025-06-23 15:10:00,2,0.17478966918706923,0.18635734907896792,0.6388529817339629,2
2025-06-23 15:15:00,2,0.154247085044351,0.1958663353571671,0.649886579598482,2
2025-06-23 15:20:00,2,0.0057012352946230705,0.03437644633968377,0.9599223183656932,2
2025-06-23 15:25:00,2,0.005201590529881542,0.033742552908751534,0.9610558565613668,2
2025-06-24 09:15:00,2,0.014965846779235506,0.0041568643070592805,0.9808772889137052,2
2025-06-24 09:20:00,2,0.016946307160389043,0.004072917593387057,0.9789807752462238,2
2025-06-24 09:25:00,2,0.023965631564887985,0.005970872709888216,0.9700634957252238,2
2025-06-24 09:30:00,2,0.01726810506850168,0.004670837672321237,0.9780610572591771,2
2025-06-24 09:35:00,2,0.16690858143585272,0.30025918756394326,0.532832231000204,1
2025-06-24 09:40:00,2,0.15962102149984378,0.2302002437375515,0.6101787347626048,2
2025-06-24 09:45:00,0,0.2024465601698726,0.2958139387494174,0.5017395010807101,1
2025-06-24 09:50:00,2,0.1707505652673602,0.2538010294573121,0.5754484052753277,1
2025-06-24 09:55:00,2,0.16290664902893215,0.20832805843249905,0.6287652925385688,2
2025-06-24 10:00:00,2,0.12807213025660594,0.1672109499892228,0.7047169197541712,2
2025-06-24 10:05:00,2,0.12091505125550324,0.13466543665155506,0.7444195120929418,2
2025-06-24 10:10:00,2,0.2181754519870759,0.00540364707857559,0.7764209009343486,2
2025-06-24 10:15:00,2,0.18841886251563328,0.004981450306675223,0.8065996871776916,2
2025-06-24 10:20:00,2,0.15906696177881433,0.16101869250806966,0.6799143457131159,2
2025-06-24 10:25:00,2,0.18658482597967954,0.11019444010749763,0.7032207339128228,2
2025-06-24 10:30:00,2,0.14824866491562513,0.20374165506082473,0.6480096800235501,2
2025-06-24 10:35:00,2,0.2396425077200786,0.23315964555032556,0.5271978467295958,2
2025-06-24 10:40:00,2,0.24665504568119184,0.25667672699613425,0.49666822732267396,2
2025-06-24 10:45:00,0,0.24567179300085856,0.30368148881649026,0.4506467181826511,1
2025-06-24 10:50:00,0,0.2535321254908425,0.26153928724529035,0.4849285872638672,2
2025-06-24 10:55:00,0,0.20402022719031462,0.21939177834132723,0.5765879944683581,2
2025-06-24 11:00:00,2,0.2449840550055215,0.17767272093779968,0.5773432240566789,2
2025-06-24 11:05:00,2,0.3176504117480174,0.007766007602689334,0.6745835806492932,2
2025-06-24 11:10:00,0,0.31060681706753523,0.12672257878789878,0.5626706041445659,2
2025-06-24 11:15:00,2,0.30632396188335637,0.18010900322452245,0.5135670348921212,2
2025-06-24 11:20:00,2,0.3476770330747693,0.009450660386411885,0.6428723065388189,0
2025-06-24 11:25:00,2,0.35587577364622197,0.006507260555334873,0.6376169657984432,0
2025-06-24 11:30:00,2,0.3624198945873879,0.008010516810564836,0.6295695886020474,0
2025-06-24 11:35:00,2,0.34781136965454096,0.17405735708284045,0.47813127326261856,0
2025-06-24 11:40:00,2,0.34826508736591705,0.12576295096861836,0.5259719616654646,0
2025-06-24 11:45:00,2,0.3307670884907868,0.14311403751495202,0.5261188739942612,0
2025-06-24 11:50:00,0,0.368836601111496,0.12442736156264242,0.5067360373258616,0
2025-06-24 11:55:00,0,0.39281095018816375,0.00811044030474779,0.5990786095070886,0
2025-06-24 12:00:00,2,0.36028421541950845,0.0075432473552325355,0.6321725372252589,0
2025-06-24 12:05:00,2,0.38339877162825065,0.007205016906072098,0.6093962114656771,0
2025-06-24 12:10:00,2,0.3402173715432876,0.006583901485176873,0.6531987269715356,2
2025-06-24 12:15:00,2,0.3065436407326769,0.1622748949007715,0.5311814643665516,2
2025-06-24 12:20:00,1,0.2983634766470355,0.1253546932083363,0.5762818301446282,2
2025-06-24 12:25:00,1,0.2881937009365583,0.17651260737627733,0.5352936916871645,2
2025-06-24 12:30:00,1,0.31042955434326946,0.1654808905455607,0.5240895551111698,2
2025-06-24 12:35:00,2,0.35600739542416915,0.2675634401714572,0.3764291644043736,0
2025-06-24 12:40:00,2,0.03611395939087831,0.48784043165173097,0.4760456089573908,1
2025-06-24 12:45:00,2,0.39722239706625706,0.3650358053959386,0.2377417975378044,2
2025-06-24 12:50:00,1,0.31368194653886705,0.33428350987475225,0.35203454358638064,2
2025-06-24 12:55:00,1,0.41320671613133286,0.2932404834378074,0.29355280043085974,0
2025-06-24 13:00:00,1,0.4212065145120046,0.33838705864112917,0.24040642684686628,0
2025-06-24 13:05:00,1,0.3705848268788726,0.33502520931110874,0.29438996381001853,2
2025-06-24 13:10:00,1,0.4312505586025622,0.32525519656041557,0.24349424483702226,0
2025-06-24 13:15:00,1,0.40827842976707984,0.3396551052999732,0.252066464932947,0
2025-06-24 13:20:00,2,0.008359934068492787,0.046056350200669935,0.9455837157308372,2
2025-06-24 13:25:00,2,0.00905994278835017,0.07768843359834456,0.9132516236133054,2
2025-06-24 13:30:00,2,0.007273228612728939,0.051654870279529905,0.9410719011077411,2
2025-06-24 13:35:00,2,0.0038251514817755987,0.03097591505016513,0.9651989334680593,2
2025-06-24 13:40:00,2,0.012349749912494932,0.37507161456597077,0.6125786355215344,1
2025-06-24 13:45:00,2,0.00991505068863663,0.4035103740921555,0.586574575219208,1
2025-06-24 13:50:00,1,0.24085810050451129,0.4331440916730339,0.3259978078224548,1
2025-06-24 13:55:00,1,0.18622005656762172,0.4187098856658271,0.39507005776655124,1
2025-06-24 14:00:00,2,0.019715262410865377,0.48206030951652734,0.49822442807260736,1
2025-06-24 14:05:00,2,0.16868745810569627,0.42961934080617264,0.4016932010881311,1
2025-06-24 14:10:00,2,0.19686534142680565,0.4032221363380996,0.3999125222350947,1
2025-06-24 14:15:00,2,0.18487969665041556,0.39538055835507613,0.4197397449945083,1
2025-06-24 14:20:00,0,0.23409953991847557,0.39615282872022206,0.36974763136130234,1
2025-06-24 14:25:00,2,0.20809239073933547,0.3614291215982605,0.43047848766240404,1
2025-06-24 14:30:00,2,0.21384652155915848,0.3674063794467523,0.41874709899408924,1
2025-06-24 14:35:00,2,0.19758147073464494,0.30826871197023353,0.4941498172951216,1
2025-06-24 14:40:00,2,0.24544238177815875,0.28015227552642813,0.47440534269541307,2
2025-06-24 14:45:00,2,0.2660394419870612,0.3346048672603527,0.3993556907525862,1
2025-06-24 14:50:00,2,0.2269389000335353,0.29246939185399196,0.48059170811247265,1
2025-06-24 14:55:00,2,0.22330359834959468,0.35662968909564896,0.42006671255475636,1
2025-06-24 15:00:00,2,0.24646688956373247,0.322476374229246,0.4310567362070215,1
2025-06-24 15:05:00,2,0.2147277111284293,0.32381984102881206,0.4614524478427586,1
2025-06-24 15:10:00,2,0.17051272196006373,0.2785381360966222,0.550949141943314,1
2025-06-24 15:15:00,2,0.16828053062935625,0.2883089398793046,0.5434105294913392,1
2025-06-24 15:20:00,2,0.17713206168362722,0.310383123557314,0.5124848147590588,1
2025-06-24 15:25:00,2,0.178745912380785,0.2888628945969726,0.5323911930222424,1
2025-06-25 09:15:00,2,0.1927811451778076,0.012812169110007628,0.7944066857121848,2
2025-06-25 09:20:00,2,0.2011441978790536,0.018046360661665956,0.7808094414592804,2
2025-06-25 09:25:00,2,0.19479317975466182,0.01567719090808658,0.7895296293372515,2
2025-06-25 09:30:00,2,0.17428138635426937,0.011127231932357701,0.8145913817133729,2
2025-06-25 09:35:00,2,0.18572462592991018,0.01757495752077005,0.7967004165493198,2
2025-06-25 09:40:00,2,0.1444476489334646,0.010591517567099482,0.8449608334994358,2
2025-06-25 09:45:00,2,0.1580504991692787,0.013506168731620506,0.8284433320991007,2
2025-06-25 09:50:00,2,0.19035567281670554,0.01469735523957531,0.7949469719437191,2
2025-06-25 09:55:00,2,0.01604357728643959,0.0027580332121623706,0.9811983895013979,2
2025-06-25 10:00:00,2,0.03654398574903288,0.005189982766227493,0.9582660314847395,2
2025-06-25 10:05:00,2,0.030938461090358128,0.004525513387973272,0.9645360255216686,2
2025-06-25 10:10:00,2,0.1359982328263399,0.16257315985486562,0.7014286073187945,2
2025-06-25 10:15:00,2,0.1358906095683004,0.11814183465218538,0.7459675557795142,2
2025-06-25 10:20:00,2,0.0853695104138043,0.0853633333007408,0.8292671562854548,2
2025-06-25 10:25:00,2,0.06358654968015899,0.07124902008189869,0.8651644302379422,2
2025-06-25 10:30:00,2,0.10511431262985392,0.09073176414495308,0.804153923225193,2
2025-06-25 10:35:00,2,0.04595078643242445,0.007155611501998446,0.946893602065577,2
2025-06-25 10:40:00,2,0.25167038535160086,0.175303976845357,0.5730256378030422,2
2025-06-25 10:45:00,2,0.24396579732133222,0.16989425827443744,0.5861399444042303,2
2025-06-25 10:50:00,2,0.1982139823392282,0.15057217615211022,0.6512138415086616,2
2025-06-25 10:55:00,2,0.25025090607747524,0.18196683296186283,0.5677822609606619,2
2025-06-25 11:00:00,2,0.2502045390597563,0.14801030616482388,0.6017851547754199,2
2025-06-25 11:05:00,2,0.24153694221602626,0.13970263221647236,0.6187604255675014,2
2025-06-25 11:10:00,2,0.24217675387410434,0.15550886183842988,0.6023143842874658,2
2025-06-25 11:15:00,2,0.2369106457354655,0.14308181062355546,0.6200075436409791,2
2025-06-25 11:20:00,2,0.2148363718502984,0.15202504373363318,0.6331385844160684,2
2025-06-25 11:25:00,2,0.20996411599119352,0.1293682820134205,0.6606676019953859,2
2025-06-25 11:30:00,2,0.19907260809248103,0.12192213797700431,0.6790052539305146,2
2025-06-25 11:35:00,2,0.21757608376237808,0.12783659761838043,0.6545873186192415,2
2025-06-25 11:40:00,2,0.1298554253808864,0.14044727180292157,0.729697302816192,2
2025-06-25 11:45:00,2,0.1746815516976203,0.12596144857637373,0.699356999726006,2
2025-06-25 11:50:00,2,0.11192863054868098,0.11518664793930665,0.7728847215120124,2
2025-06-25 11:55:00,2,0.12431219654153472,0.10970936466629505,0.7659784387921702,2
2025-06-25 12:00:00,2,0.1913586170839035,0.12402036864769382,0.6846210142684026,2
2025-06-25 12:05:00,2,0.15376896316772662,0.12974501686218695,0.7164860199700865,2
2025-06-25 12:10:00,2,0.1632187067833859,0.1428278191149969,0.6939534741016172,2
2025-06-25 12:15:00,2,0.00804990441263563,0.03783817774371868,0.9541119178436456,2
2025-06-25 12:20:00,2,0.19973356110917273,0.1421886073073628,0.6580778315834646,2
2025-06-25 12:25:00,2,0.14886197292712255,0.11755952866693059,0.7335784984059468,2
2025-06-25 12:30:00,2,0.15690265489586283,0.12099995517077325,0.7220973899333639,2
2025-06-25 12:35:00,2,0.171304368503306,0.11495518513773142,0.7137404463589625,2
2025-06-25 12:40:00,2,0.1918946933817021,0.12734100627886188,0.680764300339436,2
2025-06-25 12:45:00,0,0.1772201998732972,0.2104635132497345,0.6123162868769683,2
2025-06-25 12:50:00,0,0.18988231233748723,0.12014606409662526,0.6899716235658876,2
2025-06-25 12:55:00,2,0.002534496627761601,0.0018111713734958819,0.9956543319987424,2
2025-06-25 13:00:00,2,0.002285889356270903,0.0020072313019044398,0.9957068793418248,2
2025-06-25 13:05:00,2,0.002499007291134777,0.00222947667383442,0.9952715160350308,2
2025-06-25 13:10:00,2,0.03004567281013868,0.03620361263868086,0.9337507145511804,2
2025-06-25 13:15:00,2,0.1382333630268087,0.12737973264745975,0.7343869043257316,2
2025-06-25 13:20:00,2,0.0329058541413432,0.04227440581946872,0.9248197400391881,2
2025-06-25 13:25:00,2,0.029525250633507406,0.03990087183541923,0.9305738775310733,2
2025-06-25 13:30:00,2,0.16850383329237348,0.13412107255062783,0.6973750941569987,2
2025-06-25 13:35:00,2,0.15744507937233557,0.12160931765260342,0.7209456029750609,2
2025-06-25 13:40:00,2,0.033376176682355964,0.03839222063539462,0.9282316026822494,2
2025-06-25 13:45:00,2,0.14236323808410917,0.11729609183171404,0.7403406700841769,2
2025-06-25 13:50:00,2,0.15461273075077292,0.11653627715420424,0.7288509920950228,2
2025-06-25 13:55:00,2,0.13600622329836978,0.12472338823317922,0.7392703884684511,2
2025-06-25 14:00:00,2,0.13027789706955112,0.13463240426871645,0.7350896986617323,2
2025-06-25 14:05:00,2,0.16361408298307542,0.12777609877915444,0.7086098182377703,2
2025-06-25 14:10:00,2,0.14251339267852173,0.09888067156138641,0.7586059357600918,2
2025-06-25 14:15:00,2,0.13226852081647372,0.09508567973017719,0.772645799453349,2
2025-06-25 14:20:00,2,0.1254316959337154,0.09198169232142185,0.7825866117448628,2
2025-06-25 14:25:00,2,0.10460955434167735,0.09010514183656511,0.8052853038217576,2
2025-06-25 14:30:00,2,0.17792321067965175,0.15500190783719553,0.6670748814831527,2
2025-06-25 14:35:00,2,0.14641209874595812,0.12964688283782397,0.7239410184162178,2
2025-06-25 14:40:00,2,0.1598980740994901,0.1223219442047903,0.7177799816957197,2
2025-06-25 14:45:00,2,0.18269980187177717,0.17789498050363806,0.6394052176245848,2
2025-06-25 14:50:00,2,0.17305602883535684,0.13182095481450698,0.6951230163501362,2
2025-06-25 14:55:00,2,0.0024282351057152746,0.002284244872251778,0.995287520022033,2
2025-06-25 15:00:00,2,0.0027538884487996536,0.0021631978582906924,0.9950829136929096,2
2025-06-25 15:05:00,2,0.002919174047137219,0.0022495036568645427,0.9948313222959981,2
2025-06-25 15:10:00,2,0.002958637107271459,0.002323883731223949,0.9947174791615044,2
2025-06-25 15:15:00,2,0.002776567463051849,0.002263052790430581,0.9949603797465175,2
2025-06-25 15:20:00,2,0.00247270097140551,0.0017839071623732292,0.9957433918662213,2
2025-06-25 15:25:00,2,0.0026473490723038645,0.0016690340874720563,0.995683616840224,2
2025-06-26 09:15:00,2,0.003645666838474583,0.055259610935889374,0.9410947222256362,2
2025-06-26 09:20:00,2,0.003217994670032771,0.038013940734134485,0.9587680645958329,2
2025-06-26 09:25:00,2,0.013626442427357655,0.03937859960578806,0.9469949579668544,2
2025-06-26 09:30:00,2,0.02007430631844069,0.044124969527416576,0.9358007241541427,2
2025-06-26 09:35:00,2,0.05171078391222394,0.07787980164644605,0.8704094144413299,2
2025-06-26 09:40:00,2,0.03345586136979438,0.005354080828932836,0.9611900578012728,2
2025-06-26 09:45:00,2,0.015895415661088198,0.0017788788898381405,0.9823257054490737,2
2025-06-26 09:50:00,2,0.009036083960007006,0.0012419698494500547,0.9897219461905429,2
2025-06-26 09:55:00,2,0.012907381970716069,0.0010703419654091698,0.9860222760638747,2
2025-06-26 10:00:00,2,0.025372769669105642,0.001113376000714406,0.9735138543301799,2
2025-06-26 10:05:00,2,0.19441188025329806,0.152045498697288,0.653542621049414,2
2025-06-26 10:10:00,2,0.22722328704137512,0.1558857459758839,0.616890966982741,2
2025-06-26 10:15:00,2,0.23468967653560205,0.16919891315956473,0.5961114103048333,2
2025-06-26 10:20:00,2,0.2199381051704654,0.1776147663035603,0.6024471285259743,2
2025-06-26 10:25:00,1,0.1921476253637177,0.16132127009086605,0.6465311045454163,2
2025-06-26 10:30:00,2,0.18144137442107378,0.18299985681148118,0.6355587687674451,2
2025-06-26 10:35:00,1,0.29504006824580137,0.2467271766053993,0.45823275514879924,2
2025-06-26 10:40:00,2,0.013931131183539832,0.06214348627444658,0.9239253825420136,2
2025-06-26 10:45:00,2,0.303533410312954,0.3145890759409312,0.3818775137461148,2
2025-06-26 10:50:00,2,0.2959846085049677,0.32165225801666975,0.3823631334783625,2
2025-06-26 10:55:00,2,0.2862598331023222,0.3167927650622947,0.3969474018353831,2
2025-06-26 11:00:00,2,0.2982053518807105,0.2997147039760904,0.40207994414319914,2
2025-06-26 11:05:00,2,0.29119527051774474,0.2952749537176229,0.4135297757646323,2
2025-06-26 11:10:00,2,0.2691483901938662,0.27913455467509285,0.4517170551310408,2
2025-06-26 11:15:00,0,0.2898175029713454,0.2912964417020234,0.41888605532663126,2
2025-06-26 11:20:00,2,0.26231911523925777,0.26017643127234696,0.47750445348839526,2
2025-06-26 11:25:00,2,0.3130784512566021,0.2647235606905869,0.4221979880528109,2
2025-06-26 11:30:00,2,0.3202156180349139,0.2441164953106722,0.4356678866544139,0
2025-06-26 11:35:00,2,0.336351299744819,0.262667613246528,0.40098108700865304,0
2025-06-26 11:40:00,0,0.38571543372347267,0.2899193897365314,0.32436517653999586,0
2025-06-26 11:45:00,0,0.353642751112445,0.2596582780802076,0.38669897080734733,0
2025-06-26 11:50:00,0,0.32548866024973533,0.25182714165666786,0.4226841980935968,0
2025-06-26 11:55:00,0,0.3373986334791241,0.24941525191772934,0.4131861146031465,0
2025-06-26 12:00:00,2,0.3170564895609611,0.21421393401545719,0.46872957642358176,2
2025-06-26 12:05:00,2,0.3712897071976205,0.22897433305097176,0.3997359597514078,0
2025-06-26 12:10:00,2,0.3035010715373736,0.1521970780201396,0.5443018504424868,2
2025-06-26 12:15:00,2,0.3279984424846538,0.16996112483134682,0.5020404326839994,0
2025-06-26 12:20:00,2,0.2645587062518001,0.1546381822209315,0.5808031115272684,2
2025-06-26 12:25:00,2,0.241444325427576,0.17607670572563555,0.5824789688467885,2
2025-06-26 12:30:00,2,0.31409199902534596,0.2188446021906861,0.4670633987839679,2
2025-06-26 12:35:00,1,0.26787964251381047,0.1834170149097265,0.548703342576463,2
2025-06-26 12:40:00,1,0.30510605162057125,0.20045860625516504,0.4944353421242637,2
2025-06-26 12:45:00,2,0.3087133457753103,0.2874054555315595,0.4038811986931303,2
2025-06-26 12:50:00,2,0.30412928089383867,0.2782014581135883,0.41766926099257295,2
2025-06-26 12:55:00,2,0.274437101274579,0.26584655522202505,0.459716343503396,2
2025-06-26 13:00:00,0,0.2696883937501913,0.25289115579243077,0.47742045045737785,2
2025-06-26 13:05:00,0,0.27154630483290076,0.2676245049378059,0.46082919022929325,2
2025-06-26 13:10:00,2,0.32123017634810863,0.23603968742696355,0.44273013622492785,0
2025-06-26 13:15:00,2,0.3230944401719865,0.16403534401926476,0.5128702158087488,0
2025-06-26 13:20:00,2,0.37432106324316505,0.2577351617465384,0.3679437750102966,0
2025-06-26 13:25:00,0,0.30680672376284,0.27894675580860007,0.41424652042855986,2
2025-06-26 13:30:00,0,0.2799122517964461,0.26845834876613306,0.45162939943742086,2
2025-06-26 13:35:00,0,0.20017228374564924,0.13451669568369232,0.6653110205706585,2
2025-06-26 13:40:00,0,0.18728920815420413,0.102123013781625,0.7105877780641708,2
2025-06-26 13:45:00,2,0.023748291309569857,0.001808155000817405,0.9744435536896127,2
2025-06-26 13:50:00,2,0.01736113071263239,0.0012391004721392068,0.9813997688152284,2
2025-06-26 13:55:00,2,0.013889018893029193,0.0010482436155320734,0.9850627374914388,2
2025-06-26 14:00:00,2,0.01502237304859213,0.000889265706397197,0.9840883612450108,2
2025-06-26 14:05:00,0,0.27434684283884975,0.14998222288793922,0.575670934273211,2
2025-06-26 14:10:00,2,0.05284587078552922,0.0017588421258686521,0.9453952870886022,2
2025-06-26 14:15:00,2,0.044934669623255215,0.0015912419412312659,0.9534740884355135,2
2025-06-26 14:20:00,2,0.2777802286123024,0.09203799799954183,0.6301817733881557,2
2025-06-26 14:25:00,2,0.30169230068442704,0.09987472499713397,0.5984329743184389,2
2025-06-26 14:30:00,2,0.32735354648851134,0.11733756162588714,0.5553088918856015,0
2025-06-26 14:35:00,2,0.28638483073949733,0.09406641829215578,0.6195487509683469,2
2025-06-26 14:40:00,0,0.27268379314736885,0.10726755844527003,0.6200486484073612,2
2025-06-26 14:45:00,0,0.2916190431325963,0.12264565175028884,0.5857353051171149,2
2025-06-26 14:50:00,0,0.294450996161037,0.11659668362686375,0.5889523202120992,2
2025-06-26 14:55:00,2,0.4133550502571022,0.004083088416148902,0.582561861326749,0
2025-06-26 15:00:00,2,0.3566804665182461,0.0031920493509693675,0.6401274841307846,0
2025-06-26 15:05:00,2,0.43767670110551593,0.003476018328727901,0.5588472805657562,0
2025-06-26 15:10:00,2,0.3502622840608157,0.06814643900024146,0.5815912769389427,0
2025-06-26 15:15:00,2,0.2814088877133661,0.08654057886633545,0.6320505334202985,2
2025-06-26 15:20:00,2,0.34384659444138094,0.08452721955184438,0.5716261860067746,0
2025-06-26 15:25:00,2,0.32665032312116266,0.1349775024113597,0.5383721744674776,0
2025-06-27 09:15:00,2,0.3599271300930178,0.020270926060977062,0.6198019438460051,0
2025-06-27 09:20:00,2,0.2076063932487854,0.30057431244036276,0.491819294310852,1
2025-06-27 09:25:00,2,0.3214800757402485,0.2010500618526563,0.47746986240709516,0
2025-06-27 09:30:00,2,0.22813423412091802,0.25889788580638196,0.5129678800727,2
2025-06-27 09:35:00,2,0.2060316560665226,0.2965993550637581,0.4973689888697193,1
2025-06-27 09:40:00,2,0.2661583451676173,0.19563855623871526,0.5382030985936674,2
2025-06-27 09:45:00,2,0.23472807264928483,0.2206335232594821,0.544638404091233,2
2025-06-27 09:50:00,2,0.15878751242167324,0.22836337772631485,0.6128491098520118,2
2025-06-27 09:55:00,2,0.20293465203206124,0.2344703644404363,0.5625949835275025,2
2025-06-27 10:00:00,2,0.17335535297170693,0.21291077630380043,0.6137338707244926,2
2025-06-27 10:05:00,2,0.11636251390841539,0.13338086739373167,0.7502566186978529,2
2025-06-27 10:10:00,2,0.11799982999797251,0.14495169041152042,0.7370484795905071,2
2025-06-27 10:15:00,2,0.0856758976217748,0.12340128234434712,0.790922820033878,2
2025-06-27 10:20:00,2,0.09536166611411699,0.11835633902175317,0.7862819948641299,2
2025-06-27 10:25:00,2,0.10109631384858697,0.11018197857358487,0.7887217075778281,2
2025-06-27 10:30:00,2,0.10121392081041107,0.11542740517222427,0.7833586740173646,2
2025-06-27 10:35:00,0,0.24411309155577274,0.2544816596428029,0.5014052488014243,2
2025-06-27 10:40:00,0,0.21980290759448318,0.2182312828684484,0.5619658095370684,2
2025-06-27 10:45:00,2,0.18850760446557885,0.20882983155100904,0.6026625639834121,2
2025-06-27 10:50:00,2,0.20267517692318837,0.13800092193575395,0.6593239011410577,2
2025-06-27 10:55:00,2,0.2963675320445913,0.009058753715144306,0.6945737142402645,2
2025-06-27 11:00:00,2,0.18432101781501736,0.13570092824489008,0.6799780539400926,2
2025-06-27 11:05:00,2,0.24813642021208157,0.009450077653855301,0.7424135021340632,2
2025-06-27 11:10:00,2,0.23755243695556913,0.014263898658536214,0.7481836643858947,2
2025-06-27 11:15:00,2,0.17856632850361914,0.17879749979072487,0.642636171705656,2
2025-06-27 11:20:00,2,0.17102710122819037,0.14572875947152816,0.6832441393002814,2
2025-06-27 11:25:00,2,0.16703099323363493,0.15617976208596493,0.6767892446804002,2
2025-06-27 11:30:00,2,0.16187691757898975,0.1467859268224592,0.691337155598551,2
2025-06-27 11:35:00,2,0.15369520388052385,0.12135243116984194,0.7249523649496342,2
2025-06-27 11:40:00,2,0.14808142320431053,0.11414254136291554,0.7377760354327739,2
2025-06-27 11:45:00,2,0.16175628101151557,0.13174174051694046,0.706501978471544,2
2025-06-27 11:50:00,2,0.12441469800556137,0.1051278616960839,0.7704574402983547,2
2025-06-27 11:55:00,2,0.12278444878212337,0.12321673774091026,0.7539988134769663,2
2025-06-27 12:00:00,2,0.11555131442677714,0.12010877305610156,0.7643399125171214,2
2025-06-27 12:05:00,2,0.10576026305630072,0.11426074598294003,0.7799789909607592,2
2025-06-27 12:10:00,2,0.10473324999291005,0.11768286125362085,0.7775838887534691,2
2025-06-27 12:15:00,2,0.19583298804230231,0.008032871227725159,0.7961341407299725,2
2025-06-27 12:20:00,2,0.13786337896984505,0.14905388009831436,0.7130827409318405,2
2025-06-27 12:25:00,2,0.1333545397381568,0.10914674219541463,0.7574987180664287,2
2025-06-27 12:30:00,2,0.15317564725958704,0.15717832503429596,0.6896460277061169,2
2025-06-27 12:35:00,2,0.2259938686864219,0.009515199196284078,0.764490932117294,2
2025-06-27 12:40:00,2,0.2684610022497889,0.008977851845123645,0.7225611459050875,2
2025-06-27 12:45:00,2,0.22424445196555012,0.007694114322032814,0.7680614337124171,2
2025-06-27 12:50:00,2,0.2313126413016858,0.007136393094301112,0.761550965604013,2
2025-06-27 12:55:00,2,0.1773391220721188,0.11425051096023585,0.7084103669676454,2
2025-06-27 13:00:00,2,0.19702342590742958,0.14958594188055221,0.6533906322120181,2
2025-06-27 13:05:00,2,0.1428331823204092,0.15939114997940035,0.6977756677001904,2
2025-06-27 13:10:00,2,0.18630952099329137,0.15942110275121643,0.6542693762554922,2
2025-06-27 13:15:00,2,0.16913992310249512,0.19710414278057903,0.6337559341169258,2
2025-06-27 13:20:00,2,0.20155201715615886,0.18512769379071953,0.6133202890531215,2
2025-06-27 13:25:00,2,0.1546673554215376,0.12001371924727303,0.7253189253311895,2
2025-06-27 13:30:00,2,0.14627098860258458,0.11885892391368245,0.734870087483733,2
2025-06-27 13:35:00,2,0.1388563355697776,0.11756158312541184,0.7435820813048105,2
2025-06-27 13:40:00,2,0.144247879855232,0.12694733565832908,0.7288047844864389,2
2025-06-27 13:45:00,2,0.14681739019437293,0.10975443667812856,0.7434281731274986,2
2025-06-27 13:50:00,2,0.14775069247902606,0.1439118899514332,0.7083374175695406,2
2025-06-27 13:55:00,2,0.13019926113351707,0.11013556942835605,0.7596651694381269,2
2025-06-27 14:00:00,2,0.08916772177947845,0.10883043332548809,0.8020018448950336,2
2025-06-27 14:05:00,2,0.13322252523004913,0.10052217551770982,0.7662552992522409,2
2025-06-27 14:10:00,2,0.13709929298159695,0.09838206450824633,0.7645186425101567,2
2025-06-27 14:15:00,2,0.11676528810187091,0.12624711754135104,0.7569875943567781,2
2025-06-27 14:20:00,2,0.11801267901782468,0.13854455531200582,0.7434427656701694,2
2025-06-27 14:25:00,2,0.10685145855785393,0.131330846761076,0.76181769468107,2
2025-06-27 14:30:00,2,0.09847801195591895,0.12890999931192504,0.7726119887321561,2
2025-06-27 14:35:00,2,0.11515052073022722,0.10898297335165583,0.7758665059181169,2
2025-06-27 14:40:00,2,0.11415353168079713,0.11747632427252895,0.768370144046674,2
2025-06-27 14:45:00,2,0.10312129291989,0.09689367920060207,0.799985027879508,2
2025-06-27 14:50:00,2,0.11692427265437312,0.10189889792003358,0.7811768294255933,2
2025-06-27 14:55:00,2,0.11899398419625115,0.09785965857532586,0.783146357228423,2
2025-06-27 15:00:00,2,0.025288807856259313,0.0036406176784826868,0.971070574465258,2
2025-06-27 15:05:00,2,0.1651959678967364,0.1360360646868656,0.698767967416398,2
2025-06-27 15:10:00,2,0.16403386556478824,0.10979314726338642,0.7261729871718253,2
2025-06-27 15:15:00,2,0.16367828733964165,0.10319325846202207,0.7331284541983363,2
2025-06-27 15:20:00,2,0.16739343840809162,0.11487858595253445,0.717727975639374,2
2025-06-27 15:25:00,2,0.18856051387033002,0.14355819868328512,0.6678812874463849,2
2025-06-30 09:15:00,2,0.26739812640968175,0.19233995369783585,0.5402619198924825,2
2025-06-30 09:20:00,2,0.1441605750296898,0.18213033513540552,0.6737090898349046,2
2025-06-30 09:25:00,2,0.1707252133230597,0.19502982041460504,0.6342449662623353,2
2025-06-30 09:30:00,2,0.260388807261101,0.17743890405929266,0.5621722886796064,2
2025-06-30 09:35:00,2,0.21881432771368026,0.15054870632288855,0.6306369659634311,2
2025-06-30 09:40:00,2,0.19688412472203642,0.1556922506210839,0.6474236246568796,2
2025-06-30 09:45:00,2,0.006127409978058827,0.021774106819354738,0.9720984832025865,2
2025-06-30 09:50:00,2,0.006176922640044293,0.020803484171962674,0.9730195931879929,2
2025-06-30 09:55:00,2,0.005836688109498417,0.02406933493635111,0.9700939769541504,2
2025-06-30 10:00:00,2,0.234532394723094,0.17091408545185652,0.5945535198250494,2
2025-06-30 10:05:00,2,0.19588659364550504,0.1527705737590064,0.6513428325954885,2
2025-06-30 10:10:00,2,0.17918473470123686,0.14031342958368145,0.6805018357150817,2
2025-06-30 10:15:00,2,0.11303592772922032,0.08636595855217095,0.8005981137186087,2
2025-06-30 10:20:00,2,0.18745299004159408,0.13449716933326097,0.678049840625145,2
2025-06-30 10:25:00,2,0.12673713716578103,0.09365452771097794,0.779608335123241,2
2025-06-30 10:30:00,2,0.1306065783507787,0.10752977058971193,0.7618636510595094,2
2025-06-30 10:35:00,2,0.2888621659974978,0.22027655324288434,0.49086128075961777,2
2025-06-30 10:40:00,2,0.30181197757003336,0.2297105921853341,0.46847743024463256,2
2025-06-30 10:45:00,2,0.03631060556905501,0.26098578228626024,0.7027036121446848,2
2025-06-30 10:50:00,2,0.2842259876358917,0.20479857608315924,0.510975436280949,2
2025-06-30 10:55:00,2,0.24120099809912635,0.20735357935043405,0.5514454225504396,2
2025-06-30 11:00:00,2,0.24319780871767427,0.19961824253523158,0.5571839487470941,2
2025-06-30 11:05:00,2,0.22561930464632962,0.1945736666017561,0.5798070287519143,2
2025-06-30 11:10:00,2,0.24884068399358278,0.21342405180033316,0.5377352642060841,2
2025-06-30 11:15:00,2,0.20562683035071255,0.20450260142565177,0.5898705682236357,2
2025-06-30 11:20:00,2,0.21723277226895926,0.17848255169713675,0.604284676033904,2
2025-06-30 11:25:00,2,0.20154307774989272,0.19014799372673968,0.6083089285233676,2
2025-06-30 11:30:00,2,0.17029189256356714,0.14963978694544003,0.6800683204909929,2
2025-06-30 11:35:00,2,0.2094294626632881,0.17934456972500307,0.6112259676117088,2
2025-06-30 11:40:00,2,0.1803848434348469,0.15205815826311342,0.6675569983020396,2
2025-06-30 11:45:00,2,0.13742031165145224,0.14658661342143053,0.7159930749271172,2
2025-06-30 11:50:00,2,0.1557435960452811,0.1259789000723076,0.7182775038824113,2
2025-06-30 11:55:00,2,0.17316980216789682,0.16542630822461407,0.6614038896074891,2
2025-06-30 12:00:00,0,0.15441897926146753,0.11708205872096375,0.7284989620175687,2
2025-06-30 12:05:00,2,0.1761156735496684,0.13073702721190603,0.6931472992384256,2
2025-06-30 12:10:00,2,0.033038473161537026,0.0053717022389684075,0.9615898245994945,2
2025-06-30 12:15:00,2,0.02638224915576518,0.004150028408261037,0.9694677224359738,2
2025-06-30 12:20:00,1,0.138651322723298,0.12088684215640405,0.740461835120298,2
2025-06-30 12:25:00,1,0.1820749869369289,0.1583358139531389,0.6595891991099322,2
2025-06-30 12:30:00,2,0.20461742579639147,0.18968484357207005,0.6056977306315385,2
2025-06-30 12:35:00,2,0.213245704029623,0.1812919177117246,0.6054623782586525,2
2025-06-30 12:40:00,2,0.20511127624965703,0.16038081493728615,0.6345079088130567,2
2025-06-30 12:45:00,1,0.19337336965806917,0.19958097848911416,0.6070456518528167,2
2025-06-30 12:50:00,1,0.2056899217454,0.18653563967414907,0.6077744385804509,2
2025-06-30 12:55:00,2,0.009042602075092951,0.03883486472472344,0.9521225332001836,2
2025-06-30 13:00:00,2,0.005755026198547755,0.03220401370028945,0.9620409601011628,2
2025-06-30 13:05:00,2,0.005175254610390251,0.03096549339822008,0.9638592519913897,2
2025-06-30 13:10:00,2,0.004909580753851232,0.03186150943423983,0.9632289098119089,2
2025-06-30 13:15:00,2,0.005312166704070332,0.030078160879435625,0.9646096724164941,2
2025-06-30 13:20:00,2,0.006777133782312747,0.04513362291613099,0.9480892433015563,2
2025-06-30 13:25:00,2,0.20267125389715346,0.20767410324776703,0.5896546428550795,2
2025-06-30 13:30:00,1,0.21758118478961053,0.1960394490533502,0.5863793661570393,2
2025-06-30 13:35:00,2,0.006588327845312498,0.03988579829900691,0.9535258738556806,2
2025-06-30 13:40:00,2,0.01944306256665499,0.1957718229631159,0.7847851144702291,2
2025-06-30 13:45:00,2,0.017498191463486856,0.22666605086631123,0.7558357576702018,2
2025-06-30 13:50:00,2,0.01166820042083744,0.184255917239933,0.8040758823392296,2
2025-06-30 13:55:00,2,0.20105264682972235,0.23594534908944334,0.5630020040808343,2
2025-06-30 14:00:00,2,0.19681576845602586,0.2551677489269738,0.5480164826170004,1
2025-06-30 14:05:00,2,0.1920613194691472,0.21174819687488128,0.5961904836559715,2
2025-06-30 14:10:00,2,0.21165126803810602,0.22968990358269267,0.5586588283792013,2
2025-06-30 14:15:00,2,0.20529738138378995,0.22699003331541828,0.5677125853007918,2
2025-06-30 14:20:00,2,0.20141869026177803,0.22013112501374957,0.5784501847244724,2
2025-06-30 14:25:00,2,0.20045245463972597,0.2318107963039768,0.5677367490562972,2
2025-06-30 14:30:00,2,0.1612017334881514,0.25043066382873275,0.5883676026831159,1
2025-06-30 14:35:00,2,0.20080065721908755,0.2308573958196452,0.5683419469612673,2
2025-06-30 14:40:00,2,0.19172718458623314,0.2201949618953848,0.5880778535183822,2
2025-06-30 14:45:00,2,0.19966357789899913,0.2252883885049827,0.5750480335960181,2
2025-06-30 14:50:00,2,0.20169327837595932,0.24179083579968438,0.5565158858243562,2
2025-06-30 14:55:00,2,0.16787246765537012,0.1909251226876858,0.641202409656944,2
2025-06-30 15:00:00,2,0.156955169076084,0.14884576472361838,0.6941990662002976,2
2025-06-30 15:05:00,2,0.10847374174637232,0.009843509171345736,0.881682749082282,2
2025-06-30 15:10:00,2,0.10629803255244762,0.010125242470292667,0.8835767249772598,2
2025-06-30 15:15:00,2,0.17932399222947776,0.17829742032728269,0.6423785874432395,2
2025-06-30 15:20:00,2,0.16209883168128028,0.15400002164305102,0.6839011466756687,2
2025-06-30 15:25:00,2,0.20934610102579634,0.18105870123921375,0.6095951977349899,2
