date,expiry,strike,opt_type,open,high,low,close,settle,volume,oi,oi_change,underlying
2024-11-21,2024-11-28,22850,PE,57.0,77.55,39.0,53.2,53.2,86744,306200,197100,23349.9
2024-11-21,2025-01-30,22850,PE,259.3,265.35,252.85,255.2,255.2,9,100,0,23349.9
2024-11-21,2024-12-12,22850,PE,0.0,0.0,0.0,55.6,91.5,0,0,0,23349.9
2024-11-21,2024-12-26,26300,PE,0.0,0.0,0.0,2360.0,2781.55,0,1775,0,23349.9
2024-11-21,2024-11-28,26300,PE,2929.85,2992.95,2920.0,2920.0,2916.1,52,28425,-775,23349.9
2024-11-21,2025-01-30,25500,PE,1811.4,1885.0,1781.2,1805.0,1891.4,81,3425,-900,23349.9
2024-11-21,2024-11-28,25500,CE,1.6,4.4,1.55,1.95,1.95,436728,5238275,3252550,23349.9
2024-11-21,2024-12-26,25500,PE,1827.0,2038.7,1827.0,1983.8,1983.8,819,336800,8425,23349.9
2024-11-21,2025-01-30,25500,CE,66.5,66.5,48.15,52.8,52.8,10126,232850,11425,23349.9
2024-11-21,2024-12-12,25500,PE,0.0,0.0,0.0,1247.0,2052.4,0,0,0,23349.9
2024-11-21,2025-01-30,22850,CE,0.0,0.0,0.0,1164.55,1028.0,0,50,0,23349.9
2024-11-21,2024-11-28,22850,CE,600.0,627.9,503.1,544.45,544.45,2033,28800,28550,23349.9
2024-11-21,2024-11-28,27400,CE,1.3,2.25,1.2,1.45,1.45,17981,148975,129425,23349.9
2024-11-21,2024-12-26,24500,CE,100.0,109.45,66.25,71.35,71.35,95701,1786425,150675,23349.9
2024-11-21,2024-11-28,24500,PE,1046.95,1220.0,1046.95,1153.7,1153.7,10751,1888975,70875,23349.9
2024-11-21,2024-11-21,24500,CE,0.5,1.1,0.05,0.05,23349.9,3468027,7565600,797975,23349.9
2024-11-21,2024-12-19,24500,CE,67.95,67.95,44.6,51.7,51.7,54,1375,1225,23349.9
2024-11-21,2024-12-05,24500,CE,17.05,18.75,9.1,10.15,10.15,36039,301950,148650,23349.9
2024-11-21,2024-12-19,24500,PE,0.0,0.0,0.0,974.25,1079.15,0,0,0,23349.9
2024-11-21,2024-11-28,22100,CE,1270.0,1290.0,1265.0,1274.7,1278.65,77,2025,1550,23349.9
2024-11-21,2024-12-05,22100,CE,0.0,0.0,0.0,2496.3,1310.15,0,0,0,23349.9
2024-11-21,2024-12-05,24500,PE,1050.0,1163.1,1048.05,1123.95,1123.95,126,9775,1075,23349.9
2024-11-21,2024-12-12,22100,CE,0.0,0.0,0.0,2264.4,1345.55,0,0,0,23349.9
2024-11-21,2024-12-26,22100,PE,0.0,0.0,0.0,6.75,29.6,0,0,0,23349.9
2024-11-21,2024-11-28,24500,CE,6.0,6.0,2.65,3.0,3.0,549927,6031075,1698450,23349.9
2024-11-21,2024-11-28,26400,PE,2988.95,3099.5,2988.95,3049.35,3049.35,57,29550,1325,23349.9
2024-11-21,2025-01-30,22350,PE,0.0,0.0,0.0,135.7,120.55,0,1750,0,23349.9
2024-11-21,2024-12-12,21950,CE,0.0,0.0,0.0,2409.85,1490.7,0,0,0,23349.9
2024-11-21,2024-11-28,21950,PE,6.0,9.85,4.1,5.75,5.75,71448,320775,304475,23349.9
2024-11-21,2024-11-21,22350,PE,0.7,1.25,0.05,0.1,23349.9,1209462,810100,391950,23349.9
2024-11-21,2024-12-26,21950,CE,0.0,0.0,0.0,1729.3,1561.7,0,75,0,23349.9
2024-11-21,2024-12-19,21950,PE,0.0,0.0,0.0,26.55,12.25,0,0,0,23349.9
2024-11-21,2024-12-26,22350,PE,101.9,102.3,86.7,98.45,98.45,456,6150,50,23349.9
2024-11-21,2025-01-30,21950,CE,0.0,0.0,0.0,2712.5,1747.3,0,0,0,23349.9
2024-11-21,2024-11-28,21950,CE,0.0,0.0,0.0,1534.8,1428.35,0,50,0,23349.9
2024-11-21,2024-12-05,21950,PE,18.9,19.4,15.85,17.2,17.2,290,4850,4850,23349.9
2024-11-21,2024-12-12,22350,CE,0.0,0.0,0.0,2024.95,1109.55,0,0,0,23349.9
2024-11-21,2024-12-05,21950,CE,0.0,0.0,0.0,2641.45,1458.1,0,0,0,23349.9
2024-11-21,2024-12-12,21950,PE,0.0,0.0,0.0,7.8,5.75,0,0,0,23349.9
2024-11-21,2024-11-21,21950,PE,0.5,0.8,0.05,0.1,23349.9,622127,438325,-443725,23349.9
2024-11-21,2024-11-21,21950,CE,0.0,0.0,0.0,2954.8,23349.9,0,0,0,23349.9
2024-11-21,2024-11-21,22350,CE,1002.0,1002.0,923.6,980.5,23349.9,44,350,225,23349.9
2024-11-21,2024-11-28,22350,CE,1026.25,1035.0,1019.5,1019.5,1019.5,12,150,50,23349.9
2024-11-21,2025-01-30,22350,CE,0.0,0.0,0.0,2358.95,1407.9,0,0,0,23349.9
2024-11-21,2024-12-19,22350,PE,0.0,0.0,0.0,61.1,38.0,0,0,0,23349.9
2024-11-21,2024-12-19,22350,CE,0.0,0.0,0.0,1386.2,1153.3,0,0,0,23349.9
2024-11-21,2024-12-05,22350,PE,42.45,42.45,27.15,34.65,34.65,691,9150,6900,23349.9
2024-11-21,2024-12-05,22350,CE,0.0,0.0,0.0,2257.05,1067.35,0,0,0,23349.9
2024-11-21,2025-01-30,26150,CE,32.0,32.5,29.5,30.0,30.0,8,1575,50,23349.9
2024-11-21,2024-12-12,25150,PE,0.0,0.0,0.0,973.8,1706.75,0,0,0,23349.9
2024-11-21,2024-11-28,25150,CE,3.0,3.75,1.8,2.05,2.05,11537,91000,-7450,23349.9
2024-11-21,2024-11-21,25150,PE,1820.0,1820.0,1820.0,1820.0,23349.9,5,50,-125,23349.9
2024-11-21,2025-01-30,22400,CE,0.0,0.0,0.0,2315.9,1367.5,0,0,0,23349.9
2024-11-21,2024-11-28,23600,PE,268.45,387.0,256.55,331.15,331.15,165785,1517800,163800,23349.9
2024-11-21,2025-01-30,23600,CE,595.0,621.65,546.0,572.95,572.95,503,16025,5900,23349.9
2024-11-21,2024-12-12,23600,PE,345.8,447.15,345.8,391.75,391.75,193,4575,-75,23349.9
2024-11-21,2024-12-19,23600,PE,0.0,0.0,0.0,410.05,416.95,0,0,0,23349.9
2024-11-21,2024-11-21,23600,CE,29.95,36.0,0.05,0.2,23349.9,15112164,6800700,2222325,23349.9
2024-11-21,2024-12-05,23600,PE,339.95,407.2,312.6,356.9,356.9,10492,117300,17900,23349.9
2024-11-21,2024-11-21,23600,PE,199.5,356.0,152.0,252.1,23349.9,494390,505475,-1888000,23349.9
2024-11-21,2024-12-26,23600,PE,433.05,481.35,405.5,440.15,440.15,21000,232100,24300,23349.9
2024-11-21,2025-01-30,23600,PE,498.0,518.0,464.05,502.15,502.15,1430,155000,-50,23349.9
2024-11-21,2024-11-28,23600,CE,169.45,169.5,66.4,80.1,80.1,519579,2607725,1608050,23349.9
2024-11-21,2024-12-12,23600,CE,333.0,333.0,206.55,224.35,224.35,485,4900,3550,23349.9
2024-11-21,2024-12-19,22550,PE,0.0,0.0,0.0,88.65,62.1,0,0,0,23349.9
2024-11-21,2024-12-05,22550,CE,0.0,0.0,0.0,1028.6,879.6,0,50,0,23349.9
2024-11-21,2024-12-05,22550,PE,0.0,0.0,0.0,21.0,21.4,0,25,0,23349.9
2024-11-21,2025-01-30,22550,PE,184.9,184.9,184.3,184.3,159.4,2,75,25,23349.9
2024-11-21,2024-11-28,22800,PE,50.0,69.75,33.8,46.3,46.3,337675,2060300,694275,23349.9
2024-11-21,2024-12-12,22550,PE,61.15,61.15,61.15,61.15,41.85,1,50,-25,23349.9
2024-11-21,2024-11-28,22800,CE,732.9,732.9,544.1,596.2,596.2,3039,38625,21900,23349.9
2024-11-21,2024-12-26,22550,PE,120.5,139.9,108.5,128.05,128.05,847,7825,3900,23349.9
2024-11-21,2024-12-05,22800,PE,86.15,101.9,64.5,81.45,81.45,18227,128425,57350,23349.9
2024-11-21,2024-12-26,22800,PE,160.0,192.6,149.5,170.0,170.0,21024,396150,-26875,23349.9
2024-11-21,2024-12-05,22800,CE,638.55,714.15,638.55,672.9,672.9,106,1625,1600,23349.9
2024-11-21,2024-11-21,22550,PE,1.1,1.9,0.05,0.15,23349.9,2090216,1001950,367050,23349.9
2024-11-21,2024-12-12,22800,PE,130.0,137.95,99.0,116.05,116.05,1389,23575,17275,23349.9
2024-11-21,2024-12-26,22550,CE,0.0,0.0,0.0,1191.35,1026.65,0,100,0,23349.9
2024-11-21,2024-12-12,23650,PE,410.7,457.25,404.65,409.5,418.4,28,450,300,23349.9
2024-11-21,2024-11-28,23650,CE,146.05,150.0,54.2,65.65,65.65,153134,612800,421000,23349.9
2024-11-21,2024-11-28,25000,PE,1530.0,1720.4,1504.3,1651.6,1651.6,14170,1932150,-29125,23349.9
2024-11-21,2024-11-21,25000,CE,0.25,1.0,0.05,0.05,23349.9,3089361,3651600,-523825,23349.9
2024-11-21,2025-09-25,25000,CE,0.0,0.0,0.0,3510.0,1032.4,0,0,0,23349.9
2024-11-21,2027-06-24,25000,CE,0.0,0.0,0.0,2090.05,3320.7,0,0,0,23349.9
2024-11-21,2024-12-26,25800,PE,2290.0,2290.0,2227.8,2245.7,2245.7,11,3475,250,23349.9
2024-11-21,2029-06-28,25000,CE,0.0,0.0,0.0,7557.7,5695.8,0,0,0,23349.9
2024-11-21,2026-06-25,25000,PE,0.0,0.0,0.0,6063.1,1146.05,0,0,0,23349.9
2024-11-21,2026-06-25,25000,CE,0.0,0.0,0.0,1510.4,2042.8,0,0,0,23349.9
2024-11-21,2024-12-19,25000,CE,28.0,28.7,18.3,20.35,20.35,295,8975,3875,23349.9
2024-11-21,2026-12-31,25000,PE,0.0,0.0,0.0,5825.75,1047.45,0,0,0,23349.9
2024-11-21,2025-06-26,25000,PE,1279.05,1327.05,1234.45,1269.55,1269.55,763,86300,25,23349.9
2024-11-21,2024-11-21,25800,PE,2515.0,2518.05,2454.05,2456.15,23349.9,279,2475,-4750,23349.9
2024-11-21,2025-01-30,25800,CE,49.4,49.4,36.0,36.6,36.6,21,3700,50,23349.9
2024-11-21,2025-09-25,25000,PE,0.0,0.0,0.0,538.6,1298.35,0,0,0,23349.9
2024-11-21,2025-01-30,23700,PE,522.0,562.0,490.2,544.7,544.7,1670,35025,17575,23349.9
2024-11-21,2024-11-28,27350,PE,0.0,0.0,0.0,1971.4,3964.7,0,0,0,23349.9
2024-11-21,2024-11-28,23700,PE,302.5,462.95,302.45,403.55,403.55,85621,1253350,-251350,23349.9
2024-11-21,2024-12-12,23700,CE,198.45,199.35,169.05,178.75,178.75,647,13675,7525,23349.9
2024-11-21,2024-11-28,23700,CE,109.0,109.05,43.65,52.8,52.8,541353,2937825,948950,23349.9
2024-11-21,2024-12-12,23700,PE,450.0,488.25,405.4,442.25,442.25,260,6100,1525,23349.9
2024-11-21,2024-11-28,23750,PE,362.0,506.5,359.05,446.75,446.75,8473,192500,-28975,23349.9
2024-11-21,2025-01-30,23750,CE,534.45,534.45,480.55,500.05,500.05,133,4050,1750,23349.9
2024-11-21,2025-12-24,16500,PE,0.0,0.0,0.0,22.6,1.05,0,2600,0,23349.9
2024-11-21,2025-01-30,23750,PE,552.1,572.75,540.05,566.8,566.8,151,3600,250,23349.9
2024-11-21,2024-12-05,24450,PE,1060.15,1060.15,910.15,910.15,1050.1,5,1000,0,23349.9
2024-11-21,2024-11-21,24450,PE,1171.55,1175.65,1101.8,1103.1,23349.9,274,5650,-3875,23349.9
2024-11-21,2024-12-26,24450,CE,92.0,98.5,72.3,78.45,78.45,2481,26625,5900,23349.9
2024-11-21,2025-01-30,24450,CE,220.95,232.0,215.9,232.0,252.35,4,2975,0,23349.9
2024-11-21,2024-11-28,24450,PE,1069.25,1161.45,1061.35,1095.15,1095.15,211,32700,775,23349.9
2024-11-21,2024-12-05,24450,CE,21.05,24.75,10.55,11.55,11.55,6983,17025,10250,23349.9
2024-11-21,2024-12-05,26000,CE,3.45,4.25,2.8,3.0,3.0,1974,79100,200,23349.9
2024-11-21,2029-06-28,26000,PE,0.0,0.0,0.0,1391.75,864.7,0,25,0,23349.9
2024-11-21,2026-06-25,26000,CE,0.0,0.0,0.0,1501.0,1583.4,0,450,0,23349.9
2024-11-21,2027-06-24,26000,CE,0.0,0.0,0.0,1900.85,2804.95,0,0,0,23349.9
2024-11-21,2024-11-21,26000,CE,0.4,0.9,0.05,0.1,23349.9,616028,1473900,-1610925,23349.9
2024-11-21,2025-03-27,26000,PE,2052.4,2139.8,2030.0,2082.85,2082.85,2224,458125,2450,23349.9
2024-11-21,2025-09-25,26000,PE,0.0,0.0,0.0,812.55,1886.1,0,0,0,23349.9
2024-11-21,2026-12-31,26000,PE,0.0,0.0,0.0,1300.0,1419.45,0,225,0,23349.9
2024-11-21,2028-12-28,26000,CE,0.0,0.0,0.0,4879.7,4593.4,0,0,0,23349.9
2024-11-21,2025-01-30,26000,CE,35.85,42.45,28.05,30.05,30.05,9480,347775,19525,23349.9
2024-11-21,2027-12-30,26000,PE,0.0,0.0,0.0,3359.75,1158.85,0,0,0,23349.9
2024-11-21,2026-12-31,26000,CE,0.0,0.0,0.0,1631.05,2220.15,0,0,0,23349.9
2024-11-21,2024-11-28,26000,CE,2.0,2.9,1.5,1.7,1.7,213837,4610375,1022825,23349.9
2024-11-21,2024-12-26,26000,PE,2436.0,2535.0,2420.0,2472.1,2472.1,5747,923025,32375,23349.9
2024-11-21,2025-01-30,26000,PE,2200.0,2341.85,2200.0,2281.8,2281.8,86,2800,1000,23349.9
2024-11-21,2024-11-28,22550,CE,871.9,871.9,770.65,828.4,828.4,125,73250,525,23349.9
2024-11-21,2024-12-05,21900,CE,0.0,0.0,0.0,2690.1,1507.65,0,0,0,23349.9
2024-11-21,2024-12-26,21900,PE,60.0,66.6,50.45,62.35,62.35,2528,59375,9550,23349.9
2024-11-21,2024-12-05,21900,PE,13.0,19.0,11.5,14.15,14.15,178,2500,2500,23349.9
2024-11-21,2024-12-26,14000,CE,0.0,0.0,0.0,9805.1,9440.2,0,125,0,23349.9
2024-11-21,2026-12-31,30000,PE,0.0,0.0,0.0,5003.2,3546.35,0,0,0,23349.9
2024-11-21,2029-06-28,30000,PE,0.0,0.0,0.0,2031.05,1983.85,0,0,0,23349.9
2024-11-21,2028-12-28,30000,CE,0.0,0.0,0.0,3293.05,2821.6,0,0,0,23349.9
2024-11-21,2027-06-24,30000,PE,0.0,0.0,0.0,4562.55,3144.25,0,0,0,23349.9
2024-11-21,2027-12-30,30000,PE,0.0,0.0,0.0,4140.9,2777.0,0,0,0,23349.9
2024-11-21,2025-03-27,30000,CE,19.5,19.5,16.2,17.1,17.1,451,173750,-3150,23349.9
2024-11-21,2024-12-12,23300,CE,444.15,446.85,358.0,391.3,391.3,639,6575,6325,23349.9
2024-11-21,2025-01-30,23300,PE,427.9,427.9,355.0,387.15,387.15,2221,27625,13725,23349.9
2024-11-21,2024-12-05,23300,PE,177.75,249.45,177.75,211.75,211.75,33199,173800,102850,23349.9
2024-11-21,2024-11-21,23300,PE,30.0,103.65,0.05,0.35,23349.9,65428330,21251650,17993450,23349.9
2024-11-21,2024-12-26,30000,PE,6373.95,6438.4,6373.95,6402.15,6402.15,38,26450,300,23349.9
2024-11-21,2024-11-28,23300,CE,324.0,330.0,188.05,215.95,215.95,641117,2636850,2517025,23349.9
2024-11-21,2024-11-21,23300,CE,200.0,201.9,16.8,46.5,23349.9,31656129,8525450,7974350,23349.9
2024-11-21,2028-12-28,30000,PE,0.0,0.0,0.0,2352.75,2212.7,0,0,0,23349.9
2024-11-21,2026-12-31,30000,CE,0.0,0.0,0.0,1131.45,877.95,0,0,0,23349.9
2024-11-21,2024-12-19,23300,CE,0.0,0.0,0.0,663.65,438.6,0,0,0,23349.9
2024-11-21,2024-12-26,23300,PE,275.0,349.35,275.0,312.15,312.15,24049,294075,75675,23349.9
2024-11-21,2025-01-30,23300,CE,810.2,810.2,715.0,758.8,758.8,971,19625,14350,23349.9
2024-11-21,2027-12-30,30000,CE,0.0,0.0,0.0,1877.7,1802.35,0,0,0,23349.9
2024-11-21,2025-12-24,30000,PE,0.0,0.0,0.0,4100.0,4700.55,0,75,0,23349.9
2024-11-21,2024-12-26,30000,CE,4.35,5.05,3.9,4.6,4.6,5013,648175,26550,23349.9
2024-11-21,2026-06-25,30000,PE,0.0,0.0,0.0,5541.2,4070.2,0,0,0,23349.9
2024-11-21,2024-11-21,22850,CE,550.1,550.1,404.45,496.8,23349.9,1769,2800,500,23349.9
2024-11-21,2024-12-26,27400,CE,7.65,8.6,6.0,7.3,7.3,3,1525,0,23349.9
2024-11-21,2024-11-28,26300,CE,1.65,2.5,1.2,1.7,1.7,7183,99825,-21900,23349.9
2024-11-21,2024-12-26,26300,CE,10.7,10.7,7.05,8.95,8.95,2708,38625,-6000,23349.9
2024-11-21,2024-12-05,25100,CE,5.9,6.8,3.75,4.1,4.1,3067,41025,325,23349.9
2024-11-21,2025-12-24,27000,CE,637.5,637.5,566.0,585.85,585.85,671,149875,6775,23349.9
2024-11-21,2027-06-24,27000,PE,0.0,0.0,0.0,6273.45,1668.0,0,0,0,23349.9
2024-11-21,2024-11-28,26950,PE,0.0,0.0,0.0,3426.5,3565.25,0,50,0,23349.9
2024-11-21,2026-12-31,27000,PE,0.0,0.0,0.0,6522.3,1858.9,0,0,0,23349.9
2024-11-21,2025-03-27,27000,PE,2900.0,3029.8,2900.0,2981.15,2981.15,278,189050,-2075,23349.9
2024-11-21,2025-12-24,27000,PE,2339.6,2398.9,2300.0,2319.65,2319.65,237,60475,1225,23349.9
2024-11-21,2028-06-29,27000,CE,0.0,0.0,0.0,2885.15,3523.6,0,0,0,23349.9
2024-11-21,2025-09-25,27000,CE,0.0,0.0,0.0,2279.95,422.9,0,0,0,23349.9
2024-11-21,2028-06-29,27000,PE,0.0,0.0,0.0,2752.35,1341.2,0,0,0,23349.9
2024-11-21,2025-06-26,27000,PE,2700.0,2710.0,2655.0,2679.35,2679.35,20,3475,150,23349.9
2024-11-21,2025-06-26,27000,CE,171.6,197.35,145.5,149.1,149.1,745,36200,7450,23349.9
2024-11-21,2026-06-25,27000,CE,0.0,0.0,0.0,1352.8,1204.3,0,0,0,23349.9
2024-11-21,2024-12-26,26950,CE,7.15,8.4,5.85,7.0,0.15,82,1425,-425,23349.9
2024-11-21,2029-06-28,27000,CE,0.0,0.0,0.0,6570.4,4653.55,0,0,0,23349.9
2024-11-21,2027-06-24,27000,CE,0.0,0.0,0.0,1932.5,2347.15,0,0,0,23349.9
2024-11-21,2024-12-26,26950,PE,0.0,0.0,0.0,985.1,3426.35,0,0,0,23349.9
2024-11-21,2024-11-28,27000,PE,3605.0,3749.3,3590.55,3648.0,3648.0,1176,502600,-10725,23349.9
2024-11-21,2027-12-30,27000,PE,0.0,0.0,0.0,3794.4,1490.3,0,0,0,23349.9
2024-11-21,2024-12-26,21700,CE,0.0,0.0,0.0,4910.8,1800.05,0,0,0,23349.9
2024-11-21,2024-11-28,21700,PE,8.0,8.0,2.7,4.25,4.25,630682,6553450,6163400,23349.9
2024-11-21,2024-11-21,21700,CE,1661.75,1661.75,1609.1,1616.1,23349.9,16,75,50,23349.9
2024-11-21,2024-12-05,21700,CE,1700.0,1700.0,1700.0,1700.0,1706.35,6,150,150,23349.9
2024-11-21,2025-01-30,21700,PE,0.0,0.0,0.0,44.8,42.5,0,0,0,23349.9
2024-11-21,2024-12-12,21700,PE,22.0,23.6,16.55,22.75,22.75,246,2525,575,23349.9
2024-11-21,2024-12-05,21700,PE,8.7,13.95,8.7,10.7,10.7,5101,36700,30550,23349.9
2024-11-21,2024-12-05,22200,PE,23.75,30.55,18.9,26.1,26.1,6674,62350,62350,23349.9
2024-11-21,2024-11-21,26600,PE,3300.0,3300.0,3259.1,3263.9,23349.9,10,325,-25,23349.9
2024-11-21,2024-11-21,26600,CE,0.3,0.95,0.05,0.05,23349.9,2135486,3277275,-3166900,23349.9
2024-11-21,2024-11-28,26050,PE,2685.0,2695.0,2661.45,2661.45,2661.45,146,3725,2850,23349.9
2024-11-21,2024-11-28,26700,PE,0.0,0.0,0.0,3145.95,3315.55,0,40675,0,23349.9
2024-11-21,2029-06-28,21000,CE,0.0,0.0,0.0,9799.75,8141.05,0,0,0,23349.9
2024-11-21,2028-06-29,21000,PE,0.0,0.0,0.0,907.2,198.25,0,0,0,23349.9
2024-11-21,2025-09-25,21000,PE,0.0,0.0,0.0,51.55,117.45,0,0,0,23349.9
2024-11-21,2025-03-27,21000,CE,2250.05,2965.05,2250.05,2901.25,2901.25,159,14100,2325,23349.9
2024-11-21,2025-01-30,26050,CE,38.0,38.0,24.8,30.35,30.35,103,7300,50,23349.9
2024-11-21,2024-11-21,26050,PE,2750.0,2755.3,2705.0,2705.0,23349.9,138,1625,-1675,23349.9
2024-11-21,2024-11-28,26700,CE,1.4,2.05,1.3,1.6,1.6,10380,82625,13575,23349.9
2024-11-21,2026-06-25,21000,CE,0.0,0.0,0.0,3881.9,4668.0,0,0,0,23349.9
2024-11-21,2024-11-28,22600,PE,24.0,43.5,19.3,26.6,26.6,154029,926350,287575,23349.9
2024-11-21,2024-12-05,22600,CE,0.0,0.0,0.0,983.25,834.05,0,50,0,23349.9
2024-11-21,2024-12-26,23250,PE,316.55,324.9,266.55,297.5,297.5,1647,35625,4425,23349.9
2024-11-21,2024-12-19,22600,CE,0.0,0.0,0.0,1173.55,936.35,0,0,0,23349.9
2024-11-21,2024-12-26,22600,CE,1008.6,1049.1,980.6,1035.65,1035.65,120,5400,650,23349.9
2024-11-21,2025-01-30,22600,PE,197.95,210.0,174.75,200.9,200.9,607,25375,6625,23349.9
2024-11-21,2024-11-28,23250,PE,131.9,188.85,119.15,150.35,150.35,177733,514300,262025,23349.9
2024-11-21,2024-12-12,22600,PE,81.5,85.85,70.75,83.25,83.25,83,3100,875,23349.9
2024-11-21,2024-12-12,23250,CE,418.0,445.45,417.5,420.05,420.05,11,200,200,23349.9
2024-11-21,2024-11-21,23250,CE,217.9,217.9,43.2,96.65,23349.9,5656613,1720475,1566775,23349.9
2024-11-21,2025-01-30,23250,PE,390.0,390.0,342.45,377.25,377.25,188,1300,375,23349.9
2024-11-21,2024-11-28,22600,CE,850.0,853.75,717.5,771.55,771.55,1227,21625,20000,23349.9
2024-11-21,2024-12-19,23250,CE,0.0,0.0,0.0,695.1,467.55,0,0,0,23349.9
2024-11-21,2024-12-05,22600,PE,60.0,70.9,42.2,55.85,55.85,11815,71000,66050,23349.9
2024-11-21,2024-11-28,22000,CE,1400.05,1405.0,1285.6,1351.1,1351.1,2216,42250,19400,23349.9
2024-11-21,2027-06-24,24000,PE,0.0,0.0,0.0,5056.2,695.6,0,0,0,23349.9
2024-11-21,2025-06-26,22000,PE,262.95,300.0,257.85,277.15,277.15,933,141325,8425,23349.9
2024-11-21,2025-12-24,22000,CE,3200.0,3200.0,3150.0,3175.0,3175.0,2,2875,50,23349.9
2024-11-21,2024-11-28,24000,PE,540.0,733.4,540.0,661.6,661.6,66373,2053200,-79450,23349.9
2024-11-21,2028-12-28,24000,CE,0.0,0.0,0.0,5850.3,5706.5,0,0,0,23349.9
2024-11-21,2025-06-26,22000,CE,0.0,0.0,0.0,2088.15,2423.55,0,0,0,23349.9
2024-11-21,2026-12-31,22000,PE,0.0,0.0,0.0,374.5,324.2,0,200,0,23349.9
2024-11-21,2024-11-21,26200,CE,0.35,0.95,0.05,0.05,23349.9,202420,244425,-327950,23349.9
2024-11-21,2024-12-05,26200,PE,0.0,0.0,0.0,1670.3,2782.35,0,0,0,23349.9
2024-11-21,2025-01-30,26200,CE,28.0,34.7,21.25,27.7,27.7,161,4825,600,23349.9
2024-11-21,2024-12-26,26200,CE,9.45,10.8,6.55,9.15,9.15,4944,146525,-12925,23349.9
2024-11-21,2024-12-26,26200,PE,2756.6,2756.6,2628.5,2655.0,2655.0,41,10400,675,23349.9
2024-11-21,2024-11-21,26200,PE,2890.0,2918.25,2850.0,2856.6,23349.9,78,925,-1700,23349.9
2024-11-21,2024-11-28,26200,CE,1.4,2.35,1.4,1.7,1.7,8649,83200,3525,23349.9
2024-11-21,2024-12-26,26550,PE,0.0,0.0,0.0,1261.6,3029.35,0,25,0,23349.9
2024-11-21,2024-11-28,26550,CE,1.95,2.3,1.25,1.65,1.65,1482,14550,5525,23349.9
2024-11-21,2027-12-30,18000,CE,0.0,0.0,0.0,6285.7,8794.75,0,0,0,23349.9
2024-11-21,2024-12-26,26550,CE,8.45,8.45,6.45,6.45,0.55,4,3775,0,23349.9
2024-11-21,2024-12-05,23900,CE,98.15,105.65,56.55,62.6,62.6,25197,197200,79925,23349.9
2024-11-21,2024-11-21,23900,CE,4.0,5.1,0.05,0.1,23349.9,6383513,5195350,-280500,23349.9
2024-11-21,2024-11-28,23900,CE,56.75,60.0,19.05,21.25,21.25,356878,2037775,723475,23349.9
2024-11-21,2024-12-12,23900,PE,530.0,574.45,530.0,549.75,586.3,25,1425,150,23349.9
2024-11-21,2024-12-26,23900,PE,555.0,652.05,555.0,607.35,607.35,6430,168900,9475,23349.9
2024-11-21,2024-12-19,23900,PE,573.0,573.0,573.0,573.0,605.1,2,100,-50,23349.9
2024-11-21,2024-12-19,23900,CE,212.1,212.1,154.85,184.3,178.4,10,75,75,23349.9
2024-11-21,2024-11-28,23900,PE,442.0,637.05,442.0,576.45,576.45,23470,518750,175,23349.9
2024-11-21,2025-01-30,23900,PE,650.0,688.2,603.2,643.7,643.7,840,71450,-1100,23349.9
2024-11-21,2024-12-12,23900,CE,151.25,155.0,107.25,119.5,119.5,1042,14300,7100,23349.9
2024-11-21,2024-12-26,23900,CE,261.05,270.5,200.5,219.15,219.15,31460,548225,332200,23349.9
2024-11-21,2025-01-30,23900,CE,450.0,457.0,390.75,410.85,410.85,477,12300,5175,23349.9
2024-11-21,2024-11-21,23900,PE,460.0,654.0,459.95,555.65,23349.9,16449,289900,-199450,23349.9
2024-11-21,2024-11-28,24150,CE,16.2,24.05,7.15,7.45,7.45,114057,504250,175750,23349.9
2024-11-21,2024-12-05,24150,PE,771.85,791.2,729.55,788.25,774.5,19,6500,-175,23349.9
2024-11-21,2024-12-12,24150,PE,0.0,0.0,0.0,299.0,780.6,0,75,0,23349.9
2024-11-21,2025-01-30,24150,PE,804.0,804.0,804.0,804.0,834.85,4,275,25,23349.9
2024-11-21,2025-01-30,24150,CE,314.3,331.7,275.3,324.15,324.15,492,14100,11750,23349.9
2024-11-21,2024-12-05,24150,CE,48.9,50.7,15.1,26.7,26.7,2840,20350,9800,23349.9
2024-11-21,2024-11-21,25300,CE,0.25,0.95,0.05,0.1,23349.9,308184,384300,45375,23349.9
2024-11-21,2024-12-05,25300,PE,0.0,0.0,0.0,956.9,1885.0,0,0,0,23349.9
2024-11-21,2024-12-12,25300,CE,9.2,10.65,6.5,7.8,7.8,74,5675,250,23349.9
2024-11-21,2024-11-28,26400,CE,2.5,2.5,1.4,1.65,1.65,9093,107450,24925,23349.9
2024-11-21,2024-11-21,26400,PE,3135.0,3135.0,3056.1,3059.0,23349.9,67,325,-1300,23349.9
2024-11-21,2024-12-26,26400,CE,9.9,9.9,6.45,7.95,7.95,2171,70100,3725,23349.9
2024-11-21,2024-11-21,26400,CE,0.3,0.95,0.05,0.05,23349.9,584685,1006025,-1564325,23349.9
2024-11-21,2024-12-26,26400,PE,2872.45,2872.45,2872.45,2872.45,2880.6,2,675,50,23349.9
2024-11-21,2025-12-24,19500,CE,0.0,0.0,0.0,6000.0,5274.8,0,1675,0,23349.9
2024-11-21,2024-11-28,27250,CE,1.65,2.95,1.05,1.5,1.5,2872,29750,22475,23349.9
2024-11-21,2024-12-26,27250,PE,0.0,0.0,0.0,1158.55,3724.35,0,0,0,23349.9
2024-11-21,2024-12-26,27250,CE,0.0,0.0,0.0,10.1,0.05,0,425,0,23349.9
2024-11-21,2024-12-26,25550,CE,17.0,17.0,12.4,13.95,13.95,1721,19075,-13225,23349.9
2024-11-21,2024-12-19,24450,CE,0.0,0.0,0.0,97.6,61.95,0,25,0,23349.9
2024-11-21,2024-12-12,24450,PE,0.0,0.0,0.0,526.1,1040.3,0,0,0,23349.9
2024-11-21,2025-01-30,24450,PE,0.0,0.0,0.0,827.4,1037.95,0,400,0,23349.9
2024-11-21,2024-11-28,24450,CE,1.05,6.45,1.05,3.25,3.25,64845,294700,118175,23349.9
2024-11-21,2024-12-19,24450,PE,0.0,0.0,0.0,937.35,1035.75,0,0,0,23349.9
2024-11-21,2024-11-21,24450,CE,0.35,1.1,0.05,0.1,23349.9,1088114,759800,-384850,23349.9
2024-11-21,2024-12-12,24450,CE,57.5,57.5,30.3,41.55,34.95,73,1675,1625,23349.9
2024-11-21,2024-12-26,24450,PE,990.3,1077.9,967.25,967.25,1034.0,6,8350,100,23349.9
2024-11-21,2024-11-28,27200,PE,0.0,0.0,0.0,3369.9,3814.9,0,3025,0,23349.9
2024-11-21,2024-12-26,27200,PE,0.0,0.0,0.0,2700.0,3674.7,0,25,0,23349.9
2024-11-21,2024-11-21,25600,PE,2374.2,2374.2,2252.75,2255.8,23349.9,289,2325,-5275,23349.9
2024-11-21,2024-11-28,25600,PE,2207.7,2290.0,2187.75,2241.4,2241.4,264,75400,4725,23349.9
2024-11-21,2024-11-21,25600,CE,0.5,2.0,0.05,0.1,23349.9,205696,227925,-61600,23349.9
2024-11-21,2024-12-12,25600,PE,0.0,0.0,0.0,1329.8,2151.65,0,0,0,23349.9
2024-11-21,2025-01-30,25600,CE,54.6,54.6,45.85,47.4,47.4,169,4650,3375,23349.9
2024-11-21,2024-12-05,25600,PE,0.0,0.0,0.0,1176.9,2183.95,0,0,0,23349.9
2024-11-21,2025-01-30,25600,PE,0.0,0.0,0.0,1804.8,1981.1,0,725,0,23349.9
2024-11-21,2024-12-12,25600,CE,7.45,7.5,6.1,6.1,6.1,10,450,75,23349.9
2024-11-21,2024-12-05,25600,CE,4.3,6.0,2.95,3.35,3.35,220,6125,1225,23349.9
2024-11-21,2024-11-28,25600,CE,2.1,2.8,1.15,1.85,1.85,22677,207825,74775,23349.9
2024-11-21,2024-12-26,25600,CE,16.0,16.0,11.8,12.8,12.8,5172,164950,7875,23349.9
2024-11-21,2024-12-26,25600,PE,2110.0,2133.4,2058.35,2084.9,2084.9,17,30850,0,23349.9
2024-11-21,2024-12-12,24200,CE,79.1,81.8,49.95,55.3,55.3,1272,16725,7350,23349.9
2024-11-21,2025-01-30,24200,CE,350.0,350.0,269.45,296.7,296.7,1114,24025,8425,23349.9
2024-11-21,2024-12-19,22850,PE,0.0,0.0,0.0,147.05,119.4,0,0,0,23349.9
2024-11-21,2024-12-12,24700,PE,0.0,0.0,0.0,669.2,1271.7,0,0,0,23349.9
2024-11-21,2024-12-26,15000,PE,2.4,3.55,2.35,2.9,2.9,886,83625,1925,23349.9
2024-11-21,2027-12-30,15000,PE,0.0,0.0,0.0,37.4,3.65,0,350,0,23349.9
2024-11-21,2025-06-26,15000,PE,0.0,0.0,0.0,20.05,0.05,0,1725,0,23349.9
2024-11-21,2024-12-26,27700,PE,0.0,0.0,0.0,1446.95,4171.4,0,0,0,23349.9
2024-11-21,2024-12-26,15000,CE,8400.0,8500.0,8400.0,8450.0,8446.7,14,15225,-350,23349.9
2024-11-21,2024-11-28,27700,PE,0.0,0.0,0.0,4180.0,4314.25,0,650,0,23349.9
2024-11-21,2025-01-30,25000,CE,132.9,134.25,93.1,103.7,103.7,18010,519400,78150,23349.9
2024-11-21,2024-12-26,25000,PE,1350.0,1565.0,1349.95,1500.6,1500.6,7912,1576400,19725,23349.9
2024-11-21,2024-12-05,25800,PE,0.0,0.0,0.0,1334.25,2383.4,0,0,0,23349.9
2024-11-21,2024-11-28,25000,CE,3.2,4.25,2.0,2.2,2.2,518040,6010650,2144225,23349.9
2024-11-21,2024-12-12,25800,PE,0.0,0.0,0.0,1500.75,2350.45,0,0,0,23349.9
2024-11-21,2025-01-30,25000,PE,1395.0,1426.55,1335.2,1399.85,1399.85,959,70275,-9825,23349.9
2024-11-21,2024-11-21,25000,PE,1605.55,1749.0,1605.55,1653.8,23349.9,8064,41125,-147100,23349.9
2024-11-21,2026-12-31,25000,CE,0.0,0.0,0.0,1811.2,2715.45,0,0,0,23349.9
2024-11-21,2024-11-21,25800,CE,0.45,0.95,0.05,0.05,23349.9,143941,185100,-51400,23349.9
2024-11-21,2025-06-26,25000,CE,613.0,656.95,551.0,596.7,596.7,1056,91075,3075,23349.9
2024-11-21,2024-12-12,25000,CE,17.0,21.75,9.5,11.55,11.55,2513,44525,5900,23349.9
2024-11-21,2025-12-24,25000,PE,1320.6,1366.3,1275.0,1310.95,1310.95,857,221000,-700,23349.9
2024-11-21,2024-11-28,25800,PE,2409.95,2503.35,2404.1,2443.2,2443.2,272,145975,3425,23349.9
2024-11-21,2028-06-29,25000,PE,0.0,0.0,0.0,2016.8,801.85,0,0,0,23349.9
2024-11-21,2029-06-28,25000,PE,0.0,0.0,0.0,852.5,669.5,0,0,0,23349.9
2024-11-21,2028-12-28,25000,CE,0.0,0.0,0.0,5350.4,5131.8,0,0,0,23349.9
2024-11-21,2024-12-19,25000,PE,0.0,0.0,0.0,1384.0,1537.9,0,0,0,23349.9
2024-11-21,2024-12-05,25000,CE,7.0,7.5,3.85,4.4,4.4,21275,302750,137600,23349.9
2024-11-21,2025-01-30,23700,CE,543.0,555.0,493.4,527.45,527.45,443,16275,2150,23349.9
2024-11-21,2024-12-05,23700,PE,410.95,474.7,373.45,417.45,417.45,6849,106450,2025,23349.9
2024-11-21,2024-12-05,24900,PE,1480.0,1480.0,1480.0,1480.0,1487.8,1,625,25,23349.9
2024-11-21,2025-01-30,25900,PE,0.0,0.0,0.0,1558.45,2256.05,0,0,0,23349.9
2024-11-21,2024-12-05,25900,PE,0.0,0.0,0.0,1415.75,2483.15,0,0,0,23349.9
2024-11-21,2024-12-12,25900,CE,4.0,5.3,4.0,5.3,0.25,8,200,-25,23349.9
2024-11-21,2024-11-28,25900,PE,2550.3,2559.5,2491.4,2537.9,2537.9,381,62675,8100,23349.9
2024-11-21,2024-11-28,25900,CE,1.85,2.5,1.5,1.7,1.7,14881,124275,12500,23349.9
2024-11-21,2025-01-30,25900,CE,39.8,43.8,34.0,34.85,34.85,89,6725,0,23349.9
2024-11-21,2024-12-26,25900,PE,0.0,0.0,0.0,2228.0,2386.5,0,3800,0,23349.9
2024-11-21,2024-11-21,25900,CE,0.15,0.9,0.05,0.05,23349.9,138974,113875,-104275,23349.9
2024-11-21,2024-12-26,25900,CE,8.1,13.4,8.1,10.75,10.75,5199,41025,-9950,23349.9
2024-11-21,2024-12-12,25900,PE,0.0,0.0,0.0,1588.65,2449.95,0,0,0,23349.9
2024-11-21,2024-11-21,25900,PE,2625.0,2626.7,2554.2,2554.95,23349.9,466,2700,-8425,23349.9
2024-11-21,2024-12-05,25900,CE,4.0,4.2,2.55,2.7,2.7,59,1750,200,23349.9
2024-11-21,2024-12-19,24350,PE,0.0,0.0,0.0,862.7,950.75,0,0,0,23349.9
2024-11-21,2025-01-30,24350,CE,0.0,0.0,0.0,387.2,280.9,0,475,0,23349.9
2024-11-21,2024-12-12,24350,PE,0.0,0.0,0.0,474.45,951.15,0,0,0,23349.9
2024-11-21,2024-12-05,24350,CE,30.6,30.6,14.5,15.15,15.15,2986,18725,6950,23349.9
2024-11-21,2024-12-26,24350,CE,115.0,116.0,85.65,93.8,93.8,3021,32075,9975,23349.9
2024-11-21,2024-12-26,24350,PE,898.5,954.0,898.5,912.65,912.65,23,6600,150,23349.9
2024-11-21,2024-12-05,24350,PE,0.0,0.0,0.0,881.95,956.05,0,1125,0,23349.9
2024-11-21,2024-11-21,24350,PE,1031.0,1074.75,998.95,1005.5,23349.9,459,6825,-7025,23349.9
2024-11-21,2024-11-21,23100,CE,301.0,301.0,163.3,247.0,23349.9,284353,155775,57250,23349.9
2024-11-21,2024-12-26,27300,PE,0.0,0.0,0.0,2750.0,3774.0,0,0,0,23349.9
2024-11-21,2024-11-21,22800,CE,548.7,577.85,453.6,547.1,23349.9,13803,11975,5850,23349.9
2024-11-21,2024-11-21,22550,CE,803.3,803.9,685.1,798.55,23349.9,60,525,250,23349.9
2024-11-21,2024-12-12,22550,CE,0.0,0.0,0.0,1837.05,929.15,0,0,0,23349.9
2024-11-21,2024-12-26,24550,PE,1101.45,1101.45,1050.0,1091.45,1091.45,38,7750,400,23349.9
2024-11-21,2024-12-12,24550,PE,0.0,0.0,0.0,580.95,1131.55,0,0,0,23349.9
2024-11-21,2024-12-26,23000,CE,810.0,819.0,677.25,718.5,718.5,20567,785750,99325,23349.9
2024-11-21,2024-12-26,23000,PE,201.0,252.5,191.5,219.8,219.8,110084,3978650,128475,23349.9
2024-11-21,2024-11-28,24550,CE,5.25,5.25,2.6,2.9,2.9,65978,394550,160475,23349.9
2024-11-21,2024-12-19,23000,CE,0.0,0.0,0.0,864.35,628.5,0,0,0,23349.9
2024-11-21,2024-12-05,23000,CE,607.0,607.0,476.6,519.45,519.45,3024,41475,25375,23349.9
2024-11-21,2024-11-21,24550,CE,0.5,1.1,0.05,0.05,23349.9,911359,435825,-117550,23349.9
2024-11-21,2024-11-21,23550,PE,156.0,307.45,136.0,202.2,23349.9,399611,1123400,-745175,23349.9
2024-11-21,2024-11-28,23000,PE,73.7,108.85,60.5,79.95,79.95,831908,5511225,522200,23349.9
2024-11-21,2024-12-05,24550,PE,0.0,0.0,0.0,1021.1,1145.7,0,25,0,23349.9
2024-11-21,2024-12-05,25550,CE,4.65,4.65,3.1,3.35,3.35,107,6300,825,23349.9
2024-11-21,2024-12-26,25550,PE,2010.25,2069.6,2010.25,2069.6,2043.9,21,2650,150,23349.9
2024-11-21,2024-12-12,25550,PE,0.0,0.0,0.0,1288.15,2102.0,0,0,0,23349.9
2024-11-21,2024-11-21,25500,PE,2120.2,2244.45,2120.2,2154.2,23349.9,2057,4625,-47575,23349.9
2024-11-21,2024-12-26,26250,PE,0.0,0.0,0.0,1514.0,2732.05,0,1375,0,23349.9
2024-11-21,2024-12-05,26250,PE,0.0,0.0,0.0,1714.0,2832.25,0,0,0,23349.9
2024-11-21,2024-11-21,26250,PE,2920.0,2920.0,2918.5,2918.7,23349.9,61,1550,0,23349.9
2024-11-21,2024-12-26,26250,CE,9.05,9.05,8.05,9.0,9.0,13,3200,125,23349.9
2024-11-21,2024-11-28,26250,PE,0.0,0.0,0.0,2747.95,2866.15,0,1575,0,23349.9
2024-11-21,2024-11-21,26250,CE,0.45,0.95,0.05,0.05,23349.9,175307,245075,-23825,23349.9
2024-11-21,2025-01-30,26250,CE,31.9,33.95,23.0,30.2,30.2,411,19750,3350,23349.9
2024-11-21,2024-11-28,23850,PE,500.5,591.95,461.7,531.65,531.65,3126,67300,-17450,23349.9
2024-11-21,2024-11-21,23850,PE,414.1,601.3,414.1,503.9,23349.9,11052,151025,-69725,23349.9
2024-11-21,2024-12-26,28000,CE,6.55,6.65,4.6,5.2,5.2,7830,841400,-12125,23349.9
2024-11-21,2024-11-28,27600,CE,1.3,2.3,1.15,1.45,1.45,23869,190125,167825,23349.9
2024-11-21,2024-12-26,27600,PE,0.0,0.0,0.0,1380.05,4072.05,0,0,0,23349.9
2024-11-21,2024-11-28,27600,PE,0.0,0.0,0.0,4071.65,4214.4,0,375,0,23349.9
2024-11-21,2025-12-24,31000,CE,129.0,129.0,125.0,125.0,125.0,4,3975,50,23349.9
2024-11-21,2025-09-25,31000,PE,0.0,0.0,0.0,3384.5,5976.9,0,0,0,23349.9
2024-11-21,2028-12-28,31000,CE,0.0,0.0,0.0,2968.35,2472.85,0,0,0,23349.9
2024-11-21,2027-12-30,31000,CE,0.0,0.0,0.0,1546.6,1510.9,0,0,0,23349.9
2024-11-21,2029-06-28,31000,CE,0.0,0.0,0.0,4882.55,2977.25,0,0,0,23349.9
2024-11-21,2027-06-24,31000,PE,0.0,0.0,0.0,4436.25,3734.6,0,0,0,23349.9
2024-11-21,2028-06-29,31000,CE,0.0,0.0,0.0,1955.45,1981.55,0,0,0,23349.9
2024-11-21,2025-12-24,31000,PE,0.0,0.0,0.0,6296.45,5560.0,0,0,0,23349.9
2024-11-21,2025-06-26,31000,CE,0.0,0.0,0.0,104.1,8.95,0,0,0,23349.9
2024-11-21,2024-12-26,31000,CE,4.5,5.95,3.9,4.6,4.6,4959,303850,31700,23349.9
2024-11-21,2026-06-25,31000,CE,0.0,0.0,0.0,507.8,338.4,0,0,0,23349.9
2024-11-21,2028-06-29,31000,PE,0.0,0.0,0.0,3541.95,2935.1,0,0,0,23349.9
2024-11-21,2024-11-28,21750,CE,0.0,0.0,0.0,2041.55,1628.05,0,0,0,23349.9
2024-11-21,2024-12-26,21750,PE,55.0,55.9,40.0,53.1,53.1,1753,18200,12000,23349.9
2024-11-21,2025-01-30,21750,CE,0.0,0.0,0.0,2894.5,1926.05,0,0,0,23349.9
2024-11-21,2024-12-05,21750,CE,0.0,0.0,0.0,2836.45,1656.6,0,0,0,23349.9
2024-11-21,2028-06-29,21000,CE,0.0,0.0,0.0,5226.55,7084.55,0,0,0,23349.9
2024-11-21,2024-12-26,26700,CE,8.45,8.45,5.95,6.7,6.7,68,25950,1000,23349.9
2024-11-21,2025-06-26,21000,CE,0.0,0.0,0.0,3199.45,3257.75,0,0,0,23349.9
2024-11-21,2024-12-26,26050,CE,11.05,13.95,7.6,10.0,10.0,110,4000,-175,23349.9
2024-11-21,2027-06-24,21000,CE,0.0,0.0,0.0,3061.8,5919.65,0,0,0,23349.9
2024-11-21,2025-12-24,21000,PE,284.0,310.0,280.05,292.9,292.9,167,30500,575,23349.9
2024-11-21,2026-06-25,21000,PE,0.0,0.0,0.0,3065.6,178.75,0,0,0,23349.9
2024-11-21,2025-01-30,26050,PE,0.0,0.0,0.0,1670.95,2396.2,0,0,0,23349.9
2024-11-21,2025-12-24,21000,CE,0.0,0.0,0.0,4148.0,3984.15,0,375,0,23349.9
2024-11-21,2024-12-19,23350,CE,472.45,472.45,412.0,444.25,444.25,17,250,250,23349.9
2024-11-21,2024-11-28,23350,CE,287.8,287.8,162.35,188.3,188.3,382206,1424350,1402200,23349.9
2024-11-21,2024-11-21,23350,PE,46.4,130.0,0.05,3.6,23349.9,52503828,24114300,22637325,23349.9
2024-11-21,2024-12-26,23350,PE,347.35,364.45,300.0,329.8,329.8,3865,32225,7200,23349.9
2024-11-21,2029-06-28,26000,CE,0.0,0.0,0.0,7052.2,5158.05,0,0,0,23349.9
2024-11-21,2025-12-24,26000,CE,975.0,975.0,872.0,900.85,900.85,471,62600,3150,23349.9
2024-11-21,2024-11-28,26000,PE,2484.95,2706.45,2450.0,2642.5,2642.5,5677,1184600,61925,23349.9
2024-11-21,2028-12-28,26000,PE,0.0,0.0,0.0,1160.95,952.35,0,0,0,23349.9
2024-11-21,2025-09-25,26000,CE,0.0,0.0,0.0,2854.15,675.55,0,0,0,23349.9
2024-11-21,2025-06-26,26000,CE,341.0,341.0,301.05,302.65,302.65,1201,47400,13300,23349.9
2024-11-21,2028-06-29,26000,CE,0.0,0.0,0.0,3200.9,4016.3,0,0,0,23349.9
2024-11-21,2027-06-24,26000,PE,0.0,0.0,0.0,6202.2,1286.15,0,0,0,23349.9
2024-11-21,2024-12-05,26000,PE,2523.95,2559.95,2523.95,2543.6,2582.9,8,175,175,23349.9
2024-11-21,2024-11-21,26000,PE,2675.35,2754.25,2645.95,2655.85,23349.9,3340,38350,-79550,23349.9
2024-11-21,2026-06-25,26000,PE,0.0,0.0,0.0,6709.2,1584.75,0,0,0,23349.9
2024-11-21,2024-12-12,24200,PE,778.7,810.0,778.7,810.0,810.0,4,2025,-75,23349.9
2024-11-21,2025-01-30,24200,PE,730.0,822.05,658.55,814.5,814.5,1324,76250,25,23349.9
2024-11-21,2028-06-29,30000,CE,0.0,0.0,0.0,2278.45,2305.15,0,0,0,23349.9
2024-11-21,2025-06-26,30000,PE,0.0,0.0,0.0,6809.4,5491.55,0,0,0,23349.9
2024-11-21,2025-06-26,30000,CE,0.0,0.0,0.0,264.15,21.55,0,0,0,23349.9
2024-11-21,2029-06-28,30000,CE,0.0,0.0,0.0,5268.4,3345.4,0,0,0,23349.9
2024-11-21,2026-06-25,30000,CE,0.0,0.0,0.0,788.0,476.35,0,0,0,23349.9
2024-11-21,2024-12-05,23300,CE,450.0,450.0,279.05,305.05,305.05,18769,98325,85450,23349.9
2024-11-21,2028-06-29,30000,PE,0.0,0.0,0.0,3779.25,2474.7,0,0,0,23349.9
2024-11-21,2027-06-24,30000,CE,0.0,0.0,0.0,1478.4,1304.4,0,0,0,23349.9
2024-11-21,2024-12-26,23300,CE,550.05,572.0,482.0,514.85,514.85,11636,88700,62125,23349.9
2024-11-21,2025-03-27,30000,PE,0.0,0.0,0.0,5150.0,5960.4,0,1750,0,23349.9
2024-11-21,2024-12-12,25450,CE,8.8,8.8,4.2,6.25,6.25,55,425,-25,23349.9
2024-11-21,2025-01-30,25450,PE,0.0,0.0,0.0,1128.9,1846.95,0,300,0,23349.9
2024-11-21,2024-12-19,23650,CE,0.0,0.0,0.0,473.85,267.65,0,25,0,23349.9
2024-11-21,2026-06-25,13000,PE,0.0,0.0,0.0,21.6,0.05,0,200,0,23349.9
2024-11-21,2024-12-12,23650,CE,187.25,219.9,187.25,212.85,212.85,77,1925,100,23349.9
2024-11-21,2024-12-05,23650,PE,381.8,439.0,349.45,385.8,385.8,1215,9100,-1025,23349.9
2024-11-21,2024-12-26,27800,PE,0.0,0.0,0.0,1515.35,4270.75,0,0,0,23349.9
2024-11-21,2024-12-26,23650,PE,470.45,500.45,433.6,464.2,464.2,1755,32200,10025,23349.9
2024-11-21,2024-12-26,27800,CE,6.3,6.85,6.15,6.15,0.05,49,3150,450,23349.9
2024-11-21,2024-11-21,23650,PE,220.0,405.4,207.65,303.45,23349.9,85500,217300,-381725,23349.9
2024-11-21,2024-11-21,23650,CE,38.45,38.45,0.05,0.2,23349.9,10052797,3143800,1383125,23349.9
2024-11-21,2026-12-31,13000,PE,0.0,0.0,0.0,21.4,0.1,0,150,0,23349.9
2024-11-21,2025-12-24,13000,PE,0.0,0.0,0.0,20.1,0.05,0,225,0,23349.9
2024-11-21,2025-01-30,23650,PE,487.4,513.55,487.4,513.55,513.55,3,1200,25,23349.9
2024-11-21,2025-01-30,23650,CE,552.15,568.65,540.0,551.3,551.3,38,1800,450,23349.9
2024-11-21,2024-12-05,25000,PE,1592.95,1644.05,1550.85,1594.1,1594.1,101,2850,1625,23349.9
2024-11-21,2024-12-26,25000,CE,42.45,42.45,27.2,29.0,29.0,113021,3299525,322475,23349.9
2024-11-21,2028-12-28,25000,PE,0.0,0.0,0.0,1311.0,732.75,0,100,0,23349.9
2024-11-21,2028-06-29,25000,CE,0.0,0.0,0.0,3545.15,4552.2,0,0,0,23349.9
2024-11-21,2025-03-27,25000,PE,1250.0,1356.95,1250.0,1302.9,1302.9,3991,554625,-13875,23349.9
2024-11-21,2024-12-12,25800,CE,0.0,0.0,0.0,79.6,0.35,0,0,0,23349.9
2024-11-21,2024-12-12,25000,PE,0.0,0.0,0.0,865.95,1560.0,0,0,0,23349.9
2024-11-21,2027-06-24,25000,PE,0.0,0.0,0.0,5619.05,962.3,0,0,0,23349.9
2024-11-21,2025-12-24,25000,CE,1417.2,1417.2,1299.2,1340.2,1340.2,453,86100,675,23349.9
2024-11-21,2025-03-27,25000,CE,345.0,345.0,280.0,283.15,283.15,12839,573850,77775,23349.9
2024-11-21,2025-01-30,25800,PE,2104.2,2104.2,2104.2,2104.2,2163.5,1,525,25,23349.9
2024-11-21,2024-11-21,26300,CE,0.45,0.95,0.05,0.05,23349.9,337066,432175,-37500,23349.9
2024-11-21,2024-11-21,26300,PE,3000.0,3000.0,2973.35,2973.35,23349.9,8,275,-50,23349.9
2024-11-21,2024-11-21,24700,PE,1364.0,1446.0,1349.5,1355.5,23349.9,926,12975,-16075,23349.9
2024-11-21,2024-12-26,24700,PE,1200.0,1270.0,1173.15,1215.15,1215.15,214,59600,-1025,23349.9
2024-11-21,2024-12-12,24700,CE,18.65,22.2,15.55,19.4,19.4,253,5100,1475,23349.9
2024-11-21,2024-12-05,23400,CE,292.55,317.95,226.05,248.6,248.6,23627,137000,111275,23349.9
2024-11-21,2024-11-28,23400,CE,279.0,279.0,138.85,162.1,162.1,735193,2795625,2399250,23349.9
2024-11-21,2024-12-05,23400,PE,186.95,295.2,186.95,253.55,253.55,22963,146125,63925,23349.9
2024-11-21,2024-12-26,23400,CE,486.05,513.2,422.5,454.05,454.05,12276,115900,74050,23349.9
2024-11-21,2025-01-30,23400,PE,406.9,436.55,390.0,421.5,421.5,586,11675,1975,23349.9
2024-11-21,2024-11-28,24250,CE,11.9,12.0,5.0,5.4,5.4,88785,518025,91300,23349.9
2024-11-21,2024-11-28,24250,PE,867.95,974.0,845.0,917.55,917.55,1710,53225,-10850,23349.9
2024-11-21,2024-11-21,24250,PE,899.7,983.65,897.7,903.0,23349.9,822,75650,-2550,23349.9
2024-11-21,2024-12-26,24250,PE,855.7,883.7,811.5,845.2,845.2,224,13675,2425,23349.9
2024-11-21,2024-12-05,24250,PE,873.7,876.0,858.85,876.0,864.05,4,2125,25,23349.9
2024-11-21,2024-11-21,24250,CE,1.0,1.35,0.05,0.1,23349.9,2028966,1467175,-208950,23349.9
2024-11-21,2024-12-19,24250,CE,0.0,0.0,0.0,229.2,93.5,0,0,0,23349.9
2024-11-21,2024-12-12,24250,CE,0.0,0.0,0.0,468.15,58.35,0,0,0,23349.9
2024-11-21,2024-12-26,24250,CE,145.75,145.75,104.1,115.1,115.1,3821,33050,-1625,23349.9
2024-11-21,2024-12-12,24250,PE,0.0,0.0,0.0,368.55,864.45,0,0,0,23349.9
2024-11-21,2024-12-19,24250,PE,0.0,0.0,0.0,792.0,868.35,0,0,0,23349.9
2024-11-21,2025-01-30,24250,CE,301.0,302.9,260.95,282.8,282.8,331,7250,6575,23349.9
2024-11-21,2025-01-30,24250,PE,0.0,0.0,0.0,531.4,900.1,0,225,0,23349.9
2024-11-21,2024-12-05,24250,CE,45.15,45.15,12.65,19.15,19.15,1218,11700,5375,23349.9
2024-11-21,2025-01-30,24000,PE,665.1,727.35,657.05,698.6,698.6,8494,496275,35650,23349.9
2024-11-21,2024-12-12,24800,PE,0.0,0.0,0.0,731.85,1366.8,0,0,0,23349.9
2024-11-21,2024-12-26,24800,PE,1300.0,1362.1,1277.75,1313.8,1313.8,144,55775,-1025,23349.9
2024-11-21,2024-12-05,24800,CE,9.0,10.0,5.3,5.9,5.9,15415,124000,63775,23349.9
2024-11-21,2024-11-21,24800,CE,0.35,1.05,0.05,0.1,23349.9,944125,1182400,116900,23349.9
2024-11-21,2025-01-30,25850,CE,0.0,0.0,0.0,44.0,42.05,0,625,0,23349.9
2024-11-21,2024-12-26,25850,CE,12.3,13.0,10.0,11.15,11.15,727,7675,125,23349.9
2024-11-21,2024-12-12,25850,PE,0.0,0.0,0.0,1544.55,2400.2,0,0,0,23349.9
2024-11-21,2024-11-28,25850,CE,2.2,4.0,1.35,1.75,1.75,1225,26700,1025,23349.9
2024-11-21,2024-12-12,25850,CE,0.0,0.0,0.0,24.5,0.3,0,25,0,23349.9
2024-11-21,2024-11-21,25850,CE,0.4,0.9,0.05,0.05,23349.9,130739,116500,92800,23349.9
2024-11-21,2024-11-21,25850,PE,2550.0,2550.0,2550.0,2550.0,23349.9,2,50,-25,23349.9
2024-11-21,2024-11-28,25850,PE,2500.0,2500.0,2500.0,2500.0,2466.65,2,1300,25,23349.9
2024-11-21,2024-12-05,25850,PE,0.0,0.0,0.0,1374.75,2433.25,0,0,0,23349.9
2024-11-21,2024-12-26,25850,PE,0.0,0.0,0.0,809.35,2337.3,0,200,0,23349.9
2024-11-21,2024-11-28,25700,CE,1.8,2.65,1.55,1.85,1.85,14274,159825,7700,23349.9
2024-11-21,2025-01-30,25700,CE,50.0,52.5,37.0,47.9,47.9,230,10100,1075,23349.9
2024-11-21,2024-12-26,25700,PE,2114.85,2145.0,2114.85,2145.0,2190.2,3,4825,50,23349.9
2024-11-21,2024-12-05,25700,PE,0.0,0.0,0.0,1254.55,2283.7,0,0,0,23349.9
2024-11-21,2024-12-12,25700,PE,0.0,0.0,0.0,1414.45,2251.0,0,0,0,23349.9
2024-11-21,2024-11-28,25700,PE,2330.0,2390.0,2299.95,2351.8,2351.8,301,73250,4025,23349.9
2024-11-21,2024-12-12,25700,CE,6.5,6.95,6.0,6.2,6.2,18,825,450,23349.9
2024-11-21,2024-12-05,25700,CE,4.0,4.8,3.0,3.55,3.55,66,2475,1350,23349.9
2024-11-21,2024-11-21,25700,PE,2400.0,2466.95,2350.0,2355.45,23349.9,218,1200,-3725,23349.9
2024-11-21,2024-11-28,25650,CE,2.7,2.8,1.55,1.8,1.8,2886,20000,-6100,23349.9
2024-11-21,2024-12-12,25650,CE,0.0,0.0,0.0,99.65,0.65,0,0,0,23349.9
2024-11-21,2025-01-30,25650,CE,0.0,0.0,0.0,260.65,56.15,0,100,0,23349.9
2024-11-21,2024-12-19,23700,PE,446.65,481.25,446.65,468.0,475.4,41,400,-100,23349.9
2024-11-21,2024-11-21,23700,PE,220.0,456.15,220.0,353.0,23349.9,162276,674125,-937400,23349.9
2024-11-21,2024-12-05,23700,CE,217.0,217.0,104.0,115.85,115.85,28833,224225,124125,23349.9
2024-11-21,2024-11-28,27350,CE,1.8,3.3,1.2,1.5,1.5,4526,42875,35775,23349.9
2024-11-21,2024-12-26,27350,PE,0.0,0.0,0.0,1219.75,3823.7,0,0,0,23349.9
2024-11-21,2024-11-28,27550,PE,0.0,0.0,0.0,2990.0,4164.45,0,325,0,23349.9
2024-11-21,2024-12-26,27550,CE,7.45,7.45,6.5,6.5,0.05,2,1825,25,23349.9
2024-11-21,2024-11-28,27550,CE,1.7,2.8,1.1,1.4,1.4,27274,212900,197150,23349.9
2024-11-21,2024-12-26,27550,PE,0.0,0.0,0.0,1347.15,4022.35,0,0,0,23349.9
2024-11-21,2024-12-26,23750,PE,523.95,561.35,482.2,514.9,514.9,1843,49200,10250,23349.9
2024-11-21,2024-12-26,23750,CE,314.0,314.0,254.5,277.05,277.05,1683,25975,5325,23349.9
2024-11-21,2026-12-31,20000,CE,0.0,0.0,0.0,3704.3,6115.25,0,0,0,23349.9
2024-11-21,2026-06-25,20000,CE,0.0,0.0,0.0,3829.5,5480.2,0,0,0,23349.9
2024-11-21,2027-06-24,20000,PE,0.0,0.0,0.0,3034.2,120.4,0,0,0,23349.9
2024-11-21,2024-12-05,24800,PE,1350.0,1450.0,1350.0,1397.0,1397.0,50,850,675,23349.9
2024-11-21,2024-11-21,24800,PE,1460.6,1540.0,1447.85,1453.2,23349.9,2691,11725,-57725,23349.9
2024-11-21,2024-11-28,24800,PE,1428.05,1509.45,1392.55,1442.05,1442.05,8590,706725,-46200,23349.9
2024-11-21,2024-12-19,24800,CE,0.0,0.0,0.0,104.5,27.9,0,0,0,23349.9
2024-11-21,2025-01-30,24800,PE,0.0,0.0,0.0,747.75,1300.75,0,200,0,23349.9
2024-11-21,2024-11-28,24800,CE,3.0,4.5,1.55,2.35,2.35,154141,1735750,301950,23349.9
2024-11-21,2024-12-26,24800,CE,56.2,57.8,37.2,39.45,39.45,39874,567600,-17375,23349.9
2024-11-21,2024-12-12,24800,CE,22.05,22.05,14.7,14.85,14.85,338,5325,375,23349.9
2024-11-21,2024-12-19,24800,PE,0.0,0.0,0.0,1213.8,1349.95,0,0,0,23349.9
2024-11-21,2025-01-30,24800,CE,159.35,159.35,125.05,136.25,136.25,1217,19250,175,23349.9
2024-11-21,2024-11-21,24900,CE,0.35,1.05,0.05,0.1,23349.9,1004269,667200,97925,23349.9
2024-11-21,2024-12-05,24900,CE,7.85,9.75,4.55,5.15,5.15,3946,32200,4425,23349.9
2024-11-21,2024-12-12,22450,CE,0.0,0.0,0.0,1930.5,1018.2,0,0,0,23349.9
2024-11-21,2025-01-30,22450,PE,0.0,0.0,0.0,152.45,138.95,0,200,0,23349.9
2024-11-21,2024-12-05,22300,CE,0.0,0.0,0.0,2304.55,1115.35,0,0,0,23349.9
2024-11-21,2024-12-26,22450,CE,0.0,0.0,0.0,1277.5,1110.75,0,100,0,23349.9
2024-11-21,2024-11-21,22300,PE,0.6,1.0,0.05,0.1,23349.9,2133470,1811175,-376325,23349.9
2024-11-21,2024-12-19,22450,CE,0.0,0.0,0.0,1299.6,1064.7,0,0,0,23349.9
2024-11-21,2024-11-28,22450,PE,23.1,31.6,12.9,17.5,17.5,75027,209000,55725,23349.9
2024-11-21,2024-12-12,22450,PE,0.0,0.0,0.0,25.0,31.3,0,0,0,23349.9
2024-11-21,2024-12-05,22450,CE,0.0,0.0,0.0,1120.7,972.5,0,75,0,23349.9
2024-11-21,2024-12-26,22300,PE,101.0,104.7,78.5,93.15,93.15,12390,238900,72075,23349.9
2024-11-21,2024-11-21,22450,PE,0.9,1.5,0.05,0.1,23349.9,2196574,1095450,689150,23349.9
2024-11-21,2024-12-26,22450,PE,111.3,119.3,99.0,111.1,111.1,539,5750,875,23349.9
2024-11-21,2024-12-12,22300,CE,0.0,0.0,0.0,2072.45,1156.0,0,0,0,23349.9
2024-11-21,2024-12-05,22450,PE,48.0,53.0,32.2,41.55,41.55,923,10625,200,23349.9
2024-11-21,2025-01-30,22450,CE,0.0,0.0,0.0,1701.0,1327.6,0,25,0,23349.9
2024-11-21,2024-12-19,22100,CE,0.0,0.0,0.0,1610.3,1383.25,0,0,0,23349.9
2024-11-21,2025-01-30,24500,PE,1000.0,1050.2,961.7,1005.15,1005.15,1595,195525,1550,23349.9
2024-11-21,2025-01-30,22100,PE,127.0,133.65,113.65,128.75,128.75,515,12925,-3975,23349.9
2024-11-21,2024-12-12,24500,CE,45.0,45.05,26.2,27.65,27.65,2124,39100,14925,23349.9
2024-11-21,2024-12-26,24500,PE,1036.0,1111.0,1001.65,1052.0,1052.0,5966,638975,32675,23349.9
2024-11-21,2024-12-12,22100,PE,0.0,0.0,0.0,11.3,9.95,0,0,0,23349.9
2024-11-21,2024-12-19,22100,PE,0.0,0.0,0.0,36.85,19.2,0,0,0,23349.9
2024-11-21,2024-12-12,24500,PE,0.0,0.0,0.0,939.0,1085.7,0,175,0,23349.9
2024-11-21,2024-12-05,22100,PE,15.65,23.8,15.65,21.55,21.55,299,4350,4350,23349.9
2024-11-21,2024-12-26,22100,CE,0.0,0.0,0.0,1575.1,1422.05,0,50,0,23349.9
2024-11-21,2025-01-30,25100,CE,100.0,100.0,79.45,87.65,87.65,142,5150,400,23349.9
2024-11-21,2024-12-05,22150,PE,20.05,27.65,17.0,23.75,23.75,1262,12200,-2350,23349.9
2024-11-21,2024-12-19,22150,PE,0.0,0.0,0.0,40.9,22.15,0,0,0,23349.9
2024-11-21,2024-11-28,22150,CE,1216.9,1216.9,1184.25,1196.35,1196.35,8,200,100,23349.9
2024-11-21,2024-12-26,22150,PE,76.05,81.7,68.6,79.6,79.6,500,5650,-525,23349.9
2024-11-21,2024-12-05,22150,CE,0.0,0.0,0.0,2448.15,1261.1,0,0,0,23349.9
2024-11-21,2024-11-21,22150,PE,0.75,0.95,0.05,0.05,23349.9,948478,749800,541575,23349.9
2024-11-21,2024-12-12,22150,CE,0.0,0.0,0.0,2216.15,1297.65,0,0,0,23349.9
2024-11-21,2024-11-21,22150,CE,1270.2,1270.2,1197.35,1233.8,23349.9,4,75,25,23349.9
2024-11-21,2025-01-30,22150,CE,0.0,0.0,0.0,2533.8,1574.25,0,0,0,23349.9
2024-11-21,2024-12-12,22150,PE,0.0,0.0,0.0,12.75,11.9,0,0,0,23349.9
2024-11-21,2025-01-30,22150,PE,123.0,137.45,117.0,134.0,134.0,22,13550,100,23349.9
2024-11-21,2024-12-19,22150,CE,0.0,0.0,0.0,1564.7,1336.45,0,0,0,23349.9
2024-11-21,2024-12-26,22150,CE,0.0,0.0,0.0,1544.95,1376.2,0,100,0,23349.9
2024-11-21,2024-11-28,22150,PE,10.95,15.2,5.9,8.65,8.65,73551,229775,95900,23349.9
2024-11-21,2025-01-30,22650,CE,0.0,0.0,0.0,1336.7,1173.2,0,25,0,23349.9
2024-11-21,2025-01-30,22650,PE,0.0,0.0,0.0,184.05,182.0,0,75,0,23349.9
2024-11-21,2024-12-26,27950,PE,0.0,0.0,0.0,1620.8,4419.8,0,0,0,23349.9
2024-11-21,2024-12-05,22650,CE,0.0,0.0,0.0,938.6,789.2,0,25,0,23349.9
2024-11-21,2024-11-28,22650,PE,29.8,48.5,22.35,30.4,30.4,66277,267025,147450,23349.9
2024-11-21,2025-03-27,27000,CE,60.05,69.6,50.55,51.9,51.9,4122,513725,7475,23349.9
2024-11-21,2024-11-28,27000,CE,1.6,2.25,1.25,1.45,1.45,102789,2550850,333800,23349.9
2024-11-21,2025-09-25,27000,PE,0.0,0.0,0.0,1168.15,2578.05,0,0,0,23349.9
2024-11-21,2024-11-28,26950,CE,1.6,2.1,1.2,1.55,1.55,1511,11950,6950,23349.9
2024-11-21,2028-12-28,27000,PE,0.0,0.0,0.0,1413.85,1209.8,0,0,0,23349.9
2024-11-21,2027-12-30,27000,CE,0.0,0.0,0.0,2889.8,2948.15,0,0,0,23349.9
2024-11-21,2026-12-31,27000,CE,0.0,0.0,0.0,1651.65,1792.35,0,0,0,23349.9
2024-11-21,2028-12-28,27000,CE,0.0,0.0,0.0,4437.95,4092.75,0,0,0,23349.9
2024-11-21,2024-11-21,23200,CE,280.25,281.95,78.35,146.8,23349.9,2708905,641950,460150,23349.9
2024-11-21,2024-12-05,23200,CE,431.95,443.75,338.5,372.45,372.45,8205,57625,41000,23349.9
2024-11-21,2025-01-30,23200,CE,849.4,849.45,780.9,817.2,817.2,39,850,775,23349.9
2024-11-21,2024-12-12,23200,PE,246.0,258.4,190.0,217.95,217.95,1200,12825,7525,23349.9
2024-11-21,2024-11-28,23200,PE,112.95,168.5,104.0,133.0,133.0,475057,2477900,902850,23349.9
2024-11-21,2024-11-21,23200,PE,24.95,62.1,0.05,0.3,23349.9,17494387,4962375,1430875,23349.9
2024-11-21,2024-12-19,23200,PE,213.15,277.75,213.15,245.2,245.2,100,525,50,23349.9
2024-11-21,2024-12-26,23200,CE,680.0,680.0,542.5,576.1,576.1,7912,101350,58475,23349.9
2024-11-21,2024-12-19,23200,CE,0.0,0.0,0.0,727.35,497.55,0,0,0,23349.9
2024-11-21,2024-12-26,23200,PE,250.0,312.55,247.6,278.5,278.5,18611,303100,23525,23349.9
2024-11-21,2024-11-28,23200,CE,339.4,356.4,246.4,280.8,280.8,129346,534175,454525,23349.9
2024-11-21,2025-01-30,23200,PE,355.0,368.05,327.7,348.25,348.25,792,15825,-900,23349.9
2024-11-21,2024-12-12,23200,CE,510.05,510.05,420.0,446.6,446.6,122,1675,1400,23349.9
2024-11-21,2024-12-05,24750,PE,0.0,0.0,0.0,1229.3,1340.15,0,25,0,23349.9
2024-11-21,2024-12-26,24750,CE,55.95,56.25,41.6,43.5,43.5,1005,15075,-2700,23349.9
2024-11-21,2025-01-30,24750,CE,0.0,0.0,0.0,181.3,179.9,0,250,0,23349.9
2024-11-21,2024-11-21,24750,PE,1435.3,1435.3,1400.0,1400.95,23349.9,42,1625,-725,23349.9
2024-11-21,2024-12-12,24750,CE,29.9,29.9,18.7,18.7,18.7,8,1250,175,23349.9
2024-11-21,2024-12-05,21850,PE,15.0,17.0,15.0,16.6,16.6,4,125,75,23349.9
2024-11-21,2024-11-28,21850,PE,8.75,9.3,2.65,4.8,4.8,80999,585050,561475,23349.9
2024-11-21,2025-01-30,21850,PE,0.0,0.0,0.0,87.45,55.1,0,2025,0,23349.9
2024-11-21,2024-11-21,21850,PE,2.0,2.0,0.05,0.1,23349.9,695093,1173475,-185575,23349.9
2024-11-21,2025-01-30,21850,CE,0.0,0.0,0.0,2803.1,1836.05,0,0,0,23349.9
2024-11-21,2024-12-26,21850,CE,0.0,0.0,0.0,1822.9,1656.3,0,100,0,23349.9
2024-11-21,2024-11-21,21850,CE,1489.9,1489.9,1447.25,1447.25,23349.9,2,100,0,23349.9
2024-11-21,2024-11-28,26750,CE,2.05,2.3,1.35,1.55,1.55,3108,28200,20550,23349.9
2024-11-21,2024-12-26,26750,PE,0.0,0.0,0.0,878.25,3227.8,0,0,0,23349.9
2024-11-21,2024-11-28,26600,PE,3279.75,3279.8,3210.0,3246.5,3246.5,15,3700,75,23349.9
2024-11-21,2027-12-30,21000,PE,0.0,0.0,0.0,582.95,202.55,0,50,0,23349.9
2024-11-21,2029-06-28,21000,PE,0.0,0.0,0.0,320.25,183.0,0,0,0,23349.9
2024-11-21,2028-12-28,21000,CE,0.0,0.0,0.0,7512.5,7622.6,0,0,0,23349.9
2024-11-21,2024-12-26,26700,PE,0.0,0.0,0.0,2085.0,3178.15,0,50,0,23349.9
2024-11-21,2024-12-26,26050,PE,0.0,0.0,0.0,1057.0,2534.35,0,75,0,23349.9
2024-11-21,2024-11-21,26050,CE,0.45,0.9,0.05,0.05,23349.9,58162,46450,27250,23349.9
2024-11-21,2025-03-27,21000,PE,88.0,94.95,84.1,92.9,92.9,3876,338450,24750,23349.9
2024-11-21,2025-06-26,21000,PE,160.0,180.0,149.0,159.6,159.6,566,26725,7775,23349.9
2024-11-21,2024-12-26,21000,PE,27.5,33.0,22.25,27.55,27.55,43157,2552150,159575,23349.9
2024-11-21,2024-12-26,19000,CE,4534.6,4534.6,4400.0,4463.8,4463.8,378,90375,4175,23349.9
2024-11-21,2028-12-28,19000,PE,0.0,0.0,0.0,158.0,77.1,0,0,0,23349.9
2024-11-21,2027-12-30,19000,PE,0.0,0.0,0.0,204.7,72.85,0,775,0,23349.9
2024-11-21,2025-12-24,19000,CE,5120.0,5340.0,5100.0,5315.95,5723.35,19,3225,50,23349.9
2024-11-21,2027-12-30,19000,CE,0.0,0.0,0.0,5794.9,8017.25,0,0,0,23349.9
2024-11-21,2028-06-29,19000,CE,0.0,0.0,0.0,6252.25,8530.25,0,0,0,23349.9
2024-11-21,2027-06-24,19000,CE,0.0,0.0,0.0,7800.0,7463.15,0,100,0,23349.9
2024-11-21,2028-06-29,19000,PE,0.0,0.0,0.0,537.45,76.0,0,0,0,23349.9
2024-11-21,2025-03-27,19000,CE,0.0,0.0,0.0,4745.3,4788.4,0,0,0,23349.9
2024-11-21,2028-12-28,19000,CE,0.0,0.0,0.0,8739.0,9024.35,0,0,0,23349.9
2024-11-21,2025-03-27,19000,PE,21.1,26.45,21.1,26.45,0.9,5,125,125,23349.9
2024-11-21,2029-06-28,19000,PE,0.0,0.0,0.0,170.3,76.7,0,0,0,23349.9
2024-11-21,2026-12-31,19000,PE,0.0,0.0,0.0,234.95,57.75,0,2425,0,23349.9
2024-11-21,2025-09-25,19000,CE,0.0,0.0,0.0,8559.0,5417.25,0,0,0,23349.9
2024-11-21,2029-06-28,19000,CE,0.0,0.0,0.0,11036.95,9500.65,0,0,0,23349.9
2024-11-21,2024-12-05,23000,PE,121.6,148.0,97.65,121.5,121.5,42449,240675,134475,23349.9
2024-11-21,2025-01-30,24550,PE,0.0,0.0,0.0,590.0,1110.4,0,25,0,23349.9
2024-11-21,2024-11-28,24550,PE,1252.0,1252.0,1161.15,1206.55,1206.55,183,19850,3250,23349.9
2024-11-21,2024-12-05,24550,CE,18.0,18.0,8.65,9.15,9.15,1891,27800,10950,23349.9
2024-11-21,2029-06-28,23000,PE,0.0,0.0,0.0,543.65,372.25,0,0,0,23349.9
2024-11-21,2025-12-24,23000,CE,2490.0,2534.15,2425.0,2479.3,2479.3,202,31050,3025,23349.9
2024-11-21,2027-12-30,23000,CE,0.0,0.0,0.0,4125.7,5157.6,0,0,0,23349.9
2024-11-21,2024-11-21,23000,PE,9.0,17.7,0.05,0.2,23349.9,11642586,5819925,-451225,23349.9
2024-11-21,2025-01-30,24550,CE,202.85,202.85,190.1,190.1,190.1,23,950,500,23349.9
2024-11-21,2025-12-24,23000,PE,672.0,697.0,646.05,672.45,672.45,1012,215525,2650,23349.9
2024-11-21,2024-12-12,23550,CE,289.85,300.0,235.0,250.85,250.85,34,925,100,23349.9
2024-11-21,2026-12-31,23000,CE,0.0,0.0,0.0,2020.0,3906.4,0,500,0,23349.9
2024-11-21,2028-06-29,23000,PE,0.0,0.0,0.0,1399.25,428.55,0,0,0,23349.9
2024-11-21,2027-06-24,23000,PE,0.0,0.0,0.0,4514.3,483.45,0,0,0,23349.9
2024-11-21,2029-06-28,23000,CE,0.0,0.0,0.0,8636.0,6864.4,0,0,0,23349.9
2024-11-21,2024-12-26,18500,CE,0.0,0.0,0.0,5199.0,4969.25,0,1050,0,23349.9
2024-11-21,2024-11-21,24550,PE,1231.8,1295.0,1185.3,1209.35,23349.9,162,5025,-1700,23349.9
2024-11-21,2024-12-26,24550,CE,95.5,95.5,60.3,64.6,64.6,1075,28700,2775,23349.9
2024-11-21,2024-11-28,25550,CE,2.5,3.0,1.6,1.9,1.9,5488,54975,-2875,23349.9
2024-11-21,2024-12-12,25550,CE,7.45,8.4,7.45,8.4,8.4,9,225,175,23349.9
2024-11-21,2025-01-30,25550,CE,50.15,55.0,49.05,54.6,54.6,205,5050,3900,23349.9
2024-11-21,2024-11-21,25550,PE,2210.0,2215.0,2210.0,2210.35,23349.9,18,250,-400,23349.9
2024-11-21,2024-12-05,25550,PE,0.0,0.0,0.0,1139.85,2134.1,0,0,0,23349.9
2024-11-21,2024-12-12,25500,CE,8.25,8.45,5.0,7.05,7.05,509,15600,4075,23349.9
2024-11-21,2025-01-30,26250,PE,0.0,0.0,0.0,1823.3,2585.3,0,0,0,23349.9
2024-11-21,2024-11-28,26250,CE,2.15,2.4,1.35,1.65,1.65,1578,32850,1800,23349.9
2024-11-21,2024-12-19,22300,PE,0.0,0.0,0.0,55.45,33.35,0,0,0,23349.9
2024-11-21,2024-11-28,22300,CE,1099.55,1099.55,1010.25,1061.85,1061.85,120,3300,1375,23349.9
2024-11-21,2024-11-28,22300,PE,14.6,22.45,8.4,12.25,12.25,241529,1580100,647050,23349.9
2024-11-21,2024-12-12,22300,PE,44.45,54.6,44.45,53.55,53.55,36,600,600,23349.9
2024-11-21,2024-12-19,22450,PE,0.0,0.0,0.0,73.85,48.85,0,0,0,23349.9
2024-11-21,2024-11-28,22450,CE,908.35,922.2,864.55,919.4,919.4,171,16425,-575,23349.9
2024-11-21,2025-01-30,22300,PE,140.7,160.0,132.15,148.35,148.35,1069,69950,5325,23349.9
2024-11-21,2024-12-19,22300,CE,0.0,0.0,0.0,1430.2,1198.4,0,0,0,23349.9
2024-11-21,2024-11-21,22300,CE,1062.3,1062.3,955.2,1050.8,23349.9,44,225,-350,23349.9
2024-11-21,2024-12-26,22300,CE,1280.0,1300.35,1260.0,1291.15,1291.15,149,3550,3425,23349.9
2024-11-21,2025-01-30,22300,CE,0.0,0.0,0.0,2402.3,1448.85,0,0,0,23349.9
2024-11-21,2024-11-21,24500,PE,1144.85,1251.2,1119.25,1153.9,23349.9,7854,268450,-179225,23349.9
2024-11-21,2024-11-21,22100,CE,1236.75,1251.85,1236.75,1249.75,23349.9,12,100,100,23349.9
2024-11-21,2025-01-30,22100,CE,0.0,0.0,0.0,2578.15,1616.95,0,0,0,23349.9
2024-11-21,2025-01-30,24500,CE,230.05,262.7,189.25,207.1,207.1,12966,353675,113975,23349.9
2024-11-21,2024-11-21,22100,PE,0.75,0.85,0.05,0.1,23349.9,1319867,830700,-39975,23349.9
2024-11-21,2024-11-28,22100,PE,10.95,14.9,5.3,7.95,7.95,136771,505575,177625,23349.9
2024-11-21,2024-11-28,25100,CE,3.45,3.75,1.9,2.15,2.15,89208,784700,364575,23349.9
2024-11-21,2024-12-05,25100,PE,1670.0,1713.0,1670.0,1690.0,1690.0,3,125,75,23349.9
2024-11-21,2024-11-28,25100,PE,1726.4,1800.0,1704.25,1748.7,1748.7,367,156175,175,23349.9
2024-11-21,2024-12-19,23600,CE,312.35,312.35,295.0,295.0,295.0,8,175,100,23349.9
2024-11-21,2024-12-26,23600,CE,420.0,420.0,319.75,346.15,346.15,12542,108775,28100,23349.9
2024-11-21,2024-12-05,23600,CE,198.85,209.25,137.45,153.45,153.45,24612,201650,109600,23349.9
2024-11-21,2025-01-30,22800,CE,0.0,0.0,0.0,1982.3,1063.4,0,0,0,23349.9
2024-11-21,2024-12-19,22800,CE,0.0,0.0,0.0,1013.65,775.45,0,0,0,23349.9
2024-11-21,2025-01-30,22800,PE,251.75,256.55,225.2,244.2,244.2,701,29075,3625,23349.9
2024-11-21,2024-12-12,22050,PE,0.0,0.0,0.0,10.0,8.3,0,0,0,23349.9
2024-11-21,2024-12-19,22050,CE,0.0,0.0,0.0,1656.25,1430.35,0,0,0,23349.9
2024-11-21,2024-12-05,22050,CE,0.0,0.0,0.0,2544.55,1359.35,0,0,0,23349.9
2024-11-21,2024-11-28,22050,PE,10.75,12.0,3.35,7.1,7.1,82845,237475,202875,23349.9
2024-11-21,2024-11-28,22050,CE,0.0,0.0,0.0,1483.1,1328.55,0,125,0,23349.9
2024-11-21,2024-12-26,22050,CE,0.0,0.0,0.0,1636.95,1468.25,0,75,0,23349.9
2024-11-21,2024-12-05,22050,PE,22.1,25.1,19.2,21.35,21.35,229,5075,5075,23349.9
2024-11-21,2024-11-21,22050,PE,0.7,0.85,0.05,0.1,23349.9,652477,377250,203550,23349.9
2024-11-21,2024-11-28,25300,CE,2.85,3.15,1.7,1.9,1.9,58221,603050,-60050,23349.9
2024-11-21,2024-11-21,25300,PE,2000.0,2000.0,1952.3,1953.4,23349.9,402,1550,-8275,23349.9
2024-11-21,2025-01-30,25300,CE,72.0,75.6,58.85,69.8,69.8,149,11850,400,23349.9
2024-11-21,2024-11-28,25300,PE,1909.95,2010.0,1893.4,1945.35,1945.35,615,83000,-1350,23349.9
2024-11-21,2024-12-19,25300,PE,0.0,0.0,0.0,1651.65,1826.95,0,0,0,23349.9
2024-11-21,2025-01-30,25300,PE,0.0,0.0,0.0,1028.35,1715.4,0,200,0,23349.9
2024-11-21,2024-12-26,25300,CE,24.05,27.4,17.25,18.5,18.5,12197,90000,-3500,23349.9
2024-11-21,2024-12-26,25300,PE,0.0,0.0,0.0,1414.0,1802.65,0,5175,0,23349.9
2024-11-21,2024-12-12,25300,PE,0.0,0.0,0.0,1087.55,1854.45,0,0,0,23349.9
2024-11-21,2024-12-05,25300,CE,4.0,5.9,3.5,3.7,3.7,311,13975,-50,23349.9
2024-11-21,2024-12-26,21800,CE,1750.0,1760.0,1707.55,1735.0,1704.0,43,1075,1000,23349.9
2024-11-21,2024-12-05,21800,CE,0.0,0.0,0.0,2787.55,1606.9,0,0,0,23349.9
2024-11-21,2024-12-19,21800,CE,0.0,0.0,0.0,1890.4,1670.1,0,0,0,23349.9
2024-11-21,2024-12-19,21800,PE,0.0,0.0,0.0,18.8,7.6,0,0,0,23349.9
2024-11-21,2024-11-28,27450,PE,0.0,0.0,0.0,2860.0,4064.6,0,300,0,23349.9
2024-11-21,2024-12-26,27450,PE,0.0,0.0,0.0,1282.65,3923.05,0,0,0,23349.9
2024-11-21,2028-06-29,28000,CE,0.0,0.0,0.0,2596.45,3074.6,0,0,0,23349.9
2024-11-21,2027-06-24,28000,CE,0.0,0.0,0.0,2186.3,1946.3,0,0,0,23349.9
2024-11-21,2025-12-24,28000,CE,365.0,383.0,350.65,362.15,362.15,394,47950,-2000,23349.9
2024-11-21,2024-12-26,27900,PE,0.0,0.0,0.0,1585.3,4370.1,0,0,0,23349.9
2024-11-21,2024-11-21,22250,PE,0.5,1.5,0.05,0.05,23349.9,1209095,799925,-1175,23349.9
2024-11-21,2025-01-30,22250,PE,0.0,0.0,0.0,125.95,104.1,0,1650,0,23349.9
2024-11-21,2024-12-19,22250,PE,0.0,0.0,0.0,50.2,29.2,0,0,0,23349.9
2024-11-21,2025-03-27,23000,PE,356.45,399.9,353.1,379.1,379.1,8842,1189675,31200,23349.9
2024-11-21,2024-12-19,23000,PE,200.0,214.95,170.0,194.7,194.7,308,3975,450,23349.9
2024-11-21,2024-12-05,23550,PE,310.0,374.45,286.8,325.75,325.75,1932,10925,-975,23349.9
2024-11-21,2024-11-21,23550,CE,62.65,62.65,0.05,0.25,23349.9,11518933,3758325,760725,23349.9
2024-11-21,2024-12-19,24550,CE,0.0,0.0,0.0,151.8,49.8,0,0,0,23349.9
2024-11-21,2028-12-28,23000,PE,0.0,0.0,0.0,643.35,400.15,0,100,0,23349.9
2024-11-21,2024-11-21,23000,CE,494.35,494.35,256.05,346.95,23349.9,132002,128525,-28175,23349.9
2024-11-21,2025-06-26,23000,PE,460.6,525.05,440.0,480.75,480.75,1549,190600,6575,23349.9
2024-11-21,2024-12-12,23550,PE,369.95,403.85,349.65,356.15,356.15,270,1300,-250,23349.9
2024-11-21,2024-11-28,23550,PE,200.0,352.0,200.0,297.35,297.35,44200,311700,-38525,23349.9
2024-11-21,2025-09-25,23000,CE,0.0,0.0,0.0,5026.1,2108.25,0,0,0,23349.9
2024-11-21,2025-09-25,23000,PE,0.0,0.0,0.0,195.15,484.9,0,0,0,23349.9
2024-11-21,2028-06-29,23000,CE,0.0,0.0,0.0,4323.1,5746.9,0,0,0,23349.9
2024-11-21,2027-06-24,23000,CE,0.0,0.0,0.0,2530.05,4521.2,0,0,0,23349.9
2024-11-21,2025-06-26,23000,CE,1700.0,1730.8,1645.6,1666.0,1666.0,354,23725,2550,23349.9
2024-11-21,2025-01-30,23550,PE,476.7,501.8,458.65,479.65,479.65,179,975,-100,23349.9
2024-11-21,2026-06-25,23000,CE,0.0,0.0,0.0,2645.65,3208.5,0,0,0,23349.9
2024-11-21,2025-01-30,23000,PE,261.0,313.35,261.0,294.5,294.5,14853,891450,40750,23349.9
2024-11-21,2024-12-26,23550,CE,417.95,429.3,348.75,372.9,372.9,1783,26925,9350,23349.9
2024-11-21,2026-06-25,23000,PE,562.95,710.0,562.95,710.0,515.5,2,350,25,23349.9
2024-11-21,2024-12-05,23550,CE,244.0,244.0,157.5,177.3,177.3,4057,26425,12650,23349.9
2024-11-21,2024-12-19,23550,PE,412.3,412.3,362.4,400.0,400.0,10,400,125,23349.9
2024-11-21,2024-12-19,24850,PE,0.0,0.0,0.0,1255.65,1396.45,0,0,0,23349.9
2024-11-21,2025-01-30,24850,CE,0.0,0.0,0.0,160.05,159.85,0,225,0,23349.9
2024-11-21,2024-11-28,24050,PE,683.05,785.05,658.4,710.5,710.5,2117,30800,-23675,23349.9
2024-11-21,2024-12-19,24050,CE,0.0,0.0,0.0,245.45,136.8,0,25,0,23349.9
2024-11-21,2024-12-05,24050,CE,70.0,70.0,35.75,38.75,38.75,2992,29800,13700,23349.9
2024-11-21,2024-11-21,24050,PE,615.2,801.5,615.2,705.3,23349.9,930,42425,-12900,23349.9
2024-11-21,2024-11-28,24050,CE,34.0,34.0,10.55,11.15,11.15,125928,473675,161450,23349.9
2024-11-21,2024-12-26,24050,PE,684.05,745.95,670.05,708.0,708.0,311,9075,-25,23349.9
2024-11-21,2024-12-12,24050,PE,0.0,0.0,0.0,339.05,700.1,0,0,0,23349.9
2024-11-21,2025-01-30,24050,CE,0.0,0.0,0.0,556.65,381.35,0,225,0,23349.9
2024-11-21,2025-06-26,16000,PE,0.0,0.0,0.0,20.05,0.05,0,50,0,23349.9
2024-11-21,2024-12-26,16000,PE,3.9,7.35,3.0,3.8,3.8,5509,184700,6700,23349.9
2024-11-21,2025-12-24,16000,PE,0.0,0.0,0.0,20.25,0.5,0,2150,0,23349.9
2024-11-21,2026-12-31,16000,PE,0.0,0.0,0.0,58.45,4.3,0,2400,0,23349.9
2024-11-21,2026-12-31,16000,CE,0.0,0.0,0.0,6200.0,9477.8,0,50,0,23349.9
2024-11-21,2025-12-24,16000,CE,0.0,0.0,0.0,7200.0,8485.7,0,50,0,23349.9
2024-11-21,2024-12-26,16000,CE,7404.45,7465.0,7338.65,7415.8,7415.8,4066,381250,-1450,23349.9
2024-11-21,2024-11-28,24700,CE,3.2,4.55,2.0,2.35,2.35,144346,1007025,-71825,23349.9
2024-11-21,2024-12-19,24700,PE,0.0,0.0,0.0,1131.65,1257.95,0,0,0,23349.9
2024-11-21,2024-12-26,24700,CE,74.95,74.95,44.6,47.85,47.85,31833,425150,33675,23349.9
2024-11-21,2024-11-28,24700,PE,1220.0,1419.5,1220.0,1348.2,1348.2,1840,318350,9675,23349.9
2024-11-21,2024-12-19,23400,PE,360.0,360.0,315.7,329.25,329.25,35,675,425,23349.9
2024-11-21,2024-12-26,25450,CE,20.05,20.05,14.1,15.55,15.55,632,12650,2750,23349.9
2024-11-21,2024-12-26,25450,PE,0.0,0.0,0.0,1078.55,1946.95,0,14200,0,23349.9
2024-11-21,2024-12-12,23750,CE,196.8,196.8,157.6,170.8,170.8,97,3875,550,23349.9
2024-11-21,2024-12-19,23750,PE,0.0,0.0,0.0,485.45,506.25,0,0,0,23349.9
2024-11-21,2024-12-05,24400,CE,26.95,26.95,12.25,13.0,13.0,18462,125100,73025,23349.9
2024-11-21,2025-01-30,24400,PE,960.0,968.9,902.25,943.25,943.25,583,40725,-50,23349.9
2024-11-21,2024-12-12,24400,PE,0.0,0.0,0.0,499.85,995.4,0,0,0,23349.9
2024-11-21,2024-12-12,22950,CE,0.0,0.0,0.0,1475.8,604.35,0,0,0,23349.9
2024-11-21,2024-12-26,22950,CE,800.0,820.75,712.15,756.65,756.65,731,12750,11475,23349.9
2024-11-21,2024-12-19,22950,PE,0.0,0.0,0.0,172.65,145.35,0,0,0,23349.9
2024-11-21,2024-12-05,22950,PE,115.85,132.5,88.95,109.65,109.65,2366,21800,13100,23349.9
2024-11-21,2024-11-21,22950,CE,527.4,527.4,303.0,397.4,23349.9,4312,5800,175,23349.9
2024-11-21,2025-01-30,22050,PE,0.0,0.0,0.0,70.75,76.5,0,0,0,23349.9
2024-11-21,2024-11-21,22050,CE,0.0,0.0,0.0,2856.25,23349.9,0,0,0,23349.9
2024-11-21,2024-12-26,22050,PE,0.0,0.0,0.0,6.2,26.1,0,0,0,23349.9
2024-11-21,2024-12-05,24600,PE,1195.0,1200.0,1195.0,1197.5,1197.5,4,175,100,23349.9
2024-11-21,2024-12-19,24300,PE,0.0,0.0,0.0,827.0,909.2,0,0,0,23349.9
2024-11-21,2024-11-21,25400,CE,0.6,0.95,0.05,0.1,23349.9,236462,252275,114450,23349.9
2024-11-21,2025-01-30,25400,PE,0.0,0.0,0.0,978.1,1802.8,0,500,0,23349.9
2024-11-21,2024-12-19,24300,CE,85.0,85.0,62.6,70.8,70.8,17,325,325,23349.9
2024-11-21,2024-12-26,24900,PE,1371.05,1430.0,1343.15,1400.15,1400.15,65,14775,200,23349.9
2024-11-21,2024-12-26,24900,CE,47.1,47.1,30.05,33.4,33.4,11647,220300,-9500,23349.9
2024-11-21,2024-12-12,24900,CE,19.0,19.0,12.05,12.85,12.85,246,4825,2800,23349.9
2024-11-21,2024-12-19,23100,CE,0.0,0.0,0.0,794.25,560.9,0,0,0,23349.9
2024-11-21,2024-12-12,23100,CE,520.55,525.0,520.0,520.0,520.0,11,250,250,23349.9
2024-11-21,2024-12-26,25050,PE,1517.65,1593.05,1517.65,1593.05,1566.25,3,2725,25,23349.9
2024-11-21,2024-11-21,26500,CE,0.3,0.95,0.05,0.05,23349.9,1158412,1887675,-2975700,23349.9
2024-11-21,2024-11-28,26500,CE,1.65,2.25,1.1,1.6,1.6,79688,830075,311400,23349.9
2024-11-21,2024-12-26,26500,PE,2935.0,3020.6,2917.7,2967.15,2967.15,338,90575,3800,23349.9
2024-11-21,2024-11-21,26500,PE,3180.0,3247.3,3150.0,3155.05,23349.9,164,2875,-1875,23349.9
2024-11-21,2025-01-30,24600,CE,233.1,233.1,160.6,179.0,179.0,378,5525,650,23349.9
2024-11-21,2024-12-19,24600,PE,0.0,0.0,0.0,1051.75,1167.6,0,0,0,23349.9
2024-11-21,2024-11-28,22000,PE,7.55,10.65,4.6,6.6,6.6,495667,4145775,2290400,23349.9
2024-11-21,2025-12-24,24000,PE,968.7,1017.55,941.0,969.4,969.4,1527,345575,3000,23349.9
2024-11-21,2024-11-28,24000,CE,40.0,43.0,13.25,14.1,14.1,767647,6294325,1629525,23349.9
2024-11-21,2025-09-25,24000,PE,0.0,0.0,0.0,335.2,829.85,0,0,0,23349.9
2024-11-21,2024-11-21,24000,CE,2.1,3.9,0.05,0.1,23349.9,8736440,6917550,-3076725,23349.9
2024-11-21,2025-03-27,22000,PE,174.95,198.95,170.05,187.1,187.1,8515,827875,67025,23349.9
2024-11-21,2025-03-27,24000,PE,673.7,765.0,673.7,732.55,732.55,8759,970275,-5850,23349.9
2024-11-21,2027-06-24,22000,PE,0.0,0.0,0.0,3995.4,321.2,0,0,0,23349.9
2024-11-21,2027-12-30,22000,PE,0.0,0.0,0.0,329.0,311.05,0,25,0,23349.9
2024-11-21,2025-03-27,24000,CE,785.0,785.0,661.35,673.55,673.55,7823,496350,62050,23349.9
2024-11-21,2025-06-26,24000,PE,763.0,854.95,759.95,824.9,824.9,1097,166525,-1900,23349.9
2024-11-21,2028-12-28,22000,PE,0.0,0.0,0.0,446.15,282.0,0,125,0,23349.9
2024-11-21,2026-06-25,24000,PE,0.0,0.0,0.0,5437.7,790.25,0,0,0,23349.9
2024-11-21,2025-03-27,22000,CE,2165.0,2165.0,2014.15,2042.25,2042.25,567,170100,3975,23349.9
2024-11-21,2028-12-28,24000,PE,0.0,0.0,0.0,593.7,549.45,0,500,0,23349.9
2024-11-21,2025-12-24,18000,PE,0.0,0.0,0.0,123.95,8.3,0,2975,0,23349.9
2024-11-21,2026-12-31,18000,CE,0.0,0.0,0.0,4501.45,7766.25,0,0,0,23349.9
2024-11-21,2029-06-28,18000,CE,0.0,0.0,0.0,11678.65,10203.0,0,0,0,23349.9
2024-11-21,2024-12-05,25250,CE,0.0,0.0,0.0,282.4,0.4,0,0,0,23349.9
2024-11-21,2024-11-28,25250,PE,1861.7,1918.0,1861.7,1897.35,1897.35,46,8900,150,23349.9
2024-11-21,2025-06-26,29000,PE,0.0,0.0,0.0,6724.5,4558.2,0,0,0,23349.9
2024-11-21,2024-12-26,29000,CE,4.5,5.45,4.1,4.95,4.95,4693,672550,27250,23349.9
2024-11-21,2026-12-31,29000,CE,0.0,0.0,0.0,1205.35,1126.5,0,0,0,23349.9
2024-11-21,2028-06-29,29000,CE,0.0,0.0,0.0,2333.25,2668.85,0,0,0,23349.9
2024-11-21,2024-12-26,29000,PE,5450.0,5507.2,5390.0,5461.85,5461.85,294,517750,-2875,23349.9
2024-11-21,2027-12-30,29000,CE,0.0,0.0,0.0,1932.55,2137.25,0,0,0,23349.9
2024-11-21,2026-06-25,29000,PE,0.0,0.0,0.0,5546.1,3355.75,0,0,0,23349.9
2024-11-21,2026-12-31,17000,PE,0.0,0.0,0.0,66.45,11.6,0,3000,0,23349.9
2024-11-21,2024-12-26,23800,CE,349.85,349.85,234.0,253.55,253.55,23827,316650,125125,23349.9
2024-11-21,2024-12-26,17000,CE,6411.0,6500.0,6391.6,6445.0,6445.0,19,24925,-400,23349.9
2024-11-21,2024-12-05,23800,CE,157.0,170.0,77.25,86.3,86.3,35766,400750,126875,23349.9
2024-11-21,2024-12-05,22850,CE,0.0,0.0,0.0,758.25,618.35,0,50,0,23349.9
2024-11-21,2024-12-05,22850,PE,100.0,123.0,72.7,90.75,90.75,3512,13225,11200,23349.9
2024-11-21,2024-12-26,22850,CE,0.0,0.0,0.0,943.95,791.2,0,100,0,23349.9
2024-11-21,2024-11-28,27400,PE,0.0,0.0,0.0,3772.0,4014.65,0,850,0,23349.9
2024-11-21,2024-12-12,23000,CE,658.55,658.55,578.3,590.0,590.0,46,975,975,23349.9
2024-11-21,2024-11-28,23000,CE,550.05,550.05,383.0,425.2,425.2,56717,1079825,152150,23349.9
2024-11-21,2024-12-26,23550,PE,437.95,450.85,381.0,414.95,414.95,2035,45250,4650,23349.9
2024-11-21,2025-01-30,25550,PE,0.0,0.0,0.0,1312.5,1936.1,0,0,0,23349.9
2024-11-21,2024-11-21,25550,CE,0.6,5.45,0.05,0.05,23349.9,146860,146950,97400,23349.9
2024-11-21,2024-12-26,26350,PE,0.0,0.0,0.0,602.1,2831.05,0,25,0,23349.9
2024-11-21,2024-11-28,26350,PE,2970.0,2970.0,2970.0,2970.0,2966.0,1,150,0,23349.9
2024-11-21,2025-01-30,24650,PE,0.0,0.0,0.0,779.1,1185.0,0,0,0,23349.9
2024-11-21,2025-01-30,24650,CE,0.0,0.0,0.0,209.3,201.95,0,225,0,23349.9
2024-11-21,2024-11-28,24650,CE,5.0,5.0,1.8,2.45,2.45,24727,146950,19775,23349.9
2024-11-21,2024-12-12,24650,CE,0.0,0.0,0.0,39.3,20.05,0,100,0,23349.9
2024-11-21,2024-11-28,27100,PE,0.0,0.0,0.0,3584.6,3715.05,0,1975,0,23349.9
2024-11-21,2026-12-31,15000,PE,0.0,0.0,0.0,21.05,1.35,0,2150,0,23349.9
2024-11-21,2026-06-25,15000,PE,0.0,0.0,0.0,21.9,0.5,0,850,0,23349.9
2024-11-21,2024-12-05,26100,CE,3.7,5.4,1.65,3.1,3.1,205,4275,1125,23349.9
2024-11-21,2025-01-30,26100,PE,0.0,0.0,0.0,1707.8,2443.25,0,0,0,23349.9
2024-11-21,2024-11-28,26100,PE,2775.0,2793.0,2725.0,2741.4,2741.4,74,38000,1850,23349.9
2024-11-21,2024-12-26,27750,PE,0.0,0.0,0.0,1480.95,4221.05,0,0,0,23349.9
2024-11-21,2024-12-12,22900,PE,132.55,160.7,111.05,136.0,136.0,76,950,650,23349.9
2024-11-21,2025-01-30,22900,PE,252.8,278.9,250.3,270.8,270.8,358,19750,1100,23349.9
2024-11-21,2024-12-26,22900,PE,215.0,224.75,169.85,191.55,191.55,18328,387450,236800,23349.9
2024-11-21,2025-01-30,22900,CE,0.0,0.0,0.0,1143.05,993.25,0,100,0,23349.9
2024-11-21,2024-11-28,22900,CE,567.9,584.85,460.9,509.1,509.1,2166,24250,17700,23349.9
2024-11-21,2024-11-21,22900,CE,488.95,488.95,352.2,448.85,23349.9,8417,14750,725,23349.9
2024-11-21,2024-12-26,23050,PE,230.0,256.75,207.65,233.8,233.8,765,26575,5850,23349.9
2024-11-21,2024-11-28,23050,CE,427.8,463.35,347.05,390.2,390.2,6818,37200,28625,23349.9
2024-11-21,2024-12-12,23050,PE,178.05,178.05,149.95,170.0,170.0,12,325,75,23349.9
2024-11-21,2024-11-28,27250,PE,0.0,0.0,0.0,1893.75,3864.85,0,0,0,23349.9
2024-11-21,2024-11-21,26150,PE,0.0,0.0,0.0,2416.3,23349.9,0,25,0,23349.9
2024-11-21,2025-01-30,26150,PE,0.0,0.0,0.0,1745.95,2490.45,0,0,0,23349.9
2024-11-21,2024-12-12,22400,PE,0.0,0.0,0.0,22.45,26.9,0,0,0,23349.9
2024-11-21,2024-11-21,22400,CE,956.65,956.65,866.7,951.1,23349.9,77,1950,-225,23349.9
2024-11-21,2024-12-12,25150,CE,11.15,15.0,6.1,9.5,4.1,10,225,75,23349.9
2024-11-21,2024-12-12,22400,CE,0.0,0.0,0.0,2076.45,1063.65,0,25,0,23349.9
2024-11-21,2024-11-28,25150,PE,1762.3,1822.15,1744.0,1803.35,1803.35,37,7450,225,23349.9
2024-11-21,2024-12-26,22400,PE,113.5,116.4,90.0,104.8,104.8,11276,223025,76750,23349.9
2024-11-21,2024-12-26,22400,CE,1200.0,1205.8,1200.0,1203.9,1203.9,21,550,450,23349.9
2024-11-21,2024-12-19,22250,CE,0.0,0.0,0.0,1474.65,1244.0,0,0,0,23349.9
2024-11-21,2024-12-26,22250,PE,87.0,96.55,75.0,86.1,42.35,481,7925,1450,23349.9
2024-11-21,2024-12-05,25950,CE,5.0,5.0,2.5,2.7,2.7,187,7125,-25,23349.9
2024-11-21,2024-11-28,25950,PE,2600.0,2600.0,2565.0,2565.0,2566.55,13,1400,275,23349.9
2024-11-21,2024-12-12,25950,CE,5.3,7.0,4.3,4.35,4.35,58,1575,-100,23349.9
2024-11-21,2024-12-12,23800,PE,462.9,565.0,462.9,515.6,515.6,450,8550,6675,23349.9
2024-11-21,2024-12-19,25100,PE,0.0,0.0,0.0,1471.75,1633.5,0,0,0,23349.9
2024-11-21,2024-11-28,23800,CE,95.0,95.0,28.25,33.7,33.7,612435,3543150,1400925,23349.9
2024-11-21,2024-12-19,23800,PE,0.0,0.0,0.0,512.4,538.2,0,0,0,23349.9
2024-11-21,2024-11-21,23800,PE,399.95,554.0,347.75,450.8,23349.9,72813,342475,-414500,23349.9
2024-11-21,2024-11-28,27850,CE,1.15,3.75,1.1,1.25,1.25,88568,966475,842675,23349.9
2024-11-21,2024-12-26,27850,CE,6.9,6.9,4.0,6.45,6.45,27,3825,125,23349.9
2024-11-21,2024-12-26,26650,PE,0.0,0.0,0.0,827.55,3128.55,0,0,0,23349.9
2024-11-21,2024-12-26,26650,CE,8.35,8.35,5.3,8.0,8.0,60,3725,-75,23349.9
2024-11-21,2024-11-28,26650,PE,0.0,0.0,0.0,3132.0,3265.6,0,550,0,23349.9
2024-11-21,2024-11-28,26650,CE,2.25,2.25,1.25,1.6,1.6,1710,13450,7150,23349.9
2024-11-21,2024-12-05,23250,PE,195.0,229.95,163.85,190.85,190.85,6155,19675,7350,23349.9
2024-11-21,2024-12-12,23250,PE,215.45,276.5,213.4,233.4,233.4,167,1650,1050,23349.9
2024-11-21,2024-12-26,23250,CE,580.05,604.05,511.65,542.4,542.4,630,9525,3375,23349.9
2024-11-21,2024-11-21,22600,PE,1.1,1.8,0.05,0.1,23349.9,3696045,2678225,1015200,23349.9
2024-11-21,2024-11-21,22600,CE,835.55,835.55,658.85,746.55,23349.9,309,1925,25,23349.9
2024-11-21,2025-01-30,25050,PE,0.0,0.0,0.0,997.5,1503.05,0,0,0,23349.9
2024-11-21,2024-12-19,25050,PE,0.0,0.0,0.0,1427.65,1585.6,0,0,0,23349.9
2024-11-21,2024-12-05,24200,PE,806.0,876.65,768.9,821.6,821.6,162,11050,1000,23349.9
2024-11-21,2024-12-19,24200,CE,125.0,125.0,90.0,90.0,90.0,7,125,100,23349.9
2024-11-21,2024-11-21,22850,PE,5.0,6.0,0.05,0.2,23349.9,4157341,2611050,1720950,23349.9
2024-11-21,2024-12-05,24700,CE,7.25,11.4,6.0,6.55,6.55,21670,147425,91700,23349.9
2024-11-21,2024-11-21,25450,PE,2150.0,2150.0,2097.95,2108.0,23349.9,10,300,-25,23349.9
2024-11-21,2024-12-05,23750,PE,440.4,504.85,391.05,451.35,451.35,267,12575,1750,23349.9
2024-11-21,2024-11-21,23750,CE,7.9,15.45,0.05,0.15,23349.9,5811909,2897375,-378975,23349.9
2024-11-21,2024-12-26,24950,CE,39.75,39.75,28.55,31.0,31.0,1909,13725,-5375,23349.9
2024-11-21,2025-03-27,20000,CE,3752.25,3870.0,3750.0,3814.2,3814.2,212,77800,3700,23349.9
2024-11-21,2024-12-12,25350,CE,8.0,8.0,7.5,7.5,2.0,2,0,0,23349.9
2024-11-21,2024-12-05,25350,CE,5.0,7.0,3.5,5.45,5.45,153,1625,325,23349.9
2024-11-21,2024-11-28,21850,CE,1510.0,1510.5,1510.0,1510.5,1528.2,3,125,25,23349.9
2024-11-21,2024-12-19,21850,PE,0.0,0.0,0.0,21.15,8.95,0,0,0,23349.9
2024-11-21,2024-12-12,21850,PE,0.0,0.0,0.0,6.05,3.85,0,0,0,23349.9
2024-11-21,2024-12-12,21850,CE,0.0,0.0,0.0,2507.4,1588.45,0,0,0,23349.9
2024-11-21,2024-12-26,21850,PE,60.6,64.4,48.6,60.05,60.05,343,8150,3250,23349.9
2024-11-21,2024-12-19,21850,CE,0.0,0.0,0.0,1843.05,1621.7,0,0,0,23349.9
2024-11-21,2024-12-05,21850,CE,0.0,0.0,0.0,2738.8,1557.25,0,0,0,23349.9
2024-11-21,2024-11-28,27500,PE,4110.0,4184.95,4074.85,4140.85,4140.85,2478,112875,-59175,23349.9
2024-11-21,2024-12-19,23050,PE,0.0,0.0,0.0,199.4,175.25,0,0,0,23349.9
2024-11-21,2024-12-19,23050,CE,0.0,0.0,0.0,828.9,594.2,0,0,0,23349.9
2024-11-21,2025-01-30,23050,CE,0.0,0.0,0.0,1016.8,892.8,0,250,0,23349.9
2024-11-21,2024-11-28,26350,CE,1.75,2.3,1.35,1.65,1.65,695,7850,1775,23349.9
2024-11-21,2024-11-21,26350,PE,0.0,0.0,0.0,2573.95,23349.9,0,125,0,23349.9
2024-11-21,2024-11-28,27200,CE,1.6,3.4,1.25,1.45,1.45,10790,104325,47925,23349.9
2024-11-21,2024-12-26,27200,CE,0.0,0.0,0.0,8.2,0.05,0,5000,0,23349.9
2024-11-21,2024-12-19,22850,CE,0.0,0.0,0.0,975.3,737.3,0,0,0,23349.9
2024-11-21,2024-11-28,25450,PE,2083.25,2106.0,2081.8,2082.4,2082.4,44,5250,1075,23349.9
2024-11-21,2024-12-19,24950,CE,40.0,40.0,40.0,40.0,19.25,5,425,125,23349.9
2024-11-21,2025-09-25,20000,PE,0.0,0.0,0.0,22.8,46.55,0,0,0,23349.9
2024-11-21,2028-12-28,20000,CE,0.0,0.0,0.0,8115.5,8313.7,0,0,0,23349.9
2024-11-21,2026-06-25,20000,PE,0.0,0.0,0.0,3159.75,92.85,0,0,0,23349.9
2024-11-21,2024-12-26,24850,PE,0.0,0.0,0.0,1250.0,1382.15,0,4250,0,23349.9
2024-11-21,2024-12-26,24850,CE,45.0,47.9,34.75,36.65,36.65,2061,6850,-4600,23349.9
2024-11-21,2024-11-21,24850,PE,1531.25,1578.7,1487.95,1504.85,23349.9,127,950,-625,23349.9
2024-11-21,2025-01-30,22950,PE,0.0,0.0,0.0,243.7,264.05,0,200,0,23349.9
2024-11-21,2024-12-19,22950,CE,0.0,0.0,0.0,901.55,663.8,0,0,0,23349.9
2024-11-21,2024-11-21,22950,PE,5.0,12.3,0.05,0.2,23349.9,5067248,2468150,1629250,23349.9
2024-11-21,2024-12-19,22050,PE,0.0,0.0,0.0,33.1,16.6,0,0,0,23349.9
2024-11-21,2024-12-12,22050,CE,0.0,0.0,0.0,2312.75,1393.7,0,0,0,23349.9
2024-11-21,2025-01-30,22050,CE,0.0,0.0,0.0,2622.7,1660.0,0,0,0,23349.9
2024-11-21,2024-11-28,24600,CE,6.8,6.8,2.35,2.6,2.6,204530,1587725,571550,23349.9
2024-11-21,2024-12-26,24000,PE,609.0,722.0,609.0,674.15,674.15,48790,2659925,-304650,23349.9
2024-11-21,2024-12-19,24000,PE,0.0,0.0,0.0,628.5,675.9,0,0,0,23349.9
2024-11-21,2024-12-12,22000,PE,38.0,41.75,26.1,34.85,34.85,2072,18175,2300,23349.9
2024-11-21,2027-12-30,22000,CE,0.0,0.0,0.0,4499.55,5823.0,0,0,0,23349.9
2024-11-21,2026-12-31,24000,CE,0.0,0.0,0.0,2010.65,3278.4,0,0,0,23349.9
2024-11-21,2026-12-31,22000,CE,0.0,0.0,0.0,3039.0,4594.0,0,0,0,23349.9
2024-11-21,2024-11-21,22000,PE,0.45,0.75,0.05,0.1,23349.9,2569936,3042850,-1836150,23349.9
2024-11-21,2024-11-21,24600,PE,1122.95,1350.65,1122.95,1253.1,23349.9,1461,15950,-31400,23349.9
2024-11-21,2024-12-12,24000,CE,150.0,150.0,86.0,91.1,91.1,4376,51150,14050,23349.9
2024-11-21,2025-01-30,22000,CE,2021.8,2021.8,1698.6,1740.2,1740.2,110,1925,1800,23349.9
2024-11-21,2027-06-24,22000,CE,0.0,0.0,0.0,2783.5,5198.6,0,0,0,23349.9
2024-11-21,2025-01-30,24000,CE,410.05,426.5,346.3,381.6,381.6,10438,351575,42700,23349.9
2024-11-21,2024-12-26,22000,PE,68.95,78.0,56.45,69.55,69.55,103806,3499975,526550,23349.9
2024-11-21,2026-06-25,22000,PE,0.0,0.0,0.0,3829.5,315.2,0,0,0,23349.9
2024-11-21,2024-12-19,25200,PE,0.0,0.0,0.0,1561.0,1729.9,0,0,0,23349.9
2024-11-21,2025-01-30,25200,PE,0.0,0.0,0.0,1423.4,1629.35,0,100,0,23349.9
2024-11-21,2024-11-21,25200,PE,1920.0,1950.0,1851.95,1855.1,23349.9,704,4225,-13125,23349.9
2024-11-21,2024-11-28,25200,PE,1692.85,1913.3,1660.0,1860.95,1860.95,1838,696250,75,23349.9
2024-11-21,2024-11-21,25200,CE,0.3,0.95,0.05,0.1,23349.9,401122,799975,149175,23349.9
2024-11-21,2024-12-05,25200,PE,0.0,0.0,0.0,888.0,1785.45,0,300,0,23349.9
2024-11-21,2025-01-30,25200,CE,91.0,91.0,71.0,73.0,73.0,177,9425,-1200,23349.9
2024-11-21,2024-11-28,25200,CE,1.5,3.6,1.5,2.0,2.0,59440,839700,185200,23349.9
2024-11-21,2024-12-19,25200,CE,0.0,0.0,0.0,54.25,9.95,0,0,0,23349.9
2024-11-21,2024-12-05,25200,CE,5.05,5.9,3.25,3.6,3.6,723,32300,1975,23349.9
2024-11-21,2024-12-26,25200,PE,1725.0,1725.0,1679.5,1686.95,1707.4,99,16025,-25,23349.9
2024-11-21,2024-12-12,25200,PE,0.0,0.0,0.0,1012.15,1755.9,0,0,0,23349.9
2024-11-21,2024-12-26,25200,CE,27.0,35.75,20.55,21.65,21.65,16391,286950,19300,23349.9
2024-11-21,2024-12-12,25200,CE,12.05,12.05,7.65,9.35,9.35,134,4125,1575,23349.9
2024-11-21,2028-12-28,21000,PE,0.0,0.0,0.0,490.0,191.4,0,1225,0,23349.9
2024-11-21,2024-12-05,25050,CE,6.7,9.0,4.0,4.55,4.55,265,7475,3050,23349.9
2024-11-21,2024-11-21,23050,PE,15.0,24.6,0.05,0.3,23349.9,7530368,2664975,1593525,23349.9
2024-11-21,2024-12-26,23050,CE,720.05,745.0,642.45,684.7,684.7,362,12050,2050,23349.9
2024-11-21,2024-12-26,26350,CE,0.0,0.0,0.0,11.9,0.95,0,2850,0,23349.9
2024-11-21,2024-11-28,21800,PE,5.0,8.95,3.2,4.6,4.6,314947,2916600,1647150,23349.9
2024-11-21,2024-12-26,21800,PE,50.0,60.5,43.55,55.5,55.5,8650,128900,55125,23349.9
2024-11-21,2024-12-12,25250,PE,0.0,0.0,0.0,1049.1,1805.15,0,0,0,23349.9
2024-11-21,2024-12-26,25250,CE,27.5,27.5,18.55,19.4,19.4,2091,14250,550,23349.9
2024-11-21,2024-12-19,25250,CE,0.0,0.0,0.0,49.75,8.65,0,0,0,23349.9
2024-11-21,2025-01-30,25250,CE,96.95,101.8,63.95,63.95,96.85,11,4475,0,23349.9
2024-11-21,2024-12-12,25250,CE,11.9,15.0,7.35,8.45,8.45,34,3025,-350,23349.9
2024-11-21,2024-12-12,24050,CE,0.0,0.0,0.0,213.3,93.2,0,125,0,23349.9
2024-11-21,2024-11-21,24050,CE,1.2,2.05,0.05,0.1,23349.9,3153025,2553350,-53150,23349.9
2024-11-21,2024-12-05,24050,PE,665.95,687.35,540.7,629.95,629.95,38,6800,-625,23349.9
2024-11-21,2024-12-26,24050,CE,195.0,197.2,155.0,167.9,167.9,1593,20950,2750,23349.9
2024-11-21,2024-12-19,24050,PE,0.0,0.0,0.0,659.6,712.7,0,0,0,23349.9
2024-11-21,2025-01-30,24050,PE,720.0,720.0,720.0,720.0,772.15,1,1325,0,23349.9
2024-11-21,2026-06-25,16000,PE,0.0,0.0,0.0,32.4,2.0,0,500,0,23349.9
2024-11-21,2024-11-28,27150,CE,1.9,3.0,1.2,1.55,1.55,5875,55350,46750,23349.9
2024-11-21,2024-11-28,27750,PE,0.0,0.0,0.0,3746.2,4364.2,0,250,0,23349.9
2024-11-21,2024-12-26,27150,PE,0.0,0.0,0.0,1099.0,3625.0,0,0,0,23349.9
2024-11-21,2024-12-12,25400,PE,0.0,0.0,0.0,1166.2,1953.35,0,0,0,23349.9
2024-11-21,2024-12-26,25400,CE,21.15,21.15,13.1,15.5,15.5,16278,196650,135275,23349.9
2024-11-21,2024-12-05,24300,PE,903.55,910.0,880.25,910.0,910.0,11,2975,-125,23349.9
2024-11-21,2025-01-30,25400,CE,60.0,62.45,58.7,59.95,59.95,134,3450,2475,23349.9
2024-11-21,2024-12-12,24300,CE,70.0,70.0,40.2,43.45,43.45,1579,21400,7675,23349.9
2024-11-21,2024-11-28,25250,CE,3.0,10.0,1.55,1.95,1.95,15396,128675,25525,23349.9
2024-11-21,2024-12-26,25250,PE,0.0,0.0,0.0,1567.0,1754.9,0,8125,0,23349.9
2024-11-21,2024-12-05,25250,PE,0.0,0.0,0.0,922.35,1835.2,0,0,0,23349.9
2024-11-21,2024-12-19,24850,CE,46.6,48.9,30.55,30.55,24.7,4,100,75,23349.9
2024-11-21,2024-12-05,24850,CE,10.35,10.35,5.25,5.75,5.75,495,6175,2675,23349.9
2024-11-21,2024-12-12,24850,PE,0.0,0.0,0.0,764.3,1414.8,0,0,0,23349.9
2024-11-21,2024-12-12,24850,CE,20.35,21.35,12.15,18.4,11.0,17,525,375,23349.9
2024-11-21,2024-11-21,22450,CE,927.35,927.35,792.8,898.45,23349.9,20,175,-175,23349.9
2024-11-21,2024-12-05,22300,PE,36.0,40.75,22.2,31.5,31.5,9622,72900,50600,23349.9
2024-11-21,2024-12-12,25100,CE,10.0,10.5,7.35,10.0,10.0,18,4675,-325,23349.9
2024-11-21,2024-12-12,21900,PE,0.0,0.0,0.0,6.9,4.7,0,0,0,23349.9
2024-11-21,2024-11-21,21900,CE,0.0,0.0,0.0,1566.95,23349.9,0,100,0,23349.9
2024-11-21,2025-01-30,21900,CE,0.0,0.0,0.0,2757.7,1791.5,0,0,0,23349.9
2024-11-21,2025-06-26,14000,PE,0.0,0.0,0.0,20.05,0.05,0,2075,0,23349.9
2024-11-21,2024-12-26,14000,PE,1.65,3.35,1.65,2.5,2.5,2262,353075,6900,23349.9
2024-11-21,2026-06-25,14000,PE,0.0,0.0,0.0,20.1,0.1,0,925,0,23349.9
2024-11-21,2025-01-30,23450,PE,430.4,439.0,420.0,420.0,453.15,9,800,0,23349.9
2024-11-21,2024-11-21,23450,PE,77.0,212.0,77.0,103.6,23349.9,2301707,813950,-882675,23349.9
2024-11-21,2025-01-30,21900,PE,90.25,109.95,82.4,103.15,103.15,743,26100,9025,23349.9
2024-11-21,2024-12-19,21900,PE,0.0,0.0,0.0,23.7,10.5,0,0,0,23349.9
2024-11-21,2024-11-28,21900,CE,1460.0,1460.0,1460.0,1460.0,1478.25,1,50,25,23349.9
2024-11-21,2024-12-12,21900,CE,0.0,0.0,0.0,2458.6,1539.5,0,0,0,23349.9
2024-11-21,2024-11-21,21900,PE,0.15,0.75,0.05,0.05,23349.9,806750,1114775,-789300,23349.9
2024-11-21,2024-12-26,26900,PE,0.0,0.0,0.0,2872.0,3376.7,0,25,0,23349.9
2024-11-21,2024-12-19,23450,PE,0.0,0.0,0.0,261.0,337.6,0,0,0,23349.9
2024-11-21,2024-12-26,25750,CE,14.2,14.35,11.55,12.1,12.1,98,9850,625,23349.9
2024-11-21,2024-12-26,25750,PE,0.0,0.0,0.0,452.15,2239.15,0,0,0,23349.9
2024-11-21,2024-11-21,25750,PE,2450.0,2450.0,2400.9,2400.9,23349.9,21,200,-325,23349.9
2024-11-21,2024-12-19,24100,CE,0.0,0.0,0.0,200.0,124.75,0,175,0,23349.9
2024-11-21,2024-12-19,24100,PE,0.0,0.0,0.0,691.55,750.4,0,0,0,23349.9
2024-11-21,2024-11-28,25800,CE,1.95,2.6,1.3,1.85,1.85,18564,301050,87200,23349.9
2024-11-21,2027-12-30,25000,PE,0.0,0.0,0.0,2948.45,877.15,0,0,0,23349.9
2024-11-21,2024-12-05,25800,CE,3.9,5.0,2.55,3.4,3.4,223,9725,75,23349.9
2024-11-21,2024-12-26,25800,CE,10.9,15.9,9.6,10.55,10.55,11580,256475,50200,23349.9
2024-11-21,2027-12-30,25000,CE,0.0,0.0,0.0,3458.35,3956.65,0,0,0,23349.9
2024-11-21,2024-11-28,26100,CE,2.25,2.5,1.55,1.7,1.7,19002,258250,103750,23349.9
2024-11-21,2024-12-26,26100,CE,10.05,13.8,9.2,10.05,10.05,1981,32175,-3000,23349.9
2024-11-21,2024-11-21,26100,CE,0.35,0.95,0.05,0.05,23349.9,143696,281950,80475,23349.9
2024-11-21,2024-12-26,26100,PE,0.0,0.0,0.0,2359.35,2583.7,0,6000,0,23349.9
2024-11-21,2025-01-30,26100,CE,34.75,36.45,22.45,30.1,28.85,69,4050,-675,23349.9
2024-11-21,2024-11-21,26100,PE,2816.0,2835.0,2765.15,2765.15,23349.9,91,1300,-800,23349.9
2024-11-21,2024-11-28,27150,PE,0.0,0.0,0.0,3625.4,3765.0,0,75,0,23349.9
2024-11-21,2025-01-30,24300,PE,850.0,892.3,845.0,865.95,933.65,31,3750,-150,23349.9
2024-11-21,2025-01-30,24300,CE,291.35,291.7,247.45,264.2,264.2,720,20125,11600,23349.9
2024-11-21,2024-11-28,25400,CE,2.45,3.4,1.7,1.85,1.85,25219,195400,-15875,23349.9
2024-11-21,2024-11-21,24300,PE,900.0,1049.4,900.0,954.55,23349.9,4952,111625,-110675,23349.9
2024-11-21,2024-12-26,25400,PE,1830.0,1877.0,1830.0,1877.0,1898.7,2,8150,50,23349.9
2024-11-21,2024-11-28,24300,CE,10.0,10.5,4.2,4.75,4.75,378350,2893475,458225,23349.9
2024-11-21,2024-11-28,23750,CE,110.0,110.0,35.45,42.75,42.75,184548,771325,259700,23349.9
2024-11-21,2024-12-05,23750,CE,182.0,182.0,91.0,101.9,101.9,5583,31825,15500,23349.9
2024-11-21,2024-11-21,24950,PE,1611.6,1674.75,1589.55,1609.25,23349.9,16,100,0,23349.9
2024-11-21,2028-06-29,20000,PE,0.0,0.0,0.0,400.0,126.1,0,0,0,23349.9
2024-11-21,2024-12-05,24950,PE,0.0,0.0,0.0,1384.0,1537.25,0,25,0,23349.9
2024-11-21,2027-12-30,20000,PE,0.0,0.0,0.0,311.25,125.2,0,2650,0,23349.9
2024-11-21,2025-01-30,23500,CE,700.0,700.0,598.0,629.55,629.55,3833,123700,19850,23349.9
2024-11-21,2024-11-28,22500,PE,18.9,34.9,15.0,20.35,20.35,442724,5059700,1385675,23349.9
2024-11-21,2024-12-05,22500,CE,986.0,999.0,894.0,954.0,954.0,79,1925,1050,23349.9
2024-11-21,2024-11-21,22500,CE,870.2,879.4,750.0,845.85,23349.9,2278,47800,-16075,23349.9
2024-11-21,2024-12-19,22500,PE,0.0,0.0,0.0,81.0,55.15,0,0,0,23349.9
2024-11-21,2024-12-26,23500,CE,500.05,500.05,369.6,397.4,397.4,56783,840850,281125,23349.9
2024-11-21,2024-12-12,22500,CE,0.0,0.0,0.0,1883.65,973.35,0,0,0,23349.9
2024-11-21,2025-01-30,23500,PE,405.2,480.0,405.2,460.2,460.2,7330,468075,-1275,23349.9
2024-11-21,2024-12-26,22500,CE,1148.05,1169.05,1059.05,1111.7,1111.7,2492,103600,27875,23349.9
2024-11-21,2024-12-05,23500,PE,210.0,348.0,210.0,302.1,302.1,32770,253500,31625,23349.9
2024-11-21,2026-12-31,29000,PE,0.0,0.0,0.0,5042.25,2927.65,0,0,0,23349.9
2024-11-21,2025-06-26,29000,CE,65.8,65.8,55.0,55.85,55.85,43,31400,175,23349.9
2024-11-21,2027-06-24,29000,CE,0.0,0.0,0.0,1545.2,1599.95,0,0,0,23349.9
2024-11-21,2029-06-28,29000,PE,0.0,0.0,0.0,1746.95,1652.65,0,0,0,23349.9
2024-11-21,2025-12-24,17000,PE,0.0,0.0,0.0,20.85,2.25,0,2925,0,23349.9
2024-11-21,2025-01-30,23800,PE,580.35,616.65,554.9,592.85,592.85,906,17775,2000,23349.9
2024-11-21,2024-12-26,23800,PE,499.0,590.0,499.0,544.6,544.6,11653,385050,39375,23349.9
2024-11-21,2025-01-30,24950,PE,0.0,0.0,0.0,940.0,1420.8,0,0,0,23349.9
2024-11-21,2024-12-05,25750,PE,0.0,0.0,0.0,1294.15,2333.55,0,0,0,23349.9
2024-11-21,2025-01-30,22200,PE,140.0,142.0,123.55,137.25,137.25,303,29450,2225,23349.9
2024-11-21,2024-12-19,22200,PE,0.0,0.0,0.0,45.35,25.45,0,0,0,23349.9
2024-11-21,2024-12-12,22200,PE,0.0,0.0,0.0,14.3,14.1,0,0,0,23349.9
2024-11-21,2024-12-05,22200,CE,0.0,0.0,0.0,2400.1,1212.3,0,0,0,23349.9
2024-11-21,2024-12-19,22750,CE,0.0,0.0,0.0,1052.7,814.45,0,0,0,23349.9
2024-11-21,2024-12-05,23950,PE,592.45,634.0,529.95,601.15,601.15,40,6075,50,23349.9
2024-11-21,2024-12-26,23950,PE,661.95,688.35,601.0,642.6,642.6,597,17425,-1000,23349.9
2024-11-21,2029-06-28,29000,CE,0.0,0.0,0.0,5677.9,3747.15,0,0,0,23349.9
2024-11-21,2025-03-27,29000,PE,4863.1,4900.0,4852.3,4869.0,4987.1,6,19100,-25,23349.9
2024-11-21,2027-12-30,29000,PE,0.0,0.0,0.0,4227.5,2301.05,0,0,0,23349.9
2024-11-21,2025-12-24,29000,CE,224.65,225.0,200.0,208.15,208.15,131,15525,550,23349.9
2024-11-21,2028-12-28,29000,PE,0.0,0.0,0.0,2010.85,1840.25,0,0,0,23349.9
2024-11-21,2024-12-12,23800,CE,210.0,210.0,136.0,148.25,148.25,1634,19700,16100,23349.9
2024-11-21,2024-11-21,23800,CE,7.65,10.9,0.05,0.15,23349.9,9035136,4899875,-1884675,23349.9
2024-11-21,2025-01-30,23800,CE,506.35,540.0,437.95,472.0,472.0,1109,27675,13925,23349.9
2024-11-21,2024-11-28,23800,PE,399.95,547.25,399.95,485.45,485.45,85966,1251075,-237050,23349.9
2024-11-21,2025-06-26,17000,CE,0.0,0.0,0.0,7900.0,7018.75,0,2775,0,23349.9
2024-11-21,2024-11-21,23050,CE,348.25,348.25,208.85,297.6,23349.9,45036,60325,21725,23349.9
2024-11-21,2024-11-21,23150,PE,20.1,46.2,0.05,0.25,23349.9,11546679,2666975,1137300,23349.9
2024-11-21,2024-12-26,23150,CE,644.05,672.95,574.85,612.35,612.35,460,11850,2625,23349.9
2024-11-21,2024-12-26,25950,PE,0.0,0.0,0.0,1973.95,2435.7,0,100,0,23349.9
2024-11-21,2024-12-26,22500,PE,124.95,139.25,101.5,119.75,119.75,68845,1453700,201000,23349.9
2024-11-21,2024-11-21,23500,CE,98.75,98.75,0.05,0.3,23349.9,20000371,7388650,2538875,23349.9
2024-11-21,2024-12-26,23500,PE,360.0,439.4,355.4,395.0,395.0,127300,1832625,-109725,23349.9
2024-11-21,2025-01-30,22500,PE,183.3,202.9,165.5,185.3,185.3,5340,381800,28900,23349.9
2024-11-21,2024-11-21,22500,PE,0.95,1.6,0.05,0.1,23349.9,5505937,5118075,-614825,23349.9
2024-11-21,2025-01-30,22500,CE,1382.8,1384.3,1308.0,1348.9,1348.9,70,13750,125,23349.9
2024-11-21,2024-12-12,23500,PE,322.05,383.0,302.95,341.05,341.05,1666,20625,-8975,23349.9
2024-11-21,2024-11-28,23500,CE,220.0,220.0,97.2,116.8,116.8,940702,4312075,2129775,23349.9
2024-11-21,2024-12-12,23500,CE,381.0,381.0,255.0,279.35,279.35,1569,19475,8175,23349.9
2024-11-21,2024-12-12,22500,PE,79.0,86.05,56.3,70.9,70.9,2406,44625,28575,23349.9
2024-11-21,2024-12-19,22500,CE,1100.0,1100.0,1100.0,1100.0,1021.25,2,50,50,23349.9
2024-11-21,2024-11-28,23500,PE,220.0,318.05,203.35,269.35,269.35,583611,3823575,169525,23349.9
2024-11-21,2024-12-12,25050,CE,13.45,15.1,9.65,10.0,10.0,25,1050,250,23349.9
2024-11-21,2024-11-21,25050,PE,1710.0,1710.0,1707.4,1710.0,23349.9,72,1625,-275,23349.9
2024-11-21,2024-12-12,25050,PE,0.0,0.0,0.0,901.25,1608.8,0,0,0,23349.9
2024-11-21,2024-11-21,25050,CE,0.9,1.05,0.05,0.05,23349.9,763757,531825,386425,23349.9
2024-11-21,2024-12-05,25050,PE,0.0,0.0,0.0,1380.75,1636.4,0,25,0,23349.9
2024-11-21,2024-12-19,22700,PE,0.0,0.0,0.0,115.05,87.15,0,0,0,23349.9
2024-11-21,2024-11-21,22700,PE,1.45,3.0,0.05,0.15,23349.9,4897472,4015850,1547300,23349.9
2024-11-21,2024-12-19,22700,CE,0.0,0.0,0.0,1092.35,854.3,0,0,0,23349.9
2024-11-21,2024-12-05,24700,PE,0.0,0.0,0.0,1160.0,1291.2,0,175,0,23349.9
2024-11-21,2025-01-30,24700,CE,170.0,200.25,143.2,154.75,154.75,597,9800,-400,23349.9
2024-11-21,2024-12-26,23400,PE,315.0,394.1,315.0,348.25,348.25,26859,297425,10450,23349.9
2024-11-21,2024-11-21,23400,PE,48.0,165.0,48.0,53.65,23349.9,11885177,2648775,-954100,23349.9
2024-11-21,2024-12-05,25450,PE,0.0,0.0,0.0,1064.2,2034.45,0,0,0,23349.9
2024-11-21,2024-11-21,25450,CE,0.5,0.9,0.05,0.05,23349.9,125700,94025,65500,23349.9
2024-11-21,2024-12-26,23650,CE,348.55,371.85,297.5,322.55,322.55,2078,29550,5150,23349.9
2024-11-21,2024-12-19,23650,PE,0.0,0.0,0.0,397.65,445.6,0,25,0,23349.9
2024-11-21,2024-11-28,27800,CE,1.45,2.5,1.05,1.25,1.25,118720,1082075,1026625,23349.9
2024-11-21,2024-11-28,23650,PE,265.25,424.5,265.25,365.8,365.8,16702,192125,-52850,23349.9
2024-11-21,2024-12-05,23650,CE,181.95,189.55,121.2,134.9,134.9,4637,27450,11850,23349.9
2024-11-21,2024-11-28,27800,PE,0.0,0.0,0.0,4240.65,4414.15,0,50,0,23349.9
2024-11-21,2024-12-12,24600,CE,37.0,37.0,21.8,22.2,22.2,333,13450,1400,23349.9
2024-11-21,2024-12-05,24600,CE,12.0,13.05,7.8,8.4,8.4,11877,64050,-2150,23349.9
2024-11-21,2024-12-12,24600,PE,0.0,0.0,0.0,609.6,1177.9,0,0,0,23349.9
2024-11-21,2024-12-26,24600,PE,1130.05,1200.0,1111.5,1132.9,1132.9,267,74825,1800,23349.9
2024-11-21,2029-06-28,24000,PE,0.0,0.0,0.0,694.05,506.0,0,25,0,23349.9
2024-11-21,2024-12-05,22000,CE,1380.0,1423.0,1380.0,1410.05,1410.05,19,375,375,23349.9
2024-11-21,2026-06-25,24000,CE,0.0,0.0,0.0,1698.3,2585.15,0,0,0,23349.9
2024-11-21,2024-12-19,24000,CE,165.95,166.4,132.85,145.5,145.5,291,4675,3950,23349.9
2024-11-21,2025-06-26,24000,CE,1109.4,1127.2,1050.4,1071.4,1071.4,1001,59025,6500,23349.9
2024-11-21,2024-12-05,22000,PE,19.8,26.45,14.0,19.6,19.6,22014,226225,185750,23349.9
2024-11-21,2024-12-05,24000,PE,565.0,710.55,565.0,646.45,646.45,2809,47650,4800,23349.9
2024-11-21,2028-06-29,24000,PE,0.0,0.0,0.0,1692.75,595.55,0,0,0,23349.9
2024-11-21,2024-12-05,26150,PE,0.0,0.0,0.0,1626.9,2732.5,0,0,0,23349.9
2024-11-21,2025-12-24,19000,PE,0.0,0.0,0.0,80.0,25.2,0,10175,0,23349.9
2024-11-21,2026-12-31,19000,CE,0.0,0.0,0.0,8600.0,6929.4,0,125,0,23349.9
2024-11-21,2026-06-25,19000,CE,0.0,0.0,0.0,5792.0,6329.0,0,100,0,23349.9
2024-11-21,2024-12-26,19000,PE,11.2,11.35,8.75,9.65,9.65,5125,624725,-6550,23349.9
2024-11-21,2025-06-26,19000,PE,0.0,0.0,0.0,68.05,6.45,0,600425,0,23349.9
2024-11-21,2025-06-26,19000,CE,0.0,0.0,0.0,3077.9,5103.7,0,0,0,23349.9
2024-11-21,2026-06-25,19000,PE,0.0,0.0,0.0,160.05,43.5,0,175,0,23349.9
2024-11-21,2027-06-24,19000,PE,0.0,0.0,0.0,201.05,66.75,0,525,0,23349.9
2024-11-21,2025-09-25,19000,PE,0.0,0.0,0.0,8.9,15.4,0,0,0,23349.9
2024-11-21,2024-11-28,24300,PE,915.35,1024.35,883.7,950.25,950.25,3209,1290925,16150,23349.9
2024-11-21,2024-12-12,25400,CE,9.9,10.05,7.45,8.15,8.15,1332,24300,24225,23349.9
2024-11-21,2024-12-12,24300,PE,0.0,0.0,0.0,603.45,907.45,0,300,0,23349.9
2024-11-21,2024-11-21,24300,CE,0.55,1.2,0.05,0.1,23349.9,3360850,3784200,-2034000,23349.9
2024-11-21,2024-12-26,24300,PE,899.15,940.0,845.4,893.15,893.15,702,60750,3975,23349.9
2024-11-21,2024-12-05,25400,PE,0.0,0.0,0.0,1027.85,1984.6,0,0,0,23349.9
2024-11-21,2025-01-30,22550,CE,0.0,0.0,0.0,2188.5,1249.3,0,0,0,23349.9
2024-11-21,2024-11-28,21900,PE,5.5,9.6,3.9,5.4,5.4,220918,1122975,728675,23349.9
2024-11-21,2024-12-19,21900,CE,0.0,0.0,0.0,1795.95,1573.5,0,0,0,23349.9
2024-11-21,2024-12-05,23450,CE,290.4,290.4,201.5,224.95,224.95,3282,22275,13325,23349.9
2024-11-21,2024-12-26,23450,CE,464.55,479.5,400.0,425.8,425.8,1194,16125,4725,23349.9
2024-11-21,2024-11-28,26900,PE,3550.0,3550.0,3550.0,3550.0,3515.3,2,4800,-50,23349.9
2024-11-21,2024-12-26,26900,CE,7.0,7.5,4.65,5.95,5.95,356,5575,125,23349.9
2024-11-21,2025-01-30,25750,PE,0.0,0.0,0.0,1450.65,2117.55,0,0,0,23349.9
2024-11-21,2025-01-30,25750,CE,0.0,0.0,0.0,52.55,48.65,0,2775,0,23349.9
2024-11-21,2024-11-21,22650,CE,836.55,836.55,616.6,690.75,23349.9,91,1175,-200,23349.9
2024-11-21,2024-12-12,22650,PE,0.0,0.0,0.0,44.25,55.1,0,25,0,23349.9
2024-11-21,2025-01-30,23100,PE,285.2,335.9,285.2,317.3,317.3,369,8650,2950,23349.9
2024-11-21,2024-11-28,27300,CE,1.9,2.2,1.15,1.55,1.55,6252,73225,44050,23349.9
2024-11-21,2024-12-26,23100,CE,689.0,707.0,607.95,646.8,646.8,1164,19325,5000,23349.9
2024-11-21,2024-11-21,26450,CE,0.3,1.05,0.05,0.05,23349.9,545358,441150,-1338825,23349.9
2024-11-21,2024-11-21,26450,PE,0.0,0.0,0.0,2594.1,23349.9,0,125,0,23349.9
2024-11-21,2024-12-26,26450,PE,0.0,0.0,0.0,731.6,2930.15,0,0,0,23349.9
2024-11-21,2024-11-28,26450,PE,0.0,0.0,0.0,2934.05,3065.9,0,475,0,23349.9
2024-11-21,2024-11-28,26450,CE,2.05,2.25,1.05,1.65,1.65,1548,18300,13700,23349.9
2024-11-21,2024-12-26,26450,CE,0.0,0.0,0.0,12.0,0.7,0,1450,0,23349.9
2024-11-21,2024-12-19,22650,CE,0.0,0.0,0.0,1132.65,894.95,0,0,0,23349.9
2024-11-21,2024-11-28,27950,PE,0.0,0.0,0.0,4430.0,4563.95,0,150,0,23349.9
2024-11-21,2024-12-12,24100,PE,706.1,706.1,706.1,706.1,739.9,1,125,0,23349.9
2024-11-21,2025-01-30,24100,PE,734.0,745.85,726.1,745.85,745.85,6,5975,-75,23349.9
2024-11-21,2024-12-12,24100,CE,100.75,100.75,67.05,73.4,73.4,892,8500,1450,23349.9
2024-11-21,2024-12-05,22700,CE,0.0,0.0,0.0,893.8,745.15,0,25,0,23349.9
2024-11-21,2024-12-05,22700,PE,76.65,85.15,52.35,68.05,68.05,10809,78225,53075,23349.9
2024-11-21,2024-11-28,22700,CE,750.0,750.0,629.35,679.75,679.75,894,8675,4625,23349.9
2024-11-21,2025-01-30,25150,CE,77.8,77.8,77.8,77.8,110.25,1,50,25,23349.9
2024-11-21,2025-01-30,25150,PE,0.0,0.0,0.0,1056.85,1586.9,0,0,0,23349.9
2024-11-21,2024-12-19,22400,CE,0.0,0.0,0.0,1342.65,1108.75,0,0,0,23349.9
2024-11-21,2024-12-05,22400,CE,0.0,0.0,0.0,1167.65,1019.7,0,75,0,23349.9
2024-11-21,2024-11-21,23500,PE,110.0,260.0,105.0,153.25,23349.9,2308750,1496625,-2814825,23349.9
2024-11-21,2024-12-19,23500,PE,373.2,399.0,340.0,371.4,371.4,356,3450,-125,23349.9
2024-11-21,2024-12-05,22500,PE,55.0,60.3,33.95,46.6,46.6,28054,203800,128100,23349.9
2024-11-21,2024-11-28,22500,CE,876.75,943.35,809.0,863.2,863.2,7537,500975,-27575,23349.9
2024-11-21,2024-12-05,23500,CE,300.0,300.0,177.7,197.05,197.05,35956,317800,178950,23349.9
2024-11-21,2025-12-24,29000,PE,3775.0,3800.0,3775.0,3800.0,3877.7,5,925,75,23349.9
2024-11-21,2028-12-28,29000,CE,0.0,0.0,0.0,3645.75,3207.15,0,0,0,23349.9
2024-11-21,2028-06-29,29000,PE,0.0,0.0,0.0,3595.9,2054.45,0,0,0,23349.9
2024-11-21,2025-09-25,29000,CE,0.0,0.0,0.0,1377.55,146.0,0,0,0,23349.9
2024-11-21,2026-06-25,29000,CE,0.0,0.0,0.0,864.2,660.0,0,0,0,23349.9
2024-11-21,2025-03-27,29000,CE,26.0,29.0,21.2,23.65,23.65,239,100275,-225,23349.9
2024-11-21,2025-09-25,29000,PE,0.0,0.0,0.0,2125.3,4190.45,0,0,0,23349.9
2024-11-21,2027-06-24,29000,PE,0.0,0.0,0.0,4627.1,2600.15,0,0,0,23349.9
2024-11-21,2025-12-24,17000,CE,0.0,0.0,0.0,8340.0,7558.45,0,625,0,23349.9
2024-11-21,2024-12-05,23800,PE,484.0,548.2,436.1,486.4,486.4,4059,239300,-4025,23349.9
2024-11-21,2024-12-26,17000,PE,4.75,7.15,4.75,6.15,6.15,1711,175550,-8975,23349.9
2024-11-21,2027-12-30,17000,PE,0.0,0.0,0.0,90.0,19.8,0,14200,0,23349.9
2024-11-21,2024-12-19,23800,CE,200.0,224.35,200.0,213.3,213.3,52,850,500,23349.9
2024-11-21,2024-12-26,27650,PE,0.0,0.0,0.0,1413.3,4121.7,0,0,0,23349.9
2024-11-21,2024-11-28,23350,PE,179.7,234.5,151.4,192.75,192.75,437669,1418500,1246675,23349.9
2024-11-21,2024-12-26,26850,CE,6.4,9.0,6.4,8.0,8.0,121,2775,-625,23349.9
2024-11-21,2024-12-26,26850,PE,0.0,0.0,0.0,930.8,3327.05,0,0,0,23349.9
2024-11-21,2024-11-28,26850,CE,1.95,2.1,1.45,1.55,1.55,2758,21525,5100,23349.9
2024-11-21,2024-11-28,26850,PE,0.0,0.0,0.0,3178.15,3465.35,0,825,0,23349.9
2024-11-21,2024-12-12,22700,CE,0.0,0.0,0.0,1699.0,800.8,0,0,0,23349.9
2024-11-21,2025-01-30,22700,CE,0.0,0.0,0.0,2063.8,1136.0,0,0,0,23349.9
2024-11-21,2024-12-26,22700,CE,926.0,968.0,924.3,948.75,948.75,153,3575,850,23349.9
2024-11-21,2024-12-26,22700,PE,155.05,182.2,131.45,150.95,150.95,12094,287500,16650,23349.9
2024-11-21,2024-12-05,22900,PE,100.0,122.65,79.2,99.25,99.25,14164,94225,61000,23349.9
2024-11-21,2024-12-12,22900,CE,0.0,0.0,0.0,1519.65,641.65,0,0,0,23349.9
2024-11-21,2024-12-05,22900,CE,575.0,622.7,562.2,594.7,594.7,162,2550,2400,23349.9
2024-11-21,2024-11-28,22900,PE,52.95,86.4,45.2,61.45,61.45,326898,1589850,736600,23349.9
2024-11-21,2024-12-26,22900,CE,844.3,844.3,749.7,790.4,790.4,558,8975,5125,23349.9
2024-11-21,2024-11-21,22900,PE,5.95,8.55,0.05,0.2,23349.9,5973747,3877750,1168800,23349.9
2024-11-21,2024-12-19,22900,CE,0.0,0.0,0.0,937.65,700.1,0,0,0,23349.9
2024-11-21,2024-12-19,22900,PE,0.0,0.0,0.0,159.1,131.9,0,0,0,23349.9
2024-11-21,2024-11-28,23450,CE,219.6,219.6,116.95,139.6,139.6,154660,532550,409925,23349.9
2024-11-21,2024-12-19,23450,CE,396.8,396.85,385.5,385.5,358.6,6,100,75,23349.9
2024-11-21,2024-11-21,25750,CE,0.35,0.9,0.05,0.05,23349.9,215495,156525,132275,23349.9
2024-11-21,2024-11-28,25750,PE,2357.5,2420.0,2350.45,2382.8,2382.8,29,2925,225,23349.9
2024-11-21,2024-11-28,22750,CE,685.2,691.6,590.6,628.05,628.05,1128,17050,16725,23349.9
2024-11-21,2025-01-30,22750,CE,0.0,0.0,0.0,1254.6,1099.4,0,100,0,23349.9
2024-11-21,2024-11-28,22750,PE,45.0,61.55,29.5,40.3,40.3,78236,364550,187900,23349.9
2024-11-21,2024-11-21,23950,CE,1.8,3.85,0.05,0.1,23349.9,3702306,2079175,-391275,23349.9
2024-11-21,2025-01-30,23950,PE,0.0,0.0,0.0,580.2,712.1,0,125,0,23349.9
2024-11-21,2026-12-31,14000,PE,20.3,20.3,20.3,20.3,0.35,2,1175,50,23349.9
2024-11-21,2024-11-28,26900,CE,1.6,2.1,1.3,1.5,1.5,11496,56200,33675,23349.9
2024-11-21,2024-11-21,23450,CE,100.0,100.05,0.05,0.4,23349.9,19635940,6029800,4696550,23349.9
2024-11-21,2024-11-28,23450,PE,210.05,288.4,187.0,241.3,241.3,108728,351050,117275,23349.9
2024-11-21,2024-12-12,23450,CE,341.15,361.5,282.4,303.85,303.85,210,3200,2250,23349.9
2024-11-21,2024-12-12,25750,PE,0.0,0.0,0.0,1457.4,2300.7,0,0,0,23349.9
2024-11-21,2024-11-21,22650,PE,1.25,2.35,0.05,0.15,23349.9,2637581,2077875,1382100,23349.9
2024-11-21,2024-12-19,22650,PE,0.0,0.0,0.0,105.65,78.05,0,0,0,23349.9
2024-11-21,2024-12-12,22650,CE,0.0,0.0,0.0,1744.7,842.8,0,0,0,23349.9
2024-11-21,2024-11-28,22650,CE,796.85,796.85,680.55,731.6,731.6,813,11225,10800,23349.9
2024-11-21,2024-12-05,22650,PE,60.0,65.85,51.95,61.9,61.9,1749,18450,18300,23349.9
2024-11-21,2024-12-26,22650,PE,144.05,159.95,123.25,141.2,141.2,1511,34475,7825,23349.9
2024-11-21,2024-12-26,22650,CE,0.0,0.0,0.0,1107.05,945.2,0,100,0,23349.9
2024-11-21,2024-11-28,27950,CE,1.0,2.35,1.0,1.25,1.25,375478,3009575,2302350,23349.9
2024-11-21,2024-12-26,27950,CE,3.5,7.0,3.5,5.65,5.65,109,7275,825,23349.9
2024-11-21,2024-12-26,22750,PE,138.0,177.6,138.0,158.8,158.8,880,15350,425,23349.9
2024-11-21,2024-12-19,22200,CE,0.0,0.0,0.0,1519.5,1290.0,0,0,0,23349.9
2024-11-21,2024-12-12,22200,CE,0.0,0.0,0.0,2168.1,1250.05,0,0,0,23349.9
2024-11-21,2024-11-28,22200,CE,1187.9,1190.0,1101.05,1161.1,1161.1,301,975,-6875,23349.9
2024-11-21,2024-11-21,25100,PE,1770.0,1785.3,1752.95,1756.85,23349.9,205,2775,-2700,23349.9
2024-11-21,2024-11-21,22200,PE,0.5,4.9,0.05,0.1,23349.9,1555575,1234725,90175,23349.9
2024-11-21,2024-11-21,22750,PE,1.25,3.7,0.05,0.15,23349.9,3615283,3298425,2342275,23349.9
2024-11-21,2025-01-30,25350,CE,65.2,65.2,65.2,65.2,84.9,24,900,600,23349.9
2024-11-21,2024-12-26,25350,CE,23.1,23.1,14.1,16.7,16.7,1364,23375,-3975,23349.9
2024-11-21,2024-12-05,25350,PE,0.0,0.0,0.0,992.1,1934.8,0,0,0,23349.9
2024-11-21,2024-12-26,26600,CE,8.4,9.1,7.1,8.05,8.05,547,33900,650,23349.9
2024-11-21,2024-12-05,23200,PE,170.6,210.0,146.15,174.7,174.7,28511,206300,156475,23349.9
2024-11-21,2024-12-26,25350,PE,1813.85,1813.85,1727.15,1778.75,1778.75,14,2750,350,23349.9
2024-11-21,2024-11-21,25350,PE,0.0,0.0,0.0,1385.5,23349.9,0,125,0,23349.9
2024-11-21,2024-11-21,24750,CE,0.3,1.05,0.05,0.05,23349.9,678963,815325,158225,23349.9
2024-11-21,2024-11-28,24750,PE,1357.25,1470.15,1357.25,1411.0,1368.25,41,10275,0,23349.9
2024-11-21,2026-12-31,24000,PE,0.0,0.0,0.0,976.0,743.15,0,4400,0,23349.9
2024-11-21,2025-12-24,24000,CE,1937.45,1937.45,1850.0,1894.55,1894.55,307,47075,4375,23349.9
2024-11-21,2029-06-28,22000,CE,0.0,0.0,0.0,9207.9,7490.65,0,0,0,23349.9
2024-11-21,2024-12-19,22000,CE,0.0,0.0,0.0,1702.55,1477.8,0,0,0,23349.9
2024-11-21,2028-12-28,22000,CE,0.0,0.0,0.0,6932.45,6955.15,0,0,0,23349.9
2024-11-21,2025-01-30,22000,PE,117.95,131.35,102.5,117.5,117.5,8950,234025,50625,23349.9
2024-11-21,2025-09-25,18000,CE,0.0,0.0,0.0,9482.9,6350.6,0,0,0,23349.9
2024-11-21,2028-12-28,18000,CE,0.0,0.0,0.0,9380.3,9750.4,0,0,0,23349.9
2024-11-21,2025-06-26,18000,PE,0.0,0.0,0.0,110.05,1.2,0,300,0,23349.9
2024-11-21,2024-11-21,26550,CE,0.3,1.0,0.05,0.05,23349.9,885261,1347275,-2114800,23349.9
2024-11-21,2026-12-31,18000,PE,0.0,0.0,0.0,135.05,27.35,0,5275,0,23349.9
2024-11-21,2024-12-26,18000,CE,5534.6,5534.6,5406.0,5447.6,5447.6,125,58875,-1475,23349.9
2024-11-21,2026-06-25,18000,PE,0.0,0.0,0.0,3088.05,18.05,0,0,0,23349.9
2024-11-21,2029-06-28,18000,PE,0.0,0.0,0.0,118.45,46.1,0,0,0,23349.9
2024-11-21,2025-03-27,18000,CE,0.0,0.0,0.0,5634.6,5764.55,0,0,0,23349.9
2024-11-21,2028-06-29,18000,CE,0.0,0.0,0.0,6809.35,9281.25,0,0,0,23349.9
2024-11-21,2024-11-28,26150,CE,2.1,2.45,1.5,1.7,1.7,1594,11500,2675,23349.9
2024-11-21,2024-12-26,27000,CE,8.15,8.5,5.85,6.35,6.35,18835,1541675,-27700,23349.9
2024-11-21,2024-12-26,27000,PE,3342.1,3521.7,3342.05,3458.25,3458.25,2741,575275,52575,23349.9
2024-11-21,2024-12-26,24100,CE,195.0,196.05,139.25,152.95,152.95,16145,156650,50150,23349.9
2024-11-21,2024-11-28,24100,CE,28.1,28.1,8.55,9.05,9.05,419701,2445475,1305200,23349.9
2024-11-21,2024-12-05,24100,PE,702.0,795.15,701.95,728.2,728.2,178,7875,-1175,23349.9
2024-11-21,2024-11-28,24100,PE,668.85,825.0,668.85,759.75,759.75,3595,473675,36850,23349.9
2024-11-21,2024-12-05,24100,CE,55.0,57.35,30.55,31.95,31.95,23332,128825,66575,23349.9
2024-11-21,2025-01-30,24100,CE,361.75,362.25,316.75,339.5,339.5,472,14875,6600,23349.9
2024-11-21,2024-12-26,21700,PE,0.0,0.0,0.0,3.4,10.15,0,0,0,23349.9
2024-11-21,2024-12-19,21700,CE,0.0,0.0,0.0,1985.75,1767.4,0,0,0,23349.9
2024-11-21,2024-11-28,21700,CE,1674.95,1690.0,1610.0,1690.0,1678.0,12,225,225,23349.9
2024-11-21,2025-01-30,21700,CE,0.0,0.0,0.0,2940.45,1971.5,0,0,0,23349.9
2024-11-21,2024-12-19,21700,PE,25.0,34.75,25.0,34.75,5.45,19,375,200,23349.9
2024-11-21,2024-11-21,21700,PE,1.45,1.45,0.05,0.1,23349.9,3593393,2302025,305800,23349.9
2024-11-21,2024-12-12,21700,CE,0.0,0.0,0.0,2654.35,1736.1,0,0,0,23349.9
2024-11-21,2024-12-26,22750,CE,0.0,0.0,0.0,1023.95,866.65,0,100,0,23349.9
2024-11-21,2024-12-19,22750,PE,0.0,0.0,0.0,125.05,97.05,0,0,0,23349.9
2024-11-21,2024-11-21,23950,PE,633.45,703.15,570.0,601.65,23349.9,2281,74250,-23550,23349.9
2024-11-21,2024-12-19,23950,PE,0.0,0.0,0.0,598.2,640.0,0,0,0,23349.9
2024-11-21,2024-12-26,23950,CE,232.55,244.0,182.6,199.15,199.15,2335,32050,5100,23349.9
2024-11-21,2024-12-05,24750,CE,11.2,13.35,6.05,6.75,6.75,460,5650,1025,23349.9
2024-11-21,2024-12-19,24750,CE,0.0,0.0,0.0,53.7,31.45,0,25,0,23349.9
2024-11-21,2024-12-26,27500,CE,7.35,7.4,5.2,5.7,5.7,3459,105750,-16150,23349.9
2024-11-21,2025-01-30,21800,PE,92.0,100.9,75.25,96.65,96.65,2226,44175,22275,23349.9
2024-11-21,2024-11-28,21800,CE,1575.0,1578.0,1570.0,1570.0,1578.1,12,425,300,23349.9
2024-11-21,2024-11-21,21800,PE,1.6,1.75,0.05,0.1,23349.9,1352585,3686075,-1809500,23349.9
2024-11-21,2026-06-25,28000,PE,0.0,0.0,0.0,6532.55,2697.0,0,0,0,23349.9
2024-11-21,2025-12-24,28000,PE,2939.1,3074.45,2939.1,3010.0,3010.0,89,53275,-125,23349.9
2024-11-21,2025-09-25,28000,CE,0.0,0.0,0.0,1788.2,253.6,0,0,0,23349.9
2024-11-21,2024-12-05,25500,CE,3.7,5.0,3.1,3.5,3.5,3025,65425,12075,23349.9
2024-11-21,2024-12-12,23850,CE,133.0,142.55,133.0,139.1,139.1,28,1225,300,23349.9
2024-11-21,2025-01-30,23850,PE,596.95,600.0,565.55,565.55,654.75,5,1750,50,23349.9
2024-11-21,2025-01-30,23850,CE,462.2,485.65,424.15,458.55,461.4,187,3750,2550,23349.9
2024-11-21,2024-11-21,23850,CE,5.65,7.5,0.05,0.15,23349.9,5135449,2335550,-407725,23349.9
2024-11-21,2024-12-19,23850,CE,273.0,273.0,192.4,192.4,194.2,6,125,125,23349.9
2024-11-21,2024-12-19,23850,PE,0.0,0.0,0.0,540.15,571.15,0,0,0,23349.9
2024-11-21,2024-11-21,21750,CE,1582.9,1582.9,1491.9,1567.5,23349.9,4,0,0,23349.9
2024-11-21,2024-11-28,21750,PE,5.0,9.0,3.05,4.55,4.55,178656,894750,885150,23349.9
2024-11-21,2024-12-26,21750,CE,0.0,0.0,0.0,4862.0,1751.9,0,0,0,23349.9
2024-11-21,2024-12-12,21750,CE,0.0,0.0,0.0,2605.3,1686.75,0,0,0,23349.9
2024-11-21,2025-01-30,23150,PE,0.0,0.0,0.0,294.35,331.5,0,150,0,23349.9
2024-11-21,2024-12-26,23150,PE,290.95,291.0,235.1,261.6,261.6,1252,27100,5125,23349.9
2024-11-21,2024-11-28,23150,PE,123.85,150.25,90.95,116.95,116.95,102413,426325,211550,23349.9
2024-11-21,2025-01-30,23150,CE,864.05,864.05,841.55,841.55,829.15,2,50,25,23349.9
2024-11-21,2024-12-12,23150,CE,488.65,507.95,471.2,471.2,471.2,5,25,25,23349.9
2024-11-21,2024-12-05,25950,PE,0.0,0.0,0.0,1457.15,2533.0,0,0,0,23349.9
2024-11-21,2024-11-28,25950,CE,2.3,6.55,1.45,1.75,1.75,1877,14125,400,23349.9
2024-11-21,2025-01-30,25950,CE,54.35,54.35,27.3,31.7,31.7,113,7725,-150,23349.9
2024-11-21,2024-12-12,25950,PE,0.0,0.0,0.0,1633.15,2499.7,0,0,0,23349.9
2024-11-21,2024-11-28,27900,CE,1.45,1.95,1.05,1.3,1.3,213860,2365075,1976325,23349.9
2024-11-21,2024-12-26,27900,CE,6.25,6.55,5.6,6.25,6.25,117,4200,-1475,23349.9
2024-11-21,2024-12-26,25050,CE,35.0,35.05,24.6,26.45,26.45,1884,27950,-2800,23349.9
2024-11-21,2024-12-19,25050,CE,0.0,0.0,0.0,69.95,14.9,0,0,0,23349.9
2024-11-21,2025-01-30,24600,PE,1067.95,1100.0,1028.5,1084.95,1084.95,49,5100,-900,23349.9
2024-11-21,2024-11-21,24950,CE,0.5,1.05,0.05,0.1,23349.9,829087,332725,180350,23349.9
2024-11-21,2025-09-25,20000,CE,0.0,0.0,0.0,7643.1,4503.8,0,0,0,23349.9
2024-11-21,2024-12-12,24950,PE,0.0,0.0,0.0,831.35,1511.4,0,0,0,23349.9
2024-11-21,2025-12-24,20000,CE,4575.05,4714.65,4575.05,4657.7,4657.7,16,4700,75,23349.9
2024-11-21,2024-11-21,25650,PE,0.0,0.0,0.0,1810.8,23349.9,0,125,0,23349.9
2024-11-21,2024-12-12,25650,PE,0.0,0.0,0.0,1371.9,2201.3,0,0,0,23349.9
2024-11-21,2024-12-05,25650,CE,0.0,0.0,0.0,6.9,0.05,0,775,0,23349.9
2024-11-21,2024-12-26,25650,CE,14.9,15.4,11.35,12.4,12.4,570,13825,-2125,23349.9
2024-11-21,2024-11-21,25650,CE,0.5,0.95,0.05,0.05,23349.9,163049,74975,54800,23349.9
2024-11-21,2024-12-26,27850,PE,0.0,0.0,0.0,1550.15,4320.45,0,0,0,23349.9
2024-11-21,2024-11-28,27850,PE,0.0,0.0,0.0,4410.25,4464.05,0,0,0,23349.9
2024-11-21,2025-01-30,25050,CE,100.0,102.85,87.95,101.0,101.0,125,2850,2675,23349.9
2024-11-21,2024-11-28,25050,CE,3.0,3.95,1.8,2.1,2.1,8011,60200,3600,23349.9
2024-11-21,2024-12-26,26500,CE,10.3,10.3,6.65,7.5,7.5,20301,666050,-6075,23349.9
2024-11-21,2024-11-28,26500,PE,3050.0,3207.65,3050.0,3150.75,3150.75,1267,274950,-17600,23349.9
2024-11-21,2024-12-26,27100,CE,4.85,4.85,4.85,4.85,0.1,1,1175,25,23349.9
2024-11-21,2024-12-26,27100,PE,0.0,0.0,0.0,2367.15,3575.35,0,100,0,23349.9
2024-11-21,2024-11-28,27100,CE,2.0,2.05,1.15,1.55,1.55,8854,59250,42850,23349.9
2024-11-21,2025-12-24,15000,PE,0.0,0.0,0.0,20.8,0.1,0,1175,0,23349.9
2024-11-21,2024-11-28,27700,CE,1.3,2.95,1.1,1.35,1.35,30709,350475,283500,23349.9
2024-11-21,2024-12-26,27700,CE,0.0,0.0,0.0,7.1,0.05,0,3150,0,23349.9
2024-11-21,2024-12-05,26100,PE,0.0,0.0,0.0,1583.9,2682.6,0,0,0,23349.9
2024-11-21,2024-11-28,27750,CE,1.45,4.4,1.1,1.4,1.4,34049,336975,314050,23349.9
2024-11-21,2024-12-26,27150,CE,0.0,0.0,0.0,6.1,0.05,0,2375,0,23349.9
2024-11-21,2024-12-26,27750,CE,7.1,8.05,7.1,8.05,0.05,4,1100,100,23349.9
2024-11-21,2024-12-26,24300,CE,132.05,137.85,95.25,104.05,104.05,28608,283175,54350,23349.9
2024-11-21,2024-11-28,25400,PE,1999.0,2095.65,1999.0,2036.95,2036.95,510,80225,10375,23349.9
2024-11-21,2024-12-05,25400,CE,3.2,6.4,2.9,3.5,3.5,222,5525,2775,23349.9
2024-11-21,2024-11-21,25400,PE,2130.0,2140.5,2053.3,2054.2,23349.9,314,5875,-5600,23349.9
2024-11-21,2024-12-05,24300,CE,29.1,33.5,15.25,16.8,16.8,22325,147700,99350,23349.9
2024-11-21,2025-01-30,23450,CE,666.55,689.35,621.45,655.3,655.3,35,700,300,23349.9
2024-11-21,2024-12-05,23450,PE,276.7,322.05,241.1,274.5,274.5,3201,17900,7700,23349.9
2024-11-21,2024-12-12,23450,PE,323.0,346.65,287.6,321.55,321.55,142,1850,1050,23349.9
2024-11-21,2024-12-26,23450,PE,350.0,405.15,342.0,370.7,370.7,3237,17350,-15250,23349.9
2024-11-21,2024-12-12,25750,CE,6.85,7.8,5.1,5.15,5.15,143,2850,1000,23349.9
2024-11-21,2024-11-28,25750,CE,2.15,2.65,1.5,1.8,1.8,6191,57900,28625,23349.9
2024-11-21,2024-12-05,25750,CE,3.75,5.0,2.7,2.8,2.8,74,2025,100,23349.9
2024-11-21,2024-11-21,22750,CE,576.8,620.05,504.65,597.3,23349.9,289,775,100,23349.9
2024-11-21,2024-12-12,22750,CE,0.0,0.0,0.0,1653.6,759.6,0,0,0,23349.9
2024-11-21,2024-12-05,23950,CE,75.0,87.75,48.0,52.95,52.95,7189,51800,38600,23349.9
2024-11-21,2024-12-19,23400,CE,466.5,470.0,383.8,398.0,398.0,33,525,425,23349.9
2024-11-21,2024-11-28,23400,PE,171.35,260.35,168.55,215.45,215.45,719387,3098800,1299225,23349.9
2024-11-21,2024-11-21,23400,CE,90.0,134.45,0.05,0.5,23349.9,36108928,11990400,9754000,23349.9
2024-11-21,2024-12-12,23400,PE,318.05,331.55,257.9,296.15,296.15,576,8525,175,23349.9
2024-11-21,2024-12-05,26050,PE,0.0,0.0,0.0,1541.25,2632.75,0,0,0,23349.9
2024-11-21,2026-12-31,21000,CE,0.0,0.0,0.0,3356.25,5333.45,0,0,0,23349.9
2024-11-21,2026-12-31,21000,PE,0.0,0.0,0.0,333.65,196.35,0,700,0,23349.9
2024-11-21,2025-09-25,21000,CE,0.0,0.0,0.0,6742.1,3630.05,0,0,0,23349.9
2024-11-21,2024-12-05,26050,CE,4.0,4.05,2.55,2.75,2.75,220,2075,325,23349.9
2024-11-21,2024-12-12,24150,CE,65.35,70.3,65.35,68.1,68.1,4,975,75,23349.9
2024-11-21,2024-11-28,24150,PE,792.8,870.8,761.0,806.55,806.55,657,42850,-1425,23349.9
2024-11-21,2024-12-19,24150,CE,0.0,0.0,0.0,260.8,113.55,0,0,0,23349.9
2024-11-21,2024-12-19,24150,PE,0.0,0.0,0.0,724.25,788.9,0,0,0,23349.9
2024-11-21,2024-12-26,24150,PE,761.0,813.4,751.6,769.8,797.6,53,12850,400,23349.9
2024-11-21,2024-12-26,24150,CE,160.0,160.0,127.8,139.55,139.55,1921,19125,-1075,23349.9
2024-11-21,2024-12-26,25150,PE,0.0,0.0,0.0,1523.3,1660.1,0,4600,0,23349.9
2024-11-21,2024-11-21,25150,CE,0.3,1.0,0.05,0.1,23349.9,326691,642125,513225,23349.9
2024-11-21,2024-12-26,25150,CE,24.2,25.85,21.3,23.0,23.0,232,21200,-4200,23349.9
2024-11-21,2024-12-05,25150,CE,5.8,5.8,3.35,3.65,3.65,127,4425,1975,23349.9
2024-11-21,2024-12-12,22850,CE,0.0,0.0,0.0,1563.9,679.95,0,0,0,23349.9
2024-11-21,2024-12-26,22850,PE,179.3,203.15,164.95,180.3,180.3,1345,17650,3175,23349.9
2024-11-21,2025-03-27,20000,PE,55.75,61.2,52.05,55.55,55.55,1465,256800,10000,23349.9
2024-11-21,2024-12-05,24950,CE,9.0,9.0,4.85,6.0,1.7,37,5500,0,23349.9
2024-11-21,2024-12-26,25100,PE,0.0,0.0,0.0,1286.95,1613.05,0,11025,0,23349.9
2024-11-21,2024-12-26,25100,CE,32.0,34.65,22.75,24.25,24.25,15687,152350,-51875,23349.9
2024-11-21,2024-11-21,24100,CE,3.0,3.0,0.05,0.1,23349.9,5310425,4753525,-1443750,23349.9
2024-11-21,2024-11-21,24100,PE,763.6,849.35,723.85,754.05,23349.9,4620,127400,-61925,23349.9
2024-11-21,2024-12-26,24100,PE,750.95,786.55,700.0,740.05,740.05,861,48950,-5775,23349.9
2024-11-21,2025-01-30,22750,PE,0.0,0.0,0.0,201.1,206.9,0,100,0,23349.9
2024-11-21,2024-12-05,22750,CE,0.0,0.0,0.0,852.65,701.9,0,25,0,23349.9
2024-11-21,2024-12-26,22200,CE,0.0,0.0,0.0,1499.65,1330.8,0,125,0,23349.9
2024-11-21,2024-11-28,23950,CE,40.0,44.05,15.6,17.25,17.25,113454,483475,189575,23349.9
2024-11-21,2024-11-21,26150,CE,0.5,0.95,0.05,0.05,23349.9,108640,204800,-56575,23349.9
2024-11-21,2024-12-05,26150,CE,3.4,3.9,2.55,2.85,2.85,370,5600,-2125,23349.9
2024-11-21,2024-11-28,23300,PE,145.0,210.9,135.7,170.9,170.9,967476,3776650,2418825,23349.9
2024-11-21,2025-09-25,30000,CE,0.0,0.0,0.0,1042.7,80.85,0,0,0,23349.9
2024-11-21,2024-12-19,23300,PE,295.0,295.0,263.8,287.3,287.3,34,250,225,23349.9
2024-11-21,2024-12-12,23300,PE,280.0,286.9,224.85,256.15,256.15,1392,10925,7100,23349.9
2024-11-21,2025-12-24,30000,CE,162.0,162.0,140.0,160.0,160.0,29,13500,-25,23349.9
2024-11-21,2025-09-25,30000,PE,0.0,0.0,0.0,2720.25,5069.95,0,0,0,23349.9
2024-11-21,2024-12-26,27400,PE,0.0,0.0,0.0,2850.0,3873.35,0,0,0,23349.9
2024-11-21,2024-11-21,26350,CE,0.3,0.95,0.05,0.05,23349.9,247675,228050,117925,23349.9
2024-11-21,2024-12-05,24400,PE,1000.0,1022.5,842.35,997.5,997.5,27,750,400,23349.9
2024-11-21,2024-11-21,24600,CE,0.35,1.1,0.05,0.1,23349.9,1121817,1296550,-662700,23349.9
2024-11-21,2029-06-28,24000,CE,0.0,0.0,0.0,8085.35,6265.25,0,0,0,23349.9
2024-11-21,2024-12-19,22000,PE,0.0,0.0,0.0,29.65,14.3,0,0,0,23349.9
2024-11-21,2025-01-30,21800,CE,0.0,0.0,0.0,2848.7,1880.9,0,0,0,23349.9
2024-11-21,2024-12-12,21800,PE,0.0,0.0,0.0,5.3,3.15,0,0,0,23349.9
2024-11-21,2024-11-28,27450,CE,1.65,2.95,1.1,1.55,1.55,22744,251825,237875,23349.9
2024-11-21,2024-12-05,23050,PE,135.95,162.3,110.7,133.65,133.65,3000,19825,11625,23349.9
2024-11-21,2025-01-30,23050,PE,0.0,0.0,0.0,268.5,296.45,0,1150,0,23349.9
2024-11-21,2024-12-05,23050,CE,532.9,540.0,452.75,477.75,477.75,1041,13300,13225,23349.9
2024-11-21,2024-11-28,23050,PE,83.45,120.75,69.35,90.9,90.9,115878,313625,124025,23349.9
2024-11-21,2024-12-12,23050,CE,0.0,0.0,0.0,700.0,533.05,0,50,0,23349.9
2024-11-21,2024-12-26,24400,CE,111.95,116.9,79.55,86.85,86.85,29626,363175,154625,23349.9
2024-11-21,2024-12-12,24400,CE,35.05,39.5,32.65,34.7,34.7,467,9175,5475,23349.9
2024-11-21,2024-12-19,24600,CE,0.0,0.0,0.0,141.2,44.55,0,0,0,23349.9
2024-11-21,2027-12-30,24000,CE,0.0,0.0,0.0,3778.95,4534.2,0,0,0,23349.9
2024-11-21,2028-06-29,24000,CE,0.0,0.0,0.0,3918.85,5129.9,0,0,0,23349.9
2024-11-21,2025-12-24,22000,PE,450.0,467.0,430.0,445.4,445.4,744,235375,7075,23349.9
2024-11-21,2025-09-25,24000,CE,0.0,0.0,0.0,4236.35,1508.55,0,0,0,23349.9
2024-11-21,2024-12-26,24000,CE,260.45,260.45,167.1,182.95,182.95,113172,2181225,188950,23349.9
2024-11-21,2027-06-24,24000,CE,0.0,0.0,0.0,2299.55,3893.75,0,0,0,23349.9
2024-11-21,2024-12-26,22000,CE,1610.3,1618.0,1500.0,1549.95,1549.95,5662,535250,63325,23349.9
2024-11-21,2029-06-28,22000,PE,0.0,0.0,0.0,422.0,265.55,0,0,0,23349.9
2024-11-21,2024-12-05,24000,CE,80.05,90.0,41.35,45.5,45.5,58685,391700,205525,23349.9
2024-11-21,2025-09-25,22000,CE,0.0,0.0,0.0,5865.75,2822.45,0,0,0,23349.9
2024-11-21,2025-01-30,21950,PE,0.0,0.0,0.0,62.35,65.1,0,0,0,23349.9
2024-11-21,2024-12-12,22350,PE,48.55,49.95,48.55,49.15,23.05,43,1000,975,23349.9
2024-11-21,2024-11-28,22350,PE,21.85,28.95,9.8,13.75,13.75,77642,254450,173750,23349.9
2024-11-21,2024-12-26,21950,PE,60.0,68.7,54.65,65.35,65.35,339,5025,-625,23349.9
2024-11-21,2024-12-19,21950,CE,0.0,0.0,0.0,1749.1,1525.55,0,0,0,23349.9
2024-11-21,2024-12-26,22350,CE,0.0,0.0,0.0,1364.95,1197.2,0,100,0,23349.9
2024-11-21,2024-12-26,26150,CE,10.85,14.55,8.55,10.1,1.75,100,3575,450,23349.9
2024-11-21,2024-11-28,22400,PE,17.0,28.85,11.15,15.6,15.6,200965,1283425,835400,23349.9
2024-11-21,2024-11-21,22400,PE,0.8,1.2,0.05,0.1,23349.9,2395048,1811600,550650,23349.9
2024-11-21,2025-01-30,22400,PE,162.65,172.3,145.95,163.9,163.9,741,49800,4875,23349.9
2024-11-21,2024-12-19,22400,PE,73.3,73.3,73.3,73.3,43.15,2,325,50,23349.9
2024-11-21,2024-11-28,22400,CE,1010.0,1010.0,929.25,962.65,962.65,72,4425,-100,23349.9
2024-11-21,2024-12-19,25150,CE,17.65,18.0,17.65,18.0,11.4,3,125,75,23349.9
2024-11-21,2024-12-05,25150,PE,0.0,0.0,0.0,1583.3,1735.7,0,25,0,23349.9
2024-11-21,2024-12-19,25150,PE,0.0,0.0,0.0,1516.2,1681.6,0,0,0,23349.9
2024-11-21,2024-12-05,22400,PE,12.05,47.0,12.05,37.65,37.65,8298,59800,17125,23349.9
2024-11-21,2024-12-19,23100,PE,0.0,0.0,0.0,185.0,191.7,0,50,0,23349.9
2024-11-21,2024-12-26,23100,PE,220.0,273.45,220.0,247.4,247.4,12030,148525,45800,23349.9
2024-11-21,2024-11-21,23100,PE,15.0,33.95,0.05,0.3,23349.9,13079238,6617450,3556900,23349.9
2024-11-21,2024-11-28,23100,CE,407.5,426.25,311.9,351.55,351.55,35375,232500,205350,23349.9
2024-11-21,2024-11-28,22250,CE,0.0,0.0,0.0,1290.35,1129.2,0,250,0,23349.9
2024-11-21,2024-11-21,24200,CE,0.75,1.35,0.05,0.1,23349.9,4037408,5083475,-756975,23349.9
2024-11-21,2024-11-21,24200,PE,877.1,953.8,828.6,854.35,23349.9,9835,309050,-78100,23349.9
2024-11-21,2024-11-28,27650,PE,0.0,0.0,0.0,3705.0,4264.35,0,350,0,23349.9
2024-11-21,2025-01-30,23350,PE,395.35,421.1,369.65,401.1,401.1,40,800,275,23349.9
2024-11-21,2024-12-12,23350,PE,290.0,304.25,241.2,275.6,275.6,219,1775,1475,23349.9
2024-11-21,2024-11-21,23350,CE,165.0,165.0,0.05,1.05,23349.9,80941909,32921700,32383725,23349.9
2024-11-21,2024-12-05,23350,PE,191.0,272.9,191.0,231.45,231.45,9401,37925,23475,23349.9
2024-11-21,2024-12-19,23350,PE,0.0,0.0,0.0,301.65,290.3,0,0,0,23349.9
2024-11-21,2024-11-28,27650,CE,1.7,3.4,1.1,1.4,1.4,21193,181600,174900,23349.9
2024-11-21,2024-12-26,23350,CE,512.05,537.95,455.5,486.45,486.45,2042,16500,9525,23349.9
2024-11-21,2025-06-26,26000,PE,1911.0,1964.0,1873.75,1902.1,1902.1,234,39725,2450,23349.9
2024-11-21,2025-12-24,26000,PE,1758.65,1825.0,1535.0,1753.6,1753.6,202,87875,-650,23349.9
2024-11-21,2028-06-29,26000,PE,0.0,0.0,0.0,2370.3,1049.95,0,0,0,23349.9
2024-11-21,2024-12-26,26000,CE,14.0,14.65,9.15,10.7,10.7,54271,2748100,-23225,23349.9
2024-11-21,2027-12-30,26000,CE,0.0,0.0,0.0,3162.4,3427.5,0,0,0,23349.9
2024-11-21,2025-03-27,26000,CE,131.0,150.0,102.8,105.15,105.15,8598,574450,33900,23349.9
2024-11-21,2024-12-19,24200,PE,0.0,0.0,0.0,757.75,828.25,0,0,0,23349.9
2024-11-21,2024-11-28,24200,CE,17.0,17.0,6.0,6.4,6.4,397116,3280600,850700,23349.9
2024-11-21,2024-11-21,24700,CE,0.35,1.1,0.05,0.05,23349.9,1315878,1711925,-261750,23349.9
2024-11-21,2024-11-28,26750,PE,0.0,0.0,0.0,3227.45,3365.5,0,475,0,23349.9
2024-11-21,2024-12-26,25500,CE,17.85,23.95,13.1,14.15,14.15,47557,1070225,78775,23349.9
2024-11-21,2024-11-21,25500,CE,0.4,0.9,0.05,0.05,23349.9,1029901,1077450,-962900,23349.9
2024-11-21,2024-11-28,25500,PE,2106.2,2208.75,2080.1,2139.05,2139.05,2481,632275,17725,23349.9
2024-11-21,2024-12-05,25500,PE,2100.0,2100.0,2070.0,2070.0,2084.25,6,150,150,23349.9
2024-11-21,2024-11-21,23150,CE,323.05,323.05,120.2,197.45,23349.9,430969,213500,162775,23349.9
2024-11-21,2024-12-19,23150,CE,0.0,0.0,0.0,760.4,528.7,0,0,0,23349.9
2024-11-21,2024-12-12,23150,PE,153.85,204.5,153.85,195.0,176.8,3,150,0,23349.9
2024-11-21,2024-12-26,27650,CE,9.0,9.0,5.9,5.9,5.9,13,1200,-100,23349.9
2024-11-21,2024-12-05,23350,CE,337.3,347.9,252.7,279.25,279.25,9069,49375,40650,23349.9
2024-11-21,2025-01-30,23350,CE,807.4,807.4,695.0,721.1,721.1,117,1525,1475,23349.9
2024-11-21,2024-12-12,23350,CE,397.0,413.8,336.35,354.95,354.95,292,3625,3575,23349.9
2024-11-21,2024-11-28,24200,PE,741.95,922.55,741.95,856.1,856.1,6358,1170675,32375,23349.9
2024-11-21,2024-12-26,26750,CE,0.0,0.0,0.0,15.45,0.3,0,1175,0,23349.9
2024-11-21,2024-11-28,26600,CE,1.6,2.1,1.3,1.5,1.5,44317,241575,200625,23349.9
2024-11-21,2024-12-26,26600,PE,3040.0,3040.0,3040.0,3040.0,3040.0,1,2975,-25,23349.9
2024-11-21,2024-12-26,21000,CE,2602.4,2603.05,2436.3,2505.65,2505.65,1603,599800,5400,23349.9
2024-11-21,2024-11-28,26050,CE,2.4,4.8,1.5,1.75,1.75,2853,27425,13950,23349.9
2024-11-21,2027-12-30,21000,CE,0.0,0.0,0.0,4902.4,6525.25,0,0,0,23349.9
2024-11-21,2024-12-05,23250,CE,406.2,406.2,311.0,341.4,341.4,1642,11975,5675,23349.9
2024-11-21,2024-12-19,23250,PE,0.0,0.0,0.0,264.25,247.55,0,0,0,23349.9
2024-11-21,2024-11-21,23250,PE,30.0,81.0,0.05,0.3,23349.9,23106877,4579650,2905675,23349.9
2024-11-21,2025-01-30,22600,CE,0.0,0.0,0.0,2146.6,1211.0,0,0,0,23349.9
2024-11-21,2024-12-19,22600,PE,0.0,0.0,0.0,96.85,69.75,0,0,0,23349.9
2024-11-21,2024-11-28,23250,CE,317.95,330.0,217.0,248.35,248.35,57952,198300,186325,23349.9
2024-11-21,2025-01-30,23250,CE,0.0,0.0,0.0,884.7,768.2,0,100,0,23349.9
2024-11-21,2024-12-26,22600,PE,149.5,149.5,115.0,132.5,132.5,10040,176675,5725,23349.9
2024-11-21,2024-12-12,22600,CE,0.0,0.0,0.0,1790.75,885.6,0,0,0,23349.9
2024-11-21,2024-11-28,24650,PE,1264.8,1352.05,1243.3,1297.15,1297.15,174,27525,-25,23349.9
2024-11-21,2024-12-19,24650,PE,0.0,0.0,0.0,1091.45,1212.55,0,0,0,23349.9
2024-11-21,2024-12-05,24650,CE,12.35,15.9,7.1,7.65,7.65,1394,13700,9725,23349.9
2024-11-21,2024-12-12,24650,PE,0.0,0.0,0.0,639.0,1224.6,0,0,0,23349.9
2024-11-21,2024-12-26,24650,PE,0.0,0.0,0.0,977.5,1204.15,0,3250,0,23349.9
2024-11-21,2024-11-21,24650,PE,1171.15,1397.1,1171.15,1303.5,23349.9,177,2750,-1725,23349.9
2024-11-21,2024-11-21,24400,CE,0.45,1.1,0.05,0.05,23349.9,2255061,2361750,-955400,23349.9
2024-11-21,2024-12-26,24400,PE,980.0,1025.15,922.6,969.8,969.8,1281,62800,1350,23349.9
2024-11-21,2024-11-21,24400,PE,1029.15,1141.85,1029.15,1053.3,23349.9,5813,240000,-137375,23349.9
2024-11-21,2024-12-19,24400,CE,0.0,0.0,0.0,120.5,68.85,0,525,0,23349.9
2024-11-21,2024-12-05,22950,CE,556.65,585.6,547.95,555.85,555.85,20,125,-125,23349.9
2024-11-21,2024-12-05,22250,CE,0.0,0.0,0.0,2352.25,1163.7,0,0,0,23349.9
2024-11-21,2024-12-12,22250,PE,0.0,0.0,0.0,16.05,16.7,0,0,0,23349.9
2024-11-21,2025-03-27,23000,CE,1350.0,1368.6,1241.5,1274.35,1274.35,1678,171750,-3850,23349.9
2024-11-21,2024-11-28,23550,CE,185.35,185.35,81.05,97.7,97.7,197737,594325,335500,23349.9
2024-11-21,2024-12-12,23000,PE,175.0,186.75,135.05,159.95,159.95,3045,28575,-5150,23349.9
2024-11-21,2025-01-30,23000,CE,996.25,996.7,910.0,950.0,950.0,2442,80925,15050,23349.9
2024-11-21,2024-12-19,23550,CE,0.0,0.0,0.0,545.35,310.9,0,25,0,23349.9
2024-11-21,2025-01-30,23550,CE,575.2,613.35,575.2,590.0,602.1,23,4150,275,23349.9
2024-11-21,2026-12-31,23000,PE,706.45,706.45,706.45,706.45,503.85,1,12425,0,23349.9
2024-11-21,2024-12-19,24550,PE,0.0,0.0,0.0,1012.7,1123.1,0,0,0,23349.9
2024-11-21,2028-12-28,23000,CE,0.0,0.0,0.0,6377.6,6315.3,0,0,0,23349.9
2024-11-21,2027-12-30,23000,PE,0.0,0.0,0.0,2201.3,456.5,0,0,0,23349.9
2024-11-21,2024-12-12,24550,CE,25.5,27.65,24.8,24.8,26.65,73,1700,1425,23349.9
2024-11-21,2024-11-28,25350,CE,2.4,3.2,1.75,1.85,1.85,3183,45850,7050,23349.9
2024-11-21,2024-11-21,25350,CE,0.9,0.95,0.05,0.1,23349.9,203156,177075,81775,23349.9
2024-11-21,2024-11-28,25350,PE,1979.35,2015.0,1978.35,1997.0,1967.3,5,7575,-75,23349.9
2024-11-21,2025-01-30,24750,PE,0.0,0.0,0.0,830.75,1261.7,0,0,0,23349.9
2024-11-21,2024-12-26,24750,PE,1247.9,1250.0,1247.9,1249.1,1292.25,4,3475,-50,23349.9
2024-11-21,2024-12-19,24750,PE,0.0,0.0,0.0,1172.45,1303.75,0,0,0,23349.9
2024-11-21,2024-12-12,24750,PE,0.0,0.0,0.0,700.0,1319.1,0,25,0,23349.9
2024-11-21,2024-11-28,24750,CE,3.45,4.45,2.05,2.35,2.35,18901,142400,-11500,23349.9
2024-11-21,2024-11-28,27500,CE,1.35,2.1,1.2,1.4,1.4,90062,1231600,658725,23349.9
2024-11-21,2024-12-26,27500,PE,3901.85,4000.0,3900.0,3972.25,3972.25,191,7175,2675,23349.9
2024-11-21,2024-11-21,21800,CE,1465.9,1573.35,1465.9,1560.45,23349.9,8,200,0,23349.9
2024-11-21,2024-12-12,21800,CE,0.0,0.0,0.0,2556.3,1637.55,0,0,0,23349.9
2024-11-21,2024-12-05,21800,PE,20.0,20.0,9.4,13.5,13.5,2951,38400,13625,23349.9
2024-11-21,2024-11-28,24900,CE,2.5,4.2,2.0,2.25,2.25,97373,640325,40725,23349.9
2024-11-21,2024-12-19,24900,PE,0.0,0.0,0.0,1297.95,1443.35,0,0,0,23349.9
2024-11-21,2024-11-28,23100,PE,90.7,136.45,79.3,103.65,103.65,343293,1616375,659375,23349.9
2024-11-21,2025-01-30,23100,CE,890.0,890.0,890.0,890.0,860.65,1,100,25,23349.9
2024-11-21,2024-12-12,23100,PE,209.85,215.55,170.0,186.25,186.25,459,4250,1150,23349.9
2024-11-21,2024-12-05,23100,CE,504.0,517.45,403.5,442.0,442.0,1981,18275,16250,23349.9
2024-11-21,2024-12-26,27300,CE,6.1,6.5,6.05,6.05,0.05,70,6875,0,23349.9
2024-11-21,2024-11-28,27900,PE,0.0,0.0,0.0,4361.8,4514.0,0,2625,0,23349.9
2024-11-21,2026-12-31,12000,PE,0.0,0.0,0.0,20.05,0.05,0,800,0,23349.9
2024-11-21,2026-06-25,12000,CE,0.0,0.0,0.0,8690.0,12572.4,0,50,0,23349.9
2024-11-21,2026-06-25,12000,PE,0.0,0.0,0.0,20.1,0.05,0,500,0,23349.9
2024-11-21,2026-06-25,28000,CE,0.0,0.0,0.0,1533.95,899.4,0,0,0,23349.9
2024-11-21,2028-06-29,28000,PE,0.0,0.0,0.0,3161.35,1676.2,0,0,0,23349.9
2024-11-21,2028-12-28,28000,PE,0.0,0.0,0.0,1697.6,1505.7,0,0,0,23349.9
2024-11-21,2027-12-30,28000,CE,0.0,0.0,0.0,2639.2,2518.45,0,0,0,23349.9
2024-11-21,2029-06-28,28000,CE,0.0,0.0,0.0,6112.6,4183.15,0,0,0,23349.9
2024-11-21,2025-03-27,28000,PE,3900.0,3959.55,3876.1,3921.7,3921.7,326,119675,-3550,23349.9
2024-11-21,2024-12-26,28000,PE,4350.0,4500.0,4350.0,4447.75,4447.75,500,260150,8000,23349.9
2024-11-21,2029-06-28,28000,PE,0.0,0.0,0.0,1488.1,1355.7,0,0,0,23349.9
2024-11-21,2028-12-28,28000,CE,0.0,0.0,0.0,4027.15,3630.65,0,0,0,23349.9
2024-11-21,2025-06-26,28000,PE,0.0,0.0,0.0,7207.55,3653.0,0,0,0,23349.9
2024-11-21,2024-11-28,27050,PE,0.0,0.0,0.0,841.05,3665.1,0,7550,0,23349.9
2024-11-21,2024-12-26,27050,CE,5.15,5.25,5.15,5.25,0.1,2,2300,0,23349.9
2024-11-21,2024-12-26,27050,PE,0.0,0.0,0.0,864.7,3525.7,0,25,0,23349.9
2024-11-21,2024-11-28,27050,CE,2.0,2.6,1.4,1.6,1.6,2487,31600,21550,23349.9
2024-11-21,2028-12-28,18000,PE,0.0,0.0,0.0,104.65,45.1,0,0,0,23349.9
2024-11-21,2025-06-26,18000,CE,0.0,0.0,0.0,5600.0,6059.1,0,2250,0,23349.9
2024-11-21,2024-12-19,24900,CE,29.0,29.35,23.0,23.0,23.0,14,300,275,23349.9
2024-11-21,2025-01-30,24900,PE,0.0,0.0,0.0,1189.6,1380.35,0,425,0,23349.9
2024-11-21,2024-12-12,24900,PE,0.0,0.0,0.0,797.45,1463.0,0,0,0,23349.9
2024-11-21,2025-01-30,24900,CE,119.15,124.9,102.3,119.6,119.6,803,6150,2600,23349.9
2024-11-21,2024-11-21,24900,PE,1650.05,1650.05,1550.0,1556.8,23349.9,282,2875,-4975,23349.9
2024-11-21,2024-11-28,24900,PE,1526.35,1620.0,1475.25,1554.0,1554.0,271,404450,-650,23349.9
2024-11-21,2024-11-28,24350,PE,1050.65,1050.65,962.0,1016.9,1016.9,276,36500,2850,23349.9
2024-11-21,2024-11-21,24350,CE,0.35,1.2,0.05,0.05,23349.9,1723785,1384150,65825,23349.9
2024-11-21,2024-12-19,24350,CE,82.5,82.5,76.4,76.4,76.4,2,50,50,23349.9
2024-11-21,2024-12-12,24350,CE,0.0,0.0,0.0,75.6,45.4,0,700,0,23349.9
2024-11-21,2025-01-30,24350,PE,0.0,0.0,0.0,755.05,967.85,0,1950,0,23349.9
2024-11-21,2024-11-28,24350,CE,8.25,8.4,3.8,4.1,4.1,73702,309375,44175,23349.9
2024-11-21,2024-11-28,27300,PE,0.0,0.0,0.0,3641.0,3914.8,0,325,0,23349.9
2024-11-21,2024-12-05,23100,PE,140.0,177.1,95.55,146.1,146.1,19656,74875,3475,23349.9
2024-11-21,2024-12-26,22200,PE,86.85,96.2,69.75,84.2,84.2,13777,154375,20825,23349.9
2024-11-21,2025-01-30,22700,PE,221.6,226.8,198.0,220.0,220.0,587,41075,3925,23349.9
2024-11-21,2024-12-12,22700,PE,100.0,114.35,83.15,100.35,100.35,318,7800,2625,23349.9
2024-11-21,2024-11-21,22700,CE,649.95,668.15,551.8,647.9,23349.9,453,3050,-2425,23349.9
2024-11-21,2024-11-28,22700,PE,39.9,54.25,25.5,35.1,35.1,233535,1507325,471800,23349.9
2024-11-21,2024-11-21,23700,CE,22.65,22.65,0.05,0.15,23349.9,10648097,4788925,-772375,23349.9
2024-11-21,2024-12-26,23700,PE,482.5,532.55,453.9,492.15,492.15,12058,292075,12100,23349.9
2024-11-21,2024-12-19,23700,CE,267.0,303.5,232.0,244.0,247.7,28,325,150,23349.9
2024-11-21,2024-12-26,23700,CE,377.0,377.0,274.25,297.4,297.4,24353,241400,60550,23349.9
2024-11-21,2024-12-26,27350,CE,6.75,7.7,6.55,7.5,0.05,24,300,-500,23349.9
2024-11-21,2024-11-21,23750,PE,305.0,505.35,305.0,401.4,23349.9,39566,392400,-295675,23349.9
2024-11-21,2024-11-28,24950,CE,2.9,4.25,1.9,2.2,2.2,25850,224800,4750,23349.9
2024-11-21,2025-06-26,20000,PE,0.0,0.0,0.0,99.0,26.05,0,457350,0,23349.9
2024-11-21,2025-01-30,24950,CE,109.0,115.35,107.5,111.5,111.5,219,1200,375,23349.9
2024-11-21,2024-12-26,24950,PE,0.0,0.0,0.0,1313.8,1473.5,0,5575,0,23349.9
2024-11-21,2024-12-19,24700,CE,52.8,52.8,52.8,52.8,35.4,4,125,100,23349.9
2024-11-21,2025-01-30,24700,PE,1145.0,1161.55,1145.0,1156.4,1156.4,14,575,300,23349.9
2024-11-21,2024-12-12,23400,CE,370.6,386.45,308.6,330.5,330.5,402,3975,3175,23349.9
2024-11-21,2025-01-30,23400,CE,745.4,745.4,652.95,684.2,684.2,370,9050,3900,23349.9
2024-11-21,2024-11-28,25450,CE,2.0,3.15,1.75,1.9,1.9,3645,21150,2175,23349.9
2024-11-21,2024-12-05,25450,CE,4.5,9.4,2.8,3.5,3.5,326,5725,1650,23349.9
2024-11-21,2025-01-30,25450,CE,0.0,0.0,0.0,279.6,74.15,0,800,0,23349.9
2024-11-21,2024-12-12,22800,CE,0.0,0.0,0.0,1608.6,719.3,0,0,0,23349.9
2024-11-21,2024-12-19,22800,PE,0.0,0.0,0.0,135.7,107.8,0,0,0,23349.9
2024-11-21,2024-11-21,22800,PE,4.5,4.5,0.05,0.15,23349.9,5558539,6332100,3281400,23349.9
2024-11-21,2024-12-26,22800,CE,942.9,942.9,828.25,865.25,865.25,328,4525,1925,23349.9
2024-11-21,2024-12-19,22550,CE,0.0,0.0,0.0,1215.0,978.45,0,0,0,23349.9
2024-11-21,2024-11-28,22550,PE,24.2,37.95,16.9,23.15,23.15,63348,228550,63825,23349.9
2024-11-21,2024-11-21,24000,PE,561.5,752.85,561.5,654.9,23349.9,42448,321500,-432225,23349.9
2024-11-21,2024-12-19,24650,CE,0.0,0.0,0.0,131.15,39.75,0,0,0,23349.9
2024-11-21,2024-11-21,24650,CE,0.35,1.1,0.05,0.1,23349.9,673169,473850,-195950,23349.9
2024-11-21,2024-12-26,24650,CE,66.0,69.1,47.95,53.75,53.75,882,22375,-2300,23349.9
2024-11-21,2024-12-05,24650,PE,0.0,0.0,0.0,1118.6,1242.45,0,275,0,23349.9
2024-11-21,2024-11-28,24400,CE,6.8,7.9,3.4,3.7,3.7,236257,2289050,446075,23349.9
2024-11-21,2024-12-19,24400,PE,0.0,0.0,0.0,899.15,992.95,0,0,0,23349.9
2024-11-21,2025-01-30,24400,CE,260.0,260.0,215.65,230.9,230.9,734,13925,3875,23349.9
2024-11-21,2024-11-28,24400,PE,1013.2,1116.4,980.0,1049.7,1049.7,4805,1078175,89175,23349.9
2024-11-21,2024-11-28,22950,CE,525.1,546.65,423.3,466.1,466.1,2148,20050,13675,23349.9
2024-11-21,2024-12-12,22950,PE,151.4,151.4,151.4,151.4,115.45,2,75,50,23349.9
2024-11-21,2024-11-28,22950,PE,71.85,95.9,52.3,69.45,69.45,106405,350100,182175,23349.9
2024-11-21,2025-01-30,22950,CE,0.0,0.0,0.0,1100.5,959.1,0,225,0,23349.9
2024-11-21,2024-12-26,22950,PE,204.7,227.85,183.65,203.7,203.7,1435,25125,4825,23349.9
2024-11-21,2024-11-28,25050,PE,1741.0,1741.0,1694.55,1694.55,1694.55,2,9175,0,23349.9
2024-11-21,2024-12-05,26200,CE,3.05,3.9,2.35,2.75,2.75,350,11600,1100,23349.9
2024-11-21,2024-11-28,26200,PE,2850.0,2850.0,2800.0,2841.5,2841.5,104,58675,-1500,23349.9
2024-11-21,2025-01-30,26200,PE,0.0,0.0,0.0,1784.45,2537.8,0,0,0,23349.9
2024-11-21,2024-12-26,18000,PE,7.5,17.75,7.05,7.9,7.9,2767,453550,700,23349.9
2024-11-21,2024-11-28,26800,CE,1.6,2.25,1.35,1.65,1.65,17359,354475,310425,23349.9
2024-11-21,2027-06-24,18000,PE,0.0,0.0,0.0,264.2,34.15,0,25,0,23349.9
2024-11-21,2025-12-24,18000,CE,6300.0,6300.0,6020.0,6268.6,6268.6,29,6625,300,23349.9
2024-11-21,2024-12-05,23900,PE,550.15,611.55,518.25,561.5,561.5,642,62525,-1000,23349.9
2024-11-21,2024-11-21,24150,PE,792.05,897.7,774.85,805.35,23349.9,1215,202350,-3775,23349.9
2024-11-21,2024-11-21,24150,CE,0.75,1.4,0.05,0.1,23349.9,2344096,1850175,-574725,23349.9
2024-11-21,2024-12-19,25300,CE,16.05,19.95,9.0,15.7,15.7,40,775,550,23349.9
2024-11-21,2026-06-25,22000,CE,0.0,0.0,0.0,2722.55,3906.35,0,0,0,23349.9
2024-11-21,2024-12-12,24000,PE,617.95,698.0,590.75,644.8,644.8,336,8200,-1775,23349.9
2024-11-21,2028-06-29,18000,PE,0.0,0.0,0.0,396.75,43.05,0,0,0,23349.9
2024-11-21,2024-11-28,26800,PE,3401.05,3450.9,3401.05,3450.9,3450.9,8,3750,-75,23349.9
2024-11-21,2025-09-25,18000,PE,0.0,0.0,0.0,3.05,4.1,0,0,0,23349.9
2024-11-21,2024-12-26,26800,CE,7.2,7.5,5.5,6.35,6.35,884,21150,-3800,23349.9
2024-11-21,2024-11-28,26550,PE,0.0,0.0,0.0,3032.85,3165.75,0,100,0,23349.9
2024-11-21,2025-03-27,18000,PE,39.0,39.0,27.8,28.45,0.05,96,2650,2350,23349.9
2024-11-21,2026-12-31,28000,CE,0.0,0.0,0.0,1871.1,1429.3,0,0,0,23349.9
2024-11-21,2025-06-26,28000,CE,105.0,105.0,88.8,91.7,91.7,161,30775,1200,23349.9
2024-11-21,2027-06-24,28000,PE,0.0,0.0,0.0,5959.35,2106.85,0,0,0,23349.9
2024-11-21,2026-12-31,28000,PE,0.0,0.0,0.0,6224.8,2363.15,0,0,0,23349.9
2024-11-21,2025-03-27,28000,CE,38.0,38.0,31.25,32.95,32.95,1762,462425,-7275,23349.9
2024-11-21,2025-09-25,28000,PE,0.0,0.0,0.0,1606.2,3353.45,0,0,0,23349.9
2024-11-21,2027-12-30,28000,PE,0.0,0.0,0.0,4251.0,1871.45,0,0,0,23349.9
2024-11-21,2025-01-30,25250,PE,0.0,0.0,0.0,1264.3,1672.2,0,125,0,23349.9
2024-11-21,2024-11-21,25250,CE,0.5,0.95,0.05,0.1,23349.9,167259,157000,97400,23349.9
2024-11-21,2024-11-28,24850,PE,1488.35,1516.75,1460.5,1516.75,1516.75,17,11650,0,23349.9
2024-11-21,2025-01-30,24850,PE,0.0,0.0,0.0,884.4,1340.35,0,0,0,23349.9
2024-11-21,2024-12-05,24850,PE,0.0,0.0,0.0,1281.35,1438.5,0,50,0,23349.9
2024-11-21,2024-11-28,24850,CE,2.85,4.2,2.1,2.3,2.3,14256,155250,53250,23349.9
2024-11-21,2024-12-26,21900,CE,1643.9,1656.15,1630.0,1654.25,1654.25,12,425,200,23349.9
2024-11-21,2027-06-24,21000,PE,0.0,0.0,0.0,500.0,202.6,0,200,0,23349.9
2024-11-21,2024-12-05,26250,CE,3.35,3.85,2.65,2.9,2.9,266,5025,3300,23349.9
2024-11-21,2024-12-26,23850,PE,599.95,622.25,546.95,575.05,575.05,702,16700,-500,23349.9
2024-11-21,2024-12-05,23850,PE,556.75,567.5,495.0,527.3,527.3,266,10275,250,23349.9
2024-11-21,2024-12-26,23850,CE,300.0,300.0,217.0,234.3,234.3,2439,23575,750,23349.9
2024-11-21,2024-12-05,23850,CE,120.0,120.0,67.05,73.65,73.65,7554,37275,24050,23349.9
2024-11-21,2024-12-12,23850,PE,555.0,555.0,555.0,555.0,550.45,1,100,0,23349.9
2024-11-21,2024-11-28,23850,CE,75.5,75.5,23.2,27.0,27.0,140785,565050,266200,23349.9
2024-11-21,2024-12-26,24600,CE,70.0,82.75,55.25,59.0,59.0,23234,703850,18850,23349.9
2024-11-21,2024-11-28,24600,PE,1228.9,1314.05,1200.0,1246.4,1246.4,3595,353075,22700,23349.9
2024-11-21,2025-09-25,22000,PE,0.0,0.0,0.0,105.0,254.45,0,0,0,23349.9
2024-11-21,2027-12-30,24000,PE,0.0,0.0,0.0,764.05,643.9,0,150,0,23349.9
2024-11-21,2028-06-29,22000,PE,0.0,0.0,0.0,520.05,297.5,0,100,0,23349.9
2024-11-21,2028-06-29,22000,CE,0.0,0.0,0.0,4759.5,6399.8,0,0,0,23349.9
2024-11-21,2024-11-21,22000,CE,1309.0,1346.95,1309.0,1344.25,23349.9,168,5875,-2525,23349.9
2024-11-21,2024-12-12,22000,CE,0.0,0.0,0.0,2361.25,1442.1,0,0,0,23349.9
2024-11-21,2024-11-21,26550,PE,0.0,0.0,0.0,3109.2,23349.9,0,175,0,23349.9
2024-11-21,2027-06-24,18000,CE,0.0,0.0,0.0,4066.45,8270.2,0,0,0,23349.9
2024-11-21,2024-12-26,26800,PE,0.0,0.0,0.0,3126.85,3277.45,0,50,0,23349.9
2024-11-21,2027-12-30,18000,PE,0.0,0.0,0.0,169.0,39.55,0,10100,0,23349.9
2024-11-21,2026-06-25,18000,CE,0.0,0.0,0.0,4150.0,7201.7,0,200,0,23349.9
2024-11-21,2024-12-26,26150,PE,0.0,0.0,0.0,1751.0,2633.1,0,175,0,23349.9
2024-11-21,2024-11-28,26150,PE,2753.5,2789.0,2753.5,2789.0,2766.25,63,2000,1450,23349.9
2024-11-21,2029-06-28,27000,PE,0.0,0.0,0.0,1252.35,1093.15,0,0,0,23349.9
2024-11-21,2026-06-25,27000,PE,0.0,0.0,0.0,6810.7,2103.8,0,0,0,23349.9
2024-11-21,2024-12-05,22750,PE,66.0,80.45,60.3,74.0,74.0,1911,17550,16775,23349.9
2024-11-21,2024-11-28,22200,PE,11.05,18.55,6.55,9.55,9.55,262873,1474225,555575,23349.9
2024-11-21,2025-01-30,22200,CE,0.0,0.0,0.0,2489.7,1532.0,0,0,0,23349.9
2024-11-21,2024-12-12,23950,CE,163.35,163.35,95.45,105.15,105.15,191,2375,1775,23349.9
2024-11-21,2024-11-28,23950,PE,558.0,680.75,558.0,621.45,621.45,3327,61000,-975,23349.9
2024-11-21,2024-12-19,23950,CE,0.0,0.0,0.0,230.45,163.6,0,25,0,23349.9
2024-11-21,2024-12-12,23950,PE,0.0,0.0,0.0,314.45,623.2,0,325,0,23349.9
2024-11-21,2025-01-30,23950,CE,0.0,0.0,0.0,580.05,420.0,0,575,0,23349.9
2024-11-21,2024-12-12,25350,PE,0.0,0.0,0.0,1126.6,1903.85,0,0,0,23349.9
2024-11-21,2025-01-30,25350,PE,0.0,0.0,0.0,1181.1,1758.95,0,0,0,23349.9
2024-11-21,2024-12-19,25100,CE,0.0,0.0,0.0,30.0,13.05,0,50,0,23349.9
2024-11-21,2024-11-21,25100,CE,0.25,1.1,0.05,0.1,23349.9,885029,1173175,645125,23349.9
2024-11-21,2024-12-19,25250,PE,0.0,0.0,0.0,1606.2,1778.35,0,0,0,23349.9
2024-11-21,2024-11-21,24850,CE,0.4,1.05,0.05,0.05,23349.9,726433,293300,64625,23349.9
2024-11-21,2025-01-30,25100,PE,1114.05,1517.15,1114.05,1455.05,1544.75,94,2325,1875,23349.9
2024-11-21,2024-12-12,25100,PE,0.0,0.0,0.0,937.2,1657.7,0,0,0,23349.9
2024-11-21,2024-12-26,27600,CE,9.0,9.0,4.75,5.75,5.75,249,300,-3025,23349.9
2024-11-21,2028-12-28,31000,PE,0.0,0.0,0.0,2722.7,2622.0,0,0,0,23349.9
2024-11-21,2026-06-25,31000,PE,0.0,0.0,0.0,5585.0,4830.4,0,0,0,23349.9
2024-11-21,2026-12-31,31000,PE,0.0,0.0,0.0,4949.65,4212.7,0,0,0,23349.9
2024-11-21,2027-06-24,31000,CE,0.0,0.0,0.0,1151.25,1055.1,0,0,0,23349.9
2024-11-21,2025-03-27,31000,PE,0.0,0.0,0.0,6521.65,6936.4,0,0,0,23349.9
2024-11-21,2025-06-26,31000,PE,0.0,0.0,0.0,7107.55,6439.65,0,0,0,23349.9
2024-11-21,2025-09-25,31000,CE,0.0,0.0,0.0,777.15,43.2,0,0,0,23349.9
2024-11-21,2027-12-30,31000,PE,0.0,0.0,0.0,3950.7,3296.35,0,0,0,23349.9
2024-11-21,2025-03-27,31000,CE,13.25,13.5,11.15,11.8,11.8,71,20150,-875,23349.9
2024-11-21,2026-12-31,31000,CE,0.0,0.0,0.0,819.15,677.05,0,0,0,23349.9
2024-11-21,2024-12-26,31000,PE,7450.0,7450.0,7400.0,7400.0,7450.1,3,22775,0,23349.9
2024-11-21,2029-06-28,31000,PE,0.0,0.0,0.0,2338.75,2348.65,0,0,0,23349.9
2024-11-21,2024-12-19,21750,CE,0.0,0.0,0.0,1937.95,1718.7,0,0,0,23349.9
2024-11-21,2024-12-05,21750,PE,11.0,16.0,7.35,15.0,15.0,189,3425,2875,23349.9
2024-11-21,2024-12-19,21750,PE,32.25,32.25,32.25,32.25,6.45,2,300,0,23349.9
2024-11-21,2025-01-30,21750,PE,0.0,0.0,0.0,47.95,46.4,0,0,0,23349.9
2024-11-21,2024-11-28,23150,CE,383.5,389.05,278.55,314.35,314.35,16709,86575,64925,23349.9
2024-11-21,2024-12-05,23150,CE,461.6,479.95,376.5,405.85,405.85,1316,10250,9650,23349.9
2024-11-21,2024-12-19,23150,PE,0.0,0.0,0.0,230.2,209.25,0,0,0,23349.9
2024-11-21,2024-12-05,23150,PE,173.9,192.0,135.0,160.25,160.25,3016,26050,9375,23349.9
2024-11-21,2025-01-30,25950,PE,0.0,0.0,0.0,1596.25,2302.55,0,0,0,23349.9
2024-11-21,2024-11-21,25950,PE,2670.0,2670.0,2610.0,2610.0,23349.9,14,100,-275,23349.9
2024-11-21,2024-12-19,23500,CE,395.0,400.0,325.0,345.45,345.45,163,3125,2175,23349.9
2024-11-21,2024-12-12,25450,PE,0.0,0.0,0.0,1206.35,2002.85,0,0,0,23349.9
2024-11-21,2027-12-30,20000,CE,0.0,0.0,0.0,5333.85,7258.75,0,0,0,23349.9
2024-11-21,2024-12-26,20000,CE,3450.0,3552.0,3419.75,3474.0,3474.0,1066,295075,-9000,23349.9
2024-11-21,2024-12-26,25650,PE,0.0,0.0,0.0,1813.65,2141.35,0,2000,0,23349.9
2024-11-21,2025-01-30,22250,CE,0.0,0.0,0.0,1685.0,1490.2,0,75,0,23349.9
2024-11-21,2024-12-05,22250,PE,29.0,35.35,16.85,26.4,26.4,798,17000,5550,23349.9
2024-11-21,2024-11-28,22250,PE,14.95,20.55,7.3,10.75,10.75,97291,399850,113650,23349.9
2024-11-21,2024-12-26,22250,CE,0.0,0.0,0.0,1454.55,1285.8,0,100,0,23349.9
2024-11-21,2024-11-21,22250,CE,1069.2,1101.8,1033.9,1101.8,23349.9,50,750,-75,23349.9
2024-11-21,2024-12-12,22250,CE,0.0,0.0,0.0,2120.2,1202.85,0,0,0,23349.9
2024-11-21,2024-11-28,25550,PE,2200.0,2204.6,2191.2,2200.4,2200.4,16,9450,100,23349.9
2024-11-21,2024-12-12,21750,PE,0.0,0.0,0.0,4.65,2.55,0,0,0,23349.9
2024-11-21,2024-11-21,21750,PE,0.45,0.75,0.05,0.1,23349.9,847647,574525,-156900,23349.9
2024-11-21,2024-11-21,25950,CE,0.4,0.95,0.05,0.05,23349.9,105224,52775,30050,23349.9
2024-11-21,2024-12-26,25950,CE,11.25,11.65,9.65,11.2,3.05,95,2675,-375,23349.9
2024-11-21,2024-12-26,27450,CE,0.0,0.0,0.0,10.4,0.05,0,750,0,23349.9
2024-11-21,2029-06-28,20000,CE,0.0,0.0,0.0,10410.0,8812.2,0,0,0,23349.9
2024-11-21,2024-12-12,23750,PE,466.0,516.85,428.7,487.7,482.05,97,2550,1275,23349.9
2024-11-21,2024-12-19,23750,CE,0.0,0.0,0.0,419.5,228.85,0,0,0,23349.9
2024-11-21,2029-06-28,20000,PE,0.0,0.0,0.0,236.95,121.2,0,0,0,23349.9
2024-11-21,2028-12-28,20000,PE,0.0,0.0,0.0,405.0,124.5,0,1550,0,23349.9
2024-11-21,2024-12-05,25850,CE,4.0,5.0,2.5,3.55,3.55,259,4650,2575,23349.9
2024-11-21,2025-01-30,25850,PE,0.0,0.0,0.0,1522.1,2209.65,0,0,0,23349.9
2024-11-21,2025-01-30,25700,PE,0.0,0.0,0.0,1840.0,2071.85,0,2225,0,23349.9
2024-11-21,2024-11-21,25700,CE,0.5,1.0,0.05,0.05,23349.9,237384,194275,-31500,23349.9
2024-11-21,2024-12-26,25700,CE,14.15,14.7,9.25,11.3,11.3,5407,168525,-825,23349.9
2024-11-21,2024-11-28,25650,PE,0.0,0.0,0.0,2151.4,2266.9,0,7525,0,23349.9
2024-11-21,2024-12-05,25650,PE,0.0,0.0,0.0,1215.5,2233.8,0,0,0,23349.9
2024-11-21,2025-01-30,25650,PE,0.0,0.0,0.0,1330.0,2026.35,0,625,0,23349.9
2024-11-21,2024-12-26,24200,CE,158.25,167.45,115.8,126.3,126.3,29396,319725,76575,23349.9
2024-11-21,2024-12-26,24200,PE,809.95,867.6,766.2,819.2,819.2,3257,138350,-26475,23349.9
2024-11-21,2024-12-05,24200,CE,48.8,56.05,20.95,22.9,22.9,24342,188100,111475,23349.9
2024-11-21,2026-12-31,20000,PE,161.45,226.05,161.45,183.0,183.0,3,4325,25,23349.9
2024-11-21,2025-12-24,20000,PE,200.0,221.0,178.0,203.8,203.8,260,37400,1450,23349.9
2024-11-21,2024-12-19,24950,PE,0.0,0.0,0.0,1340.75,1490.5,0,0,0,23349.9
2024-11-21,2024-11-28,24950,PE,1610.0,1610.0,1558.95,1600.95,1600.95,11,18000,-250,23349.9
2024-11-21,2024-12-12,24950,CE,0.0,0.0,0.0,18.6,8.0,0,975,0,23349.9
2024-11-21,2024-12-26,20000,PE,14.95,16.8,12.0,14.05,14.05,18964,1888050,70650,23349.9
2024-11-21,2027-06-24,20000,CE,0.0,0.0,0.0,3367.05,6677.1,0,0,0,23349.9
2024-11-21,2025-06-26,20000,CE,0.0,0.0,0.0,3180.85,4162.65,0,0,0,23349.9
2024-11-21,2028-06-29,20000,CE,0.0,0.0,0.0,5724.65,7796.35,0,0,0,23349.9
2024-11-21,2024-11-21,25250,PE,1920.0,1920.0,1901.9,1907.35,23349.9,29,500,-275,23349.9
2024-11-21,2024-11-21,22200,CE,0.0,0.0,0.0,2708.75,23349.9,0,0,0,23349.9
2024-11-21,2024-12-12,22750,PE,0.0,0.0,0.0,46.0,71.5,0,0,0,23349.9
