date,expiry,strike,opt_type,open,high,low,close,settle,volume,oi,oi_change,underlying
2025-11-19,2025-12-23,27000,PE,0.0,0.0,0.0,1078.45,917.4,0,0,0,26052.65
2025-11-19,2025-12-23,26700,PE,0.0,0.0,0.0,853.7,692.75,0,0,0,26052.65
2025-11-19,2025-12-23,26150,PE,0.0,0.0,0.0,510.2,364.6,0,0,0,26052.65
2025-11-19,2025-12-23,25800,PE,190.3,190.35,177.0,179.65,179.65,77,4575,4575,26052.65
2025-11-19,2025-12-23,24950,PE,0.0,0.0,0.0,100.65,42.1,0,0,0,26052.65
2025-11-19,2025-12-23,24900,PE,0.0,0.0,0.0,92.4,37.45,0,0,0,26052.65
2025-11-19,2025-12-23,24150,PE,0.0,0.0,0.0,20.85,4.7,0,0,0,26052.65
2025-11-19,2025-12-16,27650,PE,0.0,0.0,0.0,1830.4,1497.4,0,0,0,26052.65
2025-11-19,2025-12-16,27450,PE,0.0,0.0,0.0,1646.85,1309.75,0,0,0,26052.65
2025-11-19,2025-12-16,26900,PE,0.0,0.0,0.0,1172.15,831.15,0,0,0,26052.65
2025-11-19,2025-12-16,25150,PE,0.0,0.0,0.0,193.8,47.9,0,0,0,26052.65
2025-11-19,2025-12-09,27650,PE,0.0,0.0,0.0,1593.05,1517.2,0,0,0,26052.65
2025-11-19,2025-12-09,27550,PE,0.0,0.0,0.0,1496.1,1420.2,0,0,0,26052.65
2025-11-19,2025-12-09,27250,PE,1094.8,1094.8,1085.45,1090.15,1090.15,2,150,75,26052.65
2025-11-19,2025-12-09,26800,PE,731.05,735.0,640.75,675.5,675.5,43,600,525,26052.65
2025-11-19,2025-12-09,26750,PE,642.8,648.1,641.5,644.8,644.8,16,300,225,26052.65
2025-11-19,2025-12-09,26450,PE,520.2,520.2,418.75,418.75,480.7,10,375,0,26052.65
2025-11-19,2025-12-09,25950,PE,248.0,248.0,171.85,179.4,179.4,780,17100,9375,26052.65
2025-11-19,2025-12-09,25550,PE,103.0,109.15,73.4,78.7,78.7,506,15825,-5925,26052.65
2025-11-19,2025-12-09,24600,PE,16.5,16.95,12.75,14.05,14.05,215,8025,225,26052.65
2025-11-19,2025-12-02,27750,PE,0.0,0.0,0.0,1630.7,1641.3,0,0,0,26052.65
2025-11-19,2025-12-02,27550,PE,0.0,0.0,0.0,1425.85,1442.95,0,0,0,26052.65
2025-11-19,2025-12-02,27050,PE,934.7,935.35,926.6,931.3,931.3,11,75,-75,26052.65
2025-11-19,2025-12-02,26950,PE,839.05,839.25,830.7,835.15,835.15,10,0,-75,26052.65
2025-11-19,2025-11-25,23900,CE,2033.9,2187.7,2033.9,2178.2,2175.25,25,3825,-1500,26052.65
2025-11-19,2025-11-25,24000,CE,1920.05,2091.9,1895.7,2070.05,2070.05,1673,395850,-92325,26052.65
2025-11-19,2025-11-25,25700,CE,321.0,424.25,266.35,404.7,404.7,109371,1230825,-113925,26052.65
2025-11-19,2025-11-25,26000,CE,127.95,195.95,99.6,183.05,183.05,3323388,11473800,-1828875,26052.65
2025-11-19,2025-11-25,26750,CE,5.0,5.65,3.25,4.8,4.8,238197,1207500,291750,26052.65
2025-11-19,2025-11-25,27350,CE,1.3,1.6,0.95,1.1,1.1,43307,516525,111375,26052.65
2025-11-19,2025-12-02,23800,CE,2329.2,2329.2,2329.2,2329.2,2329.2,1,150,75,26052.65
2025-11-19,2025-12-02,24000,CE,2000.0,2128.0,2000.0,2116.6,2116.6,164,17175,9000,26052.65
2025-11-19,2025-12-02,24050,CE,0.0,0.0,0.0,2064.55,2051.9,0,0,0,26052.65
2025-11-19,2025-12-02,24450,CE,1678.35,1678.35,1665.4,1672.1,1672.1,4,150,150,26052.65
2025-11-19,2025-12-02,24900,CE,1168.35,1225.8,1168.35,1224.0,1224.0,6,1875,0,26052.65
2025-11-19,2025-12-02,25100,CE,925.55,1052.0,925.55,1032.05,1032.05,30,10350,300,26052.65
2025-11-19,2025-12-02,25800,CE,328.05,436.2,299.65,420.2,420.2,10639,179175,27075,26052.65
2025-11-19,2025-12-02,25850,CE,280.55,400.0,269.6,384.35,384.35,4665,58725,12000,26052.65
2025-11-19,2025-12-02,26000,CE,217.95,297.3,188.35,283.25,283.25,83908,1449450,541650,26052.65
2025-11-19,2025-12-02,26050,CE,207.0,266.65,166.0,253.75,253.75,12736,108450,47475,26052.65
2025-11-19,2025-12-02,26700,CE,24.15,36.05,19.8,33.25,33.25,21707,306750,99525,26052.65
2025-11-19,2025-12-02,26900,CE,11.9,15.85,9.6,14.85,14.85,16480,208125,41400,26052.65
2025-11-19,2025-12-09,23800,CE,2360.45,2360.45,2360.45,2360.45,2360.45,1,75,0,26052.65
2025-11-19,2025-12-09,23850,CE,2311.8,2311.8,2311.8,2311.8,2311.8,1,150,0,26052.65
2025-11-19,2025-12-09,24250,CE,0.0,0.0,0.0,1903.3,1879.9,0,0,0,26052.65
2025-11-19,2025-12-09,24750,CE,1429.2,1430.2,1420.95,1425.45,1425.45,16,75,0,26052.65
2025-11-19,2025-12-09,25700,CE,469.0,587.8,443.15,570.3,570.3,252,17325,3750,26052.65
2025-11-19,2025-12-09,26700,CE,49.05,73.75,43.45,70.6,70.6,1002,27450,150,26052.65
2025-11-19,2025-12-09,26850,CE,0.0,0.0,0.0,111.65,69.0,0,0,0,26052.65
2025-11-19,2025-12-09,26900,CE,29.7,39.5,23.15,37.6,37.6,2367,39075,9300,26052.65
2025-11-19,2025-12-09,27250,CE,17.45,17.45,11.25,12.95,12.95,48,3150,3150,26052.65
2025-11-19,2025-12-09,27400,CE,0.0,0.0,0.0,45.55,15.25,0,0,0,26052.65
2025-11-19,2025-12-16,24250,CE,0.0,0.0,0.0,1627.65,1908.65,0,0,0,26052.65
2025-11-19,2025-12-16,24450,CE,0.0,0.0,0.0,1448.5,1712.65,0,0,0,26052.65
2025-11-19,2025-12-16,24650,CE,0.0,0.0,0.0,1276.3,1519.15,0,0,0,26052.65
2025-11-19,2025-12-16,24800,CE,0.0,0.0,0.0,1152.55,1376.55,0,0,0,26052.65
2025-11-19,2025-12-16,26600,CE,107.0,141.2,92.4,136.25,136.25,420,20775,11925,26052.65
2025-11-19,2025-12-16,26700,CE,67.9,111.0,67.9,106.4,106.4,356,22125,5175,26052.65
2025-11-19,2025-12-16,26900,CE,0.0,0.0,0.0,124.0,97.95,0,0,0,26052.65
2025-11-19,2025-12-23,24800,CE,0.0,0.0,0.0,1332.2,1414.5,0,0,0,26052.65
2025-11-19,2025-12-23,24900,CE,0.0,0.0,0.0,1247.65,1323.1,0,0,0,26052.65
2025-11-19,2025-12-02,26700,PE,732.0,732.0,594.0,594.0,645.0,30,750,675,26052.65
2025-11-19,2025-12-02,26550,PE,488.2,499.5,464.5,479.1,479.1,61,975,750,26052.65
2025-11-19,2025-12-02,26350,PE,437.55,446.65,322.75,337.5,337.5,532,13200,9300,26052.65
2025-11-19,2025-12-02,24000,PE,4.4,4.75,3.55,3.9,3.9,4902,219900,87000,26052.65
2025-11-19,2025-11-25,25950,PE,163.05,185.25,85.3,95.05,95.05,1586473,4480500,3138375,26052.65
2025-11-19,2025-11-25,25200,PE,11.0,14.0,6.75,7.2,7.2,377791,4354350,65250,26052.65
2025-11-19,2030-06-25,19000,CE,0.0,0.0,0.0,11740.5,11491.45,0,0,0,26052.65
2025-11-19,2029-12-24,29000,CE,0.0,0.0,0.0,5305.8,4286.45,0,0,0,26052.65
2025-11-19,2029-06-26,23000,CE,0.0,0.0,0.0,8636.0,7527.25,0,0,0,26052.65
2025-11-19,2028-12-26,21000,CE,0.0,0.0,0.0,7512.5,8544.35,0,0,0,26052.65
2025-11-19,2028-06-27,30000,CE,0.0,0.0,0.0,2278.45,2143.25,0,0,0,26052.65
2025-11-19,2027-12-28,30000,CE,0.0,0.0,0.0,1877.7,1600.05,0,0,0,26052.65
2025-11-19,2027-12-28,28000,CE,0.0,0.0,0.0,2639.2,2480.35,0,0,0,26052.65
2025-11-19,2027-06-29,27000,CE,0.0,0.0,0.0,1932.5,2379.8,0,0,0,26052.65
2025-11-19,2026-12-29,26000,CE,2430.0,2550.0,2430.0,2525.0,2525.0,26,119700,-375,26052.65
2025-11-19,2026-06-30,31000,CE,0.0,0.0,0.0,507.8,85.15,0,0,0,26052.65
2025-11-19,2026-06-30,30000,CE,127.75,144.65,122.15,137.6,137.6,193,126750,1200,26052.65
2025-11-19,2026-06-30,25000,CE,2265.7,2351.55,2239.6,2350.0,2200.2,21,43875,375,26052.65
2025-11-19,2026-06-30,22000,CE,0.0,0.0,0.0,2722.55,4824.7,0,0,0,26052.65
2025-11-19,2026-06-30,18000,CE,0.0,0.0,0.0,7400.0,8674.0,0,100,0,26052.65
2025-11-19,2026-03-31,21000,CE,5510.1,5600.0,5465.75,5571.1,5571.1,80,25500,2625,26052.65
2025-11-19,2026-01-27,27300,CE,123.0,152.3,119.65,150.65,150.65,148,34385,2470,26052.65
2025-11-19,2026-01-27,26950,CE,240.9,256.2,240.9,256.2,304.6,4,2080,-65,26052.65
2025-11-19,2025-12-23,25150,CE,0.0,0.0,0.0,1046.25,1102.7,0,0,0,26052.65
2025-11-19,2025-12-23,25700,CE,603.9,670.0,590.75,670.0,676.0,19,1200,1200,26052.65
2025-11-19,2025-12-23,25900,CE,444.4,545.4,440.0,545.4,545.4,25,1125,1125,26052.65
2025-11-19,2025-12-23,26050,CE,409.3,441.25,409.3,437.55,459.7,13,150,150,26052.65
2025-11-19,2025-12-23,26450,CE,0.0,0.0,0.0,300.1,272.95,0,0,0,26052.65
2025-11-19,2025-12-23,26750,CE,0.0,0.0,0.0,205.5,173.7,0,0,0,26052.65
2025-11-19,2025-12-23,27000,CE,146.0,146.0,49.0,73.35,73.35,444,17250,17250,26052.65
2025-11-19,2025-12-30,23150,CE,0.0,0.0,0.0,2851.4,3052.0,0,0,0,26052.65
2025-11-19,2025-12-30,23900,CE,0.0,0.0,0.0,2354.35,2310.5,0,150,0,26052.65
2025-11-19,2025-12-30,24450,CE,1831.65,1831.65,1831.65,1831.65,1778.1,1,1200,-75,26052.65
2025-11-19,2025-12-30,24550,CE,1722.6,1732.45,1722.6,1727.55,1727.55,2,75,0,26052.65
2025-11-19,2025-12-30,25950,CE,466.95,567.95,450.05,548.4,548.4,837,41250,-11175,26052.65
2025-11-19,2025-12-30,26050,CE,407.2,497.5,393.0,489.75,489.75,633,43425,7650,26052.65
2025-11-19,2025-12-30,26700,CE,133.8,184.7,127.8,178.1,178.1,9024,524550,-74325,26052.65
2025-11-19,2026-03-31,20000,CE,0.0,0.0,0.0,5090.05,6464.25,0,0,0,26052.65
2025-11-19,2026-03-31,26000,CE,1072.05,1160.25,1046.0,1149.85,1149.85,1487,849000,150,26052.65
2025-11-19,2026-06-30,20000,CE,0.0,0.0,0.0,3829.5,6743.55,0,0,0,26052.65
2025-11-19,2026-06-30,28000,CE,490.2,548.9,465.05,542.85,542.85,323,320550,4575,26052.65
2025-11-19,2026-09-29,21000,CE,0.0,0.0,0.0,4967.05,6074.25,0,0,0,26052.65
2025-11-19,2026-12-29,30000,CE,452.5,518.95,445.0,503.2,503.2,230,140100,1875,26052.65
2025-11-19,2027-12-28,21000,CE,0.0,0.0,0.0,4902.4,7490.6,0,0,0,26052.65
2025-11-19,2027-12-28,23000,CE,0.0,0.0,0.0,4125.7,5828.0,0,0,0,26052.65
2025-11-19,2027-12-28,27000,CE,0.0,0.0,0.0,3100.0,3024.9,0,225,0,26052.65
2025-11-19,2028-12-26,23000,CE,0.0,0.0,0.0,6377.6,6981.85,0,0,0,26052.65
2025-11-19,2028-12-26,29000,CE,0.0,0.0,0.0,3645.75,3159.85,0,0,0,26052.65
2025-11-19,2029-06-26,24000,CE,0.0,0.0,0.0,8085.35,6803.6,0,0,0,26052.65
2025-11-19,2030-06-25,27000,CE,0.0,0.0,0.0,6972.5,5958.95,0,0,0,26052.65
2025-11-19,2025-11-25,22850,PE,1.35,1.6,1.05,1.2,1.2,826,6900,1950,26052.65
2025-11-19,2025-11-25,23150,PE,1.8,1.9,1.25,1.45,1.45,803,8400,-225,26052.65
2025-11-19,2030-06-25,21000,PE,0.0,0.0,0.0,321.3,68.35,0,0,0,26052.65
2025-11-19,2029-12-24,20000,PE,0.0,0.0,0.0,202.3,38.75,0,0,0,26052.65
2025-11-19,2029-06-26,28000,PE,0.0,0.0,0.0,1488.1,967.6,0,0,0,26052.65
2025-11-19,2029-06-26,24000,PE,0.0,0.0,0.0,694.05,260.35,0,25,0,26052.65
2025-11-19,2029-06-26,19000,PE,0.0,0.0,0.0,170.3,18.65,0,0,0,26052.65
2025-11-19,2028-12-26,22000,PE,0.0,0.0,0.0,447.0,103.0,0,375,0,26052.65
2025-11-19,2028-06-27,29000,PE,0.0,0.0,0.0,3595.9,1497.25,0,0,0,26052.65
2025-11-19,2028-06-27,26000,PE,0.0,0.0,0.0,2370.3,595.1,0,0,0,26052.65
2025-11-19,2027-12-28,19000,PE,0.0,0.0,0.0,140.05,8.0,0,675,0,26052.65
2025-11-19,2026-12-29,29000,PE,1737.95,1737.95,1648.15,1669.4,1669.4,78,26625,3900,26052.65
2025-11-19,2026-12-29,17000,PE,0.0,0.0,0.0,97.05,0.05,0,2850,0,26052.65
2025-11-19,2026-12-29,15000,PE,0.0,0.0,0.0,20.05,0.05,0,1475,0,26052.65
2025-11-19,2026-06-30,25000,PE,307.55,313.2,285.05,288.7,288.7,773,358200,10500,26052.65
2025-11-19,2026-06-30,21000,PE,57.95,59.85,51.65,52.85,52.85,118,398025,2925,26052.65
2025-11-19,2026-06-30,13000,PE,0.0,0.0,0.0,21.6,0.05,0,200,0,26052.65
2025-11-19,2026-03-31,22000,PE,42.5,43.0,34.55,35.45,35.45,3028,388575,104325,26052.65
2025-11-19,2026-01-27,27750,PE,0.0,0.0,0.0,1398.2,1517.8,0,130,0,26052.65
2025-11-19,2026-01-27,27600,PE,0.0,0.0,0.0,1266.75,1394.3,0,130,0,26052.65
2025-11-19,2026-01-27,26900,PE,750.0,750.0,747.25,747.25,877.35,5,650,325,26052.65
2025-11-19,2026-01-27,26300,PE,499.95,504.1,421.75,433.2,433.2,118,15015,520,26052.65
2025-11-19,2025-11-25,22900,CE,0.0,0.0,0.0,3153.85,3174.3,0,225,0,26052.65
2025-11-19,2025-11-25,23000,CE,2915.0,3085.6,2905.0,3068.9,3068.9,982,418350,-71250,26052.65
2025-11-19,2025-11-25,23150,CE,0.0,0.0,0.0,2905.95,2924.5,0,150,0,26052.65
2025-11-19,2025-11-25,23650,CE,0.0,0.0,0.0,2407.3,2425.0,0,150,0,26052.65
2025-11-19,2025-11-25,25300,CE,631.7,800.3,609.1,779.3,779.3,2416,385725,-37575,26052.65
2025-11-19,2025-11-25,26400,CE,20.0,34.8,15.0,31.45,31.45,853847,5377650,1531950,26052.65
2025-11-19,2025-11-25,26700,CE,5.95,7.05,3.85,6.1,6.1,446975,3640050,471525,26052.65
2025-11-19,2025-11-25,27400,CE,1.35,1.5,0.95,1.05,1.05,133468,2124525,-16950,26052.65
2025-11-19,2025-12-02,24300,CE,1819.95,1826.8,1819.95,1823.4,1823.4,2,150,0,26052.65
2025-11-19,2025-12-02,24700,CE,1448.05,1448.05,1426.7,1430.25,1430.25,4,450,150,26052.65
2025-11-19,2025-12-02,25450,CE,632.0,720.2,598.25,713.35,713.35,36,2025,225,26052.65
2025-11-19,2025-12-02,25500,CE,543.6,682.65,519.8,664.25,664.25,2217,153750,37650,26052.65
2025-11-19,2025-12-02,26850,CE,14.8,19.35,11.6,18.1,18.1,4294,70800,39675,26052.65
2025-11-19,2025-12-09,25100,CE,1086.0,1097.2,1086.0,1090.85,1090.85,6,225,-75,26052.65
2025-11-19,2025-12-09,25200,CE,900.0,948.8,900.0,948.8,966.55,3,3075,225,26052.65
2025-11-19,2025-12-09,25350,CE,862.25,863.0,861.95,862.45,862.45,5,600,-375,26052.65
2025-11-19,2025-12-09,26100,CE,245.35,313.95,214.1,300.75,300.75,2111,57000,21150,26052.65
2025-11-19,2025-12-09,26300,CE,140.75,208.3,134.95,197.95,197.95,2300,65775,21000,26052.65
2025-11-19,2025-12-09,26350,CE,130.0,185.55,122.3,177.15,177.15,292,15300,6975,26052.65
2025-11-19,2025-12-09,26450,CE,97.6,145.7,92.5,139.65,139.65,240,5325,450,26052.65
2025-11-19,2025-12-09,27200,CE,11.0,15.1,10.25,14.5,14.5,451,17850,5475,26052.65
2025-11-19,2025-12-09,27600,CE,5.5,6.0,4.5,4.9,4.9,44,2700,1800,26052.65
2025-11-19,2025-12-09,27650,CE,6.8,6.8,4.15,4.45,6.85,30,2925,1050,26052.65
2025-11-19,2025-12-16,23950,CE,0.0,0.0,0.0,1906.4,2205.25,0,0,0,26052.65
2025-11-19,2025-12-16,24500,CE,0.0,0.0,0.0,1404.75,1664.0,0,0,0,26052.65
2025-11-19,2025-12-16,24600,CE,0.0,0.0,0.0,1318.6,1567.2,0,0,0,26052.65
2025-11-19,2025-12-16,24700,CE,0.0,0.0,0.0,1234.5,1471.35,0,0,0,26052.65
2025-11-19,2025-12-16,25100,CE,0.0,0.0,0.0,922.55,1101.45,0,0,0,26052.65
2025-11-19,2025-12-16,25250,CE,0.0,0.0,0.0,815.45,970.85,0,0,0,26052.65
2025-11-19,2025-12-16,25450,CE,0.0,0.0,0.0,684.9,806.45,0,0,0,26052.65
2025-11-19,2026-01-27,26250,PE,415.0,422.2,401.25,411.9,411.9,52,3250,1820,26052.65
2025-11-19,2026-01-27,25500,PE,220.0,224.35,176.0,183.0,183.0,4105,293280,73255,26052.65
2025-11-19,2026-01-27,25300,PE,177.15,177.15,138.05,143.35,143.35,439,97760,14625,26052.65
2025-11-19,2026-01-27,25200,PE,149.95,158.05,124.0,128.6,128.6,1587,193245,36595,26052.65
2025-11-19,2025-12-30,29000,PE,2858.45,2868.7,2700.0,2718.4,2718.4,141,616400,-3000,26052.65
2025-11-19,2025-12-30,26400,PE,519.85,535.4,425.1,439.2,439.2,1592,139050,45900,26052.65
2025-11-19,2025-12-30,26200,PE,421.95,425.5,331.65,342.8,342.8,8034,586200,184800,26052.65
2025-11-19,2025-12-30,25650,PE,195.8,205.6,152.15,158.75,158.75,384,70650,2100,26052.65
2025-11-19,2025-12-30,24650,PE,45.75,46.8,35.25,39.15,39.15,216,22200,2100,26052.65
2025-11-19,2025-12-30,24450,PE,34.75,34.75,28.5,28.8,18.0,98,39750,-1725,26052.65
2025-11-19,2025-12-30,24100,PE,25.95,25.95,19.35,21.7,21.7,1341,100500,22350,26052.65
2025-11-19,2025-12-30,23900,PE,20.3,20.3,17.7,18.7,18.7,1752,120450,38400,26052.65
2025-11-19,2025-12-30,23150,PE,0.0,0.0,0.0,13.85,0.3,0,1950,0,26052.65
2025-11-19,2025-12-30,23100,PE,13.8,13.8,11.6,11.6,0.25,2,4950,75,26052.65
2025-11-19,2025-12-23,27350,PE,0.0,0.0,0.0,1366.9,1210.75,0,0,0,26052.65
2025-11-19,2025-12-23,26500,PE,0.0,0.0,0.0,717.85,559.9,0,0,0,26052.65
2025-11-19,2025-12-23,26250,PE,0.0,0.0,0.0,565.45,415.4,0,0,0,26052.65
2025-11-19,2025-12-23,26000,PE,306.55,310.25,236.2,246.5,246.5,648,15600,15600,26052.65
2025-11-19,2025-12-23,25850,PE,235.8,238.15,195.1,199.75,199.75,49,2100,2100,26052.65
2025-11-19,2025-12-23,25750,PE,0.0,0.0,0.0,323.1,202.0,0,0,0,26052.65
2025-11-19,2025-12-23,25650,PE,0.0,0.0,0.0,284.7,171.05,0,0,0,26052.65
2025-11-19,2025-12-23,25450,PE,117.8,117.8,100.45,100.45,100.45,33,525,525,26052.65
2025-11-19,2025-12-16,27750,PE,0.0,0.0,0.0,1923.75,1592.9,0,0,0,26052.65
2025-11-19,2025-12-16,27200,PE,0.0,0.0,0.0,1424.75,1083.8,0,0,0,26052.65
2025-11-19,2025-12-16,27000,PE,0.0,0.0,0.0,1254.45,912.7,0,0,0,26052.65
2025-11-19,2025-12-16,26800,PE,0.0,0.0,0.0,1092.05,752.7,0,0,0,26052.65
2025-11-19,2025-12-16,26550,PE,0.0,0.0,0.0,902.1,572.05,0,0,0,26052.65
2025-11-19,2025-12-16,26500,PE,568.45,596.4,450.9,465.0,465.0,61,3150,1500,26052.65
2025-11-19,2025-12-16,25250,PE,0.0,0.0,0.0,223.25,61.05,0,0,0,26052.65
2025-11-19,2025-12-16,24950,PE,45.35,46.35,45.35,46.35,28.45,7,525,525,26052.65
2025-11-19,2025-12-16,24750,PE,26.85,26.85,26.85,26.85,16.1,1,75,75,26052.65
2025-11-19,2025-12-16,24150,PE,0.0,0.0,0.0,33.6,2.1,0,0,0,26052.65
2025-11-19,2025-12-09,27700,PE,0.0,0.0,0.0,1971.8,1566.0,0,0,0,26052.65
2025-11-19,2025-12-09,26350,PE,474.45,474.45,354.05,363.4,363.4,22,375,225,26052.65
2025-11-19,2025-12-09,25650,PE,136.6,141.7,92.0,97.45,97.45,624,13800,-15225,26052.65
2025-11-19,2025-12-09,25050,PE,31.05,33.9,26.85,28.85,28.85,105,10875,3075,26052.65
2025-11-19,2025-12-16,25800,CE,440.05,560.0,435.8,555.0,552.55,56,1425,-600,26052.65
2025-11-19,2025-12-16,26150,CE,259.8,338.65,247.1,330.3,330.3,61,1275,225,26052.65
2025-11-19,2025-12-23,24250,CE,0.0,0.0,0.0,1827.5,1938.6,0,0,0,26052.65
2025-11-19,2025-12-23,24550,CE,0.0,0.0,0.0,1551.7,1649.1,0,0,0,26052.65
2025-11-19,2025-12-23,25250,CE,0.0,0.0,0.0,970.05,1018.5,0,0,0,26052.65
2025-11-19,2025-12-23,26000,CE,445.0,485.9,379.25,471.25,471.25,392,10875,10875,26052.65
2025-11-19,2025-12-23,26800,CE,0.0,0.0,0.0,192.25,160.25,0,0,0,26052.65
2025-11-19,2025-12-30,19000,CE,0.0,0.0,0.0,7205.0,7174.95,0,10925,0,26052.65
2025-11-19,2025-12-30,22000,CE,4124.65,4260.6,4098.0,4250.65,4194.3,44,447100,-575,26052.65
2025-11-19,2025-12-30,23700,CE,0.0,0.0,0.0,2430.05,2507.4,0,150,0,26052.65
2025-11-19,2025-12-30,24850,CE,1433.05,1433.05,1433.05,1433.05,1407.9,1,300,75,26052.65
2025-11-19,2025-12-30,25350,CE,915.0,915.0,915.0,915.0,985.0,1,4275,0,26052.65
2025-11-19,2025-12-30,26350,CE,274.6,333.95,248.95,322.2,322.2,343,35475,3750,26052.65
2025-11-19,2025-12-30,26800,CE,126.0,153.0,104.65,145.85,145.85,7664,532200,103725,26052.65
2025-11-19,2025-12-30,27100,CE,60.0,82.0,54.8,77.9,77.9,6807,289575,-43575,26052.65
2025-11-19,2025-12-30,27200,CE,48.0,64.95,43.75,62.05,62.05,6554,380700,60900,26052.65
2025-11-19,2025-12-30,27400,CE,0.0,0.0,0.0,108.55,77.65,0,0,0,26052.65
2025-11-19,2025-12-30,27550,CE,22.25,29.35,22.25,28.0,28.0,118,13800,2400,26052.65
2025-11-19,2025-12-02,27500,PE,1460.0,1460.0,1359.15,1364.5,1364.5,4,300,150,26052.65
2025-11-19,2025-12-02,26300,PE,410.0,421.95,290.8,305.5,305.5,3083,90975,60675,26052.65
2025-11-19,2025-12-02,25800,PE,142.95,157.45,89.0,95.45,95.45,35917,604725,322500,26052.65
2025-11-19,2025-12-02,25200,PE,33.05,33.85,19.2,20.35,20.35,15295,375375,96225,26052.65
2025-11-19,2025-12-02,24500,PE,8.2,9.1,6.4,6.65,6.65,13483,356625,158475,26052.65
2025-11-19,2025-12-02,24350,PE,5.6,6.75,5.4,6.0,6.0,264,6000,4800,26052.65
2025-11-19,2025-12-02,24100,PE,5.85,6.65,4.3,4.5,4.5,1492,50850,21675,26052.65
2025-11-19,2025-11-25,27500,PE,1566.0,1609.05,1408.6,1429.2,1429.2,2220,557925,-101850,26052.65
2025-11-19,2025-11-25,27150,PE,0.0,0.0,0.0,1084.1,1072.35,0,150,0,26052.65
2025-11-19,2025-11-25,26750,PE,780.0,810.5,672.95,683.1,683.1,152,3300,1725,26052.65
2025-11-19,2025-11-25,26200,PE,318.9,354.45,199.85,215.5,215.5,216617,2038725,595875,26052.65
2025-11-19,2025-11-25,26050,PE,206.15,244.95,122.2,134.2,134.2,766444,2841975,2192475,26052.65
2025-11-19,2025-11-25,25450,PE,24.2,31.9,13.15,14.2,14.2,296618,3342900,1985625,26052.65
2025-11-19,2025-11-25,25400,PE,21.0,26.75,11.1,12.1,12.1,451958,5170125,1091700,26052.65
2025-11-19,2025-11-25,25250,PE,15.0,16.5,7.4,8.0,8.0,189892,2230650,1325850,26052.65
2025-11-19,2025-11-25,24000,PE,2.7,2.95,2.2,2.45,2.45,246238,4593525,172050,26052.65
2025-11-19,2025-12-30,31000,CE,2.95,3.35,2.45,2.6,2.6,1549,399375,8625,26052.65
2025-11-19,2026-01-27,24300,CE,0.0,0.0,0.0,2052.75,2052.15,0,65,0,26052.65
2025-11-19,2026-01-27,24900,CE,0.0,0.0,0.0,1243.15,1520.95,0,65,0,26052.65
2025-11-19,2026-01-27,25800,CE,815.7,870.0,780.85,866.25,850.45,46,16250,-195,26052.65
2025-11-19,2026-01-27,25900,CE,728.85,804.85,700.6,790.45,790.45,157,15145,-780,26052.65
2025-11-19,2026-01-27,26550,CE,410.5,410.5,410.5,410.5,452.9,1,2600,-65,26052.65
2025-11-19,2026-01-27,26850,CE,292.05,293.45,292.05,293.45,337.7,8,1755,0,26052.65
2025-11-19,2028-12-26,30000,CE,0.0,0.0,0.0,2901.0,2693.05,0,8025,0,26052.65
2025-11-19,2030-06-25,28000,CE,0.0,0.0,0.0,6483.0,5382.85,0,0,0,26052.65
2025-11-19,2028-12-26,19000,PE,0.0,0.0,0.0,158.0,15.6,0,0,0,26052.65
2025-11-19,2027-06-29,26000,PE,0.0,0.0,0.0,6202.2,632.05,0,0,0,26052.65
2025-11-19,2026-06-30,29000,PE,0.0,0.0,0.0,2094.65,2278.15,0,1800,0,26052.65
2025-11-19,2026-06-30,26000,PE,525.0,536.35,491.05,501.5,501.5,586,350325,9375,26052.65
2025-11-19,2026-06-30,24000,PE,171.4,179.0,167.0,167.7,167.7,577,378450,1500,26052.65
2025-11-19,2026-06-30,22000,PE,73.1,73.5,68.2,69.1,69.1,191,82950,-1725,26052.65
2025-11-19,2026-06-30,14000,PE,0.0,0.0,0.0,19.9,0.05,0,1525,0,26052.65
2025-11-19,2026-01-27,27550,PE,0.0,0.0,0.0,1306.9,1354.0,0,130,0,26052.65
2025-11-19,2026-01-27,27300,PE,1099.95,1100.65,1054.65,1054.65,1159.8,35,1755,455,26052.65
2025-11-19,2025-11-25,22850,CE,0.0,0.0,0.0,3204.6,3224.25,0,225,0,26052.65
2025-11-19,2025-11-25,23450,CE,0.0,0.0,0.0,2610.7,2624.8,0,1125,0,26052.65
2025-11-19,2028-06-27,19000,CE,0.0,0.0,0.0,6252.25,9708.15,0,0,0,26052.65
2025-11-19,2026-01-27,26650,PE,680.5,684.25,646.5,646.5,721.05,10,585,455,26052.65
2025-11-19,2026-01-27,24250,PE,49.7,49.7,47.95,48.15,33.6,14,2535,-910,26052.65
2025-11-19,2025-12-30,27100,PE,1040.0,1040.0,899.5,907.55,907.55,17,11775,75,26052.65
2025-11-19,2025-12-30,26850,PE,711.8,711.8,708.6,710.2,710.2,4,1800,-150,26052.65
2025-11-19,2025-12-30,26650,PE,641.75,659.65,566.0,581.85,581.85,19,3300,450,26052.65
2025-11-19,2025-12-30,25600,PE,188.8,191.3,140.0,147.75,147.75,8290,722175,-48225,26052.65
2025-11-19,2025-12-30,23950,PE,21.65,21.9,18.25,18.25,4.65,40,13125,-375,26052.65
2025-11-19,2025-12-30,23450,PE,0.0,0.0,0.0,15.85,0.95,0,2175,0,26052.65
2025-11-19,2025-12-30,13000,PE,2.75,2.75,1.5,1.7,1.7,11,31625,0,26052.65
2025-11-19,2025-12-23,27650,PE,0.0,0.0,0.0,1631.6,1481.6,0,0,0,26052.65
2025-11-19,2025-12-23,25700,PE,198.7,206.0,149.15,153.75,153.75,210,14025,14025,26052.65
2025-11-19,2025-11-25,25950,CE,163.0,228.9,120.2,214.75,214.75,1599612,1402425,-649875,26052.65
2025-11-19,2025-11-25,26500,CE,15.1,20.4,9.1,18.45,18.45,1069233,10385325,3125475,26052.65
2025-11-19,2025-11-25,26850,CE,3.7,3.7,2.45,3.25,3.25,224158,929025,136800,26052.65
2025-11-19,2025-11-25,27150,CE,2.1,2.25,1.4,1.55,1.55,89406,364575,38925,26052.65
2025-11-19,2025-12-23,25050,PE,115.25,115.25,115.25,115.25,52.85,1,75,75,26052.65
2025-11-19,2025-12-16,27300,PE,0.0,0.0,0.0,1512.5,1172.8,0,0,0,26052.65
2025-11-19,2025-12-16,26750,PE,0.0,0.0,0.0,1052.85,714.7,0,0,0,26052.65
2025-11-19,2025-12-16,26100,PE,289.1,309.2,254.35,262.3,262.3,161,12975,5925,26052.65
2025-11-19,2025-12-09,24600,CE,1575.2,1576.3,1566.85,1571.4,1571.4,16,75,0,26052.65
2025-11-19,2025-12-09,26250,CE,159.65,230.7,151.55,222.05,222.05,426,15975,6000,26052.65
2025-11-19,2025-12-09,27700,CE,4.95,4.95,4.95,4.95,4.95,4,300,300,26052.65
2025-11-19,2025-12-16,25350,CE,0.0,0.0,0.0,748.6,887.15,0,0,0,26052.65
2025-11-19,2025-12-16,26500,CE,130.65,175.35,117.7,168.95,168.95,688,30600,2025,26052.65
2025-11-19,2025-12-16,26650,CE,0.0,0.0,0.0,177.65,157.25,0,0,0,26052.65
2025-11-19,2025-12-23,24700,CE,0.0,0.0,0.0,1418.65,1507.4,0,0,0,26052.65
2025-11-19,2025-12-23,24850,CE,0.0,0.0,0.0,1289.65,1368.6,0,0,0,26052.65
2025-11-19,2025-12-23,25200,CE,0.0,0.0,0.0,1007.85,1060.3,0,0,0,26052.65
2025-11-19,2025-12-23,27200,CE,0.0,0.0,0.0,108.9,79.45,0,0,0,26052.65
2025-11-19,2025-12-30,17000,CE,9119.0,9119.0,9119.0,9119.0,9119.0,1,109950,75,26052.65
2025-11-19,2025-12-30,26500,CE,203.0,261.05,187.4,252.85,252.85,31309,1996125,-85425,26052.65
2025-11-19,2026-01-27,25050,CE,0.0,0.0,0.0,1387.45,1396.9,0,195,0,26052.65
2025-11-19,2026-01-27,26050,CE,623.5,715.2,611.0,700.65,700.65,62,4745,1950,26052.65
2025-11-19,2026-01-27,26350,CE,521.3,527.55,521.2,522.7,522.7,10,2600,-130,26052.65
2025-11-19,2026-03-31,25000,CE,1780.0,1899.0,1768.0,1885.85,1885.85,350,371325,1800,26052.65
2025-11-19,2026-03-31,28000,CE,211.85,242.0,204.0,237.85,237.85,2122,1042950,-8175,26052.65
2025-11-19,2026-06-30,27000,CE,866.85,1003.4,866.85,997.7,997.7,715,479325,9675,26052.65
2025-11-19,2026-09-29,30000,CE,0.0,0.0,0.0,404.4,361.5,0,0,0,26052.65
2025-11-19,2026-12-29,16000,CE,0.0,0.0,0.0,6200.0,11041.6,0,50,0,26052.65
2025-11-19,2026-12-29,24000,CE,3950.0,4010.0,3950.0,4010.0,3732.85,2,11850,150,26052.65
2025-11-19,2026-12-29,28000,CE,1183.1,1281.95,1183.05,1278.0,1278.0,61,132225,1725,26052.65
2025-11-19,2027-06-29,25000,CE,0.0,0.0,0.0,2090.05,3660.75,0,0,0,26052.65
2025-11-19,2027-06-29,28000,CE,0.0,0.0,0.0,2186.3,1861.75,0,0,0,26052.65
2025-11-19,2025-12-16,25900,PE,247.3,258.35,180.4,189.25,189.25,455,12225,4800,26052.65
2025-11-19,2025-12-16,25200,PE,68.95,71.65,49.5,53.65,53.65,162,10650,6000,26052.65
2025-11-19,2025-12-16,25000,PE,48.4,50.45,35.4,38.1,38.1,398,51750,2550,26052.65
2025-11-19,2025-12-09,25600,PE,119.05,128.8,81.25,87.4,87.4,1056,51600,14775,26052.65
2025-11-19,2025-12-09,25500,PE,100.0,106.75,65.7,70.65,70.65,2628,88875,3300,26052.65
2025-11-19,2025-12-09,25400,PE,79.35,84.05,53.4,56.8,56.8,1582,66300,37650,26052.65
2025-11-19,2025-12-02,26650,PE,666.7,666.7,552.9,552.9,603.65,11,450,225,26052.65
2025-11-19,2025-12-02,26400,PE,511.85,512.9,355.0,370.25,370.25,1511,37125,22500,26052.65
2025-11-19,2025-12-02,26250,PE,370.55,392.5,262.6,277.1,277.1,915,16350,11025,26052.65
2025-11-19,2025-11-25,27000,PE,1075.5,1100.0,906.65,930.7,930.7,3247,905175,-119025,26052.65
2025-11-19,2025-11-25,24950,PE,6.75,8.05,4.7,5.0,5.0,79375,510525,38325,26052.65
2025-11-19,2025-11-25,23250,PE,1.85,2.0,1.4,1.6,1.6,1401,19650,15450,26052.65
2025-11-19,2028-12-26,22000,CE,0.0,0.0,0.0,6932.45,7751.85,0,0,0,26052.65
2025-11-19,2027-12-28,30000,PE,0.0,0.0,0.0,4140.9,2124.6,0,0,0,26052.65
2025-11-19,2029-06-26,22000,PE,0.0,0.0,0.0,422.0,107.3,0,0,0,26052.65
2025-11-19,2025-11-25,26800,CE,4.45,4.45,2.85,3.75,3.75,514357,4222200,386175,26052.65
2025-11-19,2025-11-25,25500,CE,483.0,607.4,426.0,586.45,586.45,34778,1372575,-163650,26052.65
2025-11-19,2025-11-25,24750,CE,0.0,0.0,0.0,1195.15,1326.05,0,3150,0,26052.65
2025-11-19,2025-11-25,24400,CE,1533.0,1671.1,1533.0,1671.1,1671.1,22,9300,-75,26052.65
2025-11-19,2025-11-25,22800,CE,3275.0,3280.0,3267.8,3267.8,3267.8,26,18600,-1950,26052.65
2025-11-19,2028-06-27,22000,CE,0.0,0.0,0.0,4759.5,7208.8,0,0,0,26052.65
2025-11-19,2028-12-26,24000,CE,0.0,0.0,0.0,5850.3,6240.7,0,0,0,26052.65
2025-11-19,2028-12-26,26000,CE,0.0,0.0,0.0,4879.7,4869.2,0,0,0,26052.65
2025-11-19,2029-06-26,29000,CE,0.0,0.0,0.0,5677.9,3728.6,0,0,0,26052.65
2025-11-19,2029-12-24,27000,CE,0.0,0.0,0.0,6201.65,5401.25,0,0,0,26052.65
2025-11-19,2030-06-25,24000,CE,0.0,0.0,0.0,8591.55,7873.65,0,0,0,26052.65
2025-11-19,2030-06-25,26000,CE,0.0,0.0,0.0,7487.55,6567.9,0,0,0,26052.65
2025-11-19,2025-11-25,23050,PE,1.6,1.8,1.15,1.4,1.4,949,14175,6000,26052.65
2025-11-19,2025-11-25,23600,PE,2.1,2.45,1.7,1.95,1.95,27832,117225,36000,26052.65
2025-11-19,2025-11-25,24100,PE,2.7,3.05,2.2,2.55,2.55,56396,406725,14700,26052.65
2025-11-19,2025-11-25,24250,PE,2.9,3.25,2.35,2.7,2.7,41530,162900,64500,26052.65
2025-11-19,2025-11-25,24600,PE,3.1,5.8,3.1,3.6,3.6,141341,2162700,1125225,26052.65
2025-11-19,2025-11-25,24800,PE,5.7,6.4,3.9,4.25,4.25,287372,3705150,1107300,26052.65
2025-11-19,2025-11-25,25750,PE,79.9,96.9,39.15,44.1,44.1,687493,2836500,919200,26052.65
2025-11-19,2025-11-25,27400,PE,1400.0,1400.0,1323.7,1333.0,1333.0,15,3225,-150,26052.65
2025-11-19,2025-11-25,27650,PE,0.0,0.0,0.0,1703.15,1571.25,0,225,0,26052.65
2025-11-19,2025-12-02,24900,PE,16.35,22.1,10.6,11.15,11.15,7871,160800,57825,26052.65
2025-11-19,2025-12-02,25250,PE,34.95,38.2,21.0,23.05,23.05,4087,78225,43650,26052.65
2025-11-19,2025-12-02,25500,PE,66.55,74.95,40.45,43.35,43.35,27524,543750,221475,26052.65
2025-11-19,2025-12-02,26150,PE,320.65,327.8,211.3,222.5,222.5,2232,69075,27450,26052.65
2025-11-19,2025-12-02,26800,PE,765.0,770.0,676.65,693.3,693.3,18,975,225,26052.65
2025-11-19,2025-12-02,27450,PE,1325.4,1325.4,1318.4,1321.8,1321.8,4,0,-75,26052.65
2025-11-19,2025-12-02,27600,PE,1469.35,1469.35,1460.85,1465.15,1465.15,4,0,-75,26052.65
2025-11-19,2025-12-02,27700,PE,0.0,0.0,0.0,1581.35,1591.65,0,0,0,26052.65
2025-11-19,2025-12-09,24150,PE,12.95,12.95,6.75,8.9,0.6,29,675,75,26052.65
2025-11-19,2025-12-09,25300,PE,63.0,65.95,42.85,46.3,46.3,1076,50175,0,26052.65
2025-11-19,2025-12-09,25700,PE,154.7,157.15,102.25,107.65,107.65,1396,56400,20700,26052.65
2025-11-19,2025-12-09,26000,PE,275.6,275.6,187.0,196.25,196.25,6823,168450,107175,26052.65
2025-11-19,2025-12-09,27750,PE,0.0,0.0,0.0,2019.15,1614.9,0,0,0,26052.65
2025-11-19,2025-12-16,24500,PE,25.0,25.0,16.2,19.1,19.1,228,11100,8100,26052.65
2025-11-19,2025-12-16,24800,PE,28.95,30.1,27.0,28.55,28.55,26,1125,1125,26052.65
2025-11-19,2025-12-16,26300,PE,368.3,371.0,341.95,351.0,351.0,35,2325,2325,26052.65
2025-11-19,2025-12-16,27600,PE,0.0,0.0,0.0,1784.1,1450.0,0,0,0,26052.65
2025-11-19,2025-12-23,24850,PE,0.0,0.0,0.0,84.7,33.2,0,0,0,26052.65
2025-11-19,2025-12-23,25950,PE,262.05,262.05,220.0,220.0,275.3,22,150,150,26052.65
2025-11-19,2025-12-30,19000,PE,4.5,5.0,4.4,4.6,4.6,156,384850,-2475,26052.65
2025-11-19,2025-12-30,23050,PE,12.0,12.2,11.85,12.15,0.2,41,3300,1500,26052.65
2025-11-19,2025-12-30,24200,PE,27.0,27.95,22.35,23.6,23.6,5592,224700,-44775,26052.65
2025-11-19,2025-12-30,24900,PE,64.3,67.2,50.6,54.2,54.2,6110,463575,-36300,26052.65
2025-11-19,2025-12-30,25300,PE,114.25,122.75,89.7,95.1,95.1,7541,736275,155850,26052.65
2025-11-19,2025-12-30,25750,PE,235.95,238.0,177.2,184.4,184.4,1003,61050,5700,26052.65
2025-11-19,2025-12-30,26100,PE,369.05,376.75,287.55,297.35,297.35,8103,559725,224700,26052.65
2025-11-19,2025-12-30,26500,PE,575.0,599.05,476.35,490.15,490.15,7578,939300,123225,26052.65
2025-11-19,2025-12-30,26600,PE,662.5,662.5,538.55,552.45,552.45,611,45750,17250,26052.65
2025-11-19,2026-01-27,24550,PE,0.0,0.0,0.0,65.45,56.85,0,1560,0,26052.65
2025-11-19,2026-01-27,26500,PE,582.6,606.0,506.6,521.25,521.25,1878,125125,36530,26052.65
2025-11-19,2026-01-27,26950,PE,0.0,0.0,0.0,785.15,910.6,0,65,0,26052.65
2025-11-19,2026-01-27,27050,PE,936.55,936.55,917.85,917.85,978.85,4,195,0,26052.65
2025-11-19,2026-06-30,20000,PE,37.85,38.65,36.65,36.65,36.65,11,367575,675,26052.65
2025-11-19,2026-09-29,31000,PE,0.0,0.0,0.0,4826.3,3664.3,0,0,0,26052.65
2025-11-19,2026-12-29,14000,PE,0.0,0.0,0.0,20.05,0.05,0,2225,0,26052.65
2025-11-19,2026-01-27,24800,CE,1645.65,1645.65,1645.65,1645.65,1645.65,1,130,0,26052.65
2025-11-19,2026-01-27,24650,CE,0.0,0.0,0.0,1435.55,1736.2,0,65,0,26052.65
2025-11-19,2025-12-30,27450,CE,0.0,0.0,0.0,103.4,71.15,0,0,0,26052.65
2025-11-19,2025-12-30,25200,CE,1000.05,1147.75,983.0,1131.55,1131.55,50,69450,825,26052.65
2025-11-19,2025-12-30,25050,CE,1135.05,1164.0,1116.5,1164.0,1232.15,9,1050,-75,26052.65
2025-11-19,2025-12-30,24800,CE,1455.85,1500.0,1452.2,1500.0,1500.0,12,33300,450,26052.65
2025-11-19,2025-12-30,24650,CE,1626.05,1637.55,1626.05,1631.8,1631.8,2,225,75,26052.65
2025-11-19,2025-12-30,24500,CE,1628.0,1784.95,1628.0,1766.2,1766.2,159,78900,2925,26052.65
2025-11-19,2025-12-23,27050,CE,0.0,0.0,0.0,135.9,104.6,0,0,0,26052.65
2025-11-19,2025-12-23,26950,CE,0.0,0.0,0.0,156.65,124.65,0,0,0,26052.65
2025-11-19,2025-12-23,26350,CE,0.0,0.0,0.0,337.75,313.6,0,0,0,26052.65
2025-11-19,2025-12-16,27750,CE,0.0,0.0,0.0,30.55,13.35,0,0,0,26052.65
2025-11-19,2025-12-16,27600,CE,7.55,11.55,7.55,10.9,10.9,88,7200,3825,26052.65
2025-11-19,2025-12-16,27550,CE,0.0,0.0,0.0,43.7,22.5,0,0,0,26052.65
2025-11-19,2025-12-16,26450,CE,128.85,201.65,128.85,190.45,190.45,18,600,75,26052.65
2025-11-19,2025-12-16,26100,CE,298.35,368.45,270.0,360.25,360.25,454,11550,3450,26052.65
2025-11-19,2025-12-16,26050,CE,312.25,396.4,307.4,390.4,390.4,44,2325,1125,26052.65
2025-11-19,2025-12-16,24350,CE,0.0,0.0,0.0,1537.3,1810.4,0,0,0,26052.65
2025-11-19,2025-12-09,26750,CE,42.2,63.35,38.0,60.35,60.35,223,11775,1875,26052.65
2025-11-19,2025-12-09,26000,CE,280.0,373.8,263.0,360.7,360.7,6240,178275,39000,26052.65
2025-11-19,2025-12-09,25800,CE,383.85,508.0,378.0,495.35,495.35,509,23325,4425,26052.65
2025-11-19,2025-12-09,25500,CE,621.95,740.25,592.0,733.65,733.65,231,12000,825,26052.65
2025-11-19,2025-12-09,25300,CE,875.0,897.65,875.0,897.5,897.5,10,3750,-450,26052.65
2025-11-19,2025-12-09,24450,CE,1712.85,1712.85,1712.85,1712.85,1712.85,1,75,0,26052.65
2025-11-19,2025-12-09,24000,CE,2158.55,2158.55,2158.55,2158.55,2158.55,1,75,0,26052.65
2025-11-19,2025-12-09,23900,CE,2261.65,2261.65,2261.65,2261.65,2261.65,1,75,0,26052.65
2025-11-19,2025-12-02,27800,CE,2.3,2.4,1.5,1.55,1.55,2812,132375,66975,26052.65
2025-11-19,2025-12-02,27500,CE,3.35,3.35,1.85,2.0,2.0,10987,332325,132150,26052.65
2025-11-19,2025-12-02,26300,CE,93.05,141.0,80.25,133.15,133.15,57995,606825,146100,26052.65
2025-11-19,2025-12-02,26200,CE,136.6,185.7,109.1,175.45,175.45,57653,1037325,676950,26052.65
2025-11-19,2025-12-02,25300,CE,713.0,863.0,712.0,844.4,844.4,386,22575,11100,26052.65
2025-11-19,2025-12-02,25000,CE,979.05,1148.55,977.25,1132.6,1132.6,222,36075,8925,26052.65
2025-11-19,2025-12-02,24600,CE,1527.9,1528.25,1519.45,1523.85,1523.85,16,75,0,26052.65
2025-11-19,2025-12-02,24100,CE,2020.9,2029.2,2020.1,2023.4,2023.4,3,150,75,26052.65
2025-11-19,2025-11-25,26450,CE,19.65,26.85,11.7,24.1,24.1,471825,1853100,439350,26052.65
2025-11-19,2025-11-25,25100,CE,827.55,996.45,800.0,974.25,974.25,499,102000,-7500,26052.65
2025-11-19,2025-11-25,24900,CE,1044.95,1194.5,1000.4,1175.25,1175.25,259,51525,-4425,26052.65
2025-11-19,2025-11-25,23750,CE,0.0,0.0,0.0,2240.0,2325.1,0,300,0,26052.65
2025-11-19,2025-11-25,23400,CE,0.0,0.0,0.0,2650.0,2674.75,0,525,0,26052.65
2025-11-19,2025-11-25,23200,CE,2860.0,2860.0,2860.0,2860.0,2860.0,1,675,75,26052.65
2025-11-19,2025-11-25,23100,CE,0.0,0.0,0.0,2953.65,2974.45,0,2325,0,26052.65
2025-11-19,2027-06-29,18000,PE,0.0,0.0,0.0,93.95,1.25,0,100,0,26052.65
2025-11-19,2027-06-29,30000,PE,0.0,0.0,0.0,4562.55,2370.55,0,0,0,26052.65
2025-11-19,2027-12-28,25000,PE,0.0,0.0,0.0,700.0,409.45,0,2025,0,26052.65
2025-11-19,2028-06-27,23000,PE,0.0,0.0,0.0,1399.25,163.55,0,0,0,26052.65
2025-11-19,2028-12-26,30000,PE,0.0,0.0,0.0,2352.75,1736.45,0,0,0,26052.65
2025-11-19,2030-06-25,28000,PE,0.0,0.0,0.0,1532.2,822.7,0,0,0,26052.65
2025-11-19,2026-01-27,26450,PE,0.0,0.0,0.0,507.55,608.1,0,130,0,26052.65
2025-11-19,2026-01-27,26600,PE,654.95,658.75,573.4,574.0,574.0,65,3900,-585,26052.65
2025-11-19,2026-01-27,27150,PE,0.0,0.0,0.0,919.85,1049.5,0,65,0,26052.65
2025-11-19,2026-09-29,25000,PE,360.7,360.7,354.0,355.9,355.9,41,8025,0,26052.65
2025-11-19,2027-06-29,25000,PE,0.0,0.0,0.0,5619.05,399.95,0,0,0,26052.65
2025-11-19,2027-12-28,21000,PE,0.0,0.0,0.0,340.0,41.95,0,1025,0,26052.65
2025-11-19,2027-12-28,24000,PE,500.0,501.0,500.0,501.0,501.0,3,4425,75,26052.65
2025-11-19,2028-06-27,22000,PE,0.0,0.0,0.0,470.05,95.25,0,325,0,26052.65
2025-11-19,2028-06-27,28000,PE,0.0,0.0,0.0,3161.35,1137.65,0,0,0,26052.65
2025-11-19,2028-12-26,27000,PE,0.0,0.0,0.0,1600.0,783.25,0,75,0,26052.65
2025-11-19,2029-06-26,21000,PE,0.0,0.0,0.0,320.25,63.8,0,0,0,26052.65
2025-11-19,2029-06-26,31000,PE,0.0,0.0,0.0,2338.75,1952.25,0,0,0,26052.65
2025-11-19,2029-12-24,23000,PE,0.0,0.0,0.0,550.0,169.6,0,2550,0,26052.65
2025-11-19,2029-12-24,26000,PE,0.0,0.0,0.0,1499.95,504.05,0,150,0,26052.65
2025-11-19,2029-12-24,27000,PE,0.0,0.0,0.0,1177.9,679.7,0,0,0,26052.65
2025-11-19,2029-12-24,29000,PE,0.0,0.0,0.0,1669.2,1144.95,0,0,0,26052.65
2025-11-19,2030-06-25,26000,PE,0.0,0.0,0.0,1065.5,472.55,0,0,0,26052.65
2025-11-19,2026-01-27,26250,CE,0.0,0.0,0.0,521.5,592.85,0,1560,0,26052.65
2025-11-19,2026-01-27,25950,CE,704.2,769.0,680.7,758.95,758.95,49,2470,1430,26052.65
2025-11-19,2026-01-27,24750,CE,0.0,0.0,0.0,1723.8,1648.9,0,260,0,26052.65
2025-11-19,2025-12-30,27650,CE,18.75,24.05,18.35,23.9,23.9,55,9975,375,26052.65
2025-11-19,2025-12-09,26550,PE,563.45,563.45,484.9,484.9,549.65,3,150,150,26052.65
2025-11-19,2025-12-09,26900,PE,766.4,773.7,765.8,769.25,769.25,12,150,0,26052.65
2025-11-19,2025-12-09,27400,PE,1240.2,1240.2,1228.65,1234.45,1234.45,2,0,0,26052.65
2025-11-19,2025-12-16,24100,PE,0.0,0.0,0.0,30.25,1.75,0,0,0,26052.65
2025-11-19,2025-12-16,24250,PE,0.0,0.0,0.0,41.3,3.05,0,0,0,26052.65
2025-11-19,2025-12-16,24400,PE,0.0,0.0,0.0,55.45,5.25,0,0,0,26052.65
2025-11-19,2026-01-27,27250,CE,0.0,0.0,0.0,161.55,219.7,0,65,0,26052.65
2025-11-19,2025-12-23,26900,CE,0.0,0.0,0.0,167.95,135.75,0,0,0,26052.65
2025-11-19,2025-12-16,24700,PE,24.95,25.5,21.1,24.75,24.75,44,2025,2025,26052.65
2025-11-19,2025-12-16,25450,PE,110.05,110.05,81.4,82.1,82.1,38,5925,2175,26052.65
2025-11-19,2025-12-16,25500,PE,122.9,129.65,87.5,91.35,91.35,591,31050,13575,26052.65
2025-11-19,2025-12-16,25550,PE,111.0,111.0,95.3,101.3,101.3,428,27225,24900,26052.65
2025-11-19,2025-12-16,25600,PE,149.75,155.2,106.05,111.5,111.5,556,28500,-3675,26052.65
2025-11-19,2025-12-16,25850,PE,218.7,218.7,168.25,177.3,177.3,55,3225,2550,26052.65
2025-11-19,2025-12-16,26350,PE,0.0,0.0,0.0,762.4,445.6,0,0,0,26052.65
2025-11-19,2025-12-23,24650,PE,44.4,44.4,28.0,28.0,20.05,2,75,75,26052.65
2025-11-19,2025-12-23,25100,PE,0.0,0.0,0.0,128.9,59.0,0,0,0,26052.65
2025-11-19,2025-12-23,25600,PE,170.85,177.45,125.0,132.9,132.9,169,10200,10200,26052.65
2025-11-19,2025-12-23,26200,PE,411.4,411.4,319.75,324.55,324.55,34,1350,1350,26052.65
2025-11-19,2025-12-23,26450,PE,0.0,0.0,0.0,685.75,529.0,0,0,0,26052.65
2025-11-19,2025-12-23,26600,PE,0.0,0.0,0.0,784.3,624.5,0,0,0,26052.65
2025-11-19,2025-12-23,26850,PE,0.0,0.0,0.0,964.2,801.55,0,0,0,26052.65
2025-11-19,2025-12-23,26950,PE,0.0,0.0,0.0,1039.45,878.05,0,0,0,26052.65
2025-11-19,2025-12-23,27500,PE,0.0,0.0,0.0,1497.55,1344.35,0,0,0,26052.65
2025-11-19,2025-12-30,17000,PE,3.0,3.0,3.0,3.0,3.0,5,120950,0,26052.65
2025-11-19,2025-12-09,26200,PE,371.65,380.25,270.9,282.55,282.55,659,19575,8100,26052.65
2025-11-19,2025-12-09,25350,PE,70.05,71.5,48.95,52.1,52.1,117,9525,-225,26052.65
2025-11-19,2025-12-09,24700,PE,21.4,21.8,15.35,15.9,15.9,194,11625,3150,26052.65
2025-11-19,2025-12-09,24200,PE,9.55,10.8,9.0,9.05,9.05,63,18375,2325,26052.65
2025-11-19,2025-12-09,24100,PE,0.0,0.0,0.0,35.8,0.45,0,0,0,26052.65
2025-11-19,2025-12-09,24050,PE,0.0,0.0,0.0,32.25,0.35,0,0,0,26052.65
2025-11-19,2025-12-09,23800,PE,6.2,8.45,6.2,7.2,0.1,39,10650,1875,26052.65
2025-11-19,2025-12-02,27400,PE,1272.6,1272.6,1265.95,1269.3,1269.3,2,75,0,26052.65
2025-11-19,2025-12-02,25600,PE,88.05,96.8,52.55,56.45,56.45,21632,411225,178275,26052.65
2025-11-19,2025-12-02,25050,PE,25.1,25.1,13.95,14.8,14.8,2023,45900,29625,26052.65
2025-11-19,2025-12-02,24550,PE,8.95,9.2,6.8,7.15,7.15,598,18525,16725,26052.65
2025-11-19,2025-11-25,27550,PE,1500.0,1500.0,1500.0,1500.0,1471.35,1,675,-75,26052.65
2025-11-19,2025-11-25,25850,PE,117.05,136.15,58.15,65.25,65.25,1188431,4210050,3204000,26052.65
2025-11-19,2025-11-25,25300,PE,16.5,18.8,8.45,9.15,9.15,412430,4647450,1227225,26052.65
2025-11-19,2025-11-25,24650,PE,4.8,5.4,3.3,3.65,3.65,41495,300675,169350,26052.65
2025-11-19,2025-11-25,24350,PE,3.55,3.75,2.65,2.9,2.9,39016,201225,104100,26052.65
2025-11-19,2025-11-25,23900,PE,2.3,2.7,2.0,2.2,2.2,44659,336225,28800,26052.65
2025-11-19,2025-11-25,23350,PE,1.95,2.2,1.35,1.7,1.7,2606,14325,9225,26052.65
2025-11-19,2025-11-25,22800,PE,1.25,1.6,1.05,1.15,1.15,25992,235950,88425,26052.65
2025-11-19,2029-12-24,28000,CE,0.0,0.0,0.0,5741.5,4824.15,0,0,0,26052.65
2025-11-19,2029-06-26,25000,CE,0.0,0.0,0.0,7557.7,6110.6,0,0,0,26052.65
2025-11-19,2028-12-26,27000,CE,0.0,0.0,0.0,4437.95,4249.45,0,0,0,26052.65
2025-11-19,2028-12-26,20000,CE,0.0,0.0,0.0,8115.5,9353.45,0,0,0,26052.65
2025-11-19,2028-06-27,20000,CE,0.0,0.0,0.0,5724.65,8861.35,0,0,0,26052.65
2025-11-19,2027-06-29,23000,CE,0.0,0.0,0.0,2530.05,5213.8,0,0,0,26052.65
2025-11-19,2026-12-29,19000,CE,0.0,0.0,0.0,7516.0,8228.2,0,125,0,26052.65
2025-11-19,2026-09-29,25000,CE,0.0,0.0,0.0,2510.0,2593.9,0,300,0,26052.65
2025-11-19,2026-06-30,12000,CE,0.0,0.0,0.0,8690.0,14466.9,0,50,0,26052.65
2025-11-19,2026-03-31,29000,CE,78.25,88.95,77.2,86.8,86.8,1190,463950,1350,26052.65
2025-11-19,2026-03-31,24000,CE,2645.0,2765.0,2640.0,2757.45,2757.45,38,141075,-450,26052.65
2025-11-19,2026-01-27,27600,CE,0.0,0.0,0.0,316.4,145.35,0,0,0,26052.65
2025-11-19,2026-01-27,26600,CE,345.0,406.35,334.0,396.3,396.3,75,53170,715,26052.65
2025-11-19,2026-01-27,26450,CE,410.3,436.75,410.3,424.75,496.7,44,5200,2080,26052.65
2025-11-19,2026-01-27,25000,CE,1395.0,1512.0,1388.3,1512.0,1437.8,77,30160,-910,26052.65
2025-11-19,2025-12-30,29000,CE,4.95,5.15,4.2,4.75,4.75,1693,1024075,-525,26052.65
2025-11-19,2025-12-30,27050,CE,65.0,90.1,61.85,87.1,87.1,313,21750,3750,26052.65
2025-11-19,2025-12-30,26550,CE,182.25,239.05,171.65,234.0,234.0,294,34650,2025,26052.65
2025-11-19,2025-12-30,26400,CE,233.65,309.0,226.05,299.15,299.15,4912,334275,34950,26052.65
2025-11-19,2025-12-30,26100,CE,365.3,469.8,364.25,456.6,456.6,5384,327450,1425,26052.65
2025-11-19,2025-12-30,24400,CE,1752.0,1752.0,1752.0,1752.0,1825.65,1,1200,0,26052.65
2025-11-19,2025-12-30,22900,CE,3300.0,3300.0,3300.0,3300.0,3300.2,2,300,150,26052.65
2025-11-19,2025-12-23,26650,CE,0.0,0.0,0.0,234.1,203.15,0,0,0,26052.65
2025-11-19,2025-12-23,25550,CE,0.0,0.0,0.0,758.6,782.8,0,0,0,26052.65
2025-11-19,2025-12-23,25450,CE,0.0,0.0,0.0,826.0,858.3,0,0,0,26052.65
2025-11-19,2025-12-23,25100,CE,0.0,0.0,0.0,1085.3,1145.75,0,0,0,26052.65
2025-11-19,2025-12-23,24650,CE,0.0,0.0,0.0,1462.6,1554.35,0,0,0,26052.65
2025-11-19,2025-12-23,24600,CE,0.0,0.0,0.0,1506.95,1601.6,0,0,0,26052.65
2025-11-19,2025-12-23,24500,CE,0.0,0.0,0.0,1596.8,1696.85,0,0,0,26052.65
2025-11-19,2025-12-30,22850,PE,9.6,11.85,8.7,11.6,11.6,50,3825,900,26052.65
2025-11-19,2025-12-30,23200,PE,12.25,13.85,12.25,13.0,0.4,66,11475,2025,26052.65
2025-11-19,2025-12-30,23350,PE,15.4,15.4,12.6,13.3,13.3,184,4500,1050,26052.65
2025-11-19,2025-12-30,24600,PE,42.75,44.5,32.5,35.15,35.15,21398,1258425,978675,26052.65
2025-11-19,2025-12-23,24350,CE,0.0,0.0,0.0,1734.3,1841.4,0,0,0,26052.65
2025-11-19,2025-12-23,24300,CE,0.0,0.0,0.0,1780.75,1889.95,0,0,0,26052.65
2025-11-19,2025-12-16,27650,CE,0.0,0.0,0.0,36.6,17.4,0,0,0,26052.65
2025-11-19,2025-12-16,26950,CE,67.5,67.5,43.0,56.8,56.8,15,975,975,26052.65
2025-11-19,2025-12-16,26850,CE,0.0,0.0,0.0,133.35,108.1,0,0,0,26052.65
2025-11-19,2025-12-16,26200,CE,247.9,313.3,224.45,302.2,302.2,246,8250,2325,26052.65
2025-11-19,2025-12-16,25300,CE,0.0,0.0,0.0,781.65,928.65,0,0,0,26052.65
2025-11-19,2025-12-16,24150,CE,0.0,0.0,0.0,1719.4,2007.25,0,0,0,26052.65
2025-11-19,2025-12-09,27550,CE,0.0,0.0,0.0,34.85,9.5,0,0,0,26052.65
2025-11-19,2025-12-09,26800,CE,36.5,55.25,32.3,51.6,51.6,2805,67275,4275,26052.65
2025-11-19,2025-12-09,26650,CE,60.0,85.3,51.1,81.2,81.2,258,15975,2100,26052.65
2025-11-19,2025-12-09,26200,CE,124.0,258.55,124.0,245.6,245.6,2062,61875,-5475,26052.65
2025-11-19,2025-12-09,25400,CE,743.6,815.9,697.95,811.55,811.55,18,3075,825,26052.65
2025-11-19,2025-12-09,25150,CE,1045.9,1046.2,1038.35,1042.35,1042.35,14,75,-150,26052.65
2025-11-19,2025-12-02,27600,CE,2.75,2.75,1.65,1.7,1.7,2600,133125,100275,26052.65
2025-11-19,2025-12-02,27250,CE,4.6,5.15,3.75,3.85,3.85,610,20700,2175,26052.65
2025-11-19,2025-12-02,27000,CE,10.75,10.75,6.9,10.0,10.0,30786,761700,307200,26052.65
2025-11-19,2025-12-02,26800,CE,18.1,23.9,13.8,22.2,22.2,24948,497400,268725,26052.65
2025-11-19,2025-12-02,26500,CE,49.1,75.4,41.2,69.95,69.95,65971,986400,392475,26052.65
2025-11-19,2025-12-02,26450,CE,56.3,87.85,48.95,82.6,82.6,8378,87975,50625,26052.65
2025-11-19,2025-12-02,25950,CE,245.0,330.4,213.85,314.65,314.65,17227,146250,38325,26052.65
2025-11-19,2025-12-02,25750,CE,370.0,477.0,336.45,460.7,460.7,1103,21525,5700,26052.65
2025-11-19,2025-12-02,25600,CE,460.0,595.85,440.8,580.15,580.15,1535,93900,31500,26052.65
2025-11-19,2025-12-02,25350,CE,784.0,784.0,784.0,784.0,782.45,1,2475,75,26052.65
2025-11-19,2025-12-02,24750,CE,1381.1,1381.25,1372.35,1376.8,1376.8,16,0,0,26052.65
2025-11-19,2025-11-25,27450,CE,1.3,1.7,0.95,1.05,1.05,14119,127950,35175,26052.65
2025-11-19,2025-12-30,24850,PE,61.1,63.0,47.2,50.65,50.65,385,40125,-8100,26052.65
2025-11-19,2025-12-30,25700,PE,216.35,221.0,163.8,169.65,169.65,9640,689325,102225,26052.65
2025-11-19,2025-12-30,25950,PE,310.0,313.6,236.05,243.6,243.6,1582,57900,12000,26052.65
2025-11-19,2025-12-30,27000,PE,963.5,971.1,808.75,827.95,827.95,3645,973525,53275,26052.65
2025-11-19,2025-12-30,27400,PE,1213.0,1213.0,1173.0,1173.0,1248.6,2,975,0,26052.65
2025-11-19,2025-12-30,28000,PE,1847.6,1903.9,1710.25,1728.0,1728.0,770,910400,16275,26052.65
2025-11-19,2026-01-27,24600,PE,75.1,76.95,64.05,66.45,66.45,387,152295,10530,26052.65
2025-11-19,2026-01-27,24950,PE,109.55,111.15,97.35,100.05,106.75,9,2275,260,26052.65
2025-11-19,2026-01-27,25450,PE,0.0,0.0,0.0,198.9,210.95,0,3315,0,26052.65
2025-11-19,2026-01-27,25800,PE,299.45,309.3,248.0,255.4,255.4,316,25025,715,26052.65
2025-11-19,2026-01-27,26700,PE,660.0,675.85,646.0,646.0,751.0,14,1755,455,26052.65
2025-11-19,2026-06-30,23000,PE,110.0,112.0,101.0,103.4,103.4,305,233425,1800,26052.65
2025-11-19,2026-09-29,24000,PE,0.0,0.0,0.0,240.0,165.2,0,5775,0,26052.65
2025-11-19,2026-09-29,27000,PE,0.0,0.0,0.0,887.15,994.4,0,300,0,26052.65
2025-11-19,2026-12-29,16000,PE,0.0,0.0,0.0,23.3,0.05,0,2425,0,26052.65
2025-11-19,2026-12-29,31000,PE,0.0,0.0,0.0,4949.65,3412.15,0,0,0,26052.65
2025-11-19,2027-06-29,20000,PE,0.0,0.0,0.0,3034.2,11.8,0,0,0,26052.65
2025-11-19,2027-12-28,17000,PE,0.0,0.0,0.0,50.05,0.9,0,14200,0,26052.65
2025-11-19,2027-12-28,20000,PE,0.0,0.0,0.0,251.9,19.3,0,3950,0,26052.65
2025-11-19,2025-12-16,25300,PE,87.4,87.4,61.3,65.1,65.1,112,8850,3750,26052.65
2025-11-19,2025-12-16,26200,PE,381.8,402.9,292.85,305.15,305.15,91,7425,5025,26052.65
2025-11-19,2025-12-16,26600,PE,0.0,0.0,0.0,938.75,606.25,0,0,0,26052.65
2025-11-19,2025-12-16,27100,PE,0.0,0.0,0.0,1338.7,997.0,0,0,0,26052.65
2025-11-19,2025-12-16,27150,PE,0.0,0.0,0.0,1381.5,1040.15,0,0,0,26052.65
2025-11-19,2025-12-16,27500,PE,0.0,0.0,0.0,1692.3,1356.15,0,0,0,26052.65
2025-11-19,2025-12-23,24550,PE,0.0,0.0,0.0,48.45,15.35,0,0,0,26052.65
2025-11-19,2025-12-09,27450,CE,0.0,0.0,0.0,41.7,13.1,0,0,0,26052.65
2025-11-19,2025-12-09,27000,CE,21.5,28.9,17.65,27.95,27.95,4849,165750,59550,26052.65
2025-11-19,2025-12-09,26050,CE,253.4,341.7,238.6,329.6,329.6,582,18300,7575,26052.65
2025-11-19,2025-12-09,25950,CE,310.0,404.95,290.1,391.15,391.15,996,20925,8250,26052.65
2025-11-19,2025-12-09,25650,CE,601.9,610.1,585.45,605.8,605.8,12,1425,150,26052.65
2025-11-19,2025-12-09,25450,CE,768.85,776.9,768.75,772.85,772.85,16,450,-450,26052.65
2025-11-19,2025-12-09,25250,CE,950.9,951.0,943.5,947.3,947.3,10,0,-150,26052.65
2025-11-19,2025-12-09,24800,CE,1382.4,1382.4,1372.95,1377.7,1377.7,2,0,0,26052.65
2025-11-19,2025-12-09,23950,CE,2207.1,2207.1,2207.1,2207.1,2207.1,1,0,-75,26052.65
2025-11-19,2025-12-02,27400,CE,3.25,4.2,2.15,2.3,2.3,9022,358950,321300,26052.65
2025-11-19,2025-12-02,27200,CE,4.7,6.35,4.4,4.9,4.9,8802,361500,177450,26052.65
2025-11-19,2025-12-02,27150,CE,8.25,8.25,4.6,5.55,5.55,1279,26850,18375,26052.65
2025-11-19,2025-12-02,27100,CE,7.5,7.65,5.45,6.7,6.7,8281,217500,162525,26052.65
2025-11-19,2025-12-30,25900,CE,487.5,598.0,475.4,585.6,585.6,4792,290775,-26325,26052.65
2025-11-19,2025-11-25,24100,CE,1881.05,1982.0,1881.05,1982.0,1975.4,7,3675,-300,26052.65
2025-11-19,2025-11-25,24300,CE,1687.7,1791.85,1687.7,1778.8,1775.6,5,6900,0,26052.65
2025-11-19,2025-11-25,24450,CE,0.0,0.0,0.0,1555.0,1625.75,0,825,0,26052.65
2025-11-19,2025-11-25,24650,CE,0.0,0.0,0.0,1360.0,1425.95,0,3600,0,26052.65
2025-11-19,2029-12-24,31000,PE,0.0,0.0,0.0,2262.75,1772.25,0,0,0,26052.65
2025-11-19,2029-12-24,24000,PE,0.0,0.0,0.0,625.5,252.8,0,0,0,26052.65
2025-11-19,2029-06-26,20000,PE,0.0,0.0,0.0,236.95,35.75,0,0,0,26052.65
2025-11-19,2028-12-26,26000,PE,0.0,0.0,0.0,1111.0,566.45,0,1050,0,26052.65
2025-11-19,2028-06-27,31000,PE,0.0,0.0,0.0,3541.95,2394.1,0,0,0,26052.65
2025-11-19,2028-06-27,27000,PE,0.0,0.0,0.0,2752.35,837.65,0,0,0,26052.65
2025-11-19,2027-12-28,22000,PE,0.0,0.0,0.0,260.0,83.0,0,2125,0,26052.65
2025-11-19,2027-06-29,23000,PE,0.0,0.0,0.0,4514.3,129.65,0,0,0,26052.65
2025-11-19,2026-12-29,22000,PE,138.5,139.3,131.6,136.85,136.85,51,222275,-1800,26052.65
2025-11-19,2026-12-29,21000,PE,127.0,127.0,117.0,117.0,117.0,17,40050,525,26052.65
2025-11-19,2026-12-29,13000,PE,0.0,0.0,0.0,1.1,0.05,0,2475,0,26052.65
2025-11-19,2026-06-30,28000,PE,1359.5,1359.5,1338.95,1338.95,1338.95,6,4425,75,26052.65
2025-11-19,2026-03-31,29000,PE,2327.9,2390.0,2252.95,2272.0,2272.0,90,32700,-975,26052.65
2025-11-19,2026-01-27,27700,PE,0.0,0.0,0.0,1576.55,1476.2,0,65,0,26052.65
2025-11-19,2026-01-27,27450,PE,0.0,0.0,0.0,1209.7,1274.85,0,65,0,26052.65
2025-11-19,2026-01-27,27000,PE,888.45,910.6,790.0,801.7,801.7,425,83135,5460,26052.65
2025-11-19,2026-01-27,26750,PE,0.0,0.0,0.0,656.55,781.6,0,195,0,26052.65
2025-11-19,2026-01-27,26550,PE,570.0,570.0,570.0,570.0,663.2,1,2535,0,26052.65
2025-11-19,2026-01-27,25950,PE,339.65,339.65,293.7,297.4,297.4,54,6045,2210,26052.65
2025-11-19,2026-01-27,25350,PE,0.0,0.0,0.0,190.4,185.75,0,1365,0,26052.65
2025-11-19,2026-01-27,25150,PE,120.05,120.05,120.0,120.0,120.0,4,2015,260,26052.65
2025-11-19,2026-01-27,24100,PE,45.4,45.4,41.0,41.0,25.35,7,2470,0,26052.65
2025-11-19,2026-01-27,23750,PE,34.8,37.5,30.45,30.85,30.85,32,90545,1040,26052.65
2025-11-19,2025-12-30,27600,PE,1340.0,1342.0,1340.0,1342.0,1423.95,3,750,225,26052.65
2025-11-19,2025-12-30,27300,PE,1067.25,1067.25,1067.25,1067.25,1163.75,1,1200,-75,26052.65
2025-11-19,2025-12-30,27250,PE,1023.55,1023.55,1023.55,1023.55,1122.1,1,150,0,26052.65
2025-11-19,2025-12-30,26900,PE,881.45,881.45,741.9,746.5,847.75,24,14700,-600,26052.65
2025-11-19,2025-12-30,26700,PE,732.0,734.95,602.0,610.25,610.25,151,21375,-675,26052.65
2025-11-19,2025-12-30,25800,PE,251.6,255.4,189.6,197.35,197.35,10425,753075,98850,26052.65
2025-11-19,2025-12-30,24950,PE,69.1,69.1,54.55,58.15,58.15,260,24900,-1575,26052.65
2025-11-19,2025-12-30,24150,PE,22.3,22.3,21.7,22.05,8.2,76,9600,2550,26052.65
2025-11-19,2025-12-30,23000,PE,12.7,12.8,11.1,11.9,11.9,4915,2373725,-18800,26052.65
2025-11-19,2025-12-30,26150,CE,343.95,441.0,340.65,429.85,429.85,868,32925,-1350,26052.65
2025-11-19,2025-12-30,27500,CE,24.15,33.3,23.4,32.1,32.1,19547,1512450,40875,26052.65
2025-11-19,2026-01-27,23750,CE,0.0,0.0,0.0,2239.15,2571.9,0,65,0,26052.65
2025-11-19,2026-01-27,24000,CE,2345.95,2373.25,2345.95,2373.25,2332.95,2,2470,65,26052.65
2025-11-19,2026-01-27,24200,CE,0.0,0.0,0.0,2140.0,2144.9,0,65,0,26052.65
2025-11-19,2026-01-27,24400,CE,0.0,0.0,0.0,1960.75,1960.4,0,65,0,26052.65
2025-11-19,2026-01-27,24500,CE,1848.5,1954.6,1848.5,1935.95,1869.8,40,5720,1170,26052.65
2025-11-19,2026-01-27,25200,CE,1303.2,1333.45,1303.2,1333.45,1333.45,2,910,-65,26052.65
2025-11-19,2026-01-27,25650,CE,0.0,0.0,0.0,915.1,948.7,0,260,0,26052.65
2025-11-19,2026-01-27,26200,CE,530.0,619.9,522.25,608.85,608.85,205,20865,195,26052.65
2025-11-19,2026-01-27,27100,CE,173.0,206.1,168.0,205.15,205.15,83,18590,325,26052.65
2025-11-19,2026-01-27,27150,CE,208.35,208.35,192.0,192.0,245.7,2,130,0,26052.65
2025-11-19,2026-01-27,27350,CE,112.9,139.95,112.9,139.95,195.95,11,1430,130,26052.65
2025-11-19,2026-01-27,27700,CE,66.85,81.8,62.4,79.35,79.35,211,41665,390,26052.65
2025-11-19,2026-09-29,28000,CE,0.0,0.0,0.0,832.9,910.75,0,0,0,26052.65
2025-11-19,2026-12-29,20000,CE,0.0,0.0,0.0,3704.3,7293.5,0,0,0,26052.65
2025-11-19,2026-12-29,21000,CE,0.0,0.0,0.0,5675.0,6365.55,0,225,0,26052.65
2025-11-19,2027-06-29,20000,CE,0.0,0.0,0.0,3367.05,7830.95,0,0,0,26052.65
2025-11-19,2027-12-28,22000,CE,0.0,0.0,0.0,4499.55,6645.7,0,0,0,26052.65
2025-11-19,2027-12-28,24000,CE,0.0,0.0,0.0,3778.95,5047.55,0,0,0,26052.65
2025-11-19,2028-06-27,31000,CE,0.0,0.0,0.0,1955.45,1759.9,0,0,0,26052.65
2025-11-19,2028-12-26,31000,CE,0.0,0.0,0.0,2968.35,2277.9,0,0,0,26052.65
2025-11-19,2029-06-26,20000,CE,0.0,0.0,0.0,10410.0,9830.55,0,0,0,26052.65
2025-11-19,2029-06-26,27000,CE,0.0,0.0,0.0,6570.4,4834.8,0,0,0,26052.65
2025-11-19,2029-12-24,30000,CE,0.0,0.0,0.0,3681.0,3789.45,0,7950,0,26052.65
2025-11-19,2025-11-25,22900,PE,1.45,1.55,1.1,1.25,1.25,29465,273900,146775,26052.65
2025-11-19,2025-11-25,23550,PE,2.15,2.35,1.7,1.95,1.95,17453,76275,46800,26052.65
2025-11-19,2025-11-25,24700,PE,4.65,5.55,3.5,3.85,3.85,216330,1797450,481050,26052.65
2025-11-19,2025-11-25,24850,PE,6.0,6.9,4.05,4.55,4.55,110164,869475,485250,26052.65
2025-11-19,2025-11-25,25600,PE,49.2,55.95,22.0,24.4,24.4,698711,5306025,2048550,26052.65
2025-11-19,2025-11-25,26250,PE,360.0,394.9,231.05,247.8,247.8,30633,241425,147150,26052.65
2025-11-19,2025-11-25,26450,PE,547.25,568.85,384.95,402.85,402.85,2118,23925,14325,26052.65
2025-11-19,2025-11-25,26700,PE,767.05,808.65,616.55,634.85,634.85,782,70800,-2700,26052.65
2025-11-19,2025-11-25,26900,PE,971.1,994.85,812.35,831.9,831.9,190,17775,1725,26052.65
2025-11-19,2025-12-02,23900,PE,3.85,4.55,3.35,3.7,3.7,278,8550,4200,26052.65
2025-11-19,2025-12-02,25750,PE,126.9,139.65,78.65,84.3,84.3,10017,166800,110325,26052.65
2025-11-19,2025-12-02,25850,PE,160.0,177.6,101.9,109.1,109.1,16476,201000,144525,26052.65
2025-11-19,2025-12-02,26100,PE,296.95,302.25,188.3,199.45,199.45,23007,550800,291375,26052.65
2025-11-19,2025-12-02,26900,PE,811.0,811.0,780.3,783.25,783.25,3,75,75,26052.65
2025-11-19,2025-12-02,27650,PE,1679.2,1679.2,1551.05,1551.05,1551.05,2,75,75,26052.65
2025-11-19,2025-12-09,23900,PE,0.0,0.0,0.0,23.25,0.15,0,0,0,26052.65
2025-11-19,2025-12-09,24650,PE,20.1,20.1,14.8,16.05,16.05,50,2700,-525,26052.65
2025-11-19,2025-12-09,25250,PE,57.15,60.6,39.55,42.05,42.05,153,8175,-1725,26052.65
2025-11-19,2025-12-09,25850,PE,194.55,209.7,139.9,147.7,147.7,451,12225,5625,26052.65
2025-11-19,2025-12-09,26100,PE,333.05,333.05,225.65,236.0,236.0,977,29400,9900,26052.65
2025-11-19,2025-12-23,26400,CE,262.1,262.4,253.7,259.35,259.35,36,2100,2100,26052.65
2025-11-19,2025-11-25,24800,CE,1132.3,1284.5,1100.0,1271.35,1271.35,201,52350,-8325,26052.65
2025-11-19,2025-11-25,25200,CE,729.2,895.95,703.95,874.65,874.65,4139,351150,-144450,26052.65
2025-11-19,2025-11-25,25850,CE,230.0,300.8,170.55,285.15,285.15,482446,629925,57750,26052.65
2025-11-19,2025-11-25,26200,CE,57.1,93.35,41.7,85.6,85.6,1711750,7058625,892725,26052.65
2025-11-19,2025-12-30,15000,PE,0.0,0.0,0.0,2.35,0.05,0,15400,0,26052.65
2025-11-19,2025-12-23,27450,PE,0.0,0.0,0.0,1453.6,1299.4,0,0,0,26052.65
2025-11-19,2025-12-23,26800,PE,0.0,0.0,0.0,925.9,764.45,0,0,0,26052.65
2025-11-19,2025-12-23,26750,PE,0.0,0.0,0.0,889.45,728.15,0,0,0,26052.65
2025-11-19,2025-12-23,26050,PE,265.5,265.5,254.7,254.7,317.9,5,150,150,26052.65
2025-11-19,2025-12-23,24800,PE,0.0,0.0,0.0,77.5,29.4,0,0,0,26052.65
2025-11-19,2025-12-16,24950,CE,0.0,0.0,0.0,1034.2,1237.0,0,0,0,26052.65
2025-11-19,2025-12-16,25500,CE,700.4,700.4,668.05,668.05,767.35,2,0,0,26052.65
2025-11-19,2025-12-16,25700,CE,520.7,636.5,520.7,635.95,635.95,28,1650,675,26052.65
2025-11-19,2025-12-16,26800,CE,59.85,86.5,55.7,82.35,82.35,211,11550,3525,26052.65
2025-11-19,2025-12-16,27000,CE,38.4,50.4,30.35,48.75,48.75,882,44400,-750,26052.65
2025-11-19,2025-12-16,27150,CE,30.0,30.0,30.0,30.0,58.0,1,1575,0,26052.65
2025-11-19,2025-12-23,27150,CE,0.0,0.0,0.0,117.35,87.25,0,0,0,26052.65
2025-11-19,2025-12-23,27300,CE,0.0,0.0,0.0,93.45,65.65,0,0,0,26052.65
2025-11-19,2025-12-23,27350,CE,0.0,0.0,0.0,86.45,59.5,0,0,0,26052.65
2025-11-19,2025-12-23,27550,CE,0.0,0.0,0.0,62.6,39.55,0,0,0,26052.65
2025-11-19,2025-12-30,23000,CE,3110.0,3259.0,3071.85,3230.8,3230.8,807,680675,31575,26052.65
2025-11-19,2025-12-30,23050,CE,0.0,0.0,0.0,2721.6,3151.25,0,75,0,26052.65
2025-11-19,2025-12-30,23200,CE,0.0,0.0,0.0,2948.15,3002.4,0,75,0,26052.65
2025-11-19,2025-12-30,23250,CE,0.0,0.0,0.0,2753.95,2952.8,0,0,0,26052.65
2025-11-19,2025-12-30,23450,CE,0.0,0.0,0.0,2780.3,2754.55,0,375,0,26052.65
2025-11-19,2025-12-30,25400,CE,830.05,969.15,821.5,958.9,958.9,78,44925,450,26052.65
2025-11-19,2025-12-30,25600,CE,712.85,813.9,673.0,801.95,801.95,605,173325,-4500,26052.65
2025-11-19,2025-12-02,27050,CE,8.7,8.75,6.3,7.95,7.95,3377,115275,106650,26052.65
2025-11-19,2025-12-02,26400,CE,72.95,103.8,57.8,97.5,97.5,24276,321450,120225,26052.65
2025-11-19,2025-12-02,26100,CE,170.0,237.35,145.0,225.7,225.7,43532,696600,296250,26052.65
2025-11-19,2025-12-02,25900,CE,281.35,364.0,240.35,349.75,349.75,37147,329025,36675,26052.65
2025-11-19,2025-12-02,25700,CE,379.55,515.0,367.55,493.7,493.7,3338,93000,30600,26052.65
2025-11-19,2025-12-02,24800,CE,1182.0,1182.0,1182.0,1182.0,1305.95,1,300,75,26052.65
2025-11-19,2025-12-02,24350,CE,1776.4,1776.4,1765.25,1770.85,1770.85,2,75,75,26052.65
2025-11-19,2025-12-02,23950,CE,0.0,0.0,0.0,2163.6,2151.65,0,0,0,26052.65
2025-11-19,2025-12-02,23900,CE,2226.2,2226.2,2226.2,2226.2,2226.2,1,150,75,26052.65
2025-11-19,2025-11-25,27600,CE,1.4,1.5,0.9,1.0,1.0,30530,852375,39675,26052.65
2025-11-19,2025-11-25,27500,CE,1.3,1.55,0.9,1.05,1.05,368910,7158150,844425,26052.65
2025-11-19,2025-11-25,27250,CE,1.7,1.85,1.2,1.35,1.35,37984,168750,56325,26052.65
2025-11-19,2025-11-25,27050,CE,2.45,2.5,1.65,1.9,1.9,92561,471825,148800,26052.65
2025-11-19,2025-11-25,26600,CE,9.9,11.7,5.55,10.4,10.4,559186,4072050,709725,26052.65
2025-11-19,2025-11-25,26350,CE,31.7,45.35,19.55,41.1,41.1,584850,1890300,124650,26052.65
2025-11-19,2025-11-25,26250,CE,56.2,74.4,32.4,67.9,67.9,780957,1632450,368325,26052.65
2025-11-19,2025-12-09,26250,PE,390.3,411.85,297.05,307.2,307.2,65,1275,675,26052.65
2025-11-19,2025-12-09,26300,PE,428.0,434.8,321.8,333.8,333.8,459,15075,8775,26052.65
2025-11-19,2025-12-09,27300,PE,1141.3,1141.3,1133.45,1137.4,1137.4,2,75,75,26052.65
2025-11-19,2025-12-16,25050,PE,0.0,0.0,0.0,62.9,37.15,0,75,0,26052.65
2025-11-19,2026-09-29,27000,CE,0.0,0.0,0.0,1156.15,1350.1,0,0,0,26052.65
2025-11-19,2026-09-29,29000,CE,0.0,0.0,0.0,587.75,586.9,0,0,0,26052.65
2025-11-19,2026-09-29,31000,CE,0.0,0.0,0.0,272.8,213.1,0,0,0,26052.65
2025-11-19,2026-12-29,22000,CE,0.0,0.0,0.0,5300.0,5452.9,0,2175,0,26052.65
2025-11-19,2026-12-29,29000,CE,738.95,819.95,731.65,811.35,811.35,128,233400,4425,26052.65
2025-11-19,2027-12-28,26000,CE,0.0,0.0,0.0,3700.0,3637.8,0,75,0,26052.65
2025-11-19,2028-06-27,21000,CE,0.0,0.0,0.0,5226.55,8026.25,0,0,0,26052.65
2025-11-19,2028-06-27,27000,CE,0.0,0.0,0.0,2885.15,3646.85,0,0,0,26052.65
2025-11-19,2028-12-26,19000,CE,0.0,0.0,0.0,8739.0,10174.05,0,0,0,26052.65
2025-11-19,2028-12-26,25000,CE,0.0,0.0,0.0,5350.4,5534.55,0,0,0,26052.65
2025-11-19,2029-06-26,30000,CE,0.0,0.0,0.0,5268.4,3243.9,0,0,0,26052.65
2025-11-19,2030-06-25,30000,CE,0.0,0.0,0.0,5580.35,4336.45,0,0,0,26052.65
2025-11-19,2025-11-25,22700,PE,1.3,1.5,1.0,1.15,1.15,124425,2753325,1464150,26052.65
2025-11-19,2025-11-25,23100,PE,1.75,1.9,1.2,1.55,1.55,15983,53400,675,26052.65
2025-11-19,2025-11-25,23650,PE,2.0,2.45,1.65,2.0,2.0,2673,29775,15450,26052.65
2025-11-19,2025-11-25,24550,PE,4.25,4.75,2.8,3.4,3.4,32468,314850,193050,26052.65
2025-11-19,2025-11-25,25150,PE,10.9,12.3,6.25,6.65,6.65,136405,1192200,359250,26052.65
2025-11-19,2025-11-25,25350,PE,21.9,22.35,9.15,10.15,10.15,230997,3063000,1868475,26052.65
2025-11-19,2025-11-25,25550,PE,42.0,46.2,18.4,20.25,20.25,322611,2091900,1220625,26052.65
2025-11-19,2025-11-25,25900,PE,131.0,159.5,70.5,79.15,79.15,2888834,11614350,6439050,26052.65
2025-11-19,2025-11-25,26000,PE,189.0,214.05,102.85,113.3,113.3,2650970,12303375,2897775,26052.65
2025-11-19,2025-12-30,27250,CE,43.45,57.6,40.0,55.6,55.6,363,12375,7950,26052.65
2025-11-19,2025-12-30,24700,CE,1471.75,1590.45,1420.75,1590.45,1544.25,8,9825,225,26052.65
2025-11-19,2025-12-30,24350,CE,0.0,0.0,0.0,1914.15,1873.4,0,3525,0,26052.65
2025-11-19,2025-12-30,24200,CE,1960.0,2080.0,1931.0,2080.0,2017.85,6,1950,375,26052.65
2025-11-19,2025-12-30,23500,CE,2620.0,2750.0,2594.0,2734.2,2734.2,91,41025,6450,26052.65
2025-11-19,2025-12-30,19500,CE,0.0,0.0,0.0,6660.0,6678.2,0,1075,0,26052.65
2025-11-19,2025-12-23,27400,CE,0.0,0.0,0.0,79.9,53.85,0,0,0,26052.65
2025-11-19,2025-12-23,26700,CE,0.0,0.0,0.0,219.45,188.0,0,0,0,26052.65
2025-11-19,2025-12-23,26300,CE,231.4,313.8,231.0,301.2,301.2,82,1275,1275,26052.65
2025-11-19,2025-11-25,26300,PE,400.2,436.55,265.0,282.85,282.85,64937,845250,124650,26052.65
2025-11-19,2025-11-25,26500,PE,593.95,617.5,428.35,446.6,446.6,18460,910800,-73725,26052.65
2025-11-19,2025-11-25,26550,PE,628.35,665.45,473.4,493.75,493.75,1418,16800,11700,26052.65
2025-11-19,2025-11-25,26650,PE,740.0,747.2,569.05,586.5,586.5,411,6600,3375,26052.65
2025-11-19,2025-11-25,26800,PE,870.0,895.0,710.75,734.95,734.95,226,26850,600,26052.65
2025-11-19,2025-11-25,26950,PE,989.75,1006.25,870.2,879.7,879.7,25,1425,600,26052.65
2025-11-19,2025-12-02,24050,PE,3.9,5.35,3.85,4.15,4.15,269,12600,0,26052.65
2025-11-19,2025-12-02,24150,PE,0.0,0.0,0.0,7.0,0.05,0,75,0,26052.65
2025-11-19,2025-12-02,24200,PE,6.45,6.45,4.7,4.9,4.9,3094,68850,45750,26052.65
2025-11-19,2025-12-02,24400,PE,7.45,7.7,5.2,5.95,5.95,1521,40275,19275,26052.65
2025-11-19,2025-12-02,25100,PE,26.5,27.65,15.45,16.35,16.35,10213,202200,79050,26052.65
2025-11-19,2025-12-02,25300,PE,42.05,43.95,24.3,25.95,25.95,18886,414150,167625,26052.65
2025-11-19,2025-12-02,26750,PE,652.55,652.65,645.05,649.1,649.1,16,300,300,26052.65
2025-11-19,2025-12-02,27000,PE,945.0,1017.9,869.0,883.05,883.05,91,6150,2550,26052.65
2025-11-19,2025-12-02,27100,PE,981.3,981.3,975.2,979.45,979.45,4,75,0,26052.65
2025-11-19,2025-12-02,27200,PE,1080.0,1080.0,1080.0,1080.0,1080.0,1,75,75,26052.65
2025-11-19,2025-12-02,27300,PE,1179.5,1179.75,1171.9,1175.75,1175.75,8,75,0,26052.65
2025-11-19,2025-12-09,25150,PE,46.8,49.9,32.45,34.3,34.3,52,7800,-300,26052.65
2025-11-19,2025-12-09,26050,PE,290.2,296.85,205.6,216.4,216.4,380,10575,5025,26052.65
2025-11-19,2025-12-09,26400,PE,460.0,462.95,375.55,394.75,394.75,77,2175,1425,26052.65
2025-11-19,2025-12-09,26600,PE,626.0,626.05,523.5,531.05,531.05,12,300,0,26052.65
2025-11-19,2025-12-09,26850,PE,730.4,730.4,723.3,726.9,726.9,14,225,150,26052.65
2025-11-19,2025-12-09,27000,PE,880.0,880.0,859.95,859.95,859.95,6,900,300,26052.65
2025-11-19,2025-12-09,27100,PE,952.9,952.9,949.55,951.25,951.25,2,75,-150,26052.65
2025-11-19,2025-12-09,27150,PE,1001.0,1001.0,989.6,995.35,995.35,6,0,-75,26052.65
2025-11-19,2025-12-09,27500,PE,1414.0,1450.0,1355.5,1355.5,1372.0,17,1200,1200,26052.65
2025-11-19,2025-12-16,24000,PE,15.4,15.4,10.9,11.35,11.35,142,9375,6750,26052.65
2025-11-19,2025-12-16,25400,PE,104.9,104.9,71.15,76.25,76.25,257,11925,3375,26052.65
2025-11-19,2025-12-16,26050,PE,309.6,309.6,235.5,243.3,243.3,68,3075,1125,26052.65
2025-11-19,2025-12-16,27050,PE,0.0,0.0,0.0,1296.3,954.5,0,0,0,26052.65
2025-11-19,2025-12-23,24250,PE,0.0,0.0,0.0,26.0,6.4,0,0,0,26052.65
2025-11-19,2025-12-23,24300,PE,0.0,0.0,0.0,29.0,7.5,0,0,0,26052.65
2025-11-19,2025-12-23,24400,PE,0.0,0.0,0.0,35.8,10.05,0,0,0,26052.65
2025-11-19,2025-12-23,25000,PE,52.9,53.2,44.1,50.6,50.6,44,3000,3000,26052.65
2025-11-19,2025-12-23,25350,PE,0.0,0.0,0.0,188.6,98.9,0,0,0,26052.65
2025-11-19,2025-12-23,25900,PE,260.0,269.6,206.0,213.3,213.3,202,7050,7050,26052.65
2025-11-19,2025-12-23,26900,PE,0.0,0.0,0.0,1001.0,839.4,0,0,0,26052.65
2025-11-19,2025-12-23,27200,PE,0.0,0.0,0.0,1240.2,1081.55,0,0,0,26052.65
2025-11-19,2025-12-23,27300,PE,0.0,0.0,0.0,1324.2,1167.15,0,0,0,26052.65
2025-11-19,2025-12-30,22950,PE,15.55,15.55,11.1,11.3,11.3,27,1350,900,26052.65
2025-11-19,2025-12-30,23550,PE,17.3,17.3,15.0,15.0,1.3,21,2700,0,26052.65
2025-11-19,2025-12-30,23850,PE,20.6,21.6,15.9,18.0,18.0,82,4500,1875,26052.65
2025-11-19,2025-12-30,24000,PE,23.25,24.4,19.1,20.6,20.6,16234,4204175,72125,26052.65
2025-11-19,2025-12-30,25050,PE,78.0,78.55,62.3,66.55,66.55,725,33375,6075,26052.65
2025-11-19,2025-12-30,25100,PE,89.3,91.1,67.05,71.8,71.8,4408,453450,-4050,26052.65
2025-11-19,2025-12-30,25200,PE,104.7,106.75,77.6,82.35,82.35,8886,802950,125475,26052.65
2025-11-19,2025-12-30,25400,PE,132.0,143.0,103.75,109.55,109.55,7666,657225,150225,26052.65
2025-11-19,2025-12-30,26250,PE,434.55,446.0,355.35,363.75,363.75,262,33150,4650,26052.65
2025-11-19,2025-12-30,26800,PE,783.5,807.0,666.35,681.3,681.3,128,16050,3450,26052.65
2025-11-19,2025-12-30,27650,PE,1397.05,1404.35,1396.95,1400.4,1400.4,4,675,75,26052.65
2025-11-19,2025-12-30,27750,PE,1585.7,1585.7,1585.7,1585.7,1559.6,1,750,75,26052.65
2025-11-19,2026-01-27,23800,PE,35.4,36.55,30.5,31.15,31.15,77,20085,3185,26052.65
2025-11-19,2026-01-27,23900,PE,42.3,42.3,34.75,36.45,17.05,42,2535,130,26052.65
2025-11-19,2026-01-27,25100,PE,134.95,141.15,111.4,115.9,115.9,678,149890,13325,26052.65
2025-11-19,2026-01-27,27200,PE,1034.55,1034.55,930.0,930.0,930.0,28,1755,260,26052.65
2025-11-19,2026-03-31,20000,PE,21.0,21.5,19.0,19.4,19.4,67,98625,1950,26052.65
2025-11-19,2026-03-31,25000,PE,234.55,234.95,200.7,205.2,205.2,2955,1248900,-7875,26052.65
2025-11-19,2026-03-31,26000,PE,464.1,490.6,423.0,429.4,429.4,2351,1178250,19425,26052.65
2025-11-19,2026-03-31,28000,PE,1532.65,1540.0,1440.0,1451.15,1451.15,188,170550,2700,26052.65
2025-11-19,2026-06-30,31000,PE,0.0,0.0,0.0,5585.0,3962.4,0,0,0,26052.65
2025-11-19,2026-09-29,26000,PE,555.0,578.0,529.7,555.5,555.5,7,750,225,26052.65
2025-11-19,2026-12-29,27000,PE,865.0,865.0,824.0,836.35,836.35,219,166725,5925,26052.65
2025-11-19,2027-06-29,27000,PE,0.0,0.0,0.0,6273.45,942.35,0,0,0,26052.65
2025-11-19,2028-06-27,24000,PE,0.0,0.0,0.0,1692.75,264.55,0,0,0,26052.65
2025-11-19,2028-12-26,18000,PE,0.0,0.0,0.0,250.0,7.05,0,75,0,26052.65
2025-11-19,2028-12-26,20000,PE,0.0,0.0,0.0,330.0,31.5,0,1100,0,26052.65
2025-11-19,2029-06-26,27000,PE,0.0,0.0,0.0,1252.35,730.25,0,0,0,26052.65
2025-11-19,2029-12-24,19000,PE,0.0,0.0,0.0,142.25,21.1,0,0,0,26052.65
2025-11-19,2029-12-24,21000,PE,0.0,0.0,0.0,278.8,66.8,0,0,0,26052.65
2025-11-19,2029-12-24,30000,PE,0.0,0.0,0.0,1953.5,1438.05,0,0,0,26052.65
2025-11-19,2030-06-25,19000,PE,0.0,0.0,0.0,168.9,23.0,0,0,0,26052.65
2025-11-19,2030-06-25,20000,PE,0.0,0.0,0.0,236.4,40.8,0,0,0,26052.65
2025-11-19,2030-06-25,23000,PE,0.0,0.0,0.0,550.6,165.9,0,0,0,26052.65
2025-11-19,2030-06-25,30000,PE,0.0,0.0,0.0,2100.85,1311.5,0,0,0,26052.65
2025-11-19,2025-12-23,25850,CE,0.0,0.0,0.0,575.65,577.4,0,0,0,26052.65
2025-11-19,2025-12-23,25600,CE,664.15,664.15,662.4,662.4,746.3,5,375,375,26052.65
2025-11-19,2025-12-23,24750,CE,0.0,0.0,0.0,1375.2,1460.8,0,0,0,26052.65
2025-11-19,2025-12-23,24450,CE,0.0,0.0,0.0,1642.3,1744.85,0,0,0,26052.65
2025-11-19,2025-12-16,27500,CE,19.2,19.2,9.15,11.85,11.85,151,8850,8850,26052.65
2025-11-19,2025-12-16,27300,CE,30.0,30.0,16.4,21.35,21.35,28,1200,1200,26052.65
2025-11-19,2025-12-16,26550,CE,125.1,158.8,125.1,153.5,153.5,14,300,150,26052.65
2025-11-19,2025-12-16,26000,CE,353.15,430.0,322.0,418.1,418.1,1400,53175,16575,26052.65
2025-11-19,2025-12-16,24200,CE,0.0,0.0,0.0,1673.35,1957.9,0,0,0,26052.65
2025-11-19,2025-12-16,24000,CE,0.0,0.0,0.0,1859.25,2155.7,0,0,0,26052.65
2025-11-19,2025-12-09,27350,CE,8.95,11.4,7.4,10.4,10.4,143,11175,-2025,26052.65
2025-11-19,2025-12-09,26400,CE,116.75,164.45,104.55,157.15,157.15,1459,37875,6600,26052.65
2025-11-19,2025-12-09,26150,CE,204.1,284.0,193.0,272.0,272.0,415,22575,2250,26052.65
2025-11-19,2025-12-09,25900,CE,345.5,438.5,317.05,423.7,423.7,1503,46725,4275,26052.65
2025-11-19,2025-12-09,24950,CE,1227.5,1238.95,1227.5,1232.85,1232.85,7,150,0,26052.65
2025-11-19,2025-12-09,24300,CE,0.0,0.0,0.0,1849.15,1830.3,0,0,0,26052.65
2025-11-19,2025-12-02,27700,CE,2.05,2.4,1.55,1.6,1.6,1530,72900,50925,26052.65
2025-11-19,2025-12-02,27350,CE,4.3,4.3,2.5,2.85,2.85,427,17700,10200,26052.65
2025-11-19,2025-12-02,26950,CE,13.5,13.5,10.3,12.4,12.4,520,11400,11400,26052.65
2025-11-19,2025-12-02,26650,CE,30.1,43.6,23.75,40.2,40.2,6920,98775,37575,26052.65
2025-11-19,2025-12-02,26600,CE,32.7,52.5,28.5,48.65,48.65,25618,334500,146100,26052.65
2025-11-19,2025-12-02,25050,CE,1081.65,1090.7,1081.5,1086.2,1086.2,16,150,75,26052.65
2025-11-19,2025-12-02,24950,CE,1187.2,1188.0,1178.7,1183.45,1183.45,16,75,75,26052.65
2025-11-19,2025-12-02,24650,CE,1482.85,1482.85,1475.1,1479.0,1479.0,2,0,0,26052.65
2025-11-19,2025-12-02,23750,CE,0.0,0.0,0.0,2284.9,2351.25,0,150,0,26052.65
2025-11-19,2025-11-25,27300,CE,1.45,5.5,1.05,1.2,1.2,218679,3154575,613800,26052.65
2025-11-19,2025-11-25,24200,CE,1715.0,1893.35,1715.0,1867.6,1867.6,47,9975,-3000,26052.65
2025-11-19,2025-12-30,27600,CE,20.5,27.0,19.35,26.05,26.05,2775,144375,24375,26052.65
2025-11-19,2026-01-27,24100,CE,0.0,0.0,0.0,2238.85,2238.55,0,65,0,26052.65
2025-11-19,2026-01-27,25100,CE,1337.0,1337.0,1337.0,1337.0,1356.55,1,390,0,26052.65
2025-11-19,2026-01-27,25300,CE,1247.45,1275.7,1223.55,1223.55,1223.55,4,1430,130,26052.65
2025-11-19,2026-01-27,25700,CE,840.15,940.15,840.15,940.15,915.3,50,7540,585,26052.65
2025-11-19,2026-01-27,25850,CE,826.1,829.15,816.95,826.3,826.3,34,5395,2145,26052.65
2025-11-19,2026-01-27,26100,CE,600.0,679.95,577.25,667.15,667.15,131,12480,2535,26052.65
2025-11-19,2026-03-31,30000,CE,31.35,34.75,30.7,34.05,34.05,1506,452250,26700,26052.65
2025-11-19,2025-12-23,26150,CE,0.0,0.0,0.0,422.8,406.95,0,0,0,26052.65
2025-11-19,2025-12-23,26200,CE,335.0,365.0,330.0,355.95,355.95,86,900,900,26052.65
2025-11-19,2025-12-23,26500,CE,171.35,221.45,164.2,214.65,214.65,414,17400,17400,26052.65
2025-11-19,2025-12-23,26600,CE,168.5,185.35,163.9,178.8,178.8,199,10500,10500,26052.65
2025-11-19,2025-12-23,26850,CE,0.0,0.0,0.0,180.85,147.6,0,0,0,26052.65
2025-11-19,2025-12-23,27500,CE,0.0,0.0,0.0,67.95,43.9,0,0,0,26052.65
2025-11-19,2025-12-23,27600,CE,34.3,34.3,18.0,18.0,35.6,2,75,75,26052.65
2025-11-19,2025-12-23,27250,PE,0.0,0.0,0.0,1281.95,1124.05,0,0,0,26052.65
2025-11-19,2025-12-23,27550,PE,0.0,0.0,0.0,1541.85,1389.75,0,0,0,26052.65
2025-11-19,2025-12-30,23250,PE,14.0,14.8,14.0,14.4,14.4,2,7575,150,26052.65
2025-11-19,2025-12-30,23750,PE,0.0,0.0,0.0,19.55,2.5,0,5175,0,26052.65
2025-11-19,2025-12-30,23800,PE,13.9,19.85,13.9,17.05,17.05,2038,308625,225,26052.65
2025-11-19,2025-12-30,24500,PE,39.85,40.0,29.7,32.2,32.2,14481,1407000,203625,26052.65
2025-11-19,2025-12-30,25900,PE,270.0,291.8,218.65,227.05,227.05,10907,474825,54675,26052.65
2025-11-19,2026-01-27,27550,CE,0.0,0.0,0.0,327.85,154.5,0,0,0,26052.65
2025-11-19,2026-01-27,27650,CE,0.0,0.0,0.0,304.3,136.6,0,0,0,26052.65
2025-11-19,2026-06-30,23000,CE,0.0,0.0,0.0,3804.2,3890.4,0,750,0,26052.65
2025-11-19,2026-09-29,26000,CE,0.0,0.0,0.0,1699.0,1912.8,0,750,0,26052.65
2025-11-19,2027-12-28,19000,CE,0.0,0.0,0.0,5794.9,9228.4,0,0,0,26052.65
2025-11-19,2027-12-28,31000,CE,0.0,0.0,0.0,1546.6,1259.6,0,0,0,26052.65
2025-11-19,2028-06-27,23000,CE,0.0,0.0,0.0,4323.1,6416.25,0,0,0,26052.65
2025-11-19,2028-06-27,26000,CE,0.0,0.0,0.0,3200.9,4265.2,0,0,0,26052.65
2025-11-19,2029-06-26,31000,CE,0.0,0.0,0.0,4882.55,2805.3,0,0,0,26052.65
2025-11-19,2029-12-24,19000,CE,0.0,0.0,0.0,10714.6,11063.0,0,0,0,26052.65
2025-11-19,2029-12-24,22000,CE,0.0,0.0,0.0,8865.25,8780.8,0,0,0,26052.65
2025-11-19,2030-06-25,23000,CE,0.0,0.0,0.0,9179.65,8564.0,0,0,0,26052.65
2025-11-19,2030-06-25,31000,CE,0.0,0.0,0.0,5167.8,3868.2,0,0,0,26052.65
2025-11-19,2025-11-25,23000,PE,1.3,2.2,1.25,1.45,1.45,61487,2054325,212850,26052.65
2025-11-19,2025-11-25,23400,PE,1.95,2.15,1.5,1.75,1.75,30932,100950,36825,26052.65
2025-11-19,2025-11-25,23450,PE,2.0,2.25,1.65,1.85,1.85,782,9000,2100,26052.65
2025-11-19,2025-11-25,24400,PE,3.35,3.9,2.7,3.05,3.05,131751,1047675,196125,26052.65
2025-11-19,2025-11-25,24450,PE,3.9,4.0,2.75,3.1,3.1,27060,192150,65400,26052.65
2025-11-19,2025-11-25,25500,PE,30.0,38.3,15.5,16.85,16.85,731319,9585600,2628450,26052.65
2025-11-19,2025-11-25,26150,PE,280.6,314.1,170.6,185.5,185.5,125416,477150,295725,26052.65
2025-11-19,2025-12-02,24700,PE,11.5,14.35,8.05,8.3,8.3,4893,113625,38925,26052.65
2025-11-19,2025-12-02,24750,PE,12.25,12.45,8.55,9.0,9.0,681,24150,17025,26052.65
2025-11-19,2025-12-02,25400,PE,57.3,57.3,31.2,33.15,33.15,17148,487725,149175,26052.65
2025-11-19,2025-12-02,26050,PE,240.65,273.85,167.75,177.75,177.75,11005,104025,57900,26052.65
2025-11-19,2025-12-02,27250,PE,1258.45,1258.45,1113.1,1113.1,1113.1,4,225,150,26052.65
2025-11-19,2025-12-02,27350,PE,1226.5,1226.5,1220.1,1223.3,1223.3,4,0,-75,26052.65
2025-11-19,2025-12-09,24450,PE,16.3,16.3,12.7,12.7,2.35,3,825,75,26052.65
2025-11-19,2025-12-09,24800,PE,24.1,25.05,17.1,18.35,18.35,413,32700,4200,26052.65
2025-11-19,2025-12-09,24950,PE,29.85,30.25,22.3,24.45,24.45,42,9450,1125,26052.65
2025-11-19,2025-12-16,24200,PE,0.0,0.0,0.0,37.3,2.55,0,0,0,26052.65
2025-11-19,2025-12-16,24300,PE,0.0,0.0,0.0,45.6,3.7,0,0,0,26052.65
2025-11-19,2025-12-16,25350,PE,70.05,73.0,70.05,73.0,76.9,4,3975,300,26052.65
2025-11-19,2025-12-16,26000,PE,301.9,301.9,214.55,224.1,224.1,1625,87675,37500,26052.65
2025-11-19,2025-12-16,26150,PE,321.75,321.75,274.7,281.05,336.85,34,2250,1425,26052.65
2025-11-19,2025-12-16,27250,PE,0.0,0.0,0.0,1468.4,1128.05,0,0,0,26052.65
2025-11-19,2025-12-16,27400,PE,0.0,0.0,0.0,1601.7,1263.65,0,0,0,26052.65
2025-11-19,2025-12-23,24200,PE,0.0,0.0,0.0,23.3,5.5,0,0,0,26052.65
2025-11-19,2025-12-30,26450,PE,567.85,567.85,453.45,463.5,463.5,90,8700,525,26052.65
2025-11-19,2025-12-30,26550,PE,628.0,628.0,506.9,511.35,609.15,25,6675,300,26052.65
2025-11-19,2025-12-30,27050,PE,870.7,870.7,863.65,867.2,867.2,12,300,0,26052.65
2025-11-19,2027-12-28,28000,PE,0.0,0.0,0.0,4251.0,1233.1,0,0,0,26052.65
2025-11-19,2025-12-23,25400,PE,0.0,0.0,0.0,202.7,108.9,0,0,0,26052.65
2025-11-19,2025-12-23,25500,PE,0.0,0.0,0.0,233.15,131.3,0,0,0,26052.65
2025-11-19,2025-12-23,25250,PE,0.0,0.0,0.0,162.75,81.0,0,0,0,26052.65
2025-11-19,2025-12-23,24750,PE,0.0,0.0,0.0,70.8,25.95,0,0,0,26052.65
2025-11-19,2025-12-23,24700,PE,32.1,34.0,30.45,32.05,32.05,38,2250,2250,26052.65
2025-11-19,2025-12-23,24600,PE,0.0,0.0,0.0,53.4,17.55,0,0,0,26052.65
2025-11-19,2025-12-23,24350,PE,0.0,0.0,0.0,32.25,8.7,0,0,0,26052.65
2025-11-19,2026-01-27,24350,PE,52.0,53.6,52.0,52.8,52.8,4,2470,-130,26052.65
2025-11-19,2026-01-27,24750,PE,93.0,93.0,81.65,81.65,78.7,8,1820,325,26052.65
2025-11-19,2026-01-27,25600,PE,235.9,249.0,197.1,204.25,204.25,314,21775,4290,26052.65
2025-11-19,2026-01-27,26200,PE,444.95,458.45,382.4,392.9,392.9,288,26520,715,26052.65
2025-11-19,2026-01-27,26350,PE,453.6,454.55,453.55,453.95,453.95,8,2210,0,26052.65
2025-11-19,2026-03-31,23000,PE,65.0,65.0,56.1,57.3,57.3,986,530175,12450,26052.65
2025-11-19,2026-06-30,15000,PE,0.0,0.0,0.0,18.0,0.05,0,1350,0,26052.65
2025-11-19,2026-09-29,20000,PE,0.0,0.0,0.0,51.65,2.0,0,0,0,26052.65
2025-11-19,2026-12-29,12000,PE,0.0,0.0,0.0,20.05,0.05,0,575,0,26052.65
2025-11-19,2026-12-29,24000,PE,293.85,293.85,275.0,280.05,280.05,180,150525,-5775,26052.65
2025-11-19,2027-06-29,19000,PE,0.0,0.0,0.0,182.1,4.1,0,600,0,26052.65
2025-11-19,2028-12-26,21000,PE,0.0,0.0,0.0,618.05,58.95,0,1250,0,26052.65
2025-11-19,2028-12-26,31000,PE,0.0,0.0,0.0,2722.7,2157.85,0,0,0,26052.65
2025-11-19,2030-06-25,22000,PE,0.0,0.0,0.0,425.45,108.9,0,0,0,26052.65
2025-11-19,2027-06-29,29000,PE,0.0,0.0,0.0,4627.1,1813.3,0,0,0,26052.65
2025-11-19,2027-06-29,31000,PE,0.0,0.0,0.0,4436.25,3000.35,0,0,0,26052.65
2025-11-19,2030-06-25,29000,PE,0.0,0.0,0.0,1804.05,1049.05,0,0,0,26052.65
2025-11-19,2030-06-25,31000,PE,0.0,0.0,0.0,2424.0,1610.85,0,0,0,26052.65
2025-11-19,2027-12-28,15000,PE,0.0,0.0,0.0,39.0,0.05,0,625,0,26052.65
2025-11-19,2028-06-27,21000,PE,0.0,0.0,0.0,907.2,51.8,0,0,0,26052.65
2025-11-19,2026-01-27,27050,CE,200.65,200.65,180.0,185.9,273.95,3,1625,65,26052.65
2025-11-19,2026-01-27,26800,CE,251.55,316.35,251.5,308.55,308.55,323,31005,7150,26052.65
2025-11-19,2026-01-27,26500,CE,379.0,453.95,373.45,444.3,444.3,2011,239915,28405,26052.65
2025-11-19,2026-01-27,26400,CE,432.35,501.0,421.7,494.65,494.65,181,27040,-975,26052.65
2025-11-19,2026-01-27,25600,CE,905.95,1010.4,901.8,993.8,993.8,10,5135,260,26052.65
2025-11-19,2026-01-27,25450,CE,0.0,0.0,0.0,991.75,1088.75,0,195,0,26052.65
2025-11-19,2026-01-27,24150,CE,0.0,0.0,0.0,2192.1,2191.6,0,65,0,26052.65
2025-11-19,2026-01-27,23850,CE,0.0,0.0,0.0,2474.5,2475.9,0,65,0,26052.65
2025-11-19,2025-12-30,30000,CE,3.65,4.2,3.3,3.4,3.4,718,717275,9225,26052.65
2025-11-19,2025-12-30,28000,CE,11.55,13.9,10.8,13.35,13.35,11279,2241275,40500,26052.65
2025-11-19,2025-12-30,27350,CE,0.0,0.0,0.0,113.9,84.65,0,0,0,26052.65
2025-11-19,2025-12-30,27150,CE,0.0,0.0,0.0,137.6,118.0,0,0,0,26052.65
2025-11-19,2025-12-30,26250,CE,295.95,384.95,292.95,376.55,376.55,687,39900,3000,26052.65
2025-11-19,2025-11-25,22700,CE,3250.0,3345.0,3250.0,3345.0,3374.1,3,5775,-225,26052.65
2025-11-19,2025-11-25,22750,CE,0.0,0.0,0.0,3303.2,3324.15,0,300,0,26052.65
2025-11-19,2025-11-25,23550,CE,2507.7,2507.7,2507.5,2507.6,2507.6,3,600,225,26052.65
2025-11-19,2025-11-25,23600,CE,2375.05,2444.6,2339.25,2444.6,2474.95,6,1425,-450,26052.65
2025-11-19,2025-11-25,24150,CE,0.0,0.0,0.0,1855.0,1925.45,0,900,0,26052.65
2025-11-19,2025-12-30,25800,CE,551.5,665.05,539.0,652.8,652.8,3434,351750,-4275,26052.65
2025-11-19,2025-12-30,25500,CE,760.0,892.5,748.0,878.4,878.4,3008,573000,10050,26052.65
2025-11-19,2025-12-30,25000,CE,1165.35,1325.0,1150.65,1308.9,1308.9,2136,1661050,-14500,26052.65
2025-11-19,2025-12-23,27150,PE,0.0,0.0,0.0,1198.95,1039.55,0,0,0,26052.65
2025-11-19,2028-06-27,19000,PE,0.0,0.0,0.0,537.45,11.95,0,0,0,26052.65
2025-11-19,2025-12-30,24950,CE,1335.65,1366.85,1335.65,1349.65,1349.65,4,825,-225,26052.65
2025-11-19,2025-12-30,24300,CE,1980.0,1992.2,1980.0,1992.2,1921.4,4,600,225,26052.65
2025-11-19,2025-12-30,24000,CE,2100.0,2272.0,2099.0,2251.8,2251.8,1960,968050,50600,26052.65
2025-11-19,2025-12-30,23550,CE,0.0,0.0,0.0,2592.35,2655.6,0,150,0,26052.65
2025-11-19,2025-12-30,21000,CE,5112.95,5232.5,5098.0,5210.4,5210.4,22,389650,-775,26052.65
2025-11-19,2025-11-25,24350,CE,0.0,0.0,0.0,1648.0,1725.65,0,1200,0,26052.65
2025-11-19,2025-11-25,24500,CE,1435.0,1589.45,1410.0,1573.75,1573.75,321,190200,-12600,26052.65
2025-11-19,2025-11-25,24700,CE,1231.85,1385.05,1214.0,1372.05,1372.05,84,39225,-4950,26052.65
2025-11-19,2025-11-25,25050,CE,852.3,1028.0,852.25,1025.7,1025.7,85,6375,-525,26052.65
2025-11-19,2025-11-25,25350,CE,594.15,752.35,565.1,732.7,732.7,540,34200,-1500,26052.65
2025-11-19,2025-11-25,25600,CE,400.0,513.3,341.65,494.05,494.05,31806,857100,-112125,26052.65
2025-11-19,2025-11-25,25650,CE,359.0,468.0,303.9,449.0,449.0,12172,180600,1425,26052.65
2025-11-19,2025-11-25,27000,CE,2.3,2.75,1.85,2.2,2.2,536689,9650325,-699900,26052.65
2025-11-19,2025-11-25,27800,CE,1.2,1.3,0.85,1.0,1.0,110706,1957875,609375,26052.65
2025-11-19,2025-12-02,24400,CE,1718.9,1726.4,1718.7,1721.35,1721.35,3,75,0,26052.65
2025-11-19,2025-12-02,24850,CE,1273.95,1282.45,1273.65,1278.0,1278.0,16,75,0,26052.65
2025-11-19,2025-12-09,24050,CE,2120.75,2120.75,2120.75,2120.75,2120.75,1,75,-75,26052.65
2025-11-19,2025-12-09,24500,CE,1652.0,1652.0,1649.0,1649.0,1632.6,2,75,0,26052.65
2025-11-19,2025-12-09,24650,CE,1526.25,1526.25,1517.45,1521.8,1521.8,16,75,0,26052.65
2025-11-19,2025-12-09,24700,CE,1477.1,1477.1,1468.25,1472.6,1472.6,16,75,0,26052.65
2025-11-19,2025-12-09,24850,CE,1324.65,1332.95,1323.7,1328.1,1328.1,15,75,0,26052.65
2025-11-19,2025-12-09,24900,CE,1113.9,1113.9,1113.9,1113.9,1244.2,1,225,75,26052.65
2025-11-19,2025-12-09,25550,CE,685.0,686.55,685.0,685.95,685.95,8,1650,-75,26052.65
2025-11-19,2025-12-09,26500,CE,93.0,130.0,79.4,123.8,123.8,5026,196200,31800,26052.65
2025-11-19,2025-12-09,26950,CE,0.0,0.0,0.0,95.8,53.85,0,0,0,26052.65
2025-11-19,2025-12-16,24900,CE,0.0,0.0,0.0,1073.0,1283.15,0,0,0,26052.65
2025-11-19,2025-12-16,25000,CE,0.0,0.0,0.0,996.0,1191.35,0,0,0,26052.65
2025-11-19,2025-12-16,25050,CE,0.0,0.0,0.0,958.5,1146.15,0,0,0,26052.65
2025-11-19,2025-12-16,25750,CE,580.0,580.0,575.0,575.0,585.85,2,150,150,26052.65
2025-11-19,2025-12-16,25950,CE,360.0,461.85,360.0,457.0,459.2,40,825,-525,26052.65
2025-11-19,2025-12-16,26250,CE,208.7,285.0,202.45,277.9,277.9,20,825,300,26052.65
2025-11-19,2025-12-16,26350,CE,173.0,236.7,160.85,226.9,226.9,35,1950,525,26052.65
2025-11-19,2025-12-16,27250,CE,0.0,0.0,0.0,22.65,46.35,0,75,0,26052.65
2025-11-19,2025-12-16,27400,CE,0.0,0.0,0.0,56.45,32.6,0,0,0,26052.65
2025-11-19,2025-12-23,25000,CE,0.0,0.0,0.0,1165.35,1233.4,0,0,0,26052.65
2025-11-19,2025-12-16,26700,PE,0.0,0.0,0.0,1014.25,677.65,0,0,0,26052.65
2025-11-19,2025-12-23,25150,PE,0.0,0.0,0.0,139.5,65.75,0,0,0,26052.65
2025-11-19,2025-12-23,25550,PE,0.0,0.0,0.0,249.5,143.7,0,0,0,26052.65
2025-11-19,2025-12-23,27050,PE,0.0,0.0,0.0,1118.05,957.45,0,0,0,26052.65
2025-11-19,2025-12-23,27600,PE,0.0,0.0,0.0,1586.55,1435.5,0,0,0,26052.65
2025-11-19,2025-12-30,16000,PE,2.85,2.85,2.5,2.5,2.5,3,16250,-75,26052.65
2025-11-19,2025-12-30,22000,PE,8.05,12.5,7.55,9.25,9.25,5623,1474450,-20825,26052.65
2025-11-19,2025-12-30,23400,PE,13.95,13.95,12.8,13.7,0.8,6,86700,0,26052.65
2025-11-19,2025-12-30,23500,PE,16.85,16.85,13.6,14.7,14.7,2985,557775,14550,26052.65
2025-11-19,2025-12-30,23700,PE,16.75,17.2,15.3,17.0,17.0,788,76125,0,26052.65
2025-11-19,2025-12-30,24350,PE,30.5,30.5,25.65,28.4,28.4,292,28500,3000,26052.65
2025-11-19,2025-12-30,25250,PE,110.0,111.6,84.1,88.7,88.7,430,54525,1800,26052.65
2025-11-19,2025-12-30,26000,PE,326.0,331.95,251.65,260.75,260.75,39419,5438125,360150,26052.65
2025-11-19,2025-12-30,26050,PE,334.05,352.8,270.0,280.75,280.75,690,39150,9150,26052.65
2025-11-19,2025-12-30,26300,PE,478.55,481.55,376.9,386.95,386.95,2635,211500,32775,26052.65
2025-11-19,2025-12-30,30000,PE,3823.1,3850.4,3689.2,3692.3,3692.3,121,225275,3000,26052.65
2025-11-19,2026-01-27,23950,PE,37.95,39.05,37.0,37.0,18.9,11,1690,-585,26052.65
2025-11-19,2025-12-16,25750,PE,177.9,177.9,141.0,147.35,147.35,47,2025,1125,26052.65
2025-11-19,2025-11-25,23350,CE,0.0,0.0,0.0,2706.95,2724.7,0,150,0,26052.65
2025-11-19,2025-11-25,23500,CE,2395.3,2585.4,2392.9,2566.25,2566.25,292,211350,-20175,26052.65
2025-11-19,2025-11-25,23950,CE,0.0,0.0,0.0,2099.0,2125.3,0,225,0,26052.65
2025-11-19,2025-11-25,24250,CE,0.0,0.0,0.0,1740.0,1825.55,0,675,0,26052.65
2025-11-19,2025-11-25,24950,CE,973.55,1139.0,959.35,1125.45,1125.45,62,12750,-450,26052.65
2025-11-19,2025-11-25,25150,CE,790.0,945.0,760.0,927.0,927.0,129,13425,2175,26052.65
2025-11-19,2025-11-25,25800,CE,244.0,341.65,200.0,323.7,323.7,450984,2222400,-511125,26052.65
2025-11-19,2025-11-25,26100,CE,100.0,138.8,66.1,128.6,128.6,2048777,5728050,1349175,26052.65
2025-11-19,2025-11-25,26150,CE,75.0,114.5,53.0,105.5,105.5,1045153,2225925,500400,26052.65
2025-11-19,2025-11-25,26650,CE,7.55,9.05,4.65,7.95,7.95,250618,1232325,263700,26052.65
2025-11-19,2025-11-25,27100,CE,2.1,2.35,1.5,1.7,1.7,194462,2311800,84975,26052.65
2025-11-19,2025-11-25,27200,CE,2.0,2.25,1.25,1.45,1.45,281802,3336000,-753450,26052.65
2025-11-19,2025-11-25,27550,CE,1.65,1.65,0.9,1.0,1.0,7881,59325,25500,26052.65
2025-11-19,2025-12-02,24550,CE,1577.9,1577.9,1567.35,1572.65,1572.65,2,75,75,26052.65
2025-11-19,2025-12-02,25250,CE,889.85,897.6,889.2,893.0,893.0,15,225,-225,26052.65
2025-11-19,2025-12-02,26150,CE,155.8,210.0,127.2,199.7,199.7,11338,120975,79875,26052.65
2025-11-19,2025-12-02,26350,CE,74.85,121.2,68.15,113.55,113.55,10732,124200,57300,26052.65
2025-11-19,2025-12-02,27450,CE,2.35,3.4,2.05,2.15,2.15,693,36075,31275,26052.65
2025-11-19,2025-12-02,27650,CE,2.3,2.7,1.55,1.6,1.6,405,33600,14700,26052.65
2025-11-19,2025-12-09,27300,CE,9.0,11.5,7.55,10.95,10.95,490,29700,11475,26052.65
2025-11-19,2025-12-16,24300,CE,0.0,0.0,0.0,1582.3,1859.45,0,0,0,26052.65
2025-11-19,2025-12-16,24550,CE,0.0,0.0,0.0,1361.45,1615.5,0,0,0,26052.65
2025-11-19,2025-12-16,24750,CE,0.0,0.0,0.0,1193.25,1423.8,0,0,0,26052.65
2025-11-19,2025-12-16,25150,CE,0.0,0.0,0.0,885.4,1057.3,0,0,0,26052.65
2025-11-19,2025-12-16,25650,CE,0.0,0.0,0.0,567.35,655.5,0,0,0,26052.65
2025-11-19,2025-12-16,25850,CE,405.0,522.25,405.0,505.1,520.35,14,750,75,26052.65
2025-11-19,2025-12-16,26300,CE,190.2,261.95,188.1,252.7,252.7,835,27000,25125,26052.65
2025-11-19,2025-12-16,27100,CE,0.0,0.0,0.0,91.7,64.7,0,0,0,26052.65
2025-11-19,2025-12-16,27700,CE,11.8,11.8,7.35,10.1,10.1,14,150,150,26052.65
2025-11-19,2025-12-23,24150,CE,0.0,0.0,0.0,1921.75,2036.35,0,0,0,26052.65
2025-11-19,2025-12-23,24400,CE,0.0,0.0,0.0,1688.15,1793.05,0,0,0,26052.65
2025-11-19,2025-12-23,25350,CE,0.0,0.0,0.0,896.5,936.95,0,0,0,26052.65
2025-11-19,2025-12-23,25800,CE,0.0,0.0,0.0,604.05,609.3,0,0,0,26052.65
2025-11-19,2025-12-23,26100,CE,410.95,420.5,400.0,400.0,400.0,13,450,450,26052.65
2025-11-19,2025-12-23,26550,CE,179.0,181.0,179.0,181.0,236.2,2,150,150,26052.65
2025-11-19,2025-12-23,27250,CE,0.0,0.0,0.0,100.95,72.3,0,0,0,26052.65
2025-11-19,2025-12-30,20000,CE,6100.0,6230.0,6080.35,6223.1,6223.1,112,368175,-25,26052.65
2025-11-19,2025-12-30,22950,CE,3292.0,3292.0,3266.25,3272.65,3272.65,27,1875,1800,26052.65
2025-11-19,2025-12-30,23400,CE,0.0,0.0,0.0,2381.65,2804.1,0,0,0,26052.65
2025-11-19,2025-12-30,23600,CE,2499.75,2580.0,2481.5,2557.6,2606.15,8,1050,300,26052.65
2025-11-19,2025-12-30,23750,CE,0.0,0.0,0.0,2500.5,2458.05,0,150,0,26052.65
2025-11-19,2025-12-30,23950,CE,0.0,0.0,0.0,2305.55,2261.5,0,75,0,26052.65
2025-11-19,2025-12-30,24050,CE,0.0,0.0,0.0,2208.45,2163.7,0,150,0,26052.65
2025-11-19,2025-12-30,24150,CE,0.0,0.0,0.0,2111.2,2066.35,0,75,0,26052.65
2025-11-19,2025-12-30,24600,CE,1585.0,1680.0,1585.0,1680.0,1636.9,5,3675,225,26052.65
2025-11-19,2025-12-30,25700,CE,640.0,738.4,603.95,723.65,723.65,879,347400,-5250,26052.65
2025-11-19,2025-12-30,25850,CE,529.95,625.65,508.5,614.25,614.25,205,26775,-2250,26052.65
2025-11-19,2025-12-30,26650,CE,146.45,200.35,144.15,197.55,197.55,529,24075,-4650,26052.65
2025-11-19,2025-12-30,26950,CE,83.05,112.0,77.1,108.65,108.65,816,40575,17025,26052.65
2025-11-19,2025-12-30,27300,CE,37.05,51.85,35.5,49.65,49.65,6560,339825,82800,26052.65
2025-11-19,2026-01-27,23950,CE,0.0,0.0,0.0,2363.3,2380.45,0,65,0,26052.65
2025-11-19,2026-01-27,24350,CE,0.0,0.0,0.0,2006.65,2006.15,0,65,0,26052.65
2025-11-19,2026-01-27,24700,CE,0.0,0.0,0.0,1576.7,1692.4,0,65,0,26052.65
2025-11-19,2026-01-27,25400,CE,1046.3,1057.55,1046.25,1057.55,1125.3,3,2080,0,26052.65
2025-11-19,2026-01-27,26650,CE,339.05,365.05,325.6,360.6,411.8,68,4030,2405,26052.65
2025-11-19,2026-01-27,27400,CE,0.0,0.0,0.0,367.95,184.85,0,0,0,26052.65
2025-11-19,2026-03-31,19000,CE,0.0,0.0,0.0,5966.85,7443.65,0,0,0,26052.65
2025-11-19,2026-06-30,19000,CE,0.0,0.0,0.0,5792.0,7708.6,0,100,0,26052.65
2025-11-19,2026-09-29,20000,CE,0.0,0.0,0.0,5846.9,7019.9,0,0,0,26052.65
2025-11-19,2026-12-29,25000,CE,3150.05,3302.15,3150.0,3284.0,3284.0,259,133225,12075,26052.65
2025-11-19,2026-12-29,31000,CE,265.0,306.0,256.0,297.9,297.9,171,48750,-75,26052.65
2025-11-19,2027-06-29,21000,CE,0.0,0.0,0.0,3061.8,6936.85,0,0,0,26052.65
2025-11-19,2027-06-29,26000,CE,0.0,0.0,0.0,1900.85,2981.15,0,0,0,26052.65
2025-11-19,2027-06-29,29000,CE,0.0,0.0,0.0,1545.2,1427.4,0,0,0,26052.65
2025-11-19,2030-06-25,27000,PE,0.0,0.0,0.0,1286.05,631.2,0,0,0,26052.65
2025-11-19,2029-06-26,29000,PE,0.0,0.0,0.0,1746.95,1249.8,0,0,0,26052.65
2025-11-19,2029-06-26,23000,PE,0.0,0.0,0.0,543.65,171.1,0,0,0,26052.65
2025-11-19,2028-12-26,29000,PE,0.0,0.0,0.0,2010.85,1366.75,0,0,0,26052.65
2025-11-19,2028-06-27,20000,PE,0.0,0.0,0.0,400.0,26.05,0,0,0,26052.65
2025-11-19,2027-06-29,22000,PE,0.0,0.0,0.0,3995.4,64.95,0,0,0,26052.65
2025-11-19,2026-12-29,23000,PE,194.9,195.0,180.2,182.05,182.05,145,179050,3975,26052.65
2025-11-19,2026-12-29,20000,PE,103.0,103.0,95.0,95.0,95.0,16,36150,75,26052.65
2025-11-19,2026-09-29,30000,PE,0.0,0.0,0.0,4017.1,2861.0,0,0,0,26052.65
2025-11-19,2026-06-30,30000,PE,0.0,0.0,0.0,2901.35,3085.65,0,7575,0,26052.65
2025-11-19,2026-06-30,19000,PE,0.0,0.0,0.0,205.7,0.05,0,250,0,26052.65
2025-11-19,2027-12-28,25000,CE,0.0,0.0,0.0,4840.05,4314.4,0,300,0,26052.65
2025-11-19,2027-12-28,29000,CE,0.0,0.0,0.0,1932.55,2005.8,0,0,0,26052.65
2025-11-19,2028-06-27,28000,CE,0.0,0.0,0.0,2596.45,3086.0,0,0,0,26052.65
2025-11-19,2028-06-27,29000,CE,0.0,0.0,0.0,2333.25,2584.75,0,0,0,26052.65
2025-11-19,2029-06-26,28000,CE,0.0,0.0,0.0,6112.6,4259.3,0,0,0,26052.65
2025-11-19,2029-12-24,21000,CE,0.0,0.0,0.0,9463.95,9528.6,0,0,0,26052.65
2025-11-19,2029-12-24,24000,CE,0.0,0.0,0.0,7730.0,7344.45,0,0,0,26052.65
2025-11-19,2030-06-25,22000,CE,0.0,0.0,0.0,9790.15,9274.55,0,0,0,26052.65
2025-11-19,2030-06-25,29000,CE,0.0,0.0,0.0,6019.2,4841.6,0,0,0,26052.65
2025-11-19,2025-11-25,22750,PE,1.3,1.45,1.0,1.15,1.15,12458,109575,99525,26052.65
2025-11-19,2025-11-25,22950,PE,1.55,1.65,1.15,1.3,1.3,1506,12525,1800,26052.65
2025-11-19,2025-11-25,23700,PE,2.1,2.9,1.8,2.0,2.0,49144,283350,148575,26052.65
2025-11-19,2025-11-25,23750,PE,2.2,2.55,1.8,2.1,2.1,12124,93000,78600,26052.65
2025-11-19,2025-11-25,24050,PE,2.45,3.25,2.15,2.45,2.45,6623,68025,20250,26052.65
2025-11-19,2025-11-25,25650,PE,57.0,67.45,26.4,29.7,29.7,497865,3982350,2693775,26052.65
2025-11-19,2025-11-25,25800,PE,96.05,115.0,47.7,53.65,53.65,1664159,8339850,3448275,26052.65
2025-11-19,2025-11-25,27200,PE,1205.0,1205.0,1116.65,1120.5,1120.5,35,14625,150,26052.65
2025-11-19,2025-11-25,27300,PE,1355.0,1355.0,1221.05,1221.2,1221.75,28,19425,-900,26052.65
2025-11-19,2025-11-25,27450,PE,0.0,0.0,0.0,1506.75,1371.45,0,75,0,26052.65
2025-11-19,2026-06-30,16000,PE,0.0,0.0,0.0,19.9,0.05,0,2800,0,26052.65
2025-11-19,2026-06-30,12000,PE,0.0,0.0,0.0,20.0,0.05,0,325,0,26052.65
2025-11-19,2026-03-31,27000,PE,888.15,911.9,824.0,831.8,831.8,1343,519150,-1200,26052.65
2025-11-19,2026-01-27,27500,PE,1300.0,1300.0,1158.0,1171.8,1171.8,49,18460,2015,26052.65
2025-11-19,2026-01-27,26850,PE,0.0,0.0,0.0,723.3,844.8,0,130,0,26052.65
2025-11-19,2026-01-27,26800,PE,700.0,700.0,679.9,682.95,682.95,3,1625,65,26052.65
2025-11-19,2026-01-27,26400,PE,530.5,530.5,464.95,478.05,478.05,52,10465,1040,26052.65
2025-11-19,2026-01-27,26100,PE,407.45,407.45,342.85,351.8,351.8,242,14040,6890,26052.65
2025-11-19,2026-01-27,26050,PE,346.5,374.5,325.0,334.65,334.65,59,4875,3250,26052.65
2025-11-19,2026-01-27,24400,PE,65.25,65.25,52.5,55.1,55.1,466,61100,11505,26052.65
2025-11-19,2025-11-25,27600,PE,1560.0,1560.0,1510.0,1510.0,1521.3,2,12150,-150,26052.65
2025-11-19,2025-12-02,23950,PE,0.0,0.0,0.0,28.9,0.05,0,0,0,26052.65
2025-11-19,2025-12-02,24250,PE,6.45,6.45,4.3,5.15,5.15,224,6525,5325,26052.65
2025-11-19,2025-12-02,24650,PE,9.7,10.4,7.75,8.3,8.3,495,18225,13500,26052.65
2025-11-19,2025-12-02,24850,PE,14.05,15.0,9.0,10.75,10.75,1761,58425,51300,26052.65
2025-11-19,2025-12-02,25000,PE,21.0,31.95,12.65,13.45,13.45,21957,535125,160050,26052.65
2025-11-19,2025-12-02,25550,PE,77.0,83.65,46.0,49.85,49.85,4472,103725,68550,26052.65
2025-11-19,2025-12-02,26450,PE,520.0,523.7,389.5,405.45,405.45,216,6675,5775,26052.65
2025-11-19,2025-12-09,24500,PE,17.0,17.0,12.5,13.0,13.0,1166,78225,16800,26052.65
2025-11-19,2025-12-09,24750,PE,19.1,19.1,16.9,17.55,17.55,50,4350,1575,26052.65
2025-11-19,2025-12-09,25000,PE,36.45,37.4,24.35,26.45,26.45,5385,162600,36075,26052.65
2025-11-19,2025-12-09,25100,PE,42.0,44.6,28.25,31.05,31.05,1133,62625,5850,26052.65
2025-11-19,2025-12-09,25750,PE,168.8,173.0,113.75,121.3,121.3,420,15000,8775,26052.65
2025-11-19,2025-12-09,25800,PE,189.45,190.0,126.65,132.8,132.8,1940,55275,23100,26052.65
2025-11-19,2025-12-09,27350,PE,1192.1,1192.35,1183.85,1188.1,1188.1,6,0,-75,26052.65
2025-11-19,2025-12-16,24450,PE,0.0,0.0,0.0,60.95,6.2,0,0,0,26052.65
2025-11-19,2025-12-16,24600,PE,21.0,21.8,20.8,21.8,21.8,46,3375,3375,26052.65
2025-11-19,2025-12-16,25800,PE,211.0,218.2,155.0,160.0,160.0,527,21225,13725,26052.65
2025-11-19,2025-12-09,24350,CE,0.0,0.0,0.0,1800.15,1780.75,0,0,0,26052.65
2025-11-19,2025-12-09,24200,CE,0.0,0.0,0.0,1949.15,1929.55,0,0,0,26052.65
2025-11-19,2025-12-09,24150,CE,2018.95,2018.95,2009.35,2014.1,2014.1,4,75,0,26052.65
2025-11-19,2025-12-09,24100,CE,0.0,0.0,0.0,2052.65,2028.9,0,0,0,26052.65
2025-11-19,2025-12-02,27550,CE,2.85,2.9,1.7,1.8,1.8,837,34950,14925,26052.65
2025-11-19,2025-12-02,26750,CE,20.2,29.35,16.3,27.15,27.15,11640,158775,84150,26052.65
2025-11-19,2025-12-02,25400,CE,631.8,771.8,602.25,754.95,754.95,606,47250,31575,26052.65
2025-11-19,2025-12-02,25150,CE,845.3,1002.85,845.3,1002.85,1002.85,3,600,0,26052.65
2025-11-19,2025-12-02,24250,CE,1882.2,1882.4,1872.7,1877.35,1877.35,16,75,0,26052.65
2025-11-19,2025-11-25,26300,CE,37.0,58.5,25.1,52.95,52.95,1209150,6516900,1907925,26052.65
2025-11-19,2025-11-25,25450,CE,499.4,652.85,470.65,635.65,635.65,1106,65475,3150,26052.65
2025-11-19,2025-11-25,25250,CE,681.65,844.55,664.25,829.25,829.25,186,15825,2400,26052.65
2025-11-19,2025-11-25,24600,CE,1307.2,1480.0,1293.6,1470.15,1470.15,31,32700,-450,26052.65
2025-11-19,2025-11-25,23800,CE,2168.35,2270.0,2168.35,2270.0,2270.0,6,2550,-300,26052.65
2025-11-19,2025-11-25,23250,CE,0.0,0.0,0.0,2797.75,2824.6,0,300,0,26052.65
2025-11-19,2025-12-09,25600,CE,540.05,663.0,521.4,647.0,647.0,111,7575,2775,26052.65
2025-11-19,2030-06-25,24000,PE,0.0,0.0,0.0,698.15,243.15,0,0,0,26052.65
2025-11-19,2029-06-26,26000,PE,0.0,0.0,0.0,900.0,535.5,0,50,0,26052.65
2025-11-19,2028-12-26,25000,PE,0.0,0.0,0.0,900.0,395.25,0,4525,0,26052.65
2025-11-19,2028-12-26,23000,PE,0.0,0.0,0.0,643.65,169.55,0,3225,0,26052.65
2025-11-19,2028-06-27,30000,PE,0.0,0.0,0.0,3779.25,1916.65,0,0,0,26052.65
2025-11-19,2027-12-28,31000,PE,0.0,0.0,0.0,3950.7,2670.05,0,0,0,26052.65
2025-11-19,2027-12-28,27000,PE,0.0,0.0,0.0,1280.0,891.75,0,525,0,26052.65
2025-11-19,2027-12-28,26000,PE,0.0,0.0,0.0,906.95,618.7,0,1425,0,26052.65
2025-11-19,2027-12-28,23000,PE,0.0,0.0,0.0,360.0,151.2,0,3450,0,26052.65
2025-11-19,2027-12-28,18000,PE,0.0,0.0,0.0,97.05,2.9,0,11550,0,26052.65
2025-11-19,2027-06-29,21000,PE,0.0,0.0,0.0,115.05,29.35,0,1025,0,26052.65
2025-11-19,2026-12-29,28000,PE,1240.0,1248.0,1183.8,1205.45,1205.45,109,155100,4950,26052.65
2025-11-19,2026-12-29,18000,PE,0.0,0.0,0.0,132.0,0.25,0,5950,0,26052.65
2025-11-19,2026-09-29,23000,PE,158.0,165.0,153.7,165.0,71.35,29,6300,1050,26052.65
2025-11-19,2026-03-31,30000,PE,3299.0,3323.95,3177.35,3189.7,3189.7,115,12825,5100,26052.65
2025-11-19,2026-03-31,24000,PE,105.75,116.5,102.3,104.0,104.0,2982,1568250,57150,26052.65
2025-11-19,2026-01-27,27400,PE,0.0,0.0,0.0,1104.85,1236.0,0,65,0,26052.65
2025-11-19,2026-01-27,27250,PE,0.0,0.0,0.0,991.8,1122.45,0,65,0,26052.65
2025-11-19,2026-01-27,25850,PE,321.4,321.4,277.45,277.45,336.95,66,4485,1690,26052.65
2025-11-19,2026-01-27,25400,PE,194.0,196.15,156.35,160.95,160.95,384,49075,6760,26052.65
2025-11-19,2026-01-27,25050,PE,125.2,125.2,107.0,107.0,123.45,14,2990,390,26052.65
2025-11-19,2026-01-27,25000,PE,124.95,129.0,101.1,105.8,105.8,5796,828490,81250,26052.65
2025-11-19,2026-01-27,24900,PE,106.95,112.15,88.3,91.55,91.55,594,253175,15860,26052.65
2025-11-19,2026-01-27,24800,PE,94.55,99.55,78.15,81.8,81.8,1502,387790,37570,26052.65
2025-11-19,2026-01-27,24300,PE,52.85,52.85,48.0,50.5,50.5,25,20865,-130,26052.65
2025-11-19,2025-12-30,27500,PE,1410.0,1413.7,1236.8,1252.05,1252.05,1330,192225,84750,26052.65
2025-11-19,2025-12-30,26150,PE,396.45,398.65,308.05,318.1,318.1,346,27300,5025,26052.65
2025-11-19,2025-12-30,25350,PE,126.5,133.25,97.6,103.1,103.1,414,41250,7875,26052.65
2025-11-19,2025-12-30,25150,PE,94.95,95.0,72.05,76.8,76.8,265,25350,2100,26052.65
2025-11-19,2025-12-30,24750,PE,52.25,54.8,41.25,44.25,44.25,179,30525,450,26052.65
2025-11-19,2025-12-30,23650,PE,16.3,16.3,16.3,16.3,1.85,1,3375,-75,26052.65
2025-11-19,2025-12-23,27100,PE,0.0,0.0,0.0,1158.25,998.2,0,0,0,26052.65
2025-11-19,2025-12-23,26650,PE,0.0,0.0,0.0,818.6,658.15,0,0,0,26052.65
2025-11-19,2025-12-23,26550,PE,0.0,0.0,0.0,750.7,591.7,0,0,0,26052.65
2025-11-19,2025-12-23,25300,PE,0.0,0.0,0.0,176.35,89.6,0,0,0,26052.65
2025-11-19,2025-12-23,24450,PE,0.0,0.0,0.0,39.65,11.6,0,0,0,26052.65
2025-11-19,2025-12-16,26650,PE,0.0,0.0,0.0,977.3,641.45,0,0,0,26052.65
2025-11-19,2025-12-16,26400,PE,492.55,492.55,414.25,428.85,475.6,21,1350,-300,26052.65
2025-11-19,2025-12-16,25100,PE,0.0,0.0,0.0,181.2,42.25,0,0,0,26052.65
2025-11-19,2025-12-16,24900,PE,40.0,40.0,31.45,31.85,24.8,21,1350,1350,26052.65
2025-11-19,2025-12-16,24050,PE,0.0,0.0,0.0,27.15,1.45,0,0,0,26052.65
2025-11-19,2025-12-09,27600,PE,0.0,0.0,0.0,1544.3,1468.6,0,0,0,26052.65
2025-11-19,2025-12-09,27450,PE,0.0,0.0,0.0,1298.0,1324.1,0,0,0,26052.65
2025-11-19,2025-12-09,26700,PE,647.0,647.0,647.0,647.0,661.4,1,150,75,26052.65
2025-11-19,2025-12-09,26650,PE,687.3,687.3,609.5,609.5,623.1,2,75,-75,26052.65
2025-11-19,2025-12-09,26150,PE,337.75,353.85,244.2,258.65,258.65,201,5700,2400,26052.65
2025-11-19,2025-12-09,25450,PE,87.0,92.2,59.55,63.95,63.95,181,8550,-225,26052.65
2025-11-19,2025-12-09,24400,PE,14.0,15.0,10.5,11.85,11.85,106,11100,3825,26052.65
2025-11-19,2025-12-09,24250,PE,0.0,0.0,0.0,12.65,0.95,0,1875,0,26052.65
2025-11-19,2025-12-02,27800,PE,1646.85,1646.85,1646.85,1646.85,1646.85,1,75,75,26052.65
2025-11-19,2025-12-02,27150,PE,1030.5,1030.5,1023.25,1027.1,1027.1,4,0,-75,26052.65
2025-11-19,2025-12-02,26600,PE,650.0,678.0,503.0,518.2,518.2,858,52575,51300,26052.65
2025-11-19,2025-12-02,26200,PE,353.55,363.4,235.8,249.0,249.0,11129,285975,183525,26052.65
2025-11-19,2025-12-02,25900,PE,177.5,199.15,116.0,123.85,123.85,62363,638100,281625,26052.65
2025-11-19,2025-12-02,25700,PE,110.05,123.5,68.65,73.35,73.35,28604,396975,186300,26052.65
2025-11-19,2025-12-02,24950,PE,18.1,18.55,11.75,12.3,12.3,3099,46425,24450,26052.65
2025-11-19,2025-12-02,24600,PE,9.0,12.3,7.3,7.55,7.55,5980,182100,120675,26052.65
2025-11-19,2025-12-02,23850,PE,3.1,4.05,3.1,3.65,3.65,111,2850,1200,26052.65
2025-11-19,2025-12-02,23800,PE,2.85,4.05,2.85,3.5,3.5,1032,62850,15750,26052.65
2025-11-19,2025-11-25,27700,PE,1820.75,1820.75,1609.65,1627.25,1627.25,176,24225,-6750,26052.65
2025-11-19,2025-11-25,27100,PE,1145.1,1145.1,1021.05,1031.0,1031.0,39,9900,-975,26052.65
2025-11-19,2025-11-25,25100,PE,8.0,10.8,5.7,6.15,6.15,259358,2010225,-143700,26052.65
2025-11-19,2025-11-25,24150,PE,2.85,3.85,1.75,2.55,2.55,33893,92025,31125,26052.65
2025-11-19,2029-12-24,26000,CE,0.0,0.0,0.0,6686.95,6015.65,0,0,0,26052.65
2025-11-19,2029-12-24,25000,CE,0.0,0.0,0.0,7196.25,6664.6,0,0,0,26052.65
2025-11-19,2029-06-26,26000,CE,0.0,0.0,0.0,7052.2,5453.0,0,0,0,26052.65
2025-11-19,2028-06-27,24000,CE,0.0,0.0,0.0,3918.85,5656.4,0,0,0,26052.65
2025-11-19,2027-06-29,30000,CE,0.0,0.0,0.0,1478.4,1072.95,0,0,0,26052.65
2025-11-19,2027-06-29,22000,CE,0.0,0.0,0.0,2783.5,6060.75,0,0,0,26052.65
2025-11-19,2026-06-30,29000,CE,255.0,274.0,248.2,267.15,267.15,107,16800,1725,26052.65
2025-11-19,2026-06-30,26000,CE,1515.0,1620.0,1504.95,1606.1,1606.1,148,138350,-750,26052.65
2025-11-19,2026-03-31,31000,CE,20.05,23.75,18.8,22.45,22.45,218,41625,5550,26052.65
2025-11-19,2026-01-27,27450,CE,0.0,0.0,0.0,354.2,174.25,0,0,0,26052.65
2025-11-19,2026-01-27,27000,CE,191.9,243.65,190.0,238.0,238.0,5075,556725,62595,26052.65
2025-11-19,2026-01-27,26750,CE,295.25,336.0,291.4,336.0,373.45,45,2860,585,26052.65
2025-11-19,2026-01-27,26700,CE,306.7,355.05,298.6,351.05,351.05,127,54405,1040,26052.65
2025-11-19,2026-01-27,25350,CE,0.0,0.0,0.0,1163.7,1162.45,0,325,0,26052.65
2025-11-19,2026-01-27,25250,CE,0.0,0.0,0.0,1232.85,1238.45,0,130,0,26052.65
2025-11-19,2026-01-27,25150,CE,0.0,0.0,0.0,1314.7,1316.65,0,130,0,26052.65
2025-11-19,2026-01-27,24950,CE,0.0,0.0,0.0,1518.75,1479.15,0,260,0,26052.65
2025-11-19,2026-01-27,24850,CE,0.0,0.0,0.0,1617.45,1563.2,0,130,0,26052.65
2025-11-19,2026-01-27,23800,CE,0.0,0.0,0.0,2192.35,2523.85,0,65,0,26052.65
2025-11-19,2025-12-30,27750,CE,0.0,0.0,0.0,76.8,40.9,0,0,0,26052.65
2025-11-19,2025-12-30,27700,CE,16.55,22.0,15.95,21.15,21.15,2796,190650,19875,26052.65
2025-11-19,2025-12-30,26450,CE,214.0,285.95,211.0,275.7,275.7,208,26550,225,26052.65
2025-11-19,2025-12-30,26300,CE,303.0,358.0,267.45,348.15,348.15,4555,374025,48825,26052.65
2025-11-19,2025-12-30,25450,CE,805.45,930.25,805.45,930.25,907.85,10,2925,0,26052.65
2025-11-19,2025-12-30,24100,CE,2060.0,2115.8,2031.2,2115.8,2114.95,3,375,225,26052.65
2025-11-19,2025-12-30,23800,CE,2291.2,2368.45,2288.85,2368.45,2408.8,3,600,225,26052.65
2025-11-19,2025-12-23,27450,CE,43.9,43.9,23.95,26.45,26.45,12,525,525,26052.65
2025-11-19,2025-12-23,25750,CE,0.0,0.0,0.0,633.35,642.2,0,0,0,26052.65
2025-11-19,2025-12-23,25650,CE,0.0,0.0,0.0,694.35,710.7,0,0,0,26052.65
2025-11-19,2025-12-16,26400,CE,165.05,219.3,147.95,211.6,211.6,381,9375,4050,26052.65
2025-11-19,2025-12-16,25550,CE,0.0,0.0,0.0,624.45,729.15,0,0,0,26052.65
2025-11-19,2025-12-16,25400,CE,0.0,0.0,0.0,716.35,846.4,0,0,0,26052.65
2025-11-19,2025-12-16,24850,CE,0.0,0.0,0.0,1112.5,1329.65,0,0,0,26052.65
2025-11-19,2025-12-16,24100,CE,0.0,0.0,0.0,1765.75,2056.7,0,0,0,26052.65
2025-11-19,2025-12-09,27050,CE,15.85,24.05,14.6,22.4,22.4,357,29325,4725,26052.65
2025-11-19,2025-12-09,25850,CE,363.8,469.1,347.0,460.75,460.75,173,4800,-375,26052.65
2025-11-19,2025-12-09,25000,CE,1066.0,1195.4,1066.0,1195.4,1195.4,10,2100,150,26052.65
2025-11-19,2026-12-29,19000,PE,0.0,0.0,0.0,62.7,1.2,0,1725,0,26052.65
2025-11-19,2026-12-29,25000,PE,430.0,440.0,413.4,419.65,419.65,441,425375,13425,26052.65
2025-11-19,2026-12-29,30000,PE,2310.0,2357.0,2258.55,2260.85,2260.85,53,50850,3075,26052.65
2025-11-19,2028-12-26,24000,PE,0.0,0.0,0.0,888.05,264.9,0,1800,0,26052.65
2025-11-19,2028-12-26,28000,PE,0.0,0.0,0.0,1697.6,1049.25,0,0,0,26052.65
2025-11-19,2029-06-26,25000,PE,0.0,0.0,0.0,852.5,380.25,0,0,0,26052.65
2025-11-19,2029-06-26,30000,PE,0.0,0.0,0.0,2031.05,1578.0,0,0,0,26052.65
2025-11-19,2029-12-24,28000,PE,0.0,0.0,0.0,1411.3,892.6,0,0,0,26052.65
2025-11-19,2025-12-02,26250,CE,111.95,161.6,93.85,152.4,152.4,12164,97950,58650,26052.65
2025-11-19,2025-12-02,27300,CE,4.55,4.7,3.15,3.35,3.35,5454,122550,80925,26052.65
2025-11-19,2025-12-02,27750,CE,2.0,2.35,1.45,1.5,1.5,699,36525,22275,26052.65
2025-11-19,2025-12-09,23750,CE,2409.95,2409.95,2409.95,2409.95,2409.95,1,75,0,26052.65
2025-11-19,2025-12-09,24400,CE,0.0,0.0,0.0,1751.1,1731.3,0,0,0,26052.65
2025-11-19,2025-12-09,26600,CE,68.0,99.05,59.6,94.4,94.4,1544,70350,29625,26052.65
2025-11-19,2025-12-09,27100,CE,0.0,0.0,0.0,75.5,36.3,0,0,0,26052.65
2025-11-19,2025-12-09,27500,CE,8.3,8.6,5.3,6.35,6.35,757,65025,20850,26052.65
2025-11-19,2025-12-16,24050,CE,0.0,0.0,0.0,1812.4,2106.15,0,0,0,26052.65
2025-11-19,2025-12-16,25200,CE,0.0,0.0,0.0,850.05,1013.75,0,0,0,26052.65
2025-11-19,2025-12-16,26750,CE,0.0,0.0,0.0,153.8,130.9,0,0,0,26052.65
2025-11-19,2025-12-16,27050,CE,0.0,0.0,0.0,99.05,72.0,0,0,0,26052.65
2025-11-19,2025-12-16,27350,CE,0.0,0.0,0.0,61.4,36.75,0,0,0,26052.65
2025-11-19,2025-12-16,27450,CE,10.0,15.65,10.0,15.3,15.3,89,14850,975,26052.65
2025-11-19,2025-12-23,25400,CE,0.0,0.0,0.0,860.85,897.25,0,0,0,26052.65
2025-11-19,2025-12-23,25500,CE,0.0,0.0,0.0,791.9,820.15,0,0,0,26052.65
2025-11-19,2025-12-23,25950,CE,0.0,0.0,0.0,521.35,516.55,0,0,0,26052.65
2025-11-19,2025-12-23,27100,CE,75.3,75.3,55.95,56.0,56.0,10,375,375,26052.65
2025-11-19,2025-12-23,27650,CE,0.0,0.0,0.0,52.95,31.95,0,0,0,26052.65
2025-11-19,2025-12-30,18000,CE,8070.0,8070.0,8050.0,8060.0,8168.55,3,62650,-150,26052.65
2025-11-19,2025-12-30,22850,CE,0.0,0.0,0.0,2213.4,3349.85,0,0,0,26052.65
2025-11-19,2025-12-30,23300,CE,2781.0,2826.4,2781.0,2826.4,2903.2,5,675,375,26052.65
2025-11-19,2025-12-30,23350,CE,0.0,0.0,0.0,2440.45,2853.65,0,75,0,26052.65
2025-11-19,2025-12-30,23650,CE,0.0,0.0,0.0,2494.95,2556.75,0,75,0,26052.65
2025-11-19,2025-12-30,24250,CE,0.0,0.0,0.0,2013.85,1969.55,0,75,0,26052.65
2025-11-19,2025-11-25,23300,CE,2680.4,2680.4,2674.2,2674.65,2774.65,5,5925,-375,26052.65
2025-11-19,2025-11-25,23850,CE,0.0,0.0,0.0,2211.0,2225.2,0,675,0,26052.65
2025-11-19,2025-11-25,24050,CE,0.0,0.0,0.0,2002.75,2025.35,0,675,0,26052.65
2025-11-19,2025-11-25,25550,CE,412.75,558.65,384.0,539.6,539.6,3377,94350,-15225,26052.65
2025-11-19,2025-11-25,25750,CE,286.3,382.4,231.9,362.9,362.9,70582,263325,-27675,26052.65
2025-11-19,2025-11-25,25900,CE,181.0,264.75,144.05,248.6,248.6,1990161,3103575,-1713225,26052.65
2025-11-19,2025-11-25,26050,CE,114.65,165.65,81.35,154.45,154.45,1549640,2691150,1473900,26052.65
2025-11-19,2025-11-25,26900,CE,3.25,3.25,2.15,2.65,2.65,362227,2320875,-364875,26052.65
2025-11-19,2025-11-25,27700,CE,1.45,1.5,0.9,0.95,0.95,47446,811950,62550,26052.65
2025-11-19,2025-12-30,24900,CE,1280.0,1403.2,1250.0,1402.9,1363.25,58,39150,3225,26052.65
2025-11-19,2025-12-30,25100,CE,1108.25,1226.0,1065.1,1225.0,1225.0,66,20850,-1950,26052.65
2025-11-19,2025-12-30,25150,CE,1172.0,1172.0,1172.0,1172.0,1172.0,1,1200,0,26052.65
2025-11-19,2025-12-30,25550,CE,735.7,838.0,735.7,838.0,838.0,3,7125,-150,26052.65
2025-11-19,2025-12-30,25650,CE,665.95,768.45,660.15,760.5,760.5,29,12525,-300,26052.65
2025-11-19,2025-12-30,26600,CE,163.3,221.5,155.85,214.05,214.05,6124,345900,61800,26052.65
2025-11-19,2025-12-30,26750,CE,126.85,168.1,117.9,161.25,161.25,897,82350,28350,26052.65
2025-11-19,2025-12-30,26850,CE,99.45,138.45,96.8,133.85,133.85,484,31200,3825,26052.65
2025-11-19,2025-12-30,26900,CE,95.0,125.0,84.45,120.25,120.25,8916,419400,86925,26052.65
2025-11-19,2026-01-27,24050,CE,0.0,0.0,0.0,2285.75,2285.65,0,65,0,26052.65
2025-11-19,2026-01-27,24250,CE,0.0,0.0,0.0,2099.0,2098.4,0,65,0,26052.65
2025-11-19,2026-01-27,24550,CE,0.0,0.0,0.0,1822.65,1824.95,0,65,0,26052.65
2025-11-19,2026-01-27,25500,CE,980.05,1099.0,973.55,1087.5,1087.5,364,66755,2145,26052.65
2025-11-19,2026-01-27,26300,CE,490.0,556.9,471.0,551.05,551.05,144,21190,2015,26052.65
2025-11-19,2026-01-27,26900,CE,222.0,275.6,222.0,271.5,271.5,83,13260,-195,26052.65
2025-11-19,2026-01-27,27500,CE,91.2,112.0,85.65,108.8,108.8,3678,323440,69680,26052.65
2025-11-19,2026-01-27,27800,CE,55.0,67.35,52.1,66.3,66.3,681,74555,14950,26052.65
2025-11-19,2026-06-30,24000,CE,3171.35,3186.65,3159.85,3160.0,3160.0,6,18825,75,26052.65
2025-11-19,2026-09-29,23000,CE,0.0,0.0,0.0,3363.4,4234.0,0,0,0,26052.65
2025-11-19,2026-12-29,27000,CE,1701.0,1832.9,1700.0,1826.5,1826.5,211,174600,5925,26052.65
2025-11-19,2027-06-29,31000,CE,0.0,0.0,0.0,1151.25,791.1,0,0,0,26052.65
2025-11-19,2027-12-28,20000,CE,0.0,0.0,0.0,5333.85,8353.85,0,0,0,26052.65
2025-11-19,2028-06-27,25000,CE,0.0,0.0,0.0,3545.15,4937.0,0,0,0,26052.65
2025-11-19,2029-06-26,21000,CE,0.0,0.0,0.0,9799.75,9045.75,0,0,0,26052.65
2025-11-19,2029-06-26,22000,CE,0.0,0.0,0.0,9207.9,8276.35,0,0,0,26052.65
2025-11-19,2029-12-24,20000,CE,0.0,0.0,0.0,10081.1,10290.6,0,0,0,26052.65
2025-11-19,2030-06-25,20000,CE,0.0,0.0,0.0,11072.4,10741.65,0,0,0,26052.65
2025-11-19,2030-06-25,21000,CE,0.0,0.0,0.0,10421.65,10001.6,0,0,0,26052.65
2025-11-19,2030-06-25,25000,CE,0.0,0.0,0.0,8027.0,7207.15,0,0,0,26052.65
2025-11-19,2025-11-25,24200,PE,2.75,3.25,2.35,2.65,2.65,111653,1126950,116100,26052.65
2025-11-19,2025-11-25,24500,PE,4.0,4.3,3.0,3.4,3.4,354434,7535925,745425,26052.65
2025-11-19,2025-11-25,25000,PE,7.5,8.95,5.05,5.45,5.45,543953,8536425,1334550,26052.65
2025-11-19,2025-11-25,25700,PE,72.0,81.05,32.1,36.15,36.15,980215,6559725,2314050,26052.65
2025-11-19,2025-11-25,26100,PE,242.25,280.0,145.0,158.15,158.15,623002,3020925,1530450,26052.65
2025-11-19,2025-11-25,27050,PE,1119.8,1119.8,970.1,970.1,973.1,4,150,0,26052.65
2025-11-19,2025-11-25,27350,PE,0.0,0.0,0.0,1284.0,1271.65,0,825,0,26052.65
2025-11-19,2025-11-25,27750,PE,0.0,0.0,0.0,1687.85,1671.15,0,150,0,26052.65
2025-11-19,2025-12-02,25150,PE,27.85,29.65,17.4,18.05,18.05,3645,84600,54825,26052.65
2025-11-19,2025-12-02,25450,PE,64.3,65.0,35.3,38.0,38.0,4621,77475,36225,26052.65
2025-11-19,2025-12-02,25650,PE,99.9,108.15,59.8,64.3,64.3,7608,118200,81300,26052.65
2025-11-19,2025-12-02,26000,PE,220.75,246.9,148.75,158.0,158.0,81799,1444200,792750,26052.65
2025-11-19,2025-12-02,26500,PE,553.95,592.0,425.45,441.2,441.2,2403,137700,87900,26052.65
2025-11-19,2025-12-09,23850,PE,0.0,0.0,0.0,21.75,0.1,0,75,0,26052.65
2025-11-19,2025-12-09,24000,PE,8.35,8.85,7.5,7.95,7.95,228,28050,6750,26052.65
2025-11-19,2025-12-09,24550,PE,17.35,17.75,12.6,14.55,14.55,37,1275,300,26052.65
2025-11-19,2025-12-09,25900,PE,230.0,230.95,154.5,162.0,162.0,3268,85200,45675,26052.65
2025-11-19,2025-12-09,27050,PE,906.55,906.55,895.7,901.2,901.2,4,75,0,26052.65
2025-11-19,2025-12-09,27200,PE,1037.1,1045.2,1036.9,1040.6,1040.6,9,75,0,26052.65
2025-11-19,2025-12-16,24350,PE,0.0,0.0,0.0,50.35,4.4,0,0,0,26052.65
2025-11-19,2025-12-16,24650,PE,38.8,38.8,22.4,23.75,23.75,57,3750,3600,26052.65
2025-11-19,2025-12-16,25650,PE,169.1,169.1,118.4,121.9,121.9,24,2925,1200,26052.65
2025-11-19,2025-12-16,25700,PE,165.0,176.15,128.0,134.0,134.0,208,15525,300,26052.65
2025-11-19,2025-12-16,25950,PE,249.65,250.0,200.3,203.2,246.4,69,3150,1950,26052.65
2025-11-19,2025-12-16,26450,PE,0.0,0.0,0.0,830.8,506.7,0,0,0,26052.65
2025-11-19,2025-12-16,26850,PE,0.0,0.0,0.0,1131.85,791.5,0,0,0,26052.65
2025-11-19,2025-12-16,27700,PE,0.0,0.0,0.0,1876.95,1545.0,0,0,0,26052.65
2025-11-19,2025-12-23,24500,PE,25.05,25.3,22.1,24.2,24.2,64,4425,4425,26052.65
2025-11-19,2025-12-23,26300,PE,0.0,0.0,0.0,594.3,442.3,0,0,0,26052.65
2025-11-19,2025-12-23,26350,PE,0.0,0.0,0.0,624.0,470.2,0,0,0,26052.65
2025-11-19,2025-12-23,26400,PE,0.0,0.0,0.0,654.5,499.1,0,0,0,26052.65
2025-11-19,2025-12-30,16500,PE,3.0,3.75,2.75,3.5,3.5,6,5175,-75,26052.65
2025-11-19,2025-12-30,22900,PE,11.0,11.65,10.65,10.85,10.85,88,16725,1575,26052.65
2025-11-19,2025-12-30,23600,PE,16.4,16.75,13.95,16.25,16.25,390,27825,-5100,26052.65
2025-11-19,2025-12-30,24250,PE,27.75,28.05,23.25,24.75,24.75,193,14325,450,26052.65
2025-11-19,2025-12-30,24550,PE,40.2,40.2,32.4,34.75,34.75,256,24675,4875,26052.65
2025-11-19,2025-12-30,25000,PE,74.0,79.2,59.0,63.45,63.45,38917,5182850,29325,26052.65
2025-11-19,2025-12-30,25850,PE,265.1,274.3,205.55,213.55,213.55,1216,69975,25200,26052.65
2025-11-19,2025-12-02,24500,CE,1632.85,1638.85,1632.85,1635.55,1635.55,3,375,0,26052.65
2025-11-19,2025-12-02,25200,CE,813.45,951.2,813.45,943.0,943.0,36,15375,975,26052.65
2025-11-19,2025-12-02,25650,CE,421.5,553.35,403.0,539.25,539.25,302,5400,750,26052.65
2025-11-19,2025-12-30,26350,PE,496.9,506.05,404.15,414.65,414.65,98,57000,2925,26052.65
2025-11-19,2025-12-30,27200,PE,1088.15,1090.0,984.0,992.5,992.5,55,5100,2025,26052.65
2025-11-19,2025-12-30,27350,PE,1129.65,1129.65,1123.7,1126.7,1126.7,2,450,0,26052.65
2025-11-19,2025-12-30,27450,PE,1204.2,1207.75,1204.2,1207.75,1291.75,2,150,0,26052.65
2025-11-19,2025-12-30,27800,PE,1544.3,1545.6,1536.15,1541.25,1541.25,11,300,75,26052.65
2025-11-19,2025-12-30,31000,PE,0.0,0.0,0.0,4570.0,4747.8,0,150,0,26052.65
2025-11-19,2026-01-27,23850,PE,33.6,35.25,33.6,35.25,15.4,6,1040,195,26052.65
2025-11-19,2026-01-27,24150,PE,0.0,0.0,0.0,49.35,27.9,0,1755,0,26052.65
2025-11-19,2026-01-27,25550,PE,193.5,193.5,187.25,191.9,191.9,26,3315,-390,26052.65
2025-11-19,2026-01-27,25900,PE,332.05,339.6,277.5,284.65,284.65,301,28015,8515,26052.65
2025-11-19,2026-01-27,26000,PE,350.0,378.5,303.3,319.1,319.1,5563,263445,22555,26052.65
2025-11-19,2026-01-27,26150,PE,370.0,374.7,363.0,369.9,369.9,34,2795,1690,26052.65
2025-11-19,2026-01-27,27100,PE,980.35,980.35,896.7,896.7,1013.9,9,195,0,26052.65
2025-11-19,2026-01-27,27350,PE,0.0,0.0,0.0,1069.55,1197.6,0,715,0,26052.65
2025-11-19,2026-01-27,27650,PE,0.0,0.0,0.0,1308.7,1435.05,0,130,0,26052.65
2025-11-19,2026-01-27,27800,PE,1439.6,1439.6,1439.6,1439.6,1559.8,3,260,130,26052.65
2025-11-19,2026-03-31,19000,PE,0.0,0.0,0.0,23.0,0.05,0,3675,0,26052.65
2025-11-19,2026-06-30,27000,PE,894.75,908.1,838.95,848.15,848.15,309,370275,6300,26052.65
2025-11-19,2026-01-27,23900,CE,0.0,0.0,0.0,2427.15,2428.1,0,65,0,26052.65
2025-11-19,2026-01-27,24450,CE,0.0,0.0,0.0,1915.1,1914.95,0,65,0,26052.65
2025-11-19,2025-12-09,26950,PE,978.75,978.75,956.2,956.2,866.45,2,75,0,26052.65
2025-11-19,2026-01-27,24600,CE,0.0,0.0,0.0,1777.75,1780.4,0,65,0,26052.65
2025-11-19,2030-06-25,25000,PE,0.0,0.0,0.0,869.3,344.25,0,0,0,26052.65
2025-11-19,2029-12-24,25000,PE,0.0,0.0,0.0,1150.0,362.95,0,225,0,26052.65
2025-11-19,2029-12-24,22000,PE,0.0,0.0,0.0,373.65,109.05,0,0,0,26052.65
2025-11-19,2028-06-27,25000,PE,0.0,0.0,0.0,2016.8,406.05,0,0,0,26052.65
2025-11-19,2027-12-28,29000,PE,0.0,0.0,0.0,4227.5,1644.4,0,0,0,26052.65
2025-11-19,2027-06-29,28000,PE,0.0,0.0,0.0,5959.35,1335.95,0,0,0,26052.65
2025-11-19,2027-06-29,24000,PE,0.0,0.0,0.0,5056.2,236.7,0,0,0,26052.65
2025-11-19,2026-12-29,26000,PE,632.0,638.0,601.15,616.6,616.6,270,458875,6000,26052.65
2025-11-19,2026-09-29,29000,PE,0.0,0.0,0.0,3259.65,2134.65,0,0,0,26052.65
2025-11-19,2026-09-29,28000,PE,0.0,0.0,0.0,2564.0,1506.75,0,0,0,26052.65
2025-11-19,2026-09-29,22000,PE,0.0,0.0,0.0,219.8,26.35,0,0,0,26052.65
2025-11-19,2026-09-29,21000,PE,0.0,0.0,0.0,112.6,8.1,0,0,0,26052.65
2025-11-19,2026-03-31,31000,PE,0.0,0.0,0.0,4071.2,4322.9,0,2100,0,26052.65
2025-11-19,2026-03-31,21000,PE,31.1,31.75,25.6,26.5,26.5,678,182550,-2325,26052.65
2025-11-19,2026-01-27,25750,PE,0.0,0.0,0.0,265.0,301.5,0,2340,0,26052.65
2025-11-19,2026-01-27,25700,PE,270.9,270.9,220.35,227.3,227.3,364,29120,6435,26052.65
2025-11-19,2026-01-27,25250,PE,0.0,0.0,0.0,137.5,162.8,0,2145,0,26052.65
2025-11-19,2026-01-27,24850,PE,100.5,100.5,85.8,85.8,91.9,12,2340,195,26052.65
2025-11-19,2026-01-27,24700,PE,86.0,89.5,70.4,73.8,73.8,152,175955,-65,26052.65
2025-11-19,2026-01-27,24650,PE,0.0,0.0,0.0,82.25,67.05,0,1170,0,26052.65
2025-11-19,2026-01-27,24450,PE,63.85,63.85,57.25,59.0,47.95,6,2210,-130,26052.65
2025-11-19,2025-11-25,22950,CE,0.0,0.0,0.0,3105.95,3124.35,0,225,0,26052.65
2025-11-19,2025-11-25,23050,CE,0.0,0.0,0.0,3002.4,3024.45,0,225,0,26052.65
2025-11-19,2026-01-27,24200,PE,50.2,50.4,45.6,47.05,47.05,88,25610,-2210,26052.65
2025-11-19,2025-12-30,27700,PE,1470.45,1491.55,1470.45,1491.55,1514.05,24,2700,1650,26052.65
2025-11-19,2025-12-30,26950,PE,865.95,865.95,784.2,786.3,786.3,5,525,0,26052.65
2025-11-19,2025-12-30,26750,PE,729.8,731.85,650.0,650.0,650.0,16,2475,0,26052.65
2025-11-19,2025-12-30,25450,PE,150.2,153.0,112.35,119.05,119.05,404,54075,2025,26052.65
2025-11-19,2025-12-30,24800,PE,57.65,58.7,43.7,47.0,47.0,7222,845175,10575,26052.65
2025-11-19,2025-12-30,24050,PE,21.1,21.1,19.9,20.75,20.75,130,9150,4050,26052.65
2025-11-19,2025-12-30,23300,PE,13.4,13.6,13.35,13.6,0.55,23,16050,675,26052.65
2025-11-19,2025-12-30,21000,PE,6.7,7.3,6.25,6.85,6.85,1921,1445950,-3800,26052.65
2025-11-19,2025-12-30,20000,PE,5.35,5.65,5.15,5.3,5.3,446,725125,-9175,26052.65
2025-11-19,2025-12-30,18000,PE,4.2,4.2,3.1,3.35,3.35,112,161450,-225,26052.65
2025-11-19,2025-12-23,26100,PE,350.85,352.25,273.95,283.35,283.35,90,3600,3600,26052.65
2025-11-19,2025-12-23,25200,PE,0.0,0.0,0.0,150.8,73.05,0,0,0,26052.65
2025-11-19,2025-12-16,27550,PE,0.0,0.0,0.0,1738.05,1402.95,0,0,0,26052.65
2025-11-19,2025-12-16,27350,PE,0.0,0.0,0.0,1556.9,1218.0,0,0,0,26052.65
2025-11-19,2025-12-16,26950,PE,0.0,0.0,0.0,1213.05,871.55,0,0,0,26052.65
2025-11-19,2025-12-16,26250,PE,334.5,340.75,332.95,332.95,388.95,6,450,450,26052.65
2025-11-19,2025-12-16,24850,PE,35.1,35.1,35.1,35.1,21.55,1,75,75,26052.65
2025-11-19,2025-12-16,24550,PE,0.0,0.0,0.0,73.3,8.65,0,0,0,26052.65
2025-11-19,2025-12-16,23950,PE,0.0,0.0,0.0,21.8,0.95,0,0,0,26052.65
2025-11-19,2025-12-09,26500,PE,510.0,538.0,444.0,457.95,457.95,494,16575,7800,26052.65
2025-11-19,2025-12-09,25200,PE,51.2,54.7,35.05,37.4,37.4,1360,67275,9075,26052.65
2025-11-19,2025-12-09,24900,PE,28.3,30.5,20.15,21.95,21.95,608,25275,8025,26052.65
2025-11-19,2025-12-09,24850,PE,24.95,25.0,19.2,20.3,20.3,119,9000,4200,26052.65
2025-11-19,2025-12-09,24350,PE,0.0,0.0,0.0,13.6,1.5,0,1050,0,26052.65
2025-11-19,2025-12-09,24300,PE,13.75,13.75,10.0,10.0,1.2,3,2475,225,26052.65
2025-11-19,2025-12-09,23950,PE,0.0,0.0,0.0,25.95,0.2,0,0,0,26052.65
2025-11-19,2025-12-09,23750,PE,7.15,7.9,5.25,6.85,6.85,70,11100,2475,26052.65
2025-11-19,2025-12-02,26850,PE,735.0,740.3,735.0,739.0,739.0,5,150,150,26052.65
2025-11-19,2025-12-02,25950,PE,201.6,223.1,131.7,139.95,139.95,21510,196800,127500,26052.65
2025-11-19,2025-12-02,25350,PE,48.05,49.2,27.55,29.45,29.45,4556,60075,6600,26052.65
2025-11-19,2025-12-02,24800,PE,13.2,18.1,9.0,9.55,9.55,10493,213900,69075,26052.65
2025-11-19,2025-12-02,24450,PE,7.5,8.0,5.9,6.5,6.5,366,11850,10350,26052.65
2025-11-19,2025-11-25,23700,CE,2263.7,2344.85,2263.7,2344.85,2375.05,2,2100,-75,26052.65
2025-11-19,2025-11-25,24550,CE,1493.8,1536.35,1493.8,1523.6,1523.6,5,1875,-225,26052.65
2025-11-19,2025-11-25,24850,CE,1213.3,1213.3,1213.3,1213.3,1226.25,1,4275,0,26052.65
2025-11-19,2025-11-25,25000,CE,932.25,1095.0,899.2,1071.05,1071.05,9731,1165050,-7650,26052.65
2025-11-19,2025-11-25,25400,CE,543.05,701.45,512.95,682.05,682.05,4132,275400,-54225,26052.65
2025-11-19,2025-11-25,26550,CE,13.0,15.2,7.05,13.8,13.8,423599,1804050,706200,26052.65
2025-11-19,2025-11-25,26950,CE,2.95,3.0,1.95,2.35,2.35,140857,682200,69075,26052.65
2025-11-19,2025-11-25,27650,CE,1.25,1.6,0.9,0.95,0.95,14876,125250,47550,26052.65
2025-11-19,2025-11-25,27750,CE,1.35,1.6,0.9,0.95,0.95,8395,98250,52800,26052.65
2025-11-19,2025-12-02,23850,CE,0.0,0.0,0.0,2263.0,2251.45,0,0,0,26052.65
2025-11-19,2025-12-02,24150,CE,1972.65,1972.65,1972.65,1972.65,1972.65,1,75,0,26052.65
2025-11-19,2025-12-02,24200,CE,1924.75,1933.2,1924.75,1929.0,1929.0,2,150,75,26052.65
2025-11-19,2025-12-02,25550,CE,481.4,642.0,481.4,624.1,624.1,46,3375,-300,26052.65
2025-11-19,2025-12-02,26550,CE,59.0,62.5,34.25,58.15,58.15,10095,89400,29925,26052.65
2025-11-19,2025-12-09,24550,CE,1624.2,1625.2,1615.85,1620.4,1620.4,16,75,0,26052.65
2025-11-19,2025-12-09,25050,CE,1131.75,1139.75,1131.75,1135.3,1135.3,9,0,-150,26052.65
2025-11-19,2025-12-09,25750,CE,443.8,541.5,411.55,537.85,537.85,29,5475,-150,26052.65
2025-11-19,2025-12-09,26550,CE,74.75,112.25,71.7,107.25,107.25,217,4875,2625,26052.65
2025-11-19,2025-12-09,27150,CE,0.0,0.0,0.0,69.6,31.65,0,0,0,26052.65
2025-11-19,2025-12-09,27750,CE,0.0,0.0,0.0,24.05,4.85,0,0,0,26052.65
2025-11-19,2025-12-16,24400,CE,0.0,0.0,0.0,1492.7,1761.45,0,0,0,26052.65
2025-11-19,2025-12-16,25600,CE,604.9,604.9,604.9,604.9,691.85,1,75,75,26052.65
2025-11-19,2025-12-16,25900,CE,400.0,495.9,377.35,486.8,486.8,309,8775,-2475,26052.65
2025-11-19,2025-12-16,27200,CE,20.0,28.75,19.5,27.85,27.85,139,6750,5475,26052.65
2025-11-19,2025-12-23,24200,CE,0.0,0.0,0.0,1874.5,1987.4,0,0,0,26052.65
2025-11-19,2025-12-23,24950,CE,0.0,0.0,0.0,1206.2,1278.0,0,0,0,26052.65
2025-11-19,2025-12-23,25050,CE,0.0,0.0,0.0,1125.0,1189.3,0,0,0,26052.65
2025-11-19,2025-12-23,25300,CE,0.0,0.0,0.0,933.95,977.4,0,0,0,26052.65
2025-11-19,2025-12-23,26250,CE,0.0,0.0,0.0,378.6,358.25,0,0,0,26052.65
2025-11-19,2025-12-30,16000,CE,0.0,0.0,0.0,10000.0,10155.65,0,425,0,26052.65
2025-11-19,2025-12-30,23100,CE,0.0,0.0,0.0,2672.95,3101.65,0,0,0,26052.65
2025-11-19,2025-12-30,23850,CE,0.0,0.0,0.0,2389.75,2359.65,0,0,0,26052.65
2025-11-19,2025-12-30,24750,CE,1529.0,1529.0,1529.0,1529.0,1529.0,1,1650,75,26052.65
2025-11-19,2025-12-30,25250,CE,1090.05,1090.75,1090.05,1090.4,1090.4,8,10350,-600,26052.65
2025-11-19,2025-12-30,25300,CE,925.5,1059.85,908.0,1043.25,1043.25,167,79650,-825,26052.65
2025-11-19,2025-12-30,25750,CE,599.95,699.9,571.7,687.2,687.2,149,27600,-3450,26052.65
2025-11-19,2025-12-30,26000,CE,450.0,533.1,415.5,521.25,521.25,36121,5213175,59775,26052.65
2025-11-19,2025-12-30,27000,CE,77.0,102.5,69.35,98.1,98.1,46303,5688500,297200,26052.65
2025-11-19,2025-12-02,24300,PE,6.7,6.7,5.05,5.35,5.35,2766,73125,38100,26052.65
2025-11-19,2025-12-02,23750,PE,3.3,4.05,3.1,3.3,3.3,955,57225,38100,26052.65
2025-11-19,2025-11-25,27800,PE,1814.0,1814.0,1730.0,1730.0,1730.0,2,675,0,26052.65
2025-11-19,2025-11-25,27250,PE,0.0,0.0,0.0,1195.35,1171.9,0,375,0,26052.65
2025-11-19,2025-11-25,26850,PE,921.9,954.7,769.3,769.3,776.85,48,2775,1575,26052.65
2025-11-19,2025-11-25,26600,PE,698.3,712.7,518.3,537.5,537.5,1422,95250,150,26052.65
2025-11-19,2025-11-25,26400,PE,500.85,527.4,341.7,360.95,360.95,13202,205275,28575,26052.65
2025-11-19,2025-11-25,26350,PE,456.55,477.55,302.3,321.2,321.2,6136,56775,16125,26052.65
2025-11-19,2025-11-25,25050,PE,7.95,13.35,5.5,5.85,5.85,218116,2783700,2338800,26052.65
2025-11-19,2025-11-25,24900,PE,6.85,7.35,4.4,4.7,4.7,266396,2558400,-156600,26052.65
2025-11-19,2025-11-25,24750,PE,5.05,5.95,3.75,4.05,4.05,77324,601500,193575,26052.65
2025-11-19,2025-11-25,24300,PE,2.05,3.65,2.05,2.8,2.8,162117,1517325,435750,26052.65
2025-11-19,2025-11-25,23950,PE,2.9,3.15,1.95,2.3,2.3,4084,45150,3000,26052.65
2025-11-19,2025-11-25,23850,PE,2.05,2.7,2.0,2.2,2.2,26634,71550,13725,26052.65
2025-11-19,2025-11-25,23800,PE,2.4,2.6,1.95,2.1,2.1,42346,370950,45375,26052.65
2025-11-19,2025-11-25,23500,PE,2.0,2.5,1.7,1.9,1.9,121980,2451825,449100,26052.65
2025-11-19,2025-11-25,23300,PE,1.9,2.05,1.5,1.7,1.7,27749,219825,28500,26052.65
2025-11-19,2025-11-25,23200,PE,1.75,2.1,1.35,1.55,1.55,20701,100200,59700,26052.65
2025-11-19,2029-12-24,31000,CE,0.0,0.0,0.0,4512.25,3333.65,0,0,0,26052.65
2025-11-19,2029-12-24,23000,CE,0.0,0.0,0.0,8286.75,8051.3,0,0,0,26052.65
2025-11-19,2029-06-26,19000,CE,0.0,0.0,0.0,11036.95,10626.35,0,0,0,26052.65
2025-11-19,2028-12-26,28000,CE,0.0,0.0,0.0,2800.0,3678.9,0,1050,0,26052.65
2025-11-19,2027-06-29,24000,CE,0.0,0.0,0.0,3850.0,4409.15,0,600,0,26052.65
2025-11-19,2026-12-29,23000,CE,0.0,0.0,0.0,4730.0,4569.15,0,6000,0,26052.65
2025-11-19,2026-09-29,22000,CE,0.0,0.0,0.0,4133.45,5140.8,0,0,0,26052.65
2025-11-19,2026-03-31,27000,CE,515.0,589.0,509.75,577.7,577.7,4068,1259550,10800,26052.65
2025-11-19,2026-03-31,22000,CE,4518.65,4616.0,4491.0,4611.2,4611.2,24,6150,1350,26052.65
2025-11-19,2026-01-27,27750,CE,0.0,0.0,0.0,280.15,120.45,0,0,0,26052.65
2025-11-19,2026-01-27,27200,CE,142.5,178.05,141.05,175.0,175.0,203,63830,715,26052.65
2025-11-19,2026-01-27,26000,CE,659.0,745.0,635.0,730.0,730.0,3269,192725,2990,26052.65
2025-11-19,2026-01-27,25750,CE,890.0,890.0,890.0,890.0,882.55,1,195,0,26052.65
2025-11-19,2026-01-27,25550,CE,0.0,0.0,0.0,943.85,1017.45,0,1235,0,26052.65
2025-11-19,2025-12-30,27800,CE,14.05,18.05,13.4,17.35,17.35,3290,230175,48000,26052.65
2025-11-19,2027-06-29,19000,CE,0.0,0.0,0.0,7800.0,8734.95,0,75,0,26052.65
2025-11-19,2026-09-29,24000,CE,0.0,0.0,0.0,2671.85,3376.15,0,0,0,26052.65
2025-11-19,2026-06-30,21000,CE,0.0,0.0,0.0,3881.9,5780.4,0,0,0,26052.65
2025-11-19,2026-03-31,23000,CE,3667.4,3675.0,3660.8,3661.1,3661.1,6,2025,150,26052.65
2025-11-19,2026-01-27,26150,CE,594.75,594.75,574.55,585.55,645.15,30,3120,1755,26052.65
2025-11-19,2026-01-27,25650,PE,215.35,215.35,214.75,215.05,215.05,4,1365,-195,26052.65
2025-11-19,2026-01-27,24500,PE,71.95,73.95,59.6,62.0,62.0,1874,379730,13065,26052.65
2025-11-19,2025-12-30,26200,CE,333.9,414.4,313.75,402.15,402.15,13490,767475,212175,26052.65
2025-11-19,2026-01-27,24050,PE,0.0,0.0,0.0,43.0,23.0,0,1300,0,26052.65
2025-11-19,2026-01-27,24000,PE,46.0,46.25,38.2,39.7,39.7,425,136305,3055,26052.65
2025-11-19,2025-12-30,27550,PE,1290.0,1290.0,1290.0,1290.0,1379.45,1,75,-75,26052.65
2025-11-19,2025-12-30,27150,PE,965.5,965.5,965.5,965.5,1040.55,1,375,75,26052.65
2025-11-19,2025-12-30,25550,PE,175.05,178.8,131.2,137.95,137.95,352,40275,-300,26052.65
2025-11-19,2025-12-30,25500,PE,159.0,166.95,121.2,127.55,127.55,21715,3175650,222900,26052.65
2025-11-19,2025-12-30,24700,PE,50.0,51.6,38.25,41.3,41.3,3933,375300,23025,26052.65
2025-11-19,2025-12-30,24400,PE,34.1,34.3,27.0,28.55,28.55,1610,135000,-750,26052.65
2025-11-19,2025-12-30,24300,PE,30.2,30.55,24.3,25.8,25.8,4491,146100,-77400,26052.65
2025-11-19,2025-12-23,27400,PE,0.0,0.0,0.0,1410.0,1254.85,0,0,0,26052.65
