date,expiry,strike,opt_type,open,high,low,close,settle,volume,oi,oi_change,underlying
2025-11-26,2025-12-23,26300,CE,202.0,328.2,202.0,314.75,314.75,1339,14025,1500,26205.3
2025-11-26,2025-12-23,26700,CE,69.0,143.55,69.0,139.4,139.4,468,22650,5175,26205.3
2025-11-26,2025-12-23,27400,CE,12.6,19.9,9.6,18.5,18.5,161,7500,6075,26205.3
2025-11-26,2025-12-30,19500,CE,0.0,0.0,0.0,6660.0,6809.45,0,1075,0,26205.3
2025-11-26,2025-12-30,23500,CE,2648.0,2876.75,2641.0,2868.25,2868.25,341,171375,13950,26205.3
2025-11-26,2025-12-30,24200,CE,1982.3,2176.0,1982.3,2171.85,2171.85,6,5850,0,26205.3
2025-11-26,2025-12-30,24350,CE,2008.9,2011.8,2008.9,2011.05,1990.95,6,2100,-375,26205.3
2025-11-26,2025-12-30,24700,CE,1484.8,1671.8,1484.8,1671.15,1652.7,3,8400,-150,26205.3
2025-11-26,2025-12-30,27250,CE,30.95,53.0,30.65,50.5,50.5,1094,52275,6000,26205.3
2025-11-26,2025-12-30,27600,CE,13.7,21.25,13.65,19.85,19.85,7820,408675,139950,26205.3
2025-11-26,2026-01-27,24100,CE,0.0,0.0,0.0,2238.85,2354.45,0,65,0,26205.3
2025-11-26,2026-01-27,25100,CE,0.0,0.0,0.0,1337.0,1444.4,0,390,0,26205.3
2025-11-26,2026-01-27,25300,CE,1300.0,1300.0,1298.2,1298.2,1280.15,2,715,0,26205.3
2025-11-26,2026-01-27,25700,CE,850.0,1009.0,850.0,1007.55,1007.55,19,9490,-260,26205.3
2025-11-26,2026-01-27,25850,CE,664.35,895.0,664.35,885.95,885.95,69,5005,650,26205.3
2025-11-26,2026-01-27,26100,CE,587.95,725.8,579.35,716.15,716.15,933,40820,6695,26205.3
2025-11-26,2026-02-24,24300,CE,0.0,0.0,0.0,2076.35,2292.75,0,0,0,26205.3
2025-11-26,2026-02-24,25650,CE,0.0,0.0,0.0,1085.15,1181.7,0,0,0,26205.3
2025-11-26,2026-02-24,25700,CE,0.0,0.0,0.0,1054.95,1146.85,0,0,0,26205.3
2025-11-26,2026-02-24,27150,CE,0.0,0.0,0.0,402.05,394.2,0,0,0,26205.3
2025-11-26,2026-02-24,27300,CE,320.0,320.0,320.0,320.0,320.0,5,325,325,26205.3
2025-11-26,2026-03-31,30000,CE,31.4,33.45,30.7,32.55,32.55,749,477300,2850,26205.3
2025-11-26,2026-09-29,27000,CE,0.0,0.0,0.0,1156.15,1407.55,0,0,0,26205.3
2025-11-26,2026-09-29,29000,CE,0.0,0.0,0.0,587.75,613.85,0,0,0,26205.3
2025-11-26,2026-09-29,31000,CE,0.0,0.0,0.0,272.8,222.55,0,0,0,26205.3
2025-11-26,2026-12-29,22000,CE,0.0,0.0,0.0,5600.0,5576.9,0,2250,0,26205.3
2025-11-26,2026-12-29,29000,CE,828.4,888.15,822.0,868.95,868.95,293,246525,1200,26205.3
2025-11-26,2027-12-28,26000,CE,0.0,0.0,0.0,4200.0,3730.05,0,150,0,26205.3
2025-11-26,2026-06-30,31000,PE,0.0,0.0,0.0,5585.0,3846.05,0,0,0,26205.3
2025-11-26,2028-06-27,21000,CE,0.0,0.0,0.0,5226.55,8154.2,0,0,0,26205.3
2025-11-26,2028-06-27,27000,CE,0.0,0.0,0.0,2885.15,3734.5,0,0,0,26205.3
2025-11-26,2028-12-26,19000,CE,0.0,0.0,0.0,8739.0,10307.6,0,0,0,26205.3
2025-11-26,2028-12-26,25000,CE,0.0,0.0,0.0,5350.4,5642.45,0,0,0,26205.3
2025-11-26,2029-06-26,30000,CE,0.0,0.0,0.0,5268.4,3317.75,0,0,0,26205.3
2025-11-26,2030-06-25,30000,CE,0.0,0.0,0.0,5580.35,4421.3,0,0,0,26205.3
2025-11-26,2025-12-02,24050,PE,1.75,2.5,1.5,2.2,2.2,17801,126225,102600,26205.3
2025-11-26,2025-12-02,24150,PE,2.1,2.6,1.4,2.35,2.35,34272,119550,106875,26205.3
2025-11-26,2025-12-02,24200,PE,1.7,2.7,1.5,2.45,2.45,88024,560475,443700,26205.3
2025-11-26,2025-12-02,24400,PE,1.8,3.05,1.75,2.75,2.75,86700,469275,264000,26205.3
2025-11-26,2025-12-02,25100,PE,4.8,5.9,3.65,4.8,4.8,229502,2351475,927525,26205.3
2025-11-26,2025-12-02,25300,PE,11.0,11.0,5.75,6.35,6.35,395742,3970950,852450,26205.3
2025-11-26,2025-12-02,26750,PE,711.45,717.55,520.0,531.6,531.6,622,9825,6525,26205.3
2025-11-26,2025-12-02,27000,PE,1040.0,1040.05,760.2,777.05,777.05,5563,228900,69150,26205.3
2025-11-26,2025-12-02,27100,PE,935.6,961.3,862.85,863.85,863.85,58,4725,2700,26205.3
2025-11-26,2025-12-02,27200,PE,1000.0,1000.0,956.95,977.6,977.6,37,7725,600,26205.3
2025-11-26,2025-12-02,27300,PE,1144.5,1144.5,1061.6,1088.05,1069.6,12,675,-75,26205.3
2025-11-26,2025-12-09,25150,PE,15.6,15.8,10.5,11.5,11.5,2410,34875,-600,26205.3
2025-11-26,2025-12-09,26050,PE,195.3,195.3,109.0,114.3,114.3,12613,210600,142200,26205.3
2025-11-26,2025-12-09,26400,PE,404.0,404.0,257.6,265.0,265.0,4848,89475,50025,26205.3
2025-11-26,2025-12-09,26600,PE,557.0,568.0,388.35,396.3,396.3,1005,58200,30975,26205.3
2025-11-26,2025-12-09,26850,PE,598.95,625.1,598.95,607.3,607.3,7,300,0,26205.3
2025-11-26,2025-12-02,23750,CE,0.0,0.0,0.0,2170.35,2477.75,0,825,0,26205.3
2025-11-26,2025-12-09,27000,PE,810.0,812.0,730.1,736.0,736.0,122,6075,3825,26205.3
2025-11-26,2025-12-09,27100,PE,858.0,860.0,833.6,833.6,862.75,23,1800,1575,26205.3
2025-11-26,2025-12-09,27150,PE,900.95,900.95,894.35,894.35,908.85,2,0,0,26205.3
2025-11-26,2025-12-09,27500,PE,1272.2,1272.2,1220.5,1224.9,1224.9,5,1350,0,26205.3
2025-11-26,2025-12-09,27950,PE,1672.7,1683.3,1672.15,1676.05,1676.05,3,0,-75,26205.3
2025-11-26,2025-12-16,24000,PE,5.45,7.3,5.35,6.9,6.9,359,35025,3000,26205.3
2025-11-26,2025-12-16,25400,PE,56.3,56.3,34.85,36.1,36.1,979,48675,12000,26205.3
2025-11-26,2025-12-16,26050,PE,231.5,231.5,146.65,151.5,151.5,529,14850,8400,26205.3
2025-11-26,2025-12-16,27050,PE,776.75,776.75,773.25,775.0,775.0,2,0,0,26205.3
2025-11-26,2025-12-16,27850,PE,1534.3,1534.3,1519.0,1526.75,1526.75,14,0,0,26205.3
2025-11-26,2025-12-23,24250,PE,0.0,0.0,0.0,26.0,1.75,0,0,0,26205.3
2025-11-26,2025-12-23,24300,PE,11.5,11.5,11.45,11.5,11.5,13,2250,900,26205.3
2025-11-26,2025-12-23,24400,PE,12.7,13.0,11.85,13.0,13.0,29,13350,750,26205.3
2025-11-26,2025-12-23,25000,PE,35.2,35.2,26.05,26.7,26.7,657,34800,18300,26205.3
2025-11-26,2025-12-23,25350,PE,0.0,0.0,0.0,188.6,54.3,0,0,0,26205.3
2025-11-26,2025-12-23,25900,PE,201.0,201.0,130.45,137.25,137.25,1156,57975,46125,26205.3
2025-11-26,2025-12-23,26900,PE,0.0,0.0,0.0,1001.0,713.15,0,0,0,26205.3
2025-11-26,2025-12-23,27200,PE,665.05,665.05,665.05,665.05,665.05,1,75,75,26205.3
2025-11-26,2025-12-02,24650,CE,1560.0,1560.0,1560.0,1560.0,1578.6,1,900,0,26205.3
2025-11-26,2025-12-02,24950,CE,1196.95,1196.95,1196.95,1196.95,1278.95,1,750,0,26205.3
2025-11-26,2025-12-23,27300,PE,0.0,0.0,0.0,1324.2,1037.85,0,0,0,26205.3
2025-11-26,2025-12-30,22950,PE,8.7,9.4,7.6,8.65,8.65,158,5400,2700,26205.3
2025-11-26,2025-12-30,23550,PE,12.3,12.3,9.35,10.0,0.3,11,2925,-150,26205.3
2025-11-26,2025-12-30,23850,PE,14.0,14.0,12.45,13.0,13.0,4,4500,75,26205.3
2025-11-26,2025-12-30,24000,PE,14.0,14.75,12.1,13.8,13.8,17864,3843675,-126500,26205.3
2025-11-26,2025-12-30,25050,PE,59.0,59.0,41.6,42.25,42.25,1831,73350,6000,26205.3
2025-11-26,2025-12-30,25100,PE,60.0,63.8,44.3,44.95,44.95,13053,602475,105975,26205.3
2025-11-26,2025-12-30,25200,PE,91.95,95.0,51.5,52.35,52.35,20599,1201725,183600,26205.3
2025-11-26,2025-12-30,25400,PE,106.05,106.05,69.4,70.9,70.9,20799,1153875,291300,26205.3
2025-11-26,2025-12-30,26250,PE,358.15,371.75,261.5,269.7,269.7,2319,68025,17550,26205.3
2025-11-26,2025-12-30,26800,PE,718.05,726.0,555.0,562.5,562.5,921,140625,1650,26205.3
2025-11-26,2025-12-30,27650,PE,1283.4,1283.4,1271.8,1278.5,1278.5,3,750,-75,26205.3
2025-11-26,2025-12-30,27750,PE,1380.0,1385.45,1380.0,1382.75,1382.75,2,1350,0,26205.3
2025-11-26,2026-01-27,23800,PE,35.2,35.2,24.35,27.6,27.6,211,26520,2600,26205.3
2025-11-26,2026-01-27,23900,PE,31.7,32.55,29.9,29.9,9.55,25,1950,65,26205.3
2025-11-26,2026-01-27,25100,PE,107.3,109.05,87.2,88.7,88.7,1290,255905,19370,26205.3
2025-11-26,2026-01-27,27200,PE,865.65,865.65,855.45,855.45,855.45,3,1625,0,26205.3
2025-11-26,2026-01-27,27850,PE,0.0,0.0,0.0,1433.85,1481.3,0,65,0,26205.3
2025-11-26,2026-02-24,25100,PE,0.0,0.0,0.0,288.3,140.15,0,0,0,26205.3
2025-11-26,2026-02-24,25150,PE,0.0,0.0,0.0,300.85,149.15,0,0,0,26205.3
2025-11-26,2026-02-24,25550,PE,0.0,0.0,0.0,427.3,238.05,0,0,0,26205.3
2025-11-26,2026-02-24,26950,PE,0.0,0.0,0.0,1126.35,833.25,0,0,0,26205.3
2025-11-26,2026-03-31,20000,PE,16.9,17.15,15.85,16.9,16.9,328,95550,-1725,26205.3
2025-11-26,2026-03-31,25000,PE,224.25,224.25,177.5,180.0,180.0,4733,1313700,56850,26205.3
2025-11-26,2026-03-31,26000,PE,431.05,445.55,371.8,375.95,375.95,3484,1264275,15075,26205.3
2025-11-26,2025-12-09,26350,CE,82.0,171.9,79.7,160.4,160.4,10068,101025,37725,26205.3
2025-11-26,2025-12-09,27200,CE,4.05,6.7,3.3,5.85,5.85,16413,411600,241650,26205.3
2025-11-26,2025-12-09,27600,CE,2.2,2.5,1.75,1.9,1.9,2917,48150,18825,26205.3
2025-11-26,2025-12-09,27650,CE,2.35,2.65,1.75,1.85,1.85,131,7275,225,26205.3
2025-11-26,2025-12-16,23950,CE,2377.8,2377.9,2353.35,2367.45,2367.45,7,150,150,26205.3
2025-11-26,2025-12-16,24500,CE,0.0,0.0,0.0,1404.75,1783.9,0,0,0,26205.3
2025-11-26,2025-12-16,24600,CE,0.0,0.0,0.0,1318.6,1685.05,0,0,0,26205.3
2025-11-26,2025-12-16,24700,CE,0.0,0.0,0.0,1234.5,1586.6,0,0,0,26205.3
2025-11-26,2025-12-16,25100,CE,1216.45,1216.45,1210.95,1213.7,1213.7,2,0,0,26205.3
2025-11-26,2025-12-09,26450,CE,50.4,127.8,50.4,119.75,119.75,16921,109425,24375,26205.3
2025-11-26,2030-06-25,21000,PE,0.0,0.0,0.0,321.3,63.75,0,0,0,26205.3
2025-11-26,2029-12-24,20000,PE,0.0,0.0,0.0,202.3,35.75,0,0,0,26205.3
2025-11-26,2029-06-26,28000,PE,0.0,0.0,0.0,1488.1,929.4,0,0,0,26205.3
2025-11-26,2029-06-26,24000,PE,0.0,0.0,0.0,694.05,245.45,0,25,0,26205.3
2025-11-26,2029-06-26,19000,PE,0.0,0.0,0.0,170.3,16.95,0,0,0,26205.3
2025-11-26,2028-12-26,22000,PE,0.0,0.0,0.0,447.0,95.35,0,375,0,26205.3
2025-11-26,2028-06-27,29000,PE,0.0,0.0,0.0,3595.9,1440.8,0,0,0,26205.3
2025-11-26,2028-06-27,26000,PE,0.0,0.0,0.0,2370.3,563.9,0,0,0,26205.3
2025-11-26,2027-12-28,19000,PE,0.0,0.0,0.0,140.05,6.9,0,675,0,26205.3
2025-11-26,2026-12-29,29000,PE,1740.0,1740.0,1601.0,1604.7,1604.7,14,37650,825,26205.3
2025-11-26,2026-12-29,17000,PE,0.0,0.0,0.0,97.05,0.05,0,2850,0,26205.3
2025-11-26,2026-12-29,15000,PE,0.0,0.0,0.0,20.05,0.05,0,1550,0,26205.3
2025-11-26,2026-06-30,25000,PE,299.0,301.15,272.8,274.95,274.95,1268,530400,24450,26205.3
2025-11-26,2026-06-30,21000,PE,49.0,50.5,46.5,48.45,48.45,70,398700,525,26205.3
2025-11-26,2026-06-30,13000,PE,0.0,0.0,0.0,21.6,0.05,0,200,0,26205.3
2025-11-26,2026-03-31,22000,PE,36.0,36.0,31.55,33.55,33.55,621,419250,5400,26205.3
2025-11-26,2026-02-24,27500,PE,1025.0,1045.0,1000.0,1027.0,1027.0,33,2080,2080,26205.3
2025-11-26,2026-02-24,26750,PE,0.0,0.0,0.0,1002.05,719.2,0,0,0,26205.3
2025-11-26,2026-02-24,26650,PE,564.2,564.2,564.2,564.2,665.75,1,65,65,26205.3
2025-11-26,2026-02-24,26500,PE,520.0,525.0,480.55,487.9,487.9,575,23400,23400,26205.3
2025-11-26,2026-02-24,26150,PE,0.0,0.0,0.0,677.45,435.45,0,0,0,26205.3
2025-11-26,2026-02-24,24750,PE,0.0,0.0,0.0,204.2,88.25,0,0,0,26205.3
2025-11-26,2026-01-27,27750,PE,0.0,0.0,0.0,1338.75,1397.7,0,65,0,26205.3
2025-11-26,2026-01-27,27600,PE,1165.2,1165.2,1165.2,1165.2,1275.7,1,65,0,26205.3
2025-11-26,2026-01-27,26900,PE,762.05,770.35,643.55,645.65,645.65,85,5070,4420,26205.3
2025-11-26,2026-01-27,26300,PE,436.0,440.0,353.3,356.5,356.5,625,39780,9685,26205.3
2025-11-26,2026-01-27,26250,PE,360.2,382.8,333.85,339.4,339.4,63,5070,1235,26205.3
2025-11-26,2026-01-27,25500,PE,205.75,205.75,142.05,144.8,144.8,6112,582010,93990,26205.3
2025-11-26,2026-01-27,25300,PE,137.05,138.65,110.4,111.8,111.8,2120,189735,28665,26205.3
2025-11-26,2026-01-27,25200,PE,123.8,123.9,98.65,99.9,99.9,3404,342355,58500,26205.3
2025-11-26,2025-12-30,27700,PE,1555.0,1555.0,1322.0,1322.0,1322.0,5,7425,0,26205.3
2025-11-26,2025-12-30,26400,PE,448.95,453.3,329.2,335.2,335.2,12009,725925,270900,26205.3
2025-11-26,2025-12-30,26200,PE,370.0,370.0,245.0,251.9,251.9,54409,2524275,423300,26205.3
2025-11-26,2025-12-30,25650,PE,145.0,147.6,103.55,105.95,105.95,2235,171975,14250,26205.3
2025-11-26,2025-12-30,24650,PE,27.35,27.7,24.25,25.8,25.8,695,36225,13800,26205.3
2025-11-26,2025-12-30,24450,PE,20.5,21.9,19.25,20.4,20.4,405,44925,-300,26205.3
2025-11-26,2025-12-30,24100,PE,13.5,16.4,13.35,14.7,14.7,1746,190425,20400,26205.3
2025-11-26,2025-12-30,23900,PE,11.25,15.45,11.0,12.8,12.8,855,133050,16050,26205.3
2025-11-26,2025-12-30,23150,PE,8.2,9.15,7.4,8.15,8.15,80,1800,-150,26205.3
2025-11-26,2025-12-30,23100,PE,8.0,9.5,6.55,8.0,8.0,2314,33075,27225,26205.3
2025-11-26,2025-12-23,27350,PE,0.0,0.0,0.0,1366.9,1081.5,0,0,0,26205.3
2025-11-26,2025-12-23,26500,PE,489.9,495.8,350.4,365.25,365.25,150,5250,1200,26205.3
2025-11-26,2025-12-23,26250,PE,345.0,345.0,252.0,254.25,254.25,23,2175,525,26205.3
2025-11-26,2025-12-23,26000,PE,232.05,235.7,158.6,163.9,163.9,1596,64050,28050,26205.3
2025-11-26,2025-12-23,25850,PE,175.0,175.0,128.5,133.0,158.45,35,2100,-375,26205.3
2025-11-26,2025-12-23,25750,PE,148.4,148.45,101.1,105.55,105.55,85,900,-225,26205.3
2025-11-26,2025-12-23,25650,PE,120.7,123.7,86.55,87.0,87.0,15,2325,-75,26205.3
2025-11-26,2025-12-23,25450,PE,83.5,83.5,57.25,57.5,57.5,35,2550,0,26205.3
2025-11-26,2025-12-16,27750,PE,1435.1,1435.1,1420.8,1429.4,1429.4,5,75,75,26205.3
2025-11-26,2025-12-16,27200,PE,908.8,908.8,903.3,906.05,906.05,2,0,0,26205.3
2025-11-26,2025-12-16,27000,PE,740.75,740.75,733.8,733.8,779.95,2,0,0,26205.3
2025-11-26,2025-12-16,26800,PE,580.9,580.9,572.55,572.6,621.5,6,75,75,26205.3
2025-11-26,2025-12-16,26550,PE,400.85,401.75,380.6,383.4,383.4,16,1125,1125,26205.3
2025-11-26,2025-12-16,26500,PE,430.2,430.2,342.3,351.1,351.1,562,19275,8925,26205.3
2025-11-26,2025-12-16,25250,PE,0.0,0.0,0.0,223.25,25.65,0,0,0,26205.3
2025-11-26,2025-12-16,24950,PE,25.0,25.0,16.15,16.25,16.25,42,1350,-900,26205.3
2025-11-26,2025-12-16,24750,PE,0.0,0.0,0.0,17.65,4.4,0,1125,0,26205.3
2025-11-26,2025-12-16,24150,PE,0.0,0.0,0.0,33.6,0.3,0,0,0,26205.3
2025-11-26,2025-12-09,27700,PE,1431.25,1435.55,1425.7,1430.85,1430.85,3,0,-75,26205.3
2025-11-26,2025-12-09,26350,PE,369.05,369.55,230.95,238.75,238.75,1902,37800,29550,26205.3
2025-11-26,2025-12-09,25650,PE,75.35,75.35,36.2,38.9,38.9,13065,211575,174000,26205.3
2025-11-26,2025-12-09,25050,PE,14.95,14.95,8.6,9.75,9.75,1621,27525,4500,26205.3
2025-11-26,2025-12-02,27500,PE,1461.05,1461.05,1262.5,1270.1,1270.1,32,3300,-225,26205.3
2025-11-26,2025-12-02,26300,PE,321.95,322.95,162.1,170.85,170.85,424317,2648400,1654425,26205.3
2025-11-26,2025-12-02,25800,PE,88.9,90.0,23.55,26.2,26.2,955718,6905850,4132800,26205.3
2025-11-26,2025-12-02,25200,PE,7.5,7.5,4.65,5.55,5.55,410687,5240250,3402750,26205.3
2025-11-26,2025-12-02,24500,PE,2.3,3.25,1.85,2.9,2.9,385197,5254875,3095400,26205.3
2025-11-26,2025-12-02,24350,PE,1.8,3.0,1.6,2.65,2.65,24704,117375,70875,26205.3
2025-11-26,2025-12-02,24100,PE,1.7,2.55,1.5,2.3,2.3,50139,239325,185475,26205.3
2025-11-26,2030-06-25,27000,CE,0.0,0.0,0.0,6972.5,6062.8,0,0,0,26205.3
2025-11-26,2029-06-26,24000,CE,0.0,0.0,0.0,8085.35,6919.85,0,0,0,26205.3
2025-11-26,2028-12-26,29000,CE,0.0,0.0,0.0,3645.75,3235.5,0,0,0,26205.3
2025-11-26,2028-12-26,23000,CE,0.0,0.0,0.0,6377.6,7101.9,0,0,0,26205.3
2025-11-26,2027-12-28,27000,CE,0.0,0.0,0.0,3140.0,3106.65,0,300,0,26205.3
2025-11-26,2027-12-28,23000,CE,0.0,0.0,0.0,4125.7,5945.8,0,0,0,26205.3
2025-11-26,2027-12-28,21000,CE,0.0,0.0,0.0,4902.4,7618.3,0,0,0,26205.3
2025-11-26,2026-12-29,30000,CE,515.0,570.0,512.0,552.25,552.25,254,145275,675,26205.3
2025-11-26,2026-09-29,21000,CE,0.0,0.0,0.0,4967.05,6203.15,0,0,0,26205.3
2025-11-26,2026-06-30,28000,CE,510.5,575.35,510.5,569.8,569.8,737,220950,7200,26205.3
2025-11-26,2026-06-30,20000,CE,0.0,0.0,0.0,3829.5,6874.7,0,0,0,26205.3
2025-11-26,2026-03-31,26000,CE,1079.8,1218.35,1072.9,1210.75,1210.75,1393,847725,15150,26205.3
2025-11-26,2026-03-31,20000,CE,0.0,0.0,0.0,5090.05,6595.3,0,0,0,26205.3
2025-11-26,2026-02-24,27550,CE,0.0,0.0,0.0,293.85,273.0,0,0,0,26205.3
2025-11-26,2026-02-24,27100,CE,0.0,0.0,0.0,417.65,411.8,0,0,0,26205.3
2025-11-26,2026-02-24,27050,CE,0.0,0.0,0.0,433.7,429.95,0,0,0,26205.3
2025-11-26,2026-02-24,26400,CE,0.0,0.0,0.0,686.3,719.9,0,0,0,26205.3
2025-11-26,2026-02-24,26100,CE,877.4,911.65,877.4,911.65,888.55,2,130,130,26205.3
2025-11-26,2026-02-24,26050,CE,0.0,0.0,0.0,857.9,918.75,0,0,0,26205.3
2025-11-26,2026-02-24,25900,CE,0.0,0.0,0.0,939.2,1013.05,0,0,0,26205.3
2025-11-26,2026-02-24,25200,CE,0.0,0.0,0.0,1379.55,1518.7,0,0,0,26205.3
2025-11-26,2026-02-24,25100,CE,0.0,0.0,0.0,1451.35,1598.8,0,0,0,26205.3
2025-11-26,2026-02-24,24700,CE,0.0,0.0,0.0,1750.95,1935.3,0,0,0,26205.3
2025-11-26,2026-02-24,24600,CE,0.0,0.0,0.0,1830.1,2022.95,0,0,0,26205.3
2025-11-26,2026-01-27,26850,CE,224.35,311.5,224.35,308.6,308.6,54,2340,-390,26205.3
2025-11-26,2026-01-27,26550,CE,339.35,454.9,339.35,449.25,449.25,72,5395,325,26205.3
2025-11-26,2026-01-27,25900,CE,634.9,868.55,634.9,857.0,857.0,227,18980,-520,26205.3
2025-11-26,2026-01-27,25800,CE,693.75,933.25,693.75,921.95,921.95,320,17420,-1950,26205.3
2025-11-26,2026-01-27,24900,CE,0.0,0.0,0.0,1243.15,1616.1,0,65,0,26205.3
2025-11-26,2026-01-27,24300,CE,0.0,0.0,0.0,2052.75,2164.15,0,65,0,26205.3
2025-11-26,2025-12-30,31000,CE,2.6,2.6,1.9,2.05,2.05,1636,513125,6225,26205.3
2025-11-26,2025-12-30,27550,CE,17.85,24.35,15.6,22.95,22.95,771,37200,12375,26205.3
2025-11-26,2025-12-30,27400,CE,22.05,36.15,19.0,34.1,34.1,9493,322575,157725,26205.3
2025-11-26,2025-12-30,27200,CE,35.0,60.25,34.05,57.4,57.4,22771,936900,318375,26205.3
2025-11-26,2025-12-30,27100,CE,40.15,77.4,40.0,73.85,73.85,12978,493125,107100,26205.3
2025-11-26,2025-12-30,26800,CE,98.0,154.0,85.35,146.95,146.95,23115,1174125,339075,26205.3
2025-11-26,2025-12-30,26350,CE,226.2,352.9,226.05,344.35,344.35,3317,118500,66975,26205.3
2025-11-26,2025-12-30,25350,CE,964.6,1101.05,961.5,1098.55,1098.55,32,3525,600,26205.3
2025-11-26,2025-12-30,24850,CE,1543.65,1552.65,1543.65,1548.15,1548.15,2,300,0,26205.3
2025-11-26,2025-12-30,23700,CE,2648.7,2649.6,2648.7,2649.15,2649.15,2,3300,0,26205.3
2025-11-26,2025-12-30,22000,CE,4164.0,4368.0,4164.0,4350.2,4350.2,97,444975,-250,26205.3
2025-11-26,2025-12-30,19000,CE,0.0,0.0,0.0,7140.0,7306.8,0,10850,0,26205.3
2025-11-26,2025-12-23,26800,CE,63.9,110.5,57.75,107.55,107.55,473,32850,20400,26205.3
2025-11-26,2025-12-23,26000,CE,322.0,517.5,322.0,509.9,509.9,1479,35925,-22725,26205.3
2025-11-26,2025-12-23,25250,CE,0.0,0.0,0.0,970.05,1104.9,0,0,0,26205.3
2025-11-26,2025-12-23,24550,CE,0.0,0.0,0.0,1551.7,1764.8,0,0,0,26205.3
2025-11-26,2025-12-23,24250,CE,0.0,0.0,0.0,1827.5,2060.0,0,0,0,26205.3
2025-11-26,2025-12-16,26150,CE,225.9,357.45,225.9,343.45,343.45,487,8550,-3900,26205.3
2025-11-26,2025-12-16,25800,CE,409.0,610.0,409.0,598.05,598.05,371,6900,-975,26205.3
2025-11-26,2025-12-16,25450,CE,888.7,888.7,883.8,886.25,886.25,2,75,75,26205.3
2025-11-26,2025-12-16,25250,CE,1073.65,1073.65,1068.65,1071.15,1071.15,2,0,0,26205.3
2025-11-26,2025-12-02,24300,CE,1743.75,1743.9,1743.75,1743.9,1928.25,3,1500,0,26205.3
2025-11-26,2025-12-02,24700,CE,1500.0,1530.0,1494.6,1525.6,1525.6,10,5325,0,26205.3
2025-11-26,2025-12-02,25450,CE,593.45,802.0,581.0,784.0,784.0,1045,17475,10800,26205.3
2025-11-26,2025-12-02,25500,CE,494.9,751.25,494.9,734.9,734.9,13600,202050,-60675,26205.3
2025-11-26,2025-12-02,26850,CE,2.8,6.35,2.2,4.75,4.75,376644,1582200,669600,26205.3
2025-11-26,2025-12-09,25100,CE,1085.0,1085.0,1078.1,1085.0,1162.0,19,825,-525,26205.3
2025-11-26,2025-12-09,25200,CE,1000.0,1085.55,1000.0,1078.4,1078.4,20,4575,675,26205.3
2025-11-26,2025-12-09,25350,CE,927.5,927.65,927.5,927.6,927.6,2,375,-150,26205.3
2025-11-26,2025-12-09,26100,CE,156.2,319.65,151.6,302.6,302.6,40053,500775,22875,26205.3
2025-11-26,2025-12-09,26300,CE,82.35,196.8,82.35,185.65,185.65,62202,793650,494025,26205.3
2025-11-26,2025-12-23,24200,PE,9.0,12.05,9.0,11.8,11.8,250,9975,7950,26205.3
2025-11-26,2025-12-23,24350,PE,0.0,0.0,0.0,32.25,2.6,0,0,0,26205.3
2025-11-26,2025-12-23,24600,PE,0.0,0.0,0.0,53.4,6.3,0,0,0,26205.3
2025-11-26,2025-12-23,24700,PE,18.0,19.0,16.65,18.0,8.75,15,1200,-225,26205.3
2025-11-26,2025-12-23,24750,PE,0.0,0.0,0.0,70.8,10.25,0,0,0,26205.3
2025-11-26,2025-12-23,25250,PE,0.0,0.0,0.0,162.75,42.4,0,0,0,26205.3
2025-11-26,2025-12-23,25400,PE,76.5,76.5,52.0,53.75,53.75,123,4650,1875,26205.3
2025-11-26,2030-06-25,29000,PE,0.0,0.0,0.0,1804.05,1012.35,0,0,0,26205.3
2025-11-26,2030-06-25,22000,PE,0.0,0.0,0.0,425.45,102.15,0,0,0,26205.3
2025-11-26,2028-12-26,31000,PE,0.0,0.0,0.0,2722.7,2092.7,0,0,0,26205.3
2025-11-26,2028-12-26,21000,PE,0.0,0.0,0.0,618.05,54.1,0,1250,0,26205.3
2025-11-26,2028-06-27,21000,PE,0.0,0.0,0.0,907.2,47.1,0,0,0,26205.3
2025-11-26,2028-06-27,19000,PE,0.0,0.0,0.0,537.45,10.6,0,0,0,26205.3
2025-11-26,2027-12-28,28000,PE,0.0,0.0,0.0,4251.0,1178.7,0,0,0,26205.3
2025-11-26,2027-12-28,15000,PE,0.0,0.0,0.0,39.0,0.05,0,625,0,26205.3
2025-11-26,2025-12-09,24700,CE,1507.2,1558.15,1507.2,1558.15,1556.5,5,225,0,26205.3
2025-11-26,2025-12-09,24850,CE,1417.0,1417.0,1411.8,1414.4,1414.4,2,75,0,26205.3
2025-11-26,2027-06-29,31000,PE,0.0,0.0,0.0,4436.25,2908.3,0,0,0,26205.3
2025-11-26,2027-06-29,29000,PE,0.0,0.0,0.0,4627.1,1739.5,0,0,0,26205.3
2025-11-26,2027-06-29,19000,PE,0.0,0.0,0.0,182.1,3.45,0,600,0,26205.3
2025-11-26,2026-12-29,24000,PE,265.0,265.0,251.0,252.15,252.15,532,276150,1350,26205.3
2025-11-26,2026-12-29,12000,PE,0.0,0.0,0.0,20.05,0.05,0,575,0,26205.3
2025-11-26,2026-09-29,20000,PE,0.0,0.0,0.0,51.65,1.5,0,0,0,26205.3
2025-11-26,2025-12-09,24900,CE,1305.0,1346.65,1305.0,1344.7,1358.25,3,225,-75,26205.3
2025-11-26,2025-12-09,25550,CE,580.0,756.0,580.0,753.0,753.0,13,1275,-450,26205.3
2025-11-26,2025-12-09,26500,CE,44.0,108.5,41.0,100.95,100.95,68322,833775,212550,26205.3
2025-11-26,2025-12-09,26950,CE,0.0,0.0,0.0,95.8,38.9,0,0,0,26205.3
2025-11-26,2025-12-16,24900,CE,1413.3,1413.3,1406.4,1409.85,1409.85,2,0,0,26205.3
2025-11-26,2025-12-16,25000,CE,1314.85,1314.85,1309.45,1312.15,1312.15,2,75,0,26205.3
2025-11-26,2025-12-16,25050,CE,1266.45,1266.45,1260.95,1263.7,1263.7,2,0,0,26205.3
2025-11-26,2025-12-16,25750,CE,460.0,651.2,460.0,613.1,636.55,13,225,-75,26205.3
2025-11-26,2025-12-16,25950,CE,339.4,486.2,333.3,478.1,478.1,124,2850,-1200,26205.3
2025-11-26,2025-12-16,26250,CE,178.9,294.05,178.85,284.6,284.6,314,6825,2625,26205.3
2025-11-26,2025-12-16,26350,CE,134.85,240.0,134.8,229.25,229.25,354,15450,10950,26205.3
2025-11-26,2025-12-16,27250,CE,0.0,0.0,0.0,19.1,37.05,0,225,0,26205.3
2025-11-26,2025-12-16,27400,CE,10.0,10.0,10.0,10.0,10.0,5,375,375,26205.3
2025-11-26,2025-12-23,25000,CE,0.0,0.0,0.0,1165.35,1333.1,0,75,0,26205.3
2025-11-26,2025-12-23,26150,CE,280.1,418.0,280.1,414.65,414.65,33,1725,75,26205.3
2025-11-26,2025-12-23,26200,CE,242.65,386.9,242.65,379.3,379.3,706,17550,-4800,26205.3
2025-11-26,2025-12-23,26500,CE,132.25,225.0,127.65,218.45,218.45,1260,69000,2850,26205.3
2025-11-26,2025-12-23,26600,CE,106.35,183.1,103.0,175.35,175.35,491,12525,-2250,26205.3
2025-11-26,2025-12-23,26850,CE,0.0,0.0,0.0,180.85,145.4,0,0,0,26205.3
2025-11-26,2025-12-23,27500,CE,0.0,0.0,0.0,67.95,37.5,0,0,0,26205.3
2025-11-26,2025-12-23,27600,CE,9.15,12.4,6.9,11.85,11.85,255,15375,3225,26205.3
2025-11-26,2025-12-23,27950,CE,4.8,6.7,4.8,4.95,11.95,9,1200,225,26205.3
2025-11-26,2025-12-30,21000,CE,5051.15,5359.8,5051.15,5356.95,5356.95,47,394850,1575,26205.3
2025-11-26,2025-12-30,23550,CE,2837.8,2837.8,2813.25,2825.65,2825.65,6,150,0,26205.3
2025-11-26,2025-12-30,24000,CE,2145.0,2386.05,2144.95,2376.1,2376.1,913,1030975,-2000,26205.3
2025-11-26,2025-12-30,24300,CE,1910.0,2053.4,1910.0,2053.4,2039.85,5,1350,225,26205.3
2025-11-26,2025-12-30,24950,CE,1449.05,1449.05,1449.05,1449.05,1449.05,1,900,0,26205.3
2025-11-26,2025-12-30,25000,CE,1112.55,1424.65,1112.55,1413.45,1413.45,2288,1861825,-16875,26205.3
2025-11-26,2026-06-30,15000,PE,0.0,0.0,0.0,18.0,0.05,0,1350,0,26205.3
2025-11-26,2026-03-31,23000,PE,57.75,57.75,52.2,54.1,54.1,2853,520275,-7350,26205.3
2025-11-26,2026-02-24,26850,PE,0.0,0.0,0.0,1063.25,775.05,0,0,0,26205.3
2025-11-26,2030-06-25,31000,PE,0.0,0.0,0.0,2424.0,1562.65,0,0,0,26205.3
2025-11-26,2025-12-09,24650,CE,1592.7,1605.35,1592.7,1605.35,1606.25,2,150,0,26205.3
2025-11-26,2025-12-09,24500,CE,1762.55,1762.55,1756.9,1759.75,1759.75,2,150,0,26205.3
2025-11-26,2025-12-09,24050,CE,2187.1,2225.55,2187.1,2222.6,2222.6,3,75,0,26205.3
2025-11-26,2025-12-02,24850,CE,1375.9,1375.9,1375.9,1375.9,1378.8,1,225,0,26205.3
2025-11-26,2025-12-02,24400,CE,1635.05,1815.0,1628.45,1815.0,1828.35,17,4500,300,26205.3
2025-11-26,2026-02-24,25850,PE,0.0,0.0,0.0,543.05,326.4,0,0,0,26205.3
2025-11-26,2026-02-24,25500,PE,238.25,239.65,198.5,201.2,201.2,726,31915,31915,26205.3
2025-11-26,2025-12-30,25500,CE,745.0,968.05,745.0,959.3,959.3,7286,723750,-22500,26205.3
2025-11-26,2025-12-30,25800,CE,440.75,721.0,440.75,710.0,710.0,5167,417225,-35025,26205.3
2025-11-26,2025-12-30,26250,CE,244.4,411.45,244.4,401.9,401.9,2903,93000,-14550,26205.3
2025-11-26,2025-12-30,27150,CE,39.35,68.25,38.5,64.7,64.7,604,17775,11700,26205.3
2025-11-26,2025-12-30,27350,CE,0.0,0.0,0.0,113.9,80.75,0,0,0,26205.3
2025-11-26,2025-12-30,28000,CE,8.25,9.6,7.15,8.95,8.95,24881,3168725,401825,26205.3
2025-11-26,2025-12-30,30000,CE,2.7,3.8,2.05,2.55,2.55,1951,720975,150,26205.3
2025-11-26,2026-01-27,23850,CE,0.0,0.0,0.0,2474.5,2595.65,0,65,0,26205.3
2025-11-26,2026-01-27,24150,CE,0.0,0.0,0.0,2192.1,2306.6,0,65,0,26205.3
2025-11-26,2026-01-27,25450,CE,0.0,0.0,0.0,1117.0,1162.45,0,130,0,26205.3
2025-11-26,2026-01-27,25600,CE,1000.7,1050.0,1000.7,1050.0,1050.05,33,5655,-65,26205.3
2025-11-26,2026-01-27,26400,CE,414.15,535.0,414.15,526.55,526.55,516,46930,11700,26205.3
2025-11-26,2026-01-27,26500,CE,340.0,480.0,335.0,472.8,472.8,5891,344500,40105,26205.3
2025-11-26,2026-01-27,26800,CE,243.8,338.0,243.8,326.25,326.25,1244,52455,11180,26205.3
2025-11-26,2026-01-27,27050,CE,173.4,237.1,171.2,231.1,231.1,57,2600,390,26205.3
2025-11-26,2026-01-27,27550,CE,0.0,0.0,0.0,327.85,159.05,0,0,0,26205.3
2025-11-26,2026-01-27,27650,CE,0.0,0.0,0.0,304.3,139.95,0,0,0,26205.3
2025-11-26,2026-02-24,24250,CE,0.0,0.0,0.0,2118.6,2338.6,0,0,0,26205.3
2025-11-26,2026-02-24,25250,CE,0.0,0.0,0.0,1344.9,1479.3,0,0,0,26205.3
2025-11-26,2026-02-24,26450,CE,0.0,0.0,0.0,663.85,693.95,0,0,0,26205.3
2025-11-26,2026-02-24,26600,CE,609.95,612.0,601.05,612.0,612.0,6,390,390,26205.3
2025-11-26,2026-06-30,23000,CE,0.0,0.0,0.0,3805.0,4010.0,0,750,0,26205.3
2025-11-26,2026-09-29,26000,CE,0.0,0.0,0.0,1930.0,1988.2,0,675,0,26205.3
2025-11-26,2027-12-28,19000,CE,0.0,0.0,0.0,5794.9,9361.45,0,0,0,26205.3
2025-11-26,2027-12-28,31000,CE,0.0,0.0,0.0,1546.6,1300.4,0,0,0,26205.3
2025-11-26,2028-06-27,23000,CE,0.0,0.0,0.0,4323.1,6535.1,0,0,0,26205.3
2025-11-26,2028-06-27,26000,CE,0.0,0.0,0.0,3200.9,4361.95,0,0,0,26205.3
2025-11-26,2029-06-26,31000,CE,0.0,0.0,0.0,4882.55,2871.4,0,0,0,26205.3
2025-11-26,2029-12-24,19000,CE,0.0,0.0,0.0,10714.6,11197.3,0,0,0,26205.3
2025-11-26,2029-12-24,22000,CE,0.0,0.0,0.0,8865.25,8907.2,0,0,0,26205.3
2025-11-26,2030-06-25,23000,CE,0.0,0.0,0.0,9179.65,8687.7,0,0,0,26205.3
2025-11-26,2030-06-25,31000,CE,0.0,0.0,0.0,5167.8,3946.4,0,0,0,26205.3
2025-11-26,2026-02-24,25250,PE,0.0,0.0,0.0,329.6,168.55,0,0,0,26205.3
2025-11-26,2026-02-24,25050,PE,0.0,0.0,0.0,275.2,131.55,0,0,0,26205.3
2025-11-26,2026-02-24,24600,PE,0.0,0.0,0.0,174.65,71.35,0,0,0,26205.3
2025-11-26,2026-02-24,24450,PE,0.0,0.0,0.0,148.45,57.15,0,0,0,26205.3
2025-11-26,2026-02-24,24300,PE,0.0,0.0,0.0,125.4,45.35,0,0,0,26205.3
2025-11-26,2026-01-27,26350,PE,461.65,464.65,372.7,374.7,374.7,144,5135,1495,26205.3
2025-11-26,2026-01-27,26200,PE,392.05,395.0,311.2,321.85,321.85,1183,68120,22750,26205.3
2025-11-26,2026-01-27,25600,PE,207.25,207.25,160.05,162.75,162.75,597,56225,3705,26205.3
2025-11-26,2026-01-27,24750,PE,71.4,71.4,60.0,60.4,60.4,91,6630,3120,26205.3
2025-11-26,2026-01-27,24350,PE,42.65,44.4,42.3,42.65,25.05,12,2145,130,26205.3
2025-11-26,2025-12-30,27050,PE,872.85,872.85,740.0,740.0,740.0,4,300,-150,26205.3
2025-11-26,2025-12-30,26550,PE,532.05,540.0,405.25,411.5,411.5,389,37500,-75,26205.3
2025-11-26,2025-12-30,26450,PE,472.0,477.05,353.0,359.7,359.7,480,25275,5625,26205.3
2025-11-26,2025-12-30,25900,PE,287.0,287.0,154.4,159.15,159.15,24413,816300,119925,26205.3
2025-11-26,2025-12-30,24500,PE,27.8,27.95,20.0,21.5,21.5,26323,1601250,45975,26205.3
2025-11-26,2025-12-30,23800,PE,10.9,12.9,7.85,10.8,10.8,5421,523950,222675,26205.3
2025-11-26,2025-12-30,23750,PE,12.05,12.3,10.45,10.45,0.7,62,6975,-900,26205.3
2025-11-26,2025-12-30,23250,PE,0.0,0.0,0.0,14.4,0.1,0,7725,0,26205.3
2025-11-26,2025-12-23,27750,PE,0.0,0.0,0.0,1722.65,1447.2,0,0,0,26205.3
2025-11-26,2025-12-23,27550,PE,0.0,0.0,0.0,1541.85,1261.05,0,0,0,26205.3
2025-11-26,2025-12-23,27250,PE,0.0,0.0,0.0,1281.95,994.85,0,0,0,26205.3
2025-11-26,2025-12-23,27150,PE,0.0,0.0,0.0,1198.95,910.65,0,0,0,26205.3
2025-11-26,2025-12-23,25500,PE,100.65,100.65,61.2,64.3,64.3,549,21900,6450,26205.3
2025-11-26,2025-12-02,24700,PE,3.2,3.85,2.15,3.3,3.3,236929,2585400,1445250,26205.3
2025-11-26,2025-12-02,24750,PE,2.65,4.05,2.25,3.5,3.5,64789,524850,411300,26205.3
2025-11-26,2025-12-02,25400,PE,15.9,15.9,6.95,7.55,7.55,465963,5490900,1509300,26205.3
2025-11-26,2025-12-02,26050,PE,187.2,187.4,64.55,69.95,69.95,1138114,4700100,4125525,26205.3
2025-11-26,2025-12-02,27250,PE,1205.0,1205.0,1013.75,1016.0,1016.0,17,8250,0,26205.3
2025-11-26,2025-12-02,27350,PE,0.0,0.0,0.0,1177.85,1119.3,0,0,0,26205.3
2025-11-26,2025-12-02,27900,PE,0.0,0.0,0.0,1761.35,1668.35,0,75,0,26205.3
2025-11-26,2025-12-09,24450,PE,3.7,5.6,3.7,5.0,5.0,253,10275,9450,26205.3
2025-11-26,2025-12-09,24800,PE,10.0,10.0,6.35,7.2,7.2,7460,204900,98775,26205.3
2025-11-26,2025-12-09,24950,PE,10.35,10.35,7.8,8.6,8.6,1354,34200,13875,26205.3
2025-11-26,2025-12-09,27850,PE,1579.65,1582.4,1570.9,1577.65,1577.65,3,0,-75,26205.3
2025-11-26,2025-12-16,24200,PE,0.0,0.0,0.0,37.3,0.35,0,0,0,26205.3
2025-11-26,2025-12-16,24300,PE,0.0,0.0,0.0,45.6,0.6,0,0,0,26205.3
2025-11-26,2025-12-16,25350,PE,51.65,51.65,31.8,32.25,32.25,114,3450,-1050,26205.3
2025-11-26,2025-12-16,26000,PE,229.75,229.75,131.0,135.85,135.85,6359,244125,106800,26205.3
2025-11-26,2025-12-16,26150,PE,270.05,270.75,180.3,183.95,183.95,697,18675,13800,26205.3
2025-11-26,2025-12-16,27250,PE,961.55,961.55,957.45,959.5,959.5,2,0,0,26205.3
2025-11-26,2025-12-16,27400,PE,1096.2,1096.2,1090.35,1093.3,1093.3,2,0,0,26205.3
2025-11-26,2026-12-29,26000,CE,2515.85,2653.65,2510.0,2648.45,2648.45,163,130200,5925,26205.3
2025-11-26,2027-12-28,28000,CE,0.0,0.0,0.0,2639.2,2551.25,0,0,0,26205.3
2025-11-26,2027-12-28,30000,CE,0.0,0.0,0.0,1877.7,1650.1,0,0,0,26205.3
2025-11-26,2028-06-27,30000,CE,0.0,0.0,0.0,2278.45,2202.6,0,0,0,26205.3
2025-11-26,2028-12-26,21000,CE,0.0,0.0,0.0,7512.5,8672.8,0,0,0,26205.3
2025-11-26,2029-06-26,23000,CE,0.0,0.0,0.0,8636.0,7648.5,0,0,0,26205.3
2025-11-26,2029-12-24,29000,CE,0.0,0.0,0.0,5305.8,4373.25,0,0,0,26205.3
2025-11-26,2025-12-09,25550,PE,84.0,84.0,27.2,29.25,29.25,9695,100725,37275,26205.3
2025-11-26,2025-12-09,24600,PE,8.05,8.15,5.45,6.15,6.15,6154,249075,36150,26205.3
2025-11-26,2025-12-02,27750,PE,1526.2,1526.2,1526.2,1526.2,1518.5,1,75,0,26205.3
2025-11-26,2025-12-02,27550,PE,0.0,0.0,0.0,1404.0,1318.75,0,75,0,26205.3
2025-11-26,2025-12-02,27050,PE,990.15,990.15,815.1,815.1,815.1,20,975,750,26205.3
2025-11-26,2025-12-02,26950,PE,890.0,890.0,720.95,722.15,722.15,45,2475,1125,26205.3
2025-11-26,2025-12-02,26700,PE,800.0,800.0,470.6,485.2,485.2,3249,117450,20100,26205.3
2025-11-26,2025-12-02,26550,PE,520.0,535.35,337.05,350.95,350.95,3982,27675,20100,26205.3
2025-11-26,2025-12-02,26350,PE,366.95,366.95,191.55,201.3,201.3,90807,489225,449100,26205.3
2025-11-26,2025-12-02,24000,PE,1.7,2.45,1.5,2.15,2.15,229995,3445350,2329725,26205.3
2025-11-26,2030-06-25,19000,CE,0.0,0.0,0.0,11740.5,11626.15,0,0,0,26205.3
2025-11-26,2025-12-02,23800,CE,0.0,0.0,0.0,2180.0,2427.8,0,975,0,26205.3
2025-11-26,2025-12-02,24000,CE,1922.5,2241.5,1922.5,2219.65,2219.65,406,87525,-675,26205.3
2025-11-26,2025-12-02,24050,CE,0.0,0.0,0.0,2094.3,2178.0,0,150,0,26205.3
2025-11-26,2025-12-02,24450,CE,1774.0,1774.0,1773.9,1773.9,1778.4,2,1425,0,26205.3
2025-11-26,2025-12-02,24900,CE,1136.95,1334.45,1129.15,1330.7,1330.7,80,7950,-3975,26205.3
2025-11-26,2025-12-02,25100,CE,928.2,1131.0,928.2,1131.0,1131.0,180,65025,975,26205.3
2025-11-26,2025-12-02,25800,CE,222.0,470.75,201.75,449.65,449.65,140766,519300,-306450,26205.3
2025-11-26,2025-12-02,25850,CE,213.0,426.15,172.55,406.3,406.3,97210,246375,-267000,26205.3
2025-11-26,2025-12-02,26000,CE,91.0,302.0,90.5,281.9,281.9,1520172,5081025,-2049225,26205.3
2025-11-26,2025-12-02,26050,CE,91.0,263.3,86.55,244.45,244.45,881884,1233900,-160425,26205.3
2025-11-26,2025-12-02,26700,CE,3.2,13.85,3.2,10.5,10.5,732180,5104425,2092350,26205.3
2025-11-26,2025-12-02,26900,CE,2.3,5.1,2.05,3.95,3.95,588887,3280650,777450,26205.3
2025-11-26,2025-12-09,23800,CE,2435.6,2474.15,2435.6,2471.25,2471.25,3,75,0,26205.3
2025-11-26,2027-06-29,27000,CE,0.0,0.0,0.0,1932.5,2454.1,0,0,0,26205.3
2025-11-26,2025-12-09,23850,CE,2409.05,2409.05,2403.4,2406.25,2406.25,2,150,0,26205.3
2025-11-26,2025-12-09,24250,CE,2010.85,2010.85,2006.0,2008.45,2008.45,2,150,0,26205.3
2025-11-26,2025-12-09,24750,CE,1515.85,1515.85,1510.65,1513.25,1513.25,2,75,0,26205.3
2025-11-26,2025-12-09,25700,CE,441.45,629.15,436.1,613.45,613.45,1551,74475,12375,26205.3
2025-11-26,2025-12-09,26700,CE,18.8,53.0,18.8,48.9,48.9,37770,531225,223800,26205.3
2025-11-26,2025-12-09,26850,CE,10.1,28.95,10.1,26.55,26.55,8256,96450,44400,26205.3
2025-11-26,2025-12-09,26900,CE,9.1,23.7,8.15,21.6,21.6,25144,428925,40425,26205.3
2025-11-26,2025-12-09,27250,CE,1.65,5.3,1.65,4.75,4.75,1711,35925,23325,26205.3
2025-11-26,2025-12-09,27400,CE,3.45,3.7,2.5,2.85,2.85,5948,46500,25650,26205.3
2025-11-26,2025-12-16,24250,CE,0.0,0.0,0.0,1627.65,2032.05,0,0,0,26205.3
2025-11-26,2025-12-16,24450,CE,0.0,0.0,0.0,1448.5,1833.45,0,0,0,26205.3
2025-11-26,2025-12-16,24650,CE,0.0,0.0,0.0,1276.3,1635.75,0,0,0,26205.3
2025-11-26,2025-12-16,24800,CE,0.0,0.0,0.0,1152.55,1488.65,0,0,0,26205.3
2025-11-26,2025-12-16,26600,CE,66.85,130.75,64.8,123.2,123.2,2375,83850,43500,26205.3
2025-11-26,2025-12-16,26700,CE,49.4,97.0,47.6,93.3,93.3,1543,68250,29325,26205.3
2025-11-26,2025-12-16,26900,CE,0.0,0.0,0.0,124.0,88.8,0,0,0,26205.3
2025-11-26,2025-12-16,27850,CE,0.0,0.0,0.0,3.8,5.95,0,450,0,26205.3
2025-11-26,2025-12-23,24800,CE,0.0,0.0,0.0,1332.2,1522.55,0,0,0,26205.3
2025-11-26,2025-12-23,24900,CE,0.0,0.0,0.0,1247.65,1427.2,0,0,0,26205.3
2025-11-26,2025-12-23,25150,CE,0.0,0.0,0.0,1046.25,1194.8,0,0,0,26205.3
2025-11-26,2025-12-23,25700,CE,571.0,746.0,567.85,739.2,739.2,224,3750,-3525,26205.3
2025-11-26,2025-12-23,25900,CE,426.75,590.4,424.75,569.05,589.1,146,7125,-150,26205.3
2025-11-26,2025-12-23,26050,CE,380.0,485.0,380.0,478.85,492.3,41,2025,-375,26205.3
2025-11-26,2025-12-23,26450,CE,151.95,249.0,149.95,241.05,241.05,100,4050,975,26205.3
2025-11-26,2025-12-23,26750,CE,72.15,121.8,70.25,120.9,120.9,50,1275,525,26205.3
2025-11-26,2025-12-23,27000,CE,35.2,64.95,35.05,61.35,61.35,1620,64875,23475,26205.3
2025-11-26,2025-12-23,27800,CE,7.8,8.55,6.1,8.0,8.0,35,1125,675,26205.3
2025-11-26,2030-06-25,26000,PE,0.0,0.0,0.0,1065.5,451.55,0,0,0,26205.3
2025-11-26,2029-12-24,29000,PE,0.0,0.0,0.0,1669.2,1104.4,0,0,0,26205.3
2025-11-26,2029-12-24,27000,PE,0.0,0.0,0.0,1177.9,651.1,0,0,0,26205.3
2025-11-26,2029-12-24,26000,PE,0.0,0.0,0.0,1000.0,481.0,0,150,0,26205.3
2025-11-26,2029-12-24,23000,PE,0.0,0.0,0.0,550.0,159.5,0,2550,0,26205.3
2025-11-26,2029-06-26,31000,PE,0.0,0.0,0.0,2338.75,1893.55,0,0,0,26205.3
2025-11-26,2029-06-26,21000,PE,0.0,0.0,0.0,320.25,59.0,0,0,0,26205.3
2025-11-26,2028-12-26,27000,PE,0.0,0.0,0.0,940.0,748.1,0,150,0,26205.3
2025-11-26,2028-06-27,28000,PE,0.0,0.0,0.0,3161.35,1089.75,0,0,0,26205.3
2025-11-26,2028-06-27,22000,PE,0.0,0.0,0.0,470.05,87.5,0,325,0,26205.3
2025-11-26,2027-12-28,24000,PE,0.0,0.0,0.0,490.0,238.05,0,4500,0,26205.3
2025-11-26,2027-12-28,21000,PE,0.0,0.0,0.0,340.0,37.6,0,1025,0,26205.3
2025-11-26,2027-06-29,25000,PE,0.0,0.0,0.0,5619.05,371.0,0,0,0,26205.3
2025-11-26,2026-09-29,25000,PE,352.0,352.0,345.9,345.9,300.95,5,8925,225,26205.3
2025-11-26,2026-02-24,27650,PE,0.0,0.0,0.0,1618.25,1303.2,0,0,0,26205.3
2025-11-26,2026-02-24,27550,PE,0.0,0.0,0.0,1543.95,1229.85,0,0,0,26205.3
2025-11-26,2026-02-24,26900,PE,0.0,0.0,0.0,1094.55,803.85,0,0,0,26205.3
2025-11-26,2026-02-24,25700,PE,0.0,0.0,0.0,482.9,279.75,0,0,0,26205.3
2025-11-26,2026-02-24,24850,PE,0.0,0.0,0.0,225.85,101.2,0,0,0,26205.3
2025-11-26,2026-02-24,24800,PE,0.0,0.0,0.0,214.8,94.55,0,0,0,26205.3
2025-11-26,2026-01-27,27150,PE,0.0,0.0,0.0,919.85,937.9,0,65,0,26205.3
2025-11-26,2026-01-27,26600,PE,617.0,617.0,482.65,487.65,487.65,868,43550,34905,26205.3
2025-11-26,2026-01-27,26450,PE,511.1,511.15,414.2,418.8,418.8,27,2990,910,26205.3
2025-11-26,2026-01-27,25650,PE,210.8,210.8,171.0,171.55,171.55,31,2405,325,26205.3
2025-11-26,2026-01-27,24500,PE,56.1,56.1,46.15,46.9,46.9,6217,530075,64090,26205.3
2025-11-26,2026-01-27,24050,PE,34.0,34.4,32.0,32.0,13.35,15,1105,325,26205.3
2025-11-26,2026-01-27,24000,PE,35.6,35.8,31.0,31.8,31.8,2015,207935,19890,26205.3
2025-11-26,2025-12-30,27900,PE,1567.9,1580.5,1512.7,1512.7,1512.7,5,450,75,26205.3
2025-11-26,2025-12-30,27850,PE,1500.95,1501.65,1499.85,1499.85,1525.2,4,1425,0,26205.3
2025-11-26,2025-12-30,27550,PE,1204.25,1204.25,1202.0,1202.0,1252.4,2,225,0,26205.3
2025-11-26,2025-12-30,27150,PE,834.05,838.05,834.05,836.05,836.05,2,375,0,26205.3
2025-11-26,2025-12-30,25550,PE,169.0,169.0,88.65,91.05,91.05,1975,86775,35700,26205.3
2025-11-26,2025-12-30,25500,PE,153.7,153.7,82.4,84.85,84.85,61831,4476750,102600,26205.3
2025-11-26,2025-12-30,24700,PE,30.05,30.5,25.25,26.8,26.8,7323,443775,-77400,26205.3
2025-11-26,2025-12-30,24400,PE,21.8,23.7,17.7,19.35,19.35,4095,207675,4650,26205.3
2025-11-26,2025-12-30,24300,PE,19.95,20.45,15.9,17.8,17.8,5135,264150,64875,26205.3
2025-11-26,2025-12-23,27850,PE,0.0,0.0,0.0,1814.85,1542.1,0,0,0,26205.3
2025-11-26,2025-12-23,27400,PE,0.0,0.0,0.0,1410.0,1125.65,0,0,0,26205.3
2025-11-26,2025-12-23,27000,PE,0.0,0.0,0.0,1199.0,789.75,0,225,0,26205.3
2025-11-26,2025-12-23,26700,PE,0.0,0.0,0.0,853.7,570.85,0,0,0,26205.3
2025-11-26,2025-12-23,26150,PE,276.6,276.6,217.95,224.0,267.0,49,3600,1200,26205.3
2025-11-26,2025-12-23,25800,PE,162.85,163.45,110.0,112.5,112.5,601,28575,16875,26205.3
2025-11-26,2025-12-23,24950,PE,0.0,0.0,0.0,100.65,18.8,0,0,0,26205.3
2025-11-26,2025-12-23,24900,PE,26.0,26.0,22.1,22.9,22.9,31,1725,300,26205.3
2025-11-26,2025-12-23,24150,PE,10.25,10.25,10.25,10.25,10.25,7,525,525,26205.3
2025-11-26,2025-12-16,27650,PE,1500.0,1500.0,1337.65,1337.65,1337.65,16,1200,1200,26205.3
2025-11-26,2025-12-16,27450,PE,1153.15,1153.15,1146.25,1149.7,1149.7,2,0,0,26205.3
2025-11-26,2025-12-16,26900,PE,652.75,652.75,651.05,651.05,698.85,2,75,75,26205.3
2025-11-26,2025-12-16,25150,PE,23.0,23.1,22.3,22.3,22.3,20,1350,1350,26205.3
2025-11-26,2025-12-09,27900,PE,1622.95,1632.15,1620.2,1625.1,1625.1,3,0,-75,26205.3
2025-11-26,2025-12-09,27650,PE,1381.5,1385.7,1376.2,1381.15,1381.15,3,0,-75,26205.3
2025-11-26,2025-12-23,27850,CE,0.0,0.0,0.0,37.35,15.65,0,0,0,26205.3
2025-11-26,2025-12-30,23150,CE,3216.4,3216.4,3203.85,3210.15,3210.15,2,11100,0,26205.3
2025-11-26,2025-12-30,23900,CE,2492.15,2492.15,2468.05,2481.75,2481.75,7,1050,0,26205.3
2025-11-26,2025-12-30,24450,CE,1916.2,1916.2,1915.1,1915.1,1893.5,4,300,0,26205.3
2025-11-26,2025-12-30,24550,CE,1831.75,1843.45,1831.75,1837.6,1837.6,2,150,0,26205.3
2025-11-26,2025-12-30,25950,CE,397.0,609.0,397.0,598.25,598.25,1618,34725,-17250,26205.3
2025-11-26,2025-12-30,26050,CE,384.35,540.0,377.2,529.3,529.3,2323,53850,-7275,26205.3
2025-11-26,2025-12-30,26200,CE,231.75,445.0,231.75,433.2,433.2,54603,2146275,179925,26205.3
2025-11-26,2025-12-30,26700,CE,92.0,189.5,92.0,181.9,181.9,18772,734475,40200,26205.3
2025-11-26,2025-12-30,27650,CE,10.25,18.7,10.25,17.65,17.65,392,32475,1500,26205.3
2025-11-26,2026-01-27,24750,CE,1649.95,1723.8,1649.95,1723.8,1749.0,2,260,0,26205.3
2025-11-26,2026-01-27,25950,CE,607.05,829.85,607.05,829.85,810.35,36,1625,-845,26205.3
2025-11-26,2026-01-27,26250,CE,499.95,625.75,499.35,616.35,616.35,44,2665,0,26205.3
2025-11-26,2026-01-27,26950,CE,193.95,278.0,193.95,278.0,278.0,49,2405,845,26205.3
2025-11-26,2026-01-27,27300,CE,111.65,162.25,111.65,158.3,158.3,2166,136955,46995,26205.3
2025-11-26,2026-01-27,27850,CE,0.0,0.0,0.0,258.35,107.25,0,0,0,26205.3
2025-11-26,2026-02-24,24150,CE,0.0,0.0,0.0,2203.95,2430.95,0,0,0,26205.3
2025-11-26,2026-02-24,25400,CE,0.0,0.0,0.0,1243.8,1363.95,0,0,0,26205.3
2025-11-26,2025-12-09,27550,PE,1282.85,1287.85,1282.85,1285.35,1285.35,2,75,0,26205.3
2025-11-26,2025-12-09,27250,PE,994.1,994.1,987.15,990.65,990.65,2,75,-75,26205.3
2025-11-26,2025-12-09,26800,PE,740.0,750.0,546.05,553.3,553.3,688,33975,31200,26205.3
2025-11-26,2025-12-09,26750,PE,598.0,598.0,511.7,511.7,511.7,26,900,525,26205.3
2025-11-26,2025-12-09,26450,PE,490.65,490.65,288.0,294.45,294.45,754,15900,14475,26205.3
2025-11-26,2025-12-09,25950,PE,180.0,180.1,81.45,86.7,86.7,22704,658350,546225,26205.3
2025-11-26,2026-02-24,26150,CE,0.0,0.0,0.0,806.3,858.9,0,0,0,26205.3
2025-11-26,2026-02-24,26800,CE,0.0,0.0,0.0,521.05,529.4,0,0,0,26205.3
2025-11-26,2026-02-24,27200,CE,0.0,0.0,0.0,386.85,377.2,0,0,0,26205.3
2025-11-26,2026-03-31,21000,CE,5680.0,5680.0,5680.0,5680.0,5680.0,6,82425,450,26205.3
2025-11-26,2026-06-30,18000,CE,0.0,0.0,0.0,7400.0,8807.5,0,100,0,26205.3
2025-11-26,2026-06-30,22000,CE,0.0,0.0,0.0,2722.55,4950.9,0,0,0,26205.3
2025-11-26,2026-06-30,25000,CE,2310.0,2474.85,2310.0,2450.85,2450.85,137,50250,3750,26205.3
2025-11-26,2026-06-30,30000,CE,123.0,136.15,123.0,134.6,134.6,256,136575,1125,26205.3
2025-11-26,2026-06-30,31000,CE,0.0,0.0,0.0,507.8,88.45,0,0,0,26205.3
2025-11-26,2026-06-30,27000,CE,959.8,1055.8,957.85,1048.1,1048.1,1016,496500,6600,26205.3
2025-11-26,2026-09-29,30000,CE,0.0,0.0,0.0,300.0,378.05,0,300,0,26205.3
2025-11-26,2026-12-29,16000,CE,0.0,0.0,0.0,6200.0,11177.7,0,50,0,26205.3
2025-11-26,2026-12-29,24000,CE,0.0,0.0,0.0,4015.0,3840.2,0,12075,0,26205.3
2025-11-26,2026-12-29,28000,CE,1250.0,1398.5,1248.25,1338.2,1338.2,496,256350,13200,26205.3
2025-11-26,2027-06-29,25000,CE,0.0,0.0,0.0,2090.05,3759.3,0,0,0,26205.3
2025-11-26,2027-06-29,28000,CE,0.0,0.0,0.0,2186.3,1923.4,0,0,0,26205.3
2025-11-26,2028-06-27,19000,CE,0.0,0.0,0.0,6252.25,9841.4,0,0,0,26205.3
2025-11-26,2028-12-26,22000,CE,0.0,0.0,0.0,6932.45,7876.55,0,0,0,26205.3
2025-11-26,2028-12-26,30000,CE,0.0,0.0,0.0,2901.0,2760.15,0,8025,0,26205.3
2025-11-26,2030-06-25,28000,CE,0.0,0.0,0.0,6483.0,5480.6,0,0,0,26205.3
2025-11-26,2025-12-02,26250,PE,286.25,286.25,136.75,144.65,144.65,361683,1352400,1183575,26205.3
2025-11-26,2025-12-02,26400,PE,390.8,402.05,223.3,233.4,233.4,124775,660675,473325,26205.3
2025-11-26,2025-12-02,26650,PE,620.1,630.15,425.75,439.1,439.1,1391,32100,8775,26205.3
2025-11-26,2025-12-09,25400,PE,40.5,40.5,17.4,18.95,18.95,38207,880575,641700,26205.3
2025-11-26,2025-12-09,25500,PE,53.2,63.0,23.5,25.45,25.45,43484,875175,397575,26205.3
2025-11-26,2025-12-09,25600,PE,99.0,99.0,31.05,33.55,33.55,31309,517125,209400,26205.3
2025-11-26,2025-12-16,25000,PE,24.9,24.9,16.9,17.4,17.4,3392,109800,-6525,26205.3
2025-11-26,2025-12-16,25200,PE,35.0,35.15,22.7,23.8,23.8,1239,43575,13800,26205.3
2025-11-26,2025-12-16,25900,PE,190.05,190.05,105.6,109.75,109.75,2095,72225,31800,26205.3
2025-11-26,2025-12-16,26100,PE,276.8,276.8,161.5,167.2,167.2,2399,69300,23250,26205.3
2025-11-26,2025-12-16,26750,PE,539.8,539.8,512.8,512.8,512.8,4,150,150,26205.3
2025-11-26,2025-12-16,27300,PE,1009.05,1009.05,1004.95,1007.0,1007.0,2,0,0,26205.3
2025-11-26,2025-12-23,25050,PE,0.0,0.0,0.0,115.25,24.95,0,75,0,26205.3
2025-11-26,2025-12-23,25700,PE,142.0,142.0,90.65,93.85,93.85,466,34275,11775,26205.3
2025-11-26,2025-12-23,27650,PE,0.0,0.0,0.0,1631.6,1353.45,0,0,0,26205.3
2025-11-26,2025-12-30,13000,PE,1.6,1.7,1.05,1.15,1.15,15,29225,75,26205.3
2025-11-26,2025-12-30,23450,PE,0.0,0.0,0.0,14.0,0.2,0,2250,0,26205.3
2025-11-26,2025-12-30,23950,PE,14.0,14.0,11.3,13.1,13.1,3,15000,0,26205.3
2025-11-26,2025-12-30,25600,PE,178.0,178.0,94.85,98.0,98.0,21377,1273275,292125,26205.3
2025-11-26,2025-12-30,26650,PE,596.95,598.15,463.4,468.95,468.95,148,7425,900,26205.3
2025-11-26,2025-12-16,26500,CE,79.95,169.0,79.95,162.0,162.0,3790,104100,6000,26205.3
2025-11-26,2025-12-09,24600,CE,1652.95,1656.15,1652.95,1656.15,1656.0,2,225,0,26205.3
2025-11-26,2025-12-09,26250,CE,113.15,224.8,112.7,212.0,212.0,13483,140925,70800,26205.3
2025-11-26,2025-12-09,27700,CE,1.8,2.2,1.65,1.75,1.75,1101,41025,32625,26205.3
2025-11-26,2025-12-16,25350,CE,980.15,980.15,975.8,978.0,978.0,2,75,75,26205.3
2025-11-26,2025-12-30,26850,PE,705.0,705.0,598.95,598.95,598.95,55,3300,450,26205.3
2025-11-26,2025-12-30,27100,PE,982.5,982.5,780.0,785.5,785.5,92,17175,-750,26205.3
2025-11-26,2026-01-27,24250,PE,38.65,38.65,38.65,38.65,20.45,3,2210,65,26205.3
2025-11-26,2026-01-27,26650,PE,523.85,530.3,502.8,510.0,510.0,19,1820,780,26205.3
2025-11-26,2026-01-27,27300,PE,930.0,930.85,930.0,930.85,1045.35,2,1755,-65,26205.3
2025-11-26,2026-01-27,27550,PE,0.0,0.0,0.0,1306.9,1236.0,0,130,0,26205.3
2025-11-26,2026-02-24,25300,PE,0.0,0.0,0.0,344.65,178.9,0,0,0,26205.3
2025-11-26,2026-02-24,26100,PE,381.2,381.2,345.05,348.85,348.85,51,2015,2015,26205.3
2025-11-26,2026-02-24,26700,PE,0.0,0.0,0.0,972.25,692.2,0,0,0,26205.3
2025-11-26,2026-02-24,27350,PE,0.0,0.0,0.0,1397.05,1089.05,0,0,0,26205.3
2025-11-26,2026-06-30,14000,PE,0.0,0.0,0.0,19.9,0.05,0,1525,0,26205.3
2025-11-26,2026-06-30,22000,PE,72.0,72.0,66.5,66.8,66.8,207,97050,1275,26205.3
2025-11-26,2026-06-30,24000,PE,180.5,180.5,161.05,164.2,164.2,563,397050,11250,26205.3
2025-11-26,2026-06-30,26000,PE,515.05,516.6,464.8,467.85,467.85,978,393075,2625,26205.3
2025-11-26,2026-06-30,29000,PE,2000.0,2000.0,1895.1,1927.0,2172.7,15,1650,-75,26205.3
2025-11-26,2027-06-29,26000,PE,0.0,0.0,0.0,6202.2,592.4,0,0,0,26205.3
2025-11-26,2028-12-26,19000,PE,0.0,0.0,0.0,158.0,14.0,0,0,0,26205.3
2025-11-26,2026-01-27,25050,CE,1408.7,1548.25,1370.85,1548.25,1548.25,8,65,-65,26205.3
2025-11-26,2025-12-30,26500,CE,155.0,276.2,155.0,266.75,266.75,77526,3239325,-868650,26205.3
2025-11-26,2025-12-30,17000,CE,9200.0,9285.0,9200.0,9285.0,9285.0,9,110250,150,26205.3
2025-11-26,2025-12-23,27200,CE,20.0,35.0,19.05,33.65,33.65,458,21825,16950,26205.3
2025-11-26,2025-12-23,25200,CE,0.0,0.0,0.0,1007.85,1149.6,0,0,0,26205.3
2025-11-26,2025-12-23,24850,CE,0.0,0.0,0.0,1289.65,1474.75,0,0,0,26205.3
2025-11-26,2025-12-23,24700,CE,0.0,0.0,0.0,1418.65,1618.85,0,0,0,26205.3
2025-11-26,2025-12-16,26650,CE,100.1,111.5,80.45,108.1,108.1,217,7050,7050,26205.3
2025-11-26,2026-01-27,26050,CE,627.0,738.55,621.0,738.55,748.15,83,5395,1300,26205.3
2025-11-26,2026-01-27,26350,CE,436.65,535.55,436.65,535.4,579.05,45,3900,-260,26205.3
2025-11-26,2026-01-27,27950,CE,33.1,50.0,33.1,48.15,48.15,1324,65455,41990,26205.3
2025-11-26,2026-02-24,26550,CE,0.0,0.0,0.0,620.55,643.85,0,0,0,26205.3
2025-11-26,2026-03-31,25000,CE,1800.0,1990.0,1799.95,1972.5,1972.5,488,362100,-5925,26205.3
2025-11-26,2026-03-31,28000,CE,203.85,249.85,203.85,246.35,246.35,2688,950325,7875,26205.3
2025-11-26,2025-12-16,24500,PE,8.8,10.4,8.2,9.4,9.4,644,68025,20325,26205.3
2025-11-26,2025-12-09,27800,PE,1529.95,1532.65,1521.15,1527.95,1527.95,3,0,-75,26205.3
2025-11-26,2025-12-09,27750,PE,1479.15,1485.2,1475.25,1479.9,1479.9,3,0,-75,26205.3
2025-11-26,2025-12-09,26000,PE,180.95,184.05,95.5,100.6,100.6,66840,1196775,574275,26205.3
2025-11-26,2025-12-09,25700,PE,98.0,105.35,41.55,44.55,44.55,50926,837450,384375,26205.3
2025-11-26,2025-12-02,24100,CE,0.0,0.0,0.0,1945.0,2128.05,0,300,0,26205.3
2025-11-26,2025-12-02,24600,CE,1446.6,1618.0,1428.45,1618.0,1618.0,25,6075,150,26205.3
2025-11-26,2025-12-02,25000,CE,1027.45,1245.0,1023.4,1230.2,1230.2,1770,131850,-32400,26205.3
2025-11-26,2025-12-02,25300,CE,736.1,948.1,727.3,925.9,925.9,1479,73725,-75,26205.3
2025-11-26,2025-12-02,26200,CE,45.0,162.0,39.5,146.4,146.4,2704799,6544125,685875,26205.3
2025-11-26,2025-12-02,26300,CE,31.15,108.45,25.45,96.05,96.05,1859024,5134425,827775,26205.3
2025-11-26,2025-12-02,27500,CE,1.15,1.4,0.95,1.05,1.05,378008,4259250,1362825,26205.3
2025-11-26,2025-12-02,27800,CE,0.8,0.9,0.7,0.85,0.85,104029,2319900,21675,26205.3
2025-11-26,2025-12-09,23900,CE,2334.9,2374.8,2334.9,2371.85,2371.85,3,75,0,26205.3
2025-11-26,2025-12-09,24000,CE,2190.0,2260.0,2190.0,2259.0,2259.0,9,900,525,26205.3
2025-11-26,2025-12-09,24450,CE,1789.95,1814.8,1789.95,1811.7,1811.7,3,75,0,26205.3
2025-11-26,2025-12-09,25300,CE,921.65,990.6,921.65,974.15,974.15,50,8400,750,26205.3
2025-11-26,2025-12-09,25500,CE,600.0,813.25,599.25,796.45,796.45,2021,116025,-74250,26205.3
2025-11-26,2025-12-09,25800,CE,340.0,542.8,339.95,526.9,526.9,5689,115350,32175,26205.3
2025-11-26,2025-12-09,26000,CE,180.0,388.3,180.0,371.7,371.7,42835,714975,-94350,26205.3
2025-11-26,2025-12-09,26750,CE,16.8,43.9,15.7,40.45,40.45,8139,106350,35250,26205.3
2025-11-26,2025-12-09,27800,CE,1.4,1.8,1.4,1.55,1.55,2973,99075,54675,26205.3
2025-11-26,2025-12-09,27900,CE,0.0,0.0,0.0,18.0,0.8,0,0,0,26205.3
2025-11-26,2025-12-16,24350,CE,0.0,0.0,0.0,1537.3,1932.65,0,0,0,26205.3
2025-11-26,2025-12-16,26050,CE,260.0,418.1,248.05,409.05,409.05,393,6600,-2625,26205.3
2025-11-26,2025-12-16,26100,CE,225.0,387.55,224.95,378.05,378.05,2040,47325,-4500,26205.3
2025-11-26,2025-12-16,26450,CE,108.8,188.95,108.8,183.85,183.85,174,5625,2475,26205.3
2025-11-26,2025-12-16,27550,CE,0.0,0.0,0.0,43.7,15.65,0,0,0,26205.3
2025-11-26,2025-12-16,27600,CE,5.8,5.8,3.35,5.2,5.2,83,17175,1425,26205.3
2025-11-26,2025-12-16,27750,CE,4.4,4.55,3.9,4.5,8.3,36,825,825,26205.3
2025-11-26,2025-12-23,26350,CE,225.6,296.2,225.6,296.2,296.2,38,1575,600,26205.3
2025-11-26,2025-12-23,26950,CE,0.0,0.0,0.0,156.65,120.7,0,0,0,26205.3
2025-11-26,2025-12-23,27050,CE,0.0,0.0,0.0,135.9,99.4,0,0,0,26205.3
2025-11-26,2025-12-30,24500,CE,1655.75,1894.2,1655.75,1886.05,1886.05,419,180525,20325,26205.3
2025-11-26,2025-12-30,24650,CE,1733.45,1745.1,1733.45,1739.3,1739.3,2,300,0,26205.3
2025-11-26,2025-12-30,24800,CE,1318.45,1594.55,1318.45,1569.75,1557.95,53,44625,-1425,26205.3
2025-11-26,2025-12-30,25050,CE,1337.35,1341.55,1337.35,1338.35,1326.75,3,1125,75,26205.3
2025-11-26,2025-12-30,25200,CE,995.0,1227.2,995.0,1225.6,1225.6,289,78225,-1125,26205.3
2025-11-26,2025-12-30,27450,CE,20.6,31.3,19.35,29.5,29.5,472,19050,4650,26205.3
2025-11-26,2025-12-30,27850,CE,0.0,0.0,0.0,69.35,29.25,0,0,0,26205.3
2025-11-26,2026-01-27,24650,CE,0.0,0.0,0.0,1435.55,1839.3,0,65,0,26205.3
2025-11-26,2026-01-27,24800,CE,1771.85,1771.85,1771.85,1771.85,1771.85,1,65,0,26205.3
2025-11-26,2026-01-27,26150,CE,582.15,694.2,582.15,683.7,683.7,29,2665,325,26205.3
2025-11-26,2026-01-27,27250,CE,161.55,173.65,158.35,170.75,170.75,269,5200,5135,26205.3
2025-11-26,2026-02-24,24450,CE,0.0,0.0,0.0,1951.65,2156.65,0,0,0,26205.3
2025-11-26,2026-02-24,24500,CE,2100.0,2200.0,2100.0,2200.0,2111.8,2,130,130,26205.3
2025-11-26,2026-02-24,24850,CE,0.0,0.0,0.0,1635.15,1806.35,0,0,0,26205.3
2025-11-26,2026-02-24,24900,CE,0.0,0.0,0.0,1597.35,1764.05,0,0,0,26205.3
2025-11-26,2026-02-24,25800,CE,1096.3,1112.05,1096.3,1112.05,1078.8,2,130,130,26205.3
2025-11-26,2026-02-24,26000,CE,864.7,1006.6,852.8,998.2,998.2,500,21775,21775,26205.3
2025-11-26,2026-02-24,26900,CE,0.0,0.0,0.0,484.7,487.85,0,0,0,26205.3
2025-11-26,2026-02-24,27650,CE,250.0,250.0,145.0,193.15,193.15,95,5330,5330,26205.3
2025-11-26,2026-03-31,23000,CE,3649.8,3790.0,3649.8,3762.75,3762.75,167,37500,9225,26205.3
2025-11-26,2026-06-30,21000,CE,0.0,0.0,0.0,3881.9,5909.85,0,0,0,26205.3
2025-11-26,2026-09-29,24000,CE,0.0,0.0,0.0,2671.85,3483.35,0,0,0,26205.3
2025-11-26,2027-06-29,19000,CE,0.0,0.0,0.0,7800.0,8867.8,0,75,0,26205.3
2025-11-26,2028-06-27,22000,CE,0.0,0.0,0.0,4759.5,7332.8,0,0,0,26205.3
2025-11-26,2028-12-26,24000,CE,0.0,0.0,0.0,5850.3,6355.1,0,0,0,26205.3
2025-11-26,2028-12-26,26000,CE,0.0,0.0,0.0,4879.7,4969.75,0,0,0,26205.3
2025-11-26,2029-06-26,29000,CE,0.0,0.0,0.0,5677.9,3810.25,0,0,0,26205.3
2025-11-26,2029-12-24,27000,CE,0.0,0.0,0.0,6201.65,5501.8,0,0,0,26205.3
2025-11-26,2030-06-25,24000,CE,0.0,0.0,0.0,8591.55,7993.2,0,0,0,26205.3
2025-11-26,2030-06-25,26000,CE,0.0,0.0,0.0,7487.55,6677.5,0,0,0,26205.3
2025-11-26,2025-12-02,24900,PE,3.85,4.65,2.75,4.0,4.0,225394,1862625,757275,26205.3
2025-11-26,2030-06-25,28000,PE,0.0,0.0,0.0,1532.2,791.55,0,0,0,26205.3
2025-11-26,2028-12-26,30000,PE,0.0,0.0,0.0,2352.75,1678.6,0,0,0,26205.3
2025-11-26,2028-06-27,23000,PE,0.0,0.0,0.0,1399.25,151.6,0,0,0,26205.3
2025-11-26,2027-12-28,25000,PE,0.0,0.0,0.0,700.0,383.2,0,2025,0,26205.3
2025-11-26,2027-06-29,30000,PE,0.0,0.0,0.0,4562.55,2286.85,0,0,0,26205.3
2025-11-26,2027-06-29,18000,PE,0.0,0.0,0.0,93.95,1.0,0,100,0,26205.3
2025-11-26,2026-12-29,14000,PE,0.0,0.0,0.0,20.05,0.05,0,2225,0,26205.3
2025-11-26,2026-09-29,31000,PE,0.0,0.0,0.0,4826.3,3553.65,0,0,0,26205.3
2025-11-26,2026-06-30,20000,PE,39.95,39.95,34.25,34.55,34.55,56,375000,2400,26205.3
2025-11-26,2026-02-24,27600,PE,0.0,0.0,0.0,1581.45,1266.25,0,0,0,26205.3
2025-11-26,2026-02-24,27400,PE,0.0,0.0,0.0,1432.85,1123.5,0,0,0,26205.3
2025-11-26,2026-02-24,27300,PE,0.0,0.0,0.0,1361.65,1055.15,0,0,0,26205.3
2025-11-26,2026-02-24,27100,PE,0.0,0.0,0.0,1224.5,925.0,0,0,0,26205.3
2025-11-26,2026-02-24,26800,PE,0.0,0.0,0.0,1032.4,746.8,0,0,0,26205.3
2025-11-26,2026-01-27,27900,PE,0.0,0.0,0.0,1577.0,1523.7,0,0,0,26205.3
2025-11-26,2026-01-27,27050,PE,762.55,762.55,762.55,762.55,869.4,1,260,0,26205.3
2025-11-26,2026-01-27,26950,PE,0.0,0.0,0.0,785.15,803.5,0,65,0,26205.3
2025-11-26,2026-01-27,26500,PE,555.05,555.05,430.9,440.8,440.8,6207,255775,47645,26205.3
2025-11-26,2026-01-27,24550,PE,56.45,56.45,49.5,49.8,49.8,35,3380,780,26205.3
2025-11-26,2025-12-30,26600,PE,567.0,583.2,432.05,437.4,437.4,2321,132975,16350,26205.3
2025-11-26,2025-12-30,26500,PE,525.0,536.65,377.0,382.15,382.15,17054,1979175,156150,26205.3
2025-11-26,2025-12-02,25250,PE,10.0,10.0,5.1,5.85,5.85,141572,1056450,262050,26205.3
2025-11-26,2025-12-02,25500,PE,20.0,22.65,8.9,9.65,9.65,609005,6910950,2302500,26205.3
2025-11-26,2025-12-02,26150,PE,225.75,225.75,94.75,101.7,101.7,1272955,4090575,3645000,26205.3
2025-11-26,2025-12-02,26800,PE,764.05,778.65,564.0,579.45,579.45,1499,49350,13800,26205.3
2025-11-26,2025-12-02,27450,PE,0.0,0.0,0.0,1280.0,1219.0,0,0,0,26205.3
2025-11-26,2025-12-02,27600,PE,0.0,0.0,0.0,1417.3,1368.7,0,225,0,26205.3
2025-11-26,2025-12-02,27700,PE,1553.8,1553.8,1466.75,1471.9,1471.9,4,375,75,26205.3
2025-11-26,2025-12-02,27950,PE,0.0,0.0,0.0,1811.25,1718.3,0,75,0,26205.3
2025-11-26,2025-12-09,24150,PE,4.1,5.05,3.2,4.15,4.15,301,10950,10275,26205.3
2025-11-26,2025-12-09,25300,PE,24.8,26.05,13.95,15.4,15.4,24364,488325,128025,26205.3
2025-11-26,2025-12-30,26100,PE,322.1,322.1,211.0,215.95,215.95,42884,1483875,330825,26205.3
2025-11-26,2025-12-30,25750,PE,227.0,227.0,121.4,124.5,124.5,4924,167250,46725,26205.3
2025-11-26,2025-12-30,25300,PE,90.25,99.7,59.65,60.85,60.85,13171,879675,32250,26205.3
2025-11-26,2025-12-30,24900,PE,43.1,43.1,33.8,34.75,34.75,11630,394650,-83475,26205.3
2025-11-26,2025-12-30,24200,PE,16.0,17.5,14.8,16.25,16.25,3322,230925,-17775,26205.3
2025-11-26,2025-12-30,23050,PE,6.55,9.4,6.55,7.95,7.95,126,6075,1725,26205.3
2025-11-26,2025-12-30,19000,PE,3.75,3.75,3.15,3.5,3.5,411,353500,-4350,26205.3
2025-11-26,2025-12-23,27950,PE,0.0,0.0,0.0,1908.1,1638.0,0,0,0,26205.3
2025-11-26,2025-12-23,27900,PE,0.0,0.0,0.0,1861.35,1589.95,0,0,0,26205.3
2025-11-26,2025-12-23,25950,PE,214.1,214.15,144.0,150.75,150.75,80,4050,1200,26205.3
2025-11-26,2025-12-23,24850,PE,0.0,0.0,0.0,84.7,13.95,0,0,0,26205.3
2025-11-26,2025-12-16,27600,PE,1288.25,1288.25,1273.55,1281.0,1281.0,6,0,0,26205.3
2025-11-26,2025-12-16,26300,PE,356.75,356.8,240.0,246.3,246.3,863,29550,2700,26205.3
2025-11-26,2025-12-16,24800,PE,17.0,17.0,11.4,12.8,12.8,367,15225,1350,26205.3
2025-11-26,2025-12-30,23600,CE,2585.0,2747.55,2585.0,2747.55,2747.55,5,2550,300,26205.3
2025-11-26,2025-12-30,23400,CE,2985.6,2985.6,2961.1,2973.35,2973.35,4,150,150,26205.3
2025-11-26,2025-12-30,22950,CE,0.0,0.0,0.0,3272.65,3377.9,0,1875,0,26205.3
2025-11-26,2025-12-30,20000,CE,6166.2,6363.8,6166.2,6338.3,6338.3,39,362600,-100,26205.3
2025-11-26,2025-12-23,27700,CE,0.0,0.0,0.0,48.6,23.05,0,0,0,26205.3
2025-11-26,2025-12-23,27250,CE,0.0,0.0,0.0,100.95,65.8,0,0,0,26205.3
2025-11-26,2025-12-02,24550,CE,1494.85,1494.85,1494.85,1494.85,1678.5,1,450,0,26205.3
2025-11-26,2025-12-02,25250,CE,783.85,989.65,781.1,978.3,978.3,397,9450,6900,26205.3
2025-11-26,2025-12-02,26150,CE,65.0,193.0,56.95,175.95,175.95,1592306,2110050,171900,26205.3
2025-11-26,2025-12-02,26350,CE,19.8,87.3,18.2,75.7,75.7,969288,1799325,-4275,26205.3
2025-11-26,2025-12-02,27450,CE,1.15,1.55,0.95,1.1,1.1,34161,353775,287400,26205.3
2025-11-26,2025-12-02,27650,CE,0.9,1.1,0.75,0.9,0.9,30901,724050,750,26205.3
2025-11-26,2025-12-09,27300,CE,3.95,4.9,2.95,4.15,4.15,11106,336825,62100,26205.3
2025-11-26,2025-12-16,24300,CE,0.0,0.0,0.0,1582.3,1982.35,0,0,0,26205.3
2025-11-26,2025-12-16,24550,CE,0.0,0.0,0.0,1361.45,1734.45,0,0,0,26205.3
2025-11-26,2025-12-16,24750,CE,0.0,0.0,0.0,1193.25,1537.55,0,0,0,26205.3
2025-11-26,2025-12-16,25150,CE,1168.6,1168.6,1163.5,1166.05,1166.05,2,0,0,26205.3
2025-11-26,2025-12-16,25650,CE,689.5,689.5,689.5,689.5,714.6,1,225,0,26205.3
2025-11-26,2025-12-16,25850,CE,407.0,560.85,397.8,556.35,556.35,144,1800,-1875,26205.3
2025-11-26,2030-06-25,27000,PE,0.0,0.0,0.0,1286.05,605.3,0,0,0,26205.3
2025-11-26,2029-06-26,29000,PE,0.0,0.0,0.0,1746.95,1204.8,0,0,0,26205.3
2025-11-26,2029-06-26,23000,PE,0.0,0.0,0.0,543.65,160.35,0,0,0,26205.3
2025-11-26,2028-12-26,29000,PE,0.0,0.0,0.0,2010.85,1316.5,0,0,0,26205.3
2025-11-26,2028-06-27,20000,PE,0.0,0.0,0.0,400.0,23.4,0,0,0,26205.3
2025-11-26,2027-06-29,22000,PE,0.0,0.0,0.0,3995.4,57.8,0,0,0,26205.3
2025-11-26,2026-12-29,23000,PE,184.8,185.0,170.0,171.4,171.4,132,181975,450,26205.3
2025-11-26,2026-12-29,20000,PE,86.05,90.0,86.0,87.85,87.85,15,35550,-225,26205.3
2025-11-26,2026-09-29,30000,PE,0.0,0.0,0.0,4017.1,2756.4,0,0,0,26205.3
2025-11-26,2026-06-30,30000,PE,2570.2,2778.4,2570.2,2778.4,2972.8,16,10575,75,26205.3
2025-11-26,2026-06-30,19000,PE,0.0,0.0,0.0,205.7,0.05,0,250,0,26205.3
2025-11-26,2026-06-30,16000,PE,0.0,0.0,0.0,19.9,0.05,0,2800,0,26205.3
2025-11-26,2026-06-30,12000,PE,0.0,0.0,0.0,20.0,0.05,0,325,0,26205.3
2025-11-26,2026-03-31,27000,PE,849.95,852.0,741.05,750.45,750.45,1665,544275,8625,26205.3
2025-11-26,2026-02-24,27150,PE,0.0,0.0,0.0,1258.1,956.7,0,0,0,26205.3
2025-11-26,2026-02-24,26550,PE,0.0,0.0,0.0,885.65,614.8,0,0,0,26205.3
2025-11-26,2026-02-24,25900,PE,315.0,315.0,285.0,285.0,285.0,15,650,650,26205.3
2025-11-26,2026-02-24,25200,PE,0.0,0.0,0.0,315.0,158.6,0,0,0,26205.3
2025-11-26,2026-02-24,24650,PE,0.0,0.0,0.0,184.1,76.65,0,0,0,26205.3
2025-11-26,2026-01-27,27500,PE,1281.0,1281.0,1053.6,1063.75,1063.75,132,29900,1690,26205.3
2025-11-26,2026-01-27,26850,PE,0.0,0.0,0.0,723.3,740.35,0,130,0,26205.3
2025-11-26,2026-01-27,26800,PE,698.05,703.9,582.0,585.1,585.1,167,8905,7020,26205.3
2025-11-26,2026-01-27,26400,PE,485.0,486.8,391.9,397.0,397.0,501,29575,11960,26205.3
2025-11-26,2026-01-27,26100,PE,349.15,357.5,284.9,289.75,289.75,1114,53885,20865,26205.3
2025-11-26,2026-01-27,26050,PE,330.15,337.35,275.8,276.25,276.25,34,3575,910,26205.3
2025-11-26,2026-01-27,24400,PE,55.5,55.5,41.4,42.05,42.05,388,68120,6045,26205.3
2025-11-26,2026-01-27,23950,PE,34.35,34.35,30.0,30.0,10.7,3,1950,65,26205.3
2025-11-26,2025-12-30,30000,PE,3773.1,3773.1,3577.3,3584.6,3584.6,173,220925,1050,26205.3
2025-11-26,2025-12-30,26300,PE,403.05,403.05,284.25,289.85,289.85,32574,1003350,421800,26205.3
2025-11-26,2025-12-30,26050,PE,272.95,277.65,195.05,199.8,199.8,4258,119100,56625,26205.3
2025-11-26,2025-12-30,26000,PE,310.0,310.0,181.15,185.25,185.25,105932,7700275,623500,26205.3
2025-11-26,2025-12-30,25250,PE,100.05,100.05,55.25,56.3,56.3,2079,103875,22500,26205.3
2025-11-26,2025-12-30,24350,PE,18.7,20.4,17.6,18.9,18.9,354,38025,8925,26205.3
2025-11-26,2025-12-30,23700,PE,11.9,11.95,9.9,11.05,11.05,831,85950,-4425,26205.3
2025-11-26,2025-12-30,23500,PE,9.5,13.65,8.15,10.05,10.05,13265,713775,55575,26205.3
2025-11-26,2025-12-30,23400,PE,8.5,9.9,8.5,9.25,9.25,3047,60750,-26175,26205.3
2025-11-26,2025-12-30,22000,PE,5.3,5.75,5.0,5.45,5.45,1764,1361200,-49950,26205.3
2025-11-26,2025-12-30,16000,PE,2.15,2.75,1.5,1.75,1.75,51,16100,0,26205.3
2025-11-26,2025-12-23,27800,PE,0.0,0.0,0.0,1768.65,1494.55,0,0,0,26205.3
2025-11-26,2025-12-23,27600,PE,0.0,0.0,0.0,1586.55,1307.05,0,0,0,26205.3
2025-11-26,2025-12-23,27050,PE,0.0,0.0,0.0,1118.05,829.3,0,0,0,26205.3
2025-11-26,2025-12-23,25550,PE,100.15,100.15,68.65,72.3,86.05,32,2250,525,26205.3
2025-11-26,2025-12-23,25150,PE,0.0,0.0,0.0,139.5,32.75,0,0,0,26205.3
2025-11-26,2025-12-16,26700,PE,502.45,503.0,476.1,476.1,476.1,8,300,300,26205.3
2025-11-26,2025-12-16,25800,PE,136.5,139.8,84.0,87.95,87.95,2458,78525,18450,26205.3
2025-11-26,2025-12-16,25750,PE,120.0,122.5,76.7,79.65,79.65,636,15525,12750,26205.3
2025-11-26,2025-12-16,24600,PE,9.0,11.7,9.0,10.2,10.2,31,4200,1875,26205.3
2025-11-26,2025-12-16,24450,PE,0.0,0.0,0.0,60.95,1.2,0,0,0,26205.3
2025-11-26,2025-12-09,27350,PE,1179.9,1179.9,1107.0,1107.0,1097.95,6,150,75,26205.3
2025-11-26,2025-12-09,25800,PE,139.4,139.4,54.4,58.0,58.0,33148,631425,286125,26205.3
2025-11-26,2025-12-09,25750,PE,111.2,111.2,47.3,50.5,50.5,6880,144750,100425,26205.3
2025-11-26,2025-12-09,25100,PE,18.25,18.4,9.05,10.35,10.35,12365,296625,108825,26205.3
2025-11-26,2025-12-09,25000,PE,11.35,11.9,8.25,9.15,9.15,19830,565950,174750,26205.3
2025-11-26,2025-12-09,24750,PE,7.05,10.1,6.3,7.65,7.65,33,6675,1950,26205.3
2025-11-26,2025-12-09,24500,PE,5.4,6.4,4.75,5.5,5.5,9487,345525,103425,26205.3
2025-11-26,2025-12-02,26450,PE,442.0,442.0,259.0,270.2,270.2,20929,117900,96075,26205.3
2025-11-26,2025-12-02,25550,PE,27.7,30.6,9.7,10.85,10.85,223137,1386675,686700,26205.3
2025-11-26,2025-12-02,25000,PE,4.9,5.25,3.3,4.5,4.5,546913,10303125,5913375,26205.3
2025-11-26,2025-12-02,24850,PE,3.5,4.5,2.45,3.8,3.8,56376,371700,209700,26205.3
2025-11-26,2025-12-02,24650,PE,2.85,3.7,2.1,3.25,3.25,49972,462675,393900,26205.3
2025-11-26,2025-12-02,24250,PE,1.75,2.75,1.6,2.55,2.55,5396,50550,34425,26205.3
2025-11-26,2025-12-02,23950,PE,1.7,2.3,1.45,2.1,2.1,3845,66525,57675,26205.3
2025-11-26,2030-06-25,29000,CE,0.0,0.0,0.0,6019.2,4932.95,0,0,0,26205.3
2025-11-26,2030-06-25,22000,CE,0.0,0.0,0.0,9790.15,9401.85,0,0,0,26205.3
2025-11-26,2029-12-24,24000,CE,0.0,0.0,0.0,7730.0,7462.4,0,0,0,26205.3
2025-11-26,2029-12-24,21000,CE,0.0,0.0,0.0,9463.95,9658.2,0,0,0,26205.3
2025-11-26,2029-06-26,28000,CE,0.0,0.0,0.0,6112.6,4348.65,0,0,0,26205.3
2025-11-26,2028-06-27,29000,CE,0.0,0.0,0.0,2333.25,2653.4,0,0,0,26205.3
2025-11-26,2028-06-27,28000,CE,0.0,0.0,0.0,2596.45,3164.2,0,0,0,26205.3
2025-11-26,2027-12-28,29000,CE,0.0,0.0,0.0,1932.55,2066.0,0,0,0,26205.3
2025-11-26,2027-12-28,25000,CE,0.0,0.0,0.0,4840.05,4416.4,0,300,0,26205.3
2025-11-26,2027-06-29,29000,CE,0.0,0.0,0.0,1545.2,1477.1,0,0,0,26205.3
2025-11-26,2027-06-29,26000,CE,0.0,0.0,0.0,1900.85,3068.0,0,0,0,26205.3
2025-11-26,2027-06-29,21000,CE,0.0,0.0,0.0,3061.8,7064.65,0,0,0,26205.3
2025-11-26,2025-12-16,26300,CE,140.0,265.7,140.0,257.4,257.4,2419,86400,32850,26205.3
2025-11-26,2025-12-16,27100,CE,11.2,26.55,11.2,25.4,25.4,614,23250,11325,26205.3
2025-11-26,2025-12-16,27700,CE,3.25,4.75,2.7,3.7,9.8,32,3750,0,26205.3
2025-11-26,2025-12-23,24150,CE,0.0,0.0,0.0,1921.75,2159.0,0,0,0,26205.3
2025-11-26,2025-12-23,24400,CE,0.0,0.0,0.0,1688.15,1912.0,0,0,0,26205.3
2025-11-26,2025-12-23,25350,CE,0.0,0.0,0.0,896.5,1017.2,0,0,0,26205.3
2025-11-26,2025-12-23,25800,CE,499.0,660.8,498.5,652.15,652.15,71,5925,-750,26205.3
2025-11-26,2025-12-23,26100,CE,296.05,450.0,296.05,444.15,444.15,357,12000,-300,26205.3
2025-11-26,2025-12-23,26550,CE,145.0,145.0,145.0,145.0,242.65,4,600,300,26205.3
2025-11-26,2026-12-29,31000,CE,310.0,345.0,310.0,335.2,335.2,121,57300,4875,26205.3
2025-11-26,2026-12-29,25000,CE,3334.05,3441.25,3261.2,3420.35,3420.35,351,216700,10725,26205.3
2025-11-26,2026-09-29,20000,CE,0.0,0.0,0.0,5846.9,7151.05,0,0,0,26205.3
2025-11-26,2026-06-30,19000,CE,0.0,0.0,0.0,5792.0,7841.0,0,100,0,26205.3
2025-11-26,2026-03-31,19000,CE,0.0,0.0,0.0,5966.85,7575.8,0,0,0,26205.3
2025-11-26,2026-02-24,27450,CE,0.0,0.0,0.0,317.5,300.2,0,0,0,26205.3
2025-11-26,2026-02-24,27350,CE,0.0,0.0,0.0,344.0,329.4,0,0,0,26205.3
2025-11-26,2026-02-24,26850,CE,0.0,0.0,0.0,502.65,508.35,0,0,0,26205.3
2025-11-26,2026-02-24,26650,CE,0.0,0.0,0.0,579.25,596.25,0,0,0,26205.3
2025-11-26,2026-02-24,26500,CE,541.9,676.95,541.9,669.85,669.85,313,12480,12480,26205.3
2025-11-26,2026-02-24,24550,CE,0.0,0.0,0.0,1870.25,2067.25,0,0,0,26205.3
2025-11-26,2026-01-27,27900,CE,0.0,0.0,0.0,247.95,100.15,0,0,0,26205.3
2025-11-26,2026-01-27,27400,CE,0.0,0.0,0.0,367.95,191.6,0,0,0,26205.3
2025-11-26,2026-01-27,26650,CE,296.9,400.0,296.9,394.55,394.55,91,4160,65,26205.3
2025-11-26,2026-01-27,25400,CE,1104.9,1217.1,1104.9,1217.1,1201.15,28,4355,1365,26205.3
2025-11-26,2026-01-27,24700,CE,0.0,0.0,0.0,1576.7,1794.0,0,65,0,26205.3
2025-11-26,2026-01-27,24350,CE,0.0,0.0,0.0,2006.65,2117.0,0,65,0,26205.3
2025-11-26,2026-01-27,23950,CE,2501.0,2593.65,2501.0,2593.65,2593.65,3,65,0,26205.3
2025-11-26,2025-12-30,27900,CE,9.25,10.55,8.05,9.8,9.8,1909,73425,38850,26205.3
2025-11-26,2025-12-30,27300,CE,25.0,46.65,24.25,44.15,44.15,17436,614625,124425,26205.3
2025-11-26,2025-12-30,26950,CE,56.6,110.25,56.6,105.15,105.15,1929,79575,1275,26205.3
2025-11-26,2025-12-30,26650,CE,110.0,209.95,110.0,201.4,201.4,2773,102300,27450,26205.3
2025-11-26,2025-12-30,25850,CE,512.05,681.5,504.0,676.3,676.3,565,30450,-8550,26205.3
2025-11-26,2025-12-30,25700,CE,590.75,798.95,590.75,789.45,789.45,2145,329700,2625,26205.3
2025-11-26,2025-12-30,24600,CE,1695.7,1695.7,1681.6,1681.6,1748.4,29,7575,2175,26205.3
2025-11-26,2025-12-30,24150,CE,2198.85,2213.2,2198.85,2213.2,2213.2,2,150,-75,26205.3
2025-11-26,2025-12-30,24050,CE,2296.55,2346.25,2296.55,2335.9,2335.9,8,75,-75,26205.3
2025-11-26,2025-12-30,23950,CE,2395.55,2444.2,2395.55,2433.8,2433.8,8,150,75,26205.3
2025-11-26,2025-12-30,23750,CE,2640.65,2640.65,2616.4,2628.5,2628.5,6,75,75,26205.3
2025-11-26,2027-12-28,31000,PE,0.0,0.0,0.0,3950.7,2588.5,0,0,0,26205.3
2025-11-26,2027-12-28,26000,PE,780.0,870.0,780.0,850.0,850.0,10,2250,675,26205.3
2025-11-26,2025-12-02,24250,CE,0.0,0.0,0.0,1765.0,1978.2,0,975,0,26205.3
2025-11-26,2025-12-02,25150,CE,889.85,1076.2,889.85,1065.95,1079.5,124,6375,5025,26205.3
2025-11-26,2025-12-02,25400,CE,635.75,850.0,632.0,830.05,830.05,1706,201600,-16050,26205.3
2025-11-26,2025-12-02,26750,CE,3.8,10.5,2.5,7.85,7.85,370177,1598025,883950,26205.3
2025-11-26,2025-12-02,27550,CE,0.95,1.1,0.8,0.95,0.95,48888,777450,4125,26205.3
2025-11-26,2025-12-09,24100,CE,2175.6,2175.6,2169.6,2172.6,2172.6,2,75,0,26205.3
2025-11-26,2025-12-09,24150,CE,2098.4,2111.45,2098.4,2107.65,2107.65,5,75,0,26205.3
2025-11-26,2025-12-09,24200,CE,2049.15,2061.7,2049.15,2058.85,2058.85,3,150,0,26205.3
2025-11-26,2025-12-09,24350,CE,1889.55,1913.05,1889.55,1908.95,1908.95,3,75,0,26205.3
2025-11-26,2025-12-09,25000,CE,1072.4,1285.0,1072.35,1278.25,1278.25,76,22200,3750,26205.3
2025-11-26,2025-12-09,25600,CE,521.0,718.85,518.0,700.45,700.45,946,87375,14625,26205.3
2025-11-26,2025-12-09,25850,CE,292.7,503.55,285.35,487.3,487.3,1499,17025,-2325,26205.3
2025-11-26,2025-12-09,27050,CE,5.5,12.65,4.95,11.15,11.15,5553,83325,42150,26205.3
2025-11-26,2025-12-16,24100,CE,0.0,0.0,0.0,1765.75,2181.35,0,0,0,26205.3
2025-11-26,2025-12-16,24850,CE,1460.9,1460.9,1454.55,1457.75,1457.75,2,0,0,26205.3
2025-11-26,2025-12-16,25400,CE,934.1,934.1,929.15,931.65,931.65,2,75,75,26205.3
2025-11-26,2025-12-16,25550,CE,780.85,780.85,780.85,780.85,796.45,1,75,75,26205.3
2025-11-26,2025-12-16,26400,CE,118.25,214.75,118.25,205.25,205.25,1568,36225,-4875,26205.3
2025-11-26,2025-12-16,27800,CE,3.1,4.9,3.05,3.95,3.95,219,37500,7650,26205.3
2025-11-26,2025-12-23,25650,CE,0.0,0.0,0.0,694.35,770.75,0,0,0,26205.3
2025-11-26,2025-12-23,25750,CE,535.0,707.45,535.0,700.75,695.2,10,150,-300,26205.3
2025-11-26,2025-12-23,27450,CE,9.9,17.0,9.9,17.0,17.0,48,3600,2400,26205.3
2025-11-26,2025-12-30,23800,CE,2385.0,2543.1,2385.0,2543.1,2543.1,5,3150,225,26205.3
2025-11-26,2025-12-30,24100,CE,2080.7,2260.0,2080.7,2260.0,2236.5,5,2100,150,26205.3
2025-11-26,2025-12-30,25450,CE,830.1,985.6,814.25,985.6,981.05,47,3600,975,26205.3
2025-11-26,2025-12-30,26300,CE,190.5,382.7,190.5,371.45,371.45,42284,1063725,200850,26205.3
2025-11-26,2025-12-30,26450,CE,185.15,301.4,185.1,290.3,290.3,1383,47250,-5550,26205.3
2025-11-26,2025-12-30,27700,CE,9.9,16.35,9.9,15.3,15.3,4455,334800,11325,26205.3
2025-11-26,2025-12-30,27750,CE,0.0,0.0,0.0,76.8,36.3,0,0,0,26205.3
2025-11-26,2025-12-30,27950,CE,0.0,0.0,0.0,62.55,23.4,0,0,0,26205.3
2025-11-26,2026-01-27,23800,CE,0.0,0.0,0.0,2192.35,2644.2,0,65,0,26205.3
2025-11-26,2026-01-27,24850,CE,0.0,0.0,0.0,1762.75,1660.0,0,130,0,26205.3
2025-11-26,2026-01-27,24950,CE,1410.0,1632.15,1410.0,1632.15,1632.15,2,195,-65,26205.3
2025-11-26,2026-01-27,25150,CE,0.0,0.0,0.0,1314.7,1402.6,0,130,0,26205.3
2025-11-26,2026-01-27,25250,CE,1260.0,1260.0,1260.0,1260.0,1320.45,1,195,65,26205.3
2025-11-26,2026-01-27,25350,CE,0.0,0.0,0.0,1244.05,1240.35,0,260,0,26205.3
2025-11-26,2026-01-27,26700,CE,279.85,378.55,279.85,373.35,373.35,680,76765,12675,26205.3
2025-11-26,2026-01-27,26750,CE,258.65,351.95,258.65,346.75,395.25,21,3445,-455,26205.3
2025-11-26,2026-01-27,27000,CE,182.0,255.95,180.55,250.0,250.0,10053,738140,36400,26205.3
2025-11-26,2026-01-27,27450,CE,0.0,0.0,0.0,354.2,180.2,0,0,0,26205.3
2025-11-26,2026-02-24,24650,CE,0.0,0.0,0.0,1790.35,1979.0,0,0,0,26205.3
2025-11-26,2026-02-24,25350,CE,0.0,0.0,0.0,1277.0,1401.9,0,0,0,26205.3
2025-11-26,2026-02-24,25450,CE,0.0,0.0,0.0,1211.05,1326.45,0,0,0,26205.3
2025-11-26,2027-12-28,27000,PE,0.0,0.0,0.0,1280.0,847.2,0,525,0,26205.3
2025-11-26,2026-02-24,25600,CE,0.0,0.0,0.0,1115.9,1217.1,0,0,0,26205.3
2025-11-26,2026-02-24,25750,CE,0.0,0.0,0.0,1025.25,1112.55,0,0,0,26205.3
2025-11-26,2026-02-24,26250,CE,0.0,0.0,0.0,756.65,801.45,0,0,0,26205.3
2025-11-26,2026-02-24,26300,CE,714.4,804.05,714.4,804.05,773.65,16,780,780,26205.3
2025-11-26,2026-02-24,26700,CE,549.45,561.0,549.45,561.0,561.0,10,650,650,26205.3
2025-11-26,2026-02-24,26750,CE,0.0,0.0,0.0,539.95,551.1,0,0,0,26205.3
2025-11-26,2026-03-31,31000,CE,19.95,19.95,17.55,17.95,17.95,466,65550,12975,26205.3
2025-11-26,2026-06-30,26000,CE,1600.9,1696.25,1550.0,1688.45,1688.45,270,133925,-3450,26205.3
2025-11-26,2026-06-30,29000,CE,250.0,279.95,244.7,276.65,276.65,273,38625,5100,26205.3
2025-11-26,2027-06-29,22000,CE,0.0,0.0,0.0,2783.5,6184.1,0,0,0,26205.3
2025-11-26,2027-06-29,30000,CE,0.0,0.0,0.0,1478.4,1111.75,0,0,0,26205.3
2025-11-26,2028-06-27,24000,CE,0.0,0.0,0.0,3918.85,5768.95,0,0,0,26205.3
2025-11-26,2029-06-26,26000,CE,0.0,0.0,0.0,7052.2,5556.9,0,0,0,26205.3
2025-11-26,2029-12-24,25000,CE,0.0,0.0,0.0,7196.25,6777.3,0,0,0,26205.3
2025-11-26,2029-12-24,26000,CE,0.0,0.0,0.0,6686.95,6122.55,0,0,0,26205.3
2025-11-26,2025-12-02,23800,PE,1.65,2.2,1.25,1.95,1.95,124696,2439600,894150,26205.3
2025-11-26,2025-12-02,23850,PE,1.45,2.25,1.3,1.95,1.95,11155,95850,76875,26205.3
2025-11-26,2025-12-02,24600,PE,2.5,3.5,2.0,3.15,3.15,177454,1917975,1129200,26205.3
2025-11-26,2025-12-02,24950,PE,3.75,4.95,3.0,4.1,4.1,61105,869100,566550,26205.3
2025-11-26,2025-12-02,25700,PE,65.0,65.0,15.9,17.85,17.85,721748,6562125,4043175,26205.3
2025-11-26,2025-12-02,25900,PE,130.0,130.0,35.05,38.9,38.9,1255087,7755600,5021700,26205.3
2025-11-26,2025-12-02,26200,PE,277.85,290.15,114.05,121.6,121.6,1609693,7231125,5989125,26205.3
2025-11-26,2025-12-02,26600,PE,572.4,583.15,380.0,395.6,395.6,11354,166725,100725,26205.3
2025-11-26,2025-12-02,27150,PE,994.4,994.45,946.0,946.0,921.0,5,150,-75,26205.3
2025-11-26,2025-12-02,27800,PE,0.0,0.0,0.0,1657.8,1568.45,0,75,0,26205.3
2025-11-26,2025-12-09,24250,PE,2.65,5.05,2.65,4.55,4.55,16,2625,300,26205.3
2025-11-26,2025-12-09,24400,PE,6.15,6.15,3.9,4.85,4.85,3395,95550,69225,26205.3
2025-11-26,2025-12-09,25450,PE,48.35,48.4,20.5,22.3,22.3,6664,103800,56850,26205.3
2025-11-26,2025-12-09,26150,PE,241.05,244.2,142.0,146.85,146.85,11821,201000,164100,26205.3
2025-11-26,2025-12-09,26650,PE,492.85,508.1,426.15,433.05,433.05,95,2175,2100,26205.3
2025-11-26,2025-12-09,26700,PE,647.0,650.0,465.0,472.8,472.8,732,40725,27300,26205.3
2025-11-26,2025-12-09,27450,PE,1176.05,1176.05,1167.2,1171.65,1171.65,2,0,0,26205.3
2025-11-26,2025-12-09,27600,PE,1331.8,1331.8,1314.35,1323.6,1323.6,3,0,-75,26205.3
2025-11-26,2025-12-16,24050,PE,0.0,0.0,0.0,27.15,0.15,0,0,0,26205.3
2025-11-26,2025-12-16,24900,PE,18.2,18.5,13.15,14.15,14.15,230,13500,7125,26205.3
2025-11-26,2025-12-16,25100,PE,27.1,27.1,19.6,19.9,19.9,429,13725,8625,26205.3
2025-11-26,2025-12-16,26400,PE,451.0,451.0,277.55,293.45,293.45,340,7425,3000,26205.3
2025-11-26,2025-12-16,26650,PE,461.5,466.55,448.5,449.05,449.05,8,525,525,26205.3
2025-11-26,2025-12-23,24450,PE,0.0,0.0,0.0,39.65,3.75,0,0,0,26205.3
2025-11-26,2025-12-23,25300,PE,60.9,61.0,43.5,44.35,44.35,204,8025,525,26205.3
2025-11-26,2025-12-23,26550,PE,0.0,0.0,0.0,750.7,474.7,0,0,0,26205.3
2025-11-26,2025-12-23,26650,PE,0.0,0.0,0.0,818.6,537.75,0,0,0,26205.3
2025-11-26,2025-12-23,27100,PE,0.0,0.0,0.0,1158.25,869.6,0,0,0,26205.3
2025-11-26,2025-12-30,23650,PE,0.0,0.0,0.0,11.65,0.45,0,3525,0,26205.3
2025-11-26,2025-12-30,24750,PE,34.6,34.6,27.4,28.6,28.6,656,46725,4500,26205.3
2025-11-26,2025-12-30,25150,PE,61.3,61.95,47.8,48.85,48.85,839,51600,7200,26205.3
2025-11-26,2025-12-30,25350,PE,94.0,96.95,64.5,66.0,66.0,1383,84825,6450,26205.3
2025-11-26,2025-12-30,26150,PE,317.85,322.65,225.2,233.7,233.7,5975,110700,57375,26205.3
2025-11-26,2025-12-30,27500,PE,1366.75,1366.75,1126.1,1132.55,1132.55,1731,533100,20325,26205.3
2025-11-26,2026-01-27,24300,PE,44.6,45.0,37.75,39.4,39.4,194,30550,6565,26205.3
2025-11-26,2026-01-27,24800,PE,79.15,79.15,63.05,64.35,64.35,1427,329160,-19890,26205.3
2025-11-26,2026-01-27,24900,PE,86.0,86.25,71.2,71.65,71.65,407,287365,6695,26205.3
2025-11-26,2026-01-27,25000,PE,105.1,117.0,81.35,82.3,82.3,11614,1306500,102050,26205.3
2025-11-26,2026-01-27,25050,PE,95.25,95.25,84.0,84.1,84.1,139,10790,4095,26205.3
2025-11-26,2026-01-27,25400,PE,156.45,157.6,124.25,126.0,126.0,2201,155545,38285,26205.3
2025-11-26,2026-01-27,25850,PE,263.1,267.0,215.35,215.65,215.65,53,4745,1755,26205.3
2025-11-26,2026-01-27,27250,PE,0.0,0.0,0.0,991.8,1008.95,0,65,0,26205.3
2025-11-26,2026-01-27,27400,PE,0.0,0.0,0.0,1104.85,1119.95,0,65,0,26205.3
2025-11-26,2026-02-24,24250,PE,0.0,0.0,0.0,118.35,41.9,0,0,0,26205.3
2025-11-26,2026-02-24,25000,PE,189.95,189.95,125.05,128.35,128.35,2562,90285,90285,26205.3
2025-11-26,2026-02-24,25750,PE,0.0,0.0,0.0,502.4,294.75,0,0,0,26205.3
2025-11-26,2026-02-24,25950,PE,0.0,0.0,0.0,585.75,360.4,0,0,0,26205.3
2025-11-26,2026-02-24,26600,PE,0.0,0.0,0.0,914.0,639.95,0,0,0,26205.3
2025-11-26,2026-03-31,24000,PE,104.0,105.0,91.95,92.5,92.5,6053,1875075,126900,26205.3
2025-11-26,2026-03-31,30000,PE,3075.0,3100.0,3075.0,3078.6,3078.6,8,16875,225,26205.3
2025-11-26,2026-09-29,23000,PE,152.0,152.0,152.0,152.0,152.0,1,6600,0,26205.3
2025-11-26,2026-12-29,18000,PE,0.0,0.0,0.0,132.0,0.2,0,5950,0,26205.3
2025-11-26,2026-12-29,28000,PE,1210.05,1235.0,1125.0,1130.45,1130.45,437,209700,11625,26205.3
2025-11-26,2027-06-29,21000,PE,0.0,0.0,0.0,115.05,25.65,0,1025,0,26205.3
2025-11-26,2027-12-28,18000,PE,0.0,0.0,0.0,97.05,2.45,0,11550,0,26205.3
2025-11-26,2027-12-28,23000,PE,348.0,358.0,348.0,358.0,138.85,2,3600,0,26205.3
2025-11-26,2030-06-25,24000,PE,0.0,0.0,0.0,698.15,230.4,0,0,0,26205.3
2025-11-26,2029-06-26,26000,PE,0.0,0.0,0.0,900.0,510.1,0,50,0,26205.3
2025-11-26,2028-12-26,25000,PE,0.0,0.0,0.0,900.0,373.6,0,4525,0,26205.3
2025-11-26,2028-12-26,23000,PE,0.0,0.0,0.0,643.65,158.15,0,3225,0,26205.3
2025-11-26,2028-06-27,30000,PE,0.0,0.0,0.0,3779.25,1851.8,0,0,0,26205.3
2025-11-26,2025-12-02,24200,CE,1964.9,1977.05,1964.9,1977.05,2028.15,2,225,0,26205.3
2025-11-26,2025-12-02,25550,CE,487.1,698.0,486.4,683.95,683.95,1225,26700,5775,26205.3
2025-11-26,2025-12-02,26550,CE,7.55,31.5,2.5,25.35,25.35,608325,1392900,427125,26205.3
2025-11-26,2025-12-09,24550,CE,1713.95,1713.95,1708.8,1711.4,1711.4,2,75,0,26205.3
2025-11-26,2025-12-09,25050,CE,1229.7,1229.7,1224.2,1226.95,1226.95,2,0,0,26205.3
2025-11-26,2025-12-09,25750,CE,404.35,587.4,398.55,576.55,576.55,325,8625,-825,26205.3
2025-11-26,2025-12-09,26550,CE,38.65,91.2,36.3,85.55,85.55,12213,159825,45150,26205.3
2025-11-26,2025-12-09,27150,CE,3.65,8.25,3.1,7.3,7.3,4125,150300,47775,26205.3
2025-11-26,2025-12-09,27750,CE,2.2,2.2,1.5,1.8,1.8,109,12375,3900,26205.3
2025-11-26,2025-12-16,24400,CE,0.0,0.0,0.0,1492.7,1883.0,0,0,0,26205.3
2025-11-26,2025-12-16,25600,CE,602.5,760.5,602.5,754.0,754.0,28,1425,450,26205.3
2025-11-26,2026-02-24,27600,CE,0.0,0.0,0.0,282.15,260.15,0,0,0,26205.3
2025-11-26,2026-02-24,27250,CE,0.0,0.0,0.0,372.15,360.75,0,0,0,26205.3
2025-11-26,2025-12-16,25900,CE,323.0,527.2,314.2,521.35,521.35,786,10875,-11025,26205.3
2025-11-26,2025-12-16,27200,CE,7.15,18.35,7.15,17.45,17.45,1044,62850,27750,26205.3
2025-11-26,2025-12-23,24200,CE,0.0,0.0,0.0,1874.5,2109.45,0,0,0,26205.3
2025-11-26,2025-12-23,24950,CE,0.0,0.0,0.0,1206.2,1380.0,0,0,0,26205.3
2025-11-26,2025-12-23,25050,CE,0.0,0.0,0.0,1125.0,1286.6,0,0,0,26205.3
2025-11-26,2025-12-23,25300,CE,0.0,0.0,0.0,933.95,1060.75,0,0,0,26205.3
2025-11-26,2025-12-23,26250,CE,227.7,359.9,227.7,352.0,352.0,38,4800,-525,26205.3
2025-11-26,2025-12-30,16000,CE,0.0,0.0,0.0,10090.0,10290.75,0,350,0,26205.3
2025-11-26,2025-12-30,23100,CE,3281.75,3281.75,3257.55,3269.65,3269.65,2,75,75,26205.3
2025-11-26,2025-12-30,23850,CE,2542.35,2542.35,2518.1,2531.9,2531.9,7,75,75,26205.3
2025-11-26,2025-12-30,24750,CE,1644.25,1644.25,1635.65,1639.95,1639.95,2,2175,150,26205.3
2025-11-26,2025-12-30,25250,CE,967.3,1162.2,967.3,1154.0,1149.4,17,10125,-225,26205.3
2025-11-26,2025-12-30,25300,CE,938.45,1138.0,927.5,1131.4,1131.4,196,88350,-4875,26205.3
2025-11-26,2025-12-30,25750,CE,582.05,764.5,578.0,752.85,752.85,107,17625,-225,26205.3
2025-11-26,2025-12-30,26000,CE,358.0,578.0,345.0,565.6,565.6,75254,6455200,-2400,26205.3
2025-11-26,2025-12-30,27000,CE,48.0,99.0,46.05,94.55,94.55,102065,6738950,915550,26205.3
2025-11-26,2025-12-30,27800,CE,8.95,13.0,8.95,11.9,11.9,8734,651900,126150,26205.3
2025-11-26,2030-06-25,25000,PE,0.0,0.0,0.0,869.3,327.6,0,0,0,26205.3
2025-11-26,2029-12-24,25000,PE,0.0,0.0,0.0,1150.0,344.8,0,225,0,26205.3
2025-11-26,2029-12-24,22000,PE,0.0,0.0,0.0,373.65,101.95,0,0,0,26205.3
2025-11-26,2028-06-27,25000,PE,0.0,0.0,0.0,2016.8,382.25,0,0,0,26205.3
2025-11-26,2027-12-28,29000,PE,0.0,0.0,0.0,4227.5,1580.3,0,0,0,26205.3
2025-11-26,2027-06-29,28000,PE,0.0,0.0,0.0,5959.35,1273.15,0,0,0,26205.3
2025-11-26,2027-06-29,24000,PE,0.0,0.0,0.0,5056.2,216.95,0,0,0,26205.3
2025-11-26,2026-12-29,26000,PE,601.05,602.55,561.0,564.0,564.0,686,527575,11925,26205.3
2025-11-26,2026-09-29,29000,PE,0.0,0.0,0.0,3259.65,2039.4,0,0,0,26205.3
2025-11-26,2026-09-29,28000,PE,0.0,0.0,0.0,2564.0,1424.3,0,0,0,26205.3
2025-11-26,2026-09-29,22000,PE,0.0,0.0,0.0,219.8,21.7,0,0,0,26205.3
2025-11-26,2026-09-29,21000,PE,0.0,0.0,0.0,112.6,6.4,0,0,0,26205.3
2025-11-26,2026-03-31,31000,PE,4014.3,4027.35,4013.45,4018.4,4018.4,3,2100,0,26205.3
2025-11-26,2026-03-31,21000,PE,22.7,24.45,22.05,22.65,22.65,336,213300,4050,26205.3
2025-11-26,2026-02-24,27250,PE,0.0,0.0,0.0,1326.7,1021.8,0,0,0,26205.3
2025-11-26,2025-12-23,24450,CE,0.0,0.0,0.0,1642.3,1862.8,0,0,0,26205.3
2025-11-26,2025-12-16,27900,CE,3.6,4.45,3.1,4.35,4.35,99,4650,4050,26205.3
2025-11-26,2025-12-16,27500,CE,5.85,8.35,4.4,7.45,7.45,1273,71100,7125,26205.3
2025-11-26,2025-12-16,27300,CE,7.1,13.8,7.05,13.0,13.0,1045,44100,30525,26205.3
2025-11-26,2025-12-16,26550,CE,80.0,148.4,77.6,141.9,141.9,719,28950,7350,26205.3
2025-11-26,2025-12-16,26000,CE,273.75,456.35,262.5,443.5,443.5,3107,98550,-23400,26205.3
2025-11-26,2025-12-16,24200,CE,0.0,0.0,0.0,1673.35,2081.8,0,0,0,26205.3
2025-11-26,2025-12-16,24000,CE,2328.2,2328.35,2303.8,2317.9,2317.9,7,75,75,26205.3
2025-11-26,2025-12-09,27950,CE,1.9,1.9,1.15,1.45,1.45,1004,43725,17925,26205.3
2025-11-26,2025-12-09,27850,CE,0.0,0.0,0.0,19.85,1.0,0,0,0,26205.3
2025-11-26,2025-12-09,27350,CE,3.1,5.05,2.65,3.45,3.45,2597,43950,21300,26205.3
2025-11-26,2025-12-09,26400,CE,54.2,147.65,54.2,137.75,137.75,47647,895575,481800,26205.3
2025-11-26,2025-12-09,26150,CE,140.65,285.0,140.65,270.4,270.4,13366,159225,24525,26205.3
2025-11-26,2025-12-09,25900,CE,226.25,464.0,226.25,449.65,449.65,9103,103950,-55575,26205.3
2025-11-26,2025-12-09,24950,CE,1294.7,1318.45,1294.7,1316.1,1316.1,3,75,-75,26205.3
2025-11-26,2025-12-09,24300,CE,1950.55,1961.15,1950.55,1958.75,1958.75,3,150,0,26205.3
2025-11-26,2025-12-02,27850,CE,0.85,1.25,0.7,0.85,0.85,5208,81600,42375,26205.3
2025-11-26,2025-12-02,27700,CE,0.95,1.2,0.8,0.95,0.95,39190,837975,248175,26205.3
2025-11-26,2025-12-02,27350,CE,1.3,1.65,1.05,1.2,1.2,37509,463350,280200,26205.3
2025-11-26,2025-12-02,26950,CE,2.05,4.15,2.0,3.2,3.2,414607,967425,381225,26205.3
2025-11-26,2025-12-02,26650,CE,6.2,18.2,3.25,14.05,14.05,501074,1892850,1147875,26205.3
2025-11-26,2025-12-02,26600,CE,6.5,24.0,4.1,18.8,18.8,839978,3862500,1292025,26205.3
2025-11-26,2025-12-02,25050,CE,1162.35,1191.5,1162.35,1177.5,1179.15,8,600,300,26205.3
2025-11-26,2030-06-25,19000,PE,0.0,0.0,0.0,168.9,21.15,0,0,0,26205.3
2025-11-26,2030-06-25,20000,PE,0.0,0.0,0.0,236.4,37.8,0,0,0,26205.3
2025-11-26,2030-06-25,23000,PE,0.0,0.0,0.0,550.6,156.45,0,0,0,26205.3
2025-11-26,2030-06-25,30000,PE,0.0,0.0,0.0,2100.85,1269.1,0,0,0,26205.3
2025-11-26,2029-12-24,30000,PE,0.0,0.0,0.0,1953.5,1391.2,0,0,0,26205.3
2025-11-26,2029-12-24,21000,PE,0.0,0.0,0.0,278.8,62.05,0,0,0,26205.3
2025-11-26,2029-12-24,19000,PE,0.0,0.0,0.0,142.25,19.3,0,0,0,26205.3
2025-11-26,2029-06-26,27000,PE,0.0,0.0,0.0,1252.35,698.65,0,0,0,26205.3
2025-11-26,2028-12-26,20000,PE,0.0,0.0,0.0,330.0,28.65,0,1100,0,26205.3
2025-11-26,2028-12-26,18000,PE,0.0,0.0,0.0,250.0,6.25,0,75,0,26205.3
2025-11-26,2028-06-27,24000,PE,0.0,0.0,0.0,1692.75,247.25,0,0,0,26205.3
2025-11-26,2027-06-29,27000,PE,0.0,0.0,0.0,6273.45,891.15,0,0,0,26205.3
2025-11-26,2026-12-29,27000,PE,850.05,850.05,780.6,785.15,785.15,276,211800,3675,26205.3
2025-11-26,2026-09-29,26000,PE,555.0,555.0,536.9,536.9,536.9,5,1500,375,26205.3
2025-11-26,2026-03-31,28000,PE,1551.0,1551.05,1349.2,1356.0,1356.0,297,213300,5550,26205.3
2025-11-26,2025-12-16,27000,CE,18.4,37.9,18.4,35.8,35.8,5792,156600,-51750,26205.3
2025-11-26,2025-12-16,26800,CE,36.95,71.9,34.15,69.2,69.2,2841,79350,43725,26205.3
2025-11-26,2025-12-16,25700,CE,485.0,681.75,485.0,675.05,675.05,52,4275,150,26205.3
2025-11-26,2025-12-16,25500,CE,650.0,855.6,649.95,852.75,852.75,28,825,375,26205.3
2025-11-26,2025-12-16,24950,CE,1363.2,1363.2,1357.6,1360.4,1360.4,2,0,0,26205.3
2025-11-26,2025-12-09,27450,CE,3.6,3.6,2.15,2.45,2.45,576,20925,12075,26205.3
2025-11-26,2025-12-09,27000,CE,8.0,16.0,6.1,14.55,14.55,42620,954375,337275,26205.3
2025-11-26,2027-12-28,24000,CE,0.0,0.0,0.0,3778.95,5158.15,0,0,0,26205.3
2025-11-26,2027-12-28,22000,CE,0.0,0.0,0.0,4499.55,6769.15,0,0,0,26205.3
2025-11-26,2027-06-29,20000,CE,0.0,0.0,0.0,3367.05,7961.8,0,0,0,26205.3
2025-11-26,2025-12-30,23250,CE,3133.8,3133.8,3109.65,3121.75,3121.75,2,75,75,26205.3
2025-11-26,2025-12-30,23450,CE,2887.55,2895.3,2887.55,2891.45,2891.45,2,1425,0,26205.3
2025-11-26,2025-12-30,25400,CE,821.3,1057.45,821.3,1043.45,1043.45,5912,246525,200175,26205.3
2025-11-26,2025-12-30,25600,CE,690.0,887.1,680.55,871.85,871.85,1079,155175,-13800,26205.3
2025-11-26,2025-12-30,25900,CE,381.9,647.75,381.9,635.95,635.95,11359,357675,-106800,26205.3
2025-11-26,2025-12-30,26150,CE,329.95,474.95,322.2,461.05,461.05,4900,77850,-5775,26205.3
2025-11-26,2025-12-30,27500,CE,17.05,28.0,16.55,25.95,25.95,41217,2138925,228150,26205.3
2025-11-26,2029-12-24,31000,PE,0.0,0.0,0.0,2262.75,1719.15,0,0,0,26205.3
2025-11-26,2029-12-24,24000,PE,0.0,0.0,0.0,625.5,239.0,0,0,0,26205.3
2025-11-26,2029-06-26,20000,PE,0.0,0.0,0.0,236.95,32.75,0,0,0,26205.3
2025-11-26,2028-12-26,26000,PE,0.0,0.0,0.0,900.0,538.35,0,2850,0,26205.3
2025-11-26,2028-06-27,31000,PE,0.0,0.0,0.0,3541.95,2321.45,0,0,0,26205.3
2025-11-26,2028-06-27,27000,PE,0.0,0.0,0.0,2752.35,798.3,0,0,0,26205.3
2025-11-26,2027-12-28,22000,PE,0.0,0.0,0.0,250.0,75.3,0,2200,0,26205.3
2025-11-26,2027-06-29,23000,PE,0.0,0.0,0.0,4514.3,117.2,0,0,0,26205.3
2025-11-26,2026-12-29,22000,PE,117.1,126.95,117.0,124.4,124.4,181,216275,-7500,26205.3
2025-11-26,2026-12-29,21000,PE,107.5,107.5,102.0,104.5,104.5,12,43650,-450,26205.3
2025-11-26,2026-12-29,13000,PE,0.0,0.0,0.0,1.1,0.05,0,2475,0,26205.3
2025-11-26,2026-06-30,28000,PE,1299.0,1299.0,1242.5,1247.8,1247.8,88,17325,4800,26205.3
2025-11-26,2026-03-31,29000,PE,2300.0,2300.0,2136.45,2153.9,2153.9,83,57000,1125,26205.3
2025-11-26,2026-02-24,27050,PE,0.0,0.0,0.0,1191.3,893.85,0,0,0,26205.3
2025-11-26,2026-02-24,27000,PE,827.0,827.0,718.75,724.1,724.1,65,2795,2795,26205.3
2025-11-26,2026-02-24,26450,PE,0.0,0.0,0.0,830.5,566.25,0,0,0,26205.3
2025-11-26,2026-02-24,26400,PE,0.0,0.0,0.0,803.65,542.9,0,0,0,26205.3
2025-11-26,2026-02-24,25600,PE,0.0,0.0,0.0,445.3,251.4,0,0,0,26205.3
2025-11-26,2026-02-24,24400,PE,0.0,0.0,0.0,140.4,53.0,0,0,0,26205.3
2025-11-26,2026-01-27,27700,PE,1400.05,1400.05,1185.35,1185.35,1185.35,6,130,0,26205.3
2025-11-26,2026-01-27,27450,PE,0.0,0.0,0.0,1209.7,1158.1,0,65,0,26205.3
2025-11-26,2026-01-27,27000,PE,840.05,840.1,696.0,704.05,704.05,1260,144690,19305,26205.3
2025-11-26,2026-01-27,26750,PE,0.0,0.0,0.0,656.55,679.95,0,195,0,26205.3
2025-11-26,2026-01-27,26550,PE,481.8,481.8,455.65,461.75,461.75,24,3120,715,26205.3
2025-11-26,2026-01-27,25950,PE,294.95,301.9,240.1,243.55,243.55,46,5200,910,26205.3
2025-11-26,2026-01-27,25350,PE,126.5,127.0,119.4,120.8,120.8,16,2340,0,26205.3
2025-11-26,2026-01-27,25150,PE,101.75,105.6,93.9,94.05,94.05,47,3965,975,26205.3
2025-11-26,2026-01-27,23750,CE,0.0,0.0,0.0,2239.15,2692.85,0,65,0,26205.3
2025-11-26,2026-01-27,24000,CE,2323.0,2530.4,2323.0,2510.25,2510.25,71,13065,3120,26205.3
2025-11-26,2026-01-27,24200,CE,0.0,0.0,0.0,2140.0,2258.95,0,65,0,26205.3
2025-11-26,2026-01-27,24400,CE,0.0,0.0,0.0,1960.75,2070.1,0,65,0,26205.3
2025-11-26,2026-01-27,24500,CE,1969.9,2045.0,1944.85,2045.0,1977.0,76,8125,1885,26205.3
2025-11-26,2026-01-27,25200,CE,1318.6,1400.0,1318.6,1400.0,1361.3,51,2860,1950,26205.3
2025-11-26,2026-01-27,25650,CE,1008.55,1008.55,1008.55,1008.55,1013.8,1,325,65,26205.3
2025-11-26,2026-01-27,26200,CE,472.0,658.85,472.0,650.95,650.95,879,46345,13650,26205.3
2025-11-26,2026-01-27,27100,CE,158.75,224.7,156.7,218.0,218.0,1081,38545,16835,26205.3
2025-11-26,2026-01-27,27150,CE,176.0,199.6,167.7,198.3,198.3,57,3185,2080,26205.3
2025-11-26,2026-01-27,27350,CE,102.15,148.0,102.15,145.15,145.15,169,17225,4550,26205.3
2025-11-26,2026-01-27,24100,PE,35.2,35.2,32.5,33.0,14.9,21,4485,325,26205.3
2025-11-26,2026-01-27,23750,PE,29.2,29.2,24.05,25.5,25.5,126,93990,1625,26205.3
2025-11-26,2025-12-30,27600,PE,1295.0,1295.0,1200.0,1214.05,1214.05,49,8925,150,26205.3
2025-11-26,2025-12-30,27300,PE,1103.1,1103.1,947.0,949.45,949.45,143,12525,6375,26205.3
2025-11-26,2025-12-30,27250,PE,931.65,931.65,926.95,929.8,996.15,3,225,0,26205.3
2025-11-26,2025-12-30,26900,PE,796.0,800.05,626.0,632.6,632.6,132,19275,2550,26205.3
2025-11-26,2025-12-30,26700,PE,650.1,652.05,488.15,496.9,496.9,1240,93675,19425,26205.3
2025-11-26,2025-12-30,25800,PE,225.1,225.1,131.6,134.65,134.65,26134,1261425,148425,26205.3
2025-11-26,2025-12-30,24950,PE,43.85,44.6,36.1,37.1,37.1,1274,79125,26775,26205.3
2025-11-26,2025-12-30,24150,PE,17.15,17.15,14.0,16.7,16.7,63,18150,1050,26205.3
2025-11-26,2025-12-30,23000,PE,7.05,9.8,6.35,8.85,8.85,12692,2703600,5700,26205.3
2025-11-26,2025-12-30,15000,PE,0.0,0.0,0.0,2.35,0.05,0,15400,0,26205.3
2025-11-26,2025-12-23,27450,PE,0.0,0.0,0.0,1453.6,1170.3,0,0,0,26205.3
2025-11-26,2025-12-23,26800,PE,0.0,0.0,0.0,711.75,640.1,0,1875,0,26205.3
2025-11-26,2025-12-23,26750,PE,0.0,0.0,0.0,889.45,604.95,0,0,0,26205.3
2025-11-26,2025-12-23,26050,PE,258.35,258.35,175.0,179.95,179.95,35,2775,375,26205.3
2025-11-26,2026-01-27,27700,CE,51.0,81.2,51.0,78.85,78.85,967,77415,8775,26205.3
2025-11-26,2026-02-24,25850,CE,0.0,0.0,0.0,967.4,1045.65,0,0,0,26205.3
2025-11-26,2026-02-24,26200,CE,844.0,881.1,844.0,881.1,881.1,7,390,390,26205.3
2025-11-26,2026-02-24,26950,CE,0.0,0.0,0.0,467.25,467.95,0,0,0,26205.3
2025-11-26,2026-02-24,27400,CE,0.0,0.0,0.0,330.55,314.55,0,0,0,26205.3
2025-11-26,2025-12-23,24800,PE,22.95,23.65,18.75,19.8,19.8,106,10500,2775,26205.3
2025-11-26,2025-12-23,24550,PE,15.7,15.7,12.0,15.0,5.3,17,300,300,26205.3
2025-11-26,2026-09-29,28000,CE,0.0,0.0,0.0,832.9,951.55,0,0,0,26205.3
2025-11-26,2025-12-16,25050,PE,30.8,30.8,18.25,18.25,18.25,47,1125,-150,26205.3
2025-11-26,2025-12-23,27550,CE,0.0,0.0,0.0,42.95,33.3,0,150,0,26205.3
2025-11-26,2025-12-16,27950,PE,1634.75,1634.75,1619.95,1627.4,1627.4,6,0,0,26205.3
2025-11-26,2025-12-16,27500,PE,1189.5,1189.5,1189.5,1189.5,1189.5,1,75,75,26205.3
2025-11-26,2025-12-16,27150,PE,876.7,876.7,876.7,876.7,907.55,1,75,75,26205.3
2025-11-26,2025-12-16,27100,PE,830.65,830.65,830.65,830.65,864.3,1,75,75,26205.3
2025-11-26,2025-12-16,26600,PE,427.6,432.85,404.7,413.65,413.65,68,4950,4950,26205.3
2025-11-26,2025-12-16,26200,PE,286.15,299.0,195.25,204.0,204.0,2144,53250,20700,26205.3
2025-11-26,2025-12-16,25300,PE,42.75,43.45,28.2,29.65,29.65,1649,49425,16950,26205.3
2025-11-26,2025-12-30,23000,CE,3120.55,3375.4,3120.5,3366.05,3366.05,560,831750,12075,26205.3
2025-11-26,2025-12-09,27300,PE,1026.0,1026.0,1018.95,1022.5,1022.5,2,0,-75,26205.3
2025-11-26,2025-12-09,26300,PE,357.75,357.8,205.0,211.1,211.1,16668,399300,308100,26205.3
2025-11-26,2025-12-09,26250,PE,299.6,299.7,182.4,188.3,188.3,5340,118650,93225,26205.3
2025-11-26,2025-12-09,26100,PE,230.0,239.75,125.0,130.0,130.0,46215,765825,487425,26205.3
2025-11-26,2025-12-02,23900,CE,2306.0,2312.9,2300.0,2311.6,2311.6,11,1050,825,26205.3
2025-11-26,2025-12-02,23950,CE,0.0,0.0,0.0,2192.0,2277.95,0,150,0,26205.3
2025-11-26,2025-12-02,24350,CE,0.0,0.0,0.0,1685.0,1878.3,0,750,0,26205.3
2025-11-26,2025-12-02,24800,CE,1236.0,1431.9,1231.45,1431.9,1431.9,14,15075,-150,26205.3
2025-11-26,2025-12-02,25700,CE,288.7,561.0,280.1,541.75,541.75,36545,387000,-58950,26205.3
2025-11-26,2025-12-02,25900,CE,170.0,383.5,151.0,363.1,363.1,450469,986475,-1295625,26205.3
2025-11-26,2025-12-02,26100,CE,74.45,227.9,66.0,208.95,208.95,2137509,4654425,-170400,26205.3
2025-11-26,2025-12-02,26400,CE,12.5,69.0,11.5,58.7,58.7,1322579,4381125,1509300,26205.3
2025-11-26,2025-12-02,27050,CE,1.55,2.75,1.4,2.2,2.2,182165,862950,68250,26205.3
2025-11-26,2025-12-02,27100,CE,1.4,2.25,1.4,1.85,1.85,314641,2944725,51375,26205.3
2025-11-26,2025-12-02,27150,CE,1.35,2.1,1.25,1.65,1.65,111159,616575,426300,26205.3
2025-11-26,2025-12-02,27200,CE,1.35,1.9,1.25,1.45,1.45,285716,2961600,563250,26205.3
2025-11-26,2025-12-02,27400,CE,1.1,1.45,1.0,1.1,1.1,166304,2527425,1261350,26205.3
2025-11-26,2025-12-02,27950,CE,0.85,0.85,0.7,0.8,0.8,52048,775650,392325,26205.3
2025-11-26,2025-12-09,23950,CE,2322.65,2322.65,2314.3,2318.5,2318.5,2,75,0,26205.3
2025-11-26,2025-12-09,24800,CE,1276.0,1464.0,1276.0,1464.0,1464.0,3,300,150,26205.3
2025-11-26,2025-12-09,25250,CE,1004.35,1004.7,1004.35,1004.7,1017.4,2,75,-75,26205.3
2025-11-26,2025-12-09,25450,CE,782.15,852.65,782.15,842.1,842.1,9,525,75,26205.3
2025-11-26,2025-12-09,25650,CE,480.0,656.05,480.0,653.0,654.85,30,1725,75,26205.3
2025-11-26,2025-12-09,25950,CE,239.95,424.5,234.95,407.9,407.9,4999,70425,-10575,26205.3
2025-11-26,2025-12-09,26050,CE,189.0,352.45,189.0,336.8,336.8,9497,101175,-30750,26205.3
2025-11-26,2025-12-23,26900,CE,46.3,83.9,45.55,81.35,81.35,230,13650,5175,26205.3
2025-11-26,2025-12-09,25850,PE,190.0,190.0,63.0,66.7,66.7,8676,125400,82200,26205.3
2025-11-26,2025-12-09,25250,PE,23.55,23.55,12.75,13.9,13.9,3352,58575,29400,26205.3
2025-11-26,2025-12-09,24650,PE,6.0,7.3,5.15,5.95,5.95,363,8175,5775,26205.3
2025-11-26,2025-12-09,23900,PE,3.0,4.25,3.0,3.8,3.8,124,3825,3825,26205.3
2025-11-26,2026-12-29,20000,CE,0.0,0.0,0.0,3704.3,7424.5,0,0,0,26205.3
2025-11-26,2026-12-29,21000,CE,0.0,0.0,0.0,5675.0,6493.95,0,225,0,26205.3
2025-11-26,2025-12-23,27350,CE,0.0,0.0,0.0,86.45,52.85,0,0,0,26205.3
2025-11-26,2025-12-23,27300,CE,29.5,29.5,15.7,25.15,25.15,70,3825,3750,26205.3
2025-11-26,2025-12-23,27150,CE,0.0,0.0,0.0,117.35,81.2,0,0,0,26205.3
2025-11-26,2025-12-02,27850,PE,0.0,0.0,0.0,1703.4,1618.4,0,75,0,26205.3
2025-11-26,2025-12-02,27650,PE,0.0,0.0,0.0,1515.4,1418.6,0,75,0,26205.3
2025-11-26,2025-12-02,26900,PE,856.7,860.45,660.2,681.5,681.5,360,8475,4725,26205.3
2025-11-26,2025-12-02,26100,PE,244.0,244.0,78.15,84.3,84.3,2018320,9872325,7799325,26205.3
2025-11-26,2025-12-02,25850,PE,98.0,105.0,29.0,32.1,32.1,614533,3498450,2365125,26205.3
2025-11-26,2025-12-30,23050,CE,3330.9,3330.9,3306.4,3318.65,3318.65,2,75,0,26205.3
2025-11-26,2025-12-30,23200,CE,3142.15,3157.4,3142.15,3149.8,3149.8,2,450,0,26205.3
2025-11-26,2025-12-02,25750,PE,75.0,75.0,19.35,21.65,21.65,468229,2818725,1993275,26205.3
2025-11-26,2025-12-02,23900,PE,1.7,2.3,1.35,2.05,2.05,46971,251400,183750,26205.3
2025-11-26,2029-12-24,30000,CE,0.0,0.0,0.0,3681.0,3869.1,0,7950,0,26205.3
2025-11-26,2029-06-26,27000,CE,0.0,0.0,0.0,6570.4,4931.65,0,0,0,26205.3
2025-11-26,2029-06-26,20000,CE,0.0,0.0,0.0,10410.0,9962.3,0,0,0,26205.3
2025-11-26,2028-12-26,31000,CE,0.0,0.0,0.0,2968.35,2336.8,0,0,0,26205.3
2025-11-26,2028-06-27,31000,CE,0.0,0.0,0.0,1955.45,1810.4,0,0,0,26205.3
2025-11-26,2025-12-23,26400,CE,167.4,273.25,166.55,263.65,263.65,267,12750,5775,26205.3
2025-11-26,2025-12-16,27150,CE,12.6,21.95,12.6,21.25,21.25,147,4200,-1575,26205.3
2025-11-26,2026-02-24,27450,PE,0.0,0.0,0.0,1469.05,1158.45,0,0,0,26205.3
2025-11-26,2026-02-24,25800,PE,272.0,272.0,270.0,270.4,310.3,4,260,260,26205.3
2025-11-26,2026-02-24,24700,PE,0.0,0.0,0.0,193.95,82.3,0,0,0,26205.3
2025-11-26,2026-02-24,24550,PE,0.0,0.0,0.0,165.55,66.35,0,0,0,26205.3
2025-11-26,2026-02-24,24350,PE,0.0,0.0,0.0,132.75,49.05,0,0,0,26205.3
2025-11-26,2026-02-24,24150,PE,70.0,70.0,60.0,61.5,61.5,5,260,260,26205.3
2025-11-26,2026-01-27,26700,PE,645.0,645.0,518.35,534.1,534.1,243,14885,13000,26205.3
2025-11-26,2026-01-27,25800,PE,248.45,254.0,201.0,206.45,206.45,1561,60905,4160,26205.3
2025-11-26,2026-01-27,25450,PE,144.1,145.0,133.25,135.0,135.0,138,6175,2990,26205.3
2025-11-26,2026-01-27,24950,PE,84.4,84.4,75.2,75.45,75.45,65,7020,1950,26205.3
2025-11-26,2026-01-27,24600,PE,59.3,59.55,50.3,51.1,51.1,593,161005,3380,26205.3
2025-11-26,2025-12-30,28000,PE,1829.7,1829.7,1604.1,1613.2,1613.2,1241,1020375,-8475,26205.3
2025-11-26,2025-12-30,27400,PE,1226.65,1226.65,1050.0,1050.0,1121.8,9,2250,-300,26205.3
2025-11-26,2025-12-30,27000,PE,933.05,949.8,700.0,707.2,707.2,9726,1368100,36900,26205.3
2025-11-26,2025-12-30,25950,PE,307.0,307.0,166.55,171.5,171.5,5061,170400,67275,26205.3
2025-11-26,2025-12-30,25700,PE,211.2,211.2,111.8,114.45,114.45,34500,1848825,614250,26205.3
2025-11-26,2025-12-30,24850,PE,38.3,38.3,31.7,32.5,32.5,427,52050,4425,26205.3
2025-11-26,2025-12-30,24600,PE,26.6,26.95,22.5,24.2,24.2,9456,539175,-95100,26205.3
2025-11-26,2025-12-30,23350,PE,10.3,10.3,9.5,9.9,9.9,93,1725,-2775,26205.3
2025-11-26,2025-12-30,23200,PE,8.3,8.85,7.55,8.35,8.35,745,33075,23250,26205.3
2025-11-26,2025-12-30,22850,PE,6.5,9.0,5.7,8.0,8.0,123,11700,3600,26205.3
2025-11-26,2025-12-30,17000,PE,2.3,2.45,2.0,2.05,2.05,173,134225,7650,26205.3
2025-11-26,2025-12-23,27500,PE,0.0,0.0,0.0,1497.55,1215.5,0,0,0,26205.3
2025-11-26,2025-12-23,26950,PE,0.0,0.0,0.0,1039.45,751.0,0,0,0,26205.3
2025-11-26,2025-12-23,26850,PE,0.0,0.0,0.0,964.2,676.15,0,0,0,26205.3
2025-11-26,2025-12-23,26600,PE,547.9,553.0,403.0,417.45,417.45,116,5400,3825,26205.3
2025-11-26,2025-12-23,26450,PE,576.1,576.1,349.55,349.55,416.0,2,75,75,26205.3
2025-11-26,2025-12-23,26200,PE,381.3,381.3,226.4,231.05,231.05,783,12450,1575,26205.3
2025-11-26,2025-12-23,25600,PE,110.45,112.85,76.1,77.55,77.55,387,13800,-5925,26205.3
2025-11-26,2025-12-23,25100,PE,34.7,37.05,30.4,31.95,31.95,218,13875,5025,26205.3
2025-11-26,2025-12-23,24650,PE,0.0,0.0,0.0,28.0,7.4,0,75,0,26205.3
2025-11-26,2025-12-16,27800,PE,1370.0,1565.0,1370.0,1560.0,1514.3,6,300,150,26205.3
2025-11-26,2025-12-16,26350,PE,423.0,423.0,264.2,274.55,274.55,77,3750,2550,26205.3
2025-11-26,2025-12-16,25850,PE,185.0,185.0,94.55,97.7,97.7,373,12525,7425,26205.3
2025-11-26,2025-12-16,25600,PE,127.85,127.85,53.3,56.15,56.15,1626,77925,22200,26205.3
2025-11-26,2025-12-16,25550,PE,77.75,78.3,48.8,49.8,49.8,257,10275,2625,26205.3
2025-11-26,2025-12-16,25500,PE,102.1,102.1,42.55,44.65,44.65,2879,95250,26475,26205.3
2025-11-26,2025-12-16,25450,PE,62.75,62.75,39.7,40.5,40.5,216,12825,600,26205.3
2025-11-26,2025-12-16,24700,PE,13.35,13.95,9.2,11.55,11.55,297,17400,12150,26205.3
2025-11-26,2025-12-16,24400,PE,8.0,11.75,8.0,11.75,0.95,3,225,225,26205.3
2025-11-26,2025-12-16,24250,PE,0.0,0.0,0.0,41.3,0.45,0,0,0,26205.3
2025-11-26,2025-12-16,24100,PE,0.0,0.0,0.0,30.25,0.2,0,0,0,26205.3
2025-11-26,2025-12-09,27400,PE,1229.8,1229.8,1229.8,1229.8,1146.2,2,150,75,26205.3
2025-11-26,2025-12-09,26900,PE,693.0,706.0,632.0,632.0,632.0,83,3900,3675,26205.3
2025-11-26,2025-12-09,26550,PE,476.7,476.7,353.5,360.6,360.6,382,14175,13125,26205.3
2025-11-26,2025-12-09,26200,PE,276.8,276.85,160.1,166.85,166.85,35022,623700,364200,26205.3
2025-11-26,2025-12-09,25350,PE,39.3,39.3,15.75,17.5,17.5,5372,65250,-1575,26205.3
2025-11-26,2025-12-09,24700,PE,6.95,7.8,5.7,6.45,6.45,6633,159450,63450,26205.3
2025-11-26,2025-12-09,24200,PE,4.7,5.0,3.35,4.3,4.3,4458,104550,66225,26205.3
2025-11-26,2025-12-09,24100,PE,4.1,4.55,3.55,4.05,4.05,528,10725,10725,26205.3
2025-11-26,2025-12-09,24050,PE,0.0,0.0,0.0,32.25,0.05,0,0,0,26205.3
2025-11-26,2025-12-09,23800,PE,3.05,4.25,2.6,3.85,3.85,4380,162075,145800,26205.3
2025-11-26,2025-12-02,27400,PE,1187.0,1187.0,1187.0,1187.0,1187.0,1,225,75,26205.3
2025-11-26,2025-12-02,25600,PE,28.7,44.9,11.5,12.75,12.75,552222,5576850,2396550,26205.3
2025-11-26,2025-12-02,25050,PE,5.35,8.1,3.4,4.6,4.6,99593,1075800,689850,26205.3
2025-11-26,2025-12-02,24550,PE,2.45,3.4,1.9,3.0,3.0,47478,236850,181500,26205.3
2025-11-26,2029-12-24,28000,CE,0.0,0.0,0.0,5741.5,4917.95,0,0,0,26205.3
2025-11-26,2029-06-26,25000,CE,0.0,0.0,0.0,7557.7,6221.05,0,0,0,26205.3
2025-11-26,2028-12-26,27000,CE,0.0,0.0,0.0,4437.95,4342.05,0,0,0,26205.3
2025-11-26,2028-12-26,20000,CE,0.0,0.0,0.0,8115.5,9484.8,0,0,0,26205.3
2025-11-26,2028-06-27,20000,CE,0.0,0.0,0.0,5724.65,8992.35,0,0,0,26205.3
2025-11-26,2027-06-29,23000,CE,0.0,0.0,0.0,2530.05,5330.85,0,0,0,26205.3
2025-11-26,2026-12-29,19000,CE,0.0,0.0,0.0,7516.0,8360.9,0,125,0,26205.3
2025-11-26,2026-09-29,25000,CE,0.0,0.0,0.0,2510.0,2686.55,0,300,0,26205.3
2025-11-26,2026-06-30,12000,CE,0.0,0.0,0.0,8690.0,14606.75,0,50,0,26205.3
2025-11-26,2026-03-31,29000,CE,70.95,83.6,70.95,82.55,82.55,1514,533325,12975,26205.3
2025-11-26,2026-03-31,24000,CE,2698.0,2876.25,2694.7,2861.55,2861.55,249,140625,1950,26205.3
2025-11-26,2026-02-24,25950,CE,0.0,0.0,0.0,911.6,981.0,0,0,0,26205.3
2025-11-26,2026-02-24,25300,CE,0.0,0.0,0.0,1310.7,1440.35,0,0,0,26205.3
2025-11-26,2026-02-24,25000,CE,1595.1,1800.0,1595.1,1800.0,1800.0,14,845,845,26205.3
2025-11-26,2026-02-24,24350,CE,0.0,0.0,0.0,2034.45,2247.15,0,0,0,26205.3
2025-11-26,2026-01-27,27600,CE,0.0,0.0,0.0,316.4,149.25,0,0,0,26205.3
2025-11-26,2026-01-27,26600,CE,323.05,428.3,323.0,420.8,420.8,466,71305,9035,26205.3
2025-11-26,2026-01-27,26450,CE,385.9,507.1,385.9,502.85,502.85,54,3575,455,26205.3
2025-11-26,2026-01-27,25000,CE,1380.0,1600.0,1379.95,1584.9,1584.9,1249,94705,54730,26205.3
2025-11-26,2025-12-30,29000,CE,4.35,4.35,3.15,3.4,3.4,3498,1116300,47900,26205.3
2025-11-26,2025-12-30,27050,CE,51.75,87.55,49.65,84.05,84.05,2447,69075,21150,26205.3
2025-11-26,2025-12-30,26550,CE,151.2,251.9,150.2,242.55,242.55,1505,88500,-900,26205.3
2025-11-26,2025-12-30,26400,CE,200.0,328.85,175.25,317.8,317.8,17402,948075,140550,26205.3
2025-11-26,2025-12-30,26100,CE,275.85,510.0,275.85,496.8,496.8,38033,1346175,78450,26205.3
2025-11-26,2025-12-30,24400,CE,1750.0,1964.65,1750.0,1964.65,1964.65,2,3000,75,26205.3
2025-11-26,2025-12-30,22900,CE,3293.4,3442.8,3290.0,3439.9,3439.9,6,5775,300,26205.3
2025-11-26,2025-12-23,26650,CE,153.6,153.6,153.6,153.6,153.6,2,525,0,26205.3
2025-11-26,2025-12-23,25550,CE,0.0,0.0,0.0,758.6,849.8,0,0,0,26205.3
2025-11-26,2025-12-23,25450,CE,0.0,0.0,0.0,826.0,932.1,0,0,0,26205.3
2025-11-26,2025-12-23,25100,CE,0.0,0.0,0.0,1085.3,1240.45,0,0,0,26205.3
2025-11-26,2025-12-23,24650,CE,0.0,0.0,0.0,1462.6,1667.35,0,0,0,26205.3
2025-11-26,2025-12-23,24600,CE,0.0,0.0,0.0,1506.95,1716.0,0,0,0,26205.3
2025-11-26,2025-12-23,24500,CE,0.0,0.0,0.0,1596.8,1813.75,0,0,0,26205.3
2025-11-26,2025-12-23,24350,CE,0.0,0.0,0.0,1734.3,1961.25,0,0,0,26205.3
2025-11-26,2025-12-23,24300,CE,0.0,0.0,0.0,1780.75,2010.6,0,0,0,26205.3
2025-11-26,2025-12-16,27950,CE,3.5,4.65,3.5,4.5,4.5,14,2550,450,26205.3
2025-11-26,2025-12-16,27650,CE,0.0,0.0,0.0,9.65,11.5,0,300,0,26205.3
2025-11-26,2025-12-16,26950,CE,21.9,44.6,21.25,42.9,42.9,585,24750,19350,26205.3
2025-11-26,2025-12-16,26850,CE,30.0,60.85,30.0,58.5,58.5,320,9375,7500,26205.3
2025-11-26,2025-12-16,26200,CE,138.65,327.55,138.65,316.5,316.5,4678,122625,-18375,26205.3
2025-11-26,2025-12-16,25300,CE,1026.65,1026.65,1021.7,1024.2,1024.2,2,75,75,26205.3
2025-11-26,2025-12-16,24150,CE,0.0,0.0,0.0,1719.4,2131.55,0,0,0,26205.3
2025-11-26,2025-12-09,27550,CE,1.7,2.65,1.7,2.05,2.05,360,9225,8625,26205.3
2025-11-26,2025-12-09,26800,CE,13.0,35.8,12.2,32.95,32.95,32015,414975,4050,26205.3
2025-11-26,2025-12-09,26650,CE,23.9,64.2,23.65,60.05,60.05,21673,556950,468750,26205.3
2025-11-26,2025-12-09,26200,CE,133.25,254.0,132.2,240.1,240.1,48923,661875,196050,26205.3
2025-11-26,2025-12-09,25400,CE,649.0,894.15,649.0,892.3,892.3,64,5700,1275,26205.3
2025-11-26,2025-12-09,25150,CE,1099.65,1099.65,1098.1,1098.1,1113.5,2,225,0,26205.3
2025-11-26,2025-12-02,27900,CE,0.8,1.25,0.7,0.8,0.8,79364,1197000,830625,26205.3
2025-11-26,2025-12-02,27600,CE,0.95,1.05,0.8,0.95,0.95,38228,1445475,17700,26205.3
2025-11-26,2025-12-02,27250,CE,1.3,1.85,1.1,1.35,1.35,64782,556500,356925,26205.3
2025-11-26,2025-12-02,27000,CE,1.9,3.45,1.8,2.8,2.8,1066582,7319025,2040150,26205.3
2025-11-26,2025-12-02,26800,CE,3.25,8.05,2.45,6.05,6.05,638018,3886425,815325,26205.3
2025-11-26,2025-12-02,26500,CE,14.9,41.2,5.4,33.7,33.7,1625702,7947675,1881450,26205.3
2025-11-26,2025-12-02,26450,CE,13.7,53.7,11.0,44.75,44.75,730424,1746150,461850,26205.3
2025-11-26,2025-12-02,25950,CE,150.0,341.6,130.0,322.2,322.2,476589,626325,-895875,26205.3
2025-11-26,2025-12-02,25750,CE,250.15,515.95,234.0,491.8,491.8,20415,115875,-32850,26205.3
2025-11-26,2025-12-02,25600,CE,399.05,655.9,375.25,635.75,635.75,9070,163200,-55275,26205.3
2025-11-26,2025-12-02,25350,CE,686.6,891.05,681.85,883.15,883.15,266,12300,8325,26205.3
2025-11-26,2025-12-02,24750,CE,1461.3,1461.3,1461.3,1461.3,1478.7,1,225,-75,26205.3
2025-11-26,2026-12-29,16000,PE,0.0,0.0,0.0,23.3,0.05,0,2425,0,26205.3
2025-11-26,2026-12-29,31000,PE,0.0,0.0,0.0,4949.65,3307.9,0,0,0,26205.3
2025-11-26,2027-06-29,20000,PE,0.0,0.0,0.0,3034.2,10.1,0,0,0,26205.3
2025-11-26,2027-12-28,17000,PE,0.0,0.0,0.0,50.05,0.75,0,14200,0,26205.3
2025-11-26,2027-12-28,20000,PE,0.0,0.0,0.0,251.9,17.05,0,3950,0,26205.3
2025-11-26,2027-12-28,30000,PE,0.0,0.0,0.0,4140.9,2051.35,0,0,0,26205.3
2025-11-26,2029-06-26,22000,PE,0.0,0.0,0.0,422.0,99.9,0,0,0,26205.3
2025-11-26,2026-09-29,27000,PE,865.8,870.0,826.95,830.0,927.5,22,1725,1425,26205.3
2025-11-26,2026-09-29,24000,PE,226.0,231.5,202.5,225.0,144.95,14,8550,0,26205.3
2025-11-26,2026-06-30,23000,PE,110.05,112.1,101.3,105.55,105.55,1364,247775,52350,26205.3
2025-11-26,2025-12-30,26950,PE,750.0,750.0,660.0,660.0,660.0,6,675,75,26205.3
2025-11-26,2025-12-30,26750,PE,669.3,680.0,521.0,526.05,526.05,112,5100,-1425,26205.3
2025-11-26,2025-12-30,25450,PE,128.9,128.9,75.9,77.4,77.4,1599,112575,15000,26205.3
2025-11-26,2025-12-30,24800,PE,43.3,43.3,28.65,30.3,30.3,24952,1435650,-268200,26205.3
2025-11-26,2025-12-30,24050,PE,13.65,16.3,12.2,14.65,14.65,163,18300,-2550,26205.3
2025-11-26,2025-12-30,23300,PE,7.6,9.35,7.6,8.25,8.25,230,20175,3375,26205.3
2025-11-26,2025-12-30,21000,PE,4.5,5.0,4.5,4.7,4.7,1313,1405850,-18525,26205.3
2025-11-26,2025-12-30,20000,PE,4.35,4.35,3.75,3.9,3.9,1054,708775,-11725,26205.3
2025-11-26,2025-12-30,18000,PE,2.4,2.7,2.15,2.4,2.4,85,153575,-1650,26205.3
2025-11-26,2025-12-23,26100,PE,258.95,258.95,191.55,195.4,195.4,597,19350,1950,26205.3
2025-11-26,2025-12-23,25200,PE,55.0,55.0,36.45,37.2,37.2,177,7125,-600,26205.3
2025-11-26,2025-12-16,27550,PE,1237.85,1238.15,1223.5,1230.95,1230.95,16,0,0,26205.3
2025-11-26,2025-12-16,27350,PE,1050.45,1050.45,1045.2,1047.85,1047.85,2,0,0,26205.3
2025-11-26,2025-12-16,26950,PE,697.2,697.2,690.4,690.4,738.95,2,0,0,26205.3
2025-11-26,2025-12-16,26250,PE,269.6,270.0,219.15,225.55,225.55,190,4800,2625,26205.3
2025-11-26,2025-12-16,24850,PE,16.0,16.0,14.0,14.0,14.0,3,1800,75,26205.3
2025-11-26,2025-12-16,24550,PE,0.0,0.0,0.0,73.3,1.9,0,0,0,26205.3
2025-11-26,2025-12-16,23950,PE,0.0,0.0,0.0,21.8,0.1,0,0,0,26205.3
2025-11-26,2025-12-09,26950,PE,708.35,708.35,705.4,705.4,728.5,2,75,0,26205.3
2025-11-26,2025-12-09,26500,PE,517.4,517.4,318.95,326.3,326.3,5121,167325,50925,26205.3
2025-11-26,2025-12-09,25200,PE,24.1,24.2,11.3,12.55,12.55,18905,336225,90075,26205.3
2025-11-26,2025-12-09,24900,PE,7.85,9.8,7.25,7.95,7.95,5674,142950,39225,26205.3
2025-11-26,2025-12-09,24850,PE,10.15,10.15,6.85,7.8,7.8,477,19050,6225,26205.3
2025-11-26,2025-12-09,24350,PE,5.5,5.6,4.4,4.45,4.45,30,3150,1200,26205.3
2025-11-26,2025-12-09,24300,PE,5.3,8.3,3.7,4.55,4.55,5429,50250,45375,26205.3
2025-11-26,2025-12-09,23950,PE,0.0,0.0,0.0,25.95,0.05,0,0,0,26205.3
2025-11-26,2025-12-09,23750,PE,3.6,4.05,2.5,3.75,3.75,3750,141825,123600,26205.3
2025-11-26,2025-12-02,26850,PE,807.4,810.9,615.0,628.65,628.65,243,4950,3900,26205.3
2025-11-26,2025-12-02,25950,PE,156.0,160.35,43.6,47.75,47.75,1053564,6064050,5096700,26205.3
2025-11-26,2025-12-02,25350,PE,14.0,14.0,6.4,6.85,6.85,159607,1152525,443700,26205.3
2025-11-26,2026-01-27,23900,CE,0.0,0.0,0.0,2427.15,2547.15,0,65,0,26205.3
2025-11-26,2026-01-27,24450,CE,0.0,0.0,0.0,1915.1,2023.45,0,65,0,26205.3
2025-11-26,2026-01-27,24600,CE,0.0,0.0,0.0,1777.75,1884.9,0,65,0,26205.3
2025-11-26,2026-01-27,25550,CE,1081.85,1109.05,1081.85,1101.8,1086.9,28,455,-780,26205.3
2025-11-26,2026-01-27,25750,CE,0.0,0.0,0.0,890.0,943.3,0,195,0,26205.3
2025-11-26,2026-01-27,26000,CE,645.0,795.0,640.0,786.25,786.25,5644,363805,93145,26205.3
2025-11-26,2026-01-27,27200,CE,137.25,190.7,132.85,186.1,186.1,2280,129610,35750,26205.3
2025-11-26,2026-01-27,27750,CE,53.8,74.2,53.4,73.4,73.4,214,6240,3575,26205.3
2025-11-26,2026-02-24,24200,CE,0.0,0.0,0.0,2161.1,2384.65,0,0,0,26205.3
2025-11-26,2026-02-24,24750,CE,0.0,0.0,0.0,1711.95,1892.0,0,0,0,26205.3
2025-11-26,2026-02-24,25150,CE,0.0,0.0,0.0,1414.65,1558.55,0,0,0,26205.3
2025-11-26,2025-12-02,24800,PE,3.0,4.3,2.45,3.7,3.7,262822,3131025,1273575,26205.3
2025-11-26,2025-12-02,24450,PE,2.25,3.2,1.5,2.8,2.8,28538,114450,100500,26205.3
2025-11-26,2025-12-02,24300,PE,1.75,2.85,1.6,2.65,2.65,99511,487875,-46050,26205.3
2025-11-26,2025-12-02,23750,PE,1.5,2.1,1.2,1.85,1.85,160627,3087000,2164800,26205.3
2025-11-26,2029-12-24,31000,CE,0.0,0.0,0.0,4512.25,3406.2,0,0,0,26205.3
2025-11-26,2029-12-24,23000,CE,0.0,0.0,0.0,8286.75,8173.8,0,0,0,26205.3
2025-11-26,2029-06-26,19000,CE,0.0,0.0,0.0,11036.95,10760.25,0,0,0,26205.3
2025-11-26,2028-12-26,28000,CE,0.0,0.0,0.0,2800.0,3763.15,0,1050,0,26205.3
2025-11-26,2027-06-29,24000,CE,3100.0,3100.0,3100.0,3100.0,3100.0,1,675,75,26205.3
2025-11-26,2026-12-29,23000,CE,0.0,0.0,0.0,4730.0,4686.35,0,6000,0,26205.3
2025-11-26,2026-09-29,22000,CE,0.0,0.0,0.0,4133.45,5265.65,0,0,0,26205.3
2025-11-26,2026-03-31,27000,CE,512.7,617.9,512.65,610.4,610.4,2513,1429350,39825,26205.3
2025-11-26,2026-03-31,22000,CE,4599.0,4721.0,4599.0,4703.0,4703.0,20,9300,1275,26205.3
2025-11-26,2026-02-24,25500,CE,0.0,0.0,0.0,1178.85,1289.5,0,0,0,26205.3
2025-11-26,2026-02-24,25550,CE,0.0,0.0,0.0,1147.1,1253.05,0,0,0,26205.3
2025-11-26,2026-02-24,27000,CE,431.1,431.1,320.8,420.55,420.55,502,17875,17875,26205.3
2025-11-26,2025-12-02,23850,CE,0.0,0.0,0.0,2287.25,2377.85,0,75,0,26205.3
2025-11-26,2025-12-02,24150,CE,1894.55,1894.55,1894.55,1894.55,2078.1,1,300,0,26205.3
2025-11-26,2025-12-30,25650,CE,643.75,838.0,643.75,832.15,832.15,66,9750,-375,26205.3
2025-11-26,2025-12-30,25550,CE,716.4,915.55,716.4,906.5,900.9,58,9225,150,26205.3
2025-11-26,2025-12-30,25150,CE,1248.85,1248.85,1243.75,1243.75,1237.1,2,1425,0,26205.3
2025-11-26,2025-12-30,25100,CE,1124.95,1317.3,1110.0,1290.1,1281.7,36,20100,225,26205.3
2025-11-26,2025-12-30,24900,CE,1299.95,1475.0,1290.0,1475.0,1464.4,37,41100,-900,26205.3
2025-11-26,2025-12-30,24250,CE,2109.95,2109.95,2108.9,2108.9,2088.9,2,0,0,26205.3
2025-11-26,2025-12-02,24500,CE,1578.75,1736.25,1578.75,1724.1,1724.1,18,20550,0,26205.3
2025-11-26,2025-12-02,25200,CE,834.05,1047.75,827.15,1032.15,1032.15,333,52350,2625,26205.3
2025-11-26,2025-12-02,25650,CE,366.0,608.8,347.65,589.05,589.05,3798,40500,300,26205.3
2025-11-26,2025-12-02,26250,CE,38.1,133.25,31.35,119.55,119.55,1277346,2599575,772575,26205.3
2025-11-26,2025-12-02,27300,CE,1.2,1.7,1.1,1.25,1.25,164268,2494200,1719750,26205.3
2025-11-26,2025-12-02,27750,CE,0.95,1.1,0.75,0.9,0.9,4901,96150,44550,26205.3
2025-11-26,2025-12-09,23750,CE,2486.65,2524.0,2486.65,2521.0,2521.0,3,75,0,26205.3
2025-11-26,2025-12-09,24400,CE,1851.35,1861.95,1851.35,1859.75,1859.75,3,150,0,26205.3
2025-11-26,2025-12-09,26600,CE,26.7,77.5,26.7,71.7,71.7,34721,414150,-111150,26205.3
2025-11-26,2025-12-09,27100,CE,5.0,10.15,4.3,8.95,8.95,13647,239175,93225,26205.3
2025-11-26,2025-12-09,27500,CE,3.2,3.2,2.15,2.25,2.25,12035,467925,133725,26205.3
2025-11-26,2025-12-16,24050,CE,0.0,0.0,0.0,1812.4,2231.1,0,0,0,26205.3
2025-11-26,2025-12-16,25200,CE,1120.9,1120.9,1115.8,1118.35,1118.35,2,0,0,26205.3
2025-11-26,2025-12-16,26750,CE,42.8,84.0,40.5,80.6,80.6,196,4125,1800,26205.3
2025-11-26,2025-12-16,27050,CE,15.95,30.6,15.95,29.75,29.75,188,4650,1950,26205.3
2025-11-26,2025-12-16,27350,CE,0.0,0.0,0.0,61.4,28.15,0,0,0,26205.3
2025-11-26,2025-12-16,27450,CE,6.65,8.6,5.85,8.25,8.25,264,16800,1575,26205.3
2025-11-26,2025-12-23,25400,CE,0.0,0.0,0.0,860.85,974.3,0,0,0,26205.3
2025-11-26,2025-12-23,25500,CE,0.0,0.0,0.0,791.9,890.55,0,0,0,26205.3
2025-11-26,2025-12-23,25950,CE,396.15,555.65,396.0,555.65,555.75,31,750,-975,26205.3
2025-11-26,2025-12-23,27100,CE,24.35,47.65,24.35,45.6,45.6,159,10350,6000,26205.3
2025-11-26,2025-12-23,27650,CE,0.0,0.0,0.0,52.95,26.1,0,0,0,26205.3
2025-11-26,2025-12-23,27750,CE,0.0,0.0,0.0,44.55,20.3,0,0,0,26205.3
2025-11-26,2025-12-23,27900,CE,6.6,8.75,4.95,6.95,6.95,31,975,900,26205.3
2025-11-26,2025-12-30,18000,CE,0.0,0.0,0.0,8070.0,8301.45,0,62425,0,26205.3
2025-11-26,2025-12-30,22850,CE,3504.75,3504.75,3504.45,3504.6,3504.6,2,825,0,26205.3
2025-11-26,2025-12-30,23300,CE,3041.8,3045.15,3041.8,3043.5,3043.5,2,4725,0,26205.3
2025-11-26,2025-12-30,23350,CE,3035.1,3035.1,3010.6,3022.85,3022.85,4,0,-75,26205.3
2025-11-26,2025-12-30,23650,CE,2739.2,2739.2,2714.95,2726.95,2726.95,4,75,0,26205.3
2025-11-26,2029-12-24,28000,PE,0.0,0.0,0.0,1411.3,858.2,0,0,0,26205.3
2025-11-26,2029-06-26,30000,PE,0.0,0.0,0.0,2031.05,1526.1,0,0,0,26205.3
2025-11-26,2029-06-26,25000,PE,0.0,0.0,0.0,852.5,360.45,0,0,0,26205.3
2025-11-26,2028-12-26,28000,PE,0.0,0.0,0.0,1697.6,1006.7,0,0,0,26205.3
2025-11-26,2028-12-26,24000,PE,0.0,0.0,0.0,888.05,248.8,0,1800,0,26205.3
2025-11-26,2026-12-29,30000,PE,2325.0,2349.5,2185.0,2192.5,2192.5,232,71025,14400,26205.3
2025-11-26,2026-12-29,25000,PE,420.0,420.0,375.0,378.65,378.65,989,510350,19200,26205.3
2025-11-26,2026-12-29,19000,PE,0.0,0.0,0.0,62.7,0.95,0,1725,0,26205.3
2025-11-26,2026-06-30,27000,PE,855.75,856.85,777.7,782.55,782.55,823,403425,6375,26205.3
2025-11-26,2026-03-31,19000,PE,15.0,15.0,12.0,12.0,12.0,38,5550,1125,26205.3
2025-11-26,2026-02-24,27200,PE,0.0,0.0,0.0,1292.2,988.95,0,0,0,26205.3
2025-11-26,2026-02-24,26200,PE,0.0,0.0,0.0,701.65,455.7,0,0,0,26205.3
2025-11-26,2026-02-24,26050,PE,0.0,0.0,0.0,630.55,396.75,0,0,0,26205.3
2025-11-26,2026-02-24,25450,PE,0.0,0.0,0.0,392.8,212.9,0,0,0,26205.3
2025-11-26,2026-02-24,24500,PE,85.0,88.0,80.05,81.0,81.0,770,32435,32435,26205.3
2025-11-26,2026-01-27,27950,PE,0.0,0.0,0.0,1541.8,1566.5,0,65,0,26205.3
2025-11-26,2026-01-27,27800,PE,1483.05,1483.05,1332.9,1332.9,1439.3,5,455,-65,26205.3
2025-11-26,2026-01-27,27650,PE,0.0,0.0,0.0,1308.7,1315.9,0,130,0,26205.3
2025-11-26,2026-01-27,27350,PE,0.0,0.0,0.0,1069.55,1082.4,0,715,0,26205.3
2025-11-26,2026-01-27,27100,PE,794.55,794.55,760.65,765.35,765.35,4,325,130,26205.3
2025-11-26,2026-01-27,26150,PE,371.3,371.3,304.05,305.25,305.25,93,4420,2145,26205.3
2025-11-26,2026-01-27,26000,PE,340.0,340.0,253.7,257.65,257.65,9005,450125,120575,26205.3
2025-11-26,2026-01-27,25900,PE,307.5,307.5,227.5,230.35,230.35,642,37115,10920,26205.3
2025-11-26,2026-01-27,25550,PE,177.5,177.5,156.1,157.6,157.6,42,3510,585,26205.3
2025-11-26,2026-01-27,24150,PE,36.3,36.3,35.65,35.65,16.6,8,1430,0,26205.3
2025-11-26,2026-01-27,23850,PE,0.0,0.0,0.0,34.85,8.5,0,1430,0,26205.3
2025-11-26,2025-12-30,31000,PE,4560.0,4584.75,4554.6,4565.1,4565.1,7,525,150,26205.3
2025-11-26,2025-12-30,27800,PE,1440.0,1440.0,1429.15,1429.75,1429.75,3,3075,-75,26205.3
2025-11-26,2025-12-30,27450,PE,1097.2,1101.6,1097.2,1099.4,1099.4,2,225,-75,26205.3
2025-11-26,2025-12-30,27350,PE,1016.25,1019.5,1016.25,1019.5,1079.35,2,375,0,26205.3
2025-11-26,2025-12-30,27200,PE,1055.0,1055.0,857.55,865.85,865.85,298,97425,-375,26205.3
2025-11-26,2025-12-30,26350,PE,420.95,423.95,302.65,311.65,311.65,1276,44475,14475,26205.3
2025-11-26,2025-12-30,25850,PE,259.9,259.9,142.4,145.6,145.6,3068,101025,11700,26205.3
2025-11-26,2025-12-30,25000,PE,56.15,59.65,39.15,40.05,40.05,50344,4726675,167450,26205.3
2025-11-26,2025-12-30,24550,PE,23.4,24.7,20.3,22.55,22.55,189,17625,-1725,26205.3
2025-11-26,2025-12-30,24250,PE,17.8,17.8,14.55,17.0,17.0,272,29625,-3750,26205.3
2025-11-26,2025-12-30,23600,PE,8.95,11.35,8.95,10.45,10.45,434,40500,3075,26205.3
2025-11-26,2025-12-30,22900,PE,6.5,9.15,6.25,8.6,8.6,1273,50700,35925,26205.3
2025-11-26,2025-12-30,16500,PE,3.0,3.0,3.0,3.0,0.05,2,5475,75,26205.3
2025-11-26,2025-12-23,27700,PE,0.0,0.0,0.0,1677.0,1400.15,0,0,0,26205.3
2025-11-26,2025-12-23,26400,PE,426.05,430.25,316.35,318.95,318.95,134,5175,1125,26205.3
2025-11-26,2025-12-23,26350,PE,295.25,296.7,290.0,290.45,290.45,7,375,375,26205.3
2025-11-26,2025-12-30,29000,PE,2800.0,2805.0,2590.85,2598.5,2598.5,289,614075,-5775,26205.3
2025-11-26,2025-12-23,26300,PE,332.65,332.65,266.45,272.75,272.75,156,4275,-3075,26205.3
2025-11-26,2025-12-23,24500,PE,12.7,14.9,12.4,14.3,14.3,215,18375,6825,26205.3
2025-11-26,2025-12-16,27900,PE,1584.05,1584.05,1568.8,1576.5,1576.5,14,0,0,26205.3
2025-11-26,2025-12-16,27700,PE,1385.7,1385.7,1371.4,1380.0,1380.0,5,75,75,26205.3
2025-11-26,2025-12-16,26850,PE,620.4,620.4,619.0,619.0,659.7,2,75,75,26205.3
2025-11-26,2025-12-16,26450,PE,337.8,337.8,328.0,328.0,328.0,5,225,225,26205.3
2025-11-26,2025-12-16,25950,PE,194.0,194.0,118.6,120.95,120.95,461,18300,12600,26205.3
2025-11-26,2025-12-16,25700,PE,153.2,153.2,66.65,69.7,69.7,2287,100200,63225,26205.3
2025-11-26,2025-12-16,25650,PE,121.35,121.35,61.85,63.0,63.0,159,5625,300,26205.3
2025-11-26,2025-12-16,24650,PE,12.85,12.85,10.3,11.95,11.95,7,2850,-75,26205.3
2025-11-26,2025-12-16,24350,PE,0.0,0.0,0.0,50.35,0.75,0,0,0,26205.3
2025-11-26,2025-12-09,27200,PE,1038.05,1038.05,1038.05,1038.05,955.45,3,300,225,26205.3
2025-11-26,2025-12-09,27050,PE,935.6,935.6,914.95,914.95,817.3,5,300,225,26205.3
2025-11-26,2025-12-09,25900,PE,157.2,159.85,71.3,76.65,76.65,33440,585075,317250,26205.3
2025-11-26,2025-12-09,24550,PE,6.0,6.65,5.05,5.65,5.65,221,4425,3225,26205.3
2025-11-26,2025-12-09,24000,PE,3.15,4.5,3.1,4.0,4.0,4301,116025,36300,26205.3
2025-11-26,2025-12-09,23850,PE,4.05,4.5,3.7,4.2,4.2,147,5025,4950,26205.3
2025-11-26,2025-12-02,26500,PE,500.0,500.0,297.05,308.7,308.7,69029,744075,452850,26205.3
2025-11-26,2025-12-02,26000,PE,181.0,181.0,53.05,57.65,57.65,2400390,16871700,11901975,26205.3
2025-11-26,2025-12-02,25650,PE,47.5,47.5,13.55,14.95,14.95,337573,2766750,1791975,26205.3
2025-11-26,2025-12-02,25450,PE,21.0,21.0,7.7,8.4,8.4,228660,2111700,1219275,26205.3
2025-11-26,2025-12-02,25150,PE,6.15,6.3,4.1,5.1,5.1,119720,906675,413025,26205.3
2025-11-26,2030-06-25,25000,CE,0.0,0.0,0.0,8027.0,7322.0,0,0,0,26205.3
2025-11-26,2030-06-25,21000,CE,0.0,0.0,0.0,10421.65,10131.9,0,0,0,26205.3
2025-11-26,2030-06-25,20000,CE,0.0,0.0,0.0,11072.4,10874.4,0,0,0,26205.3
2025-11-26,2029-12-24,20000,CE,0.0,0.0,0.0,10081.1,10422.8,0,0,0,26205.3
2025-11-26,2029-06-26,22000,CE,0.0,0.0,0.0,9207.9,8401.85,0,0,0,26205.3
2025-11-26,2029-06-26,21000,CE,0.0,0.0,0.0,9799.75,9174.7,0,0,0,26205.3
2025-11-26,2028-06-27,25000,CE,0.0,0.0,0.0,3545.15,5042.1,0,0,0,26205.3
2025-11-26,2027-12-28,20000,CE,0.0,0.0,0.0,5333.85,8484.65,0,0,0,26205.3
2025-11-26,2027-06-29,31000,CE,0.0,0.0,0.0,1151.25,820.5,0,0,0,26205.3
2025-11-26,2026-12-29,27000,CE,1810.0,1944.0,1810.0,1928.1,1928.1,109,182550,-2475,26205.3
2025-11-26,2026-09-29,23000,CE,0.0,0.0,0.0,3363.4,4351.95,0,0,0,26205.3
2025-11-26,2026-06-30,24000,CE,3225.0,3269.25,3225.0,3269.25,3111.35,3,19275,75,26205.3
2025-11-26,2026-02-24,27500,CE,188.0,249.35,185.95,242.4,242.4,734,26390,26390,26205.3
2025-11-26,2026-02-24,26350,CE,0.0,0.0,0.0,709.2,746.45,0,0,0,26205.3
2025-11-26,2026-02-24,25050,CE,0.0,0.0,0.0,1487.45,1639.5,0,0,0,26205.3
2025-11-26,2026-02-24,24950,CE,0.0,0.0,0.0,1560.0,1722.15,0,0,0,26205.3
2025-11-26,2026-02-24,24800,CE,0.0,0.0,0.0,1673.3,1849.0,0,0,0,26205.3
2025-11-26,2026-02-24,24400,CE,0.0,0.0,0.0,1992.9,2201.8,0,0,0,26205.3
2025-11-26,2026-01-27,27800,CE,46.4,68.0,46.4,66.25,66.25,2073,142675,28015,26205.3
2025-11-26,2026-01-27,27500,CE,79.95,117.65,70.4,114.2,114.2,11949,668915,194415,26205.3
2025-11-26,2026-01-27,26900,CE,225.0,289.7,211.05,284.5,284.5,538,27170,12480,26205.3
2025-11-26,2026-01-27,26300,CE,443.5,605.35,443.5,590.45,590.45,826,48360,7345,26205.3
2025-11-26,2026-01-27,25500,CE,989.95,1171.75,989.8,1161.8,1161.8,362,87880,-4225,26205.3
2025-11-26,2026-01-27,24550,CE,0.0,0.0,0.0,1822.65,1930.85,0,65,0,26205.3
2025-11-26,2026-01-27,24250,CE,0.0,0.0,0.0,2099.0,2211.45,0,65,0,26205.3
2025-11-26,2026-01-27,24050,CE,0.0,0.0,0.0,2285.75,2402.4,0,65,0,26205.3
2025-11-26,2025-12-30,26900,CE,63.0,123.9,63.0,118.2,118.2,15196,910050,229125,26205.3
2025-11-26,2025-12-30,26850,CE,79.55,137.7,78.85,132.15,132.15,1607,78525,9300,26205.3
2025-11-26,2025-12-30,26750,CE,100.0,170.0,96.75,164.15,164.15,2141,83025,1575,26205.3
2025-11-26,2025-12-30,26600,CE,138.75,230.95,136.1,221.05,221.05,15522,593100,11325,26205.3
2025-11-26,2025-12-30,27950,PE,1668.15,1668.15,1592.85,1592.85,1618.8,2,0,-150,26205.3
2025-11-26,2026-01-27,24200,PE,40.85,40.95,34.55,35.8,35.8,237,23010,845,26205.3
2025-11-26,2026-01-27,24450,PE,51.7,51.7,45.0,45.1,45.1,23,3380,585,26205.3
2025-11-26,2026-01-27,24650,PE,63.95,64.15,54.0,54.2,54.2,88,5720,3445,26205.3
2025-11-26,2026-01-27,24700,PE,67.75,67.8,56.5,57.0,57.0,927,182130,1755,26205.3
2025-11-26,2026-01-27,24850,PE,70.8,70.8,69.5,69.5,63.2,2,2795,-65,26205.3
2025-11-26,2026-01-27,25250,PE,128.35,128.35,106.05,107.05,107.05,93,6500,2145,26205.3
2025-11-26,2026-01-27,25700,PE,261.0,261.0,178.35,181.25,181.25,1148,75400,17745,26205.3
2025-11-26,2026-01-27,25750,PE,234.5,234.5,191.0,193.45,193.45,42,5525,650,26205.3
2025-11-26,2026-02-24,24200,PE,0.0,0.0,0.0,111.65,38.7,0,0,0,26205.3
2025-11-26,2026-02-24,24900,PE,0.0,0.0,0.0,237.35,108.2,0,0,0,26205.3
2025-11-26,2026-02-24,24950,PE,0.0,0.0,0.0,249.25,115.6,0,0,0,26205.3
2025-11-26,2026-02-24,25350,PE,0.0,0.0,0.0,360.2,189.75,0,0,0,26205.3
2025-11-26,2026-02-24,25400,PE,213.3,213.3,213.3,213.3,201.05,1,65,65,26205.3
2025-11-26,2026-02-24,25650,PE,0.0,0.0,0.0,463.85,265.3,0,0,0,26205.3
2025-11-26,2026-02-24,26000,PE,376.45,391.2,312.5,319.65,319.65,999,44265,44265,26205.3
2025-11-26,2026-02-24,26250,PE,0.0,0.0,0.0,726.3,476.6,0,0,0,26205.3
2025-11-26,2026-02-24,26300,PE,0.0,0.0,0.0,751.6,498.1,0,0,0,26205.3
2025-11-26,2026-02-24,26350,PE,0.0,0.0,0.0,777.35,520.2,0,0,0,26205.3
2025-11-26,2025-12-23,24750,CE,0.0,0.0,0.0,1375.2,1570.6,0,0,0,26205.3
2025-11-26,2025-12-23,25600,CE,630.0,825.05,630.0,825.05,809.85,11,2250,-375,26205.3
2025-11-26,2025-12-23,25850,CE,515.0,564.9,515.0,564.9,623.45,4,0,-150,26205.3
