date,expiry,strike,opt_type,open,high,low,close,settle,volume,oi,oi_change,underlying
2024-07-19,2024-09-26,24850,CE,567.9,581.65,550.0,550.0,550.0,4,100,75,24530.9
2024-07-19,2024-08-29,22100,CE,2670.0,2670.0,2670.0,2670.0,2622.25,2,650,25,24530.9
2024-07-19,2024-08-08,24500,CE,540.0,545.0,387.5,399.5,399.5,1873,20975,13625,24530.9
2024-07-19,2024-07-25,24500,PE,102.25,234.5,102.25,220.0,220.0,1764068,5266575,481750,24530.9
2024-07-19,2024-07-25,22100,CE,2560.0,2560.0,2520.0,2520.0,2456.7,13,14775,-300,24530.9
2024-07-19,2024-07-25,24500,CE,435.25,435.25,234.05,246.75,246.75,653939,3626025,912700,24530.9
2024-07-19,2024-08-01,24500,CE,485.9,491.15,323.2,336.75,336.75,22006,333275,112300,24530.9
2024-07-19,2024-08-29,24500,CE,702.95,703.0,524.35,536.95,536.95,22013,938000,84400,24530.9
2024-07-19,2024-08-14,24500,CE,609.55,609.55,436.95,449.25,449.25,290,3675,3300,24530.9
2024-07-19,2024-08-22,24500,PE,329.2,329.2,329.2,329.2,329.2,1,25,25,24530.9
2024-07-19,2024-08-01,24500,PE,160.55,272.75,160.55,259.05,259.05,105402,635900,281725,24530.9
2024-07-19,2024-08-29,24500,PE,286.45,389.9,277.55,378.1,378.1,63122,1198525,30975,24530.9
2024-07-19,2024-08-29,22100,PE,23.5,24.7,20.5,22.35,22.35,4745,151925,-4200,24530.9
2024-07-19,2024-08-29,25100,PE,544.05,706.6,531.0,686.95,686.95,608,13925,1875,24530.9
2024-07-19,2024-08-14,22800,PE,22.0,22.0,22.0,22.0,17.0,6,150,150,24530.9
2024-07-19,2024-07-25,22800,PE,3.5,5.3,2.65,4.45,4.45,163413,1114600,51025,24530.9
2024-07-19,2024-09-26,22800,PE,87.1,96.0,82.4,95.1,95.1,871,175800,12225,24530.9
2024-07-19,2024-08-01,22550,PE,5.2,10.2,5.2,9.65,9.65,1908,5050,3925,24530.9
2024-07-19,2024-08-01,22800,PE,9.0,12.95,9.0,12.0,12.0,2797,72125,6875,24530.9
2024-07-19,2024-08-01,22550,CE,0.0,0.0,0.0,1342.75,2038.55,0,0,0,24530.9
2024-07-19,2025-06-26,14000,PE,0.0,0.0,0.0,20.15,0.05,0,1175,0,24530.9
2024-07-19,2024-12-26,14000,PE,16.95,16.95,16.95,16.95,16.95,2,2225,-50,24530.9
2024-07-19,2026-06-25,14000,PE,0.0,0.0,0.0,21.85,1.45,0,100,0,24530.9
2024-07-19,2024-07-25,20350,CE,0.0,0.0,0.0,3720.0,4204.65,0,5150,0,24530.9
2024-07-19,2024-08-29,23200,PE,70.7,86.25,63.65,83.7,83.7,9168,204700,25850,24530.9
2024-07-19,2024-07-25,21300,PE,2.3,4.25,1.4,3.05,3.05,22542,191650,164000,24530.9
2024-07-19,2029-06-28,26000,PE,0.0,0.0,0.0,1040.6,911.45,0,0,0,24530.9
2024-07-19,2026-06-25,26000,CE,0.0,0.0,0.0,1343.15,3294.35,0,0,0,24530.9
2024-07-19,2026-06-25,26000,PE,0.0,0.0,0.0,6709.2,1339.65,0,0,0,24530.9
2024-07-19,2024-07-25,26000,PE,1228.95,1500.0,1217.45,1476.65,1476.65,970,101925,450,24530.9
2024-07-19,2024-08-14,26000,CE,50.8,55.0,30.9,32.8,32.8,1880,37675,23975,24530.9
2024-07-19,2027-06-24,26000,CE,0.0,0.0,0.0,1900.85,4732.85,0,0,0,24530.9
2024-07-19,2025-03-27,26000,PE,1175.0,1299.4,1142.85,1233.0,1233.0,124,5150,2050,24530.9
2024-07-19,2024-08-08,26000,CE,32.35,33.9,23.05,24.1,24.1,3161,52175,14900,24530.9
2024-07-19,2024-07-25,26000,CE,3.0,5.1,2.35,4.2,4.2,1241511,7781225,2273075,24530.9
2024-07-19,2026-12-31,26000,PE,0.0,0.0,0.0,6437.4,1263.85,0,0,0,24530.9
2024-07-19,2028-12-28,26000,CE,0.0,0.0,0.0,4879.7,6714.15,0,0,0,24530.9
2024-07-19,2024-08-29,26000,PE,1194.4,1404.05,1163.2,1379.8,1379.8,3772,147950,28950,24530.9
2024-07-19,2027-12-30,26000,PE,0.0,0.0,0.0,3359.75,1116.4,0,0,0,24530.9
2024-07-19,2024-08-29,24200,PE,198.0,282.15,198.0,272.85,272.85,9497,184025,26900,24530.9
2024-07-19,2024-08-08,24200,CE,750.0,750.0,585.15,596.55,596.55,47,1175,575,24530.9
2024-07-19,2024-09-26,24200,PE,294.95,358.0,288.0,351.9,351.9,636,25325,5825,24530.9
2024-07-19,2024-08-14,24200,PE,0.0,0.0,0.0,367.95,243.4,0,0,0,24530.9
2024-07-19,2024-09-26,22650,PE,0.0,0.0,0.0,195.75,79.9,0,0,0,24530.9
2024-07-19,2024-08-14,22650,CE,0.0,0.0,0.0,1853.7,2006.8,0,0,0,24530.9
2024-07-19,2024-08-01,22650,CE,0.0,0.0,0.0,1263.85,1939.2,0,0,0,24530.9
2024-07-19,2024-08-08,22650,CE,0.0,0.0,0.0,1848.9,1974.25,0,0,0,24530.9
2024-07-19,2024-08-14,22650,PE,0.0,0.0,0.0,34.25,11.65,0,0,0,24530.9
2024-07-19,2024-07-25,22650,PE,4.9,7.4,2.15,3.65,3.65,23824,111800,65700,24530.9
2024-07-19,2025-12-24,27000,CE,1501.05,1505.0,1420.0,1496.7,1496.7,33,7200,450,24530.9
2024-07-19,2027-06-24,27000,PE,0.0,0.0,0.0,6273.45,1489.75,0,0,0,24530.9
2024-07-19,2026-12-31,27000,PE,0.0,0.0,0.0,6522.3,1596.85,0,0,0,24530.9
2024-07-19,2025-03-27,27000,PE,0.0,0.0,0.0,3159.85,2035.65,0,0,0,24530.9
2024-07-19,2026-06-25,27000,PE,0.0,0.0,0.0,6810.7,1718.95,0,0,0,24530.9
2024-07-19,2028-12-28,27000,CE,0.0,0.0,0.0,4437.95,6207.6,0,0,0,24530.9
2024-07-19,2025-12-24,27000,PE,0.0,0.0,0.0,1785.0,1842.55,0,100,0,24530.9
2024-07-19,2028-06-29,27000,CE,0.0,0.0,0.0,2885.15,5575.45,0,0,0,24530.9
2024-07-19,2024-07-25,24100,CE,744.35,744.35,490.0,513.1,513.1,18589,463100,7425,24530.9
2024-07-19,2024-08-14,24100,CE,0.0,0.0,0.0,800.0,763.1,0,50,0,24530.9
2024-07-19,2024-07-25,21700,CE,3050.0,3050.0,2945.0,2945.0,2856.25,4,16600,-50,24530.9
2024-07-19,2024-08-29,21700,PE,17.4,19.0,16.0,16.3,16.3,1074,9500,-1475,24530.9
2024-07-19,2024-08-29,20450,PE,7.35,7.35,7.35,7.35,0.15,1,225,25,24530.9
2024-07-19,2024-08-29,20450,CE,0.0,0.0,0.0,2442.1,4248.05,0,0,0,24530.9
2024-07-19,2024-12-26,19000,CE,6180.0,6180.0,5917.0,5941.6,5941.6,199,105200,350,24530.9
2024-07-19,2028-12-28,19000,PE,0.0,0.0,0.0,158.0,134.15,0,0,0,24530.9
2024-07-19,2024-09-26,19000,CE,5775.0,5820.0,5700.0,5700.0,5791.35,16,170325,25,24530.9
2024-07-19,2027-12-30,19000,PE,0.0,0.0,0.0,204.7,126.3,0,775,0,24530.9
2024-07-19,2025-12-24,19000,CE,7150.0,7200.0,7140.0,7140.0,7476.65,20,3150,0,24530.9
2024-07-19,2027-12-30,19000,CE,0.0,0.0,0.0,5794.9,9886.6,0,0,0,24530.9
2024-07-19,2025-06-26,19000,PE,0.0,0.0,0.0,84.55,28.65,0,600375,0,24530.9
2024-07-19,2028-06-29,19000,CE,0.0,0.0,0.0,6252.25,10419.9,0,0,0,24530.9
2024-07-19,2027-06-24,19000,CE,0.0,0.0,0.0,7700.0,9308.35,0,100,0,24530.9
2024-07-19,2028-06-29,19000,PE,0.0,0.0,0.0,537.45,131.6,0,0,0,24530.9
2024-07-19,2025-03-27,19000,CE,0.0,0.0,0.0,4745.3,6475.3,0,0,0,24530.9
2024-07-19,2025-03-27,19000,PE,0.0,0.0,0.0,63.55,14.15,0,0,0,24530.9
2024-07-19,2029-06-28,19000,PE,0.0,0.0,0.0,170.3,134.55,0,0,0,24530.9
2024-07-19,2028-12-28,19000,CE,0.0,0.0,0.0,8739.0,10931.55,0,0,0,24530.9
2024-07-19,2026-06-25,19000,PE,0.0,0.0,0.0,120.05,84.3,0,150,0,24530.9
2024-07-19,2027-06-24,19000,PE,0.0,0.0,0.0,178.7,117.05,0,225,0,24530.9
2024-07-19,2024-08-01,23200,CE,1633.5,1633.5,1375.05,1384.8,1384.8,510,13025,11550,24530.9
2024-07-19,2024-08-22,23200,PE,0.0,0.0,0.0,43.05,64.75,0,0,0,24530.9
2024-07-19,2024-09-26,23200,PE,113.0,139.05,113.0,138.85,138.85,1071,88500,17875,24530.9
2024-07-19,2024-08-08,23200,PE,39.3,39.3,26.35,35.1,35.1,22,1050,100,24530.9
2024-07-19,2024-08-29,23200,CE,1688.0,1688.0,1508.0,1522.5,1522.5,43,21025,275,24530.9
2024-07-19,2024-08-01,23200,PE,18.2,22.1,15.25,20.8,20.8,5897,60600,15575,24530.9
2024-07-19,2024-08-01,25350,PE,633.0,633.0,633.0,633.0,825.75,3,75,75,24530.9
2024-07-19,2024-09-26,23250,CE,0.0,0.0,0.0,1550.25,1764.5,0,0,0,24530.9
2024-07-19,2024-09-26,23250,PE,0.0,0.0,0.0,335.85,164.95,0,0,0,24530.9
2024-07-19,2024-08-01,22600,PE,8.85,10.85,7.85,10.15,10.15,1965,16100,8800,24530.9
2024-07-19,2024-08-14,22600,CE,0.0,0.0,0.0,1900.1,2055.15,0,0,0,24530.9
2024-07-19,2024-08-22,23250,PE,0.0,0.0,0.0,47.25,70.65,0,0,0,24530.9
2024-07-19,2024-08-29,23250,PE,75.4,90.95,75.4,89.65,89.65,74,4200,150,24530.9
2024-07-19,2024-08-14,23250,CE,0.0,0.0,0.0,1324.2,1445.25,0,0,0,24530.9
2024-07-19,2024-08-22,23250,CE,0.0,0.0,0.0,1760.05,1509.15,0,0,0,24530.9
2024-07-19,2024-07-25,23250,CE,1470.0,1470.0,1270.0,1284.6,1284.6,50,5250,-550,24530.9
2024-07-19,2024-08-08,23250,PE,0.0,0.0,0.0,109.9,29.45,0,0,0,24530.9
2024-07-19,2024-09-26,22600,PE,63.35,79.4,63.35,77.7,77.7,267,46650,2525,24530.9
2024-07-19,2024-07-25,20150,PE,1.5,1.5,0.55,0.85,0.85,311175,1669075,794650,24530.9
2024-07-19,2024-08-29,20150,CE,0.0,0.0,0.0,3740.5,4545.5,0,125,0,24530.9
2024-07-19,2024-08-14,23250,PE,0.0,0.0,0.0,100.7,47.05,0,0,0,24530.9
2024-07-19,2024-08-01,23250,PE,22.4,25.5,20.45,23.7,23.7,174,1100,975,24530.9
2024-07-19,2024-07-25,22600,CE,2150.0,2150.0,1928.25,1938.6,1938.6,69,29475,-175,24530.9
2024-07-19,2024-08-29,20150,PE,10.0,11.0,6.5,6.8,6.8,427,18050,3900,24530.9
2024-07-19,2024-08-08,23250,CE,0.0,0.0,0.0,1324.0,1400.6,0,0,0,24530.9
2024-07-19,2024-08-29,21800,CE,0.0,0.0,0.0,1904.0,2914.4,0,50,0,24530.9
2024-07-19,2024-08-01,21800,PE,5.75,5.95,3.95,5.15,5.15,11549,24825,19900,24530.9
2024-07-19,2024-12-26,18000,PE,23.55,25.05,22.0,23.2,23.2,967,599350,3150,24530.9
2024-07-19,2024-07-25,21200,CE,3420.0,3444.5,3353.5,3353.5,3353.5,255,2625,-4700,24530.9
2024-07-19,2024-08-08,23900,PE,72.5,119.1,72.5,110.95,110.95,256,4700,2625,24530.9
2024-07-19,2024-08-01,23900,PE,45.7,88.55,45.7,82.8,82.8,19137,248500,39175,24530.9
2024-07-19,2024-08-29,21200,CE,0.0,0.0,0.0,3600.0,3505.2,0,125,0,24530.9
2024-07-19,2024-09-26,23900,CE,0.0,0.0,0.0,1212.0,1278.85,0,75,0,24530.9
2024-07-19,2024-08-29,23900,PE,147.4,200.0,139.6,193.6,193.6,3756,74800,9075,24530.9
2024-07-19,2024-07-25,21200,PE,1.25,3.4,1.25,2.7,2.7,23093,224475,164950,24530.9
2024-07-19,2024-08-22,23900,CE,0.0,0.0,0.0,1205.45,987.25,0,0,0,24530.9
2024-07-19,2024-08-08,23900,CE,0.0,0.0,0.0,976.6,844.75,0,25,0,24530.9
2024-07-19,2024-07-25,23900,CE,932.55,932.55,652.05,676.95,676.95,3839,321725,-12925,24530.9
2024-07-19,2024-08-14,23900,PE,142.05,142.05,142.05,142.05,154.95,1,25,25,24530.9
2024-07-19,2024-08-01,23900,CE,1018.05,1018.05,738.7,747.2,747.2,92,3875,975,24530.9
2024-07-19,2024-08-14,23900,CE,0.0,0.0,0.0,834.3,906.45,0,0,0,24530.9
2024-07-19,2024-08-08,24150,PE,0.0,0.0,0.0,200.0,188.3,0,150,0,24530.9
2024-07-19,2024-08-01,24150,CE,691.0,693.2,546.0,551.35,551.35,278,6675,3250,24530.9
2024-07-19,2024-09-26,24150,PE,305.2,349.4,305.2,349.4,349.4,3,150,25,24530.9
2024-07-19,2024-08-22,24150,PE,0.0,0.0,0.0,197.25,268.65,0,0,0,24530.9
2024-07-19,2024-08-01,24150,PE,85.55,143.1,81.7,138.25,138.25,4926,31550,8550,24530.9
2024-07-19,2024-08-14,24150,CE,0.0,0.0,0.0,639.9,729.35,0,25,0,24530.9
2024-07-19,2024-07-25,24150,PE,25.5,103.2,25.5,94.35,94.35,250235,466525,177125,24530.9
2024-07-19,2024-08-01,26400,PE,0.0,0.0,0.0,2634.0,1805.9,0,0,0,24530.9
2024-07-19,2024-08-22,26400,CE,0.0,0.0,0.0,95.65,58.45,0,0,0,24530.9
2024-07-19,2024-08-14,26400,PE,0.0,0.0,0.0,1946.15,1766.9,0,0,0,24530.9
2024-07-19,2024-08-08,26400,PE,0.0,0.0,0.0,1958.95,1781.7,0,0,0,24530.9
2024-07-19,2024-08-29,26400,CE,0.0,0.0,0.0,13.55,85.95,0,0,0,24530.9
2024-07-19,2024-07-25,26400,CE,1.85,3.4,1.5,2.6,2.6,247709,961125,961125,24530.9
2024-07-19,2024-07-25,22000,PE,3.0,4.35,1.75,2.6,2.6,275502,3113125,-26075,24530.9
2024-07-19,2024-08-29,24000,PE,161.15,228.45,157.25,220.8,220.8,64780,1595900,307400,24530.9
2024-07-19,2025-12-24,22000,CE,4750.0,4750.0,4750.0,4750.0,4750.0,2,3200,-25,24530.9
2024-07-19,2024-08-22,24000,PE,150.7,200.25,150.7,194.1,194.1,25,275,275,24530.9
2024-07-19,2024-07-25,24000,PE,35.0,70.45,30.0,64.1,64.1,1132069,5906025,-1125375,24530.9
2024-07-19,2025-06-26,22000,CE,0.0,0.0,0.0,2088.15,4237.2,0,0,0,24530.9
2024-07-19,2028-12-28,24000,CE,0.0,0.0,0.0,5850.3,7804.95,0,0,0,24530.9
2024-07-19,2024-08-14,24000,CE,0.0,0.0,0.0,769.15,833.1,0,0,0,24530.9
2024-07-19,2024-07-25,20300,CE,0.0,0.0,0.0,4430.0,4254.6,0,7500,0,24530.9
2024-07-19,2024-08-29,20300,PE,9.2,11.9,8.4,8.4,0.1,74,2400,1075,24530.9
2024-07-19,2024-07-25,20300,PE,1.7,2.95,0.7,1.2,1.2,29632,301175,126000,24530.9
2024-07-19,2024-08-29,20300,CE,4520.0,4520.0,4410.0,4410.0,4396.75,8,200,200,24530.9
2024-07-19,2024-08-01,26200,CE,9.6,12.45,8.3,9.2,9.2,5154,71575,14850,24530.9
2024-07-19,2024-08-29,26200,PE,0.0,0.0,0.0,1308.9,1567.05,0,950,0,24530.9
2024-07-19,2024-07-25,26200,PE,1500.0,1545.0,1500.0,1545.0,1638.75,4,50,50,24530.9
2024-07-19,2024-09-26,26200,CE,152.0,152.0,117.2,118.85,118.85,345,10125,575,24530.9
2024-07-19,2024-08-14,26550,CE,27.0,27.0,13.5,18.85,23.05,70,1675,1675,24530.9
2024-07-19,2024-09-26,18000,PE,7.8,9.0,7.7,8.5,8.5,11,12300,150,24530.9
2024-07-19,2024-08-01,24650,CE,402.0,402.0,249.0,257.95,257.95,18377,82025,50900,24530.9
2024-07-19,2024-07-25,24650,PE,154.6,317.55,153.3,299.65,299.65,1036883,400300,-76900,24530.9
2024-07-19,2024-08-29,24650,CE,591.0,595.35,446.55,455.4,455.4,954,20350,9050,24530.9
2024-07-19,2024-08-01,24650,PE,214.95,348.0,213.0,334.75,334.75,20549,54175,18750,24530.9
2024-07-19,2024-08-29,24400,CE,762.95,762.95,584.55,593.7,593.7,1901,113050,2450,24530.9
2024-07-19,2024-07-25,24400,CE,499.1,499.1,287.7,303.0,303.0,127545,1120650,95325,24530.9
2024-07-19,2024-08-08,22950,CE,0.0,0.0,0.0,1579.2,1683.3,0,0,0,24530.9
2024-07-19,2024-07-25,22950,PE,5.25,17.3,3.55,5.6,5.6,55745,138325,39650,24530.9
2024-07-19,2024-07-25,21100,CE,0.0,0.0,0.0,3700.35,3455.55,0,5300,0,24530.9
2024-07-19,2024-07-25,21100,PE,2.7,3.4,1.35,2.7,2.7,22339,185450,165050,24530.9
2024-07-19,2024-08-29,21100,CE,3650.0,3650.0,3530.0,3530.0,3530.0,393,8325,8225,24530.9
2024-07-19,2024-07-25,21950,PE,2.95,4.25,1.6,2.9,2.9,28914,111675,104100,24530.9
2024-07-19,2024-08-29,21950,CE,0.0,0.0,0.0,1196.9,2767.9,0,0,0,24530.9
2024-07-19,2024-08-01,21950,PE,0.0,0.0,0.0,54.35,0.05,0,0,0,24530.9
2024-07-19,2024-08-01,22350,CE,0.0,0.0,0.0,1506.6,2237.6,0,0,0,24530.9
2024-07-19,2024-09-26,22350,PE,0.0,0.0,0.0,144.9,53.2,0,0,0,24530.9
2024-07-19,2024-09-26,22350,CE,0.0,0.0,0.0,2243.0,2540.4,0,0,0,24530.9
2024-07-19,2024-07-25,22350,PE,3.7,4.2,1.75,3.05,3.05,21984,139675,127300,24530.9
2024-07-19,2024-08-29,22350,PE,0.6,0.6,0.6,0.6,18.4,1,975,25,24530.9
2024-07-19,2024-08-29,22350,CE,0.0,0.0,0.0,934.45,2381.8,0,0,0,24530.9
2024-07-19,2024-08-01,21950,CE,0.0,0.0,0.0,1854.7,2636.4,0,0,0,24530.9
2024-07-19,2024-08-01,22350,PE,0.0,0.0,0.0,102.9,0.25,0,0,0,24530.9
2024-07-19,2024-07-25,22350,CE,2415.0,2415.0,2180.0,2196.0,2207.0,18,3000,-50,24530.9
2024-07-19,2024-08-29,21950,PE,21.45,22.35,15.5,17.75,17.75,641,3975,1950,24530.9
2024-07-19,2024-07-25,21950,CE,2755.65,2755.65,2755.65,2755.65,2606.5,1,3875,0,24530.9
2024-07-19,2024-07-25,26150,PE,0.0,0.0,0.0,3079.45,1588.9,0,0,0,24530.9
2024-07-19,2024-08-01,26150,CE,10.25,12.95,9.15,10.3,10.3,1252,11900,5450,24530.9
2024-07-19,2024-09-26,22400,CE,0.0,0.0,0.0,2201.6,2494.95,0,0,0,24530.9
2024-07-19,2024-08-08,25150,CE,0.0,0.0,0.0,249.6,180.9,0,0,0,24530.9
2024-07-19,2024-08-14,25150,CE,0.0,0.0,0.0,241.0,237.9,0,0,0,24530.9
2024-07-19,2024-07-25,25150,CE,81.0,84.4,41.05,43.35,43.35,221537,486925,140300,24530.9
2024-07-19,2024-08-08,26550,CE,14.0,14.0,8.15,9.95,9.95,219,3775,3775,24530.9
2024-07-19,2024-08-22,26550,PE,0.0,0.0,0.0,1641.3,1885.25,0,0,0,24530.9
2024-07-19,2024-08-22,24150,CE,0.0,0.0,0.0,1016.3,813.2,0,0,0,24530.9
2024-07-19,2024-08-29,24150,CE,834.0,851.4,829.9,851.4,879.3,32,2450,225,24530.9
2024-07-19,2024-08-22,24350,CE,0.0,0.0,0.0,874.95,687.95,0,0,0,24530.9
2024-07-19,2024-08-14,24350,PE,0.0,0.0,0.0,434.2,299.0,0,0,0,24530.9
2024-07-19,2024-08-08,24350,CE,630.0,630.0,507.6,507.6,507.6,8,975,125,24530.9
2024-07-19,2024-08-22,23100,CE,0.0,0.0,0.0,1897.35,1641.55,0,0,0,24530.9
2024-07-19,2024-08-22,23100,PE,0.0,0.0,0.0,35.6,54.1,0,0,0,24530.9
2024-07-19,2024-08-29,21400,PE,15.6,15.85,12.45,12.75,12.75,746,2300,675,24530.9
2024-07-19,2024-07-25,21400,PE,1.1,4.7,1.1,3.1,3.1,26481,250300,209500,24530.9
2024-07-19,2024-08-29,21400,CE,0.0,0.0,0.0,3040.0,3307.65,0,175,0,24530.9
2024-07-19,2024-07-25,21400,CE,3393.8,3393.8,3136.95,3136.95,3155.9,4,3950,0,24530.9
2024-07-19,2024-08-29,21250,CE,0.0,0.0,0.0,3195.0,3455.8,0,50,0,24530.9
2024-07-19,2024-07-25,21250,PE,2.55,4.95,1.05,3.45,3.45,17662,158075,151700,24530.9
2024-07-19,2024-07-25,22250,CE,0.0,0.0,0.0,2429.2,2306.85,0,1850,0,24530.9
2024-07-19,2024-08-01,22250,PE,4.8,7.35,4.8,6.55,6.55,94,1550,1525,24530.9
2024-07-19,2024-08-29,22250,PE,0.0,0.0,0.0,22.5,14.95,0,325,0,24530.9
2024-07-19,2025-12-24,23000,PE,478.05,590.0,478.05,510.05,510.05,177,57425,1175,24530.9
2024-07-19,2026-12-31,23000,CE,0.0,0.0,0.0,2020.0,5839.4,0,500,0,24530.9
2024-07-19,2024-08-01,23000,CE,1825.8,1827.65,1570.0,1581.4,1581.4,830,29050,19575,24530.9
2024-07-19,2024-08-14,24550,PE,253.35,253.35,253.35,253.35,385.45,1,25,25,24530.9
2024-07-19,2028-06-29,23000,PE,0.0,0.0,0.0,1399.25,502.6,0,0,0,24530.9
2024-07-19,2026-06-25,23000,PE,0.0,0.0,0.0,605.0,530.85,0,225,0,24530.9
2024-07-19,2024-09-26,23550,CE,1754.55,1754.55,1754.55,1754.55,1531.1,5,125,125,24530.9
2024-07-19,2027-06-24,23000,PE,0.0,0.0,0.0,4514.3,534.05,0,0,0,24530.9
2024-07-19,2024-08-08,23000,CE,0.0,0.0,0.0,1535.55,1635.45,0,0,0,24530.9
2024-07-19,2029-06-28,23000,CE,0.0,0.0,0.0,8636.0,8959.8,0,0,0,24530.9
2024-07-19,2024-08-08,24550,PE,225.15,329.4,211.7,316.6,316.6,279,4875,4550,24530.9
2024-07-19,2024-09-26,24550,PE,394.0,487.3,394.0,485.5,485.5,23,475,175,24530.9
2024-07-19,2024-12-26,18500,CE,6400.0,6400.0,6400.0,6400.0,6400.0,2,1050,0,24530.9
2024-07-19,2024-08-29,22250,CE,0.0,0.0,0.0,996.65,2477.55,0,0,0,24530.9
2024-07-19,2024-09-26,22250,CE,0.0,0.0,0.0,2326.75,2631.95,0,0,0,24530.9
2024-07-19,2024-08-29,24550,CE,625.0,631.95,498.9,508.55,508.55,503,14350,7025,24530.9
2024-07-19,2024-08-14,23550,PE,0.0,0.0,0.0,159.4,84.8,0,0,0,24530.9
2024-07-19,2025-03-27,23000,CE,0.0,0.0,0.0,2020.2,3025.4,0,25,0,24530.9
2024-07-19,2024-07-25,23550,CE,1212.5,1212.5,988.0,994.95,994.95,33,15950,-50,24530.9
2024-07-19,2026-12-31,23000,PE,0.0,0.0,0.0,675.0,538.95,0,8375,0,24530.9
2024-07-19,2024-07-25,23000,CE,1796.75,1796.75,1510.0,1533.05,1533.05,5533,922575,-63075,24530.9
2024-07-19,2024-08-14,23000,PE,37.0,44.65,30.5,42.75,42.75,536,13800,11750,24530.9
2024-07-19,2024-08-14,24550,CE,621.65,621.65,426.95,430.8,430.8,23,475,325,24530.9
2024-07-19,2028-12-28,23000,CE,0.0,0.0,0.0,6377.6,8387.95,0,0,0,24530.9
2024-07-19,2027-12-30,23000,PE,0.0,0.0,0.0,2201.3,520.5,0,0,0,24530.9
2024-07-19,2024-08-29,23000,PE,55.0,69.1,52.0,66.75,66.75,36433,1333950,138025,24530.9
2024-07-19,2024-09-26,23550,PE,0.0,0.0,0.0,428.15,227.45,0,0,0,24530.9
2024-07-19,2024-08-29,23550,PE,102.5,128.85,97.5,126.9,126.9,552,7000,1650,24530.9
2024-07-19,2025-06-26,23000,CE,0.0,0.0,0.0,3240.0,3481.95,0,25,0,24530.9
2024-07-19,2024-12-26,23000,CE,2615.85,2615.85,2327.6,2349.85,2349.85,1198,499950,-1800,24530.9
2024-07-19,2024-08-22,24550,CE,783.2,783.2,783.2,783.2,783.2,1,25,25,24530.9
2024-07-19,2024-12-26,23000,PE,244.5,266.65,232.55,260.45,260.45,9319,1859800,12550,24530.9
2024-07-19,2024-07-25,23550,PE,14.05,20.65,10.9,18.5,18.5,121003,528100,23825,24530.9
2024-07-19,2024-08-29,25550,CE,180.85,180.85,123.65,126.8,126.8,168,6875,775,24530.9
2024-07-19,2024-09-26,25550,PE,0.0,0.0,0.0,1462.65,1104.2,0,0,0,24530.9
2024-07-19,2024-08-14,25550,CE,0.0,0.0,0.0,145.3,134.45,0,0,0,24530.9
2024-07-19,2024-07-25,25550,CE,15.1,17.2,10.55,11.65,11.65,201016,644300,195375,24530.9
2024-07-19,2024-08-01,25500,PE,729.95,978.7,729.95,971.4,971.4,984,15175,4475,24530.9
2024-07-19,2024-09-26,23500,CE,1630.0,1646.0,1433.2,1453.1,1453.1,324,14025,2200,24530.9
2024-07-19,2024-08-29,23650,PE,108.0,151.95,108.0,146.5,146.5,129,4050,-1575,24530.9
2024-07-19,2026-06-25,13000,PE,0.0,0.0,0.0,21.6,0.45,0,200,0,24530.9
2024-07-19,2024-08-01,23650,CE,0.0,0.0,0.0,748.5,980.1,0,525,0,24530.9
2024-07-19,2024-09-26,23650,PE,0.0,0.0,0.0,462.45,252.65,0,0,0,24530.9
2024-07-19,2024-08-08,23650,CE,0.0,0.0,0.0,1014.0,1046.4,0,0,0,24530.9
2024-07-19,2026-12-31,13000,PE,0.0,0.0,0.0,21.4,1.1,0,150,0,24530.9
2024-07-19,2025-12-24,13000,PE,0.0,0.0,0.0,20.45,0.1,0,150,0,24530.9
2024-07-19,2024-09-26,23650,CE,0.0,0.0,0.0,1284.05,1457.7,0,0,0,24530.9
2024-07-19,2024-07-25,23650,PE,17.9,27.25,14.1,24.45,24.45,127306,409525,-36400,24530.9
2024-07-19,2024-08-14,23650,PE,0.0,0.0,0.0,100.55,101.6,0,25,0,24530.9
2024-07-19,2024-08-08,23650,PE,41.15,76.9,41.15,62.25,73.7,10,175,75,24530.9
2024-07-19,2024-08-22,23650,CE,0.0,0.0,0.0,1409.6,1176.25,0,0,0,24530.9
2024-07-19,2024-09-26,25000,PE,578.7,684.4,555.05,673.65,673.65,7071,222425,5650,24530.9
2024-07-19,2024-12-26,25000,CE,1091.25,1091.25,930.0,937.6,937.6,8529,1063225,20325,24530.9
2024-07-19,2028-12-28,25000,PE,0.0,0.0,0.0,1311.0,785.95,0,100,0,24530.9
2024-07-19,2028-06-29,25000,CE,0.0,0.0,0.0,3545.15,6626.5,0,0,0,24530.9
2024-07-19,2024-08-14,25800,PE,0.0,0.0,0.0,1412.05,1229.45,0,0,0,24530.9
2024-07-19,2025-03-27,25000,PE,775.0,840.55,740.25,828.05,828.05,300,14600,150,24530.9
2024-07-19,2024-08-14,25000,CE,316.55,317.05,209.95,215.3,215.3,346,6650,4400,24530.9
2024-07-19,2024-08-29,25800,CE,120.3,121.5,80.2,82.75,82.75,13994,193650,37425,24530.9
2024-07-19,2024-08-22,25000,PE,0.0,0.0,0.0,524.45,666.4,0,0,0,24530.9
2024-07-19,2027-06-24,25000,PE,0.0,0.0,0.0,5619.05,935.5,0,0,0,24530.9
2024-07-19,2024-07-25,25000,PE,330.0,564.3,308.95,539.0,539.0,210425,1678850,-173950,24530.9
2024-07-19,2024-08-29,25000,PE,480.1,645.65,479.5,630.7,630.7,31582,548175,36150,24530.9
2024-07-19,2024-08-22,25800,PE,0.0,0.0,0.0,1029.2,1233.9,0,0,0,24530.9
2024-07-19,2024-07-25,23700,PE,19.3,31.1,15.9,28.15,28.15,319289,1514725,-290950,24530.9
2024-07-19,2024-08-29,23700,CE,1300.0,1300.0,1101.85,1114.1,1114.1,208,35250,-275,24530.9
2024-07-19,2024-08-08,24700,PE,281.15,405.6,269.75,392.3,392.3,2140,14000,-3475,24530.9
2024-07-19,2024-08-01,23400,PE,23.5,33.7,20.15,29.2,29.2,9748,125300,48825,24530.9
2024-07-19,2024-08-01,23400,CE,1407.25,1425.0,1180.0,1195.85,1195.85,288,7225,7100,24530.9
2024-07-19,2024-09-26,23400,CE,0.0,0.0,0.0,1447.15,1645.9,0,0,0,24530.9
2024-07-19,2024-08-29,24250,CE,856.8,856.8,685.8,696.55,696.55,86,5350,-25,24530.9
2024-07-19,2024-08-22,24250,CE,0.0,0.0,0.0,943.75,749.1,0,0,0,24530.9
2024-07-19,2024-07-25,24250,CE,620.75,620.75,381.05,400.1,400.1,11382,92125,17375,24530.9
2024-07-19,2024-09-26,24250,CE,0.0,0.0,0.0,1040.25,1051.2,0,2600,0,24530.9
2024-07-19,2024-09-26,24250,PE,313.4,361.5,313.4,360.5,437.95,48,1275,-750,24530.9
2024-07-19,2024-07-25,20550,PE,2.2,5.4,0.9,3.5,3.5,15422,157150,151500,24530.9
2024-07-19,2024-08-29,20550,PE,0.0,0.0,0.0,13.0,0.2,0,750,0,24530.9
2024-07-19,2024-08-14,24250,PE,0.0,0.0,0.0,389.25,261.05,0,0,0,24530.9
2024-07-19,2024-07-25,24250,PE,64.6,132.25,53.25,122.2,122.2,281650,465000,139525,24530.9
2024-07-19,2024-08-01,24250,PE,95.0,173.65,95.0,165.7,165.7,6983,44125,27425,24530.9
2024-07-19,2024-08-29,24250,PE,236.0,294.7,210.0,286.15,286.15,1292,18775,-8200,24530.9
2024-07-19,2024-08-14,24250,CE,0.0,0.0,0.0,619.55,664.3,0,0,0,24530.9
2024-07-19,2024-08-22,24250,PE,0.0,0.0,0.0,223.95,303.85,0,0,0,24530.9
2024-07-19,2024-08-01,24250,CE,693.4,693.4,476.25,493.9,493.9,393,5100,1350,24530.9
2024-07-19,2024-08-29,20550,CE,0.0,0.0,0.0,2350.1,4148.9,0,0,0,24530.9
2024-07-19,2024-08-08,24250,CE,675.0,675.0,565.0,565.0,596.7,3,400,75,24530.9
2024-07-19,2024-08-08,24250,PE,130.0,197.8,130.0,191.2,191.2,5,125,50,24530.9
2024-07-19,2024-07-25,20550,CE,0.0,0.0,0.0,3470.0,4004.9,0,1225,0,24530.9
2024-07-19,2024-08-14,25450,CE,0.0,0.0,0.0,165.8,156.15,0,0,0,24530.9
2024-07-19,2024-08-22,25750,PE,0.0,0.0,0.0,992.6,1193.9,0,0,0,24530.9
2024-07-19,2024-08-29,22650,PE,0.0,0.0,0.0,515.6,32.95,0,0,0,24530.9
2024-07-19,2024-08-29,22650,CE,2148.25,2148.25,2148.25,2148.25,2098.85,1,75,0,24530.9
2024-07-19,2024-09-26,24100,PE,276.0,326.35,276.0,319.25,319.25,293,12400,3650,24530.9
2024-07-19,2026-12-31,30000,PE,0.0,0.0,0.0,5003.2,2869.1,0,0,0,24530.9
2024-07-19,2024-08-01,23300,CE,0.0,0.0,0.0,1401.0,1303.25,0,575,0,24530.9
2024-07-19,2024-08-14,23300,CE,0.0,0.0,0.0,1282.95,1400.6,0,0,0,24530.9
2024-07-19,2028-06-29,30000,PE,0.0,0.0,0.0,3779.25,2184.9,0,0,0,24530.9
2024-07-19,2029-06-28,30000,PE,0.0,0.0,0.0,2031.05,1840.4,0,0,0,24530.9
2024-07-19,2027-06-24,30000,CE,0.0,0.0,0.0,1478.4,2932.3,0,0,0,24530.9
2024-07-19,2024-08-01,23300,PE,21.15,27.95,17.3,24.6,24.6,6401,72875,17125,24530.9
2024-07-19,2024-09-26,23300,CE,0.0,0.0,0.0,1515.45,1724.55,0,0,0,24530.9
2024-07-19,2024-08-08,23300,PE,35.0,43.95,35.0,40.2,40.2,33,2150,25,24530.9
2024-07-19,2028-12-28,30000,CE,0.0,0.0,0.0,3293.05,4850.3,0,0,0,24530.9
2024-07-19,2027-06-24,30000,PE,0.0,0.0,0.0,4562.55,2621.85,0,0,0,24530.9
2024-07-19,2024-07-25,23300,CE,1475.9,1491.6,1207.6,1236.05,1236.05,434,146750,-4800,24530.9
2024-07-19,2027-12-30,30000,PE,0.0,0.0,0.0,4140.9,2386.5,0,0,0,24530.9
2024-07-19,2026-06-25,30000,CE,0.0,0.0,0.0,788.0,1658.8,0,0,0,24530.9
2024-07-19,2025-03-27,30000,CE,0.0,0.0,0.0,99.85,257.3,0,0,0,24530.9
2024-07-19,2024-09-26,23300,PE,133.65,168.05,126.0,151.6,151.6,1187,53625,8100,24530.9
2024-07-19,2024-08-08,23300,CE,0.0,0.0,0.0,1283.15,1354.65,0,0,0,24530.9
2024-07-19,2024-12-26,30000,PE,0.0,0.0,0.0,7590.3,4605.6,0,0,0,24530.9
2024-07-19,2024-08-29,23300,PE,73.8,97.85,70.45,95.05,95.05,6820,134025,-1150,24530.9
2024-07-19,2028-12-28,30000,PE,0.0,0.0,0.0,2352.75,2003.9,0,0,0,24530.9
2024-07-19,2024-07-25,22850,PE,5.5,5.6,2.95,4.75,4.75,34520,135450,93600,24530.9
2024-07-19,2024-09-26,26300,PE,0.0,0.0,0.0,2022.6,1642.0,0,0,0,24530.9
2024-07-19,2024-09-26,24700,PE,434.95,555.0,434.95,543.35,543.35,543,6825,1375,24530.9
2024-07-19,2024-07-25,23600,CE,1192.0,1200.0,925.0,951.75,951.75,4118,472100,-40000,24530.9
2024-07-19,2024-08-01,23600,PE,33.45,47.6,28.4,44.7,44.7,12426,70100,-10700,24530.9
2024-07-19,2024-08-22,23600,CE,0.0,0.0,0.0,1451.95,1216.0,0,0,0,24530.9
2024-07-19,2024-08-29,21900,PE,19.2,21.65,17.85,19.5,19.5,7714,23625,-59125,24530.9
2024-07-19,2024-08-22,23750,PE,0.0,0.0,0.0,110.1,156.6,0,0,0,24530.9
2024-07-19,2024-08-22,23750,CE,0.0,0.0,0.0,1326.4,1098.45,0,0,0,24530.9
2024-07-19,2024-08-29,21500,PE,16.55,17.5,12.05,12.95,12.95,23994,364325,265825,24530.9
2024-07-19,2024-08-29,23750,PE,126.4,166.95,120.05,162.7,162.7,221,11300,550,24530.9
2024-07-19,2024-08-29,24950,CE,419.7,419.7,307.35,312.5,312.5,465,12150,375,24530.9
2024-07-19,2024-09-26,24800,PE,485.0,583.05,475.0,577.45,577.45,344,5350,-250,24530.9
2024-07-19,2024-08-01,24800,CE,313.95,331.65,188.3,195.6,195.6,45502,247650,134150,24530.9
2024-07-19,2024-08-01,24800,PE,270.0,436.2,267.45,419.9,419.9,35766,105875,-1200,24530.9
2024-07-19,2024-09-26,24800,CE,704.0,712.6,575.0,585.55,585.55,358,6400,2025,24530.9
2024-07-19,2024-08-22,24800,CE,438.55,438.55,339.15,339.15,339.15,15,375,375,24530.9
2024-07-19,2024-08-08,24800,PE,300.2,460.95,300.2,444.3,444.3,2073,8275,-6250,24530.9
2024-07-19,2024-08-22,24800,PE,409.45,409.45,409.45,409.45,552.55,1,25,25,24530.9
2024-07-19,2024-08-08,24800,CE,350.5,361.75,248.0,254.25,254.25,1875,17000,9100,24530.9
2024-07-19,2024-07-25,24800,PE,225.0,415.0,205.0,393.35,393.35,1109279,1853925,-1316150,24530.9
2024-07-19,2024-08-14,24800,PE,354.0,494.65,350.0,479.3,479.3,201,4050,-1600,24530.9
2024-07-19,2024-08-29,24800,CE,515.0,519.9,370.2,380.45,380.45,16410,311700,31975,24530.9
2024-07-19,2024-08-22,25850,PE,0.0,0.0,0.0,1067.6,1274.45,0,0,0,24530.9
2024-07-19,2024-08-08,25850,CE,44.35,44.35,31.0,32.9,51.1,83,2950,750,24530.9
2024-07-19,2024-09-26,25850,PE,0.0,0.0,0.0,1678.2,1307.35,0,0,0,24530.9
2024-07-19,2024-07-25,25850,PE,0.0,0.0,0.0,2849.4,1290.5,0,0,0,24530.9
2024-07-19,2024-08-14,25850,PE,0.0,0.0,0.0,1454.6,1272.05,0,0,0,24530.9
2024-07-19,2024-08-29,25850,PE,0.0,0.0,0.0,1408.15,1280.65,0,200,0,24530.9
2024-07-19,2024-08-01,25700,PE,960.2,1147.9,960.2,1137.45,1137.45,44,875,875,24530.9
2024-07-19,2024-07-25,25700,PE,903.65,1184.75,903.65,1178.3,1178.3,74,1500,75,24530.9
2024-07-19,2024-09-26,25700,CE,293.35,310.0,236.95,236.95,386.8,78,2250,1175,24530.9
2024-07-19,2024-08-14,25700,CE,0.0,0.0,0.0,118.4,106.4,0,0,0,24530.9
2024-07-19,2024-07-25,21050,PE,2.25,4.15,1.3,2.85,2.85,20396,180850,173025,24530.9
2024-07-19,2024-08-29,21050,CE,0.0,0.0,0.0,1905.2,3653.55,0,0,0,24530.9
2024-07-19,2024-08-29,21050,PE,4.0,11.8,4.0,11.8,0.75,10,950,75,24530.9
2024-07-19,2024-07-25,21050,CE,0.0,0.0,0.0,3240.0,3505.45,0,5550,0,24530.9
2024-07-19,2024-08-29,23600,PE,101.95,139.95,99.6,135.05,135.05,4690,99775,3925,24530.9
2024-07-19,2024-08-08,23600,CE,1079.0,1095.0,1079.0,1095.0,1088.8,4,100,100,24530.9
2024-07-19,2024-08-08,23600,PE,45.8,74.7,45.8,70.2,70.2,71,3425,375,24530.9
2024-07-19,2024-08-14,23600,PE,0.0,0.0,0.0,90.0,92.9,0,150,0,24530.9
2024-07-19,2024-08-14,23600,CE,0.0,0.0,0.0,1047.15,1142.85,0,0,0,24530.9
2024-07-19,2024-08-08,22550,PE,11.5,12.4,11.5,12.0,3.9,33,1050,775,24530.9
2024-07-19,2024-08-01,22800,CE,1943.0,1943.0,1943.0,1943.0,1790.55,1,25,25,24530.9
2024-07-19,2024-09-26,22550,PE,0.0,0.0,0.0,63.9,70.0,0,0,0,24530.9
2024-07-19,2024-08-29,22550,CE,2165.45,2165.45,2165.45,2165.45,2192.35,1,75,25,24530.9
2024-07-19,2024-07-25,22550,CE,2101.0,2101.0,2101.0,2101.0,2007.25,1,2625,0,24530.9
2024-07-19,2024-08-29,22800,CE,2007.7,2010.0,1884.45,1884.45,1960.4,28,1475,600,24530.9
2024-07-19,2024-08-29,22550,PE,18.15,37.5,18.15,37.4,37.4,10,2300,75,24530.9
2024-07-19,2024-09-26,22800,CE,2331.7,2331.7,2331.7,2331.7,2140.2,1,200,25,24530.9
2024-07-19,2024-07-25,22550,PE,4.25,4.5,2.0,3.4,3.4,17279,66675,13725,24530.9
2024-07-19,2024-07-25,22800,CE,1799.9,1989.2,1707.0,1723.9,1723.9,688,72175,-1575,24530.9
2024-07-19,2024-12-26,14000,CE,0.0,0.0,0.0,10300.0,10971.85,0,200,0,24530.9
2024-07-19,2024-08-22,23450,PE,0.0,0.0,0.0,67.4,98.8,0,0,0,24530.9
2024-07-19,2024-07-25,23450,PE,12.9,16.45,9.05,14.9,14.9,152077,517775,144750,24530.9
2024-07-19,2024-08-22,23450,CE,0.0,0.0,0.0,1581.65,1338.65,0,0,0,24530.9
2024-07-19,2025-12-24,24000,CE,3351.0,3351.0,3140.0,3141.1,3141.1,73,6175,-250,24530.9
2024-07-19,2029-06-28,22000,CE,0.0,0.0,0.0,9207.9,9548.9,0,0,0,24530.9
2024-07-19,2024-08-01,24000,PE,64.0,108.55,61.0,101.9,101.9,78669,439375,59925,24530.9
2024-07-19,2024-12-26,27000,CE,236.95,244.85,190.05,193.5,193.5,6362,601575,12300,24530.9
2024-07-19,2024-09-26,27000,PE,1910.95,2200.0,1910.95,2184.05,2184.05,942,309300,1400,24530.9
2024-07-19,2025-06-26,27000,PE,0.0,0.0,0.0,7438.15,1969.25,0,0,0,24530.9
2024-07-19,2025-06-26,27000,CE,0.0,0.0,0.0,803.5,1285.2,0,0,0,24530.9
2024-07-19,2026-06-25,27000,CE,0.0,0.0,0.0,1352.8,2805.35,0,0,0,24530.9
2024-07-19,2024-09-26,27000,CE,54.0,56.35,42.95,47.15,47.15,8562,454425,35025,24530.9
2024-07-19,2029-06-28,27000,CE,0.0,0.0,0.0,6570.4,6820.05,0,0,0,24530.9
2024-07-19,2029-06-28,27000,PE,0.0,0.0,0.0,1252.35,1107.6,0,0,0,24530.9
2024-07-19,2024-12-26,27000,PE,1758.55,1966.95,1754.35,1953.05,1953.05,384,66275,-1325,24530.9
2024-07-19,2027-12-30,27000,PE,0.0,0.0,0.0,3794.4,1380.85,0,0,0,24530.9
2024-07-19,2025-03-27,27000,CE,0.0,0.0,0.0,282.0,888.5,0,50,0,24530.9
2024-07-19,2028-12-28,27000,PE,0.0,0.0,0.0,1413.85,1192.75,0,0,0,24530.9
2024-07-19,2024-09-26,24100,CE,1075.05,1075.05,1074.35,1074.35,1145.7,2,1475,25,24530.9
2024-07-19,2024-08-01,24100,PE,76.9,131.1,74.3,123.0,123.0,25104,104375,9125,24530.9
2024-07-19,2024-08-08,24100,CE,868.25,870.0,868.25,870.0,697.5,10,550,0,24530.9
2024-07-19,2024-08-29,24100,CE,975.0,975.0,790.0,798.65,798.65,363,37850,2500,24530.9
2024-07-19,2024-08-29,24100,PE,179.3,250.3,175.55,240.65,240.65,9961,177350,81250,24530.9
2024-07-19,2024-08-22,24100,PE,0.0,0.0,0.0,183.5,252.15,0,0,0,24530.9
2024-07-19,2024-07-25,21700,PE,3.0,4.0,1.5,2.7,2.7,30761,143400,35875,24530.9
2024-07-19,2024-08-29,21700,CE,3030.0,3030.0,3030.0,3030.0,3012.4,3,175,75,24530.9
2024-07-19,2024-09-26,22750,PE,0.0,0.0,0.0,215.4,90.9,0,0,0,24530.9
2024-07-19,2024-07-25,22200,CE,2500.0,2520.0,2352.05,2352.05,2352.05,8,10050,-100,24530.9
2024-07-19,2024-08-01,22200,PE,0.0,0.0,0.0,81.75,0.15,0,0,0,24530.9
2024-07-19,2025-12-24,15000,PE,21.25,21.25,21.25,21.25,1.5,12,1175,175,24530.9
2024-07-19,2024-08-08,26100,CE,26.35,29.0,19.1,19.1,19.1,23,1725,250,24530.9
2024-07-19,2024-09-26,26100,CE,0.0,0.0,0.0,281.85,278.8,0,0,0,24530.9
2024-07-19,2024-08-08,26100,PE,0.0,0.0,0.0,1687.25,1497.85,0,0,0,24530.9
2024-07-19,2024-07-25,21600,PE,2.5,4.75,1.55,2.75,2.75,48908,413350,200325,24530.9
2024-07-19,2024-08-29,21600,CE,0.0,0.0,0.0,2081.2,3110.65,0,100,0,24530.9
2024-07-19,2024-08-29,21600,PE,19.9,24.45,14.5,15.0,15.0,805,4000,950,24530.9
2024-07-19,2024-08-08,26050,PE,0.0,0.0,0.0,1643.05,1451.5,0,0,0,24530.9
2024-07-19,2029-06-28,21000,CE,0.0,0.0,0.0,9799.75,10156.9,0,0,0,24530.9
2024-07-19,2028-06-29,21000,PE,0.0,0.0,0.0,907.2,274.05,0,0,0,24530.9
2024-07-19,2024-08-01,26050,CE,13.85,14.45,11.05,12.2,12.2,2059,19825,5600,24530.9
2024-07-19,2024-08-14,26050,CE,39.8,39.8,28.3,28.9,28.9,41,3725,425,24530.9
2024-07-19,2024-09-26,21000,CE,3950.0,3967.1,3717.95,3738.8,3738.8,189,40125,1175,24530.9
2024-07-19,2025-03-27,21000,CE,0.0,0.0,0.0,3110.65,4652.85,0,0,0,24530.9
2024-07-19,2024-08-29,26050,PE,0.0,0.0,0.0,3087.65,1441.7,0,0,0,24530.9
2024-07-19,2024-09-26,26050,PE,1260.0,1260.0,1260.0,1260.0,1452.9,1,0,-25,24530.9
2024-07-19,2025-06-26,21000,CE,0.0,0.0,0.0,3199.45,5054.7,0,0,0,24530.9
2024-07-19,2029-06-28,19000,CE,0.0,0.0,0.0,11036.95,11422.85,0,0,0,24530.9
2024-07-19,2025-06-26,19000,CE,0.0,0.0,0.0,3077.9,6815.7,0,0,0,24530.9
2024-07-19,2025-12-24,19000,PE,0.0,0.0,0.0,110.15,58.75,0,5600,0,24530.9
2024-07-19,2026-12-31,19000,CE,0.0,0.0,0.0,8220.0,8748.95,0,150,0,24530.9
2024-07-19,2024-12-26,19000,PE,30.0,31.95,28.5,29.6,29.6,609,505550,-600,24530.9
2024-07-19,2026-06-25,19000,CE,0.0,0.0,0.0,5792.0,8117.2,0,100,0,24530.9
2024-07-19,2024-08-14,26300,PE,0.0,0.0,0.0,1854.05,1673.9,0,0,0,24530.9
2024-07-19,2024-08-08,26300,CE,17.75,17.75,17.75,17.75,17.75,4,100,100,24530.9
2024-07-19,2024-07-25,26300,PE,0.0,0.0,0.0,3012.15,1738.55,0,0,0,24530.9
2024-07-19,2024-08-14,26300,CE,24.5,31.95,20.25,21.1,21.1,769,20625,11925,24530.9
2024-07-19,2024-09-26,26300,CE,128.55,143.1,100.75,106.35,106.35,633,12200,8450,24530.9
2024-07-19,2024-08-29,26300,PE,1393.3,1561.65,1393.3,1540.6,1652.55,100,1800,1150,24530.9
2024-07-19,2024-08-08,24700,CE,416.05,416.05,288.75,296.4,296.4,2129,61875,7550,24530.9
2024-07-19,2024-08-14,24700,PE,310.0,440.1,303.9,425.1,425.1,407,3575,1000,24530.9
2024-07-19,2024-07-25,20950,PE,1.8,4.2,1.15,2.75,2.75,20319,162125,150625,24530.9
2024-07-19,2024-08-29,20950,PE,9.5,9.55,9.5,9.55,9.55,2,650,0,24530.9
2024-07-19,2024-08-29,20250,CE,0.0,0.0,0.0,2628.4,4446.35,0,0,0,24530.9
2024-07-19,2024-07-25,20950,CE,0.0,0.0,0.0,2885.65,3605.35,0,4075,0,24530.9
2024-07-19,2024-07-25,20250,PE,1.55,5.0,0.6,1.0,1.0,29530,180900,105725,24530.9
2024-07-19,2024-08-29,22600,PE,36.1,41.0,32.45,39.5,39.5,2703,195975,2125,24530.9
2024-07-19,2024-08-08,22600,PE,13.0,21.0,13.0,16.75,16.75,116,4550,1400,24530.9
2024-07-19,2024-08-14,22600,PE,17.0,22.0,17.0,19.8,10.2,37,1050,750,24530.9
2024-07-19,2024-07-25,23250,PE,8.0,10.75,5.15,9.2,9.2,65707,230475,33800,24530.9
2024-07-19,2024-07-25,22600,PE,3.45,4.5,2.05,3.55,3.55,98721,319000,-24050,24530.9
2024-07-19,2024-08-01,22600,CE,0.0,0.0,0.0,1303.0,1988.85,0,0,0,24530.9
2024-07-19,2024-08-01,23250,CE,0.0,0.0,0.0,839.6,1351.0,0,0,0,24530.9
2024-07-19,2024-07-25,20150,CE,4600.0,4634.9,4580.0,4634.9,4404.4,12,12450,-200,24530.9
2024-07-19,2024-08-29,23250,CE,0.0,0.0,0.0,1331.0,1561.9,0,1150,0,24530.9
2024-07-19,2024-08-29,22600,CE,2145.0,2145.0,2080.0,2080.0,2080.0,5,5525,-25,24530.9
2024-07-19,2024-09-26,22600,CE,0.0,0.0,0.0,2181.3,2315.45,0,75,0,24530.9
2024-07-19,2024-08-08,22600,CE,0.0,0.0,0.0,1895.0,2023.25,0,0,0,24530.9
2024-07-19,2024-09-26,25050,PE,0.0,0.0,0.0,1136.75,805.1,0,0,0,24530.9
2024-07-19,2024-09-26,25050,CE,0.0,0.0,0.0,583.65,629.35,0,0,0,24530.9
2024-07-19,2024-07-25,25050,CE,115.0,118.85,56.1,59.2,59.2,307454,620825,341600,24530.9
2024-07-19,2024-07-25,20900,CE,3872.55,3872.55,3713.9,3713.9,3655.3,70,5525,-1400,24530.9
2024-07-19,2024-08-29,26500,CE,53.55,53.55,22.95,24.75,24.75,2842,37225,37225,24530.9
2024-07-19,2024-07-25,26500,PE,1960.0,1965.0,1959.05,1961.05,1961.05,4,75,75,24530.9
2024-07-19,2024-08-01,26500,PE,0.0,0.0,0.0,2729.95,1904.6,0,0,0,24530.9
2024-07-19,2024-08-08,26500,PE,0.0,0.0,0.0,2051.6,1878.05,0,0,0,24530.9
2024-07-19,2025-03-27,24000,PE,510.5,555.55,499.1,550.8,550.8,606,52475,8400,24530.9
2024-07-19,2027-06-24,22000,PE,0.0,0.0,0.0,3995.4,386.5,0,0,0,24530.9
2024-07-19,2025-03-27,24000,CE,2161.0,2161.55,2010.0,2016.9,2016.9,162,11425,2100,24530.9
2024-07-19,2024-08-01,26200,PE,0.0,0.0,0.0,2443.6,1609.65,0,0,0,24530.9
2024-07-19,2024-07-25,26200,CE,1.7,3.75,1.7,3.15,3.15,203564,826625,33625,24530.9
2024-07-19,2024-08-08,26200,PE,0.0,0.0,0.0,1776.65,1591.45,0,0,0,24530.9
2024-07-19,2024-08-22,26200,PE,0.0,0.0,0.0,1342.65,1570.8,0,0,0,24530.9
2024-07-19,2024-08-14,26200,PE,0.0,0.0,0.0,1763.0,1582.1,0,0,0,24530.9
2024-07-19,2024-09-26,26200,PE,1375.25,1375.25,1375.25,1375.25,1564.9,1,25,-25,24530.9
2024-07-19,2024-08-29,26200,CE,58.95,60.4,37.6,38.95,38.95,16799,272525,70475,24530.9
2024-07-19,2024-08-29,26550,CE,0.0,0.0,0.0,10.9,70.0,0,0,0,24530.9
2024-07-19,2024-08-14,26550,PE,0.0,0.0,0.0,2086.05,1908.2,0,0,0,24530.9
2024-07-19,2024-08-29,26550,PE,0.0,0.0,0.0,3567.6,1872.3,0,0,0,24530.9
2024-07-19,2024-07-25,23900,PE,28.95,53.65,25.7,48.1,48.1,373828,1366950,249500,24530.9
2024-07-19,2024-08-29,21200,PE,14.0,14.0,10.8,10.8,10.8,6,4775,-25,24530.9
2024-07-19,2024-08-29,23900,CE,1133.35,1133.35,940.15,951.45,951.45,30,20675,50,24530.9
2024-07-19,2024-09-26,23900,PE,220.0,269.55,213.8,268.0,268.0,457,11925,400,24530.9
2024-07-19,2024-08-22,23900,PE,0.0,0.0,0.0,138.1,194.4,0,0,0,24530.9
2024-07-19,2024-08-14,24150,PE,200.0,200.0,199.9,199.9,226.6,3,300,50,24530.9
2024-07-19,2024-07-25,24150,CE,672.45,686.6,454.15,473.7,473.7,8304,58200,11450,24530.9
2024-07-19,2024-09-26,23050,PE,0.0,0.0,0.0,284.1,131.2,0,0,0,24530.9
2024-07-19,2024-07-25,23050,CE,0.0,0.0,0.0,1588.8,1508.05,0,5775,0,24530.9
2024-07-19,2024-08-01,23050,CE,0.0,0.0,0.0,970.85,1544.65,0,0,0,24530.9
2024-07-19,2024-08-14,23050,PE,0.0,0.0,0.0,52.5,30.55,0,25,0,24530.9
2024-07-19,2024-09-26,26350,PE,0.0,0.0,0.0,2062.5,1681.15,0,0,0,24530.9
2024-07-19,2024-08-22,24400,CE,0.0,0.0,0.0,841.6,658.55,0,0,0,24530.9
2024-07-19,2024-08-01,24400,PE,135.95,229.35,134.0,217.5,217.5,23475,122275,24900,24530.9
2024-07-19,2024-08-01,23350,CE,1400.0,1400.0,1360.0,1360.0,1255.8,8,200,200,24530.9
2024-07-19,2024-08-29,23350,CE,0.0,0.0,0.0,1246.3,1477.6,0,825,0,24530.9
2024-07-19,2024-08-01,26000,PE,1183.15,1350.0,1183.15,1350.0,1415.95,45,950,800,24530.9
2024-07-19,2024-09-26,26000,PE,1147.95,1344.0,1129.85,1331.7,1331.7,1279,181650,7300,24530.9
2024-07-19,2024-12-26,26000,CE,565.3,581.65,454.5,460.45,460.45,12766,1430175,161800,24530.9
2024-07-19,2024-08-22,26000,PE,0.0,0.0,0.0,1181.8,1398.85,0,0,0,24530.9
2024-07-19,2025-06-26,26000,CE,0.0,0.0,0.0,811.85,1702.15,0,0,0,24530.9
2024-07-19,2025-12-24,26000,PE,1306.4,1399.0,1295.0,1358.45,1358.45,159,8900,3550,24530.9
2024-07-19,2028-06-29,26000,CE,0.0,0.0,0.0,3200.9,6085.9,0,0,0,24530.9
2024-07-19,2027-06-24,26000,PE,0.0,0.0,0.0,6202.2,1193.0,0,0,0,24530.9
2024-07-19,2024-08-29,26000,CE,85.0,96.0,56.5,58.55,58.55,44876,678350,32275,24530.9
2024-07-19,2024-08-14,26000,PE,0.0,0.0,0.0,1584.65,1402.5,0,0,0,24530.9
2024-07-19,2024-08-22,26000,CE,0.0,0.0,0.0,163.75,105.95,0,0,0,24530.9
2024-07-19,2024-08-01,26000,CE,15.7,23.0,12.4,13.35,13.35,29531,307450,62500,24530.9
2024-07-19,2024-08-01,24200,CE,733.2,733.2,511.9,523.3,523.3,515,31525,2875,24530.9
2024-07-19,2024-07-25,24200,PE,61.05,117.25,50.45,107.75,107.75,803027,2881525,56050,24530.9
2024-07-19,2024-09-26,24200,CE,1100.0,1100.0,930.0,936.5,936.5,49,2100,-500,24530.9
2024-07-19,2024-07-25,20750,PE,1.65,6.45,1.05,3.45,3.45,7538,57900,52200,24530.9
2024-07-19,2024-08-29,20750,PE,0.0,0.0,0.0,11.6,0.3,0,75,0,24530.9
2024-07-19,2024-07-25,20750,CE,0.0,0.0,0.0,3081.8,3805.1,0,4200,0,24530.9
2024-07-19,2024-08-29,20750,CE,0.0,0.0,0.0,2168.9,3950.65,0,0,0,24530.9
2024-07-19,2024-07-25,23300,PE,8.2,11.9,6.7,10.05,10.05,278495,1298675,501850,24530.9
2024-07-19,2026-12-31,30000,CE,0.0,0.0,0.0,1131.45,2316.8,0,0,0,24530.9
2024-07-19,2025-03-27,30000,PE,0.0,0.0,0.0,5633.65,4257.6,0,0,0,24530.9
2024-07-19,2024-08-14,23300,PE,39.9,50.0,38.3,38.3,52.15,7,100,-25,24530.9
2024-07-19,2025-12-24,30000,CE,0.0,0.0,0.0,496.9,1043.9,0,0,0,24530.9
2024-07-19,2027-12-30,30000,CE,0.0,0.0,0.0,1877.7,3595.4,0,0,0,24530.9
2024-07-19,2029-06-28,30000,CE,0.0,0.0,0.0,5268.4,5461.9,0,0,0,24530.9
2024-07-19,2024-08-22,26300,PE,0.0,0.0,0.0,1425.9,1659.05,0,0,0,24530.9
2024-07-19,2024-08-01,26300,PE,0.0,0.0,0.0,2538.5,1707.5,0,0,0,24530.9
2024-07-19,2024-07-25,26300,CE,1.45,3.25,1.3,2.8,2.8,392844,1552100,364400,24530.9
2024-07-19,2024-07-25,24700,PE,177.25,348.0,161.9,328.5,328.5,2051107,2299975,-480675,24530.9
2024-07-19,2024-08-29,24700,PE,351.0,480.55,348.8,467.85,467.85,17067,186625,47525,24530.9
2024-07-19,2024-08-08,23400,PE,21.75,51.5,21.75,48.85,48.85,178,3400,-1050,24530.9
2024-07-19,2024-08-22,23400,CE,0.0,0.0,0.0,1625.7,1380.55,0,0,0,24530.9
2024-07-19,2024-08-08,23400,CE,0.0,0.0,0.0,1203.1,1264.05,0,0,0,24530.9
2024-07-19,2024-09-26,23400,PE,135.0,173.35,127.9,169.9,169.9,1097,43725,10575,24530.9
2024-07-19,2024-07-25,20650,CE,0.0,0.0,0.0,3400.0,3905.0,0,2850,0,24530.9
2024-07-19,2024-09-26,24400,PE,352.5,427.35,337.45,418.4,418.4,684,19750,-1125,24530.9
2024-07-19,2024-08-08,24600,PE,236.1,353.0,230.0,339.5,339.5,2472,20050,4500,24530.9
2024-07-19,2024-09-26,24600,PE,423.8,579.7,400.95,496.1,496.1,1353,20725,8400,24530.9
2024-07-19,2024-08-29,24600,CE,635.05,635.05,470.25,482.05,482.05,11338,224650,45600,24530.9
2024-07-19,2024-08-14,24600,CE,520.0,524.3,386.65,393.25,393.25,137,2325,1375,24530.9
2024-07-19,2024-12-26,22000,PE,140.65,152.05,133.15,147.9,147.9,4237,2309925,-15500,24530.9
2024-07-19,2024-09-26,22000,CE,3044.0,3044.0,2772.05,2799.75,2799.75,442,289450,500,24530.9
2024-07-19,2026-06-25,22000,PE,0.0,0.0,0.0,3829.5,361.95,0,0,0,24530.9
2024-07-19,2024-07-25,24000,CE,845.2,845.4,568.8,589.45,589.45,60717,2127375,-96975,24530.9
2024-07-19,2024-07-25,22000,CE,2782.65,2782.65,2500.0,2524.4,2524.4,2144,573125,-43450,24530.9
2024-07-19,2024-08-29,22000,CE,2847.5,2892.5,2631.2,2648.6,2648.6,853,114525,14100,24530.9
2024-07-19,2027-12-30,24000,PE,0.0,0.0,0.0,800.0,686.7,0,75,0,24530.9
2024-07-19,2028-06-29,22000,PE,0.0,0.0,0.0,520.05,376.3,0,100,0,24530.9
2024-07-19,2024-08-01,22000,CE,0.0,0.0,0.0,1809.9,2586.5,0,0,0,24530.9
2024-07-19,2025-06-26,18000,CE,0.0,0.0,0.0,5600.0,7731.8,0,2250,0,24530.9
2024-07-19,2024-09-26,23700,CE,0.0,0.0,0.0,1126.0,1421.1,0,75,0,24530.9
2024-07-19,2024-08-08,23700,PE,72.0,87.5,63.0,82.35,82.35,71,4025,225,24530.9
2024-07-19,2024-08-01,23700,CE,986.4,986.4,910.3,915.5,915.5,21,2100,-100,24530.9
2024-07-19,2024-08-14,23700,PE,90.05,115.5,90.05,106.9,106.9,40,350,-125,24530.9
2024-07-19,2024-08-08,23750,CE,0.0,0.0,0.0,941.5,963.6,0,0,0,24530.9
2024-07-19,2025-12-24,16500,PE,0.0,0.0,0.0,44.6,7.6,0,2600,0,24530.9
2024-07-19,2024-08-29,21500,CE,3375.0,3375.0,3140.5,3140.5,3140.5,76,9175,1425,24530.9
2024-07-19,2024-09-26,23750,CE,0.0,0.0,0.0,1221.95,1385.0,0,0,0,24530.9
2024-07-19,2024-08-14,24950,CE,0.0,0.0,0.0,390.9,308.15,0,25,0,24530.9
2024-07-19,2024-07-25,24800,CE,240.0,240.0,115.0,121.95,121.95,1677441,4283325,1043500,24530.9
2024-07-19,2024-08-29,24800,PE,400.0,531.35,387.05,515.35,515.35,19141,177250,-1250,24530.9
2024-07-19,2024-08-14,24800,CE,389.5,419.55,296.45,301.55,301.55,394,4650,4550,24530.9
2024-07-19,2024-07-25,25850,CE,5.0,6.65,4.4,5.2,5.2,128779,340475,216450,24530.9
2024-07-19,2024-08-08,25850,PE,1148.55,1148.55,1148.45,1148.45,1269.8,3,75,75,24530.9
2024-07-19,2024-08-01,25850,PE,0.0,0.0,0.0,2116.7,1273.25,0,0,0,24530.9
2024-07-19,2024-08-01,25850,CE,22.8,23.9,16.95,18.25,18.25,1624,15550,10150,24530.9
2024-07-19,2024-08-29,25850,CE,0.0,0.0,0.0,30.15,172.65,0,0,0,24530.9
2024-07-19,2024-08-22,25850,CE,0.0,0.0,0.0,198.5,130.5,0,0,0,24530.9
2024-07-19,2024-09-26,25850,CE,0.0,0.0,0.0,339.55,342.55,0,0,0,24530.9
2024-07-19,2024-08-14,25850,CE,94.0,103.6,94.0,102.0,83.35,4,150,100,24530.9
2024-07-19,2024-08-08,25700,PE,0.0,0.0,0.0,1344.15,1138.1,0,0,0,24530.9
2024-07-19,2024-08-08,25700,CE,66.75,66.75,36.95,37.95,37.95,113,3325,1025,24530.9
2024-07-19,2024-08-22,25700,CE,230.0,230.0,230.0,230.0,159.5,1,25,25,24530.9
2024-07-19,2024-09-26,25700,PE,0.0,0.0,0.0,1568.25,1203.7,0,0,0,24530.9
2024-07-19,2024-08-22,25700,PE,0.0,0.0,0.0,956.6,1154.4,0,0,0,24530.9
2024-07-19,2024-08-14,25500,CE,0.0,0.0,0.0,155.25,145.0,0,0,0,24530.9
2024-07-19,2024-09-26,25500,PE,817.8,980.0,809.95,965.55,965.55,1315,96375,2900,24530.9
2024-07-19,2024-09-26,22900,CE,0.0,0.0,0.0,1805.65,2054.35,0,0,0,24530.9
2024-07-19,2024-08-01,22900,CE,1911.0,1914.0,1685.1,1685.1,1685.1,25,500,375,24530.9
2024-07-19,2024-08-08,22900,CE,0.0,0.0,0.0,1623.25,1731.3,0,0,0,24530.9
2024-07-19,2024-08-29,20800,CE,3835.0,3835.0,3835.0,3835.0,3835.0,4,100,100,24530.9
2024-07-19,2024-07-25,20800,PE,2.0,3.45,1.25,2.1,2.1,25447,453850,155400,24530.9
2024-07-19,2024-08-22,25050,CE,0.0,0.0,0.0,475.9,347.45,0,0,0,24530.9
2024-07-19,2024-08-08,26500,CE,0.0,0.0,0.0,38.35,11.85,0,0,0,24530.9
2024-07-19,2024-08-29,26500,PE,1650.1,1770.0,1650.1,1770.0,1827.7,4,100,100,24530.9
2024-07-19,2024-08-22,26500,CE,0.0,0.0,0.0,82.9,49.9,0,0,0,24530.9
2024-07-19,2024-09-26,26500,PE,0.0,0.0,0.0,2183.9,1800.65,0,0,0,24530.9
2024-07-19,2024-08-14,26500,CE,0.0,0.0,0.0,34.7,25.45,0,0,0,24530.9
2024-07-19,2024-08-14,26500,PE,0.0,0.0,0.0,2039.2,1860.9,0,0,0,24530.9
2024-07-19,2024-08-08,24600,CE,469.05,478.8,334.9,347.0,347.0,1507,18700,8125,24530.9
2024-07-19,2024-07-25,24600,CE,351.15,364.1,188.0,198.75,198.75,1476714,3780575,869700,24530.9
2024-07-19,2024-07-25,24600,PE,139.75,288.0,130.6,271.15,271.15,2085523,3116475,-436775,24530.9
2024-07-19,2025-12-24,24000,PE,677.0,740.0,677.0,726.9,726.9,272,47075,3600,24530.9
2024-07-19,2025-03-27,22000,PE,202.15,215.0,200.0,212.0,212.0,198,33150,1950,24530.9
2024-07-19,2027-12-30,22000,PE,0.0,0.0,0.0,1867.9,384.05,0,0,0,24530.9
2024-07-19,2025-06-26,24000,PE,675.0,682.0,674.0,674.0,684.05,10,25775,0,24530.9
2024-07-19,2026-06-25,24000,PE,0.0,0.0,0.0,5437.7,748.35,0,0,0,24530.9
2024-07-19,2028-12-28,24000,PE,0.0,0.0,0.0,742.35,621.65,0,0,0,24530.9
2024-07-19,2024-09-26,24000,CE,1238.95,1264.95,1068.85,1084.3,1084.3,3351,611000,4025,24530.9
2024-07-19,2024-09-26,22000,PE,46.5,52.6,43.15,50.2,50.2,3902,808175,10400,24530.9
2024-07-19,2028-06-29,24000,PE,0.0,0.0,0.0,1692.75,654.95,0,0,0,24530.9
2024-07-19,2028-12-28,22000,CE,0.0,0.0,0.0,6932.45,8994.0,0,0,0,24530.9
2024-07-19,2028-06-29,24000,CE,0.0,0.0,0.0,3918.85,7195.2,0,0,0,24530.9
2024-07-19,2024-08-29,24450,CE,713.45,713.45,556.25,566.35,566.35,353,10075,3150,24530.9
2024-07-19,2024-07-25,24450,CE,465.25,465.25,260.0,273.7,273.7,69626,390700,296775,24530.9
2024-07-19,2024-08-01,24450,PE,142.7,250.2,142.7,239.15,239.15,6404,26625,5100,24530.9
2024-07-19,2024-08-22,25600,PE,0.0,0.0,0.0,886.5,1077.1,0,0,0,24530.9
2024-07-19,2024-08-14,25600,PE,0.0,0.0,0.0,1246.4,1064.45,0,0,0,24530.9
2024-07-19,2024-08-01,25600,CE,41.6,51.2,30.0,32.1,32.1,14197,126825,46400,24530.9
2024-07-19,2024-08-22,25600,CE,0.0,0.0,0.0,265.65,181.5,0,0,0,24530.9
2024-07-19,2024-07-25,25600,PE,855.0,1104.4,840.0,1075.45,1075.45,363,4450,0,24530.9
2024-07-19,2024-08-08,25600,PE,0.0,0.0,0.0,1262.65,1052.9,0,0,0,24530.9
2024-07-19,2024-07-25,25600,CE,6.6,14.05,6.6,9.9,9.9,346805,1889050,657025,24530.9
2024-07-19,2024-09-26,25600,CE,0.0,0.0,0.0,404.3,418.65,0,25,0,24530.9
2024-07-19,2024-08-29,25600,PE,868.0,1040.0,868.0,1040.0,1040.0,13,375,25,24530.9
2024-07-19,2024-08-01,25600,PE,0.0,0.0,0.0,1889.75,1042.75,0,0,0,24530.9
2024-07-19,2024-08-29,25600,CE,171.45,171.45,112.9,115.25,115.25,8138,130450,27800,24530.9
2024-07-19,2024-09-26,25600,PE,0.0,0.0,0.0,1497.5,1136.9,0,0,0,24530.9
2024-07-19,2024-08-08,25600,CE,84.55,84.55,51.2,54.1,54.1,150,4125,1975,24530.9
2024-07-19,2024-08-14,25600,CE,0.0,0.0,0.0,135.85,124.5,0,0,0,24530.9
2024-07-19,2024-09-26,26150,CE,0.0,0.0,0.0,271.45,267.15,0,0,0,24530.9
2024-07-19,2024-08-22,26150,CE,0.0,0.0,0.0,134.7,85.35,0,0,0,24530.9
2024-07-19,2024-08-01,26150,PE,0.0,0.0,0.0,2396.35,1560.95,0,0,0,24530.9
2024-07-19,2024-08-01,25150,PE,489.95,685.45,474.55,672.6,672.6,373,2775,-2175,24530.9
2024-07-19,2024-08-01,25150,CE,154.0,154.0,90.0,94.05,94.05,4994,34925,26450,24530.9
2024-07-19,2024-08-08,25150,PE,0.0,0.0,0.0,922.25,702.3,0,0,0,24530.9
2024-07-19,2024-08-29,21550,CE,0.0,0.0,0.0,1494.0,3159.85,0,0,0,24530.9
2024-07-19,2024-09-26,24450,CE,0.0,0.0,0.0,904.95,932.7,0,125,0,24530.9
2024-07-19,2024-08-08,24450,PE,236.0,280.0,226.5,270.1,270.1,102,2750,1025,24530.9
2024-07-19,2024-08-29,24450,PE,286.0,366.0,267.5,355.45,355.45,289,7800,-1675,24530.9
2024-07-19,2024-07-25,23200,PE,7.6,9.85,5.5,8.45,8.45,229537,1024700,138950,24530.9
2024-07-19,2024-07-25,23200,CE,1604.45,1604.45,1326.3,1339.35,1339.35,994,97975,-10875,24530.9
2024-07-19,2024-08-14,23200,PE,0.0,0.0,0.0,49.6,42.4,0,75,0,24530.9
2024-07-19,2024-08-08,23200,CE,0.0,0.0,0.0,1365.35,1446.95,0,0,0,24530.9
2024-07-19,2024-08-14,23200,CE,0.0,0.0,0.0,1366.0,1490.35,0,0,0,24530.9
2024-07-19,2024-08-22,23200,CE,0.0,0.0,0.0,1805.5,1552.85,0,0,0,24530.9
2024-07-19,2024-09-26,23200,CE,0.0,0.0,0.0,1740.0,1804.8,0,200,0,24530.9
2024-07-19,2024-07-25,25350,CE,37.65,39.55,21.0,22.45,22.45,223814,568225,242725,24530.9
2024-07-19,2024-08-29,25350,PE,0.0,0.0,0.0,674.3,914.0,0,2000,0,24530.9
2024-07-19,2024-08-08,24750,PE,280.0,436.65,252.0,426.3,426.3,500,4250,1925,24530.9
2024-07-19,2024-08-01,24750,PE,254.25,405.9,253.5,394.1,394.1,17050,25625,-1400,24530.9
2024-07-19,2024-07-25,21850,CE,0.0,0.0,0.0,2225.0,2706.4,0,1625,0,24530.9
2024-07-19,2024-07-25,22250,PE,3.4,5.9,1.7,3.05,3.05,18410,135150,115875,24530.9
2024-07-19,2024-08-08,24550,CE,506.25,516.15,363.1,372.5,372.5,418,5175,4275,24530.9
2024-07-19,2024-08-29,24550,PE,294.6,411.25,294.25,397.3,397.3,684,13775,2150,24530.9
2024-07-19,2024-08-08,23550,PE,36.0,36.0,36.0,36.0,59.45,1,75,0,24530.9
2024-07-19,2025-03-27,23000,PE,316.6,334.0,311.95,330.25,330.25,538,58625,9850,24530.9
2024-07-19,2024-08-14,23000,CE,0.0,0.0,0.0,1537.85,1674.25,0,0,0,24530.9
2024-07-19,2024-08-14,23550,CE,0.0,0.0,0.0,1084.95,1184.5,0,0,0,24530.9
2024-07-19,2024-07-25,24550,PE,126.7,260.05,122.25,245.05,245.05,742398,521350,79400,24530.9
2024-07-19,2024-08-08,23550,CE,0.0,0.0,0.0,1087.3,1131.8,0,0,0,24530.9
2024-07-19,2028-12-28,23000,PE,0.0,0.0,0.0,575.05,481.8,0,0,0,24530.9
2024-07-19,2024-08-01,23550,CE,1150.0,1150.0,1045.0,1045.0,1045.0,2,200,0,24530.9
2024-07-19,2024-07-25,24550,CE,412.1,412.1,210.2,222.15,222.15,361918,608350,361525,24530.9
2024-07-19,2025-06-26,23000,PE,425.0,458.0,425.0,458.0,458.0,3,3325,-50,24530.9
2024-07-19,2024-07-25,23000,PE,5.6,7.1,4.05,6.2,6.2,746662,5825950,122475,24530.9
2024-07-19,2024-07-25,20200,CE,4593.7,4593.7,4342.2,4342.2,4342.2,50,51925,-850,24530.9
2024-07-19,2024-08-29,20200,CE,4400.0,4400.0,4400.0,4400.0,4400.0,2,50,50,24530.9
2024-07-19,2024-08-29,20200,PE,10.0,10.0,7.3,8.4,8.4,83,4200,1250,24530.9
2024-07-19,2024-07-25,20200,PE,1.6,1.6,0.55,0.9,0.9,127649,738000,-111900,24530.9
2024-07-19,2024-08-01,21750,PE,5.35,5.95,3.35,5.25,5.25,8785,31450,25100,24530.9
2024-07-19,2024-07-25,21750,CE,0.0,0.0,0.0,2849.1,2806.3,0,2425,0,24530.9
2024-07-19,2024-08-29,21750,PE,20.0,20.0,14.3,15.15,15.15,3,1450,0,24530.9
2024-07-19,2024-08-01,21750,CE,0.0,0.0,0.0,2036.95,2835.85,0,0,0,24530.9
2024-07-19,2024-09-26,23150,PE,0.0,0.0,0.0,309.6,147.3,0,0,0,24530.9
2024-07-19,2024-08-14,23150,CE,0.0,0.0,0.0,1408.3,1535.8,0,0,0,24530.9
2024-07-19,2024-07-25,23150,CE,1525.0,1545.15,1510.0,1510.0,1408.35,5,4825,-75,24530.9
2024-07-19,2024-08-29,23150,CE,1730.0,1730.0,1730.0,1730.0,1647.9,4,625,100,24530.9
2024-07-19,2024-08-08,23150,PE,0.0,0.0,0.0,26.4,22.8,0,125,0,24530.9
2024-07-19,2024-08-01,24700,CE,380.0,380.0,228.4,238.55,238.55,50615,316875,158275,24530.9
2024-07-19,2024-08-14,24700,CE,471.3,471.3,340.0,345.05,345.05,138,1600,1100,24530.9
2024-07-19,2024-08-14,23400,PE,0.0,0.0,0.0,127.5,63.7,0,0,0,24530.9
2024-07-19,2024-08-29,20650,CE,0.0,0.0,0.0,2259.0,4049.75,0,0,0,24530.9
2024-07-19,2024-08-29,25450,CE,214.5,214.5,148.85,150.55,150.55,194,16575,700,24530.9
2024-07-19,2024-08-22,25450,CE,0.0,0.0,0.0,314.45,218.7,0,0,0,24530.9
2024-07-19,2024-08-14,25450,PE,0.0,0.0,0.0,1127.35,946.85,0,0,0,24530.9
2024-07-19,2024-08-22,25450,PE,0.0,0.0,0.0,786.3,965.3,0,0,0,24530.9
2024-07-19,2024-08-08,25000,PE,417.9,588.95,403.1,577.45,577.45,949,9225,-1100,24530.9
2024-07-19,2026-06-25,25000,CE,0.0,0.0,0.0,1510.4,3838.9,0,0,0,24530.9
2024-07-19,2024-07-25,25800,CE,5.6,8.1,4.95,5.85,5.85,349154,1955850,764775,24530.9
2024-07-19,2024-08-22,25800,CE,209.8,209.8,209.8,209.8,139.65,1,25,25,24530.9
2024-07-19,2024-08-01,25000,CE,225.0,226.6,123.6,128.85,128.85,88270,620925,368200,24530.9
2024-07-19,2024-08-01,25800,PE,0.0,0.0,0.0,2070.8,1226.3,0,0,0,24530.9
2024-07-19,2024-09-26,17000,CE,0.0,0.0,0.0,3800.4,7763.9,0,0,0,24530.9
2024-07-19,2024-08-29,23800,CE,1223.0,1238.85,1015.0,1026.05,1026.05,325,28125,-1725,24530.9
2024-07-19,2024-08-01,23800,PE,37.2,72.3,37.2,68.2,68.2,16459,137450,58025,24530.9
2024-07-19,2025-06-26,17000,CE,0.0,0.0,0.0,7049.0,8658.35,0,2800,0,24530.9
2024-07-19,2024-08-29,23350,PE,79.4,103.4,75.6,99.9,99.9,455,14175,-1475,24530.9
2024-07-19,2024-09-26,23350,PE,0.0,0.0,0.0,155.0,184.1,0,25,0,24530.9
2024-07-19,2024-07-25,23350,PE,10.1,13.1,6.8,11.35,11.35,94310,232850,275,24530.9
2024-07-19,2024-08-08,23350,PE,0.0,0.0,0.0,128.05,37.6,0,0,0,24530.9
2024-07-19,2026-12-31,26000,CE,0.0,0.0,0.0,1631.05,4056.0,0,0,0,24530.9
2024-07-19,2025-03-27,26000,CE,950.0,959.95,837.2,842.85,842.85,275,5675,4400,24530.9
2024-07-19,2024-12-26,26000,PE,1128.4,1275.7,1128.4,1255.6,1255.6,3496,303925,26725,24530.9
2024-07-19,2029-06-28,26000,CE,0.0,0.0,0.0,7052.2,7320.9,0,0,0,24530.9
2024-07-19,2025-06-26,26000,PE,0.0,0.0,0.0,7299.0,1452.3,0,0,0,24530.9
2024-07-19,2025-12-24,26000,CE,2120.95,2330.0,1930.05,1987.65,1987.65,268,10925,-825,24530.9
2024-07-19,2028-06-29,26000,PE,0.0,0.0,0.0,2370.3,1044.9,0,0,0,24530.9
2024-07-19,2027-12-30,26000,CE,0.0,0.0,0.0,3162.4,5434.85,0,0,0,24530.9
2024-07-19,2024-08-08,26000,PE,1235.0,1428.0,1235.0,1425.25,1425.25,13,475,-25,24530.9
2024-07-19,2028-12-28,26000,PE,0.0,0.0,0.0,1160.95,976.5,0,0,0,24530.9
2024-07-19,2024-09-26,26000,CE,206.8,206.8,151.05,156.65,156.65,9189,469475,31875,24530.9
2024-07-19,2024-08-01,24850,CE,300.0,300.0,169.9,176.85,176.85,10733,84425,-5250,24530.9
2024-07-19,2024-08-29,24850,PE,431.95,557.9,410.15,539.0,539.0,391,5650,-1275,24530.9
2024-07-19,2024-08-14,24850,CE,389.25,389.25,306.0,306.0,348.3,9,175,175,24530.9
2024-07-19,2024-08-29,22450,PE,0.0,0.0,0.0,431.65,22.5,0,0,0,24530.9
2024-07-19,2024-08-01,22450,CE,0.0,0.0,0.0,1423.7,2138.05,0,0,0,24530.9
2024-07-19,2024-07-25,22300,CE,2464.0,2464.0,2230.0,2230.0,2230.0,135,15800,-2775,24530.9
2024-07-19,2024-07-25,22450,CE,0.0,0.0,0.0,2175.0,2107.1,0,1300,0,24530.9
2024-07-19,2024-08-29,22450,CE,0.0,0.0,0.0,874.65,2286.7,0,0,0,24530.9
2024-07-19,2024-09-26,25450,CE,0.0,0.0,0.0,448.35,470.0,0,0,0,24530.9
2024-07-19,2024-07-25,25450,CE,24.05,26.0,14.7,16.05,16.05,213307,692150,267200,24530.9
2024-07-19,2024-07-25,23650,CE,1120.0,1120.0,889.1,909.05,909.05,223,11950,-425,24530.9
2024-07-19,2024-08-14,23650,CE,0.0,0.0,0.0,1010.95,1101.8,0,0,0,24530.9
2024-07-19,2024-08-01,23650,PE,38.3,53.0,32.3,50.35,50.35,731,17775,700,24530.9
2024-07-19,2024-08-29,23650,CE,0.0,0.0,0.0,1214.0,1236.2,0,1700,0,24530.9
2024-07-19,2024-08-22,23650,PE,0.0,0.0,0.0,94.0,135.05,0,0,0,24530.9
2024-07-19,2025-12-24,25000,CE,2590.0,2620.05,2450.0,2593.15,2593.15,297,8625,-1525,24530.9
2024-07-19,2025-03-27,25000,CE,1494.4,1494.8,1333.5,1347.2,1347.2,77,9975,525,24530.9
2024-07-19,2027-12-30,25000,PE,0.0,0.0,0.0,2948.45,885.3,0,0,0,24530.9
2024-07-19,2027-12-30,25000,CE,0.0,0.0,0.0,3458.35,5981.2,0,0,0,24530.9
2024-07-19,2024-08-01,25800,CE,26.5,28.0,18.95,19.9,19.9,9093,73400,16400,24530.9
2024-07-19,2024-08-14,25000,PE,468.0,604.25,456.25,594.7,594.7,48,450,225,24530.9
2024-07-19,2029-06-28,25000,PE,0.0,0.0,0.0,852.5,737.95,0,0,0,24530.9
2024-07-19,2024-08-08,25800,CE,53.75,53.75,33.45,35.25,35.25,95,2525,1775,24530.9
2024-07-19,2027-06-24,25000,CE,0.0,0.0,0.0,2090.05,5282.7,0,0,0,24530.9
2024-07-19,2024-08-14,25800,CE,0.0,0.0,0.0,129.45,90.55,0,50,0,24530.9
2024-07-19,2028-06-29,25000,PE,0.0,0.0,0.0,2016.8,835.9,0,0,0,24530.9
2024-07-19,2024-08-08,25800,PE,0.0,0.0,0.0,1427.5,1225.4,0,0,0,24530.9
2024-07-19,2028-12-28,25000,CE,0.0,0.0,0.0,5350.4,7246.45,0,0,0,24530.9
2024-07-19,2029-06-28,25000,CE,0.0,0.0,0.0,7557.7,7844.35,0,0,0,24530.9
2024-07-19,2026-06-25,25000,PE,0.0,0.0,0.0,6063.1,1015.85,0,0,0,24530.9
2024-07-19,2024-08-29,21550,PE,17.3,17.3,17.3,17.3,2.95,1,275,25,24530.9
2024-07-19,2024-07-25,26100,PE,0.0,0.0,0.0,3032.0,1539.05,0,0,0,24530.9
2024-07-19,2024-08-22,26100,CE,0.0,0.0,0.0,143.85,91.8,0,0,0,24530.9
2024-07-19,2024-08-29,26100,PE,1494.5,1494.5,1458.0,1458.0,1483.05,2,800,50,24530.9
2024-07-19,2024-09-26,24300,PE,315.0,392.75,310.6,385.7,385.7,313,14375,-3100,24530.9
2024-07-19,2024-08-14,26450,CE,22.5,22.5,20.0,20.0,28.1,2,25,25,24530.9
2024-07-19,2024-08-29,26450,PE,0.0,0.0,0.0,3471.05,1783.45,0,0,0,24530.9
2024-07-19,2024-08-08,26450,PE,0.0,0.0,0.0,2005.15,1829.8,0,0,0,24530.9
2024-07-19,2024-09-26,26450,PE,0.0,0.0,0.0,2143.15,1760.45,0,0,0,24530.9
2024-07-19,2024-08-22,26450,PE,0.0,0.0,0.0,1554.0,1793.9,0,0,0,24530.9
2024-07-19,2024-07-25,26450,PE,0.0,0.0,0.0,3158.05,1888.3,0,0,0,24530.9
2024-07-19,2024-08-22,26450,CE,0.0,0.0,0.0,89.1,54.05,0,0,0,24530.9
2024-07-19,2024-08-29,26450,CE,0.0,0.0,0.0,12.6,80.35,0,0,0,24530.9
2024-07-19,2024-08-08,26450,CE,0.0,0.0,0.0,41.55,13.4,0,0,0,24530.9
2024-07-19,2024-07-25,21300,CE,3340.0,3340.0,3325.5,3325.5,3255.75,3,5050,25,24530.9
2024-07-19,2024-08-29,21300,CE,3400.0,3420.15,3370.45,3370.45,3370.45,196,4700,4700,24530.9
2024-07-19,2024-07-25,21250,CE,0.0,0.0,0.0,3110.0,3305.7,0,3425,0,24530.9
2024-07-19,2024-08-14,23850,CE,0.0,0.0,0.0,868.0,944.1,0,0,0,24530.9
2024-07-19,2024-09-26,23850,CE,0.0,0.0,0.0,1161.7,1313.4,0,0,0,24530.9
2024-07-19,2024-08-29,21750,CE,0.0,0.0,0.0,1341.6,2963.35,0,0,0,24530.9
2024-07-19,2024-07-25,21750,PE,3.05,4.25,1.45,3.1,3.1,15309,92025,82250,24530.9
2024-07-19,2024-08-22,25950,PE,0.0,0.0,0.0,1142.85,1356.9,0,0,0,24530.9
2024-07-19,2024-08-08,25650,PE,0.0,0.0,0.0,1303.15,1095.2,0,0,0,24530.9
2024-07-19,2024-08-22,25650,PE,0.0,0.0,0.0,921.2,1115.45,0,0,0,24530.9
2024-07-19,2024-08-29,25650,PE,949.15,1030.0,949.15,1030.0,1128.25,10,475,25,24530.9
2024-07-19,2024-08-22,25650,CE,0.0,0.0,0.0,250.75,170.2,0,0,0,24530.9
2024-07-19,2024-07-25,25650,PE,0.0,0.0,0.0,2663.4,1093.45,0,0,0,24530.9
2024-07-19,2024-08-29,20400,CE,0.0,0.0,0.0,2488.4,4297.6,0,0,0,24530.9
2024-07-19,2024-07-25,20400,PE,1.8,2.95,0.85,1.85,1.85,9542,32925,26400,24530.9
2024-07-19,2024-07-25,20400,CE,4375.0,4375.0,4125.0,4125.0,4125.0,7,6850,0,24530.9
2024-07-19,2024-08-29,20400,PE,8.4,8.4,7.35,7.9,7.9,37,1025,625,24530.9
2024-07-19,2024-08-08,26050,CE,25.35,32.95,17.5,18.1,18.1,450,8725,2200,24530.9
2024-07-19,2028-12-28,21000,PE,0.0,0.0,0.0,490.0,269.55,0,1225,0,24530.9
2024-07-19,2024-07-25,26050,PE,0.0,0.0,0.0,3037.5,1489.2,0,0,0,24530.9
2024-07-19,2024-07-25,26050,CE,2.8,4.4,2.4,4.0,4.0,126961,688675,445475,24530.9
2024-07-19,2024-08-14,26050,PE,0.0,0.0,0.0,1628.75,1446.85,0,0,0,24530.9
2024-07-19,2027-06-24,21000,PE,0.0,0.0,0.0,500.0,270.4,0,200,0,24530.9
2024-07-19,2025-03-27,21000,PE,140.0,140.0,120.0,129.95,93.8,23,6400,50,24530.9
2024-07-19,2024-08-29,21000,PE,12.3,13.85,8.8,9.3,9.3,8908,456225,40875,24530.9
2024-07-19,2025-06-26,21000,PE,168.35,168.35,168.35,168.35,135.4,1,700,0,24530.9
2024-07-19,2024-08-22,26050,CE,0.0,0.0,0.0,153.55,98.65,0,0,0,24530.9
2024-07-19,2025-12-24,21000,PE,0.0,0.0,0.0,235.05,196.75,0,4325,0,24530.9
2024-07-19,2024-08-22,26050,PE,0.0,0.0,0.0,1221.25,1441.25,0,0,0,24530.9
2024-07-19,2026-06-25,21000,PE,0.0,0.0,0.0,3065.6,235.6,0,0,0,24530.9
2024-07-19,2024-08-08,25500,PE,786.0,974.15,786.0,963.3,963.3,148,1800,1775,24530.9
2024-07-19,2024-08-01,25500,CE,62.05,64.75,38.3,40.95,40.95,43207,295650,84325,24530.9
2024-07-19,2024-08-22,25500,CE,0.0,0.0,0.0,297.5,205.6,0,0,0,24530.9
2024-07-19,2024-08-29,25500,CE,207.05,207.05,134.5,137.45,137.45,39964,881650,33350,24530.9
2024-07-19,2024-08-01,26250,CE,8.9,11.8,8.1,8.55,8.55,1241,10725,-2100,24530.9
2024-07-19,2024-08-01,26250,PE,0.0,0.0,0.0,1491.25,1658.5,0,0,0,24530.9
2024-07-19,2024-08-29,26250,PE,0.0,0.0,0.0,3278.75,1609.6,0,0,0,24530.9
2024-07-19,2024-08-14,26250,CE,27.65,28.15,18.05,26.8,26.8,90,4050,1275,24530.9
2024-07-19,2024-08-22,26250,PE,0.0,0.0,0.0,1384.05,1614.75,0,0,0,24530.9
2024-07-19,2024-08-08,26250,CE,45.0,45.0,14.9,16.45,16.45,77,1750,1125,24530.9
2024-07-19,2024-07-25,26250,CE,1.5,3.9,1.25,3.05,3.05,122722,254550,-108100,24530.9
2024-07-19,2024-08-29,23850,PE,137.1,186.95,133.5,182.45,182.45,378,5775,-850,24530.9
2024-07-19,2024-08-29,23850,CE,0.0,0.0,0.0,1187.75,1086.9,0,2900,0,24530.9
2024-07-19,2024-07-25,23850,CE,950.0,955.0,705.85,724.25,724.25,903,53475,-950,24530.9
2024-07-19,2024-08-01,23850,CE,829.25,829.25,795.35,817.45,817.45,10,1025,0,24530.9
2024-07-19,2024-08-22,23850,PE,0.0,0.0,0.0,128.25,181.55,0,0,0,24530.9
2024-07-19,2024-08-01,23850,PE,51.65,80.0,45.5,76.05,76.05,2005,18075,4100,24530.9
2024-07-19,2024-07-25,21150,CE,0.0,0.0,0.0,3039.2,3405.6,0,5000,0,24530.9
2024-07-19,2024-08-29,21150,PE,13.15,13.55,9.6,10.25,10.25,58,1775,-500,24530.9
2024-07-19,2024-07-25,21150,PE,1.95,4.65,1.3,3.2,3.2,16253,157825,152925,24530.9
2024-07-19,2024-08-29,21150,CE,0.0,0.0,0.0,1819.9,3554.65,0,0,0,24530.9
2024-07-19,2024-09-26,22750,CE,0.0,0.0,0.0,1920.75,2183.6,0,0,0,24530.9
2024-07-19,2024-08-22,23950,CE,0.0,0.0,0.0,1166.25,950.2,0,0,0,24530.9
2024-07-19,2024-09-26,24750,PE,0.0,0.0,0.0,451.35,651.15,0,575,0,24530.9
2024-07-19,2024-08-22,24750,PE,0.0,0.0,0.0,405.5,526.0,0,0,0,24530.9
2024-07-19,2024-07-25,24750,PE,198.1,381.5,190.35,358.1,358.1,758906,404050,-101025,24530.9
2024-07-19,2024-08-29,25250,PE,0.0,0.0,0.0,610.2,847.8,0,3950,0,24530.9
2024-07-19,2024-08-01,25250,PE,560.0,766.3,560.0,755.6,755.6,47,1075,975,24530.9
2024-07-19,2024-08-29,25250,CE,284.2,287.15,199.5,205.35,205.35,258,10275,2700,24530.9
2024-07-19,2024-07-25,25050,PE,348.4,606.85,348.4,579.85,579.85,18660,77300,15125,24530.9
2024-07-19,2024-08-22,25050,PE,0.0,0.0,0.0,550.55,696.75,0,0,0,24530.9
2024-07-19,2024-08-01,26500,CE,6.75,10.0,5.25,6.1,6.1,5228,69575,69575,24530.9
2024-07-19,2024-07-25,26400,PE,0.0,0.0,0.0,3109.35,1838.4,0,0,0,24530.9
2024-07-19,2024-09-26,26400,CE,0.0,0.0,0.0,223.95,213.35,0,0,0,24530.9
2024-07-19,2025-12-24,19500,CE,0.0,0.0,0.0,5900.0,7049.5,0,1475,0,24530.9
2024-07-19,2024-07-25,22050,PE,2.4,4.5,1.6,3.0,3.0,27772,162825,153675,24530.9
2024-07-19,2024-08-01,22050,CE,0.0,0.0,0.0,1765.45,2536.65,0,0,0,24530.9
2024-07-19,2024-08-01,24600,CE,447.7,447.7,273.4,283.95,283.95,36178,232850,109325,24530.9
2024-07-19,2024-08-29,24000,CE,1077.15,1077.15,854.25,870.8,870.8,11003,618575,75675,24530.9
2024-07-19,2028-12-28,22000,PE,0.0,0.0,0.0,580.0,365.05,0,125,0,24530.9
2024-07-19,2025-03-27,22000,CE,0.0,0.0,0.0,2408.3,3804.5,0,0,0,24530.9
2024-07-19,2029-06-28,24000,CE,0.0,0.0,0.0,8085.35,8391.2,0,0,0,24530.9
2024-07-19,2024-08-29,22000,PE,22.7,24.6,20.05,22.6,22.6,20597,906650,29125,24530.9
2024-07-19,2024-08-08,24000,CE,919.9,919.9,730.75,742.1,742.1,318,2575,850,24530.9
2024-07-19,2026-12-31,24000,PE,0.0,0.0,0.0,855.0,737.75,0,2950,0,24530.9
2024-07-19,2024-08-08,24000,PE,87.0,141.0,81.8,135.45,135.45,5929,46050,20275,24530.9
2024-07-19,2024-08-22,26200,CE,0.0,0.0,0.0,126.0,79.25,0,0,0,24530.9
2024-07-19,2024-08-14,26200,CE,30.6,30.6,19.8,24.15,24.15,3,25,25,24530.9
2024-07-19,2024-08-08,26200,CE,22.05,23.15,13.1,16.95,16.95,2094,28225,-17050,24530.9
2024-07-19,2027-06-24,18000,PE,0.0,0.0,0.0,264.2,71.55,0,25,0,24530.9
2024-07-19,2025-12-24,18000,CE,0.0,0.0,0.0,7450.0,8346.7,0,5675,0,24530.9
2024-07-19,2025-12-24,18000,PE,0.0,0.0,0.0,123.95,28.15,0,2975,0,24530.9
2024-07-19,2024-07-25,22850,CE,1916.25,1916.25,1680.2,1680.2,1707.6,14,2200,0,24530.9
2024-07-19,2024-08-14,22850,CE,0.0,0.0,0.0,1671.15,1815.4,0,0,0,24530.9
2024-07-19,2027-06-24,20000,CE,0.0,0.0,0.0,3367.05,8565.85,0,0,0,24530.9
2024-07-19,2025-12-24,20000,CE,0.0,0.0,0.0,6085.0,6629.05,0,500,0,24530.9
2024-07-19,2024-09-26,20000,CE,4920.0,4975.2,4682.05,4711.45,4711.45,2291,282500,-17950,24530.9
2024-07-19,2026-12-31,20000,CE,0.0,0.0,0.0,3704.3,7977.25,0,0,0,24530.9
2024-07-19,2028-06-29,20000,CE,0.0,0.0,0.0,5724.65,9732.0,0,0,0,24530.9
2024-07-19,2024-09-26,25150,CE,0.0,0.0,0.0,547.3,586.35,0,0,0,24530.9
2024-07-19,2024-08-01,22400,CE,0.0,0.0,0.0,1738.85,2187.8,0,0,0,24530.9
2024-07-19,2024-07-25,22400,PE,3.05,4.5,1.8,3.2,3.2,120963,257750,-65650,24530.9
2024-07-19,2024-08-29,22400,PE,29.25,32.25,26.0,31.1,31.1,4268,228000,13000,24530.9
2024-07-19,2024-07-25,24450,PE,102.0,210.0,90.9,197.25,197.25,451463,635675,322375,24530.9
2024-07-19,2024-09-26,24450,PE,0.0,0.0,0.0,504.7,516.75,0,75,0,24530.9
2024-07-19,2024-07-25,21550,CE,0.0,0.0,0.0,2110.9,3006.05,0,3675,0,24530.9
2024-07-19,2024-08-14,26100,PE,0.0,0.0,0.0,1673.15,1491.55,0,0,0,24530.9
2024-07-19,2024-08-01,26100,CE,12.05,15.35,9.35,11.0,11.0,2974,25800,8675,24530.9
2024-07-19,2024-08-22,24450,CE,0.0,0.0,0.0,809.0,629.95,0,0,0,24530.9
2024-07-19,2024-07-25,21350,PE,2.4,6.5,1.3,3.85,3.85,17723,158425,147425,24530.9
2024-07-19,2024-08-29,21350,CE,0.0,0.0,0.0,1653.65,3357.0,0,0,0,24530.9
2024-07-19,2024-07-25,21350,CE,0.0,0.0,0.0,2478.15,3205.8,0,2975,0,24530.9
2024-07-19,2024-08-01,24300,PE,112.0,191.65,107.75,182.25,182.25,25022,185875,98350,24530.9
2024-07-19,2024-07-25,24300,CE,560.0,572.4,348.75,365.7,365.7,53448,894925,8100,24530.9
2024-07-19,2024-08-08,24300,PE,137.8,226.45,137.8,213.9,213.9,1937,33975,1625,24530.9
2024-07-19,2024-08-08,25400,CE,130.15,130.15,78.05,83.05,83.05,492,9300,4800,24530.9
2024-07-19,2024-08-22,24900,CE,548.95,548.95,548.95,548.95,407.6,4,100,100,24530.9
2024-07-19,2024-08-08,24900,CE,330.0,330.0,205.5,215.3,215.3,1291,11700,6925,24530.9
2024-07-19,2024-09-26,23100,PE,111.85,123.65,111.0,122.75,139.05,588,53825,5500,24530.9
2024-07-19,2024-07-25,23100,CE,1657.45,1665.0,1425.8,1440.7,1440.7,62,71075,-75,24530.9
2024-07-19,2024-08-14,24650,CE,475.2,475.95,358.55,369.05,369.05,84,1525,1400,24530.9
2024-07-19,2024-08-22,24650,PE,0.0,0.0,0.0,363.25,475.35,0,0,0,24530.9
2024-07-19,2024-08-08,24650,PE,245.0,377.4,245.0,363.4,363.4,482,5150,2500,24530.9
2024-07-19,2024-08-29,24400,PE,259.0,350.0,248.5,339.15,339.15,8941,171625,-9875,24530.9
2024-07-19,2024-08-01,24400,CE,576.3,576.3,380.0,393.25,393.25,4982,60975,21075,24530.9
2024-07-19,2026-12-31,21000,CE,0.0,0.0,0.0,3356.25,7231.7,0,0,0,24530.9
2024-07-19,2024-08-29,21000,CE,3870.0,3870.0,3589.95,3619.9,3619.9,2548,134225,40400,24530.9
2024-07-19,2024-08-08,25050,CE,236.0,236.0,162.25,166.35,166.35,130,6850,1325,24530.9
2024-07-19,2024-08-29,25050,CE,389.8,389.8,266.0,274.85,274.85,264,11425,1550,24530.9
2024-07-19,2024-08-14,25050,PE,0.0,0.0,0.0,835.55,664.1,0,0,0,24530.9
2024-07-19,2024-08-14,22950,PE,0.0,0.0,0.0,43.35,24.35,0,25,0,24530.9
2024-07-19,2024-08-08,22950,PE,0.0,0.0,0.0,67.2,13.25,0,0,0,24530.9
2024-07-19,2024-09-26,22950,PE,0.0,0.0,0.0,259.05,116.45,0,0,0,24530.9
2024-07-19,2024-07-25,21650,PE,2.4,4.8,1.45,3.15,3.15,24696,229350,225825,24530.9
2024-07-19,2024-07-25,22950,CE,1800.0,1800.0,1604.05,1604.05,1604.05,7,10400,0,24530.9
2024-07-19,2024-08-29,21650,CE,0.0,0.0,0.0,1416.85,3061.5,0,0,0,24530.9
2024-07-19,2024-08-29,22050,PE,0.0,0.0,0.0,292.15,9.7,0,0,0,24530.9
2024-07-19,2024-07-25,22050,CE,0.0,0.0,0.0,2670.0,2506.65,0,4000,0,24530.9
2024-07-19,2024-08-22,24600,PE,343.3,406.25,331.0,403.8,403.8,19,300,300,24530.9
2024-07-19,2024-12-26,24000,PE,409.55,466.95,400.0,457.6,457.6,10443,1596250,16475,24530.9
2024-07-19,2027-12-30,22000,CE,0.0,0.0,0.0,4499.55,7812.15,0,0,0,24530.9
2024-07-19,2024-07-25,22700,PE,5.35,5.35,2.25,3.85,3.85,121853,572200,216350,24530.9
2024-07-19,2024-08-14,25750,CE,0.0,0.0,0.0,110.4,98.2,0,0,0,24530.9
2024-07-19,2024-07-25,25750,PE,0.0,0.0,0.0,2756.15,1191.65,0,0,0,24530.9
2024-07-19,2024-07-25,22750,PE,5.0,5.25,2.4,4.05,4.05,37065,183775,111600,24530.9
2024-07-19,2024-08-14,22750,PE,0.0,0.0,0.0,41.65,15.0,0,0,0,24530.9
2024-07-19,2024-08-22,23950,PE,0.0,0.0,0.0,148.55,207.0,0,0,0,24530.9
2024-07-19,2024-08-14,23950,CE,0.0,0.0,0.0,999.85,870.35,0,50,0,24530.9
2024-07-19,2024-08-01,23950,CE,720.0,754.9,698.0,701.25,701.25,177,2900,1525,24530.9
2024-07-19,2024-07-25,23850,PE,27.15,46.9,20.0,42.2,42.2,158973,296375,102450,24530.9
2024-07-19,2024-08-08,23850,PE,100.0,112.85,100.0,106.8,106.8,3,825,50,24530.9
2024-07-19,2024-09-26,23850,PE,0.0,0.0,0.0,229.85,305.65,0,50,0,24530.9
2024-07-19,2024-09-26,23150,CE,0.0,0.0,0.0,1622.2,1845.5,0,0,0,24530.9
2024-07-19,2024-08-22,23150,PE,0.0,0.0,0.0,39.2,59.2,0,0,0,24530.9
2024-07-19,2024-08-29,23150,PE,40.0,80.85,38.45,77.25,77.25,169,6575,1775,24530.9
2024-07-19,2024-08-29,25950,CE,117.45,117.45,60.95,63.5,63.5,140,1925,1925,24530.9
2024-07-19,2024-08-08,25950,PE,0.0,0.0,0.0,1555.65,1359.9,0,0,0,24530.9
2024-07-19,2024-08-08,23500,CE,1318.0,1318.0,1176.75,1178.9,1175.35,45,1000,1000,24530.9
2024-07-19,2024-07-25,22500,PE,3.0,4.2,1.85,3.15,3.15,596097,3914600,161875,24530.9
2024-07-19,2024-07-25,22500,CE,2288.45,2289.35,2005.0,2029.55,2029.55,858,302800,-7225,24530.9
2024-07-19,2024-08-29,23500,CE,1480.0,1486.35,1248.6,1264.8,1264.8,3492,224400,11000,24530.9
2024-07-19,2024-07-25,23500,CE,1316.25,1316.25,1018.2,1045.65,1045.65,8619,1247325,-2150,24530.9
2024-07-19,2024-08-22,23500,PE,77.0,80.0,77.0,80.0,107.05,3,75,75,24530.9
2024-07-19,2024-08-29,21250,PE,6.5,14.4,6.5,12.2,12.2,28,1100,425,24530.9
2024-07-19,2024-08-01,22250,CE,0.0,0.0,0.0,1591.25,2337.25,0,0,0,24530.9
2024-07-19,2024-08-01,24550,CE,456.75,463.0,297.25,310.15,310.15,9414,56175,38700,24530.9
2024-07-19,2024-08-29,23000,CE,1931.55,1940.0,1690.1,1709.15,1709.15,1275,168700,16300,24530.9
2024-07-19,2024-08-01,24550,PE,185.0,296.65,177.65,284.25,284.25,15552,52050,21125,24530.9
2024-07-19,2029-06-28,23000,PE,0.0,0.0,0.0,543.65,459.45,0,0,0,24530.9
2024-07-19,2025-12-24,23000,CE,3900.0,3900.0,3900.0,3900.0,3900.0,1,5625,-25,24530.9
2024-07-19,2024-08-08,23000,PE,22.6,29.9,20.6,28.7,28.7,2885,34550,9350,24530.9
2024-07-19,2027-12-30,23000,CE,0.0,0.0,0.0,4125.7,7171.2,0,0,0,24530.9
2024-07-19,2024-08-01,23000,PE,14.95,17.45,12.45,16.55,16.55,24778,346800,47125,24530.9
2024-07-19,2026-06-25,23000,CE,0.0,0.0,0.0,2645.65,5090.5,0,0,0,24530.9
2024-07-19,2024-09-26,24550,CE,843.2,843.2,715.0,725.35,725.35,31,1250,250,24530.9
2024-07-19,2024-08-22,25550,CE,0.0,0.0,0.0,281.25,194.25,0,0,0,24530.9
2024-07-19,2024-08-01,25550,PE,0.0,0.0,0.0,1845.15,998.1,0,0,0,24530.9
2024-07-19,2024-08-22,25550,PE,0.0,0.0,0.0,852.4,1040.2,0,0,0,24530.9
2024-07-19,2024-08-14,25550,PE,0.0,0.0,0.0,1206.2,1024.65,0,0,0,24530.9
2024-07-19,2024-08-29,25550,PE,0.0,0.0,0.0,807.1,1053.75,0,450,0,24530.9
2024-07-19,2024-08-22,25100,PE,0.0,0.0,0.0,577.4,727.85,0,0,0,24530.9
2024-07-19,2024-07-25,25100,PE,399.25,648.7,396.45,622.5,622.5,20142,85025,45350,24530.9
2024-07-19,2024-08-08,25100,CE,222.7,224.0,144.6,150.75,150.75,744,10250,3350,24530.9
2024-07-19,2024-07-25,21900,PE,2.95,3.8,1.55,2.9,2.9,22306,138375,52675,24530.9
2024-07-19,2024-09-26,23450,PE,0.0,0.0,0.0,145.0,204.95,0,50,0,24530.9
2024-07-19,2024-07-25,23450,CE,1265.75,1271.3,1111.5,1112.45,1112.45,19,17200,-175,24530.9
2024-07-19,2024-08-08,23450,PE,0.0,0.0,0.0,148.4,47.5,0,0,0,24530.9
2024-07-19,2024-09-26,25750,CE,0.0,0.0,0.0,233.35,371.6,0,350,0,24530.9
2024-07-19,2024-08-29,25750,CE,0.0,0.0,0.0,218.1,194.15,0,25,0,24530.9
2024-07-19,2024-07-25,25750,CE,7.1,8.35,5.55,6.65,6.65,175026,452000,74800,24530.9
2024-07-19,2024-08-29,22500,CE,2400.0,2400.5,2150.0,2169.05,2169.05,312,87900,2375,24530.9
2024-07-19,2024-07-25,20600,PE,1.75,5.0,1.1,3.25,3.25,16231,126875,111700,24530.9
2024-07-19,2024-07-25,20600,CE,4199.05,4199.05,3950.35,3950.35,3954.95,4,8550,-25,24530.9
2024-07-19,2024-08-01,23500,PE,28.0,40.0,23.8,36.7,36.7,24896,285175,48525,24530.9
2024-07-19,2024-08-14,23500,PE,59.0,87.1,55.0,79.65,79.65,199,3150,800,24530.9
2024-07-19,2024-08-08,23500,PE,47.1,61.0,37.35,58.8,58.8,763,14525,1500,24530.9
2024-07-19,2024-09-26,22500,CE,2468.45,2468.45,2328.45,2328.45,2328.45,3,1700,0,24530.9
2024-07-19,2027-12-30,29000,CE,0.0,0.0,0.0,1932.55,4003.2,0,0,0,24530.9
2024-07-19,2026-12-31,29000,PE,0.0,0.0,0.0,5042.25,2400.7,0,0,0,24530.9
2024-07-19,2025-06-26,29000,CE,0.0,0.0,0.0,324.45,690.6,0,0,0,24530.9
2024-07-19,2026-06-25,29000,PE,0.0,0.0,0.0,5546.1,2640.25,0,0,0,24530.9
2024-07-19,2024-09-26,29000,CE,10.7,10.75,9.3,10.4,10.4,2374,335900,13100,24530.9
2024-07-19,2024-09-26,29000,PE,3880.0,4150.95,3880.0,4133.6,4133.6,138,7375,2625,24530.9
2024-07-19,2024-09-26,23800,CE,0.0,0.0,0.0,1400.05,1348.45,0,275,0,24530.9
2024-07-19,2024-08-22,23800,CE,0.0,0.0,0.0,1285.55,1060.45,0,0,0,24530.9
2024-07-19,2025-12-24,17000,PE,0.0,0.0,0.0,83.05,12.1,0,2675,0,24530.9
2024-07-19,2024-07-25,23800,CE,1006.0,1006.0,741.0,765.45,765.45,5338,502975,-38875,24530.9
2024-07-19,2025-12-24,17000,CE,0.0,0.0,0.0,5080.0,9231.35,0,650,0,24530.9
2024-07-19,2026-12-31,21000,PE,0.0,0.0,0.0,333.65,259.0,0,700,0,24530.9
2024-07-19,2025-12-24,21000,CE,0.0,0.0,0.0,5750.0,5813.25,0,325,0,24530.9
2024-07-19,2024-07-25,21000,CE,3766.35,3780.0,3514.4,3533.2,3533.2,3987,494725,-69250,24530.9
2024-07-19,2028-06-29,21000,CE,0.0,0.0,0.0,5226.55,9063.1,0,0,0,24530.9
2024-07-19,2024-08-01,25050,CE,195.0,195.0,111.65,117.9,117.9,3892,22700,14925,24530.9
2024-07-19,2024-08-29,25000,CE,410.0,410.05,285.25,293.0,293.0,46035,1248650,156200,24530.9
2024-07-19,2024-09-26,25800,PE,0.0,0.0,0.0,1240.5,1272.35,0,100,0,24530.9
2024-07-19,2024-09-26,25800,CE,0.0,0.0,0.0,350.9,356.85,0,0,0,24530.9
2024-07-19,2024-08-29,25800,PE,1002.45,1161.0,1002.15,1161.0,1241.55,86,2425,-275,24530.9
2024-07-19,2026-12-31,25000,PE,0.0,0.0,0.0,5825.75,978.5,0,0,0,24530.9
2024-07-19,2025-06-26,25000,PE,0.0,0.0,0.0,6576.35,1023.55,0,0,0,24530.9
2024-07-19,2024-08-22,25000,CE,499.45,499.45,266.0,266.95,266.95,49,950,950,24530.9
2024-07-19,2024-08-01,25000,PE,369.55,572.65,366.35,557.3,557.3,13540,75475,-7725,24530.9
2024-07-19,2024-12-26,25000,PE,651.45,793.35,651.45,778.6,778.6,9732,760275,14750,24530.9
2024-07-19,2024-07-25,23700,CE,1122.95,1122.95,832.0,857.15,857.15,2585,386725,-7100,24530.9
2024-07-19,2024-08-14,23700,CE,0.0,0.0,0.0,973.35,1061.4,0,0,0,24530.9
2024-07-19,2024-09-26,23700,PE,182.9,227.25,182.9,225.4,225.4,375,29675,6150,24530.9
2024-07-19,2024-08-01,23700,PE,47.6,59.15,34.25,55.4,55.4,11380,80925,13600,24530.9
2024-07-19,2024-08-22,25350,PE,0.0,0.0,0.0,723.0,894.1,0,0,0,24530.9
2024-07-19,2024-08-08,25350,CE,0.0,0.0,0.0,197.55,130.15,0,0,0,24530.9
2024-07-19,2024-08-08,25350,PE,0.0,0.0,0.0,1068.8,850.85,0,0,0,24530.9
2024-07-19,2024-09-26,25350,PE,0.0,0.0,0.0,1327.35,978.4,0,0,0,24530.9
2024-07-19,2024-07-25,24750,CE,265.05,266.4,131.05,139.45,139.45,907068,1313300,923800,24530.9
2024-07-19,2024-09-26,24750,CE,729.05,729.05,560.3,629.5,771.25,9,250,25,24530.9
2024-07-19,2024-08-14,24750,CE,482.7,482.7,333.95,333.95,333.95,71,1250,1225,24530.9
2024-07-19,2027-12-30,24000,CE,0.0,0.0,0.0,3778.95,6560.0,0,0,0,24530.9
2024-07-19,2024-08-01,22000,PE,6.95,7.2,5.0,6.0,6.0,3502,66150,18600,24530.9
2024-07-19,2024-08-22,24000,CE,0.0,0.0,0.0,1127.65,914.9,0,0,0,24530.9
2024-07-19,2025-12-24,22000,PE,364.05,431.0,361.05,395.65,395.65,226,37275,0,24530.9
2024-07-19,2024-07-25,26550,PE,0.0,0.0,0.0,3740.65,1988.15,0,0,0,24530.9
2024-07-19,2025-06-26,18000,PE,0.0,0.0,0.0,110.05,10.9,0,300,0,24530.9
2024-07-19,2024-08-22,26550,CE,49.95,77.1,25.0,32.55,32.55,10,225,225,24530.9
2024-07-19,2026-12-31,18000,PE,0.0,0.0,0.0,195.45,60.6,0,5850,0,24530.9
2024-07-19,2024-12-26,18000,CE,7166.2,7166.2,6875.05,6915.1,6915.1,69,62100,-125,24530.9
2024-07-19,2024-07-25,26550,CE,2.65,2.65,1.3,2.05,2.05,481388,1917650,1917650,24530.9
2024-07-19,2024-08-29,25300,CE,275.0,275.0,183.8,190.55,190.55,7234,168200,31875,24530.9
2024-07-19,2024-08-01,25300,PE,570.0,792.15,570.0,784.65,784.65,370,6300,1100,24530.9
2024-07-19,2024-09-26,25300,PE,0.0,0.0,0.0,1294.55,948.2,0,0,0,24530.9
2024-07-19,2024-08-08,25300,PE,0.0,0.0,0.0,788.1,812.55,0,150,0,24530.9
2024-07-19,2026-06-25,28000,CE,0.0,0.0,0.0,1533.95,2371.15,0,0,0,24530.9
2024-07-19,2026-12-31,28000,PE,0.0,0.0,0.0,6224.8,1976.15,0,0,0,24530.9
2024-07-19,2028-06-29,28000,PE,0.0,0.0,0.0,3161.35,1552.85,0,0,0,24530.9
2024-07-19,2029-06-28,28000,CE,0.0,0.0,0.0,6112.6,6343.25,0,0,0,24530.9
2024-07-19,2028-12-28,28000,PE,0.0,0.0,0.0,1697.6,1436.05,0,0,0,24530.9
2024-07-19,2027-12-30,28000,CE,0.0,0.0,0.0,2639.2,4445.2,0,0,0,24530.9
2024-07-19,2025-03-27,28000,PE,0.0,0.0,0.0,3940.45,2703.05,0,0,0,24530.9
2024-07-19,2025-03-27,29000,CE,0.0,0.0,0.0,164.5,400.35,0,0,0,24530.9
2024-07-19,2027-06-24,29000,PE,0.0,0.0,0.0,4627.1,2205.5,0,0,0,24530.9
2024-07-19,2025-06-26,29000,PE,0.0,0.0,0.0,6724.5,3242.4,0,0,0,24530.9
2024-07-19,2024-07-25,23800,PE,22.95,41.25,20.25,37.0,37.0,397200,3405375,417625,24530.9
2024-07-19,2024-08-01,23800,CE,1050.05,1050.05,821.7,831.1,831.1,288,2825,775,24530.9
2024-07-19,2024-08-14,23800,CE,0.0,0.0,0.0,902.4,982.55,0,0,0,24530.9
2024-07-19,2024-12-26,17000,CE,0.0,0.0,0.0,7950.0,8066.4,0,21925,0,24530.9
2024-07-19,2024-08-14,23350,PE,0.0,0.0,0.0,61.4,57.7,0,25,0,24530.9
2024-07-19,2024-09-26,23350,CE,0.0,0.0,0.0,1481.1,1685.05,0,0,0,24530.9
2024-07-19,2024-08-22,23350,CE,0.0,0.0,0.0,1670.1,1422.95,0,0,0,24530.9
2024-07-19,2024-08-01,23350,PE,21.5,35.1,18.6,29.85,29.85,1006,4425,1425,24530.9
2024-07-19,2024-08-22,24200,CE,979.15,979.15,979.15,979.15,979.15,1,25,25,24530.9
2024-07-19,2024-08-08,24200,PE,122.55,193.0,120.3,184.0,184.0,1726,63950,850,24530.9
2024-07-19,2024-09-26,22850,CE,0.0,0.0,0.0,1843.65,2097.1,0,0,0,24530.9
2024-07-19,2024-08-14,25100,CE,272.85,272.85,196.4,196.4,196.4,9,150,125,24530.9
2024-07-19,2024-08-22,26100,PE,0.0,0.0,0.0,1261.2,1484.0,0,0,0,24530.9
2024-07-19,2024-08-22,25400,PE,0.0,0.0,0.0,754.3,929.4,0,0,0,24530.9
2024-07-19,2024-07-25,25400,PE,631.1,910.65,628.6,888.35,888.35,3773,26850,4425,24530.9
2024-07-19,2024-07-25,25400,CE,25.0,33.15,17.0,19.05,19.05,399656,2259750,531900,24530.9
2024-07-19,2024-08-29,24300,PE,225.15,314.5,223.0,304.25,304.25,6046,167300,3450,24530.9
2024-07-19,2024-08-01,24300,CE,629.75,633.25,442.0,454.0,454.0,2011,30075,15150,24530.9
2024-07-19,2024-08-22,24300,PE,0.0,0.0,0.0,238.85,322.55,0,0,0,24530.9
2024-07-19,2024-08-29,24300,CE,791.95,829.0,650.0,661.7,661.7,2258,99625,15850,24530.9
2024-07-19,2024-08-29,25400,PE,712.0,903.65,711.95,888.05,888.05,591,3650,-1175,24530.9
2024-07-19,2024-08-08,24300,CE,671.0,671.0,515.0,524.85,524.85,106,2225,575,24530.9
2024-07-19,2024-08-22,25400,CE,0.0,0.0,0.0,332.1,232.4,0,0,0,24530.9
2024-07-19,2024-08-08,25400,PE,0.0,0.0,0.0,1105.75,889.9,0,0,0,24530.9
2024-07-19,2024-08-29,24900,CE,457.45,457.45,324.65,333.9,333.9,5637,73975,22225,24530.9
2024-07-19,2024-08-14,24900,PE,0.0,0.0,0.0,737.15,571.25,0,0,0,24530.9
2024-07-19,2024-08-29,24900,PE,441.0,585.0,432.0,569.5,569.5,2955,23875,-3075,24530.9
2024-07-19,2024-08-29,20850,CE,0.0,0.0,0.0,2909.4,3851.6,0,25,0,24530.9
2024-07-19,2024-08-29,20850,PE,0.0,0.0,0.0,15.65,0.45,0,1550,0,24530.9
2024-07-19,2024-07-25,20850,PE,1.95,4.1,1.1,2.35,2.35,14135,164800,159100,24530.9
2024-07-19,2024-08-01,24350,PE,125.85,209.25,121.35,199.8,199.8,5098,25475,6300,24530.9
2024-07-19,2024-08-01,24350,CE,550.0,557.5,409.8,426.4,426.4,268,6875,1625,24530.9
2024-07-19,2024-08-22,24350,PE,0.0,0.0,0.0,254.5,342.05,0,0,0,24530.9
2024-07-19,2024-09-26,24350,CE,946.55,946.55,946.55,946.55,990.9,3,1475,0,24530.9
2024-07-19,2024-08-14,24400,CE,667.25,667.25,597.0,597.0,573.25,13,300,225,24530.9
2024-07-19,2024-08-14,24600,PE,269.1,381.45,265.0,378.6,378.6,149,2400,-325,24530.9
2024-07-19,2024-09-26,24600,CE,816.05,832.6,678.55,687.0,687.0,263,6100,2100,24530.9
2024-07-19,2027-06-24,24000,CE,0.0,0.0,0.0,2299.55,5870.55,0,0,0,24530.9
2024-07-19,2024-12-26,24000,CE,1759.95,1770.0,1576.0,1582.1,1582.1,2628,697325,-4450,24530.9
2024-07-19,2024-12-26,22000,CE,3434.35,3438.15,3162.5,3186.0,3186.0,1499,439275,6650,24530.9
2024-07-19,2024-07-25,23950,PE,33.45,61.35,29.0,55.5,55.5,199697,391450,91750,24530.9
2024-07-19,2024-07-25,25200,PE,468.7,734.35,467.3,706.2,706.2,19037,102175,31825,24530.9
2024-07-19,2024-08-14,25200,CE,0.0,0.0,0.0,226.9,222.4,0,0,0,24530.9
2024-07-19,2024-08-29,25200,CE,307.75,307.8,214.0,219.75,219.75,13478,226900,55975,24530.9
2024-07-19,2024-08-08,25200,CE,192.45,195.2,121.0,124.05,124.05,788,14250,3450,24530.9
2024-07-19,2024-08-01,25200,PE,522.0,725.3,507.0,709.4,709.4,310,3900,0,24530.9
2024-07-19,2024-08-29,25200,PE,591.0,772.35,587.85,752.35,752.35,1538,13150,-3375,24530.9
2024-07-19,2024-08-08,25200,PE,0.0,0.0,0.0,957.7,738.2,0,0,0,24530.9
2024-07-19,2024-08-22,25200,PE,0.0,0.0,0.0,633.4,792.25,0,0,0,24530.9
2024-07-19,2024-08-01,25200,CE,146.0,146.0,80.0,84.3,84.3,21309,179875,78575,24530.9
2024-07-19,2024-08-22,25200,CE,0.0,0.0,0.0,409.8,293.95,0,0,0,24530.9
2024-07-19,2024-07-25,25200,CE,72.25,72.25,35.1,36.85,36.85,599687,2633775,467700,24530.9
2024-07-19,2024-08-14,25200,PE,0.0,0.0,0.0,940.15,764.35,0,0,0,24530.9
2024-07-19,2024-09-26,25200,PE,645.0,820.95,645.0,820.95,820.95,140,7500,2475,24530.9
2024-07-19,2024-09-26,25200,CE,503.0,503.0,389.0,391.5,391.5,295,10375,2750,24530.9
2024-07-19,2024-09-26,24300,CE,1062.25,1062.3,866.1,874.15,874.15,39,3025,-175,24530.9
2024-07-19,2024-08-14,25400,PE,0.0,0.0,0.0,1088.75,909.9,0,0,0,24530.9
2024-07-19,2024-08-01,25400,PE,683.0,891.05,683.0,884.9,884.9,605,3450,3450,24530.9
2024-07-19,2024-08-22,24300,CE,0.0,0.0,0.0,909.0,718.15,0,0,0,24530.9
2024-07-19,2024-07-25,24900,PE,273.6,488.0,255.7,465.45,465.45,264961,610900,15500,24530.9
2024-07-19,2024-08-01,24900,CE,262.05,275.5,153.5,160.1,160.1,21901,99075,34125,24530.9
2024-07-19,2024-08-29,23100,CE,1715.0,1715.0,1587.4,1600.0,1600.0,6,1500,25,24530.9
2024-07-19,2024-07-25,23100,PE,6.8,7.9,4.55,6.9,6.9,179811,815275,223975,24530.9
2024-07-19,2024-08-14,23100,CE,0.0,0.0,0.0,1451.0,1581.6,0,0,0,24530.9
2024-07-19,2024-08-14,25700,PE,0.0,0.0,0.0,1328.3,1145.85,0,0,0,24530.9
2024-07-19,2024-08-29,25700,PE,907.65,1132.1,907.65,1125.4,1125.4,11,400,25,24530.9
2024-07-19,2024-08-29,25700,CE,147.45,148.95,95.55,98.25,98.25,6812,99950,25525,24530.9
2024-07-19,2024-07-25,25700,CE,20.0,20.0,5.35,7.35,7.35,467749,2198100,868650,24530.9
2024-07-19,2024-08-01,25700,CE,35.05,35.05,23.85,25.2,25.2,15774,148350,92175,24530.9
2024-07-19,2024-08-29,21800,PE,19.2,20.65,16.4,18.1,18.1,1433,43500,300,24530.9
2024-07-19,2026-06-25,28000,PE,0.0,0.0,0.0,6532.55,2153.05,0,0,0,24530.9
2024-07-19,2025-12-24,28000,PE,0.0,0.0,0.0,6856.45,2345.85,0,0,0,24530.9
2024-07-19,2024-12-26,28000,CE,98.0,100.0,81.45,83.15,83.15,2999,260850,16500,24530.9
2024-07-19,2026-12-31,28000,CE,0.0,0.0,0.0,1871.1,3096.05,0,0,0,24530.9
2024-07-19,2024-09-26,28000,CE,17.05,17.85,15.65,15.95,15.95,2783,224950,12350,24530.9
2024-07-19,2027-06-24,28000,PE,0.0,0.0,0.0,5959.35,1827.75,0,0,0,24530.9
2024-07-19,2025-06-26,28000,CE,0.0,0.0,0.0,912.95,950.65,0,0,0,24530.9
2024-07-19,2025-12-24,30000,PE,0.0,0.0,0.0,6135.1,3533.55,0,0,0,24530.9
2024-07-19,2026-06-25,30000,PE,0.0,0.0,0.0,5541.2,3177.4,0,0,0,24530.9
2024-07-19,2024-12-26,30000,CE,0.0,0.0,0.0,42.5,81.3,0,50,0,24530.9
2024-07-19,2028-06-29,30000,CE,0.0,0.0,0.0,2278.45,4227.45,0,0,0,24530.9
2024-07-19,2024-08-22,23300,CE,0.0,0.0,0.0,1714.9,1465.8,0,0,0,24530.9
2024-07-19,2025-06-26,30000,PE,0.0,0.0,0.0,6809.4,3977.1,0,0,0,24530.9
2024-07-19,2025-06-26,30000,CE,0.0,0.0,0.0,264.15,491.4,0,0,0,24530.9
2024-07-19,2024-08-29,23300,CE,1610.0,1610.0,1428.0,1434.2,1434.2,88,19875,-625,24530.9
2024-07-19,2024-08-22,23300,PE,0.0,0.0,0.0,51.75,77.0,0,0,0,24530.9
2024-07-19,2024-08-29,25100,CE,354.95,357.95,247.35,252.1,252.1,3450,46700,6100,24530.9
2024-07-19,2024-09-26,25100,CE,555.0,555.0,428.05,431.3,431.3,13,2600,225,24530.9
2024-07-19,2024-08-14,25100,PE,0.0,0.0,0.0,869.75,696.7,0,0,0,24530.9
2024-07-19,2024-08-01,25100,PE,446.75,647.5,431.65,638.5,638.5,536,6900,-100,24530.9
2024-07-19,2024-08-22,25100,CE,0.0,0.0,0.0,453.1,328.9,0,0,0,24530.9
2024-07-19,2024-09-26,23600,PE,148.2,211.45,148.2,204.25,204.25,473,19050,5875,24530.9
2024-07-19,2024-09-26,23600,CE,1450.0,1450.0,1450.0,1450.0,1493.7,1,125,25,24530.9
2024-07-19,2024-08-22,23600,PE,0.0,0.0,0.0,86.7,125.15,0,0,0,24530.9
2024-07-19,2024-08-01,23600,CE,1220.0,1220.0,1000.0,1023.0,1023.0,672,15475,15275,24530.9
2024-07-19,2024-08-14,22800,CE,0.0,0.0,0.0,1716.3,1862.95,0,0,0,24530.9
2024-07-19,2024-08-08,22550,CE,0.0,0.0,0.0,1941.35,2072.4,0,0,0,24530.9
2024-07-19,2024-08-08,22800,PE,16.5,17.75,16.5,17.75,8.6,8,1725,175,24530.9
2024-07-19,2024-08-08,22800,CE,0.0,0.0,0.0,1712.5,1828.0,0,0,0,24530.9
2024-07-19,2024-09-26,22550,CE,0.0,0.0,0.0,2079.25,2359.95,0,0,0,24530.9
2024-07-19,2024-08-14,22550,CE,0.0,0.0,0.0,1946.75,2103.6,0,0,0,24530.9
2024-07-19,2024-08-14,22550,PE,0.0,0.0,0.0,28.0,8.95,0,0,0,24530.9
2024-07-19,2024-08-29,22800,PE,42.0,52.25,39.85,50.05,50.05,9766,286175,27950,24530.9
2024-07-19,2024-08-01,21900,PE,7.2,7.2,7.2,7.2,0.05,1,75,25,24530.9
2024-07-19,2024-07-25,21900,CE,2850.0,2850.0,2630.0,2630.0,2630.0,5,5800,-100,24530.9
2024-07-19,2024-08-01,21900,CE,0.0,0.0,0.0,1899.85,2686.25,0,0,0,24530.9
2024-07-19,2026-12-31,14000,PE,0.0,0.0,0.0,24.2,3.1,0,1000,0,24530.9
2024-07-19,2024-07-25,23950,CE,842.05,867.4,612.0,633.65,633.65,1190,25600,-5700,24530.9
2024-07-19,2024-09-26,23950,PE,240.75,279.65,240.75,279.65,335.65,21,1250,500,24530.9
2024-07-19,2024-08-01,23450,PE,24.5,34.3,22.2,32.8,32.8,549,5925,4375,24530.9
2024-07-19,2024-09-26,23450,CE,0.0,0.0,0.0,1413.65,1607.2,0,0,0,24530.9
2024-07-19,2024-08-14,23450,PE,0.0,0.0,0.0,137.55,70.2,0,0,0,24530.9
2024-07-19,2024-08-29,23450,CE,1428.65,1428.65,1428.65,1428.65,1395.15,1,1050,0,24530.9
2024-07-19,2024-08-29,23450,PE,91.25,117.9,85.9,115.6,115.6,245,6600,1250,24530.9
2024-07-19,2024-08-22,25750,CE,0.0,0.0,0.0,222.8,149.3,0,0,0,24530.9
2024-07-19,2024-08-14,24300,PE,176.6,260.0,176.6,252.55,252.55,180,3225,775,24530.9
2024-07-19,2024-09-26,25400,CE,407.3,407.3,332.0,332.0,488.1,11,1525,125,24530.9
2024-07-19,2024-08-01,23100,PE,16.0,21.9,13.55,18.5,18.5,3923,20250,9025,24530.9
2024-07-19,2024-09-26,23100,CE,0.0,0.0,0.0,1970.85,1886.55,0,0,0,24530.9
2024-07-19,2024-08-29,23100,PE,63.45,76.45,56.3,73.45,73.45,3278,112425,12775,24530.9
2024-07-19,2024-09-26,26550,CE,142.15,142.15,88.4,88.4,88.4,5,100,100,24530.9
2024-07-19,2027-12-30,18000,PE,0.0,0.0,0.0,150.05,80.2,0,10100,0,24530.9
2024-07-19,2026-06-25,18000,CE,0.0,0.0,0.0,4150.0,8946.75,0,200,0,24530.9
2024-07-19,2024-08-08,26550,PE,0.0,0.0,0.0,2098.25,1926.5,0,0,0,24530.9
2024-07-19,2024-08-01,26550,CE,17.0,17.0,4.8,6.05,6.05,1222,15350,15350,24530.9
2024-07-19,2024-08-14,26150,CE,0.0,0.0,0.0,50.1,49.45,0,25,0,24530.9
2024-07-19,2024-07-25,25150,PE,433.55,689.8,429.4,661.65,661.65,8141,33100,23700,24530.9
2024-07-19,2024-08-29,22500,PE,32.75,38.25,30.5,37.05,37.05,15444,768650,21675,24530.9
2024-07-19,2024-08-29,20600,CE,0.0,0.0,0.0,2304.45,4099.35,0,0,0,24530.9
2024-07-19,2024-08-29,23500,PE,92.0,129.95,89.25,120.7,120.7,49188,1242750,82700,24530.9
2024-07-19,2024-08-14,23500,CE,0.0,0.0,0.0,1123.4,1226.7,0,0,0,24530.9
2024-07-19,2024-07-25,23500,PE,11.9,18.5,9.9,16.6,16.6,644463,6178175,-95825,24530.9
2024-07-19,2024-09-26,22500,PE,72.95,77.5,63.55,73.5,73.5,3329,367275,33750,24530.9
2024-07-19,2024-08-01,22500,PE,9.25,9.55,7.4,8.75,8.75,4284,77475,4750,24530.9
2024-07-19,2024-09-26,23500,PE,147.05,191.9,147.05,186.95,186.95,5546,228375,36225,24530.9
2024-07-19,2027-06-24,29000,CE,0.0,0.0,0.0,1545.2,3323.3,0,0,0,24530.9
2024-07-19,2029-06-28,29000,PE,0.0,0.0,0.0,1746.95,1572.3,0,0,0,24530.9
2024-07-19,2026-12-31,29000,CE,0.0,0.0,0.0,1205.35,2684.55,0,0,0,24530.9
2024-07-19,2025-12-24,29000,PE,0.0,0.0,0.0,6099.3,2911.3,0,0,0,24530.9
2024-07-19,2028-12-28,29000,CE,0.0,0.0,0.0,3645.75,5275.0,0,0,0,24530.9
2024-07-19,2028-06-29,29000,CE,0.0,0.0,0.0,2333.25,4645.85,0,0,0,24530.9
2024-07-19,2024-12-26,29000,CE,0.0,0.0,0.0,140.7,155.95,0,0,0,24530.9
2024-07-19,2024-12-26,29000,PE,0.0,0.0,0.0,7446.8,3711.75,0,0,0,24530.9
2024-07-19,2028-06-29,29000,PE,0.0,0.0,0.0,3595.9,1853.7,0,0,0,24530.9
2024-07-19,2026-06-25,29000,CE,0.0,0.0,0.0,864.2,1990.0,0,0,0,24530.9
2024-07-19,2024-08-29,23800,PE,129.8,178.0,125.5,170.2,170.2,7451,153575,23125,24530.9
2024-07-19,2024-08-22,23800,PE,0.0,0.0,0.0,118.9,168.25,0,0,0,24530.9
2024-07-19,2024-12-26,17000,PE,19.0,19.95,19.0,19.4,19.4,46,87950,-875,24530.9
2024-07-19,2027-12-30,17000,PE,0.0,0.0,0.0,90.0,48.3,0,14200,0,24530.9
2024-07-19,2026-12-31,17000,PE,0.0,0.0,0.0,66.45,32.95,0,3000,0,24530.9
2024-07-19,2024-08-08,23350,CE,0.0,0.0,0.0,1242.85,1309.15,0,0,0,24530.9
2024-07-19,2024-08-22,23350,PE,0.0,0.0,0.0,56.6,83.8,0,0,0,24530.9
2024-07-19,2024-08-14,23350,CE,0.0,0.0,0.0,1242.2,1356.4,0,0,0,24530.9
2024-07-19,2024-07-25,23350,CE,1347.4,1347.4,1208.55,1208.55,1208.55,18,10450,-275,24530.9
2024-07-19,2024-08-29,23050,PE,57.1,69.95,54.5,69.05,69.05,369,7275,3675,24530.9
2024-07-19,2024-08-22,23050,CE,0.0,0.0,0.0,1943.7,1686.45,0,0,0,24530.9
2024-07-19,2024-08-14,26350,PE,0.0,0.0,0.0,1899.95,1720.25,0,0,0,24530.9
2024-07-19,2024-09-26,26350,CE,0.0,0.0,0.0,232.85,223.15,0,0,0,24530.9
2024-07-19,2024-08-14,26350,CE,41.45,41.45,16.45,16.5,16.5,115,3675,1550,24530.9
2024-07-19,2024-08-08,26350,CE,15.9,17.95,10.3,11.3,11.3,423,9000,5450,24530.9
2024-07-19,2024-08-22,26350,CE,0.0,0.0,0.0,102.6,63.15,0,0,0,24530.9
2024-07-19,2024-08-08,26350,PE,0.0,0.0,0.0,1912.95,1733.8,0,0,0,24530.9
2024-07-19,2024-08-01,26350,CE,7.6,8.75,7.25,7.65,7.65,3090,28275,14200,24530.9
2024-07-19,2024-07-25,21000,PE,2.15,3.05,1.35,2.3,2.3,124040,2840925,340125,24530.9
2024-07-19,2024-12-26,21000,PE,76.05,88.0,76.05,84.4,84.4,2693,1754625,12650,24530.9
2024-07-19,2024-12-26,21000,CE,4297.05,4331.65,4066.0,4087.75,4087.75,485,477100,-700,24530.9
2024-07-19,2027-12-30,21000,CE,0.0,0.0,0.0,4902.4,8480.4,0,0,0,24530.9
2024-07-19,2027-06-24,21000,CE,0.0,0.0,0.0,3061.8,7846.95,0,0,0,24530.9
2024-07-19,2024-09-26,26500,CE,140.65,140.65,75.55,83.5,83.5,126,2425,2425,24530.9
2024-07-19,2024-07-25,26500,CE,1.95,2.75,1.3,2.3,2.3,711085,2477225,2477225,24530.9
2024-07-19,2024-08-22,26500,PE,0.0,0.0,0.0,1597.45,1839.4,0,0,0,24530.9
2024-07-19,2024-09-26,25100,PE,0.0,0.0,0.0,1167.45,832.7,0,0,0,24530.9
2024-07-19,2024-08-29,23600,CE,1350.0,1360.0,1175.05,1188.0,1188.0,158,23900,-2025,24530.9
2024-07-19,2024-07-25,23600,PE,6.0,23.45,6.0,21.0,21.0,377269,3770000,-38825,24530.9
2024-07-19,2024-08-29,21900,CE,0.0,0.0,0.0,2430.25,2816.65,0,125,0,24530.9
2024-07-19,2024-07-25,20700,CE,4074.65,4074.65,3873.45,3873.45,3855.05,15,9725,-75,24530.9
2024-07-19,2024-08-29,20700,PE,0.0,0.0,0.0,11.4,0.25,0,50,0,24530.9
2024-07-19,2024-07-25,20700,PE,1.65,4.9,1.0,2.9,2.9,12109,62575,45150,24530.9
2024-07-19,2024-08-29,20700,CE,0.0,0.0,0.0,4040.0,4000.2,0,100,0,24530.9
2024-07-19,2024-07-25,21500,CE,3251.0,3279.0,3000.0,3024.15,3024.15,220,70700,-2750,24530.9
2024-07-19,2024-08-14,23750,CE,0.0,0.0,0.0,937.5,1021.65,0,0,0,24530.9
2024-07-19,2024-07-25,21500,PE,2.1,3.7,1.5,2.55,2.55,181945,2352450,184150,24530.9
2024-07-19,2029-06-28,20000,PE,0.0,0.0,0.0,236.95,190.9,0,0,0,24530.9
2024-07-19,2024-07-25,24950,PE,289.25,526.7,284.75,505.3,505.3,52854,99600,53925,24530.9
2024-07-19,2024-09-26,25650,CE,0.0,0.0,0.0,265.95,402.5,0,1575,0,24530.9
2024-07-19,2024-08-22,25250,CE,238.25,238.25,171.9,171.9,171.9,18,425,425,24530.9
2024-07-19,2024-07-25,25250,PE,487.8,775.15,487.8,747.9,747.9,3122,16150,10800,24530.9
2024-07-19,2024-07-25,24850,CE,199.7,210.45,100.55,106.9,106.9,549308,892075,405400,24530.9
2024-07-19,2024-08-22,24850,CE,0.0,0.0,0.0,574.8,429.15,0,0,0,24530.9
2024-07-19,2026-06-25,20000,CE,0.0,0.0,0.0,3829.5,7309.95,0,0,0,24530.9
2024-07-19,2027-06-24,20000,PE,0.0,0.0,0.0,3034.2,181.9,0,0,0,24530.9
2024-07-19,2024-09-26,20000,PE,18.6,21.85,17.75,19.45,19.45,2686,447450,775,24530.9
2024-07-19,2024-08-08,24950,CE,289.6,289.6,193.65,196.2,196.2,160,2225,2225,24530.9
2024-07-19,2028-12-28,20000,PE,0.0,0.0,0.0,405.0,193.35,0,1550,0,24530.9
2024-07-19,2025-06-26,20000,PE,0.0,0.0,0.0,155.0,66.0,0,458725,0,24530.9
2024-07-19,2024-08-14,24450,PE,305.0,326.0,305.0,316.15,316.15,3,550,0,24530.9
2024-07-19,2024-08-22,24450,PE,0.0,0.0,0.0,287.8,383.35,0,0,0,24530.9
2024-07-19,2024-08-01,24450,CE,512.95,522.0,351.25,363.35,363.35,1595,15675,7100,24530.9
2024-07-19,2024-09-26,22850,PE,0.0,0.0,0.0,236.5,103.05,0,0,0,24530.9
2024-07-19,2028-06-29,20000,PE,0.0,0.0,0.0,400.0,193.35,0,0,0,24530.9
2024-07-19,2027-12-30,20000,PE,0.0,0.0,0.0,300.1,190.05,0,2600,0,24530.9
2024-07-19,2025-03-27,20000,CE,0.0,0.0,0.0,3896.85,5549.4,0,0,0,24530.9
2024-07-19,2028-12-28,20000,CE,0.0,0.0,0.0,8115.5,10267.9,0,0,0,24530.9
2024-07-19,2026-06-25,20000,PE,0.0,0.0,0.0,3159.75,145.35,0,0,0,24530.9
2024-07-19,2024-12-26,20000,CE,5250.0,5271.65,4974.15,4991.15,4991.15,1701,305600,-2700,24530.9
2024-07-19,2026-12-31,15000,PE,0.0,0.0,0.0,37.8,7.55,0,2150,0,24530.9
2024-07-19,2024-09-26,26100,PE,1400.0,1400.0,1400.0,1400.0,1490.2,1,25,25,24530.9
2024-07-19,2024-08-01,25400,CE,82.0,82.0,48.25,52.05,52.05,20421,196100,51125,24530.9
2024-07-19,2024-09-26,25400,PE,0.0,0.0,0.0,1360.6,1009.1,0,0,0,24530.9
2024-07-19,2024-07-25,24300,PE,70.15,149.45,57.45,139.05,139.05,920735,2725550,-253125,24530.9
2024-07-19,2024-08-14,24300,CE,720.0,720.0,719.95,719.95,633.05,18,475,450,24530.9
2024-07-19,2024-08-14,25400,CE,131.5,131.5,110.9,110.9,168.95,10,275,200,24530.9
2024-07-19,2024-08-29,25400,CE,236.95,236.95,158.7,162.35,162.35,5204,60525,23150,24530.9
2024-07-19,2024-09-26,22250,PE,0.0,0.0,0.0,78.6,46.1,0,50,0,24530.9
2024-07-19,2024-09-26,25500,CE,373.5,373.5,275.0,283.25,283.25,3787,158025,16225,24530.9
2024-07-19,2024-08-08,25500,CE,110.0,110.0,65.25,68.8,68.8,3171,27425,7250,24530.9
2024-07-19,2024-08-22,23150,CE,0.0,0.0,0.0,1851.3,1597.0,0,0,0,24530.9
2024-07-19,2024-08-01,23150,CE,1580.0,1580.0,1560.0,1560.0,1447.4,3,75,75,24530.9
2024-07-19,2024-08-14,23150,PE,0.0,0.0,0.0,63.1,38.1,0,25,0,24530.9
2024-07-19,2024-07-25,23150,PE,8.35,8.8,4.95,7.45,7.45,91263,253375,91475,24530.9
2024-07-19,2024-08-14,25950,PE,0.0,0.0,0.0,1540.9,1358.55,0,0,0,24530.9
2024-07-19,2024-09-26,25950,CE,198.85,198.85,198.85,198.85,315.3,2,475,50,24530.9
2024-07-19,2024-08-01,25950,PE,0.0,0.0,0.0,2209.15,1368.1,0,0,0,24530.9
2024-07-19,2024-08-14,25950,CE,67.0,67.0,33.3,35.2,35.2,40,750,575,24530.9
2024-07-19,2024-08-14,22700,CE,0.0,0.0,0.0,1807.6,1958.65,0,0,0,24530.9
2024-07-19,2024-08-29,22700,CE,2200.0,2201.05,2050.0,2060.0,2052.45,71,5800,900,24530.9
2024-07-19,2024-08-29,21450,CE,0.0,0.0,0.0,1572.95,3258.35,0,0,0,24530.9
2024-07-19,2024-07-25,20500,CE,4260.0,4275.0,4004.0,4032.0,4032.0,252,293975,-3550,24530.9
2024-07-19,2024-07-25,21450,CE,0.0,0.0,0.0,2230.25,3105.95,0,3675,0,24530.9
2024-07-19,2024-07-25,21450,PE,2.55,4.85,1.35,3.5,3.5,16990,179850,175500,24530.9
2024-07-19,2024-08-29,20500,PE,8.25,9.45,5.95,6.15,6.15,3604,96525,22050,24530.9
2024-07-19,2024-08-14,22900,CE,0.0,0.0,0.0,1626.3,1768.05,0,0,0,24530.9
2024-07-19,2024-08-29,22900,CE,0.0,0.0,0.0,2036.5,1869.5,0,1600,0,24530.9
2024-07-19,2024-08-14,22900,PE,0.0,0.0,0.0,55.2,21.65,0,0,0,24530.9
2024-07-19,2024-08-08,22900,PE,0.0,0.0,0.0,61.6,11.5,0,0,0,24530.9
2024-07-19,2024-07-25,22900,CE,1879.25,1888.65,1625.0,1633.6,1633.6,72,39975,100,24530.9
2024-07-19,2024-09-26,22900,PE,91.0,102.0,90.2,101.4,101.4,707,75150,10825,24530.9
2024-07-19,2024-09-26,25350,CE,369.0,369.55,331.05,331.05,331.05,153,7600,-1775,24530.9
2024-07-19,2024-08-14,25350,CE,0.0,0.0,0.0,189.45,180.35,0,0,0,24530.9
2024-07-19,2024-08-22,25350,CE,0.0,0.0,0.0,350.4,246.8,0,0,0,24530.9
2024-07-19,2024-08-29,25350,CE,250.0,250.05,163.9,173.45,173.45,503,4425,-775,24530.9
2024-07-19,2024-08-01,25350,CE,95.4,95.4,56.8,59.2,59.2,4852,35650,2625,24530.9
2024-07-19,2024-08-08,24750,CE,382.45,391.45,265.9,276.05,276.05,585,8625,7025,24530.9
2024-07-19,2024-08-29,24750,PE,378.8,501.0,369.0,494.05,494.05,1181,14300,2350,24530.9
2024-07-19,2024-08-01,24750,CE,335.0,336.25,207.35,216.1,216.1,15994,85075,70175,24530.9
2024-07-19,2024-08-22,24750,CE,0.0,0.0,0.0,628.8,474.6,0,0,0,24530.9
2024-07-19,2024-08-08,25950,CE,0.0,0.0,0.0,88.6,41.55,0,0,0,24530.9
2024-07-19,2024-07-25,25950,CE,3.7,5.3,2.7,4.45,4.45,112959,283950,114200,24530.9
2024-07-19,2024-08-29,25950,PE,0.0,0.0,0.0,1493.8,1360.25,0,200,0,24530.9
2024-07-19,2024-08-22,25950,CE,0.0,0.0,0.0,174.45,113.7,0,0,0,24530.9
2024-07-19,2024-08-14,24200,CE,0.0,0.0,0.0,647.95,696.4,0,0,0,24530.9
2024-07-19,2024-08-22,23550,PE,0.0,0.0,0.0,79.85,115.85,0,0,0,24530.9
2024-07-19,2024-08-01,23550,PE,29.4,44.2,25.55,40.95,40.95,419,5975,850,24530.9
2024-07-19,2024-08-22,23550,CE,0.0,0.0,0.0,1494.75,1256.35,0,0,0,24530.9
2024-07-19,2028-06-29,23000,CE,0.0,0.0,0.0,4323.1,7792.4,0,0,0,24530.9
2024-07-19,2024-07-25,25500,PE,763.85,1010.0,717.7,978.35,978.35,8095,218675,-23900,24530.9
2024-07-19,2024-08-22,25500,PE,0.0,0.0,0.0,819.0,1001.9,0,0,0,24530.9
2024-07-19,2024-08-29,22750,CE,0.0,0.0,0.0,1072.95,2006.3,0,450,0,24530.9
2024-07-19,2024-08-29,22750,PE,42.0,49.6,42.0,47.95,47.95,242,3975,3225,24530.9
2024-07-19,2024-08-29,22200,CE,2560.0,2560.0,2540.0,2540.0,2525.65,7,450,175,24530.9
2024-07-19,2024-08-08,23950,CE,0.0,0.0,0.0,806.85,806.7,0,0,0,24530.9
2024-07-19,2024-09-26,23950,CE,0.0,0.0,0.0,1103.25,1244.8,0,0,0,24530.9
2024-07-19,2024-08-01,23950,PE,60.05,96.8,54.7,91.7,91.7,2563,15525,3450,24530.9
2024-07-19,2024-08-29,24600,PE,321.35,433.8,313.5,421.45,421.45,16897,239125,-4000,24530.9
2024-07-19,2024-09-26,24000,PE,240.0,302.0,235.3,296.15,296.15,11801,978475,12325,24530.9
2024-07-19,2029-06-28,24000,PE,0.0,0.0,0.0,686.6,587.8,0,0,0,24530.9
2024-07-19,2026-06-25,24000,CE,0.0,0.0,0.0,1698.3,4439.65,0,0,0,24530.9
2024-07-19,2024-08-29,24150,PE,205.0,266.85,192.15,260.6,260.6,86,5325,-775,24530.9
2024-07-19,2024-09-26,24150,CE,0.0,0.0,0.0,945.0,1113.65,0,850,0,24530.9
2024-07-19,2024-08-01,25300,CE,115.1,115.1,63.3,66.5,66.5,26202,213775,121800,24530.9
2024-07-19,2024-08-14,26400,CE,26.05,26.05,17.45,18.65,30.95,32,700,700,24530.9
2024-07-19,2024-08-22,26400,PE,0.0,0.0,0.0,1510.9,1748.6,0,0,0,24530.9
2024-07-19,2024-08-29,26400,PE,0.0,0.0,0.0,3422.9,1739.45,0,0,0,24530.9
2024-07-19,2024-09-26,26400,PE,0.0,0.0,0.0,2102.65,1720.65,0,0,0,24530.9
2024-07-19,2024-08-01,26400,CE,9.35,9.35,5.7,7.0,7.0,835,5275,5275,24530.9
2024-07-19,2024-08-08,26400,CE,0.0,0.0,0.0,45.0,15.1,0,0,0,24530.9
2024-07-19,2024-08-29,21100,PE,12.5,16.6,9.5,9.5,9.5,396,7300,2750,24530.9
2024-07-19,2029-06-28,22000,PE,0.0,0.0,0.0,422.0,351.5,0,0,0,24530.9
2024-07-19,2024-08-14,24000,PE,125.75,173.75,114.4,169.5,169.5,739,7425,-1325,24530.9
2024-07-19,2024-08-01,24000,CE,898.65,914.9,657.0,675.7,675.7,3378,98225,43150,24530.9
2024-07-19,2024-09-26,26550,PE,0.0,0.0,0.0,2224.9,1841.15,0,0,0,24530.9
2024-07-19,2024-09-26,18000,CE,0.0,0.0,0.0,6680.0,6777.6,0,11550,0,24530.9
2024-07-19,2024-07-25,25300,CE,50.0,50.0,24.9,26.45,26.45,475844,2157675,148400,24530.9
2024-07-19,2024-07-25,25300,PE,544.4,822.4,544.1,798.25,798.25,5544,26375,-400,24530.9
2024-07-19,2024-08-14,25300,PE,0.0,0.0,0.0,1014.15,835.1,0,0,0,24530.9
2024-07-19,2024-09-26,26150,PE,0.0,0.0,0.0,1904.65,1527.9,0,0,0,24530.9
2024-07-19,2024-08-29,25150,PE,590.0,716.8,578.8,714.6,714.6,199,4225,-3500,24530.9
2024-07-19,2024-08-22,25150,PE,0.0,0.0,0.0,605.05,759.7,0,0,0,24530.9
2024-07-19,2024-08-29,22400,CE,2360.0,2360.0,2260.0,2260.0,2260.0,8,1100,0,24530.9
2024-07-19,2024-08-22,25150,CE,0.0,0.0,0.0,431.1,311.05,0,0,0,24530.9
2024-07-19,2024-09-26,22400,PE,57.0,65.05,56.5,62.55,62.55,379,42925,275,24530.9
2024-07-19,2024-08-01,25650,PE,0.0,0.0,0.0,1934.65,1087.95,0,0,0,24530.9
2024-07-19,2024-08-08,25650,CE,0.0,0.0,0.0,134.0,75.7,0,0,0,24530.9
2024-07-19,2024-08-14,25650,CE,0.0,0.0,0.0,126.9,115.2,0,0,0,24530.9
2024-07-19,2024-08-01,25650,CE,39.15,39.4,26.0,28.2,28.2,6105,37225,6200,24530.9
2024-07-19,2024-07-25,25650,CE,9.6,11.7,7.65,8.7,8.7,239494,630100,223500,24530.9
2024-07-19,2024-09-26,25650,PE,0.0,0.0,0.0,1532.65,1170.05,0,0,0,24530.9
2024-07-19,2024-09-26,25250,CE,0.0,0.0,0.0,632.35,545.5,0,25,0,24530.9
2024-07-19,2024-09-26,25250,PE,0.0,0.0,0.0,1262.15,918.55,0,0,0,24530.9
2024-07-19,2024-08-08,25250,PE,0.0,0.0,0.0,993.75,774.85,0,0,0,24530.9
2024-07-19,2024-08-01,25250,CE,122.0,130.8,72.0,74.7,74.7,4553,33675,16875,24530.9
2024-07-19,2024-08-22,24850,PE,0.0,0.0,0.0,450.8,579.85,0,0,0,24530.9
2024-07-19,2024-08-29,24850,CE,467.25,476.35,343.8,355.05,355.05,441,14925,3125,24530.9
2024-07-19,2024-08-22,24200,PE,0.0,0.0,0.0,209.75,285.85,0,0,0,24530.9
2024-07-19,2024-07-25,24700,CE,305.0,305.0,148.35,157.25,157.25,1808452,3463475,1487825,24530.9
2024-07-19,2024-07-25,23400,CE,1416.85,1416.85,1120.0,1139.9,1139.9,833,168025,-3100,24530.9
2024-07-19,2024-09-26,25450,PE,0.0,0.0,0.0,1394.2,1040.3,0,0,0,24530.9
2024-07-19,2024-08-29,25450,PE,851.0,924.7,851.0,923.35,923.35,24,475,200,24530.9
2024-07-19,2024-08-22,24950,PE,0.0,0.0,0.0,499.1,636.8,0,0,0,24530.9
2024-07-19,2024-08-01,23450,CE,0.0,0.0,0.0,719.3,1162.0,0,0,0,24530.9
2024-07-19,2024-08-08,23450,CE,0.0,0.0,0.0,1163.9,1219.45,0,0,0,24530.9
2024-07-19,2024-08-14,23450,CE,0.0,0.0,0.0,1162.4,1269.4,0,0,0,24530.9
2024-07-19,2024-08-29,20350,CE,0.0,0.0,0.0,2534.9,4347.2,0,0,0,24530.9
2024-07-19,2024-08-08,25750,CE,114.0,116.85,36.95,37.1,37.1,98,900,775,24530.9
2024-07-19,2024-08-08,25750,PE,0.0,0.0,0.0,1385.6,1181.5,0,0,0,24530.9
2024-07-19,2024-08-08,22650,PE,0.0,0.0,0.0,39.0,5.4,0,0,0,24530.9
2024-07-19,2024-09-26,22650,CE,0.0,0.0,0.0,1999.3,2271.25,0,0,0,24530.9
2024-07-19,2024-08-01,22650,PE,9.25,12.7,8.5,10.55,10.55,325,7400,5700,24530.9
2024-07-19,2027-12-30,27000,CE,0.0,0.0,0.0,2889.8,4921.95,0,0,0,24530.9
2024-07-19,2026-12-31,27000,CE,0.0,0.0,0.0,1651.65,3552.9,0,0,0,24530.9
2024-07-19,2027-06-24,27000,CE,0.0,0.0,0.0,1932.5,4222.25,0,0,0,24530.9
2024-07-19,2024-08-14,24100,PE,131.55,193.5,131.55,193.5,193.5,30,450,-150,24530.9
2024-07-19,2024-07-25,24100,PE,45.4,91.05,37.35,82.9,82.9,582891,1838650,391100,24530.9
2024-07-19,2024-08-01,24100,CE,803.25,803.25,581.1,590.45,590.45,507,18850,3100,24530.9
2024-07-19,2024-08-08,25050,PE,0.0,0.0,0.0,853.35,633.25,0,0,0,24530.9
2024-07-19,2024-08-01,25050,PE,425.5,607.7,423.85,606.2,606.2,183,2050,0,24530.9
2024-07-19,2024-08-08,24100,PE,109.95,163.95,103.9,159.15,159.15,289,3425,350,24530.9
2024-07-19,2024-08-22,24100,CE,0.0,0.0,0.0,1052.25,846.4,0,0,0,24530.9
2024-07-19,2024-08-08,22750,CE,0.0,0.0,0.0,1757.65,1876.6,0,0,0,24530.9
2024-07-19,2024-08-08,22750,PE,0.0,0.0,0.0,47.05,7.4,0,0,0,24530.9
2024-07-19,2024-08-01,22750,PE,0.0,0.0,0.0,16.85,1.65,0,75,0,24530.9
2024-07-19,2024-08-29,23950,PE,162.0,210.0,160.7,204.95,204.95,69,4925,-250,24530.9
2024-07-19,2024-08-29,23950,CE,1001.0,1001.0,900.0,900.0,900.0,5,2525,50,24530.9
2024-07-19,2024-08-29,24750,CE,541.95,545.45,394.85,400.5,400.5,987,27175,8475,24530.9
2024-07-19,2024-08-14,24750,PE,362.15,362.15,362.15,362.15,486.25,1,25,25,24530.9
2024-07-19,2024-08-29,21850,CE,0.0,0.0,0.0,1269.1,2865.5,0,0,0,24530.9
2024-07-19,2024-08-01,21850,PE,5.7,5.7,5.7,5.7,0.05,6,1600,-25,24530.9
2024-07-19,2024-08-29,21850,PE,0.0,0.0,0.0,48.1,6.15,0,25,0,24530.9
2024-07-19,2024-08-01,21850,CE,0.0,0.0,0.0,1945.25,2736.1,0,0,0,24530.9
2024-07-19,2024-07-25,21850,PE,3.05,5.45,1.5,3.4,3.4,11618,85050,77975,24530.9
2024-07-19,2024-08-01,21800,CE,0.0,0.0,0.0,1991.0,2786.0,0,0,0,24530.9
2024-07-19,2026-12-31,12000,PE,0.0,0.0,0.0,21.15,0.35,0,600,0,24530.9
2024-07-19,2026-06-25,12000,CE,0.0,0.0,0.0,8690.0,14111.25,0,50,0,24530.9
2024-07-19,2026-06-25,12000,PE,0.0,0.0,0.0,20.15,0.1,0,500,0,24530.9
2024-07-19,2024-07-25,21600,CE,3160.0,3160.0,2970.0,2970.0,2956.1,4,3425,0,24530.9
2024-07-19,2024-08-29,26050,CE,79.8,83.75,51.5,52.75,52.75,300,12850,2050,24530.9
2024-07-19,2027-12-30,21000,PE,0.0,0.0,0.0,582.95,274.9,0,50,0,24530.9
2024-07-19,2026-06-25,21000,CE,0.0,0.0,0.0,3881.9,6531.85,0,0,0,24530.9
2024-07-19,2024-09-26,26050,CE,188.0,203.45,140.0,144.95,144.95,29,2700,450,24530.9
2024-07-19,2029-06-28,21000,PE,0.0,0.0,0.0,320.25,262.6,0,0,0,24530.9
2024-07-19,2028-12-28,21000,CE,0.0,0.0,0.0,7512.5,9621.3,0,0,0,24530.9
2024-07-19,2024-09-26,21000,PE,24.75,28.45,23.4,27.65,27.65,3030,602475,-8850,24530.9
2024-07-19,2024-08-01,26050,PE,0.0,0.0,0.0,2302.35,1464.05,0,0,0,24530.9
2024-07-19,2024-09-26,24950,PE,0.0,0.0,0.0,1076.6,751.6,0,0,0,24530.9
2024-07-19,2027-12-30,20000,CE,0.0,0.0,0.0,5333.85,9172.95,0,0,0,24530.9
2024-07-19,2029-06-28,20000,CE,0.0,0.0,0.0,10410.0,10782.2,0,0,0,24530.9
2024-07-19,2024-08-29,22200,PE,24.8,26.6,21.65,24.5,24.5,3447,179825,4775,24530.9
2024-07-19,2024-08-01,22200,CE,0.0,0.0,0.0,1634.2,2387.1,0,0,0,24530.9
2024-07-19,2024-08-01,22750,CE,0.0,0.0,0.0,1187.1,1840.05,0,0,0,24530.9
2024-07-19,2024-08-08,23950,PE,83.0,126.3,83.0,123.35,123.35,73,750,750,24530.9
2024-07-19,2024-08-08,24850,CE,346.15,346.15,228.35,236.65,236.65,258,3425,2400,24530.9
2024-07-19,2024-09-26,24850,PE,580.55,613.6,580.55,582.0,700.25,4,125,100,24530.9
2024-07-19,2024-08-22,24050,PE,0.0,0.0,0.0,171.25,236.4,0,0,0,24530.9
2024-07-19,2024-08-14,24050,CE,0.0,0.0,0.0,737.7,797.7,0,0,0,24530.9
2024-07-19,2024-09-26,24050,PE,0.0,0.0,0.0,617.85,367.7,0,0,0,24530.9
2024-07-19,2024-08-01,24050,CE,812.35,843.7,619.2,619.2,619.2,54,2100,1150,24530.9
2024-07-19,2024-08-01,24050,PE,73.3,118.25,67.0,112.5,112.5,3950,31900,19275,24530.9
2024-07-19,2024-08-08,24050,PE,115.05,115.05,103.55,114.5,158.7,37,900,825,24530.9
2024-07-19,2024-08-29,24050,PE,184.7,239.5,171.35,232.6,232.6,165,9675,-100,24530.9
2024-07-19,2024-07-25,24050,PE,41.35,80.1,37.4,72.6,72.6,235062,454450,-8875,24530.9
2024-07-19,2024-08-14,24050,PE,0.0,0.0,0.0,308.75,195.5,0,0,0,24530.9
2024-07-19,2025-06-26,16000,PE,0.0,0.0,0.0,60.15,0.95,0,75,0,24530.9
2024-07-19,2024-09-26,16000,PE,6.55,7.0,5.1,5.15,5.15,352,121875,-1375,24530.9
2024-07-19,2024-12-26,16000,PE,0.0,0.0,0.0,19.8,0.05,0,16825,0,24530.9
2024-07-19,2024-09-26,16000,CE,8760.0,8786.9,8460.1,8535.4,8535.4,56,475375,800,24530.9
2024-07-19,2025-12-24,16000,PE,0.0,0.0,0.0,33.95,4.6,0,2150,0,24530.9
2024-07-19,2024-09-26,22700,CE,0.0,0.0,0.0,1959.85,2227.25,0,0,0,24530.9
2024-07-19,2024-08-01,22700,CE,1995.0,2010.0,1995.0,2005.0,1889.6,5,125,125,24530.9
2024-07-19,2024-12-26,28000,PE,0.0,0.0,0.0,7598.3,2871.35,0,0,0,24530.9
2024-07-19,2029-06-28,28000,PE,0.0,0.0,0.0,1488.1,1327.75,0,0,0,24530.9
2024-07-19,2028-12-28,28000,CE,0.0,0.0,0.0,4027.15,5728.1,0,0,0,24530.9
2024-07-19,2027-12-30,28000,PE,0.0,0.0,0.0,4251.0,1681.5,0,0,0,24530.9
2024-07-19,2025-06-26,28000,PE,0.0,0.0,0.0,7207.55,2568.6,0,0,0,24530.9
2024-07-19,2028-06-29,28000,CE,0.0,0.0,0.0,2596.45,5094.65,0,0,0,24530.9
2024-07-19,2027-06-24,28000,CE,0.0,0.0,0.0,2186.3,3752.9,0,0,0,24530.9
2024-07-19,2025-03-27,28000,CE,0.0,0.0,0.0,264.0,604.85,0,0,0,24530.9
2024-07-19,2025-12-24,28000,CE,1070.0,1070.0,1001.0,1001.0,1001.0,21,1400,500,24530.9
2024-07-19,2024-09-26,28000,PE,2950.0,3170.9,2918.25,3149.3,3149.3,273,15600,-2600,24530.9
2024-07-19,2024-07-25,24200,CE,670.0,670.0,416.25,436.25,436.25,39219,992625,50975,24530.9
2024-07-19,2024-08-22,24700,CE,0.0,0.0,0.0,656.9,498.55,0,0,0,24530.9
2024-07-19,2024-07-25,26450,CE,1.95,3.85,1.55,2.55,2.55,115546,560800,560800,24530.9
2024-07-19,2024-08-01,26450,CE,10.9,10.9,4.8,6.75,6.75,279,2925,2925,24530.9
2024-07-19,2024-08-01,26450,PE,0.0,0.0,0.0,2681.9,1855.2,0,0,0,24530.9
2024-07-19,2024-08-14,26450,PE,0.0,0.0,0.0,1992.55,1813.75,0,0,0,24530.9
2024-07-19,2024-09-26,26450,CE,0.0,0.0,0.0,215.35,203.85,0,0,0,24530.9
2024-07-19,2024-08-29,21300,PE,15.05,15.05,11.4,11.65,1.55,7,4125,25,24530.9
2024-07-19,2024-08-29,20650,PE,0.0,0.0,0.0,11.5,0.25,0,325,0,24530.9
2024-07-19,2024-08-08,25450,PE,0.0,0.0,0.0,1144.15,929.65,0,0,0,24530.9
2024-07-19,2024-08-14,23750,PE,0.0,0.0,0.0,210.6,120.9,0,0,0,24530.9
2024-07-19,2024-08-01,23750,PE,43.1,67.5,37.75,62.4,62.4,2932,17175,6650,24530.9
2024-07-19,2024-09-26,24950,CE,0.0,0.0,0.0,652.2,674.45,0,100,0,24530.9
2024-07-19,2024-08-29,24950,PE,480.0,577.75,480.0,577.2,665.05,15,6025,-25,24530.9
2024-07-19,2024-08-01,24950,CE,237.15,243.05,138.3,144.35,144.35,3482,17800,10525,24530.9
2024-07-19,2024-08-14,24950,PE,0.0,0.0,0.0,504.0,601.35,0,50,0,24530.9
2024-07-19,2024-08-08,25250,CE,0.0,0.0,0.0,221.8,153.8,0,0,0,24530.9
2024-07-19,2024-08-14,24850,PE,0.0,0.0,0.0,705.8,542.05,0,0,0,24530.9
2024-07-19,2024-08-01,24850,PE,298.85,465.85,290.45,454.0,454.0,4078,8975,-9875,24530.9
2024-07-19,2024-07-25,24850,PE,270.0,450.55,230.85,428.55,428.55,196997,332000,40050,24530.9
2024-07-19,2024-08-08,24850,PE,350.0,481.2,334.55,472.2,472.2,134,2975,975,24530.9
2024-07-19,2024-07-25,23400,PE,10.5,14.55,7.95,12.85,12.85,248404,1058875,-145950,24530.9
2024-07-19,2024-08-29,23400,CE,1550.0,1574.9,1343.3,1345.45,1345.45,144,31350,-1675,24530.9
2024-07-19,2024-08-22,23400,PE,0.0,0.0,0.0,61.8,91.05,0,0,0,24530.9
2024-07-19,2024-08-14,23400,CE,0.0,0.0,0.0,1202.05,1312.65,0,0,0,24530.9
2024-07-19,2024-07-25,20650,PE,1.85,5.0,0.95,3.35,3.35,9183,76100,67175,24530.9
2024-07-19,2024-08-01,25450,PE,0.0,0.0,0.0,1756.9,910.55,0,0,0,24530.9
2024-07-19,2024-08-01,25450,CE,69.8,69.8,44.45,46.8,46.8,2980,16900,8625,24530.9
2024-07-19,2024-08-08,25450,CE,0.0,0.0,0.0,173.6,109.35,0,0,0,24530.9
2024-07-19,2024-07-25,25450,PE,714.75,933.55,684.0,933.55,933.55,143,800,750,24530.9
2024-07-19,2024-07-25,25800,PE,1023.1,1300.0,1018.7,1282.75,1282.75,214,6500,-2525,24530.9
2024-07-19,2026-12-31,25000,CE,0.0,0.0,0.0,1811.2,4606.75,0,0,0,24530.9
2024-07-19,2025-06-26,25000,CE,1960.0,1980.0,1900.0,1910.4,1910.4,15,4050,100,24530.9
2024-07-19,2025-12-24,25000,PE,1030.0,1030.0,962.05,1000.85,1000.85,133,28400,1475,24530.9
2024-07-19,2024-07-25,25000,CE,133.0,138.0,65.15,68.8,68.8,1674866,6943600,2116700,24530.9
2024-07-19,2024-09-26,25000,CE,600.25,607.5,468.1,477.7,477.7,14233,569175,-122625,24530.9
2024-07-19,2024-08-08,23750,PE,0.0,0.0,0.0,223.9,90.5,0,0,0,24530.9
2024-07-19,2024-07-25,23750,PE,22.65,35.55,17.9,31.8,31.8,127044,424675,243250,24530.9
2024-07-19,2024-07-25,23750,CE,1041.3,1050.0,793.2,809.75,809.75,339,18025,-1200,24530.9
2024-07-19,2024-08-29,22150,PE,0.0,0.0,0.0,323.55,12.1,0,0,0,24530.9
2024-07-19,2024-07-25,22150,CE,0.0,0.0,0.0,1935.75,2406.75,0,1625,0,24530.9
2024-07-19,2024-07-25,22150,PE,3.6,7.4,1.65,3.0,3.0,23156,145125,135300,24530.9
2024-07-19,2024-08-01,22150,PE,0.0,0.0,0.0,75.55,0.1,0,0,0,24530.9
2024-07-19,2024-08-29,22150,CE,0.0,0.0,0.0,1061.15,2573.9,0,0,0,24530.9
2024-07-19,2024-08-01,22150,CE,0.0,0.0,0.0,2384.6,2436.95,0,25,0,24530.9
2024-07-19,2024-07-25,20350,PE,1.55,2.2,0.65,1.15,1.15,35980,226000,222675,24530.9
2024-07-19,2024-08-29,20350,PE,8.25,8.25,7.55,7.55,7.55,4,2025,50,24530.9
2024-07-19,2024-08-29,25750,PE,0.0,0.0,0.0,1320.05,1203.0,0,300,0,24530.9
2024-07-19,2024-08-01,25750,CE,30.05,33.9,21.25,22.75,22.75,1217,23475,3025,24530.9
2024-07-19,2024-08-14,25750,PE,0.0,0.0,0.0,1369.95,1187.4,0,0,0,24530.9
2024-07-19,2024-07-25,22650,CE,0.0,0.0,0.0,2180.0,1907.35,0,1950,0,24530.9
2024-07-19,2028-06-29,27000,PE,0.0,0.0,0.0,2752.35,1284.05,0,0,0,24530.9
2024-07-19,2024-08-22,25300,CE,0.0,0.0,0.0,369.5,261.8,0,0,0,24530.9
2024-07-19,2024-08-29,26150,CE,0.0,0.0,0.0,19.3,119.3,0,0,0,24530.9
2024-07-19,2024-08-08,26150,CE,17.0,17.0,17.0,17.0,17.0,1,125,25,24530.9
2024-07-19,2024-07-25,26150,CE,2.15,3.95,1.75,3.45,3.45,232533,929875,566975,24530.9
2024-07-19,2024-09-26,25150,PE,0.0,0.0,0.0,1198.6,860.8,0,0,0,24530.9
2024-07-19,2024-08-29,25150,CE,321.1,327.5,235.6,238.25,238.25,155,5950,-925,24530.9
2024-07-19,2024-07-25,22400,CE,2371.7,2374.2,2105.0,2135.65,2135.65,219,19975,-50,24530.9
2024-07-19,2024-08-01,22400,PE,6.15,8.6,5.05,8.15,8.15,4215,9125,4875,24530.9
2024-07-19,2024-08-14,25150,PE,0.0,0.0,0.0,904.6,730.15,0,0,0,24530.9
2024-07-19,2024-08-08,24450,CE,500.35,500.35,416.9,429.8,429.8,80,1425,1325,24530.9
2024-07-19,2024-08-14,24450,CE,500.0,502.8,479.2,502.8,502.8,3,50,25,24530.9
2024-07-19,2024-09-26,19000,PE,16.0,18.95,14.55,15.5,15.5,1377,252850,-350,24530.9
2024-07-19,2026-12-31,19000,PE,0.0,0.0,0.0,337.95,104.1,0,2425,0,24530.9
2024-07-19,2024-08-14,25350,PE,0.0,0.0,0.0,1051.7,871.6,0,0,0,24530.9
2024-07-19,2024-07-25,25350,PE,594.1,861.55,590.0,843.9,843.9,1257,5700,5550,24530.9
2024-07-19,2027-06-24,24000,PE,0.0,0.0,0.0,5056.2,716.05,0,0,0,24530.9
2024-07-19,2025-06-26,22000,PE,210.05,245.0,210.05,245.0,251.8,6,1675,-50,24530.9
2024-07-19,2026-12-31,22000,PE,0.0,0.0,0.0,806.6,380.95,0,125,0,24530.9
2024-07-19,2026-12-31,24000,CE,0.0,0.0,0.0,2010.65,5202.1,0,0,0,24530.9
2024-07-19,2026-12-31,22000,CE,0.0,0.0,0.0,3039.0,6517.5,0,0,0,24530.9
2024-07-19,2024-08-01,26550,PE,0.0,0.0,0.0,2778.1,1954.1,0,0,0,24530.9
2024-07-19,2024-08-29,26150,PE,0.0,0.0,0.0,3183.05,1524.85,0,0,0,24530.9
2024-07-19,2024-08-22,26150,PE,0.0,0.0,0.0,1301.7,1527.2,0,0,0,24530.9
2024-07-19,2024-08-08,26150,PE,0.0,0.0,0.0,1731.8,1544.5,0,0,0,24530.9
2024-07-19,2024-07-25,21550,PE,2.7,9.85,1.45,2.95,2.95,24134,234800,228075,24530.9
2024-07-19,2024-09-26,24900,CE,657.4,657.4,522.9,526.05,526.05,58,6225,225,24530.9
2024-07-19,2024-08-14,24900,CE,350.0,350.0,250.0,250.1,250.1,20,550,425,24530.9
2024-07-19,2024-09-26,24900,PE,543.85,636.85,522.95,620.0,620.0,67,1675,650,24530.9
2024-07-19,2024-07-25,20850,CE,0.0,0.0,0.0,2978.6,3705.25,0,4275,0,24530.9
2024-07-19,2024-08-08,25900,PE,1158.05,1162.9,1158.05,1162.9,1314.65,3,75,75,24530.9
2024-07-19,2024-08-29,25900,CE,105.0,105.0,67.3,69.55,69.55,5319,80050,-3075,24530.9
2024-07-19,2024-09-26,24350,PE,364.85,398.1,364.85,391.5,391.5,4,500,-25,24530.9
2024-07-19,2024-08-14,24350,CE,0.0,0.0,0.0,720.3,602.7,0,25,0,24530.9
2024-07-19,2024-07-25,24350,CE,536.55,536.55,317.5,333.2,333.2,23312,177650,84625,24530.9
2024-07-19,2024-08-08,24350,PE,185.2,231.35,185.2,231.35,231.35,28,1375,300,24530.9
2024-07-19,2024-08-29,24350,CE,799.3,799.3,630.85,634.25,634.25,32,5250,75,24530.9
2024-07-19,2024-08-14,23100,PE,0.0,0.0,0.0,37.25,34.15,0,25,0,24530.9
2024-07-19,2024-08-08,23100,CE,0.0,0.0,0.0,1449.55,1540.6,0,0,0,24530.9
2024-07-19,2024-08-08,23100,PE,26.0,26.0,26.0,26.0,20.0,2,700,50,24530.9
2024-07-19,2024-08-08,23800,PE,67.75,100.7,67.0,95.45,95.45,1014,11700,-2600,24530.9
2024-07-19,2024-08-08,23800,CE,0.0,0.0,0.0,1050.0,923.25,0,175,0,24530.9
2024-07-19,2024-09-26,23800,PE,208.2,247.65,197.35,241.8,241.8,400,30075,5000,24530.9
2024-07-19,2024-08-14,23800,PE,0.0,0.0,0.0,225.15,131.55,0,0,0,24530.9
2024-07-19,2024-08-29,22850,PE,46.7,48.1,42.05,44.55,47.3,68,4350,-500,24530.9
2024-07-19,2024-08-01,26300,CE,7.95,9.15,7.35,7.9,7.9,2718,14300,7900,24530.9
2024-07-19,2024-08-08,26300,PE,0.0,0.0,0.0,1867.25,1686.1,0,0,0,24530.9
2024-07-19,2024-09-26,24700,CE,755.0,776.75,623.75,635.9,635.9,401,10225,5275,24530.9
2024-07-19,2024-08-29,24700,CE,563.95,564.9,415.8,426.1,426.1,12547,194575,57550,24530.9
2024-07-19,2024-08-29,23400,PE,80.3,114.25,79.3,108.0,108.0,11784,249150,82775,24530.9
2024-07-19,2024-07-25,24900,CE,176.5,184.9,87.35,92.6,92.6,827477,2280850,912250,24530.9
2024-07-19,2024-08-01,24900,PE,317.05,501.9,317.05,482.95,482.95,8647,64800,12250,24530.9
2024-07-19,2024-08-08,24900,PE,373.05,516.1,358.0,510.05,510.05,226,3650,2725,24530.9
2024-07-19,2024-08-22,24900,PE,453.35,453.35,445.0,445.0,607.95,2,0,0,24530.9
2024-07-19,2024-09-26,25900,CE,231.6,231.6,173.0,173.0,173.0,40,1125,275,24530.9
2024-07-19,2024-08-14,25900,CE,85.0,85.0,40.35,42.5,42.5,20,475,450,24530.9
2024-07-19,2024-08-01,25900,CE,20.05,22.45,15.4,16.55,16.55,4907,37700,16950,24530.9
2024-07-19,2024-07-25,25900,PE,1120.0,1258.25,1120.0,1258.25,1340.05,66,1400,50,24530.9
2024-07-19,2024-08-22,25900,PE,0.0,0.0,0.0,1104.45,1315.45,0,0,0,24530.9
2024-07-19,2024-08-01,25900,PE,0.0,0.0,0.0,2162.8,1320.5,0,0,0,24530.9
2024-07-19,2024-08-14,25900,PE,0.0,0.0,0.0,1497.55,1315.1,0,0,0,24530.9
2024-07-19,2024-08-22,25900,CE,150.0,150.0,150.0,150.0,121.85,1,25,25,24530.9
2024-07-19,2024-08-08,25900,CE,0.0,0.0,0.0,95.1,46.1,0,0,0,24530.9
2024-07-19,2024-08-29,25900,PE,0.0,0.0,0.0,1175.0,1320.2,0,450,0,24530.9
2024-07-19,2024-07-25,25900,CE,5.8,5.8,3.1,4.8,4.8,240151,1024725,493300,24530.9
2024-07-19,2024-09-26,25900,PE,0.0,0.0,0.0,1219.95,1342.85,0,1500,0,24530.9
2024-07-19,2024-08-29,24350,PE,250.0,329.8,234.7,319.9,319.9,186,13025,-625,24530.9
2024-07-19,2024-07-25,24350,PE,71.7,167.65,71.7,156.05,156.05,379238,456775,76975,24530.9
2024-07-19,2024-08-01,23100,CE,1620.0,1630.0,1496.5,1496.5,1495.95,5,125,75,24530.9
2024-07-19,2024-08-14,24400,PE,0.0,0.0,0.0,457.85,319.25,0,0,0,24530.9
2024-07-19,2024-08-29,22950,CE,0.0,0.0,0.0,1024.25,1824.45,0,425,0,24530.9
2024-07-19,2024-07-25,21650,CE,0.0,0.0,0.0,2339.25,2906.15,0,2925,0,24530.9
2024-07-19,2024-08-01,22950,CE,0.0,0.0,0.0,1040.35,1642.65,0,0,0,24530.9
2024-07-19,2024-08-01,22950,PE,10.2,15.7,10.2,15.05,15.05,2135,14475,14325,24530.9
2024-07-19,2024-08-01,22050,PE,0.0,0.0,0.0,64.25,0.05,0,0,0,24530.9
2024-07-19,2024-08-29,22050,CE,0.0,0.0,0.0,1127.95,2670.7,0,0,0,24530.9
2024-07-19,2024-08-22,24600,CE,0.0,0.0,0.0,715.5,548.8,0,0,0,24530.9
2024-07-19,2024-07-25,20800,CE,3973.6,3973.6,3913.7,3934.2,3755.2,9,8400,-25,24530.9
2024-07-19,2024-08-29,20800,PE,0.0,0.0,0.0,12.95,0.35,0,2025,0,24530.9
2024-07-19,2024-08-29,23050,CE,0.0,0.0,0.0,1742.5,1735.45,0,350,0,24530.9
2024-07-19,2024-08-08,23050,CE,0.0,0.0,0.0,1492.35,1587.9,0,0,0,24530.9
2024-07-19,2024-08-08,23050,PE,0.0,0.0,0.0,24.0,17.5,0,25,0,24530.9
2024-07-19,2024-08-22,26350,PE,0.0,0.0,0.0,1468.2,1703.65,0,0,0,24530.9
2024-07-19,2024-08-29,26350,CE,41.1,42.8,29.5,30.75,30.75,4251,60700,19100,24530.9
2024-07-19,2024-07-25,26350,PE,0.0,0.0,0.0,3060.7,1788.45,0,0,0,24530.9
2024-07-19,2024-07-25,26350,CE,1.2,3.15,1.1,2.8,2.8,238522,953500,194325,24530.9
2024-07-19,2024-08-01,22850,PE,0.0,0.0,0.0,34.0,2.55,0,50,0,24530.9
2024-07-19,2024-08-29,22850,CE,0.0,0.0,0.0,1104.8,1914.8,0,50,0,24530.9
2024-07-19,2025-12-24,20000,PE,0.0,0.0,0.0,201.95,111.85,0,7325,0,24530.9
2024-07-19,2024-08-08,24950,PE,421.0,531.65,389.45,527.15,527.15,107,1325,1300,24530.9
2024-07-19,2025-03-27,20000,PE,0.0,0.0,0.0,84.0,39.3,0,500,0,24530.9
2024-07-19,2024-08-14,22750,CE,0.0,0.0,0.0,1761.8,1910.7,0,0,0,24530.9
2024-07-19,2024-07-25,22750,CE,1900.0,1900.0,1840.0,1840.0,1807.5,24,3950,-425,24530.9
2024-07-19,2024-08-14,23950,PE,0.0,0.0,0.0,273.1,168.6,0,0,0,24530.9
2024-07-19,2024-08-14,25500,PE,0.0,0.0,0.0,1166.5,985.45,0,0,0,24530.9
2024-07-19,2024-07-25,25500,CE,21.8,21.8,12.25,13.45,13.45,830924,8143550,656500,24530.9
2024-07-19,2024-09-26,26250,PE,0.0,0.0,0.0,1982.95,1603.25,0,0,0,24530.9
2024-07-19,2024-08-29,26250,CE,53.0,53.0,35.0,36.2,36.2,515,14225,-275,24530.9
2024-07-19,2024-08-22,26250,CE,120.0,120.0,120.0,120.0,73.55,1,25,25,24530.9
2024-07-19,2024-09-26,26250,CE,148.8,148.8,115.1,131.05,131.05,7,100,100,24530.9
2024-07-19,2024-08-08,26250,PE,0.0,0.0,0.0,1821.8,1638.65,0,0,0,24530.9
2024-07-19,2024-08-14,26250,PE,0.0,0.0,0.0,1808.35,1627.85,0,0,0,24530.9
2024-07-19,2024-07-25,26250,PE,0.0,0.0,0.0,2963.65,1688.65,0,0,0,24530.9
2024-07-19,2024-08-14,23850,PE,0.0,0.0,0.0,240.45,142.9,0,0,0,24530.9
2024-07-19,2024-08-22,23850,CE,0.0,0.0,0.0,1245.2,1024.1,0,0,0,24530.9
2024-07-19,2024-08-08,23850,CE,0.0,0.0,0.0,872.75,883.6,0,0,0,24530.9
2024-07-19,2024-08-01,24200,PE,93.5,159.0,88.85,149.95,149.95,32405,266925,55200,24530.9
2024-07-19,2024-08-08,22850,CE,0.0,0.0,0.0,1667.7,1779.55,0,0,0,24530.9
2024-07-19,2024-08-29,26300,CE,0.0,0.0,0.0,15.65,98.2,0,0,0,24530.9
2024-07-19,2024-08-22,26300,CE,0.0,0.0,0.0,109.95,68.15,0,0,0,24530.9
2024-07-19,2024-08-01,24700,PE,210.0,376.2,210.0,361.3,361.3,60465,117950,15625,24530.9
2024-07-19,2024-08-22,24700,PE,384.0,392.35,370.0,370.0,500.25,42,50,50,24530.9
2024-07-19,2024-08-08,24150,CE,0.0,0.0,0.0,665.0,662.95,0,600,0,24530.9
2024-07-19,2024-08-22,25300,PE,0.0,0.0,0.0,692.4,859.45,0,0,0,24530.9
2024-07-19,2024-08-29,25300,PE,651.05,848.2,650.0,822.75,822.75,1274,20050,7725,24530.9
2024-07-19,2024-08-08,25300,CE,125.0,129.95,100.0,101.85,101.85,197,2500,2500,24530.9
2024-07-19,2024-09-26,25300,CE,454.75,454.75,390.0,390.0,525.85,21,3775,75,24530.9
2024-07-19,2024-08-14,25300,CE,200.0,200.0,120.05,124.1,124.1,175,2700,2175,24530.9
2024-07-19,2024-08-14,22950,CE,0.0,0.0,0.0,1581.9,1721.0,0,0,0,24530.9
2024-07-19,2024-09-26,22950,CE,0.0,0.0,0.0,1768.0,2011.9,0,0,0,24530.9
2024-07-19,2024-08-29,25050,PE,523.5,665.05,520.0,665.05,665.05,9,4975,150,24530.9
2024-07-19,2024-08-29,20900,CE,0.0,0.0,0.0,2035.7,3802.1,0,0,0,24530.9
2024-07-19,2024-08-29,20900,PE,10.7,16.4,7.6,10.65,10.65,110,2050,100,24530.9
2024-07-19,2024-07-25,20900,PE,2.0,3.45,1.15,2.45,2.45,24847,246475,127425,24530.9
2024-07-19,2024-08-14,25050,CE,0.0,0.0,0.0,271.25,271.35,0,0,0,24530.9
2024-07-19,2024-08-01,24600,PE,210.0,321.6,195.0,306.9,306.9,73211,177925,17525,24530.9
2024-07-19,2024-08-01,26100,PE,0.0,0.0,0.0,2349.25,1512.4,0,0,0,24530.9
2024-07-19,2024-07-25,26100,CE,1.6,4.1,1.6,3.35,3.35,215411,816725,566900,24530.9
2024-07-19,2024-08-14,26100,CE,0.0,0.0,0.0,66.0,54.15,0,0,0,24530.9
2024-07-19,2024-08-29,26100,CE,0.0,0.0,0.0,20.7,127.1,0,0,0,24530.9
2024-07-19,2024-08-29,22700,PE,39.1,46.15,35.65,44.6,44.6,4121,216850,-1300,24530.9
2024-07-19,2024-08-08,22700,CE,0.0,0.0,0.0,1803.15,1925.35,0,0,0,24530.9
2024-07-19,2024-08-08,22700,PE,17.85,17.85,17.85,17.85,6.35,1,550,0,24530.9
2024-07-19,2024-08-29,21450,PE,0.0,0.0,0.0,17.75,2.3,0,1150,0,24530.9
2024-07-19,2024-08-29,20500,CE,4300.0,4309.9,4135.0,4135.0,4135.0,123,14900,2600,24530.9
2024-07-19,2024-08-29,20250,PE,8.25,12.0,7.35,7.35,7.35,30,1225,450,24530.9
2024-07-19,2024-07-25,20250,CE,0.0,0.0,0.0,4128.8,4304.55,0,5425,0,24530.9
2024-07-19,2024-08-29,20950,CE,0.0,0.0,0.0,1991.9,3752.55,0,0,0,24530.9
2024-07-19,2024-09-26,24050,CE,0.0,0.0,0.0,906.9,1178.2,0,25,0,24530.9
2024-07-19,2024-08-22,24050,CE,0.0,0.0,0.0,1089.6,880.3,0,0,0,24530.9
2024-07-19,2024-08-08,24050,CE,0.0,0.0,0.0,525.0,732.95,0,200,0,24530.9
2024-07-19,2024-07-25,24050,CE,792.6,792.6,529.6,550.5,550.5,4769,37975,1500,24530.9
2024-07-19,2024-08-29,24050,CE,931.0,940.5,875.0,875.0,945.55,7,2225,125,24530.9
2024-07-19,2026-12-31,16000,PE,0.0,0.0,0.0,58.45,16.55,0,2400,0,24530.9
2024-07-19,2026-06-25,16000,PE,0.0,0.0,0.0,32.4,10.2,0,500,0,24530.9
2024-07-19,2026-12-31,16000,CE,0.0,0.0,0.0,6200.0,11169.75,0,50,0,24530.9
2024-07-19,2025-12-24,16000,CE,0.0,0.0,0.0,7200.0,10124.55,0,50,0,24530.9
2024-07-19,2024-12-26,16000,CE,0.0,0.0,0.0,9100.0,9034.8,0,21750,0,24530.9
2024-07-19,2024-07-25,22300,PE,3.6,6.25,1.75,3.0,3.0,47420,201000,63650,24530.9
2024-07-19,2024-09-26,22450,PE,0.0,0.0,0.0,160.55,61.15,0,0,0,24530.9
2024-07-19,2024-07-25,22450,PE,3.75,4.6,1.85,3.25,3.25,24440,104450,72700,24530.9
2024-07-19,2024-08-29,22300,PE,25.8,29.3,24.05,27.9,27.9,1797,159300,-1075,24530.9
2024-07-19,2024-08-29,22300,CE,2485.4,2485.4,2454.0,2454.0,2429.6,2,350,50,24530.9
2024-07-19,2024-09-26,22300,CE,0.0,0.0,0.0,2284.75,2586.05,0,0,0,24530.9
2024-07-19,2024-08-01,22300,CE,0.0,0.0,0.0,1548.7,2287.45,0,0,0,24530.9
2024-07-19,2024-09-26,22300,PE,55.0,60.85,51.25,55.8,55.8,132,55850,0,24530.9
2024-07-19,2024-09-26,22450,CE,0.0,0.0,0.0,2160.5,2449.7,0,0,0,24530.9
2024-07-19,2024-08-01,22300,PE,7.05,9.0,6.25,7.5,7.5,316,5900,3450,24530.9
2024-07-19,2024-08-22,24500,CE,0.0,0.0,0.0,777.1,602.1,0,0,0,24530.9
2024-07-19,2024-09-26,24500,PE,375.5,462.0,365.05,455.0,455.0,7101,194825,-9000,24530.9
2024-07-19,2024-08-08,25100,PE,0.0,0.0,0.0,887.5,667.35,0,0,0,24530.9
2024-07-19,2024-09-26,25750,PE,0.0,0.0,0.0,1604.15,1237.8,0,0,0,24530.9
2024-07-19,2024-08-01,25750,PE,0.0,0.0,0.0,2025.15,1179.75,0,0,0,24530.9
2024-07-19,2024-07-25,22200,PE,2.5,5.5,1.7,2.75,2.75,84418,554475,255425,24530.9
2024-07-19,2024-08-01,25950,CE,17.35,26.0,13.95,14.9,14.9,1235,11575,-1300,24530.9
2024-07-19,2024-07-25,25950,PE,0.0,0.0,0.0,2943.2,1389.7,0,0,0,24530.9
2024-07-19,2024-08-01,23500,CE,1330.0,1339.0,1098.95,1107.85,1107.85,138,5100,-625,24530.9
2024-07-19,2024-08-01,22500,CE,0.0,0.0,0.0,1965.55,2088.3,0,50,0,24530.9
2024-07-19,2024-08-29,20600,PE,8.75,8.75,8.75,8.75,0.2,4,250,0,24530.9
2024-07-19,2024-08-22,23500,CE,0.0,0.0,0.0,1538.0,1297.25,0,0,0,24530.9
2024-07-19,2029-06-28,29000,CE,0.0,0.0,0.0,5677.9,5890.8,0,0,0,24530.9
2024-07-19,2025-03-27,29000,PE,0.0,0.0,0.0,4769.6,3449.6,0,0,0,24530.9
2024-07-19,2027-12-30,29000,PE,0.0,0.0,0.0,4227.5,2016.9,0,0,0,24530.9
2024-07-19,2025-12-24,29000,CE,0.0,0.0,0.0,568.9,1322.35,0,0,0,24530.9
2024-07-19,2028-12-28,29000,PE,0.0,0.0,0.0,2010.85,1705.75,0,0,0,24530.9
2024-07-19,2024-08-08,25000,CE,271.25,271.25,175.0,181.5,181.5,4608,62875,30500,24530.9
2024-07-19,2024-08-29,23700,PE,117.75,157.45,110.8,152.35,152.35,6721,124175,-2850,24530.9
2024-07-19,2024-08-22,23700,CE,0.0,0.0,0.0,1367.75,1137.05,0,0,0,24530.9
2024-07-19,2024-08-22,23700,PE,0.0,0.0,0.0,101.8,145.5,0,0,0,24530.9
2024-07-19,2024-08-08,23700,CE,1005.0,1008.0,988.0,991.0,1004.7,9,225,225,24530.9
2024-07-19,2024-08-01,23750,CE,0.0,0.0,0.0,760.05,892.75,0,375,0,24530.9
2024-07-19,2024-09-26,23750,PE,0.0,0.0,0.0,498.5,278.6,0,0,0,24530.9
2024-07-19,2024-08-29,23750,CE,1059.9,1059.9,1059.9,1059.9,1059.9,2,1900,50,24530.9
2024-07-19,2024-08-01,24950,PE,356.75,533.55,351.15,524.7,524.7,656,3750,-425,24530.9
2024-07-19,2025-06-26,20000,CE,0.0,0.0,0.0,3180.85,5919.15,0,0,0,24530.9
2024-07-19,2024-08-22,24950,CE,0.0,0.0,0.0,523.75,386.8,0,0,0,24530.9
2024-07-19,2024-08-29,25650,CE,159.4,159.4,106.1,107.25,107.25,380,8825,-1650,24530.9
2024-07-19,2024-08-14,25650,PE,0.0,0.0,0.0,1287.1,1104.9,0,0,0,24530.9
2024-07-19,2024-08-14,25250,PE,0.0,0.0,0.0,976.3,799.35,0,0,0,24530.9
2024-07-19,2024-07-25,25250,CE,58.25,58.25,29.0,31.1,31.1,272013,759175,330250,24530.9
2024-07-19,2024-08-14,25250,CE,310.0,310.0,300.0,300.0,300.0,2,75,50,24530.9
2024-07-19,2024-08-22,25250,PE,0.0,0.0,0.0,662.55,825.5,0,0,0,24530.9
2024-07-19,2024-08-29,21350,PE,0.0,0.0,0.0,35.05,1.75,0,250,0,24530.9
2024-07-19,2027-12-30,15000,PE,0.0,0.0,0.0,37.4,14.45,0,350,0,24530.9
2024-07-19,2025-06-26,15000,PE,0.0,0.0,0.0,20.65,0.2,0,1750,0,24530.9
2024-07-19,2024-12-26,15000,CE,0.0,0.0,0.0,9600.0,10003.3,0,15775,0,24530.9
2024-07-19,2026-06-25,15000,PE,0.0,0.0,0.0,31.3,4.1,0,850,0,24530.9
2024-07-19,2024-08-08,22850,PE,0.0,0.0,0.0,11.35,9.95,0,25,0,24530.9
2024-07-19,2024-08-01,22850,CE,0.0,0.0,0.0,1736.9,1741.15,0,25,0,24530.9
2024-07-19,2024-08-14,22850,PE,0.0,0.0,0.0,50.35,19.2,0,0,0,24530.9
2024-07-19,2026-12-31,20000,PE,0.0,0.0,0.0,350.0,168.45,0,4275,0,24530.9
2024-07-19,2024-07-25,24950,CE,151.75,160.4,75.75,80.6,80.6,408443,654750,216050,24530.9
2024-07-19,2024-12-26,20000,PE,52.45,58.7,51.05,52.9,52.9,3897,861100,-450,24530.9
2024-07-19,2024-08-08,23150,CE,0.0,0.0,0.0,1407.2,1493.6,0,0,0,24530.9
2024-07-19,2024-08-01,23150,PE,18.5,25.15,13.1,19.85,19.85,181,850,350,24530.9
2024-07-19,2024-09-26,25950,PE,0.0,0.0,0.0,1752.75,1378.75,0,0,0,24530.9
2024-07-19,2024-07-25,21800,CE,2721.1,2721.1,2721.1,2721.1,2721.1,2,4375,-50,24530.9
2024-07-19,2024-07-25,21800,PE,3.9,3.9,1.4,2.7,2.7,42069,235250,-18650,24530.9
2024-07-19,2024-07-25,20450,PE,1.65,3.6,0.9,1.95,1.95,4557,22100,17025,24530.9
2024-07-19,2024-07-25,20450,CE,0.0,0.0,0.0,3378.2,4104.75,0,4075,0,24530.9
2024-07-19,2024-08-01,22450,PE,0.0,0.0,0.0,28.4,0.45,0,125,0,24530.9
2024-07-19,2024-08-08,24500,PE,175.0,308.85,175.0,296.45,296.45,7047,40525,9875,24530.9
2024-07-19,2024-08-01,22100,CE,0.0,0.0,0.0,1721.35,2486.8,0,0,0,24530.9
2024-07-19,2024-08-01,22100,PE,0.0,0.0,0.0,8.0,0.1,0,250,0,24530.9
2024-07-19,2024-07-25,22100,PE,3.3,5.95,1.7,2.95,2.95,41908,191875,106775,24530.9
2024-07-19,2024-08-14,24500,PE,240.0,340.75,233.6,330.75,330.75,1437,11875,-250,24530.9
2024-07-19,2024-09-26,24500,CE,895.1,901.0,732.6,746.75,746.75,3424,104425,20350,24530.9
2024-07-19,2024-07-25,25100,CE,89.75,101.35,48.0,50.6,50.6,566270,1882175,367100,24530.9
2024-07-19,2024-08-01,25100,CE,168.7,168.9,100.05,105.35,105.35,17943,127950,71575,24530.9
2024-07-19,2024-08-22,23050,PE,64.3,64.3,64.3,64.3,49.35,1,25,25,24530.9
2024-07-19,2024-08-01,23050,PE,17.0,18.1,13.5,17.35,17.35,1482,14850,14525,24530.9
2024-07-19,2024-08-29,26350,PE,0.0,0.0,0.0,3374.75,1695.85,0,0,0,24530.9
2024-07-19,2024-08-01,26350,PE,0.0,0.0,0.0,2586.2,1756.65,0,0,0,24530.9
2024-07-19,2024-09-26,24650,CE,726.65,726.65,726.65,726.65,822.9,3,150,75,24530.9
2024-07-19,2024-08-29,24650,PE,339.05,470.9,331.5,441.85,441.85,1304,14075,-4150,24530.9
2024-07-19,2024-08-14,24650,PE,333.45,333.45,333.45,333.45,434.0,2,50,50,24530.9
2024-07-19,2024-08-08,24400,PE,169.8,262.45,169.8,254.8,254.8,1301,17025,7150,24530.9
2024-07-19,2024-08-08,24400,CE,600.0,600.0,451.0,458.6,458.6,613,9625,4125,24530.9
2024-07-19,2024-08-22,24400,PE,0.0,0.0,0.0,270.8,362.3,0,0,0,24530.9
2024-07-19,2024-08-29,22950,PE,53.85,53.85,50.65,50.65,56.15,5,3875,25,24530.9
2024-07-19,2024-08-29,21650,PE,0.0,0.0,0.0,130.6,3.8,0,175,0,24530.9
2024-07-19,2024-09-26,23000,CE,2057.8,2103.7,1870.0,1887.6,1887.6,777,205150,175,24530.9
2024-07-19,2027-06-24,23000,CE,0.0,0.0,0.0,2530.05,6495.9,0,0,0,24530.9
2024-07-19,2024-08-22,24550,PE,0.0,0.0,0.0,324.05,427.8,0,0,0,24530.9
2024-07-19,2024-08-29,23550,CE,0.0,0.0,0.0,1490.8,1314.6,0,875,0,24530.9
2024-07-19,2024-09-26,23000,PE,100.0,122.0,98.1,118.55,118.55,12783,881300,22650,24530.9
2024-07-19,2024-07-25,25550,PE,785.3,1022.6,780.15,1021.55,1021.55,216,2000,-525,24530.9
2024-07-19,2024-09-26,25550,CE,0.0,0.0,0.0,472.65,435.25,0,25,0,24530.9
2024-07-19,2024-08-01,25550,CE,50.55,52.7,34.5,36.9,36.9,3236,16250,4225,24530.9
2024-07-19,2024-08-08,25550,PE,0.0,0.0,0.0,1222.65,1011.2,0,0,0,24530.9
2024-07-19,2024-08-08,25550,CE,70.5,70.5,58.3,58.6,58.6,62,1025,975,24530.9
2024-07-19,2024-08-29,25500,PE,781.0,990.0,779.0,972.15,972.15,3721,107925,5250,24530.9
2024-07-19,2024-09-26,23050,CE,0.0,0.0,0.0,1694.85,1928.0,0,0,0,24530.9
2024-07-19,2024-07-25,23050,PE,6.4,7.25,4.2,6.4,6.4,70785,129975,34775,24530.9
2024-07-19,2024-08-14,23050,CE,0.0,0.0,0.0,1494.2,1627.75,0,0,0,24530.9
2024-07-19,2024-08-22,24650,CE,509.35,509.35,406.0,425.85,425.85,18,350,350,24530.9
2024-07-19,2024-09-26,24650,PE,451.55,530.0,425.7,530.0,530.0,133,800,50,24530.9
2024-07-19,2024-08-08,24650,CE,434.6,453.5,313.7,323.0,323.0,918,11775,9600,24530.9
2024-07-19,2024-07-25,24650,CE,321.55,321.55,167.2,176.9,176.9,825895,1113425,754375,24530.9
2024-07-19,2024-07-25,24400,PE,84.4,188.0,70.05,175.2,175.2,957287,1971300,-47375,24530.9
2024-07-19,2024-09-26,24400,CE,966.95,966.95,881.25,898.0,961.55,6,3850,-50,24530.9
2024-07-19,2024-08-01,22700,PE,10.0,12.9,7.35,10.9,10.9,2612,13800,13000,24530.9
2024-07-19,2024-09-26,22700,PE,76.0,87.95,76.0,87.15,87.15,977,82050,12700,24530.9
2024-07-19,2024-08-14,22700,PE,0.0,0.0,0.0,37.8,13.25,0,0,0,24530.9
2024-07-19,2024-07-25,22700,CE,2075.0,2080.0,1810.05,1835.75,1835.75,150,49750,-200,24530.9
2024-07-19,2024-07-25,20500,PE,1.9,2.75,0.9,1.5,1.5,48290,630200,6525,24530.9
2024-07-19,2024-07-25,22900,PE,5.0,6.2,3.4,5.25,5.25,240821,540775,-217325,24530.9
2024-07-19,2024-08-29,22900,PE,50.2,58.65,44.0,56.5,56.5,4752,224150,1250,24530.9
2024-07-19,2024-08-01,22900,PE,13.5,17.0,7.1,14.25,14.25,882,10500,8625,24530.9
2024-07-19,2024-08-29,24200,CE,906.0,906.05,716.0,728.65,728.65,846,57325,2300,24530.9
2024-07-19,2027-06-24,22000,CE,0.0,0.0,0.0,2783.5,7155.75,0,0,0,24530.9
2024-07-19,2026-06-25,22000,CE,0.0,0.0,0.0,2722.55,5789.9,0,0,0,24530.9
2024-07-19,2028-06-29,22000,CE,0.0,0.0,0.0,4759.5,8415.75,0,0,0,24530.9
2024-07-19,2025-06-26,24000,CE,2580.0,2580.0,2570.0,2570.0,2801.65,2,1600,-50,24530.9
2024-07-19,2024-08-14,26150,PE,0.0,0.0,0.0,1717.95,1536.65,0,0,0,24530.9
