date,expiry,strike,opt_type,open,high,low,close,settle,volume,oi,oi_change,underlying
2026-03-27,2026-04-13,24450,CE,87.4,92.55,69.7,72.1,72.1,244,6890,1365,22819.6
2026-03-27,2026-04-13,24400,CE,95.0,99.7,61.1,76.95,76.95,1341,41665,24570,22819.6
2026-03-27,2026-04-13,22700,CE,834.75,834.75,670.95,680.65,680.65,159,5915,1950,22819.6
2026-03-27,2026-04-13,22250,CE,1121.85,1121.85,1121.85,1121.85,690.65,2,65,65,22819.6
2026-03-27,2026-04-13,22100,CE,1244.15,1244.15,1244.15,1244.15,817.4,2,130,65,22819.6
2026-03-27,2026-04-13,21100,CE,0.0,0.0,0.0,1785.05,1774.25,0,65,0,22819.6
2026-03-27,2026-04-07,26400,CE,2.95,3.35,1.55,2.95,2.95,5804,169910,145210,22819.6
2026-03-27,2026-04-07,25650,CE,8.05,8.05,3.2,4.3,4.3,749,12610,3510,22819.6
2026-03-27,2026-04-07,25550,CE,7.3,7.8,3.65,4.9,4.9,1135,23790,9815,22819.6
2026-03-27,2026-04-07,25200,CE,10.0,11.4,7.65,8.7,8.7,11674,237120,124345,22819.6
2026-03-27,2026-04-07,23950,CE,157.5,157.5,83.0,87.4,87.4,4111,57655,23985,22819.6
2026-03-27,2026-04-07,23550,CE,250.0,299.25,171.95,179.8,179.8,4806,73645,23595,22819.6
2026-03-27,2026-04-07,23200,CE,420.0,424.5,291.0,301.55,301.55,47992,940745,416325,22819.6
2026-03-27,2026-04-07,23150,CE,480.5,480.5,295.3,320.1,320.1,7421,115310,64675,22819.6
2026-03-27,2026-04-07,22100,CE,1100.0,1101.15,950.05,959.05,959.05,92,5915,4290,22819.6
2026-03-27,2026-04-07,21750,CE,0.0,0.0,0.0,2496.25,1109.5,0,65,0,22819.6
2026-03-27,2026-04-07,21100,CE,0.0,0.0,0.0,1631.95,1754.6,0,130,0,22819.6
2026-03-27,2026-04-07,21050,CE,0.0,0.0,0.0,1651.95,1804.5,0,130,0,22819.6
2026-03-27,2026-04-07,20550,CE,0.0,0.0,0.0,2244.75,2303.65,0,65,0,22819.6
2026-03-27,2026-03-30,27500,CE,0.95,0.95,0.45,0.65,0.65,21676,644410,-189605,22819.6
2026-03-27,2026-03-30,26450,CE,0.8,1.05,0.55,0.75,0.75,1010,33605,-19825,22819.6
2026-03-27,2026-03-30,26150,CE,0.95,1.1,0.65,0.75,0.75,4396,85475,-17355,22819.6
2026-03-27,2026-03-30,24250,CE,20.4,20.4,4.15,4.95,4.95,186206,1337830,595855,22819.6
2026-03-27,2026-03-30,24200,CE,14.85,14.9,4.75,5.7,5.7,598486,5895045,3265275,22819.6
2026-03-27,2026-03-30,22850,CE,450.7,457.35,181.1,198.4,198.4,521210,1076465,962520,22819.6
2026-03-27,2026-03-30,21850,CE,1156.9,1156.9,956.6,970.75,970.75,26,780,195,22819.6
2026-03-27,2026-03-30,21250,CE,0.0,0.0,0.0,1750.65,1579.2,0,325,0,22819.6
2026-03-27,2026-03-30,21150,CE,0.0,0.0,0.0,2001.4,1679.15,0,130,0,22819.6
2026-03-27,2026-03-30,20750,CE,0.0,0.0,0.0,2167.25,2079.0,0,0,0,22819.6
2026-03-27,2026-04-28,22650,PE,497.45,640.0,492.5,629.65,629.65,522,19045,13520,22819.6
2026-03-27,2026-04-28,23100,PE,589.95,828.5,589.15,817.65,817.65,14808,741520,322530,22819.6
2026-03-27,2026-04-28,23200,PE,619.0,879.3,619.0,864.3,864.3,15922,699725,349440,22819.6
2026-03-27,2026-04-28,24900,PE,1700.0,2025.3,1700.0,2020.2,2020.2,258,193440,10595,22819.6
2026-03-27,2026-04-28,24950,PE,0.0,0.0,0.0,1940.0,2017.55,0,2860,0,22819.6
2026-03-27,2026-04-28,26450,PE,0.0,0.0,0.0,3440.0,3503.25,0,585,0,22819.6
2026-03-27,2026-04-28,27400,PE,4250.0,4451.5,4250.0,4390.75,4448.6,26,3185,1300,22819.6
2026-03-27,2026-05-05,20650,PE,0.0,0.0,0.0,9.15,3.3,0,0,0,22819.6
2026-03-27,2026-05-05,22550,PE,0.0,0.0,0.0,270.3,239.45,0,0,0,22819.6
2026-03-27,2026-05-05,23050,PE,0.0,0.0,0.0,476.8,463.25,0,0,0,22819.6
2026-03-27,2026-05-05,24200,PE,0.0,0.0,0.0,1232.3,1302.65,0,0,0,22819.6
2026-03-27,2026-05-05,24350,PE,0.0,0.0,0.0,1354.7,1436.15,0,0,0,22819.6
2026-03-27,2026-05-05,24600,PE,0.0,0.0,0.0,1567.65,1665.8,0,0,0,22819.6
2026-03-27,2026-05-05,25400,PE,0.0,0.0,0.0,2301.55,2436.45,0,0,0,22819.6
2026-03-27,2026-05-26,20800,PE,0.0,0.0,0.0,0.55,17.1,0,0,0,22819.6
2026-03-27,2026-05-26,21350,PE,0.0,0.0,0.0,1.85,51.25,0,0,0,22819.6
2026-03-27,2027-12-28,27000,PE,2595.0,2655.0,2595.0,2641.65,2641.65,15,14565,-10,22819.6
2026-03-27,2028-12-26,21000,PE,547.5,790.0,547.5,790.0,374.4,5,6370,0,22819.6
2026-03-27,2028-06-27,21000,PE,0.0,0.0,0.0,907.2,360.25,0,0,0,22819.6
2026-03-27,2028-12-26,20000,PE,0.0,0.0,0.0,330.0,239.35,0,1165,0,22819.6
2026-03-27,2026-06-30,34500,PE,0.0,0.0,0.0,7540.2,11190.05,0,0,0,22819.6
2026-03-27,2026-06-30,25500,PE,2150.0,2420.0,2150.0,2401.55,2401.55,329,616915,7085,22819.6
2026-03-27,2026-06-30,23000,PE,717.2,916.9,701.7,909.1,909.1,6067,1447325,6070,22819.6
2026-03-27,2026-06-30,14000,PE,17.95,23.0,15.05,21.75,21.75,440,35930,2925,22819.6
2026-03-27,2026-05-26,26500,PE,3199.95,3390.0,3150.0,3389.5,3389.5,48,17355,1755,22819.6
2026-03-27,2026-05-26,26250,PE,0.0,0.0,0.0,2502.6,3198.75,0,195,0,22819.6
2026-03-27,2026-05-26,25700,PE,2395.5,2550.0,2395.5,2540.0,2662.2,10,1365,65,22819.6
2026-03-27,2026-05-26,25500,PE,2320.0,2478.3,2299.65,2471.95,2471.95,185,408330,2990,22819.6
2026-03-27,2026-05-26,24950,PE,0.0,0.0,0.0,1724.95,1952.15,0,975,0,22819.6
2026-03-27,2026-05-26,24900,PE,1730.0,1730.0,1730.0,1730.0,1906.35,1,8905,65,22819.6
2026-03-27,2026-05-26,23400,PE,799.95,1048.2,799.95,1035.4,1035.4,212,25935,-1755,22819.6
2026-03-27,2026-05-26,22300,PE,0.0,0.0,0.0,11.75,223.7,0,0,0,22819.6
2026-03-27,2026-05-26,22250,PE,0.0,0.0,0.0,10.75,209.45,0,0,0,22819.6
2026-03-27,2026-05-26,21950,PE,0.0,0.0,0.0,6.2,137.55,0,0,0,22819.6
2026-03-27,2026-05-26,21300,PE,0.0,0.0,0.0,1.65,46.75,0,0,0,22819.6
2026-03-27,2028-12-26,25500,PE,0.0,0.0,0.0,648.2,1630.35,0,0,0,22819.6
2026-03-27,2030-06-25,19500,PE,0.0,0.0,0.0,64.95,210.45,0,0,0,22819.6
2026-03-27,2030-06-25,24000,PE,0.0,0.0,0.0,698.15,934.8,0,0,0,22819.6
2026-03-27,2030-06-25,31500,PE,0.0,0.0,0.0,2056.3,3902.15,0,0,0,22819.6
2026-03-27,2026-05-26,20750,PE,0.0,0.0,0.0,0.5,15.3,0,0,0,22819.6
2026-03-27,2026-05-26,20700,PE,0.0,0.0,0.0,0.4,13.7,0,0,0,22819.6
2026-03-27,2026-05-05,25150,PE,0.0,0.0,0.0,2065.7,2191.9,0,0,0,22819.6
2026-03-27,2026-05-05,25100,PE,0.0,0.0,0.0,2019.15,2143.3,0,0,0,22819.6
2026-03-27,2026-05-05,23700,PE,0.0,0.0,0.0,859.55,890.6,0,0,0,22819.6
2026-03-27,2026-05-05,21650,PE,0.0,0.0,0.0,71.55,46.8,0,0,0,22819.6
2026-03-27,2026-05-05,21150,PE,0.0,0.0,0.0,27.9,14.05,0,0,0,22819.6
2026-03-27,2026-04-28,27700,PE,4276.7,4640.8,4276.7,4445.65,4445.65,78,5655,4940,22819.6
2026-03-27,2026-04-28,26950,PE,0.0,0.0,0.0,2814.4,4000.75,0,325,0,22819.6
2026-03-27,2026-04-28,26850,PE,0.0,0.0,0.0,2718.3,3901.25,0,325,0,22819.6
2026-03-27,2026-04-28,26350,PE,3310.0,3325.0,3309.95,3321.5,3403.75,7,6045,65,22819.6
2026-03-27,2026-04-28,26100,PE,2925.0,3146.45,2875.15,3133.7,3133.7,235,31915,13910,22819.6
2026-03-27,2026-04-28,25600,PE,2400.0,2665.55,2383.55,2647.45,2647.45,114,50700,5720,22819.6
2026-03-27,2026-04-28,24700,PE,1600.0,1863.85,1595.5,1847.25,1847.25,160,180895,3185,22819.6
2026-03-27,2026-04-28,24650,PE,1643.35,1763.5,1643.35,1756.3,1727.15,87,9555,4485,22819.6
2026-03-27,2026-04-28,24500,PE,1407.4,1701.7,1396.85,1691.3,1691.3,3626,1005095,91325,22819.6
2026-03-27,2026-04-28,23750,PE,984.2,1289.1,978.35,1198.85,1198.85,306,36400,-13195,22819.6
2026-03-27,2026-04-28,23500,PE,756.25,1031.5,755.9,1019.75,1019.75,31244,1850420,-458900,22819.6
2026-03-27,2026-04-28,22750,PE,489.7,677.0,489.2,667.9,667.9,1529,140725,17940,22819.6
2026-03-27,2026-04-28,21000,PE,144.85,230.0,144.85,224.0,224.0,46774,2871635,567385,22819.6
2026-03-27,2026-04-28,20800,PE,22.55,22.55,22.55,22.55,22.55,5,325,325,22819.6
2026-03-27,2026-04-28,20650,PE,0.0,0.0,0.0,0.4,1.55,0,0,0,22819.6
2026-03-27,2026-04-21,24750,PE,0.0,0.0,0.0,1118.85,1842.45,0,0,0,22819.6
2026-03-27,2026-04-21,23150,PE,0.0,0.0,0.0,203.75,468.15,0,0,0,22819.6
2026-03-27,2026-04-21,23050,PE,0.0,0.0,0.0,175.15,408.5,0,0,0,22819.6
2026-03-27,2026-04-21,22950,PE,0.0,0.0,0.0,149.8,353.5,0,0,0,22819.6
2026-03-27,2026-04-21,22750,PE,0.0,0.0,0.0,107.2,257.75,0,0,0,22819.6
2026-03-27,2026-04-21,22500,PE,0.0,0.0,0.0,280.0,164.5,0,130,0,22819.6
2026-03-27,2026-04-21,22200,PE,0.0,0.0,0.0,36.8,87.9,0,0,0,22819.6
2026-03-27,2026-04-21,21450,PE,0.0,0.0,0.0,5.75,11.25,0,0,0,22819.6
2026-03-27,2026-04-21,21050,PE,0.0,0.0,0.0,1.75,2.7,0,0,0,22819.6
2026-03-27,2026-04-13,25350,PE,0.0,0.0,0.0,1052.7,2465.6,0,0,0,22819.6
2026-03-27,2026-04-13,25100,PE,0.0,0.0,0.0,860.75,2216.4,0,0,0,22819.6
2026-03-27,2026-04-13,24250,PE,0.0,0.0,0.0,1375.35,1375.3,0,65,0,22819.6
2026-03-27,2026-04-13,23550,PE,701.9,930.5,701.9,930.5,731.7,18,1885,-715,22819.6
2026-03-27,2026-04-13,23350,PE,0.0,0.0,0.0,1040.2,572.45,0,3055,0,22819.6
2026-03-27,2026-04-13,22750,PE,0.0,0.0,0.0,26.2,212.75,0,0,0,22819.6
2026-03-27,2026-04-13,21050,PE,0.0,0.0,0.0,0.15,0.55,0,0,0,22819.6
2026-03-27,2026-04-13,20700,PE,0.0,0.0,0.0,0.05,0.05,0,0,0,22819.6
2026-03-27,2026-04-07,26400,PE,3530.0,3530.0,3530.0,3530.0,3530.0,1,65,0,22819.6
2026-03-27,2026-04-07,26150,PE,0.0,0.0,0.0,2146.5,3287.1,0,65,0,22819.6
2026-03-27,2026-04-07,26100,PE,3000.0,3238.55,2433.85,3238.55,3238.55,335,20670,20540,22819.6
2026-03-27,2026-04-07,25400,PE,2350.0,2548.0,2336.0,2548.0,2548.0,279,18070,17355,22819.6
2026-03-27,2026-04-07,24950,PE,0.0,0.0,0.0,1581.0,2089.1,0,195,0,22819.6
2026-03-27,2026-04-07,24900,PE,1769.1,2065.45,1769.05,2065.45,2065.45,227,14560,13975,22819.6
2026-03-27,2026-04-07,24850,PE,1730.0,2064.25,1730.0,2053.2,2053.2,16,975,650,22819.6
2026-03-27,2026-04-07,24750,PE,1790.0,1800.0,1790.0,1800.0,1889.5,3,583115,195,22819.6
2026-03-27,2026-04-07,24100,PE,1049.6,1323.2,1049.55,1323.2,1323.2,135,355550,-585,22819.6
2026-03-27,2026-04-07,24050,PE,1001.95,1206.9,1001.9,1206.9,1194.1,22,1820,-130,22819.6
2026-03-27,2026-04-07,23600,PE,659.95,935.15,656.4,925.7,925.7,1673,497315,-18785,22819.6
2026-03-27,2026-04-07,23150,PE,410.2,650.0,410.1,638.5,638.5,5042,61815,-14040,22819.6
2026-03-27,2026-04-07,23050,PE,380.75,594.9,380.05,581.2,581.2,19001,166725,112060,22819.6
2026-03-27,2027-12-28,33000,PE,0.0,0.0,0.0,4155.55,7288.95,0,0,0,22819.6
2026-03-27,2026-04-07,22700,PE,268.0,431.05,261.3,417.9,417.9,25238,408525,63115,22819.6
2026-03-27,2026-04-07,22300,PE,178.0,292.5,173.25,281.35,281.35,23994,198770,-156325,22819.6
2026-03-27,2026-04-07,21750,PE,66.45,168.75,66.45,158.65,158.65,2835,16640,15795,22819.6
2026-03-27,2026-04-07,20550,PE,0.0,0.0,0.0,0.05,0.05,0,0,0,22819.6
2026-03-27,2026-03-30,28000,PE,4949.7,5219.1,4900.0,5193.8,5193.8,4882,384495,-192610,22819.6
2026-03-27,2026-03-30,27550,PE,0.0,0.0,0.0,3598.5,4717.95,0,585,0,22819.6
2026-03-27,2026-03-30,27450,PE,0.0,0.0,0.0,3498.0,4618.0,0,455,0,22819.6
2026-03-27,2026-03-30,26750,PE,3877.45,3877.45,3877.45,3877.45,3918.3,1,845,0,22819.6
2026-03-27,2026-03-30,26250,PE,2310.0,3328.0,2310.0,3328.0,3418.55,21,13780,0,22819.6
2026-03-27,2026-03-30,25700,PE,2555.0,2904.35,2555.0,2884.45,2884.45,2538,424775,-87490,22819.6
2026-03-27,2026-03-30,25650,PE,2635.0,2850.0,2635.0,2840.5,2840.5,48,24570,-975,22819.6
2026-03-27,2026-03-30,25600,PE,2519.0,2800.25,2480.0,2781.55,2781.55,1712,463255,-77870,22819.6
2026-03-27,2026-03-30,25100,PE,2050.0,2307.05,1997.5,2283.25,2283.25,697,102700,-11765,22819.6
2026-03-27,2026-03-30,25000,PE,1848.95,2195.8,1833.15,2179.5,2179.5,16472,2855945,-186975,22819.6
2026-03-27,2026-03-30,24800,PE,1653.6,2001.8,1653.6,1985.05,1985.05,2207,260845,-69095,22819.6
2026-03-27,2026-03-30,23650,PE,573.2,870.0,560.5,855.35,855.35,2676,115960,-30875,22819.6
2026-03-27,2026-03-30,21750,PE,22.1,22.1,4.0,9.35,9.35,300023,1010295,452920,22819.6
2026-03-27,2026-03-30,21100,PE,6.95,6.95,1.8,2.35,2.35,207965,741260,-32565,22819.6
2026-03-27,2026-03-30,20950,PE,5.35,5.35,1.8,2.4,2.4,66724,673205,187980,22819.6
2026-03-27,2026-12-29,23000,PE,836.15,1042.75,835.75,1026.4,1026.4,3902,992045,-11180,22819.6
2026-03-27,2030-12-31,27000,CE,0.0,0.0,0.0,6772.8,3772.5,0,0,0,22819.6
2026-03-27,2030-12-31,24000,CE,0.0,0.0,0.0,8563.3,5239.7,0,0,0,22819.6
2026-03-27,2030-12-31,18000,CE,0.0,0.0,0.0,12674.15,9081.8,0,0,0,22819.6
2026-03-27,2030-06-25,16500,CE,0.0,0.0,0.0,13374.05,9805.85,0,0,0,22819.6
2026-03-27,2029-06-26,15000,CE,0.0,0.0,0.0,13671.85,10288.05,0,0,0,22819.6
2026-03-27,2028-12-26,33000,CE,0.0,0.0,0.0,2477.5,540.05,0,0,0,22819.6
2026-03-27,2028-06-27,34500,CE,0.0,0.0,0.0,1003.35,206.0,0,0,0,22819.6
2026-03-27,2028-06-27,33000,CE,0.0,0.0,0.0,2004.15,316.2,0,0,0,22819.6
2026-03-27,2026-12-29,30000,PE,5400.05,5665.0,5400.0,5642.7,5642.7,55,211045,-260,22819.6
2026-03-27,2028-06-27,21000,CE,0.0,0.0,0.0,5226.55,4629.15,0,0,0,22819.6
2026-03-27,2027-12-28,30000,CE,650.0,650.0,582.05,582.1,409.2,6,4940,195,22819.6
2026-03-27,2026-12-29,22000,CE,2761.0,2774.75,2613.4,2633.65,2633.65,182,58005,4095,22819.6
2026-03-27,2026-12-29,19500,CE,0.0,0.0,0.0,7586.85,4168.8,0,0,0,22819.6
2026-03-27,2026-12-29,19000,CE,5000.0,5000.0,5000.0,5000.0,4626.5,2,2890,65,22819.6
2026-03-27,2026-09-29,34500,CE,0.0,0.0,0.0,30.15,0.05,0,0,0,22819.6
2026-03-27,2026-06-30,28000,CE,34.35,35.75,30.4,32.3,32.3,3324,1452495,-36890,22819.6
2026-03-27,2026-05-26,27200,CE,26.0,26.0,21.05,23.05,23.05,39,8970,0,22819.6
2026-03-27,2026-05-26,25550,CE,109.9,110.3,89.2,89.2,89.2,91,3900,780,22819.6
2026-03-27,2026-05-26,25450,CE,121.55,121.95,98.6,101.3,101.3,82,3510,65,22819.6
2026-03-27,2026-05-26,24750,CE,256.65,258.55,211.7,213.5,213.5,110,5265,1170,22819.6
2026-03-27,2026-05-26,24000,CE,485.65,520.95,434.0,439.8,439.8,5469,495690,13065,22819.6
2026-03-27,2026-05-26,23900,CE,537.3,561.4,472.5,478.8,478.8,159,8840,65,22819.6
2026-03-27,2026-05-26,23750,CE,605.0,624.6,567.85,567.85,238.55,14,1300,-325,22819.6
2026-03-27,2026-05-26,23350,CE,808.7,809.9,743.75,743.75,371.4,17,1885,130,22819.6
2026-03-27,2026-05-26,23200,CE,958.0,958.0,800.0,805.1,805.1,894,52455,36790,22819.6
2026-03-27,2026-05-26,21800,CE,0.0,0.0,0.0,2109.7,1325.35,0,130,0,22819.6
2026-03-27,2026-05-05,25350,CE,0.0,0.0,0.0,25.05,5.5,0,0,0,22819.6
2026-03-27,2026-05-05,25200,CE,0.0,0.0,0.0,32.25,7.9,0,0,0,22819.6
2026-03-27,2026-05-05,25050,CE,0.0,0.0,0.0,41.25,11.15,0,0,0,22819.6
2026-03-27,2026-05-05,24700,CE,0.0,0.0,0.0,71.1,24.05,0,0,0,22819.6
2026-03-27,2026-05-05,24550,CE,0.0,0.0,0.0,88.65,32.7,0,0,0,22819.6
2026-03-27,2026-05-05,22500,CE,0.0,0.0,0.0,851.3,673.65,0,0,0,22819.6
2026-03-27,2026-05-05,22350,CE,0.0,0.0,0.0,954.85,776.25,0,0,0,22819.6
2026-03-27,2026-05-05,21800,CE,0.0,0.0,0.0,1383.9,1211.65,0,0,0,22819.6
2026-03-27,2026-05-05,21100,CE,0.0,0.0,0.0,2011.15,1855.5,0,0,0,22819.6
2026-03-27,2026-04-28,27300,CE,8.95,9.65,7.2,7.9,7.9,240,83395,-325,22819.6
2026-03-27,2026-04-28,26450,CE,16.45,17.75,12.75,15.05,15.05,39,6435,1040,22819.6
2026-03-27,2026-04-28,26150,CE,19.35,23.55,16.5,18.15,18.15,72,11245,-520,22819.6
2026-03-27,2026-04-28,25000,CE,105.0,105.0,70.0,71.6,71.6,41414,2345720,173745,22819.6
2026-03-27,2026-04-28,24450,CE,180.05,190.1,146.55,149.25,149.25,1067,30615,-6760,22819.6
2026-03-27,2026-04-28,23400,CE,600.45,622.85,488.2,495.7,495.7,6677,412750,103480,22819.6
2026-03-27,2026-04-28,23150,CE,888.05,888.05,610.6,619.4,619.4,1187,42770,27690,22819.6
2026-03-27,2026-04-28,22800,CE,930.1,956.9,806.3,820.0,820.0,5500,245830,66625,22819.6
2026-03-27,2026-04-28,22000,CE,1554.05,1554.05,1327.0,1346.95,1346.95,10500,1252940,228280,22819.6
2026-03-27,2026-04-28,20500,CE,2700.0,2700.0,2472.6,2506.25,2506.25,98,5265,5070,22819.6
2026-03-27,2026-04-21,25250,CE,0.0,0.0,0.0,50.45,1.0,0,0,0,22819.6
2026-03-27,2026-04-21,25200,CE,0.0,0.0,0.0,55.15,1.15,0,0,0,22819.6
2026-03-27,2026-04-21,24350,CE,0.0,0.0,0.0,207.65,16.25,0,0,0,22819.6
2026-03-27,2026-04-21,23450,CE,428.85,428.85,408.2,413.3,413.3,28,1495,1105,22819.6
2026-03-27,2026-04-21,23300,CE,575.65,575.65,464.25,470.7,470.7,400,15730,11830,22819.6
2026-03-27,2026-04-21,23250,CE,559.95,559.95,487.3,489.4,489.4,46,3055,-2795,22819.6
2026-03-27,2026-04-21,23000,CE,730.0,749.45,605.4,618.65,618.65,5827,22425,11440,22819.6
2026-03-27,2026-04-21,22750,CE,0.0,0.0,0.0,1090.95,412.9,0,0,0,22819.6
2026-03-27,2026-04-21,22600,CE,0.0,0.0,0.0,1214.65,502.95,0,0,0,22819.6
2026-03-27,2026-04-21,22350,CE,0.0,0.0,0.0,1431.5,675.4,0,0,0,22819.6
2026-03-27,2026-04-21,21950,CE,0.0,0.0,0.0,1799.3,1000.2,0,0,0,22819.6
2026-03-27,2026-04-13,25600,CE,12.0,16.3,11.1,12.25,12.25,211,7280,5070,22819.6
2026-03-27,2026-04-13,25150,CE,26.5,27.95,24.8,24.8,24.8,17,1560,0,22819.6
2026-03-27,2026-04-13,22900,CE,709.0,712.4,554.85,565.25,565.25,1358,45240,32175,22819.6
2026-03-27,2026-04-13,22550,CE,784.75,790.95,784.75,790.95,465.25,4,2795,-260,22819.6
2026-03-27,2026-04-13,22500,CE,974.95,975.0,791.55,803.6,803.6,401,12545,6890,22819.6
2026-03-27,2026-04-13,22300,CE,1014.85,1014.85,1012.75,1012.75,650.25,2,1885,-65,22819.6
2026-03-27,2026-04-07,26150,CE,2.6,3.95,1.85,3.25,3.25,257,6565,3445,22819.6
2026-03-27,2026-04-07,25350,CE,9.0,9.0,5.9,6.95,6.95,744,11440,975,22819.6
2026-03-27,2026-04-07,24600,CE,31.85,33.4,22.65,23.8,23.8,21700,1254045,253760,22819.6
2026-03-27,2026-04-07,24000,CE,143.9,143.9,75.2,79.2,79.2,97613,1708070,754065,22819.6
2026-03-27,2026-04-07,23600,CE,265.0,265.0,158.55,164.3,164.3,27987,908635,328770,22819.6
2026-03-27,2026-04-07,22750,CE,675.95,686.8,511.45,522.9,522.9,1348,49530,41600,22819.6
2026-03-27,2026-04-07,21900,CE,1364.35,1364.35,1101.1,1117.55,1117.55,20,780,520,22819.6
2026-03-27,2026-04-07,21850,CE,0.0,0.0,0.0,1245.05,1012.2,0,65,0,22819.6
2026-03-27,2026-04-07,20500,CE,2500.0,2500.0,2355.0,2355.0,2355.0,7,195,65,22819.6
2026-03-27,2026-03-30,28000,CE,0.6,0.7,0.4,0.55,0.55,27110,1261045,-248545,22819.6
2026-03-27,2026-03-30,27400,CE,0.9,0.95,0.45,0.65,0.65,2995,99970,-9815,22819.6
2026-03-27,2026-03-30,27050,CE,0.85,1.0,0.35,0.55,0.55,1753,36335,4355,22819.6
2026-03-27,2026-03-30,26800,CE,0.95,1.0,0.5,0.65,0.65,5925,236210,-17095,22819.6
2026-03-27,2026-03-30,26700,CE,0.85,0.9,0.55,0.7,0.7,6724,130195,-20410,22819.6
2026-03-27,2026-03-30,25900,CE,0.9,1.05,0.65,0.9,0.9,40057,566410,-323310,22819.6
2026-03-27,2026-03-30,24550,CE,3.05,5.0,2.1,2.6,2.6,170612,630175,91455,22819.6
2026-03-27,2026-03-30,24500,CE,5.7,5.7,2.35,2.95,2.95,943134,8505705,994240,22819.6
2026-03-27,2026-03-30,23650,CE,97.6,97.6,19.65,21.15,21.15,520632,1093040,577590,22819.6
2026-03-27,2026-03-30,23100,CE,290.0,293.9,87.0,98.95,98.95,1998900,3385850,2559700,22819.6
2026-03-27,2026-03-30,21800,CE,1295.0,1302.5,1014.55,1029.15,1029.15,94,6500,-455,22819.6
2026-03-27,2026-04-07,22600,CE,804.95,805.0,594.65,612.9,612.9,2027,64545,46865,22819.6
2026-03-27,2026-04-07,22450,CE,900.45,900.45,700.35,709.15,709.15,111,3965,1625,22819.6
2026-03-27,2026-04-07,22400,CE,895.3,897.4,730.15,741.45,741.45,399,12220,8385,22819.6
2026-03-27,2026-04-07,21400,CE,0.0,0.0,0.0,1396.9,1455.55,0,390,0,22819.6
2026-03-27,2026-04-07,20850,CE,0.0,0.0,0.0,1853.35,2004.15,0,130,0,22819.6
2026-03-27,2026-03-30,27350,CE,0.9,0.95,0.4,0.55,0.55,1437,23075,3055,22819.6
2026-03-27,2026-03-30,26900,CE,0.8,0.95,0.5,0.65,0.65,1401,54990,-9100,22819.6
2026-03-27,2026-03-30,26750,CE,1.3,1.3,0.45,0.65,0.65,1076,40300,-4615,22819.6
2026-03-27,2026-03-30,26650,CE,0.8,0.85,0.5,0.7,0.7,799,36530,-3055,22819.6
2026-03-27,2026-03-30,24850,CE,3.8,3.8,1.55,1.8,1.8,64512,453635,-53235,22819.6
2026-03-27,2026-03-30,24600,CE,4.8,4.8,1.95,2.35,2.35,274376,2221310,568555,22819.6
2026-03-27,2026-03-30,24150,CE,20.0,20.0,5.25,6.45,6.45,206309,1010490,178555,22819.6
2026-03-27,2026-03-30,21700,CE,1330.0,1330.0,1149.6,1149.6,1129.4,22,1820,-910,22819.6
2026-03-27,2026-03-30,21500,CE,1800.0,1800.0,1308.15,1320.75,1320.75,822,77285,-1430,22819.6
2026-03-27,2026-03-30,21450,CE,1570.0,1570.0,1570.0,1570.0,1379.3,1,195,-65,22819.6
2026-03-27,2026-03-30,21000,CE,2101.35,2106.75,1799.0,1821.95,1821.95,4574,276670,-70505,22819.6
2026-03-27,2026-03-30,20800,CE,0.0,0.0,0.0,2128.1,2029.0,0,0,0,22819.6
2026-03-27,2026-03-30,20650,CE,0.0,0.0,0.0,2276.15,2178.95,0,0,0,22819.6
2026-03-27,2026-03-30,20000,CE,3079.95,3100.0,2796.5,2814.7,2814.7,1079,109110,8125,22819.6
2026-03-27,2030-12-31,19500,PE,0.0,0.0,0.0,67.4,211.25,0,0,0,22819.6
2026-03-27,2029-12-24,30000,PE,0.0,0.0,0.0,1953.5,3398.45,0,0,0,22819.6
2026-03-27,2029-06-26,34500,PE,0.0,0.0,0.0,3889.3,6629.65,0,0,0,22819.6
2026-03-27,2029-06-26,15000,PE,0.0,0.0,0.0,30.9,11.75,0,0,0,22819.6
2026-03-27,2028-12-26,23000,PE,0.0,0.0,0.0,362.05,791.25,0,375,0,22819.6
2026-03-27,2027-12-28,18000,PE,0.0,0.0,0.0,132.8,48.65,0,11550,0,22819.6
2026-03-27,2027-06-29,33000,PE,0.0,0.0,0.0,4691.7,8017.65,0,0,0,22819.6
2026-03-27,2027-06-29,27000,PE,0.0,0.0,0.0,6273.45,2968.1,0,0,0,22819.6
2026-03-27,2027-06-29,24000,PE,0.0,0.0,0.0,5056.2,1200.75,0,0,0,22819.6
2026-03-27,2026-12-29,27000,PE,2786.95,3062.8,2786.95,3044.15,3044.15,496,594070,-6965,22819.6
2026-03-27,2026-12-29,22500,PE,715.45,899.8,715.45,889.15,889.15,1181,223600,-26000,22819.6
2026-03-27,2026-12-29,22000,PE,619.55,789.45,619.55,774.9,774.9,4118,488115,18535,22819.6
2026-03-27,2026-09-29,33000,PE,0.0,0.0,0.0,6552.15,9268.55,0,0,0,22819.6
2026-03-27,2026-09-29,24000,PE,1159.95,1373.6,1154.95,1363.1,1363.1,844,382140,-8320,22819.6
2026-03-27,2026-06-30,31500,PE,0.0,0.0,0.0,4679.25,8232.7,0,0,0,22819.6
2026-03-27,2026-05-26,26150,PE,0.0,0.0,0.0,2453.1,3100.65,0,260,0,22819.6
2026-03-27,2026-05-26,25350,PE,0.0,0.0,0.0,1823.95,2326.4,0,715,0,22819.6
2026-03-27,2026-05-26,23850,PE,0.0,0.0,0.0,896.2,1027.6,0,1755,0,22819.6
2026-03-27,2026-05-26,23800,PE,1035.95,1247.15,1026.0,1241.9,1241.9,86,33410,-1950,22819.6
2026-03-27,2026-05-26,23200,PE,756.0,964.9,756.0,953.45,953.45,501,38545,15730,22819.6
2026-03-27,2026-05-26,23000,PE,620.0,872.9,620.0,864.8,864.8,6236,525655,-17940,22819.6
2026-03-27,2026-05-26,22600,PE,0.0,0.0,0.0,19.45,323.75,0,0,0,22819.6
2026-03-27,2026-05-26,22500,PE,462.2,688.65,462.2,681.4,681.4,3390,234455,8190,22819.6
2026-03-27,2026-05-26,22450,PE,0.0,0.0,0.0,15.2,270.5,0,0,0,22819.6
2026-03-27,2026-05-26,22350,PE,0.0,0.0,0.0,12.8,238.6,0,0,0,22819.6
2026-03-27,2026-05-26,21750,PE,0.0,0.0,0.0,4.2,101.25,0,0,0,22819.6
2026-03-27,2026-05-05,24650,PE,0.0,0.0,0.0,1611.4,1712.65,0,0,0,22819.6
2026-03-27,2026-05-05,24450,PE,0.0,0.0,0.0,1438.65,1527.05,0,0,0,22819.6
2026-03-27,2026-05-05,23750,PE,0.0,0.0,0.0,894.05,929.05,0,0,0,22819.6
2026-03-27,2026-05-05,23350,PE,0.0,0.0,0.0,637.75,642.55,0,0,0,22819.6
2026-03-27,2026-05-05,22650,PE,0.0,0.0,0.0,305.5,276.7,0,0,0,22819.6
2026-03-27,2026-05-05,22450,PE,0.0,0.0,0.0,238.0,205.85,0,0,0,22819.6
2026-03-27,2026-05-05,22400,PE,0.0,0.0,0.0,222.95,190.35,0,0,0,22819.6
2026-03-27,2026-05-05,22300,PE,0.0,0.0,0.0,195.85,161.9,0,0,0,22819.6
2026-03-27,2026-05-05,21800,PE,0.0,0.0,0.0,92.15,64.3,0,0,0,22819.6
2026-03-27,2026-05-05,21700,PE,0.0,0.0,0.0,77.95,52.15,0,0,0,22819.6
2026-03-27,2026-05-05,21550,PE,0.0,0.0,0.0,60.05,37.5,0,0,0,22819.6
2026-03-27,2026-05-05,20800,PE,0.0,0.0,0.0,13.05,5.2,0,0,0,22819.6
2026-03-27,2026-04-28,27550,PE,0.0,0.0,0.0,4148.6,4597.9,0,195,0,22819.6
2026-03-27,2026-04-28,27100,PE,0.0,0.0,0.0,3500.0,4150.05,0,325,0,22819.6
2026-03-27,2026-04-28,27000,PE,3640.0,4053.4,3640.0,4022.3,4022.3,5700,879385,256035,22819.6
2026-03-27,2026-04-28,26150,PE,3178.85,3178.85,3178.85,3178.85,3204.8,1,975,0,22819.6
2026-03-27,2026-04-28,25800,PE,2567.95,2868.95,2567.95,2846.3,2846.3,137,78000,5395,22819.6
2026-03-27,2026-04-28,24750,PE,1729.55,1824.5,1729.55,1819.5,1823.3,76,10985,4290,22819.6
2026-03-27,2026-04-28,24350,PE,1321.7,1589.15,1321.7,1589.15,1589.15,56,17680,2600,22819.6
2026-03-27,2026-04-28,24300,PE,1312.9,1570.3,1312.9,1550.55,1550.55,176,146705,1235,22819.6
2026-03-27,2026-04-28,23650,PE,967.25,1119.45,949.75,1107.3,1107.3,228,26585,-6175,22819.6
2026-03-27,2026-04-28,22900,PE,549.95,743.9,547.35,732.35,732.35,10602,311870,72280,22819.6
2026-03-27,2026-04-28,21250,PE,0.0,0.0,0.0,1.7,11.3,0,0,0,22819.6
2026-03-27,2026-04-28,20500,PE,80.15,126.85,80.15,126.85,126.85,1204,134420,72800,22819.6
2026-03-27,2026-04-21,25300,PE,0.0,0.0,0.0,1595.25,2386.1,0,0,0,22819.6
2026-03-27,2026-04-21,24400,PE,0.0,0.0,0.0,849.0,1502.85,0,0,0,22819.6
2026-03-27,2026-04-21,23800,PE,0.0,0.0,0.0,750.85,954.3,0,2405,0,22819.6
2026-03-27,2026-04-21,23400,PE,586.75,899.75,586.75,899.75,899.75,63,3900,-2925,22819.6
2026-03-27,2026-04-21,22900,PE,0.0,0.0,0.0,138.1,327.75,0,0,0,22819.6
2026-03-27,2026-04-21,22100,PE,0.0,0.0,0.0,29.55,69.65,0,0,0,22819.6
2026-03-27,2026-04-13,25400,PE,2400.0,2572.95,2400.0,2572.95,2572.95,31,2015,1885,22819.6
2026-03-27,2026-04-13,25150,PE,0.0,0.0,0.0,898.85,2266.2,0,0,0,22819.6
2026-03-27,2026-04-13,24700,PE,1700.0,1700.0,1700.0,1700.0,1818.4,1,325,65,22819.6
2026-03-27,2026-04-13,24050,PE,0.0,0.0,0.0,1214.95,1182.75,0,130,0,22819.6
2026-03-27,2026-04-13,22900,PE,414.95,622.2,412.65,610.1,610.1,2344,37115,23790,22819.6
2026-03-27,2026-04-13,22850,PE,0.0,0.0,0.0,32.85,258.7,0,0,0,22819.6
2026-03-27,2026-04-13,22450,PE,0.0,0.0,0.0,12.6,108.6,0,0,0,22819.6
2026-03-27,2026-04-13,21500,PE,106.95,106.95,106.95,106.95,106.95,34,2340,2145,22819.6
2026-03-27,2026-04-13,21400,PE,0.0,0.0,0.0,0.5,2.95,0,0,0,22819.6
2026-03-27,2026-04-13,21200,PE,0.0,0.0,0.0,0.25,1.15,0,0,0,22819.6
2026-03-27,2026-04-13,20850,PE,0.0,0.0,0.0,0.1,0.15,0,0,0,22819.6
2026-03-27,2026-04-13,20750,PE,0.0,0.0,0.0,0.05,0.1,0,0,0,22819.6
2026-03-27,2026-04-07,26300,PE,3255.0,3445.0,3240.0,3439.2,3439.2,74,4810,4745,22819.6
2026-03-27,2026-04-07,25450,PE,2400.0,2400.0,2400.0,2400.0,2588.25,1,65,0,22819.6
2026-03-27,2026-04-07,24450,PE,0.0,0.0,0.0,1176.0,1590.35,0,106470,0,22819.6
2026-03-27,2026-04-07,24300,PE,1272.2,1508.0,1230.9,1503.5,1503.5,427,213720,2860,22819.6
2026-03-27,2026-04-07,23750,PE,801.1,1080.3,801.1,1080.3,1080.3,43,6045,-130,22819.6
2026-03-27,2026-04-07,23450,PE,563.0,831.85,559.5,821.7,821.7,1176,30095,-19045,22819.6
2026-03-27,2026-04-07,22850,PE,278.55,496.75,278.55,482.65,482.65,15108,213135,175175,22819.6
2026-03-27,2026-04-07,22750,PE,278.15,451.6,278.15,437.9,437.9,7277,110500,62205,22819.6
2026-03-27,2026-04-07,22450,PE,0.0,0.0,0.0,2.45,71.9,0,0,0,22819.6
2026-03-27,2026-04-07,21050,PE,0.0,0.0,0.0,0.05,0.05,0,0,0,22819.6
2026-03-27,2026-04-07,20850,PE,0.0,0.0,0.0,0.05,0.05,0,0,0,22819.6
2026-03-27,2026-03-30,27400,PE,4489.25,4500.0,4451.3,4500.0,4568.0,12,2145,-650,22819.6
2026-03-27,2026-03-30,27250,PE,4296.55,4296.55,4296.55,4296.55,4418.1,2,390,-130,22819.6
2026-03-27,2026-03-30,26850,PE,0.0,0.0,0.0,3516.0,4018.25,0,650,0,22819.6
2026-03-27,2026-03-30,26650,PE,3582.9,3701.25,3582.9,3701.25,3818.35,2,2145,-65,22819.6
2026-03-27,2026-03-30,26500,PE,3375.0,3709.35,3375.0,3687.2,3687.2,3859,400595,-148525,22819.6
2026-03-27,2026-03-30,26350,PE,3250.0,3571.1,3250.0,3571.1,3571.1,25,10725,-325,22819.6
2026-03-27,2026-03-30,26050,PE,3085.35,3220.0,3070.0,3220.0,3220.0,6,12480,-65,22819.6
2026-03-27,2026-03-30,25300,PE,2258.8,2503.9,2200.85,2488.6,2488.6,1125,135980,-31720,22819.6
2026-03-27,2026-03-30,24600,PE,1539.95,1802.35,1499.0,1789.05,1789.05,4076,282685,-110110,22819.6
2026-03-27,2026-03-30,24350,PE,1280.0,1542.0,1280.0,1537.5,1537.5,36,23660,-1040,22819.6
2026-03-27,2026-03-30,24200,PE,1099.95,1400.25,1095.05,1390.45,1390.45,2016,322855,-52650,22819.6
2026-03-27,2026-03-30,23600,PE,493.5,825.2,493.5,806.4,806.4,21384,344695,-175175,22819.6
2026-03-27,2026-03-30,23500,PE,447.45,732.6,426.45,708.95,708.95,128260,1409460,-989625,22819.6
2026-03-27,2026-03-30,22800,PE,121.2,214.5,121.2,203.05,203.05,2516395,3361020,405275,22819.6
2026-03-27,2026-03-30,22750,PE,200.0,200.0,110.65,179.8,179.8,945861,760500,3055,22819.6
2026-03-27,2026-03-30,22250,PE,52.0,61.5,33.5,46.55,46.55,568550,934830,575315,22819.6
2026-03-27,2026-03-30,22050,PE,35.15,40.3,19.5,25.2,25.2,433767,754845,154960,22819.6
2026-03-27,2026-03-30,22000,PE,24.7,36.25,17.0,21.7,21.7,1924200,9395570,1463875,22819.6
2026-03-27,2026-03-30,21700,PE,16.9,19.35,6.45,7.95,7.95,581764,1938300,-216125,22819.6
2026-03-27,2026-03-30,21450,PE,11.95,11.95,3.2,4.05,4.05,165671,568685,193570,22819.6
2026-03-27,2026-03-30,20800,PE,4.95,4.95,1.8,2.4,2.4,105381,665080,144430,22819.6
2026-03-27,2030-12-31,34500,CE,0.0,0.0,0.0,3406.35,1469.35,0,0,0,22819.6
2026-03-27,2029-12-24,19500,CE,0.0,0.0,0.0,10678.8,7158.8,0,0,0,22819.6
2026-03-27,2029-06-26,19500,CE,0.0,0.0,0.0,10206.95,6712.8,0,0,0,22819.6
2026-03-27,2028-12-26,16500,CE,0.0,0.0,0.0,12176.65,8667.65,0,0,0,22819.6
2026-03-27,2028-06-27,31500,CE,0.0,0.0,0.0,1784.8,477.6,0,0,0,22819.6
2026-03-27,2027-12-28,16500,CE,0.0,0.0,0.0,11316.4,7851.6,0,0,0,22819.6
2026-03-27,2026-09-29,30000,CE,36.3,39.35,35.0,38.0,38.0,456,125150,4550,22819.6
2026-03-27,2026-09-29,18000,CE,0.0,0.0,0.0,7684.05,5319.35,0,0,0,22819.6
2026-03-27,2026-06-30,19500,CE,0.0,0.0,0.0,4300.0,3600.5,0,1300,0,22819.6
2026-03-27,2026-06-30,15000,CE,0.0,0.0,0.0,5184.4,8032.8,0,0,0,22819.6
2026-03-27,2026-06-30,12000,CE,0.0,0.0,0.0,8690.0,10990.15,0,50,0,22819.6
2026-03-27,2026-05-26,25800,CE,82.1,89.4,70.0,71.55,71.55,197,26845,195,22819.6
2026-03-27,2026-05-26,25650,CE,98.1,99.0,79.85,80.55,80.55,64,3055,325,22819.6
2026-03-27,2026-05-26,25300,CE,132.1,144.35,115.3,116.7,116.7,168,22620,2145,22819.6
2026-03-27,2026-05-26,24900,CE,205.35,219.35,181.45,183.85,183.85,200,15600,780,22819.6
2026-03-27,2026-05-26,24100,CE,455.3,473.95,398.05,400.95,400.95,250,20475,7735,22819.6
2026-03-27,2026-05-26,23950,CE,510.0,510.0,450.0,456.55,456.55,59,4030,2210,22819.6
2026-03-27,2026-05-26,23650,CE,602.9,602.9,580.0,580.5,580.5,6,2730,-65,22819.6
2026-03-27,2026-05-26,22750,CE,1085.2,1085.2,1063.8,1070.4,1070.4,8,1365,-65,22819.6
2026-03-27,2026-05-26,22550,CE,1233.3,1233.3,1185.2,1187.25,1187.25,5,845,-130,22819.6
2026-03-27,2026-05-26,22450,CE,0.0,0.0,0.0,1585.05,842.15,0,390,0,22819.6
2026-03-27,2026-05-26,21550,CE,0.0,0.0,0.0,2251.45,1536.45,0,65,0,22819.6
2026-03-27,2026-05-26,21250,CE,2301.4,2301.4,2297.8,2297.8,1803.45,2,195,130,22819.6
2026-03-27,2026-05-26,21150,CE,2382.5,2382.5,2379.55,2379.55,1895.15,2,195,130,22819.6
2026-03-27,2026-05-26,20950,CE,2545.8,2545.8,2545.8,2545.8,2081.7,1,130,65,22819.6
2026-03-27,2026-05-05,25250,CE,0.0,0.0,0.0,29.65,7.0,0,0,0,22819.6
2026-03-27,2026-05-05,23350,CE,0.0,0.0,0.0,392.3,249.0,0,0,0,22819.6
2026-03-27,2026-05-05,22550,CE,0.0,0.0,0.0,818.2,641.2,0,0,0,22819.6
2026-03-27,2026-05-05,22300,CE,0.0,0.0,0.0,991.7,812.15,0,0,0,22819.6
2026-03-27,2026-05-05,21600,CE,0.0,0.0,0.0,1555.7,1388.1,0,0,0,22819.6
2026-03-27,2026-05-05,21550,CE,0.0,0.0,0.0,1599.75,1433.35,0,0,0,22819.6
2026-03-27,2026-05-05,21450,CE,0.0,0.0,0.0,1688.9,1525.0,0,0,0,22819.6
2026-03-27,2026-05-05,21400,CE,0.0,0.0,0.0,1734.05,1571.4,0,0,0,22819.6
2026-03-27,2026-05-05,21150,CE,0.0,0.0,0.0,1964.3,1807.55,0,0,0,22819.6
2026-03-27,2026-04-28,26950,CE,10.8,12.9,8.4,9.25,9.25,96,4030,-130,22819.6
2026-03-27,2026-04-28,26600,CE,15.1,15.1,10.25,12.2,12.2,174,47840,-2600,22819.6
2026-03-27,2026-04-28,26000,CE,31.0,31.0,21.5,22.2,22.2,33393,2819115,370890,22819.6
2026-03-27,2026-04-28,25950,CE,30.25,30.25,21.75,22.15,22.15,525,30875,3705,22819.6
2026-03-27,2026-04-28,25200,CE,63.0,67.55,53.45,54.45,54.45,3910,166725,-13325,22819.6
2026-03-27,2026-04-28,24650,CE,162.15,165.0,112.55,114.5,114.5,744,22425,5070,22819.6
2026-03-27,2026-04-28,24350,CE,205.5,216.45,168.1,171.65,171.65,471,32825,8450,22819.6
2026-03-27,2026-04-28,22950,CE,850.0,860.1,716.05,733.3,733.3,903,35295,24505,22819.6
2026-03-27,2026-04-28,22600,CE,1080.05,1091.05,923.35,936.6,936.6,1075,53885,36660,22819.6
2026-03-27,2026-04-28,22500,CE,1144.85,1177.2,982.7,1000.55,1000.55,8287,649870,184925,22819.6
2026-03-27,2026-04-28,22400,CE,1210.75,1211.8,1053.1,1061.8,1061.8,282,59085,2015,22819.6
2026-03-27,2026-04-28,21850,CE,0.0,0.0,0.0,1283.9,1128.85,0,650,0,22819.6
2026-03-27,2026-04-28,20850,CE,0.0,0.0,0.0,2207.25,2073.05,0,195,0,22819.6
2026-03-27,2026-04-28,20600,CE,0.0,0.0,0.0,2410.0,2319.95,0,130,0,22819.6
2026-03-27,2026-04-21,23800,CE,339.95,346.0,276.75,282.9,282.9,230,13195,8580,22819.6
2026-03-27,2026-04-21,23700,CE,387.0,387.0,306.35,317.4,317.4,208,10855,7020,22819.6
2026-03-27,2026-04-21,23600,CE,425.45,426.85,347.3,355.7,355.7,190,8385,4615,22819.6
2026-03-27,2026-04-21,23200,CE,603.95,627.5,511.0,516.85,516.85,137,6240,390,22819.6
2026-03-27,2026-04-21,23150,CE,656.3,656.3,536.8,537.4,537.4,30,2860,1430,22819.6
2026-03-27,2026-04-21,22450,CE,0.0,0.0,0.0,1343.3,603.25,0,0,0,22819.6
2026-03-27,2026-04-21,22150,CE,0.0,0.0,0.0,1612.75,831.25,0,0,0,22819.6
2026-03-27,2026-04-21,21850,CE,0.0,0.0,0.0,1894.15,1088.7,0,0,0,22819.6
2026-03-27,2026-04-21,21500,CE,0.0,0.0,0.0,2232.0,1413.65,0,0,0,22819.6
2026-03-27,2026-04-13,25500,CE,24.0,24.0,12.75,13.45,13.45,2091,78065,21320,22819.6
2026-03-27,2026-04-13,24550,CE,73.25,76.95,58.5,61.15,61.15,268,4290,-325,22819.6
2026-03-27,2026-04-13,24250,CE,116.0,128.6,96.1,99.0,99.0,306,12285,3835,22819.6
2026-03-27,2026-04-13,24150,CE,138.55,153.45,114.35,117.0,117.0,274,6955,1495,22819.6
2026-03-27,2026-04-13,22600,CE,761.1,772.05,731.75,742.9,742.9,36,5850,65,22819.6
2026-03-27,2026-04-13,21600,CE,0.0,0.0,0.0,1500.7,1281.85,0,65,0,22819.6
2026-03-27,2026-04-13,21450,CE,0.0,0.0,0.0,1579.85,1428.2,0,65,0,22819.6
2026-03-27,2026-04-13,21400,CE,1745.0,1745.0,1745.0,1745.0,1477.3,1,130,65,22819.6
2026-03-27,2026-04-13,21050,CE,0.0,0.0,0.0,1827.35,1824.0,0,65,0,22819.6
2026-03-27,2026-04-07,26450,CE,1.6,3.45,1.6,2.8,2.8,385,8450,1040,22819.6
2026-03-27,2026-04-07,26200,CE,4.05,4.05,1.8,3.35,3.35,3489,75205,30615,22819.6
2026-03-27,2026-04-07,26100,CE,4.65,4.65,2.0,3.45,3.45,2564,36075,7930,22819.6
2026-03-27,2026-04-07,25800,CE,4.3,4.65,2.95,4.15,4.15,7785,115505,71565,22819.6
2026-03-27,2026-04-07,25450,CE,7.05,7.5,4.5,5.75,5.75,824,11700,3835,22819.6
2026-03-27,2026-04-07,25150,CE,15.4,15.4,8.7,9.55,9.55,2296,28730,17290,22819.6
2026-03-27,2026-04-07,24650,CE,44.95,44.95,20.85,21.9,21.9,2868,42380,20020,22819.6
2026-03-27,2026-04-07,22900,CE,594.95,598.0,429.15,440.45,440.45,40593,669955,591175,22819.6
2026-03-27,2026-04-28,26500,CE,17.3,17.9,12.05,13.05,13.05,9332,591435,28925,22819.6
2026-03-27,2026-04-28,25900,CE,31.35,31.35,21.75,23.55,23.55,906,76180,12350,22819.6
2026-03-27,2026-04-28,25250,CE,59.85,64.9,50.3,50.85,50.85,101,14300,2210,22819.6
2026-03-27,2026-04-28,24550,CE,168.3,182.3,129.15,130.65,130.65,614,25350,6045,22819.6
2026-03-27,2026-04-28,24250,CE,230.0,244.8,191.05,196.2,196.2,659,38610,2860,22819.6
2026-03-27,2026-04-28,23900,CE,370.0,370.85,290.0,295.55,295.55,2733,156975,23660,22819.6
2026-03-27,2026-04-28,23500,CE,551.0,551.0,445.0,453.15,453.15,51973,2415140,162825,22819.6
2026-03-27,2026-04-28,23300,CE,700.0,700.0,536.0,544.15,544.15,9589,483275,158015,22819.6
2026-03-27,2026-04-28,22850,CE,886.65,920.0,775.05,783.75,783.75,749,29705,20735,22819.6
2026-03-27,2026-04-28,21100,CE,0.0,0.0,0.0,1802.45,1828.25,0,260,0,22819.6
2026-03-27,2026-04-21,25500,CE,0.0,0.0,0.0,31.85,0.4,0,0,0,22819.6
2026-03-27,2026-04-21,25400,CE,0.0,0.0,0.0,38.45,0.55,0,0,0,22819.6
2026-03-27,2026-04-21,25000,CE,74.65,74.65,50.55,52.0,52.0,574,25350,4290,22819.6
2026-03-27,2026-03-30,19000,CE,4070.0,4113.05,3798.75,3825.05,3825.05,1641,46495,-77310,22819.6
2026-03-27,2026-03-30,21650,CE,0.0,0.0,0.0,1315.6,1179.4,0,455,0,22819.6
2026-03-27,2026-03-30,22050,CE,1036.35,1059.05,764.0,795.9,795.9,193,6175,1365,22819.6
2026-03-27,2026-03-30,22550,CE,669.95,678.1,356.25,377.85,377.85,8477,150735,32695,22819.6
2026-03-27,2027-06-29,28500,PE,0.0,0.0,0.0,1807.05,4104.65,0,0,0,22819.6
2026-03-27,2026-03-30,22900,CE,425.0,425.0,158.0,174.45,174.45,1498548,2324530,1420445,22819.6
2026-03-27,2026-03-30,23700,CE,68.9,68.95,17.2,18.65,18.65,942803,2787915,282880,22819.6
2026-03-27,2026-03-30,25150,CE,1.7,1.85,1.05,1.2,1.2,20337,239265,-98020,22819.6
2026-03-27,2026-03-30,25250,CE,1.85,1.85,0.8,1.0,1.0,48407,599040,322660,22819.6
2026-03-27,2026-03-30,26350,CE,1.0,1.1,0.5,0.65,0.65,2126,60905,-390,22819.6
2026-03-27,2026-03-30,26400,CE,1.0,1.25,0.55,0.7,0.7,5694,231725,-44330,22819.6
2026-03-27,2026-03-30,27950,CE,0.7,0.8,0.4,0.6,0.6,989,31200,14040,22819.6
2026-03-27,2026-03-30,30000,CE,0.45,0.55,0.3,0.4,0.4,8257,357820,-64910,22819.6
2026-03-27,2026-04-07,21950,CE,1188.15,1188.15,1188.15,1188.15,916.25,1,0,-65,22819.6
2026-03-27,2026-04-07,22300,CE,1011.05,1013.5,802.35,812.95,812.95,233,9815,8970,22819.6
2026-03-27,2026-04-07,23750,CE,205.0,205.0,122.0,127.6,127.6,3761,88335,15535,22819.6
2026-03-27,2026-04-07,23800,CE,157.05,172.85,110.45,115.55,115.55,30999,596115,346580,22819.6
2026-03-27,2026-04-07,24550,CE,54.6,54.6,25.05,26.3,26.3,3738,836225,10465,22819.6
2026-03-27,2026-04-07,25600,CE,8.1,8.5,3.85,4.8,4.8,12814,260000,96590,22819.6
2026-03-27,2026-04-07,25750,CE,4.75,4.95,3.3,4.25,4.25,639,8060,3120,22819.6
2026-03-27,2026-04-13,21550,CE,0.0,0.0,0.0,1531.8,1330.4,0,65,0,22819.6
2026-03-27,2026-04-13,21850,CE,1372.25,1372.25,1372.25,1372.25,1043.55,2,130,65,22819.6
2026-03-27,2026-04-13,22350,CE,1046.0,1046.0,916.1,916.1,610.9,3,325,130,22819.6
2026-03-27,2026-04-13,23150,CE,604.0,604.0,436.55,440.9,440.9,219,4030,2535,22819.6
2026-03-27,2026-04-13,23300,CE,429.85,483.95,365.95,373.55,373.55,2227,87230,50570,22819.6
2026-03-27,2026-04-13,23700,CE,285.05,299.65,223.55,228.45,228.45,720,19370,8060,22819.6
2026-03-27,2026-04-13,23750,CE,276.3,276.3,210.0,213.65,213.65,237,10010,7735,22819.6
2026-03-27,2026-04-13,24750,CE,54.5,55.2,42.3,43.85,43.85,236,7215,-390,22819.6
2026-03-27,2026-04-13,25900,CE,11.65,12.95,6.5,8.05,8.05,370,10985,6890,22819.6
2026-03-27,2026-04-21,22850,CE,0.0,0.0,0.0,1011.6,358.75,0,0,0,22819.6
2026-03-27,2026-04-21,23350,CE,529.1,529.1,507.55,507.55,158.2,2,1820,65,22819.6
2026-03-27,2026-04-21,24650,CE,0.0,0.0,0.0,135.15,6.9,0,0,0,22819.6
2026-03-27,2030-12-31,25500,PE,0.0,0.0,0.0,538.25,1263.35,0,0,0,22819.6
2026-03-27,2030-12-31,18000,PE,0.0,0.0,0.0,32.3,110.7,0,0,0,22819.6
2026-03-27,2030-06-25,34500,PE,0.0,0.0,0.0,3237.2,5634.9,0,0,0,22819.6
2026-03-27,2030-06-25,27000,PE,0.0,0.0,0.0,1286.05,1855.2,0,0,0,22819.6
2026-03-27,2029-12-24,33000,PE,0.0,0.0,0.0,2953.7,5139.35,0,0,0,22819.6
2026-03-27,2029-12-24,26000,PE,0.0,0.0,0.0,700.0,1610.45,0,3665,0,22819.6
2026-03-27,2029-06-26,18000,PE,0.0,0.0,0.0,118.45,92.35,0,0,0,22819.6
2026-03-27,2028-12-26,33000,PE,0.0,0.0,0.0,3315.4,6083.0,0,0,0,22819.6
2026-03-27,2028-12-26,19500,PE,0.0,0.0,0.0,49.0,187.3,0,0,0,22819.6
2026-03-27,2028-12-26,18000,PE,0.0,0.0,0.0,250.0,81.15,0,75,0,22819.6
2026-03-27,2027-12-28,21000,PE,628.0,755.0,628.0,747.5,747.5,18,4405,1040,22819.6
2026-03-27,2026-12-29,28000,PE,3507.95,3852.15,3507.95,3846.05,3846.05,218,640375,4290,22819.6
2026-03-27,2026-12-29,18000,PE,140.9,207.45,140.9,199.45,199.45,647,41895,14485,22819.6
2026-03-27,2026-12-29,16500,PE,0.0,0.0,0.0,0.1,0.8,0,0,0,22819.6
2026-03-27,2026-09-29,21000,PE,364.0,485.7,364.0,479.3,479.3,2576,150995,2535,22819.6
2026-03-27,2026-06-30,33000,PE,0.0,0.0,0.0,5977.5,9711.35,0,0,0,22819.6
2026-03-27,2026-06-30,26000,PE,2500.0,2830.0,2500.0,2817.8,2817.8,5748,2319845,68960,22819.6
2026-03-27,2026-06-30,21000,PE,271.6,379.95,269.0,373.45,373.45,13265,1619430,126680,22819.6
2026-03-27,2026-06-30,12000,PE,12.1,13.4,11.25,12.55,12.55,339,44580,8765,22819.6
2026-03-27,2026-05-26,27150,PE,0.0,0.0,0.0,3582.1,4086.75,0,65,0,22819.6
2026-03-27,2026-05-26,27100,PE,0.0,0.0,0.0,3531.95,4037.25,0,65,0,22819.6
2026-03-27,2026-05-26,26700,PE,0.0,0.0,0.0,2926.95,3641.95,0,130,0,22819.6
2026-03-27,2026-05-26,24450,PE,0.0,0.0,0.0,849.9,1507.45,0,1040,0,22819.6
2026-03-27,2026-05-26,24100,PE,1196.5,1351.25,1070.4,1341.3,1218.75,54,4680,1560,22819.6
2026-03-27,2026-05-26,22200,PE,0.0,0.0,0.0,9.85,195.9,0,0,0,22819.6
2026-03-27,2026-05-26,22000,PE,390.8,538.25,389.3,534.25,534.25,6076,381940,11960,22819.6
2026-03-27,2026-05-26,20600,PE,0.0,0.0,0.0,0.35,10.9,0,0,0,22819.6
2026-03-27,2026-05-05,25000,PE,0.0,0.0,0.0,1926.65,2046.45,0,0,0,22819.6
2026-03-27,2026-05-05,24850,PE,0.0,0.0,0.0,1789.75,1902.25,0,0,0,22819.6
2026-03-27,2026-05-05,24100,PE,0.0,0.0,0.0,1153.15,1215.8,0,0,0,22819.6
2026-03-27,2026-05-05,21750,PE,0.0,0.0,0.0,84.8,57.95,0,0,0,22819.6
2026-03-27,2026-05-05,20700,PE,0.0,0.0,0.0,10.35,3.85,0,0,0,22819.6
2026-03-27,2026-04-28,27300,PE,4278.0,4411.95,4278.0,4286.75,4286.75,40,2405,2340,22819.6
2026-03-27,2026-04-28,26750,PE,0.0,0.0,0.0,3017.45,3801.75,0,910,0,22819.6
2026-03-27,2026-04-28,26400,PE,3275.0,3491.65,3080.65,3436.8,3436.8,230,14430,3965,22819.6
2026-03-27,2026-04-28,26250,PE,3000.35,3000.35,3000.0,3000.0,3304.25,2,4030,0,22819.6
2026-03-27,2026-04-28,25900,PE,2638.55,2988.35,2638.55,2956.4,2956.4,195,19565,6305,22819.6
2026-03-27,2026-04-28,24450,PE,1493.95,1582.1,1472.0,1581.7,1537.4,94,11375,3770,22819.6
2026-03-27,2026-04-28,24100,PE,1149.95,1394.9,1139.95,1393.6,1393.6,152,404755,-390,22819.6
2026-03-27,2026-04-28,23400,PE,690.0,984.15,662.45,963.5,963.5,6650,472290,14495,22819.6
2026-03-27,2026-04-28,22100,PE,340.0,456.75,330.75,448.8,448.8,2107,70850,650,22819.6
2026-03-27,2026-04-28,22000,PE,284.35,429.65,281.75,423.25,423.25,53772,2741440,489450,22819.6
2026-03-27,2026-04-28,21450,PE,0.0,0.0,0.0,2.65,19.95,0,0,0,22819.6
2026-03-27,2026-04-28,20750,PE,0.0,0.0,0.0,0.5,2.2,0,0,0,22819.6
2026-03-27,2026-04-28,20700,PE,0.0,0.0,0.0,0.45,1.85,0,0,0,22819.6
2026-03-27,2026-04-21,25450,PE,0.0,0.0,0.0,1733.1,2535.2,0,0,0,22819.6
2026-03-27,2026-04-21,24900,PE,2000.0,2001.05,2000.0,2000.55,2000.55,4,260,260,22819.6
2026-03-27,2026-04-21,24800,PE,1950.0,1950.0,1940.0,1945.0,1945.0,4,260,260,22819.6
2026-03-27,2026-04-21,24600,PE,0.0,0.0,0.0,999.45,1695.9,0,0,0,22819.6
2026-03-27,2026-04-21,22700,PE,399.05,600.0,399.05,595.0,595.0,487,18265,7020,22819.6
2026-03-27,2026-04-21,21800,PE,0.0,0.0,0.0,14.5,32.2,0,0,0,22819.6
2026-03-27,2026-04-21,21500,PE,0.0,0.0,0.0,6.6,13.2,0,0,0,22819.6
2026-03-27,2026-04-21,20850,PE,0.0,0.0,0.0,0.9,1.2,0,0,0,22819.6
2026-03-27,2026-04-21,20700,PE,0.0,0.0,0.0,0.55,0.6,0,0,0,22819.6
2026-03-27,2026-04-13,25950,PE,0.0,0.0,0.0,1568.6,3064.0,0,0,0,22819.6
2026-03-27,2026-04-13,25200,PE,0.0,0.0,0.0,2250.0,2316.05,0,130,0,22819.6
2026-03-27,2026-04-13,24650,PE,0.0,0.0,0.0,1820.6,1768.8,0,0,0,22819.6
2026-03-27,2026-04-13,24400,PE,1500.0,1518.0,1500.0,1518.0,1521.95,3,260,130,22819.6
2026-03-27,2026-04-13,23050,PE,0.0,0.0,0.0,50.35,367.9,0,0,0,22819.6
2026-03-27,2026-04-13,21000,PE,0.0,0.0,0.0,40.2,0.4,0,65,0,22819.6
2026-03-27,2026-04-07,26600,PE,0.0,0.0,0.0,2565.9,3736.35,0,65,0,22819.6
2026-03-27,2026-04-07,26450,PE,0.0,0.0,0.0,2419.8,3586.6,0,65,0,22819.6
2026-03-27,2026-04-07,26050,PE,3070.0,3070.0,3070.0,3070.0,3187.25,1,130,65,22819.6
2026-03-27,2026-04-07,24200,PE,1123.0,1423.4,1123.0,1412.05,1412.05,139,565565,260,22819.6
2026-03-27,2026-04-07,23950,PE,1021.95,1104.1,1021.95,1096.05,1096.35,21,2080,-910,22819.6
2026-03-27,2026-04-07,23850,PE,970.0,1123.85,970.0,1117.6,1117.6,42,11960,780,22819.6
2026-03-27,2026-04-07,23200,PE,435.25,680.2,428.5,666.85,666.85,31499,735930,101335,22819.6
2026-03-27,2026-04-07,22650,PE,257.95,425.0,257.95,397.1,397.1,4346,79430,41795,22819.6
2026-03-27,2026-04-07,21150,PE,0.0,0.0,0.0,0.05,0.1,0,0,0,22819.6
2026-03-27,2026-04-07,20650,PE,0.0,0.0,0.0,0.05,0.05,0,0,0,22819.6
2026-03-27,2026-04-07,20500,PE,28.2,42.45,26.45,38.0,38.0,71558,2167555,1299220,22819.6
2026-03-27,2026-03-30,27900,PE,4900.0,4948.3,4900.0,4943.85,5067.8,5,2015,0,22819.6
2026-03-27,2026-03-30,26300,PE,3469.9,3495.0,3187.1,3484.5,3484.5,543,102115,-26585,22819.6
2026-03-27,2026-03-30,23100,PE,250.0,394.35,219.55,377.75,377.75,1378331,908375,-897000,22819.6
2026-03-27,2026-03-30,23050,PE,219.85,357.85,200.85,343.1,343.1,1211706,721630,-71695,22819.6
2026-03-27,2026-03-30,22400,PE,60.5,84.8,49.95,71.85,71.85,1074388,2589990,230945,22819.6
2026-03-27,2026-03-30,22100,PE,33.35,44.7,22.25,29.7,29.7,745316,1760655,732095,22819.6
2026-03-27,2026-03-30,21600,PE,15.2,15.7,4.6,5.75,5.75,490671,1711580,392730,22819.6
2026-03-27,2026-03-30,21200,PE,7.75,7.75,1.95,2.45,2.45,366126,1386320,6630,22819.6
2026-03-27,2026-03-30,21050,PE,5.05,5.45,1.75,2.2,2.2,78919,285285,80210,22819.6
2026-03-27,2026-03-30,19000,PE,1.65,1.7,0.85,1.0,1.0,263845,4519520,-1101560,22819.6
2026-03-27,2030-12-31,21000,CE,0.0,0.0,0.0,10552.5,7029.3,0,0,0,22819.6
2026-03-27,2030-12-31,15000,CE,0.0,0.0,0.0,14862.95,11299.8,0,0,0,22819.6
2026-03-27,2029-12-24,34500,CE,0.0,0.0,0.0,2377.55,855.4,0,0,0,22819.6
2026-03-27,2028-06-27,27000,CE,0.0,0.0,0.0,2885.15,1464.2,0,0,0,22819.6
2026-03-27,2027-12-28,34500,CE,0.0,0.0,0.0,152.0,84.9,0,0,0,22819.6
2026-03-27,2027-12-28,28500,CE,0.0,0.0,0.0,965.0,655.15,0,3380,0,22819.6
2026-03-27,2027-06-29,24000,CE,0.0,0.0,0.0,2639.95,1624.2,0,735,0,22819.6
2026-03-27,2026-09-29,33000,CE,17.1,19.4,17.0,17.05,0.2,11,8385,390,22819.6
2026-03-27,2026-06-30,27000,CE,58.3,58.3,48.0,49.35,49.35,8173,2705010,12915,22819.6
2026-03-27,2026-06-30,25000,CE,315.05,330.85,276.0,280.9,280.9,17150,3329045,217965,22819.6
2026-03-27,2026-06-30,21000,CE,2565.0,2700.0,2497.8,2512.15,2512.15,3397,470080,40625,22819.6
2026-03-27,2026-05-26,27000,CE,25.9,30.0,21.0,28.15,28.15,1937,224445,16055,22819.6
2026-03-27,2026-05-26,26500,CE,42.75,43.7,36.15,37.35,37.35,1434,121680,16055,22819.6
2026-03-27,2026-05-26,26050,CE,66.6,75.95,46.0,54.05,54.05,115,2145,520,22819.6
2026-03-27,2026-05-26,25050,CE,190.85,193.65,154.7,156.35,156.35,55,27495,195,22819.6
2026-03-27,2026-05-26,24450,CE,304.8,304.8,294.0,302.65,97.1,13,5525,715,22819.6
2026-03-27,2026-05-26,24200,CE,424.65,436.35,362.5,366.95,366.95,312,22750,4810,22819.6
2026-03-27,2026-05-26,23800,CE,578.05,605.6,509.1,517.25,517.25,345,23465,-1365,22819.6
2026-03-27,2026-05-26,23000,CE,1078.45,1078.5,910.0,917.15,917.15,3253,374725,70590,22819.6
2026-03-27,2026-05-26,22850,CE,1028.85,1049.5,1013.35,1013.35,1013.35,4,1300,260,22819.6
2026-03-27,2026-05-26,22100,CE,1585.0,1585.0,1585.0,1585.0,1089.25,2,585,0,22819.6
2026-03-27,2026-05-26,20650,CE,2799.3,2799.3,2799.3,2799.3,2367.7,1,130,65,22819.6
2026-03-27,2026-05-05,25450,CE,0.0,0.0,0.0,21.05,4.3,0,0,0,22819.6
2026-03-27,2026-05-05,24750,CE,0.0,0.0,0.0,65.95,21.65,0,0,0,22819.6
2026-03-27,2026-05-05,24250,CE,0.0,0.0,0.0,134.55,58.4,0,0,0,22819.6
2026-03-27,2026-05-05,24050,CE,0.0,0.0,0.0,174.7,83.65,0,0,0,22819.6
2026-03-27,2026-05-05,23650,CE,0.0,0.0,0.0,282.75,161.0,0,0,0,22819.6
2026-03-27,2026-05-05,23150,CE,0.0,0.0,0.0,480.2,324.6,0,0,0,22819.6
2026-03-27,2026-05-05,23000,CE,0.0,0.0,0.0,554.3,391.0,0,0,0,22819.6
2026-03-27,2026-05-05,22450,CE,0.0,0.0,0.0,885.15,707.0,0,0,0,22819.6
2026-03-27,2026-05-05,22400,CE,0.0,0.0,0.0,919.65,741.2,0,0,0,22819.6
2026-03-27,2026-05-05,22100,CE,0.0,0.0,0.0,1141.1,963.65,0,0,0,22819.6
2026-03-27,2026-05-05,21650,CE,0.0,0.0,0.0,1512.1,1343.3,0,0,0,22819.6
2026-03-27,2026-05-05,20950,CE,0.0,0.0,0.0,2153.0,2000.45,0,0,0,22819.6
2026-03-27,2026-05-05,20650,CE,0.0,0.0,0.0,2441.45,2293.85,0,0,0,22819.6
2026-03-27,2026-04-21,21100,CE,0.0,0.0,0.0,2624.75,1802.2,0,0,0,22819.6
2026-03-27,2026-04-21,22900,CE,0.0,0.0,0.0,972.9,333.5,0,0,0,22819.6
2026-03-27,2030-06-25,28500,PE,0.0,0.0,0.0,1167.6,2453.4,0,0,0,22819.6
2026-03-27,2030-06-25,21000,PE,0.0,0.0,0.0,220.0,374.35,0,65,0,22819.6
2026-03-27,2029-12-24,28500,PE,0.0,0.0,0.0,1255.9,2648.75,0,0,0,22819.6
2026-03-27,2029-06-26,22500,PE,0.0,0.0,0.0,224.45,652.95,0,0,0,22819.6
2026-03-27,2029-06-26,16500,PE,0.0,0.0,0.0,8.1,36.45,0,0,0,22819.6
2026-03-27,2028-12-26,15000,PE,0.0,0.0,0.0,22.25,8.4,0,0,0,22819.6
2026-03-27,2028-06-27,31500,PE,0.0,0.0,0.0,2935.6,5484.1,0,0,0,22819.6
2026-03-27,2027-12-28,31500,PE,0.0,0.0,0.0,3240.0,6028.5,0,0,0,22819.6
2026-03-27,2027-12-28,30000,PE,0.0,0.0,0.0,4140.9,4827.45,0,0,0,22819.6
2026-03-27,2027-12-28,25000,PE,1706.8,1780.0,1706.8,1780.0,1780.0,3,10190,65,22819.6
2026-03-27,2027-06-29,34500,PE,0.0,0.0,0.0,5880.15,9394.8,0,0,0,22819.6
2026-03-27,2027-06-29,18000,PE,0.0,0.0,0.0,93.95,28.05,0,100,0,22819.6
2026-03-27,2027-06-29,15000,PE,0.0,0.0,0.0,1173.2,0.65,0,0,0,22819.6
2026-03-27,2026-12-29,26000,PE,2059.65,2388.6,2059.65,2358.35,2358.35,1102,919955,-6620,22819.6
2026-03-27,2026-12-29,19000,PE,207.0,294.95,207.0,290.8,290.8,1478,226065,13000,22819.6
2026-03-27,2026-09-29,18000,PE,0.0,0.0,0.0,7.25,2.25,0,0,0,22819.6
2026-03-27,2026-06-30,28000,PE,4424.45,4662.75,4424.45,4650.6,4650.6,2022,909830,68825,22819.6
2026-03-27,2026-06-30,18000,PE,69.25,97.0,67.45,94.2,94.2,4014,311350,77805,22819.6
2026-03-27,2026-06-30,16500,PE,0.0,0.0,0.0,20.05,0.05,0,3640,0,22819.6
2026-03-27,2026-05-26,27000,PE,3500.0,3800.0,3500.0,3800.0,3938.35,27,10075,1690,22819.6
2026-03-27,2026-05-26,26400,PE,0.0,0.0,0.0,2647.15,3346.2,0,130,0,22819.6
2026-03-27,2026-05-26,26100,PE,0.0,0.0,0.0,2510.0,3051.7,0,1755,0,22819.6
2026-03-27,2026-05-26,25600,PE,0.0,0.0,0.0,1910.0,2565.65,0,1365,0,22819.6
2026-03-27,2026-05-26,25450,PE,0.0,0.0,0.0,1829.4,2421.7,0,650,0,22819.6
2026-03-27,2026-05-26,25000,PE,1740.0,2078.9,1740.0,2060.8,2060.8,924,317720,17940,22819.6
2026-03-27,2026-05-26,24750,PE,0.0,0.0,0.0,1563.35,1770.55,0,1690,0,22819.6
2026-03-27,2026-05-26,22800,PE,616.55,794.95,611.95,787.3,787.3,439,24310,2145,22819.6
2026-03-27,2026-05-26,22400,PE,0.0,0.0,0.0,13.95,254.2,0,0,0,22819.6
2026-03-27,2026-05-26,22150,PE,0.0,0.0,0.0,9.0,183.0,0,0,0,22819.6
2026-03-27,2026-05-26,21500,PE,309.05,427.1,309.05,422.35,422.35,2827,206050,23205,22819.6
2026-03-27,2026-05-05,25250,PE,0.0,0.0,0.0,2159.5,2289.45,0,0,0,22819.6
2026-03-27,2026-05-05,24500,PE,0.0,0.0,0.0,1481.25,1573.0,0,0,0,22819.6
2026-03-27,2026-05-05,24400,PE,0.0,0.0,0.0,1396.45,1481.4,0,0,0,22819.6
2026-03-27,2026-05-05,23550,PE,0.0,0.0,0.0,760.2,779.55,0,0,0,22819.6
2026-03-27,2026-05-05,23150,PE,0.0,0.0,0.0,527.3,519.35,0,0,0,22819.6
2026-03-27,2026-05-05,22800,PE,0.0,0.0,0.0,363.95,339.5,0,0,0,22819.6
2026-03-27,2026-05-05,22700,PE,0.0,0.0,0.0,324.2,296.7,0,0,0,22819.6
2026-03-27,2026-05-05,22200,PE,0.0,0.0,0.0,169.7,136.7,0,0,0,22819.6
2026-03-27,2026-05-05,22000,PE,0.0,0.0,0.0,126.45,95.25,0,0,0,22819.6
2026-03-27,2026-05-05,21300,PE,0.0,0.0,0.0,37.6,20.65,0,0,0,22819.6
2026-03-27,2026-04-28,27150,PE,0.0,0.0,0.0,1449.35,4199.8,0,390,0,22819.6
2026-03-27,2026-04-28,25950,PE,0.0,0.0,0.0,2529.9,3005.95,0,3770,0,22819.6
2026-03-27,2026-04-28,25850,PE,0.0,0.0,0.0,2757.0,2906.55,0,3640,0,22819.6
2026-03-27,2026-04-28,25350,PE,2340.0,2580.0,2340.0,2450.35,2450.35,19,5005,325,22819.6
2026-03-27,2026-04-28,25050,PE,1990.0,1990.0,1937.3,1937.3,2115.4,2,3055,0,22819.6
2026-03-27,2026-04-28,24550,PE,1458.55,1747.35,1458.55,1747.35,1747.35,105,7605,3900,22819.6
2026-03-27,2026-04-28,24150,PE,1376.0,1376.0,1376.0,1376.0,1261.75,1,23400,0,22819.6
2026-03-27,2026-04-28,22950,PE,567.95,761.05,567.95,751.05,751.05,1304,33020,21385,22819.6
2026-03-27,2026-04-28,21950,PE,0.0,0.0,0.0,7.3,67.7,0,0,0,22819.6
2026-03-27,2026-04-28,21600,PE,75.75,75.75,75.75,75.75,75.75,5,325,325,22819.6
2026-03-27,2026-04-28,21050,PE,0.0,0.0,0.0,1.05,6.1,0,0,0,22819.6
2026-03-27,2026-04-21,24700,PE,1850.0,1850.0,1850.0,1850.0,1850.0,4,260,260,22819.6
2026-03-27,2026-04-21,24500,PE,0.0,0.0,0.0,923.85,1599.0,0,0,0,22819.6
2026-03-27,2026-04-21,24300,PE,0.0,0.0,0.0,778.1,1407.65,0,0,0,22819.6
2026-03-27,2026-04-21,24050,PE,0.0,0.0,0.0,614.45,1175.3,0,0,0,22819.6
2026-03-27,2026-04-21,23900,PE,0.0,0.0,0.0,526.25,1041.05,0,0,0,22819.6
2026-03-27,2026-04-21,23600,PE,0.0,0.0,0.0,698.75,788.9,0,2795,0,22819.6
2026-03-27,2026-04-21,22550,PE,0.0,0.0,0.0,74.6,180.9,0,0,0,22819.6
2026-03-27,2026-04-21,22150,PE,0.0,0.0,0.0,33.0,78.35,0,0,0,22819.6
2026-03-27,2026-04-21,21900,PE,0.0,0.0,0.0,18.55,42.2,0,0,0,22819.6
2026-03-27,2026-04-21,21850,PE,0.0,0.0,0.0,16.45,36.95,0,0,0,22819.6
2026-03-27,2026-04-13,26000,PE,2850.0,3113.35,2850.0,3103.35,3103.35,4,520,65,22819.6
2026-03-27,2026-04-13,25850,PE,0.0,0.0,0.0,1478.3,2964.25,0,0,0,22819.6
2026-03-27,2026-04-13,25750,PE,0.0,0.0,0.0,1389.5,2864.55,0,0,0,22819.6
2026-03-27,2026-04-13,24950,PE,0.0,0.0,0.0,754.15,2066.95,0,0,0,22819.6
2026-03-27,2026-04-13,24200,PE,0.0,0.0,0.0,960.2,1326.75,0,1040,0,22819.6
2026-03-27,2026-04-13,23950,PE,1150.0,1185.05,1150.0,1185.05,1088.3,2,650,65,22819.6
2026-03-27,2026-04-13,23400,PE,610.1,917.1,610.05,871.15,871.15,359,9360,-1365,22819.6
2026-03-27,2026-04-13,23300,PE,507.3,823.95,507.25,817.35,817.35,1720,52910,20605,22819.6
2026-03-27,2026-04-13,22200,PE,0.0,0.0,0.0,6.45,55.6,0,0,0,22819.6
2026-03-27,2026-04-13,21550,PE,0.0,0.0,0.0,0.85,5.7,0,0,0,22819.6
2026-03-27,2026-04-13,20950,PE,0.0,0.0,0.0,0.1,0.3,0,0,0,22819.6
2026-03-27,2026-04-13,20800,PE,0.0,0.0,0.0,0.05,0.15,0,0,0,22819.6
2026-03-27,2026-04-13,20600,PE,0.0,0.0,0.0,0.05,0.05,0,0,0,22819.6
2026-03-27,2026-04-07,26500,PE,3545.1,3674.95,3527.5,3653.0,3653.0,400,25675,25610,22819.6
2026-03-27,2026-04-07,26350,PE,0.0,0.0,0.0,2349.15,3486.75,0,65,0,22819.6
2026-03-27,2026-04-07,25600,PE,2550.0,2710.0,2550.0,2710.0,2738.0,15,2795,910,22819.6
2026-03-27,2026-04-07,25050,PE,2025.0,2110.0,2000.0,2110.0,2188.9,9,780,520,22819.6
2026-03-27,2026-04-07,24650,PE,1840.35,1840.75,1831.15,1836.15,1836.15,16,1639885,130,22819.6
2026-03-27,2026-04-07,23500,PE,579.0,869.15,577.95,855.85,855.85,18214,499785,-55380,22819.6
2026-03-27,2026-04-07,22150,PE,131.25,256.85,131.25,242.65,242.65,3272,62140,53625,22819.6
2026-03-27,2026-04-07,22000,PE,118.0,216.4,118.0,206.45,206.45,123101,1641250,785655,22819.6
2026-03-27,2026-04-07,21800,PE,109.5,175.3,100.1,166.7,166.7,28247,224965,118885,22819.6
2026-03-27,2026-04-07,21600,PE,0.0,0.0,0.0,0.15,1.7,0,0,0,22819.6
2026-03-27,2026-03-30,25850,PE,2939.65,3041.0,2934.7,3040.5,3040.5,66,25805,-455,22819.6
2026-03-27,2026-03-30,25350,PE,2350.0,2544.6,2350.0,2532.6,2532.6,40,16575,-2210,22819.6
2026-03-27,2026-03-30,23150,PE,259.75,430.95,240.0,414.05,414.05,380553,299195,-690105,22819.6
2026-03-27,2026-03-30,22850,PE,145.0,238.0,138.05,227.2,227.2,1521670,1279200,743145,22819.6
2026-03-27,2026-03-30,21500,PE,10.5,12.4,3.45,4.35,4.35,977725,7255755,538850,22819.6
2026-03-27,2026-03-30,21400,PE,11.9,11.9,2.65,3.4,3.4,312944,1373710,239915,22819.6
2026-03-27,2026-03-30,21000,PE,4.9,5.05,1.8,2.3,2.3,739204,7118925,-902045,22819.6
2026-03-27,2030-12-31,25500,CE,0.0,0.0,0.0,7639.65,4464.15,0,0,0,22819.6
2026-03-27,2029-12-24,33000,CE,0.0,0.0,0.0,3816.05,1106.1,0,0,0,22819.6
2026-03-27,2029-12-24,31500,CE,0.0,0.0,0.0,3429.3,1419.5,0,0,0,22819.6
2026-03-27,2029-06-26,24000,CE,0.0,0.0,0.0,8085.35,3784.05,0,0,0,22819.6
2026-03-27,2029-06-26,16500,CE,0.0,0.0,0.0,12587.95,9058.45,0,0,0,22819.6
2026-03-27,2028-12-26,25500,CE,0.0,0.0,0.0,5309.05,2533.4,0,0,0,22819.6
2026-03-27,2028-06-27,24000,CE,0.0,0.0,0.0,3918.85,2748.3,0,0,0,22819.6
2026-03-27,2028-06-27,15000,CE,0.0,0.0,0.0,8633.05,9574.25,0,0,0,22819.6
2026-03-27,2026-12-29,28500,CE,156.6,169.35,153.05,156.7,156.7,253,26845,-455,22819.6
2026-03-27,2026-09-29,22500,CE,2020.0,2058.2,1862.0,1888.0,1888.0,27,14755,325,22819.6
2026-03-27,2026-09-29,21000,CE,0.0,0.0,0.0,4967.05,2540.5,0,0,0,22819.6
2026-03-27,2026-09-29,16500,CE,0.0,0.0,0.0,10168.85,6775.7,0,0,0,22819.6
2026-03-27,2026-06-30,31500,CE,10.1,10.1,9.4,9.55,9.55,9,3965,130,22819.6
2026-03-27,2026-06-30,22500,CE,1617.75,1617.75,1384.3,1395.55,1395.55,2031,150475,78910,22819.6
2026-03-27,2026-05-26,27050,CE,24.75,26.75,22.05,23.5,23.5,33,1950,1105,22819.6
2026-03-27,2026-05-26,26950,CE,25.65,29.1,24.1,29.1,29.1,23,650,650,22819.6
2026-03-27,2026-05-26,25200,CE,148.75,165.1,132.25,134.65,134.65,432,39390,4225,22819.6
2026-03-27,2026-05-26,24250,CE,374.45,374.5,364.4,364.4,127.6,32,5655,1950,22819.6
2026-03-27,2026-05-26,23500,CE,750.0,765.0,649.0,653.4,653.4,2278,304330,-8060,22819.6
2026-03-27,2026-05-26,23450,CE,773.0,775.25,678.0,678.0,678.0,8,910,0,22819.6
2026-03-27,2026-05-26,23250,CE,866.25,866.45,856.35,862.2,411.65,19,2210,650,22819.6
2026-03-27,2026-05-26,22250,CE,0.0,0.0,0.0,1766.55,979.3,0,260,0,22819.6
2026-03-27,2026-05-26,22200,CE,0.0,0.0,0.0,1832.0,1015.3,0,975,0,22819.6
2026-03-27,2026-05-26,21950,CE,0.0,0.0,0.0,2027.75,1204.7,0,195,0,22819.6
2026-03-27,2026-05-26,21200,CE,2341.85,2341.85,2338.1,2338.1,1849.15,2,195,130,22819.6
2026-03-27,2026-05-26,21000,CE,2530.0,2530.0,2335.0,2350.1,2350.1,76,7995,3055,22819.6
2026-03-27,2026-05-26,20600,CE,0.0,0.0,0.0,2575.8,2415.9,0,65,0,22819.6
2026-03-27,2026-05-26,20550,CE,0.0,0.0,0.0,2617.9,2464.25,0,65,0,22819.6
2026-03-27,2026-05-05,25100,CE,0.0,0.0,0.0,38.05,9.95,0,0,0,22819.6
2026-03-27,2026-05-05,24450,CE,0.0,0.0,0.0,102.2,39.9,0,0,0,22819.6
2026-03-27,2026-05-05,23850,CE,0.0,0.0,0.0,223.6,117.3,0,0,0,22819.6
2026-03-27,2026-05-05,23600,CE,0.0,0.0,0.0,299.2,173.7,0,0,0,22819.6
2026-03-27,2026-05-05,22250,CE,0.0,0.0,0.0,1028.45,848.9,0,0,0,22819.6
2026-03-27,2026-05-05,22000,CE,0.0,0.0,0.0,1219.85,1043.8,0,0,0,22819.6
2026-03-27,2026-05-05,21200,CE,0.0,0.0,0.0,1917.7,1759.8,0,0,0,22819.6
2026-03-27,2026-04-28,27500,CE,6.65,7.55,4.95,5.2,5.2,9533,481130,165425,22819.6
2026-03-27,2026-04-28,27450,CE,9.7,9.7,7.0,7.0,0.05,6,3705,195,22819.6
2026-03-27,2026-04-28,25150,CE,70.0,74.15,58.0,58.9,58.9,124,19240,1820,22819.6
2026-03-27,2026-04-28,24800,CE,109.55,117.7,90.8,92.5,92.5,7485,286065,45565,22819.6
2026-03-27,2026-04-28,24200,CE,274.2,274.2,200.0,206.9,206.9,6031,297180,48425,22819.6
2026-03-27,2026-04-28,23750,CE,425.0,431.0,338.95,349.8,349.8,460,38805,14560,22819.6
2026-03-27,2026-04-28,22750,CE,950.15,983.8,833.5,843.15,843.15,538,107900,1820,22819.6
2026-03-27,2026-04-28,22700,CE,1050.0,1050.0,864.75,874.35,874.35,3136,164580,-18850,22819.6
2026-03-27,2026-04-28,22650,CE,1049.45,1049.65,896.35,901.9,901.9,136,10205,3575,22819.6
2026-03-27,2026-04-28,22050,CE,1397.15,1397.15,1223.65,1223.65,1223.65,2,1560,0,22819.6
2026-03-27,2026-04-28,21250,CE,0.0,0.0,0.0,1862.55,1683.15,0,195,0,22819.6
2026-03-27,2026-04-21,25550,CE,0.0,0.0,0.0,28.95,0.35,0,0,0,22819.6
2026-03-27,2026-04-21,25050,CE,0.0,0.0,0.0,61.75,1.95,0,260,0,22819.6
2026-03-27,2026-04-21,24950,CE,0.0,0.0,0.0,84.35,2.7,0,0,0,22819.6
2026-03-27,2026-04-21,24900,CE,71.25,75.45,57.45,59.45,59.45,98,2925,1170,22819.6
2026-03-27,2026-04-21,24250,CE,0.0,0.0,0.0,237.6,21.25,0,0,0,22819.6
2026-03-27,2026-04-21,23950,CE,0.0,0.0,0.0,283.1,44.95,0,715,0,22819.6
2026-03-27,2026-04-21,22950,CE,710.75,711.75,635.85,640.45,640.45,44,2730,2730,22819.6
2026-03-27,2026-03-30,23250,CE,222.0,222.0,56.35,63.2,63.2,749121,1673945,1045330,22819.6
2026-03-27,2026-03-30,23850,CE,49.1,49.1,11.25,13.0,13.0,348823,1517425,848705,22819.6
2026-03-27,2026-03-30,24050,CE,29.0,29.0,6.75,7.95,7.95,234455,815750,61555,22819.6
2026-03-27,2026-03-30,24400,CE,11.5,11.5,2.8,3.3,3.3,409497,2833805,1234870,22819.6
2026-03-27,2026-03-30,24700,CE,4.4,4.4,1.75,2.05,2.05,272002,2266550,538135,22819.6
2026-03-27,2026-03-30,24750,CE,4.5,4.5,1.65,1.9,1.9,84431,612105,163800,22819.6
2026-03-27,2026-03-30,24900,CE,3.2,3.2,1.4,1.6,1.6,160530,1067950,-202670,22819.6
2026-03-27,2026-03-30,25450,CE,1.9,1.9,0.95,1.05,1.05,20663,140660,-69550,22819.6
2026-03-27,2026-03-30,25550,CE,1.4,1.4,0.85,1.0,1.0,12684,170625,1950,22819.6
2026-03-27,2026-03-30,26600,CE,0.8,1.2,0.45,0.65,0.65,5348,126230,-41470,22819.6
2026-03-27,2026-03-30,27450,CE,0.8,0.9,0.15,0.55,0.55,1034,33605,975,22819.6
2026-03-27,2026-04-07,21000,CE,2190.9,2191.0,1876.5,1902.2,1902.2,5612,643045,248430,22819.6
2026-03-27,2026-04-07,21250,CE,0.0,0.0,0.0,2182.3,1605.0,0,65,0,22819.6
2026-03-27,2026-04-07,21450,CE,1723.65,1731.4,1723.65,1731.4,1405.8,2,455,0,22819.6
2026-03-27,2026-04-07,22950,CE,562.0,568.7,403.3,413.6,413.6,14695,174720,157885,22819.6
2026-03-27,2026-04-07,23050,CE,487.05,508.5,354.15,366.75,366.75,17267,218075,193440,22819.6
2026-03-27,2026-04-07,23300,CE,380.0,380.0,251.6,261.45,261.45,31841,550615,264810,22819.6
2026-03-27,2026-04-07,23900,CE,169.6,169.6,92.05,96.85,96.85,18833,643045,208065,22819.6
2026-03-27,2026-04-07,24500,CE,48.7,48.7,27.5,29.1,29.1,72995,1927315,645515,22819.6
2026-03-27,2026-04-07,24900,CE,20.05,20.05,13.75,14.5,14.5,10292,123500,36855,22819.6
2026-03-27,2026-04-07,25950,CE,5.5,5.75,2.6,3.8,3.8,650,14430,-975,22819.6
2026-03-27,2026-04-07,26000,CE,4.9,4.9,1.1,3.65,3.65,50157,1111565,736970,22819.6
2026-03-27,2026-04-13,20500,CE,0.0,0.0,0.0,2453.4,2372.05,0,650,0,22819.6
2026-03-27,2026-04-13,20850,CE,0.0,0.0,0.0,1911.95,2023.1,0,65,0,22819.6
2026-03-27,2026-04-13,20900,CE,0.0,0.0,0.0,1938.3,1973.3,0,65,0,22819.6
2026-03-27,2026-04-13,21300,CE,0.0,0.0,0.0,1614.35,1575.95,0,65,0,22819.6
2026-03-27,2026-04-13,21650,CE,0.0,0.0,0.0,1461.15,1233.5,0,65,0,22819.6
2026-03-27,2026-04-13,22950,CE,646.3,674.95,532.35,537.25,537.25,529,7930,1300,22819.6
2026-03-27,2026-04-13,23350,CE,427.55,456.9,350.25,354.95,354.95,574,7605,-10205,22819.6
2026-03-27,2026-04-13,23550,CE,360.0,360.0,274.85,278.45,278.45,197,8710,3445,22819.6
2026-03-27,2026-04-13,24100,CE,157.95,168.2,123.2,126.75,126.75,772,31980,21320,22819.6
2026-03-27,2026-04-13,24900,CE,40.05,43.65,34.75,36.55,36.55,525,26975,13910,22819.6
2026-03-27,2026-04-13,25300,CE,23.35,23.35,19.0,19.5,19.5,275,11960,7995,22819.6
2026-03-27,2026-04-13,25700,CE,15.3,15.35,10.15,11.25,11.25,130,6890,2665,22819.6
2026-03-27,2026-04-13,25750,CE,0.0,0.0,0.0,16.8,0.05,0,520,0,22819.6
2026-03-27,2026-04-21,20650,CE,0.0,0.0,0.0,3070.15,2247.75,0,0,0,22819.6
2026-03-27,2026-04-21,21000,CE,0.0,0.0,0.0,2723.5,1900.8,0,0,0,22819.6
2026-03-27,2026-04-28,27400,CE,6.5,7.9,6.5,7.45,7.45,302,92430,12220,22819.6
2026-03-27,2030-12-31,34500,PE,0.0,0.0,0.0,2953.45,5192.8,0,0,0,22819.6
2026-03-27,2030-12-31,33000,PE,0.0,0.0,0.0,2387.3,4364.15,0,0,0,22819.6
2026-03-27,2030-12-31,31500,PE,0.0,0.0,0.0,1885.5,3596.35,0,0,0,22819.6
2026-03-27,2030-06-25,33000,PE,0.0,0.0,0.0,3143.9,4737.4,0,0,0,22819.6
2026-03-27,2028-12-26,30000,PE,0.0,0.0,0.0,2352.75,4014.5,0,0,0,22819.6
2026-03-27,2028-06-27,22000,PE,0.0,0.0,0.0,705.05,553.75,0,1040,0,22819.6
2026-03-27,2027-12-28,22500,PE,0.0,0.0,0.0,186.5,666.3,0,0,0,22819.6
2026-03-27,2027-12-28,16500,PE,0.0,0.0,0.0,1.95,12.85,0,0,0,22819.6
2026-03-27,2027-12-28,15000,PE,0.0,0.0,0.0,39.0,2.4,0,625,0,22819.6
2026-03-27,2027-06-29,30000,PE,0.0,0.0,0.0,4562.55,5349.3,0,0,0,22819.6
2026-03-27,2026-12-29,34500,PE,0.0,0.0,0.0,6630.4,10271.0,0,0,0,22819.6
2026-03-27,2026-09-29,27000,PE,3097.4,3391.0,3097.4,3366.85,3366.85,75,215875,-1820,22819.6
2026-03-27,2026-06-30,27000,PE,3448.0,3742.0,3430.0,3720.8,3720.8,3627,2454955,122185,22819.6
2026-03-27,2026-05-26,27050,PE,0.0,0.0,0.0,3501.3,3987.8,0,65,0,22819.6
2026-03-27,2026-05-26,26900,PE,0.0,0.0,0.0,3091.85,3839.5,0,130,0,22819.6
2026-03-27,2026-05-26,26600,PE,0.0,0.0,0.0,4201.4,3543.25,0,130,0,22819.6
2026-03-27,2026-05-26,26350,PE,0.0,0.0,0.0,2579.7,3297.05,0,195,0,22819.6
2026-03-27,2026-05-26,26050,PE,0.0,0.0,0.0,2332.45,3002.75,0,195,0,22819.6
2026-03-27,2026-05-26,24300,PE,1338.5,1338.5,1338.5,1338.5,1381.0,2,10595,-65,22819.6
2026-03-27,2026-05-26,24200,PE,1336.85,1387.25,1315.85,1346.1,1298.9,52,20930,65,22819.6
2026-03-27,2026-05-26,22900,PE,645.45,833.35,645.45,822.6,822.6,429,8450,-6630,22819.6
2026-03-27,2026-05-26,22850,PE,0.0,0.0,0.0,28.9,427.4,0,0,0,22819.6
2026-03-27,2026-05-26,21400,PE,0.0,0.0,0.0,2.05,56.1,0,0,0,22819.6
2026-03-27,2026-05-26,21100,PE,0.0,0.0,0.0,1.05,31.9,0,0,0,22819.6
2026-03-27,2026-05-05,25200,PE,0.0,0.0,0.0,2112.5,2240.6,0,0,0,22819.6
2026-03-27,2026-05-05,24700,PE,0.0,0.0,0.0,1655.5,1759.7,0,0,0,22819.6
2026-03-27,2026-05-05,23500,PE,800.0,830.0,800.0,830.0,744.1,16,0,-975,22819.6
2026-03-27,2026-05-05,22950,PE,0.0,0.0,0.0,429.3,410.9,0,0,0,22819.6
2026-03-27,2026-05-05,22350,PE,0.0,0.0,0.0,208.55,175.7,0,0,0,22819.6
2026-03-27,2026-05-05,22250,PE,0.0,0.0,0.0,182.95,148.9,0,0,0,22819.6
2026-03-27,2026-05-05,22100,PE,0.0,0.0,0.0,146.9,114.55,0,0,0,22819.6
2026-03-27,2026-05-05,21950,PE,0.0,0.0,0.0,117.05,86.6,0,0,0,22819.6
2026-03-27,2026-05-05,21600,PE,0.0,0.0,0.0,65.6,41.95,0,0,0,22819.6
2026-03-27,2026-05-05,21350,PE,0.0,0.0,0.0,41.45,23.4,0,0,0,22819.6
2026-03-27,2026-05-05,21100,PE,0.0,0.0,0.0,25.15,12.25,0,0,0,22819.6
2026-03-27,2026-05-05,20900,PE,0.0,0.0,0.0,16.35,7.0,0,0,0,22819.6
2026-03-27,2026-05-05,20750,PE,0.0,0.0,0.0,11.6,4.5,0,0,0,22819.6
2026-03-27,2026-04-28,27200,PE,3950.0,4194.4,3950.0,4027.75,4249.55,9,975,455,22819.6
2026-03-27,2026-04-28,27050,PE,0.0,0.0,0.0,1896.8,4100.3,0,390,0,22819.6
2026-03-27,2026-04-28,25450,PE,0.0,0.0,0.0,2844.0,2509.75,0,9230,0,22819.6
2026-03-27,2026-04-28,23850,PE,994.8,1230.0,994.8,1230.0,1230.0,115,28535,325,22819.6
2026-03-27,2026-04-28,23550,PE,860.3,1055.65,837.4,1048.1,1048.1,395,151515,-17160,22819.6
2026-03-27,2026-04-28,23300,PE,690.85,926.1,657.2,912.2,912.2,12344,487305,-63505,22819.6
2026-03-27,2026-04-28,22500,PE,400.0,585.0,393.05,574.85,574.85,34707,1737905,161395,22819.6
2026-03-27,2026-04-28,22450,PE,0.0,0.0,0.0,18.05,179.35,0,0,0,22819.6
2026-03-27,2026-04-28,21850,PE,0.0,0.0,0.0,6.0,54.15,0,0,0,22819.6
2026-03-27,2026-04-28,21500,PE,210.0,314.0,200.05,308.1,308.1,25800,1395420,172835,22819.6
2026-03-27,2026-04-21,25550,PE,0.0,0.0,0.0,1826.4,2634.65,0,0,0,22819.6
2026-03-27,2026-04-21,25400,PE,0.0,0.0,0.0,1686.85,2485.45,0,0,0,22819.6
2026-03-27,2026-04-21,23650,PE,0.0,0.0,0.0,396.8,829.15,0,0,0,22819.6
2026-03-27,2026-04-21,22800,PE,0.0,0.0,0.0,116.85,279.9,0,0,0,22819.6
2026-03-27,2026-04-21,22350,PE,0.0,0.0,0.0,50.4,121.75,0,0,0,22819.6
2026-03-27,2026-04-21,22250,PE,0.0,0.0,0.0,40.95,98.25,0,0,0,22819.6
2026-03-27,2026-04-21,22050,PE,0.0,0.0,0.0,26.4,61.75,0,0,0,22819.6
2026-03-27,2026-04-21,22000,PE,275.0,385.05,274.9,377.35,377.35,1209,47450,32630,22819.6
2026-03-27,2026-04-21,21000,PE,0.0,0.0,0.0,1.45,2.2,0,0,0,22819.6
2026-03-27,2026-04-21,20550,PE,0.0,0.0,0.0,0.3,0.3,0,0,0,22819.6
2026-03-27,2026-04-13,25700,PE,0.0,0.0,0.0,2650.0,2814.65,0,65,0,22819.6
2026-03-27,2026-04-13,24000,PE,1027.85,1287.6,1015.15,1274.85,1274.85,873,31135,780,22819.6
2026-03-27,2026-04-13,23150,PE,574.65,741.9,574.65,735.7,735.7,164,5330,1690,22819.6
2026-03-27,2026-04-13,22150,PE,219.0,350.0,219.0,343.85,343.85,1266,51805,21320,22819.6
2026-03-27,2026-04-13,22000,PE,0.0,0.0,0.0,3.6,30.1,0,0,0,22819.6
2026-03-27,2026-04-13,21950,PE,0.0,0.0,0.0,3.1,25.5,0,0,0,22819.6
2026-03-27,2026-04-13,21850,PE,0.0,0.0,0.0,2.3,18.05,0,0,0,22819.6
2026-03-27,2026-04-13,21450,PE,0.0,0.0,0.0,0.6,3.7,0,0,0,22819.6
2026-03-27,2026-04-13,20900,PE,0.0,0.0,0.0,0.1,0.25,0,0,0,22819.6
2026-03-27,2026-04-13,20650,PE,0.0,0.0,0.0,0.05,0.05,0,0,0,22819.6
2026-03-27,2026-04-07,26200,PE,3140.0,3170.0,3140.0,3170.0,3337.0,2,130,65,22819.6
2026-03-27,2026-04-07,24500,PE,1400.0,1718.25,1400.0,1685.75,1685.75,6161,888940,94510,22819.6
2026-03-27,2026-04-07,24400,PE,1343.2,1599.55,1317.65,1590.35,1590.35,4100,260585,134095,22819.6
2026-03-27,2026-04-07,24350,PE,1287.05,1303.55,1271.85,1290.5,1490.85,9,1170,-65,22819.6
2026-03-27,2026-04-07,24000,PE,919.0,1257.15,919.0,1239.1,1239.1,6435,549705,127660,22819.6
2026-03-27,2026-04-07,23400,PE,532.0,799.0,530.05,786.45,786.45,11328,246935,-115830,22819.6
2026-03-27,2026-04-07,21700,PE,94.45,157.85,91.05,149.4,149.4,14406,134550,48555,22819.6
2026-03-27,2026-04-07,21100,PE,0.0,0.0,0.0,0.05,0.05,0,0,0,22819.6
2026-03-27,2026-03-30,27950,PE,4904.55,4904.55,4904.55,4904.55,5117.75,1,455,-65,22819.6
2026-03-27,2026-03-30,24500,PE,1282.9,1705.75,1282.9,1688.35,1688.35,8954,1103895,-233480,22819.6
2026-03-27,2026-03-30,24400,PE,1340.5,1606.55,1299.5,1573.5,1573.5,1174,207090,-55185,22819.6
2026-03-27,2026-03-30,23850,PE,729.85,1063.55,726.75,1051.55,1051.55,827,157495,-9620,22819.6
2026-03-27,2026-03-30,23750,PE,615.5,965.0,615.5,948.75,948.75,1572,108485,-29640,22819.6
2026-03-27,2026-03-30,22200,PE,37.0,55.0,29.25,40.25,40.25,940014,2822495,1197300,22819.6
2026-03-27,2026-03-30,20500,PE,4.45,4.45,1.75,2.15,2.15,290791,4737330,391365,22819.6
2026-03-27,2030-12-31,30000,CE,0.0,0.0,0.0,5227.2,2635.25,0,0,0,22819.6
2026-03-27,2030-12-31,16500,CE,0.0,0.0,0.0,13763.55,10176.65,0,0,0,22819.6
2026-03-27,2030-06-25,27000,CE,0.0,0.0,0.0,6972.5,3301.9,0,0,0,22819.6
2026-03-27,2030-06-25,25500,CE,0.0,0.0,0.0,7070.45,3982.5,0,0,0,22819.6
2026-03-27,2029-12-24,28500,CE,0.0,0.0,0.0,4802.1,2277.3,0,0,0,22819.6
2026-03-27,2029-06-26,27000,CE,0.0,0.0,0.0,6570.4,2383.45,0,0,0,22819.6
2026-03-27,2029-06-26,25500,CE,0.0,0.0,0.0,5917.35,3025.85,0,0,0,22819.6
2026-03-27,2028-06-27,22500,CE,0.0,0.0,0.0,6796.05,3616.95,0,0,0,22819.6
2026-03-27,2027-12-28,19500,CE,0.0,0.0,0.0,8684.7,5256.25,0,0,0,22819.6
2026-03-27,2026-12-29,33000,CE,42.2,43.9,39.0,41.55,41.55,105,47385,2275,22819.6
2026-03-27,2026-12-29,27000,CE,350.05,362.0,328.05,332.9,332.9,2383,794635,6260,22819.6
2026-03-27,2026-09-29,25500,CE,454.05,469.95,420.0,425.35,425.35,4438,469950,111215,22819.6
2026-03-27,2026-09-29,24000,CE,1075.0,1112.0,981.65,993.75,993.75,1326,285675,18460,22819.6
2026-03-27,2026-06-30,23000,CE,1220.05,1235.0,1077.65,1094.55,1094.55,4233,498640,3665,22819.6
2026-03-27,2026-05-26,27150,CE,21.5,24.8,21.5,23.25,23.25,15,2145,455,22819.6
2026-03-27,2026-05-26,26600,CE,38.3,39.95,28.1,33.4,33.4,99,13780,325,22819.6
2026-03-27,2026-05-26,26250,CE,55.85,55.85,46.0,46.0,46.0,18,1235,0,22819.6
2026-03-27,2026-05-26,26150,CE,56.9,65.0,49.65,51.45,5.6,73,2210,0,22819.6
2026-03-27,2026-05-26,25600,CE,101.7,104.2,82.55,84.0,84.0,96,16770,1040,22819.6
2026-03-27,2026-05-26,25250,CE,150.75,151.5,123.15,123.45,123.45,64,3315,-195,22819.6
2026-03-27,2026-05-26,24800,CE,264.7,267.5,198.5,202.4,202.4,375,42835,-2600,22819.6
2026-03-27,2026-05-26,24700,CE,265.75,275.7,225.3,229.15,229.15,586,77675,7020,22819.6
2026-03-27,2026-05-26,24550,CE,310.7,320.3,266.5,267.15,267.15,92,6695,2145,22819.6
2026-03-27,2026-05-26,23550,CE,747.9,747.9,639.35,639.35,299.55,25,1625,715,22819.6
2026-03-27,2026-05-26,22300,CE,0.0,0.0,0.0,1674.65,944.0,0,780,0,22819.6
2026-03-27,2026-05-05,25500,CE,0.0,0.0,0.0,19.25,3.8,0,0,0,22819.6
2026-03-27,2026-05-05,23900,CE,0.0,0.0,0.0,210.4,108.0,0,0,0,22819.6
2026-03-27,2026-05-05,23800,CE,446.55,446.55,389.2,392.15,392.15,8,325,130,22819.6
2026-03-27,2026-05-05,23700,CE,0.0,0.0,0.0,266.95,149.05,0,0,0,22819.6
2026-03-27,2026-05-05,23450,CE,0.0,0.0,0.0,352.85,216.4,0,0,0,22819.6
2026-03-27,2026-05-05,22200,CE,0.0,0.0,0.0,1064.8,886.4,0,0,0,22819.6
2026-03-27,2026-03-30,20700,CE,0.0,0.0,0.0,2226.8,2128.95,0,0,0,22819.6
2026-03-27,2026-03-30,22600,CE,645.6,645.6,325.0,342.9,342.9,46975,557570,59995,22819.6
2026-03-27,2026-03-30,23050,CE,337.6,337.6,100.0,114.7,114.7,1330693,2019420,1674920,22819.6
2026-03-27,2026-03-30,23150,CE,283.05,283.05,76.3,85.25,85.25,887915,1247415,867555,22819.6
2026-03-27,2026-03-30,23400,CE,128.0,141.85,38.15,41.6,41.6,1310674,3811860,1103895,22819.6
2026-03-27,2026-03-30,23500,CE,118.0,118.0,29.55,31.85,31.85,2138317,8300760,3585855,22819.6
2026-03-27,2026-03-30,23550,CE,97.4,97.4,25.6,27.65,27.65,555610,1447745,854880,22819.6
2026-03-27,2026-03-30,23950,CE,38.0,38.0,8.65,10.2,10.2,313402,1354405,579605,22819.6
2026-03-27,2026-03-30,26250,CE,0.85,1.1,0.6,0.75,0.75,4100,66235,-14300,22819.6
2026-03-27,2026-03-30,27150,CE,0.7,0.8,0.5,0.7,0.7,833,26000,-11180,22819.6
2026-03-27,2026-03-30,27600,CE,0.65,0.8,0.3,0.7,0.7,2007,34450,-15145,22819.6
2026-03-27,2026-03-30,31000,CE,0.4,0.55,0.25,0.5,0.5,16321,534345,199665,22819.6
2026-03-27,2026-04-07,20800,CE,0.0,0.0,0.0,4200.1,2054.05,0,0,0,22819.6
2026-03-27,2026-04-07,21800,CE,1306.0,1306.0,1184.85,1190.45,1190.45,18,650,585,22819.6
2026-03-27,2026-04-07,22700,CE,736.0,736.0,538.5,551.9,551.9,7332,300495,205920,22819.6
2026-03-27,2026-04-07,23500,CE,279.0,280.85,186.1,194.5,194.5,77722,1264770,644800,22819.6
2026-03-27,2026-04-07,24450,CE,54.0,54.0,30.65,32.3,32.3,5575,175890,46020,22819.6
2026-03-27,2026-04-07,24850,CE,21.9,21.95,15.0,15.6,15.6,4207,46150,-15340,22819.6
2026-03-27,2026-04-07,26300,CE,2.5,3.7,1.75,3.0,3.0,1293,30290,11115,22819.6
2026-03-27,2026-04-07,26600,CE,3.0,3.0,1.3,2.3,2.3,12404,359580,24895,22819.6
2026-03-27,2026-04-13,21800,CE,1145.4,1495.8,1145.4,1492.7,1090.45,6,325,0,22819.6
2026-03-27,2026-04-13,23200,CE,570.0,570.0,408.7,416.2,416.2,2450,50570,21580,22819.6
2026-03-27,2026-04-13,24500,CE,102.15,102.15,63.0,66.25,66.25,8332,189670,93600,22819.6
2026-03-27,2026-04-13,24700,CE,59.05,59.15,46.0,48.15,48.15,820,24375,15990,22819.6
2026-03-27,2026-04-21,20700,CE,0.0,0.0,0.0,3020.55,2198.05,0,0,0,22819.6
2026-03-27,2026-04-21,21600,CE,0.0,0.0,0.0,2134.7,1318.85,0,0,0,22819.6
2026-03-27,2026-04-21,21700,CE,0.0,0.0,0.0,2038.0,1225.45,0,0,0,22819.6
2026-03-27,2026-04-21,23550,CE,437.2,451.15,370.6,375.05,375.05,69,3965,3575,22819.6
2026-03-27,2026-04-21,24550,CE,0.0,0.0,0.0,70.05,9.3,0,260,0,22819.6
2026-03-27,2026-04-21,24600,CE,111.55,115.6,89.2,91.4,91.4,144,9230,2340,22819.6
2026-03-27,2026-04-21,24750,CE,0.0,0.0,0.0,116.05,5.1,0,0,0,22819.6
2026-03-27,2026-04-28,22550,CE,1086.6,1116.35,964.35,969.55,969.55,346,16965,11635,22819.6
2026-03-27,2026-04-28,22900,CE,898.75,898.85,748.15,759.45,759.45,5377,235625,88335,22819.6
2026-03-27,2026-04-28,23200,CE,744.0,744.0,577.8,592.1,592.1,15323,604760,350870,22819.6
2026-03-27,2026-04-28,23350,CE,611.55,625.55,512.85,517.9,517.9,448,22880,130,22819.6
2026-03-27,2026-04-28,23600,CE,479.65,501.35,397.85,410.05,410.05,3820,226980,-27950,22819.6
2026-03-27,2026-04-28,24300,CE,246.85,246.9,179.3,183.75,183.75,6779,241215,47190,22819.6
2026-03-27,2026-04-28,24850,CE,103.35,109.25,85.8,87.8,87.8,527,16380,-3055,22819.6
2026-03-27,2026-04-28,25050,CE,78.25,84.75,65.2,66.75,66.75,331,20345,2275,22819.6
2026-03-27,2026-04-28,25100,CE,80.85,80.85,60.55,61.85,61.85,2824,99190,-16185,22819.6
2026-03-27,2026-04-28,25450,CE,45.0,48.7,39.6,40.35,40.35,80,19760,2145,22819.6
2026-03-27,2026-04-28,25500,CE,42.3,48.0,36.45,37.35,37.35,16993,1119495,75595,22819.6
2026-03-27,2026-04-28,25850,CE,32.45,37.4,22.75,27.0,27.0,96,16315,2275,22819.6
2026-03-27,2026-04-28,26100,CE,25.5,25.5,18.0,19.2,19.2,785,89050,4095,22819.6
2026-03-27,2026-04-28,26750,CE,13.0,13.0,10.55,10.65,10.65,13,4680,-585,22819.6
2026-03-27,2026-04-28,27250,CE,9.7,10.0,8.0,8.25,0.05,30,4420,975,22819.6
2026-03-27,2028-06-27,25500,CE,0.0,0.0,0.0,4676.6,2032.15,0,0,0,22819.6
2026-03-27,2027-12-28,25500,CE,0.0,0.0,0.0,4013.5,1523.15,0,0,0,22819.6
2026-03-27,2027-06-29,33000,CE,0.0,0.0,0.0,1122.75,42.55,0,0,0,22819.6
2026-03-27,2027-06-29,22500,CE,0.0,0.0,0.0,5539.6,2460.0,0,0,0,22819.6
2026-03-27,2026-12-29,18000,CE,0.0,0.0,0.0,4501.45,5564.05,0,0,0,22819.6
2026-03-27,2026-09-29,27000,CE,172.0,175.45,159.65,163.4,163.4,1045,409695,2015,22819.6
2026-03-27,2026-06-30,30000,CE,13.9,13.9,12.35,13.4,13.4,572,289615,4940,22819.6
2026-03-27,2026-06-30,19000,CE,4410.0,4433.2,4157.55,4180.8,4180.8,3699,512120,191750,22819.6
2026-03-27,2026-05-26,27100,CE,26.1,26.1,26.1,26.1,0.75,4,2080,195,22819.6
2026-03-27,2026-05-26,26850,CE,0.0,0.0,0.0,31.5,1.35,0,910,0,22819.6
2026-03-27,2026-05-26,26800,CE,28.75,35.5,24.05,27.3,27.3,63,13845,130,22819.6
2026-03-27,2026-05-26,26350,CE,51.0,57.0,37.35,43.35,3.8,55,1820,195,22819.6
2026-03-27,2026-05-26,26000,CE,71.9,73.55,58.1,59.65,59.65,7214,610545,83330,22819.6
2026-03-27,2026-03-30,20500,CE,0.0,0.0,0.0,2525.0,2328.85,0,130,0,22819.6
2026-03-27,2026-03-30,20950,CE,0.0,0.0,0.0,2533.45,1879.05,0,195,0,22819.6
2026-03-27,2026-03-30,21300,CE,0.0,0.0,0.0,1626.15,1529.25,0,65,0,22819.6
2026-03-27,2026-03-30,21400,CE,1575.0,1575.0,1571.05,1571.05,1429.25,3,520,0,22819.6
2026-03-27,2026-03-30,22300,CE,892.1,892.1,554.65,571.25,571.25,6282,153530,-73450,22819.6
2026-03-27,2026-03-30,23450,CE,157.0,157.0,33.7,36.4,36.4,636036,1318070,392470,22819.6
2026-03-27,2026-03-30,23600,CE,73.95,74.0,22.1,24.05,24.05,986205,3142425,1380470,22819.6
2026-03-27,2026-03-30,23800,CE,44.0,44.0,13.1,14.65,14.65,868197,4025775,1141205,22819.6
2026-03-27,2026-03-30,24350,CE,12.65,12.65,3.3,4.0,4.0,130787,703495,92885,22819.6
2026-03-27,2026-03-30,24950,CE,2.5,2.5,1.35,1.6,1.6,43887,350220,66495,22819.6
2026-03-27,2026-03-30,25300,CE,1.8,1.8,0.9,1.1,1.1,44950,530010,-423995,22819.6
2026-03-27,2026-03-30,25400,CE,1.3,1.5,0.85,1.05,1.05,67174,660205,-166205,22819.6
2026-03-27,2026-03-30,25650,CE,1.3,1.3,0.85,0.95,0.95,6762,88790,-58175,22819.6
2026-03-27,2026-03-30,26850,CE,0.85,0.9,0.3,0.5,0.5,1024,20215,-10335,22819.6
2026-03-27,2026-03-30,27800,CE,0.6,0.8,0.4,0.65,0.65,3681,60255,-33605,22819.6
2026-03-27,2026-03-30,27850,CE,0.65,0.8,0.25,0.45,0.45,753,16640,2990,22819.6
2026-03-27,2026-04-07,20750,CE,0.0,0.0,0.0,4249.8,2103.95,0,0,0,22819.6
2026-03-27,2026-04-07,21150,CE,0.0,0.0,0.0,1589.45,1704.7,0,130,0,22819.6
2026-03-27,2026-04-07,22000,CE,1260.05,1270.5,1016.95,1036.1,1036.1,2674,169845,62595,22819.6
2026-03-27,2026-04-07,22150,CE,1063.55,1096.0,914.0,917.35,917.35,54,3445,2795,22819.6
2026-03-27,2026-04-07,22250,CE,0.0,0.0,0.0,1194.3,642.35,0,910,0,22819.6
2026-03-27,2026-04-07,22850,CE,614.85,624.45,456.1,465.5,465.5,7627,152035,145015,22819.6
2026-03-27,2026-04-07,23450,CE,290.85,301.6,199.95,208.8,208.8,6350,93275,12285,22819.6
2026-03-27,2026-04-07,24050,CE,97.5,108.3,68.25,72.15,72.15,11796,130585,35360,22819.6
2026-03-27,2026-04-07,24700,CE,45.0,45.0,17.55,19.9,19.9,22748,1128270,132795,22819.6
2026-03-27,2026-04-07,25000,CE,18.0,18.05,11.3,12.4,12.4,70439,1695330,875160,22819.6
2026-03-27,2026-04-07,26350,CE,1.55,3.7,1.55,2.75,2.75,284,9360,4745,22819.6
2026-03-27,2026-04-07,26500,CE,2.2,3.05,1.5,2.75,2.75,23698,787280,489125,22819.6
2026-03-27,2026-04-13,20550,CE,0.0,0.0,0.0,2399.25,2322.2,0,65,0,22819.6
2026-03-27,2026-04-13,21950,CE,1356.75,1356.75,1356.75,1356.75,951.25,2,130,65,22819.6
2026-03-27,2026-04-13,22050,CE,1276.6,1276.6,1206.6,1206.6,861.35,3,195,130,22819.6
2026-03-27,2026-04-13,22450,CE,974.35,974.35,848.2,859.65,535.65,7,325,260,22819.6
2026-03-27,2026-04-13,22750,CE,667.85,667.85,645.05,645.05,645.05,4,1300,-65,22819.6
2026-03-27,2026-04-13,23650,CE,309.55,316.2,243.65,245.35,245.35,315,8905,6825,22819.6
2026-03-27,2026-04-13,23850,CE,235.75,238.65,179.05,185.7,185.7,177,4875,2210,22819.6
2026-03-27,2026-04-13,23900,CE,206.5,226.0,169.95,173.85,173.85,603,15990,9230,22819.6
2026-03-27,2026-04-13,23950,CE,260.0,260.0,157.7,160.65,160.65,141,6370,1820,22819.6
2026-03-27,2026-04-13,24600,CE,83.4,83.4,53.2,55.8,55.8,1413,44915,25740,22819.6
2026-03-27,2026-04-13,24950,CE,38.9,38.9,32.55,32.85,32.85,42,5720,-650,22819.6
2026-03-27,2026-04-13,25550,CE,20.3,20.3,11.55,15.1,15.1,54,2665,-195,22819.6
2026-03-27,2026-04-21,20850,CE,0.0,0.0,0.0,2871.95,2049.2,0,0,0,22819.6
2026-03-27,2026-04-21,20900,CE,0.0,0.0,0.0,2822.45,1999.65,0,0,0,22819.6
2026-03-27,2026-04-21,22000,CE,0.0,0.0,0.0,1752.25,956.9,0,0,0,22819.6
2026-03-27,2026-04-21,23400,CE,495.05,523.95,420.4,424.05,424.05,201,7605,4680,22819.6
2026-03-27,2026-04-21,24000,CE,260.05,275.35,215.0,219.5,219.5,1075,28080,11700,22819.6
2026-03-27,2026-04-21,24200,CE,205.0,225.5,164.1,167.15,167.15,111,6695,650,22819.6
2026-03-27,2026-04-21,24800,CE,0.0,0.0,0.0,144.0,4.35,0,130,0,22819.6
2026-03-27,2026-04-21,25150,CE,0.0,0.0,0.0,60.2,1.4,0,0,0,22819.6
2026-03-27,2026-04-21,25450,CE,0.0,0.0,0.0,35.0,0.45,0,0,0,22819.6
2026-03-27,2026-04-28,20900,CE,0.0,0.0,0.0,2166.9,2023.85,0,130,0,22819.6
2026-03-27,2026-04-28,21350,CE,0.0,0.0,0.0,2284.4,1587.4,0,65,0,22819.6
2026-03-27,2026-04-28,22250,CE,1300.35,1308.15,1175.0,1175.0,1175.0,16,18785,-195,22819.6
2026-03-27,2026-04-28,22350,CE,0.0,0.0,0.0,1412.0,727.4,0,3900,0,22819.6
2026-03-27,2026-04-28,23050,CE,805.95,805.95,661.65,672.3,672.3,3697,196950,177125,22819.6
2026-03-27,2026-04-28,23100,CE,783.05,783.05,637.0,643.35,643.35,13860,606320,305045,22819.6
2026-03-27,2026-04-28,23700,CE,450.05,457.75,359.2,368.15,368.15,4808,230490,16445,22819.6
2026-03-27,2026-04-28,23950,CE,340.0,348.3,271.65,278.95,278.95,396,36595,5655,22819.6
2026-03-27,2026-04-28,24900,CE,87.5,102.9,80.8,82.2,82.2,6749,224250,1430,22819.6
2026-03-27,2026-04-28,25350,CE,53.75,56.7,43.8,45.0,45.0,79,8970,780,22819.6
2026-03-27,2026-04-28,25800,CE,32.75,32.75,25.85,26.5,26.5,2859,162110,20670,22819.6
2026-03-27,2026-04-28,26050,CE,26.15,26.55,18.45,21.0,21.0,43,19370,1170,22819.6
2026-03-27,2026-04-28,26850,CE,14.9,14.9,10.1,11.85,11.85,17,5005,-455,22819.6
2026-03-27,2026-04-28,27100,CE,10.95,10.95,8.1,8.6,8.6,653,39910,3055,22819.6
2026-03-27,2026-04-28,27350,CE,9.5,9.5,6.3,7.5,7.5,11,8450,260,22819.6
2026-03-27,2026-05-05,21500,CE,0.0,0.0,0.0,1644.15,1479.0,0,0,0,22819.6
2026-03-27,2026-05-05,22600,CE,0.0,0.0,0.0,785.85,609.65,0,0,0,22819.6
2026-03-27,2026-05-05,22650,CE,0.0,0.0,0.0,754.25,579.0,0,0,0,22819.6
2026-03-27,2026-05-05,22850,CE,0.0,0.0,0.0,635.35,465.85,0,0,0,22819.6
2026-03-27,2026-05-05,23750,CE,0.0,0.0,0.0,251.85,137.8,0,0,0,22819.6
2026-03-27,2026-05-05,24500,CE,0.0,0.0,0.0,95.25,36.15,0,0,0,22819.6
2026-03-27,2026-05-05,25300,CE,0.0,0.0,0.0,27.25,6.2,0,0,0,22819.6
2026-03-27,2026-05-26,21050,CE,2464.3,2464.3,2461.8,2461.8,1987.9,2,195,130,22819.6
2026-03-27,2026-05-26,21300,CE,2261.15,2261.15,2257.25,2257.25,1758.05,2,195,130,22819.6
2026-03-27,2026-05-26,21650,CE,0.0,0.0,0.0,2231.5,1450.6,0,130,0,22819.6
2026-03-27,2026-05-26,21700,CE,0.0,0.0,0.0,2134.6,1408.35,0,130,0,22819.6
2026-03-27,2026-05-26,22050,CE,0.0,0.0,0.0,1575.35,1127.15,0,130,0,22819.6
2026-03-27,2030-12-31,24000,PE,0.0,0.0,0.0,353.8,884.85,0,0,0,22819.6
2026-03-27,2030-06-25,15000,PE,0.0,0.0,0.0,29.65,17.95,0,0,0,22819.6
2026-03-27,2029-12-24,34500,PE,0.0,0.0,0.0,3545.6,6109.2,0,0,0,22819.6
2026-03-27,2029-06-26,21000,PE,0.0,0.0,0.0,320.25,379.75,0,0,0,22819.6
2026-03-27,2028-12-26,26000,PE,0.0,0.0,0.0,2100.0,1842.15,0,6420,0,22819.6
2026-03-27,2026-05-26,22500,CE,1391.9,1391.9,1211.45,1223.15,1223.15,397,56420,1235,22819.6
2026-03-27,2026-05-26,22900,CE,1129.0,1141.7,965.0,974.25,974.25,232,6045,1885,22819.6
2026-03-27,2026-05-26,24300,CE,377.6,408.35,328.65,333.3,333.3,424,58890,1885,22819.6
2026-03-27,2026-05-26,24350,CE,339.2,344.55,317.65,320.4,320.4,50,6175,2730,22819.6
2026-03-27,2026-05-26,24850,CE,227.2,230.95,190.85,191.35,191.35,85,4030,-520,22819.6
2026-03-27,2026-05-26,25100,CE,164.7,179.1,144.4,145.65,145.65,169,12350,-1105,22819.6
2026-03-27,2026-05-26,25350,CE,138.3,138.3,110.3,110.3,110.3,64,2990,-585,22819.6
2026-03-27,2028-12-26,25000,PE,0.0,0.0,0.0,1490.95,1433.1,0,5530,0,22819.6
2026-03-27,2028-06-27,27000,PE,0.0,0.0,0.0,2752.35,2495.55,0,0,0,22819.6
2026-03-27,2027-12-28,34500,PE,0.0,0.0,0.0,5258.65,8588.85,0,0,0,22819.6
2026-03-27,2027-12-28,25500,PE,0.0,0.0,0.0,676.05,1855.75,0,0,0,22819.6
2026-03-27,2027-12-28,22000,PE,900.0,1047.0,890.0,1029.55,1029.55,71,16220,130,22819.6
2026-03-27,2026-12-29,28500,PE,0.0,0.0,0.0,1948.15,4605.05,0,0,0,22819.6
2026-03-27,2026-12-29,25500,PE,1814.95,2080.0,1814.95,2073.5,2073.5,61,94445,-650,22819.6
2026-03-27,2026-09-29,16500,PE,0.0,0.0,0.0,0.05,0.1,0,0,0,22819.6
2026-03-27,2026-06-30,22500,PE,565.0,736.95,564.95,731.45,731.45,2503,172900,1105,22819.6
2026-03-27,2026-06-30,20000,PE,156.05,244.0,156.05,238.3,238.3,10090,1594800,156900,22819.6
2026-03-27,2026-05-26,26300,PE,0.0,0.0,0.0,2534.45,3247.9,0,650,0,22819.6
2026-03-27,2026-05-26,25800,PE,1889.0,1889.0,1889.0,1889.0,2759.1,15,3445,975,22819.6
2026-03-27,2026-05-26,25750,PE,2550.0,2610.0,2550.0,2600.0,2710.6,14,1235,390,22819.6
2026-03-27,2026-05-26,24650,PE,0.0,0.0,0.0,1504.4,1681.45,0,2015,0,22819.6
2026-03-27,2026-05-26,24400,PE,0.0,0.0,0.0,1196.5,1464.9,0,19695,0,22819.6
2026-03-27,2026-05-26,23700,PE,988.0,1195.7,976.85,1194.95,1194.95,102,18590,-780,22819.6
2026-03-27,2026-05-26,21900,PE,0.0,0.0,0.0,5.65,127.7,0,0,0,22819.6
2026-03-27,2026-05-26,21550,PE,0.0,0.0,0.0,2.8,72.9,0,0,0,22819.6
2026-03-27,2026-05-26,21250,PE,0.0,0.0,0.0,1.5,42.6,0,0,0,22819.6
2026-03-27,2026-05-26,20950,PE,0.0,0.0,0.0,0.75,23.5,0,0,0,22819.6
2026-03-27,2026-05-26,20900,PE,0.0,0.0,0.0,0.7,21.2,0,0,0,22819.6
2026-03-27,2026-05-05,24300,PE,0.0,0.0,0.0,1313.45,1391.2,0,0,0,22819.6
2026-03-27,2026-05-05,23600,PE,0.0,0.0,0.0,792.65,815.8,0,0,0,22819.6
2026-03-27,2026-05-05,23300,PE,0.0,0.0,0.0,609.0,610.45,0,0,0,22819.6
2026-03-27,2026-05-05,23200,PE,0.0,0.0,0.0,553.75,548.8,0,0,0,22819.6
2026-03-27,2026-05-05,23000,PE,0.0,0.0,0.0,452.65,436.6,0,0,0,22819.6
2026-03-27,2026-05-05,22900,PE,0.0,0.0,0.0,406.75,386.15,0,0,0,22819.6
2026-03-27,2026-05-05,22150,PE,0.0,0.0,0.0,158.0,125.25,0,0,0,22819.6
2026-03-27,2026-05-05,22050,PE,0.0,0.0,0.0,136.35,104.6,0,0,0,22819.6
2026-03-27,2026-05-05,21050,PE,0.0,0.0,0.0,22.65,10.7,0,0,0,22819.6
2026-03-27,2026-04-28,26000,PE,2679.0,3072.05,2679.0,3057.1,3057.1,8621,1438580,327145,22819.6
2026-03-27,2026-04-28,25400,PE,2248.0,2485.0,2175.45,2467.25,2467.25,166,64155,8515,22819.6
2026-03-27,2026-04-28,25250,PE,0.0,0.0,0.0,1491.95,2312.1,0,9360,0,22819.6
2026-03-27,2026-04-28,25150,PE,2245.0,2245.0,2245.0,2245.0,2213.6,1,4680,0,22819.6
2026-03-27,2026-04-28,25100,PE,1850.35,2166.1,1850.35,2162.7,2162.7,77,56550,3055,22819.6
2026-03-27,2026-04-28,24850,PE,0.0,0.0,0.0,1440.0,1920.15,0,9360,0,22819.6
2026-03-27,2026-04-28,24400,PE,1300.0,1620.0,1300.0,1605.35,1605.35,87,321815,2405,22819.6
2026-03-27,2026-04-28,23950,PE,1165.05,1290.0,1152.0,1278.1,1278.1,91,20150,2730,22819.6
2026-03-27,2026-04-28,22050,PE,340.55,443.85,340.55,437.9,437.9,330,9360,520,22819.6
2026-03-27,2026-04-28,21750,PE,0.0,0.0,0.0,4.9,42.85,0,0,0,22819.6
2026-03-27,2026-04-28,21550,PE,0.0,0.0,0.0,3.25,26.0,0,0,0,22819.6
2026-03-27,2026-04-28,21400,PE,50.35,50.35,50.35,50.35,17.4,19,1235,1235,22819.6
2026-03-27,2026-04-28,21300,PE,0.0,0.0,0.0,1.9,13.1,0,0,0,22819.6
2026-03-27,2026-04-28,21150,PE,0.0,0.0,0.0,1.35,8.35,0,0,0,22819.6
2026-03-27,2026-04-28,20550,PE,0.0,0.0,0.0,0.3,1.05,0,0,0,22819.6
2026-03-27,2026-04-21,25500,PE,0.0,0.0,0.0,1779.6,2584.9,0,0,0,22819.6
2026-03-27,2026-04-21,25150,PE,0.0,0.0,0.0,1460.3,2237.2,0,0,0,22819.6
2026-03-27,2026-04-21,25100,PE,2150.0,2150.0,2150.0,2150.0,2187.65,4,260,260,22819.6
2026-03-27,2026-04-21,24850,PE,0.0,0.0,0.0,1201.3,1940.7,0,0,0,22819.6
2026-03-27,2026-04-21,22450,PE,0.0,0.0,0.0,61.55,149.2,0,0,0,22819.6
2026-03-27,2026-04-21,21750,PE,0.0,0.0,0.0,12.8,28.0,0,0,0,22819.6
2026-03-27,2026-04-21,20750,PE,0.0,0.0,0.0,0.65,0.8,0,0,0,22819.6
2026-03-27,2026-04-13,25900,PE,2920.0,2920.0,2900.0,2900.0,3014.15,8,520,520,22819.6
2026-03-27,2026-04-13,25650,PE,0.0,0.0,0.0,1302.4,2764.8,0,0,0,22819.6
2026-03-27,2026-04-13,25300,PE,0.0,0.0,0.0,2300.0,2415.75,0,130,0,22819.6
2026-03-27,2026-04-13,24900,PE,1960.0,1960.0,1935.0,1935.0,2017.2,18,1170,1170,22819.6
2026-03-27,2026-04-13,24750,PE,0.0,0.0,0.0,622.95,1868.05,0,0,0,22819.6
2026-03-27,2026-04-13,24550,PE,1550.0,1650.0,1550.0,1650.0,1669.8,2,0,0,22819.6
2026-03-27,2026-04-13,24150,PE,0.0,0.0,0.0,1292.5,1278.5,0,65,0,22819.6
2026-03-27,2026-04-13,23850,PE,0.0,0.0,0.0,1401.05,995.6,0,1560,0,22819.6
2026-03-27,2026-04-13,23500,PE,654.95,978.85,616.55,937.7,937.7,1818,59410,19955,22819.6
2026-03-27,2026-04-13,23250,PE,555.0,790.0,551.95,790.0,790.0,246,5005,-3900,22819.6
2026-03-27,2026-04-13,23200,PE,549.95,768.85,544.4,759.5,759.5,1790,22555,-9490,22819.6
2026-03-27,2026-04-13,22500,PE,265.2,463.05,265.2,451.1,451.1,8537,277030,74750,22819.6
2026-03-27,2026-04-13,21750,PE,0.0,0.0,0.0,1.65,12.55,0,0,0,22819.6
2026-03-27,2026-04-13,21650,PE,0.0,0.0,0.0,1.2,8.55,0,0,0,22819.6
2026-03-27,2026-04-13,21250,PE,0.0,0.0,0.0,0.3,1.45,0,0,0,22819.6
2026-03-27,2026-04-13,20550,PE,0.0,0.0,0.0,0.05,0.05,0,0,0,22819.6
2026-03-27,2026-04-07,25650,PE,0.0,0.0,0.0,1626.6,2787.9,0,65,0,22819.6
2026-03-27,2026-04-07,25200,PE,2107.9,2352.5,2107.9,2352.5,2352.5,97,7280,6045,22819.6
2026-03-27,2026-04-07,24800,PE,1625.0,1975.0,1625.0,1970.7,1970.7,99,140465,5655,22819.6
2026-03-27,2026-04-07,23900,PE,924.55,1169.9,900.45,1156.1,1156.1,673,356265,9880,22819.6
2026-03-27,2026-04-07,23800,PE,770.0,1095.05,770.0,1082.3,1082.3,3064,224770,112840,22819.6
2026-03-27,2026-04-07,23350,PE,462.4,804.15,462.4,755.45,755.45,2600,28925,-42380,22819.6
2026-03-27,2026-04-07,22800,PE,298.95,475.0,291.35,460.95,460.95,49755,796315,503425,22819.6
2026-03-27,2026-04-07,22100,PE,145.45,240.8,140.6,229.45,229.45,17288,201695,126945,22819.6
2026-03-27,2026-04-07,22050,PE,47.95,47.95,47.95,47.95,47.95,2,130,130,22819.6
2026-03-27,2026-04-07,21850,PE,87.65,188.45,87.65,176.95,176.95,2863,27170,25740,22819.6
2026-03-27,2026-04-07,21550,PE,0.0,0.0,0.0,0.1,1.25,0,0,0,22819.6
2026-03-27,2026-04-07,21250,PE,0.0,0.0,0.0,0.05,0.2,0,0,0,22819.6
2026-03-27,2026-04-07,21200,PE,20.1,20.1,20.1,20.1,20.1,47,3055,3055,22819.6
2026-03-27,2026-04-07,20700,PE,0.0,0.0,0.0,0.05,0.05,0,0,0,22819.6
2026-03-27,2026-03-30,27850,PE,0.0,0.0,0.0,3896.0,5017.8,0,455,0,22819.6
2026-03-27,2026-03-30,27700,PE,4670.0,4787.7,4670.0,4750.0,4867.9,18,3250,-780,22819.6
2026-03-27,2026-03-30,27650,PE,4613.35,4613.35,4613.35,4613.35,4817.9,1,585,0,22819.6
2026-03-27,2026-03-30,26150,PE,3192.85,3340.0,3192.85,3338.8,3338.8,5,16835,0,22819.6
2026-03-27,2026-03-30,25950,PE,3010.0,3120.0,3008.7,3104.0,3118.65,29,9750,-1755,22819.6
2026-03-27,2026-03-30,25550,PE,2430.0,2754.7,2430.0,2725.95,2725.95,269,26325,-7410,22819.6
2026-03-27,2026-03-30,24750,PE,1700.0,1944.8,1699.1,1932.45,1932.45,104,33800,-5720,22819.6
2026-03-27,2026-03-30,24550,PE,1485.0,1750.0,1485.0,1726.55,1726.55,91,40690,-4095,22819.6
2026-03-27,2026-03-30,24450,PE,1388.4,1666.2,1364.65,1624.1,1624.1,278,55770,-10400,22819.6
2026-03-27,2026-03-30,23700,PE,591.25,918.25,588.95,895.0,895.0,9296,427700,-132730,22819.6
2026-03-27,2026-03-30,23450,PE,353.1,683.85,353.1,665.5,665.5,24218,280085,-317200,22819.6
2026-03-27,2026-03-30,23400,PE,316.4,642.75,316.4,621.15,621.15,120730,783575,-1250925,22819.6
2026-03-27,2026-03-30,22550,PE,100.0,122.6,73.95,108.0,108.0,846453,813215,344370,22819.6
2026-03-27,2026-03-30,22450,PE,70.0,96.0,57.05,82.7,82.7,621658,823875,44330,22819.6
2026-03-27,2026-03-30,22350,PE,56.5,74.8,43.7,62.5,62.5,506827,594100,-100165,22819.6
2026-03-27,2026-03-30,21950,PE,27.0,32.75,14.7,18.4,18.4,326907,743405,289510,22819.6
2026-03-27,2026-03-30,21800,PE,19.8,23.7,8.55,10.7,10.7,801327,4502550,2047240,22819.6
2026-03-27,2030-06-25,21000,CE,0.0,0.0,0.0,10421.65,6570.55,0,0,0,22819.6
2026-03-27,2028-12-26,15000,CE,0.0,0.0,0.0,11381.75,9935.95,0,0,0,22819.6
2026-03-27,2028-06-27,30000,CE,0.0,0.0,0.0,2278.45,708.45,0,0,0,22819.6
2026-03-27,2026-05-26,21100,CE,2423.3,2423.3,2420.55,2420.55,1941.4,2,195,130,22819.6
2026-03-27,2026-05-26,20800,CE,2671.55,2671.55,2671.55,2671.55,2223.9,1,65,65,22819.6
2026-03-27,2026-05-05,24200,CE,0.0,0.0,0.0,143.8,64.05,0,0,0,22819.6
2026-03-27,2026-05-05,24100,CE,0.0,0.0,0.0,163.85,76.65,0,0,0,22819.6
2026-03-27,2026-05-05,22050,CE,0.0,0.0,0.0,1180.2,1003.4,0,0,0,22819.6
2026-03-27,2026-05-05,21250,CE,0.0,0.0,0.0,1871.35,1712.3,0,0,0,22819.6
2026-03-27,2026-05-05,20800,CE,0.0,0.0,0.0,2296.6,2146.7,0,0,0,22819.6
2026-03-27,2026-04-28,21450,CE,0.0,0.0,0.0,1893.4,1492.7,0,260,0,22819.6
2026-03-27,2026-04-28,21900,CE,1441.05,1441.05,1376.65,1376.65,1376.65,4,1430,260,22819.6
2026-03-27,2026-04-28,21950,CE,1556.45,1556.45,1556.45,1556.45,1042.9,1,1560,-65,22819.6
2026-03-27,2026-04-28,24050,CE,300.0,312.45,245.45,249.7,249.7,580,34710,6175,22819.6
2026-03-27,2026-04-28,24600,CE,149.9,155.7,119.25,122.15,122.15,4218,282750,10400,22819.6
2026-03-27,2026-04-28,25550,CE,43.7,43.7,34.95,36.15,36.15,56,22035,1625,22819.6
2026-03-27,2026-04-28,25750,CE,34.05,38.9,26.5,27.6,27.6,228,17420,-1235,22819.6
2026-03-27,2026-04-28,26650,CE,14.35,16.25,11.7,12.75,12.75,57,6630,-1300,22819.6
2026-03-27,2026-04-28,26700,CE,13.65,13.65,11.0,11.65,11.65,276,85410,3185,22819.6
2026-03-27,2026-04-28,26800,CE,12.05,14.5,10.5,11.05,11.05,202,59410,2990,22819.6
2026-03-27,2026-04-28,27000,CE,11.2,11.2,7.6,8.25,8.25,12654,1073475,232765,22819.6
2026-03-27,2026-04-28,27050,CE,9.5,10.4,8.65,9.65,9.65,41,4680,585,22819.6
2026-03-27,2026-04-28,27700,CE,7.0,7.75,4.8,5.1,5.1,1335,304590,15470,22819.6
2026-03-27,2026-03-30,20550,CE,0.0,0.0,0.0,2374.05,2278.9,0,0,0,22819.6
2026-03-27,2030-12-31,30000,PE,0.0,0.0,0.0,1450.1,2896.55,0,0,0,22819.6
2026-03-27,2030-06-25,18000,PE,0.0,0.0,0.0,116.65,106.65,0,0,0,22819.6
2026-03-27,2029-06-26,30000,PE,0.0,0.0,0.0,2031.05,3686.8,0,0,0,22819.6
2026-03-27,2029-06-26,25500,PE,0.0,0.0,0.0,624.25,1529.85,0,0,0,22819.6
2026-03-27,2028-12-26,24000,PE,0.0,0.0,0.0,1301.0,1082.85,0,2710,0,22819.6
2026-03-27,2028-06-27,33000,PE,0.0,0.0,0.0,3707.8,6647.75,0,0,0,22819.6
2026-03-27,2028-06-27,24000,PE,0.0,0.0,0.0,1692.75,1129.5,0,0,0,22819.6
2026-03-27,2028-06-27,19500,PE,0.0,0.0,0.0,40.05,168.6,0,0,0,22819.6
2026-03-27,2027-12-28,26000,PE,2123.55,2206.05,2123.55,2206.05,2122.85,4,12615,-130,22819.6
2026-03-27,2027-12-28,20000,PE,420.0,530.05,420.0,530.05,191.95,3,5360,130,22819.6
2026-03-27,2026-12-29,29000,PE,4489.0,4741.45,4489.0,4729.3,4729.3,57,202835,-130,22819.6
2026-03-27,2026-12-29,21000,PE,450.05,578.2,439.7,570.9,570.9,4712,441545,-4940,22819.6
2026-03-27,2026-09-29,26000,PE,2313.45,2566.1,2279.75,2552.1,2552.1,200,419845,1480,22819.6
2026-03-27,2026-09-29,25000,PE,1724.0,1900.05,1720.0,1894.4,1894.4,331,295970,6510,22819.6
2026-03-27,2026-09-29,15000,PE,0.0,0.0,0.0,0.1,0.05,0,0,0,22819.6
2026-03-27,2026-06-30,25000,PE,1758.95,2030.5,1758.95,2020.0,2020.0,8076,3405200,92710,22819.6
2026-03-27,2026-06-30,19000,PE,102.0,155.0,99.25,150.65,150.65,8563,793070,64870,22819.6
2026-03-27,2026-05-26,26850,PE,0.0,0.0,0.0,3028.7,3790.05,0,195,0,22819.6
2026-03-27,2026-05-26,26450,PE,0.0,0.0,0.0,2706.35,3395.45,0,260,0,22819.6
2026-03-27,2026-05-26,25950,PE,0.0,0.0,0.0,2237.3,2905.1,0,130,0,22819.6
2026-03-27,2026-05-26,25300,PE,0.0,0.0,0.0,1798.8,2278.95,0,9035,0,22819.6
2026-03-27,2026-05-26,24600,PE,1547.55,1547.55,1547.55,1547.55,1637.45,2,71370,-65,22819.6
2026-03-27,2026-05-26,24050,PE,0.0,0.0,0.0,943.35,1179.4,0,2015,0,22819.6
2026-03-27,2026-05-26,24000,PE,1080.0,1375.05,1079.9,1368.05,1368.05,1951,497055,19500,22819.6
2026-03-27,2026-05-26,23550,PE,916.1,999.0,916.1,999.0,818.0,20,1365,-1300,22819.6
2026-03-27,2026-05-26,22650,PE,0.0,0.0,0.0,21.1,342.95,0,0,0,22819.6
2026-03-27,2026-05-26,22100,PE,0.0,0.0,0.0,8.2,170.7,0,0,0,22819.6
2026-03-27,2026-05-26,21700,PE,0.0,0.0,0.0,3.8,93.45,0,0,0,22819.6
2026-03-27,2026-05-26,21200,PE,0.0,0.0,0.0,1.35,38.75,0,0,0,22819.6
2026-03-27,2026-05-26,21050,PE,0.0,0.0,0.0,0.95,28.85,0,0,0,22819.6
2026-03-27,2026-05-26,20650,PE,0.0,0.0,0.0,0.4,12.25,0,0,0,22819.6
2026-03-27,2026-05-05,23800,PE,0.0,0.0,0.0,929.15,968.15,0,0,0,22819.6
2026-03-27,2026-05-05,23400,PE,0.0,0.0,0.0,667.25,675.55,0,0,0,22819.6
2026-03-27,2026-05-05,21450,PE,0.0,0.0,0.0,50.05,29.75,0,0,0,22819.6
2026-03-27,2026-05-05,21400,PE,0.0,0.0,0.0,45.55,26.4,0,0,0,22819.6
2026-03-27,2026-05-05,21000,PE,0.0,0.0,0.0,20.35,9.3,0,0,0,22819.6
2026-03-27,2026-04-28,27500,PE,4188.0,4546.75,4188.0,4519.0,4519.0,5206,363675,236470,22819.6
2026-03-27,2026-04-28,27450,PE,0.0,0.0,0.0,3304.75,4498.35,0,65,0,22819.6
2026-03-27,2026-04-28,26500,PE,3242.4,3562.05,3227.85,3532.15,3532.15,4085,344565,60320,22819.6
2026-03-27,2026-04-28,25750,PE,2700.0,2805.0,2700.0,2800.0,2800.0,19,3380,1040,22819.6
2026-03-27,2026-04-28,25700,PE,2500.0,2769.95,2500.0,2749.05,2749.05,198,57265,11895,22819.6
2026-03-27,2026-04-28,25650,PE,2550.0,2550.0,2550.0,2550.0,2707.95,1,7605,0,22819.6
2026-03-27,2026-04-28,24200,PE,1229.0,1469.35,1206.9,1459.05,1459.05,724,161655,2600,22819.6
2026-03-27,2026-04-28,24050,PE,1140.25,1492.5,1139.9,1431.25,1431.25,225,25545,6305,22819.6
2026-03-27,2026-04-28,22850,PE,532.95,719.0,519.7,708.55,708.55,1170,28535,21320,22819.6
2026-03-27,2026-04-28,22400,PE,379.0,549.85,372.0,541.3,541.3,2778,149760,21775,22819.6
2026-03-27,2026-04-28,22350,PE,0.0,0.0,0.0,15.2,150.3,0,0,0,22819.6
2026-03-27,2026-04-28,22200,PE,320.0,486.6,320.0,477.4,477.4,2143,69160,20540,22819.6
2026-03-27,2026-04-28,20850,PE,0.0,0.0,0.0,0.65,3.15,0,0,0,22819.6
2026-03-27,2026-04-21,24950,PE,0.0,0.0,0.0,1285.8,2039.3,0,0,0,22819.6
2026-03-27,2026-04-21,22850,PE,0.0,0.0,0.0,127.15,303.25,0,0,0,22819.6
2026-03-27,2026-04-21,22300,PE,0.0,0.0,0.0,45.45,109.55,0,0,0,22819.6
2026-03-27,2026-04-21,21700,PE,0.0,0.0,0.0,11.25,24.25,0,0,0,22819.6
2026-03-27,2026-04-21,21550,PE,0.0,0.0,0.0,7.55,15.45,0,0,0,22819.6
2026-03-27,2026-04-21,21150,PE,0.0,0.0,0.0,28.8,3.95,0,1885,0,22819.6
2026-03-27,2026-04-21,20900,PE,0.0,0.0,0.0,1.05,1.5,0,0,0,22819.6
2026-03-27,2026-04-21,20800,PE,0.0,0.0,0.0,0.75,0.95,0,0,0,22819.6
2026-03-27,2026-04-21,20500,PE,0.0,0.0,0.0,0.25,0.25,0,0,0,22819.6
2026-03-27,2026-04-13,24300,PE,0.0,0.0,0.0,1374.05,1424.0,0,130,0,22819.6
2026-03-27,2026-04-13,23650,PE,807.0,807.0,807.0,807.0,816.85,1,1430,0,22819.6
2026-03-27,2026-04-13,23450,PE,682.4,908.0,682.4,908.0,908.0,84,3315,-3185,22819.6
2026-03-27,2026-04-13,23100,PE,481.95,715.0,473.65,707.55,707.55,1639,31135,11700,22819.6
2026-03-27,2026-04-07,25950,PE,0.0,0.0,0.0,1922.35,3087.4,0,65,0,22819.6
2026-03-27,2026-04-07,23700,PE,713.0,1016.0,713.0,998.35,998.35,1428,91715,-31200,22819.6
2026-03-27,2026-03-30,21200,CE,0.0,0.0,0.0,2296.0,1629.2,0,130,0,22819.6
2026-03-27,2026-03-30,22000,CE,1200.0,1200.0,822.0,841.45,841.45,19698,727845,-262445,22819.6
2026-03-27,2026-03-30,22750,CE,538.0,538.9,232.65,250.85,250.85,95446,343005,126880,22819.6
2026-03-27,2026-03-30,23200,CE,191.35,242.25,65.0,72.95,72.95,1867728,5252455,3508635,22819.6
2026-03-27,2026-03-30,23350,CE,196.95,196.95,43.25,47.95,47.95,633103,1622205,609700,22819.6
2026-03-27,2026-03-30,25100,CE,1.8,2.0,1.1,1.25,1.25,95376,840385,-455455,22819.6
2026-03-27,2026-03-30,25200,CE,1.65,1.75,0.85,1.0,1.0,140025,1481285,-178620,22819.6
2026-03-27,2026-03-30,26050,CE,1.0,1.2,0.5,0.75,0.75,3984,81315,12350,22819.6
2026-03-27,2026-03-30,26200,CE,0.8,0.9,0.6,0.7,0.7,9317,359580,-39325,22819.6
2026-03-27,2026-03-30,26550,CE,0.8,1.05,0.5,0.65,0.65,583,43225,-6110,22819.6
2026-03-27,2026-03-30,27550,CE,0.6,0.85,0.35,0.55,0.55,2058,35490,-31460,22819.6
2026-03-27,2026-04-07,20650,CE,0.0,0.0,0.0,4349.15,2203.8,0,0,0,22819.6
2026-03-27,2026-04-07,21900,PE,120.0,194.75,112.85,186.6,186.6,10817,166140,104910,22819.6
2026-03-27,2026-04-07,21500,PE,92.9,126.85,73.05,119.2,119.2,70482,1252420,657345,22819.6
2026-03-27,2026-04-07,20900,PE,0.0,0.0,0.0,0.05,0.05,0,0,0,22819.6
2026-03-27,2026-03-30,29000,PE,5930.45,6237.95,5930.45,6206.6,6206.6,1024,135465,-20605,22819.6
2026-03-27,2026-03-30,27300,PE,4300.0,4520.7,4300.0,4509.7,4509.7,136,4290,-4875,22819.6
2026-03-27,2026-03-30,25450,PE,2376.4,2650.0,2376.4,2642.3,2642.3,323,81315,-18525,22819.6
2026-03-27,2026-03-30,25200,PE,2104.95,2399.05,2093.2,2375.1,2375.1,1359,712985,-53495,22819.6
2026-03-27,2026-03-30,24100,PE,980.4,1302.95,979.0,1285.7,1285.7,699,147095,-9100,22819.6
2026-03-27,2026-03-30,23800,PE,650.0,1012.65,650.0,995.0,995.0,9485,633880,-125190,22819.6
2026-03-27,2026-03-30,22700,PE,102.6,172.15,101.15,159.1,159.1,1421455,2453620,200525,22819.6
2026-03-27,2026-03-30,22150,PE,37.95,49.6,25.6,34.6,34.6,469413,697385,255515,22819.6
2026-03-27,2026-03-30,21850,PE,23.6,26.4,10.0,13.0,13.0,261866,812240,511225,22819.6
2026-03-27,2026-03-30,21550,PE,15.25,15.25,4.1,5.1,5.1,189693,713440,456105,22819.6
2026-03-27,2026-04-07,20900,CE,0.0,0.0,0.0,1809.45,1954.25,0,130,0,22819.6
2026-03-27,2026-04-07,21350,CE,0.0,0.0,0.0,1438.0,1505.3,0,325,0,22819.6
2026-03-27,2026-04-07,21500,CE,1692.7,1692.7,1446.95,1458.35,1458.35,2405,168805,122460,22819.6
2026-03-27,2026-03-30,21250,PE,8.4,8.4,2.0,2.6,2.6,119196,518960,227500,22819.6
2026-03-27,2026-03-30,20550,PE,4.95,4.95,1.75,2.2,2.2,32310,151320,3445,22819.6
2026-03-27,2026-03-30,20000,PE,3.4,3.4,1.55,1.85,1.85,529085,14624325,-441545,22819.6
2026-03-27,2030-12-31,28500,CE,0.0,0.0,0.0,5968.3,3163.95,0,0,0,22819.6
2026-03-27,2030-12-31,22500,CE,0.0,0.0,0.0,9536.95,6096.7,0,0,0,22819.6
2026-03-27,2029-12-24,30000,CE,0.0,0.0,0.0,3400.0,1806.4,0,7950,0,22819.6
2026-03-27,2029-12-24,27000,CE,0.0,0.0,0.0,6201.65,2841.6,0,0,0,22819.6
2026-03-27,2029-12-24,25500,CE,0.0,0.0,0.0,6500.6,3506.3,0,0,0,22819.6
2026-03-27,2029-12-24,21000,CE,0.0,0.0,0.0,9463.95,6110.6,0,0,0,22819.6
2026-03-27,2028-12-26,27000,CE,0.0,0.0,0.0,4437.95,1922.2,0,0,0,22819.6
2026-03-27,2028-12-26,22500,CE,0.0,0.0,0.0,7382.9,4148.45,0,0,0,22819.6
2026-03-27,2028-12-26,19500,CE,0.0,0.0,0.0,9716.4,6247.2,0,0,0,22819.6
2026-03-27,2028-06-27,19500,CE,0.0,0.0,0.0,9209.1,5762.5,0,0,0,22819.6
2026-03-27,2027-12-28,27000,CE,1476.4,1519.8,1303.0,1380.85,1380.85,10,11400,0,22819.6
2026-03-27,2026-04-07,21600,CE,1585.85,1585.85,1400.0,1400.0,1257.05,4,455,0,22819.6
2026-03-27,2026-04-07,22200,CE,1076.0,1076.0,870.65,879.0,879.0,2010,112580,106340,22819.6
2026-03-27,2026-04-07,22350,CE,851.0,872.2,778.3,783.7,783.7,42,3315,2210,22819.6
2026-03-27,2026-04-07,24250,CE,84.7,84.7,44.35,47.95,47.95,10653,212160,27495,22819.6
2026-03-27,2026-04-07,24400,CE,48.25,51.8,33.45,35.3,35.3,24617,435045,187330,22819.6
2026-03-27,2026-04-07,25100,CE,14.95,15.0,9.45,10.55,10.55,10116,109460,41015,22819.6
2026-03-27,2026-04-07,25250,CE,11.95,14.3,5.8,7.75,7.75,1566,25155,9945,22819.6
2026-03-27,2026-04-07,26550,CE,2.1,2.75,1.4,2.65,2.65,486,26650,-2275,22819.6
2026-03-27,2026-04-13,20650,CE,0.0,0.0,0.0,2328.15,2222.5,0,585,0,22819.6
2026-03-27,2026-04-13,20750,CE,0.0,0.0,0.0,2210.1,2122.8,0,65,0,22819.6
2026-03-27,2026-04-13,20800,CE,0.0,0.0,0.0,2179.45,2072.95,0,65,0,22819.6
2026-03-27,2026-04-13,21150,CE,0.0,0.0,0.0,1741.05,1724.6,0,65,0,22819.6
2026-03-27,2026-04-13,21500,CE,0.0,0.0,0.0,1537.05,1379.2,0,65,0,22819.6
2026-03-27,2026-04-13,24050,CE,161.5,180.25,134.9,137.0,137.0,261,7930,1170,22819.6
2026-03-27,2026-04-13,25350,CE,24.0,24.0,16.9,17.25,17.25,39,715,0,22819.6
2026-03-27,2026-04-13,25650,CE,15.8,15.8,13.0,14.0,14.0,32,4745,1950,22819.6
2026-03-27,2026-04-21,21150,CE,0.0,0.0,0.0,2575.4,1753.05,0,0,0,22819.6
2026-03-27,2026-04-21,22050,CE,0.0,0.0,0.0,1705.45,914.25,0,0,0,22819.6
2026-03-27,2026-04-21,22400,CE,0.0,0.0,0.0,1387.15,638.8,0,0,0,22819.6
2026-03-27,2026-04-21,22550,CE,0.0,0.0,0.0,1257.05,535.3,0,0,0,22819.6
2026-03-27,2026-04-21,22700,CE,864.4,864.4,779.15,784.75,784.75,27,715,715,22819.6
2026-03-27,2026-04-21,25350,CE,0.0,0.0,0.0,42.15,0.7,0,0,0,22819.6
2026-03-27,2026-04-28,20800,CE,2455.15,2455.15,2455.15,2455.15,2122.3,1,195,65,22819.6
2026-03-27,2027-06-29,25500,CE,0.0,0.0,0.0,3312.45,1009.55,0,0,0,22819.6
2026-03-27,2026-12-29,25500,CE,750.0,766.05,701.0,706.85,706.85,595,85800,3445,22819.6
2026-03-27,2026-12-29,23000,CE,2060.0,2100.0,1940.05,1958.95,1958.95,700,144250,650,22819.6
2026-03-27,2026-09-29,28500,CE,73.25,73.5,65.65,67.45,67.45,323,73060,2470,22819.6
2026-03-27,2026-06-30,29000,CE,18.4,21.3,15.5,18.75,18.75,1480,326675,1090,22819.6
2026-03-27,2026-06-30,26000,CE,144.0,144.0,116.3,118.1,118.1,12098,2751015,127385,22819.6
2026-03-27,2026-06-30,16500,CE,0.0,0.0,0.0,9929.2,6554.1,0,0,0,22819.6
2026-03-27,2026-05-26,27250,CE,30.35,30.35,20.1,25.15,25.15,163,17030,3965,22819.6
2026-03-27,2026-05-26,26900,CE,0.0,0.0,0.0,23.65,1.2,0,2015,0,22819.6
2026-03-27,2026-05-26,26450,CE,0.0,0.0,0.0,33.15,3.1,0,1365,0,22819.6
2026-03-27,2026-05-26,26400,CE,48.65,51.05,41.0,44.65,44.65,66,6630,390,22819.6
2026-03-27,2026-05-26,25700,CE,91.05,95.95,76.65,77.65,77.65,102,11570,0,22819.6
2026-03-27,2026-05-26,25400,CE,128.4,128.4,105.05,107.3,107.3,115,10530,195,22819.6
2026-03-27,2026-05-26,23850,CE,508.15,508.15,501.2,505.95,505.95,27,4745,1170,22819.6
2026-03-27,2026-05-26,23600,CE,693.45,702.8,602.85,608.2,608.2,120,11440,-1690,22819.6
2026-03-27,2026-05-26,21600,CE,0.0,0.0,0.0,2217.75,1493.3,0,130,0,22819.6
2026-03-27,2026-05-26,21350,CE,2221.1,2221.1,2184.05,2184.05,1713.0,2,260,130,22819.6
2026-03-27,2026-03-30,22950,CE,427.35,427.35,137.0,151.9,151.9,1315130,1656460,1497470,22819.6
2026-03-27,2030-12-31,27000,PE,0.0,0.0,0.0,779.5,1725.7,0,0,0,22819.6
2026-03-27,2030-12-31,21000,PE,0.0,0.0,0.0,126.8,366.3,0,0,0,22819.6
2026-03-27,2030-06-25,22500,PE,0.0,0.0,0.0,223.75,612.25,0,0,0,22819.6
2026-03-27,2029-12-24,31500,PE,0.0,0.0,0.0,2240.25,4232.15,0,0,0,22819.6
2026-03-27,2029-12-24,25500,PE,0.0,0.0,0.0,597.3,1436.6,0,0,0,22819.6
2026-03-27,2029-12-24,16500,PE,0.0,0.0,0.0,10.15,42.5,0,0,0,22819.6
2026-03-27,2028-06-27,30000,PE,0.0,0.0,0.0,3779.25,4389.85,0,0,0,22819.6
2026-03-27,2027-06-29,19500,PE,0.0,0.0,0.0,17.3,102.8,0,0,0,22819.6
2026-03-27,2026-12-29,19500,PE,247.1,353.4,247.1,345.7,345.7,94,3965,2210,22819.6
2026-03-27,2026-12-29,16000,PE,0.0,0.0,0.0,20.45,0.3,0,6120,0,22819.6
2026-03-27,2026-09-29,34500,PE,0.0,0.0,0.0,7064.95,10726.9,0,0,0,22819.6
2026-03-27,2026-06-30,29000,PE,5336.15,5632.0,5321.85,5619.9,5619.9,913,272620,41275,22819.6
2026-03-27,2026-06-30,28500,PE,0.0,0.0,0.0,2121.75,5276.2,0,0,0,22819.6
2026-03-27,2026-06-30,19500,PE,0.0,0.0,0.0,0.4,3.75,0,0,0,22819.6
2026-03-27,2026-06-30,15000,PE,21.75,31.3,17.05,29.35,29.35,1535,159685,-16120,22819.6
2026-03-27,2026-06-30,13000,PE,15.85,18.9,14.6,15.85,15.85,111,20675,3510,22819.6
2026-03-27,2026-05-26,25900,PE,0.0,0.0,0.0,2393.3,2856.35,0,2795,0,22819.6
2026-03-27,2026-05-26,25150,PE,1889.65,1909.95,1889.65,1909.95,2137.7,2,845,-65,22819.6
2026-03-27,2026-05-26,25100,PE,0.0,0.0,0.0,2007.2,2091.0,0,31720,0,22819.6
2026-03-27,2026-05-26,24800,PE,1800.0,1904.45,1800.0,1902.1,1902.1,9,38870,260,22819.6
2026-03-27,2026-05-26,23950,PE,1175.35,1289.35,1175.35,1289.35,1102.4,2,910,130,22819.6
2026-03-27,2026-05-26,23600,PE,941.25,1138.7,928.35,1132.25,1132.25,145,7995,-3835,22819.6
2026-03-27,2026-05-26,23450,PE,855.75,1065.7,855.75,1060.75,753.4,20,3380,-195,22819.6
2026-03-27,2026-05-26,22750,PE,615.0,777.95,615.0,769.05,769.05,201,7800,-325,22819.6
2026-03-27,2026-05-26,22700,PE,591.55,761.75,585.5,752.25,752.25,342,21125,2145,22819.6
2026-03-27,2026-05-26,22550,PE,0.0,0.0,0.0,17.95,305.25,0,0,0,22819.6
2026-03-27,2026-05-26,22050,PE,0.0,0.0,0.0,7.5,159.05,0,0,0,22819.6
2026-03-27,2026-05-26,21600,PE,0.0,0.0,0.0,3.1,79.3,0,0,0,22819.6
2026-03-27,2026-05-05,25450,PE,0.0,0.0,0.0,2349.25,2485.55,0,0,0,22819.6
2026-03-27,2026-05-05,25350,PE,0.0,0.0,0.0,2254.05,2387.35,0,0,0,22819.6
2026-03-27,2026-05-05,24950,PE,0.0,0.0,0.0,1880.75,1998.2,0,0,0,22819.6
2026-03-27,2026-05-05,24800,PE,0.0,0.0,0.0,1744.7,1854.55,0,0,0,22819.6
2026-03-27,2026-05-05,24150,PE,0.0,0.0,0.0,1192.45,1259.0,0,0,0,22819.6
2026-03-27,2026-05-05,23950,PE,0.0,0.0,0.0,1039.4,1089.4,0,0,0,22819.6
2026-03-27,2026-05-05,23850,PE,0.0,0.0,0.0,964.95,1007.95,0,0,0,22819.6
2026-03-27,2026-04-28,27650,PE,0.0,0.0,0.0,3496.95,4697.4,0,65,0,22819.6
2026-03-27,2026-04-28,27600,PE,0.0,0.0,0.0,3900.0,4647.65,0,325,0,22819.6
2026-03-27,2026-04-28,27350,PE,0.0,0.0,0.0,3204.75,4398.85,0,65,0,22819.6
2026-03-27,2026-04-28,23600,PE,839.9,1086.0,839.0,1075.25,1075.25,2220,163085,-55575,22819.6
2026-03-27,2026-04-28,23150,PE,655.0,850.0,647.5,841.15,841.15,653,46345,13845,22819.6
2026-03-27,2026-04-28,22600,PE,424.35,621.55,424.35,611.25,611.25,2901,168285,51805,22819.6
2026-03-27,2026-04-28,22150,PE,0.0,0.0,0.0,10.6,102.8,0,0,0,22819.6
2026-03-27,2026-04-28,21200,PE,0.0,0.0,0.0,1.5,9.75,0,0,0,22819.6
2026-03-27,2026-04-21,24350,PE,0.0,0.0,0.0,813.15,1455.1,0,0,0,22819.6
2026-03-27,2026-04-21,24200,PE,0.0,0.0,0.0,710.25,1313.65,0,0,0,22819.6
2026-03-27,2026-04-21,23750,PE,0.0,0.0,0.0,457.0,911.9,0,65,0,22819.6
2026-03-27,2026-04-21,23550,PE,0.0,0.0,0.0,611.3,749.5,0,780,0,22819.6
2026-03-27,2026-04-21,23450,PE,0.0,0.0,0.0,775.4,673.3,0,325,0,22819.6
2026-03-27,2026-04-21,23250,PE,0.0,0.0,0.0,235.5,532.35,0,0,0,22819.6
2026-03-27,2026-04-21,21950,PE,0.0,0.0,0.0,20.9,48.05,0,0,0,22819.6
2026-03-27,2026-04-21,21650,PE,0.0,0.0,0.0,9.9,20.95,0,0,0,22819.6
2026-03-27,2026-04-21,21250,PE,0.0,0.0,0.0,3.2,5.7,0,0,0,22819.6
2026-03-27,2026-04-13,25500,PE,0.0,0.0,0.0,2500.0,2615.2,0,65,0,22819.6
2026-03-27,2026-04-13,24100,PE,1160.0,1160.0,1160.0,1160.0,1230.45,2,1495,130,22819.6
2026-03-27,2026-04-13,23000,PE,450.0,665.9,427.25,657.25,657.25,16577,308880,191295,22819.6
2026-03-27,2026-04-13,22800,PE,0.0,0.0,0.0,29.35,235.0,0,0,0,22819.6
2026-03-27,2026-04-13,22700,PE,0.0,0.0,0.0,23.3,191.95,0,0,0,22819.6
2026-03-27,2026-04-13,22350,PE,0.0,0.0,0.0,9.7,84.15,0,0,0,22819.6
2026-03-27,2026-04-13,21900,PE,0.0,0.0,0.0,2.7,21.5,0,0,0,22819.6
2026-03-27,2026-04-07,25900,PE,2899.0,3039.2,2694.4,3039.2,3039.2,8,650,455,22819.6
2026-03-27,2026-04-07,25550,PE,0.0,0.0,0.0,1537.75,2688.1,0,65,0,22819.6
2026-03-27,2026-04-07,25000,PE,1801.65,2170.0,1801.65,2160.2,2160.2,4545,444795,205660,22819.6
2026-03-27,2026-04-07,24250,PE,1411.9,1411.9,1411.9,1411.9,1391.55,1,101855,-65,22819.6
2026-03-27,2026-04-07,23300,PE,489.95,738.0,460.0,726.5,726.5,14634,329030,-38610,22819.6
2026-03-27,2026-04-07,22500,PE,220.0,356.85,210.05,344.8,344.8,83004,1308190,446745,22819.6
2026-03-27,2026-04-07,22200,PE,138.65,264.6,137.45,253.7,253.7,16155,293735,216125,22819.6
2026-03-27,2026-04-07,20950,PE,0.0,0.0,0.0,0.05,0.05,0,0,0,22819.6
2026-03-27,2026-03-30,26900,PE,3865.1,3977.0,3865.1,3935.0,4068.25,26,2145,-1235,22819.6
2026-03-27,2026-03-30,26800,PE,3770.0,4084.85,3770.0,3986.2,3986.2,158,14430,-5330,22819.6
2026-03-27,2026-03-30,26550,PE,3618.9,3618.9,3618.9,3618.9,3718.4,1,650,-65,22819.6
2026-03-27,2026-03-30,25900,PE,2823.9,3108.1,2808.5,3088.1,3088.1,556,311935,-5980,22819.6
2026-03-27,2026-03-30,25800,PE,2708.0,3009.7,2696.0,2985.7,2985.7,6152,474500,-246090,22819.6
2026-03-27,2026-03-30,25750,PE,2640.0,2942.0,2640.0,2932.8,2932.8,88,36075,-5005,22819.6
2026-03-27,2026-03-30,24900,PE,1822.0,2099.15,1798.0,2085.9,2085.9,2215,224055,-33735,22819.6
2026-03-27,2026-03-30,23550,PE,455.1,776.8,455.05,755.3,755.3,9068,166465,-86125,22819.6
2026-03-27,2026-03-30,22650,PE,85.0,154.3,82.4,140.45,140.45,662193,768365,205790,22819.6
2026-03-27,2026-03-30,22300,PE,52.35,67.4,38.25,53.9,53.9,1111847,2428595,276575,22819.6
2026-03-27,2026-03-30,20900,PE,6.05,6.05,1.75,2.25,2.25,92953,552240,93340,22819.6
2026-03-27,2026-03-30,20700,PE,4.95,4.95,1.5,2.1,2.1,69169,411970,-38220,22819.6
2026-03-27,2030-12-31,19500,CE,0.0,0.0,0.0,11601.15,8028.25,0,0,0,22819.6
2026-03-27,2030-06-25,34500,CE,0.0,0.0,0.0,2879.05,1144.7,0,0,0,22819.6
2026-03-27,2030-06-25,33000,CE,0.0,0.0,0.0,4416.45,1434.55,0,0,0,22819.6
2026-03-27,2030-06-25,30000,CE,0.0,0.0,0.0,5580.35,2209.95,0,0,0,22819.6
2026-03-27,2028-12-26,34500,CE,0.0,0.0,0.0,1432.8,380.05,0,0,0,22819.6
2026-03-27,2028-06-27,18000,CE,0.0,0.0,0.0,6809.35,6985.6,0,0,0,22819.6
2026-03-27,2027-12-28,33000,CE,0.0,0.0,0.0,265.0,146.9,0,650,0,22819.6
2026-03-27,2027-12-28,25000,CE,2436.6,2436.6,2340.0,2350.0,2350.0,16,15155,-650,22819.6
2026-03-27,2027-12-28,22500,CE,0.0,0.0,0.0,6183.0,3057.5,0,0,0,22819.6
2026-03-27,2027-06-29,28500,CE,0.0,0.0,0.0,1711.9,328.8,0,0,0,22819.6
2026-03-27,2027-06-29,18000,CE,0.0,0.0,0.0,4066.45,6050.55,0,0,0,22819.6
2026-03-27,2027-06-29,15000,CE,0.0,0.0,0.0,5367.85,8822.65,0,0,0,22819.6
2026-03-27,2026-12-29,34500,CE,0.0,0.0,0.0,89.2,1.0,0,0,0,22819.6
2026-03-27,2026-12-29,31500,CE,61.1,67.0,54.9,61.0,61.0,35,1300,260,22819.6
2026-03-27,2026-12-29,28000,CE,219.1,219.1,195.1,198.4,198.4,1612,843235,5385,22819.6
2026-03-27,2026-12-29,26000,CE,670.0,670.0,554.0,562.65,562.65,1791,792475,18695,22819.6
2026-03-27,2026-12-29,24000,CE,1506.0,1516.85,1365.65,1374.6,1374.6,1288,202930,12545,22819.6
2026-03-27,2026-12-29,22500,CE,2595.3,2595.3,2337.35,2338.0,2338.0,14,7865,260,22819.6
2026-03-27,2026-06-30,34500,CE,0.0,0.0,0.0,3.5,0.05,0,130,0,22819.6
2026-03-27,2026-05-26,26750,CE,0.0,0.0,0.0,33.5,1.65,0,780,0,22819.6
2026-03-27,2026-05-26,26550,CE,0.0,0.0,0.0,49.4,2.5,0,455,0,22819.6
2026-03-27,2026-05-26,26200,CE,54.75,62.0,47.0,49.05,49.05,135,26260,-910,22819.6
2026-03-27,2026-05-26,25950,CE,71.65,78.25,65.25,65.25,65.25,85,20020,260,22819.6
2026-03-27,2026-05-26,25150,CE,159.2,167.7,136.6,137.7,137.7,85,3640,1105,22819.6
2026-03-27,2026-05-26,24050,CE,448.25,448.25,415.75,426.0,426.0,61,5005,2535,22819.6
2026-03-27,2026-05-26,23700,CE,628.35,658.25,536.55,553.3,553.3,202,12675,-2340,22819.6
2026-03-27,2026-05-26,22400,CE,1425.45,1425.45,1299.55,1307.45,875.4,38,845,0,22819.6
2026-03-27,2026-05-26,21400,CE,2181.3,2181.3,2063.05,2063.05,1668.3,3,325,195,22819.6
2026-03-27,2026-05-26,20700,CE,2757.1,2757.1,2757.1,2757.1,2319.6,1,130,65,22819.6
2026-03-27,2026-05-05,25000,CE,0.0,0.0,0.0,44.7,12.5,0,0,0,22819.6
2026-03-27,2026-05-05,23550,CE,0.0,0.0,0.0,316.4,187.15,0,0,0,22819.6
2026-03-27,2026-05-05,23050,CE,0.0,0.0,0.0,528.85,367.9,0,0,0,22819.6
2026-03-27,2026-05-05,22900,CE,840.1,840.1,840.1,840.1,439.95,1,65,65,22819.6
2026-03-27,2026-05-05,21850,CE,0.0,0.0,0.0,1342.1,1168.8,0,0,0,22819.6
2026-03-27,2026-05-05,21750,CE,0.0,0.0,0.0,1426.2,1255.0,0,0,0,22819.6
2026-03-27,2026-05-05,21300,CE,0.0,0.0,0.0,1825.3,1665.05,0,0,0,22819.6
2026-03-27,2026-05-05,21050,CE,0.0,0.0,0.0,2058.25,1903.65,0,0,0,22819.6
2026-03-27,2026-04-28,27600,CE,7.05,7.35,5.3,5.3,5.3,347,25935,3640,22819.6
2026-03-27,2026-04-28,27550,CE,8.4,8.4,5.7,6.7,6.7,415,14040,-8775,22819.6
2026-03-27,2026-04-28,27200,CE,8.1,9.75,7.25,8.0,8.0,83,24505,1170,22819.6
2026-03-27,2026-04-28,24500,CE,184.0,189.75,137.45,140.7,140.7,37481,2112175,383955,22819.6
2026-03-27,2026-04-28,23850,CE,370.0,388.6,297.85,309.0,309.0,416,29835,8710,22819.6
2026-03-27,2026-04-28,23450,CE,583.1,583.1,468.4,474.85,474.85,780,202800,-5070,22819.6
2026-03-27,2026-04-28,23000,CE,839.0,851.65,688.35,698.3,698.3,62403,3163290,1835665,22819.6
2026-03-27,2026-04-28,22100,CE,1340.0,1340.0,1288.65,1291.2,918.85,5,3900,260,22819.6
2026-03-27,2026-04-28,21150,CE,0.0,0.0,0.0,1961.3,1779.7,0,195,0,22819.6
2026-03-27,2026-04-28,20550,CE,0.0,0.0,0.0,2518.5,2369.5,0,65,0,22819.6
2026-03-27,2026-04-21,25300,CE,0.0,0.0,0.0,46.15,0.8,0,0,0,22819.6
2026-03-27,2026-04-21,24150,CE,204.0,205.0,181.3,183.4,183.4,28,3640,-650,22819.6
2026-03-27,2026-04-21,24050,CE,249.4,256.0,231.4,231.4,35.35,38,3835,1495,22819.6
2026-03-27,2026-04-21,23900,CE,291.65,309.55,249.55,251.95,251.95,200,12155,9230,22819.6
2026-03-27,2026-04-21,23500,CE,495.0,495.0,383.6,392.75,392.75,887,30875,6045,22819.6
2026-03-27,2026-04-21,23100,CE,696.5,696.5,557.5,563.25,563.25,103,4940,4810,22819.6
2026-03-27,2026-04-21,22250,CE,0.0,0.0,0.0,1521.35,751.5,0,0,0,22819.6
2026-03-27,2026-04-21,21750,CE,0.0,0.0,0.0,1989.85,1179.4,0,0,0,22819.6
2026-03-27,2026-04-21,21550,CE,0.0,0.0,0.0,2183.3,1366.05,0,0,0,22819.6
2026-03-27,2026-04-21,21350,CE,0.0,0.0,0.0,2378.7,1557.9,0,0,0,22819.6
2026-03-27,2026-04-21,21200,CE,0.0,0.0,0.0,2526.15,1704.05,0,0,0,22819.6
2026-03-27,2026-04-21,20750,CE,0.0,0.0,0.0,2971.0,2148.4,0,0,0,22819.6
2026-03-27,2026-04-21,20500,CE,0.0,0.0,0.0,2280.0,2396.95,0,65,0,22819.6
2026-03-27,2026-04-13,25850,CE,10.0,12.0,7.25,9.5,0.05,26,1105,455,22819.6
2026-03-27,2026-04-13,25000,CE,36.65,45.45,28.75,30.1,30.1,4790,204555,28015,22819.6
2026-03-27,2026-04-13,24300,CE,106.05,120.25,88.3,92.35,92.35,1302,29835,17615,22819.6
2026-03-27,2026-04-13,24200,CE,130.95,141.2,104.15,107.8,107.8,1519,33020,6760,22819.6
2026-03-27,2026-04-13,23800,CE,239.75,260.95,194.6,199.55,199.55,1444,32695,13000,22819.6
2026-03-27,2026-04-13,23050,CE,599.95,618.95,479.25,484.6,484.6,306,7345,6370,22819.6
2026-03-27,2026-04-13,22800,CE,750.0,770.7,611.25,622.15,622.15,754,31525,11570,22819.6
2026-03-27,2026-04-13,22650,CE,726.45,726.45,726.45,726.45,400.15,1,1495,0,22819.6
2026-03-27,2026-04-13,22400,CE,937.6,979.55,919.9,919.9,572.7,32,2210,1040,22819.6
2026-03-27,2026-04-13,22000,CE,1317.5,1317.5,1142.8,1151.4,1151.4,82,3315,-2860,22819.6
2026-03-27,2026-04-13,21750,CE,0.0,0.0,0.0,1376.7,1137.8,0,65,0,22819.6
2026-03-27,2026-04-13,21350,CE,0.0,0.0,0.0,1541.25,1526.6,0,65,0,22819.6
2026-03-27,2026-04-07,26250,CE,2.5,3.9,1.6,3.35,3.35,223,7475,2665,22819.6
2026-03-27,2026-04-07,25850,CE,3.7,4.8,2.25,3.9,3.9,846,15470,11830,22819.6
2026-03-27,2026-04-07,25400,CE,11.45,11.85,5.0,6.3,6.3,12239,206050,160290,22819.6
2026-03-27,2026-04-07,25050,CE,19.4,19.4,10.35,11.4,11.4,2316,35230,14625,22819.6
2026-03-27,2026-04-07,24750,CE,24.4,24.8,17.8,18.5,18.5,15402,631735,20670,22819.6
2026-03-27,2026-04-07,24200,CE,80.0,80.0,49.75,52.6,52.6,41007,1047150,273000,22819.6
2026-03-27,2026-04-07,23850,CE,170.0,170.0,100.15,105.8,105.8,3334,65975,18200,22819.6
2026-03-27,2026-04-07,23700,CE,243.8,243.8,132.75,138.4,138.4,24172,387140,72800,22819.6
2026-03-27,2026-04-07,23250,CE,374.45,395.15,272.05,281.25,281.25,5498,171795,25090,22819.6
2026-03-27,2026-04-07,23100,CE,469.1,485.2,333.05,344.55,344.55,57682,828815,740285,22819.6
2026-03-27,2026-04-07,22650,CE,766.95,766.95,565.1,577.95,577.95,409,17810,12220,22819.6
2026-03-27,2026-04-07,21200,CE,0.0,0.0,0.0,2269.0,1654.85,0,65,0,22819.6
2026-03-27,2026-04-07,20700,CE,0.0,0.0,0.0,4299.45,2153.9,0,0,0,22819.6
2026-03-27,2026-03-30,28100,CE,0.6,0.85,0.3,0.6,0.6,4441,99125,-12935,22819.6
2026-03-27,2026-03-30,28050,CE,0.6,0.7,0.3,0.5,0.5,579,23595,7605,22819.6
2026-03-27,2026-03-30,26950,CE,1.0,1.0,0.25,0.55,0.55,1507,33930,-2210,22819.6
2026-03-27,2026-03-30,26000,CE,1.0,1.0,0.65,0.8,0.8,138473,5335200,-221315,22819.6
2026-03-27,2026-03-30,25950,CE,1.05,7.0,0.65,0.8,0.8,11087,84370,845,22819.6
2026-03-27,2026-03-30,25750,CE,1.15,1.2,0.8,0.95,0.95,5525,114335,-23530,22819.6
2026-03-27,2026-03-30,25500,CE,1.45,1.45,0.75,0.95,0.95,167707,3099915,-431795,22819.6
2026-03-27,2026-03-30,23750,CE,49.95,51.0,14.8,16.2,16.2,407581,1866020,1154790,22819.6
2026-03-27,2026-03-30,20850,CE,2135.0,2135.0,2135.0,2135.0,1979.0,6,130,-260,22819.6
2026-03-27,2026-03-30,20900,CE,0.0,0.0,0.0,1747.05,1929.05,0,65,0,22819.6
2026-03-27,2026-03-30,22150,CE,950.0,950.0,695.0,704.35,704.35,200,7540,1820,22819.6
2026-03-27,2026-03-30,22350,CE,850.95,851.0,515.4,535.2,535.2,769,30615,1170,22819.6
2026-03-27,2026-03-30,22500,CE,732.0,743.85,395.65,415.3,415.3,93590,1289015,-147875,22819.6
2026-03-27,2026-03-30,22650,CE,580.35,580.35,290.25,310.8,310.8,23635,157170,20410,22819.6
2026-03-27,2026-04-28,23800,PE,895.0,1210.35,893.2,1199.15,1199.15,973,234130,-13715,22819.6
2026-03-27,2026-04-28,23700,PE,899.9,1147.25,899.9,1137.45,1137.45,1716,106600,-40365,22819.6
2026-03-27,2026-04-28,23350,PE,708.0,944.7,708.0,941.05,941.05,287,27430,-4615,22819.6
2026-03-27,2026-04-28,23000,PE,555.05,788.2,510.95,772.35,772.35,92485,4626115,1458925,22819.6
2026-03-27,2026-04-28,22800,PE,500.0,703.4,489.7,692.6,692.6,15748,899470,102245,22819.6
2026-03-27,2026-04-28,22700,PE,455.2,659.4,455.2,647.65,647.65,6134,259675,-14820,22819.6
2026-03-27,2026-04-28,22300,PE,346.5,516.0,345.5,507.35,507.35,2300,137345,-9425,22819.6
2026-03-27,2026-04-28,21650,PE,0.0,0.0,0.0,4.0,33.6,0,0,0,22819.6
2026-03-27,2026-04-28,20950,PE,0.0,0.0,0.0,0.85,4.4,0,0,0,22819.6
2026-03-27,2026-04-28,20600,PE,0.0,0.0,0.0,0.35,1.25,0,0,0,22819.6
2026-03-27,2026-04-21,25050,PE,0.0,0.0,0.0,1372.2,2138.15,0,0,0,22819.6
2026-03-27,2026-04-21,24550,PE,0.0,0.0,0.0,960.85,1647.35,0,0,0,22819.6
2026-03-27,2026-04-21,24250,PE,0.0,0.0,0.0,743.8,1360.5,0,0,0,22819.6
2026-03-27,2026-04-21,24000,PE,0.0,0.0,0.0,874.0,1130.05,0,1235,0,22819.6
2026-03-27,2026-04-21,23850,PE,0.0,0.0,0.0,498.55,997.35,0,0,0,22819.6
2026-03-27,2026-03-30,21050,CE,0.0,0.0,0.0,2097.45,1779.1,0,130,0,22819.6
2026-03-27,2026-03-30,21100,CE,0.0,0.0,0.0,1550.0,1729.15,0,130,0,22819.6
2026-03-27,2026-03-30,21600,CE,1505.95,1506.0,1201.6,1201.6,1201.6,33,1170,390,22819.6
2026-03-27,2026-03-30,22400,CE,810.05,813.6,474.95,491.15,491.15,8239,155155,9750,22819.6
2026-03-27,2026-03-30,24450,CE,7.0,7.7,2.6,3.15,3.15,128545,658450,124670,22819.6
2026-03-27,2026-03-30,25350,CE,1.85,1.85,0.8,1.1,1.1,12813,123370,-1430,22819.6
2026-03-27,2026-03-30,25700,CE,1.2,1.25,0.7,0.9,0.9,34514,791050,-177645,22819.6
2026-03-27,2026-03-30,27750,CE,0.7,0.9,0.35,0.6,0.6,745,50700,-975,22819.6
2026-03-27,2026-03-30,29000,CE,0.5,0.55,0.35,0.5,0.5,7949,633215,-36720,22819.6
2026-03-27,2026-04-07,20950,CE,0.0,0.0,0.0,1763.4,1904.3,0,130,0,22819.6
2026-03-27,2026-04-07,21650,CE,0.0,0.0,0.0,1190.2,1207.7,0,520,0,22819.6
2026-03-27,2026-04-07,21700,CE,1257.0,1368.95,1257.0,1285.0,1285.0,23,455,-975,22819.6
2026-03-27,2026-04-07,22050,CE,0.0,0.0,0.0,1372.4,822.2,0,195,0,22819.6
2026-03-27,2026-04-07,22500,CE,875.0,900.7,663.3,679.4,679.4,8481,267410,101270,22819.6
2026-03-27,2026-04-07,23400,CE,360.0,360.0,216.0,225.4,225.4,28035,408330,61880,22819.6
2026-03-27,2026-04-07,24100,CE,99.95,99.95,61.0,64.85,64.85,25174,650910,23335,22819.6
2026-03-27,2026-04-07,24950,CE,18.45,21.0,12.5,13.3,13.3,1779,22555,7995,22819.6
2026-03-27,2026-04-07,25700,CE,5.05,5.5,3.35,4.35,4.35,8609,82355,19890,22819.6
2026-03-27,2026-04-13,21200,CE,0.0,0.0,0.0,1699.6,1675.0,0,65,0,22819.6
2026-03-27,2026-04-13,22150,CE,1197.95,1197.95,1197.95,1197.95,774.3,2,130,65,22819.6
2026-03-27,2026-04-13,22850,CE,0.0,0.0,0.0,1590.2,286.75,0,0,0,22819.6
2026-03-27,2026-04-13,23500,CE,369.05,384.35,290.0,297.65,297.65,5580,145210,68770,22819.6
2026-03-27,2026-04-13,23600,CE,325.45,337.7,255.15,262.15,262.15,696,17030,5720,22819.6
2026-03-27,2026-04-13,24000,CE,201.0,201.0,145.05,149.1,149.1,8295,170690,75920,22819.6
2026-03-27,2026-04-13,25250,CE,21.05,25.45,17.5,20.75,20.75,95,2015,-1560,22819.6
2026-03-27,2026-04-21,20600,CE,0.0,0.0,0.0,3119.75,2297.45,0,0,0,22819.6
2026-03-27,2026-04-21,20800,CE,0.0,0.0,0.0,2921.45,2098.8,0,0,0,22819.6
2026-03-27,2026-04-21,21450,CE,0.0,0.0,0.0,2280.8,1461.5,0,0,0,22819.6
2026-03-27,2026-04-21,22650,CE,0.0,0.0,0.0,1172.85,471.8,0,0,0,22819.6
2026-03-27,2026-04-21,23750,CE,0.0,0.0,0.0,436.35,70.8,0,0,0,22819.6
2026-03-27,2026-04-21,24450,CE,0.0,0.0,0.0,180.7,12.35,0,0,0,22819.6
2026-03-27,2026-04-28,21200,CE,0.0,0.0,0.0,1903.65,1731.3,0,195,0,22819.6
2026-03-27,2026-04-28,24100,CE,276.0,296.15,230.0,233.7,233.7,3153,472680,34970,22819.6
2026-03-27,2026-04-28,26250,CE,20.95,20.95,16.2,17.15,17.15,19,9750,130,22819.6
2026-03-27,2026-04-28,26350,CE,18.9,18.9,14.0,14.5,14.5,6,7020,65,22819.6
2026-03-27,2026-04-28,26400,CE,16.05,18.4,13.6,15.0,15.0,306,73450,-910,22819.6
2026-03-27,2026-05-05,20750,CE,0.0,0.0,0.0,2344.75,2195.65,0,0,0,22819.6
2026-03-27,2026-05-05,22700,CE,0.0,0.0,0.0,723.4,549.3,0,0,0,22819.6
2026-03-27,2026-05-05,22950,CE,0.0,0.0,0.0,580.55,415.0,0,0,0,22819.6
2026-03-27,2026-05-05,23250,CE,0.0,0.0,0.0,434.7,285.0,0,0,0,22819.6
2026-03-27,2026-05-05,23300,CE,0.0,0.0,0.0,413.1,266.55,0,0,0,22819.6
2026-03-27,2026-05-05,23950,CE,0.0,0.0,0.0,198.85,99.35,0,0,0,22819.6
2026-03-27,2026-05-05,24350,CE,0.0,0.0,0.0,117.45,48.4,0,0,0,22819.6
2026-03-27,2026-05-05,24600,CE,0.0,0.0,0.0,82.45,29.55,0,0,0,22819.6
2026-03-27,2026-05-05,24900,CE,0.0,0.0,0.0,52.4,15.65,0,0,0,22819.6
2026-03-27,2026-05-05,25400,CE,0.0,0.0,0.0,22.95,4.85,0,0,0,22819.6
2026-03-27,2026-05-26,20850,CE,2629.3,2629.3,2629.3,2629.3,2176.3,1,195,65,22819.6
2026-03-27,2026-05-26,20900,CE,2587.2,2587.2,2587.2,2587.2,2128.9,1,195,65,22819.6
2026-03-27,2026-05-26,21500,CE,0.0,0.0,0.0,2222.65,1580.0,0,65,0,22819.6
2026-03-27,2026-05-26,22000,CE,1745.0,1750.75,1546.3,1556.7,1556.7,661,122980,24635,22819.6
2026-03-27,2026-05-26,22950,CE,1022.35,1040.8,937.35,937.4,937.4,15,2210,780,22819.6
2026-03-27,2026-05-26,23050,CE,1035.35,1035.35,895.0,895.0,895.0,15,1040,325,22819.6
2026-03-27,2026-05-26,24600,CE,280.65,299.15,243.0,246.5,246.5,457,74230,-1105,22819.6
2026-03-27,2026-05-26,24650,CE,278.0,287.3,235.2,237.75,237.75,106,7280,1170,22819.6
2026-03-27,2026-05-26,26300,CE,57.6,66.65,45.0,45.65,45.65,62,17160,1365,22819.6
2026-03-27,2026-05-26,26650,CE,0.0,0.0,0.0,45.2,2.05,0,780,0,22819.6
2026-03-27,2026-06-30,28500,CE,23.3,24.1,20.15,23.3,23.3,159,32500,6175,22819.6
2026-03-27,2026-06-30,33000,CE,8.25,8.5,6.75,7.5,7.5,70,32955,130,22819.6
2026-03-27,2026-09-29,31500,CE,23.05,23.05,23.05,23.05,1.1,1,975,0,22819.6
2026-03-27,2026-12-29,16000,CE,0.0,0.0,0.0,6200.0,7474.0,0,50,0,22819.6
2026-03-27,2026-12-29,29000,CE,126.8,141.7,123.45,128.35,128.35,811,308510,8190,22819.6
2026-03-27,2027-06-29,27000,CE,0.0,0.0,0.0,1932.5,592.05,0,0,0,22819.6
2026-03-27,2027-12-28,15000,CE,0.0,0.0,0.0,7931.05,9203.05,0,0,0,22819.6
2026-03-27,2027-12-28,24000,CE,3065.0,3072.9,2925.9,2936.45,2936.45,15,6305,520,22819.6
2026-03-27,2028-12-26,24000,CE,0.0,0.0,0.0,5850.3,3275.15,0,0,0,22819.6
2026-03-27,2028-12-26,30000,CE,0.0,0.0,0.0,1400.0,1049.95,0,8500,0,22819.6
2026-03-27,2029-06-26,33000,CE,0.0,0.0,0.0,4179.45,807.1,0,0,0,22819.6
2026-03-27,2030-06-25,18000,CE,0.0,0.0,0.0,12423.9,8677.65,0,0,0,22819.6
2026-03-27,2030-06-25,28500,CE,0.0,0.0,0.0,5382.85,2712.7,0,0,0,22819.6
2026-03-27,2026-03-30,20600,PE,4.45,4.45,1.8,2.25,2.25,54264,301080,-127530,22819.6
2026-03-27,2026-03-30,20650,PE,4.4,4.4,0.1,1.9,1.9,29966,132470,-78130,22819.6
2026-03-27,2026-03-30,23000,PE,185.0,324.05,175.05,310.55,310.55,4114130,5694030,-1497845,22819.6
2026-03-27,2026-03-30,23300,PE,340.0,554.85,300.0,534.25,534.25,284193,850395,-2100345,22819.6
2026-03-27,2026-03-30,23900,PE,757.0,1113.4,757.0,1089.95,1089.95,2802,224185,-58890,22819.6
2026-03-27,2026-03-30,24250,PE,1137.15,1446.45,1137.1,1428.75,1428.75,61,52715,-650,22819.6
2026-03-27,2026-03-30,24650,PE,1746.0,1850.0,1665.75,1831.0,1831.0,59,31460,-2730,22819.6
2026-03-27,2026-03-30,24850,PE,1766.3,2046.7,1748.8,2028.85,2028.85,64,27430,-3575,22819.6
2026-03-27,2026-03-30,25150,PE,2035.25,2325.0,2035.25,2312.1,2319.05,45,22490,-715,22819.6
2026-03-27,2026-03-30,27750,PE,0.0,0.0,0.0,3796.8,4917.85,0,390,0,22819.6
2026-03-27,2026-04-07,21450,PE,0.0,0.0,0.0,0.1,0.7,0,0,0,22819.6
2026-03-27,2026-04-07,22250,PE,170.5,279.85,168.5,268.85,268.85,3210,54990,44070,22819.6
2026-03-27,2026-04-07,22350,PE,116.25,116.25,116.25,116.25,116.25,7,455,455,22819.6
2026-03-27,2026-04-07,25100,PE,2160.0,2270.0,2110.0,2270.0,2270.0,51,1495,1430,22819.6
2026-03-27,2026-04-07,25250,PE,0.0,0.0,0.0,2522.0,2388.6,0,325,0,22819.6
2026-03-27,2026-04-13,20500,PE,0.0,0.0,0.0,0.05,0.05,0,0,0,22819.6
2026-03-27,2026-04-13,22400,PE,0.0,0.0,0.0,11.1,95.8,0,0,0,22819.6
2026-03-27,2026-04-13,22600,PE,377.65,491.05,359.85,484.15,484.15,634,13260,5850,22819.6
2026-03-27,2026-04-13,22650,PE,296.7,296.7,296.7,296.7,172.6,1,65,65,22819.6
2026-03-27,2026-04-13,23600,PE,743.0,1012.95,743.0,1001.7,1001.7,156,15795,-1365,22819.6
2026-03-27,2026-04-13,23750,PE,0.0,0.0,0.0,1256.55,904.95,0,715,0,22819.6
2026-03-27,2026-04-13,24450,PE,0.0,0.0,0.0,1500.35,1571.1,0,130,0,22819.6
2026-03-27,2030-12-31,22500,PE,0.0,0.0,0.0,219.35,587.8,0,0,0,22819.6
2026-03-27,2030-12-31,16500,PE,0.0,0.0,0.0,13.65,51.55,0,0,0,22819.6
2026-03-27,2026-04-13,24800,PE,1800.45,1800.45,1800.0,1800.0,1917.7,3,195,195,22819.6
2026-03-27,2026-04-13,24850,PE,0.0,0.0,0.0,686.9,1967.45,0,0,0,22819.6
2026-03-27,2026-04-13,25000,PE,1886.6,2148.5,1886.6,2148.5,2148.5,3,585,130,22819.6
2026-03-27,2026-04-13,25550,PE,2465.1,2465.1,2465.0,2465.0,2665.05,2,130,130,22819.6
2026-03-27,2026-04-21,22600,PE,0.0,0.0,0.0,81.9,198.4,0,0,0,22819.6
2026-03-27,2026-04-21,22650,PE,439.5,584.85,438.0,573.55,573.55,218,6890,650,22819.6
2026-03-27,2026-04-21,23100,PE,0.0,0.0,0.0,189.05,437.75,0,0,0,22819.6
2026-03-27,2030-06-25,30000,PE,0.0,0.0,0.0,2100.85,3138.05,0,0,0,22819.6
2026-03-27,2030-06-25,25500,PE,0.0,0.0,0.0,568.55,1348.45,0,0,0,22819.6
2026-03-27,2029-12-24,22500,PE,0.0,0.0,0.0,225.7,634.2,0,0,0,22819.6
2026-03-27,2029-12-24,21000,PE,0.0,0.0,0.0,278.8,379.15,0,0,0,22819.6
2026-03-27,2028-06-27,15000,PE,0.0,0.0,0.0,127.2,5.15,0,0,0,22819.6
2026-03-27,2026-12-29,33000,PE,0.0,0.0,0.0,5263.45,8834.7,0,0,0,22819.6
2026-03-27,2026-12-29,17000,PE,105.85,149.5,105.85,146.8,146.8,419,36455,6305,22819.6
2026-03-27,2026-12-29,12000,PE,34.5,39.95,24.05,37.0,0.05,46,8335,1495,22819.6
2026-03-27,2026-09-29,31500,PE,0.0,0.0,0.0,4341.2,7810.9,0,0,0,22819.6
2026-03-27,2026-09-29,28500,PE,0.0,0.0,0.0,2027.55,4916.2,0,0,0,22819.6
2026-03-27,2026-09-29,19500,PE,0.0,0.0,0.0,2.4,24.6,0,0,0,22819.6
2026-03-27,2026-06-30,16000,PE,33.0,42.2,32.45,40.55,40.55,1639,178310,42770,22819.6
2026-03-27,2026-05-26,27200,PE,0.0,0.0,0.0,3450.0,4136.2,0,130,0,22819.6
2026-03-27,2026-05-26,26950,PE,0.0,0.0,0.0,3394.1,3888.9,0,65,0,22819.6
2026-03-27,2026-05-26,26000,PE,2650.0,2926.95,2647.85,2912.8,2912.8,192,92820,-1625,22819.6
2026-03-27,2026-05-26,25050,PE,0.0,0.0,0.0,1958.75,2044.5,0,780,0,22819.6
2026-03-27,2026-05-26,24850,PE,1482.8,1482.8,1482.8,1482.8,1860.8,1,2210,0,22819.6
2026-03-27,2026-05-26,24550,PE,1613.75,1613.75,1613.75,1613.75,1593.75,1,2535,0,22819.6
2026-03-27,2026-05-26,24500,PE,1324.0,1696.45,1324.0,1690.4,1690.4,479,344630,9620,22819.6
2026-03-27,2026-05-26,23750,PE,1089.9,1142.65,1089.9,1140.0,955.2,6,910,-260,22819.6
2026-03-27,2026-05-26,23500,PE,840.0,1098.05,833.25,1088.1,1088.1,1596,398840,-19370,22819.6
2026-03-27,2026-05-26,23150,PE,747.65,872.9,745.0,863.7,576.9,88,3120,1300,22819.6
2026-03-27,2026-05-26,22950,PE,668.05,846.0,662.05,834.2,834.2,153,5200,2210,22819.6
2026-03-27,2026-05-26,21000,PE,239.95,334.0,239.9,330.25,330.25,5817,242905,-14235,22819.6
2026-03-27,2026-05-26,20550,PE,0.0,0.0,0.0,0.3,9.7,0,0,0,22819.6
2026-03-27,2026-05-05,24900,PE,0.0,0.0,0.0,1835.1,1950.15,0,0,0,22819.6
2026-03-27,2026-05-05,24550,PE,0.0,0.0,0.0,1524.25,1619.25,0,0,0,22819.6
2026-03-27,2026-05-05,24250,PE,0.0,0.0,0.0,1272.6,1346.7,0,0,0,22819.6
2026-03-27,2026-05-05,24050,PE,1000.0,1000.0,1000.0,1000.0,1173.15,1,0,-65,22819.6
2026-03-27,2026-05-05,24000,PE,0.0,0.0,0.0,1076.2,1131.0,0,0,0,22819.6
2026-03-27,2026-05-05,22850,PE,0.0,0.0,0.0,384.95,362.35,0,0,0,22819.6
2026-03-27,2026-05-05,22750,PE,0.0,0.0,0.0,343.7,317.65,0,0,0,22819.6
2026-03-27,2026-05-05,22600,PE,0.0,0.0,0.0,287.5,257.6,0,0,0,22819.6
2026-03-27,2026-05-05,22500,PE,0.0,0.0,0.0,253.8,222.2,0,0,0,22819.6
2026-03-27,2026-05-05,21500,PE,0.0,0.0,0.0,54.85,33.45,0,0,0,22819.6
2026-03-27,2026-04-28,26650,PE,0.0,0.0,0.0,2548.85,3702.25,0,520,0,22819.6
2026-03-27,2026-04-28,26200,PE,2950.0,3263.5,2950.0,3231.0,3231.0,481,257335,9295,22819.6
2026-03-27,2026-04-28,25200,PE,1995.0,2309.45,1994.95,2285.0,2285.0,407,88270,16965,22819.6
2026-03-27,2026-04-28,25000,PE,1789.9,2138.0,1789.9,2114.7,2114.7,6587,1439555,260065,22819.6
2026-03-27,2026-04-28,24800,PE,1739.55,1942.1,1734.5,1929.2,1929.2,593,286130,30745,22819.6
2026-03-27,2026-04-28,24250,PE,1350.0,1432.0,1347.95,1430.6,1352.15,99,17550,5200,22819.6
2026-03-27,2026-04-28,24000,PE,949.95,1340.0,949.95,1327.15,1327.15,21872,1924585,342160,22819.6
2026-03-27,2026-04-28,23900,PE,945.0,1269.55,814.5,1264.0,1264.0,488,104000,-845,22819.6
2026-03-27,2026-04-13,23800,PE,880.0,1131.55,880.0,1129.6,1129.6,8,3640,-65,22819.6
2026-03-27,2029-12-24,24000,PE,0.0,0.0,0.0,625.5,984.35,0,0,0,22819.6
2026-03-27,2029-12-24,23000,PE,0.0,0.0,0.0,920.0,739.9,0,2145,0,22819.6
2026-03-27,2029-12-24,19500,PE,0.0,0.0,0.0,61.2,206.8,0,0,0,22819.6
2026-03-27,2029-06-26,26000,PE,0.0,0.0,0.0,900.0,1721.1,0,50,0,22819.6
2026-03-27,2028-12-26,27000,PE,2580.0,2580.0,2580.0,2580.0,2308.3,1,7250,0,22819.6
2026-03-27,2028-12-26,16500,PE,0.0,0.0,0.0,5.9,29.3,0,0,0,22819.6
2026-03-27,2028-06-27,34500,PE,0.0,0.0,0.0,4734.1,7862.6,0,0,0,22819.6
2026-03-27,2028-06-27,28500,PE,0.0,0.0,0.0,1560.85,3386.25,0,0,0,22819.6
2026-03-27,2028-06-27,18000,PE,0.0,0.0,0.0,396.75,66.6,0,0,0,22819.6
2026-03-27,2027-12-28,17000,PE,155.05,155.05,155.05,155.05,155.05,1,14460,0,22819.6
2026-03-27,2027-06-29,25500,PE,0.0,0.0,0.0,667.15,1985.85,0,0,0,22819.6
2026-03-27,2027-06-29,19000,PE,0.0,0.0,0.0,182.1,69.05,0,600,0,22819.6
2026-03-27,2026-12-29,14000,PE,40.05,40.05,40.05,40.05,0.05,5,2355,-325,22819.6
2026-03-27,2026-12-29,13000,PE,22.05,50.0,22.05,41.0,0.05,8,5445,260,22819.6
2026-03-27,2026-09-29,30000,PE,0.0,0.0,0.0,2600.0,6356.7,0,65,0,22819.6
2026-03-27,2026-05-26,26650,PE,0.0,0.0,0.0,2914.5,3592.6,0,130,0,22819.6
2026-03-27,2026-05-26,25250,PE,0.0,0.0,0.0,1737.75,2231.7,0,1105,0,22819.6
2026-03-27,2026-05-26,25200,PE,2278.0,2278.0,2278.0,2278.0,2278.0,1,3770,-65,22819.6
2026-03-27,2026-05-26,23900,PE,1136.4,1231.6,1136.4,1208.65,1064.7,51,8905,975,22819.6
2026-03-27,2026-05-26,23650,PE,1020.7,1030.0,1014.95,1030.0,885.25,24,1300,-1365,22819.6
2026-03-27,2026-05-26,21850,PE,0.0,0.0,0.0,5.15,118.35,0,0,0,22819.6
2026-03-27,2026-05-26,21450,PE,350.0,416.3,350.0,411.4,411.4,70,13000,3315,22819.6
2026-03-27,2026-05-26,21150,PE,0.0,0.0,0.0,1.2,35.15,0,0,0,22819.6
2026-03-27,2026-05-26,20850,PE,0.0,0.0,0.0,0.6,19.05,0,0,0,22819.6
2026-03-27,2026-05-26,20500,PE,165.0,166.8,165.0,166.8,166.8,203,14430,13195,22819.6
2026-03-27,2026-05-05,25300,PE,0.0,0.0,0.0,2206.7,2338.35,0,0,0,22819.6
2026-03-27,2026-05-05,23900,PE,0.0,0.0,0.0,900.0,1048.35,0,65,0,22819.6
2026-03-27,2026-05-05,23650,PE,0.0,0.0,0.0,825.75,852.85,0,0,0,22819.6
2026-03-27,2026-05-05,23450,PE,0.0,0.0,0.0,697.5,709.4,0,0,0,22819.6
2026-03-27,2026-05-05,23250,PE,0.0,0.0,0.0,581.0,579.2,0,0,0,22819.6
2026-03-27,2026-05-05,23100,PE,0.0,0.0,0.0,501.6,490.85,0,0,0,22819.6
2026-03-27,2026-05-05,21850,PE,0.0,0.0,0.0,99.95,71.15,0,0,0,22819.6
2026-03-27,2026-05-05,21200,PE,0.0,0.0,0.0,30.85,16.0,0,0,0,22819.6
2026-03-27,2026-05-05,20950,PE,0.0,0.0,0.0,18.25,8.1,0,0,0,22819.6
2026-03-27,2026-05-05,20850,PE,0.0,0.0,0.0,14.6,6.05,0,0,0,22819.6
2026-03-27,2026-04-28,26600,PE,3440.95,3622.2,3440.95,3622.1,3622.1,167,9295,2795,22819.6
2026-03-27,2026-04-28,26300,PE,3059.9,3335.5,2982.15,3317.65,3317.65,189,28925,7605,22819.6
2026-03-27,2026-04-28,25550,PE,2367.75,2450.0,2367.75,2450.0,2608.8,2,6500,0,22819.6
2026-03-27,2026-04-28,25500,PE,2255.65,2581.55,2255.65,2566.45,2566.45,3116,693550,96460,22819.6
2026-03-27,2026-04-28,24600,PE,1500.0,1778.25,1496.75,1761.05,1761.05,95,302250,1235,22819.6
2026-03-27,2026-04-28,22550,PE,450.35,602.5,450.35,592.95,592.95,752,18525,9165,22819.6
2026-03-27,2026-04-28,22250,PE,357.95,499.7,357.65,492.5,492.5,503,31525,-2795,22819.6
2026-03-27,2026-04-28,21700,PE,236.5,356.4,236.5,350.35,350.35,2042,52325,4810,22819.6
2026-03-27,2026-04-21,25000,PE,2100.0,2100.0,2100.0,2100.0,2100.0,4,260,260,22819.6
2026-03-27,2026-04-21,24650,PE,0.0,0.0,0.0,1038.65,1744.6,0,0,0,22819.6
2026-03-27,2026-04-21,24450,PE,0.0,0.0,0.0,885.5,1550.8,0,0,0,22819.6
2026-03-27,2026-04-21,24150,PE,0.0,0.0,0.0,677.5,1267.15,0,0,0,22819.6
2026-03-27,2026-04-21,24100,PE,0.0,0.0,0.0,645.55,1221.0,0,0,0,22819.6
2026-03-27,2026-04-21,23700,PE,1011.45,1084.2,1011.45,1084.2,870.15,10,3445,-390,22819.6
2026-03-27,2026-04-21,23350,PE,0.0,0.0,0.0,270.65,600.8,0,0,0,22819.6
2026-03-27,2026-04-21,23200,PE,0.0,0.0,0.0,219.2,499.7,0,0,0,22819.6
2026-03-27,2026-04-21,21350,PE,0.0,0.0,0.0,4.3,8.05,0,0,0,22819.6
2026-03-27,2026-04-21,21100,PE,0.0,0.0,0.0,2.0,3.25,0,0,0,22819.6
2026-03-27,2026-04-13,25800,PE,0.0,0.0,0.0,1433.75,2914.4,0,0,0,22819.6
2026-03-27,2026-04-13,25600,PE,0.0,0.0,0.0,1259.5,2714.9,0,0,0,22819.6
2026-03-27,2026-04-13,23900,PE,1125.0,1210.0,1091.9,1210.0,1210.0,5,1885,0,22819.6
2026-03-27,2026-03-30,20600,CE,0.0,0.0,0.0,5347.1,2228.9,0,0,0,22819.6
2026-03-27,2026-03-30,21550,CE,1470.0,1470.0,1470.0,1470.0,1279.35,1,325,-65,22819.6
2026-03-27,2026-03-30,21900,CE,1306.8,1306.8,923.0,936.85,936.85,300,6825,-4940,22819.6
2026-03-27,2026-03-30,22100,CE,982.35,990.05,735.9,746.1,746.1,433,26260,1755,22819.6
2026-03-27,2026-03-30,22450,CE,734.25,734.25,434.85,452.3,452.3,3238,72995,10920,22819.6
2026-03-27,2026-03-30,22700,CE,559.3,567.7,261.3,279.9,279.9,128794,895440,242320,22819.6
2026-03-27,2026-03-30,22800,CE,499.05,512.3,205.0,222.95,222.95,576870,2384460,1385735,22819.6
2026-03-27,2026-03-30,23000,CE,355.1,355.9,119.7,132.7,132.7,3335560,8337010,5301645,22819.6
2026-03-27,2026-03-30,23300,CE,168.95,184.0,49.35,55.1,55.1,1672507,4001855,1374880,22819.6
2026-03-27,2026-03-30,23900,CE,38.95,38.95,9.75,11.45,11.45,594276,2905565,847860,22819.6
2026-03-27,2026-03-30,24000,CE,24.4,24.4,7.55,9.0,9.0,1379024,9915535,2212400,22819.6
2026-03-27,2026-03-30,24300,CE,14.0,14.0,3.6,4.3,4.3,501334,3360370,1482325,22819.6
2026-03-27,2026-03-30,24650,CE,5.55,5.55,1.8,2.15,2.15,116394,750555,169910,22819.6
2026-03-27,2026-03-30,24800,CE,3.45,3.45,1.55,1.8,1.8,252512,2080000,-183560,22819.6
2026-03-27,2026-03-30,25000,CE,2.25,2.3,1.35,1.6,1.6,700605,8993195,779030,22819.6
2026-03-27,2026-03-30,25050,CE,2.6,2.6,1.15,1.3,1.3,55036,413985,122785,22819.6
2026-03-27,2026-03-30,25800,CE,1.0,1.1,0.65,0.85,0.85,50192,865995,-442845,22819.6
2026-03-27,2026-03-30,25850,CE,1.1,1.55,0.75,0.85,0.85,4106,67730,-36790,22819.6
2026-03-27,2026-03-30,27100,CE,0.65,1.15,0.5,0.65,0.65,4030,269100,-50310,22819.6
2026-03-27,2026-03-30,27250,CE,0.75,1.05,0.35,0.55,0.55,3300,40235,5655,22819.6
2026-03-27,2026-03-30,27650,CE,0.55,0.8,0.35,0.65,0.65,806,17875,-10205,22819.6
2026-03-27,2026-04-07,20600,CE,0.0,0.0,0.0,4398.8,2253.7,0,0,0,22819.6
2026-03-27,2026-04-07,21550,CE,0.0,0.0,0.0,1268.9,1306.55,0,585,0,22819.6
2026-03-27,2026-04-07,22550,CE,813.0,827.1,632.0,642.25,642.25,191,5395,1235,22819.6
2026-03-27,2026-04-07,22800,CE,658.95,665.55,482.0,494.4,494.4,19024,441350,343655,22819.6
2026-03-27,2026-04-07,23000,CE,549.05,561.65,380.0,390.1,390.1,102305,1606345,1039545,22819.6
2026-03-27,2026-04-07,24150,CE,79.45,88.2,55.4,58.15,58.15,5515,95160,65065,22819.6
2026-03-27,2026-04-07,24350,CE,55.0,58.0,36.9,38.85,38.85,8238,64935,31720,22819.6
2026-03-27,2026-04-07,25900,CE,4.05,5.05,2.6,3.85,3.85,3547,92105,59085,22819.6
2026-03-27,2026-04-13,20700,CE,0.0,0.0,0.0,2273.45,2172.65,0,65,0,22819.6
2026-03-27,2026-04-13,20950,CE,0.0,0.0,0.0,1889.6,1923.5,0,65,0,22819.6
2026-03-27,2026-04-13,21000,CE,0.0,0.0,0.0,1821.9,1873.75,0,6305,0,22819.6
2026-03-27,2026-04-13,21700,CE,0.0,0.0,0.0,1421.8,1185.5,0,65,0,22819.6
2026-03-27,2026-04-13,21900,CE,1332.0,1332.0,1324.65,1324.65,997.15,3,195,130,22819.6
2026-03-27,2026-04-13,23000,CE,627.0,654.2,507.55,516.2,516.2,10917,347035,297570,22819.6
2026-03-27,2026-04-13,24350,CE,97.9,109.75,82.15,84.7,84.7,271,7995,1755,22819.6
2026-03-27,2026-04-13,25800,CE,9.9,11.75,8.0,9.55,9.55,495,16055,6110,22819.6
2026-03-27,2026-04-13,26000,CE,11.05,11.5,5.9,7.55,7.55,4316,229710,77285,22819.6
2026-03-27,2026-04-21,21300,CE,0.0,0.0,0.0,2427.75,1606.45,0,0,0,22819.6
2026-03-27,2026-04-21,21650,CE,0.0,0.0,0.0,2086.3,1271.95,0,0,0,22819.6
2026-03-27,2026-04-21,21800,CE,0.0,0.0,0.0,1941.95,1133.8,0,0,0,22819.6
2026-03-27,2026-04-21,21900,CE,0.0,0.0,0.0,1846.65,1044.15,0,0,0,22819.6
2026-03-27,2026-04-21,22100,CE,0.0,0.0,0.0,1658.95,872.35,0,0,0,22819.6
2026-03-27,2026-04-21,22200,CE,0.0,0.0,0.0,1566.9,790.95,0,0,0,22819.6
2026-03-27,2026-04-21,23050,CE,0.0,0.0,0.0,860.95,264.8,0,0,0,22819.6
2026-03-27,2026-04-21,23850,CE,0.0,0.0,0.0,389.75,56.65,0,0,0,22819.6
2026-03-27,2026-04-21,24300,CE,0.0,0.0,0.0,222.25,18.6,0,0,0,22819.6
2026-03-27,2026-04-21,24700,CE,0.0,0.0,0.0,125.3,5.95,0,0,0,22819.6
2026-03-27,2026-04-28,20700,CE,0.0,0.0,0.0,2322.35,2221.0,0,130,0,22819.6
2026-03-27,2026-04-28,21400,CE,0.0,0.0,0.0,2239.2,1539.9,0,65,0,22819.6
2026-03-27,2026-04-28,21500,CE,1884.75,1926.95,1705.95,1713.3,1713.3,2360,208585,69160,22819.6
2026-03-27,2026-04-28,21600,CE,0.0,0.0,0.0,1581.6,1353.1,0,195,0,22819.6
2026-03-27,2026-04-28,23550,CE,522.3,525.1,425.8,430.35,430.35,693,155805,0,22819.6
2026-03-27,2026-04-28,23650,CE,460.0,475.0,383.05,389.55,389.55,426,18980,3315,22819.6
2026-03-27,2026-04-28,24750,CE,124.0,125.5,98.1,100.5,100.5,960,25350,6435,22819.6
2026-03-27,2026-04-28,25300,CE,60.8,60.8,45.65,48.05,48.05,2557,152295,-715,22819.6
2026-03-27,2026-04-28,25650,CE,39.9,39.9,30.4,32.6,32.6,40,13520,1105,22819.6
2026-03-27,2026-04-28,26300,CE,18.6,19.95,15.1,16.05,16.05,514,55120,-3250,22819.6
2026-03-27,2026-05-05,20900,CE,0.0,0.0,0.0,2200.7,2049.05,0,0,0,22819.6
2026-03-27,2026-05-05,21350,CE,0.0,0.0,0.0,1779.5,1618.1,0,0,0,22819.6
2026-03-27,2026-05-05,21700,CE,0.0,0.0,0.0,1468.9,1298.9,0,0,0,22819.6
2026-03-27,2026-05-05,21900,CE,0.0,0.0,0.0,1300.85,1126.5,0,0,0,22819.6
2026-03-27,2026-05-05,22150,CE,0.0,0.0,0.0,1102.65,924.65,0,0,0,22819.6
2026-03-27,2026-05-05,22750,CE,0.0,0.0,0.0,693.3,520.55,0,0,0,22819.6
2026-03-27,2026-05-05,23100,CE,0.0,0.0,0.0,504.1,345.8,0,0,0,22819.6
2026-03-27,2026-05-05,23400,CE,0.0,0.0,0.0,372.2,232.3,0,0,0,22819.6
2026-03-27,2026-05-05,24150,CE,0.0,0.0,0.0,153.55,70.1,0,0,0,22819.6
2026-03-27,2026-05-05,24300,CE,0.0,0.0,0.0,125.75,53.2,0,0,0,22819.6
2026-03-27,2026-05-05,24650,CE,0.0,0.0,0.0,76.6,26.7,0,0,0,22819.6
2026-03-27,2026-05-05,24800,CE,0.0,0.0,0.0,61.15,19.45,0,0,0,22819.6
2026-03-27,2026-05-26,20750,CE,2714.0,2714.0,2714.0,2714.0,2271.65,1,65,65,22819.6
2026-03-27,2026-05-26,21750,CE,0.0,0.0,0.0,2094.7,1366.6,0,130,0,22819.6
2026-03-27,2026-05-26,21850,CE,0.0,0.0,0.0,2082.8,1284.6,0,130,0,22819.6
2026-03-27,2026-05-26,22350,CE,0.0,0.0,0.0,1183.95,909.35,0,195,0,22819.6
2026-03-27,2026-05-26,22650,CE,1213.95,1213.95,1195.75,1200.7,716.45,6,910,0,22819.6
2026-03-27,2026-05-26,23400,CE,800.05,813.1,692.0,704.15,704.15,202,23010,1885,22819.6
2026-03-27,2026-05-26,24500,CE,341.0,341.0,271.0,274.55,274.55,5878,298155,-3445,22819.6
2026-03-27,2026-05-26,24950,CE,194.65,208.35,171.4,172.05,172.05,100,5265,65,22819.6
2026-03-27,2026-06-30,18000,CE,5046.7,5119.25,5046.7,5089.85,5089.85,5,1280,260,22819.6
2026-03-27,2026-06-30,31000,CE,10.65,11.45,9.4,10.3,10.3,281,59525,1105,22819.6
2026-03-27,2026-09-29,15000,CE,0.0,0.0,0.0,10499.3,8234.2,0,0,0,22819.6
2026-03-27,2026-09-29,19500,CE,0.0,0.0,0.0,7303.95,3883.15,0,0,0,22819.6
2026-03-27,2026-12-29,15000,CE,0.0,0.0,0.0,5977.65,8432.85,0,0,0,22819.6
2026-03-27,2026-12-29,16500,CE,0.0,0.0,0.0,10405.0,6994.95,0,0,0,22819.6
2026-03-27,2026-12-29,20000,CE,4240.0,4255.0,4045.0,4100.25,4100.25,357,64440,1950,22819.6
2026-03-27,2027-06-29,34500,CE,0.0,0.0,0.0,304.2,19.9,0,0,0,22819.6
2026-03-27,2028-06-27,28500,CE,0.0,0.0,0.0,2990.0,1029.85,0,0,0,22819.6
2026-03-27,2028-12-26,21000,CE,0.0,0.0,0.0,7512.5,5145.1,0,0,0,22819.6
2026-03-27,2028-12-26,28500,CE,0.0,0.0,0.0,3608.65,1432.45,0,0,0,22819.6
2026-03-27,2029-06-26,18000,CE,0.0,0.0,0.0,11678.65,7860.0,0,0,0,22819.6
2026-03-27,2029-06-26,21000,CE,0.0,0.0,0.0,9799.75,5638.7,0,0,0,22819.6
2026-03-27,2029-06-26,22500,CE,0.0,0.0,0.0,7946.5,4657.6,0,0,0,22819.6
2026-03-27,2029-12-24,15000,CE,0.0,0.0,0.0,13369.45,10628.75,0,0,0,22819.6
2026-03-27,2030-12-31,33000,CE,0.0,0.0,0.0,3948.25,1794.75,0,0,0,22819.6
2026-03-27,2026-03-30,20750,PE,5.0,5.0,1.75,2.15,2.15,28168,109460,-16705,22819.6
2026-03-27,2026-03-30,21150,PE,8.25,8.25,0.65,2.4,2.4,69235,217230,9750,22819.6
2026-03-27,2026-03-30,21300,PE,8.5,8.5,2.2,2.7,2.7,302715,2819050,1283035,22819.6
2026-03-27,2026-03-30,22600,PE,80.0,137.0,80.0,123.5,123.5,1328342,2245100,-281840,22819.6
2026-03-27,2026-03-30,22950,PE,176.85,293.35,166.05,280.35,280.35,1991427,838760,164125,22819.6
2026-03-27,2026-03-30,23950,PE,802.0,1157.1,802.0,1127.65,1127.65,213,49595,-4095,22819.6
2026-03-27,2026-03-30,24050,PE,993.55,1248.9,980.1,1238.55,1238.55,150,39130,-1560,22819.6
2026-03-27,2026-03-30,24700,PE,1599.95,1898.2,1597.95,1888.9,1888.9,1786,824850,-44590,22819.6
2026-03-27,2026-03-30,24950,PE,1950.0,2160.0,1925.0,2150.0,2150.0,85,17680,-1105,22819.6
2026-03-27,2026-03-30,25250,PE,2205.0,2439.0,2205.0,2433.0,2433.0,54,23660,-2860,22819.6
2026-03-27,2026-03-30,26000,PE,2900.0,3214.85,2895.0,3188.2,3188.2,13184,2932025,-214430,22819.6
2026-03-27,2026-03-30,26100,PE,3012.15,3323.45,2997.85,3286.45,3286.45,1064,132080,-21190,22819.6
2026-03-27,2026-03-30,26450,PE,0.0,0.0,0.0,3635.85,3618.45,0,4355,0,22819.6
2026-03-27,2026-03-30,26700,PE,3600.05,3934.3,3596.9,3902.35,3902.35,209,12740,-9165,22819.6
2026-03-27,2026-03-30,27000,PE,3850.05,4204.35,3850.0,4184.25,4184.25,4412,795075,-230025,22819.6
2026-03-27,2026-03-30,27050,PE,3972.65,4100.4,3972.65,4100.4,4218.15,6,650,-325,22819.6
2026-03-27,2026-03-30,27500,PE,4438.25,4715.3,4402.5,4697.6,4697.6,2031,222495,-24830,22819.6
2026-03-27,2026-04-07,20750,PE,0.0,0.0,0.0,0.05,0.05,0,0,0,22819.6
2026-03-27,2026-04-07,20800,PE,0.0,0.0,0.0,0.05,0.05,0,0,0,22819.6
2026-03-27,2026-04-07,21000,PE,60.0,74.4,44.55,68.15,68.15,119509,2266160,1316445,22819.6
2026-03-27,2026-04-07,21350,PE,0.0,0.0,0.0,0.05,0.35,0,0,0,22819.6
2026-03-27,2026-04-07,22600,PE,243.45,391.2,238.05,379.0,379.0,15208,214045,117325,22819.6
2026-03-27,2026-04-07,22900,PE,328.95,519.95,323.45,505.95,505.95,56573,625235,473525,22819.6
2026-03-27,2026-04-07,23100,PE,396.0,624.0,386.8,610.3,610.3,49212,722800,537485,22819.6
2026-03-27,2026-04-07,24150,PE,1369.65,1370.75,1364.8,1368.4,1368.4,3,1170,-65,22819.6
2026-03-27,2026-04-07,24600,PE,1548.1,1791.0,1548.1,1775.4,1775.4,193,851240,4940,22819.6
2026-03-27,2026-04-07,24700,PE,1620.0,1887.85,1620.0,1877.85,1877.85,3717,968565,5720,22819.6
2026-03-27,2026-04-07,25150,PE,2147.7,2147.7,2147.7,2147.7,2288.75,1,130,65,22819.6
2026-03-27,2026-04-07,25300,PE,2230.0,2449.25,2230.0,2445.6,2445.6,25,2535,1495,22819.6
2026-03-27,2026-04-07,25700,PE,2630.0,2838.0,2591.3,2828.2,2828.2,19,1690,1235,22819.6
2026-03-27,2026-04-07,25750,PE,0.0,0.0,0.0,2650.0,2887.75,0,455,0,22819.6
2026-03-27,2026-04-07,25850,PE,0.0,0.0,0.0,1819.75,2987.6,0,65,0,22819.6
2026-03-27,2026-04-07,26000,PE,2900.0,3156.25,2858.25,3141.55,3141.55,2464,154310,128180,22819.6
2026-03-27,2026-04-13,21100,PE,0.0,0.0,0.0,0.2,0.7,0,0,0,22819.6
2026-03-27,2026-04-13,21150,PE,0.0,0.0,0.0,0.2,0.9,0,0,0,22819.6
2026-03-27,2026-04-13,21300,PE,0.0,0.0,0.0,0.35,1.85,0,0,0,22819.6
2026-03-27,2026-04-13,21350,PE,0.0,0.0,0.0,0.45,2.35,0,0,0,22819.6
2026-03-27,2026-04-13,22100,PE,0.0,0.0,0.0,4.85,41.3,0,0,0,22819.6
2026-03-27,2026-04-13,22300,PE,0.0,0.0,0.0,8.5,73.6,0,0,0,22819.6
2026-03-27,2026-09-29,22500,PE,640.0,829.55,640.0,817.75,817.75,889,348465,-18525,22819.6
2026-03-27,2026-06-30,24000,PE,1100.0,1379.25,1100.0,1370.15,1370.15,8194,2220275,120140,22819.6
2026-03-27,2026-05-26,26800,PE,0.0,0.0,0.0,2997.55,3740.7,0,130,0,22819.6
2026-03-27,2026-05-26,26750,PE,0.0,0.0,0.0,2949.4,3691.3,0,130,0,22819.6
2026-03-27,2026-05-26,25850,PE,0.0,0.0,0.0,2149.55,2807.7,0,325,0,22819.6
2026-03-27,2026-05-26,25650,PE,2480.0,2500.0,2480.0,2500.0,2613.85,4,390,130,22819.6
2026-03-27,2026-04-28,23250,CE,665.05,682.7,560.0,565.7,565.7,649,38935,9295,22819.6
2026-03-27,2026-04-28,24000,CE,342.6,342.6,257.0,264.95,264.95,57582,3158025,521300,22819.6
2026-03-27,2026-04-28,24400,CE,188.75,202.1,156.0,159.5,159.5,4956,328770,10465,22819.6
2026-03-27,2026-04-28,24950,CE,89.25,96.65,74.25,76.8,76.8,193,14560,1495,22819.6
2026-03-27,2026-05-05,20700,CE,0.0,0.0,0.0,2393.05,2244.7,0,0,0,22819.6
2026-03-27,2026-05-26,25400,PE,0.0,0.0,0.0,1838.5,2373.95,0,7085,0,22819.6
2026-03-27,2026-05-26,24350,PE,0.0,0.0,0.0,1272.15,1422.75,0,3250,0,22819.6
2026-03-27,2026-05-26,23350,PE,802.8,1014.5,802.8,1014.5,1014.5,12,1625,65,22819.6
2026-03-27,2026-05-26,23300,PE,794.05,1005.6,788.8,997.55,997.55,657,63830,25480,22819.6
2026-03-27,2026-05-26,23100,PE,718.55,914.0,711.7,908.1,908.1,272,40885,-65,22819.6
2026-03-27,2026-05-05,25500,PE,0.0,0.0,0.0,2397.05,2534.75,0,0,0,22819.6
2026-03-27,2026-05-05,25050,PE,0.0,0.0,0.0,1972.75,2094.8,0,0,0,22819.6
2026-03-27,2026-05-05,24750,PE,0.0,0.0,0.0,1699.95,1807.0,0,0,0,22819.6
2026-03-27,2026-05-05,21900,PE,0.0,0.0,0.0,108.25,78.6,0,0,0,22819.6
2026-03-27,2027-12-28,26000,CE,1960.4,1965.55,1860.15,1881.15,1881.15,11,6865,520,22819.6
2026-03-27,2028-06-27,16500,CE,0.0,0.0,0.0,11752.8,8265.3,0,0,0,22819.6
2026-03-27,2028-12-26,31500,CE,0.0,0.0,0.0,2327.6,758.1,0,0,0,22819.6
2026-03-27,2029-06-26,28500,CE,0.0,0.0,0.0,4213.3,1851.4,0,0,0,22819.6
2026-03-27,2029-06-26,31500,CE,0.0,0.0,0.0,2878.65,1076.1,0,0,0,22819.6
2026-03-27,2029-12-24,24000,CE,0.0,0.0,0.0,7730.0,4274.6,0,0,0,22819.6
2026-03-27,2026-05-26,25500,CE,112.1,116.2,93.0,94.9,94.9,6073,459160,-36595,22819.6
2026-03-27,2026-05-26,25000,CE,197.05,200.95,162.05,165.25,165.25,10242,682955,151970,22819.6
2026-03-27,2026-05-26,24150,CE,464.35,464.35,417.9,417.9,145.55,45,6110,2145,22819.6
2026-03-27,2026-05-26,23300,CE,850.35,869.05,747.4,753.55,753.55,840,54990,23725,22819.6
2026-03-27,2026-05-26,23150,CE,937.0,937.0,833.95,841.55,841.55,15,1560,715,22819.6
2026-03-27,2026-05-26,22800,CE,1186.0,1186.0,1025.05,1035.6,1035.6,178,10335,2730,22819.6
2026-03-27,2026-05-26,20500,CE,0.0,0.0,0.0,3150.0,2512.7,0,1040,0,22819.6
2026-03-27,2026-05-05,24850,CE,0.0,0.0,0.0,56.6,17.45,0,0,0,22819.6
2026-03-27,2026-05-05,22800,CE,0.0,0.0,0.0,663.95,492.7,0,0,0,22819.6
2026-03-27,2026-05-05,21950,CE,0.0,0.0,0.0,1260.05,1084.85,0,0,0,22819.6
2026-03-27,2026-05-05,20850,CE,0.0,0.0,0.0,2248.55,2097.8,0,0,0,22819.6
2026-03-27,2030-06-25,19500,CE,0.0,0.0,0.0,11140.25,7594.05,0,0,0,22819.6
2026-03-27,2030-06-25,22500,CE,0.0,0.0,0.0,9012.4,5621.1,0,0,0,22819.6
2026-03-27,2030-06-25,31500,CE,0.0,0.0,0.0,3984.8,1786.7,0,0,0,22819.6
2026-03-27,2030-12-31,31500,CE,0.0,0.0,0.0,4554.55,2181.0,0,0,0,22819.6
2026-03-27,2026-03-30,20850,PE,4.8,4.8,1.75,2.3,2.3,39022,361855,-75530,22819.6
2026-03-27,2026-03-30,21350,PE,9.9,9.9,2.55,3.15,3.15,105461,444470,163345,22819.6
2026-03-27,2026-03-30,21350,CE,0.0,0.0,0.0,1588.3,1479.25,0,0,0,22819.6
2026-03-27,2026-03-30,21750,CE,1321.85,1321.85,1069.0,1079.45,1079.45,28,910,65,22819.6
2026-03-27,2026-03-30,21950,CE,1065.0,1095.6,880.05,885.05,885.05,57,1040,260,22819.6
2026-03-27,2026-03-30,22200,CE,984.65,984.65,644.7,658.55,658.55,4054,85280,4095,22819.6
2026-03-27,2026-03-30,22250,CE,885.65,904.5,598.4,615.25,615.25,383,19500,3900,22819.6
2026-03-27,2026-03-30,24100,CE,20.0,21.95,5.85,7.0,7.0,484458,3533270,1325220,22819.6
2026-03-27,2026-03-30,25600,CE,1.4,1.4,0.65,0.85,0.85,56294,1309750,244205,22819.6
2026-03-27,2026-03-30,26100,CE,0.9,1.1,0.65,0.85,0.85,15221,332800,-76375,22819.6
2026-03-27,2026-03-30,26300,CE,0.9,1.1,0.5,0.65,0.65,25271,329160,-9295,22819.6
2026-03-27,2026-03-30,26500,CE,0.9,0.9,0.55,0.7,0.7,43941,1512810,-534040,22819.6
2026-03-27,2026-03-30,27000,CE,0.7,0.8,0.5,0.65,0.65,56435,2607210,-304885,22819.6
2026-03-27,2026-03-30,27200,CE,0.8,1.05,0.5,0.65,0.65,4632,316615,-5525,22819.6
2026-03-27,2026-03-30,27300,CE,0.75,0.9,0.5,0.65,0.65,5757,270335,-3900,22819.6
2026-03-27,2026-03-30,21900,PE,25.0,29.45,12.5,15.3,15.3,597198,2467205,834210,22819.6
2026-03-27,2026-03-30,23350,PE,370.0,598.75,329.8,578.1,578.1,56565,357630,-434135,22819.6
2026-03-27,2026-03-30,24000,PE,852.7,1210.95,852.15,1187.55,1187.55,31894,1783115,-839595,22819.6
2026-03-27,2026-03-30,24150,PE,1063.95,1343.2,1043.55,1336.9,1336.9,119,75010,-3900,22819.6
2026-03-27,2026-03-30,25500,PE,2400.4,2705.0,2391.5,2683.1,2683.1,6222,916500,-223275,22819.6
2026-03-27,2026-03-30,27150,PE,0.0,0.0,0.0,3725.0,4318.15,0,1755,0,22819.6
2026-03-27,2026-03-30,27350,PE,4280.3,4583.4,4280.3,4583.4,4583.4,2,455,-65,22819.6
2026-03-27,2026-03-30,30000,PE,6930.0,7216.6,6920.0,7192.05,7192.05,1666,235835,-83875,22819.6
2026-03-27,2026-03-30,31000,PE,7940.85,8195.9,7940.85,8185.65,8185.65,1477,89150,-64235,22819.6
2026-03-27,2026-04-07,21400,PE,0.0,0.0,0.0,0.05,0.5,0,0,0,22819.6
2026-03-27,2026-04-07,21650,PE,70.5,103.15,70.5,103.15,103.15,17,1300,1105,22819.6
2026-03-27,2026-04-07,21950,PE,0.0,0.0,0.0,0.5,10.3,0,0,0,22819.6
2026-03-27,2026-04-07,23000,PE,344.0,569.25,343.15,556.85,556.85,129112,1530035,449930,22819.6
2026-03-27,2026-04-07,23550,PE,600.0,894.5,600.0,884.6,884.6,758,34775,17615,22819.6
2026-03-27,2026-04-07,23650,PE,736.0,979.0,736.0,969.7,969.7,71,9620,-325,22819.6
2026-03-27,2026-04-07,24550,PE,1480.0,1767.85,1480.0,1767.85,1767.85,482,1401400,390,22819.6
2026-03-27,2026-04-07,25350,PE,0.0,0.0,0.0,1392.65,2488.4,0,65,0,22819.6
2026-03-27,2026-04-07,25500,PE,2339.2,2657.4,2339.2,2646.0,2646.0,1682,116545,101660,22819.6
2026-03-27,2026-04-07,25800,PE,2775.0,2925.0,2740.0,2925.0,2937.65,45,2795,2730,22819.6
2026-03-27,2026-04-07,26250,PE,3225.0,3230.0,3225.0,3230.0,3386.95,16,1040,975,22819.6
2026-03-27,2026-04-07,26550,PE,0.0,0.0,0.0,2533.15,3686.45,0,65,0,22819.6
2026-03-27,2026-04-13,21600,PE,100.0,104.3,100.0,104.3,7.0,2,195,130,22819.6
2026-03-27,2026-04-13,22250,PE,0.0,0.0,0.0,7.4,64.1,0,0,0,22819.6
2026-03-27,2026-04-13,22550,PE,350.0,476.3,349.95,466.55,466.55,191,6175,1170,22819.6
2026-03-27,2026-04-13,24350,PE,0.0,0.0,0.0,1065.0,1472.9,0,130,0,22819.6
2026-03-27,2026-04-13,24600,PE,1700.0,1700.0,1700.0,1700.0,1719.25,1,325,65,22819.6
2026-03-27,2026-04-13,25050,PE,0.0,0.0,0.0,824.45,2166.55,0,0,0,22819.6
2026-03-27,2026-04-13,25250,PE,0.0,0.0,0.0,974.0,2365.9,0,0,0,22819.6
2026-03-27,2026-04-13,25450,PE,0.0,0.0,0.0,1133.8,2565.3,0,0,0,22819.6
2026-03-27,2026-04-21,20600,PE,0.0,0.0,0.0,0.4,0.4,0,0,0,22819.6
2026-03-27,2026-04-21,20950,PE,0.0,0.0,0.0,1.25,1.8,0,0,0,22819.6
2026-03-27,2026-04-21,21300,PE,0.0,0.0,0.0,3.7,6.75,0,0,0,22819.6
2026-03-27,2026-03-30,27700,CE,0.6,0.75,0.1,0.6,0.6,3046,54990,-39065,22819.6
2026-03-27,2026-03-30,27900,CE,0.65,0.75,0.4,0.55,0.55,2920,52000,3575,22819.6
2026-03-27,2026-04-07,21300,CE,0.0,0.0,0.0,1480.0,1555.15,0,195,0,22819.6
2026-03-27,2026-04-07,23350,CE,339.25,347.25,235.3,244.15,244.15,5672,61945,-36400,22819.6
2026-03-27,2026-04-07,23650,CE,200.2,221.75,146.05,153.15,153.15,5582,113425,73255,22819.6
2026-03-27,2026-04-07,24300,CE,68.0,68.0,40.15,42.8,42.8,32646,619710,256685,22819.6
2026-03-27,2026-04-07,24800,CE,28.0,28.0,16.1,16.9,16.9,27681,589745,247910,22819.6
2026-03-27,2026-04-07,25300,CE,10.0,11.95,6.2,7.3,7.3,14752,371150,268905,22819.6
2026-03-27,2026-04-07,25500,CE,7.95,8.2,2.9,5.2,5.2,32082,790790,420550,22819.6
2026-03-27,2026-04-07,26050,CE,2.9,4.9,1.8,3.8,3.8,801,15405,-15925,22819.6
2026-03-27,2026-04-13,20600,CE,0.0,0.0,0.0,2351.8,2272.35,0,65,0,22819.6
2026-03-27,2026-04-13,21250,CE,0.0,0.0,0.0,1657.5,1625.45,0,65,0,22819.6
2026-03-27,2026-04-13,22200,CE,1159.55,1159.55,1159.55,1159.55,732.0,1,130,65,22819.6
2026-03-27,2026-04-21,22400,PE,0.0,0.0,0.0,55.75,135.0,0,0,0,22819.6
2026-03-27,2026-04-21,23000,PE,540.0,734.2,536.35,724.95,724.95,6360,33475,4355,22819.6
2026-03-27,2026-04-21,23950,PE,0.0,0.0,0.0,554.8,1085.3,0,0,0,22819.6
2026-03-27,2026-04-21,25200,PE,0.0,0.0,0.0,1504.95,2286.8,0,0,0,22819.6
2026-03-27,2026-04-21,25250,PE,0.0,0.0,0.0,1549.9,2336.45,0,0,0,22819.6
2026-03-27,2026-04-28,21100,PE,0.0,0.0,0.0,1.2,7.15,0,0,0,22819.6
2026-03-27,2026-04-28,21800,PE,233.5,382.8,233.5,374.9,374.9,1817,68705,23270,22819.6
2026-03-27,2026-04-28,21900,PE,277.05,402.2,277.0,396.0,396.0,1268,40950,23140,22819.6
2026-03-27,2026-04-28,23050,PE,584.1,805.9,584.05,795.85,795.85,3148,183885,165165,22819.6
2026-03-27,2026-04-28,23250,PE,615.0,950.85,615.0,889.9,889.9,500,41145,3705,22819.6
2026-03-27,2026-04-13,23100,CE,686.0,686.0,455.1,463.5,463.5,1755,53755,32240,22819.6
2026-03-27,2026-04-13,23250,CE,480.0,493.9,389.45,399.45,399.45,57,2405,780,22819.6
2026-03-27,2026-04-13,23400,CE,471.65,471.7,326.4,336.0,336.0,794,39000,7735,22819.6
2026-03-27,2026-04-13,23450,CE,391.35,398.25,310.0,315.35,315.35,206,7605,2145,22819.6
2026-03-27,2026-04-13,24650,CE,64.2,64.85,51.0,52.45,52.45,224,4355,585,22819.6
2026-03-27,2026-04-13,24800,CE,46.75,51.3,38.15,40.05,40.05,1492,43550,32500,22819.6
2026-03-27,2026-04-13,24850,CE,44.95,46.55,36.95,38.35,38.35,89,5070,585,22819.6
2026-03-27,2026-04-13,25050,CE,32.75,38.0,27.0,27.8,27.8,76,1625,390,22819.6
2026-03-27,2026-04-13,25100,CE,45.0,45.0,23.05,25.8,25.8,250,7670,2795,22819.6
2026-03-27,2026-04-13,25400,CE,25.4,25.4,15.25,15.75,15.75,198,6435,3185,22819.6
2026-03-27,2026-04-21,20550,CE,0.0,0.0,0.0,3169.35,2347.2,0,0,0,22819.6
2026-03-27,2026-04-21,20950,CE,0.0,0.0,0.0,2772.95,1950.2,0,0,0,22819.6
2026-03-27,2026-04-21,21050,CE,0.0,0.0,0.0,2674.1,1851.45,0,0,0,22819.6
2026-03-27,2026-04-21,22300,CE,0.0,0.0,0.0,1476.25,713.0,0,0,0,22819.6
2026-03-27,2026-04-21,22500,CE,1035.5,1047.45,918.15,934.2,934.2,91,2470,2275,22819.6
2026-03-27,2026-04-21,22800,CE,0.0,0.0,0.0,1050.95,385.25,0,0,0,22819.6
2026-03-27,2026-04-21,23650,CE,0.0,0.0,0.0,486.6,87.65,0,0,0,22819.6
2026-03-27,2026-04-21,24100,CE,230.05,231.45,187.95,194.25,194.25,22,3185,585,22819.6
2026-03-27,2026-04-28,23450,PE,750.55,1007.25,750.55,993.8,993.8,583,198510,-17030,22819.6
2026-03-27,2026-04-28,25300,PE,2100.0,2370.05,2094.3,2347.3,2347.3,39,28600,1495,22819.6
2026-03-27,2026-04-28,26050,PE,0.0,0.0,0.0,3359.9,3105.35,0,2470,0,22819.6
2026-03-27,2026-04-28,26550,PE,3450.0,3475.0,3450.0,3475.0,3602.75,5,975,260,22819.6
2026-03-27,2026-04-28,26700,PE,3550.0,3720.0,3550.0,3710.0,3710.0,40,5590,325,22819.6
2026-03-27,2026-04-28,26800,PE,3620.0,3798.05,3573.65,3685.85,3685.85,80,6500,3315,22819.6
2026-03-27,2026-04-28,26900,PE,3691.55,3780.0,3691.55,3780.0,3951.0,3,1300,130,22819.6
2026-03-27,2026-04-28,27250,PE,0.0,0.0,0.0,3108.15,4299.3,0,65,0,22819.6
2026-03-27,2026-05-05,21250,PE,0.0,0.0,0.0,34.1,18.2,0,0,0,22819.6
2026-03-27,2026-05-26,25750,CE,91.25,91.25,73.6,74.0,74.0,45,3055,0,22819.6
2026-03-27,2026-05-26,25850,CE,84.0,84.0,63.05,66.6,66.6,70,4030,260,22819.6
2026-03-27,2026-05-26,26700,CE,33.0,40.0,27.1,28.45,28.45,230,24310,455,22819.6
2026-03-27,2026-06-30,24000,CE,698.95,698.95,598.7,606.8,606.8,10608,1516525,234330,22819.6
2026-03-27,2026-09-29,26000,CE,320.0,332.0,304.0,309.05,309.05,4065,695690,-34865,22819.6
2026-03-27,2026-12-29,25000,CE,998.95,998.95,895.05,900.85,900.85,1695,809825,1165,22819.6
2026-03-27,2027-06-29,16500,CE,0.0,0.0,0.0,10867.2,7427.6,0,0,0,22819.6
2026-03-27,2027-06-29,19000,CE,0.0,0.0,0.0,7800.0,5158.35,0,75,0,22819.6
2026-03-27,2027-06-29,19500,CE,0.0,0.0,0.0,8143.4,4725.55,0,0,0,22819.6
2026-03-27,2029-12-24,27000,PE,0.0,0.0,0.0,1177.9,1992.5,0,0,0,22819.6
2026-03-27,2029-12-24,25000,PE,0.0,0.0,0.0,709.7,1274.3,0,290,0,22819.6
2026-03-27,2029-12-24,18000,PE,0.0,0.0,0.0,96.5,100.65,0,0,0,22819.6
2026-03-27,2029-06-26,33000,PE,0.0,0.0,0.0,3022.85,5582.8,0,0,0,22819.6
2026-03-27,2029-06-26,27000,PE,0.0,0.0,0.0,1252.35,2141.8,0,0,0,22819.6
2026-03-27,2027-06-29,31500,CE,0.0,0.0,0.0,769.15,87.7,0,0,0,22819.6
2026-03-27,2027-12-28,18000,CE,0.0,0.0,0.0,6285.7,6525.55,0,0,0,22819.6
2026-03-27,2026-04-21,24400,CE,0.0,0.0,0.0,193.8,14.2,0,0,0,22819.6
2026-03-27,2026-04-21,24500,CE,130.0,135.5,105.2,106.75,106.75,652,28405,9490,22819.6
2026-03-27,2026-04-21,25100,CE,0.0,0.0,0.0,86.05,1.65,0,130,0,22819.6
2026-03-27,2026-04-28,20950,CE,0.0,0.0,0.0,2124.4,1974.8,0,260,0,22819.6
2026-03-27,2026-04-28,21050,CE,0.0,0.0,0.0,2552.35,1876.95,0,65,0,22819.6
2026-03-27,2026-04-28,21550,CE,0.0,0.0,0.0,2081.7,1399.3,0,65,0,22819.6
2026-03-27,2026-04-28,21650,CE,1742.45,1742.45,1742.45,1742.45,1307.3,1,65,0,22819.6
2026-03-27,2026-04-28,21700,CE,1700.0,1700.0,1695.1,1695.1,1262.0,5,1170,0,22819.6
2026-03-27,2026-04-28,22450,CE,1087.25,1087.25,1020.05,1025.55,1025.55,24,3965,1040,22819.6
2026-03-27,2029-06-26,24000,PE,0.0,0.0,0.0,694.05,1033.75,0,155,0,22819.6
2026-03-27,2028-12-26,31500,PE,0.0,0.0,0.0,2673.4,5011.85,0,0,0,22819.6
2026-03-27,2028-12-26,28500,PE,0.0,0.0,0.0,1451.15,3107.75,0,0,0,22819.6
2026-03-27,2028-06-27,22500,PE,0.0,0.0,0.0,206.95,673.15,0,0,0,22819.6
2026-03-27,2028-06-27,16500,PE,0.0,0.0,0.0,3.8,21.25,0,0,0,22819.6
2026-03-27,2027-12-28,28500,PE,0.0,0.0,0.0,1800.0,3711.55,0,65,0,22819.6
2026-03-27,2027-12-28,24000,PE,1310.55,1499.85,1310.55,1490.6,1490.6,32,17975,520,22819.6
2026-03-27,2027-12-28,19000,PE,0.0,0.0,0.0,216.8,101.6,0,1000,0,22819.6
2026-03-27,2027-06-29,16500,PE,0.0,0.0,0.0,0.65,5.35,0,0,0,22819.6
2026-03-27,2026-12-29,20000,PE,286.0,415.05,286.0,409.55,409.55,2385,371180,19605,22819.6
2026-03-27,2026-05-26,22150,CE,0.0,0.0,0.0,1858.95,1051.95,0,130,0,22819.6
2026-03-27,2026-05-26,26100,CE,60.5,75.0,51.65,52.75,52.75,60,6500,260,22819.6
2026-03-27,2026-05-26,21650,PE,0.0,0.0,0.0,3.45,86.15,0,0,0,22819.6
2026-03-27,2026-04-28,21350,PE,0.0,0.0,0.0,2.1,15.1,0,0,0,22819.6
2026-03-27,2026-04-28,20900,PE,0.0,0.0,0.0,0.75,3.75,0,0,0,22819.6
2026-03-27,2026-04-21,25350,PE,0.0,0.0,0.0,1640.9,2435.75,0,0,0,22819.6
2026-03-27,2026-04-21,23500,PE,717.9,1000.0,717.9,991.05,991.05,575,19955,-7800,22819.6
2026-03-27,2026-04-21,23300,PE,640.0,884.0,640.0,876.6,876.6,357,14170,9230,22819.6
2026-03-27,2026-04-21,21600,PE,43.5,43.5,43.45,43.45,18.0,4,260,260,22819.6
2026-03-27,2026-04-21,21400,PE,0.0,0.0,0.0,5.0,9.5,0,0,0,22819.6
2026-03-27,2026-04-21,21200,PE,0.0,0.0,0.0,2.75,4.75,0,0,0,22819.6
2026-03-27,2026-04-21,20650,PE,0.0,0.0,0.0,0.45,0.5,0,0,0,22819.6
2026-03-27,2026-04-13,24500,PE,1575.0,1675.0,1575.0,1675.0,1620.4,4,650,260,22819.6
2026-03-27,2026-04-13,23700,PE,918.0,1053.4,918.0,1053.4,1053.4,40,2860,845,22819.6
2026-03-27,2026-04-13,22950,PE,0.0,0.0,0.0,40.85,310.45,0,0,0,22819.6
2026-03-27,2026-04-13,22050,PE,0.0,0.0,0.0,4.2,35.3,0,0,0,22819.6
2026-03-27,2026-04-13,21800,PE,174.25,268.25,172.7,260.5,260.5,2307,77350,51675,22819.6
2026-03-27,2026-04-13,21700,PE,0.0,0.0,0.0,1.4,10.35,0,0,0,22819.6
2026-03-27,2026-05-26,21800,PE,0.0,0.0,0.0,4.65,109.55,0,0,0,22819.6
2026-03-27,2026-05-26,23050,PE,693.75,797.65,693.35,797.65,524.05,59,1560,-1625,22819.6
2026-03-27,2026-05-26,23250,PE,786.0,974.95,784.7,912.2,632.8,76,3510,520,22819.6
2026-03-27,2026-05-26,24150,PE,1298.4,1329.55,1298.4,1321.95,1258.6,3,1300,0,22819.6
2026-03-27,2026-05-26,24250,PE,0.0,0.0,0.0,1330.95,1339.75,0,2990,0,22819.6
2026-03-27,2026-05-26,24700,PE,0.0,0.0,0.0,1395.55,1725.85,0,32305,0,22819.6
2026-03-27,2026-05-26,25550,PE,0.0,0.0,0.0,2109.85,2517.55,0,195,0,22819.6
2026-03-27,2026-05-26,26200,PE,0.0,0.0,0.0,2537.4,3149.7,0,910,0,22819.6
2026-03-27,2026-05-26,26550,PE,0.0,0.0,0.0,2810.75,3493.95,0,130,0,22819.6
2026-03-27,2026-05-26,27250,PE,0.0,0.0,0.0,3698.8,4185.7,0,65,0,22819.6
2026-03-27,2026-04-07,23250,PE,399.25,740.9,399.25,695.7,695.7,2392,131040,-31460,22819.6
2026-03-27,2026-04-07,22950,PE,337.05,543.95,337.05,529.35,529.35,22372,148915,96070,22819.6
2026-03-27,2026-04-07,22550,PE,230.75,374.2,229.5,357.9,357.9,4337,53625,53560,22819.6
2026-03-27,2026-04-07,22400,PE,200.0,323.05,179.45,311.95,311.95,14165,177255,116935,22819.6
2026-03-27,2026-04-07,21300,PE,0.0,0.0,0.0,0.05,0.25,0,0,0,22819.6
2026-03-27,2026-04-07,20600,PE,36.0,48.65,30.0,44.15,44.15,10946,162240,129675,22819.6
2026-03-27,2026-03-30,28100,PE,5160.0,5300.0,5105.05,5300.0,5300.0,112,1040,-6955,22819.6
2026-03-27,2026-03-30,28050,PE,0.0,0.0,0.0,4218.3,5217.7,0,325,0,22819.6
2026-03-27,2026-03-30,27800,PE,4776.5,4850.0,4776.5,4834.45,4967.85,10,910,-520,22819.6
2026-03-27,2026-03-30,27600,PE,0.0,0.0,0.0,4350.0,4767.95,0,2990,0,22819.6
2026-03-27,2026-03-30,27200,PE,4275.0,4435.95,4260.0,4435.95,4435.95,119,9880,-975,22819.6
2026-03-27,2026-03-30,27100,PE,3964.0,3964.0,3964.0,3964.0,4268.15,1,1625,-65,22819.6
2026-03-27,2026-06-30,22000,PE,440.0,593.4,439.95,589.0,589.0,6743,990045,32350,22819.6
2026-03-27,2026-06-30,30000,PE,6466.45,6612.25,6312.1,6590.85,6590.85,721,179705,33015,22819.6
2026-03-27,2026-09-29,23000,PE,815.0,984.95,807.0,975.6,975.6,1097,437860,-1145,22819.6
2026-03-27,2026-09-29,25500,PE,2060.0,2192.0,2060.0,2181.2,2181.2,10,79950,260,22819.6
2026-03-27,2026-12-29,15000,PE,67.0,94.0,67.0,90.3,90.3,366,46525,6890,22819.6
2026-03-27,2026-12-29,24000,PE,1148.0,1366.35,1120.0,1355.9,1355.9,2237,888620,-895,22819.6
2026-03-27,2026-12-29,25000,PE,1527.0,1795.75,1519.7,1785.75,1785.75,1913,1079730,-10490,22819.6
2026-03-27,2026-12-29,31500,PE,0.0,0.0,0.0,4059.3,7403.55,0,0,0,22819.6
2026-03-27,2027-06-29,21000,PE,450.35,600.0,450.35,600.0,285.2,2,2325,65,22819.6
2026-03-27,2027-06-29,22500,PE,0.0,0.0,0.0,153.9,636.8,0,0,0,22819.6
2026-03-27,2027-06-29,31500,PE,0.0,0.0,0.0,3604.7,6663.1,0,0,0,22819.6
2026-03-27,2027-12-28,19500,PE,0.0,0.0,0.0,29.25,141.25,0,0,0,22819.6
2026-03-27,2027-12-28,23000,PE,1099.95,1278.25,1090.0,1265.25,1265.25,114,30295,2990,22819.6
2026-03-27,2028-06-27,25500,PE,0.0,0.0,0.0,667.45,1738.45,0,0,0,22819.6
2026-03-27,2028-12-26,22000,PE,1019.95,1086.0,1019.95,1085.5,1085.5,4,7490,55,22819.6
2026-03-27,2028-12-26,22500,PE,0.0,0.0,0.0,218.8,666.95,0,0,0,22819.6
2026-03-27,2028-12-26,34500,PE,0.0,0.0,0.0,4281.85,7212.2,0,0,0,22819.6
2026-03-27,2029-06-26,19500,PE,0.0,0.0,0.0,56.0,199.5,0,0,0,22819.6
2026-03-27,2029-06-26,28500,PE,0.0,0.0,0.0,1349.1,2864.05,0,0,0,22819.6
2026-03-27,2029-06-26,31500,PE,0.0,0.0,0.0,2443.35,4597.45,0,0,0,22819.6
2026-03-27,2029-12-24,15000,PE,0.0,0.0,0.0,22.85,15.0,0,0,0,22819.6
2026-03-27,2030-06-25,16500,PE,0.0,0.0,0.0,12.0,47.5,0,0,0,22819.6
2026-03-27,2030-12-31,15000,PE,0.0,0.0,0.0,4.95,20.65,0,0,0,22819.6
2026-03-27,2030-12-31,28500,PE,0.0,0.0,0.0,1083.1,2271.25,0,0,0,22819.6
2026-03-27,2026-03-30,26950,PE,0.0,0.0,0.0,3004.4,4118.2,0,1105,0,22819.6
2026-03-27,2026-03-30,26600,PE,3610.0,3790.0,3610.0,3773.2,3773.2,136,28015,-2015,22819.6
2026-03-27,2026-03-30,26400,PE,3320.0,3608.9,3320.0,3592.9,3592.9,299,57395,-13065,22819.6
2026-03-27,2026-03-30,26200,PE,3189.4,3405.2,3110.0,3384.45,3384.45,981,155935,-25220,22819.6
2026-03-27,2026-03-30,25400,PE,2444.9,2598.05,2279.5,2585.1,2585.1,1226,339170,-21580,22819.6
2026-03-27,2026-03-30,25050,PE,2028.0,2220.0,2020.0,2191.35,2219.1,33,12545,-1560,22819.6
2026-03-27,2026-03-30,24300,PE,1199.95,1507.4,1199.95,1485.55,1485.55,3004,264290,-66755,22819.6
2026-03-27,2026-03-30,23250,PE,315.0,523.75,286.6,492.15,492.15,152719,403585,-633035,22819.6
2026-03-27,2026-03-30,23200,PE,290.0,474.0,258.8,451.95,451.95,637637,1871610,-1422395,22819.6
2026-03-27,2026-03-30,22900,PE,170.0,264.9,146.55,252.55,252.55,3037807,1946945,-144040,22819.6
2026-03-27,2026-03-30,22500,PE,64.2,108.0,64.2,94.15,94.15,2948714,5513885,-717600,22819.6
2026-03-27,2026-03-30,21650,PE,12.75,17.75,5.5,6.8,6.8,195940,488150,112060,22819.6
2026-03-27,2030-06-25,24000,CE,0.0,0.0,0.0,8591.55,4756.25,0,0,0,22819.6
2026-03-27,2030-06-25,15000,CE,0.0,0.0,0.0,14543.9,10963.7,0,0,0,22819.6
2026-03-27,2029-12-24,22500,CE,0.0,0.0,0.0,8486.15,5145.05,0,0,0,22819.6
2026-03-27,2029-12-24,18000,CE,0.0,0.0,0.0,11362.4,8273.25,0,0,0,22819.6
2026-03-27,2029-12-24,16500,CE,0.0,0.0,0.0,12984.85,9435.7,0,0,0,22819.6
2026-03-27,2029-06-26,34500,CE,0.0,0.0,0.0,1895.7,599.65,0,0,0,22819.6
2026-03-27,2029-06-26,30000,CE,0.0,0.0,0.0,5268.4,1419.75,0,0,0,22819.6
2026-03-27,2028-12-26,28000,CE,2222.0,2222.0,2041.0,2041.0,2041.0,3,2090,65,22819.6
2026-03-27,2028-12-26,18000,CE,0.0,0.0,0.0,9380.3,7430.25,0,0,0,22819.6
2026-03-27,2027-12-28,31500,CE,0.0,0.0,0.0,720.0,248.35,0,0,0,22819.6
2026-03-27,2027-12-28,21000,CE,0.0,0.0,0.0,4902.4,4086.1,0,0,0,22819.6
2026-03-27,2027-06-29,30000,CE,0.0,0.0,0.0,1478.4,173.7,0,0,0,22819.6
2026-03-27,2027-06-29,21000,CE,0.0,0.0,0.0,3061.8,3508.15,0,0,0,22819.6
2026-03-27,2026-12-29,31000,CE,63.0,78.0,63.0,71.7,71.7,510,108280,-4070,22819.6
2026-03-27,2026-12-29,30000,CE,97.75,108.5,95.0,101.0,101.0,3745,460210,125360,22819.6
2026-03-27,2026-12-29,21000,CE,3523.0,3523.0,3350.0,3370.0,3370.0,24,25325,1040,22819.6
2026-03-27,2026-06-30,25500,CE,200.0,211.55,175.0,178.5,178.5,2639,600275,14430,22819.6
2026-03-27,2026-05-26,25900,CE,78.25,84.05,62.75,64.4,64.4,71,7280,650,22819.6
2026-03-27,2026-05-26,24400,CE,330.5,363.6,299.6,302.75,302.75,376,22750,-1495,22819.6
2026-03-27,2026-05-26,23100,CE,953.35,987.9,853.85,862.2,862.2,398,34970,16510,22819.6
2026-03-27,2026-05-26,22700,CE,1206.0,1235.0,1088.0,1098.35,1098.35,173,12870,-195,22819.6
2026-03-27,2026-05-26,22600,CE,1284.05,1284.05,1154.0,1163.3,1163.3,55,2665,-1040,22819.6
2026-03-27,2026-05-26,21900,CE,0.0,0.0,0.0,2042.65,1244.4,0,195,0,22819.6
2026-03-27,2026-05-26,21450,CE,2142.45,2142.45,2074.45,2074.45,1623.95,3,325,195,22819.6
2026-03-27,2026-05-05,25150,CE,0.0,0.0,0.0,35.05,8.85,0,0,0,22819.6
2026-03-27,2026-05-05,24950,CE,0.0,0.0,0.0,48.4,14.0,0,0,0,22819.6
2026-03-27,2026-05-05,24400,CE,0.0,0.0,0.0,109.65,44.0,0,0,0,22819.6
2026-03-27,2026-05-05,24000,CE,0.0,0.0,0.0,186.05,91.2,0,0,0,22819.6
2026-03-27,2026-05-05,23500,CE,0.0,0.0,0.0,334.25,201.4,0,0,0,22819.6
2026-03-27,2026-05-05,23200,CE,0.0,0.0,0.0,457.05,304.35,0,0,0,22819.6
2026-03-27,2026-05-05,21000,CE,0.0,0.0,0.0,2105.55,1951.95,0,0,0,22819.6
2026-03-27,2026-04-28,27650,CE,6.75,7.9,6.0,6.75,6.75,282,39195,2275,22819.6
2026-03-27,2026-04-28,27150,CE,9.0,11.5,7.65,9.95,9.95,35,15470,-1040,22819.6
2026-03-27,2026-04-28,26900,CE,10.0,11.1,9.1,10.25,10.25,156,37115,2210,22819.6
2026-03-27,2026-04-28,26550,CE,16.1,16.1,11.1,13.85,13.85,61,10725,1755,22819.6
2026-03-27,2026-04-28,26200,CE,20.95,21.8,16.25,16.95,16.95,3739,263250,18330,22819.6
2026-03-27,2026-04-28,25700,CE,35.0,36.35,28.2,29.7,29.7,951,153270,8645,22819.6
2026-03-27,2026-04-28,25600,CE,38.6,41.25,31.55,33.4,33.4,1693,113685,-8190,22819.6
2026-03-27,2026-04-28,25400,CE,49.65,52.6,41.65,42.6,42.6,3713,148135,18525,22819.6
2026-03-27,2026-04-28,24700,CE,126.55,135.05,104.0,106.8,106.8,6787,288925,20670,22819.6
2026-03-27,2026-04-28,24150,CE,264.25,277.05,215.65,221.95,221.95,551,38155,9555,22819.6
2026-03-27,2026-04-28,23800,CE,448.85,449.0,322.05,331.05,331.05,5466,341445,46865,22819.6
2026-03-27,2026-04-28,22300,CE,1341.95,1341.95,1127.55,1135.7,1135.7,276,45045,-3835,22819.6
2026-03-27,2026-04-28,22200,CE,1288.75,1291.8,1190.0,1206.6,1206.6,127,7280,2405,22819.6
2026-03-27,2026-04-28,22150,CE,1358.0,1358.0,1357.95,1357.95,878.95,5,3770,260,22819.6
2026-03-27,2026-04-28,21800,CE,1663.8,1663.8,1490.0,1490.0,1490.0,4,975,195,22819.6
2026-03-27,2026-04-28,21750,CE,1662.35,1662.35,1662.35,1662.35,1217.1,1,260,0,22819.6
2026-03-27,2026-04-28,21300,CE,0.0,0.0,0.0,1820.0,1635.15,0,130,0,22819.6
2026-03-27,2026-04-28,21000,CE,2363.05,2380.0,2113.1,2126.85,2126.85,10715,1033760,468715,22819.6
2026-03-27,2026-04-28,20750,CE,0.0,0.0,0.0,2279.6,2171.6,0,130,0,22819.6
2026-03-27,2026-04-28,20650,CE,0.0,0.0,0.0,2365.95,2270.45,0,130,0,22819.6
2026-03-27,2026-04-21,24850,CE,0.0,0.0,0.0,99.15,3.75,0,0,0,22819.6
2026-03-27,2026-04-21,21400,CE,0.0,0.0,0.0,2329.7,1509.6,0,0,0,22819.6
2026-03-27,2026-04-21,21250,CE,0.0,0.0,0.0,2476.9,1655.2,0,0,0,22819.6
2026-03-27,2026-04-13,25950,CE,11.0,11.0,7.0,8.0,8.0,106,8320,2210,22819.6
2026-03-27,2026-04-13,25450,CE,18.35,18.35,13.3,14.85,14.85,21,1495,0,22819.6
2026-03-27,2026-04-13,25200,CE,28.95,29.15,19.85,21.45,21.45,410,8905,-2665,22819.6
