date,expiry,strike,opt_type,open,high,low,close,settle,volume,oi,oi_change,underlying
2025-01-23,2025-02-06,21950,CE,0.0,0.0,0.0,2399.1,1315.1,0,0,0,23205.35
2025-01-23,2025-03-27,21950,PE,0.0,0.0,0.0,110.9,71.7,0,3150,0,23205.35
2025-01-23,2025-02-20,21950,CE,0.0,0.0,0.0,1562.95,1387.5,0,0,0,23205.35
2025-01-23,2025-01-30,22350,PE,17.5,18.05,11.55,13.9,13.9,49777,266075,98700,23205.35
2025-01-23,2025-02-27,22350,PE,156.25,156.25,144.8,146.6,146.6,34,3975,-75,23205.35
2025-01-23,2025-03-27,22350,PE,0.0,0.0,0.0,194.5,134.3,0,3075,0,23205.35
2025-01-23,2025-02-20,22350,CE,0.0,0.0,0.0,1217.7,1025.0,0,0,0,23205.35
2025-01-23,2025-02-06,22350,CE,0.0,0.0,0.0,2014.15,930.35,0,0,0,23205.35
2025-01-23,2025-02-13,22350,CE,0.0,0.0,0.0,1403.95,977.5,0,0,0,23205.35
2025-01-23,2025-02-06,22350,PE,0.0,0.0,0.0,20.0,17.2,0,0,0,23205.35
2025-01-23,2025-01-30,21950,CE,0.0,0.0,0.0,2652.1,1283.9,0,150,0,23205.35
2025-01-23,2025-02-13,21950,PE,0.0,0.0,0.0,32.65,9.7,0,0,0,23205.35
2025-01-23,2025-01-23,21950,CE,0.0,0.0,0.0,1212.1,23205.35,0,150,0,23205.35
2025-01-23,2025-03-27,21950,CE,0.0,0.0,0.0,2301.2,1581.3,0,0,0,23205.35
2025-01-23,2025-02-20,22350,PE,0.0,0.0,0.0,100.25,54.25,0,0,0,23205.35
2025-01-23,2025-02-27,21950,PE,57.35,57.35,57.35,57.35,29.0,5,15450,375,23205.35
2025-01-23,2025-01-23,22350,PE,1.15,1.25,0.05,0.1,23205.35,495837,952425,-403050,23205.35
2025-01-23,2025-01-30,22350,CE,952.3,952.3,952.3,952.3,952.3,5,350,125,23205.35
2025-01-23,2025-01-23,22350,CE,0.0,0.0,0.0,1041.6,23205.35,0,75,0,23205.35
2025-01-23,2025-01-30,21950,PE,5.15,6.05,4.05,5.1,5.1,36443,215025,70100,23205.35
2025-01-23,2025-02-27,22350,CE,0.0,0.0,0.0,2111.35,1071.8,0,0,0,23205.35
2025-01-23,2025-02-06,21950,PE,0.0,0.0,0.0,38.45,3.0,0,1125,0,23205.35
2025-01-23,2025-02-13,21950,CE,0.0,0.0,0.0,1762.7,1350.1,0,0,0,23205.35
2025-01-23,2025-02-27,21950,CE,1469.55,1508.6,1469.55,1508.6,1426.0,10,600,600,23205.35
2025-01-23,2025-03-27,22350,CE,0.0,0.0,0.0,1967.0,1248.55,0,0,0,23205.35
2025-01-23,2025-01-23,21950,PE,0.7,0.95,0.05,0.05,23205.35,320603,994575,-524100,23205.35
2025-01-23,2025-02-20,21950,PE,0.0,0.0,0.0,48.25,18.75,0,0,0,23205.35
2025-01-23,2025-02-06,21250,CE,0.0,0.0,0.0,3087.55,2010.35,0,0,0,23205.35
2025-01-23,2025-02-13,21250,PE,0.0,0.0,0.0,6.3,0.5,0,0,0,23205.35
2025-01-23,2025-01-30,21250,CE,0.0,0.0,0.0,1885.35,1982.85,0,0,0,23205.35
2025-01-23,2025-02-20,21250,CE,0.0,0.0,0.0,2219.95,2066.85,0,0,0,23205.35
2025-01-23,2025-02-20,21250,PE,22.25,22.25,22.25,22.25,1.75,2,150,150,23205.35
2025-01-23,2025-02-13,21250,CE,0.0,0.0,0.0,2431.4,2038.2,0,0,0,23205.35
2025-01-23,2025-02-13,22250,PE,0.0,0.0,0.0,59.15,26.3,0,0,0,23205.35
2025-01-23,2025-02-27,22250,PE,0.0,0.0,0.0,129.25,58.35,0,0,0,23205.35
2025-01-23,2025-03-27,23000,CE,900.0,957.0,849.75,920.1,920.1,1294,470775,3775,23205.35
2025-01-23,2025-01-30,23000,CE,316.2,397.65,265.65,357.05,357.05,216923,2981075,-179975,23205.35
2025-01-23,2025-02-20,23550,CE,0.0,0.0,0.0,432.85,249.0,0,0,0,23205.35
2025-01-23,2025-03-27,23550,CE,595.3,595.3,595.3,595.3,595.3,1,1875,75,23205.35
2025-01-23,2025-02-06,23550,CE,200.0,254.05,199.55,226.95,226.95,445,23850,-300,23205.35
2025-01-23,2025-01-23,23550,CE,3.0,3.9,0.05,0.15,23205.35,1764960,3830475,682725,23205.35
2025-01-23,2025-01-30,23550,CE,50.0,89.9,43.6,69.45,69.45,173395,557725,56350,23205.35
2025-01-23,2025-02-27,23000,CE,658.0,749.8,636.85,713.15,713.15,4755,829875,50775,23205.35
2025-01-23,2025-02-06,23000,CE,456.8,564.75,450.9,525.35,525.35,3242,207525,-6450,23205.35
2025-01-23,2025-02-27,24550,CE,80.1,93.95,80.1,87.2,87.2,199,12975,-3975,23205.35
2025-01-23,2026-12-31,23000,PE,0.0,0.0,0.0,874.3,543.35,0,12275,0,23205.35
2025-01-23,2025-03-27,24550,CE,0.0,0.0,0.0,239.0,162.5,0,1050,0,23205.35
2025-01-23,2025-02-20,23550,PE,0.0,0.0,0.0,507.0,472.0,0,0,0,23205.35
2025-01-23,2025-02-06,24550,CE,28.95,32.0,27.3,28.6,28.6,188,11775,7800,23205.35
2025-01-23,2025-02-06,24550,PE,0.0,0.0,0.0,584.45,1286.2,0,0,0,23205.35
2025-01-23,2025-02-13,23550,PE,0.0,0.0,0.0,405.1,446.05,0,0,0,23205.35
2025-01-23,2028-12-28,23000,CE,0.0,0.0,0.0,6377.6,5999.5,0,0,0,23205.35
2025-01-23,2027-12-30,23000,PE,0.0,0.0,0.0,800.05,493.8,0,1950,0,23205.35
2025-01-23,2025-02-27,23550,CE,350.05,423.3,350.05,395.7,395.7,224,25875,5025,23205.35
2025-01-23,2025-01-30,26150,CE,2.15,2.15,1.45,1.6,1.6,2277,63900,4350,23205.35
2025-01-23,2025-02-27,22400,CE,0.0,0.0,0.0,1007.65,1030.0,0,2400,0,23205.35
2025-01-23,2025-02-20,22400,CE,0.0,0.0,0.0,1176.85,982.15,0,0,0,23205.35
2025-01-23,2025-02-13,22400,CE,0.0,0.0,0.0,1360.95,933.2,0,0,0,23205.35
2025-01-23,2025-02-27,22400,PE,184.7,189.3,151.5,157.6,157.6,2235,311325,6975,23205.35
2025-01-23,2025-02-13,25150,CE,0.0,0.0,0.0,71.3,2.45,0,0,0,23205.35
2025-01-23,2025-02-06,25150,PE,0.0,0.0,0.0,2028.0,1879.95,0,1500,0,23205.35
2025-01-23,2025-02-27,25150,CE,0.0,0.0,0.0,32.55,15.85,0,4050,0,23205.35
2025-01-23,2025-01-23,24450,CE,0.55,0.7,0.05,0.05,23205.35,54278,377775,-341325,23205.35
2025-01-23,2025-02-06,24450,PE,0.0,0.0,0.0,1365.0,1188.95,0,2250,0,23205.35
2025-01-23,2025-02-20,24450,CE,0.0,0.0,0.0,142.25,44.75,0,0,0,23205.35
2025-01-23,2025-01-30,24450,CE,2.75,4.05,2.35,2.9,2.9,34137,319650,102900,23205.35
2025-01-23,2025-01-23,24450,PE,0.0,0.0,0.0,1278.6,23205.35,0,3375,0,23205.35
2025-01-23,2025-02-27,26450,PE,0.0,0.0,0.0,2297.0,3074.45,0,0,0,23205.35
2025-01-23,2025-02-27,26450,CE,9.2,9.6,6.45,8.45,0.45,26,9600,750,23205.35
2025-01-23,2025-01-30,26450,PE,0.0,0.0,0.0,3221.95,3210.45,0,200,0,23205.35
2025-01-23,2025-01-30,26450,CE,2.05,2.05,1.3,1.55,1.55,12850,305000,17300,23205.35
2025-01-23,2025-01-23,21300,CE,0.0,0.0,0.0,2802.75,23205.35,0,0,0,23205.35
2025-01-23,2025-02-13,21300,CE,0.0,0.0,0.0,2382.65,1988.55,0,0,0,23205.35
2025-01-23,2025-01-30,21300,CE,0.0,0.0,0.0,3313.8,1932.9,0,0,0,23205.35
2025-01-23,2025-02-20,21300,PE,0.0,0.0,0.0,11.45,2.15,0,0,0,23205.35
2025-01-23,2025-01-23,21300,PE,0.25,0.5,0.05,0.05,23205.35,92740,248550,46350,23205.35
2025-01-23,2025-02-20,21300,CE,0.0,0.0,0.0,2171.65,2017.5,0,0,0,23205.35
2025-01-23,2025-03-27,21300,PE,0.0,0.0,0.0,45.9,21.25,0,0,0,23205.35
2025-01-23,2025-01-30,21300,PE,1.8,2.85,1.75,1.95,1.95,181014,1172650,952500,23205.35
2025-01-23,2025-12-24,16000,PE,0.0,0.0,0.0,20.25,0.25,0,2125,0,23205.35
2025-01-23,2025-01-23,22300,CE,890.0,971.35,890.0,905.0,23205.35,71,4575,-825,23205.35
2025-01-23,2025-02-27,26250,PE,0.0,0.0,0.0,2062.7,2876.15,0,0,0,23205.35
2025-01-23,2025-02-27,23850,PE,796.95,796.95,690.0,704.0,704.0,57,11175,1425,23205.35
2025-01-23,2025-12-24,31000,CE,76.55,94.0,76.55,94.0,54.15,5,12775,75,23205.35
2025-01-23,2025-02-13,21750,CE,0.0,0.0,0.0,1949.85,1544.2,0,0,0,23205.35
2025-01-23,2025-01-30,21750,CE,0.0,0.0,0.0,1528.65,1483.5,0,200,0,23205.35
2025-01-23,2025-02-06,21750,CE,0.0,0.0,0.0,2594.55,1512.65,0,0,0,23205.35
2025-01-23,2025-02-27,21750,CE,0.0,0.0,0.0,2628.35,1613.0,0,0,0,23205.35
2025-01-23,2025-01-23,22250,CE,893.0,976.65,893.0,966.4,23205.35,5,150,150,23205.35
2025-01-23,2028-06-29,23000,PE,0.0,0.0,0.0,1399.25,463.85,0,0,0,23205.35
2025-01-23,2026-06-25,23000,PE,748.0,752.0,748.0,752.0,553.2,2,6500,-150,23205.35
2025-01-23,2027-06-24,23000,PE,0.0,0.0,0.0,4514.3,522.4,0,0,0,23205.35
2025-01-23,2029-06-28,23000,CE,0.0,0.0,0.0,8636.0,6553.15,0,0,0,23205.35
2025-01-23,2025-02-13,23000,PE,307.0,313.6,250.35,259.6,259.6,993,66975,-3075,23205.35
2025-01-23,2025-01-23,24550,CE,0.5,0.6,0.05,0.05,23205.35,55457,424125,-59400,23205.35
2025-01-23,2025-02-06,23550,PE,479.45,493.6,431.05,465.0,465.0,94,5100,3450,23205.35
2025-01-23,2025-02-13,23000,CE,535.6,638.0,534.0,604.0,604.0,65,19350,150,23205.35
2025-01-23,2027-06-24,23000,CE,0.0,0.0,0.0,2530.05,4189.3,0,0,0,23205.35
2025-01-23,2025-01-23,23000,PE,14.2,19.85,0.05,0.15,23205.35,5028173,7161225,-3280725,23205.35
2025-01-23,2025-02-27,23000,PE,395.45,395.9,299.45,312.95,312.95,17863,2343600,114075,23205.35
2025-01-23,2025-03-27,23000,PE,422.65,431.5,368.15,386.35,386.35,4593,1853650,75225,23205.35
2025-01-23,2025-02-13,24550,CE,0.0,0.0,0.0,65.0,17.45,0,150,0,23205.35
2025-01-23,2025-01-23,23550,PE,424.0,446.0,278.8,343.25,23205.35,6901,60750,-33825,23205.35
2025-01-23,2025-02-20,24550,CE,0.0,0.0,0.0,123.25,35.6,0,0,0,23205.35
2025-01-23,2025-02-27,24550,PE,0.0,0.0,0.0,1200.75,1243.7,0,1350,0,23205.35
2025-01-23,2028-12-28,23000,PE,810.05,810.05,810.05,810.05,810.05,1,2250,75,23205.35
2025-01-23,2025-01-23,23000,CE,181.1,275.25,120.2,206.65,23205.35,502014,996675,-1042350,23205.35
2025-01-23,2025-03-27,21350,PE,0.0,0.0,0.0,89.8,23.55,0,2850,0,23205.35
2025-01-23,2025-01-30,21350,CE,0.0,0.0,0.0,1790.0,1882.95,0,150,0,23205.35
2025-01-23,2025-02-27,21350,CE,0.0,0.0,0.0,2991.9,1998.5,0,0,0,23205.35
2025-01-23,2025-02-06,21350,CE,0.0,0.0,0.0,2988.65,1910.65,0,0,0,23205.35
2025-01-23,2025-02-27,21350,PE,42.3,52.05,42.3,47.1,47.1,561,72600,32250,23205.35
2025-01-23,2025-02-27,23300,CE,468.2,559.8,467.55,528.15,528.15,2918,277650,18000,23205.35
2025-01-23,2025-02-20,23300,PE,0.0,0.0,0.0,384.7,334.7,0,0,0,23205.35
2025-01-23,2025-02-13,23300,PE,413.45,413.45,365.05,377.3,377.3,205,54825,2400,23205.35
2025-01-23,2025-03-27,30000,CE,8.45,8.6,7.9,8.0,8.0,96,224875,-1350,23205.35
2025-01-23,2025-01-30,23300,PE,259.0,281.5,182.8,201.3,201.3,458743,2944775,447650,23205.35
2025-01-23,2025-03-27,23300,CE,665.85,769.45,665.85,732.85,732.85,144,15225,825,23205.35
2025-01-23,2025-02-06,23300,PE,400.45,408.55,315.3,333.4,333.4,4720,338250,112350,23205.35
2025-01-23,2025-02-13,23300,CE,375.0,450.6,360.05,421.55,421.55,243,27375,3975,23205.35
2025-01-23,2025-12-24,30000,CE,119.0,128.0,119.0,124.4,124.4,63,38300,1250,23205.35
2025-01-23,2025-01-30,23300,CE,143.95,199.95,112.2,167.7,167.7,623177,3487675,762975,23205.35
2025-01-23,2025-12-24,30000,PE,0.0,0.0,0.0,4227.0,5089.6,0,450,0,23205.35
2025-01-23,2025-02-06,23300,CE,305.05,379.3,293.0,344.95,344.95,5410,391800,102150,23205.35
2025-01-23,2025-01-23,23300,CE,14.0,24.35,0.05,0.2,23205.35,10718185,10263675,1305525,23205.35
2025-01-23,2025-01-23,23300,PE,168.95,205.4,42.0,93.25,23205.35,3747223,4599450,2352075,23205.35
2025-01-23,2025-06-26,30000,CE,20.6,20.6,20.6,20.6,20.6,1,4050,75,23205.35
2025-01-23,2025-01-30,22850,PE,83.65,88.65,51.85,59.75,59.75,125880,451425,257125,23205.35
2025-01-23,2025-01-30,26300,CE,1.6,1.9,1.4,1.5,1.5,14005,201275,74025,23205.35
2025-01-23,2025-02-27,24700,CE,62.0,73.95,60.0,67.4,67.4,1840,169800,11925,23205.35
2025-01-23,2025-03-27,24700,PE,0.0,0.0,0.0,1296.6,1342.8,0,75,0,23205.35
2025-01-23,2025-02-13,24700,PE,0.0,0.0,0.0,1140.3,1410.0,0,0,0,23205.35
2025-01-23,2025-02-27,25450,PE,0.0,0.0,0.0,1177.0,2088.1,0,75,0,23205.35
2025-01-23,2026-06-25,13000,PE,0.0,0.0,0.0,21.6,0.05,0,200,0,23205.35
2025-01-23,2025-02-20,23650,CE,0.0,0.0,0.0,388.35,212.1,0,0,0,23205.35
2025-01-23,2025-02-13,23650,CE,0.0,0.0,0.0,494.6,158.9,0,0,0,23205.35
2025-01-23,2025-02-20,23650,PE,0.0,0.0,0.0,561.8,534.6,0,0,0,23205.35
2025-01-23,2025-01-23,23650,CE,1.55,1.65,0.05,0.1,23205.35,1137779,2530500,-937950,23205.35
2025-01-23,2025-02-06,23650,CE,170.85,213.2,162.5,190.1,190.1,546,27150,5025,23205.35
2025-01-23,2025-02-06,23650,PE,528.15,528.15,523.4,524.9,524.9,7,1875,450,23205.35
2025-01-23,2025-01-23,23650,PE,528.0,539.65,379.05,443.9,23205.35,1547,49800,-23550,23205.35
2025-01-23,2025-03-27,23650,PE,640.6,640.6,640.6,640.6,640.6,1,2850,0,23205.35
2025-01-23,2025-03-27,23650,CE,542.5,542.5,542.5,542.5,542.5,1,750,0,23205.35
2025-01-23,2026-12-31,13000,PE,0.0,0.0,0.0,20.05,0.05,0,1950,0,23205.35
2025-01-23,2025-12-24,13000,PE,0.0,0.0,0.0,10.05,0.05,0,600,0,23205.35
2025-01-23,2025-02-27,25800,CE,15.75,16.3,13.35,14.05,14.05,262,26850,-3525,23205.35
2025-01-23,2025-02-06,25800,PE,0.0,0.0,0.0,1508.75,2527.95,0,0,0,23205.35
2025-01-23,2028-12-28,25000,PE,0.0,0.0,0.0,999.0,792.1,0,50,0,23205.35
2025-01-23,2025-03-27,25800,CE,43.45,47.0,43.45,45.15,26.6,36,6525,300,23205.35
2025-01-23,2028-06-29,25000,CE,0.0,0.0,0.0,3545.15,4243.35,0,0,0,23205.35
2025-01-23,2029-12-27,25000,CE,0.0,0.0,0.0,7196.25,5941.45,0,0,0,23205.35
2025-01-23,2025-03-27,25000,PE,1631.75,1640.0,1500.0,1529.15,1529.15,257,604875,-225,23205.35
2025-01-23,2025-02-13,25000,CE,23.25,25.5,20.4,22.85,22.85,388,57900,3375,23205.35
2025-01-23,2025-02-27,25000,PE,1719.7,1735.0,1572.0,1612.0,1612.0,1154,401700,70725,23205.35
2025-01-23,2025-01-23,25800,PE,2600.0,2600.0,2600.0,2600.0,23205.35,1,375,-75,23205.35
2025-01-23,2025-01-23,25800,CE,0.35,0.45,0.05,0.05,23205.35,99894,826575,-1369500,23205.35
2025-01-23,2027-06-24,25000,PE,0.0,0.0,0.0,5619.05,1042.45,0,0,0,23205.35
2025-01-23,2025-02-13,25000,PE,0.0,0.0,0.0,1388.6,1701.9,0,0,0,23205.35
2025-01-23,2025-03-27,21350,CE,0.0,0.0,0.0,2834.95,2126.2,0,0,0,23205.35
2025-01-23,2025-06-26,15000,PE,0.0,0.0,0.0,5.55,0.05,0,2000,0,23205.35
2025-01-23,2027-12-30,15000,PE,0.0,0.0,0.0,43.05,3.7,0,475,0,23205.35
2025-01-23,2025-03-27,25400,CE,71.5,71.5,68.0,69.0,69.0,8,10350,-225,23205.35
2025-01-23,2025-02-20,24900,PE,0.0,0.0,0.0,1487.05,1581.0,0,0,0,23205.35
2025-01-23,2025-02-06,24900,CE,14.65,17.8,14.05,14.4,14.4,880,32775,7800,23205.35
2025-01-23,2025-03-27,24900,CE,125.25,136.65,125.25,136.65,136.65,32,7875,150,23205.35
2025-01-23,2025-01-23,23700,CE,1.5,1.5,0.05,0.1,23205.35,1746371,4912200,-784200,23205.35
2025-01-23,2025-01-23,23700,PE,553.35,592.7,430.25,493.3,23205.35,3503,155400,-80775,23205.35
2025-01-23,2025-03-27,23700,CE,478.4,539.0,478.4,516.0,516.0,62,29550,1875,23205.35
2025-01-23,2025-02-13,23700,PE,0.0,0.0,0.0,729.45,546.55,0,750,0,23205.35
2025-01-23,2025-01-30,23700,PE,560.0,749.95,431.1,467.5,467.5,16546,969600,6600,23205.35
2025-01-23,2025-02-06,21500,CE,0.0,0.0,0.0,2840.5,1761.2,0,0,0,23205.35
2025-01-23,2025-01-30,21500,CE,1640.0,1792.6,1640.0,1765.4,1765.4,71,10050,700,23205.35
2025-01-23,2025-02-13,21500,PE,0.0,0.0,0.0,11.85,1.6,0,0,0,23205.35
2025-01-23,2025-03-27,20000,PE,31.05,33.45,25.15,26.65,26.65,4796,861150,21650,23205.35
2025-01-23,2025-02-06,24800,PE,0.0,0.0,0.0,736.3,1532.25,0,0,0,23205.35
2025-01-23,2025-02-13,24800,PE,0.0,0.0,0.0,1221.1,1506.6,0,0,0,23205.35
2025-01-23,2025-01-23,24800,CE,0.4,0.45,0.05,0.05,23205.35,55571,807975,-1004325,23205.35
2025-01-23,2025-01-23,24800,PE,1600.0,1600.0,1544.55,1598.2,23205.35,70,1200,-3525,23205.35
2025-01-23,2025-02-13,24800,CE,0.0,0.0,0.0,121.05,8.05,0,0,0,23205.35
2025-01-23,2025-03-27,24800,CE,140.05,155.0,140.05,147.8,147.8,146,30600,-525,23205.35
2025-01-23,2025-02-06,24800,CE,17.35,21.3,16.95,17.75,17.75,2129,199275,6225,23205.35
2025-01-23,2025-01-30,24800,PE,1640.0,1640.0,1495.0,1528.8,1528.8,270,140050,875,23205.35
2025-01-23,2025-02-27,24800,CE,52.5,62.4,51.05,56.85,56.85,754,119625,-2325,23205.35
2025-01-23,2025-01-30,24800,CE,2.35,2.9,1.8,2.05,2.05,118928,1431100,414200,23205.35
2025-01-23,2025-01-30,22450,PE,26.0,26.0,15.3,18.6,18.6,89802,520975,253925,23205.35
2025-01-23,2025-02-20,22300,CE,0.0,0.0,0.0,1259.15,1068.5,0,0,0,23205.35
2025-01-23,2025-02-06,22300,CE,0.0,0.0,0.0,1009.2,977.15,0,225,0,23205.35
2025-01-23,2025-01-23,22300,PE,0.9,1.2,0.05,0.05,23205.35,828619,2174325,-1634700,23205.35
2025-01-23,2025-02-27,22450,PE,200.0,200.55,161.75,168.75,168.75,233,19125,6750,23205.35
2025-01-23,2025-01-23,22450,PE,0.75,1.4,0.05,0.1,23205.35,646868,1192050,-333075,23205.35
2025-01-23,2025-02-13,22300,PE,0.0,0.0,0.0,64.9,30.65,0,0,0,23205.35
2025-01-23,2025-01-30,22300,CE,862.1,1004.8,853.5,975.7,975.7,177,5175,-150,23205.35
2025-01-23,2025-02-13,22300,CE,0.0,0.0,0.0,1447.4,1022.4,0,0,0,23205.35
2025-01-23,2025-02-06,22300,PE,84.0,89.0,65.55,67.95,67.95,2724,91500,72675,23205.35
2025-01-23,2025-03-27,24500,PE,1235.1,1240.5,1109.95,1151.0,1151.0,131,106725,-1350,23205.35
2025-01-23,2025-01-30,24500,PE,1319.0,1364.25,1188.05,1231.8,1231.8,4480,834150,6225,23205.35
2025-01-23,2025-02-06,24500,CE,31.95,36.0,25.05,31.2,31.2,5947,382500,54750,23205.35
2025-01-23,2025-03-27,22100,CE,0.0,0.0,0.0,2173.55,1453.0,0,0,0,23205.35
2025-01-23,2025-02-20,24500,PE,0.0,0.0,0.0,1150.0,1208.05,0,0,0,23205.35
2025-01-23,2025-02-13,24500,PE,0.0,0.0,0.0,986.4,1219.9,0,0,0,23205.35
2025-01-23,2025-01-30,22100,PE,6.8,8.8,5.85,7.0,7.0,190562,1581200,909075,23205.35
2025-01-23,2025-01-23,24500,PE,1368.7,1396.95,1231.0,1294.45,23205.35,789,13050,-51450,23205.35
2025-01-23,2025-03-27,24500,CE,192.5,229.3,191.3,217.25,217.25,1710,498375,16800,23205.35
2025-01-23,2025-02-20,22100,PE,0.0,0.0,0.0,64.3,28.6,0,0,0,23205.35
2025-01-23,2025-02-13,22100,CE,0.0,0.0,0.0,1625.4,1207.3,0,0,0,23205.35
2025-01-23,2025-02-20,24500,CE,70.0,82.3,64.15,76.2,76.2,158,14625,7275,23205.35
2025-01-23,2025-02-13,22100,PE,0.0,0.0,0.0,44.3,16.25,0,0,0,23205.35
2025-01-23,2025-02-20,22100,CE,0.0,0.0,0.0,1430.05,1248.1,0,0,0,23205.35
2025-01-23,2025-01-23,25100,CE,0.25,0.45,0.05,0.1,23205.35,25528,598425,-138300,23205.35
2025-01-23,2025-02-27,25100,PE,1720.0,1720.0,1667.0,1667.0,1750.5,2,675,0,23205.35
2025-01-23,2025-03-27,23550,PE,0.0,0.0,0.0,704.0,558.85,0,4875,0,23205.35
2025-01-23,2025-02-06,25550,CE,6.75,6.75,4.3,4.55,4.55,111,7725,600,23205.35
2025-01-23,2025-01-23,25550,PE,0.0,0.0,0.0,2400.0,23205.35,0,75,0,23205.35
2025-01-23,2025-01-30,25500,PE,2345.0,2350.45,2180.25,2227.35,2227.35,1083,440750,2275,23205.35
2025-01-23,2025-02-27,25500,PE,2210.0,2210.0,2038.1,2085.6,2085.6,122,56775,8025,23205.35
2025-01-23,2025-01-30,25500,CE,2.0,2.1,1.55,1.75,1.75,137462,2178200,492400,23205.35
2025-01-23,2025-03-27,23600,CE,524.55,590.5,524.55,564.55,564.55,212,14775,4125,23205.35
2025-01-23,2025-02-27,23600,PE,634.55,649.0,548.0,566.45,566.45,424,254250,6750,23205.35
2025-01-23,2025-01-30,23600,CE,49.0,74.45,34.85,55.95,55.95,480228,3278450,1108275,23205.35
2025-01-23,2025-02-20,23600,PE,0.0,0.0,0.0,533.95,502.8,0,0,0,23205.35
2025-01-23,2025-03-27,23600,PE,633.45,633.45,598.0,611.55,611.55,12,10725,150,23205.35
2025-01-23,2025-02-13,23600,CE,248.1,297.0,248.1,275.75,275.75,90,5550,2475,23205.35
2025-01-23,2025-02-20,23600,CE,0.0,0.0,0.0,410.15,230.0,0,0,0,23205.35
2025-01-23,2025-02-06,23600,PE,547.65,585.0,470.95,493.75,493.75,452,60300,12600,23205.35
2025-01-23,2025-01-30,23600,PE,488.95,501.0,357.55,388.25,388.25,20353,702125,39350,23205.35
2025-01-23,2025-02-27,22550,CE,0.0,0.0,0.0,978.25,908.65,0,750,0,23205.35
2025-01-23,2025-02-27,22800,CE,781.45,892.75,771.8,848.75,848.75,245,42525,-675,23205.35
2025-01-23,2025-01-23,22550,CE,667.0,717.3,667.0,678.0,23205.35,181,3900,-975,23205.35
2025-01-23,2025-02-06,22550,PE,130.0,134.1,100.75,103.0,103.0,354,10575,4350,23205.35
2025-01-23,2025-02-20,22550,PE,0.0,0.0,0.0,138.9,85.9,0,0,0,23205.35
2025-01-23,2025-01-30,22550,PE,32.75,35.15,20.7,24.8,24.8,92580,352300,97300,23205.35
2025-01-23,2025-01-23,22800,CE,365.45,473.7,307.0,405.9,23205.35,14224,96000,-83850,23205.35
2025-01-23,2025-02-13,22800,CE,665.95,765.25,665.95,741.6,741.6,92,8100,4650,23205.35
2025-01-23,2025-02-20,22550,CE,0.0,0.0,0.0,1057.8,857.7,0,0,0,23205.35
2025-01-23,2025-02-06,22800,CE,590.0,705.0,590.0,665.8,665.8,511,17850,7350,23205.35
2025-01-23,2025-02-13,22550,PE,0.0,0.0,0.0,100.75,61.8,0,0,0,23205.35
2025-01-23,2025-02-27,23250,CE,496.95,587.3,494.1,556.25,556.25,705,95100,3375,23205.35
2025-01-23,2025-02-06,23250,CE,352.15,405.0,304.6,371.25,371.25,1662,34125,20700,23205.35
2025-01-23,2025-02-20,23250,CE,0.0,0.0,0.0,586.45,386.0,0,0,0,23205.35
2025-01-23,2025-01-30,22600,PE,37.35,40.8,24.15,28.5,28.5,273374,1637500,87375,23205.35
2025-01-23,2025-02-20,23250,PE,0.0,0.0,0.0,362.7,310.6,0,0,0,23205.35
2025-01-23,2025-01-23,23250,PE,140.0,158.8,11.35,43.35,23205.35,13188429,5273175,3952800,23205.35
2025-01-23,2025-01-30,23250,PE,235.4,251.1,161.65,178.0,178.0,286698,1104725,522450,23205.35
2025-01-23,2025-03-27,23250,CE,770.0,770.75,762.45,766.6,766.6,4,1350,225,23205.35
2025-01-23,2025-02-27,22600,PE,229.75,236.0,191.75,199.1,199.1,1338,287925,8100,23205.35
2025-01-23,2025-01-23,23250,CE,22.0,39.35,0.05,0.25,23205.35,22518408,20259525,15830100,23205.35
2025-01-23,2025-02-20,22600,CE,0.0,0.0,0.0,1019.35,817.75,0,0,0,23205.35
2025-01-23,2025-03-27,22600,PE,286.45,286.45,256.95,264.9,190.65,92,81525,4050,23205.35
2025-01-23,2025-02-13,22600,CE,0.0,0.0,0.0,1194.05,763.25,0,0,0,23205.35
2025-01-23,2025-02-27,23250,PE,461.55,468.95,388.0,403.2,403.2,673,101025,7050,23205.35
2025-01-23,2025-02-06,22600,PE,124.9,147.5,108.95,111.95,111.95,1750,78525,3600,23205.35
2025-01-23,2025-03-27,22600,CE,0.0,0.0,0.0,1769.2,1057.8,0,0,0,23205.35
2025-01-23,2025-01-23,22600,PE,2.1,2.1,0.05,0.1,23205.35,1305291,5531925,2163450,23205.35
2025-01-23,2025-01-30,22600,CE,580.05,740.0,575.65,695.45,695.45,1795,29700,-3600,23205.35
2025-01-23,2025-12-24,18000,PE,0.0,0.0,0.0,73.0,6.3,0,2900,0,23205.35
2025-01-23,2027-06-24,18000,CE,0.0,0.0,0.0,4066.45,7949.85,0,0,0,23205.35
2025-01-23,2026-12-31,18000,CE,0.0,0.0,0.0,4501.45,7438.9,0,0,0,23205.35
2025-01-23,2025-02-20,24150,CE,0.0,0.0,0.0,213.25,85.05,0,0,0,23205.35
2025-01-23,2025-01-23,24150,PE,920.0,945.4,900.0,944.55,23205.35,40,1125,-3000,23205.35
2025-01-23,2025-02-13,24150,PE,0.0,0.0,0.0,739.5,902.95,0,0,0,23205.35
2025-01-23,2025-01-30,24150,PE,1000.0,1000.0,867.2,889.65,889.65,408,134850,-300,23205.35
2025-01-23,2025-01-30,24150,CE,5.05,7.9,4.85,5.85,5.85,76145,537650,186700,23205.35
2025-01-23,2025-02-06,24400,CE,37.75,44.65,30.95,38.45,38.45,873,56250,16125,23205.35
2025-01-23,2025-01-30,24400,PE,1253.1,1257.1,1085.25,1131.6,1131.6,2442,285275,6950,23205.35
2025-01-23,2025-01-23,24400,PE,1298.7,1298.7,1132.0,1195.9,23205.35,395,4875,-28425,23205.35
2025-01-23,2025-02-13,24400,CE,0.0,0.0,0.0,208.85,26.8,0,0,0,23205.35
2025-01-23,2025-02-27,22950,CE,765.0,772.0,760.0,771.0,620.05,26,5550,600,23205.35
2025-01-23,2025-02-20,21650,PE,0.0,0.0,0.0,25.9,7.4,0,0,0,23205.35
2025-01-23,2025-02-27,21650,CE,0.0,0.0,0.0,2718.05,1708.2,0,0,0,23205.35
2025-01-23,2025-02-27,22950,PE,340.8,346.0,285.4,293.8,293.8,167,24750,600,23205.35
2025-01-23,2025-02-13,21650,PE,0.0,0.0,0.0,16.9,3.05,0,0,0,23205.35
2025-01-23,2025-03-27,21650,CE,0.0,0.0,0.0,2563.9,1848.35,0,0,0,23205.35
2025-01-23,2025-02-06,21650,PE,21.1,21.1,21.1,21.1,0.6,21,1425,1425,23205.35
2025-01-23,2025-02-20,22950,CE,0.0,0.0,0.0,769.9,563.45,0,0,0,23205.35
2025-01-23,2025-02-20,21650,CE,0.0,0.0,0.0,1838.5,1674.55,0,0,0,23205.35
2025-01-23,2025-02-20,22950,PE,0.0,0.0,0.0,248.2,189.6,0,0,0,23205.35
2025-01-23,2025-02-27,21650,PE,0.0,0.0,0.0,63.45,13.15,0,0,0,23205.35
2025-01-23,2025-02-06,22250,PE,74.15,74.75,58.15,61.2,61.2,668,20700,12900,23205.35
2025-01-23,2025-01-30,22250,PE,12.9,15.75,8.6,10.55,10.55,57874,411725,114925,23205.35
2025-01-23,2025-09-25,23000,CE,0.0,0.0,0.0,5026.1,1729.3,0,0,0,23205.35
2025-01-23,2028-06-29,23000,CE,0.0,0.0,0.0,4323.1,5426.3,0,0,0,23205.35
2025-01-23,2025-09-25,23000,PE,612.1,612.1,605.9,605.9,505.1,4,1800,300,23205.35
2025-01-23,2025-01-30,25550,CE,1.95,2.05,1.4,1.65,1.65,4311,47375,-275,23205.35
2025-01-23,2025-03-27,25550,PE,0.0,0.0,0.0,1635.05,2088.45,0,0,0,23205.35
2025-01-23,2025-01-30,25550,PE,0.0,0.0,0.0,2390.0,2311.6,0,6275,0,23205.35
2025-01-23,2025-02-27,25550,CE,0.0,0.0,0.0,19.3,5.9,0,10875,0,23205.35
2025-01-23,2025-01-23,23850,PE,724.0,729.65,585.0,643.45,23205.35,213,19350,-9075,23205.35
2025-01-23,2025-03-27,23850,CE,447.0,447.0,447.0,447.0,447.0,1,675,0,23205.35
2025-01-23,2025-01-30,23850,PE,706.3,706.3,557.35,600.6,600.6,1217,71975,11525,23205.35
2025-01-23,2025-01-30,26200,PE,2992.0,2992.0,2899.25,2899.25,2960.75,14,53375,-225,23205.35
2025-01-23,2025-02-27,26200,PE,2750.0,2770.0,2750.0,2770.0,2826.6,2,1425,150,23205.35
2025-01-23,2025-01-30,26200,CE,1.55,1.9,1.45,1.5,1.5,13571,345800,37925,23205.35
2025-01-23,2025-02-27,26200,CE,10.3,14.25,9.45,9.95,9.95,128,21675,1275,23205.35
2025-01-23,2027-12-30,18000,CE,0.0,0.0,0.0,6285.7,8481.4,0,0,0,23205.35
2025-01-23,2025-02-27,23900,PE,822.5,826.55,710.0,736.65,736.65,517,168675,14550,23205.35
2025-01-23,2025-01-23,23900,PE,789.0,789.0,633.0,694.5,23205.35,740,29775,-21825,23205.35
2025-01-23,2025-02-13,23900,PE,0.0,0.0,0.0,586.0,695.9,0,0,0,23205.35
2025-01-23,2025-03-27,23900,CE,389.7,449.95,385.0,426.6,426.6,52,32025,150,23205.35
2025-01-23,2025-01-30,23900,PE,758.3,774.0,600.55,645.75,645.75,5133,1036750,1125,23205.35
2025-01-23,2025-02-06,23900,PE,716.0,717.8,674.55,697.75,697.75,39,21675,2550,23205.35
2025-01-23,2025-02-06,23900,CE,100.05,132.85,100.0,115.2,115.2,1974,78300,11475,23205.35
2025-01-23,2025-02-13,23900,CE,0.0,0.0,0.0,199.0,93.85,0,75,0,23205.35
2025-01-23,2025-01-23,23900,CE,0.85,0.85,0.05,0.1,23205.35,716356,3338775,-2165400,23205.35
2025-01-23,2025-01-30,23900,CE,13.95,21.0,9.7,15.15,15.15,309095,2707950,754250,23205.35
2025-01-23,2025-03-27,23900,PE,785.65,785.65,740.15,772.4,772.4,159,13650,1500,23205.35
2025-01-23,2025-02-20,23900,PE,0.0,0.0,0.0,712.95,708.75,0,0,0,23205.35
2025-01-23,2025-02-27,23900,CE,218.25,267.0,216.25,249.65,249.65,1519,185850,34425,23205.35
2025-01-23,2025-02-20,23900,CE,0.0,0.0,0.0,291.25,137.55,0,0,0,23205.35
2025-01-23,2025-02-20,24150,PE,0.0,0.0,0.0,883.2,904.95,0,0,0,23205.35
2025-01-23,2025-02-13,24150,CE,0.0,0.0,0.0,284.9,51.9,0,0,0,23205.35
2025-01-23,2025-01-23,24150,CE,0.55,0.65,0.05,0.05,23205.35,286076,1515375,374625,23205.35
2025-01-23,2025-03-27,24150,PE,0.0,0.0,0.0,844.75,926.4,0,1125,0,23205.35
2025-01-23,2025-02-06,24150,PE,0.0,0.0,0.0,1018.0,904.95,0,225,0,23205.35
2025-01-23,2025-02-06,24150,CE,68.1,77.25,66.0,67.25,67.25,338,13575,4875,23205.35
2025-01-23,2025-01-30,25300,CE,1.95,2.25,1.6,1.75,1.75,38729,393275,43500,23205.35
2025-01-23,2025-01-23,24350,CE,0.85,0.85,0.05,0.05,23205.35,124461,657750,-157275,23205.35
2025-01-23,2025-01-30,24350,PE,1084.7,1100.0,1043.65,1087.85,1087.85,89,42450,-350,23205.35
2025-01-23,2025-02-06,24350,PE,1097.0,1097.0,1062.6,1063.5,1092.75,8,6375,450,23205.35
2025-01-23,2025-02-27,24350,PE,0.0,0.0,0.0,785.0,1071.55,0,9300,0,23205.35
2025-01-23,2025-02-20,24350,PE,0.0,0.0,0.0,1032.05,1074.8,0,0,0,23205.35
2025-01-23,2025-02-27,24350,CE,113.0,130.8,107.55,121.0,121.0,189,23550,1875,23205.35
2025-01-23,2025-02-06,24350,CE,45.7,51.4,41.55,44.05,44.05,204,10950,6600,23205.35
2025-01-23,2025-01-30,23100,PE,163.95,175.5,107.2,121.05,121.05,506634,2626600,574000,23205.35
2025-01-23,2025-02-27,23100,CE,588.5,683.05,575.75,647.35,647.35,1060,151875,9600,23205.35
2025-01-23,2025-03-27,23100,CE,834.55,889.85,784.5,864.4,864.4,53,14025,1725,23205.35
2025-01-23,2025-02-13,23100,CE,479.95,570.0,466.0,544.55,544.55,152,13725,4800,23205.35
2025-01-23,2025-02-13,23100,PE,345.0,355.85,286.15,292.9,292.9,193,12150,3300,23205.35
2025-01-23,2025-01-30,21400,PE,2.5,3.05,2.1,2.35,2.35,171892,1697250,1339150,23205.35
2025-01-23,2025-03-27,21400,PE,0.0,0.0,0.0,98.0,26.05,0,6225,0,23205.35
2025-01-23,2025-02-13,21400,PE,23.1,30.0,23.1,27.55,27.55,60,2250,1425,23205.35
2025-01-23,2025-02-13,21400,CE,0.0,0.0,0.0,2285.45,1889.3,0,0,0,23205.35
2025-01-23,2025-02-20,21400,PE,0.0,0.0,0.0,14.6,3.1,0,0,0,23205.35
2025-01-23,2025-02-27,21400,CE,0.0,0.0,0.0,2945.8,1949.7,0,0,0,23205.35
2025-01-23,2025-01-30,21400,CE,0.0,0.0,0.0,1720.9,1833.05,0,500,0,23205.35
2025-01-23,2025-03-27,21400,CE,0.0,0.0,0.0,2789.25,2079.3,0,0,0,23205.35
2025-01-23,2025-02-06,21400,PE,18.0,19.35,12.25,15.2,15.2,658,26850,16050,23205.35
2025-01-23,2025-02-06,21400,CE,0.0,0.0,0.0,2939.25,1860.8,0,0,0,23205.35
2025-01-23,2025-01-23,21400,PE,0.45,0.55,0.05,0.05,23205.35,175688,1542525,-856500,23205.35
2025-01-23,2025-01-23,21400,CE,0.0,0.0,0.0,2704.25,23205.35,0,0,0,23205.35
2025-01-23,2025-02-27,21400,PE,57.55,58.2,45.55,47.75,47.75,1320,185625,36750,23205.35
2025-01-23,2025-02-20,21400,CE,0.0,0.0,0.0,2075.5,1918.95,0,0,0,23205.35
2025-01-23,2025-03-27,24550,PE,0.0,0.0,0.0,966.45,1222.8,0,0,0,23205.35
2025-01-23,2025-06-26,23000,CE,1346.75,1433.5,1320.0,1390.2,1390.2,465,165925,14225,23205.35
2025-01-23,2025-01-23,24550,PE,1320.0,1326.0,1320.0,1326.0,23205.35,3,75,-75,23205.35
2025-01-23,2029-12-27,23000,CE,0.0,0.0,0.0,8286.75,7088.55,0,0,0,23205.35
2025-01-23,2025-02-13,24550,PE,0.0,0.0,0.0,1023.35,1266.95,0,0,0,23205.35
2025-01-23,2025-01-30,24550,PE,1269.2,1280.6,1269.2,1276.05,1276.05,24,16625,400,23205.35
2025-01-23,2029-12-27,23000,PE,0.0,0.0,0.0,488.7,374.0,0,0,0,23205.35
2025-01-23,2025-02-20,23000,CE,607.0,696.35,607.0,660.0,531.15,21,3075,-1050,23205.35
2025-01-23,2029-06-28,23000,PE,0.0,0.0,0.0,543.65,403.1,0,0,0,23205.35
2025-01-23,2025-12-24,23000,CE,2190.0,2317.85,2186.0,2241.25,2241.25,108,133400,3750,23205.35
2025-01-23,2027-12-30,23000,CE,0.0,0.0,0.0,4125.7,4831.8,0,0,0,23205.35
2025-01-23,2025-02-20,24550,PE,0.0,0.0,0.0,1190.45,1253.45,0,0,0,23205.35
2025-01-23,2025-01-30,24550,CE,3.05,3.7,2.15,2.6,2.6,33213,233400,-12550,23205.35
2025-01-23,2026-06-25,23000,CE,0.0,0.0,0.0,2645.65,2859.55,0,0,0,23205.35
2025-01-23,2025-01-30,23550,PE,441.45,462.0,323.45,352.3,352.3,8155,79875,13500,23205.35
2025-01-23,2025-02-27,23550,PE,535.0,551.55,522.75,539.95,539.95,71,22050,375,23205.35
2025-01-23,2025-12-24,23000,PE,715.65,729.55,682.7,695.55,695.55,563,467050,13300,23205.35
2025-01-23,2026-12-31,23000,CE,0.0,0.0,0.0,4000.0,3567.55,0,900,0,23205.35
2025-01-23,2025-02-06,25550,PE,0.0,0.0,0.0,1295.4,2278.6,0,0,0,23205.35
2025-01-23,2025-02-27,25550,PE,0.0,0.0,0.0,1109.35,2185.7,0,75,0,23205.35
2025-01-23,2025-03-27,25550,CE,0.0,0.0,0.0,68.0,39.75,0,2325,0,23205.35
2025-01-23,2025-01-23,25500,PE,2390.5,2390.5,2235.75,2295.15,23205.35,196,8025,-12450,23205.35
2025-01-23,2025-01-30,26250,CE,1.7,1.85,1.4,1.55,1.55,11416,200000,32625,23205.35
2025-01-23,2025-01-30,26250,PE,0.0,0.0,0.0,2996.2,3010.7,0,775,0,23205.35
2025-01-23,2025-02-27,26250,CE,0.0,0.0,0.0,12.6,0.85,0,4575,0,23205.35
2025-01-23,2025-12-24,21000,PE,285.05,299.6,280.0,291.85,291.85,227,125275,0,23205.35
2025-01-23,2026-06-25,21000,PE,0.0,0.0,0.0,3065.6,185.75,0,0,0,23205.35
2025-01-23,2025-02-13,23350,PE,0.0,0.0,0.0,366.9,329.2,0,225,0,23205.35
2025-01-23,2025-02-27,23350,CE,446.5,525.4,446.5,501.35,501.35,340,46200,10650,23205.35
2025-01-23,2025-01-23,23350,CE,12.4,15.15,0.05,0.15,23205.35,4890027,5870925,1809450,23205.35
2025-01-23,2025-02-20,23350,PE,0.0,0.0,0.0,407.5,359.9,0,0,0,23205.35
2025-01-23,2025-01-30,26000,PE,2845.0,2865.0,2690.0,2728.95,2728.95,2493,907075,-56775,23205.35
2025-01-23,2029-06-28,26000,CE,0.0,0.0,0.0,7052.2,4858.65,0,0,0,23205.35
2025-01-23,2025-06-26,26000,PE,2249.45,2249.45,2115.0,2158.55,2253.25,36,98225,75,23205.35
2025-01-23,2025-12-24,26000,CE,731.05,775.0,730.0,760.65,760.65,141,163050,-2125,23205.35
2025-01-23,2029-12-27,26000,PE,0.0,0.0,0.0,969.6,847.75,0,0,0,23205.35
2025-01-23,2028-06-29,26000,PE,0.0,0.0,0.0,2370.3,1134.3,0,0,0,23205.35
2025-01-23,2027-12-30,26000,CE,0.0,0.0,0.0,3162.4,3130.25,0,0,0,23205.35
2025-01-23,2028-12-28,26000,PE,0.0,0.0,0.0,1160.95,1028.25,0,0,0,23205.35
2025-01-23,2025-09-25,26000,CE,0.0,0.0,0.0,2854.15,437.95,0,0,0,23205.35
2025-01-23,2025-06-26,26000,CE,192.55,216.0,192.55,205.4,205.4,933,271275,18600,23205.35
2025-01-23,2025-12-24,26000,PE,1962.0,1962.0,1871.0,1910.0,1910.0,36,132525,225,23205.35
2025-01-23,2028-06-29,26000,CE,0.0,0.0,0.0,3200.9,3717.25,0,0,0,23205.35
2025-01-23,2027-06-24,26000,PE,0.0,0.0,0.0,6202.2,1392.85,0,0,0,23205.35
2025-01-23,2025-02-27,26000,PE,2635.4,2687.65,2529.25,2573.8,2573.8,391,173625,26700,23205.35
2025-01-23,2025-02-06,24200,PE,922.0,944.0,915.0,939.0,939.0,94,11850,6825,23205.35
2025-01-23,2025-02-27,24200,PE,1021.05,1021.05,912.65,936.1,936.1,1794,170925,40050,23205.35
2025-01-23,2025-02-27,24200,CE,137.05,169.15,136.0,155.85,155.85,3522,332400,111675,23205.35
2025-01-23,2025-03-27,23300,PE,529.65,548.4,475.85,488.0,488.0,46,15975,1500,23205.35
2025-01-23,2025-02-20,23300,CE,0.0,0.0,0.0,558.8,360.35,0,0,0,23205.35
2025-01-23,2025-02-27,23300,PE,484.95,492.5,407.8,425.9,425.9,3003,392475,65175,23205.35
2025-01-23,2025-03-27,30000,PE,6318.0,6336.0,6244.35,6280.5,6280.5,15,33250,150,23205.35
2025-01-23,2025-02-06,22850,CE,0.0,0.0,0.0,656.75,504.85,0,75,0,23205.35
2025-01-23,2025-02-27,24250,CE,130.75,153.7,128.8,144.15,144.15,300,27375,8700,23205.35
2025-01-23,2025-02-20,24250,CE,0.0,0.0,0.0,187.95,69.2,0,0,0,23205.35
2025-01-23,2025-02-20,24250,PE,0.0,0.0,0.0,957.25,988.6,0,0,0,23205.35
2025-01-23,2025-03-27,24250,CE,0.0,0.0,0.0,348.5,233.25,0,2550,0,23205.35
2025-01-23,2025-01-30,24250,CE,4.7,5.8,3.75,4.3,4.3,99135,995350,369475,23205.35
2025-01-23,2025-01-30,24250,PE,1012.65,1016.6,939.3,986.7,986.7,311,68350,-1550,23205.35
2025-01-23,2025-01-23,25450,PE,0.0,0.0,0.0,1411.15,23205.35,0,0,0,23205.35
2025-01-23,2025-01-30,25450,PE,0.0,0.0,0.0,2292.95,2211.75,0,9050,0,23205.35
2025-01-23,2025-01-30,23650,PE,530.35,534.45,394.2,427.25,427.25,1936,107225,5625,23205.35
2025-01-23,2025-01-30,23650,CE,39.0,61.3,28.0,45.1,45.1,164708,843975,515450,23205.35
2025-01-23,2025-02-27,23650,PE,672.05,673.4,580.0,592.6,592.6,94,13575,1650,23205.35
2025-01-23,2025-02-27,23650,CE,310.0,373.0,310.0,349.45,349.45,136,21000,-825,23205.35
2025-01-23,2025-02-13,23650,PE,0.0,0.0,0.0,452.65,511.9,0,0,0,23205.35
2025-01-23,2025-01-30,25800,PE,2540.0,2540.0,2505.0,2524.8,2524.8,35,43350,-750,23205.35
2025-01-23,2027-12-30,25000,PE,0.0,0.0,0.0,2948.45,949.3,0,0,0,23205.35
2025-01-23,2025-01-23,25000,PE,1914.0,1914.0,1731.0,1794.85,23205.35,612,16950,-37875,23205.35
2025-01-23,2027-12-30,25000,CE,0.0,0.0,0.0,3458.35,3646.65,0,0,0,23205.35
2025-01-23,2029-12-27,25000,PE,0.0,0.0,0.0,785.3,660.85,0,0,0,23205.35
2025-01-23,2029-06-28,25000,PE,0.0,0.0,0.0,852.5,723.5,0,0,0,23205.35
2025-01-23,2025-09-25,25000,CE,0.0,0.0,0.0,3510.0,735.0,0,0,0,23205.35
2025-01-23,2027-06-24,25000,CE,0.0,0.0,0.0,2090.05,3010.35,0,0,0,23205.35
2025-01-23,2025-01-23,25000,CE,0.3,0.45,0.05,0.05,23205.35,124565,2535000,-1288425,23205.35
2025-01-23,2028-06-29,25000,PE,0.0,0.0,0.0,2016.8,867.2,0,0,0,23205.35
2025-01-23,2025-02-27,25000,CE,40.05,45.95,37.05,41.05,41.05,11013,2005050,58050,23205.35
2025-01-23,2028-12-28,25000,CE,0.0,0.0,0.0,5350.4,4824.55,0,0,0,23205.35
2025-01-23,2025-03-27,21550,PE,0.0,0.0,0.0,114.2,34.95,0,3225,0,23205.35
2025-01-23,2025-02-06,23700,PE,635.1,652.1,535.65,560.5,560.5,200,39075,6975,23205.35
2025-01-23,2025-02-20,23700,PE,0.0,0.0,0.0,590.4,567.5,0,0,0,23205.35
2025-01-23,2025-03-27,23700,PE,665.0,665.0,665.0,665.0,665.0,1,18375,75,23205.35
2025-01-23,2025-02-13,23700,CE,0.0,0.0,0.0,469.9,143.75,0,0,0,23205.35
2025-01-23,2025-02-27,23700,CE,290.55,351.65,286.5,327.4,327.4,921,160800,11925,23205.35
2025-01-23,2025-02-20,21500,CE,0.0,0.0,0.0,1980.05,1820.85,0,0,0,23205.35
2025-01-23,2025-03-27,23750,PE,690.2,690.2,690.2,690.2,690.2,1,900,0,23205.35
2025-01-23,2025-01-30,23750,CE,24.0,40.1,18.2,29.25,29.25,190210,1136350,168600,23205.35
2025-01-23,2027-06-24,20000,CE,0.0,0.0,0.0,3367.05,6343.35,0,0,0,23205.35
2025-01-23,2025-02-06,24950,PE,0.0,0.0,0.0,836.4,1681.0,0,0,0,23205.35
2025-01-23,2025-09-25,20000,CE,0.0,0.0,0.0,7643.1,4129.4,0,0,0,23205.35
2025-01-23,2025-02-20,24800,PE,0.0,0.0,0.0,1400.1,1485.9,0,0,0,23205.35
2025-01-23,2025-03-27,24800,PE,1377.0,1377.0,1377.0,1377.0,1377.0,1,75,75,23205.35
2025-01-23,2025-02-27,24800,PE,1387.25,1423.95,1387.25,1423.95,1423.95,119,19275,8625,23205.35
2025-01-23,2025-02-20,24800,CE,0.0,0.0,0.0,84.65,19.35,0,0,0,23205.35
2025-01-23,2025-01-23,25850,CE,0.3,0.4,0.05,0.1,23205.35,26702,333450,-437550,23205.35
2025-01-23,2025-02-27,25850,PE,0.0,0.0,0.0,1227.6,2480.5,0,75,0,23205.35
2025-01-23,2025-03-27,25850,CE,42.0,44.25,33.45,43.5,24.5,4,1125,0,23205.35
2025-01-23,2025-02-06,25850,CE,5.2,5.45,3.85,4.3,4.3,168,8550,-1575,23205.35
2025-01-23,2025-02-06,24300,CE,41.0,56.7,41.0,48.2,48.2,2309,106800,17850,23205.35
2025-01-23,2025-01-23,25400,CE,0.25,0.4,0.05,0.05,23205.35,60505,670500,-319275,23205.35
2025-01-23,2025-01-23,25400,PE,2171.0,2199.0,2161.45,2196.3,23205.35,55,1500,-2550,23205.35
2025-01-23,2025-02-27,25400,CE,22.0,24.75,20.55,22.05,22.05,413,105000,-1350,23205.35
2025-01-23,2025-01-23,24900,CE,0.3,0.45,0.05,0.05,23205.35,67361,444450,-561075,23205.35
2025-01-23,2025-02-27,24900,PE,0.0,0.0,0.0,1610.0,1561.85,0,1500,0,23205.35
2025-01-23,2025-02-20,24900,CE,0.0,0.0,0.0,72.3,14.95,0,0,0,23205.35
2025-01-23,2025-01-30,24050,CE,7.95,11.3,5.5,8.4,8.4,98864,723150,356200,23205.35
2025-01-23,2025-03-27,24050,PE,0.0,0.0,0.0,897.4,858.3,0,300,0,23205.35
2025-01-23,2025-02-06,24050,PE,911.65,931.05,794.0,794.0,814.2,24,5775,1500,23205.35
2025-01-23,2025-02-13,24050,CE,0.0,0.0,0.0,320.5,66.3,0,0,0,23205.35
2025-01-23,2025-02-20,24050,PE,0.0,0.0,0.0,812.95,824.1,0,0,0,23205.35
2025-01-23,2025-02-20,24050,CE,0.0,0.0,0.0,242.25,103.7,0,0,0,23205.35
2025-01-23,2026-12-31,16000,PE,0.0,0.0,0.0,23.3,4.05,0,2425,0,23205.35
2025-01-23,2026-06-25,16000,PE,0.0,0.0,0.0,21.25,1.65,0,1225,0,23205.35
2025-01-23,2026-12-31,16000,CE,0.0,0.0,0.0,6200.0,9170.35,0,50,0,23205.35
2025-01-23,2025-12-24,16000,CE,0.0,0.0,0.0,7200.0,8166.75,0,50,0,23205.35
2025-01-23,2025-02-27,22450,CE,0.0,0.0,0.0,1050.0,988.85,0,150,0,23205.35
2025-01-23,2025-01-30,22450,CE,870.0,875.0,825.0,858.6,790.05,6,1025,-125,23205.35
2025-01-23,2025-02-27,22300,PE,165.0,168.15,134.05,140.5,140.5,1663,285975,35175,23205.35
2025-01-23,2025-03-27,22450,PE,0.0,0.0,0.0,140.0,155.1,0,5850,0,23205.35
2025-01-23,2025-03-27,22300,CE,0.0,0.0,0.0,2007.65,1288.4,0,0,0,23205.35
2025-01-23,2025-02-06,22450,CE,0.0,0.0,0.0,1919.75,838.45,0,0,0,23205.35
2025-01-23,2025-02-13,22450,CE,0.0,0.0,0.0,1318.45,889.55,0,0,0,23205.35
2025-01-23,2025-02-20,22450,CE,0.0,0.0,0.0,1136.55,939.9,0,0,0,23205.35
2025-01-23,2025-03-27,22450,CE,0.0,0.0,0.0,1886.8,1170.5,0,0,0,23205.35
2025-01-23,2025-02-20,22300,PE,0.0,0.0,0.0,112.85,48.0,0,375,0,23205.35
2025-01-23,2025-02-13,22450,PE,0.0,0.0,0.0,84.9,47.2,0,0,0,23205.35
2025-01-23,2025-01-23,22450,CE,711.0,818.8,711.0,756.6,23205.35,16,3000,-300,23205.35
2025-01-23,2025-02-27,24500,CE,83.05,103.0,82.1,94.95,94.95,12240,2284200,31275,23205.35
2025-01-23,2025-02-06,22100,PE,0.0,0.0,0.0,11.2,6.05,0,0,0,23205.35
2025-01-23,2025-02-27,24500,PE,1285.95,1294.45,1141.05,1175.8,1175.8,477,388350,18450,23205.35
2025-01-23,2025-02-27,22100,PE,126.35,133.5,106.25,111.4,111.4,1586,132225,36000,23205.35
2025-01-23,2025-02-13,24500,CE,56.9,69.9,54.5,55.75,55.75,922,53850,1350,23205.35
2025-01-23,2025-06-26,27000,PE,3080.95,3214.55,3000.0,3006.0,3006.0,12,32500,-225,23205.35
2025-01-23,2025-06-26,27000,CE,98.6,106.0,88.6,95.65,95.65,642,251000,750,23205.35
2025-01-23,2026-06-25,27000,CE,0.0,0.0,0.0,1352.8,962.15,0,0,0,23205.35
2025-01-23,2029-06-28,27000,CE,0.0,0.0,0.0,6570.4,4361.8,0,0,0,23205.35
2025-01-23,2029-06-28,27000,PE,0.0,0.0,0.0,1252.35,1177.85,0,0,0,23205.35
2025-01-23,2027-06-24,27000,CE,0.0,0.0,0.0,1932.5,2073.3,0,0,0,23205.35
2025-01-23,2027-12-30,27000,PE,0.0,0.0,0.0,3794.4,1609.55,0,0,0,23205.35
2025-01-23,2025-03-27,27000,CE,19.85,22.0,18.75,21.05,21.05,1283,1022125,-6425,23205.35
2025-01-23,2025-09-25,27000,PE,0.0,0.0,0.0,1168.15,2844.55,0,0,0,23205.35
2025-01-23,2028-12-28,27000,PE,0.0,0.0,0.0,1413.85,1304.2,0,0,0,23205.35
2025-01-23,2029-12-27,27000,CE,0.0,0.0,0.0,6201.65,4912.1,0,0,0,23205.35
2025-01-23,2027-12-30,27000,CE,0.0,0.0,0.0,2889.8,2666.25,0,0,0,23205.35
2025-01-23,2026-12-31,27000,CE,0.0,0.0,0.0,1651.65,1530.05,0,0,0,23205.35
2025-01-23,2025-03-27,24100,CE,330.0,359.0,330.0,336.45,336.45,123,17925,1425,23205.35
2025-01-23,2025-02-06,24100,PE,858.0,865.0,828.85,855.95,855.95,48,3375,2850,23205.35
2025-01-23,2025-01-23,24100,PE,995.0,995.0,830.75,895.95,23205.35,1330,17550,-50250,23205.35
2025-01-23,2025-01-30,24100,CE,7.2,9.4,5.2,7.05,7.05,292757,2530075,997250,23205.35
2025-01-23,2025-02-20,21700,PE,0.0,0.0,0.0,28.85,8.7,0,0,0,23205.35
2025-01-23,2025-02-06,21700,CE,0.0,0.0,0.0,2643.6,1562.25,0,0,0,23205.35
2025-01-23,2025-02-27,21700,PE,83.05,85.1,66.6,69.55,69.55,2522,225300,8550,23205.35
2025-01-23,2025-03-27,21700,CE,0.0,0.0,0.0,2519.45,1803.0,0,0,0,23205.35
2025-01-23,2025-01-23,21700,CE,0.0,0.0,0.0,1550.0,23205.35,0,375,0,23205.35
2025-01-23,2025-02-13,21700,CE,0.0,0.0,0.0,1997.25,1593.2,0,0,0,23205.35
2025-01-23,2025-02-13,22750,CE,0.0,0.0,0.0,1074.8,644.95,0,0,0,23205.35
2025-01-23,2025-01-30,21900,PE,5.25,6.0,3.8,4.8,4.8,242154,1442025,765050,23205.35
2025-01-23,2025-02-13,21900,PE,0.0,0.0,0.0,46.8,8.1,0,150,0,23205.35
2025-01-23,2025-01-30,23450,CE,95.0,127.45,65.35,102.25,102.25,132640,640325,225225,23205.35
2025-01-23,2029-06-28,29000,CE,0.0,0.0,0.0,5677.9,3475.45,0,0,0,23205.35
2025-01-23,2025-03-27,29000,PE,5280.0,5330.8,5280.0,5302.7,5302.7,8,408975,0,23205.35
2025-01-23,2027-12-30,29000,PE,0.0,0.0,0.0,4227.5,2476.15,0,0,0,23205.35
2025-01-23,2025-12-24,29000,CE,198.0,205.0,193.1,193.85,193.85,28,73975,150,23205.35
2025-01-23,2028-12-28,29000,PE,0.0,0.0,0.0,2010.85,1976.95,0,0,0,23205.35
2025-01-23,2029-12-27,29000,CE,0.0,0.0,0.0,5305.8,4009.25,0,0,0,23205.35
2025-01-23,2025-02-06,23800,PE,663.25,663.25,600.45,624.6,624.6,489,72600,28950,23205.35
2025-01-23,2025-01-23,23800,CE,0.85,1.15,0.05,0.1,23205.35,1332528,5798025,5250,23205.35
2025-01-23,2025-02-06,21750,PE,21.8,21.8,21.8,21.8,1.05,10,750,750,23205.35
2025-01-23,2025-01-30,21750,PE,3.8,4.3,2.9,3.4,3.4,40254,260925,115825,23205.35
2025-01-23,2025-02-20,23150,CE,527.35,601.7,497.5,601.7,440.7,8,375,-150,23205.35
2025-01-23,2025-02-06,23150,CE,366.05,465.0,365.2,429.95,429.95,1266,24675,6075,23205.35
2025-01-23,2025-02-13,23150,CE,457.0,536.5,444.5,517.2,378.15,54,5625,150,23205.35
2025-01-23,2025-02-20,23150,PE,355.0,370.0,355.0,370.0,265.8,2,150,-75,23205.35
2025-01-23,2025-01-30,23150,PE,188.35,198.0,124.05,137.95,137.95,185071,689575,174650,23205.35
2025-01-23,2025-02-06,25950,CE,4.45,5.0,3.8,4.15,4.15,330,59550,8325,23205.35
2025-01-23,2025-02-27,25950,PE,0.0,0.0,0.0,1299.45,2579.25,0,75,0,23205.35
2025-01-23,2025-01-30,25950,PE,0.0,0.0,0.0,2690.95,2711.1,0,550,0,23205.35
2025-01-23,2025-02-27,23500,PE,574.0,596.5,496.0,517.0,517.0,6412,1518900,71250,23205.35
2025-01-23,2025-02-27,23500,CE,390.05,451.0,368.85,422.8,422.8,10846,1459950,16350,23205.35
2025-01-23,2025-01-23,23500,PE,370.0,399.0,229.25,293.55,23205.35,83421,301125,-164250,23205.35
2025-01-23,2025-02-13,23500,PE,497.95,497.95,462.85,472.4,472.4,55,11250,3150,23205.35
2025-01-23,2025-02-13,22500,PE,162.85,162.85,128.4,133.15,133.15,427,35925,6150,23205.35
2025-01-23,2025-03-27,23500,CE,590.0,651.85,563.0,620.25,620.25,1320,296625,3825,23205.35
2025-01-23,2025-02-20,22500,CE,0.0,0.0,0.0,1096.85,898.45,0,0,0,23205.35
2025-01-23,2025-01-30,23500,CE,63.65,108.0,50.0,84.7,84.7,815743,5270500,312400,23205.35
2025-01-23,2025-01-30,23350,CE,124.0,173.6,94.55,144.25,144.25,155168,637550,137925,23205.35
2025-01-23,2025-03-27,23350,PE,512.0,512.0,512.0,512.0,512.0,1,3150,-75,23205.35
2025-01-23,2025-03-27,23350,CE,710.0,710.0,702.5,702.5,702.5,3,600,-225,23205.35
2025-01-23,2025-02-27,26000,CE,12.95,15.0,11.0,12.35,12.35,3436,769800,-13650,23205.35
2025-01-23,2029-06-28,26000,PE,0.0,0.0,0.0,1391.75,933.2,0,25,0,23205.35
2025-01-23,2026-06-25,26000,CE,0.0,0.0,0.0,1253.55,1306.35,0,900,0,23205.35
2025-01-23,2026-06-25,26000,PE,0.0,0.0,0.0,6709.2,1725.9,0,0,0,23205.35
2025-01-23,2027-06-24,26000,CE,0.0,0.0,0.0,1900.85,2511.25,0,0,0,23205.35
2025-01-23,2025-03-27,26000,PE,2433.6,2469.8,2392.15,2431.85,2431.85,92,508275,-2000,23205.35
2025-01-23,2025-09-25,26000,PE,0.0,0.0,0.0,812.55,2080.85,0,0,0,23205.35
2025-01-23,2026-12-31,26000,PE,0.0,0.0,0.0,1720.05,1540.35,0,1700,0,23205.35
2025-01-23,2028-12-28,26000,CE,0.0,0.0,0.0,4879.7,4293.75,0,0,0,23205.35
2025-01-23,2025-01-30,26000,CE,1.7,2.05,1.4,1.6,1.6,168139,3796725,803125,23205.35
2025-01-23,2027-12-30,26000,PE,0.0,0.0,0.0,3359.75,1253.2,0,0,0,23205.35
2025-01-23,2026-12-31,26000,CE,0.0,0.0,0.0,1631.05,1932.25,0,0,0,23205.35
2025-01-23,2025-03-27,26000,CE,37.4,39.9,34.5,38.05,38.05,3721,1709600,76275,23205.35
2025-01-23,2025-02-13,24200,CE,92.35,113.0,80.3,99.75,99.75,209,14250,7050,23205.35
2025-01-23,2027-06-24,29000,CE,0.0,0.0,0.0,1545.2,1372.1,0,0,0,23205.35
2025-01-23,2029-06-28,29000,PE,0.0,0.0,0.0,1746.95,1774.6,0,0,0,23205.35
2025-01-23,2025-01-30,23800,PE,665.0,680.0,514.0,554.15,554.15,16062,1977600,54575,23205.35
2025-01-23,2025-12-24,17000,CE,0.0,0.0,0.0,7500.0,7228.05,0,475,0,23205.35
2025-01-23,2025-03-27,23800,CE,446.0,493.95,418.6,469.0,469.0,65,25125,150,23205.35
2025-01-23,2025-02-27,23350,PE,511.1,512.7,430.0,445.8,445.8,283,32325,1275,23205.35
2025-01-23,2025-02-06,23350,PE,411.0,416.15,342.25,357.8,357.8,419,17550,6750,23205.35
2025-01-23,2025-01-23,23350,PE,219.2,252.85,85.2,143.4,23205.35,640315,976650,68475,23205.35
2025-01-23,2025-02-06,23350,CE,290.0,349.0,275.35,318.85,318.85,682,30900,8325,23205.35
2025-01-23,2025-03-27,24350,CE,0.0,0.0,0.0,244.8,207.4,0,2925,0,23205.35
2025-01-23,2025-03-27,24350,PE,0.0,0.0,0.0,854.7,1070.0,0,0,0,23205.35
2025-01-23,2025-01-23,24350,PE,0.0,0.0,0.0,1267.35,23205.35,0,1050,0,23205.35
2025-01-23,2025-02-20,24350,CE,0.0,0.0,0.0,106.55,55.9,0,825,0,23205.35
2025-01-23,2025-01-30,24350,CE,4.35,4.7,3.05,3.5,3.5,41516,372200,196325,23205.35
2025-01-23,2025-02-13,24350,PE,0.0,0.0,0.0,875.8,1081.05,0,0,0,23205.35
2025-01-23,2025-02-13,24350,CE,0.0,0.0,0.0,222.65,30.8,0,0,0,23205.35
2025-01-23,2025-01-23,23100,CE,56.85,176.65,44.0,106.6,23205.35,2415540,2468250,-2831400,23205.35
2025-01-23,2025-01-23,25700,PE,2460.0,2499.05,2455.0,2497.1,23205.35,18,225,-1200,23205.35
2025-01-23,2025-02-27,25650,CE,16.8,19.05,16.8,17.1,17.1,4,3600,150,23205.35
2025-01-23,2025-03-27,25650,CE,0.0,0.0,0.0,64.3,33.95,0,2775,0,23205.35
2025-01-23,2025-02-27,25250,CE,0.0,0.0,0.0,28.25,12.5,0,18900,0,23205.35
2025-01-23,2025-02-06,24850,PE,0.0,0.0,0.0,1746.0,1581.75,0,1200,0,23205.35
2025-01-23,2025-02-13,24850,CE,0.0,0.0,0.0,112.55,6.85,0,0,0,23205.35
2025-01-23,2025-03-27,24850,PE,0.0,0.0,0.0,1148.3,1466.9,0,0,0,23205.35
2025-01-23,2025-01-23,24850,CE,0.35,0.5,0.05,0.05,23205.35,9005,310425,-66825,23205.35
2025-01-23,2025-02-27,24050,CE,179.65,213.8,179.65,198.55,198.55,290,37275,10200,23205.35
2025-01-23,2025-03-27,24050,CE,380.0,380.0,361.8,361.8,292.2,2,2250,0,23205.35
2025-01-23,2025-01-30,24050,PE,883.05,883.05,758.05,788.05,788.05,88,39500,-225,23205.35
2025-01-23,2025-01-30,22300,PE,15.95,16.0,10.05,12.05,12.05,245145,2274275,1138225,23205.35
2025-01-23,2025-02-06,22450,PE,99.95,112.8,80.05,87.05,87.05,209,22275,2325,23205.35
2025-01-23,2025-03-27,22300,PE,220.15,220.15,200.0,208.45,124.75,37,89850,0,23205.35
2025-01-23,2025-02-27,22300,CE,0.0,0.0,0.0,2152.85,1114.25,0,0,0,23205.35
2025-01-23,2025-02-20,22450,PE,0.0,0.0,0.0,118.35,68.65,0,0,0,23205.35
2025-01-23,2025-01-23,24500,CE,0.5,0.55,0.05,0.05,23205.35,514965,3571800,-2179575,23205.35
2025-01-23,2025-01-30,24500,CE,3.35,3.95,2.45,2.8,2.8,485615,6523375,2804325,23205.35
2025-01-23,2025-01-30,23450,PE,348.0,381.8,260.1,284.8,284.8,14961,312575,10500,23205.35
2025-01-23,2025-01-23,23450,CE,8.0,8.0,0.05,0.15,23205.35,2764135,4695600,1458150,23205.35
2025-01-23,2025-02-27,23450,PE,556.05,569.2,474.3,491.95,491.95,261,49425,4500,23205.35
2025-01-23,2025-03-27,23450,CE,649.0,649.0,649.0,649.0,649.0,1,2925,75,23205.35
2025-01-23,2025-02-20,22150,CE,0.0,0.0,0.0,1386.6,1202.45,0,0,0,23205.35
2025-01-23,2025-02-27,22150,PE,0.0,0.0,0.0,162.9,46.7,0,19875,0,23205.35
2025-01-23,2025-01-23,22150,CE,980.0,1016.95,980.0,1016.95,23205.35,2,225,0,23205.35
2025-01-23,2025-01-23,22150,PE,0.85,1.05,0.05,0.05,23205.35,395877,966750,145275,23205.35
2025-01-23,2025-02-20,22150,PE,0.0,0.0,0.0,70.5,32.7,0,0,0,23205.35
2025-01-23,2025-02-13,22150,CE,0.0,0.0,0.0,1580.3,1160.4,0,0,0,23205.35
2025-01-23,2025-02-06,22150,CE,0.0,0.0,0.0,2205.4,1120.15,0,0,0,23205.35
2025-01-23,2025-03-27,22150,CE,0.0,0.0,0.0,2131.6,1411.1,0,0,0,23205.35
2025-01-23,2025-02-27,22150,CE,0.0,0.0,0.0,2279.25,1244.95,0,0,0,23205.35
2025-01-23,2025-01-30,22150,CE,0.0,0.0,0.0,999.0,1084.75,0,250,0,23205.35
2025-01-23,2025-01-30,22150,PE,9.5,9.75,6.7,8.0,8.0,55212,410925,214800,23205.35
2025-01-23,2025-02-13,22150,PE,0.0,0.0,0.0,48.85,19.2,0,0,0,23205.35
2025-01-23,2025-03-27,22150,PE,0.0,0.0,0.0,114.7,99.2,0,525,0,23205.35
2025-01-23,2025-02-06,22150,PE,0.0,0.0,0.0,12.65,7.55,0,0,0,23205.35
2025-01-23,2025-01-23,25750,CE,0.4,0.4,0.05,0.05,23205.35,13578,328275,-6450,23205.35
2025-01-23,2025-01-30,22650,CE,552.9,682.2,530.0,644.25,644.25,679,13700,-825,23205.35
2025-01-23,2025-01-23,22650,CE,467.35,620.0,460.0,557.55,23205.35,474,6450,-10350,23205.35
2025-01-23,2025-02-13,22650,CE,0.0,0.0,0.0,1153.7,722.85,0,0,0,23205.35
2025-01-23,2025-02-13,22650,PE,0.0,0.0,0.0,118.75,79.7,0,0,0,23205.35
2025-01-23,2025-01-30,22650,PE,40.45,48.35,28.15,32.5,32.5,101924,379050,136075,23205.35
2025-01-23,2025-02-27,22650,CE,0.0,0.0,0.0,902.8,831.4,0,1425,0,23205.35
2025-01-23,2025-01-23,21800,CE,0.0,0.0,0.0,1322.0,23205.35,0,300,0,23205.35
2025-01-23,2025-12-24,28000,PE,3269.65,3269.8,3231.15,3253.85,3253.85,127,261850,6825,23205.35
2025-01-23,2025-12-24,27000,CE,485.0,509.1,480.0,495.7,495.7,88,287550,1125,23205.35
2025-01-23,2027-06-24,27000,PE,0.0,0.0,0.0,6273.45,1804.4,0,0,0,23205.35
2025-01-23,2029-12-27,27000,PE,0.0,0.0,0.0,1177.9,1065.5,0,0,0,23205.35
2025-01-23,2026-12-31,27000,PE,0.0,0.0,0.0,6522.3,2015.55,0,0,0,23205.35
2025-01-23,2025-03-27,27000,PE,3500.0,3507.5,3360.65,3395.15,3395.15,141,512950,1575,23205.35
2025-01-23,2026-06-25,27000,PE,0.0,0.0,0.0,6810.7,2290.35,0,0,0,23205.35
2025-01-23,2028-12-28,27000,CE,0.0,0.0,0.0,4437.95,3802.8,0,0,0,23205.35
2025-01-23,2025-12-24,27000,PE,2550.0,2550.0,2530.0,2530.0,2630.75,3,128000,150,23205.35
2025-01-23,2028-06-29,27000,CE,0.0,0.0,0.0,2885.15,3236.75,0,0,0,23205.35
2025-01-23,2025-09-25,27000,CE,0.0,0.0,0.0,2279.95,245.9,0,0,0,23205.35
2025-01-23,2028-06-29,27000,PE,0.0,0.0,0.0,2752.35,1446.95,0,0,0,23205.35
2025-01-23,2025-02-27,24100,CE,167.0,199.45,151.05,183.75,183.75,2036,155550,29775,23205.35
2025-01-23,2025-03-27,24100,PE,857.2,857.2,857.2,857.2,892.0,1,2625,75,23205.35
2025-01-23,2025-02-20,21700,CE,0.0,0.0,0.0,1791.8,1626.15,0,0,0,23205.35
2025-01-23,2025-01-23,21700,PE,0.6,0.75,0.05,0.05,23205.35,280745,815250,-609225,23205.35
2025-01-23,2025-02-27,21700,CE,1750.0,1750.0,1750.0,1750.0,1660.45,1,75,75,23205.35
2025-01-23,2025-02-13,21700,PE,0.0,0.0,0.0,18.95,3.75,0,0,0,23205.35
2025-01-23,2025-01-30,21700,CE,1603.55,1603.55,1603.55,1603.55,1533.45,2,1800,-50,23205.35
2025-01-23,2025-01-30,21700,PE,3.45,3.9,2.35,3.2,3.2,197277,1126350,294100,23205.35
2025-01-23,2025-02-06,21700,PE,0.0,0.0,0.0,4.0,0.8,0,0,0,23205.35
2025-01-23,2025-03-27,21700,PE,125.0,125.0,118.0,118.0,118.0,2,28200,-75,23205.35
2025-01-23,2025-02-06,22200,CE,1165.0,1165.0,1165.0,1165.0,1165.0,8,975,600,23205.35
2025-01-23,2025-02-13,22200,CE,0.0,0.0,0.0,1535.6,1113.9,0,0,0,23205.35
2025-01-23,2025-02-06,22200,PE,35.45,64.9,35.45,56.1,56.1,755,22875,22875,23205.35
2025-01-23,2025-01-30,21600,PE,3.25,3.55,2.5,2.75,2.75,172020,2181400,114850,23205.35
2025-01-23,2025-02-13,21600,PE,23.55,23.55,23.55,23.55,2.5,8,600,600,23205.35
2025-01-23,2025-02-27,24300,CE,115.1,144.15,115.05,132.05,132.05,2038,219900,17925,23205.35
2025-01-23,2025-02-27,26050,PE,0.0,0.0,0.0,1902.05,2678.1,0,0,0,23205.35
2025-01-23,2029-06-28,21000,CE,0.0,0.0,0.0,9799.75,7831.45,0,0,0,23205.35
2025-01-23,2028-06-29,21000,PE,0.0,0.0,0.0,907.2,214.15,0,0,0,23205.35
2025-01-23,2025-09-25,21000,PE,0.0,0.0,0.0,51.55,107.35,0,0,0,23205.35
2025-01-23,2025-03-27,21000,CE,2480.0,2601.0,2249.35,2550.0,2550.0,82,334250,900,23205.35
2025-01-23,2028-12-28,19000,PE,0.0,0.0,0.0,158.0,83.15,0,0,0,23205.35
2025-01-23,2027-12-30,19000,PE,0.0,0.0,0.0,299.95,77.65,0,525,0,23205.35
2025-01-23,2025-12-24,19000,CE,0.0,0.0,0.0,5350.0,5368.15,0,6400,0,23205.35
2025-01-23,2027-12-30,19000,CE,0.0,0.0,0.0,5794.9,7696.95,0,0,0,23205.35
2025-01-23,2025-06-26,19000,PE,48.05,53.8,43.5,45.3,45.3,672,683700,23700,23205.35
2025-01-23,2028-06-29,19000,CE,0.0,0.0,0.0,6252.25,8216.7,0,0,0,23205.35
2025-01-23,2027-06-24,19000,CE,0.0,0.0,0.0,7800.0,7135.1,0,75,0,23205.35
2025-01-23,2028-06-29,19000,PE,0.0,0.0,0.0,537.45,81.6,0,0,0,23205.35
2025-01-23,2025-03-27,19000,CE,4475.0,4500.0,4475.0,4491.05,4425.45,5,26400,-225,23205.35
2025-01-23,2029-06-28,19000,PE,0.0,0.0,0.0,170.3,83.05,0,0,0,23205.35
2025-01-23,2025-03-27,19000,PE,16.3,16.3,12.95,14.25,14.25,875,128975,-9750,23205.35
2025-01-23,2028-12-28,19000,CE,0.0,0.0,0.0,8739.0,8717.1,0,0,0,23205.35
2025-01-23,2026-06-25,19000,PE,0.0,0.0,0.0,160.05,42.5,0,175,0,23205.35
2025-01-23,2027-06-24,19000,PE,0.0,0.0,0.0,201.05,70.25,0,525,0,23205.35
2025-01-23,2025-09-25,19000,PE,0.0,0.0,0.0,8.9,10.85,0,0,0,23205.35
2025-01-23,2026-06-25,19000,CE,0.0,0.0,0.0,5792.0,5983.5,0,100,0,23205.35
2025-01-23,2026-12-31,19000,PE,0.0,0.0,0.0,203.0,59.4,0,2325,0,23205.35
2025-01-23,2025-09-25,19000,CE,0.0,0.0,0.0,8559.0,5057.85,0,0,0,23205.35
2025-01-23,2025-01-30,22050,PE,6.8,7.5,5.4,6.45,6.45,36673,190200,71075,23205.35
2025-01-23,2025-02-20,22050,PE,0.0,0.0,0.0,58.5,24.95,0,0,0,23205.35
2025-01-23,2025-01-23,22050,CE,1092.2,1175.15,1092.2,1174.45,23205.35,4,75,-150,23205.35
2025-01-23,2025-03-27,22050,PE,0.0,0.0,0.0,117.35,84.55,0,0,0,23205.35
2025-01-23,2025-02-27,26150,CE,0.0,0.0,0.0,34.5,1.1,0,2850,0,23205.35
2025-01-23,2025-02-20,22400,PE,0.0,0.0,0.0,150.5,61.1,0,675,0,23205.35
2025-01-23,2025-02-06,25150,CE,11.25,11.95,8.15,9.05,9.05,203,13725,9225,23205.35
2025-01-23,2025-01-23,22400,CE,721.7,865.75,720.65,803.35,23205.35,367,5325,-1575,23205.35
2025-01-23,2025-01-23,25150,PE,0.0,0.0,0.0,1162.45,23205.35,0,0,0,23205.35
2025-01-23,2025-01-23,25150,CE,0.5,1.1,0.05,0.1,23205.35,11054,280125,150375,23205.35
2025-01-23,2025-02-13,24450,PE,0.0,0.0,0.0,948.15,1173.2,0,0,0,23205.35
2025-01-23,2025-03-27,24450,CE,0.0,0.0,0.0,190.0,183.9,0,5325,0,23205.35
2025-01-23,2025-02-20,24450,PE,0.0,0.0,0.0,1110.1,1163.15,0,0,0,23205.35
2025-01-23,2025-02-06,24450,CE,35.3,40.5,33.55,35.0,35.0,218,8475,1800,23205.35
2025-01-23,2025-02-13,24450,CE,0.0,0.0,0.0,195.7,23.3,0,0,0,23205.35
2025-01-23,2025-02-27,24450,CE,105.0,111.25,101.95,103.1,103.1,80,13800,-2025,23205.35
2025-01-23,2025-06-26,25000,CE,391.25,437.75,390.0,415.4,415.4,1090,496225,40875,23205.35
2025-01-23,2025-12-24,25000,PE,1425.0,1450.0,1366.0,1387.4,1387.4,314,311750,-4275,23205.35
2025-01-23,2025-02-20,25000,PE,0.0,0.0,0.0,1575.6,1677.0,0,0,0,23205.35
2025-01-23,2025-02-27,23750,CE,268.4,325.0,268.4,307.6,307.6,211,26250,3825,23205.35
2025-01-23,2025-02-27,21500,CE,1830.0,1977.0,1824.25,1932.8,1932.8,105,35250,6225,23205.35
2025-01-23,2025-03-27,23750,CE,493.1,493.1,493.1,493.1,493.1,1,1050,-75,23205.35
2025-01-23,2025-02-27,23750,PE,730.0,734.0,629.4,650.3,650.3,46,23025,375,23205.35
2025-01-23,2028-06-29,20000,CE,0.0,0.0,0.0,5724.65,7477.85,0,0,0,23205.35
2025-01-23,2026-06-25,20000,CE,0.0,0.0,0.0,3829.5,5126.3,0,0,0,23205.35
2025-01-23,2027-06-24,20000,PE,0.0,0.0,0.0,3034.2,127.95,0,0,0,23205.35
2025-01-23,2025-01-23,24950,CE,0.55,0.55,0.05,0.1,23205.35,12430,271425,-17400,23205.35
2025-01-23,2025-02-13,24950,CE,0.0,0.0,0.0,28.45,4.9,0,300,0,23205.35
2025-01-23,2025-02-27,26150,PE,0.0,0.0,0.0,1981.75,2777.05,0,0,0,23205.35
2025-01-23,2025-03-27,22850,CE,0.0,0.0,0.0,1582.0,882.7,0,0,0,23205.35
2025-01-23,2025-01-30,24950,PE,1662.0,1675.05,1662.0,1675.05,1675.05,14,15500,100,23205.35
2025-01-23,2025-03-27,25100,CE,100.0,105.0,99.95,100.4,100.4,15,24750,525,23205.35
2025-01-23,2025-02-27,25100,CE,36.1,38.6,32.3,34.9,34.9,368,49875,3600,23205.35
2025-01-23,2025-02-06,23600,CE,187.0,233.75,169.7,208.85,208.85,2425,107400,30600,23205.35
2025-01-23,2025-01-23,23600,CE,2.9,2.9,0.05,0.1,23205.35,1842984,5455425,-218400,23205.35
2025-01-23,2025-02-27,23600,CE,331.8,399.9,328.0,372.35,372.35,1671,160125,-3000,23205.35
2025-01-23,2025-02-13,23600,PE,520.0,520.0,506.3,518.0,478.4,15,1050,825,23205.35
2025-01-23,2025-01-23,23600,PE,483.55,496.35,328.65,393.65,23205.35,8454,135225,-99975,23205.35
2025-01-23,2025-02-27,22550,PE,197.55,197.6,183.6,188.3,188.3,76,18450,3900,23205.35
2025-01-23,2025-01-30,22800,CE,419.95,560.0,406.75,516.1,516.1,16310,188450,26675,23205.35
2025-01-23,2025-02-27,22800,PE,287.75,295.3,240.0,249.85,249.85,3286,370275,36375,23205.35
2025-01-23,2025-02-20,22800,CE,0.0,0.0,0.0,872.3,666.65,0,0,0,23205.35
2025-01-23,2025-02-13,22800,PE,0.0,0.0,0.0,150.3,113.8,0,0,0,23205.35
2025-01-23,2025-03-27,22800,PE,358.25,365.8,309.55,321.7,321.7,124,98475,3600,23205.35
2025-01-23,2025-03-27,22800,CE,0.0,0.0,0.0,1014.5,916.35,0,4050,0,23205.35
2025-01-23,2025-01-30,22800,PE,66.0,76.2,44.4,51.35,51.35,389096,3015550,775375,23205.35
2025-01-23,2025-02-13,22550,CE,0.0,0.0,0.0,1234.95,804.55,0,0,0,23205.35
2025-01-23,2025-01-23,22550,PE,2.1,2.1,0.05,0.1,23205.35,1140665,5128500,3720600,23205.35
2025-01-23,2025-02-06,22800,PE,176.4,200.6,150.0,157.05,157.05,2275,84900,4200,23205.35
2025-01-23,2025-02-06,22550,CE,0.0,0.0,0.0,916.9,749.35,0,75,0,23205.35
2025-01-23,2025-03-27,22550,PE,0.0,0.0,0.0,230.0,178.2,0,3000,0,23205.35
2025-01-23,2025-02-20,22800,PE,0.0,0.0,0.0,201.7,143.55,0,0,0,23205.35
2025-01-23,2025-02-06,25450,CE,8.85,8.95,5.3,5.6,5.6,29,4125,-1125,23205.35
2025-01-23,2025-01-30,25450,CE,1.8,2.15,1.4,1.65,1.65,61729,253150,186150,23205.35
2025-01-23,2025-01-23,23750,CE,1.15,1.25,0.05,0.1,23205.35,799071,1924875,-405450,23205.35
2025-01-23,2025-02-20,23750,PE,0.0,0.0,0.0,619.85,601.35,0,0,0,23205.35
2025-01-23,2029-06-28,20000,PE,0.0,0.0,0.0,236.95,131.3,0,0,0,23205.35
2025-01-23,2025-01-30,21900,CE,1333.1,1333.1,1333.1,1333.1,1333.75,1,400,25,23205.35
2025-01-23,2025-03-27,21900,PE,159.5,159.5,136.35,141.45,141.45,138,48150,8100,23205.35
2025-01-23,2025-01-23,21900,PE,0.5,0.9,0.05,0.05,23205.35,454041,1506225,-918900,23205.35
2025-01-23,2025-02-27,21900,CE,1511.4,1511.4,1473.95,1473.95,1472.25,16,600,600,23205.35
2025-01-23,2025-02-27,25750,CE,21.05,21.05,12.9,15.55,3.5,14,3000,0,23205.35
2025-01-23,2025-01-23,22650,PE,2.35,2.6,0.05,0.1,23205.35,967576,2644950,929325,23205.35
2025-01-23,2025-02-20,22650,CE,0.0,0.0,0.0,981.6,778.65,0,0,0,23205.35
2025-01-23,2025-02-27,22650,PE,230.2,230.2,206.45,211.0,211.0,194,13575,-225,23205.35
2025-01-23,2025-03-27,22650,CE,0.0,0.0,0.0,1730.8,1021.45,0,0,0,23205.35
2025-01-23,2025-02-06,22650,PE,81.85,81.85,81.85,81.85,81.85,1,75,75,23205.35
2025-01-23,2025-02-20,22650,PE,0.0,0.0,0.0,162.0,106.3,0,0,0,23205.35
2025-01-23,2025-01-23,25250,PE,0.0,0.0,0.0,1243.4,23205.35,0,0,0,23205.35
2025-01-23,2025-02-27,24850,CE,51.05,55.0,48.5,50.95,50.95,20,9750,825,23205.35
2025-01-23,2025-03-27,24850,CE,0.0,0.0,0.0,497.3,110.1,0,0,0,23205.35
2025-01-23,2025-02-13,25100,PE,0.0,0.0,0.0,1475.05,1800.3,0,0,0,23205.35
2025-01-23,2025-02-13,25100,CE,0.0,0.0,0.0,77.1,2.9,0,0,0,23205.35
2025-01-23,2025-02-06,25650,PE,0.0,0.0,0.0,1379.45,2378.35,0,0,0,23205.35
2025-01-23,2025-02-06,25650,CE,5.0,5.5,4.25,4.85,4.85,18,1800,225,23205.35
2025-01-23,2025-01-30,25650,PE,0.0,0.0,0.0,2392.7,2411.45,0,750,0,23205.35
2025-01-23,2025-01-30,22250,CE,0.0,0.0,0.0,895.2,985.65,0,225,0,23205.35
2025-01-23,2025-03-27,25500,PE,2007.0,2007.0,1946.05,1979.9,2042.25,6,17100,75,23205.35
2025-01-23,2025-02-27,23850,CE,242.85,283.5,237.25,267.45,267.45,219,23325,2400,23205.35
2025-01-23,2025-02-20,21750,CE,0.0,0.0,0.0,1745.4,1577.9,0,0,0,23205.35
2025-01-23,2025-01-30,24900,CE,2.25,2.75,1.65,1.95,1.95,91493,627100,39275,23205.35
2025-01-23,2025-02-13,24900,PE,0.0,0.0,0.0,1303.9,1603.95,0,0,0,23205.35
2025-01-23,2025-02-20,23100,CE,625.0,625.0,625.0,625.0,469.75,3,300,0,23205.35
2025-01-23,2025-01-23,23100,PE,39.7,42.5,0.05,0.2,23205.35,6669185,10595100,3108525,23205.35
2025-01-23,2025-02-20,21600,PE,0.0,0.0,0.0,23.2,6.25,0,0,0,23205.35
2025-01-23,2025-02-27,26050,CE,0.0,0.0,0.0,14.2,1.5,0,6750,0,23205.35
2025-01-23,2025-01-30,21550,PE,2.95,3.6,2.4,2.65,2.65,35692,83175,-61250,23205.35
2025-01-23,2025-01-30,21550,CE,0.0,0.0,0.0,3079.35,1683.25,0,0,0,23205.35
2025-01-23,2025-02-06,23950,CE,90.7,119.4,90.7,103.8,103.8,625,14625,-9600,23205.35
2025-01-23,2025-02-20,23200,PE,400.0,400.0,354.0,355.0,355.0,28,1725,975,23205.35
2025-01-23,2025-02-06,23200,PE,349.85,357.15,274.05,288.55,288.55,11625,497775,291975,23205.35
2025-01-23,2025-01-30,23200,PE,201.6,223.3,141.75,157.2,157.2,825014,4041675,1336050,23205.35
2025-01-23,2025-02-20,23200,CE,523.25,566.25,523.25,537.8,537.8,25,5625,0,23205.35
2025-01-23,2025-02-27,23200,CE,532.2,620.0,522.55,586.65,586.65,3394,312525,59100,23205.35
2025-01-23,2025-03-27,25350,PE,0.0,0.0,0.0,1487.0,1905.05,0,0,0,23205.35
2025-01-23,2025-01-23,25350,PE,0.0,0.0,0.0,1326.35,23205.35,0,0,0,23205.35
2025-01-23,2025-02-27,24100,PE,978.05,978.05,842.0,867.3,867.3,51,28200,-1950,23205.35
2025-01-23,2025-02-13,24100,CE,0.0,0.0,0.0,121.9,58.75,0,675,0,23205.35
2025-01-23,2025-02-27,22200,PE,147.7,149.3,119.3,124.7,124.7,2103,353850,15450,23205.35
2025-01-23,2025-03-27,22750,CE,0.0,0.0,0.0,1110.0,950.75,0,300,0,23205.35
2025-01-23,2025-02-13,23950,PE,0.0,0.0,0.0,615.15,735.65,0,0,0,23205.35
2025-01-23,2025-03-27,23950,CE,393.4,401.0,393.4,401.0,401.0,4,7650,150,23205.35
2025-01-23,2025-02-20,23950,PE,0.0,0.0,0.0,745.55,746.35,0,0,0,23205.35
2025-01-23,2025-02-27,25350,PE,0.0,0.0,0.0,1382.1,1990.9,0,0,0,23205.35
2025-01-23,2025-01-30,24750,CE,2.6,3.1,1.9,2.2,2.2,18006,159925,-47250,23205.35
2025-01-23,2025-02-27,24750,PE,0.0,0.0,0.0,1408.1,1423.3,0,7875,0,23205.35
2025-01-23,2025-03-27,24750,CE,0.0,0.0,0.0,147.95,125.75,0,18600,0,23205.35
2025-01-23,2025-02-13,24750,CE,0.0,0.0,0.0,130.05,9.45,0,0,0,23205.35
2025-01-23,2025-02-06,24750,PE,0.0,0.0,0.0,1506.65,1482.8,0,975,0,23205.35
2025-01-23,2025-01-23,21850,PE,0.55,0.85,0.05,0.1,23205.35,326760,794775,-393900,23205.35
2025-01-23,2025-02-06,21850,CE,0.0,0.0,0.0,2496.65,1413.65,0,0,0,23205.35
2025-01-23,2025-02-13,21850,CE,0.0,0.0,0.0,1855.75,1446.75,0,0,0,23205.35
2025-01-23,2025-02-20,21850,PE,0.0,0.0,0.0,39.5,13.95,0,0,0,23205.35
2025-01-23,2025-03-27,21850,CE,0.0,0.0,0.0,2387.7,1668.9,0,0,0,23205.35
2025-01-23,2025-02-27,21850,PE,92.9,92.9,81.95,82.0,82.0,19,56850,900,23205.35
2025-01-23,2025-02-06,25350,PE,0.0,0.0,0.0,1133.15,2079.2,0,0,0,23205.35
2025-01-23,2025-02-20,21800,CE,0.0,0.0,0.0,1699.3,1529.9,0,0,0,23205.35
2025-01-23,2025-02-13,21800,CE,0.0,0.0,0.0,1902.7,1495.4,0,0,0,23205.35
2025-01-23,2025-02-06,21800,CE,0.0,0.0,0.0,2545.55,1463.1,0,0,0,23205.35
2025-01-23,2025-01-30,21800,PE,4.2,4.6,3.1,3.8,3.8,228835,2191500,629975,23205.35
2025-01-23,2025-02-27,26400,CE,11.55,11.55,7.3,9.5,9.5,38,13650,225,23205.35
2025-01-23,2025-01-30,26400,CE,1.7,1.9,1.4,1.55,1.55,68032,919200,557325,23205.35
2025-01-23,2025-01-30,22400,CE,769.35,920.7,760.0,878.35,878.35,109,9925,675,23205.35
2025-01-23,2025-01-30,25150,CE,2.0,2.55,1.6,1.75,1.75,7074,40500,-15650,23205.35
2025-01-23,2025-02-06,22400,PE,99.45,104.85,78.0,79.5,79.5,1264,37275,16350,23205.35
2025-01-23,2025-01-30,25150,PE,0.0,0.0,0.0,1795.45,1912.1,0,9975,0,23205.35
2025-01-23,2025-03-27,25150,PE,0.0,0.0,0.0,1346.45,1725.85,0,0,0,23205.35
2025-01-23,2025-02-27,24850,PE,0.0,0.0,0.0,1058.95,1515.35,0,0,0,23205.35
2025-01-23,2025-02-06,24850,CE,17.35,22.0,13.25,15.75,15.75,93,8625,300,23205.35
2025-01-23,2025-02-27,21900,PE,105.2,107.2,84.05,87.65,87.65,4186,222000,99900,23205.35
2025-01-23,2025-02-20,21900,PE,0.0,0.0,0.0,43.7,16.2,0,0,0,23205.35
2025-01-23,2025-02-06,23450,PE,401.0,415.45,389.4,408.05,408.05,99,7575,1050,23205.35
2025-01-23,2025-03-27,22850,PE,0.0,0.0,0.0,357.25,262.65,0,750,0,23205.35
2025-01-23,2025-01-30,22850,CE,384.2,517.85,368.7,473.85,473.85,2578,35050,-9575,23205.35
2025-01-23,2025-01-30,26300,PE,0.0,0.0,0.0,3021.6,3060.65,0,12200,0,23205.35
2025-01-23,2025-02-27,24700,PE,1291.95,1340.0,1291.95,1337.4,1377.8,11,10650,450,23205.35
2025-01-23,2025-02-20,23400,PE,0.0,0.0,0.0,431.1,386.25,0,0,0,23205.35
2025-01-23,2025-02-13,23400,PE,497.95,498.0,413.5,423.4,423.4,64,3150,2025,23205.35
2025-01-23,2025-02-27,24250,PE,975.0,975.0,970.0,972.5,972.5,2,4650,0,23205.35
2025-01-23,2025-02-06,24250,CE,0.0,0.0,0.0,535.9,16.0,0,0,0,23205.35
2025-01-23,2025-01-23,24250,PE,1133.3,1133.3,1000.6,1041.95,23205.35,64,3975,-2625,23205.35
2025-01-23,2025-02-13,24250,CE,0.0,0.0,0.0,252.35,40.2,0,0,0,23205.35
2025-01-23,2025-02-13,24250,PE,0.0,0.0,0.0,806.2,990.85,0,0,0,23205.35
2025-01-23,2025-03-27,24250,PE,990.0,990.0,980.0,985.0,985.0,2,150,150,23205.35
2025-01-23,2025-02-06,24250,PE,969.0,969.0,969.0,969.0,997.95,3,225,225,23205.35
2025-01-23,2025-01-23,24250,CE,0.65,0.65,0.05,0.1,23205.35,130296,544350,-301500,23205.35
2025-01-23,2026-06-25,18000,PE,0.0,0.0,0.0,3088.05,16.9,0,0,0,23205.35
2025-01-23,2029-06-28,18000,PE,0.0,0.0,0.0,118.45,49.8,0,0,0,23205.35
2025-01-23,2025-03-27,18000,CE,5397.4,5513.1,5397.4,5425.15,5425.15,15,472200,375,23205.35
2025-01-23,2028-06-29,18000,CE,0.0,0.0,0.0,6809.35,8974.3,0,0,0,23205.35
2025-01-23,2025-01-30,22400,PE,17.0,22.05,13.3,16.1,16.1,233980,1465550,530000,23205.35
2025-01-23,2025-02-13,25150,PE,0.0,0.0,0.0,1518.85,1849.6,0,0,0,23205.35
2025-01-23,2025-01-23,22400,PE,0.9,1.3,0.05,0.1,23205.35,989080,3749100,-8625,23205.35
2025-01-23,2025-02-06,22400,CE,0.0,0.0,0.0,936.65,884.1,0,2250,0,23205.35
2025-01-23,2025-03-27,25150,CE,94.0,94.0,94.0,94.0,72.5,4,300,300,23205.35
2025-01-23,2025-01-23,22500,PE,1.25,1.55,0.05,0.1,23205.35,2185943,8000250,2310600,23205.35
2025-01-23,2025-02-13,22500,CE,970.0,970.0,970.0,970.0,846.65,1,225,75,23205.35
2025-01-23,2027-12-30,29000,CE,0.0,0.0,0.0,1932.55,1892.25,0,0,0,23205.35
2025-01-23,2026-12-31,29000,PE,0.0,0.0,0.0,5042.25,3161.5,0,0,0,23205.35
2025-01-23,2025-06-26,29000,CE,0.0,0.0,0.0,31.05,10.75,0,58575,0,23205.35
2025-01-23,2026-06-25,29000,PE,0.0,0.0,0.0,5546.1,3635.55,0,0,0,23205.35
2025-01-23,2025-01-30,23800,CE,25.0,31.75,14.15,22.85,22.85,586097,5401525,1402400,23205.35
2025-01-23,2025-06-26,17000,CE,0.0,0.0,0.0,6850.0,6682.7,0,2850,0,23205.35
2025-01-23,2025-03-27,23800,PE,714.05,716.0,714.05,716.0,716.0,2,10125,75,23205.35
2025-01-23,2025-02-20,23800,PE,0.0,0.0,0.0,650.1,636.2,0,0,0,23205.35
2025-01-23,2025-02-27,23800,CE,250.05,308.7,249.0,286.65,286.65,2017,238275,26475,23205.35
2025-01-23,2025-02-13,24650,CE,0.0,0.0,0.0,149.65,12.95,0,0,0,23205.35
2025-01-23,2025-02-20,24650,CE,0.0,0.0,0.0,106.35,28.05,0,0,0,23205.35
2025-01-23,2025-01-23,24650,CE,0.4,0.65,0.05,0.1,23205.35,37039,199725,-330375,23205.35
2025-01-23,2025-03-27,24650,CE,0.0,0.0,0.0,264.75,143.15,0,300,0,23205.35
2025-01-23,2025-01-23,24650,PE,1545.15,1545.15,1404.55,1446.6,23205.35,5,1950,75,23205.35
2025-01-23,2025-02-13,24400,PE,0.0,0.0,0.0,911.65,1126.9,0,0,0,23205.35
2025-01-23,2025-01-23,24400,CE,0.5,0.6,0.05,0.05,23205.35,134589,1200150,-848700,23205.35
2025-01-23,2025-02-27,24400,CE,98.55,122.0,98.35,111.75,111.75,1614,286200,5925,23205.35
2025-01-23,2025-02-06,24400,PE,1100.0,1110.0,1100.0,1110.0,1140.7,15,2025,1125,23205.35
2025-01-23,2025-03-27,22950,CE,0.0,0.0,0.0,1509.5,817.4,0,0,0,23205.35
2025-01-23,2027-12-30,21000,PE,0.0,0.0,0.0,582.95,218.1,0,50,0,23205.35
2025-01-23,2026-06-25,21000,CE,0.0,0.0,0.0,3881.9,4309.45,0,0,0,23205.35
2025-01-23,2029-06-28,21000,PE,0.0,0.0,0.0,320.25,198.3,0,0,0,23205.35
2025-01-23,2029-06-28,19000,CE,0.0,0.0,0.0,11036.95,9199.25,0,0,0,23205.35
2025-01-23,2029-12-27,19000,CE,0.0,0.0,0.0,10714.6,9664.2,0,0,0,23205.35
2025-01-23,2029-12-27,19000,PE,0.0,0.0,0.0,142.25,81.7,0,0,0,23205.35
2025-01-23,2025-06-26,19000,CE,0.0,0.0,0.0,4750.0,4741.55,0,225,0,23205.35
2025-01-23,2025-12-24,19000,PE,0.0,0.0,0.0,102.0,21.45,0,9425,0,23205.35
2025-01-23,2026-12-31,19000,CE,0.0,0.0,0.0,8600.0,6593.4,0,125,0,23205.35
2025-01-23,2025-02-27,22700,PE,257.95,264.25,214.85,222.95,222.95,1154,287475,15675,23205.35
2025-01-23,2025-01-30,22550,CE,640.0,780.5,624.95,738.0,738.0,47,6325,-425,23205.35
2025-01-23,2025-03-27,22550,CE,0.0,0.0,0.0,1808.05,1094.75,0,0,0,23205.35
2025-01-23,2025-01-23,22800,PE,4.9,5.75,0.05,0.1,23205.35,2141304,5337000,69525,23205.35
2025-01-23,2025-01-23,21900,CE,0.0,0.0,0.0,2216.5,23205.35,0,0,0,23205.35
2025-01-23,2025-06-26,14000,PE,0.0,0.0,0.0,0.25,0.05,0,2925,0,23205.35
2025-01-23,2026-06-25,14000,PE,0.0,0.0,0.0,20.0,0.05,0,925,0,23205.35
2025-01-23,2025-02-06,23450,CE,242.0,300.0,235.0,270.65,270.65,828,26925,825,23205.35
2025-01-23,2025-01-30,25350,PE,0.0,0.0,0.0,1975.0,2111.85,0,8500,0,23205.35
2025-01-23,2025-03-27,25350,CE,76.15,76.15,76.15,76.15,54.0,1,1200,75,23205.35
2025-01-23,2025-02-27,24750,CE,62.0,65.55,58.8,58.8,38.35,50,16050,-225,23205.35
2025-01-23,2025-01-30,21850,PE,3.85,5.2,3.5,4.25,4.25,38586,280975,-21500,23205.35
2025-01-23,2025-01-30,21850,CE,0.0,0.0,0.0,2743.0,1383.7,0,175,0,23205.35
2025-01-23,2025-02-13,21850,PE,0.0,0.0,0.0,26.4,6.7,0,0,0,23205.35
2025-01-23,2025-02-27,23050,PE,378.45,383.55,316.25,329.7,329.7,181,26550,-675,23205.35
2025-01-23,2025-02-06,22050,PE,0.0,0.0,0.0,9.95,4.8,0,0,0,23205.35
2025-01-23,2025-01-23,22050,PE,0.7,1.05,0.05,0.05,23205.35,438901,1062300,-1104900,23205.35
2025-01-23,2025-02-13,22050,PE,0.0,0.0,0.0,40.1,13.75,0,0,0,23205.35
2025-01-23,2025-01-30,22050,CE,0.0,0.0,0.0,1380.0,1184.2,0,325,0,23205.35
2025-01-23,2025-02-06,22050,CE,0.0,0.0,0.0,2302.0,1217.15,0,0,0,23205.35
2025-01-23,2025-02-27,22050,CE,1380.65,1380.65,1356.65,1356.65,1334.6,16,600,600,23205.35
2025-01-23,2025-02-06,24600,PE,0.0,0.0,0.0,1360.0,1335.15,0,225,0,23205.35
2025-01-23,2025-02-20,22000,PE,24.0,24.0,24.0,24.0,21.65,2,150,150,23205.35
2025-01-23,2026-12-31,22000,PE,0.0,0.0,0.0,729.95,347.35,0,575,0,23205.35
2025-01-23,2027-12-30,22000,CE,0.0,0.0,0.0,4499.55,5494.25,0,0,0,23205.35
2025-01-23,2029-12-27,24000,PE,0.0,0.0,0.0,625.5,503.55,0,0,0,23205.35
2025-01-23,2025-01-23,22000,PE,0.6,0.9,0.05,0.05,23205.35,1059839,6284550,-3919875,23205.35
2025-01-23,2026-12-31,24000,CE,0.0,0.0,0.0,2010.65,2951.3,0,0,0,23205.35
2025-01-23,2029-12-27,22000,PE,0.0,0.0,0.0,373.65,269.8,0,0,0,23205.35
2025-01-23,2026-12-31,22000,CE,0.0,0.0,0.0,3039.0,4249.05,0,0,0,23205.35
2025-01-23,2025-02-06,22000,CE,1239.0,1516.95,1239.0,1406.6,1406.6,421,24150,16275,23205.35
2025-01-23,2025-02-27,23800,PE,763.0,766.0,651.3,677.3,677.3,814,246525,25650,23205.35
2025-01-23,2025-02-06,24200,CE,53.05,69.45,51.65,59.7,59.7,2847,124050,8925,23205.35
2025-01-23,2025-01-30,24200,CE,5.85,6.85,4.25,5.15,5.15,315710,3238850,969400,23205.35
2025-01-23,2025-03-27,24200,CE,279.8,321.8,279.8,307.25,307.25,77,24900,525,23205.35
2025-01-23,2025-02-27,22850,PE,300.0,308.5,253.95,264.05,264.05,183,19050,-3150,23205.35
2025-01-23,2025-01-23,22850,CE,270.85,423.0,260.75,356.0,23205.35,5605,31125,-34575,23205.35
2025-01-23,2025-01-23,22600,CE,515.05,668.3,508.2,606.55,23205.35,622,14325,-7050,23205.35
2025-01-23,2025-02-06,22600,CE,811.35,968.55,811.35,824.6,824.6,197,11325,7950,23205.35
2025-01-23,2025-02-13,23250,PE,355.0,356.65,345.0,345.0,278.5,3,75,75,23205.35
2025-01-23,2025-01-30,23250,CE,150.05,228.75,132.65,194.8,194.8,330081,1321675,702100,23205.35
2025-01-23,2025-02-27,22600,CE,910.0,1015.0,910.0,1006.65,1006.65,12,3600,0,23205.35
2025-01-23,2025-02-20,22600,PE,0.0,0.0,0.0,150.1,95.65,0,0,0,23205.35
2025-01-23,2025-02-06,23250,PE,380.0,380.5,294.1,308.95,308.95,1573,34800,19800,23205.35
2025-01-23,2025-02-13,23250,CE,453.95,479.9,446.75,447.7,447.7,28,4425,975,23205.35
2025-01-23,2025-03-27,23250,PE,448.25,473.35,448.25,469.4,469.4,10,2700,-75,23205.35
2025-01-23,2025-02-13,22600,PE,0.0,0.0,0.0,109.45,70.3,0,0,0,23205.35
2025-01-23,2025-03-27,25050,PE,0.0,0.0,0.0,1278.65,1638.1,0,0,0,23205.35
2025-01-23,2025-01-30,25050,PE,0.0,0.0,0.0,1643.6,1812.25,0,9000,0,23205.35
2025-01-23,2025-02-27,26500,PE,3100.0,3100.0,3026.05,3062.95,3062.95,164,186000,10200,23205.35
2025-01-23,2025-02-13,23050,CE,561.6,590.0,561.6,585.45,437.55,6,1875,0,23205.35
2025-01-23,2025-02-06,23050,CE,464.15,531.55,427.9,494.7,494.7,250,8175,-1350,23205.35
2025-01-23,2025-02-13,23050,PE,329.95,330.0,265.3,270.95,270.95,96,3900,675,23205.35
2025-01-23,2025-01-30,24650,CE,1.95,3.35,1.95,2.25,2.25,19423,188300,-30825,23205.35
2025-01-23,2025-03-27,24400,CE,242.8,255.9,242.8,244.45,244.45,48,15075,525,23205.35
2025-01-23,2025-01-23,21850,CE,0.0,0.0,0.0,2264.8,23205.35,0,0,0,23205.35
2025-01-23,2025-02-27,21850,CE,1552.55,1552.55,1552.55,1552.55,1518.85,8,900,525,23205.35
2025-01-23,2025-03-27,21850,PE,0.0,0.0,0.0,102.45,60.45,0,3600,0,23205.35
2025-01-23,2025-02-20,21850,CE,0.0,0.0,0.0,1653.5,1482.15,0,0,0,23205.35
2025-01-23,2025-02-06,21850,PE,22.95,22.95,22.95,22.95,22.95,23,12750,1575,23205.35
2025-01-23,2025-03-27,22700,PE,300.0,300.0,282.0,293.4,293.4,67,52425,-375,23205.35
2025-01-23,2025-02-20,22700,PE,0.0,0.0,0.0,175.45,117.8,0,0,0,23205.35
2025-01-23,2025-02-20,21450,CE,0.0,0.0,0.0,2027.7,1869.85,0,0,0,23205.35
2025-01-23,2025-01-23,21450,CE,1669.25,1808.75,1669.25,1808.75,23205.35,2,150,75,23205.35
2025-01-23,2025-02-13,21450,CE,0.0,0.0,0.0,2237.0,1839.8,0,0,0,23205.35
2025-01-23,2025-02-13,21450,PE,0.0,0.0,0.0,10.45,1.3,0,0,0,23205.35
2025-01-23,2025-02-27,21600,PE,0.0,0.0,0.0,59.5,11.4,0,0,0,23205.35
2025-01-23,2025-01-30,21600,CE,1563.45,1697.0,1563.45,1664.4,1664.4,38,129325,-150,23205.35
2025-01-23,2025-02-06,21600,PE,26.1,28.0,20.9,21.35,21.35,3757,122475,-33975,23205.35
2025-01-23,2025-01-30,22700,PE,50.5,56.2,32.75,38.05,38.05,324632,1895100,699775,23205.35
2025-01-23,2025-02-06,22700,CE,740.0,774.8,724.35,751.95,751.95,80,4875,-3300,23205.35
2025-01-23,2025-03-27,22700,CE,1139.3,1153.0,1094.05,1153.0,985.75,4,75,0,23205.35
2025-01-23,2025-02-27,21450,PE,0.0,0.0,0.0,48.85,7.35,0,0,0,23205.35
2025-01-23,2025-01-30,21450,PE,2.5,3.15,2.2,2.4,2.4,44106,358175,274100,23205.35
2025-01-23,2025-02-27,21450,CE,1954.2,2000.0,1700.0,2000.0,1901.1,9,450,450,23205.35
2025-01-23,2025-02-20,21450,PE,0.0,0.0,0.0,16.45,3.7,0,0,0,23205.35
2025-01-23,2025-02-06,21450,PE,20.0,20.0,15.75,16.35,16.35,257,8175,8175,23205.35
2025-01-23,2025-02-06,22900,PE,226.1,231.9,174.5,184.2,184.2,1690,55350,18750,23205.35
2025-01-23,2025-01-23,22900,CE,244.75,374.95,212.0,305.8,23205.35,54095,386550,-221850,23205.35
2025-01-23,2025-02-27,22900,PE,324.95,329.0,268.2,278.95,278.95,688,189975,-4350,23205.35
2025-01-23,2025-02-13,22900,PE,0.0,0.0,0.0,175.45,141.85,0,0,0,23205.35
2025-01-23,2025-01-23,22900,PE,6.85,10.15,0.05,0.1,23205.35,2553522,4246275,-1270425,23205.35
2025-01-23,2025-02-20,22900,CE,0.0,0.0,0.0,803.25,596.85,0,0,0,23205.35
2025-01-23,2025-03-27,22900,CE,0.0,0.0,0.0,956.0,849.7,0,1125,0,23205.35
2025-01-23,2025-02-13,21550,PE,0.0,0.0,0.0,13.35,2.0,0,0,0,23205.35
2025-01-23,2025-01-23,21550,PE,0.45,0.65,0.05,0.05,23205.35,64481,194100,-104475,23205.35
2025-01-23,2025-01-30,26100,CE,1.8,1.9,1.4,1.55,1.55,18222,288550,113250,23205.35
2025-01-23,2025-03-27,25950,CE,44.45,44.45,38.55,38.55,20.7,9,1875,-75,23205.35
2025-01-23,2025-02-27,25950,CE,0.0,0.0,0.0,15.9,2.0,0,5400,0,23205.35
2025-01-23,2025-02-20,22500,PE,159.7,160.9,154.0,155.2,155.2,58,6825,2175,23205.35
2025-01-23,2025-02-27,22500,CE,983.05,1112.05,980.0,1071.65,1071.65,421,168600,3225,23205.35
2025-01-23,2025-02-06,23500,CE,216.3,278.1,210.65,249.7,249.7,10697,595275,5250,23205.35
2025-01-23,2025-02-20,23500,PE,0.0,0.0,0.0,480.85,442.3,0,0,0,23205.35
2025-01-23,2025-02-20,23500,CE,357.65,395.0,357.65,372.2,372.2,23,3600,-675,23205.35
2025-01-23,2025-01-30,22500,PE,28.0,30.0,17.9,21.25,21.25,494737,5137825,864875,23205.35
2025-01-23,2025-03-27,22500,CE,1195.0,1314.0,1195.0,1272.95,1272.95,73,41925,-75,23205.35
2025-01-23,2025-01-30,22500,CE,700.7,826.0,660.0,786.05,786.05,9930,578100,-30775,23205.35
2025-01-23,2025-02-06,22500,CE,815.95,950.95,815.0,903.15,903.15,182,19125,3375,23205.35
2025-01-23,2025-02-20,23050,PE,0.0,0.0,0.0,316.45,225.5,0,150,0,23205.35
2025-01-23,2025-01-30,23050,CE,246.0,360.05,235.2,322.5,322.5,33509,368525,22725,23205.35
2025-01-23,2025-03-27,23050,CE,840.35,898.05,826.0,897.85,754.95,28,1950,1275,23205.35
2025-01-23,2026-12-31,24000,PE,1131.45,1131.45,1100.0,1109.95,1109.95,5,10725,150,23205.35
2025-01-23,2025-12-24,24000,CE,1590.1,1679.9,1586.0,1652.0,1652.0,98,229675,-75,23205.35
2025-01-23,2025-02-13,22000,CE,0.0,0.0,0.0,1716.6,1302.2,0,0,0,23205.35
2025-01-23,2028-06-29,24000,PE,0.0,0.0,0.0,1692.75,644.5,0,0,0,23205.35
2025-01-23,2025-01-23,24000,PE,860.0,893.3,730.05,794.95,23205.35,3780,107325,-109500,23205.35
2025-01-23,2029-06-28,22000,CE,0.0,0.0,0.0,9207.9,7179.35,0,0,0,23205.35
2025-01-23,2025-02-27,22000,PE,119.7,122.3,96.0,100.95,100.95,12721,2349900,73425,23205.35
2025-01-23,2028-12-28,22000,CE,0.0,0.0,0.0,6932.45,6638.5,0,0,0,23205.35
2025-01-23,2028-12-28,18000,PE,0.0,0.0,0.0,104.65,48.55,0,0,0,23205.35
2025-01-23,2029-12-27,18000,PE,0.0,0.0,0.0,96.5,50.15,0,0,0,23205.35
2025-01-23,2025-01-23,21350,PE,0.3,0.5,0.05,0.05,23205.35,231238,2608050,-2065725,23205.35
2025-01-23,2025-01-30,21350,PE,2.2,3.05,2.05,2.15,2.15,289185,2761175,1653625,23205.35
2025-01-23,2025-02-13,21350,PE,0.0,0.0,0.0,8.15,0.8,0,0,0,23205.35
2025-01-23,2025-02-20,21350,PE,0.0,0.0,0.0,12.95,2.6,0,0,0,23205.35
2025-01-23,2025-01-23,21350,CE,0.0,0.0,0.0,1978.3,23205.35,0,375,0,23205.35
2025-01-23,2025-12-24,15000,PE,0.0,0.0,0.0,20.05,0.05,0,1450,0,23205.35
2025-01-23,2025-02-27,26100,PE,2664.0,2664.0,2664.0,2664.0,2727.55,1,75,75,23205.35
2025-01-23,2025-02-27,26100,CE,13.15,14.05,10.05,10.95,1.3,78,17625,-300,23205.35
2025-01-23,2025-01-23,24750,CE,0.55,0.6,0.05,0.1,23205.35,46431,349425,-371475,23205.35
2025-01-23,2025-01-23,21800,PE,0.45,0.85,0.05,0.05,23205.35,411123,1200150,-952950,23205.35
2025-01-23,2026-12-31,15000,PE,0.0,0.0,0.0,36.75,1.25,0,2275,0,23205.35
2025-01-23,2026-06-25,15000,PE,0.0,0.0,0.0,20.3,0.35,0,850,0,23205.35
2025-01-23,2025-03-27,21900,CE,0.0,0.0,0.0,2344.3,1624.9,0,0,0,23205.35
2025-01-23,2025-02-13,21900,CE,0.0,0.0,0.0,1809.1,1398.3,0,0,0,23205.35
2025-01-23,2025-02-06,21900,PE,41.05,42.25,32.05,34.15,34.15,603,29850,17325,23205.35
2025-01-23,2025-02-06,21900,CE,0.0,0.0,0.0,2447.8,1364.3,0,0,0,23205.35
2025-01-23,2025-03-27,23450,PE,0.0,0.0,0.0,581.0,507.65,0,11325,0,23205.35
2025-01-23,2025-02-13,23450,PE,0.0,0.0,0.0,360.8,385.1,0,0,0,23205.35
2025-01-23,2025-01-30,25750,PE,0.0,0.0,0.0,2492.75,2511.35,0,825,0,23205.35
2025-01-23,2025-02-06,25750,CE,4.95,4.95,4.15,4.3,4.3,44,9750,825,23205.35
2025-01-23,2025-01-30,25750,CE,1.65,1.95,1.4,1.55,1.55,9968,57550,20450,23205.35
2025-01-23,2025-02-20,24100,CE,0.0,0.0,0.0,227.4,94.0,0,0,0,23205.35
2025-01-23,2025-02-13,24100,PE,0.0,0.0,0.0,707.25,860.0,0,0,0,23205.35
2025-01-23,2025-01-23,24100,CE,0.55,0.7,0.05,0.05,23205.35,281575,2754450,-161700,23205.35
2025-01-23,2025-02-20,24100,PE,0.0,0.0,0.0,847.7,864.15,0,0,0,23205.35
2025-01-23,2025-01-23,21600,CE,0.0,0.0,0.0,2508.05,23205.35,0,0,0,23205.35
2025-01-23,2025-02-13,21600,CE,0.0,0.0,0.0,2092.6,1691.55,0,0,0,23205.35
2025-01-23,2025-02-13,24650,PE,0.0,0.0,0.0,1100.75,1362.05,0,0,0,23205.35
2025-01-23,2025-02-06,24650,PE,0.0,0.0,0.0,1523.55,1384.2,0,75,0,23205.35
2025-01-23,2025-03-27,24400,PE,0.0,0.0,0.0,1055.0,1107.4,0,225,0,23205.35
2025-01-23,2025-02-27,24400,PE,1100.0,1100.0,1082.55,1082.55,1113.8,2,76200,0,23205.35
2025-01-23,2025-01-23,22950,CE,199.35,324.05,164.75,256.8,23205.35,45252,323475,-91725,23205.35
2025-01-23,2025-03-27,22950,PE,0.0,0.0,0.0,389.0,296.2,0,1875,0,23205.35
2025-01-23,2025-02-13,22950,PE,0.0,0.0,0.0,187.55,157.65,0,0,0,23205.35
2025-01-23,2025-01-23,21650,CE,0.0,0.0,0.0,2459.15,23205.35,0,0,0,23205.35
2025-01-23,2025-02-06,21650,CE,0.0,0.0,0.0,2692.75,1611.95,0,0,0,23205.35
2025-01-23,2025-02-06,22950,CE,502.15,584.45,495.4,561.75,561.75,257,23475,13575,23205.35
2025-01-23,2025-02-27,26350,PE,0.0,0.0,0.0,2144.75,2975.25,0,0,0,23205.35
2025-01-23,2025-02-13,24600,CE,0.0,0.0,0.0,160.3,15.05,0,0,0,23205.35
2025-01-23,2025-01-30,24000,CE,9.0,14.25,7.35,10.45,10.45,699898,9058500,1688200,23205.35
2025-01-23,2026-06-25,22000,PE,0.0,0.0,0.0,3829.5,333.85,0,0,0,23205.35
2025-01-23,2026-06-25,22000,CE,0.0,0.0,0.0,2722.55,3548.9,0,0,0,23205.35
2025-01-23,2025-02-06,24000,PE,892.95,892.95,739.0,775.2,775.2,885,146400,52500,23205.35
2025-01-23,2025-09-25,22000,PE,0.0,0.0,0.0,105.0,251.5,0,0,0,23205.35
2025-01-23,2025-01-30,22900,PE,96.75,102.55,60.65,68.9,68.9,266120,1798775,476225,23205.35
2025-01-23,2025-03-27,22900,PE,342.0,350.0,340.1,347.6,347.6,12,47175,150,23205.35
2025-01-23,2025-01-30,22900,CE,363.0,476.0,333.95,434.75,434.75,31510,255675,-2225,23205.35
2025-01-23,2025-02-20,22900,PE,0.0,0.0,0.0,265.35,173.2,0,150,0,23205.35
2025-01-23,2025-02-06,22900,CE,530.0,636.0,528.95,590.75,590.75,112,6150,-1350,23205.35
2025-01-23,2025-02-27,22900,CE,705.55,810.45,703.9,780.1,780.1,218,24150,225,23205.35
2025-01-23,2025-02-13,22900,CE,611.65,703.9,611.65,688.15,536.0,5,1650,225,23205.35
2025-01-23,2025-01-23,24300,CE,0.55,0.6,0.05,0.05,23205.35,165358,1092900,-535200,23205.35
2025-01-23,2025-02-20,24300,CE,0.0,0.0,0.0,175.95,62.25,0,0,0,23205.35
2025-01-23,2025-02-13,24300,CE,0.0,0.0,0.0,237.15,35.2,0,0,0,23205.35
2025-01-23,2025-02-27,24900,CE,49.45,53.05,46.55,48.3,48.3,603,81300,-1575,23205.35
2025-01-23,2025-02-27,23100,PE,397.55,404.9,333.2,347.4,347.4,1942,272775,17775,23205.35
2025-01-23,2025-01-23,24600,PE,1480.0,1480.0,1333.9,1393.5,23205.35,336,3825,-20550,23205.35
2025-01-23,2025-02-06,24600,CE,25.95,29.4,23.1,25.35,25.35,728,46200,8550,23205.35
2025-01-23,2027-12-30,24000,PE,0.0,0.0,0.0,866.4,697.0,0,225,0,23205.35
2025-01-23,2028-06-29,22000,PE,0.0,0.0,0.0,520.05,321.8,0,100,0,23205.35
2025-01-23,2025-02-27,22000,CE,1426.1,1540.0,1383.05,1493.35,1493.35,1152,262050,34425,23205.35
2025-01-23,2028-06-29,22000,CE,0.0,0.0,0.0,4759.5,6077.45,0,0,0,23205.35
2025-01-23,2025-02-13,24000,PE,776.0,797.95,739.2,794.0,794.0,37,2400,2175,23205.35
2025-01-23,2029-06-28,24000,PE,0.0,0.0,0.0,694.05,547.5,0,25,0,23205.35
2025-01-23,2025-02-06,24000,CE,92.0,108.8,80.0,94.15,94.15,15705,742125,119850,23205.35
2025-01-23,2026-06-25,24000,CE,0.0,0.0,0.0,1698.3,2252.85,0,0,0,23205.35
2025-01-23,2025-02-06,21550,PE,20.65,23.3,17.15,19.3,19.3,231,7275,7275,23205.35
2025-01-23,2025-02-13,21550,CE,0.0,0.0,0.0,2140.6,1740.9,0,0,0,23205.35
2025-01-23,2025-01-30,21800,CE,0.0,0.0,0.0,1320.0,1433.6,0,800,0,23205.35
2025-01-23,2025-02-27,21800,CE,0.0,0.0,0.0,2583.85,1565.75,0,0,0,23205.35
2025-01-23,2026-12-31,12000,PE,0.0,0.0,0.0,20.05,0.05,0,800,0,23205.35
2025-01-23,2026-06-25,12000,CE,0.0,0.0,0.0,8690.0,12301.55,0,50,0,23205.35
2025-01-23,2026-06-25,12000,PE,0.0,0.0,0.0,20.05,0.05,0,400,0,23205.35
2025-01-23,2026-06-25,28000,CE,0.0,0.0,0.0,1533.95,693.7,0,0,0,23205.35
2025-01-23,2026-12-31,28000,PE,0.0,0.0,0.0,6224.8,2557.95,0,0,0,23205.35
2025-01-23,2028-06-29,28000,PE,0.0,0.0,0.0,3161.35,1805.35,0,0,0,23205.35
2025-01-23,2029-06-28,28000,CE,0.0,0.0,0.0,6112.6,3900.7,0,0,0,23205.35
2025-01-23,2028-12-28,28000,PE,0.0,0.0,0.0,1697.6,1620.5,0,0,0,23205.35
2025-01-23,2027-12-30,28000,CE,0.0,0.0,0.0,2639.2,2254.2,0,0,0,23205.35
2025-01-23,2025-03-27,28000,PE,4337.0,4383.95,4337.0,4360.0,4470.65,7,255050,-75,23205.35
2025-01-23,2029-12-27,28000,CE,0.0,0.0,0.0,5741.5,4444.6,0,0,0,23205.35
2025-01-23,2029-06-28,28000,PE,0.0,0.0,0.0,1488.1,1458.3,0,0,0,23205.35
2025-01-23,2028-12-28,28000,CE,0.0,0.0,0.0,4027.15,3352.2,0,0,0,23205.35
2025-01-23,2025-02-06,23050,PE,274.55,288.85,219.2,231.8,231.8,452,22125,4350,23205.35
2025-01-23,2025-02-27,26350,CE,0.0,0.0,0.0,11.7,0.6,0,4050,0,23205.35
2025-01-23,2025-02-06,25050,CE,12.85,18.8,8.8,11.0,11.0,62,5400,-2025,23205.35
2025-01-23,2025-02-27,25050,CE,37.0,37.9,34.9,37.3,37.3,11,15975,-375,23205.35
2025-01-23,2025-02-27,24650,PE,0.0,0.0,0.0,1200.0,1332.7,0,4575,0,23205.35
2025-01-23,2025-02-27,24650,CE,68.45,79.0,65.95,73.3,73.3,197,23775,-2550,23205.35
2025-01-23,2025-02-20,24400,CE,0.0,0.0,0.0,152.55,50.05,0,0,0,23205.35
2025-01-23,2025-02-20,24400,PE,0.0,0.0,0.0,1070.8,1118.7,0,0,0,23205.35
2025-01-23,2025-01-23,21650,PE,0.3,0.7,0.05,0.05,23205.35,140891,676425,301875,23205.35
2025-01-23,2025-02-06,22950,PE,242.05,248.65,191.4,198.85,198.85,685,29625,16350,23205.35
2025-01-23,2025-03-27,21650,PE,0.0,0.0,0.0,120.9,42.2,0,3300,0,23205.35
2025-01-23,2025-02-13,22950,CE,0.0,0.0,0.0,556.0,501.95,0,225,0,23205.35
2025-01-23,2025-01-30,22950,CE,306.9,435.75,299.7,396.65,396.65,7183,75325,-10600,23205.35
2025-01-23,2025-01-30,21650,PE,3.8,3.8,2.65,2.95,2.95,42929,106225,-90800,23205.35
2025-01-23,2025-01-23,22950,PE,12.45,14.3,0.05,0.15,23205.35,2430164,2486925,-714075,23205.35
2025-01-23,2025-01-30,21650,CE,0.0,0.0,0.0,1665.9,1583.35,0,250,0,23205.35
2025-01-23,2025-02-13,21650,CE,0.0,0.0,0.0,2044.85,1642.3,0,0,0,23205.35
2025-01-23,2025-01-30,22950,PE,110.0,117.7,70.2,79.3,79.3,92959,394000,179850,23205.35
2025-01-23,2025-02-20,22250,PE,0.0,0.0,0.0,84.35,42.35,0,0,0,23205.35
2025-01-23,2025-03-27,22250,PE,0.0,0.0,0.0,210.0,115.7,0,3525,0,23205.35
2025-01-23,2025-02-27,22250,CE,0.0,0.0,0.0,2194.7,1157.25,0,0,0,23205.35
2025-01-23,2025-02-13,22250,CE,0.0,0.0,0.0,1491.3,1067.9,0,0,0,23205.35
2025-01-23,2025-02-27,25500,CE,21.45,22.45,19.0,20.15,20.15,4187,585975,5775,23205.35
2025-01-23,2025-02-06,25500,PE,2180.0,2185.0,2180.0,2185.0,2185.0,2,0,0,23205.35
2025-01-23,2025-01-23,25500,CE,0.35,0.8,0.05,0.1,23205.35,81059,1136025,-1039425,23205.35
2025-01-23,2025-02-06,25500,CE,7.15,8.9,5.0,5.35,5.35,1287,150525,20100,23205.35
2025-01-23,2025-02-27,23150,CE,561.95,651.1,549.05,615.35,615.35,228,20400,-1350,23205.35
2025-01-23,2025-02-13,23150,PE,374.85,378.3,307.0,307.0,233.1,15,2475,450,23205.35
2025-01-23,2025-02-06,23150,PE,291.95,337.1,253.95,269.05,269.05,1084,29400,7650,23205.35
2025-01-23,2025-03-27,25950,PE,0.0,0.0,0.0,1944.95,2464.8,0,0,0,23205.35
2025-01-23,2025-02-20,22050,CE,0.0,0.0,0.0,1473.9,1294.15,0,0,0,23205.35
2025-01-23,2025-02-13,22050,CE,0.0,0.0,0.0,1670.85,1254.55,0,0,0,23205.35
2025-01-23,2025-02-27,22050,PE,0.0,0.0,0.0,103.1,37.0,0,0,0,23205.35
2025-01-23,2025-02-20,24600,CE,0.0,0.0,0.0,114.55,31.65,0,0,0,23205.35
2025-01-23,2025-03-27,24600,CE,194.0,200.0,189.15,193.05,152.6,8,9450,-150,23205.35
2025-01-23,2027-06-24,24000,PE,0.0,0.0,0.0,5056.2,753.05,0,0,0,23205.35
2025-01-23,2025-02-13,22000,PE,76.0,80.0,64.35,66.45,66.45,469,33825,18975,23205.35
2025-01-23,2025-06-26,22000,PE,297.95,301.0,280.0,286.65,286.65,1282,473375,-5275,23205.35
2025-01-23,2025-12-24,22000,CE,2870.0,2933.7,2870.0,2900.0,2900.0,173,32575,11375,23205.35
2025-01-23,2025-06-26,22000,CE,2054.0,2165.95,2054.0,2101.85,2101.85,148,24375,5250,23205.35
2025-01-23,2028-12-28,24000,CE,0.0,0.0,0.0,5850.3,5393.85,0,0,0,23205.35
2025-01-23,2025-01-23,23150,CE,53.0,128.0,26.0,56.8,23205.35,3786373,2329350,-1670850,23205.35
2025-01-23,2025-03-27,23150,CE,0.0,0.0,0.0,796.45,695.4,0,1575,0,23205.35
2025-01-23,2025-02-27,23150,PE,419.0,426.0,350.0,363.25,363.25,240,34500,4575,23205.35
2025-01-23,2025-03-27,23150,PE,432.5,432.5,432.5,432.5,432.5,1,4125,0,23205.35
2025-01-23,2025-01-30,23150,CE,213.0,291.4,179.55,254.55,254.55,145241,553975,19000,23205.35
2025-01-23,2025-01-23,25950,PE,2750.0,2750.0,2746.6,2747.75,23205.35,3,1800,-150,23205.35
2025-01-23,2025-01-23,23500,CE,4.0,4.85,0.05,0.15,23205.35,3659159,8382525,-2300025,23205.35
2025-01-23,2025-02-13,23500,CE,301.3,346.8,275.0,320.85,320.85,448,35175,7350,23205.35
2025-01-23,2025-01-23,22500,CE,666.0,770.3,605.65,705.5,23205.35,1522,27000,-23025,23205.35
2025-01-23,2025-03-27,23500,PE,613.85,636.45,548.75,574.2,574.2,1457,520950,6900,23205.35
2025-01-23,2025-01-30,23500,PE,396.95,421.6,290.6,317.6,317.6,141939,2642600,244950,23205.35
2025-01-23,2025-02-06,23500,PE,512.05,522.0,414.8,436.35,436.35,5331,440550,107850,23205.35
2025-01-23,2025-01-30,24600,PE,1444.0,1465.35,1292.0,1329.95,1329.95,1446,148050,7850,23205.35
2025-01-23,2025-06-26,24000,CE,779.6,856.3,775.05,828.6,828.6,884,351500,16150,23205.35
2025-01-23,2025-01-23,23050,CE,104.95,226.0,77.7,156.15,23205.35,488314,1173300,-939750,23205.35
2025-01-23,2025-03-27,24650,PE,0.0,0.0,0.0,1025.2,1302.3,0,0,0,23205.35
2025-01-23,2025-01-30,24650,PE,0.0,0.0,0.0,1570.0,1412.85,0,38025,0,23205.35
2025-01-23,2025-02-06,24650,CE,23.0,26.5,22.75,23.1,23.1,156,13275,8100,23205.35
2025-01-23,2025-02-20,24650,PE,0.0,0.0,0.0,1272.85,1345.4,0,0,0,23205.35
2025-01-23,2025-02-06,23100,CE,426.55,499.0,392.45,462.2,462.2,2118,158850,16050,23205.35
2025-01-23,2025-02-27,21250,CE,0.0,0.0,0.0,3084.6,2096.35,0,0,0,23205.35
2025-01-23,2025-02-20,22850,CE,0.0,0.0,0.0,837.4,631.25,0,0,0,23205.35
2025-01-23,2025-09-25,20000,PE,0.0,0.0,0.0,22.8,38.1,0,0,0,23205.35
2025-01-23,2028-12-28,20000,CE,0.0,0.0,0.0,8115.5,8001.6,0,0,0,23205.35
2025-01-23,2026-06-25,20000,PE,0.0,0.0,0.0,3159.75,93.95,0,0,0,23205.35
2025-01-23,2025-02-27,25250,PE,0.0,0.0,0.0,1180.0,1894.25,0,150,0,23205.35
2025-01-23,2025-01-23,22750,PE,2.85,4.35,0.05,0.1,23205.35,1534141,2724375,195375,23205.35
2025-01-23,2025-03-27,25100,PE,0.0,0.0,0.0,1312.35,1681.8,0,0,0,23205.35
2025-01-23,2025-01-23,25100,PE,1932.65,1932.65,1932.65,1932.65,23205.35,1,750,0,23205.35
2025-01-23,2025-02-06,25100,PE,0.0,0.0,0.0,942.8,1830.15,0,0,0,23205.35
2025-01-23,2025-02-27,25750,PE,0.0,0.0,0.0,1131.85,2382.0,0,75,0,23205.35
2025-01-23,2025-03-27,22650,PE,0.0,0.0,0.0,303.2,203.75,0,2175,0,23205.35
2025-01-23,2025-02-06,22650,CE,766.65,781.7,766.65,773.45,773.45,186,13575,13575,23205.35
2025-01-23,2025-02-06,24100,CE,73.1,86.95,63.75,74.8,74.8,1827,83625,17850,23205.35
2025-01-23,2025-01-23,22200,PE,0.65,1.1,0.05,0.05,23205.35,684301,3559575,-668625,23205.35
2025-01-23,2025-02-20,22750,PE,0.0,0.0,0.0,187.65,130.2,0,0,0,23205.35
2025-01-23,2025-03-27,22200,PE,198.1,212.2,180.0,184.35,184.35,80,139050,1125,23205.35
2025-01-23,2025-01-23,23950,CE,0.75,0.8,0.05,0.1,23205.35,366940,2381700,1041375,23205.35
2025-01-23,2027-06-24,18000,PE,0.0,0.0,0.0,48.55,35.45,0,25,0,23205.35
2025-01-23,2025-12-24,18000,CE,0.0,0.0,0.0,6100.0,6292.95,0,8325,0,23205.35
2025-01-23,2025-02-27,24150,PE,923.2,923.2,894.3,894.3,908.65,2,2175,0,23205.35
2025-01-23,2025-02-27,24150,CE,155.7,182.6,155.7,169.45,169.45,202,32700,7725,23205.35
2025-01-23,2025-03-27,24150,CE,0.0,0.0,0.0,300.0,261.45,0,975,0,23205.35
2025-01-23,2025-01-23,25300,CE,0.4,0.45,0.05,0.05,23205.35,49457,441000,-558900,23205.35
2025-01-23,2025-02-27,25300,CE,25.75,28.8,22.15,25.65,25.65,451,84525,6075,23205.35
2025-01-23,2025-01-23,25300,PE,2100.0,2100.0,2070.0,2094.0,23205.35,8,750,-300,23205.35
2025-01-23,2025-02-06,25300,PE,0.0,0.0,0.0,1093.95,2029.35,0,0,0,23205.35
2025-01-23,2025-03-27,25300,PE,0.0,0.0,0.0,1451.25,1859.8,0,0,0,23205.35
2025-01-23,2025-02-06,21500,PE,24.1,24.75,17.15,17.95,17.95,4091,187050,9750,23205.35
2025-01-23,2025-02-06,23750,CE,140.0,187.3,136.3,156.8,156.8,320,19875,2100,23205.35
2025-01-23,2025-02-20,23750,CE,0.0,0.0,0.0,347.1,179.35,0,0,0,23205.35
2025-01-23,2025-02-13,23750,CE,202.15,231.9,202.15,223.8,223.8,4,600,150,23205.35
2025-01-23,2025-06-26,20000,PE,82.95,85.95,76.5,78.6,78.6,196,585725,2625,23205.35
2025-01-23,2025-01-30,24950,CE,2.1,2.75,1.7,1.9,1.9,16025,71450,-23675,23205.35
2025-01-23,2025-01-23,24950,PE,1779.05,1779.05,1779.05,1779.05,23205.35,5,375,0,23205.35
2025-01-23,2025-02-13,25250,CE,15.0,19.95,15.0,16.35,16.35,19,1650,1200,23205.35
2025-01-23,2025-01-30,25250,PE,0.0,0.0,0.0,1912.2,2012.0,0,5550,0,23205.35
2025-01-23,2025-02-20,24850,PE,0.0,0.0,0.0,1443.35,1533.35,0,0,0,23205.35
2025-01-23,2025-02-06,25300,CE,8.5,9.15,6.6,6.9,6.9,583,30975,11400,23205.35
2025-01-23,2025-01-30,25300,PE,2006.0,2040.65,2002.0,2030.25,2030.25,52,24575,300,23205.35
2025-01-23,2026-12-31,29000,CE,0.0,0.0,0.0,1205.35,921.05,0,0,0,23205.35
2025-01-23,2029-12-27,29000,PE,0.0,0.0,0.0,1669.2,1596.65,0,0,0,23205.35
2025-01-23,2025-12-24,29000,PE,0.0,0.0,0.0,4161.65,4221.25,0,11925,0,23205.35
2025-01-23,2028-12-28,29000,CE,0.0,0.0,0.0,3645.75,2941.7,0,0,0,23205.35
2025-01-23,2028-06-29,29000,CE,0.0,0.0,0.0,2333.25,2412.05,0,0,0,23205.35
2025-01-23,2028-06-29,29000,PE,0.0,0.0,0.0,3595.9,2208.6,0,0,0,23205.35
2025-01-23,2025-09-25,29000,CE,0.0,0.0,0.0,1377.55,65.5,0,0,0,23205.35
2025-01-23,2026-06-25,29000,CE,0.0,0.0,0.0,864.2,490.05,0,0,0,23205.35
2025-01-23,2025-03-27,29000,CE,9.0,9.0,8.25,8.65,8.65,196,254475,-4075,23205.35
2025-01-23,2025-02-20,23800,CE,0.0,0.0,0.0,327.7,164.5,0,0,0,23205.35
2025-01-23,2025-02-06,23800,CE,130.0,161.75,116.05,141.95,141.95,3195,187650,36825,23205.35
2025-01-23,2027-12-30,17000,PE,0.0,0.0,0.0,180.6,20.7,0,14200,0,23205.35
2025-01-23,2025-01-23,23800,PE,680.0,695.0,529.0,594.7,23205.35,2618,81825,-86175,23205.35
2025-01-23,2026-12-31,17000,PE,0.0,0.0,0.0,97.05,11.3,0,2850,0,23205.35
2025-01-23,2025-02-20,23350,CE,0.0,0.0,0.0,531.95,335.85,0,0,0,23205.35
2025-01-23,2027-12-30,20000,CE,0.0,0.0,0.0,5333.85,6933.2,0,0,0,23205.35
2025-01-23,2025-03-27,24950,PE,0.0,0.0,0.0,1212.6,1551.75,0,0,0,23205.35
2025-01-23,2029-06-28,20000,CE,0.0,0.0,0.0,10410.0,8505.95,0,0,0,23205.35
2025-01-23,2025-02-27,24950,PE,0.0,0.0,0.0,469.15,1608.6,0,0,0,23205.35
2025-01-23,2025-01-23,25250,CE,0.5,0.55,0.05,0.05,23205.35,8085,215850,68325,23205.35
2025-01-23,2025-02-20,22200,CE,0.0,0.0,0.0,1343.6,1157.3,0,0,0,23205.35
2025-01-23,2025-01-30,22200,PE,11.25,11.35,7.6,9.15,9.15,284187,2415750,1167250,23205.35
2025-01-23,2025-03-27,24700,CE,153.1,171.15,153.1,167.9,167.9,39,68325,-1125,23205.35
2025-01-23,2025-02-27,23400,CE,421.75,505.0,418.5,472.7,472.7,1833,260400,22575,23205.35
2025-01-23,2025-02-06,23400,PE,455.55,462.5,362.3,381.15,381.15,1345,154875,33525,23205.35
2025-01-23,2029-12-27,26000,CE,0.0,0.0,0.0,6686.95,5411.3,0,0,0,23205.35
2025-01-23,2025-01-23,24200,PE,1077.4,1081.4,931.0,992.0,23205.35,757,29925,-34650,23205.35
2025-01-23,2025-01-30,24200,PE,1030.0,1074.9,894.1,935.95,935.95,6887,1302600,-675,23205.35
2025-01-23,2025-01-23,24200,CE,0.55,0.6,0.05,0.05,23205.35,384032,2523900,78750,23205.35
2025-01-23,2025-02-13,22850,PE,0.0,0.0,0.0,162.1,127.25,0,0,0,23205.35
2025-01-23,2025-02-27,22850,CE,795.0,831.0,795.0,811.6,811.6,12,8850,225,23205.35
2025-01-23,2025-01-23,24700,PE,1592.75,1592.75,1430.0,1496.1,23205.35,218,3600,-12900,23205.35
2025-01-23,2025-03-27,22250,CE,0.0,0.0,0.0,2048.65,1328.8,0,0,0,23205.35
2025-01-23,2025-01-23,22250,PE,0.8,1.15,0.05,0.05,23205.35,524252,1400625,123225,23205.35
2025-01-23,2025-02-06,22250,CE,0.0,0.0,0.0,1124.95,1024.4,0,75,0,23205.35
2025-01-23,2025-02-20,22250,CE,0.0,0.0,0.0,1301.15,1112.6,0,0,0,23205.35
2025-01-23,2025-03-27,25500,CE,57.5,66.95,56.05,60.8,60.8,1934,266250,51000,23205.35
2025-01-23,2025-02-27,26400,PE,0.0,0.0,0.0,2417.9,3024.85,0,1350,0,23205.35
2025-01-23,2025-12-24,19500,CE,0.0,0.0,0.0,5350.0,4913.35,0,1600,0,23205.35
2025-01-23,2025-02-13,22350,PE,0.0,0.0,0.0,71.1,35.5,0,0,0,23205.35
2025-01-23,2025-01-23,22850,PE,3.6,7.75,0.05,0.15,23205.35,1703640,3255000,1437675,23205.35
2025-01-23,2025-02-27,26300,PE,0.0,0.0,0.0,2103.6,2925.7,0,0,0,23205.35
2025-01-23,2025-01-30,24700,CE,2.5,4.15,1.8,2.2,2.2,88165,952275,114225,23205.35
2025-01-23,2025-02-13,24700,CE,0.0,0.0,0.0,50.0,11.1,0,150,0,23205.35
2025-01-23,2025-01-30,24700,PE,1550.0,1550.0,1399.0,1430.1,1430.1,559,177400,4475,23205.35
2025-01-23,2025-02-27,23400,PE,537.05,542.5,451.5,468.95,468.95,1252,280425,17400,23205.35
2025-01-23,2025-03-27,25450,PE,0.0,0.0,0.0,1560.7,1996.25,0,0,0,23205.35
2025-01-23,2025-01-30,25850,CE,1.65,1.95,1.4,1.6,1.6,2692,19125,-975,23205.35
2025-01-23,2025-03-27,25850,PE,0.0,0.0,0.0,1865.25,2369.7,0,0,0,23205.35
2025-01-23,2025-02-27,25850,CE,0.0,0.0,0.0,17.65,2.65,0,3750,0,23205.35
2025-01-23,2025-01-23,25850,PE,0.0,0.0,0.0,1765.95,23205.35,0,0,0,23205.35
2025-01-23,2025-02-06,25850,PE,0.0,0.0,0.0,1552.7,2577.8,0,0,0,23205.35
2025-01-23,2025-01-30,25850,PE,0.0,0.0,0.0,2592.15,2611.2,0,75,0,23205.35
2025-01-23,2025-02-27,25700,PE,2253.3,2253.4,2253.3,2253.4,2332.85,2,1050,150,23205.35
2025-01-23,2025-01-30,25700,CE,1.75,2.05,1.45,1.65,1.65,27835,173175,350,23205.35
2025-01-23,2025-02-06,25700,PE,0.0,0.0,0.0,1422.15,2428.2,0,0,0,23205.35
2025-01-23,2025-02-27,25700,CE,15.25,22.95,15.1,15.8,15.8,132,18675,-1725,23205.35
2025-01-23,2025-03-27,25700,CE,0.0,0.0,0.0,47.0,31.3,0,2550,0,23205.35
2025-01-23,2025-01-23,25700,CE,0.25,0.45,0.05,0.05,23205.35,25118,344550,-171900,23205.35
2025-01-23,2025-03-27,25700,PE,0.0,0.0,0.0,1748.15,2228.3,0,0,0,23205.35
2025-01-23,2025-02-06,25700,CE,5.0,6.0,4.2,4.45,4.45,115,28125,900,23205.35
2025-01-23,2025-01-30,25700,PE,2454.95,2454.95,2390.4,2427.1,2427.1,63,32950,675,23205.35
2025-01-23,2026-12-31,25000,CE,2500.0,2500.0,2380.0,2490.0,2405.55,3,3175,75,23205.35
2025-01-23,2025-02-27,25800,PE,2385.0,2400.0,2330.35,2370.0,2431.25,11,1050,600,23205.35
2025-01-23,2025-02-20,23700,CE,0.0,0.0,0.0,367.3,195.25,0,0,0,23205.35
2025-01-23,2025-02-06,23700,CE,137.1,196.05,100.0,173.5,173.5,2726,157650,34350,23205.35
2025-01-23,2025-02-27,23700,PE,701.5,705.0,599.45,621.15,621.15,318,189750,-150,23205.35
2025-01-23,2025-01-30,23700,CE,34.1,49.5,22.55,36.4,36.4,439533,3363300,987425,23205.35
2025-01-23,2025-02-27,21500,PE,65.65,66.95,51.8,54.35,54.35,7407,961200,105900,23205.35
2025-01-23,2025-12-24,16500,PE,0.0,0.0,0.0,22.4,0.65,0,2675,0,23205.35
2025-01-23,2025-03-27,21500,CE,2020.0,2090.0,2020.0,2090.0,1986.15,2,2250,0,23205.35
2025-01-23,2025-01-30,21500,PE,2.85,3.4,2.3,2.6,2.6,369631,4183125,2405400,23205.35
2025-01-23,2025-01-23,21500,CE,0.0,0.0,0.0,2606.0,23205.35,0,0,0,23205.35
2025-01-23,2025-02-06,22700,PE,151.45,172.65,128.15,132.7,132.7,1998,78900,40725,23205.35
2025-01-23,2025-02-13,22700,CE,0.0,0.0,0.0,1113.95,683.4,0,0,0,23205.35
2025-01-23,2025-01-30,22700,CE,500.25,648.5,490.0,603.6,603.6,3358,59725,16450,23205.35
2025-01-23,2025-02-27,22700,CE,836.95,993.6,835.5,935.55,935.55,55,13350,825,23205.35
2025-01-23,2025-02-13,22700,PE,217.0,218.0,163.5,163.5,163.5,93,8250,5325,23205.35
2025-01-23,2025-01-23,22700,PE,2.8,3.2,0.05,0.1,23205.35,1639379,3768825,481575,23205.35
2025-01-23,2025-01-30,21450,CE,0.0,0.0,0.0,1792.0,1783.1,0,100,0,23205.35
2025-01-23,2025-01-23,21450,PE,0.45,0.6,0.05,0.1,23205.35,64629,419550,-156225,23205.35
2025-01-23,2025-03-27,21450,PE,0.0,0.0,0.0,101.9,28.8,0,2850,0,23205.35
2025-01-23,2025-03-27,21450,CE,0.0,0.0,0.0,2743.75,2032.6,0,0,0,23205.35
2025-01-23,2025-02-06,21450,CE,0.0,0.0,0.0,2889.85,1811.0,0,0,0,23205.35
2025-01-23,2025-01-23,21550,CE,0.0,0.0,0.0,2557.0,23205.35,0,0,0,23205.35
2025-01-23,2025-01-30,26100,PE,2806.0,2829.9,2806.0,2829.9,2860.9,4,21275,-100,23205.35
2025-01-23,2025-02-20,25050,CE,0.0,0.0,0.0,56.65,10.0,0,0,0,23205.35
2025-01-23,2025-02-20,25050,PE,0.0,0.0,0.0,1620.35,1725.25,0,0,0,23205.35
2025-01-23,2025-02-13,25050,PE,0.0,0.0,0.0,1431.65,1751.05,0,0,0,23205.35
2025-01-23,2025-01-23,23950,PE,829.35,829.35,681.45,743.25,23205.35,109,3075,-1725,23205.35
2025-01-23,2025-02-13,23950,CE,0.0,0.0,0.0,135.2,83.85,0,5775,0,23205.35
2025-01-23,2025-02-06,23950,PE,740.0,740.0,740.0,740.0,726.3,2,2925,150,23205.35
2025-01-23,2025-01-30,25200,PE,1940.0,1940.0,1874.95,1926.45,1926.45,471,57650,9025,23205.35
2025-01-23,2025-01-23,25200,CE,0.3,0.55,0.05,0.1,23205.35,32596,793875,-250350,23205.35
2025-01-23,2025-02-27,25200,PE,1830.0,1830.0,1780.0,1780.0,1846.15,5,3075,0,23205.35
2025-01-23,2025-02-13,25200,CE,17.1,18.25,13.05,15.45,15.45,61,8325,1050,23205.35
2025-01-23,2025-02-27,25200,CE,28.9,34.4,28.9,30.5,30.5,542,137700,6900,23205.35
2025-01-23,2025-02-06,25200,PE,0.0,0.0,0.0,1018.2,1929.75,0,0,0,23205.35
2025-01-23,2025-01-23,25200,PE,2029.1,2029.1,1936.0,1997.4,23205.35,133,1875,-8100,23205.35
2025-01-23,2025-02-06,25200,CE,9.7,11.35,6.55,7.55,7.55,1423,65850,43500,23205.35
2025-01-23,2025-03-27,25200,CE,91.0,91.0,85.0,89.25,89.25,5,18600,0,23205.35
2025-01-23,2025-01-30,25200,CE,2.05,2.45,1.7,1.8,1.8,109359,764400,139125,23205.35
2025-01-23,2025-02-13,25200,PE,0.0,0.0,0.0,1563.05,1899.0,0,0,0,23205.35
2025-01-23,2025-03-27,25200,PE,0.0,0.0,0.0,1657.0,1770.2,0,150,0,23205.35
2025-01-23,2028-12-28,21000,CE,0.0,0.0,0.0,7512.5,7307.25,0,0,0,23205.35
2025-01-23,2028-12-28,21000,PE,0.0,0.0,0.0,500.0,207.15,0,1000,0,23205.35
2025-01-23,2027-06-24,21000,PE,0.0,0.0,0.0,500.0,217.0,0,200,0,23205.35
2025-01-23,2025-03-27,21000,PE,72.5,72.7,60.2,62.2,62.2,4282,1149275,14575,23205.35
2025-01-23,2025-06-26,21000,PE,153.35,159.0,143.3,150.35,150.35,412,143125,2875,23205.35
2025-01-23,2025-02-06,22850,PE,206.8,213.85,164.2,170.5,170.5,338,14100,3825,23205.35
2025-01-23,2025-01-30,23400,CE,106.0,149.6,78.7,122.1,122.1,473036,2805600,277050,23205.35
2025-01-23,2025-03-27,23400,CE,679.0,704.0,676.25,680.3,680.3,92,13275,3075,23205.35
2025-01-23,2025-01-23,25450,CE,0.3,0.5,0.05,0.05,23205.35,9369,317700,48375,23205.35
2025-01-23,2029-12-27,20000,PE,0.0,0.0,0.0,202.3,126.7,0,0,0,23205.35
2025-01-23,2025-02-27,24950,CE,45.95,48.5,43.35,44.35,44.35,114,8100,1125,23205.35
2025-01-23,2025-03-27,23200,CE,743.85,830.0,743.85,798.7,798.7,285,34425,4500,23205.35
2025-01-23,2025-02-06,23200,CE,349.35,436.05,339.05,400.4,400.4,10823,517650,286200,23205.35
2025-01-23,2025-01-23,23200,PE,98.8,114.2,0.05,0.65,23205.35,25586021,38414775,34074750,23205.35
2025-01-23,2025-01-30,23200,CE,179.45,258.45,154.25,222.85,222.85,809573,3973200,274475,23205.35
2025-01-23,2025-01-23,23200,CE,51.0,80.0,2.6,6.8,23205.35,16694963,17487825,9908925,23205.35
2025-01-23,2025-02-27,23200,PE,430.0,448.0,368.95,383.6,383.6,10940,719175,29400,23205.35
2025-01-23,2025-03-27,23200,PE,490.0,498.55,432.95,451.1,451.1,209,67125,1275,23205.35
2025-01-23,2025-02-13,23200,PE,378.7,385.35,323.5,335.45,335.45,189,21975,3675,23205.35
2025-01-23,2025-02-13,23200,CE,427.0,508.2,427.0,479.9,479.9,404,17250,8400,23205.35
2025-01-23,2025-01-30,25350,CE,2.05,2.2,1.55,1.7,1.7,9309,45200,10025,23205.35
2025-01-23,2025-02-06,25350,CE,8.7,8.9,6.25,6.7,6.7,52,4575,1425,23205.35
2025-01-23,2025-01-23,24750,PE,0.0,0.0,0.0,1378.55,23205.35,0,75,0,23205.35
2025-01-23,2025-02-13,24750,PE,0.0,0.0,0.0,1180.45,1458.2,0,0,0,23205.35
2025-01-23,2025-03-27,24750,PE,0.0,0.0,0.0,1085.85,1383.7,0,0,0,23205.35
2025-01-23,2025-01-23,25050,PE,0.0,0.0,0.0,1083.65,23205.35,0,0,0,23205.35
2025-01-23,2025-02-06,25050,PE,0.0,0.0,0.0,906.65,1780.4,0,0,0,23205.35
2025-01-23,2025-01-30,26500,PE,3363.7,3363.7,3180.0,3227.95,3227.95,867,730475,-12675,23205.35
2025-01-23,2025-02-27,23450,CE,397.45,474.7,394.4,446.9,446.9,301,53100,5775,23205.35
2025-01-23,2025-03-27,25750,PE,0.0,0.0,0.0,1786.85,2275.25,0,0,0,23205.35
2025-01-23,2025-01-23,22750,CE,380.95,523.1,360.35,455.65,23205.35,2168,15825,-11400,23205.35
2025-01-23,2025-02-27,23950,CE,204.0,247.0,204.0,230.05,230.05,176,37200,900,23205.35
2025-01-23,2025-02-27,21550,PE,0.0,0.0,0.0,55.75,9.9,0,0,0,23205.35
2025-01-23,2025-02-27,24450,PE,0.0,0.0,0.0,1127.8,1156.6,0,3975,0,23205.35
2025-01-23,2025-01-30,24450,PE,1172.05,1182.55,1172.05,1179.05,1179.05,3,27050,25,23205.35
2025-01-23,2025-03-27,24450,PE,0.0,0.0,0.0,909.6,1145.3,0,0,0,23205.35
2025-01-23,2025-02-06,21350,PE,15.5,18.85,12.2,13.25,13.25,345,39150,4950,23205.35
2025-01-23,2025-02-06,25750,PE,0.0,0.0,0.0,1465.25,2478.1,0,0,0,23205.35
2025-01-23,2025-03-27,25750,CE,0.0,0.0,0.0,43.0,28.85,0,2625,0,23205.35
2025-01-23,2025-02-27,22750,PE,284.15,284.15,226.8,236.3,236.3,143,17925,3750,23205.35
2025-01-23,2025-02-06,22750,CE,0.0,0.0,0.0,666.5,581.9,0,150,0,23205.35
2025-01-23,2025-01-30,23950,CE,12.1,17.0,8.35,12.35,12.35,111747,609475,315250,23205.35
2025-01-23,2025-02-06,21300,PE,15.5,16.85,11.35,12.05,12.05,1266,59025,45000,23205.35
2025-01-23,2025-02-13,21300,PE,18.0,21.0,18.0,20.4,20.4,79,5175,5175,23205.35
2025-01-23,2025-02-27,21300,PE,48.05,50.95,39.95,42.2,42.2,821,45000,24675,23205.35
2025-01-23,2025-02-27,21300,CE,0.0,0.0,0.0,3038.15,2047.4,0,0,0,23205.35
2025-01-23,2025-03-27,21300,CE,0.0,0.0,0.0,2880.8,2173.3,0,0,0,23205.35
2025-01-23,2025-02-06,21300,CE,0.0,0.0,0.0,3038.1,1960.5,0,0,0,23205.35
2025-01-23,2025-01-23,21250,CE,0.0,0.0,0.0,2852.05,23205.35,0,0,0,23205.35
2025-01-23,2025-01-23,21250,PE,0.3,0.45,0.05,0.05,23205.35,338254,1210200,226050,23205.35
2025-01-23,2025-03-27,21250,CE,0.0,0.0,0.0,2926.85,2220.6,0,0,0,23205.35
2025-01-23,2025-01-23,21600,PE,0.5,0.7,0.05,0.05,23205.35,145415,865950,-1054425,23205.35
2025-01-23,2025-06-26,20000,CE,3820.0,3820.0,3820.0,3820.0,3782.3,1,300,0,23205.35
2025-01-23,2025-02-20,22200,PE,0.0,0.0,0.0,114.85,37.25,0,150,0,23205.35
2025-01-23,2025-02-13,22200,PE,0.0,0.0,0.0,53.8,22.5,0,0,0,23205.35
2025-01-23,2025-02-13,22750,PE,0.0,0.0,0.0,139.15,101.4,0,0,0,23205.35
2025-01-23,2025-06-26,21000,CE,0.0,0.0,0.0,2800.0,2856.75,0,75,0,23205.35
2025-01-23,2025-01-30,26050,CE,1.85,1.85,1.5,1.55,1.55,1788,23150,-1675,23205.35
2025-01-23,2029-12-27,21000,PE,0.0,0.0,0.0,278.8,188.4,0,0,0,23205.35
2025-01-23,2025-02-27,21800,PE,92.0,95.25,74.25,77.85,77.85,2045,220050,37200,23205.35
2025-01-23,2025-02-20,21800,PE,0.0,0.0,0.0,35.65,11.95,0,0,0,23205.35
2025-01-23,2025-02-13,21800,PE,55.8,55.8,47.0,49.15,49.15,168,12450,3000,23205.35
2025-01-23,2025-02-06,21800,PE,40.05,42.05,26.85,29.65,29.65,2287,170700,38925,23205.35
2025-01-23,2025-03-27,21800,CE,0.0,0.0,0.0,2431.4,1713.25,0,0,0,23205.35
2025-01-23,2027-12-30,28000,PE,0.0,0.0,0.0,4251.0,2017.8,0,0,0,23205.35
2025-01-23,2025-06-26,28000,PE,0.0,0.0,0.0,7207.55,4039.3,0,0,0,23205.35
2025-01-23,2028-06-29,28000,CE,0.0,0.0,0.0,2596.45,2801.95,0,0,0,23205.35
2025-01-23,2027-06-24,28000,CE,0.0,0.0,0.0,2186.3,1694.75,0,0,0,23205.35
2025-01-23,2029-12-27,28000,PE,0.0,0.0,0.0,1411.3,1315.05,0,0,0,23205.35
2025-01-23,2025-03-27,28000,CE,12.25,13.9,12.25,13.55,13.55,282,600800,-5925,23205.35
2025-01-23,2025-12-24,28000,CE,303.0,324.4,303.0,314.7,314.7,396,245975,4250,23205.35
2025-01-23,2025-09-25,28000,PE,0.0,0.0,0.0,1606.2,3684.75,0,0,0,23205.35
2025-01-23,2026-06-25,28000,PE,0.0,0.0,0.0,6532.55,2930.55,0,0,0,23205.35
2025-01-23,2025-03-27,21600,PE,0.0,0.0,0.0,116.65,38.45,0,6000,0,23205.35
2025-01-23,2025-03-27,21600,CE,0.0,0.0,0.0,2608.5,1894.0,0,0,0,23205.35
2025-01-23,2026-12-31,21000,CE,0.0,0.0,0.0,3356.25,4987.5,0,0,0,23205.35
2025-01-23,2025-09-25,21000,CE,0.0,0.0,0.0,6742.1,3242.95,0,0,0,23205.35
2025-01-23,2026-12-31,21000,PE,0.0,0.0,0.0,337.1,208.4,0,1400,0,23205.35
2025-01-23,2025-01-30,26050,PE,0.0,0.0,0.0,2797.0,2810.95,0,175,0,23205.35
2025-01-23,2025-12-24,21000,CE,0.0,0.0,0.0,3540.0,3608.45,0,9925,0,23205.35
2025-01-23,2028-06-29,21000,CE,0.0,0.0,0.0,5226.55,6762.95,0,0,0,23205.35
2025-01-23,2026-12-31,20000,PE,0.0,0.0,0.0,290.0,116.15,0,4050,0,23205.35
2025-01-23,2025-12-24,20000,PE,183.05,189.5,181.05,185.5,185.5,141,89550,6650,23205.35
2025-01-23,2025-02-20,24950,PE,0.0,0.0,0.0,1531.15,1628.9,0,0,0,23205.35
2025-01-23,2025-02-27,22200,CE,0.0,0.0,0.0,1220.0,1200.85,0,375,0,23205.35
2025-01-23,2025-02-27,25400,PE,2100.0,2100.0,1950.0,1975.0,2039.45,10,1425,600,23205.35
2025-01-23,2025-01-30,25400,CE,1.9,2.25,1.6,1.7,1.7,97055,445225,135800,23205.35
2025-01-23,2025-02-06,24300,PE,1032.0,1032.0,1032.0,1032.0,1045.15,6,825,450,23205.35
2025-01-23,2025-02-27,24300,PE,1105.0,1105.2,978.15,1012.35,1012.35,60,26025,2850,23205.35
2025-01-23,2025-02-13,24900,CE,0.0,0.0,0.0,104.55,5.8,0,0,0,23205.35
2025-01-23,2025-03-27,24900,PE,0.0,0.0,0.0,1244.0,1509.1,0,2025,0,23205.35
2025-01-23,2025-01-30,24900,PE,1696.4,1696.4,1593.0,1627.15,1627.15,224,68425,2075,23205.35
2025-01-23,2025-02-06,24900,PE,1570.0,1570.0,1570.0,1570.0,1631.35,1,150,75,23205.35
2025-01-23,2025-01-23,24900,PE,1675.0,1698.0,1667.0,1697.2,23205.35,54,825,-4050,23205.35
2025-01-23,2025-03-27,25900,PE,0.0,0.0,0.0,1904.95,2417.2,0,0,0,23205.35
2025-01-23,2025-02-06,25900,CE,4.8,5.0,3.8,4.4,4.4,933,76050,39375,23205.35
2025-01-23,2025-01-30,25900,PE,2690.4,2690.4,2593.0,2623.75,2623.75,87,15350,1425,23205.35
2025-01-23,2025-03-27,25900,CE,47.1,47.1,40.4,42.2,42.2,38,4125,1275,23205.35
2025-01-23,2025-02-06,25900,PE,2550.0,2550.0,2550.0,2550.0,2627.7,1,75,75,23205.35
2025-01-23,2025-01-30,25900,CE,1.65,1.9,1.5,1.55,1.55,18549,198325,80875,23205.35
2025-01-23,2025-01-23,25900,CE,0.3,0.4,0.05,0.05,23205.35,117112,1478325,-1538325,23205.35
2025-01-23,2025-01-23,25900,PE,2691.0,2697.35,2631.0,2695.75,23205.35,39,975,-1875,23205.35
2025-01-23,2025-02-27,25900,CE,15.0,15.95,12.0,12.55,12.55,124,12300,3075,23205.35
2025-01-23,2025-02-27,25900,PE,0.0,0.0,0.0,2500.0,2529.85,0,225,0,23205.35
2025-01-23,2025-01-30,24100,PE,975.95,975.95,792.0,837.25,837.25,2548,403550,18025,23205.35
2025-01-23,2025-03-27,22750,PE,0.0,0.0,0.0,310.0,231.85,0,900,0,23205.35
2025-01-23,2025-02-27,22750,CE,875.55,875.55,875.55,875.55,757.45,1,8775,0,23205.35
2025-01-23,2025-01-30,22750,PE,62.8,66.05,38.2,44.2,44.2,144546,378125,25925,23205.35
2025-01-23,2025-03-27,23950,PE,0.0,0.0,0.0,878.85,792.8,0,6375,0,23205.35
2025-01-23,2025-01-30,23850,CE,17.15,25.8,11.15,18.75,18.75,169322,661750,319050,23205.35
2025-01-23,2025-02-20,23850,PE,0.0,0.0,0.0,681.15,672.0,0,0,0,23205.35
2025-01-23,2025-02-06,23850,PE,660.0,674.05,657.2,665.85,665.85,26,2475,1725,23205.35
2025-01-23,2025-02-20,21750,PE,0.0,0.0,0.0,32.1,10.25,0,0,0,23205.35
2025-01-23,2025-01-23,21750,CE,0.0,0.0,0.0,2361.75,23205.35,0,0,0,23205.35
2025-01-23,2025-01-23,22200,CE,905.05,1068.35,905.0,1005.65,23205.35,160,6000,600,23205.35
2025-01-23,2025-12-24,24000,PE,1053.0,1053.0,981.1,997.65,997.65,245,782725,675,23205.35
2025-01-23,2025-09-25,24000,PE,0.0,0.0,0.0,335.2,893.05,0,0,0,23205.35
2025-01-23,2025-03-27,22000,PE,180.0,182.5,151.5,159.55,159.55,4472,1902625,30000,23205.35
2025-01-23,2025-03-27,24000,PE,861.0,899.9,790.0,825.15,825.15,1859,1510050,-43425,23205.35
2025-01-23,2027-06-24,22000,PE,0.0,0.0,0.0,3995.4,345.85,0,0,0,23205.35
2025-01-23,2029-12-27,24000,CE,0.0,0.0,0.0,7730.0,6501.15,0,0,0,23205.35
2025-01-23,2027-12-30,22000,PE,0.0,0.0,0.0,329.0,335.95,0,25,0,23205.35
2025-01-23,2025-02-06,22000,PE,52.45,53.5,39.55,40.4,40.4,6198,345525,25050,23205.35
2025-01-23,2025-03-27,24000,CE,342.0,403.0,342.0,384.2,384.2,2133,933775,25175,23205.35
2025-01-23,2025-06-26,24000,PE,947.4,960.6,875.0,902.15,902.15,1130,572825,20275,23205.35
2025-01-23,2025-02-20,21550,PE,0.0,0.0,0.0,30.0,5.3,0,450,0,23205.35
2025-01-23,2028-12-28,20000,PE,0.0,0.0,0.0,370.0,134.6,0,875,0,23205.35
2025-01-23,2025-03-27,22100,PE,0.0,0.0,0.0,175.0,91.65,0,53400,0,23205.35
2025-01-23,2025-01-30,25100,PE,1824.0,1838.7,1797.0,1831.3,1831.3,110,35775,-2500,23205.35
2025-01-23,2025-02-20,22750,CE,0.0,0.0,0.0,907.95,703.05,0,0,0,23205.35
2025-01-23,2025-02-06,22750,PE,109.45,145.3,109.45,143.65,143.65,31,900,900,23205.35
2025-01-23,2025-01-30,22200,CE,970.0,1101.7,953.05,1076.35,1076.35,242,3875,-250,23205.35
2025-01-23,2025-02-27,23950,PE,779.0,779.0,743.05,756.0,756.95,41,15900,-750,23205.35
2025-01-23,2025-01-30,23950,PE,799.0,799.0,660.6,694.5,694.5,154,71550,-1150,23205.35
2025-01-23,2025-02-20,23950,CE,0.0,0.0,0.0,274.15,125.4,0,0,0,23205.35
2025-01-23,2025-03-27,23100,PE,457.0,460.0,403.2,415.3,415.3,63,45000,900,23205.35
2025-01-23,2025-02-06,23100,PE,301.0,311.7,237.55,249.5,249.5,3466,167175,28275,23205.35
2025-01-23,2025-01-30,23100,CE,251.8,324.9,206.0,286.6,286.6,299728,1758100,-251000,23205.35
2025-01-23,2025-02-06,25000,CE,14.05,15.1,12.0,12.4,12.4,9559,832800,56400,23205.35
2025-01-23,2025-12-24,25000,CE,1111.4,1169.7,1111.4,1142.35,1142.35,236,121275,-3200,23205.35
2025-01-23,2025-02-20,25000,CE,31.15,35.2,29.9,32.1,32.1,71,5325,3150,23205.35
2025-01-23,2025-03-27,25000,CE,107.5,121.35,102.0,113.7,113.7,3489,1275850,19025,23205.35
2025-01-23,2025-02-27,25450,CE,0.0,0.0,0.0,32.6,7.65,0,3150,0,23205.35
2025-01-23,2025-02-06,25450,PE,0.0,0.0,0.0,1213.25,2178.9,0,0,0,23205.35
2025-01-23,2029-06-28,25000,CE,0.0,0.0,0.0,7557.7,5390.5,0,0,0,23205.35
2025-01-23,2026-06-25,25000,PE,0.0,0.0,0.0,6063.1,1245.9,0,0,0,23205.35
2025-01-23,2026-06-25,25000,CE,0.0,0.0,0.0,1510.4,1735.0,0,0,0,23205.35
2025-01-23,2025-03-27,25800,PE,0.0,0.0,0.0,1825.9,2322.4,0,0,0,23205.35
2025-01-23,2025-02-06,25000,PE,1804.0,1804.0,1660.0,1683.2,1683.2,30,11025,1950,23205.35
2025-01-23,2025-02-06,25800,CE,5.0,5.0,4.0,4.45,4.45,193,15450,2625,23205.35
2025-01-23,2026-12-31,25000,PE,0.0,0.0,0.0,1400.0,1136.2,0,450,0,23205.35
2025-01-23,2025-06-26,25000,PE,1515.0,1528.65,1394.85,1440.5,1440.5,283,271450,10050,23205.35
2025-01-23,2025-01-30,25800,CE,2.15,2.15,1.4,1.65,1.65,36635,310925,98050,23205.35
2025-01-23,2025-09-25,25000,PE,0.0,0.0,0.0,1367.5,1422.2,0,750,0,23205.35
2025-01-23,2025-01-30,25000,CE,2.0,2.8,1.7,1.9,1.9,383574,7060000,2901025,23205.35
2025-01-23,2025-01-30,25000,PE,1849.95,1858.0,1681.0,1729.95,1729.95,7183,1375000,-26050,23205.35
2025-01-23,2025-02-13,23800,CE,170.0,219.0,170.0,203.5,203.5,263,18900,10125,23205.35
2025-01-23,2025-12-24,17000,PE,0.0,0.0,0.0,57.7,1.5,0,3525,0,23205.35
2025-01-23,2025-03-27,24200,PE,0.0,0.0,0.0,965.85,961.4,0,48000,0,23205.35
2025-01-23,2025-02-20,24200,PE,0.0,0.0,0.0,919.4,946.45,0,0,0,23205.35
2025-01-23,2025-02-06,24700,PE,1380.0,1380.0,1380.0,1380.0,1433.45,1,1275,75,23205.35
2025-01-23,2025-03-27,23400,PE,538.25,538.25,515.0,531.65,531.65,9,13575,225,23205.35
2025-01-23,2025-01-30,23050,PE,139.95,153.55,94.15,105.3,105.3,122527,625375,244425,23205.35
2025-01-23,2025-02-27,23050,CE,612.0,705.0,612.0,678.0,678.0,129,16500,600,23205.35
2025-01-23,2025-02-20,23050,CE,0.0,0.0,0.0,705.5,499.9,0,0,0,23205.35
2025-01-23,2025-01-30,26350,PE,0.0,0.0,0.0,3097.7,3110.55,0,125,0,23205.35
2025-01-23,2025-01-30,25400,PE,2247.0,2252.95,2100.0,2125.15,2125.15,206,35850,3100,23205.35
2025-01-23,2025-02-20,24300,PE,0.0,0.0,0.0,994.85,1031.4,0,0,0,23205.35
2025-01-23,2025-03-27,24300,PE,1010.8,1010.8,1010.8,1010.8,1033.2,1,15900,-75,23205.35
2025-01-23,2025-01-30,24300,PE,1150.0,1155.3,987.2,1033.4,1033.4,2085,330750,14850,23205.35
2025-01-23,2025-01-30,24300,CE,3.9,4.95,3.2,3.75,3.75,309352,3592175,1930425,23205.35
2025-01-23,2025-02-20,23100,PE,0.0,0.0,0.0,301.8,245.1,0,0,0,23205.35
2025-01-23,2025-03-27,21250,PE,0.0,0.0,0.0,42.85,19.15,0,0,0,23205.35
2025-01-23,2025-02-27,21250,PE,42.7,45.85,32.65,39.75,39.75,439,28350,17625,23205.35
2025-01-23,2025-01-30,21250,PE,2.2,5.2,1.65,1.8,1.8,335470,3388300,1755175,23205.35
2025-01-23,2025-02-06,21250,PE,18.45,18.45,10.55,11.1,11.1,566,18225,8250,23205.35
2025-01-23,2025-01-30,24850,PE,0.0,0.0,0.0,1493.85,1612.5,0,9300,0,23205.35
2025-01-23,2025-02-20,24850,CE,0.0,0.0,0.0,78.3,17.0,0,0,0,23205.35
2025-01-23,2025-03-27,21750,CE,0.0,0.0,0.0,1902.25,1757.95,0,0,0,23205.35
2025-01-23,2025-03-27,21750,PE,0.0,0.0,0.0,129.05,50.65,0,4200,0,23205.35
2025-01-23,2025-01-23,21750,PE,0.45,0.8,0.05,0.05,23205.35,104823,189300,-235725,23205.35
2025-01-23,2025-01-23,23150,PE,62.0,72.9,0.05,0.2,23205.35,7523436,8183400,4584900,23205.35
2025-01-23,2025-02-06,25950,PE,0.0,0.0,0.0,1641.55,2677.55,0,0,0,23205.35
2025-01-23,2025-01-30,25950,CE,1.95,1.95,1.5,1.6,1.6,9515,52925,16150,23205.35
2025-01-23,2025-01-23,25950,CE,0.25,0.4,0.05,0.05,23205.35,225435,2641875,-2518950,23205.35
2025-01-23,2025-09-25,29000,PE,0.0,0.0,0.0,2125.3,4575.55,0,0,0,23205.35
2025-01-23,2027-06-24,29000,PE,0.0,0.0,0.0,4627.1,2802.2,0,0,0,23205.35
2025-01-23,2025-06-26,29000,PE,0.0,0.0,0.0,6724.5,4991.15,0,0,0,23205.35
2025-01-23,2025-02-13,23800,PE,0.0,0.0,0.0,530.2,619.2,0,0,0,23205.35
2025-01-23,2025-01-23,25350,CE,0.45,0.55,0.05,0.05,23205.35,11622,180975,6750,23205.35
2025-01-23,2025-02-27,25350,CE,26.25,26.25,26.25,26.25,9.8,2,3150,150,23205.35
2025-01-23,2025-02-20,24750,PE,0.0,0.0,0.0,1357.2,1438.75,0,0,0,23205.35
2025-01-23,2025-02-06,24750,CE,20.25,22.3,17.0,19.5,19.5,122,13125,3750,23205.35
2025-01-23,2025-01-30,24750,PE,1472.05,1477.4,1449.7,1474.85,1474.85,63,13925,-575,23205.35
2025-01-23,2025-02-20,24750,CE,0.0,0.0,0.0,91.45,21.95,0,0,0,23205.35
2025-01-23,2025-03-27,21800,PE,145.25,145.5,125.05,133.0,133.0,161,42525,8400,23205.35
2025-01-23,2025-02-13,25300,PE,0.0,0.0,0.0,1652.5,1998.0,0,0,0,23205.35
2025-01-23,2025-02-27,25300,PE,0.0,0.0,0.0,1885.0,1942.5,0,375,0,23205.35
2025-01-23,2025-03-27,25300,CE,76.1,85.8,76.0,76.0,76.0,11,12075,300,23205.35
2025-01-23,2025-02-13,25300,CE,14.75,16.3,13.05,13.9,13.9,128,6825,2175,23205.35
2025-01-23,2025-02-13,23400,CE,342.65,395.0,320.0,371.05,371.05,276,15075,12150,23205.35
2025-01-23,2025-01-23,23400,CE,8.7,9.95,0.05,0.15,23205.35,4687120,6717450,-613125,23205.35
2025-01-23,2025-03-27,20000,CE,3400.0,3539.7,3400.0,3496.5,3437.8,89,420500,3700,23205.35
2025-01-23,2025-03-27,25250,PE,0.0,0.0,0.0,1415.9,1814.85,0,0,0,23205.35
2025-01-23,2025-01-23,25750,PE,0.0,0.0,0.0,1675.2,23205.35,0,0,0,23205.35
2025-01-23,2025-03-27,22200,CE,0.0,0.0,0.0,1538.9,1369.7,0,75,0,23205.35
2025-01-23,2025-01-30,22750,CE,460.0,601.25,449.25,561.35,561.35,2779,48100,16325,23205.35
2025-01-23,2025-02-13,23550,CE,0.0,0.0,0.0,546.3,192.7,0,0,0,23205.35
2025-01-23,2025-06-26,23000,PE,537.0,552.8,500.0,516.2,516.2,761,703000,8150,23205.35
2025-01-23,2025-02-20,23000,PE,295.55,298.0,280.5,287.95,287.95,48,6525,2100,23205.35
2025-01-23,2025-01-30,23000,PE,131.95,135.65,81.6,91.95,91.95,758723,6796975,1345075,23205.35
2025-01-23,2025-02-06,23000,PE,257.75,274.95,204.4,213.5,213.5,7944,405600,50025,23205.35
2025-01-23,2025-01-23,25550,CE,0.55,0.55,0.05,0.1,23205.35,18033,94125,-58125,23205.35
2025-01-23,2025-02-13,23850,PE,0.0,0.0,0.0,557.7,657.05,0,0,0,23205.35
2025-01-23,2025-03-27,23850,PE,0.0,0.0,0.0,865.65,730.05,0,225,0,23205.35
2025-01-23,2025-01-23,23050,PE,19.9,27.5,0.05,0.15,23205.35,3354082,4016025,-680925,23205.35
2025-01-23,2025-03-27,23050,PE,393.55,393.55,378.1,385.3,332.6,5,2100,0,23205.35
2025-01-23,2025-01-30,26350,CE,1.75,1.85,1.45,1.6,1.6,6066,84475,425,23205.35
2025-01-23,2025-01-30,24400,CE,3.45,4.25,2.65,3.2,3.2,192187,1900400,986550,23205.35
2025-01-23,2025-02-27,24600,PE,1242.1,1258.75,1234.45,1238.4,1288.0,134,40350,6150,23205.35
2025-01-23,2025-02-27,24600,CE,76.5,87.0,69.05,79.45,79.45,1691,99600,-6075,23205.35
2025-01-23,2025-01-23,24600,CE,0.6,0.6,0.05,0.05,23205.35,137748,609825,-881100,23205.35
2025-01-23,2025-02-13,24600,PE,0.0,0.0,0.0,1061.75,1314.35,0,0,0,23205.35
2025-01-23,2025-02-20,24600,PE,0.0,0.0,0.0,1231.4,1299.2,0,0,0,23205.35
2025-01-23,2025-03-27,24600,PE,0.0,0.0,0.0,1121.85,1262.3,0,10725,0,23205.35
2025-01-23,2025-02-13,23350,CE,0.0,0.0,0.0,489.1,275.05,0,900,0,23205.35
2025-01-23,2025-01-30,23350,PE,298.25,311.3,206.65,226.7,226.7,60815,444375,108275,23205.35
2025-01-23,2025-03-27,21550,CE,0.0,0.0,0.0,2653.4,1939.95,0,0,0,23205.35
2025-01-23,2025-02-20,21550,CE,0.0,0.0,0.0,1932.65,1771.95,0,0,0,23205.35
2025-01-23,2025-02-06,25400,PE,0.0,0.0,0.0,1172.9,2129.05,0,0,0,23205.35
2025-01-23,2025-01-23,24300,PE,1180.0,1180.0,1029.75,1095.45,23205.35,685,13875,-40875,23205.35
2025-01-23,2025-02-13,24300,PE,0.0,0.0,0.0,840.65,1035.7,0,0,0,23205.35
2025-01-23,2025-03-27,24300,CE,238.1,287.25,238.05,275.4,275.4,499,76800,-24825,23205.35
2025-01-23,2025-09-25,28000,CE,0.0,0.0,0.0,1788.2,130.45,0,0,0,23205.35
2025-01-23,2026-12-31,28000,CE,0.0,0.0,0.0,1871.1,1195.0,0,0,0,23205.35
2025-01-23,2027-06-24,28000,PE,0.0,0.0,0.0,5959.35,2275.35,0,0,0,23205.35
2025-01-23,2025-06-26,28000,CE,54.4,55.25,45.65,48.2,48.2,207,147775,7100,23205.35
2025-01-23,2027-06-24,24000,CE,0.0,0.0,0.0,2299.55,3570.45,0,0,0,23205.35
2025-01-23,2029-06-28,22000,PE,0.0,0.0,0.0,422.0,287.75,0,0,0,23205.35
2025-01-23,2025-09-25,22000,CE,0.0,0.0,0.0,5865.75,2431.4,0,0,0,23205.35
2025-01-23,2025-02-20,24000,PE,0.0,0.0,0.0,930.0,784.85,0,0,0,23205.35
2025-01-23,2025-02-27,24000,PE,884.15,902.0,770.8,801.35,801.35,3492,879000,19425,23205.35
2025-01-23,2025-01-30,22000,CE,1200.0,1315.3,1139.0,1267.45,1267.45,4012,1092975,-16925,23205.35
2025-01-23,2027-06-24,22000,CE,0.0,0.0,0.0,2783.5,4862.25,0,0,0,23205.35
2025-01-23,2025-09-25,18000,PE,0.0,0.0,0.0,3.05,2.4,0,0,0,23205.35
2025-01-23,2025-03-27,18000,PE,7.5,8.3,6.65,7.3,7.3,801,394625,19950,23205.35
2025-01-23,2025-02-27,21550,CE,1865.4,1889.0,1600.0,1889.0,1804.25,10,450,450,23205.35
2025-01-23,2025-03-27,22050,CE,0.0,0.0,0.0,2215.8,1495.3,0,0,0,23205.35
2025-01-23,2025-01-30,24600,CE,2.7,3.4,2.0,2.4,2.4,121202,1273500,481125,23205.35
2025-01-23,2028-12-28,22000,PE,0.0,0.0,0.0,521.3,305.35,0,225,0,23205.35
2025-01-23,2025-01-23,24000,CE,0.8,0.8,0.05,0.05,23205.35,962592,6520725,-3062850,23205.35
2025-01-23,2026-06-25,24000,PE,0.0,0.0,0.0,822.05,855.15,0,75,0,23205.35
2025-01-23,2025-03-27,22000,CE,1582.35,1725.0,1582.35,1670.4,1670.4,64,404575,-675,23205.35
2025-01-23,2028-12-28,24000,PE,0.0,0.0,0.0,564.65,594.5,0,525,0,23205.35
2025-01-23,2029-06-28,24000,CE,0.0,0.0,0.0,8085.35,5956.0,0,0,0,23205.35
2025-01-23,2025-02-13,24000,CE,125.05,160.0,121.0,141.9,141.9,1294,90900,47925,23205.35
2025-01-23,2029-12-27,22000,CE,0.0,0.0,0.0,8865.25,7701.35,0,0,0,23205.35
2025-01-23,2025-02-27,24000,CE,206.0,232.85,186.5,215.8,215.8,15361,1968075,116475,23205.35
2025-01-23,2025-01-30,24000,PE,818.0,874.1,694.4,740.8,740.8,23350,3059700,-40550,23205.35
2025-01-23,2029-06-28,18000,CE,0.0,0.0,0.0,11678.65,9907.55,0,0,0,23205.35
2025-01-23,2025-09-25,18000,CE,0.0,0.0,0.0,9482.9,6005.1,0,0,0,23205.35
2025-01-23,2028-12-28,18000,CE,0.0,0.0,0.0,9380.3,9449.35,0,0,0,23205.35
2025-01-23,2025-06-26,18000,PE,0.0,0.0,0.0,20.4,0.3,0,9375,0,23205.35
2025-01-23,2026-12-31,18000,PE,0.0,0.0,0.0,76.1,27.5,0,5175,0,23205.35
2025-01-23,2025-02-06,23750,PE,607.0,607.0,571.1,587.35,587.35,23,1425,1425,23205.35
2025-01-23,2025-03-27,21500,PE,112.05,114.0,95.65,99.75,99.75,1292,151650,2850,23205.35
2025-01-23,2025-01-23,23750,PE,623.0,633.1,482.85,542.65,23205.35,677,15150,-15075,23205.35
2025-01-23,2025-01-30,23750,PE,565.0,565.0,474.8,511.4,511.4,797,98925,0,23205.35
2025-01-23,2025-01-23,21500,PE,0.4,0.7,0.05,0.05,23205.35,295909,2022825,-1950525,23205.35
2025-01-23,2025-02-13,23750,PE,0.0,0.0,0.0,735.5,582.35,0,150,0,23205.35
2025-01-23,2025-12-24,20000,CE,4190.8,4388.05,4190.75,4387.7,4466.6,12,21425,300,23205.35
2025-01-23,2025-02-06,24950,CE,15.6,15.95,11.6,12.75,12.75,144,9375,-300,23205.35
2025-01-23,2026-12-31,20000,CE,0.0,0.0,0.0,3704.3,5772.7,0,0,0,23205.35
2025-01-23,2025-03-27,24950,CE,0.0,0.0,0.0,113.3,96.1,0,3600,0,23205.35
2025-01-23,2025-01-23,25650,PE,0.0,0.0,0.0,1585.75,23205.35,0,0,0,23205.35
2025-01-23,2025-02-27,25650,PE,0.0,0.0,0.0,1064.7,2283.7,0,75,0,23205.35
2025-01-23,2025-01-23,25650,CE,0.3,0.4,0.05,0.05,23205.35,11084,270450,-55725,23205.35
2025-01-23,2025-01-30,25650,CE,1.65,1.95,1.45,1.6,1.6,10694,66125,-625,23205.35
2025-01-23,2025-03-27,25650,PE,0.0,0.0,0.0,1709.8,2181.45,0,0,0,23205.35
2025-01-23,2025-01-30,25250,CE,2.05,2.6,1.5,1.7,1.7,14358,67850,-2025,23205.35
2025-01-23,2025-02-06,25250,PE,0.0,0.0,0.0,1055.3,1979.55,0,0,0,23205.35
2025-01-23,2025-03-27,25250,CE,0.0,0.0,0.0,93.5,62.7,0,225,0,23205.35
2025-01-23,2025-03-27,25450,CE,0.0,0.0,0.0,59.5,46.4,0,1500,0,23205.35
2025-01-23,2025-02-13,21500,CE,0.0,0.0,0.0,2188.7,1790.3,0,0,0,23205.35
2025-01-23,2025-02-20,21500,PE,0.0,0.0,0.0,18.5,4.45,0,0,0,23205.35
2025-01-23,2025-02-20,24950,CE,0.0,0.0,0.0,66.75,13.1,0,0,0,23205.35
2025-01-23,2028-06-29,20000,PE,0.0,0.0,0.0,400.0,135.85,0,0,0,23205.35
2025-01-23,2029-12-27,20000,CE,0.0,0.0,0.0,10081.1,8992.25,0,0,0,23205.35
2025-01-23,2025-02-13,24950,PE,0.0,0.0,0.0,1346.05,1652.85,0,0,0,23205.35
2025-01-23,2025-02-06,25250,CE,9.0,10.45,7.1,7.4,7.4,99,9600,-75,23205.35
2025-01-23,2025-02-13,25250,PE,0.0,0.0,0.0,1607.6,1948.45,0,0,0,23205.35
2025-01-23,2027-12-30,20000,PE,0.0,0.0,0.0,400.0,134.25,0,4025,0,23205.35
2025-01-23,2025-01-23,23850,CE,0.8,0.95,0.05,0.1,23205.35,399892,1987125,-120450,23205.35
2025-01-23,2025-02-06,23850,CE,110.85,145.2,110.85,127.6,127.6,424,23550,8325,23205.35
2025-01-23,2025-02-13,23850,CE,0.0,0.0,0.0,201.6,104.85,0,75,0,23205.35
2025-01-23,2025-02-20,23850,CE,0.0,0.0,0.0,309.1,150.55,0,0,0,23205.35
2025-01-23,2025-03-27,31000,PE,7287.0,7300.15,7275.4,7294.2,7435.6,19,42700,-525,23205.35
2025-01-23,2025-03-27,31000,CE,8.6,8.85,8.05,8.1,8.1,235,513925,-5400,23205.35
2025-01-23,2025-02-27,21750,PE,0.0,0.0,0.0,34.65,17.3,0,75,0,23205.35
2025-01-23,2025-02-13,21750,PE,0.0,0.0,0.0,21.2,4.55,0,0,0,23205.35
2025-01-23,2025-03-27,25050,CE,0.0,0.0,0.0,96.0,83.6,0,1875,0,23205.35
2025-01-23,2025-01-30,25050,CE,1.95,2.55,1.65,1.8,1.8,15432,51400,-47150,23205.35
2025-01-23,2025-02-27,25050,PE,0.0,0.0,0.0,1022.6,1702.95,0,75,0,23205.35
2025-01-23,2025-02-20,22700,CE,0.0,0.0,0.0,945.35,740.4,0,0,0,23205.35
2025-01-23,2025-01-23,22700,CE,432.0,570.0,406.4,506.95,23205.35,2352,27225,-27225,23205.35
2025-01-23,2025-02-20,23450,CE,0.0,0.0,0.0,480.65,290.2,0,0,0,23205.35
2025-01-23,2025-02-20,23450,PE,0.0,0.0,0.0,455.5,413.75,0,0,0,23205.35
2025-01-23,2025-02-27,25600,PE,2165.0,2175.0,2135.0,2165.0,2234.7,16,3075,225,23205.35
2025-01-23,2025-01-23,25600,CE,0.2,0.45,0.05,0.1,23205.35,16483,429825,-116100,23205.35
2025-01-23,2025-01-30,25600,CE,2.0,2.15,1.45,1.7,1.7,55835,374650,13000,23205.35
2025-01-23,2025-01-23,25600,PE,2474.95,2474.95,2343.4,2395.35,23205.35,48,900,-2700,23205.35
2025-01-23,2025-03-27,25600,CE,55.1,55.1,55.1,55.1,55.1,2,4725,-150,23205.35
2025-01-23,2025-02-27,25600,CE,18.9,20.1,17.2,17.9,17.9,110,27975,-2850,23205.35
2025-01-23,2025-02-06,25600,CE,6.25,6.25,4.2,5.05,5.05,184,13125,7500,23205.35
2025-01-23,2025-01-30,25600,PE,2398.3,2398.3,2253.9,2321.85,2321.85,218,36525,3225,23205.35
2025-01-23,2025-02-06,25600,PE,0.0,0.0,0.0,1337.2,2328.5,0,0,0,23205.35
2025-01-23,2025-03-27,25600,PE,0.0,0.0,0.0,1672.75,2134.85,0,0,0,23205.35
2025-01-23,2025-02-13,21350,CE,0.0,0.0,0.0,2334.0,1938.9,0,0,0,23205.35
2025-01-23,2025-02-20,21350,CE,0.0,0.0,0.0,2123.5,1968.2,0,0,0,23205.35
2025-01-23,2025-02-13,24850,PE,0.0,0.0,0.0,1262.25,1555.2,0,0,0,23205.35
2025-01-23,2025-01-30,25100,CE,2.0,2.6,1.65,1.8,1.8,62360,1040675,-16450,23205.35
2025-01-23,2025-02-20,25100,CE,0.0,0.0,0.0,52.15,8.7,0,0,0,23205.35
2025-01-23,2025-02-20,25100,PE,0.0,0.0,0.0,1665.5,1773.7,0,0,0,23205.35
2025-01-23,2025-02-06,25100,CE,11.0,14.5,9.55,9.9,9.9,380,23475,11700,23205.35
2025-01-23,2025-01-30,24850,CE,2.5,2.9,1.65,2.0,2.0,22054,118125,-63550,23205.35
2025-01-23,2025-01-23,24850,PE,1664.8,1664.8,1648.35,1649.2,23205.35,7,450,-75,23205.35
2025-01-23,2025-02-27,24050,PE,845.0,845.0,819.0,834.15,834.15,11,8175,-375,23205.35
2025-01-23,2025-02-06,24050,CE,82.5,96.35,74.25,84.6,84.6,434,16875,3825,23205.35
2025-01-23,2025-02-13,24050,PE,0.0,0.0,0.0,675.75,817.75,0,0,0,23205.35
2025-01-23,2025-01-23,24050,CE,0.7,0.75,0.05,0.1,23205.35,224759,1619475,406575,23205.35
2025-01-23,2025-01-23,24050,PE,845.0,845.0,790.0,844.95,23205.35,47,5400,-1875,23205.35
2025-01-23,2025-06-26,16000,PE,0.0,0.0,0.0,1.5,0.05,0,1425,0,23205.35
2025-01-23,2025-02-20,21900,CE,0.0,0.0,0.0,1608.05,1434.65,0,0,0,23205.35
2025-01-23,2026-12-31,14000,PE,0.0,0.0,0.0,20.25,0.3,0,1175,0,23205.35
2025-01-23,2025-02-13,23450,CE,0.0,0.0,0.0,601.35,231.35,0,0,0,23205.35
2025-01-23,2025-01-23,23450,PE,329.95,349.55,180.0,243.65,23205.35,57298,196275,-87900,23205.35
2025-01-23,2029-12-27,21000,CE,0.0,0.0,0.0,9463.95,8336.9,0,0,0,23205.35
2025-01-23,2027-12-30,21000,CE,0.0,0.0,0.0,4902.4,6196.75,0,0,0,23205.35
2025-01-23,2027-06-24,21000,CE,0.0,0.0,0.0,3061.8,5582.9,0,0,0,23205.35
2025-01-23,2025-03-27,22500,PE,275.0,279.95,236.85,248.95,248.95,1022,1321575,5625,23205.35
2025-01-23,2025-02-06,22500,PE,121.0,125.5,91.55,94.35,94.35,5225,192975,88350,23205.35
2025-01-23,2025-02-27,22500,PE,209.8,213.35,171.95,178.65,178.65,7165,1425975,33750,23205.35
2025-01-23,2025-01-30,22000,PE,6.6,7.7,4.7,5.75,5.75,541031,7666450,2212225,23205.35
2025-01-23,2025-02-20,22000,CE,0.0,0.0,0.0,1518.25,1340.65,0,0,0,23205.35
2025-01-23,2025-01-23,22000,CE,1115.0,1265.7,1113.65,1202.25,23205.35,139,5775,-3750,23205.35
2025-01-23,2027-12-30,24000,CE,0.0,0.0,0.0,3778.95,4214.65,0,0,0,23205.35
2025-01-23,2028-06-29,24000,CE,0.0,0.0,0.0,3918.85,4813.8,0,0,0,23205.35
2025-01-23,2025-12-24,22000,PE,459.15,469.6,449.05,457.3,457.3,349,332500,1300,23205.35
2025-01-23,2025-02-20,24000,CE,160.9,190.05,153.5,181.75,181.75,81,9075,450,23205.35
2025-01-23,2025-09-25,24000,CE,1220.0,1220.0,1220.0,1220.0,1161.5,1,2100,0,23205.35
2025-01-23,2025-06-26,18000,CE,0.0,0.0,0.0,5700.0,5711.05,0,2350,0,23205.35
2025-01-23,2029-12-27,18000,CE,0.0,0.0,0.0,11362.4,10349.65,0,0,0,23205.35
2025-01-23,2027-12-30,18000,PE,0.0,0.0,0.0,244.4,41.8,0,10175,0,23205.35
2025-01-23,2026-06-25,18000,CE,0.0,0.0,0.0,7400.0,6866.5,0,100,0,23205.35
2025-01-23,2028-06-29,18000,PE,0.0,0.0,0.0,396.75,45.95,0,0,0,23205.35
2025-01-23,2025-03-27,25400,PE,0.0,0.0,0.0,1523.1,1950.55,0,0,0,23205.35
2025-01-23,2025-02-06,25400,CE,6.3,7.85,5.4,5.95,5.95,148,9900,4800,23205.35
2025-01-23,2025-01-30,22100,CE,1110.0,1202.35,1110.0,1170.65,1170.65,106,2425,625,23205.35
2025-01-23,2025-01-23,22100,PE,0.6,1.0,0.05,0.05,23205.35,473778,2020275,-147525,23205.35
2025-01-23,2025-02-06,22100,CE,1275.0,1275.0,1275.0,1275.0,1168.55,12,1125,900,23205.35
2025-01-23,2025-01-23,22100,CE,1086.0,1165.0,1086.0,1104.65,23205.35,21,750,-525,23205.35
2025-01-23,2025-02-06,24500,PE,1316.05,1316.05,1172.9,1211.0,1237.45,92,12150,6750,23205.35
2025-01-23,2025-02-27,22100,CE,0.0,0.0,0.0,2321.95,1289.55,0,0,0,23205.35
2025-01-23,2025-02-20,24200,CE,0.0,0.0,0.0,199.75,76.8,0,0,0,23205.35
2025-01-23,2025-02-13,24200,PE,0.0,0.0,0.0,772.5,946.6,0,0,0,23205.35
2025-01-23,2025-02-13,22850,CE,0.0,0.0,0.0,998.45,571.2,0,0,0,23205.35
2025-01-23,2025-02-20,22850,PE,0.0,0.0,0.0,245.0,157.9,0,75,0,23205.35
2025-01-23,2025-02-27,26300,CE,9.35,11.4,8.5,9.25,0.7,99,11925,-375,23205.35
2025-01-23,2025-02-06,24700,CE,20.95,24.3,19.75,20.85,20.85,907,72825,10050,23205.35
2025-01-23,2025-02-20,24700,CE,0.0,0.0,0.0,98.65,24.85,0,0,0,23205.35
2025-01-23,2025-01-23,24700,CE,0.5,0.55,0.05,0.05,23205.35,136131,1255350,-354450,23205.35
2025-01-23,2025-02-20,24700,PE,0.0,0.0,0.0,1314.8,1391.9,0,0,0,23205.35
2025-01-23,2025-02-20,23400,CE,0.0,0.0,0.0,505.9,312.45,0,0,0,23205.35
2025-01-23,2025-01-23,23400,PE,279.95,300.65,132.2,193.8,23205.35,445958,697800,-164475,23205.35
2025-01-23,2025-02-06,23400,CE,280.15,325.5,250.0,295.05,295.05,3246,207150,5175,23205.35
2025-01-23,2025-01-30,23400,PE,332.9,348.2,232.3,255.55,255.55,141829,1750425,53725,23205.35
2025-01-23,2025-02-13,25050,CE,0.0,0.0,0.0,83.35,3.5,0,0,0,23205.35
2025-01-23,2025-01-23,25050,CE,0.45,0.5,0.05,0.05,23205.35,9648,249600,-92550,23205.35
2025-01-23,2025-02-27,26500,CE,8.55,9.15,7.75,8.05,8.05,670,241125,17925,23205.35
2025-01-23,2025-01-30,26500,CE,1.75,1.9,1.45,1.6,1.6,561449,8583725,5251875,23205.35
2025-01-23,2025-01-30,26400,PE,3150.0,3150.0,3130.0,3143.2,3143.2,5,6025,-100,23205.35
2025-01-23,2025-01-30,26150,PE,0.0,0.0,0.0,2897.0,2910.8,0,150,0,23205.35
2025-01-23,2025-02-27,25150,PE,0.0,0.0,0.0,957.5,1798.2,0,75,0,23205.35
2025-01-23,2025-03-27,22400,CE,0.0,0.0,0.0,1320.0,1209.25,0,225,0,23205.35
2025-01-23,2025-02-13,22400,PE,0.0,0.0,0.0,81.05,41.0,0,75,0,23205.35
2025-01-23,2025-03-27,22400,PE,242.85,242.85,212.0,212.0,212.0,3,109050,225,23205.35
2025-01-23,2025-02-06,21550,CE,0.0,0.0,0.0,2791.2,1711.4,0,0,0,23205.35
2025-01-23,2025-02-27,21600,CE,0.0,0.0,0.0,2763.2,1756.15,0,0,0,23205.35
2025-01-23,2025-02-06,21600,CE,0.0,0.0,0.0,2741.95,1661.65,0,0,0,23205.35
2025-01-23,2025-02-20,21600,CE,0.0,0.0,0.0,1885.45,1723.15,0,0,0,23205.35
