date,expiry,strike,opt_type,open,high,low,close,settle,volume,oi,oi_change,underlying
2024-05-23,2024-05-23,20200,CE,2475.85,2681.55,2413.95,2680.15,22967.65,59,1275,250,0.0
2024-05-23,2024-05-23,20250,CE,0.0,0.0,0.0,2235.0,22967.65,0,1425,0,0.0
2024-05-23,2024-05-23,20300,CE,2540.0,2680.0,2515.0,2679.35,22967.65,31,2200,-475,0.0
2024-05-23,2024-05-23,20350,CE,2364.35,2662.55,2359.4,2615.45,22967.65,28,2125,-50,0.0
2024-05-23,2024-05-23,20400,CE,0.0,0.0,0.0,2010.75,22967.65,0,1600,0,0.0
2024-05-23,2024-05-23,20450,CE,0.0,0.0,0.0,1961.15,22967.65,0,2125,0,0.0
2024-05-23,2024-05-23,20500,CE,2335.0,2473.9,2328.0,2469.35,22967.65,35,2100,-475,0.0
2024-05-23,2024-05-23,20550,CE,0.0,0.0,0.0,1960.1,22967.65,0,1575,0,0.0
2024-05-23,2024-05-23,20600,CE,2270.0,2372.65,2270.0,2372.65,22967.65,7,775,-150,0.0
2024-05-23,2024-05-23,20650,CE,2328.1,2328.1,2328.1,2328.1,22967.65,2,1750,0,0.0
2024-05-23,2024-05-23,20700,CE,2150.0,2264.5,2135.0,2264.5,22967.65,178,1075,-4025,0.0
2024-05-23,2024-05-23,20750,CE,2100.0,2100.0,2100.0,2100.0,22967.65,12,1975,300,0.0
2024-05-23,2024-05-23,20800,CE,1801.85,2170.0,1801.85,2170.0,22967.65,25,1475,-375,0.0
2024-05-23,2024-05-23,20850,CE,1825.0,2124.0,1825.0,2124.0,22967.65,155,1500,-475,0.0
2024-05-23,2024-05-23,20900,CE,1690.0,2000.0,1690.0,2000.0,22967.65,76,3175,-875,0.0
2024-05-23,2024-05-23,20950,CE,1829.55,1829.55,1717.15,1717.15,22967.65,2,1250,25,0.0
2024-05-23,2024-05-23,21000,CE,1615.05,1974.1,1594.0,1959.55,22967.65,625,5475,-10125,0.0
2024-05-23,2024-05-23,21050,CE,1650.0,1650.0,1650.0,1650.0,22967.65,4,925,0,0.0
2024-05-23,2024-05-23,21100,CE,1640.0,1842.0,1630.0,1840.0,22967.65,44,1075,-650,0.0
2024-05-23,2024-05-23,21150,CE,1696.45,1986.4,1696.45,1779.7,22967.65,34,675,325,0.0
2024-05-23,2024-05-23,21200,CE,1525.0,1770.2,1475.1,1770.05,22967.65,65,1125,-800,0.0
2024-05-23,2024-05-23,21250,CE,0.0,0.0,0.0,1383.95,22967.65,0,825,0,0.0
2024-05-23,2024-05-23,21300,CE,1290.0,1670.0,1290.0,1661.5,22967.65,72,1675,-500,0.0
2024-05-23,2024-05-23,21350,CE,1325.0,1618.1,1325.0,1616.95,22967.65,17,650,-300,0.0
2024-05-23,2024-05-23,21400,CE,1290.0,1572.35,1288.4,1569.75,22967.65,197,6275,-1800,0.0
2024-05-23,2024-05-23,21450,CE,1250.0,1519.0,1228.4,1517.6,22967.65,129,2375,-800,0.0
2024-05-23,2024-05-23,21500,CE,1108.4,1473.1,1089.05,1466.95,22967.65,1934,24000,-10425,0.0
2024-05-23,2024-05-23,21550,CE,1069.45,1305.8,1069.45,1305.8,22967.65,14,2400,-25,0.0
2024-05-23,2024-05-23,21600,CE,1007.65,1370.25,993.25,1355.0,22967.65,1466,20775,-16275,0.0
2024-05-23,2024-05-23,21650,CE,1076.75,1323.85,1026.75,1315.75,22967.65,43,7500,-475,0.0
2024-05-23,2024-05-23,21700,CE,917.35,1273.65,894.45,1252.25,22967.65,1303,14975,-13925,0.0
2024-05-23,2024-05-23,21750,CE,848.45,1221.85,848.45,1213.6,22967.65,67,8275,-625,0.0
2024-05-23,2024-05-23,21800,CE,806.95,1174.2,790.0,1166.45,22967.65,2664,11900,-21475,0.0
2024-05-23,2024-05-23,21850,CE,752.0,1129.8,748.1,1119.7,22967.65,660,17050,-9275,0.0
2024-05-23,2024-05-23,21900,CE,700.05,1073.25,689.75,1064.55,22967.65,1445,32375,-12375,0.0
2024-05-23,2024-05-23,21950,CE,674.3,1028.25,648.4,1015.65,22967.65,646,375075,-1800,0.0
2024-05-23,2024-05-23,22000,CE,635.0,976.55,587.1,962.3,22967.65,19113,219825,-138600,0.0
2024-05-23,2024-05-23,22050,CE,545.45,923.65,545.2,907.9,22967.65,1799,39625,-20425,0.0
2024-05-23,2024-05-23,22100,CE,501.0,873.75,487.15,850.85,22967.65,12158,240725,-138950,0.0
2024-05-23,2024-05-23,22150,CE,463.45,824.1,437.55,814.5,22967.65,5423,83675,-38900,0.0
2024-05-23,2024-05-23,22200,CE,405.9,775.1,390.0,760.55,22967.65,27022,494200,-218000,0.0
2024-05-23,2024-05-23,22250,CE,387.05,723.6,341.9,709.95,22967.65,10617,171525,-53025,0.0
2024-05-23,2024-05-23,22300,CE,322.6,676.05,294.5,664.05,22967.65,83127,250050,-216075,0.0
2024-05-23,2024-05-23,22350,CE,267.0,625.1,248.25,613.3,22967.65,29347,491500,-95350,0.0
2024-05-23,2024-05-23,22400,CE,224.35,576.8,204.0,562.7,22967.65,274144,828450,-833725,0.0
2024-05-23,2024-05-23,22450,CE,199.95,527.4,162.6,511.5,22967.65,222735,279175,-231600,0.0
2024-05-23,2024-05-23,22500,CE,151.1,477.95,123.8,459.65,22967.65,1543247,976750,-2212900,0.0
2024-05-23,2024-05-23,22550,CE,119.0,427.65,90.0,410.9,22967.65,1619919,1229650,-1285175,0.0
2024-05-23,2024-05-23,22600,CE,65.0,378.15,60.0,361.5,22967.65,6749919,1493550,-3605000,0.0
2024-05-23,2024-05-23,22650,CE,39.75,327.95,39.7,310.45,22967.65,7576691,3557675,435825,0.0
2024-05-23,2024-05-23,22700,CE,29.9,277.55,25.0,258.15,22967.65,15455876,6789675,2242500,0.0
2024-05-23,2024-05-23,22750,CE,15.0,227.7,13.5,208.1,22967.65,13237555,3679075,308850,0.0
2024-05-23,2024-05-23,22800,CE,9.25,178.0,7.6,156.3,22967.65,22414710,6506650,464725,0.0
2024-05-23,2024-05-23,22850,CE,3.75,127.75,3.35,104.8,22967.65,23616887,6371150,2790025,0.0
2024-05-23,2024-05-23,22900,CE,3.05,77.65,1.35,54.65,22967.65,39323254,8229250,2784850,0.0
2024-05-23,2024-05-23,22950,CE,1.0,38.05,0.75,13.95,22967.65,48526397,22392100,19417975,0.0
2024-05-23,2024-05-23,23000,CE,0.9,17.15,0.05,1.1,22967.65,63636625,24400200,14081250,0.0
2024-05-23,2024-05-23,23050,CE,0.5,9.1,0.05,0.35,22967.65,26348158,7671900,5371900,0.0
2024-05-23,2024-05-23,23100,CE,0.4,4.5,0.05,0.2,22967.65,23379980,11765925,7534525,0.0
2024-05-23,2024-05-23,23150,CE,0.2,2.3,0.05,0.15,22967.65,9712482,4395000,2597475,0.0
2024-05-23,2024-05-23,23200,CE,0.25,1.3,0.05,0.15,22967.65,9451841,9459675,6090975,0.0
2024-05-23,2024-05-23,23250,CE,0.25,0.7,0.05,0.15,22967.65,3608093,2660625,1595850,0.0
2024-05-23,2024-05-23,23300,CE,0.3,0.45,0.05,0.15,22967.65,4626154,4683275,2058525,0.0
2024-05-23,2024-05-23,23350,CE,0.25,0.3,0.05,0.15,22967.65,1425490,1345700,915550,0.0
2024-05-23,2024-05-23,23400,CE,0.3,0.3,0.05,0.1,22967.65,1455554,1615800,522275,0.0
2024-05-23,2024-05-23,23450,CE,0.2,0.3,0.05,0.1,22967.65,644440,714525,583375,0.0
2024-05-23,2024-05-23,23500,CE,0.25,0.25,0.05,0.1,22967.65,1354445,3901475,52675,0.0
2024-05-23,2024-05-23,23550,CE,0.25,0.25,0.05,0.1,22967.65,141239,290625,100575,0.0
2024-05-23,2024-05-23,23600,CE,0.15,0.25,0.05,0.1,22967.65,183755,870250,321275,0.0
2024-05-23,2024-05-23,23650,CE,0.15,0.3,0.05,0.15,22967.65,170459,347575,178600,0.0
2024-05-23,2024-05-23,23700,CE,0.2,0.2,0.05,0.1,22967.65,165193,790325,-146725,0.0
2024-05-23,2024-05-23,23750,CE,0.25,0.25,0.05,0.1,22967.65,55246,283200,199875,0.0
2024-05-23,2024-05-23,23800,CE,0.1,0.25,0.05,0.1,22967.65,70972,455475,3900,0.0
2024-05-23,2024-05-23,23850,CE,0.2,0.2,0.05,0.15,22967.65,26601,129525,5250,0.0
2024-05-23,2024-05-23,23900,CE,0.1,0.2,0.05,0.1,22967.65,40625,397800,73975,0.0
2024-05-23,2024-05-23,23950,CE,0.2,0.2,0.05,0.1,22967.65,21993,73450,-8950,0.0
2024-05-23,2024-05-23,24000,CE,0.2,0.2,0.05,0.1,22967.65,217381,2218525,-924400,0.0
2024-05-23,2024-05-23,24050,CE,0.1,0.2,0.05,0.1,22967.65,10887,62000,5700,0.0
2024-05-23,2024-05-23,24100,CE,0.15,0.15,0.05,0.05,22967.65,14339,192975,-9750,0.0
2024-05-23,2024-05-23,24150,CE,0.25,0.25,0.05,0.1,22967.65,13483,150150,18075,0.0
2024-05-23,2024-05-23,24200,CE,0.1,0.2,0.05,0.05,22967.65,10220,348750,7775,0.0
2024-05-23,2024-05-23,24250,CE,0.15,0.2,0.05,0.05,22967.65,18206,208575,48150,0.0
2024-05-23,2024-05-23,24300,CE,0.15,0.2,0.05,0.05,22967.65,17319,571025,-37850,0.0
2024-05-23,2024-05-23,24350,CE,0.15,0.2,0.05,0.05,22967.65,27533,280975,-32925,0.0
2024-05-23,2024-05-23,24400,CE,0.1,0.2,0.05,0.05,22967.65,156617,2922825,-108025,0.0
2024-05-23,2024-05-23,20200,PE,0.25,0.3,0.05,0.1,22967.65,320738,1997900,-1451875,0.0
2024-05-23,2024-05-23,20250,PE,0.2,0.4,0.05,0.1,22967.65,85956,336600,-570650,0.0
2024-05-23,2024-05-23,20300,PE,0.2,0.25,0.05,0.1,22967.65,35276,144925,-196025,0.0
2024-05-23,2024-05-23,20350,PE,0.3,0.3,0.05,0.05,22967.65,26072,97225,-31375,0.0
2024-05-23,2024-05-23,20400,PE,0.15,0.3,0.05,0.1,22967.65,87414,135150,-271250,0.0
2024-05-23,2024-05-23,20450,PE,0.2,0.3,0.05,0.05,22967.65,20379,50425,-99775,0.0
2024-05-23,2024-05-23,20500,PE,0.2,0.25,0.05,0.05,22967.65,116909,597375,-551700,0.0
2024-05-23,2024-05-23,20550,PE,0.3,0.35,0.05,0.1,22967.65,19235,57125,-33750,0.0
2024-05-23,2024-05-23,20600,PE,0.3,0.3,0.05,0.1,22967.65,33643,249525,-85900,0.0
2024-05-23,2024-05-23,20650,PE,0.3,0.3,0.05,0.1,22967.65,19629,29125,-74925,0.0
2024-05-23,2024-05-23,20700,PE,0.25,0.3,0.05,0.1,22967.65,73546,175100,-272000,0.0
2024-05-23,2024-05-23,20750,PE,0.3,0.3,0.05,0.1,22967.65,19729,70750,-7125,0.0
2024-05-23,2024-05-23,20800,PE,1.0,1.0,0.05,0.1,22967.65,66215,430975,-118075,0.0
2024-05-23,2024-05-23,20850,PE,0.3,0.3,0.05,0.1,22967.65,19079,62850,-85375,0.0
2024-05-23,2024-05-23,20900,PE,0.25,0.3,0.05,0.1,22967.65,60604,437125,-65500,0.0
2024-05-23,2024-05-23,20950,PE,0.3,0.3,0.05,0.1,22967.65,24455,197325,-71000,0.0
2024-05-23,2024-05-23,21000,PE,0.35,0.35,0.05,0.1,22967.65,408031,1959200,-1171775,0.0
2024-05-23,2024-05-23,21050,PE,0.4,0.4,0.05,0.1,22967.65,22271,106425,-12675,0.0
2024-05-23,2024-05-23,21100,PE,0.25,0.55,0.05,0.1,22967.65,52621,226500,-109000,0.0
2024-05-23,2024-05-23,21150,PE,0.4,0.4,0.05,0.15,22967.65,31969,96750,-80325,0.0
2024-05-23,2024-05-23,21200,PE,0.4,0.4,0.05,0.1,22967.65,61314,301525,-330425,0.0
2024-05-23,2024-05-23,21250,PE,0.3,0.9,0.05,0.1,22967.65,54703,133550,-214625,0.0
2024-05-23,2024-05-23,21300,PE,1.0,1.0,0.05,0.1,22967.65,101725,316775,-439725,0.0
2024-05-23,2024-05-23,21350,PE,0.4,0.4,0.05,0.1,22967.65,89173,114600,-264775,0.0
2024-05-23,2024-05-23,21400,PE,0.3,1.0,0.05,0.1,22967.65,169822,322225,-362675,0.0
2024-05-23,2024-05-23,21450,PE,0.4,0.4,0.05,0.1,22967.65,105939,291425,-113175,0.0
2024-05-23,2024-05-23,21500,PE,0.55,0.55,0.05,0.1,22967.65,1065500,1988575,-3200725,0.0
2024-05-23,2024-05-23,21550,PE,0.4,0.4,0.05,0.1,22967.65,246653,374350,24975,0.0
2024-05-23,2024-05-23,21600,PE,0.6,0.6,0.05,0.1,22967.65,325028,1069350,-554925,0.0
2024-05-23,2024-05-23,21650,PE,0.4,0.5,0.05,0.1,22967.65,236523,457000,40675,0.0
2024-05-23,2024-05-23,21700,PE,0.4,0.45,0.05,0.1,22967.65,536604,1653350,-693550,0.0
2024-05-23,2024-05-23,21750,PE,0.55,0.55,0.05,0.15,22967.65,489659,889050,-65425,0.0
2024-05-23,2024-05-23,21800,PE,0.5,0.6,0.05,0.15,22967.65,1183596,3486375,-828500,0.0
2024-05-23,2024-05-23,21850,PE,0.6,0.6,0.05,0.15,22967.65,870531,1466125,-54200,0.0
2024-05-23,2024-05-23,21900,PE,0.7,0.7,0.05,0.15,22967.65,1656572,3688175,334075,0.0
2024-05-23,2024-05-23,21950,PE,0.7,0.8,0.05,0.15,22967.65,1430789,2826450,410150,0.0
2024-05-23,2024-05-23,22000,PE,0.9,0.9,0.05,0.15,22967.65,4820860,6962200,-954500,0.0
2024-05-23,2024-05-23,22050,PE,1.35,1.35,0.05,0.15,22967.65,2244293,2786250,1071275,0.0
2024-05-23,2024-05-23,22100,PE,1.65,1.8,0.05,0.2,22967.65,4743859,5013625,899025,0.0
2024-05-23,2024-05-23,22150,PE,1.3,2.45,0.05,0.15,22967.65,3865799,3175550,460300,0.0
2024-05-23,2024-05-23,22200,PE,2.9,3.8,0.05,0.2,22967.65,7404267,5294700,-363500,0.0
2024-05-23,2024-05-23,22250,PE,4.1,5.5,0.05,0.2,22967.65,5205995,3322800,45350,0.0
2024-05-23,2024-05-23,22300,PE,6.9,8.4,0.05,0.2,22967.65,9269960,5200675,-638400,0.0
2024-05-23,2024-05-23,22350,PE,9.75,15.0,0.05,0.2,22967.65,6861676,3462200,239775,0.0
2024-05-23,2024-05-23,22400,PE,14.0,18.4,0.05,0.2,22967.65,12007036,6591400,80650,0.0
2024-05-23,2024-05-23,22450,PE,19.8,28.6,0.05,0.25,22967.65,9616341,4107900,1366550,0.0
2024-05-23,2024-05-23,22500,PE,25.0,39.0,0.05,0.3,22967.65,18205751,8139400,486350,0.0
2024-05-23,2024-05-23,22550,PE,40.0,56.7,0.05,0.35,22967.65,14945356,4879000,1643475,0.0
2024-05-23,2024-05-23,22600,PE,58.8,79.95,0.05,0.35,22967.65,25285447,9535325,4258675,0.0
2024-05-23,2024-05-23,22650,PE,88.9,109.8,0.05,0.45,22967.65,20967753,6966525,5182050,0.0
2024-05-23,2024-05-23,22700,PE,115.75,142.55,0.05,0.45,22967.65,27154311,10124475,9292050,0.0
2024-05-23,2024-05-23,22750,PE,148.7,182.35,0.05,0.65,22967.65,18457286,8237150,7961125,0.0
2024-05-23,2024-05-23,22800,PE,198.4,223.9,0.05,0.85,22967.65,24728834,11314150,11089400,0.0
2024-05-23,2024-05-23,22850,PE,244.8,269.3,0.05,1.2,22967.65,19320506,6387200,6345325,0.0
2024-05-23,2024-05-23,22900,PE,286.05,315.7,0.05,2.5,22967.65,22662253,9496700,9434000,0.0
2024-05-23,2024-05-23,22950,PE,330.05,365.95,0.05,5.05,22967.65,17134216,13433550,13419850,0.0
2024-05-23,2024-05-23,23000,PE,400.0,414.7,26.0,38.35,22967.65,6550394,3882500,3762975,0.0
2024-05-23,2024-05-23,23050,PE,431.75,460.9,73.5,88.35,22967.65,681667,447700,445275,0.0
2024-05-23,2024-05-23,23100,PE,489.4,510.75,123.4,141.55,22967.65,362231,284775,276325,0.0
2024-05-23,2024-05-23,23150,PE,540.0,540.0,173.55,190.05,22967.65,56069,61550,59750,0.0
2024-05-23,2024-05-23,23200,PE,573.05,608.0,223.6,239.15,22967.65,50605,50000,37300,0.0
2024-05-23,2024-05-23,23250,PE,575.0,604.05,273.35,289.8,22967.65,6254,16275,13975,0.0
2024-05-23,2024-05-23,23300,PE,689.0,697.25,324.2,340.75,22967.65,5367,14750,12400,0.0
2024-05-23,2024-05-23,23350,PE,761.0,761.0,375.05,389.6,22967.65,814,5625,2800,0.0
2024-05-23,2024-05-23,23400,PE,700.15,741.25,426.8,439.4,22967.65,1066,2400,1300,0.0
2024-05-23,2024-05-23,23450,PE,845.15,859.9,477.25,485.5,22967.65,241,1825,525,0.0
2024-05-23,2024-05-23,23500,PE,879.75,910.85,526.6,538.0,22967.65,3102,7500,25,0.0
2024-05-23,2024-05-23,23550,PE,865.25,882.5,580.25,593.35,22967.65,519,1300,-650,0.0
2024-05-23,2024-05-23,23600,PE,967.2,967.2,626.8,632.6,22967.65,291,2475,1075,0.0
2024-05-23,2024-05-23,23650,PE,799.45,799.45,709.85,756.05,22967.65,11,1400,50,0.0
2024-05-23,2024-05-23,23700,PE,1032.85,1032.85,729.7,730.85,22967.65,229,1275,50,0.0
2024-05-23,2024-05-23,23750,PE,920.0,921.4,781.8,785.75,22967.65,149,1075,25,0.0
2024-05-23,2024-05-23,23800,PE,1197.55,1197.55,825.55,829.6,22967.65,180,925,-125,0.0
2024-05-23,2024-05-23,23850,PE,0.0,0.0,0.0,1489.45,22967.65,0,1450,0,0.0
2024-05-23,2024-05-23,23900,PE,1279.8,1279.8,930.15,930.15,22967.65,19,1500,0,0.0
2024-05-23,2024-05-23,23950,PE,1309.0,1309.0,1309.0,1309.0,22967.65,1,1300,0,0.0
2024-05-23,2024-05-23,24000,PE,1394.65,1400.0,1025.5,1030.0,22967.65,81,1300,-525,0.0
2024-05-23,2024-05-23,24050,PE,0.0,0.0,0.0,1638.8,22967.65,0,2000,0,0.0
2024-05-23,2024-05-23,24100,PE,0.0,0.0,0.0,1689.45,22967.65,0,2025,0,0.0
2024-05-23,2024-05-23,24150,PE,0.0,0.0,0.0,1742.3,22967.65,0,2125,0,0.0
2024-05-23,2024-05-23,24200,PE,0.0,0.0,0.0,1799.1,22967.65,0,2250,0,0.0
2024-05-23,2024-05-23,24250,PE,0.0,0.0,0.0,1850.8,22967.65,0,1900,0,0.0
2024-05-23,2024-05-23,24300,PE,1646.3,1646.3,1530.9,1530.9,22967.65,2,1600,0,0.0
2024-05-23,2024-05-23,24350,PE,0.0,0.0,0.0,1948.75,22967.65,0,975,0,0.0
2024-05-23,2024-05-23,24400,PE,1797.45,1800.0,1433.45,1442.35,22967.65,79,1300,50,0.0
2024-05-23,2024-05-30,20050,CE,2653.65,2820.0,2634.45,2820.0,2944.9,5,27600,50,0.0
2024-05-23,2024-05-30,20100,CE,2630.0,2900.0,2622.0,2870.1,2870.1,222,229675,-3450,0.0
2024-05-23,2024-05-30,20150,CE,2828.45,2830.7,2827.0,2828.65,2828.65,18,2775,450,0.0
2024-05-23,2024-05-30,20200,CE,2536.35,2807.8,2524.95,2803.2,2803.2,17,28525,-150,0.0
2024-05-23,2024-05-30,20250,CE,2728.1,2731.05,2727.35,2728.8,2728.8,18,2900,450,0.0
2024-05-23,2024-05-30,20300,CE,2600.0,2712.45,2600.0,2708.8,2708.8,37,7025,475,0.0
2024-05-23,2024-05-30,20350,CE,2415.0,2632.45,2415.0,2626.3,2626.3,30,2325,650,0.0
2024-05-23,2024-05-30,20400,CE,2480.0,2540.0,2480.0,2540.0,2595.35,2,14275,-50,0.0
2024-05-23,2024-05-30,20450,CE,2528.1,2535.5,2528.0,2531.35,2531.35,32,3025,800,0.0
2024-05-23,2024-05-30,20500,CE,2200.0,2512.25,2200.0,2497.65,2497.65,2249,458075,-44775,0.0
2024-05-23,2024-05-30,20550,CE,2381.5,2384.95,2381.5,2383.5,2445.55,8,6175,0,0.0
2024-05-23,2024-05-30,20600,CE,2200.0,2350.0,2195.0,2345.0,2395.6,97,8775,0,0.0
2024-05-23,2024-05-30,20650,CE,2329.55,2365.95,2328.55,2334.2,2334.2,34,2600,750,0.0
2024-05-23,2024-05-30,20700,CE,2143.35,2295.0,2143.35,2295.0,2295.0,14,7025,-225,0.0
2024-05-23,2024-05-30,20750,CE,2000.0,2281.95,2000.0,2277.2,2277.2,27,2125,350,0.0
2024-05-23,2024-05-30,20800,CE,1930.0,2184.85,1930.0,2184.85,2184.85,26,45800,425,0.0
2024-05-23,2024-05-30,20850,CE,1915.0,2164.6,1915.0,2163.9,2163.9,20,2200,350,0.0
2024-05-23,2024-05-30,20900,CE,1810.0,2050.0,1810.0,2018.3,2096.05,59,16100,1325,0.0
2024-05-23,2024-05-30,20950,CE,1700.0,2068.1,1700.0,2062.65,2062.65,112,4800,1200,0.0
2024-05-23,2024-05-30,21000,CE,1676.75,2016.85,1651.5,1981.85,1981.85,3571,426000,-36800,0.0
2024-05-23,2024-05-30,21050,CE,1680.0,1890.0,1675.0,1890.0,1946.25,44,3800,650,0.0
2024-05-23,2024-05-30,21100,CE,1630.0,1912.3,1630.0,1897.35,1897.35,126,10950,-300,0.0
2024-05-23,2024-05-30,21150,CE,1821.25,1868.05,1819.05,1829.45,1829.45,33,3900,675,0.0
2024-05-23,2024-05-30,21200,CE,1550.0,1816.0,1550.0,1815.5,1815.5,60,32975,1200,0.0
2024-05-23,2024-05-30,21250,CE,1703.75,1703.75,1703.75,1703.75,1746.5,1,2150,0,0.0
2024-05-23,2024-05-30,21300,CE,1363.35,1718.0,1360.1,1708.95,1708.95,75,11700,650,0.0
2024-05-23,2024-05-30,21350,CE,1514.45,1644.1,1514.45,1644.1,1644.1,3,1450,-50,0.0
2024-05-23,2024-05-30,21400,CE,1265.6,1611.05,1265.5,1609.75,1609.75,305,30450,5300,0.0
2024-05-23,2024-05-30,21450,CE,1290.0,1563.9,1290.0,1561.3,1561.3,138,5475,1625,0.0
2024-05-23,2024-05-30,21500,CE,1189.25,1521.0,1154.7,1504.35,1504.35,3509,309350,-21225,0.0
2024-05-23,2024-05-30,21550,CE,1330.0,1478.8,1330.0,1472.0,1472.0,23,4725,-225,0.0
2024-05-23,2024-05-30,21600,CE,1072.6,1407.95,1070.9,1387.55,1387.55,160,73775,-100,0.0
2024-05-23,2024-05-30,21650,CE,1019.85,1305.0,1019.85,1305.0,1347.2,28,10850,350,0.0
2024-05-23,2024-05-30,21700,CE,980.0,1323.0,961.8,1302.55,1302.55,731,74125,-3125,0.0
2024-05-23,2024-05-30,21750,CE,1010.0,1266.15,1010.0,1253.9,1253.9,79,14775,-450,0.0
2024-05-23,2024-05-30,21800,CE,874.95,1226.05,861.0,1202.05,1202.05,3090,232125,3450,0.0
2024-05-23,2024-05-30,21850,CE,830.85,1175.1,820.45,1161.85,1161.85,297,35300,750,0.0
2024-05-23,2024-05-30,21900,CE,778.5,1126.1,769.0,1103.5,1103.5,1426,198350,-3300,0.0
2024-05-23,2024-05-30,21950,CE,802.9,1073.35,778.65,1055.45,1055.45,147,29650,-850,0.0
2024-05-23,2024-05-30,22000,CE,698.1,1028.1,669.5,1012.15,1012.15,40291,1132350,-3850,0.0
2024-05-23,2024-05-30,22050,CE,634.95,979.65,625.95,962.95,962.95,759,41950,-5325,0.0
2024-05-23,2024-05-30,22100,CE,593.75,930.85,578.0,906.6,906.6,6961,335350,-10000,0.0
2024-05-23,2024-05-30,22150,CE,570.75,879.85,540.1,864.05,864.05,1232,49300,-8250,0.0
2024-05-23,2024-05-30,22200,CE,502.05,835.85,488.8,816.25,816.25,21376,640850,-122950,0.0
2024-05-23,2024-05-30,22250,CE,461.6,789.2,443.5,761.8,761.8,2632,78475,-6350,0.0
2024-05-23,2024-05-30,22300,CE,419.85,739.7,402.0,720.9,720.9,44017,701625,-35725,0.0
2024-05-23,2024-05-30,22350,CE,382.45,693.0,364.5,674.25,674.25,6343,113700,-350,0.0
2024-05-23,2024-05-30,22400,CE,340.0,647.8,321.45,626.1,626.1,68455,950750,-85525,0.0
2024-05-23,2024-05-30,22450,CE,311.0,599.6,288.05,579.55,579.55,17169,157875,-42900,0.0
2024-05-23,2024-05-30,22500,CE,253.95,556.9,247.95,538.75,538.75,351513,2661925,-448625,0.0
2024-05-23,2024-05-30,22550,CE,235.0,512.1,220.95,492.1,492.1,55313,207175,-123725,0.0
2024-05-23,2024-05-30,22600,CE,204.0,469.7,186.6,450.45,450.45,440974,1425450,-560550,0.0
2024-05-23,2024-05-30,22650,CE,171.65,425.75,161.7,407.35,407.35,174759,334050,-93675,0.0
2024-05-23,2024-05-30,22700,CE,157.85,385.0,135.9,368.0,368.0,741126,2273300,237950,0.0
2024-05-23,2024-05-30,22750,CE,125.0,345.9,113.8,327.35,327.35,245172,344175,-101750,0.0
2024-05-23,2024-05-30,22800,CE,105.0,307.0,93.55,291.35,291.35,933337,2847750,664725,0.0
2024-05-23,2024-05-30,22850,CE,79.95,271.7,75.95,255.75,255.75,304891,395750,108675,0.0
2024-05-23,2024-05-30,22900,CE,65.95,238.3,57.7,221.6,221.6,838499,2295650,691250,0.0
2024-05-23,2024-05-30,22950,CE,52.45,206.6,47.85,191.4,191.4,294828,720125,360700,0.0
2024-05-23,2024-05-30,23000,CE,42.75,177.85,37.25,164.9,164.9,1521876,4498225,818250,0.0
2024-05-23,2024-05-30,23050,CE,32.75,151.0,28.45,140.1,140.1,224594,493100,157800,0.0
2024-05-23,2024-05-30,23100,CE,24.55,127.6,21.7,116.75,116.75,653977,1918475,648825,0.0
2024-05-23,2024-05-30,23150,CE,19.5,105.1,16.0,97.0,97.0,221239,467975,220700,0.0
2024-05-23,2024-05-30,23200,CE,13.15,86.6,11.65,78.55,78.55,667833,2337000,880350,0.0
2024-05-23,2024-05-30,23250,CE,10.65,69.75,8.6,62.55,62.55,210350,420550,21475,0.0
2024-05-23,2024-05-30,23300,CE,7.9,55.95,6.35,49.9,49.9,531906,1857325,663775,0.0
2024-05-23,2024-05-30,23350,CE,6.1,44.15,4.85,39.05,39.05,176172,464050,215650,0.0
2024-05-23,2024-05-30,23400,CE,4.85,34.5,3.55,30.6,30.6,468580,1762000,699975,0.0
2024-05-23,2024-05-30,23450,CE,3.7,26.95,3.15,23.7,23.7,162708,453050,235200,0.0
2024-05-23,2024-05-30,23500,CE,3.45,20.95,2.6,18.35,18.35,783881,4714050,1519050,0.0
2024-05-23,2024-05-30,23550,CE,2.55,16.05,2.2,14.15,14.15,134227,412625,298775,0.0
2024-05-23,2024-05-30,23600,CE,2.3,12.35,1.85,11.0,11.0,369900,1706200,1150400,0.0
2024-05-23,2024-05-30,23650,CE,2.05,9.5,1.85,8.25,8.25,171036,911200,688000,0.0
2024-05-23,2024-05-30,23700,CE,1.95,7.7,1.6,6.75,6.75,346001,1560425,1021250,0.0
2024-05-23,2024-05-30,23750,CE,2.1,6.35,1.55,5.6,5.6,116891,434375,376925,0.0
2024-05-23,2024-05-30,23800,CE,1.65,5.3,1.55,4.45,4.45,339823,2549550,1965575,0.0
2024-05-23,2024-05-30,23850,CE,1.8,4.55,1.45,3.95,3.95,84062,325150,163325,0.0
2024-05-23,2024-05-30,23900,CE,1.9,4.0,1.45,3.4,3.4,180069,778175,684400,0.0
2024-05-23,2024-05-30,23950,CE,2.0,3.6,1.35,3.0,3.0,55988,202925,182375,0.0
2024-05-23,2024-05-30,24000,CE,2.0,3.4,1.4,2.8,2.8,645679,5159750,2226100,0.0
2024-05-23,2024-05-30,24050,CE,2.0,2.9,1.3,2.4,2.4,41816,118550,99450,0.0
2024-05-23,2024-05-30,24100,CE,1.6,2.7,1.3,2.2,2.2,95419,464325,357300,0.0
2024-05-23,2024-05-30,24150,CE,1.6,2.55,1.25,2.0,2.0,26945,90325,74875,0.0
2024-05-23,2024-05-30,24200,CE,1.35,2.45,1.25,2.0,2.0,107137,659875,415550,0.0
2024-05-23,2024-05-30,24250,CE,1.9,2.25,1.1,1.8,1.8,19324,199225,83175,0.0
2024-05-23,2024-05-30,24300,CE,1.35,2.3,1.2,1.8,1.8,120100,738350,645475,0.0
2024-05-23,2024-05-30,24350,CE,1.7,3.7,1.1,1.8,1.8,17941,102525,89525,0.0
2024-05-23,2024-05-30,24400,CE,4.0,4.0,0.35,1.7,1.7,61361,413375,311325,0.0
2024-05-23,2024-05-30,24450,CE,1.6,2.1,1.15,1.6,1.6,35066,391225,363600,0.0
2024-05-23,2024-05-30,24500,CE,1.35,2.05,1.1,1.6,1.6,327558,3978525,2475700,0.0
2024-05-23,2024-05-30,20050,PE,1.95,1.95,1.1,1.6,1.6,129185,2153575,1717600,0.0
2024-05-23,2024-05-30,20100,PE,2.0,2.3,1.25,1.9,1.9,156629,2184850,869900,0.0
2024-05-23,2024-05-30,20150,PE,2.15,2.35,1.45,2.05,2.05,15007,138225,109725,0.0
2024-05-23,2024-05-30,20200,PE,2.0,2.2,1.4,2.05,2.05,72188,1083500,696750,0.0
2024-05-23,2024-05-30,20250,PE,1.9,3.25,1.5,2.2,2.2,15795,165275,103400,0.0
2024-05-23,2024-05-30,20300,PE,2.0,2.3,1.4,2.1,2.1,82614,891325,589750,0.0
2024-05-23,2024-05-30,20350,PE,1.95,2.8,1.5,2.4,2.4,13777,132550,122950,0.0
2024-05-23,2024-05-30,20400,PE,2.25,2.6,1.5,2.35,2.35,72161,771725,486225,0.0
2024-05-23,2024-05-30,20450,PE,1.95,3.4,1.5,2.45,2.45,16551,105750,96525,0.0
2024-05-23,2024-05-30,20500,PE,2.1,2.55,1.55,2.3,2.3,275665,3193750,1606875,0.0
2024-05-23,2024-05-30,20550,PE,2.2,2.9,1.5,2.6,2.6,18401,82475,54725,0.0
2024-05-23,2024-05-30,20600,PE,2.1,2.85,1.6,2.55,2.55,62484,330025,108675,0.0
2024-05-23,2024-05-30,20650,PE,1.95,3.4,1.55,2.7,2.7,17330,104650,85450,0.0
2024-05-23,2024-05-30,20700,PE,2.0,2.8,1.7,2.55,2.55,64776,355950,151250,0.0
2024-05-23,2024-05-30,20750,PE,1.95,3.1,1.7,2.75,2.75,15498,107350,62225,0.0
2024-05-23,2024-05-30,20800,PE,1.85,3.6,1.8,2.8,2.8,74727,417200,55625,0.0
2024-05-23,2024-05-30,20850,PE,1.95,3.15,1.85,2.9,2.9,10969,61275,35675,0.0
2024-05-23,2024-05-30,20900,PE,2.5,4.6,2.0,2.85,2.85,92867,473225,179375,0.0
2024-05-23,2024-05-30,20950,PE,2.95,3.4,2.1,3.0,3.0,16590,76450,42925,0.0
2024-05-23,2024-05-30,21000,PE,3.2,3.5,2.35,3.2,3.2,504923,5301275,1347375,0.0
2024-05-23,2024-05-30,21050,PE,3.5,3.5,2.4,3.25,3.25,27969,125025,49075,0.0
2024-05-23,2024-05-30,21100,PE,3.6,3.6,2.4,3.3,3.3,142277,418050,110750,0.0
2024-05-23,2024-05-30,21150,PE,3.4,3.65,2.55,3.35,3.35,22014,92950,28475,0.0
2024-05-23,2024-05-30,21200,PE,3.9,4.0,2.7,3.6,3.6,176665,811700,322450,0.0
2024-05-23,2024-05-30,21250,PE,4.2,4.25,2.75,3.75,3.75,35990,91250,-4850,0.0
2024-05-23,2024-05-30,21300,PE,4.15,4.35,2.95,3.75,3.75,182137,901000,380025,0.0
2024-05-23,2024-05-30,21350,PE,4.05,4.7,3.2,4.0,4.0,36133,119850,10650,0.0
2024-05-23,2024-05-30,21400,PE,4.7,5.0,3.4,4.1,4.1,236259,1077325,475325,0.0
2024-05-23,2024-05-30,21450,PE,5.05,5.5,3.7,4.5,4.5,61397,247725,136475,0.0
2024-05-23,2024-05-30,21500,PE,5.9,6.2,4.0,4.7,4.7,568900,5172000,2323550,0.0
2024-05-23,2024-05-30,21550,PE,6.5,6.5,4.2,5.1,5.1,97838,394650,97375,0.0
2024-05-23,2024-05-30,21600,PE,7.25,7.25,4.75,5.6,5.6,355341,1243975,456125,0.0
2024-05-23,2024-05-30,21650,PE,7.85,7.85,5.25,6.1,6.1,90529,224625,66450,0.0
2024-05-23,2024-05-30,21700,PE,8.9,9.5,5.85,6.65,6.65,494205,3482850,2485325,0.0
2024-05-23,2024-05-30,21750,PE,10.85,10.85,6.15,7.0,7.0,123468,533275,149500,0.0
2024-05-23,2024-05-30,21800,PE,11.15,11.5,6.9,7.8,7.8,375641,2156550,701575,0.0
2024-05-23,2024-05-30,21850,PE,12.45,13.1,6.9,8.35,8.35,92700,505775,179400,0.0
2024-05-23,2024-05-30,21900,PE,13.95,15.35,8.0,9.25,9.25,318931,1558425,453550,0.0
2024-05-23,2024-05-30,21950,PE,18.8,18.8,8.55,10.05,10.05,93226,341550,70225,0.0
2024-05-23,2024-05-30,22000,PE,21.05,21.05,10.35,11.1,11.1,625404,4851775,1436275,0.0
2024-05-23,2024-05-30,22050,PE,25.15,25.15,11.35,12.1,12.1,84392,271975,50000,0.0
2024-05-23,2024-05-30,22100,PE,29.05,29.05,12.5,13.45,13.45,336005,1676075,501850,0.0
2024-05-23,2024-05-30,22150,PE,33.3,33.3,14.05,15.05,15.05,106778,417325,115575,0.0
2024-05-23,2024-05-30,22200,PE,39.85,39.85,15.7,16.9,16.9,369343,2300525,416225,0.0
2024-05-23,2024-05-30,22250,PE,42.95,44.55,18.05,19.2,19.2,120699,465900,89000,0.0
2024-05-23,2024-05-30,22300,PE,50.85,54.0,20.0,21.55,21.55,478565,2472475,427075,0.0
2024-05-23,2024-05-30,22350,PE,60.05,62.55,23.1,24.7,24.7,136293,499300,167200,0.0
2024-05-23,2024-05-30,22400,PE,71.95,79.85,26.45,28.7,28.7,577361,2426575,-329025,0.0
2024-05-23,2024-05-30,22450,PE,80.1,90.1,30.4,32.75,32.75,164881,481200,166250,0.0
2024-05-23,2024-05-30,22500,PE,98.4,103.05,35.25,38.4,38.4,1038278,4758775,1248800,0.0
2024-05-23,2024-05-30,22550,PE,121.65,121.65,40.65,43.8,43.8,225604,600700,47000,0.0
2024-05-23,2024-05-30,22600,PE,136.0,138.8,47.25,51.2,51.2,1009440,3724125,1453075,0.0
2024-05-23,2024-05-30,22650,PE,151.85,161.05,54.35,58.75,58.75,312443,749875,494225,0.0
2024-05-23,2024-05-30,22700,PE,182.75,185.4,62.85,68.25,68.25,1016519,4453450,2867375,0.0
2024-05-23,2024-05-30,22750,PE,204.25,212.0,72.8,79.75,79.75,323069,838050,704775,0.0
2024-05-23,2024-05-30,22800,PE,241.0,242.45,84.45,91.95,91.95,918776,4198350,3519100,0.0
2024-05-23,2024-05-30,22850,PE,265.45,274.45,98.4,106.75,106.75,240881,672950,622050,0.0
2024-05-23,2024-05-30,22900,PE,300.0,308.0,114.0,124.2,124.2,527343,2098675,1981100,0.0
2024-05-23,2024-05-30,22950,PE,332.95,345.2,132.0,143.2,143.2,147913,620000,601350,0.0
2024-05-23,2024-05-30,23000,PE,370.0,386.0,152.0,164.3,164.3,465335,3209750,2139700,0.0
2024-05-23,2024-05-30,23050,PE,420.8,420.8,175.65,188.25,188.25,24439,122525,101600,0.0
2024-05-23,2024-05-30,23100,PE,457.25,468.5,201.25,214.85,214.85,39196,246375,211325,0.0
2024-05-23,2024-05-30,23150,PE,490.05,510.0,230.35,245.1,245.1,6100,33700,13950,0.0
2024-05-23,2024-05-30,23200,PE,547.85,558.8,261.2,276.8,276.8,33650,202050,151900,0.0
2024-05-23,2024-05-30,23250,PE,591.0,591.0,294.5,309.4,309.4,2285,27075,9425,0.0
2024-05-23,2024-05-30,23300,PE,641.7,650.0,330.95,346.9,346.9,7742,75500,49900,0.0
2024-05-23,2024-05-30,23350,PE,640.0,640.0,375.55,387.6,387.6,493,14800,3725,0.0
2024-05-23,2024-05-30,23400,PE,680.0,690.45,411.0,429.75,429.75,2658,31100,13800,0.0
2024-05-23,2024-05-30,23450,PE,710.0,713.4,458.3,467.3,467.3,212,10400,700,0.0
2024-05-23,2024-05-30,23500,PE,833.05,848.05,497.05,514.8,514.8,18385,276225,14900,0.0
2024-05-23,2024-05-30,23550,PE,764.1,783.9,540.05,557.9,557.9,162,8225,2125,0.0
2024-05-23,2024-05-30,23600,PE,927.8,927.8,590.0,602.15,602.15,360,9050,1250,0.0
2024-05-23,2024-05-30,23650,PE,695.7,695.7,637.3,650.05,650.05,20,3850,425,0.0
2024-05-23,2024-05-30,23700,PE,1054.05,1054.05,688.45,701.15,701.15,679,16650,11300,0.0
2024-05-23,2024-05-30,23750,PE,1042.6,1042.6,763.4,763.4,763.4,4,1775,50,0.0
2024-05-23,2024-05-30,23800,PE,1060.0,1089.0,784.0,794.05,794.05,196,4700,75,0.0
2024-05-23,2024-05-30,23850,PE,960.0,960.0,845.0,845.0,845.0,31,4125,375,0.0
2024-05-23,2024-05-30,23900,PE,1134.5,1134.5,900.0,900.0,900.0,24,3225,225,0.0
2024-05-23,2024-05-30,23950,PE,995.95,995.95,994.85,994.85,953.3,4,3650,100,0.0
2024-05-23,2024-05-30,24000,PE,1325.0,1341.7,980.0,1000.9,1000.9,4239,367350,-13050,0.0
2024-05-23,2024-05-30,24050,PE,1094.25,1094.25,1032.9,1035.35,1035.35,18,4400,450,0.0
2024-05-23,2024-05-30,24100,PE,1240.35,1240.35,1083.35,1091.05,1091.05,122,4550,1625,0.0
2024-05-23,2024-05-30,24150,PE,1190.2,1194.0,1190.2,1192.45,1150.6,6,5000,150,0.0
2024-05-23,2024-05-30,24200,PE,1440.0,1440.0,1425.6,1425.6,1200.25,10,5075,-150,0.0
2024-05-23,2024-05-30,24250,PE,1294.0,1294.0,1292.95,1292.95,1250.0,4,6225,100,0.0
2024-05-23,2024-05-30,24300,PE,1365.0,1365.0,1343.65,1343.8,1299.75,9,3425,-125,0.0
2024-05-23,2024-05-30,24350,PE,1393.55,1393.55,1392.5,1392.5,1349.6,4,4150,100,0.0
2024-05-23,2024-05-30,24400,PE,1443.3,1443.35,1400.0,1400.0,1400.0,6,5800,100,0.0
2024-05-23,2024-05-30,24450,PE,1493.1,1493.1,1490.85,1490.85,1449.3,8,4600,200,0.0
2024-05-23,2024-05-30,24500,PE,1830.0,1830.0,1480.0,1492.6,1492.6,361,277125,0,0.0
2024-05-23,2024-06-06,20200,CE,2792.95,2817.35,2792.95,2812.5,2812.5,55,1325,775,0.0
2024-05-23,2024-06-06,20250,CE,2826.65,2826.65,2824.7,2825.45,2825.45,26,1175,550,0.0
2024-05-23,2024-06-06,20300,CE,2693.75,2718.15,2693.75,2718.15,2722.7,10,500,0,0.0
2024-05-23,2024-06-06,20350,CE,2644.45,2666.3,2636.1,2636.15,2672.85,56,1300,800,0.0
2024-05-23,2024-06-06,20400,CE,2540.8,2540.8,2540.8,2540.8,2623.0,12,1025,300,0.0
2024-05-23,2024-06-06,20450,CE,2492.15,2546.45,2492.15,2532.3,2573.15,50,1000,600,0.0
2024-05-23,2024-06-06,20500,CE,2448.65,2788.75,2448.65,2669.35,2669.35,112,2825,2675,0.0
2024-05-23,2024-06-06,20550,CE,2449.25,2470.2,2438.6,2438.6,2473.4,133,3075,2825,0.0
2024-05-23,2024-06-06,20600,CE,2352.45,2400.35,2352.45,2380.95,2423.55,218,5050,4450,0.0
2024-05-23,2024-06-06,20650,CE,2305.0,2356.9,2305.0,2333.3,2373.7,255,6325,6275,0.0
2024-05-23,2024-06-06,20700,CE,2258.4,2308.15,2258.4,2287.35,2323.8,320,7750,7500,0.0
2024-05-23,2024-06-06,20750,CE,2258.35,2461.4,2249.35,2461.4,2461.4,382,9150,8800,0.0
2024-05-23,2024-06-06,20800,CE,2228.55,2228.9,2228.0,2228.9,2224.1,6,450,150,0.0
2024-05-23,2024-06-06,20850,CE,2166.9,2166.9,2166.9,2166.9,2174.25,16,400,50,0.0
2024-05-23,2024-06-06,20900,CE,2164.2,2187.75,2162.95,2178.15,2178.15,457,9625,9275,0.0
2024-05-23,2024-06-06,20950,CE,2116.75,2139.65,2113.85,2127.45,2127.45,220,4000,3650,0.0
2024-05-23,2024-06-06,21000,CE,1775.0,2090.0,1775.0,2066.0,2066.0,73,5225,1175,0.0
2024-05-23,2024-06-06,21050,CE,2007.7,2014.7,2007.7,2010.75,2010.75,30,1000,750,0.0
2024-05-23,2024-06-06,21100,CE,1961.8,1968.5,1961.8,1964.85,1964.85,30,1325,725,0.0
2024-05-23,2024-06-06,21150,CE,1873.35,1877.55,1873.35,1877.55,1875.25,3,325,75,0.0
2024-05-23,2024-06-06,21200,CE,1857.5,1857.55,1857.25,1857.25,1825.45,6,400,150,0.0
2024-05-23,2024-06-06,21250,CE,1813.55,1813.55,1813.55,1813.55,1775.65,2,300,50,0.0
2024-05-23,2024-06-06,21300,CE,1767.45,1767.45,1767.45,1767.45,1725.9,2,250,50,0.0
2024-05-23,2024-06-06,21350,CE,1710.65,1710.65,1710.65,1710.65,1676.2,2,350,50,0.0
2024-05-23,2024-06-06,21400,CE,1667.35,1675.6,1666.75,1675.6,1626.55,10,650,250,0.0
2024-05-23,2024-06-06,21450,CE,1618.9,1618.9,1618.9,1618.9,1576.95,2,250,50,0.0
2024-05-23,2024-06-06,21500,CE,1314.9,1635.5,1307.3,1607.15,1607.15,296,18375,1925,0.0
2024-05-23,2024-06-06,21550,CE,1450.0,1450.0,1450.0,1450.0,1477.95,12,675,0,0.0
2024-05-23,2024-06-06,21600,CE,1288.0,1435.0,1288.0,1435.0,1428.6,6,300,150,0.0
2024-05-23,2024-06-06,21650,CE,1440.35,1440.35,1440.15,1440.15,1379.35,4,350,100,0.0
2024-05-23,2024-06-06,21700,CE,1325.0,1419.7,1325.0,1419.7,1419.7,6,2325,150,0.0
2024-05-23,2024-06-06,21750,CE,1349.65,1349.65,1349.65,1349.65,1281.35,2,400,50,0.0
2024-05-23,2024-06-06,21800,CE,1065.05,1354.1,1050.0,1350.45,1350.45,49,9500,200,0.0
2024-05-23,2024-06-06,21850,CE,1262.55,1330.65,1262.55,1330.65,1330.65,10,875,150,0.0
2024-05-23,2024-06-06,21900,CE,1075.65,1276.55,1075.65,1265.55,1265.55,15,5325,-100,0.0
2024-05-23,2024-06-06,21950,CE,1022.0,1050.0,1022.0,1050.0,1088.2,2,1600,0,0.0
2024-05-23,2024-06-06,22000,CE,893.95,1186.75,880.2,1167.65,1167.65,5893,376400,375,0.0
2024-05-23,2024-06-06,22050,CE,846.05,1148.15,846.05,1148.15,1148.15,15,3850,-100,0.0
2024-05-23,2024-06-06,22100,CE,803.45,1102.2,801.4,1083.5,1083.5,186,15625,75,0.0
2024-05-23,2024-06-06,22150,CE,809.3,1067.45,802.1,1047.75,1047.75,56,2425,-100,0.0
2024-05-23,2024-06-06,22200,CE,768.35,1022.05,725.6,1004.0,1004.0,1317,50100,-1325,0.0
2024-05-23,2024-06-06,22250,CE,785.5,948.0,785.5,935.25,935.25,124,7025,1225,0.0
2024-05-23,2024-06-06,22300,CE,672.75,940.75,662.0,923.1,923.1,1342,34850,6025,0.0
2024-05-23,2024-06-06,22350,CE,635.85,902.75,635.85,899.7,899.7,219,5575,-1200,0.0
2024-05-23,2024-06-06,22400,CE,606.25,859.3,595.0,838.2,838.2,2107,52875,-3175,0.0
2024-05-23,2024-06-06,22450,CE,574.0,824.2,533.95,801.8,801.8,462,5850,-5425,0.0
2024-05-23,2024-06-06,22500,CE,555.0,784.0,525.85,765.0,765.0,27149,303800,-93775,0.0
2024-05-23,2024-06-06,22550,CE,511.7,744.0,502.25,729.2,729.2,1632,18325,-7450,0.0
2024-05-23,2024-06-06,22600,CE,489.55,708.8,471.3,694.8,694.8,11794,109325,8925,0.0
2024-05-23,2024-06-06,22650,CE,454.0,670.65,446.0,660.7,660.7,2050,12825,-6550,0.0
2024-05-23,2024-06-06,22700,CE,425.45,638.05,416.5,623.65,623.65,14160,138775,39525,0.0
2024-05-23,2024-06-06,22750,CE,411.65,602.15,389.65,588.95,588.95,1941,15150,-1975,0.0
2024-05-23,2024-06-06,22800,CE,377.0,572.85,366.5,553.0,553.0,20309,296650,77250,0.0
2024-05-23,2024-06-06,22850,CE,347.85,542.05,347.85,523.2,523.2,2866,12900,12800,0.0
2024-05-23,2024-06-06,22900,CE,328.95,506.0,318.35,490.6,490.6,10507,80975,27450,0.0
2024-05-23,2024-06-06,22950,CE,313.0,474.0,300.0,461.65,461.65,3631,31275,19975,0.0
2024-05-23,2024-06-06,23000,CE,294.95,444.75,275.0,431.2,431.2,61865,1023575,218125,0.0
2024-05-23,2024-06-06,23050,CE,0.0,0.0,0.0,294.45,246.35,0,0,0,0.0
2024-05-23,2024-06-06,23100,CE,240.0,390.95,236.05,381.5,381.5,7619,77775,17925,0.0
2024-05-23,2024-06-06,23150,CE,234.5,372.1,234.0,355.6,355.6,1058,10625,6900,0.0
2024-05-23,2024-06-06,23200,CE,207.05,340.0,202.15,332.15,332.15,14269,179625,62425,0.0
2024-05-23,2024-06-06,23250,CE,191.0,317.3,185.0,310.95,310.95,2626,19925,9550,0.0
2024-05-23,2024-06-06,23300,CE,184.35,294.35,170.5,285.75,285.75,8939,73375,35725,0.0
2024-05-23,2024-06-06,23350,CE,0.0,0.0,0.0,192.35,129.1,0,0,0,0.0
2024-05-23,2024-06-06,23400,CE,150.0,255.0,144.1,245.1,245.1,7961,82400,30575,0.0
2024-05-23,2024-06-06,23450,CE,0.0,0.0,0.0,89.25,101.2,0,175,0,0.0
2024-05-23,2024-06-06,23500,CE,136.25,218.0,112.65,209.8,209.8,65053,857825,142475,0.0
2024-05-23,2024-06-06,23550,CE,0.0,0.0,0.0,58.55,78.3,0,25,0,0.0
2024-05-23,2024-06-06,23600,CE,102.8,185.0,102.8,178.45,178.45,13874,107375,61275,0.0
2024-05-23,2024-06-06,23650,CE,0.0,0.0,0.0,119.8,59.6,0,0,0,0.0
2024-05-23,2024-06-06,23700,CE,75.75,155.25,75.75,147.8,147.8,4454,39950,37650,0.0
2024-05-23,2024-06-06,23750,CE,0.0,0.0,0.0,101.2,44.7,0,0,0,0.0
2024-05-23,2024-06-06,23800,CE,75.0,129.65,65.6,123.4,123.4,15778,103925,67150,0.0
2024-05-23,2024-06-06,23850,CE,0.0,0.0,0.0,27.3,33.05,0,25,0,0.0
2024-05-23,2024-06-06,23900,CE,0.0,0.0,0.0,77.7,28.2,0,0,0,0.0
2024-05-23,2024-06-06,23950,CE,37.25,37.25,37.25,37.25,24.0,1,25,25,0.0
2024-05-23,2024-06-06,24000,CE,59.35,90.2,52.65,86.3,86.3,69117,890500,62075,0.0
2024-05-23,2024-06-06,24050,CE,0.0,0.0,0.0,58.9,17.2,0,0,0,0.0
2024-05-23,2024-06-06,24100,CE,0.0,0.0,0.0,53.55,14.45,0,0,0,0.0
2024-05-23,2024-06-06,24150,CE,0.0,0.0,0.0,48.6,12.1,0,0,0,0.0
2024-05-23,2024-06-06,24200,CE,0.0,0.0,0.0,44.05,10.1,0,0,0,0.0
2024-05-23,2024-06-06,24250,CE,0.0,0.0,0.0,36.55,8.4,0,50,0,0.0
2024-05-23,2024-06-06,24300,CE,0.0,0.0,0.0,36.05,6.95,0,0,0,0.0
2024-05-23,2024-06-06,24350,CE,0.0,0.0,0.0,32.55,5.75,0,0,0,0.0
2024-05-23,2024-06-06,24400,CE,27.35,39.7,24.6,37.75,37.75,28893,385275,50450,0.0
2024-05-23,2024-06-06,20650,PE,0.0,0.0,0.0,4.25,0.05,0,0,0,0.0
2024-05-23,2024-06-06,20700,PE,0.0,0.0,0.0,5.0,0.05,0,0,0,0.0
2024-05-23,2024-06-06,20750,PE,0.0,0.0,0.0,5.8,0.05,0,0,0,0.0
2024-05-23,2024-06-06,20800,PE,48.0,48.85,36.0,37.6,37.6,12626,345800,44825,0.0
2024-05-23,2024-06-06,20850,PE,0.0,0.0,0.0,7.8,0.05,0,0,0,0.0
2024-05-23,2024-06-06,20900,PE,0.0,0.0,0.0,9.7,0.05,0,200,0,0.0
2024-05-23,2024-06-06,20950,PE,17.7,17.7,17.7,17.7,0.1,47,7250,1175,0.0
2024-05-23,2024-06-06,21000,PE,62.0,63.0,44.2,46.3,46.3,34312,787625,234675,0.0
2024-05-23,2024-06-06,21050,PE,0.0,0.0,0.0,13.75,0.15,0,0,0,0.0
2024-05-23,2024-06-06,21100,PE,0.0,0.0,0.0,15.7,0.15,0,0,0,0.0
2024-05-23,2024-06-06,21150,PE,0.0,0.0,0.0,40.55,0.2,0,25,0,0.0
2024-05-23,2024-06-06,21200,PE,0.0,0.0,0.0,20.4,0.3,0,0,0,0.0
2024-05-23,2024-06-06,21250,PE,79.5,84.9,56.85,58.7,58.7,3161,20800,-1425,0.0
2024-05-23,2024-06-06,21300,PE,0.0,0.0,0.0,26.2,0.5,0,0,0,0.0
2024-05-23,2024-06-06,21350,PE,0.0,0.0,0.0,218.15,0.65,0,275,0,0.0
2024-05-23,2024-06-06,21400,PE,96.8,99.7,67.0,69.05,69.05,5646,74925,13825,0.0
2024-05-23,2024-06-06,21450,PE,0.0,0.0,0.0,37.5,1.1,0,0,0,0.0
2024-05-23,2024-06-06,21500,PE,112.95,112.95,75.65,78.4,78.4,33158,681850,-7575,0.0
2024-05-23,2024-06-06,21550,PE,0.0,0.0,0.0,47.05,1.85,0,0,0,0.0
2024-05-23,2024-06-06,21600,PE,121.5,123.5,83.25,86.9,86.9,8082,102800,80700,0.0
2024-05-23,2024-06-06,21650,PE,123.05,135.3,89.25,91.6,91.6,505,7350,2775,0.0
2024-05-23,2024-06-06,21700,PE,133.9,135.0,93.25,96.05,96.05,6765,61600,8900,0.0
2024-05-23,2024-06-06,21750,PE,50.5,58.55,50.5,58.55,58.55,2,75,50,0.0
2024-05-23,2024-06-06,21800,PE,152.35,152.35,104.6,108.0,108.0,10702,113300,21050,0.0
2024-05-23,2024-06-06,21850,PE,0.0,0.0,0.0,87.95,7.3,0,0,0,0.0
2024-05-23,2024-06-06,21900,PE,162.55,170.9,114.0,119.75,119.75,4586,62575,12175,0.0
2024-05-23,2024-06-06,21950,PE,185.7,185.7,123.7,127.3,127.3,473,5025,-250,0.0
2024-05-23,2024-06-06,22000,PE,186.1,191.45,131.15,134.5,134.5,43355,971125,208575,0.0
2024-05-23,2024-06-06,22050,PE,187.75,198.55,138.0,141.25,141.25,1018,6600,-3250,0.0
2024-05-23,2024-06-06,22100,PE,212.85,212.85,145.1,148.55,148.55,7927,84875,39300,0.0
2024-05-23,2024-06-06,22150,PE,219.0,222.15,154.0,156.6,156.6,900,11625,75,0.0
2024-05-23,2024-06-06,22200,PE,234.65,238.5,160.1,164.6,164.6,9111,113975,22450,0.0
2024-05-23,2024-06-06,22250,PE,249.55,249.55,171.2,174.2,174.2,1138,16175,2925,0.0
2024-05-23,2024-06-06,22300,PE,265.45,265.45,180.0,183.4,183.4,9970,115225,34000,0.0
2024-05-23,2024-06-06,22350,PE,277.0,277.0,190.05,193.55,193.55,1462,14925,-675,0.0
2024-05-23,2024-06-06,22400,PE,290.0,296.4,198.0,203.75,203.75,10198,181600,34850,0.0
2024-05-23,2024-06-06,22450,PE,318.0,318.0,211.95,215.75,215.75,957,18450,3375,0.0
2024-05-23,2024-06-06,22500,PE,330.0,336.95,222.0,228.95,228.95,50080,844325,260700,0.0
2024-05-23,2024-06-06,22550,PE,347.25,354.15,235.85,240.1,240.1,2635,28350,-12300,0.0
2024-05-23,2024-06-06,22600,PE,371.0,375.95,245.0,254.4,254.4,20073,215075,92725,0.0
2024-05-23,2024-06-06,22650,PE,389.1,397.45,263.25,266.95,266.95,2032,28150,19375,0.0
2024-05-23,2024-06-06,22700,PE,412.1,419.6,273.6,280.6,280.6,19009,220125,163100,0.0
2024-05-23,2024-06-06,22750,PE,430.25,438.6,291.0,296.9,296.9,2449,27750,21800,0.0
2024-05-23,2024-06-06,22800,PE,472.0,472.05,307.55,316.4,316.4,19249,202475,125350,0.0
2024-05-23,2024-06-06,22850,PE,471.65,471.65,327.0,332.05,332.05,3137,22525,22425,0.0
2024-05-23,2024-06-06,22900,PE,505.1,517.45,341.65,350.65,350.65,8249,90250,37625,0.0
2024-05-23,2024-06-06,22950,PE,480.7,480.7,360.1,370.65,370.65,1303,16650,16650,0.0
2024-05-23,2024-06-06,23000,PE,560.0,576.65,380.55,391.0,391.0,31629,388575,262150,0.0
2024-05-23,2024-06-06,23050,PE,601.0,601.0,405.85,410.9,410.9,145,7725,1775,0.0
2024-05-23,2024-06-06,23100,PE,616.9,634.75,428.0,433.65,433.65,2884,68475,14050,0.0
2024-05-23,2024-06-06,23150,PE,662.05,662.05,453.4,457.9,457.9,24,10225,200,0.0
2024-05-23,2024-06-06,23200,PE,685.0,704.85,479.5,488.1,488.1,1593,18050,11025,0.0
2024-05-23,2024-06-06,23250,PE,680.0,680.0,506.4,515.75,515.75,260,9500,3100,0.0
2024-05-23,2024-06-06,23300,PE,715.0,725.0,532.0,541.0,541.0,580,11950,8225,0.0
2024-05-23,2024-06-06,23350,PE,732.65,732.65,573.9,573.9,573.9,20,450,450,0.0
2024-05-23,2024-06-06,23400,PE,828.85,828.85,591.95,599.15,599.15,467,8600,5775,0.0
2024-05-23,2024-06-06,23450,PE,0.0,0.0,0.0,803.3,519.95,0,0,0,0.0
2024-05-23,2024-06-06,23500,PE,903.05,921.0,654.7,667.45,667.45,3007,48550,25925,0.0
2024-05-23,2024-06-06,23550,PE,0.0,0.0,0.0,979.6,596.8,0,25,0,0.0
2024-05-23,2024-06-06,23600,PE,850.0,850.0,720.2,725.7,725.7,314,7850,7400,0.0
2024-05-23,2024-06-06,23650,PE,805.05,805.05,803.35,803.55,677.85,10,300,250,0.0
2024-05-23,2024-06-06,23700,PE,825.05,825.05,825.05,825.05,719.8,2,50,25,0.0
2024-05-23,2024-06-06,23750,PE,879.65,879.65,877.85,878.05,762.65,10,450,250,0.0
2024-05-23,2024-06-06,23800,PE,915.0,935.0,858.35,879.8,879.8,75,1675,1475,0.0
2024-05-23,2024-06-06,23850,PE,1050.0,1050.0,965.0,965.0,850.7,2,100,0,0.0
2024-05-23,2024-06-06,23900,PE,1190.0,1190.0,956.0,956.0,956.0,8,425,125,0.0
2024-05-23,2024-06-06,23950,PE,1040.0,1040.0,1040.0,1040.0,941.4,1,150,0,0.0
2024-05-23,2024-06-06,24000,PE,1340.0,1345.0,1021.2,1031.1,1031.1,1353,28500,23250,0.0
2024-05-23,2024-06-06,24050,PE,1123.95,1123.95,1122.1,1122.1,1034.3,8,550,200,0.0
2024-05-23,2024-06-06,24100,PE,1166.4,1166.4,1164.4,1164.6,1081.45,10,500,250,0.0
2024-05-23,2024-06-06,24150,PE,1300.0,1300.0,1220.0,1220.0,1128.95,2,375,25,0.0
2024-05-23,2024-06-06,24200,PE,1360.0,1360.0,1260.0,1260.0,1176.85,2,375,25,0.0
2024-05-23,2024-06-06,24250,PE,1300.0,1300.0,1300.0,1300.0,1225.0,1,350,0,0.0
2024-05-23,2024-06-06,24300,PE,1344.15,1344.15,1342.05,1342.25,1273.4,10,550,250,0.0
2024-05-23,2024-06-06,24350,PE,1389.35,1389.35,1387.3,1387.45,1322.05,10,600,250,0.0
2024-05-23,2024-06-06,24400,PE,1420.0,1420.0,1378.95,1394.65,1394.65,4,350,50,0.0
2024-05-23,2024-06-13,20200,CE,0.0,0.0,0.0,1905.3,2849.8,0,0,0,0.0
2024-05-23,2024-06-13,20250,CE,0.0,0.0,0.0,1856.8,2800.0,0,0,0,0.0
2024-05-23,2024-06-13,20300,CE,0.0,0.0,0.0,1808.45,2750.2,0,0,0,0.0
2024-05-23,2024-06-13,20350,CE,0.0,0.0,0.0,1760.25,2700.4,0,0,0,0.0
2024-05-23,2024-06-13,20400,CE,0.0,0.0,0.0,1712.3,2650.65,0,0,0,0.0
2024-05-23,2024-06-13,20450,CE,0.0,0.0,0.0,1664.5,2600.85,0,0,0,0.0
2024-05-23,2024-06-13,20500,CE,0.0,0.0,0.0,1617.0,2551.05,0,0,0,0.0
2024-05-23,2024-06-13,20550,CE,0.0,0.0,0.0,1569.7,2501.3,0,0,0,0.0
2024-05-23,2024-06-13,20600,CE,0.0,0.0,0.0,1522.75,2451.5,0,0,0,0.0
2024-05-23,2024-06-13,20650,CE,0.0,0.0,0.0,1476.05,2401.75,0,0,0,0.0
2024-05-23,2024-06-13,20700,CE,0.0,0.0,0.0,1429.75,2352.0,0,0,0,0.0
2024-05-23,2024-06-13,20750,CE,0.0,0.0,0.0,1383.75,2302.25,0,0,0,0.0
2024-05-23,2024-06-13,20800,CE,0.0,0.0,0.0,1338.2,2252.5,0,0,0,0.0
2024-05-23,2024-06-13,20850,CE,0.0,0.0,0.0,1293.05,2202.8,0,0,0,0.0
2024-05-23,2024-06-13,20900,CE,0.0,0.0,0.0,1248.35,2153.05,0,0,0,0.0
2024-05-23,2024-06-13,20950,CE,0.0,0.0,0.0,1204.15,2103.4,0,0,0,0.0
2024-05-23,2024-06-13,21000,CE,0.0,0.0,0.0,1160.5,2053.75,0,0,0,0.0
2024-05-23,2024-06-13,21050,CE,0.0,0.0,0.0,1117.35,2004.15,0,0,0,0.0
2024-05-23,2024-06-13,21100,CE,0.0,0.0,0.0,1074.8,1954.55,0,0,0,0.0
2024-05-23,2024-06-13,21150,CE,0.0,0.0,0.0,1032.9,1905.05,0,0,0,0.0
2024-05-23,2024-06-13,21200,CE,0.0,0.0,0.0,991.6,1855.55,0,0,0,0.0
2024-05-23,2024-06-13,21250,CE,0.0,0.0,0.0,951.05,1806.2,0,0,0,0.0
2024-05-23,2024-06-13,21300,CE,0.0,0.0,0.0,911.15,1756.85,0,0,0,0.0
2024-05-23,2024-06-13,21350,CE,0.0,0.0,0.0,872.05,1707.65,0,0,0,0.0
2024-05-23,2024-06-13,21400,CE,0.0,0.0,0.0,833.65,1658.55,0,0,0,0.0
2024-05-23,2024-06-13,21450,CE,0.0,0.0,0.0,796.15,1609.6,0,0,0,0.0
2024-05-23,2024-06-13,21500,CE,0.0,0.0,0.0,759.25,1560.75,0,0,0,0.0
2024-05-23,2024-06-13,21550,CE,0.0,0.0,0.0,723.45,1512.1,0,0,0,0.0
2024-05-23,2024-06-13,21600,CE,0.0,0.0,0.0,688.5,1463.65,0,0,0,0.0
2024-05-23,2024-06-13,21650,CE,0.0,0.0,0.0,654.45,1415.45,0,0,0,0.0
2024-05-23,2024-06-13,21700,CE,0.0,0.0,0.0,621.35,1367.45,0,0,0,0.0
2024-05-23,2024-06-13,21750,CE,0.0,0.0,0.0,589.25,1319.75,0,0,0,0.0
2024-05-23,2024-06-13,21800,CE,0.0,0.0,0.0,558.05,1272.4,0,0,0,0.0
2024-05-23,2024-06-13,21850,CE,0.0,0.0,0.0,527.9,1225.4,0,0,0,0.0
2024-05-23,2024-06-13,21900,CE,0.0,0.0,0.0,1055.7,1178.75,0,500,0,0.0
2024-05-23,2024-06-13,21950,CE,0.0,0.0,0.0,470.5,1132.55,0,0,0,0.0
2024-05-23,2024-06-13,22000,CE,999.75,1225.0,999.75,1225.0,1225.0,304,11700,-775,0.0
2024-05-23,2024-06-13,22050,CE,1135.3,1170.05,1135.3,1167.9,1167.9,20,2950,500,0.0
2024-05-23,2024-06-13,22100,CE,951.0,1096.0,931.5,1082.05,997.05,12,3225,-75,0.0
2024-05-23,2024-06-13,22150,CE,1124.1,1124.1,1123.35,1123.7,1123.7,16,400,400,0.0
2024-05-23,2024-06-13,22200,CE,821.1,1094.45,821.1,1094.45,1094.45,63,20500,-450,0.0
2024-05-23,2024-06-13,22250,CE,990.1,990.9,990.1,990.9,867.15,6,1025,-150,0.0
2024-05-23,2024-06-13,22300,CE,781.35,983.8,742.5,969.0,969.0,63,5600,175,0.0
2024-05-23,2024-06-13,22350,CE,911.9,936.4,911.9,936.4,936.4,5,275,125,0.0
2024-05-23,2024-06-13,22400,CE,710.0,921.55,702.05,909.45,909.45,165,5750,-200,0.0
2024-05-23,2024-06-13,22450,CE,677.85,842.8,676.95,842.5,704.8,10,300,175,0.0
2024-05-23,2024-06-13,22500,CE,610.6,850.5,606.95,821.2,821.2,3260,111875,-13650,0.0
2024-05-23,2024-06-13,22550,CE,601.55,790.0,582.2,786.95,786.95,35,1875,50,0.0
2024-05-23,2024-06-13,22600,CE,574.0,777.4,545.1,766.45,766.45,1732,27300,9750,0.0
2024-05-23,2024-06-13,22650,CE,678.85,740.75,678.85,728.65,728.65,173,3850,3850,0.0
2024-05-23,2024-06-13,22700,CE,482.65,708.95,482.65,698.55,698.55,1815,32750,2525,0.0
2024-05-23,2024-06-13,22750,CE,615.0,677.75,615.0,677.75,677.75,18,250,250,0.0
2024-05-23,2024-06-13,22800,CE,607.15,619.9,607.15,619.9,619.9,4,75,75,0.0
2024-05-23,2024-06-13,22850,CE,568.05,596.75,567.45,596.75,596.75,14,250,250,0.0
2024-05-23,2024-06-13,22900,CE,450.0,580.7,393.95,563.05,563.05,830,14500,11225,0.0
2024-05-23,2024-06-13,22950,CE,470.0,522.4,470.0,511.15,371.5,9,150,150,0.0
2024-05-23,2024-06-13,23000,CE,342.55,519.85,342.0,508.4,508.4,5418,128825,31075,0.0
2024-05-23,2024-06-13,23050,CE,0.0,0.0,0.0,92.0,319.2,0,0,0,0.0
2024-05-23,2024-06-13,23100,CE,0.0,0.0,0.0,83.95,294.95,0,0,0,0.0
2024-05-23,2024-06-13,23150,CE,295.0,436.65,282.2,424.75,424.75,349,6450,6175,0.0
2024-05-23,2024-06-13,23200,CE,0.0,0.0,0.0,69.65,250.3,0,0,0,0.0
2024-05-23,2024-06-13,23250,CE,0.0,0.0,0.0,63.3,229.8,0,0,0,0.0
2024-05-23,2024-06-13,23300,CE,0.0,0.0,0.0,57.45,210.5,0,0,0,0.0
2024-05-23,2024-06-13,23350,CE,0.0,0.0,0.0,52.0,192.4,0,0,0,0.0
2024-05-23,2024-06-13,23400,CE,167.0,303.0,167.0,291.15,291.15,109,725,675,0.0
2024-05-23,2024-06-13,23450,CE,0.0,0.0,0.0,42.5,159.65,0,0,0,0.0
2024-05-23,2024-06-13,23500,CE,187.35,276.65,170.55,266.15,266.15,8421,108700,4975,0.0
2024-05-23,2024-06-13,23550,CE,0.0,0.0,0.0,34.5,131.25,0,0,0,0.0
2024-05-23,2024-06-13,23600,CE,0.0,0.0,0.0,31.0,119.65,0,0,0,0.0
2024-05-23,2024-06-13,23650,CE,0.0,0.0,0.0,27.8,107.0,0,0,0,0.0
2024-05-23,2024-06-13,23700,CE,130.0,207.45,125.9,198.25,198.25,2039,15725,-6775,0.0
2024-05-23,2024-06-13,23750,CE,0.0,0.0,0.0,22.3,86.35,0,0,0,0.0
2024-05-23,2024-06-13,23800,CE,0.0,0.0,0.0,19.9,77.3,0,0,0,0.0
2024-05-23,2024-06-13,23850,CE,0.0,0.0,0.0,17.75,69.0,0,0,0,0.0
2024-05-23,2024-06-13,23900,CE,0.0,0.0,0.0,15.8,61.45,0,0,0,0.0
2024-05-23,2024-06-13,23950,CE,88.55,145.0,83.3,135.65,135.65,1052,17325,6125,0.0
2024-05-23,2024-06-13,24000,CE,69.7,74.45,69.7,74.45,74.45,171,4325,4275,0.0
2024-05-23,2024-06-13,24050,CE,0.0,0.0,0.0,11.05,42.8,0,0,0,0.0
2024-05-23,2024-06-13,24100,CE,0.0,0.0,0.0,9.8,37.75,0,0,0,0.0
2024-05-23,2024-06-13,24150,CE,62.5,100.0,60.0,97.35,97.35,2872,37050,2550,0.0
2024-05-23,2024-06-13,24200,CE,0.0,0.0,0.0,7.65,29.1,0,0,0,0.0
2024-05-23,2024-06-13,24250,CE,51.0,94.95,46.1,81.4,81.4,334,5850,975,0.0
2024-05-23,2024-06-13,24300,CE,0.0,0.0,0.0,5.9,22.25,0,0,0,0.0
2024-05-23,2024-06-13,24350,CE,0.0,0.0,0.0,5.2,19.35,0,0,0,0.0
2024-05-23,2024-06-13,20200,PE,0.0,0.0,0.0,6.9,0.05,0,0,0,0.0
2024-05-23,2024-06-13,20250,PE,0.0,0.0,0.0,8.05,0.05,0,0,0,0.0
2024-05-23,2024-06-13,20300,PE,0.0,0.0,0.0,7.3,0.05,0,500,0,0.0
2024-05-23,2024-06-13,20350,PE,0.0,0.0,0.0,10.8,0.05,0,0,0,0.0
2024-05-23,2024-06-13,20400,PE,0.0,0.0,0.0,12.5,0.05,0,0,0,0.0
2024-05-23,2024-06-13,20450,PE,0.0,0.0,0.0,14.35,0.05,0,0,0,0.0
2024-05-23,2024-06-13,20500,PE,0.0,0.0,0.0,16.5,0.1,0,0,0,0.0
2024-05-23,2024-06-13,20550,PE,0.0,0.0,0.0,29.85,0.1,0,3100,0,0.0
2024-05-23,2024-06-13,20600,PE,0.0,0.0,0.0,71.1,0.1,0,50075,0,0.0
2024-05-23,2024-06-13,20650,PE,0.0,0.0,0.0,24.5,0.15,0,0,0,0.0
2024-05-23,2024-06-13,20700,PE,0.0,0.0,0.0,24.15,0.2,0,25,0,0.0
2024-05-23,2024-06-13,20750,PE,0.0,0.0,0.0,31.55,0.25,0,0,0,0.0
2024-05-23,2024-06-13,20800,PE,0.0,0.0,0.0,16.2,0.3,0,325,0,0.0
2024-05-23,2024-06-13,20850,PE,0.0,0.0,0.0,40.1,0.35,0,0,0,0.0
2024-05-23,2024-06-13,20900,PE,0.0,0.0,0.0,22.45,0.45,0,300,0,0.0
2024-05-23,2024-06-13,20950,PE,0.0,0.0,0.0,50.55,0.6,0,0,0,0.0
2024-05-23,2024-06-13,21000,PE,87.0,87.0,57.65,60.25,60.25,3319,77875,10500,0.0
2024-05-23,2024-06-13,21050,PE,0.0,0.0,0.0,63.05,0.9,0,0,0,0.0
2024-05-23,2024-06-13,21100,PE,0.0,0.0,0.0,90.05,1.15,0,75,0,0.0
2024-05-23,2024-06-13,21150,PE,0.0,0.0,0.0,77.85,1.4,0,0,0,0.0
2024-05-23,2024-06-13,21200,PE,0.0,0.0,0.0,86.25,1.75,0,0,0,0.0
2024-05-23,2024-06-13,21250,PE,0.0,0.0,0.0,95.3,2.15,0,0,0,0.0
2024-05-23,2024-06-13,21300,PE,26.55,26.55,26.55,26.55,2.65,4,150,100,0.0
2024-05-23,2024-06-13,21350,PE,0.0,0.0,0.0,115.6,3.2,0,0,0,0.0
2024-05-23,2024-06-13,21400,PE,0.0,0.0,0.0,146.65,3.9,0,1800,0,0.0
2024-05-23,2024-06-13,21450,PE,0.0,0.0,0.0,139.0,4.75,0,0,0,0.0
2024-05-23,2024-06-13,21500,PE,149.4,149.4,97.75,100.75,100.75,4744,141350,32775,0.0
2024-05-23,2024-06-13,21550,PE,0.0,0.0,0.0,165.6,6.85,0,0,0,0.0
2024-05-23,2024-06-13,21600,PE,0.0,0.0,0.0,180.3,8.2,0,0,0,0.0
2024-05-23,2024-06-13,21650,PE,0.0,0.0,0.0,195.95,9.75,0,0,0,0.0
2024-05-23,2024-06-13,21700,PE,54.3,54.3,54.3,54.3,54.3,1,25,25,0.0
2024-05-23,2024-06-13,21750,PE,0.0,0.0,0.0,127.15,13.7,0,75,0,0.0
2024-05-23,2024-06-13,21800,PE,189.55,189.55,132.35,135.65,135.65,657,13325,5625,0.0
2024-05-23,2024-06-13,21850,PE,0.0,0.0,0.0,267.95,18.9,0,0,0,0.0
2024-05-23,2024-06-13,21900,PE,0.0,0.0,0.0,288.45,22.1,0,0,0,0.0
2024-05-23,2024-06-13,21950,PE,0.0,0.0,0.0,309.9,25.7,0,0,0,0.0
2024-05-23,2024-06-13,22000,PE,235.1,235.1,160.9,164.3,164.3,3607,114100,44275,0.0
2024-05-23,2024-06-13,22050,PE,0.0,0.0,0.0,355.85,34.4,0,0,0,0.0
2024-05-23,2024-06-13,22100,PE,0.0,0.0,0.0,380.3,39.6,0,0,0,0.0
2024-05-23,2024-06-13,22150,PE,0.0,0.0,0.0,405.85,45.4,0,0,0,0.0
2024-05-23,2024-06-13,22200,PE,279.15,280.65,191.6,200.8,200.8,680,21100,2200,0.0
2024-05-23,2024-06-13,22250,PE,186.45,222.2,186.45,221.05,221.05,23,850,550,0.0
2024-05-23,2024-06-13,22300,PE,0.0,0.0,0.0,488.45,67.0,0,0,0,0.0
2024-05-23,2024-06-13,22350,PE,0.0,0.0,0.0,518.0,75.75,0,0,0,0.0
2024-05-23,2024-06-13,22400,PE,338.7,343.7,237.7,242.75,242.75,768,15325,4100,0.0
2024-05-23,2024-06-13,22450,PE,0.0,0.0,0.0,579.95,95.9,0,0,0,0.0
2024-05-23,2024-06-13,22500,PE,370.3,385.45,261.05,267.5,267.5,4794,241550,29575,0.0
2024-05-23,2024-06-13,22550,PE,422.45,422.45,276.6,281.9,281.9,143,8075,325,0.0
2024-05-23,2024-06-13,22600,PE,415.0,419.55,290.65,298.4,298.4,2349,62950,24375,0.0
2024-05-23,2024-06-13,22650,PE,0.0,0.0,0.0,714.9,148.0,0,0,0,0.0
2024-05-23,2024-06-13,22700,PE,438.2,460.0,322.0,329.75,329.75,2425,43800,26500,0.0
2024-05-23,2024-06-13,22750,PE,0.0,0.0,0.0,608.7,180.7,0,25,0,0.0
2024-05-23,2024-06-13,22800,PE,470.0,480.0,354.8,360.6,360.6,862,15575,11000,0.0
2024-05-23,2024-06-13,22850,PE,357.75,451.65,357.75,375.85,375.85,262,5325,5325,0.0
2024-05-23,2024-06-13,22900,PE,485.25,485.25,391.4,404.2,404.2,739,12050,11750,0.0
2024-05-23,2024-06-13,22950,PE,0.0,0.0,0.0,942.25,260.55,0,0,0,0.0
2024-05-23,2024-06-13,23000,PE,590.05,590.05,430.3,437.85,437.85,3233,49775,41225,0.0
2024-05-23,2024-06-13,23050,PE,0.0,0.0,0.0,1023.7,307.85,0,0,0,0.0
2024-05-23,2024-06-13,23100,PE,505.0,507.1,469.3,487.2,487.2,41,475,475,0.0
2024-05-23,2024-06-13,23150,PE,593.25,593.25,593.25,593.25,360.25,1,25,25,0.0
2024-05-23,2024-06-13,23200,PE,0.0,0.0,0.0,1150.35,388.3,0,0,0,0.0
2024-05-23,2024-06-13,23250,PE,0.0,0.0,0.0,1193.6,417.65,0,0,0,0.0
2024-05-23,2024-06-13,23300,PE,0.0,0.0,0.0,781.25,448.15,0,50,0,0.0
2024-05-23,2024-06-13,23350,PE,0.0,0.0,0.0,1281.65,479.85,0,0,0,0.0
2024-05-23,2024-06-13,23400,PE,0.0,0.0,0.0,1326.35,512.7,0,0,0,0.0
2024-05-23,2024-06-13,23450,PE,0.0,0.0,0.0,1371.4,546.65,0,0,0,0.0
2024-05-23,2024-06-13,23500,PE,801.0,801.0,705.0,709.7,709.7,18,450,450,0.0
2024-05-23,2024-06-13,23550,PE,0.0,0.0,0.0,1462.7,617.85,0,0,0,0.0
2024-05-23,2024-06-13,23600,PE,0.0,0.0,0.0,1508.9,656.05,0,0,0,0.0
2024-05-23,2024-06-13,23650,PE,0.0,0.0,0.0,1555.35,693.25,0,0,0,0.0
2024-05-23,2024-06-13,23700,PE,0.0,0.0,0.0,1602.1,732.25,0,0,0,0.0
2024-05-23,2024-06-13,23750,PE,0.0,0.0,0.0,1649.15,772.15,0,0,0,0.0
2024-05-23,2024-06-13,23800,PE,0.0,0.0,0.0,1696.4,812.9,0,0,0,0.0
2024-05-23,2024-06-13,23850,PE,0.0,0.0,0.0,1743.9,854.4,0,0,0,0.0
2024-05-23,2024-06-13,23900,PE,0.0,0.0,0.0,1791.6,896.65,0,0,0,0.0
2024-05-23,2024-06-13,23950,PE,0.0,0.0,0.0,1839.5,939.6,0,0,0,0.0
2024-05-23,2024-06-13,24000,PE,0.0,0.0,0.0,1887.55,983.2,0,0,0,0.0
2024-05-23,2024-06-13,24050,PE,0.0,0.0,0.0,1935.8,1027.35,0,0,0,0.0
2024-05-23,2024-06-13,24100,PE,0.0,0.0,0.0,1984.2,1072.1,0,0,0,0.0
2024-05-23,2024-06-13,24150,PE,0.0,0.0,0.0,2032.7,1117.35,0,0,0,0.0
2024-05-23,2024-06-13,24200,PE,0.0,0.0,0.0,2081.35,1163.1,0,0,0,0.0
2024-05-23,2024-06-13,24250,PE,0.0,0.0,0.0,2130.05,1209.25,0,0,0,0.0
2024-05-23,2024-06-13,24300,PE,0.0,0.0,0.0,2178.9,1255.8,0,0,0,0.0
2024-05-23,2024-06-13,24350,PE,0.0,0.0,0.0,2227.85,1302.75,0,0,0,0.0
2024-05-23,2024-06-20,20650,CE,0.0,0.0,0.0,1905.65,2430.1,0,0,0,0.0
2024-05-23,2024-06-20,20700,CE,0.0,0.0,0.0,1857.25,2380.5,0,0,0,0.0
2024-05-23,2024-06-20,20750,CE,0.0,0.0,0.0,1809.05,2330.95,0,0,0,0.0
2024-05-23,2024-06-20,20800,CE,0.0,0.0,0.0,1761.0,2281.45,0,0,0,0.0
2024-05-23,2024-06-20,20850,CE,0.0,0.0,0.0,1713.2,2231.95,0,0,0,0.0
2024-05-23,2024-06-20,20900,CE,0.0,0.0,0.0,1665.6,2182.5,0,0,0,0.0
2024-05-23,2024-06-20,20950,CE,0.0,0.0,0.0,1618.25,2133.1,0,0,0,0.0
2024-05-23,2024-06-20,21000,CE,0.0,0.0,0.0,1571.15,2083.75,0,0,0,0.0
2024-05-23,2024-06-20,21050,CE,0.0,0.0,0.0,1524.35,2034.5,0,0,0,0.0
2024-05-23,2024-06-20,21100,CE,0.0,0.0,0.0,1477.9,1985.3,0,0,0,0.0
2024-05-23,2024-06-20,21150,CE,0.0,0.0,0.0,1431.8,1936.2,0,0,0,0.0
2024-05-23,2024-06-20,21200,CE,0.0,0.0,0.0,1386.05,1887.25,0,0,0,0.0
2024-05-23,2024-06-20,21250,CE,0.0,0.0,0.0,1340.75,1838.35,0,0,0,0.0
2024-05-23,2024-06-20,21300,CE,0.0,0.0,0.0,1295.85,1789.65,0,0,0,0.0
2024-05-23,2024-06-20,21350,CE,0.0,0.0,0.0,1251.4,1741.05,0,0,0,0.0
2024-05-23,2024-06-20,21400,CE,0.0,0.0,0.0,1207.45,1692.65,0,0,0,0.0
2024-05-23,2024-06-20,21450,CE,0.0,0.0,0.0,1164.05,1644.45,0,0,0,0.0
2024-05-23,2024-06-20,21500,CE,0.0,0.0,0.0,1121.15,1596.45,0,0,0,0.0
2024-05-23,2024-06-20,21550,CE,0.0,0.0,0.0,1078.9,1548.7,0,0,0,0.0
2024-05-23,2024-06-20,21600,CE,0.0,0.0,0.0,1037.25,1501.2,0,0,0,0.0
2024-05-23,2024-06-20,21650,CE,0.0,0.0,0.0,996.25,1453.95,0,0,0,0.0
2024-05-23,2024-06-20,21700,CE,0.0,0.0,0.0,955.9,1407.05,0,0,0,0.0
2024-05-23,2024-06-20,21750,CE,0.0,0.0,0.0,916.3,1360.5,0,0,0,0.0
2024-05-23,2024-06-20,21800,CE,0.0,0.0,0.0,877.45,1314.35,0,0,0,0.0
2024-05-23,2024-06-20,21850,CE,0.0,0.0,0.0,839.35,1268.6,0,0,0,0.0
2024-05-23,2024-06-20,21900,CE,0.0,0.0,0.0,802.9,1223.25,0,0,0,0.0
2024-05-23,2024-06-20,21950,CE,0.0,0.0,0.0,765.4,1178.4,0,0,0,0.0
2024-05-23,2024-06-20,22000,CE,0.0,0.0,0.0,1006.5,1134.1,0,875,0,0.0
2024-05-23,2024-06-20,22050,CE,0.0,0.0,0.0,695.05,1090.3,0,0,0,0.0
2024-05-23,2024-06-20,22100,CE,0.0,0.0,0.0,661.25,1047.1,0,0,0,0.0
2024-05-23,2024-06-20,22150,CE,0.0,0.0,0.0,628.3,1004.55,0,0,0,0.0
2024-05-23,2024-06-20,22200,CE,0.0,0.0,0.0,755.0,962.65,0,225,0,0.0
2024-05-23,2024-06-20,22250,CE,0.0,0.0,0.0,541.5,921.45,0,25,0,0.0
2024-05-23,2024-06-20,22300,CE,0.0,0.0,0.0,535.3,880.95,0,0,0,0.0
2024-05-23,2024-06-20,22350,CE,0.0,0.0,0.0,506.2,841.25,0,0,0,0.0
2024-05-23,2024-06-20,22400,CE,751.0,917.6,751.0,917.6,917.6,66,1525,-1625,0.0
2024-05-23,2024-06-20,22450,CE,774.45,798.45,774.45,798.45,764.3,38,950,950,0.0
2024-05-23,2024-06-20,22500,CE,658.7,875.8,658.55,870.9,870.9,303,8400,-2575,0.0
2024-05-23,2024-06-20,22550,CE,652.4,654.7,652.1,654.7,690.7,47,1175,1175,0.0
2024-05-23,2024-06-20,22600,CE,594.75,798.9,594.75,796.8,796.8,318,6150,725,0.0
2024-05-23,2024-06-20,22650,CE,594.45,594.45,594.45,594.45,621.05,28,700,675,0.0
2024-05-23,2024-06-20,22700,CE,540.3,742.95,540.3,735.0,735.0,210,13000,1150,0.0
2024-05-23,2024-06-20,22750,CE,0.0,0.0,0.0,309.2,555.35,0,0,0,0.0
2024-05-23,2024-06-20,22800,CE,629.2,656.1,629.2,656.1,656.1,9,200,200,0.0
2024-05-23,2024-06-20,22850,CE,0.0,0.0,0.0,311.15,493.8,0,75,0,0.0
2024-05-23,2024-06-20,22900,CE,0.0,0.0,0.0,251.45,464.6,0,0,0,0.0
2024-05-23,2024-06-20,22950,CE,0.0,0.0,0.0,234.05,436.5,0,0,0,0.0
2024-05-23,2024-06-20,23000,CE,394.95,558.65,394.95,555.7,555.7,228,2500,1000,0.0
2024-05-23,2024-06-20,23050,CE,0.0,0.0,0.0,201.95,383.5,0,0,0,0.0
2024-05-23,2024-06-20,23100,CE,300.0,300.0,300.0,300.0,358.55,1,25,25,0.0
2024-05-23,2024-06-20,23150,CE,0.0,0.0,0.0,173.3,334.8,0,0,0,0.0
2024-05-23,2024-06-20,23200,CE,320.9,501.1,320.1,450.05,450.05,144,2950,2600,0.0
2024-05-23,2024-06-20,23250,CE,0.0,0.0,0.0,148.9,290.5,0,0,0,0.0
2024-05-23,2024-06-20,23300,CE,0.0,0.0,0.0,136.45,269.9,0,0,0,0.0
2024-05-23,2024-06-20,23350,CE,0.0,0.0,0.0,125.6,250.4,0,0,0,0.0
2024-05-23,2024-06-20,23400,CE,0.0,0.0,0.0,115.45,231.9,0,0,0,0.0
2024-05-23,2024-06-20,23450,CE,0.0,0.0,0.0,105.95,214.45,0,0,0,0.0
2024-05-23,2024-06-20,23500,CE,177.4,315.2,177.4,305.3,305.3,665,12450,12075,0.0
2024-05-23,2024-06-20,23550,CE,0.0,0.0,0.0,88.9,182.4,0,0,0,0.0
2024-05-23,2024-06-20,23600,CE,0.0,0.0,0.0,81.2,167.8,0,0,0,0.0
2024-05-23,2024-06-20,23650,CE,0.0,0.0,0.0,74.1,154.1,0,0,0,0.0
2024-05-23,2024-06-20,23700,CE,0.0,0.0,0.0,67.5,142.3,0,0,0,0.0
2024-05-23,2024-06-20,23750,CE,0.0,0.0,0.0,61.4,129.45,0,0,0,0.0
2024-05-23,2024-06-20,23800,CE,0.0,0.0,0.0,55.8,118.3,0,0,0,0.0
2024-05-23,2024-06-20,23850,CE,0.0,0.0,0.0,50.6,107.9,0,0,0,0.0
2024-05-23,2024-06-20,23900,CE,0.0,0.0,0.0,45.85,98.25,0,0,0,0.0
2024-05-23,2024-06-20,23950,CE,0.0,0.0,0.0,41.45,89.3,0,0,0,0.0
2024-05-23,2024-06-20,24000,CE,0.0,0.0,0.0,81.6,81.05,0,50150,0,0.0
2024-05-23,2024-06-20,24050,CE,0.0,0.0,0.0,33.75,73.4,0,0,0,0.0
2024-05-23,2024-06-20,24100,CE,0.0,0.0,0.0,30.4,66.35,0,0,0,0.0
2024-05-23,2024-06-20,24150,CE,86.15,136.5,78.3,128.75,128.75,287,29750,-250,0.0
2024-05-23,2024-06-20,24200,CE,0.0,0.0,0.0,24.5,53.95,0,0,0,0.0
2024-05-23,2024-06-20,24250,CE,0.0,0.0,0.0,21.95,48.5,0,0,0,0.0
2024-05-23,2024-06-20,24300,CE,0.0,0.0,0.0,19.65,43.55,0,0,0,0.0
2024-05-23,2024-06-20,24350,CE,0.0,0.0,0.0,17.55,39.0,0,0,0,0.0
2024-05-23,2024-06-20,20650,PE,0.0,0.0,0.0,7.95,0.6,0,0,0,0.0
2024-05-23,2024-06-20,20700,PE,0.0,0.0,0.0,9.25,0.75,0,0,0,0.0
2024-05-23,2024-06-20,20750,PE,0.0,0.0,0.0,10.65,0.9,0,0,0,0.0
2024-05-23,2024-06-20,20800,PE,0.0,0.0,0.0,12.25,1.1,0,0,0,0.0
2024-05-23,2024-06-20,20850,PE,0.0,0.0,0.0,14.1,1.35,0,0,0,0.0
2024-05-23,2024-06-20,20900,PE,0.0,0.0,0.0,16.15,1.65,0,0,0,0.0
2024-05-23,2024-06-20,20950,PE,0.0,0.0,0.0,18.45,1.95,0,0,0,0.0
2024-05-23,2024-06-20,21000,PE,0.0,0.0,0.0,21.0,2.35,0,0,0,0.0
2024-05-23,2024-06-20,21050,PE,0.0,0.0,0.0,23.9,2.85,0,0,0,0.0
2024-05-23,2024-06-20,21100,PE,25.65,25.65,25.65,25.65,3.35,6,150,150,0.0
2024-05-23,2024-06-20,21150,PE,0.0,0.0,0.0,30.6,4.0,0,0,0,0.0
2024-05-23,2024-06-20,21200,PE,0.0,0.0,0.0,34.55,4.75,0,0,0,0.0
2024-05-23,2024-06-20,21250,PE,0.0,0.0,0.0,38.85,5.6,0,0,0,0.0
2024-05-23,2024-06-20,21300,PE,0.0,0.0,0.0,43.6,6.6,0,0,0,0.0
2024-05-23,2024-06-20,21350,PE,0.0,0.0,0.0,48.8,7.75,0,0,0,0.0
2024-05-23,2024-06-20,21400,PE,0.0,0.0,0.0,52.3,9.1,0,25,0,0.0
2024-05-23,2024-06-20,21450,PE,0.0,0.0,0.0,60.75,10.6,0,0,0,0.0
2024-05-23,2024-06-20,21500,PE,0.0,0.0,0.0,61.45,12.35,0,25,0,0.0
2024-05-23,2024-06-20,21550,PE,0.0,0.0,0.0,74.95,14.3,0,0,0,0.0
2024-05-23,2024-06-20,21600,PE,0.0,0.0,0.0,82.9,16.55,0,0,0,0.0
2024-05-23,2024-06-20,21650,PE,0.0,0.0,0.0,91.55,19.05,0,0,0,0.0
2024-05-23,2024-06-20,21700,PE,0.0,0.0,0.0,100.9,21.9,0,0,0,0.0
2024-05-23,2024-06-20,21750,PE,0.0,0.0,0.0,110.95,25.05,0,0,0,0.0
2024-05-23,2024-06-20,21800,PE,0.0,0.0,0.0,164.45,28.6,0,250,0,0.0
2024-05-23,2024-06-20,21850,PE,0.0,0.0,0.0,133.25,32.55,0,0,0,0.0
2024-05-23,2024-06-20,21900,PE,0.0,0.0,0.0,168.5,37.0,0,25,0,0.0
2024-05-23,2024-06-20,21950,PE,0.0,0.0,0.0,158.65,41.85,0,0,0,0.0
2024-05-23,2024-06-20,22000,PE,0.0,0.0,0.0,172.7,47.25,0,0,0,0.0
2024-05-23,2024-06-20,22050,PE,0.0,0.0,0.0,187.6,53.2,0,0,0,0.0
2024-05-23,2024-06-20,22100,PE,0.0,0.0,0.0,203.45,59.75,0,0,0,0.0
2024-05-23,2024-06-20,22150,PE,0.0,0.0,0.0,220.2,66.9,0,0,0,0.0
2024-05-23,2024-06-20,22200,PE,270.05,270.05,231.0,236.8,236.8,19,825,325,0.0
2024-05-23,2024-06-20,22250,PE,0.0,0.0,0.0,256.5,83.25,0,0,0,0.0
2024-05-23,2024-06-20,22300,PE,0.0,0.0,0.0,276.1,92.5,0,0,0,0.0
2024-05-23,2024-06-20,22350,PE,0.0,0.0,0.0,296.65,102.55,0,0,0,0.0
2024-05-23,2024-06-20,22400,PE,0.0,0.0,0.0,318.25,113.4,0,0,0,0.0
2024-05-23,2024-06-20,22450,PE,0.0,0.0,0.0,340.8,125.05,0,0,0,0.0
2024-05-23,2024-06-20,22500,PE,406.0,410.6,288.0,303.5,303.5,486,7450,2475,0.0
2024-05-23,2024-06-20,22550,PE,0.0,0.0,0.0,388.8,150.95,0,0,0,0.0
2024-05-23,2024-06-20,22600,PE,0.0,0.0,0.0,414.35,165.35,0,0,0,0.0
2024-05-23,2024-06-20,22650,PE,0.0,0.0,0.0,404.9,180.75,0,25,0,0.0
2024-05-23,2024-06-20,22700,PE,0.0,0.0,0.0,468.4,197.1,0,0,0,0.0
2024-05-23,2024-06-20,22750,PE,0.0,0.0,0.0,496.85,214.5,0,0,0,0.0
2024-05-23,2024-06-20,22800,PE,418.15,423.9,398.2,410.75,410.75,20,475,450,0.0
2024-05-23,2024-06-20,22850,PE,0.0,0.0,0.0,556.75,252.4,0,0,0,0.0
2024-05-23,2024-06-20,22900,PE,483.75,483.75,442.45,450.0,450.0,10,1025,175,0.0
2024-05-23,2024-06-20,22950,PE,507.9,507.9,492.45,492.45,294.55,5,125,125,0.0
2024-05-23,2024-06-20,23000,PE,550.0,590.75,459.5,468.2,468.2,195,3575,3550,0.0
2024-05-23,2024-06-20,23050,PE,0.0,0.0,0.0,534.15,341.0,0,25,0,0.0
2024-05-23,2024-06-20,23100,PE,0.0,0.0,0.0,722.45,365.8,0,0,0,0.0
2024-05-23,2024-06-20,23150,PE,0.0,0.0,0.0,758.2,391.75,0,0,0,0.0
2024-05-23,2024-06-20,23200,PE,0.0,0.0,0.0,794.7,418.8,0,0,0,0.0
2024-05-23,2024-06-20,23250,PE,0.0,0.0,0.0,833.1,446.9,0,0,0,0.0
2024-05-23,2024-06-20,23300,PE,0.0,0.0,0.0,870.3,476.05,0,0,0,0.0
2024-05-23,2024-06-20,23350,PE,0.0,0.0,0.0,909.1,506.3,0,0,0,0.0
2024-05-23,2024-06-20,23400,PE,0.0,0.0,0.0,948.6,537.5,0,0,0,0.0
2024-05-23,2024-06-20,23450,PE,0.0,0.0,0.0,988.75,569.75,0,0,0,0.0
2024-05-23,2024-06-20,23500,PE,0.0,0.0,0.0,1029.55,603.0,0,0,0,0.0
2024-05-23,2024-06-20,23550,PE,0.0,0.0,0.0,1071.0,637.2,0,0,0,0.0
2024-05-23,2024-06-20,23600,PE,0.0,0.0,0.0,1112.95,672.3,0,0,0,0.0
2024-05-23,2024-06-20,23650,PE,0.0,0.0,0.0,1155.5,708.35,0,0,0,0.0
2024-05-23,2024-06-20,23700,PE,0.0,0.0,0.0,1198.55,746.25,0,0,0,0.0
2024-05-23,2024-06-20,23750,PE,0.0,0.0,0.0,1242.15,783.15,0,0,0,0.0
2024-05-23,2024-06-20,23800,PE,0.0,0.0,0.0,1286.15,821.75,0,0,0,0.0
2024-05-23,2024-06-20,23850,PE,0.0,0.0,0.0,1330.6,861.05,0,0,0,0.0
2024-05-23,2024-06-20,23900,PE,0.0,0.0,0.0,1375.5,901.15,0,0,0,0.0
2024-05-23,2024-06-20,23950,PE,0.0,0.0,0.0,1420.75,941.95,0,0,0,0.0
2024-05-23,2024-06-20,24000,PE,0.0,0.0,0.0,1466.4,983.4,0,0,0,0.0
2024-05-23,2024-06-20,24050,PE,0.0,0.0,0.0,1512.35,1025.45,0,0,0,0.0
2024-05-23,2024-06-20,24100,PE,0.0,0.0,0.0,1558.65,1068.15,0,0,0,0.0
2024-05-23,2024-06-20,24150,PE,0.0,0.0,0.0,1605.25,1111.4,0,0,0,0.0
2024-05-23,2024-06-20,24200,PE,0.0,0.0,0.0,1652.1,1155.2,0,0,0,0.0
2024-05-23,2024-06-20,24250,PE,0.0,0.0,0.0,1699.2,1199.5,0,0,0,0.0
2024-05-23,2024-06-20,24300,PE,0.0,0.0,0.0,1746.55,1244.25,0,0,0,0.0
2024-05-23,2024-06-20,24350,PE,0.0,0.0,0.0,1794.1,1289.45,0,0,0,0.0
2024-05-23,2024-06-27,15000,CE,7733.4,8018.0,7733.4,8000.95,8000.95,150,400750,450,0.0
2024-05-23,2024-06-27,16000,CE,0.0,0.0,0.0,2666.1,7079.45,0,0,0,0.0
2024-05-23,2024-06-27,17000,CE,5719.95,5719.95,5719.95,5719.95,6086.4,2,20600,50,0.0
2024-05-23,2024-06-27,18000,CE,4720.0,5080.0,4706.25,5049.8,5049.8,892,467425,-250,0.0
2024-05-23,2024-06-27,18500,CE,4500.0,4560.0,4500.0,4560.0,4560.0,2,3950,-50,0.0
2024-05-23,2024-06-27,19000,CE,3752.25,4090.0,3752.0,4072.8,4072.8,909,485925,9800,0.0
2024-05-23,2024-06-27,20000,CE,2790.05,3125.0,2780.0,3097.65,3097.65,871,589225,-425,0.0
2024-05-23,2024-06-27,20200,CE,0.0,0.0,0.0,2550.35,2909.05,0,875,0,0.0
2024-05-23,2024-06-27,20250,CE,0.0,0.0,0.0,2355.8,2859.45,0,1925,0,0.0
2024-05-23,2024-06-27,20300,CE,2557.0,2767.1,2557.0,2760.0,2809.9,7,2825,-100,0.0
2024-05-23,2024-06-27,20350,CE,0.0,0.0,0.0,2457.6,2760.35,0,2675,0,0.0
2024-05-23,2024-06-27,20400,CE,0.0,0.0,0.0,2386.2,2710.8,0,1200,0,0.0
2024-05-23,2024-06-27,20450,CE,0.0,0.0,0.0,2335.55,2661.3,0,2200,0,0.0
2024-05-23,2024-06-27,20500,CE,2355.0,2642.0,2355.0,2619.6,2619.6,204,101525,2450,0.0
2024-05-23,2024-06-27,20550,CE,0.0,0.0,0.0,2247.75,2562.3,0,2125,0,0.0
2024-05-23,2024-06-27,20600,CE,2430.0,2448.0,2430.0,2448.0,2512.9,3,1150,75,0.0
2024-05-23,2024-06-27,20650,CE,0.0,0.0,0.0,2175.05,2463.5,0,1900,0,0.0
2024-05-23,2024-06-27,20700,CE,2319.55,2400.0,2314.05,2400.0,2400.0,3,2750,25,0.0
2024-05-23,2024-06-27,20750,CE,0.0,0.0,0.0,2072.4,2364.8,0,1525,0,0.0
2024-05-23,2024-06-27,20800,CE,2218.25,2315.0,2218.25,2311.7,2311.7,9,2150,175,0.0
2024-05-23,2024-06-27,20850,CE,0.0,0.0,0.0,2002.7,2266.4,0,825,0,0.0
2024-05-23,2024-06-27,20900,CE,2125.0,2125.0,2125.0,2125.0,2217.25,1,2150,25,0.0
2024-05-23,2024-06-27,20950,CE,0.0,0.0,0.0,1916.3,2168.25,0,1775,0,0.0
2024-05-23,2024-06-27,21000,CE,1859.1,2178.75,1852.45,2145.7,2145.7,5334,597725,58275,0.0
2024-05-23,2024-06-27,21050,CE,0.0,0.0,0.0,1839.0,2070.45,0,900,0,0.0
2024-05-23,2024-06-27,21100,CE,1812.2,2018.0,1809.45,2018.0,2021.75,23,1675,25,0.0
2024-05-23,2024-06-27,21150,CE,0.0,0.0,0.0,1740.3,1973.15,0,1475,0,0.0
2024-05-23,2024-06-27,21200,CE,1685.0,1985.35,1685.0,1980.8,1980.8,20,1775,175,0.0
2024-05-23,2024-06-27,21250,CE,0.0,0.0,0.0,1654.05,1876.4,0,1425,0,0.0
2024-05-23,2024-06-27,21300,CE,1900.0,1900.0,1890.0,1895.0,1895.0,4,9200,-100,0.0
2024-05-23,2024-06-27,21350,CE,0.0,0.0,0.0,1578.95,1780.4,0,1075,0,0.0
2024-05-23,2024-06-27,21400,CE,1538.05,1833.85,1538.05,1833.85,1833.85,4,7275,-25,0.0
2024-05-23,2024-06-27,21450,CE,0.0,0.0,0.0,1483.55,1685.2,0,1925,0,0.0
2024-05-23,2024-06-27,21500,CE,1434.95,1730.0,1423.0,1708.05,1708.05,2291,103125,-10100,0.0
2024-05-23,2024-06-27,21550,CE,0.0,0.0,0.0,1407.05,1591.05,0,1475,0,0.0
2024-05-23,2024-06-27,21600,CE,1388.85,1640.0,1388.85,1638.5,1638.5,38,5600,175,0.0
2024-05-23,2024-06-27,21650,CE,0.0,0.0,0.0,1318.85,1498.1,0,1775,0,0.0
2024-05-23,2024-06-27,21700,CE,1350.0,1535.55,1345.0,1526.25,1526.25,47,8875,200,0.0
2024-05-23,2024-06-27,21750,CE,1264.05,1264.05,1247.0,1247.0,1406.5,12,1350,-50,0.0
2024-05-23,2024-06-27,21800,CE,1200.0,1472.0,1192.95,1461.35,1461.35,182,110975,-1350,0.0
2024-05-23,2024-06-27,21850,CE,1260.0,1361.0,1260.0,1361.0,1316.55,2,3375,-25,0.0
2024-05-23,2024-06-27,21900,CE,1054.0,1395.0,1054.0,1387.15,1387.15,194,28050,-2250,0.0
2024-05-23,2024-06-27,21950,CE,1134.45,1258.75,1121.75,1254.65,1228.45,6,4450,-100,0.0
2024-05-23,2024-06-27,22000,CE,1045.0,1318.45,1035.0,1301.7,1301.7,17014,2153725,97750,0.0
2024-05-23,2024-06-27,22050,CE,1012.0,1252.55,1009.0,1244.25,1244.25,108,16750,-500,0.0
2024-05-23,2024-06-27,22100,CE,972.95,1229.65,961.05,1216.9,1216.9,1577,100650,8900,0.0
2024-05-23,2024-06-27,22150,CE,943.05,1191.1,937.0,1181.3,1181.3,306,7725,-350,0.0
2024-05-23,2024-06-27,22200,CE,901.05,1157.7,890.1,1144.35,1144.35,2451,187825,8175,0.0
2024-05-23,2024-06-27,22250,CE,868.0,1134.9,868.0,1118.3,1118.3,196,10950,-725,0.0
2024-05-23,2024-06-27,22300,CE,832.05,1085.95,822.0,1061.55,1061.55,5454,231200,-20650,0.0
2024-05-23,2024-06-27,22350,CE,805.0,1056.9,792.0,1036.2,1036.2,446,18000,-2250,0.0
2024-05-23,2024-06-27,22400,CE,766.05,1005.0,758.0,983.15,983.15,5624,269675,10425,0.0
2024-05-23,2024-06-27,22450,CE,739.6,971.4,726.1,955.15,955.15,616,25525,-1050,0.0
2024-05-23,2024-06-27,22500,CE,709.0,932.0,694.15,916.65,916.65,41369,1372250,-74500,0.0
2024-05-23,2024-06-27,22550,CE,678.0,900.95,665.65,881.55,881.55,974,27025,-900,0.0
2024-05-23,2024-06-27,22600,CE,643.05,864.0,635.0,844.25,844.25,10201,191950,27150,0.0
2024-05-23,2024-06-27,22650,CE,632.95,830.0,610.05,810.75,810.75,1053,14750,1000,0.0
2024-05-23,2024-06-27,22700,CE,593.95,798.35,580.4,779.2,779.2,12544,225150,34075,0.0
2024-05-23,2024-06-27,22750,CE,563.05,763.7,551.4,743.95,743.95,1303,20175,2200,0.0
2024-05-23,2024-06-27,22800,CE,530.05,732.0,522.5,715.3,715.3,16418,364250,55100,0.0
2024-05-23,2024-06-27,22850,CE,509.55,700.4,500.45,684.1,684.1,1777,23325,14225,0.0
2024-05-23,2024-06-27,22900,CE,487.65,671.0,472.5,656.15,656.15,10356,122875,51425,0.0
2024-05-23,2024-06-27,22950,CE,461.05,640.2,450.85,628.15,628.15,1209,14800,8500,0.0
2024-05-23,2024-06-27,23000,CE,436.9,610.0,428.0,597.5,597.5,75267,2551800,22325,0.0
2024-05-23,2024-06-27,23050,CE,415.0,584.6,405.25,571.9,571.9,1195,18175,4850,0.0
2024-05-23,2024-06-27,23100,CE,395.0,554.4,382.4,543.45,543.45,6836,113100,17400,0.0
2024-05-23,2024-06-27,23150,CE,370.55,531.25,364.5,513.7,513.7,1053,16150,7150,0.0
2024-05-23,2024-06-27,23200,CE,353.05,514.95,342.0,491.3,491.3,10995,262775,11225,0.0
2024-05-23,2024-06-27,23250,CE,332.0,475.0,321.6,464.2,464.2,1025,17375,8925,0.0
2024-05-23,2024-06-27,23300,CE,314.2,450.0,303.5,439.75,439.75,8335,106850,30025,0.0
2024-05-23,2024-06-27,23350,CE,291.05,426.05,291.05,416.5,416.5,1363,17600,8775,0.0
2024-05-23,2024-06-27,23400,CE,280.2,405.0,268.2,395.45,395.45,9734,170100,34775,0.0
2024-05-23,2024-06-27,23450,CE,310.5,381.35,308.0,378.1,378.1,358,15775,3325,0.0
2024-05-23,2024-06-27,23500,CE,249.75,360.0,238.95,350.35,350.35,51629,1194400,74550,0.0
2024-05-23,2024-06-27,23550,CE,231.75,339.45,231.55,329.05,329.05,353,13750,825,0.0
2024-05-23,2024-06-27,23600,CE,217.45,319.0,208.95,312.7,312.7,7418,120800,36925,0.0
2024-05-23,2024-06-27,23650,CE,209.2,303.8,197.95,297.5,297.5,654,9600,825,0.0
2024-05-23,2024-06-27,23700,CE,191.95,280.6,181.75,274.55,274.55,20932,290700,213400,0.0
2024-05-23,2024-06-27,23750,CE,190.0,265.95,190.0,255.3,255.3,183,13050,725,0.0
2024-05-23,2024-06-27,23800,CE,163.05,247.35,159.15,240.9,240.9,13665,171625,13700,0.0
2024-05-23,2024-06-27,23850,CE,158.65,230.85,155.45,226.4,226.4,493,6875,1225,0.0
2024-05-23,2024-06-27,23900,CE,146.45,218.65,139.25,213.85,213.85,10667,92400,21250,0.0
2024-05-23,2024-06-27,23950,CE,137.5,204.55,131.35,198.15,198.15,1183,16375,9400,0.0
2024-05-23,2024-06-27,24000,CE,130.0,193.2,122.75,188.0,188.0,129661,2905100,67650,0.0
2024-05-23,2024-06-27,24050,CE,116.9,179.7,115.0,175.3,175.3,777,25075,4275,0.0
2024-05-23,2024-06-27,24100,CE,111.95,166.25,106.0,161.8,161.8,15630,216200,86700,0.0
2024-05-23,2024-06-27,24150,CE,106.05,153.25,100.15,148.0,148.0,500,9450,4875,0.0
2024-05-23,2024-06-27,24200,CE,98.35,145.45,94.25,142.8,142.8,10738,214325,44375,0.0
2024-05-23,2024-06-27,24250,CE,91.35,136.9,88.4,133.1,133.1,936,38825,1650,0.0
2024-05-23,2024-06-27,24300,CE,99.85,125.8,81.35,122.7,122.7,5708,123550,6100,0.0
2024-05-23,2024-06-27,24350,CE,77.7,117.8,77.05,115.35,115.35,446,10350,4250,0.0
2024-05-23,2024-06-27,24400,CE,74.5,109.55,72.2,106.85,106.85,11893,83375,6025,0.0
2024-05-23,2024-06-27,24450,CE,71.8,102.1,67.45,99.9,99.9,1755,23675,13950,0.0
2024-05-23,2024-06-27,24500,CE,67.05,96.05,62.0,93.0,93.0,42240,812075,76125,0.0
2024-05-23,2024-06-27,25000,CE,42.8,56.0,38.75,53.3,53.3,62229,2772375,342250,0.0
2024-05-23,2024-06-27,26000,CE,17.9,21.65,16.05,20.2,20.2,13381,1117500,89150,0.0
2024-05-23,2024-06-27,27000,CE,10.4,11.65,9.1,10.5,10.5,9984,351575,32450,0.0
2024-05-23,2024-06-27,15000,PE,4.85,4.85,3.6,4.25,4.25,791,274500,-6075,0.0
2024-05-23,2024-06-27,17000,PE,9.65,9.7,7.5,9.15,9.15,615,329025,2800,0.0
2024-05-23,2024-06-27,18000,PE,15.0,15.8,13.2,13.6,13.6,9392,1198900,46075,0.0
2024-05-23,2024-06-27,19000,PE,23.6,24.15,20.0,20.55,20.55,10932,1954225,53475,0.0
2024-05-23,2024-06-27,20000,PE,49.15,50.2,40.1,41.55,41.55,52595,3602975,103525,0.0
2024-05-23,2024-06-27,20200,PE,0.0,0.0,0.0,21.05,0.3,0,550,0,0.0
2024-05-23,2024-06-27,20250,PE,0.0,0.0,0.0,33.95,0.35,0,0,0,0.0
2024-05-23,2024-06-27,20300,PE,60.0,60.8,48.65,51.2,51.2,3484,56775,-24525,0.0
2024-05-23,2024-06-27,20350,PE,0.0,0.0,0.0,40.0,0.55,0,0,0,0.0
2024-05-23,2024-06-27,20400,PE,0.0,0.0,0.0,43.3,0.65,0,0,0,0.0
2024-05-23,2024-06-27,20450,PE,0.0,0.0,0.0,46.9,0.8,0,0,0,0.0
2024-05-23,2024-06-27,20500,PE,74.4,76.05,58.0,60.15,60.15,44900,1149150,69150,0.0
2024-05-23,2024-06-27,20550,PE,0.0,0.0,0.0,54.7,1.1,0,0,0,0.0
2024-05-23,2024-06-27,20600,PE,78.3,80.5,62.0,63.9,63.9,9013,388575,8950,0.0
2024-05-23,2024-06-27,20650,PE,0.0,0.0,0.0,82.65,1.6,0,950,0,0.0
2024-05-23,2024-06-27,20700,PE,86.45,86.45,64.95,67.35,67.35,12352,343600,22025,0.0
2024-05-23,2024-06-27,20750,PE,0.0,0.0,0.0,32.9,2.25,0,4200,0,0.0
2024-05-23,2024-06-27,20800,PE,95.9,95.95,71.1,73.8,73.8,8562,362125,-29000,0.0
2024-05-23,2024-06-27,20850,PE,0.0,0.0,0.0,43.15,3.1,0,4400,0,0.0
2024-05-23,2024-06-27,20900,PE,102.3,102.35,77.7,79.85,79.85,5706,314850,-27800,0.0
2024-05-23,2024-06-27,20950,PE,0.0,0.0,0.0,189.4,4.25,0,6850,0,0.0
2024-05-23,2024-06-27,21000,PE,116.8,119.3,85.8,89.1,89.1,69277,3968600,-87475,0.0
2024-05-23,2024-06-27,21050,PE,0.0,0.0,0.0,47.6,5.8,0,3650,0,0.0
2024-05-23,2024-06-27,21100,PE,125.3,125.45,93.2,95.65,95.65,7168,279475,3875,0.0
2024-05-23,2024-06-27,21150,PE,0.0,0.0,0.0,54.95,7.75,0,12400,0,0.0
2024-05-23,2024-06-27,21200,PE,135.0,138.5,100.35,102.85,102.85,14190,273500,6775,0.0
2024-05-23,2024-06-27,21250,PE,0.0,0.0,0.0,234.1,10.35,0,2000,0,0.0
2024-05-23,2024-06-27,21300,PE,146.55,155.7,109.75,112.55,112.55,10764,257550,-2300,0.0
2024-05-23,2024-06-27,21350,PE,61.8,68.6,61.8,68.6,68.6,7,3225,175,0.0
2024-05-23,2024-06-27,21400,PE,162.5,163.4,120.25,123.05,123.05,13177,280200,11300,0.0
2024-05-23,2024-06-27,21450,PE,71.8,84.9,71.8,84.9,84.9,9,18250,-125,0.0
2024-05-23,2024-06-27,21500,PE,184.35,184.55,133.1,136.1,136.1,57981,2079000,-18400,0.0
2024-05-23,2024-06-27,21550,PE,185.5,190.95,137.6,143.2,143.2,646,7250,-1700,0.0
2024-05-23,2024-06-27,21600,PE,198.95,198.95,144.25,147.3,147.3,10377,158375,2975,0.0
2024-05-23,2024-06-27,21650,PE,208.7,208.7,153.0,154.5,154.5,729,6175,50,0.0
2024-05-23,2024-06-27,21700,PE,215.5,216.0,157.5,162.25,162.25,8312,203150,6925,0.0
2024-05-23,2024-06-27,21750,PE,226.0,226.0,165.15,170.2,170.2,694,11850,1475,0.0
2024-05-23,2024-06-27,21800,PE,236.95,237.55,172.3,176.9,176.9,14512,267100,-19450,0.0
2024-05-23,2024-06-27,21850,PE,241.25,249.75,182.0,183.65,183.65,993,8350,1450,0.0
2024-05-23,2024-06-27,21900,PE,257.05,260.6,188.7,195.05,195.05,11219,206525,83725,0.0
2024-05-23,2024-06-27,21950,PE,270.9,270.9,198.1,200.65,200.65,682,13875,1325,0.0
2024-05-23,2024-06-27,22000,PE,287.85,288.8,206.0,212.3,212.3,84504,4203100,283700,0.0
2024-05-23,2024-06-27,22050,PE,300.85,300.85,215.0,217.0,217.0,660,9600,1100,0.0
2024-05-23,2024-06-27,22100,PE,310.55,313.3,222.1,229.05,229.05,9746,181575,22675,0.0
2024-05-23,2024-06-27,22150,PE,315.45,316.3,230.8,235.2,235.2,502,13475,2825,0.0
2024-05-23,2024-06-27,22200,PE,340.5,340.95,243.0,248.0,248.0,13123,290450,26950,0.0
2024-05-23,2024-06-27,22250,PE,347.05,353.5,256.0,263.4,263.4,592,17050,700,0.0
2024-05-23,2024-06-27,22300,PE,369.75,370.55,262.6,271.0,271.0,12873,288025,48975,0.0
2024-05-23,2024-06-27,22350,PE,381.55,386.5,278.3,283.65,283.65,2248,39750,14600,0.0
2024-05-23,2024-06-27,22400,PE,404.0,405.15,282.5,296.1,296.1,13088,332275,63725,0.0
2024-05-23,2024-06-27,22450,PE,414.45,422.0,305.8,310.15,310.15,1291,13850,1525,0.0
2024-05-23,2024-06-27,22500,PE,443.0,443.95,315.7,325.8,325.8,67430,2255775,289175,0.0
2024-05-23,2024-06-27,22550,PE,452.45,458.55,329.6,338.05,338.05,1649,15075,2200,0.0
2024-05-23,2024-06-27,22600,PE,478.05,483.0,343.2,355.55,355.55,14916,207475,83475,0.0
2024-05-23,2024-06-27,22650,PE,502.6,502.6,360.4,368.85,368.85,1434,16200,7075,0.0
2024-05-23,2024-06-27,22700,PE,525.95,525.95,376.95,389.45,389.45,15639,223600,77450,0.0
2024-05-23,2024-06-27,22750,PE,533.05,543.05,392.85,406.2,406.2,1765,26125,9625,0.0
2024-05-23,2024-06-27,22800,PE,568.05,571.0,412.05,423.9,423.9,16027,264575,140900,0.0
2024-05-23,2024-06-27,22850,PE,582.5,589.55,427.75,442.1,442.1,2675,40525,26050,0.0
2024-05-23,2024-06-27,22900,PE,607.75,617.0,446.15,464.0,464.0,9562,119850,67600,0.0
2024-05-23,2024-06-27,22950,PE,639.0,642.0,475.0,482.45,482.45,1161,23250,10350,0.0
2024-05-23,2024-06-27,23000,PE,667.95,671.0,490.0,507.55,507.55,49426,1324900,356450,0.0
2024-05-23,2024-06-27,23050,PE,687.05,694.0,502.7,526.95,526.95,861,18025,7975,0.0
2024-05-23,2024-06-27,23100,PE,707.3,722.0,534.45,545.9,545.9,3739,47300,27875,0.0
2024-05-23,2024-06-27,23150,PE,742.05,742.05,559.05,564.55,564.55,302,6875,2850,0.0
2024-05-23,2024-06-27,23200,PE,771.95,780.0,571.0,590.8,590.8,2834,33875,17650,0.0
2024-05-23,2024-06-27,23250,PE,801.05,801.05,614.0,615.65,615.65,225,3125,-2325,0.0
2024-05-23,2024-06-27,23300,PE,838.05,840.0,632.25,639.4,639.4,1569,24025,6900,0.0
2024-05-23,2024-06-27,23350,PE,816.0,826.0,659.0,669.75,669.75,208,4700,-3150,0.0
2024-05-23,2024-06-27,23400,PE,904.0,904.0,683.95,691.25,691.25,1099,19800,3275,0.0
2024-05-23,2024-06-27,23450,PE,939.95,939.95,718.0,727.4,727.4,185,4700,-1025,0.0
2024-05-23,2024-06-27,23500,PE,972.0,973.0,733.95,750.35,750.35,10234,247150,67300,0.0
2024-05-23,2024-06-27,23550,PE,967.0,971.0,761.9,774.65,774.65,327,8125,875,0.0
2024-05-23,2024-06-27,23600,PE,980.0,987.3,798.0,808.0,808.0,817,11050,4425,0.0
2024-05-23,2024-06-27,23650,PE,967.0,973.0,871.0,871.0,718.85,90,3850,1875,0.0
2024-05-23,2024-06-27,23700,PE,1110.0,1110.0,867.95,879.4,879.4,572,12300,9100,0.0
2024-05-23,2024-06-27,23750,PE,969.0,980.2,906.0,917.5,917.5,119,3600,1875,0.0
2024-05-23,2024-06-27,23800,PE,1070.0,1090.0,920.25,937.65,937.65,273,6350,3500,0.0
2024-05-23,2024-06-27,23850,PE,962.0,968.0,895.4,963.55,963.55,63,2375,750,0.0
2024-05-23,2024-06-27,23900,PE,0.0,0.0,0.0,1266.45,902.8,0,1875,0,0.0
2024-05-23,2024-06-27,23950,PE,0.0,0.0,0.0,1297.45,941.75,0,850,0,0.0
2024-05-23,2024-06-27,24000,PE,1347.95,1350.0,1062.05,1083.65,1083.65,8446,635100,22000,0.0
2024-05-23,2024-06-27,24050,PE,0.0,0.0,0.0,1382.35,1021.65,0,1750,0,0.0
2024-05-23,2024-06-27,24100,PE,1200.0,1200.0,1200.0,1200.0,1200.0,2,2825,0,0.0
2024-05-23,2024-06-27,24150,PE,0.0,0.0,0.0,1457.95,1104.05,0,2025,0,0.0
2024-05-23,2024-06-27,24200,PE,0.0,0.0,0.0,1510.1,1146.05,0,2325,0,0.0
2024-05-23,2024-06-27,24250,PE,0.0,0.0,0.0,1554.65,1188.65,0,2775,0,0.0
2024-05-23,2024-06-27,24300,PE,0.0,0.0,0.0,1598.15,1231.75,0,1600,0,0.0
2024-05-23,2024-06-27,24350,PE,0.0,0.0,0.0,1631.15,1275.3,0,1850,0,0.0
2024-05-23,2024-06-27,24400,PE,1675.0,1675.0,1675.0,1675.0,1319.3,2,1350,-50,0.0
2024-05-23,2024-06-27,24450,PE,0.0,0.0,0.0,1730.8,1363.75,0,2250,0,0.0
2024-05-23,2024-06-27,24500,PE,1765.0,1765.0,1464.95,1472.35,1472.35,395,63025,4075,0.0
2024-05-23,2024-06-27,25000,PE,2235.0,2246.25,1911.95,1927.5,1927.5,1379,611825,6325,0.0
2024-05-23,2024-06-27,26000,PE,3241.45,3241.45,2870.9,2889.9,2889.9,377,112625,1150,0.0
2024-05-23,2024-06-27,27000,PE,4165.85,4176.25,3840.35,3854.7,3854.7,7715,102725,-500,0.0
2024-05-23,2024-07-25,20200,CE,3048.3,3048.55,3046.7,3047.85,3047.85,14,2000,350,0.0
2024-05-23,2024-07-25,20250,CE,3001.95,3001.95,2999.35,3001.0,3001.0,16,2050,400,0.0
2024-05-23,2024-07-25,20300,CE,2955.4,2955.4,2954.4,2954.75,2954.75,20,1475,500,0.0
2024-05-23,2024-07-25,20350,CE,2908.95,2909.0,2907.0,2908.25,2908.25,18,2050,450,0.0
2024-05-23,2024-07-25,20400,CE,2862.6,2862.7,2860.5,2861.85,2861.85,20,2150,500,0.0
2024-05-23,2024-07-25,20450,CE,2816.3,2816.55,2814.35,2815.65,2815.65,18,1600,450,0.0
2024-05-23,2024-07-25,20500,CE,2769.5,2770.45,2761.5,2768.45,2768.45,16,2225,400,0.0
2024-05-23,2024-07-25,20550,CE,2651.5,2651.5,2650.25,2650.25,2683.9,4,1875,-100,0.0
2024-05-23,2024-07-25,20600,CE,2596.65,2596.65,2596.65,2596.65,2635.55,2,775,50,0.0
2024-05-23,2024-07-25,20650,CE,2569.6,2569.6,2569.6,2569.6,2587.3,2,750,0,0.0
2024-05-23,2024-07-25,20700,CE,2572.1,2575.95,2572.1,2574.05,2574.05,10,1200,250,0.0
2024-05-23,2024-07-25,20750,CE,2527.9,2527.9,2523.6,2525.7,2525.7,20,1675,500,0.0
2024-05-23,2024-07-25,20800,CE,2480.3,2499.3,2480.3,2495.3,2495.3,24,675,300,0.0
2024-05-23,2024-07-25,20850,CE,2433.55,2454.05,2433.55,2447.95,2447.95,21,1750,525,0.0
2024-05-23,2024-07-25,20900,CE,2391.55,2409.15,2388.35,2400.25,2400.25,20,1050,500,0.0
2024-05-23,2024-07-25,20950,CE,2343.8,2364.1,2343.8,2358.7,2358.7,20,2025,500,0.0
2024-05-23,2024-07-25,21000,CE,2045.0,2275.25,2045.0,2258.75,2258.75,47,8225,750,0.0
2024-05-23,2024-07-25,21050,CE,2149.95,2149.95,2149.95,2149.95,2206.35,1,1450,0,0.0
2024-05-23,2024-07-25,21100,CE,2208.6,2230.85,2208.6,2224.05,2224.05,22,1625,550,0.0
2024-05-23,2024-07-25,21150,CE,2167.4,2187.25,2167.4,2182.65,2182.65,30,2125,750,0.0
2024-05-23,2024-07-25,21200,CE,2123.45,2142.9,2123.45,2138.85,2138.85,22,1775,550,0.0
2024-05-23,2024-07-25,21250,CE,2081.1,2098.95,2076.9,2088.4,2088.4,28,1100,700,0.0
2024-05-23,2024-07-25,21300,CE,2035.2,2055.9,2035.2,2050.25,2050.25,30,1450,750,0.0
2024-05-23,2024-07-25,21350,CE,1994.5,2007.75,1990.3,1995.4,1995.4,20,875,500,0.0
2024-05-23,2024-07-25,21400,CE,1900.0,1900.0,1900.0,1900.0,1883.5,1,300,0,0.0
2024-05-23,2024-07-25,21450,CE,1908.65,1926.4,1904.5,1916.5,1916.5,28,975,700,0.0
2024-05-23,2024-07-25,21500,CE,1640.0,1840.0,1612.15,1840.0,1840.0,95,4000,350,0.0
2024-05-23,2024-07-25,21550,CE,1821.9,1842.65,1821.9,1838.1,1838.1,30,1575,750,0.0
2024-05-23,2024-07-25,21600,CE,1731.0,1732.45,1731.0,1732.45,1705.35,8,775,0,0.0
2024-05-23,2024-07-25,21650,CE,1742.05,1758.0,1742.05,1755.1,1755.1,24,1375,600,0.0
2024-05-23,2024-07-25,21700,CE,1442.35,1637.0,1442.35,1637.0,1618.35,7,1550,0,0.0
2024-05-23,2024-07-25,21750,CE,1656.3,1676.6,1656.3,1670.35,1670.35,22,975,550,0.0
2024-05-23,2024-07-25,21800,CE,1372.25,1430.0,1372.25,1430.0,1533.0,2,1550,-25,0.0
2024-05-23,2024-07-25,21850,CE,1444.85,1571.05,1444.85,1571.05,1490.95,7,1650,-25,0.0
2024-05-23,2024-07-25,21900,CE,1420.0,1476.0,1398.0,1476.0,1449.35,79,3800,-450,0.0
2024-05-23,2024-07-25,21950,CE,1314.7,1314.7,1314.7,1314.7,1408.2,1,700,25,0.0
2024-05-23,2024-07-25,22000,CE,1215.6,1463.6,1210.0,1448.05,1448.05,1279,42525,-3300,0.0
2024-05-23,2024-07-25,22050,CE,1419.35,1432.85,1417.2,1422.4,1422.4,20,1225,500,0.0
2024-05-23,2024-07-25,22100,CE,1236.0,1371.0,1220.0,1348.0,1348.0,16,3275,-50,0.0
2024-05-23,2024-07-25,22150,CE,1343.2,1353.3,1340.95,1344.55,1344.55,20,775,500,0.0
2024-05-23,2024-07-25,22200,CE,1096.45,1310.0,1096.45,1299.05,1299.05,142,32850,-2225,0.0
2024-05-23,2024-07-25,22250,CE,1106.95,1240.7,996.25,1240.7,1172.1,7,925,0,0.0
2024-05-23,2024-07-25,22300,CE,1054.0,1235.0,1024.15,1217.9,1217.9,79,8925,-425,0.0
2024-05-23,2024-07-25,22350,CE,0.0,0.0,0.0,884.0,1098.65,0,600,0,0.0
2024-05-23,2024-07-25,22400,CE,955.7,1160.0,955.7,1146.65,1146.65,179,9925,25,0.0
2024-05-23,2024-07-25,22450,CE,1059.0,1059.0,1059.0,1059.0,1025.75,2,1000,0,0.0
2024-05-23,2024-07-25,22500,CE,876.1,1089.15,866.65,1077.2,1077.2,2623,85125,-10500,0.0
2024-05-23,2024-07-25,22550,CE,890.95,967.2,887.0,966.7,956.45,39,550,-725,0.0
2024-05-23,2024-07-25,22600,CE,842.5,1026.9,809.0,1011.75,1011.75,456,13050,1450,0.0
2024-05-23,2024-07-25,22650,CE,805.65,920.0,805.65,898.15,889.75,60,750,-625,0.0
2024-05-23,2024-07-25,22700,CE,783.35,950.0,756.65,943.0,943.0,610,12600,1275,0.0
2024-05-23,2024-07-25,22750,CE,818.35,921.65,790.05,919.0,919.0,115,325,-1525,0.0
2024-05-23,2024-07-25,22800,CE,710.4,894.2,710.4,889.55,889.55,402,15250,3375,0.0
2024-05-23,2024-07-25,22850,CE,822.75,823.0,822.75,823.0,764.45,4,1425,100,0.0
2024-05-23,2024-07-25,22900,CE,658.2,829.05,658.2,821.35,821.35,217,8075,1075,0.0
2024-05-23,2024-07-25,22950,CE,742.2,799.95,742.2,796.6,796.6,59,225,-875,0.0
2024-05-23,2024-07-25,23000,CE,603.05,773.65,590.0,759.75,759.75,5844,152525,35475,0.0
2024-05-23,2024-07-25,23050,CE,679.1,745.45,679.1,735.8,735.8,20,975,100,0.0
2024-05-23,2024-07-25,23100,CE,552.15,713.85,552.15,699.35,699.35,242,4475,750,0.0
2024-05-23,2024-07-25,23150,CE,563.65,576.9,563.65,576.9,597.6,3,475,0,0.0
2024-05-23,2024-07-25,23200,CE,515.15,660.0,514.2,654.95,654.95,471,11975,5025,0.0
2024-05-23,2024-07-25,23250,CE,605.35,605.35,581.95,581.95,547.6,6,150,100,0.0
2024-05-23,2024-07-25,23300,CE,478.0,603.95,469.95,591.85,591.85,217,7225,1900,0.0
2024-05-23,2024-07-25,23350,CE,554.3,554.3,554.3,554.3,500.55,2,375,50,0.0
2024-05-23,2024-07-25,23400,CE,426.55,550.05,424.95,538.8,538.8,236,7700,3875,0.0
2024-05-23,2024-07-25,23450,CE,529.8,529.8,528.65,529.35,529.35,16,975,400,0.0
2024-05-23,2024-07-25,23500,CE,378.45,503.7,366.9,493.0,493.0,4957,121175,41525,0.0
2024-05-23,2024-07-25,23550,CE,383.85,440.2,383.85,440.2,414.9,7,1925,-50,0.0
2024-05-23,2024-07-25,23600,CE,345.25,455.5,345.25,446.95,446.95,170,7650,1750,0.0
2024-05-23,2024-07-25,23650,CE,0.0,0.0,0.0,261.7,376.25,0,975,0,0.0
2024-05-23,2024-07-25,23700,CE,320.05,414.1,314.45,407.5,407.5,342,5900,4400,0.0
2024-05-23,2024-07-25,23750,CE,0.0,0.0,0.0,299.2,340.25,0,425,0,0.0
2024-05-23,2024-07-25,23800,CE,280.4,375.25,280.4,366.55,366.55,127,7575,375,0.0
2024-05-23,2024-07-25,23850,CE,0.0,0.0,0.0,268.65,306.85,0,2875,0,0.0
2024-05-23,2024-07-25,23900,CE,278.5,341.85,278.5,336.55,336.55,65,6350,150,0.0
2024-05-23,2024-07-25,23950,CE,306.05,306.05,306.05,306.05,275.95,2,1900,50,0.0
2024-05-23,2024-07-25,24000,CE,224.75,311.0,208.3,302.9,302.9,6307,153475,20875,0.0
2024-05-23,2024-07-25,24050,CE,0.0,0.0,0.0,211.0,247.5,0,2400,0,0.0
2024-05-23,2024-07-25,24100,CE,240.0,275.45,232.0,263.05,263.05,127,1825,300,0.0
2024-05-23,2024-07-25,24150,CE,0.0,0.0,0.0,191.75,222.3,0,800,0,0.0
2024-05-23,2024-07-25,24200,CE,170.0,240.0,165.0,236.8,236.8,133,51300,525,0.0
2024-05-23,2024-07-25,24250,CE,165.65,165.65,165.65,165.65,197.65,1,825,-25,0.0
2024-05-23,2024-07-25,24300,CE,149.5,216.85,144.9,211.9,211.9,3489,31975,-42900,0.0
2024-05-23,2024-07-25,24350,CE,198.0,213.55,198.0,200.05,200.05,15,2325,25,0.0
2024-05-23,2024-07-25,24400,CE,131.15,192.2,127.4,186.45,186.45,7494,644650,22425,0.0
2024-05-23,2024-07-25,20200,PE,75.15,75.15,59.5,61.35,61.35,1734,382100,17800,0.0
2024-05-23,2024-07-25,20250,PE,0.0,0.0,0.0,23.7,4.2,0,0,0,0.0
2024-05-23,2024-07-25,20300,PE,0.0,0.0,0.0,93.95,4.75,0,200,0,0.0
2024-05-23,2024-07-25,20350,PE,0.0,0.0,0.0,28.1,5.4,0,0,0,0.0
2024-05-23,2024-07-25,20400,PE,0.0,0.0,0.0,109.6,6.05,0,1125,0,0.0
2024-05-23,2024-07-25,20450,PE,0.0,0.0,0.0,33.2,6.8,0,0,0,0.0
2024-05-23,2024-07-25,20500,PE,99.0,99.0,74.95,77.15,77.15,9844,233775,133675,0.0
2024-05-23,2024-07-25,20550,PE,0.0,0.0,0.0,39.05,8.6,0,0,0,0.0
2024-05-23,2024-07-25,20600,PE,0.0,0.0,0.0,146.85,9.65,0,200,0,0.0
2024-05-23,2024-07-25,20650,PE,0.0,0.0,0.0,45.75,10.75,0,0,0,0.0
2024-05-23,2024-07-25,20700,PE,0.0,0.0,0.0,98.5,12.0,0,225,0,0.0
2024-05-23,2024-07-25,20750,PE,0.0,0.0,0.0,53.35,13.4,0,0,0,0.0
2024-05-23,2024-07-25,20800,PE,125.35,125.35,95.05,97.9,97.9,2790,249025,5850,0.0
2024-05-23,2024-07-25,20850,PE,0.0,0.0,0.0,61.95,16.55,0,0,0,0.0
2024-05-23,2024-07-25,20900,PE,138.1,138.1,104.6,107.65,107.65,3368,228825,4525,0.0
2024-05-23,2024-07-25,20950,PE,0.0,0.0,0.0,71.65,20.3,0,0,0,0.0
2024-05-23,2024-07-25,21000,PE,153.0,153.0,115.0,119.55,119.55,5052,373775,11350,0.0
2024-05-23,2024-07-25,21050,PE,0.0,0.0,0.0,82.5,24.8,0,0,0,0.0
2024-05-23,2024-07-25,21100,PE,0.0,0.0,0.0,245.65,27.35,0,700,0,0.0
2024-05-23,2024-07-25,21150,PE,0.0,0.0,0.0,94.65,30.1,0,0,0,0.0
2024-05-23,2024-07-25,21200,PE,82.9,106.0,82.9,106.0,106.0,36,1175,900,0.0
2024-05-23,2024-07-25,21250,PE,0.0,0.0,0.0,108.2,36.3,0,0,0,0.0
2024-05-23,2024-07-25,21300,PE,166.55,172.85,145.0,148.65,148.65,60,1700,1125,0.0
2024-05-23,2024-07-25,21350,PE,106.5,106.5,106.5,106.5,106.5,1,25,25,0.0
2024-05-23,2024-07-25,21400,PE,0.0,0.0,0.0,131.25,47.55,0,0,0,0.0
2024-05-23,2024-07-25,21450,PE,0.0,0.0,0.0,139.7,51.9,0,0,0,0.0
2024-05-23,2024-07-25,21500,PE,225.65,229.5,171.0,175.25,175.25,3341,175350,-12350,0.0
2024-05-23,2024-07-25,21550,PE,0.0,0.0,0.0,208.05,61.5,0,1200,0,0.0
2024-05-23,2024-07-25,21600,PE,0.0,0.0,0.0,167.65,66.85,0,0,0,0.0
2024-05-23,2024-07-25,21650,PE,0.0,0.0,0.0,280.0,72.55,0,625,0,0.0
2024-05-23,2024-07-25,21700,PE,143.85,143.85,143.85,143.85,143.85,2,75,50,0.0
2024-05-23,2024-07-25,21750,PE,0.0,0.0,0.0,199.6,85.1,0,0,0,0.0
2024-05-23,2024-07-25,21800,PE,275.0,278.0,215.1,222.6,222.6,444,30050,2425,0.0
2024-05-23,2024-07-25,21850,PE,0.0,0.0,0.0,497.2,99.35,0,75,0,0.0
2024-05-23,2024-07-25,21900,PE,289.7,306.7,238.0,239.85,239.85,122,15800,-200,0.0
2024-05-23,2024-07-25,21950,PE,0.0,0.0,0.0,457.7,115.35,0,1375,0,0.0
2024-05-23,2024-07-25,22000,PE,350.05,350.05,251.85,262.1,262.1,4962,293325,975,0.0
2024-05-23,2024-07-25,22050,PE,0.0,0.0,0.0,544.0,133.3,0,625,0,0.0
2024-05-23,2024-07-25,22100,PE,387.65,387.65,278.0,281.2,281.2,726,6675,175,0.0
2024-05-23,2024-07-25,22150,PE,310.4,310.4,283.25,293.35,293.35,17,650,0,0.0
2024-05-23,2024-07-25,22200,PE,394.0,398.7,303.5,314.85,314.85,735,16625,225,0.0
2024-05-23,2024-07-25,22250,PE,0.0,0.0,0.0,460.0,175.45,0,350,0,0.0
2024-05-23,2024-07-25,22300,PE,427.9,436.35,325.15,330.6,330.6,319,13025,-475,0.0
2024-05-23,2024-07-25,22350,PE,0.0,0.0,0.0,500.0,200.8,0,1100,0,0.0
2024-05-23,2024-07-25,22400,PE,463.5,463.5,354.95,363.3,363.3,1263,20100,7575,0.0
2024-05-23,2024-07-25,22450,PE,450.0,450.0,366.0,368.1,368.1,38,900,100,0.0
2024-05-23,2024-07-25,22500,PE,498.75,500.0,375.55,382.1,382.1,7434,259350,29375,0.0
2024-05-23,2024-07-25,22550,PE,465.35,465.35,400.0,400.0,400.0,6,1725,0,0.0
2024-05-23,2024-07-25,22600,PE,537.0,541.85,411.45,417.3,417.3,666,25625,4300,0.0
2024-05-23,2024-07-25,22650,PE,519.15,525.0,464.05,464.55,288.1,49,950,175,0.0
2024-05-23,2024-07-25,22700,PE,549.0,571.15,445.0,449.1,449.1,451,22625,-25,0.0
2024-05-23,2024-07-25,22750,PE,556.15,559.0,468.65,471.65,471.65,129,2175,425,0.0
2024-05-23,2024-07-25,22800,PE,648.3,648.3,480.0,489.95,489.95,496,11050,3475,0.0
2024-05-23,2024-07-25,22850,PE,568.65,568.65,500.4,504.9,504.9,57,600,0,0.0
2024-05-23,2024-07-25,22900,PE,604.9,642.95,518.0,528.65,528.65,175,6975,1800,0.0
2024-05-23,2024-07-25,22950,PE,589.2,589.2,549.25,549.35,549.35,14,375,125,0.0
2024-05-23,2024-07-25,23000,PE,708.15,710.0,554.4,562.75,562.75,5659,133975,44000,0.0
2024-05-23,2024-07-25,23050,PE,0.0,0.0,0.0,699.8,443.7,0,175,0,0.0
2024-05-23,2024-07-25,23100,PE,731.1,731.1,599.1,601.2,601.2,118,4650,2200,0.0
2024-05-23,2024-07-25,23150,PE,0.0,0.0,0.0,1103.2,489.7,0,150,0,0.0
2024-05-23,2024-07-25,23200,PE,782.05,782.05,639.75,643.85,643.85,274,6725,4375,0.0
2024-05-23,2024-07-25,23250,PE,0.0,0.0,0.0,1159.85,538.45,0,50,0,0.0
2024-05-23,2024-07-25,23300,PE,801.0,803.6,693.95,693.95,693.95,48,1525,625,0.0
2024-05-23,2024-07-25,23350,PE,0.0,0.0,0.0,1226.45,590.15,0,275,0,0.0
2024-05-23,2024-07-25,23400,PE,891.0,891.0,730.55,735.85,735.85,101,1800,925,0.0
2024-05-23,2024-07-25,23450,PE,0.0,0.0,0.0,1160.75,644.65,0,25,0,0.0
2024-05-23,2024-07-25,23500,PE,961.25,961.25,780.0,786.3,786.3,857,21150,11325,0.0
2024-05-23,2024-07-25,23550,PE,0.0,0.0,0.0,1240.45,702.0,0,525,0,0.0
2024-05-23,2024-07-25,23600,PE,957.0,957.0,835.0,846.0,846.0,92,7575,1525,0.0
2024-05-23,2024-07-25,23650,PE,0.0,0.0,0.0,1150.05,762.05,0,625,0,0.0
2024-05-23,2024-07-25,23700,PE,1047.0,1047.0,895.0,896.5,896.5,55,1525,425,0.0
2024-05-23,2024-07-25,23750,PE,0.0,0.0,0.0,1258.75,824.8,0,1350,0,0.0
2024-05-23,2024-07-25,23800,PE,0.0,0.0,0.0,1275.0,857.15,0,575,0,0.0
2024-05-23,2024-07-25,23850,PE,0.0,0.0,0.0,1333.65,890.15,0,1200,0,0.0
2024-05-23,2024-07-25,23900,PE,1029.9,1030.35,1006.9,1014.85,1014.85,128,2175,1200,0.0
2024-05-23,2024-07-25,23950,PE,0.0,0.0,0.0,1322.4,958.0,0,575,0,0.0
2024-05-23,2024-07-25,24000,PE,1262.75,1275.0,1070.0,1081.85,1081.85,851,13775,8700,0.0
2024-05-23,2024-07-25,24050,PE,1289.9,1294.3,1289.9,1294.3,1028.3,72,1075,-1150,0.0
2024-05-23,2024-07-25,24100,PE,1150.85,1151.7,1142.85,1145.8,1145.8,15,2375,375,0.0
2024-05-23,2024-07-25,24150,PE,0.0,0.0,0.0,1561.25,1101.85,0,1975,0,0.0
2024-05-23,2024-07-25,24200,PE,1280.0,1280.0,1200.35,1202.95,1202.95,31,1475,475,0.0
2024-05-23,2024-07-25,24250,PE,1230.2,1253.4,1230.2,1243.95,1243.95,99,375,-850,0.0
2024-05-23,2024-07-25,24300,PE,1273.6,1277.85,1273.6,1275.15,1275.15,20,1750,500,0.0
2024-05-23,2024-07-25,24350,PE,1308.1,1308.25,1306.8,1307.45,1307.45,30,2075,750,0.0
2024-05-23,2024-07-25,24400,PE,1560.95,1560.95,1400.0,1400.0,1292.05,3,1050,0,0.0
2024-05-23,2024-09-26,16000,CE,0.0,0.0,0.0,4667.4,7366.35,0,0,0,0.0
2024-05-23,2024-09-26,17000,CE,0.0,0.0,0.0,3800.4,6391.3,0,0,0,0.0
2024-05-23,2024-09-26,18000,CE,5000.0,5000.0,5000.0,5000.0,5416.5,1,75,25,0.0
2024-05-23,2024-09-26,19000,CE,0.0,0.0,0.0,2277.4,4444.0,0,0,0,0.0
2024-05-23,2024-09-26,20000,CE,0.0,0.0,0.0,2900.0,3483.3,0,25,0,0.0
2024-05-23,2024-09-26,21000,CE,0.0,0.0,0.0,2200.0,2562.55,0,200,0,0.0
2024-05-23,2024-09-26,22000,CE,1561.0,1814.35,1555.0,1790.75,1790.75,396,72700,-600,0.0
2024-05-23,2024-09-26,23000,CE,920.35,1118.9,910.35,1099.9,1099.9,2673,180400,-5825,0.0
2024-05-23,2024-09-26,24000,CE,470.0,592.0,465.0,580.6,580.6,3158,223625,15550,0.0
2024-05-23,2024-09-26,25000,CE,196.95,260.0,196.95,246.7,246.7,2470,196100,19225,0.0
2024-05-23,2024-09-26,26000,CE,86.0,101.95,79.75,97.5,97.5,853,51925,6500,0.0
2024-05-23,2024-09-26,27000,CE,49.0,54.95,49.0,52.85,52.85,86,2350,825,0.0
2024-05-23,2024-09-26,28000,CE,25.0,32.0,25.0,32.0,15.15,7,200,175,0.0
2024-05-23,2024-09-26,17000,PE,0.0,0.0,0.0,103.7,0.05,0,0,0,0.0
2024-05-23,2024-09-26,18000,PE,0.0,0.0,0.0,229.25,0.3,0,0,0,0.0
2024-05-23,2024-09-26,19000,PE,60.0,60.0,48.85,52.25,52.25,400,53975,3200,0.0
2024-05-23,2024-09-26,20000,PE,105.0,106.05,86.55,90.05,90.05,1729,274775,2700,0.0
2024-05-23,2024-09-26,21000,PE,203.0,207.0,175.1,180.45,180.45,2803,489050,4950,0.0
2024-05-23,2024-09-26,22000,PE,404.85,404.85,337.05,344.1,344.1,2499,391925,14875,0.0
2024-05-23,2024-09-26,23000,PE,735.0,735.05,625.0,633.0,633.0,1843,179300,9025,0.0
2024-05-23,2024-09-26,24000,PE,1200.0,1240.0,1053.4,1072.8,1072.8,438,19525,-100,0.0
2024-05-23,2024-09-26,25000,PE,0.0,0.0,0.0,3952.4,1688.15,0,0,0,0.0
2024-05-23,2024-09-26,26000,PE,0.0,0.0,0.0,4801.5,2503.5,0,0,0,0.0
2024-05-23,2024-09-26,27000,PE,0.0,0.0,0.0,5681.95,3404.55,0,0,0,0.0
2024-05-23,2024-09-26,28000,PE,0.0,0.0,0.0,6582.8,4349.8,0,0,0,0.0
2024-05-23,2024-12-26,14000,CE,0.0,0.0,0.0,8800.0,9563.05,0,100,0,0.0
2024-05-23,2024-12-26,15000,CE,0.0,0.0,0.0,7000.0,8605.6,0,2575,0,0.0
2024-05-23,2024-12-26,16000,CE,0.0,0.0,0.0,6951.0,7648.2,0,21800,0,0.0
2024-05-23,2024-12-26,17000,CE,6350.0,6500.0,6350.0,6500.0,6691.15,4,15375,-75,0.0
2024-05-23,2024-12-26,18000,CE,5300.0,5365.0,5300.0,5365.0,5736.3,4,27575,100,0.0
2024-05-23,2024-12-26,18500,CE,0.0,0.0,0.0,4400.0,5261.25,0,1000,0,0.0
2024-05-23,2024-12-26,19000,CE,4468.7,4730.0,4459.5,4720.7,4720.7,62,90275,-150,0.0
2024-05-23,2024-12-26,20000,CE,3555.0,3850.0,3540.0,3824.55,3824.55,366,116700,925,0.0
2024-05-23,2024-12-26,21000,CE,2772.65,3008.35,2725.0,2994.6,2994.6,693,254800,7825,0.0
2024-05-23,2024-12-26,22000,CE,1990.0,2218.0,1966.25,2200.0,2200.0,1797,350350,-5875,0.0
2024-05-23,2024-12-26,23000,CE,1304.95,1515.0,1296.25,1502.25,1502.25,3044,418400,9925,0.0
2024-05-23,2024-12-26,24000,CE,790.0,941.75,781.0,931.75,931.75,3244,356875,9450,0.0
2024-05-23,2024-12-26,25000,CE,420.0,525.0,411.05,514.4,514.4,4542,455000,45275,0.0
2024-05-23,2024-12-26,26000,CE,216.85,270.0,206.65,258.45,258.45,1829,280600,21425,0.0
2024-05-23,2024-12-26,27000,CE,100.0,128.0,94.95,121.85,121.85,1159,95500,9900,0.0
2024-05-23,2024-12-26,28000,CE,60.0,79.0,60.0,67.25,67.25,285,24400,4250,0.0
2024-05-23,2024-12-26,16000,PE,0.0,0.0,0.0,3.15,0.1,0,17325,0,0.0
2024-05-23,2024-12-26,17000,PE,0.0,0.0,0.0,31.5,0.55,0,77275,0,0.0
2024-05-23,2024-12-26,18000,PE,52.0,53.8,43.05,44.25,44.25,2126,383675,-5225,0.0
2024-05-23,2024-12-26,19000,PE,91.0,94.3,78.1,80.5,80.5,1214,507950,-1675,0.0
2024-05-23,2024-12-26,20000,PE,170.0,170.0,142.0,145.5,145.5,2391,703775,1175,0.0
2024-05-23,2024-12-26,21000,PE,274.9,279.0,243.0,247.1,247.1,3630,1275475,250,0.0
2024-05-23,2024-12-26,22000,PE,468.05,472.95,411.55,416.4,416.4,6890,1497575,54475,0.0
2024-05-23,2024-12-26,23000,PE,780.95,780.95,652.3,663.45,663.45,6323,630625,17800,0.0
2024-05-23,2024-12-26,24000,PE,1184.1,1195.0,1040.05,1051.1,1051.1,1907,179350,5300,0.0
2024-05-23,2024-12-26,25000,PE,1767.95,1770.95,1571.95,1590.6,1590.6,522,136375,2000,0.0
2024-05-23,2024-12-26,26000,PE,2450.0,2450.0,2270.0,2297.3,2297.3,31,81000,300,0.0
2024-05-23,2024-12-26,27000,PE,0.0,0.0,0.0,4849.0,3077.65,0,100,0,0.0
2024-05-23,2024-12-26,28000,PE,0.0,0.0,0.0,7598.3,3940.7,0,0,0,0.0
2024-05-23,2025-03-27,17000,CE,0.0,0.0,0.0,6546.85,6986.75,0,0,0,0.0
2024-05-23,2025-03-27,18000,CE,0.0,0.0,0.0,5634.6,6053.15,0,0,0,0.0
2024-05-23,2025-03-27,19000,CE,0.0,0.0,0.0,4745.3,5132.4,0,0,0,0.0
2024-05-23,2025-03-27,20000,CE,0.0,0.0,0.0,3896.85,4239.5,0,0,0,0.0
2024-05-23,2025-03-27,21000,CE,0.0,0.0,0.0,3110.65,3396.25,0,0,0,0.0
2024-05-23,2025-03-27,22000,CE,0.0,0.0,0.0,2408.3,2628.0,0,0,0,0.0
2024-05-23,2025-03-27,23000,CE,0.0,0.0,0.0,1804.3,1957.8,0,0,0,0.0
2024-05-23,2025-03-27,24000,CE,0.0,0.0,0.0,1308.5,1402.25,0,0,0,0.0
2024-05-23,2025-03-27,25000,CE,0.0,0.0,0.0,918.35,964.6,0,0,0,0.0
2024-05-23,2025-03-27,26000,CE,0.0,0.0,0.0,624.25,637.5,0,0,0,0.0
2024-05-23,2025-03-27,27000,CE,0.0,0.0,0.0,282.0,405.75,0,50,0,0.0
2024-05-23,2025-03-27,28000,CE,0.0,0.0,0.0,264.0,248.65,0,0,0,0.0
2024-05-23,2025-03-27,17000,PE,0.0,0.0,0.0,7.65,2.15,0,0,0,0.0
2024-05-23,2025-03-27,18000,PE,0.0,0.0,0.0,24.15,8.7,0,0,0,0.0
2024-05-23,2025-03-27,19000,PE,0.0,0.0,0.0,63.55,28.15,0,0,0,0.0
2024-05-23,2025-03-27,20000,PE,0.0,0.0,0.0,139.9,75.45,0,50,0,0.0
2024-05-23,2025-03-27,21000,PE,0.0,0.0,0.0,286.25,172.35,0,0,0,0.0
2024-05-23,2025-03-27,22000,PE,0.0,0.0,0.0,500.0,344.3,0,50,0,0.0
2024-05-23,2025-03-27,23000,PE,0.0,0.0,0.0,800.0,614.25,0,175,0,0.0
2024-05-23,2025-03-27,24000,PE,0.0,0.0,0.0,1270.15,998.95,0,0,0,0.0
2024-05-23,2025-03-27,25000,PE,0.0,0.0,0.0,1808.7,1501.45,0,0,0,0.0
2024-05-23,2025-03-27,26000,PE,0.0,0.0,0.0,2443.3,2114.5,0,0,0,0.0
2024-05-23,2025-03-27,27000,PE,0.0,0.0,0.0,3159.85,2822.95,0,0,0,0.0
2024-05-23,2025-03-27,28000,PE,0.0,0.0,0.0,3940.45,3606.0,0,0,0,0.0
2024-05-23,2025-06-26,16000,CE,0.0,0.0,0.0,3227.55,8197.7,0,0,0,0.0
2024-05-23,2025-06-26,17000,CE,0.0,0.0,0.0,6640.0,7278.1,0,2800,0,0.0
2024-05-23,2025-06-26,18000,CE,0.0,0.0,0.0,5600.0,6365.65,0,2250,0,0.0
2024-05-23,2025-06-26,19000,CE,0.0,0.0,0.0,3077.9,5469.0,0,0,0,0.0
2024-05-23,2025-06-26,20000,CE,0.0,0.0,0.0,3180.85,4601.8,0,0,0,0.0
2024-05-23,2025-06-26,21000,CE,0.0,0.0,0.0,3199.45,3781.85,0,0,0,0.0
2024-05-23,2025-06-26,22000,CE,0.0,0.0,0.0,2088.15,3028.5,0,0,0,0.0
2024-05-23,2025-06-26,23000,CE,0.0,0.0,0.0,2003.65,2358.7,0,0,0,0.0
2024-05-23,2025-06-26,24000,CE,0.0,0.0,0.0,1100.85,1785.8,0,0,0,0.0
2024-05-23,2025-06-26,25000,CE,0.0,0.0,0.0,1000.0,1313.65,0,50,0,0.0
2024-05-23,2025-06-26,26000,CE,0.0,0.0,0.0,811.85,939.2,0,0,0,0.0
2024-05-23,2025-06-26,27000,CE,0.0,0.0,0.0,803.5,653.1,0,0,0,0.0
2024-05-23,2025-06-26,28000,CE,0.0,0.0,0.0,912.95,442.95,0,0,0,0.0
2024-05-23,2025-06-26,14000,PE,0.0,0.0,0.0,4.35,0.05,0,1150,0,0.0
2024-05-23,2025-06-26,15000,PE,0.0,0.0,0.0,16.2,0.25,0,1800,0,0.0
2024-05-23,2025-06-26,16000,PE,0.0,0.0,0.0,129.2,1.25,0,100,0,0.0
2024-05-23,2025-06-26,17000,PE,0.0,0.0,0.0,3497.35,4.85,0,0,0,0.0
2024-05-23,2025-06-26,18000,PE,0.0,0.0,0.0,188.1,15.6,0,250,0,0.0
2024-05-23,2025-06-26,19000,PE,0.0,0.0,0.0,107.9,42.15,0,600125,0,0.0
2024-05-23,2025-06-26,20000,PE,167.3,167.3,167.3,167.3,98.2,2,456500,-50,0.0
2024-05-23,2025-06-26,21000,PE,0.0,0.0,0.0,307.05,201.4,0,575,0,0.0
2024-05-23,2025-06-26,22000,PE,515.0,515.0,515.0,515.0,515.0,2,850,0,0.0
2024-05-23,2025-06-26,23000,PE,0.0,0.0,0.0,930.0,624.65,0,1400,0,0.0
2024-05-23,2025-06-26,24000,PE,0.0,0.0,0.0,5875.1,974.95,0,0,0,0.0
2024-05-23,2025-06-26,25000,PE,0.0,0.0,0.0,6576.35,1426.0,0,0,0,0.0
2024-05-23,2025-06-26,26000,PE,0.0,0.0,0.0,7299.0,1974.75,0,0,0,0.0
2024-05-23,2025-06-26,27000,PE,0.0,0.0,0.0,7438.15,2611.85,0,0,0,0.0
2024-05-23,2025-06-26,28000,PE,0.0,0.0,0.0,7207.55,3324.9,0,0,0,0.0
2024-05-23,2025-12-24,16000,CE,0.0,0.0,0.0,7200.0,8726.3,0,50,0,0.0
2024-05-23,2025-12-24,17000,CE,0.0,0.0,0.0,5080.0,7843.65,0,650,0,0.0
2024-05-23,2025-12-24,18000,CE,0.0,0.0,0.0,6500.0,6970.95,0,5650,0,0.0
2024-05-23,2025-12-24,19000,CE,0.0,0.0,0.0,5501.0,6116.3,0,3200,0,0.0
2024-05-23,2025-12-24,19500,CE,0.0,0.0,0.0,5500.0,5698.95,0,1475,0,0.0
2024-05-23,2025-12-24,20000,CE,0.0,0.0,0.0,4840.0,5290.25,0,400,0,0.0
2024-05-23,2025-12-24,21000,CE,0.0,0.0,0.0,1400.0,4505.25,0,100,0,0.0
2024-05-23,2025-12-24,22000,CE,3500.0,3700.0,3500.0,3700.0,3774.0,5,2650,-100,0.0
2024-05-23,2025-12-24,23000,CE,2900.0,3070.0,2900.0,3070.0,3108.2,14,5625,-25,0.0
2024-05-23,2025-12-24,24000,CE,0.0,0.0,0.0,2310.0,2514.4,0,2025,0,0.0
2024-05-23,2025-12-24,25000,CE,0.0,0.0,0.0,1222.85,1999.85,0,0,0,0.0
2024-05-23,2025-12-24,26000,CE,0.0,0.0,0.0,850.0,1563.55,0,75,0,0.0
2024-05-23,2025-12-24,27000,CE,0.0,0.0,0.0,1071.0,1202.35,0,0,0,0.0
2024-05-23,2025-12-24,28000,CE,0.0,0.0,0.0,1215.35,910.0,0,0,0,0.0
2024-05-23,2025-12-24,13000,PE,0.0,0.0,0.0,400.0,0.05,0,150,0,0.0
2024-05-23,2025-12-24,15000,PE,0.0,0.0,0.0,62.15,1.15,0,1100,0,0.0
2024-05-23,2025-12-24,16000,PE,0.0,0.0,0.0,139.95,4.0,0,2150,0,0.0
2024-05-23,2025-12-24,16500,PE,0.0,0.0,0.0,44.6,7.0,0,2600,0,0.0
2024-05-23,2025-12-24,17000,PE,0.0,0.0,0.0,46.8,11.65,0,2225,0,0.0
2024-05-23,2025-12-24,18000,PE,0.0,0.0,0.0,220.95,29.35,0,2600,0,0.0
2024-05-23,2025-12-24,19000,PE,0.0,0.0,0.0,112.5,65.0,0,3275,0,0.0
2024-05-23,2025-12-24,20000,PE,210.85,292.35,210.85,292.35,129.25,5,5225,100,0.0
2024-05-23,2025-12-24,21000,PE,450.0,450.0,449.0,449.0,234.65,2,2650,0,0.0
2024-05-23,2025-12-24,22000,PE,670.0,690.0,635.0,640.0,393.7,23,8475,150,0.0
2024-05-23,2025-12-24,23000,PE,1000.0,1000.0,920.0,949.95,949.95,103,20075,1725,0.0
2024-05-23,2025-12-24,24000,PE,0.0,0.0,0.0,1359.0,914.8,0,75,0,0.0
2024-05-23,2025-12-24,25000,PE,0.0,0.0,0.0,6310.55,1290.55,0,0,0,0.0
2024-05-23,2025-12-24,26000,PE,0.0,0.0,0.0,6993.25,1744.55,0,0,0,0.0
2024-05-23,2025-12-24,27000,PE,0.0,0.0,0.0,7112.8,2273.75,0,0,0,0.0
2024-05-23,2025-12-24,28000,PE,0.0,0.0,0.0,6856.45,2871.7,0,0,0,0.0
2024-05-23,2026-06-25,12000,CE,0.0,0.0,0.0,8690.0,12668.2,0,50,0,0.0
2024-05-23,2026-06-25,16000,CE,0.0,0.0,0.0,4748.3,9242.5,0,0,0,0.0
2024-05-23,2026-06-25,17000,CE,0.0,0.0,0.0,4348.25,8395.2,0,0,0,0.0
2024-05-23,2026-06-25,18000,CE,0.0,0.0,0.0,4150.0,7559.0,0,200,0,0.0
2024-05-23,2026-06-25,19000,CE,0.0,0.0,0.0,5792.0,6740.6,0,100,0,0.0
2024-05-23,2026-06-25,20000,CE,0.0,0.0,0.0,3829.5,5948.4,0,0,0,0.0
2024-05-23,2026-06-25,21000,CE,0.0,0.0,0.0,3881.9,5191.4,0,0,0,0.0
2024-05-23,2026-06-25,22000,CE,0.0,0.0,0.0,2722.55,4478.75,0,0,0,0.0
2024-05-23,2026-06-25,23000,CE,0.0,0.0,0.0,2645.65,3819.2,0,0,0,0.0
2024-05-23,2026-06-25,24000,CE,0.0,0.0,0.0,1698.3,3216.4,0,0,0,0.0
2024-05-23,2026-06-25,25000,CE,0.0,0.0,0.0,1510.4,2678.15,0,0,0,0.0
2024-05-23,2026-06-25,26000,CE,0.0,0.0,0.0,1343.15,2204.4,0,0,0,0.0
2024-05-23,2026-06-25,27000,CE,0.0,0.0,0.0,1352.8,1794.15,0,0,0,0.0
2024-05-23,2026-06-25,28000,CE,0.0,0.0,0.0,1533.95,1444.7,0,0,0,0.0
2024-05-23,2026-06-25,12000,PE,0.0,0.0,0.0,10.05,0.05,0,500,0,0.0
2024-05-23,2026-06-25,13000,PE,0.0,0.0,0.0,45.25,0.2,0,200,0,0.0
2024-05-23,2026-06-25,14000,PE,0.0,0.0,0.0,300.0,0.8,0,100,0,0.0
2024-05-23,2026-06-25,15000,PE,0.0,0.0,0.0,105.5,2.65,0,850,0,0.0
2024-05-23,2026-06-25,16000,PE,0.0,0.0,0.0,54.8,7.55,0,500,0,0.0
2024-05-23,2026-06-25,17000,PE,0.0,0.0,0.0,2627.25,18.55,0,0,0,0.0
2024-05-23,2026-06-25,18000,PE,0.0,0.0,0.0,3088.05,40.65,0,0,0,0.0
2024-05-23,2026-06-25,19000,PE,0.0,0.0,0.0,140.45,80.55,0,100,0,0.0
2024-05-23,2026-06-25,20000,PE,0.0,0.0,0.0,3159.75,146.6,0,0,0,0.0
2024-05-23,2026-06-25,21000,PE,0.0,0.0,0.0,3065.6,247.9,0,0,0,0.0
2024-05-23,2026-06-25,22000,PE,0.0,0.0,0.0,3829.5,393.55,0,0,0,0.0
2024-05-23,2026-06-25,23000,PE,0.0,0.0,0.0,859.2,592.3,0,150,0,0.0
2024-05-23,2026-06-25,24000,PE,0.0,0.0,0.0,5437.7,847.8,0,0,0,0.0
2024-05-23,2026-06-25,25000,PE,0.0,0.0,0.0,6063.1,1167.85,0,0,0,0.0
2024-05-23,2026-06-25,26000,PE,0.0,0.0,0.0,6709.2,1552.35,0,0,0,0.0
2024-05-23,2026-06-25,27000,PE,0.0,0.0,0.0,6810.7,2000.45,0,0,0,0.0
2024-05-23,2026-06-25,28000,PE,0.0,0.0,0.0,6532.55,2509.25,0,0,0,0.0
2024-05-23,2026-12-31,16000,CE,0.0,0.0,0.0,6200.0,9756.1,0,50,0,0.0
2024-05-23,2026-12-31,17000,CE,0.0,0.0,0.0,4955.1,8943.1,0,0,0,0.0
2024-05-23,2026-12-31,18000,CE,0.0,0.0,0.0,4501.45,8141.2,0,0,0,0.0
2024-05-23,2026-12-31,19000,CE,6400.0,6400.0,6400.0,6400.0,6400.0,1,200,0,0.0
2024-05-23,2026-12-31,20000,CE,0.0,0.0,0.0,3704.3,6594.2,0,0,0,0.0
2024-05-23,2026-12-31,21000,CE,0.0,0.0,0.0,3356.25,5862.55,0,0,0,0.0
2024-05-23,2026-12-31,22000,CE,0.0,0.0,0.0,3039.0,5167.95,0,0,0,0.0
2024-05-23,2026-12-31,23000,CE,0.0,0.0,0.0,2020.0,4516.55,0,500,0,0.0
2024-05-23,2026-12-31,24000,CE,0.0,0.0,0.0,2010.65,3913.75,0,0,0,0.0
2024-05-23,2026-12-31,25000,CE,0.0,0.0,0.0,1811.2,3361.3,0,0,0,0.0
2024-05-23,2026-12-31,26000,CE,0.0,0.0,0.0,1631.05,2863.9,0,0,0,0.0
2024-05-23,2026-12-31,27000,CE,0.0,0.0,0.0,1651.65,2420.55,0,0,0,0.0
2024-05-23,2026-12-31,28000,CE,0.0,0.0,0.0,1871.1,2030.05,0,0,0,0.0
2024-05-23,2026-12-31,12000,PE,0.0,0.0,0.0,250.1,0.15,0,600,0,0.0
2024-05-23,2026-12-31,13000,PE,0.0,0.0,0.0,450.0,0.5,0,200,0,0.0
2024-05-23,2026-12-31,14000,PE,0.0,0.0,0.0,500.0,1.6,0,950,0,0.0
2024-05-23,2026-12-31,15000,PE,0.0,0.0,0.0,23.0,4.45,0,2200,0,0.0
2024-05-23,2026-12-31,16000,PE,0.0,0.0,0.0,27.95,11.05,0,2450,0,0.0
2024-05-23,2026-12-31,17000,PE,0.0,0.0,0.0,213.3,24.45,0,3000,0,0.0
2024-05-23,2026-12-31,18000,PE,0.0,0.0,0.0,84.95,49.0,0,6050,0,0.0
2024-05-23,2026-12-31,19000,PE,0.0,0.0,0.0,380.0,90.3,0,2400,0,0.0
2024-05-23,2026-12-31,20000,PE,425.0,425.0,425.0,425.0,425.0,1,5475,25,0.0
2024-05-23,2026-12-31,21000,PE,387.6,387.6,387.6,387.6,249.6,4,1100,100,0.0
2024-05-23,2026-12-31,22000,PE,0.0,0.0,0.0,609.65,381.4,0,100,0,0.0
2024-05-23,2026-12-31,23000,PE,0.0,0.0,0.0,1050.0,556.4,0,8550,0,0.0
2024-05-23,2026-12-31,24000,PE,0.0,0.0,0.0,5233.45,780.0,0,0,0,0.0
2024-05-23,2026-12-31,25000,PE,0.0,0.0,0.0,5825.75,1053.95,0,0,0,0.0
2024-05-23,2026-12-31,26000,PE,0.0,0.0,0.0,6437.4,1383.0,0,0,0,0.0
2024-05-23,2026-12-31,27000,PE,0.0,0.0,0.0,6522.3,1766.05,0,0,0,0.0
2024-05-23,2026-12-31,28000,PE,0.0,0.0,0.0,6224.8,2201.95,0,0,0,0.0
2024-05-23,2027-06-24,16000,CE,0.0,0.0,0.0,4898.4,10214.35,0,0,0,0.0
2024-05-23,2027-06-24,17000,CE,0.0,0.0,0.0,4464.7,9431.1,0,0,0,0.0
2024-05-23,2027-06-24,18000,CE,0.0,0.0,0.0,4066.45,8658.6,0,0,0,0.0
2024-05-23,2027-06-24,19000,CE,0.0,0.0,0.0,6761.0,7901.55,0,100,0,0.0
2024-05-23,2027-06-24,20000,CE,0.0,0.0,0.0,3367.05,7165.3,0,0,0,0.0
2024-05-23,2027-06-24,21000,CE,0.0,0.0,0.0,3061.8,6455.35,0,0,0,0.0
2024-05-23,2027-06-24,22000,CE,0.0,0.0,0.0,2783.5,5777.15,0,0,0,0.0
2024-05-23,2027-06-24,23000,CE,0.0,0.0,0.0,2530.05,5135.65,0,0,0,0.0
2024-05-23,2027-06-24,24000,CE,0.0,0.0,0.0,2299.55,4535.6,0,0,0,0.0
2024-05-23,2027-06-24,25000,CE,0.0,0.0,0.0,2090.05,3978.5,0,0,0,0.0
2024-05-23,2027-06-24,26000,CE,0.0,0.0,0.0,1900.85,3467.1,0,0,0,0.0
2024-05-23,2027-06-24,27000,CE,0.0,0.0,0.0,1932.5,3003.5,0,0,0,0.0
2024-05-23,2027-06-24,28000,CE,0.0,0.0,0.0,2186.3,2586.4,0,0,0,0.0
2024-05-23,2027-06-24,16000,PE,0.0,0.0,0.0,1476.1,13.9,0,0,0,0.0
2024-05-23,2027-06-24,17000,PE,0.0,0.0,0.0,1814.75,28.6,0,0,0,0.0
2024-05-23,2027-06-24,18000,PE,0.0,0.0,0.0,2188.9,54.05,0,0,0,0.0
2024-05-23,2027-06-24,19000,PE,0.0,0.0,0.0,165.9,95.0,0,275,0,0.0
2024-05-23,2027-06-24,20000,PE,0.0,0.0,0.0,3034.2,156.65,0,0,0,0.0
2024-05-23,2027-06-24,21000,PE,0.0,0.0,0.0,413.65,244.65,0,475,0,0.0
2024-05-23,2027-06-24,22000,PE,0.0,0.0,0.0,3995.4,364.4,0,0,0,0.0
2024-05-23,2027-06-24,23000,PE,0.0,0.0,0.0,4514.3,520.85,0,0,0,0.0
2024-05-23,2027-06-24,24000,PE,0.0,0.0,0.0,5056.2,718.75,0,0,0,0.0
2024-05-23,2027-06-24,25000,PE,0.0,0.0,0.0,5619.05,959.65,0,0,0,0.0
2024-05-23,2027-06-24,26000,PE,0.0,0.0,0.0,6202.2,1246.15,0,0,0,0.0
2024-05-23,2027-06-24,27000,PE,0.0,0.0,0.0,6273.45,1580.55,0,0,0,0.0
2024-05-23,2027-06-24,28000,PE,0.0,0.0,0.0,5959.35,1961.4,0,0,0,0.0
2024-05-23,2027-12-30,16000,CE,0.0,0.0,0.0,7354.45,10691.0,0,0,0,0.0
2024-05-23,2027-12-30,17000,CE,0.0,0.0,0.0,6805.5,9938.1,0,0,0,0.0
2024-05-23,2027-12-30,18000,CE,0.0,0.0,0.0,6285.7,9195.3,0,0,0,0.0
2024-05-23,2027-12-30,19000,CE,0.0,0.0,0.0,5794.9,8466.55,0,0,0,0.0
2024-05-23,2027-12-30,20000,CE,0.0,0.0,0.0,5333.85,7756.05,0,0,0,0.0
2024-05-23,2027-12-30,21000,CE,0.0,0.0,0.0,4902.4,7068.4,0,0,0,0.0
2024-05-23,2027-12-30,22000,CE,0.0,0.0,0.0,4499.55,6407.9,0,0,0,0.0
2024-05-23,2027-12-30,23000,CE,0.0,0.0,0.0,4125.7,5778.6,0,0,0,0.0
2024-05-23,2027-12-30,24000,CE,0.0,0.0,0.0,3778.95,5183.9,0,0,0,0.0
2024-05-23,2027-12-30,25000,CE,0.0,0.0,0.0,3458.35,4626.95,0,0,0,0.0
2024-05-23,2027-12-30,26000,CE,0.0,0.0,0.0,3162.4,4107.7,0,0,0,0.0
2024-05-23,2027-12-30,27000,CE,0.0,0.0,0.0,2889.8,3630.25,0,0,0,0.0
2024-05-23,2027-12-30,28000,CE,0.0,0.0,0.0,2639.2,3193.45,0,0,0,0.0
2024-05-23,2027-12-30,15000,PE,0.0,0.0,0.0,27.8,7.65,0,350,0,0.0
2024-05-23,2027-12-30,16000,PE,0.0,0.0,0.0,479.35,16.3,0,0,0,0.0
2024-05-23,2027-12-30,17000,PE,0.0,0.0,0.0,514.0,31.75,0,14250,0,0.0
2024-05-23,2027-12-30,18000,PE,0.0,0.0,0.0,74.8,57.25,0,10500,0,0.0
2024-05-23,2027-12-30,19000,PE,0.0,0.0,0.0,187.2,96.8,0,750,0,0.0
2024-05-23,2027-12-30,20000,PE,236.15,236.15,236.15,236.15,154.65,1,2575,25,0.0
2024-05-23,2027-12-30,21000,PE,0.0,0.0,0.0,500.0,235.25,0,100,0,0.0
2024-05-23,2027-12-30,22000,PE,0.0,0.0,0.0,1867.9,343.1,0,0,0,0.0
2024-05-23,2027-12-30,23000,PE,0.0,0.0,0.0,2201.3,482.1,0,0,0,0.0
2024-05-23,2027-12-30,24000,PE,0.0,0.0,0.0,1100.0,655.7,0,50,0,0.0
2024-05-23,2027-12-30,25000,PE,0.0,0.0,0.0,2948.45,867.1,0,0,0,0.0
2024-05-23,2027-12-30,26000,PE,0.0,0.0,0.0,3359.75,1116.15,0,0,0,0.0
2024-05-23,2027-12-30,27000,PE,0.0,0.0,0.0,3794.4,1407.0,0,0,0,0.0
2024-05-23,2027-12-30,28000,PE,0.0,0.0,0.0,4251.0,1738.5,0,0,0,0.0
2024-05-23,2028-06-29,16000,CE,0.0,0.0,0.0,8002.3,11132.7,0,0,0,0.0
2024-05-23,2028-06-29,17000,CE,0.0,0.0,0.0,7393.45,10407.5,0,0,0,0.0
2024-05-23,2028-06-29,18000,CE,0.0,0.0,0.0,6809.35,9691.7,0,0,0,0.0
2024-05-23,2028-06-29,19000,CE,0.0,0.0,0.0,6252.25,8988.5,0,0,0,0.0
2024-05-23,2028-06-29,20000,CE,0.0,0.0,0.0,5724.65,8301.55,0,0,0,0.0
2024-05-23,2028-06-29,21000,CE,0.0,0.0,0.0,5226.55,7634.55,0,0,0,0.0
2024-05-23,2028-06-29,22000,CE,0.0,0.0,0.0,4759.5,6991.15,0,0,0,0.0
2024-05-23,2028-06-29,23000,CE,0.0,0.0,0.0,4323.1,6374.6,0,0,0,0.0
2024-05-23,2028-06-29,24000,CE,0.0,0.0,0.0,3918.85,5787.9,0,0,0,0.0
2024-05-23,2028-06-29,25000,CE,0.0,0.0,0.0,3545.15,5234.0,0,0,0,0.0
2024-05-23,2028-06-29,26000,CE,0.0,0.0,0.0,3200.9,4713.2,0,0,0,0.0
2024-05-23,2028-06-29,27000,CE,0.0,0.0,0.0,2885.15,4226.9,0,0,0,0.0
2024-05-23,2028-06-29,28000,CE,0.0,0.0,0.0,2596.45,3777.6,0,0,0,0.0
2024-05-23,2028-06-29,16000,PE,0.0,0.0,0.0,194.2,18.05,0,0,0,0.0
2024-05-23,2028-06-29,17000,PE,0.0,0.0,0.0,283.1,33.65,0,0,0,0.0
2024-05-23,2028-06-29,18000,PE,0.0,0.0,0.0,396.75,58.6,0,0,0,0.0
2024-05-23,2028-06-29,19000,PE,0.0,0.0,0.0,537.45,96.25,0,0,0,0.0
2024-05-23,2028-06-29,20000,PE,0.0,0.0,0.0,707.55,150.1,0,0,0,0.0
2024-05-23,2028-06-29,21000,PE,0.0,0.0,0.0,907.2,223.95,0,0,0,0.0
2024-05-23,2028-06-29,22000,PE,0.0,0.0,0.0,523.5,321.3,0,50,0,0.0
2024-05-23,2028-06-29,23000,PE,0.0,0.0,0.0,1399.25,445.6,0,0,0,0.0
2024-05-23,2028-06-29,24000,PE,0.0,0.0,0.0,1692.75,599.7,0,0,0,0.0
2024-05-23,2028-06-29,25000,PE,0.0,0.0,0.0,2016.8,786.65,0,0,0,0.0
2024-05-23,2028-06-29,26000,PE,0.0,0.0,0.0,2370.3,1006.65,0,0,0,0.0
2024-05-23,2028-06-29,27000,PE,0.0,0.0,0.0,2752.35,1261.1,0,0,0,0.0
2024-05-23,2028-06-29,28000,PE,0.0,0.0,0.0,3161.35,1552.6,0,0,0,0.0
2024-05-23,2028-12-28,16000,CE,0.0,0.0,0.0,10704.45,11558.15,0,0,0,0.0
2024-05-23,2028-12-28,17000,CE,0.0,0.0,0.0,10036.4,10859.3,0,0,0,0.0
2024-05-23,2028-12-28,18000,CE,0.0,0.0,0.0,9380.3,10169.05,0,0,0,0.0
2024-05-23,2028-12-28,19000,CE,0.0,0.0,0.0,8739.0,9490.15,0,0,0,0.0
2024-05-23,2028-12-28,20000,CE,0.0,0.0,0.0,8115.5,8825.75,0,0,0,0.0
2024-05-23,2028-12-28,21000,CE,0.0,0.0,0.0,7512.5,8178.85,0,0,0,0.0
2024-05-23,2028-12-28,22000,CE,0.0,0.0,0.0,6932.45,7552.5,0,0,0,0.0
2024-05-23,2028-12-28,23000,CE,0.0,0.0,0.0,6377.6,6949.55,0,0,0,0.0
2024-05-23,2028-12-28,24000,CE,0.0,0.0,0.0,5850.3,6372.45,0,0,0,0.0
2024-05-23,2028-12-28,25000,CE,0.0,0.0,0.0,5350.4,5823.35,0,0,0,0.0
2024-05-23,2028-12-28,26000,CE,0.0,0.0,0.0,4879.7,5304.35,0,0,0,0.0
2024-05-23,2028-12-28,27000,CE,0.0,0.0,0.0,4437.95,4815.4,0,0,0,0.0
2024-05-23,2028-12-28,28000,CE,0.0,0.0,0.0,4027.15,4357.35,0,0,0,0.0
2024-05-23,2028-12-28,16000,PE,0.0,0.0,0.0,39.6,19.2,0,0,0,0.0
2024-05-23,2028-12-28,17000,PE,0.0,0.0,0.0,66.15,34.65,0,0,0,0.0
2024-05-23,2028-12-28,18000,PE,0.0,0.0,0.0,104.65,58.7,0,0,0,0.0
2024-05-23,2028-12-28,19000,PE,0.0,0.0,0.0,158.0,94.1,0,0,0,0.0
2024-05-23,2028-12-28,20000,PE,500.15,500.15,490.0,490.0,490.0,3,1825,0,0.0
2024-05-23,2028-12-28,21000,PE,590.0,590.0,590.0,590.0,590.0,1,875,25,0.0
2024-05-23,2028-12-28,22000,PE,0.0,0.0,0.0,435.3,299.35,0,0,0,0.0
2024-05-23,2028-12-28,23000,PE,0.0,0.0,0.0,575.05,410.65,0,0,0,0.0
2024-05-23,2028-12-28,24000,PE,0.0,0.0,0.0,742.35,547.9,0,0,0,0.0
2024-05-23,2028-12-28,25000,PE,0.0,0.0,0.0,937.05,713.05,0,0,0,0.0
2024-05-23,2028-12-28,26000,PE,0.0,0.0,0.0,1160.95,908.35,0,0,0,0.0
2024-05-23,2028-12-28,27000,PE,0.0,0.0,0.0,1413.85,1133.7,0,0,0,0.0
2024-05-23,2028-12-28,28000,PE,0.0,0.0,0.0,1697.6,1389.9,0,0,0,0.0
