date,expiry,strike,opt_type,open,high,low,close,settle,volume,oi,oi_change,underlying
2025-04-25,2025-05-08,24100,PE,185.0,400.0,161.7,293.9,293.9,36810,350550,134025,24039.35
2025-04-25,2025-04-30,22850,PE,9.5,25.0,5.6,17.25,17.25,123995,285900,77100,24039.35
2025-04-25,2025-04-30,23200,PE,15.5,44.85,11.45,28.4,28.4,560266,3419475,1996950,24039.35
2025-04-25,2025-04-30,26000,PE,1908.0,2025.0,1871.75,1960.9,1960.9,16,6150,75,24039.35
2025-04-25,2025-04-30,26100,PE,0.0,0.0,0.0,1820.0,2037.6,0,75,0,24039.35
2025-04-25,2025-05-08,20600,PE,6.05,8.45,4.15,7.7,7.7,2146,45075,33825,24039.35
2025-04-25,2025-05-08,20900,PE,5.9,10.4,5.9,8.65,8.65,652,5775,5775,24039.35
2025-04-25,2025-05-08,20950,PE,11.45,11.7,8.0,9.5,9.5,54,3000,3000,24039.35
2025-04-25,2025-05-08,22100,PE,11.6,23.75,11.6,20.8,20.8,15012,344250,304800,24039.35
2025-04-25,2025-05-08,22850,PE,35.05,61.95,27.65,49.5,49.5,1898,27975,21750,24039.35
2025-04-25,2025-05-08,23350,PE,55.95,127.35,52.65,97.7,97.7,2287,23175,8850,24039.35
2025-04-25,2025-05-08,23950,PE,128.25,317.0,126.75,234.9,234.9,15273,128850,77925,24039.35
2025-04-25,2025-05-08,24250,PE,251.3,496.95,209.2,377.7,377.7,8826,71475,15600,24039.35
2025-04-25,2025-05-08,24700,PE,439.05,852.35,433.1,706.5,706.5,688,10650,-1725,24039.35
2025-04-25,2025-05-08,25750,PE,1657.65,1660.1,1657.65,1658.95,1658.95,5,375,375,24039.35
2025-04-25,2025-05-15,20900,PE,0.0,0.0,0.0,13.45,0.05,0,1575,0,24039.35
2025-04-25,2025-05-15,20950,PE,19.5,19.5,11.55,11.55,0.05,2,1125,0,24039.35
2025-04-25,2025-05-15,21050,PE,13.7,15.95,13.7,15.15,15.15,4,1350,75,24039.35
2025-04-25,2025-05-15,21400,PE,20.1,22.35,15.15,22.35,22.35,165,9600,7275,24039.35
2025-04-25,2025-05-15,21900,PE,0.0,0.0,0.0,21.7,2.25,0,900,0,24039.35
2025-04-25,2025-05-15,22200,PE,39.9,47.35,35.45,42.3,42.3,256,8325,-975,24039.35
2025-04-25,2025-05-15,22250,PE,0.0,0.0,0.0,324.1,7.1,0,0,0,24039.35
2025-04-25,2025-05-15,22800,PE,55.15,97.0,45.65,81.9,81.9,379,23100,3225,24039.35
2025-04-25,2025-05-15,22950,PE,76.0,108.8,76.0,98.8,98.8,41,5400,600,24039.35
2025-04-25,2025-05-15,23600,PE,116.6,244.0,116.2,198.85,198.85,940,22350,8925,24039.35
2025-04-25,2025-05-15,24400,PE,345.0,635.75,319.75,530.75,530.75,923,12150,3750,24039.35
2025-04-25,2025-05-15,25350,PE,1195.8,1195.8,1195.8,1195.8,1271.15,1,75,75,24039.35
2025-04-25,2025-05-15,25700,PE,1551.75,1556.65,1551.75,1556.65,1593.4,2,150,150,24039.35
2025-04-25,2025-05-15,25850,PE,1696.65,1696.65,1696.65,1696.65,1735.95,1,75,75,24039.35
2025-04-25,2025-05-22,22400,PE,0.0,0.0,0.0,45.2,23.05,0,0,0,24039.35
2025-04-25,2025-05-22,22450,PE,0.0,0.0,0.0,49.8,25.9,0,0,0,24039.35
2025-04-25,2025-05-22,23000,PE,93.45,159.1,87.0,133.9,133.9,827,21000,14475,24039.35
2025-04-25,2025-05-22,23550,PE,0.0,0.0,0.0,284.1,200.65,0,0,0,24039.35
2025-04-25,2025-05-22,24150,PE,350.0,466.25,350.0,445.15,445.15,23,375,-750,24039.35
2025-04-25,2025-05-22,24600,PE,0.0,0.0,0.0,842.55,703.05,0,0,0,24039.35
2025-04-25,2025-05-22,24750,PE,0.0,0.0,0.0,949.95,805.45,0,0,0,24039.35
2025-04-25,2025-05-22,25150,PE,0.0,0.0,0.0,1263.75,1110.1,0,0,0,24039.35
2025-04-25,2025-05-29,21000,PE,28.0,35.85,22.2,32.85,32.85,22251,2662275,168375,24039.35
2025-04-25,2025-05-29,21600,PE,33.0,55.2,31.35,49.15,49.15,3268,82500,13575,24039.35
2025-04-25,2025-05-29,21900,PE,45.0,70.05,40.3,63.15,63.15,2786,330150,11625,24039.35
2025-04-25,2025-05-29,23350,PE,150.4,258.05,142.95,222.2,222.2,1020,28500,-150,24039.35
2025-04-25,2025-05-29,23500,PE,191.0,300.85,162.0,257.55,257.55,56944,2910825,137775,24039.35
2025-04-25,2025-05-29,23900,PE,281.0,438.55,244.45,372.35,372.35,14017,523575,45825,24039.35
2025-04-25,2025-05-29,24050,PE,288.0,502.85,287.95,425.9,425.9,3592,90600,56175,24039.35
2025-04-25,2025-05-29,25550,PE,1353.3,1353.3,1353.3,1353.3,1446.8,1,900,0,24039.35
2025-04-25,2025-06-26,19000,PE,23.65,29.75,20.6,26.1,26.1,2738,463700,29625,24039.35
2025-04-25,2025-06-26,20600,PE,0.0,0.0,0.0,41.05,4.65,0,150,0,24039.35
2025-04-25,2025-06-26,21050,PE,0.0,0.0,0.0,34.1,11.3,0,0,0,24039.35
2025-04-25,2025-06-26,21250,PE,0.0,0.0,0.0,45.5,16.3,0,0,0,24039.35
2025-04-25,2025-06-26,21550,PE,0.0,0.0,0.0,68.3,27.25,0,0,0,24039.35
2025-04-25,2025-06-26,21600,PE,41.4,83.65,41.4,83.65,29.6,3,27900,75,24039.35
2025-04-25,2025-06-26,21750,PE,0.0,0.0,0.0,88.1,37.65,0,0,0,24039.35
2025-04-25,2025-06-26,22350,PE,0.0,0.0,0.0,166.3,89.75,0,900,0,24039.35
2025-04-25,2025-06-26,22900,PE,183.25,269.6,182.0,245.7,245.7,326,24975,5400,24039.35
2025-04-25,2025-06-26,23250,PE,256.5,319.55,252.8,296.8,260.3,41,4800,-150,24039.35
2025-04-25,2025-06-26,23400,PE,250.05,380.6,250.05,343.5,343.5,375,16200,2475,24039.35
2025-04-25,2025-06-26,23450,PE,374.0,401.3,327.5,352.0,317.2,89,6075,3900,24039.35
2025-04-25,2025-06-26,24400,PE,513.95,761.9,509.1,675.3,675.3,469,13800,1725,24039.35
2025-04-25,2025-06-26,25600,PE,1417.2,1417.2,1417.2,1417.2,1501.45,1,450,0,24039.35
2025-04-25,2025-06-26,25850,PE,1622.65,1622.65,1622.65,1622.65,1699.05,1,75,75,24039.35
2025-04-25,2025-06-26,26000,PE,1506.0,1940.0,1482.55,1789.2,1789.2,723,832700,-5475,24039.35
2025-04-25,2025-07-31,24050,PE,591.9,611.2,591.9,611.2,639.9,4,150,150,24039.35
2025-04-25,2025-07-31,24300,PE,0.0,0.0,0.0,667.5,753.25,0,0,0,24039.35
2025-04-25,2025-07-31,24900,PE,0.0,0.0,0.0,962.45,1071.75,0,0,0,24039.35
2025-04-25,2025-07-31,25650,PE,0.0,0.0,0.0,1419.7,1557.15,0,0,0,24039.35
2025-04-25,2025-07-31,25700,PE,0.0,0.0,0.0,1453.45,1592.65,0,0,0,24039.35
2025-04-25,2025-07-31,25900,PE,0.0,0.0,0.0,1592.15,1739.4,0,0,0,24039.35
2025-04-25,2026-12-31,18000,PE,0.0,0.0,0.0,76.1,57.45,0,5175,0,24039.35
2025-04-25,2026-12-31,23000,PE,638.0,729.8,638.0,694.95,679.5,21,24200,450,24039.35
2025-04-25,2027-12-30,28000,PE,0.0,0.0,0.0,4251.0,2298.25,0,0,0,24039.35
2025-04-25,2028-06-29,21000,PE,0.0,0.0,0.0,907.2,373.95,0,0,0,24039.35
2025-04-25,2028-12-28,24000,PE,0.0,0.0,0.0,914.3,875.1,0,600,0,24039.35
2025-04-25,2028-12-28,25000,PE,0.0,0.0,0.0,1700.05,1104.35,0,750,0,24039.35
2025-04-25,2029-06-28,29000,PE,0.0,0.0,0.0,1746.95,2197.4,0,0,0,24039.35
2025-04-25,2025-04-30,21200,CE,0.0,0.0,0.0,2940.0,2858.1,0,0,0,24039.35
2025-04-25,2025-04-30,21800,CE,0.0,0.0,0.0,2500.0,2258.6,0,9675,0,24039.35
2025-04-25,2025-04-30,22100,CE,2227.7,2227.7,2158.9,2158.9,1958.9,3,10200,-75,24039.35
2025-04-25,2025-04-30,22350,CE,1659.4,1713.85,1624.2,1634.0,1709.1,6,3375,-225,24039.35
2025-04-25,2025-04-30,23350,CE,1050.8,1050.8,563.7,750.5,750.5,704,19875,-2850,24039.35
2025-04-25,2025-04-30,24050,CE,369.95,410.2,103.6,172.0,172.0,1001275,1126200,1038600,24039.35
2025-04-25,2025-04-30,24150,CE,300.05,332.7,75.55,123.4,123.4,1033263,1480500,1219650,24039.35
2025-04-25,2025-04-30,25100,CE,12.6,12.8,3.6,4.4,4.4,510859,3948075,2393325,24039.35
2025-04-25,2025-04-30,25850,CE,1.8,2.2,1.2,1.35,1.35,104603,802425,248775,24039.35
2025-04-25,2025-04-30,26000,CE,1.6,2.0,1.15,1.25,1.25,595176,6041100,3687000,24039.35
2025-04-25,2025-05-08,22250,CE,1812.8,1813.25,1812.8,1813.05,1813.05,2,450,150,24039.35
2025-04-25,2025-05-08,24150,CE,413.4,441.4,172.95,243.95,243.95,10979,87750,54000,24039.35
2025-04-25,2025-05-08,24500,CE,212.95,232.7,79.25,108.25,108.25,72572,640350,160875,24039.35
2025-04-25,2025-05-08,24650,CE,166.25,167.55,55.05,74.1,74.1,8445,76500,47850,24039.35
2025-04-25,2025-05-08,25900,CE,9.55,9.55,3.8,4.1,4.1,8775,225975,90450,24039.35
2025-04-25,2025-05-08,26050,CE,5.55,5.55,3.15,3.4,3.4,1073,24300,9450,24039.35
2025-04-25,2025-05-15,21950,CE,2229.05,2229.05,2229.05,2229.05,2169.45,1,75,75,24039.35
2025-04-25,2025-05-15,23150,CE,1137.25,1137.25,1137.25,1137.25,1043.75,1,75,75,24039.35
2025-04-25,2025-05-15,23500,CE,995.0,1036.65,642.25,747.85,747.85,316,15975,3000,24039.35
2025-04-25,2025-05-15,23600,CE,840.0,850.0,563.65,680.0,680.0,79,5625,2925,24039.35
2025-04-25,2025-05-15,24300,CE,402.8,436.5,197.2,261.55,261.55,3788,53100,28200,24039.35
2025-04-25,2025-05-15,24400,CE,315.75,365.0,166.5,216.8,216.8,1845,29250,9000,24039.35
2025-04-25,2025-05-15,25800,CE,21.3,23.55,12.1,16.75,16.75,406,19050,12525,24039.35
2025-04-25,2025-05-22,22150,CE,0.0,0.0,0.0,1860.0,2007.35,0,0,0,24039.35
2025-04-25,2025-05-22,22250,CE,0.0,0.0,0.0,1766.95,1911.35,0,0,0,24039.35
2025-04-25,2025-05-22,24100,CE,434.7,510.95,330.0,434.5,434.5,83,3450,2100,24039.35
2025-04-25,2025-05-22,24550,CE,0.0,0.0,0.0,255.25,276.65,0,0,0,24039.35
2025-04-25,2025-05-22,24800,CE,210.0,210.0,106.95,150.0,150.0,40,3975,975,24039.35
2025-04-25,2025-05-22,25300,CE,96.2,96.2,77.35,77.35,94.1,2,150,75,24039.35
2025-04-25,2025-05-22,25950,CE,0.0,0.0,0.0,28.3,29.9,0,150,0,24039.35
2025-04-25,2025-05-22,26000,CE,24.9,27.05,14.5,18.1,18.1,515,18525,11100,24039.35
2025-04-25,2025-05-29,20850,CE,3386.85,3386.85,3386.85,3386.85,3320.55,1,1650,75,24039.35
2025-04-25,2025-05-29,21200,CE,3020.0,3020.0,2940.75,3017.65,2974.05,4,3075,75,24039.35
2025-04-25,2025-05-29,21500,CE,3005.8,3005.8,2502.65,2681.3,2681.3,283,251325,-3450,24039.35
2025-04-25,2025-05-29,22000,CE,2499.95,2505.3,2029.75,2178.25,2178.25,1844,764775,-22500,24039.35
2025-04-25,2025-05-29,22850,CE,1450.1,1480.85,1450.1,1477.1,1415.55,3,5325,0,24039.35
2025-04-25,2025-05-29,23100,CE,1422.5,1424.1,1105.0,1203.75,1203.75,107,84450,-975,24039.35
2025-04-25,2025-05-29,23250,CE,1161.8,1161.8,1103.95,1119.3,1119.3,11,7875,75,24039.35
2025-04-25,2025-05-29,24000,CE,700.0,769.95,451.1,547.65,547.65,62607,3251325,493650,24039.35
2025-04-25,2025-05-29,24200,CE,593.95,629.45,351.4,431.35,431.35,30931,866775,361275,24039.35
2025-04-25,2025-05-29,24450,CE,469.95,469.95,246.55,307.35,307.35,1910,43350,8325,24039.35
2025-04-25,2025-05-29,26000,CE,40.0,40.0,18.9,23.25,23.25,34141,1007550,602175,24039.35
2025-04-25,2025-06-26,20400,CE,3924.5,3924.5,3924.5,3924.5,3874.6,1,225,75,24039.35
2025-04-25,2025-06-26,20450,CE,3876.8,3876.8,3876.8,3876.8,3825.5,1,225,75,24039.35
2025-04-25,2025-06-26,20650,CE,3686.25,3686.25,3686.25,3686.25,3629.55,1,225,75,24039.35
2025-04-25,2025-06-26,21550,CE,2836.7,2836.7,2836.7,2836.7,2761.95,1,825,75,24039.35
2025-04-25,2025-06-26,22000,CE,2643.0,2643.0,2200.0,2333.6,2333.6,576,511725,-5400,24039.35
2025-04-25,2025-06-26,22500,CE,2203.55,2203.55,1764.95,1896.1,1896.1,300,163950,-1575,24039.35
2025-04-25,2025-06-26,23450,CE,1194.2,1194.2,1194.2,1194.2,1173.5,1,750,-75,24039.35
2025-04-25,2025-06-26,23600,CE,1246.0,1246.0,914.1,1041.2,1074.25,64,7125,1050,24039.35
2025-04-25,2025-06-26,25350,CE,218.25,218.25,150.75,177.85,177.85,223,6600,-600,24039.35
2025-04-25,2025-07-31,25900,CE,0.0,0.0,0.0,404.7,338.55,0,0,0,24039.35
2025-04-25,2025-07-31,25950,CE,0.0,0.0,0.0,391.2,326.8,0,0,0,24039.35
2025-04-25,2025-09-25,18000,CE,0.0,0.0,0.0,9482.9,6542.05,0,0,0,24039.35
2025-04-25,2025-09-25,29000,CE,46.5,46.5,38.1,42.2,42.2,147,18975,6075,24039.35
2025-04-25,2025-12-24,24000,CE,1838.25,1883.45,1568.1,1652.35,1652.35,824,665075,4775,24039.35
2025-04-25,2026-03-26,21000,CE,0.0,0.0,0.0,4255.8,4493.2,0,0,0,24039.35
2025-04-25,2026-03-26,22000,CE,0.0,0.0,0.0,3481.2,3706.3,0,0,0,24039.35
2025-04-25,2026-03-26,26000,CE,0.0,0.0,0.0,1228.35,1378.0,0,0,0,24039.35
2025-04-25,2026-06-25,29000,CE,0.0,0.0,0.0,864.2,791.8,0,0,0,24039.35
2025-04-25,2027-06-24,18000,CE,0.0,0.0,0.0,4066.45,8562.0,0,0,0,24039.35
2025-04-25,2027-06-24,24000,CE,0.0,0.0,0.0,2300.0,4248.65,0,600,0,24039.35
2025-04-25,2027-12-30,21000,CE,0.0,0.0,0.0,4902.4,6875.0,0,0,0,24039.35
2025-04-25,2028-12-28,20000,CE,0.0,0.0,0.0,8115.5,8701.6,0,0,0,24039.35
2025-04-25,2028-12-28,25000,CE,0.0,0.0,0.0,5350.4,5634.6,0,0,0,24039.35
2025-04-25,2028-12-28,29000,CE,0.0,0.0,0.0,3645.75,3772.75,0,0,0,24039.35
2025-04-25,2029-06-28,28000,CE,0.0,0.0,0.0,6112.6,4775.7,0,0,0,24039.35
2025-04-25,2029-12-27,25000,CE,0.0,0.0,0.0,7196.25,6795.05,0,0,0,24039.35
2025-04-25,2025-04-30,20750,PE,1.85,6.0,1.25,2.9,2.9,36628,42675,19500,24039.35
2025-04-25,2025-04-30,21400,PE,1.8,5.45,1.75,4.6,4.6,81291,214125,30750,24039.35
2025-04-25,2025-04-30,21750,PE,2.95,7.0,1.85,5.8,5.8,67796,162150,101325,24039.35
2025-04-25,2025-04-30,22000,PE,3.7,8.4,2.65,7.0,7.0,537018,5424750,2128650,24039.35
2025-04-25,2025-04-30,22400,PE,5.45,12.55,3.0,10.05,10.05,203871,763650,427425,24039.35
2025-04-25,2025-04-30,23400,PE,27.3,64.75,16.4,39.9,39.9,576084,2112825,1182225,24039.35
2025-04-25,2025-04-30,23850,PE,66.05,183.0,42.0,101.65,101.65,985797,1259700,771450,24039.35
2025-04-25,2025-04-30,24350,PE,201.05,526.8,160.65,355.15,355.15,367989,604350,229800,24039.35
2025-04-25,2025-04-30,24900,PE,546.05,1028.6,546.0,850.95,850.95,1005,13200,150,24039.35
2025-04-25,2025-04-30,25800,PE,0.0,0.0,0.0,2416.5,1737.9,0,0,0,24039.35
2025-04-25,2025-05-08,22000,PE,12.5,20.55,12.3,18.55,18.55,41874,1012575,626775,24039.35
2025-04-25,2025-05-08,22400,PE,17.0,33.15,16.7,29.75,29.75,10300,200550,152925,24039.35
2025-04-25,2025-05-08,22450,PE,22.15,34.9,20.4,31.05,31.05,1627,16875,7200,24039.35
2025-04-25,2025-05-08,22650,PE,24.4,46.2,22.3,39.35,39.35,1518,23775,20775,24039.35
2025-04-25,2025-05-08,23050,PE,35.0,81.95,35.0,64.3,64.3,1611,32250,18375,24039.35
2025-04-25,2025-05-08,23600,PE,90.05,185.55,73.25,137.8,137.8,27826,351600,202425,24039.35
2025-04-25,2025-05-08,24500,PE,355.15,680.35,315.8,548.8,548.8,8098,85500,-13350,24039.35
2025-04-25,2025-05-08,24600,PE,408.7,762.0,373.2,625.15,625.15,1725,18825,5475,24039.35
2025-04-25,2025-05-08,24800,PE,558.0,919.75,504.0,783.3,783.3,387,12975,9975,24039.35
2025-04-25,2025-05-08,24900,PE,591.9,909.85,591.9,909.85,909.85,26,2550,1050,24039.35
2025-04-25,2025-05-08,25500,PE,1177.0,1503.0,1177.0,1397.7,1414.4,14,4500,150,24039.35
2025-04-25,2025-05-08,25550,PE,1445.35,1445.35,1445.35,1445.35,1462.55,1,300,75,24039.35
2025-04-25,2025-05-08,25800,PE,1706.65,1709.05,1706.65,1708.1,1708.1,6,450,450,24039.35
2025-04-25,2025-05-15,21300,PE,15.0,19.6,10.75,18.4,18.4,75,2550,450,24039.35
2025-04-25,2025-05-15,21700,PE,21.75,26.1,21.75,25.85,25.85,17,2475,-150,24039.35
2025-04-25,2025-05-15,21850,PE,20.0,32.2,20.0,29.75,29.75,51,1125,150,24039.35
2025-04-25,2025-05-15,23100,PE,74.0,136.1,73.05,114.25,114.25,604,18675,11850,24039.35
2025-04-25,2025-05-15,23500,PE,117.0,220.95,105.0,178.15,178.15,7678,107100,40125,24039.35
2025-04-25,2025-05-15,23550,PE,159.9,193.8,159.9,190.35,190.35,25,525,225,24039.35
2025-04-25,2025-05-15,25400,PE,1241.6,1241.6,1241.6,1241.6,1316.1,1,75,75,24039.35
2025-04-25,2025-05-15,25450,PE,1328.05,1328.05,1328.05,1328.05,1361.45,1,75,75,24039.35
2025-04-25,2025-05-22,22550,PE,0.0,0.0,0.0,60.2,32.4,0,0,0,24039.35
2025-04-25,2025-05-22,23650,PE,0.0,0.0,0.0,321.9,232.05,0,0,0,24039.35
2025-04-25,2025-05-29,20850,PE,0.0,0.0,0.0,22.4,0.7,0,2700,0,24039.35
2025-04-25,2025-05-29,21250,PE,38.75,40.15,35.05,38.55,38.55,174,5100,1800,24039.35
2025-04-25,2025-05-29,21800,PE,40.4,62.7,34.6,56.3,56.3,11284,426150,31950,24039.35
2025-04-25,2025-05-29,22950,PE,115.5,173.3,98.05,154.8,154.8,1024,18450,-2175,24039.35
2025-04-25,2025-05-29,23300,PE,159.45,246.5,136.1,211.05,211.05,9279,356775,-33150,24039.35
2025-04-25,2025-05-29,23550,PE,175.0,312.0,174.75,266.75,266.75,1368,53550,25050,24039.35
2025-04-25,2025-05-29,23650,PE,190.0,344.5,190.0,296.25,296.25,1588,67650,20850,24039.35
2025-04-25,2025-05-29,25200,PE,865.0,1256.3,865.0,1147.9,1147.9,295,54975,12750,24039.35
2025-04-25,2025-05-29,25750,PE,1565.25,1565.25,1565.25,1565.25,1620.9,1,75,75,24039.35
2025-04-25,2025-05-29,25950,PE,1756.55,1756.55,1755.85,1755.85,1800.55,2,150,150,24039.35
2025-04-25,2025-06-26,18000,PE,11.05,18.95,11.05,17.15,17.15,1566,422700,3900,24039.35
2025-04-25,2025-06-26,21450,PE,0.0,0.0,0.0,59.85,23.05,0,0,0,24039.35
2025-04-25,2025-06-26,21700,PE,110.65,116.3,99.0,109.45,109.45,363,51675,1875,24039.35
2025-04-25,2025-06-26,22250,PE,0.0,0.0,0.0,190.0,78.4,0,525,0,24039.35
2025-04-25,2025-06-26,22400,PE,134.5,190.0,133.45,169.9,169.9,315,64500,8925,24039.35
2025-04-25,2025-06-26,22500,PE,141.0,206.7,131.45,187.95,187.95,6868,804750,89325,24039.35
2025-04-25,2025-06-26,24450,PE,565.0,794.25,565.0,710.65,740.7,32,13650,150,24039.35
2025-04-25,2025-06-26,24550,PE,568.0,785.45,568.0,785.45,795.75,30,2175,975,24039.35
2025-04-25,2025-06-26,25150,PE,1070.1,1070.1,1070.1,1070.1,1172.05,1,225,-75,24039.35
2025-04-25,2025-06-26,25300,PE,960.05,1327.0,960.05,1327.0,1277.6,3,525,75,24039.35
2025-04-25,2025-06-26,25800,PE,1580.65,1580.65,1580.65,1580.65,1658.8,1,75,75,24039.35
2025-04-25,2025-07-31,23950,PE,0.0,0.0,0.0,525.4,597.8,0,0,0,24039.35
2025-04-25,2025-07-31,24200,PE,624.65,624.65,624.65,624.65,706.5,1,75,75,24039.35
2025-04-25,2025-07-31,24700,PE,0.0,0.0,0.0,856.9,958.3,0,0,0,24039.35
2025-04-25,2025-07-31,25100,PE,0.0,0.0,0.0,1075.1,1192.15,0,0,0,24039.35
2025-04-25,2025-07-31,25450,PE,0.0,0.0,0.0,1288.65,1418.9,0,0,0,24039.35
2025-04-25,2025-07-31,25550,PE,0.0,0.0,0.0,1353.4,1487.3,0,0,0,24039.35
2025-04-25,2025-09-25,17000,PE,0.0,0.0,0.0,18.0,0.2,0,525,0,24039.35
2025-04-25,2025-09-25,23000,PE,351.05,452.1,331.75,412.8,412.8,2220,430950,-3975,24039.35
2025-04-25,2025-09-25,24000,PE,540.05,727.0,538.2,668.2,668.2,2616,284250,37200,24039.35
2025-04-25,2025-09-25,25000,PE,880.0,1155.0,878.7,1074.35,1074.35,1333,448275,20100,24039.35
2025-04-25,2025-12-24,18000,PE,71.5,83.0,71.0,77.95,77.95,221,93875,4475,24039.35
2025-04-25,2025-12-24,25000,PE,944.85,1160.05,920.0,1080.05,1080.05,1846,573025,-5025,24039.35
2025-04-25,2025-04-30,21550,CE,0.0,0.0,0.0,2629.3,2508.4,0,600,0,24039.35
2025-04-25,2025-04-30,21000,CE,3165.0,3165.0,2950.0,3007.9,3007.9,17,5100,750,24039.35
2025-04-25,2025-04-30,20700,CE,0.0,0.0,0.0,3180.25,3357.65,0,75,0,24039.35
2025-04-25,2025-04-30,20450,CE,0.0,0.0,0.0,2908.2,3607.45,0,0,0,24039.35
2025-04-25,2029-12-27,28000,PE,0.0,0.0,0.0,1411.3,1741.05,0,0,0,24039.35
2025-04-25,2029-12-27,27000,PE,0.0,0.0,0.0,1177.9,1465.95,0,0,0,24039.35
2025-04-25,2029-12-27,26000,PE,0.0,0.0,0.0,969.6,1217.55,0,0,0,24039.35
2025-04-25,2029-12-27,24000,PE,0.0,0.0,0.0,625.5,801.7,0,0,0,24039.35
2025-04-25,2029-06-28,26000,PE,0.0,0.0,0.0,1391.75,1291.2,0,25,0,24039.35
2025-04-25,2028-12-28,23000,PE,0.0,0.0,0.0,800.0,677.95,0,2925,0,24039.35
2025-04-25,2027-06-24,26000,PE,0.0,0.0,0.0,6202.2,1609.35,0,0,0,24039.35
2025-04-25,2026-12-31,22000,PE,500.0,551.05,500.0,533.0,464.35,10,6025,450,24039.35
2025-04-25,2026-12-31,19000,PE,0.0,0.0,0.0,361.0,107.5,0,1725,0,24039.35
2025-04-25,2026-12-31,17000,PE,0.0,0.0,0.0,97.05,28.1,0,2850,0,24039.35
2025-04-25,2026-03-26,17000,PE,0.0,0.0,0.0,5.5,6.2,0,0,0,24039.35
2025-04-25,2025-04-30,23450,CE,917.65,925.55,488.5,618.35,618.35,1083,20400,2550,24039.35
2025-04-25,2025-04-30,24850,CE,26.5,32.4,8.05,10.35,10.35,417578,1543725,1141050,24039.35
2025-04-25,2025-04-30,24950,CE,23.0,23.0,6.0,7.2,7.2,313188,1164975,684375,24039.35
2025-04-25,2025-04-30,25000,CE,18.9,18.9,5.05,6.15,6.15,1202507,10452750,4601175,24039.35
2025-04-25,2025-05-08,20650,CE,0.0,0.0,0.0,2741.85,3436.75,0,0,0,24039.35
2025-04-25,2025-05-08,20700,CE,0.0,0.0,0.0,2692.5,3386.85,0,0,0,24039.35
2025-04-25,2025-05-08,20800,CE,0.0,0.0,0.0,2593.95,3287.1,0,0,0,24039.35
2025-04-25,2025-05-08,21600,CE,2525.65,2525.65,2445.7,2485.7,2485.7,2,375,0,24039.35
2025-04-25,2025-05-08,21900,CE,2230.15,2230.15,2154.15,2192.15,2192.15,2,600,0,24039.35
2025-04-25,2025-05-08,23750,CE,739.15,739.15,376.55,482.05,482.05,1007,9075,6600,24039.35
2025-04-25,2025-05-08,23800,CE,691.0,701.05,345.0,450.7,450.7,5797,252900,15450,24039.35
2025-04-25,2025-05-08,24850,CE,98.95,103.95,36.0,46.5,46.5,7590,54225,28350,24039.35
2025-04-25,2025-05-08,25100,CE,53.0,57.7,21.0,26.15,26.15,22266,238875,136950,24039.35
2025-04-25,2025-05-08,25150,CE,48.65,49.5,19.55,23.8,23.8,3717,33000,22800,24039.35
2025-04-25,2025-05-08,25450,CE,22.3,22.4,10.35,11.95,11.95,2443,27225,17700,24039.35
2025-04-25,2025-05-15,20650,CE,3466.6,3466.6,3466.6,3466.6,3466.6,1,75,75,24039.35
2025-04-25,2025-05-15,20900,CE,3163.7,3163.7,3163.7,3163.7,3163.7,1,75,75,24039.35
2025-04-25,2025-05-15,21050,CE,3015.7,3015.7,3015.7,3015.7,3015.7,1,75,75,24039.35
2025-04-25,2025-05-15,21250,CE,2820.5,2820.5,2819.0,2819.75,2819.75,2,150,150,24039.35
2025-04-25,2025-05-15,21700,CE,2449.0,2449.0,2449.0,2449.0,2417.0,1,75,75,24039.35
2025-04-25,2025-05-15,22650,CE,1562.85,1562.85,1562.85,1562.85,1491.55,1,75,75,24039.35
2025-04-25,2025-05-15,24350,CE,381.0,393.2,181.1,232.05,232.05,452,6825,-1350,24039.35
2025-04-25,2025-05-15,24500,CE,304.95,308.6,138.4,181.4,181.4,5800,90450,30975,24039.35
2025-04-25,2025-05-15,26000,CE,20.0,20.0,8.5,10.65,10.65,2101,41625,26775,24039.35
2025-04-25,2025-05-22,22100,CE,0.0,0.0,0.0,1906.95,2055.6,0,0,0,24039.35
2025-04-25,2025-05-22,23900,CE,549.85,562.5,469.65,483.2,578.4,9,525,525,24039.35
2025-04-25,2025-05-22,24000,CE,683.9,688.85,393.05,473.15,473.15,621,10500,7725,24039.35
2025-04-25,2025-05-22,24250,CE,0.0,0.0,0.0,362.55,397.45,0,0,0,24039.35
2025-04-25,2025-05-22,24500,CE,371.95,374.0,191.6,241.0,241.0,650,19875,11550,24039.35
2025-04-25,2025-05-22,25600,CE,59.45,59.45,24.25,31.35,31.35,53,6150,1650,24039.35
2025-04-25,2025-05-22,25800,CE,37.65,38.0,23.5,23.5,23.5,71,1425,1350,24039.35
2025-04-25,2025-05-29,20800,CE,3435.85,3435.85,3435.85,3435.85,3370.15,1,2100,75,24039.35
2025-04-25,2025-05-29,21400,CE,3055.5,3055.5,2849.05,2849.05,2776.85,3,3450,75,24039.35
2025-04-25,2025-05-29,21550,CE,2708.5,2708.5,2708.5,2708.5,2629.5,1,1350,75,24039.35
2025-04-25,2025-05-29,22300,CE,2065.2,2065.2,1763.35,1957.4,1908.8,17,43500,-225,24039.35
2025-04-25,2025-05-29,24400,CE,489.15,500.7,265.3,328.85,328.85,20023,501300,75900,24039.35
2025-04-25,2025-05-29,25500,CE,84.95,88.1,38.95,50.95,50.95,51610,1505400,175650,24039.35
2025-04-25,2025-06-26,18000,CE,6392.9,6392.9,5995.0,6141.0,6141.0,96,97900,0,24039.35
2025-04-25,2025-06-26,20000,CE,4500.0,4515.7,4047.75,4174.85,4174.85,561,508125,10350,24039.35
2025-04-25,2025-06-26,21000,CE,3565.0,3565.0,3120.0,3270.75,3270.75,341,335550,6825,24039.35
2025-04-25,2025-06-26,21700,CE,2543.15,2665.65,2543.15,2665.65,2665.65,3,300,-75,24039.35
2025-04-25,2025-06-26,21850,CE,2560.25,2560.25,2560.25,2560.25,2482.0,1,750,75,24039.35
2025-04-25,2025-06-26,22550,CE,1780.6,1928.5,1780.6,1928.5,1862.4,2,225,0,24039.35
2025-04-25,2025-06-26,22650,CE,1821.8,1821.8,1821.8,1821.8,1778.95,1,600,75,24039.35
2025-04-25,2025-06-26,22700,CE,1790.6,1790.6,1790.15,1790.15,1737.8,2,1875,150,24039.35
2025-04-25,2025-06-26,23150,CE,1418.55,1418.55,1418.55,1418.55,1386.5,1,525,75,24039.35
2025-04-25,2025-06-26,24100,CE,895.0,902.6,609.95,699.95,699.95,761,29775,21825,24039.35
2025-04-25,2025-06-26,24650,CE,557.15,557.15,354.55,421.05,421.05,244,4725,1725,24039.35
2025-04-25,2025-06-26,24700,CE,510.0,535.2,333.05,391.65,391.65,1283,50175,5625,24039.35
2025-04-25,2025-06-26,25650,CE,0.0,0.0,0.0,219.95,221.55,0,0,0,24039.35
2025-04-25,2025-06-26,25900,CE,0.0,0.0,0.0,176.7,173.9,0,0,0,24039.35
2025-04-25,2025-07-31,23650,CE,0.0,0.0,0.0,1443.0,1291.6,0,0,0,24039.35
2025-04-25,2025-07-31,24800,CE,0.0,0.0,0.0,801.55,693.75,0,0,0,24039.35
2025-04-25,2025-07-31,24900,CE,0.0,0.0,0.0,757.05,653.1,0,0,0,24039.35
2025-04-25,2025-07-31,25450,CE,0.0,0.0,0.0,543.1,460.05,0,0,0,24039.35
2025-04-25,2025-09-25,25000,CE,796.55,844.15,628.25,691.45,691.45,2763,560925,18225,24039.35
2025-04-25,2026-03-26,24000,CE,0.0,0.0,0.0,2170.1,2362.5,0,0,0,24039.35
2025-04-25,2026-03-26,28000,CE,0.0,0.0,0.0,634.25,737.25,0,0,0,24039.35
2025-04-25,2026-06-25,12000,CE,0.0,0.0,0.0,8690.0,12947.15,0,50,0,24039.35
2025-04-25,2026-06-25,26000,CE,1140.5,1145.0,1099.0,1099.0,1758.65,3,2050,-75,24039.35
2025-04-25,2026-06-25,27000,CE,0.0,0.0,0.0,1352.8,1367.4,0,0,0,24039.35
2025-04-25,2026-12-31,23000,CE,0.0,0.0,0.0,3890.0,4188.0,0,4950,0,24039.35
2025-04-25,2027-06-24,17000,CE,0.0,0.0,0.0,4464.7,9389.8,0,0,0,24039.35
2025-04-25,2027-12-30,24000,CE,0.0,0.0,0.0,3778.95,4942.65,0,0,0,24039.35
2025-04-25,2028-06-29,20000,CE,0.0,0.0,0.0,5724.65,8159.8,0,0,0,24039.35
2025-04-25,2028-06-29,23000,CE,0.0,0.0,0.0,4323.1,6171.65,0,0,0,24039.35
2025-04-25,2029-06-28,20000,CE,0.0,0.0,0.0,10410.0,9220.9,0,0,0,24039.35
2025-04-25,2025-04-30,21650,PE,2.7,6.95,1.55,5.4,5.4,53798,92550,54675,24039.35
2025-04-25,2025-04-30,22950,PE,12.1,29.35,6.85,19.55,19.55,144418,308775,159075,24039.35
2025-04-25,2025-04-30,23050,PE,11.95,35.0,8.55,22.95,22.95,169284,351600,236175,24039.35
2025-04-25,2025-04-30,23300,PE,17.95,53.0,13.6,33.35,33.35,522161,2077350,956625,24039.35
2025-04-25,2025-04-30,23750,PE,48.4,143.7,33.25,80.7,80.7,697571,1078050,537375,24039.35
2025-04-25,2025-04-30,25850,PE,0.0,0.0,0.0,1495.3,1787.85,0,600,0,24039.35
2025-04-25,2025-05-08,21250,PE,9.05,11.5,7.65,10.35,10.35,349,1500,-450,24039.35
2025-04-25,2025-05-08,21650,PE,13.25,14.5,9.45,13.7,13.7,423,3300,1800,24039.35
2025-04-25,2025-05-08,21900,PE,13.6,20.5,10.95,16.95,16.95,3619,60300,35925,24039.35
2025-04-25,2025-05-08,22800,PE,30.45,57.5,25.9,48.7,48.7,11659,195675,86475,24039.35
2025-04-25,2025-05-08,25050,PE,976.95,976.95,976.95,976.95,996.1,1,675,75,24039.35
2025-04-25,2025-05-08,25100,PE,977.35,977.5,977.35,977.5,1040.8,2,675,150,24039.35
2025-04-25,2025-05-08,25300,PE,1187.0,1197.0,1187.0,1193.0,1193.0,3,1125,225,24039.35
2025-04-25,2025-05-08,26050,PE,1953.75,1955.45,1953.75,1954.6,1954.6,5,375,375,24039.35
2025-04-25,2025-05-15,20800,PE,15.9,15.9,12.15,12.85,12.85,6,825,75,24039.35
2025-04-25,2025-05-15,21200,PE,16.55,16.55,12.3,12.3,0.15,7,1425,150,24039.35
2025-04-25,2025-05-15,22150,PE,0.0,0.0,0.0,84.95,5.2,0,450,0,24039.35
2025-04-25,2025-05-15,23750,PE,153.9,286.15,143.9,239.5,239.5,235,5775,4050,24039.35
2025-04-25,2025-05-15,23800,PE,169.95,315.95,153.0,255.8,255.8,3313,52350,15000,24039.35
2025-04-25,2025-05-15,25000,PE,796.0,1047.0,796.0,1047.0,970.75,32,750,-525,24039.35
2025-04-25,2025-05-15,25650,PE,1508.3,1508.3,1508.3,1508.3,1546.4,1,75,75,24039.35
2025-04-25,2025-05-22,22350,PE,0.0,0.0,0.0,40.95,20.5,0,0,0,24039.35
2025-04-25,2025-05-22,22700,PE,0.0,0.0,0.0,79.0,44.65,0,0,0,24039.35
2025-04-25,2025-05-22,22800,PE,0.0,0.0,0.0,93.9,54.75,0,0,0,24039.35
2025-04-25,2025-05-22,24000,PE,280.15,449.15,240.0,373.4,373.4,1187,23400,10875,24039.35
2025-04-25,2025-05-22,24050,PE,326.7,409.85,326.7,400.0,400.0,14,375,375,24039.35
2025-04-25,2025-05-22,25500,PE,0.0,0.0,0.0,1564.4,1406.85,0,0,0,24039.35
2025-04-25,2025-05-29,20500,PE,18.8,25.0,16.9,23.35,23.35,14936,2586825,48525,24039.35
2025-04-25,2025-05-29,21350,PE,0.0,0.0,0.0,31.95,3.1,0,3000,0,24039.35
2025-04-25,2025-05-29,21400,PE,19.5,45.75,19.5,42.1,42.1,4681,173325,21525,24039.35
2025-04-25,2025-05-29,22050,PE,53.0,80.35,53.0,72.85,72.85,589,13425,3450,24039.35
2025-04-25,2025-05-29,22200,PE,59.25,90.0,48.35,79.45,79.45,7426,342600,37425,24039.35
2025-04-25,2025-05-29,24950,PE,762.0,1010.0,762.0,928.3,928.3,24,2925,1200,24039.35
2025-04-25,2025-05-29,25600,PE,1229.85,1544.75,1229.85,1440.8,1489.75,7,79875,0,24039.35
2025-04-25,2025-05-29,26100,PE,1810.0,1810.0,1810.0,1810.0,1938.35,1,75,75,24039.35
2025-04-25,2025-06-26,20400,PE,22.05,22.05,22.05,22.05,3.0,1,825,75,24039.35
2025-04-25,2025-06-26,21850,PE,0.0,0.0,0.0,159.95,43.9,0,1800,0,24039.35
2025-04-25,2025-06-26,22450,PE,0.0,0.0,0.0,179.25,102.35,0,2025,0,24039.35
2025-04-25,2025-06-26,22800,PE,167.0,251.9,160.05,225.35,225.35,754,81825,5925,24039.35
2025-04-25,2025-06-26,23100,PE,200.05,303.45,200.0,280.85,280.85,294,10050,3000,24039.35
2025-04-25,2025-06-26,24600,PE,586.05,870.0,586.0,762.4,762.4,258,8700,4350,24039.35
2025-04-25,2025-06-26,25200,PE,898.05,1277.0,898.05,1116.9,1116.9,16,825,75,24039.35
2025-04-25,2025-06-26,26100,PE,1829.6,1829.6,1829.6,1829.6,1905.65,1,75,75,24039.35
2025-04-25,2025-07-31,23000,PE,250.0,365.55,250.0,333.85,333.85,986,29850,29850,24039.35
2025-04-25,2025-07-31,23700,PE,519.2,534.65,519.2,534.65,500.5,5,225,225,24039.35
2025-04-25,2025-07-31,23850,PE,600.0,600.0,600.0,600.0,557.5,1,75,75,24039.35
2025-04-25,2025-07-31,24150,PE,0.0,0.0,0.0,603.9,683.85,0,0,0,24039.35
2025-04-25,2025-07-31,24350,PE,0.0,0.0,0.0,689.6,777.3,0,0,0,24039.35
2025-04-25,2025-07-31,24750,PE,0.0,0.0,0.0,882.65,986.0,0,0,0,24039.35
2025-04-25,2025-07-31,25200,PE,0.0,0.0,0.0,1134.0,1254.9,0,0,0,24039.35
2025-04-25,2025-07-31,25500,PE,1175.0,1400.0,1175.0,1297.0,1452.9,10,300,300,24039.35
2025-04-25,2025-07-31,25850,PE,0.0,0.0,0.0,1556.9,1702.4,0,0,0,24039.35
2025-04-25,2025-12-24,17000,PE,21.6,21.6,21.6,21.6,1.95,1,27625,0,24039.35
2025-04-25,2025-12-24,22000,PE,286.05,355.0,278.1,337.35,337.35,3182,1223275,8950,24039.35
2025-04-25,2026-03-26,24000,PE,0.0,0.0,0.0,895.25,883.5,0,0,0,24039.35
2025-04-25,2026-06-25,23000,PE,557.95,613.95,557.95,613.0,622.65,17,7875,600,24039.35
2025-04-25,2026-06-25,27000,PE,0.0,0.0,0.0,6810.7,2285.5,0,0,0,24039.35
2025-04-25,2026-06-25,28000,PE,0.0,0.0,0.0,6532.55,2889.7,0,0,0,24039.35
2025-04-25,2027-06-24,23000,PE,0.0,0.0,0.0,4514.3,700.6,0,0,0,24039.35
2025-04-25,2027-06-24,25000,PE,0.0,0.0,0.0,5619.05,1253.55,0,0,0,24039.35
2025-04-25,2027-06-24,27000,PE,0.0,0.0,0.0,6273.45,2017.5,0,0,0,24039.35
2025-04-25,2027-12-30,17000,PE,0.0,0.0,0.0,110.0,57.05,0,14200,0,24039.35
2025-04-25,2028-06-29,24000,PE,0.0,0.0,0.0,1692.75,907.4,0,0,0,24039.35
2025-04-25,2029-12-27,23000,PE,0.0,0.0,0.0,800.0,633.5,0,1875,0,24039.35
2025-04-25,2025-04-30,24200,CE,246.0,297.55,64.25,101.7,101.7,2167662,4979175,2560875,24039.35
2025-04-25,2025-04-30,20850,CE,0.0,0.0,0.0,2515.6,3207.8,0,0,0,24039.35
2025-04-25,2025-04-30,21050,CE,0.0,0.0,0.0,2825.4,3007.95,0,75,0,24039.35
2025-04-25,2025-04-30,21350,CE,0.0,0.0,0.0,2823.45,2708.25,0,300,0,24039.35
2025-04-25,2025-04-30,21400,CE,0.0,0.0,0.0,2950.0,2658.25,0,675,0,24039.35
2025-04-25,2025-04-30,22500,CE,1850.0,1874.0,1385.6,1559.55,1559.55,414,162750,-525,24039.35
2025-04-25,2025-04-30,22750,CE,1275.0,1422.7,1150.0,1335.55,1309.8,36,9000,-975,24039.35
2025-04-25,2025-07-31,23700,CE,0.0,0.0,0.0,1410.2,1260.6,0,0,0,24039.35
2025-04-25,2025-07-31,23750,CE,0.0,0.0,0.0,1377.9,1230.05,0,0,0,24039.35
2025-04-25,2025-07-31,24600,CE,0.0,0.0,0.0,896.0,780.35,0,0,0,24039.35
2025-04-25,2025-07-31,25250,CE,0.0,0.0,0.0,614.95,524.45,0,0,0,24039.35
2025-04-25,2025-07-31,25350,CE,0.0,0.0,0.0,578.2,491.45,0,0,0,24039.35
2025-04-25,2025-07-31,25650,CE,0.0,0.0,0.0,477.75,401.85,0,0,0,24039.35
2025-04-25,2025-07-31,25850,CE,0.0,0.0,0.0,418.55,350.65,0,0,0,24039.35
2025-04-25,2025-12-24,16000,CE,0.0,0.0,0.0,7200.0,8741.85,0,50,0,24039.35
2025-04-25,2025-12-24,21000,CE,3849.95,3981.4,3776.05,3955.95,3955.95,18,114350,-75,24039.35
2025-04-25,2025-12-24,22000,CE,3350.0,3360.9,2968.95,3088.75,3088.75,197,286975,-5350,24039.35
2025-04-25,2025-12-24,31000,CE,40.0,43.0,37.05,39.95,39.95,117,78325,900,24039.35
2025-04-25,2026-06-25,17000,CE,0.0,0.0,0.0,4348.25,8337.75,0,0,0,24039.35
2025-04-25,2026-12-31,26000,CE,0.0,0.0,0.0,2000.0,2513.4,0,3225,0,24039.35
2025-04-25,2027-06-24,23000,CE,0.0,0.0,0.0,2530.05,4861.9,0,0,0,24039.35
2025-04-25,2027-06-24,26000,CE,0.0,0.0,0.0,1900.85,3177.9,0,0,0,24039.35
2025-04-25,2028-06-29,26000,CE,0.0,0.0,0.0,3200.9,4502.2,0,0,0,24039.35
2025-04-25,2028-12-28,19000,CE,0.0,0.0,0.0,8739.0,9398.0,0,0,0,24039.35
2025-04-25,2028-12-28,26000,CE,0.0,0.0,0.0,4879.7,5117.6,0,0,0,24039.35
2025-04-25,2029-06-28,17000,CE,0.0,0.0,0.0,12333.1,11295.7,0,0,0,24039.35
2025-04-25,2029-06-28,26000,CE,0.0,0.0,0.0,7052.2,5711.65,0,0,0,24039.35
2025-04-25,2025-04-30,20600,PE,1.6,3.5,1.25,2.7,2.7,70180,174900,116100,24039.35
2025-04-25,2025-04-30,20850,PE,1.85,4.05,1.0,3.05,3.05,33177,39000,29625,24039.35
2025-04-25,2025-04-30,21050,PE,2.0,5.05,1.2,3.55,3.55,44389,55950,40425,24039.35
2025-04-25,2025-04-30,21200,PE,2.3,5.0,1.35,3.95,3.95,71973,264675,101025,24039.35
2025-04-25,2025-04-30,21300,PE,2.35,5.35,1.45,4.3,4.3,60277,203100,88650,24039.35
2025-04-25,2025-04-30,21550,PE,2.25,6.05,1.9,5.0,5.0,49512,83100,62625,24039.35
2025-04-25,2025-04-30,21900,PE,1.85,7.7,1.85,6.55,6.55,135130,565050,224250,24039.35
2025-04-25,2025-04-30,22250,PE,4.55,10.5,2.45,8.35,8.35,124679,212325,127575,24039.35
2025-04-25,2025-04-30,23350,PE,10.0,59.0,10.0,36.25,36.25,301071,461850,319725,24039.35
2025-04-25,2025-04-30,23650,PE,35.0,112.7,26.75,64.6,64.6,550858,890400,440100,24039.35
2025-04-25,2025-04-30,24800,PE,508.0,942.25,453.05,773.7,773.7,7363,82425,-28275,24039.35
2025-04-25,2025-04-30,24950,PE,639.1,1007.45,639.1,933.75,933.75,51,1350,450,24039.35
2025-04-25,2025-04-30,25350,PE,0.0,0.0,0.0,1007.95,1288.95,0,825,0,24039.35
2025-04-25,2025-04-30,25550,PE,0.0,0.0,0.0,1189.45,1488.3,0,750,0,24039.35
2025-04-25,2025-05-08,20500,PE,5.7,8.05,4.0,7.3,7.3,6561,189300,106425,24039.35
2025-04-25,2025-05-08,21200,PE,8.9,12.5,7.35,10.65,10.65,708,14700,9675,24039.35
2025-04-25,2025-05-08,21350,PE,0.0,0.0,0.0,12.95,0.05,0,0,0,24039.35
2025-04-25,2025-05-08,21850,PE,12.9,19.6,11.2,15.4,15.4,869,6975,4500,24039.35
2025-04-25,2025-05-08,23300,PE,54.55,118.25,48.75,93.0,93.0,18332,175575,27000,24039.35
2025-04-25,2025-05-08,25400,PE,1318.15,1321.0,1318.15,1319.95,1319.95,3,1125,225,24039.35
2025-04-25,2025-05-08,25850,PE,1755.9,1758.35,1755.9,1757.2,1757.2,5,375,375,24039.35
2025-04-25,2025-05-15,20650,PE,9.85,13.6,9.7,11.65,11.65,376,28875,8325,24039.35
2025-04-25,2025-05-15,21000,PE,11.0,25.95,11.0,16.85,16.85,526,32700,9150,24039.35
2025-04-25,2025-05-15,22000,PE,21.0,39.9,21.0,35.55,35.55,3072,97650,42900,24039.35
2025-04-25,2025-05-15,22100,PE,0.0,0.0,0.0,267.0,4.45,0,0,0,24039.35
2025-04-25,2025-05-15,22350,PE,0.0,0.0,0.0,54.2,9.65,0,1125,0,24039.35
2025-04-25,2025-05-15,22750,PE,56.95,81.2,56.95,80.15,80.15,27,1050,-825,24039.35
2025-04-25,2025-05-15,23250,PE,94.0,153.05,94.0,137.4,137.4,45,3825,2175,24039.35
2025-04-25,2025-05-15,23850,PE,182.2,329.05,167.35,269.8,269.8,339,9825,7875,24039.35
2025-04-25,2025-05-15,24300,PE,340.0,575.0,284.5,455.3,455.3,3123,17550,-2325,24039.35
2025-04-25,2025-05-15,25150,PE,1016.8,1016.8,1016.8,1016.8,1096.2,1,75,75,24039.35
2025-04-25,2025-05-15,25750,PE,1621.95,1621.95,1621.95,1621.95,1640.7,1,75,75,24039.35
2025-04-25,2025-05-15,25900,PE,1767.4,1767.4,1767.4,1767.4,1783.9,1,75,75,24039.35
2025-04-25,2025-05-22,22300,PE,0.0,0.0,0.0,37.0,18.2,0,0,0,24039.35
2025-04-25,2025-05-22,22900,PE,100.0,100.0,100.0,100.0,100.0,1,75,75,24039.35
2025-04-25,2025-05-22,23050,PE,0.0,0.0,0.0,140.75,88.2,0,0,0,24039.35
2025-04-25,2025-05-22,24200,PE,316.05,499.6,293.65,458.1,458.1,137,2775,1200,24039.35
2025-04-25,2025-05-22,24250,PE,340.0,481.65,340.0,481.65,492.7,6,150,150,24039.35
2025-04-25,2025-05-22,24500,PE,0.0,0.0,0.0,774.4,638.7,0,0,0,24039.35
2025-04-25,2025-05-22,24650,PE,0.0,0.0,0.0,877.65,736.4,0,0,0,24039.35
2025-04-25,2025-05-22,25100,PE,0.0,0.0,0.0,1222.6,1069.8,0,0,0,24039.35
2025-04-25,2025-05-22,25250,PE,0.0,0.0,0.0,1347.5,1192.4,0,0,0,24039.35
2025-04-25,2025-05-22,25300,PE,0.0,0.0,0.0,1390.05,1234.3,0,0,0,24039.35
2025-04-25,2025-05-22,25400,PE,0.0,0.0,0.0,1476.45,1319.65,0,0,0,24039.35
2025-04-25,2025-05-22,25800,PE,0.0,0.0,0.0,1836.4,1677.5,0,0,0,24039.35
2025-04-25,2025-05-22,26100,PE,0.0,0.0,0.0,2117.75,1958.75,0,0,0,24039.35
2025-04-25,2025-05-29,21650,PE,40.75,55.15,40.75,51.75,51.75,203,8400,-900,24039.35
2025-04-25,2025-05-29,22250,PE,53.55,91.7,53.55,83.65,83.65,496,10500,5100,24039.35
2025-04-25,2025-05-29,22400,PE,62.0,107.95,57.95,96.6,96.6,8766,361050,213825,24039.35
2025-04-25,2025-05-29,22800,PE,102.0,155.0,84.25,134.6,134.6,11129,402300,43650,24039.35
2025-04-25,2025-05-29,23800,PE,250.0,398.5,222.0,340.45,340.45,21110,903975,217350,24039.35
2025-04-25,2025-05-29,24650,PE,527.0,807.5,523.75,738.6,738.6,155,5925,225,24039.35
2025-04-25,2025-05-29,25000,PE,762.0,1118.0,702.0,973.75,973.75,8355,1095825,-12375,24039.35
2025-04-25,2025-05-29,25100,PE,796.95,1160.0,782.45,1072.55,1072.55,233,12150,-2025,24039.35
2025-04-25,2025-05-29,25150,PE,1052.3,1052.3,1052.3,1052.3,1119.75,1,375,75,24039.35
2025-04-25,2025-05-29,26000,PE,1550.0,2020.0,1540.5,1875.8,1875.8,605,124800,27000,24039.35
2025-04-25,2025-06-26,22000,PE,105.45,146.1,93.4,135.5,135.5,14910,2119025,66400,24039.35
2025-04-25,2025-06-26,22650,PE,200.0,210.0,185.75,209.1,209.1,40,2400,750,24039.35
2025-04-25,2025-06-26,22750,PE,0.0,0.0,0.0,167.35,148.75,0,1425,0,24039.35
2025-04-25,2025-06-26,23000,PE,200.0,292.0,186.05,261.25,261.25,19040,2622650,261425,24039.35
2025-04-25,2025-06-26,24300,PE,525.0,711.0,473.5,618.6,618.6,872,35250,8025,24039.35
2025-04-25,2025-06-26,24500,PE,564.75,824.95,543.65,721.55,721.55,6792,434250,-225,24039.35
2025-04-25,2025-06-26,24650,PE,618.05,896.55,613.15,808.85,853.05,69,3225,1500,24039.35
2025-04-25,2025-06-26,24900,PE,727.95,1005.0,726.1,969.0,969.0,27,825,750,24039.35
2025-04-25,2025-06-26,25400,PE,1029.05,1270.0,1029.05,1270.0,1350.35,3,525,0,24039.35
2025-04-25,2025-06-26,29000,PE,4338.05,4823.85,4311.2,4702.0,4702.0,481,243975,-8250,24039.35
2025-04-25,2025-07-31,22600,PE,230.0,280.0,225.0,249.3,199.45,117,8400,8400,24039.35
2025-04-25,2025-07-31,22850,PE,0.0,0.0,0.0,214.85,251.25,0,0,0,24039.35
2025-04-25,2025-07-31,22900,PE,325.0,332.1,320.0,332.1,332.1,33,1950,1950,24039.35
2025-04-25,2025-07-31,23500,PE,358.7,495.45,357.8,448.65,448.65,195,7875,7875,24039.35
2025-04-25,2025-07-31,23650,PE,0.0,0.0,0.0,420.9,482.4,0,0,0,24039.35
2025-04-25,2025-07-31,23800,PE,0.0,0.0,0.0,471.2,538.05,0,0,0,24039.35
2025-04-25,2025-07-31,24850,PE,0.0,0.0,0.0,935.4,1042.7,0,0,0,24039.35
2025-04-25,2025-12-24,26000,PE,1355.8,1675.0,1350.0,1564.05,1564.05,1024,363925,-200,24039.35
2025-04-25,2025-12-24,27000,PE,1980.0,2340.0,1966.05,2218.5,2218.5,92,256775,150,24039.35
2025-04-25,2026-03-26,28000,PE,0.0,0.0,0.0,3078.95,3018.3,0,0,0,24039.35
2025-04-25,2026-12-31,12000,PE,0.0,0.0,0.0,20.05,0.1,0,1100,0,24039.35
2025-04-25,2026-12-31,15000,PE,0.0,0.0,0.0,25.05,4.85,0,1400,0,24039.35
2025-04-25,2027-06-24,18000,PE,0.0,0.0,0.0,48.55,79.35,0,25,0,24039.35
2025-04-25,2027-06-24,22000,PE,0.0,0.0,0.0,3995.4,497.2,0,0,0,24039.35
2025-04-25,2027-12-30,24000,PE,0.0,0.0,0.0,860.05,934.15,0,825,0,24039.35
2025-04-25,2028-06-29,27000,PE,0.0,0.0,0.0,2752.35,1774.3,0,0,0,24039.35
2025-04-25,2028-12-28,27000,PE,0.0,0.0,0.0,1413.85,1664.9,0,0,0,24039.35
2025-04-25,2029-06-28,20000,PE,0.0,0.0,0.0,236.95,273.0,0,0,0,24039.35
2025-04-25,2029-06-28,21000,PE,0.0,0.0,0.0,320.25,376.1,0,0,0,24039.35
2025-04-25,2029-06-28,24000,PE,0.0,0.0,0.0,694.05,839.6,0,25,0,24039.35
2025-04-25,2029-12-27,18000,PE,0.0,0.0,0.0,96.5,134.4,0,0,0,24039.35
2025-04-25,2029-12-27,21000,PE,0.0,0.0,0.0,278.8,370.6,0,0,0,24039.35
2025-04-25,2025-06-26,24950,CE,326.65,326.65,326.65,326.65,411.5,1,4275,0,24039.35
2025-04-25,2025-06-26,24450,CE,660.0,660.0,435.9,527.1,527.1,45,4800,900,24039.35
2025-04-25,2025-06-26,23700,CE,1178.05,1181.65,848.55,958.5,958.5,102,24150,2475,24039.35
2025-04-25,2025-04-30,20700,PE,1.5,5.95,1.05,2.8,2.8,56662,137550,52950,24039.35
2025-04-25,2025-04-30,20500,PE,1.55,3.0,1.15,2.55,2.55,185952,1674300,697875,24039.35
2025-04-25,2029-12-27,29000,CE,0.0,0.0,0.0,5305.8,4924.65,0,0,0,24039.35
2025-04-25,2029-06-28,27000,CE,0.0,0.0,0.0,6570.4,5227.7,0,0,0,24039.35
2025-04-25,2028-12-28,21000,CE,0.0,0.0,0.0,7512.5,8029.45,0,0,0,24039.35
2025-04-25,2028-06-29,22000,CE,0.0,0.0,0.0,4759.5,6801.85,0,0,0,24039.35
2025-04-25,2027-12-30,22000,CE,0.0,0.0,0.0,4499.55,6191.35,0,0,0,24039.35
2025-04-25,2027-12-30,18000,CE,0.0,0.0,0.0,6285.7,9114.6,0,0,0,24039.35
2025-04-25,2027-06-24,29000,CE,0.0,0.0,0.0,1545.2,1960.6,0,0,0,24039.35
2025-04-25,2026-12-31,25000,CE,2515.0,2559.95,2449.95,2500.0,3008.6,15,13400,0,24039.35
2025-04-25,2026-12-31,20000,CE,0.0,0.0,0.0,3704.3,6372.75,0,0,0,24039.35
2025-04-25,2026-06-25,25000,CE,0.0,0.0,0.0,1510.4,2226.8,0,0,0,24039.35
2025-04-25,2026-03-26,27000,CE,0.0,0.0,0.0,891.9,1018.55,0,0,0,24039.35
2025-04-25,2026-03-26,19000,CE,0.0,0.0,0.0,5966.85,6224.05,0,0,0,24039.35
2025-04-25,2026-03-26,17000,CE,0.0,0.0,0.0,7789.5,8065.3,0,0,0,24039.35
2025-04-25,2025-09-25,17000,CE,0.0,0.0,0.0,10410.55,7513.15,0,0,0,24039.35
2025-04-25,2025-07-31,25800,CE,0.0,0.0,0.0,432.8,362.1,0,0,0,24039.35
2025-04-25,2025-07-31,25700,CE,0.0,0.0,0.0,462.4,388.25,0,0,0,24039.35
2025-04-25,2025-07-31,25600,CE,0.0,0.0,0.0,493.5,415.85,0,0,0,24039.35
2025-04-25,2025-07-31,25100,CE,0.0,0.0,0.0,673.25,577.05,0,0,0,24039.35
2025-04-25,2025-07-31,24150,CE,0.0,0.0,0.0,1135.0,1001.95,0,0,0,24039.35
2025-04-25,2025-07-31,22650,CE,0.0,0.0,0.0,2182.0,2000.55,0,0,0,24039.35
2025-04-25,2025-07-31,22550,CE,0.0,0.0,0.0,2263.6,2079.8,0,0,0,24039.35
2025-04-25,2025-06-26,24750,CE,504.45,504.45,344.65,415.9,483.65,48,2100,750,24039.35
2025-04-25,2025-06-26,23750,CE,977.9,977.9,977.9,977.9,980.0,1,975,75,24039.35
2025-04-25,2025-06-26,23200,CE,1537.05,1537.05,1272.7,1365.0,1350.65,16,5100,0,24039.35
2025-04-25,2025-06-26,22400,CE,2001.0,2001.0,2001.0,2001.0,1990.25,1,1950,-75,24039.35
2025-04-25,2025-06-26,20550,CE,3781.5,3781.5,3781.5,3781.5,3727.45,1,375,75,24039.35
2025-04-25,2025-05-29,25250,CE,134.0,134.0,62.45,79.5,79.5,986,31350,12225,24039.35
2025-04-25,2025-05-29,25150,CE,154.65,159.7,75.3,97.35,97.35,1397,39450,16950,24039.35
2025-04-25,2025-05-29,24100,CE,690.0,690.0,400.0,488.4,488.4,23923,584925,285300,24039.35
2025-04-25,2025-05-29,23400,CE,1233.05,1233.05,832.55,970.05,970.05,447,210300,4275,24039.35
2025-04-25,2025-05-29,22450,CE,1853.7,1853.7,1853.7,1853.7,1770.15,1,4050,75,24039.35
2025-04-25,2025-05-29,22200,CE,2300.0,2300.0,1905.0,1960.5,1960.5,27,33975,825,24039.35
2025-04-25,2025-05-29,21850,CE,2422.6,2422.6,2422.6,2422.6,2337.2,1,2400,75,24039.35
2025-04-25,2025-05-29,21650,CE,2615.3,2615.3,2615.3,2615.3,2531.7,1,1950,75,24039.35
2025-04-25,2025-05-29,21450,CE,2804.4,2804.4,2804.4,2804.4,2727.65,1,1425,75,24039.35
2025-04-25,2025-05-29,21100,CE,3092.95,3092.95,3092.95,3092.95,3072.95,1,3000,75,24039.35
2025-04-25,2025-05-29,21000,CE,3472.25,3472.25,2979.7,3130.0,3130.0,425,540375,8625,24039.35
2025-04-25,2025-05-29,20950,CE,3289.45,3289.45,3289.45,3289.45,3221.45,1,1650,75,24039.35
2025-04-25,2025-05-22,25400,CE,78.3,78.3,36.85,46.65,46.65,310,7350,7275,24039.35
2025-04-25,2025-05-22,25100,CE,0.0,0.0,0.0,123.05,128.65,0,0,0,24039.35
2025-04-25,2025-05-22,24850,CE,0.0,0.0,0.0,173.95,185.15,0,0,0,24039.35
2025-04-25,2025-05-22,23650,CE,0.0,0.0,0.0,663.7,734.0,0,0,0,24039.35
2025-04-25,2025-05-22,23400,CE,0.0,0.0,0.0,823.65,910.35,0,0,0,24039.35
2025-04-25,2025-05-15,26100,CE,14.4,14.4,7.2,8.9,8.9,1362,22050,22050,24039.35
2025-04-25,2025-05-15,25700,CE,26.0,27.45,14.25,18.05,18.05,651,21450,11025,24039.35
2025-04-25,2025-05-15,25650,CE,44.55,44.55,16.0,17.75,17.75,33,2400,1875,24039.35
2025-04-25,2025-05-15,25500,CE,45.05,45.05,18.5,26.05,26.05,8350,98025,-61275,24039.35
2025-04-25,2025-05-15,24850,CE,148.1,148.1,65.75,86.95,86.95,124,3150,2100,24039.35
2025-04-25,2025-05-15,24800,CE,175.0,184.55,73.15,96.7,96.7,2767,46350,29775,24039.35
2025-04-25,2025-05-15,24450,CE,312.35,327.95,152.3,196.0,196.0,189,6825,1200,24039.35
2025-04-25,2025-05-15,23650,CE,715.65,715.65,710.7,710.7,659.85,2,150,150,24039.35
2025-04-25,2025-05-15,23550,CE,781.3,781.3,711.45,711.45,711.45,4,900,300,24039.35
2025-04-25,2025-05-15,23400,CE,1100.0,1100.05,728.5,728.5,841.8,20,1200,-75,24039.35
2025-04-25,2025-05-15,23050,CE,1218.05,1218.05,1212.2,1212.2,1129.2,3,225,225,24039.35
2025-04-25,2025-05-15,22700,CE,1500.6,1500.6,1500.6,1500.6,1444.8,1,75,75,24039.35
2025-04-25,2025-05-15,22050,CE,2088.75,2088.75,2088.75,2088.75,2070.9,1,75,75,24039.35
2025-04-25,2025-05-15,21550,CE,2595.95,2595.95,2595.95,2595.95,2566.0,1,75,75,24039.35
2025-04-25,2025-05-08,25750,CE,10.5,10.9,5.55,6.0,6.0,1518,21600,10200,24039.35
2025-04-25,2025-05-08,25550,CE,19.0,19.25,8.35,9.45,9.45,2052,17850,1800,24039.35
2025-04-25,2025-05-08,24900,CE,87.35,93.0,31.7,40.85,40.85,21595,186075,106125,24039.35
2025-04-25,2025-05-08,24800,CE,107.0,128.95,39.4,49.15,49.15,49852,689625,467400,24039.35
2025-04-25,2025-05-08,24050,CE,505.4,511.1,213.15,294.8,294.8,10886,95250,80025,24039.35
2025-04-25,2025-05-08,23950,CE,568.0,580.4,259.8,349.8,349.8,7756,81300,68025,24039.35
2025-04-25,2025-05-08,23600,CE,872.05,887.35,478.3,602.1,602.1,965,36075,14925,24039.35
2025-04-25,2025-05-08,23300,CE,1150.65,1150.7,713.8,872.05,872.05,231,18000,4350,24039.35
2025-04-25,2025-05-08,22850,CE,1156.95,1156.95,1156.95,1156.95,1257.15,2,675,-150,24039.35
2025-04-25,2025-05-08,22700,CE,1351.0,1466.5,1275.1,1455.7,1400.65,14,6450,600,24039.35
2025-04-25,2025-05-08,22300,CE,1670.0,1671.05,1670.0,1671.05,1792.45,2,750,150,24039.35
2025-04-25,2025-05-08,22200,CE,1916.9,1916.9,1855.85,1886.4,1886.4,2,525,0,24039.35
2025-04-25,2025-05-08,21800,CE,2333.35,2333.35,2251.85,2292.6,2292.6,2,2700,150,24039.35
2025-04-25,2025-05-08,20600,CE,0.0,0.0,0.0,3593.65,3486.65,0,75,0,24039.35
2025-04-25,2025-04-30,26050,CE,1.65,1.8,1.1,1.2,1.2,192802,1186275,854325,24039.35
2025-04-25,2025-04-30,25900,CE,1.45,2.05,1.15,1.3,1.3,240834,4208700,740625,24039.35
2025-04-25,2025-04-30,24700,CE,50.0,57.75,13.55,17.25,17.25,1082999,4659375,2335875,24039.35
2025-04-25,2025-04-30,24650,CE,56.15,70.2,16.0,20.95,20.95,685918,2678850,2149950,24039.35
2025-04-25,2025-04-30,24100,CE,325.9,371.2,88.0,146.75,146.75,1875546,3947475,1861875,24039.35
2025-04-25,2025-04-30,23500,CE,844.9,903.2,442.4,586.05,586.05,32929,633600,-1950,24039.35
2025-04-25,2025-04-30,22400,CE,1854.0,1862.85,1535.0,1654.1,1654.1,100,22875,-750,24039.35
2025-04-25,2025-05-15,23950,CE,653.4,654.75,353.0,454.2,454.2,505,6450,4800,24039.35
2025-04-25,2025-05-15,23900,CE,538.45,560.0,374.35,479.15,479.15,677,8475,4725,24039.35
2025-04-25,2025-05-15,23000,CE,1463.75,1463.75,1042.65,1176.65,1176.65,205,8550,-3600,24039.35
2025-04-25,2025-05-15,22800,CE,1565.0,1565.0,1421.15,1421.15,1352.4,6,1650,0,24039.35
2025-04-25,2025-05-15,22500,CE,1704.15,1704.15,1704.15,1704.15,1633.55,1,75,75,24039.35
2025-04-25,2025-05-15,21850,CE,2312.1,2312.1,2312.1,2312.1,2268.35,1,75,75,24039.35
2025-04-25,2025-05-15,21750,CE,2404.25,2404.25,2404.25,2404.25,2367.4,1,75,75,24039.35
2025-04-25,2025-05-15,21650,CE,2498.3,2498.3,2498.3,2498.3,2498.3,1,75,75,24039.35
2025-04-25,2025-05-15,21500,CE,2636.5,2636.5,2578.75,2593.85,2593.85,4,300,300,24039.35
2025-04-25,2029-12-27,20000,CE,0.0,0.0,0.0,10081.1,9719.45,0,0,0,24039.35
2025-04-25,2025-04-30,22150,CE,0.0,0.0,0.0,2037.7,1908.95,0,1275,0,24039.35
2025-04-25,2025-04-30,23750,CE,654.7,660.0,255.55,371.65,371.65,30375,171750,133050,24039.35
2025-04-25,2025-04-30,24000,CE,400.05,453.5,122.8,198.45,198.45,2157396,3623925,2303475,24039.35
2025-04-25,2025-04-30,24350,CE,173.0,198.85,40.05,58.45,58.45,1280524,3191475,2329125,24039.35
2025-04-25,2025-04-30,25550,CE,3.7,3.7,1.5,1.7,1.7,112780,443550,190500,24039.35
2025-04-25,2025-04-30,25700,CE,2.0,2.55,1.25,1.45,1.45,317640,2307075,-12450,24039.35
2025-04-25,2025-05-08,21250,CE,0.0,0.0,0.0,2154.15,2838.15,0,0,0,24039.35
2025-04-25,2025-05-08,22000,CE,1960.0,2192.9,1960.0,2115.0,2090.35,5,11250,225,24039.35
2025-04-25,2025-05-08,22900,CE,1363.0,1363.0,1162.0,1250.0,1250.0,8,11175,150,24039.35
2025-04-25,2025-05-08,23050,CE,1011.1,1116.7,1011.1,1056.7,1056.7,10,1575,675,24039.35
2025-04-25,2025-05-08,23400,CE,1050.0,1065.0,629.8,764.75,764.75,201,19200,5325,24039.35
2025-04-25,2025-05-08,23650,CE,640.0,665.4,441.7,578.8,578.8,410,8850,6375,24039.35
2025-04-25,2025-05-08,24700,CE,132.0,150.0,49.35,65.8,65.8,34584,392550,209850,24039.35
2025-04-25,2025-05-08,25350,CE,29.95,29.95,12.7,15.35,15.35,2031,24600,-4950,24039.35
2025-04-25,2025-05-08,25700,CE,13.4,14.25,5.95,6.55,6.55,7469,122775,98625,24039.35
2025-04-25,2025-05-15,20700,CE,3417.25,3417.25,3417.25,3417.25,3417.25,1,75,75,24039.35
2025-04-25,2029-06-28,23000,PE,0.0,0.0,0.0,543.65,657.2,0,0,0,24039.35
2025-04-25,2028-12-28,29000,PE,0.0,0.0,0.0,2010.85,2363.95,0,0,0,24039.35
2025-04-25,2028-12-28,26000,PE,0.0,0.0,0.0,1160.95,1367.7,0,0,0,24039.35
2025-04-25,2028-12-28,20000,PE,0.0,0.0,0.0,316.05,269.55,0,1100,0,24039.35
2025-04-25,2027-12-30,15000,PE,0.0,0.0,0.0,43.05,15.3,0,475,0,24039.35
2025-04-25,2027-06-24,21000,PE,0.0,0.0,0.0,500.0,339.3,0,350,0,24039.35
2025-04-25,2027-06-24,20000,PE,0.0,0.0,0.0,3034.2,221.15,0,0,0,24039.35
2025-04-25,2026-12-31,20000,PE,300.0,329.0,300.0,329.0,186.3,5,7625,75,24039.35
2025-04-25,2025-09-25,22000,PE,215.0,282.95,210.1,266.3,266.3,2170,492750,6825,24039.35
2025-04-25,2025-07-31,25400,PE,0.0,0.0,0.0,1256.9,1385.3,0,0,0,24039.35
2025-04-25,2025-07-31,25300,PE,0.0,0.0,0.0,1194.65,1319.3,0,0,0,24039.35
2025-04-25,2025-07-31,23550,PE,0.0,0.0,0.0,389.5,447.55,0,0,0,24039.35
2025-04-25,2025-07-31,23300,PE,0.0,0.0,0.0,319.4,368.0,0,0,0,24039.35
2025-04-25,2025-07-31,22950,PE,0.0,0.0,0.0,235.35,274.5,0,0,0,24039.35
2025-04-25,2025-06-26,25100,PE,1102.0,1102.0,1033.8,1058.75,1137.8,8,525,75,24039.35
2025-04-25,2025-06-26,23800,PE,334.45,505.95,333.45,448.65,448.65,1488,56175,13575,24039.35
2025-04-25,2025-06-26,23600,PE,290.55,441.5,290.55,390.1,390.1,737,18750,5475,24039.35
2025-04-25,2025-06-26,23500,PE,286.0,414.0,270.0,366.0,366.0,9304,855300,99375,24039.35
2025-04-25,2025-06-26,23300,PE,234.95,356.4,234.95,318.15,318.15,429,40575,3825,24039.35
2025-04-25,2025-06-26,22950,PE,184.95,267.75,181.7,254.5,254.5,53,4275,2475,24039.35
2025-04-25,2025-06-26,22200,PE,112.3,164.35,107.05,148.85,148.85,1050,91875,10500,24039.35
2025-04-25,2025-06-26,21400,PE,0.0,0.0,0.0,41.65,21.2,0,75,0,24039.35
2025-04-25,2025-06-26,21300,PE,0.0,0.0,0.0,38.3,17.8,0,150,0,24039.35
2025-04-25,2025-06-26,20950,PE,0.0,0.0,0.0,29.35,9.35,0,0,0,24039.35
2025-04-25,2025-06-26,20850,PE,0.0,0.0,0.0,25.2,7.7,0,0,0,24039.35
2025-04-25,2025-06-26,20750,PE,0.0,0.0,0.0,21.55,6.3,0,0,0,24039.35
2025-04-25,2025-06-26,20000,PE,33.45,48.0,32.1,45.0,45.0,6955,1292050,-9600,24039.35
2025-04-25,2025-05-29,25850,PE,1662.45,1662.45,1661.75,1661.75,1710.1,2,150,150,24039.35
2025-04-25,2025-05-29,25500,PE,1084.9,1552.85,1080.05,1391.7,1391.7,897,768375,-600,24039.35
2025-04-25,2025-05-29,24500,PE,481.0,753.95,441.6,638.8,638.8,39423,1392225,-80175,24039.35
2025-04-25,2025-05-29,24400,PE,410.05,691.7,400.75,587.45,587.45,15460,400800,21975,24039.35
2025-04-25,2025-05-29,23600,PE,180.0,329.75,180.0,280.7,280.7,13635,621675,48450,24039.35
2025-04-25,2025-05-29,22900,PE,115.0,170.25,92.45,147.4,147.4,6815,203250,-225,24039.35
2025-04-25,2025-05-29,22300,PE,55.85,98.3,53.5,87.2,87.2,5469,194850,-10125,24039.35
2025-04-25,2025-05-22,25950,PE,0.0,0.0,0.0,1976.1,1817.05,0,0,0,24039.35
2025-04-25,2025-05-22,25850,PE,0.0,0.0,0.0,1882.7,1723.75,0,0,0,24039.35
2025-04-25,2025-05-22,25550,PE,0.0,0.0,0.0,1608.95,1451.05,0,0,0,24039.35
2025-04-25,2025-05-22,25450,PE,0.0,0.0,0.0,1520.2,1363.05,0,0,0,24039.35
2025-04-25,2025-05-22,25350,PE,0.0,0.0,0.0,1433.05,1276.75,0,0,0,24039.35
2025-04-25,2025-05-22,25050,PE,0.0,0.0,0.0,1182.0,1030.1,0,0,0,24039.35
2025-04-25,2025-05-22,24900,PE,0.0,0.0,0.0,1063.4,915.7,0,0,0,24039.35
2025-04-25,2025-05-22,24850,PE,0.0,0.0,0.0,1025.05,877.5,0,0,0,24039.35
2025-04-25,2025-05-22,23850,PE,0.0,0.0,0.0,407.2,304.95,0,0,0,24039.35
2025-04-25,2025-05-22,23800,PE,321.55,321.55,280.0,293.85,293.85,53,2700,2700,24039.35
2025-04-25,2025-05-22,22750,PE,0.0,0.0,0.0,86.2,49.45,0,0,0,24039.35
2025-04-25,2025-05-15,26000,PE,1917.45,1917.45,1913.55,1915.5,1915.5,2,150,150,24039.35
2025-04-25,2025-05-15,25250,PE,1104.95,1104.95,1104.95,1104.95,1182.7,1,75,75,24039.35
2025-04-25,2025-05-15,25050,PE,937.75,937.75,937.75,937.75,1011.95,1,75,75,24039.35
2025-04-25,2025-05-15,24700,PE,780.7,820.5,663.45,664.75,738.2,6,3600,-75,24039.35
2025-04-25,2025-05-15,24500,PE,379.5,705.4,378.1,584.75,584.75,867,16275,-150,24039.35
2025-04-25,2025-05-15,24100,PE,250.0,455.95,222.3,358.0,358.0,4751,42075,-49950,24039.35
2025-04-25,2025-05-15,23350,PE,130.0,179.95,130.0,136.5,109.0,18,1650,-225,24039.35
2025-04-25,2025-05-15,23200,PE,92.1,153.15,75.5,127.6,127.6,478,25200,6675,24039.35
2025-04-25,2025-05-15,23050,PE,0.0,0.0,0.0,66.85,58.55,0,3600,0,24039.35
2025-04-25,2025-05-15,22900,PE,59.05,106.4,59.05,92.45,92.45,207,6375,750,24039.35
2025-04-25,2025-05-15,22450,PE,0.0,0.0,0.0,40.8,12.9,0,600,0,24039.35
2025-04-25,2025-05-15,21100,PE,15.7,16.85,14.55,16.85,16.85,23,2325,975,24039.35
2025-04-25,2025-05-08,25250,PE,1174.55,1177.8,1174.55,1176.2,1176.2,2,900,150,24039.35
2025-04-25,2025-05-08,24850,PE,553.85,818.3,553.85,774.4,823.5,20,975,-150,24039.35
2025-04-25,2025-05-08,23650,PE,84.05,200.0,80.3,150.05,150.05,6722,52875,29550,24039.35
2025-04-25,2025-05-08,23500,PE,86.5,159.4,64.2,121.7,121.7,70450,840600,127575,24039.35
2025-04-25,2025-05-08,22050,PE,16.2,23.5,13.2,20.5,20.5,1199,16725,15000,24039.35
2025-04-25,2025-05-08,20700,PE,5.35,8.85,4.3,7.8,7.8,1907,35700,23925,24039.35
2025-04-25,2025-04-30,25400,PE,1070.0,1401.55,1057.1,1401.55,1401.55,4,5625,-75,24039.35
2025-04-25,2025-04-30,25000,PE,710.0,1140.3,633.45,960.9,960.9,9245,252600,-94650,24039.35
2025-04-25,2025-04-30,24450,PE,261.0,614.4,208.75,445.35,445.35,48873,107475,16725,24039.35
2025-04-25,2025-06-26,23350,CE,1242.95,1242.95,1242.95,1242.95,1242.35,1,9075,75,24039.35
2025-04-25,2025-06-26,23000,CE,1759.95,1763.0,1359.9,1481.9,1481.9,2074,1376200,-12225,24039.35
2025-04-25,2025-06-26,22950,CE,1576.1,1576.1,1576.1,1576.1,1538.2,1,900,75,24039.35
2025-04-25,2025-06-26,22200,CE,2214.0,2214.0,2214.0,2214.0,2214.0,1,1500,75,24039.35
2025-04-25,2025-06-26,22050,CE,2350.3,2350.3,2350.3,2350.3,2299.5,1,1125,75,24039.35
2025-04-25,2025-06-26,21950,CE,2450.65,2450.65,2450.65,2450.65,2390.3,1,1050,75,24039.35
2025-04-25,2025-06-26,21750,CE,2621.65,2621.65,2621.65,2621.65,2574.55,1,750,75,24039.35
2025-04-25,2025-06-26,21300,CE,3071.9,3071.9,3071.9,3071.9,2999.6,1,225,75,24039.35
2025-04-25,2025-06-26,20700,CE,3638.75,3638.75,3638.75,3638.75,3580.7,1,225,75,24039.35
2025-04-25,2025-05-29,25950,CE,0.0,0.0,0.0,49.05,52.3,0,0,0,24039.35
2025-04-25,2025-05-29,25750,CE,53.95,53.95,26.0,34.6,34.6,496,13125,8175,24039.35
2025-04-25,2025-05-29,25000,CE,199.95,214.0,98.65,126.8,126.8,83749,2116050,-83100,24039.35
2025-04-25,2025-05-29,24900,CE,221.7,243.0,117.5,149.55,149.55,10740,186750,-15675,24039.35
2025-04-25,2025-05-29,24650,CE,356.05,356.05,181.25,225.7,225.7,2491,55125,9600,24039.35
2025-04-25,2025-05-29,23900,CE,826.55,830.5,506.6,607.1,607.1,7910,265200,36975,24039.35
2025-04-25,2025-05-29,23500,CE,1127.1,1147.8,762.5,889.1,889.1,9109,1299600,28050,24039.35
2025-04-25,2025-05-29,23450,CE,1178.6,1178.6,808.95,928.25,928.25,92,15375,-75,24039.35
2025-04-25,2025-05-29,20700,CE,3528.4,3528.4,3526.8,3526.8,3469.35,2,1200,0,24039.35
2025-04-25,2025-05-22,24450,CE,0.0,0.0,0.0,288.0,313.55,0,0,0,24039.35
2025-04-25,2025-05-22,24300,CE,482.8,494.3,268.45,312.25,312.25,80,2850,900,24039.35
2025-04-25,2025-05-22,23300,CE,0.0,0.0,0.0,893.0,986.15,0,0,0,24039.35
2025-04-25,2025-05-22,22900,CE,0.0,0.0,0.0,1198.25,1314.95,0,0,0,24039.35
2025-04-25,2025-05-22,22700,CE,0.0,0.0,0.0,1365.15,1492.05,0,0,0,24039.35
2025-04-25,2025-05-15,25900,CE,18.8,19.8,10.4,13.4,13.4,282,13350,1350,24039.35
2025-04-25,2025-05-15,25550,CE,35.8,37.55,20.0,22.15,22.15,60,3150,375,24039.35
2025-04-25,2025-05-15,25450,CE,0.0,0.0,0.0,93.6,40.55,0,75,0,24039.35
2025-04-25,2025-05-15,25300,CE,60.05,62.4,27.45,36.85,36.85,819,17475,8400,24039.35
2025-04-25,2025-05-15,25100,CE,95.0,95.0,39.8,54.5,54.5,2092,33375,6150,24039.35
2025-04-25,2025-05-15,24150,CE,460.05,460.05,272.15,333.45,333.45,278,6675,3600,24039.35
2025-04-25,2025-05-15,23450,CE,863.05,863.05,859.55,859.55,803.7,2,1125,75,24039.35
2025-04-25,2025-05-15,23350,CE,900.65,900.65,900.65,900.65,880.7,1,150,0,24039.35
2025-04-25,2025-05-15,22400,CE,1775.25,1775.25,1775.25,1775.25,1729.55,1,75,75,24039.35
2025-04-25,2025-05-15,22300,CE,1850.0,1850.0,1850.0,1850.0,1826.3,1,75,75,24039.35
2025-04-25,2025-05-15,22250,CE,1897.55,1897.55,1897.55,1897.55,1874.95,1,75,75,24039.35
2025-04-25,2025-05-15,22200,CE,1945.25,1945.25,1945.25,1945.25,1923.75,1,75,75,24039.35
2025-04-25,2025-05-15,21100,CE,3025.1,3025.1,3025.1,3025.1,3025.1,1,75,75,24039.35
2025-04-25,2025-05-08,25950,CE,8.15,8.15,3.55,4.0,4.0,1223,5850,600,24039.35
2025-04-25,2025-05-08,25650,CE,14.1,14.8,6.85,7.55,7.55,2074,18900,4050,24039.35
2025-04-25,2025-05-08,23900,CE,617.0,633.45,286.8,378.7,378.7,12756,203175,69975,24039.35
2025-04-25,2025-05-08,22550,CE,1519.8,1526.7,1519.8,1523.25,1523.25,2,1950,150,24039.35
2025-04-25,2025-05-08,20550,CE,0.0,0.0,0.0,2840.7,3536.5,0,0,0,24039.35
2025-04-25,2025-05-08,20400,CE,0.0,0.0,0.0,2989.15,3686.2,0,0,0,24039.35
2025-04-25,2025-04-30,25650,CE,2.45,2.95,1.3,1.5,1.5,113202,479625,182775,24039.35
2025-04-25,2025-04-30,25600,CE,2.7,3.1,1.4,1.6,1.6,259811,1826175,402525,24039.35
2025-04-25,2025-04-30,25350,CE,4.8,5.8,2.1,2.25,2.25,160803,612600,293775,24039.35
2025-04-25,2025-04-30,24450,CE,135.0,145.15,29.35,40.5,40.5,893619,2402325,1882500,24039.35
2025-04-25,2025-04-30,23950,CE,456.15,487.8,143.7,228.35,228.35,682982,747825,600150,24039.35
2025-04-25,2025-04-30,23900,CE,476.3,538.0,167.55,264.7,264.7,820240,1284825,995175,24039.35
2025-04-25,2025-04-30,23850,CE,565.65,571.0,193.05,296.95,296.95,185468,249075,162075,24039.35
2025-04-25,2025-04-30,23700,CE,651.0,713.75,290.0,406.65,406.65,52635,319050,18000,24039.35
2025-04-25,2025-04-30,21950,CE,0.0,0.0,0.0,1927.65,2108.75,0,450,0,24039.35
2025-04-25,2025-04-30,20800,CE,0.0,0.0,0.0,3073.6,3257.75,0,75,0,24039.35
2025-04-25,2025-06-26,25150,CE,322.65,323.3,195.35,236.55,236.55,113,2850,675,24039.35
2025-04-25,2025-06-26,26100,CE,0.0,0.0,0.0,147.35,142.1,0,0,0,24039.35
2025-04-25,2025-07-31,23100,CE,0.0,0.0,0.0,1831.0,1662.5,0,0,0,24039.35
2025-04-25,2028-06-29,19000,CE,0.0,0.0,0.0,6252.25,8880.95,0,0,0,24039.35
2025-04-25,2028-06-29,21000,CE,0.0,0.0,0.0,5226.55,7465.55,0,0,0,24039.35
2025-04-25,2028-06-29,24000,CE,0.0,0.0,0.0,3918.85,5577.9,0,0,0,24039.35
2025-04-25,2029-06-28,18000,CE,0.0,0.0,0.0,11678.65,10586.8,0,0,0,24039.35
2025-04-25,2029-12-27,18000,CE,0.0,0.0,0.0,11362.4,11040.3,0,0,0,24039.35
2025-04-25,2029-12-27,19000,CE,0.0,0.0,0.0,10714.6,10371.1,0,0,0,24039.35
2025-04-25,2029-12-27,24000,CE,0.0,0.0,0.0,7730.0,7329.8,0,0,0,24039.35
2025-04-25,2029-12-27,26000,CE,0.0,0.0,0.0,6686.95,6286.4,0,0,0,24039.35
2025-04-25,2029-12-27,27000,CE,0.0,0.0,0.0,6201.65,5805.15,0,0,0,24039.35
2025-04-25,2025-04-30,20450,PE,1.75,3.3,1.15,2.35,2.35,198410,1369200,1109625,24039.35
2025-04-25,2025-04-30,20950,PE,2.5,4.85,1.2,3.2,3.2,37387,62925,39975,24039.35
2025-04-25,2025-04-30,21100,PE,1.6,5.45,1.2,3.65,3.65,67142,230175,65925,24039.35
2025-04-25,2025-04-30,21350,PE,2.5,5.25,1.4,4.3,4.3,46058,92025,75525,24039.35
2025-04-25,2025-04-30,21800,PE,2.95,7.2,1.7,6.0,6.0,130199,643050,194025,24039.35
2025-04-25,2025-04-30,23150,PE,12.95,40.8,10.15,26.65,26.65,190194,324375,193575,24039.35
2025-04-25,2025-04-30,23450,PE,25.0,72.2,18.0,43.5,43.5,383120,680550,543000,24039.35
2025-04-25,2025-04-30,25700,PE,0.0,0.0,0.0,1410.0,1638.05,0,75,0,24039.35
2025-04-25,2025-05-08,21300,PE,8.15,12.35,7.6,11.05,11.05,2683,14325,6225,24039.35
2025-04-25,2025-05-08,21400,PE,10.95,14.9,9.75,11.65,11.65,466,6375,6375,24039.35
2025-04-25,2025-05-08,21800,PE,12.0,17.7,9.95,15.65,15.65,4912,45975,30525,24039.35
2025-04-25,2025-05-08,22250,PE,19.7,26.5,15.25,24.75,24.75,1543,22650,17700,24039.35
2025-04-25,2025-05-08,23150,PE,40.1,94.35,40.1,74.85,74.85,1348,22875,15675,24039.35
2025-04-25,2025-05-08,23200,PE,50.15,102.1,42.65,80.15,80.15,16284,267600,95625,24039.35
2025-04-25,2025-05-08,23550,PE,73.05,170.55,70.2,128.25,128.25,4144,36300,29025,24039.35
2025-04-25,2025-05-08,24150,PE,200.0,429.2,176.85,320.9,320.9,9404,63675,15525,24039.35
2025-04-25,2025-05-08,25200,PE,849.95,1231.05,849.95,1102.95,1131.75,6,900,150,24039.35
2025-04-25,2025-05-08,25450,PE,1368.05,1368.05,1366.55,1367.3,1367.3,2,975,150,24039.35
2025-04-25,2025-05-15,20750,PE,7.8,11.9,7.8,11.9,0.05,5,1050,-150,24039.35
2025-04-25,2025-05-15,21450,PE,16.8,24.25,15.7,21.35,21.35,70,1050,225,24039.35
2025-04-25,2025-05-15,21550,PE,19.3,24.8,19.3,23.5,23.5,22,975,-600,24039.35
2025-04-25,2025-05-15,21650,PE,20.2,26.0,18.85,24.4,24.4,43,1875,-75,24039.35
2025-04-25,2025-05-15,22550,PE,44.45,51.2,44.45,51.2,17.05,10,1650,-150,24039.35
2025-04-25,2025-05-15,22650,PE,0.0,0.0,0.0,89.0,22.25,0,675,0,24039.35
2025-04-25,2025-05-15,23450,PE,180.0,185.75,145.0,171.05,171.05,42,3075,2325,24039.35
2025-04-25,2025-05-15,23900,PE,183.8,355.2,176.7,288.4,288.4,2128,30225,14475,24039.35
2025-04-25,2025-05-15,24550,PE,496.4,701.55,496.4,634.75,634.75,11,300,225,24039.35
2025-04-25,2025-05-15,24850,PE,772.65,772.65,772.65,772.65,851.15,1,75,75,24039.35
2025-04-25,2025-05-15,25100,PE,973.55,973.55,973.55,973.55,1053.75,1,75,75,24039.35
2025-04-25,2025-05-22,22150,PE,0.0,0.0,0.0,27.05,12.55,0,0,0,24039.35
2025-04-25,2025-05-22,22200,PE,0.0,0.0,0.0,30.1,14.25,0,0,0,24039.35
2025-04-25,2025-05-22,22250,PE,0.0,0.0,0.0,33.4,16.1,0,0,0,24039.35
2025-04-25,2025-05-22,22500,PE,63.0,74.35,63.0,69.25,69.25,9,600,600,24039.35
2025-04-25,2025-05-22,22650,PE,0.0,0.0,0.0,72.25,40.2,0,0,0,24039.35
2025-04-25,2025-05-22,23250,PE,0.0,0.0,0.0,189.35,125.05,0,0,0,24039.35
2025-04-25,2025-05-22,23400,PE,200.0,200.0,200.0,200.0,159.6,1,75,75,24039.35
2025-04-25,2025-05-22,24350,PE,388.7,388.7,370.3,370.3,548.5,2,75,75,24039.35
2025-04-25,2025-05-22,24400,PE,397.0,600.45,383.0,534.35,577.75,16,1050,300,24039.35
2025-04-25,2025-05-22,24800,PE,0.0,0.0,0.0,988.15,841.1,0,0,0,24039.35
2025-04-25,2025-05-22,24950,PE,0.0,0.0,0.0,1102.35,952.6,0,0,0,24039.35
2025-04-25,2025-05-22,25900,PE,0.0,0.0,0.0,1929.3,1770.3,0,0,0,24039.35
2025-04-25,2025-05-29,20450,PE,16.15,23.0,16.15,22.3,22.3,199,7500,3225,24039.35
2025-04-25,2025-05-29,20700,PE,18.9,27.7,15.6,26.25,26.25,812,21975,5025,24039.35
2025-04-25,2025-05-29,21100,PE,24.5,37.15,24.05,34.5,34.5,1145,65850,3525,24039.35
2025-04-25,2025-05-29,21450,PE,41.0,48.25,38.9,44.2,44.2,632,10950,-1650,24039.35
2025-04-25,2025-05-29,21750,PE,0.0,0.0,0.0,114.7,8.75,0,1050,0,24039.35
2025-04-25,2025-05-29,22500,PE,76.05,118.7,65.35,103.1,103.1,48836,2619075,410850,24039.35
2025-04-25,2025-05-29,23200,PE,140.0,223.95,121.55,193.05,193.05,11844,544125,58425,24039.35
2025-04-25,2025-05-29,23850,PE,231.8,418.05,231.8,358.15,358.15,2402,50325,13800,24039.35
2025-04-25,2025-05-29,24250,PE,363.8,603.55,346.15,513.7,513.7,3885,93975,17475,24039.35
2025-04-25,2025-05-29,24300,PE,400.0,634.0,362.9,532.35,532.35,34045,714600,50850,24039.35
2025-04-25,2025-05-29,24800,PE,605.1,960.45,589.0,826.95,826.95,1484,65250,15675,24039.35
2025-04-25,2025-05-29,25300,PE,941.9,1308.1,939.5,1176.5,1176.5,35,9825,-150,24039.35
2025-04-25,2025-06-26,21900,PE,93.9,138.6,89.1,123.4,123.4,478,73200,3450,24039.35
2025-04-25,2025-06-26,22050,PE,0.0,0.0,0.0,201.0,59.15,0,150,0,24039.35
2025-04-25,2025-06-26,22600,PE,152.0,219.05,152.0,199.9,199.9,309,63375,-525,24039.35
2025-04-25,2025-06-26,23950,PE,534.05,559.05,471.3,488.8,488.8,132,5850,5475,24039.35
2025-04-25,2025-06-26,24750,PE,822.35,822.35,822.35,822.35,912.55,1,225,75,24039.35
2025-04-25,2025-06-26,24850,PE,881.35,881.35,881.35,881.35,974.3,1,225,75,24039.35
2025-04-25,2025-06-26,25700,PE,1498.05,1498.05,1498.05,1498.05,1579.35,1,75,75,24039.35
2025-04-25,2025-06-26,25950,PE,1707.9,1707.9,1707.9,1707.9,1780.7,1,75,75,24039.35
2025-04-25,2025-07-31,23100,PE,0.0,0.0,0.0,268.8,313.05,0,0,0,24039.35
2025-04-25,2025-07-31,23150,PE,0.0,0.0,0.0,280.7,326.4,0,0,0,24039.35
2025-04-25,2025-07-31,23350,PE,0.0,0.0,0.0,332.75,383.05,0,0,0,24039.35
2025-04-25,2025-07-31,23750,PE,538.25,538.25,500.9,500.9,519.05,4,150,150,24039.35
2025-04-25,2025-07-31,24500,PE,615.0,830.0,615.0,789.2,789.2,74,4200,4200,24039.35
2025-04-25,2025-07-31,24650,PE,0.0,0.0,0.0,831.65,931.1,0,0,0,24039.35
2025-04-25,2025-07-31,25350,PE,0.0,0.0,0.0,1225.55,1352.1,0,0,0,24039.35
2025-04-25,2025-09-25,19000,PE,62.3,75.0,62.3,72.0,72.0,290,96975,1350,24039.35
2025-04-25,2025-09-25,26000,PE,1400.0,1771.35,1400.0,1661.55,1661.55,512,58575,-15825,24039.35
2025-04-25,2025-09-25,28000,PE,0.0,0.0,0.0,4400.0,3362.4,0,75,0,24039.35
2025-04-25,2025-12-24,23000,PE,422.0,529.9,415.5,500.4,500.4,4126,1447600,-15225,24039.35
2025-04-25,2026-03-26,23000,PE,0.0,0.0,0.0,577.8,573.85,0,0,0,24039.35
2025-04-25,2026-03-26,29000,PE,0.0,0.0,0.0,3815.05,3745.0,0,0,0,24039.35
2025-04-25,2026-06-25,19000,PE,0.0,0.0,0.0,205.7,67.0,0,250,0,24039.35
2025-04-25,2026-06-25,22000,PE,0.0,0.0,0.0,391.05,397.65,0,1800,0,24039.35
2025-04-25,2026-06-25,25000,PE,0.0,0.0,0.0,1800.0,1296.2,0,75,0,24039.35
2025-04-25,2026-12-31,21000,PE,370.05,370.05,370.05,370.05,302.55,1,6950,0,24039.35
2025-04-25,2027-06-24,19000,PE,0.0,0.0,0.0,201.05,136.6,0,525,0,24039.35
2025-04-25,2027-12-30,20000,PE,0.0,0.0,0.0,460.0,246.2,0,3950,0,24039.35
2025-04-25,2027-12-30,25000,PE,0.0,0.0,0.0,1546.4,1207.15,0,75,0,24039.35
2025-04-25,2028-12-28,17000,PE,0.0,0.0,0.0,66.15,77.25,0,0,0,24039.35
2025-04-25,2029-12-27,22000,PE,0.0,0.0,0.0,373.65,490.25,0,0,0,24039.35
2025-04-25,2026-03-26,18000,CE,0.0,0.0,0.0,6870.7,7137.1,0,0,0,24039.35
2025-04-25,2025-12-24,30000,CE,61.3,65.0,53.6,60.05,60.05,203,93350,1500,24039.35
2025-04-25,2025-12-24,17000,CE,0.0,0.0,0.0,7010.0,7787.25,0,700,0,24039.35
2025-04-25,2025-07-31,25750,CE,0.0,0.0,0.0,447.4,375.0,0,0,0,24039.35
2025-04-25,2025-07-31,24950,CE,0.0,0.0,0.0,735.45,633.45,0,0,0,24039.35
2025-04-25,2025-07-31,24850,CE,0.0,0.0,0.0,779.1,673.2,0,0,0,24039.35
2025-04-25,2025-07-31,24700,CE,550.0,590.55,550.0,576.5,576.5,3,75,75,24039.35
2025-04-25,2025-07-31,23850,CE,0.0,0.0,0.0,1314.5,1170.25,0,0,0,24039.35
2025-04-25,2025-07-31,23500,CE,1210.0,1359.5,1179.75,1319.95,1319.95,28,1725,1725,24039.35
2025-04-25,2025-07-31,23050,CE,0.0,0.0,0.0,1868.6,1698.7,0,0,0,24039.35
2025-04-25,2025-07-31,22800,CE,0.0,0.0,0.0,2061.9,1884.25,0,0,0,24039.35
2025-04-25,2025-06-26,28000,CE,18.0,19.05,14.6,15.7,15.7,2472,298075,14700,24039.35
2025-04-25,2025-06-26,27000,CE,38.0,38.0,20.6,24.2,24.2,18432,1095025,-92525,24039.35
2025-04-25,2025-06-26,25750,CE,0.0,0.0,0.0,201.7,201.35,0,0,0,24039.35
2025-04-25,2025-06-26,24250,CE,606.55,679.75,545.0,598.6,598.6,152,5850,5250,24039.35
2025-04-25,2025-06-26,22800,CE,1694.05,1694.05,1535.65,1675.0,1675.0,11,3000,-225,24039.35
2025-04-25,2025-06-26,22750,CE,1737.2,1737.2,1737.2,1737.2,1697.05,1,375,75,24039.35
2025-04-25,2025-06-26,21900,CE,2437.35,2437.35,2437.35,2437.35,2436.05,1,1050,75,24039.35
2025-04-25,2025-06-26,21450,CE,2919.95,2919.95,2919.95,2919.95,2856.6,1,750,75,24039.35
2025-04-25,2025-06-26,21400,CE,2985.3,2985.3,2985.3,2985.3,2904.15,1,900,75,24039.35
2025-04-25,2025-06-26,21150,CE,3212.95,3212.95,3212.95,3212.95,3143.7,1,300,75,24039.35
2025-04-25,2025-05-29,24850,CE,261.45,262.5,128.1,163.8,163.8,2180,59175,20625,24039.35
2025-04-25,2025-05-29,24600,CE,354.9,386.45,195.35,248.15,248.15,13401,320100,76575,24039.35
2025-04-25,2025-05-29,24550,CE,401.45,401.45,212.0,262.45,262.45,1656,25950,750,24039.35
2025-04-25,2025-05-29,24350,CE,499.5,524.4,284.45,353.15,353.15,2673,54750,2925,24039.35
2025-04-25,2025-05-29,24250,CE,579.95,598.85,326.5,402.65,402.65,3853,74775,17625,24039.35
2025-04-25,2025-05-29,24050,CE,720.0,720.0,425.8,517.25,517.25,2773,61050,46050,24039.35
2025-04-25,2025-05-29,23350,CE,1251.0,1251.0,873.65,984.85,984.85,95,9375,4200,24039.35
2025-04-25,2025-05-29,22800,CE,1710.15,1710.15,1321.55,1448.55,1448.55,910,126525,17625,24039.35
2025-04-25,2025-05-29,22350,CE,1918.25,1918.25,1918.25,1918.25,1862.3,1,2250,75,24039.35
2025-04-25,2025-05-29,22150,CE,2137.6,2137.6,2136.15,2136.15,2049.8,2,3000,0,24039.35
2025-04-25,2025-05-29,22100,CE,2280.85,2280.85,1975.0,2092.0,2092.0,8,15525,150,24039.35
2025-04-25,2025-05-22,25700,CE,41.9,42.8,23.6,31.05,31.05,74,5400,3675,24039.35
2025-04-25,2025-05-22,25500,CE,58.05,65.2,26.95,38.85,38.85,964,41175,21825,24039.35
2025-04-25,2025-05-22,23700,CE,667.2,778.4,575.25,687.0,687.0,151,2400,2400,24039.35
2025-04-25,2025-05-22,22850,CE,0.0,0.0,0.0,1239.2,1358.55,0,0,0,24039.35
2025-04-25,2025-05-22,22650,CE,0.0,0.0,0.0,1408.15,1537.35,0,0,0,24039.35
2025-04-25,2025-05-22,22550,CE,0.0,0.0,0.0,1495.5,1629.05,0,0,0,24039.35
2025-04-25,2025-05-22,22500,CE,0.0,0.0,0.0,1539.8,1675.4,0,0,0,24039.35
2025-04-25,2025-05-15,24000,CE,585.0,639.95,323.45,409.25,409.25,3460,72525,17400,24039.35
2025-04-25,2025-05-15,23750,CE,505.65,639.25,505.65,570.55,570.55,21,1200,1200,24039.35
2025-04-25,2025-05-15,23200,CE,900.0,1060.0,880.0,1060.0,1001.95,8,675,0,24039.35
2025-04-25,2025-05-15,21200,CE,0.0,0.0,0.0,1400.9,2914.3,0,0,0,24039.35
2025-04-25,2025-05-15,21000,CE,3132.45,3132.45,3121.75,3127.1,3127.1,2,150,150,24039.35
2025-04-25,2025-05-08,26100,CE,5.3,6.5,3.0,3.2,3.2,5601,122550,73875,24039.35
2025-04-25,2025-05-08,25800,CE,9.6,11.25,4.85,5.3,5.3,8779,194850,113400,24039.35
2025-04-25,2025-05-08,24750,CE,131.5,133.0,44.25,59.2,59.2,8820,66600,39825,24039.35
2025-04-25,2025-05-08,24200,CE,377.7,408.85,154.0,218.8,218.8,44079,581100,247800,24039.35
2025-04-25,2025-05-08,24100,CE,445.2,480.1,192.1,270.4,270.4,33798,341925,229200,24039.35
2025-04-25,2025-05-08,23450,CE,711.0,791.0,596.45,765.7,727.35,71,2775,1950,24039.35
2025-04-25,2025-05-08,23150,CE,1093.0,1093.0,1045.55,1045.55,980.9,5,1650,-150,24039.35
2025-04-25,2025-05-08,22600,CE,1430.0,1584.65,1430.0,1578.15,1497.6,12,8550,675,24039.35
2025-04-25,2025-05-08,21200,CE,0.0,0.0,0.0,2202.6,2888.0,0,0,0,24039.35
2025-04-25,2025-05-08,20750,CE,0.0,0.0,0.0,2643.2,3337.0,0,0,0,24039.35
2025-04-25,2025-04-30,26100,CE,1.5,1.75,1.0,1.15,1.15,1029133,8494800,4402275,24039.35
2025-04-25,2025-04-30,25400,CE,4.45,5.05,1.8,2.0,2.0,392862,3006750,1202550,24039.35
2025-04-25,2025-04-30,24550,CE,92.0,102.6,22.0,29.2,29.2,813253,1893600,1309575,24039.35
2025-04-25,2025-04-30,24250,CE,220.0,262.2,54.75,86.55,86.55,1115393,2377650,1023600,24039.35
2025-04-25,2025-04-30,23200,CE,1148.0,1187.45,706.6,850.1,850.1,1563,239475,-6075,24039.35
2025-04-25,2025-04-30,21600,CE,0.0,0.0,0.0,2745.05,2458.45,0,25725,0,24039.35
2025-04-25,2026-06-25,21000,CE,0.0,0.0,0.0,3881.9,4866.1,0,0,0,24039.35
2025-04-25,2027-12-30,28000,CE,0.0,0.0,0.0,2639.2,2968.25,0,0,0,24039.35
2025-04-25,2025-04-30,21700,CE,0.0,0.0,0.0,2632.0,2358.55,0,3000,0,24039.35
2025-04-25,2025-04-30,21900,CE,0.0,0.0,0.0,2451.15,2158.7,0,1350,0,24039.35
2025-04-25,2025-04-30,22250,CE,0.0,0.0,0.0,1995.0,1809.0,0,1200,0,24039.35
2025-04-25,2025-04-30,22450,CE,1590.0,1636.0,1503.3,1636.0,1609.25,12,9300,-300,24039.35
2025-04-25,2025-04-30,22600,CE,1745.05,1753.1,1293.6,1431.1,1431.1,64,19575,-2400,24039.35
2025-04-25,2025-04-30,23000,CE,1329.05,1383.3,894.75,1056.5,1056.5,3826,484950,40800,24039.35
2025-04-25,2025-04-30,23400,CE,972.9,991.0,531.25,680.1,680.1,2979,206475,-1950,24039.35
2025-04-25,2025-04-30,24300,CE,196.0,230.0,46.55,71.15,71.15,2601407,6860475,3677925,24039.35
2025-04-25,2025-04-30,25250,CE,6.9,7.6,2.5,2.85,2.85,194003,714450,398250,24039.35
2025-04-25,2025-04-30,25950,CE,1.8,2.05,1.15,1.3,1.3,94840,457050,360525,24039.35
2025-04-25,2025-05-08,20900,CE,0.0,0.0,0.0,2495.6,3187.35,0,0,0,24039.35
2025-04-25,2025-05-08,20950,CE,0.0,0.0,0.0,2446.55,3137.45,0,0,0,24039.35
2025-04-25,2025-05-08,21000,CE,0.0,0.0,0.0,3175.8,3087.55,0,75,0,24039.35
2025-04-25,2025-05-08,22150,CE,1905.1,1910.25,1905.1,1907.7,1907.7,2,450,75,24039.35
2025-04-25,2025-05-08,22500,CE,1920.9,1920.9,1467.0,1669.0,1595.35,75,7125,-1875,24039.35
2025-04-25,2025-05-08,23100,CE,1162.0,1162.0,910.0,1053.75,1025.65,52,10350,3450,24039.35
2025-04-25,2025-05-08,24250,CE,340.0,373.85,139.9,193.45,193.45,15474,153900,86475,24039.35
2025-04-25,2025-05-08,24400,CE,269.7,285.05,100.0,140.75,140.75,38822,367950,170925,24039.35
2025-04-25,2025-05-08,25050,CE,62.8,63.8,23.25,29.8,29.8,7900,58725,10425,24039.35
2025-04-25,2025-05-08,25200,CE,43.0,44.85,16.25,21.1,21.1,27081,404175,296175,24039.35
2025-04-25,2025-05-08,25600,CE,16.05,18.55,7.3,8.5,8.5,15269,181125,55425,24039.35
2025-04-25,2025-05-08,25850,CE,8.05,8.05,4.5,4.75,4.75,550,9600,3000,24039.35
2025-04-25,2025-05-08,26000,CE,6.5,6.7,3.4,3.75,3.75,8547,205350,120075,24039.35
2025-04-25,2025-05-15,20850,CE,3266.15,3266.15,3266.15,3266.15,3266.15,1,75,75,24039.35
2025-04-25,2025-05-15,22900,CE,1502.05,1502.05,1502.05,1502.05,1261.7,1,300,75,24039.35
2025-04-25,2025-05-15,22950,CE,1301.35,1301.35,1301.35,1301.35,1217.0,1,75,75,24039.35
2025-04-25,2025-05-15,24050,CE,535.0,535.0,296.85,392.6,392.6,304,5175,3375,24039.35
2025-04-25,2025-05-15,24700,CE,210.9,210.9,86.3,118.65,118.65,1409,16800,10350,24039.35
2025-04-25,2025-05-15,25050,CE,104.6,107.7,46.15,60.7,60.7,58,1950,900,24039.35
2025-04-25,2025-05-15,25600,CE,31.85,33.3,15.55,21.95,21.95,1321,26550,1275,24039.35
2025-04-25,2025-05-22,22350,CE,0.0,0.0,0.0,1675.05,1816.25,0,0,0,24039.35
2025-04-25,2025-05-22,23100,CE,0.0,0.0,0.0,1040.5,1145.8,0,0,0,24039.35
2025-04-25,2025-05-22,24900,CE,190.0,193.0,95.0,131.55,131.55,36,2550,1800,24039.35
2025-04-25,2025-05-22,25050,CE,0.0,0.0,0.0,130.0,138.7,0,75,0,24039.35
2025-04-25,2025-05-22,25150,CE,0.0,0.0,0.0,114.45,119.2,0,0,0,24039.35
2025-04-25,2025-05-22,25200,CE,0.0,0.0,0.0,106.4,110.3,0,0,0,24039.35
2025-04-25,2025-05-22,25850,CE,43.95,43.95,16.3,16.3,36.15,5,675,75,24039.35
2025-04-25,2025-05-29,20350,CE,3748.05,3748.05,3747.45,3747.75,3747.75,2,975,150,24039.35
2025-04-25,2025-05-29,20550,CE,3605.05,3605.05,3605.05,3605.05,3605.05,1,1125,75,24039.35
2025-04-25,2025-05-29,20600,CE,0.0,0.0,0.0,3789.0,3568.6,0,825,0,24039.35
2025-04-25,2025-05-29,21750,CE,2473.0,2473.0,2473.0,2473.0,2434.2,1,1950,75,24039.35
2025-04-25,2025-05-29,21950,CE,2281.65,2281.65,2281.65,2281.65,2240.75,1,1950,75,24039.35
2025-04-25,2025-05-29,22500,CE,2019.9,2028.95,1573.0,1701.05,1701.05,1988,722100,-11400,24039.35
2025-04-25,2025-05-29,23550,CE,832.0,955.0,730.35,837.3,837.3,82,12225,1575,24039.35
2025-04-25,2025-05-29,23700,CE,920.0,977.5,628.15,752.25,752.25,3552,333975,20025,24039.35
2025-04-25,2025-05-29,23750,CE,859.0,859.0,596.55,699.2,699.2,539,22500,13275,24039.35
2025-04-25,2025-05-29,23950,CE,772.0,789.05,479.8,577.15,577.15,2100,46125,31650,24039.35
2025-04-25,2025-05-29,24150,CE,654.45,654.5,374.05,455.7,455.7,3073,69450,39525,24039.35
2025-04-25,2025-05-29,25200,CE,141.0,148.9,67.45,87.65,87.65,27719,521100,233175,24039.35
2025-04-25,2025-05-29,25400,CE,95.65,100.55,46.7,61.75,61.75,19060,548025,40500,24039.35
2025-04-25,2025-05-29,25600,CE,65.05,70.0,33.05,43.6,43.6,12632,300525,44325,24039.35
2025-04-25,2025-05-29,25850,CE,39.85,39.85,23.25,29.45,29.45,313,11925,5625,24039.35
2025-04-25,2025-06-26,19000,CE,5085.6,5210.0,5012.7,5175.15,5175.15,57,193350,-2325,24039.35
2025-04-25,2025-06-26,23050,CE,1495.45,1495.45,1495.45,1495.45,1461.45,1,750,75,24039.35
2025-04-25,2025-06-26,23550,CE,1294.0,1294.0,1127.05,1127.05,1106.8,2,1950,0,24039.35
2025-04-25,2025-06-26,24050,CE,760.0,796.1,650.7,732.2,732.2,169,7200,4950,24039.35
2025-04-25,2025-06-26,24350,CE,713.0,728.8,512.0,568.05,568.05,148,5850,975,24039.35
2025-04-25,2025-06-26,25800,CE,0.0,0.0,0.0,193.05,191.8,0,0,0,24039.35
2025-04-25,2025-06-26,25950,CE,0.0,0.0,0.0,168.95,165.45,0,0,0,24039.35
2025-04-25,2025-07-31,22850,CE,0.0,0.0,0.0,2022.55,1846.25,0,0,0,24039.35
2025-04-25,2025-07-31,23350,CE,0.0,0.0,0.0,1649.45,1486.9,0,0,0,24039.35
2025-04-25,2025-07-31,23550,CE,0.0,0.0,0.0,1509.8,1354.95,0,0,0,24039.35
2025-04-25,2025-07-31,23600,CE,0.0,0.0,0.0,1476.2,1323.05,0,0,0,24039.35
2025-04-25,2025-07-31,23900,CE,1000.0,1000.0,916.85,916.85,1141.05,9,450,450,24039.35
2025-04-25,2025-07-31,24100,CE,970.0,970.0,826.0,913.25,1028.85,11,750,750,24039.35
2025-04-25,2025-07-31,24750,CE,0.0,0.0,0.0,824.5,714.75,0,0,0,24039.35
2025-04-25,2025-07-31,25050,CE,0.0,0.0,0.0,693.55,595.45,0,0,0,24039.35
2025-04-25,2025-07-31,25200,CE,330.0,415.8,315.0,365.2,365.2,127,7875,7875,24039.35
2025-04-25,2025-07-31,25300,CE,0.0,0.0,0.0,596.4,507.75,0,0,0,24039.35
2025-04-25,2025-07-31,25550,CE,0.0,0.0,0.0,509.65,430.2,0,0,0,24039.35
2025-04-25,2025-12-24,19000,CE,0.0,0.0,0.0,5600.0,5896.25,0,6950,0,24039.35
2025-04-25,2025-12-24,26000,CE,699.3,715.95,558.85,598.7,598.7,3085,981700,2775,24039.35
2025-04-25,2027-12-30,20000,CE,0.0,0.0,0.0,5333.85,7593.15,0,0,0,24039.35
2025-04-25,2028-12-28,18000,CE,0.0,0.0,0.0,9380.3,10115.45,0,0,0,24039.35
2025-04-25,2028-12-28,23000,CE,0.0,0.0,0.0,6377.6,6768.95,0,0,0,24039.35
2025-04-25,2029-06-28,22000,CE,0.0,0.0,0.0,9207.9,7942.2,0,0,0,24039.35
2025-04-25,2029-12-27,22000,CE,0.0,0.0,0.0,8865.25,8477.65,0,0,0,24039.35
2025-04-25,2029-12-27,28000,CE,0.0,0.0,0.0,5741.5,5350.6,0,0,0,24039.35
2025-04-25,2025-04-30,21250,PE,2.4,5.05,1.35,4.2,4.2,45268,113400,103125,24039.35
2025-04-25,2025-04-30,21950,PE,3.6,8.15,1.45,7.05,7.05,93495,227775,145800,24039.35
2025-04-25,2025-04-30,22150,PE,4.2,9.4,2.05,7.65,7.65,96968,111525,78975,24039.35
2025-04-25,2025-04-30,24050,PE,90.0,292.5,70.55,168.85,168.85,1066082,1404450,1025775,24039.35
2025-04-25,2025-04-30,24100,PE,110.5,326.8,80.5,191.35,191.35,1688647,2709750,-7275,24039.35
2025-04-25,2025-04-30,24300,PE,190.0,483.6,140.1,322.25,322.25,1068643,1889625,-706125,24039.35
2025-04-25,2025-04-30,24600,PE,351.0,753.8,299.4,586.4,586.4,24490,110850,-21975,24039.35
2025-04-25,2025-04-30,24750,PE,446.85,890.2,412.55,738.55,738.55,923,18300,-2025,24039.35
2025-04-25,2025-04-30,25100,PE,833.0,1182.05,832.2,1066.65,1066.65,62,12300,-750,24039.35
2025-04-25,2025-04-30,25450,PE,0.0,0.0,0.0,1093.65,1388.55,0,750,0,24039.35
2025-04-25,2025-04-30,25500,PE,1130.0,1627.45,1125.4,1456.2,1456.2,321,73650,14850,24039.35
2025-04-25,2025-04-30,25600,PE,1378.85,1378.85,1378.85,1378.85,1538.2,1,750,-75,24039.35
2025-04-25,2025-05-08,21600,PE,9.45,14.65,9.4,12.95,12.95,2592,23250,-12750,24039.35
2025-04-25,2025-05-08,23800,PE,123.0,253.2,99.5,186.1,186.1,46622,594750,211425,24039.35
2025-04-25,2025-05-08,24000,PE,140.95,343.2,135.05,255.15,255.15,95321,1419600,315300,24039.35
2025-04-25,2025-05-08,24400,PE,301.95,605.5,264.15,466.8,466.8,12688,103050,-25725,24039.35
2025-04-25,2025-05-08,24450,PE,298.5,647.0,291.4,511.4,511.4,1897,23175,17850,24039.35
2025-04-25,2025-05-08,24750,PE,492.05,879.85,471.65,736.55,736.55,116,5250,2925,24039.35
2025-04-25,2025-05-08,24950,PE,1000.1,1000.1,842.4,842.55,908.45,5,750,150,24039.35
2025-04-25,2025-05-08,25000,PE,665.05,1126.15,658.0,937.55,937.55,1293,46650,34500,24039.35
2025-04-25,2025-05-08,25350,PE,1246.8,1246.8,1246.8,1246.8,1271.55,1,375,75,24039.35
2025-04-25,2025-05-15,20700,PE,10.0,13.9,9.1,12.6,12.6,147,4275,2625,24039.35
2025-04-25,2025-05-15,22500,PE,45.15,68.1,35.4,57.45,57.45,3842,123675,71175,24039.35
2025-04-25,2025-05-15,22600,PE,50.3,57.65,50.3,57.65,57.65,41,4200,0,24039.35
2025-04-25,2025-05-15,23150,PE,88.45,130.65,88.45,109.0,109.0,54,3675,1800,24039.35
2025-04-25,2025-05-15,24450,PE,413.25,637.0,413.25,570.25,570.25,16,825,150,24039.35
2025-04-25,2025-05-15,24800,PE,734.8,734.8,734.8,734.8,812.75,1,75,75,24039.35
2025-04-25,2025-05-15,25550,PE,1413.0,1413.0,1413.0,1413.0,1453.25,1,75,75,24039.35
2025-04-25,2025-05-15,25800,PE,1664.05,1664.05,1664.05,1664.05,1688.2,1,75,75,24039.35
2025-04-25,2025-05-22,22600,PE,0.0,0.0,0.0,66.0,36.1,0,0,0,24039.35
2025-04-25,2025-05-22,22950,PE,112.75,112.75,112.75,112.75,73.3,1,150,75,24039.35
2025-04-25,2025-05-22,23600,PE,165.95,283.0,165.95,249.1,249.1,15,375,375,24039.35
2025-04-25,2025-05-22,23700,PE,266.5,308.6,243.75,268.8,268.8,146,4275,2625,24039.35
2025-04-25,2025-05-29,20350,PE,14.6,20.4,12.05,19.2,19.2,4370,220275,28200,24039.35
2025-04-25,2025-05-29,21150,PE,0.0,0.0,0.0,91.8,1.75,0,750,0,24039.35
2025-04-25,2025-05-29,21950,PE,41.0,72.3,41.0,67.0,67.0,366,13950,375,24039.35
2025-04-25,2025-05-29,23050,PE,145.0,190.85,145.0,167.0,167.0,638,16200,-2100,24039.35
2025-04-25,2025-05-29,23950,PE,270.85,458.35,264.65,391.85,391.85,3095,49350,24675,24039.35
2025-04-25,2025-05-29,24200,PE,363.0,579.4,330.55,484.05,484.05,32135,903525,156000,24039.35
2025-04-25,2025-05-29,24900,PE,665.6,1034.85,664.3,895.1,895.1,180,20325,1050,24039.35
2025-04-25,2025-06-26,20550,PE,0.0,0.0,0.0,15.55,4.15,0,0,0,24039.35
2025-04-25,2025-06-26,21100,PE,0.0,0.0,0.0,36.7,12.4,0,0,0,24039.35
2025-04-25,2025-06-26,21200,PE,0.0,0.0,0.0,48.75,14.9,0,150,0,24039.35
2025-04-25,2025-06-26,22100,PE,110.0,153.45,110.0,139.8,139.8,492,63300,-6750,24039.35
2025-04-25,2025-06-26,22150,PE,0.0,0.0,0.0,118.6,68.2,0,375,0,24039.35
2025-04-25,2025-06-26,22700,PE,160.0,235.15,150.0,213.2,213.2,326,34950,4050,24039.35
2025-04-25,2025-06-26,23150,PE,315.0,315.0,268.7,282.0,233.65,34,2925,525,24039.35
2025-04-25,2025-06-26,24000,PE,400.05,584.6,383.0,503.65,503.65,20079,1732875,94825,24039.35
2025-04-25,2025-06-26,24050,PE,420.45,574.8,420.45,528.35,528.35,161,5925,5100,24039.35
2025-04-25,2025-06-26,24950,PE,781.0,951.9,781.0,951.9,1038.15,3,0,-150,24039.35
2025-04-25,2025-06-26,25250,PE,1187.95,1187.95,1187.95,1187.95,1241.95,1,75,-75,24039.35
2025-04-25,2025-06-26,25750,PE,1539.1,1539.1,1539.1,1539.1,1618.85,1,75,75,24039.35
2025-04-25,2025-06-26,28000,PE,3371.0,3838.85,3355.0,3688.0,3688.0,107,125400,600,24039.35
2025-04-25,2025-07-31,23450,PE,0.0,0.0,0.0,359.8,414.45,0,0,0,24039.35
2025-04-25,2025-07-31,24450,PE,0.0,0.0,0.0,735.15,826.65,0,0,0,24039.35
2025-04-25,2025-07-31,24600,PE,830.0,830.0,830.0,830.0,904.3,1,75,75,24039.35
2025-04-25,2025-07-31,25000,PE,960.0,1100.0,936.5,954.35,954.35,31,1575,1575,24039.35
2025-04-25,2025-07-31,25250,PE,0.0,0.0,0.0,1164.1,1286.85,0,0,0,24039.35
2025-04-25,2025-07-31,25750,PE,0.0,0.0,0.0,1487.55,1628.55,0,0,0,24039.35
2025-04-25,2025-07-31,25950,PE,0.0,0.0,0.0,1627.75,1776.75,0,0,0,24039.35
2025-04-25,2025-09-25,20000,PE,86.95,113.45,86.95,110.4,110.4,1122,281325,9000,24039.35
2025-04-25,2025-12-24,16500,PE,0.0,0.0,0.0,20.3,0.9,0,2750,0,24039.35
2025-04-25,2025-12-24,24000,PE,662.05,788.35,625.0,742.1,742.1,2679,1334000,27575,24039.35
2025-04-25,2026-03-26,21000,PE,0.0,0.0,0.0,191.35,194.15,0,0,0,24039.35
2025-04-25,2026-06-25,13000,PE,0.0,0.0,0.0,21.6,0.1,0,200,0,24039.35
2025-04-25,2026-06-25,18000,PE,0.0,0.0,0.0,3088.05,30.6,0,0,0,24039.35
2025-04-25,2026-06-25,24000,PE,850.0,899.9,850.0,899.9,919.45,4,1575,225,24039.35
2025-04-25,2026-12-31,25000,PE,1230.0,1230.0,1145.0,1160.0,1285.4,6,9525,-300,24039.35
2025-04-25,2026-12-31,26000,PE,1609.9,1609.9,1505.0,1505.0,1682.85,5,5200,-75,24039.35
2025-04-25,2027-06-24,24000,PE,0.0,0.0,0.0,5056.2,951.6,0,0,0,24039.35
2025-04-25,2027-06-24,28000,PE,0.0,0.0,0.0,5959.35,2476.8,0,0,0,24039.35
2025-04-25,2027-12-30,19000,PE,0.0,0.0,0.0,299.95,159.75,0,525,0,24039.35
2025-04-25,2027-12-30,23000,PE,0.0,0.0,0.0,899.15,703.0,0,1950,0,24039.35
2025-04-25,2027-12-30,29000,PE,0.0,0.0,0.0,4227.5,2749.0,0,0,0,24039.35
2025-04-25,2028-06-29,19000,PE,0.0,0.0,0.0,537.45,175.25,0,0,0,24039.35
2025-04-25,2028-06-29,22000,PE,0.0,0.0,0.0,520.05,517.3,0,100,0,24039.35
2025-04-25,2028-06-29,26000,PE,0.0,0.0,0.0,2370.3,1445.8,0,0,0,24039.35
2025-04-25,2028-12-28,18000,PE,0.0,0.0,0.0,250.0,122.65,0,75,0,24039.35
2025-04-25,2029-06-28,19000,PE,0.0,0.0,0.0,170.3,191.8,0,0,0,24039.35
2025-04-25,2029-06-28,22000,PE,0.0,0.0,0.0,422.0,503.5,0,0,0,24039.35
2025-04-25,2029-12-27,25000,PE,0.0,0.0,0.0,785.3,996.55,0,0,0,24039.35
2025-04-25,2025-04-30,20400,CE,0.0,0.0,0.0,2957.5,3657.4,0,0,0,24039.35
2025-04-25,2025-04-30,20650,CE,0.0,0.0,0.0,2711.4,3407.6,0,0,0,24039.35
2025-04-25,2025-05-15,25150,CE,67.0,67.0,45.1,47.95,47.95,39,675,450,24039.35
2025-04-25,2025-05-15,25200,CE,74.4,78.0,32.45,44.0,44.0,2824,59025,25950,24039.35
2025-04-25,2025-05-22,23450,CE,0.0,0.0,0.0,790.1,874.35,0,0,0,24039.35
2025-04-25,2025-05-22,23500,CE,1000.0,1000.0,750.0,814.75,814.75,4,225,150,24039.35
2025-04-25,2025-05-22,24350,CE,0.0,0.0,0.0,323.75,353.75,0,0,0,24039.35
2025-04-25,2025-05-22,25000,CE,155.0,170.5,77.0,99.05,99.05,953,25200,12300,24039.35
2025-04-25,2025-05-29,20500,CE,3992.35,3992.4,3472.0,3590.25,3590.25,138,128700,3450,24039.35
2025-04-25,2025-05-29,21350,CE,2900.5,2900.5,2900.5,2900.5,2826.1,1,1350,75,24039.35
2025-04-25,2025-05-29,21700,CE,2475.85,2477.75,2412.05,2412.05,2482.9,4,3750,75,24039.35
2025-04-25,2025-05-29,22900,CE,1633.8,1633.8,1237.3,1381.3,1381.3,201,178950,-7425,24039.35
2025-04-25,2025-05-29,22950,CE,1246.65,1246.75,1198.95,1198.95,1331.15,4,6900,75,24039.35
2025-04-25,2025-05-29,23150,CE,1209.75,1236.0,1128.0,1140.6,1140.6,138,3300,-9750,24039.35
2025-04-25,2025-05-29,24500,CE,415.95,438.75,227.55,284.1,284.1,74359,3395475,154875,24039.35
2025-04-25,2025-05-29,24750,CE,302.05,305.95,154.0,193.15,193.15,1886,50700,11550,24039.35
2025-04-25,2025-05-29,24800,CE,274.0,287.25,139.55,179.35,179.35,19670,537975,109125,24039.35
2025-04-25,2025-05-29,25350,CE,107.6,107.6,52.55,68.2,68.2,749,39000,15825,24039.35
2025-04-25,2025-05-29,25800,CE,44.85,48.4,24.9,31.6,31.6,16983,359475,89475,24039.35
2025-04-25,2025-06-26,20500,CE,3826.85,3826.85,3826.85,3826.85,3776.45,1,225,75,24039.35
2025-04-25,2025-06-26,20800,CE,3543.8,3543.8,3543.8,3543.8,3483.1,1,225,75,24039.35
2025-04-25,2025-06-26,20850,CE,3496.4,3496.4,3496.4,3496.4,3434.4,1,225,75,24039.35
2025-04-25,2025-06-26,21050,CE,3307.3,3307.3,3307.3,3307.3,3240.25,1,225,75,24039.35
2025-04-25,2025-06-26,21350,CE,3025.0,3025.0,3025.0,3025.0,2951.8,1,225,75,24039.35
2025-04-25,2025-06-26,21650,CE,2751.8,2751.8,2751.8,2751.8,2667.9,1,900,75,24039.35
2025-04-25,2025-06-26,22250,CE,2175.5,2175.5,2175.5,2175.5,2121.0,1,600,75,24039.35
2025-04-25,2025-06-26,22300,CE,2122.5,2122.5,2120.15,2120.15,2077.1,2,1650,150,24039.35
2025-04-25,2025-06-26,22600,CE,1800.0,1861.45,1800.0,1861.45,1820.5,2,3450,-75,24039.35
2025-04-25,2025-06-26,22850,CE,1642.9,1642.9,1642.9,1642.9,1616.8,1,375,75,24039.35
2025-04-25,2025-06-26,23300,CE,1449.4,1508.9,1153.0,1191.45,1277.55,17,12675,-150,24039.35
2025-04-25,2025-06-26,23650,CE,1023.3,1023.3,1021.15,1021.15,1042.3,2,975,150,24039.35
2025-04-25,2025-06-26,23800,CE,1107.05,1115.75,789.0,883.2,883.2,438,25350,9900,24039.35
2025-04-25,2025-06-26,24200,CE,801.0,839.65,559.0,626.95,626.95,737,37950,9750,24039.35
2025-04-25,2025-06-26,24500,CE,635.65,652.75,416.75,477.1,477.1,7944,492000,44775,24039.35
2025-04-25,2025-06-26,25000,CE,370.0,394.0,233.55,277.9,277.9,18812,1167825,-2825,24039.35
2025-04-25,2025-06-26,25200,CE,306.55,310.85,181.95,215.05,215.05,1888,56925,27150,24039.35
2025-04-25,2025-06-26,25300,CE,272.55,275.5,160.65,192.5,192.5,1287,55500,31425,24039.35
2025-04-25,2025-06-26,25400,CE,236.0,236.0,141.7,165.1,165.1,501,18375,14475,24039.35
2025-04-25,2025-06-26,25850,CE,0.0,0.0,0.0,184.7,182.65,0,0,0,24039.35
2025-04-25,2025-07-31,22500,CE,0.0,0.0,0.0,2304.9,2119.95,0,0,0,24039.35
2025-04-25,2025-07-31,23000,CE,0.0,0.0,0.0,1906.55,1734.35,0,0,0,24039.35
2025-04-25,2025-07-31,23150,CE,0.0,0.0,0.0,1793.75,1626.7,0,0,0,24039.35
2025-04-25,2025-07-31,23450,CE,0.0,0.0,0.0,1578.25,1420.05,0,0,0,24039.35
2025-04-25,2025-07-31,24200,CE,0.0,0.0,0.0,1106.6,975.5,0,0,0,24039.35
2025-04-25,2025-09-25,21000,CE,3890.0,3890.0,3690.0,3690.0,3698.05,2,750,75,24039.35
2025-04-25,2025-09-25,26000,CE,400.0,425.0,296.65,334.35,334.35,2372,284100,28650,24039.35
2025-04-25,2025-12-24,18000,CE,0.0,0.0,0.0,6770.0,6836.6,0,10200,0,24039.35
2025-04-25,2025-12-24,25000,CE,1220.95,1227.0,986.0,1054.25,1054.25,2397,1187500,-29550,24039.35
2025-04-25,2025-12-24,28000,CE,178.0,189.95,145.05,159.9,159.9,2964,478475,-4850,24039.35
2025-04-25,2026-06-25,20000,CE,0.0,0.0,0.0,3829.5,5684.4,0,0,0,24039.35
2025-04-25,2026-12-31,19000,CE,0.0,0.0,0.0,8600.0,7186.55,0,125,0,24039.35
2025-04-25,2026-12-31,21000,CE,0.0,0.0,0.0,3356.25,5596.3,0,0,0,24039.35
2025-04-25,2026-12-31,22000,CE,0.0,0.0,0.0,3362.2,4865.45,0,150,0,24039.35
2025-04-25,2028-06-29,17000,CE,0.0,0.0,0.0,7393.45,10388.05,0,0,0,24039.35
2025-04-25,2029-06-28,23000,CE,0.0,0.0,0.0,8636.0,7341.35,0,0,0,24039.35
2025-04-25,2029-12-27,17000,CE,0.0,0.0,0.0,12022.3,11724.65,0,0,0,24039.35
2025-04-25,2025-04-30,20800,PE,1.75,4.0,1.3,2.95,2.95,62281,209175,83775,24039.35
2025-04-25,2025-04-30,21850,PE,2.35,7.45,2.3,6.3,6.3,68015,93900,51300,24039.35
2025-04-25,2025-04-30,22200,PE,4.35,10.0,2.5,8.15,8.15,189305,671925,387750,24039.35
2025-04-25,2025-04-30,22450,PE,5.9,13.35,3.3,10.6,10.6,132082,234825,164550,24039.35
2025-04-25,2025-04-30,22600,PE,6.9,17.15,4.0,12.7,12.7,234082,1409325,859425,24039.35
2025-04-25,2025-04-30,22900,PE,9.35,28.0,6.6,18.7,18.7,246599,1077375,298200,24039.35
2025-04-25,2025-04-30,23800,PE,58.2,162.0,37.35,91.1,91.1,1862793,4305000,2069250,24039.35
2025-04-25,2025-04-30,24000,PE,90.0,261.15,61.75,150.65,150.65,3299988,5725725,1408050,24039.35
2025-04-25,2025-04-30,24550,PE,320.0,707.65,267.05,535.65,535.65,17008,47025,-10050,24039.35
2025-04-25,2025-04-30,24650,PE,386.1,800.0,335.55,644.45,644.45,2676,22275,-6450,24039.35
2025-04-25,2025-04-30,24700,PE,423.05,844.75,375.45,673.95,673.95,7787,189000,-20550,24039.35
2025-04-25,2025-04-30,25200,PE,920.0,1271.05,920.0,1151.85,1151.85,25,9375,225,24039.35
2025-04-25,2025-04-30,25900,PE,0.0,0.0,0.0,1620.0,1837.8,0,1725,0,24039.35
2025-04-25,2025-04-30,26050,PE,0.0,0.0,0.0,2658.5,1987.65,0,0,0,24039.35
2025-04-25,2025-05-08,21100,PE,6.95,12.9,6.95,9.75,9.75,666,10275,10050,24039.35
2025-04-25,2025-05-08,22200,PE,16.0,26.4,14.65,22.8,22.8,16499,356550,312675,24039.35
2025-04-25,2025-05-08,23000,PE,45.1,76.6,32.75,61.0,61.0,62029,904950,315975,24039.35
2025-04-25,2025-05-08,23850,PE,113.45,273.05,108.15,202.85,202.85,11187,65325,39300,24039.35
2025-04-25,2025-05-08,24300,PE,268.9,530.0,224.55,405.35,405.35,26279,233775,-8850,24039.35
2025-04-25,2025-05-08,25700,PE,1607.25,1608.35,1606.75,1607.35,1607.35,4,300,300,24039.35
2025-04-25,2025-05-15,21500,PE,16.95,24.55,16.65,23.2,23.2,279,23925,12600,24039.35
2025-04-25,2025-05-15,23300,PE,94.0,171.0,83.55,140.5,140.5,793,16050,7500,24039.35
2025-04-25,2025-05-15,24000,PE,226.45,403.9,191.0,322.35,322.35,8764,130650,6000,24039.35
2025-04-25,2025-05-15,24900,PE,815.5,815.5,815.5,815.5,890.3,1,75,75,24039.35
2025-04-25,2025-05-15,24950,PE,857.4,857.4,855.25,855.25,930.2,2,150,150,24039.35
2025-04-25,2025-05-15,25200,PE,1060.35,1060.35,1060.35,1060.35,1139.15,1,75,75,24039.35
2025-04-25,2025-05-15,26050,PE,0.0,0.0,0.0,3481.5,1928.85,0,0,0,24039.35
2025-04-25,2025-05-15,26100,PE,2015.15,2015.15,2011.05,2013.1,2013.1,2,150,150,24039.35
2025-04-25,2025-05-22,23350,PE,0.0,0.0,0.0,217.9,147.4,0,0,0,24039.35
2025-04-25,2025-05-22,23750,PE,0.0,0.0,0.0,362.9,266.8,0,0,0,24039.35
2025-04-25,2025-05-22,24550,PE,0.0,0.0,0.0,808.1,670.45,0,0,0,24039.35
2025-04-25,2025-05-22,25000,PE,0.0,0.0,0.0,1141.9,991.05,0,0,0,24039.35
2025-04-25,2025-05-22,25600,PE,0.0,0.0,0.0,1653.8,1495.65,0,0,0,24039.35
2025-04-25,2025-05-22,26050,PE,0.0,0.0,0.0,2070.3,1911.3,0,0,0,24039.35
2025-04-25,2025-05-29,20800,PE,20.1,35.35,18.85,28.6,28.6,2299,100650,4800,24039.35
2025-04-25,2025-05-29,22000,PE,49.0,76.2,42.45,68.15,68.15,49736,2815275,280575,24039.35
2025-04-25,2025-05-29,22150,PE,40.05,53.95,40.05,53.95,21.85,23,9525,0,24039.35
2025-04-25,2025-05-29,22550,PE,77.45,121.0,74.9,109.65,109.65,426,20100,2850,24039.35
2025-04-25,2025-05-29,22650,PE,77.1,134.5,76.7,118.9,118.9,460,11325,-675,24039.35
2025-04-25,2025-05-29,22700,PE,78.05,140.2,76.65,121.35,121.35,7976,352875,29325,24039.35
2025-04-25,2025-05-29,22750,PE,100.0,146.95,100.0,129.4,129.4,508,17250,-2850,24039.35
2025-04-25,2025-05-29,23000,PE,121.0,187.55,103.0,160.1,160.1,70447,3385875,201300,24039.35
2025-04-25,2025-05-29,23750,PE,208.15,378.2,208.1,325.65,325.65,1895,63975,35025,24039.35
2025-04-25,2025-05-29,24100,PE,360.25,528.6,293.75,449.7,449.7,29887,696075,243750,24039.35
2025-04-25,2025-05-29,24350,PE,400.0,655.8,381.0,553.55,553.55,3646,78600,27750,24039.35
2025-04-25,2025-05-29,24550,PE,467.45,783.4,464.0,654.7,654.7,468,14400,5775,24039.35
2025-04-25,2025-05-29,24600,PE,508.0,821.95,485.95,701.5,701.5,3452,85425,3600,24039.35
2025-04-25,2025-05-29,25250,PE,1132.0,1135.45,1132.0,1135.45,1198.5,2,150,-75,24039.35
2025-04-25,2025-05-29,25650,PE,1512.6,1512.6,1512.6,1512.6,1533.1,1,75,75,24039.35
2025-04-25,2025-06-26,17000,PE,9.3,11.6,8.5,10.7,10.7,666,170100,7200,24039.35
2025-04-25,2025-06-26,20700,PE,0.0,0.0,0.0,19.9,5.7,0,0,0,24039.35
2025-04-25,2025-06-26,21350,PE,0.0,0.0,0.0,66.6,19.45,0,8025,0,24039.35
2025-04-25,2025-06-26,21800,PE,84.0,131.25,80.1,116.65,116.65,1040,96225,5325,24039.35
2025-04-25,2025-06-26,22300,PE,124.45,176.15,112.7,160.7,160.7,786,88125,15600,24039.35
2025-04-25,2025-06-26,22550,PE,0.0,0.0,0.0,145.0,116.35,0,1725,0,24039.35
2025-04-25,2025-06-26,22850,PE,231.1,231.1,231.1,231.1,167.3,1,1800,0,24039.35
2025-04-25,2025-06-26,23050,PE,255.0,275.35,255.0,270.9,270.9,137,6000,4800,24039.35
2025-04-25,2025-06-26,23350,PE,252.55,349.2,252.55,322.45,287.2,62,2625,1800,24039.35
2025-04-25,2025-06-26,24700,PE,636.95,929.7,629.7,820.05,820.05,335,4800,1425,24039.35
2025-04-25,2025-06-26,25550,PE,1377.9,1377.9,1377.9,1377.9,1463.1,1,75,75,24039.35
2025-04-25,2025-06-26,25900,PE,1665.05,1665.05,1665.05,1665.05,1739.7,1,75,75,24039.35
2025-04-25,2025-06-26,26050,PE,1785.55,1785.55,1785.55,1785.55,1863.7,1,75,75,24039.35
2025-04-25,2025-07-31,22700,PE,232.0,300.0,232.0,300.0,219.1,123,9225,9225,24039.35
2025-04-25,2025-07-31,23050,PE,0.0,0.0,0.0,257.3,300.15,0,0,0,24039.35
2025-04-25,2025-07-31,24100,PE,0.0,0.0,0.0,583.6,661.65,0,0,0,24039.35
2025-04-25,2025-07-31,24400,PE,0.0,0.0,0.0,712.15,801.7,0,0,0,24039.35
2025-04-25,2025-07-31,25800,PE,0.0,0.0,0.0,1522.05,1664.75,0,0,0,24039.35
2025-04-25,2025-12-24,15000,PE,20.05,20.05,20.05,20.05,0.1,1,3025,0,24039.35
2025-04-25,2025-12-24,19000,PE,99.1,114.0,95.35,109.7,109.7,447,197225,-525,24039.35
2025-04-25,2025-12-24,21000,PE,192.65,240.0,190.0,228.0,228.0,1770,802050,-5925,24039.35
2025-04-25,2026-03-26,20000,PE,0.0,0.0,0.0,95.7,98.75,0,0,0,24039.35
2025-04-25,2026-03-26,26000,PE,0.0,0.0,0.0,1813.3,1779.0,0,0,0,24039.35
2025-04-25,2026-03-26,27000,PE,0.0,0.0,0.0,2406.7,2359.55,0,0,0,24039.35
2025-04-25,2026-06-25,12000,PE,0.0,0.0,0.0,20.05,0.05,0,475,0,24039.35
2025-04-25,2026-06-25,14000,PE,0.0,0.0,0.0,20.05,0.3,0,1075,0,24039.35
2025-04-25,2026-06-25,16000,PE,0.0,0.0,0.0,21.0,4.35,0,2275,0,24039.35
2025-04-25,2026-06-25,17000,PE,0.0,0.0,0.0,2627.25,12.4,0,0,0,24039.35
2025-04-25,2026-06-25,29000,PE,0.0,0.0,0.0,5546.1,3558.6,0,0,0,24039.35
2025-04-25,2026-12-31,29000,PE,0.0,0.0,0.0,5042.25,3234.9,0,0,0,24039.35
2025-04-25,2027-06-24,17000,PE,0.0,0.0,0.0,1814.75,42.9,0,0,0,24039.35
2025-04-25,2027-06-24,29000,PE,0.0,0.0,0.0,4627.1,2984.85,0,0,0,24039.35
2025-04-25,2027-12-30,18000,PE,144.55,144.55,144.55,144.55,98.4,1,10175,0,24039.35
2025-04-25,2027-12-30,26000,PE,0.0,0.0,0.0,1951.6,1526.3,0,75,0,24039.35
2025-04-25,2027-12-30,27000,PE,0.0,0.0,0.0,2492.45,1890.25,0,75,0,24039.35
2025-04-25,2028-06-29,25000,PE,0.0,0.0,0.0,2016.8,1157.6,0,0,0,24039.35
2025-04-25,2029-06-28,18000,PE,0.0,0.0,0.0,118.45,129.8,0,0,0,24039.35
2025-04-25,2029-06-28,28000,PE,0.0,0.0,0.0,1488.1,1864.4,0,0,0,24039.35
2025-04-25,2029-12-27,20000,PE,0.0,0.0,0.0,202.3,272.8,0,0,0,24039.35
2025-04-25,2025-05-08,24300,CE,300.5,344.2,124.65,174.7,174.7,49509,441825,164100,24039.35
2025-04-25,2025-05-08,24000,CE,513.85,599.0,234.2,319.0,319.0,58090,1886775,330975,24039.35
2025-04-25,2025-05-08,22750,CE,1379.3,1379.3,1375.15,1377.25,1377.25,2,375,150,24039.35
2025-04-25,2025-05-08,22400,CE,1692.0,1692.0,1590.0,1643.9,1643.9,8,2100,-300,24039.35
2025-04-25,2025-05-08,22050,CE,2088.3,2088.3,2005.25,2046.8,2046.8,2,300,150,24039.35
2025-04-25,2025-05-08,21950,CE,2099.6,2101.55,2099.6,2100.6,2100.6,2,600,150,24039.35
2025-04-25,2025-05-08,21400,CE,0.0,0.0,0.0,2009.75,2688.5,0,0,0,24039.35
2025-04-25,2025-05-08,21350,CE,0.0,0.0,0.0,2847.95,2738.35,0,75,0,24039.35
2025-04-25,2025-05-08,20850,CE,0.0,0.0,0.0,2544.75,3237.2,0,0,0,24039.35
2025-04-25,2025-04-30,25500,CE,3.45,3.95,1.65,1.85,1.85,792555,7346400,1131375,24039.35
2025-04-25,2025-04-30,24500,CE,104.8,122.85,25.4,33.85,33.85,2332685,8800050,4988625,24039.35
2025-04-25,2025-04-30,23800,CE,559.4,625.2,223.0,336.15,336.15,249758,562875,159300,24039.35
2025-04-25,2025-04-30,23650,CE,743.75,749.95,326.0,448.1,448.1,8440,50925,31500,24039.35
2025-04-25,2025-04-30,23050,CE,1299.0,1299.0,923.5,1059.35,1059.35,11,6600,-75,24039.35
2025-04-25,2025-04-30,22800,CE,1539.3,1539.3,1098.15,1240.15,1240.15,162,48225,-4050,24039.35
2025-04-25,2025-04-30,22700,CE,1561.0,1561.0,1210.0,1354.35,1354.35,62,75975,-1650,24039.35
2025-04-25,2025-04-30,22300,CE,1750.0,1860.0,1650.0,1860.0,1759.05,8,14850,-375,24039.35
2025-04-25,2025-04-30,21500,CE,2538.25,2580.0,2458.7,2580.0,2580.0,9,24225,-375,24039.35
2025-04-25,2025-04-30,21250,CE,0.0,0.0,0.0,2926.8,2808.15,0,150,0,24039.35
2025-04-25,2025-04-30,21150,CE,0.0,0.0,0.0,3026.1,2908.05,0,150,0,24039.35
2025-04-25,2025-04-30,20600,CE,0.0,0.0,0.0,3281.55,3457.55,0,75,0,24039.35
2025-04-25,2025-05-08,24450,CE,251.0,255.5,89.2,126.6,126.6,15184,92175,57225,24039.35
2025-04-25,2025-05-08,24950,CE,79.95,82.2,29.3,35.85,35.85,8940,84375,55050,24039.35
2025-04-25,2025-05-08,25500,CE,22.05,23.2,8.6,10.85,10.85,34216,437250,6750,24039.35
2025-04-25,2025-05-15,21150,CE,2978.95,2978.95,2977.1,2978.05,2978.05,2,150,150,24039.35
2025-04-25,2025-05-15,21600,CE,2549.95,2549.95,2549.95,2549.95,2516.3,1,75,75,24039.35
2025-04-25,2025-05-15,22100,CE,2040.75,2040.75,2040.75,2040.75,2021.75,1,75,75,24039.35
2025-04-25,2025-05-15,22350,CE,1802.85,1802.85,1802.85,1802.85,1777.85,1,75,75,24039.35
2025-04-25,2025-05-15,22450,CE,1728.05,1728.05,1728.05,1728.05,1681.45,1,75,75,24039.35
2025-04-25,2025-05-15,22550,CE,1632.9,1632.9,1632.9,1632.9,1585.95,1,75,75,24039.35
2025-04-25,2025-05-15,23100,CE,1115.0,1115.0,985.0,1075.7,1086.15,10,600,525,24039.35
2025-04-25,2025-05-15,24100,CE,538.05,554.1,275.0,358.5,358.5,1654,24675,14850,24039.35
2025-04-25,2025-05-15,24750,CE,125.0,154.85,82.8,117.15,117.15,274,8850,7800,24039.35
2025-04-25,2025-05-15,24950,CE,91.45,91.45,82.05,83.9,107.55,4,225,150,24039.35
2025-04-25,2025-04-30,25800,CE,1.55,2.15,1.15,1.3,1.3,385004,4015200,494250,24039.35
2025-04-25,2025-05-08,21050,CE,0.0,0.0,0.0,3142.8,3037.65,0,75,0,24039.35
2025-04-25,2025-05-08,22350,CE,1718.6,1718.6,1717.15,1717.9,1717.9,2,525,150,24039.35
2025-04-25,2025-05-08,23000,CE,1352.1,1352.1,972.0,1107.0,1107.0,385,84375,-2625,24039.35
2025-04-25,2025-05-08,23500,CE,960.65,972.0,550.1,677.7,677.7,1910,150075,25575,24039.35
2025-04-25,2025-05-08,23550,CE,781.0,781.0,515.35,623.4,623.4,154,5850,1050,24039.35
2025-04-25,2025-05-08,23700,CE,778.0,778.0,410.0,520.3,520.3,1649,80400,4500,24039.35
2025-04-25,2025-05-08,24550,CE,182.05,209.4,69.95,96.8,96.8,11967,98775,57525,24039.35
2025-04-25,2025-05-08,24600,CE,173.15,188.55,62.0,86.5,86.5,48928,1242525,1045875,24039.35
2025-04-25,2025-05-08,25250,CE,42.2,42.2,15.35,19.3,19.3,3067,34800,19950,24039.35
2025-04-25,2025-05-08,25300,CE,32.0,34.65,12.75,16.85,16.85,21578,181650,77850,24039.35
2025-04-25,2025-05-15,20950,CE,3173.1,3173.1,3173.1,3173.1,3173.1,1,75,75,24039.35
2025-04-25,2025-05-15,22000,CE,2176.45,2176.45,2176.45,2176.45,2120.15,1,75,75,24039.35
2025-04-25,2025-05-15,22150,CE,1992.9,1992.9,1992.9,1992.9,1972.7,1,75,75,24039.35
2025-04-25,2025-05-15,22850,CE,1385.65,1385.65,1385.65,1385.65,1306.85,1,75,75,24039.35
2025-04-25,2025-05-15,23300,CE,1010.0,1011.85,823.2,823.2,920.4,10,1500,-150,24039.35
2025-04-25,2025-05-15,23800,CE,775.0,775.0,434.95,546.7,546.7,510,7800,1950,24039.35
2025-04-25,2025-05-15,23850,CE,437.05,590.0,407.05,503.15,503.15,113,3375,2550,24039.35
2025-04-25,2025-05-15,25250,CE,63.05,63.05,42.3,43.1,43.1,15,900,225,24039.35
2025-04-25,2025-05-15,25350,CE,52.45,52.45,32.75,32.75,32.75,3,150,75,24039.35
2025-04-25,2025-05-15,25400,CE,47.6,48.4,23.0,30.8,30.8,1846,16425,8100,24039.35
2025-04-25,2025-05-15,25750,CE,22.8,25.95,12.0,17.35,17.35,128,7350,5625,24039.35
2025-04-25,2025-05-22,22800,CE,0.0,0.0,0.0,1280.65,1402.6,0,0,0,24039.35
2025-04-25,2025-05-22,23150,CE,0.0,0.0,0.0,1002.65,1104.95,0,0,0,24039.35
2025-04-25,2025-05-22,23850,CE,0.0,0.0,0.0,550.2,607.8,0,0,0,24039.35
2025-04-25,2025-05-22,23950,CE,723.2,723.2,723.2,723.2,549.9,1,75,75,24039.35
2025-04-25,2025-05-22,24950,CE,163.4,163.4,122.6,122.6,160.7,3,450,150,24039.35
2025-04-25,2025-05-22,25550,CE,0.0,0.0,0.0,62.0,62.0,0,0,0,24039.35
2025-04-25,2025-05-22,25750,CE,0.0,0.0,0.0,44.55,43.5,0,0,0,24039.35
2025-04-25,2025-05-22,26100,CE,22.05,22.05,11.3,15.45,15.45,35,2400,1575,24039.35
2025-04-25,2025-05-29,21050,CE,3191.95,3191.95,3191.95,3191.95,3122.4,1,1800,75,24039.35
2025-04-25,2025-05-29,21250,CE,2999.05,2999.05,2999.05,2999.05,2924.7,1,1725,75,24039.35
2025-04-25,2025-05-29,21600,CE,2790.0,2790.0,2657.25,2657.25,2580.55,2,7275,75,24039.35
2025-04-25,2025-05-29,22650,CE,1510.0,1583.6,1510.0,1583.6,1589.7,3,10800,0,24039.35
2025-04-25,2025-05-29,23300,CE,1304.0,1319.0,911.0,1048.15,1048.15,370,138525,3300,24039.35
2025-04-25,2025-05-29,23650,CE,1003.85,1003.85,661.8,777.9,777.9,215,14625,6000,24039.35
2025-04-25,2025-05-29,23800,CE,879.25,915.0,565.9,673.95,673.95,7138,367200,-14700,24039.35
2025-04-25,2025-05-29,25900,CE,36.15,40.0,20.9,26.5,26.5,14342,516675,-138450,24039.35
2025-04-25,2025-06-26,20600,CE,3733.85,3733.85,3733.85,3733.85,3678.5,1,225,75,24039.35
2025-04-25,2025-06-26,20750,CE,3589.8,3589.8,3589.8,3589.8,3531.85,1,225,75,24039.35
2025-04-25,2025-06-26,20950,CE,3401.75,3401.75,3401.75,3401.75,3337.2,1,225,75,24039.35
2025-04-25,2025-06-26,21800,CE,2435.0,2467.0,2410.0,2430.0,2528.2,5,900,150,24039.35
2025-04-25,2025-06-26,22900,CE,1553.5,1603.15,1553.5,1603.15,1603.15,4,1425,-150,24039.35
2025-04-25,2025-06-26,23250,CE,1337.15,1337.15,1337.15,1337.15,1314.3,1,525,75,24039.35
2025-04-25,2025-06-26,23950,CE,779.95,833.7,704.65,809.5,809.5,37,1650,975,24039.35
2025-04-25,2025-06-26,24150,CE,665.0,752.3,587.3,669.65,669.65,129,5625,4125,24039.35
2025-04-25,2025-06-26,24400,CE,701.05,706.0,461.5,523.75,523.75,603,26925,11700,24039.35
2025-04-25,2025-06-26,24550,CE,593.25,593.45,395.0,510.0,564.55,72,5025,3825,24039.35
2025-04-25,2025-06-26,24800,CE,475.55,481.5,297.85,348.3,348.3,1279,28125,13275,24039.35
2025-04-25,2025-06-26,24850,CE,381.4,387.6,308.45,333.65,333.65,63,1575,-3525,24039.35
2025-04-25,2025-06-26,25050,CE,301.0,302.75,247.0,247.0,247.0,5,3225,0,24039.35
2025-04-25,2025-06-26,25600,CE,187.05,190.45,106.8,129.5,129.5,506,12075,11700,24039.35
2025-04-25,2025-06-26,25700,CE,169.5,169.5,93.0,118.1,118.1,348,8700,8700,24039.35
2025-04-25,2025-06-26,26050,CE,0.0,0.0,0.0,154.3,149.55,0,0,0,24039.35
2025-04-25,2025-06-26,29000,CE,13.0,13.85,11.6,12.5,12.5,1003,285975,-15150,24039.35
2025-04-25,2025-07-31,22700,CE,0.0,0.0,0.0,2141.65,1961.45,0,0,0,24039.35
2025-04-25,2025-07-31,22750,CE,0.0,0.0,0.0,2101.6,1922.65,0,0,0,24039.35
2025-04-25,2025-07-31,22900,CE,0.0,0.0,0.0,1983.5,1808.55,0,0,0,24039.35
2025-04-25,2025-07-31,23200,CE,0.0,0.0,0.0,1757.85,1590.35,0,0,0,24039.35
2025-04-25,2025-07-31,23300,CE,0.0,0.0,0.0,1685.2,1520.95,0,0,0,24039.35
2025-04-25,2025-07-31,25150,CE,0.0,0.0,0.0,653.4,559.1,0,0,0,24039.35
2025-04-25,2025-07-31,25400,CE,0.0,0.0,0.0,560.45,475.55,0,0,0,24039.35
2025-04-25,2025-09-25,23000,CE,2165.0,2165.0,1835.0,1963.45,1963.45,148,127425,1950,24039.35
2025-04-25,2025-12-24,20000,CE,5049.95,5050.0,4658.5,4757.15,4978.05,34,63975,0,24039.35
2025-04-25,2026-06-25,19000,CE,0.0,0.0,0.0,5792.0,6543.7,0,100,0,24039.35
2025-04-25,2026-06-25,22000,CE,0.0,0.0,0.0,2722.55,4101.3,0,0,0,24039.35
2025-04-25,2026-06-25,23000,CE,0.0,0.0,0.0,2645.65,3401.95,0,0,0,24039.35
2025-04-25,2026-12-31,16000,CE,0.0,0.0,0.0,6200.0,9769.4,0,50,0,24039.35
2025-04-25,2027-12-30,17000,CE,0.0,0.0,0.0,6805.5,9907.85,0,0,0,24039.35
2025-04-25,2027-12-30,25000,CE,0.0,0.0,0.0,3458.35,4381.05,0,0,0,24039.35
2025-04-25,2027-12-30,26000,CE,0.0,0.0,0.0,3162.4,3865.55,0,0,0,24039.35
2025-04-25,2027-12-30,29000,CE,0.0,0.0,0.0,1932.55,2584.4,0,0,0,24039.35
2025-04-25,2028-06-29,28000,CE,0.0,0.0,0.0,2596.45,3583.95,0,0,0,24039.35
2025-04-25,2028-12-28,27000,CE,0.0,0.0,0.0,4437.95,4634.4,0,0,0,24039.35
2025-04-25,2028-12-28,28000,CE,0.0,0.0,0.0,4027.15,4186.65,0,0,0,24039.35
2025-04-25,2029-06-28,24000,CE,0.0,0.0,0.0,8085.35,6769.2,0,0,0,24039.35
2025-04-25,2029-12-27,23000,CE,0.0,0.0,0.0,8286.75,7891.2,0,0,0,24039.35
2025-04-25,2025-04-30,20650,PE,1.6,3.85,1.3,2.75,2.75,34830,53025,22500,24039.35
2025-04-25,2025-04-30,21500,PE,3.0,5.7,1.8,4.9,4.9,289532,2581950,1068150,24039.35
2025-04-25,2025-04-30,21700,PE,2.85,6.7,1.8,5.45,5.45,165812,407700,172050,24039.35
2025-04-25,2025-04-30,22500,PE,5.5,14.8,3.5,11.35,11.35,544084,4031025,1396950,24039.35
2025-04-25,2025-04-30,22800,PE,9.0,23.45,5.15,16.4,16.4,376772,1483125,492600,24039.35
2025-04-25,2025-04-30,23550,PE,28.0,90.0,21.75,53.05,53.05,426550,680325,462525,24039.35
2025-04-25,2025-04-30,23600,PE,34.0,100.55,24.0,58.25,58.25,872785,2211375,838125,24039.35
2025-04-25,2025-04-30,23950,PE,75.0,232.0,54.25,131.95,131.95,1281981,1471950,978900,24039.35
2025-04-25,2025-04-30,25050,PE,1073.1,1073.1,979.0,1017.3,1017.3,4,600,75,24039.35
2025-04-25,2025-04-30,25300,PE,962.0,1329.0,949.85,1253.0,1253.0,98,4500,1575,24039.35
2025-04-25,2025-04-30,25650,PE,0.0,0.0,0.0,1291.75,1588.1,0,150,0,24039.35
2025-04-25,2025-05-08,20550,PE,4.05,7.7,4.05,6.8,6.8,228,2175,2175,24039.35
2025-04-25,2025-05-08,21950,PE,12.55,19.65,12.05,18.35,18.35,859,14700,10950,24039.35
2025-04-25,2025-05-08,22350,PE,22.05,30.2,15.95,27.85,27.85,2188,22425,14625,24039.35
2025-04-25,2025-05-08,22550,PE,0.0,0.0,0.0,32.3,5.3,0,14100,0,24039.35
2025-04-25,2025-05-08,22950,PE,33.95,70.7,31.45,59.0,59.0,3016,39975,23925,24039.35
2025-04-25,2025-05-08,23700,PE,101.0,216.75,82.85,161.8,161.8,33075,504375,318975,24039.35
2025-04-25,2025-05-08,24550,PE,346.15,718.8,342.1,583.65,583.65,941,9600,3375,24039.35
2025-04-25,2025-05-08,25650,PE,1557.9,1558.95,1557.9,1558.25,1558.25,4,300,300,24039.35
2025-04-25,2025-05-08,25950,PE,1854.75,1856.45,1854.75,1855.4,1855.4,3,225,225,24039.35
2025-04-25,2025-05-15,21350,PE,9.6,9.6,9.6,9.6,0.3,1,2700,0,24039.35
2025-04-25,2025-05-15,21800,PE,21.0,21.0,21.0,21.0,1.6,3,1950,-225,24039.35
2025-04-25,2025-05-15,23400,PE,95.0,192.05,92.9,158.05,158.05,1291,35775,24000,24039.35
2025-04-25,2025-05-15,23650,PE,229.9,256.6,186.75,215.6,215.6,46,2025,1500,24039.35
2025-04-25,2025-05-15,24150,PE,242.9,477.75,235.75,378.4,378.4,596,7875,1875,24039.35
2025-04-25,2025-05-15,24350,PE,320.55,596.25,293.7,491.3,491.3,603,4200,-2625,24039.35
2025-04-25,2025-05-15,25950,PE,0.0,0.0,0.0,3382.4,1832.05,0,0,0,24039.35
2025-04-25,2025-05-22,22100,PE,40.0,62.9,39.9,57.95,57.95,217,10350,8700,24039.35
2025-04-25,2025-05-22,23150,PE,163.7,163.7,163.7,163.7,105.4,1,0,-75,24039.35
2025-04-25,2025-05-22,23200,PE,0.0,0.0,0.0,177.2,114.9,0,0,0,24039.35
2025-04-25,2025-05-22,23950,PE,271.6,327.95,271.6,327.95,327.95,3,375,-150,24039.35
2025-04-25,2025-05-22,24100,PE,288.05,489.45,288.05,399.15,399.15,93,2700,1575,24039.35
2025-04-25,2025-05-22,25700,PE,0.0,0.0,0.0,1744.5,1585.9,0,0,0,24039.35
2025-04-25,2025-05-22,26000,PE,0.0,0.0,0.0,2023.1,1864.05,0,0,0,24039.35
2025-04-25,2025-05-29,20400,PE,14.5,22.0,14.45,20.9,20.9,6604,186900,-71550,24039.35
2025-04-25,2025-05-29,20950,PE,29.0,31.4,28.5,30.45,30.45,67,5850,2700,24039.35
2025-04-25,2025-05-29,21050,PE,0.0,0.0,0.0,30.25,1.3,0,1050,0,24039.35
2025-04-25,2025-05-29,21700,PE,41.1,58.75,34.7,53.2,53.2,1454,165825,5175,24039.35
2025-04-25,2025-05-29,22850,PE,95.65,160.1,92.35,142.4,142.4,537,16875,-4200,24039.35
2025-04-25,2025-05-29,23150,PE,126.3,212.2,126.3,185.85,185.85,449,12975,-2250,24039.35
2025-04-25,2025-05-29,23250,PE,135.75,233.8,132.6,203.65,203.65,1356,22875,3150,24039.35
2025-04-25,2025-05-29,23400,PE,170.0,270.75,148.6,232.3,232.3,8434,390150,35775,24039.35
2025-04-25,2025-05-29,23450,PE,163.0,279.75,156.6,243.65,243.65,1103,44175,16275,24039.35
2025-04-25,2025-05-29,23700,PE,234.1,361.0,200.0,304.6,304.6,11942,513150,34500,24039.35
2025-04-25,2025-05-29,24150,PE,317.95,550.45,317.5,470.95,470.95,3881,98025,43125,24039.35
2025-04-25,2025-05-29,24700,PE,556.6,889.5,540.4,769.05,769.05,1501,39975,-5250,24039.35
2025-04-25,2025-05-29,25050,PE,943.0,943.0,943.0,943.0,1044.15,1,1350,-75,24039.35
2025-04-25,2025-05-29,25400,PE,1047.9,1429.5,1009.1,1307.15,1307.15,42,57525,-450,24039.35
2025-04-25,2025-05-29,25450,PE,1308.85,1308.85,1308.85,1308.85,1362.2,1,75,75,24039.35
2025-04-25,2025-05-29,25800,PE,1435.6,1614.2,1435.6,1614.2,1665.35,3,24075,-75,24039.35
2025-04-25,2025-05-29,26050,PE,1879.3,1946.15,1879.3,1936.7,1936.7,8,600,600,24039.35
2025-04-25,2025-06-26,15000,PE,5.3,8.0,5.3,6.8,6.8,55,22750,-75,24039.35
2025-04-25,2025-06-26,21000,PE,60.0,82.45,53.25,77.45,77.45,9061,1768750,-1350,24039.35
2025-04-25,2025-06-26,21650,PE,0.0,0.0,0.0,368.75,32.1,0,7275,0,24039.35
2025-04-25,2025-06-26,23550,PE,425.75,425.75,361.4,369.7,349.35,81,3975,3525,24039.35
2025-04-25,2025-06-26,23700,PE,314.95,473.5,314.95,415.45,415.45,1125,55575,11100,24039.35
2025-04-25,2025-06-26,23750,PE,450.55,486.55,399.95,429.85,420.3,26,1725,1050,24039.35
2025-04-25,2025-06-26,23900,PE,363.45,543.95,356.0,474.55,474.55,1093,25350,15075,24039.35
2025-04-25,2025-06-26,24150,PE,525.0,617.85,524.1,568.9,568.9,342,13500,10500,24039.35
2025-04-25,2025-06-26,24200,PE,445.45,670.0,441.5,585.75,585.75,1116,64500,16950,24039.35
2025-04-25,2025-06-26,24800,PE,706.85,993.05,676.05,893.9,893.9,330,6375,1575,24039.35
2025-04-25,2025-06-26,25450,PE,1300.7,1300.7,1300.7,1300.7,1388.5,1,75,75,24039.35
2025-04-25,2025-06-26,25500,PE,1102.05,1506.0,1097.0,1357.7,1357.7,258,25050,5775,24039.35
2025-04-25,2025-07-31,23250,PE,0.0,0.0,0.0,306.45,353.35,0,0,0,24039.35
2025-04-25,2025-07-31,23600,PE,505.2,505.2,505.2,505.2,464.75,2,150,150,24039.35
2025-04-25,2025-07-31,23900,PE,0.0,0.0,0.0,506.9,577.45,0,0,0,24039.35
2025-04-25,2025-07-31,24800,PE,0.0,0.0,0.0,908.8,1014.15,0,0,0,24039.35
2025-04-25,2025-07-31,25050,PE,0.0,0.0,0.0,1046.3,1161.4,0,0,0,24039.35
2025-04-25,2025-07-31,25150,PE,0.0,0.0,0.0,1104.35,1223.3,0,0,0,24039.35
2025-04-25,2025-09-25,27000,PE,0.0,0.0,0.0,1168.15,2540.55,0,0,0,24039.35
2025-04-25,2025-12-24,16000,PE,0.0,0.0,0.0,20.6,0.4,0,2500,0,24039.35
2025-04-25,2025-12-24,20000,PE,134.95,164.95,130.05,159.25,159.25,1564,591400,3150,24039.35
2025-04-25,2025-12-24,28000,PE,2755.6,3100.0,2689.55,2994.15,2994.15,25,327450,525,24039.35
2025-04-25,2025-12-24,29000,PE,0.0,0.0,0.0,5100.0,3969.2,0,13075,0,24039.35
2025-04-25,2026-03-26,19000,PE,0.0,0.0,0.0,42.6,45.0,0,0,0,24039.35
2025-04-25,2026-03-26,25000,PE,0.0,0.0,0.0,1307.55,1285.45,0,0,0,24039.35
2025-04-25,2026-06-25,15000,PE,0.0,0.0,0.0,20.2,1.3,0,1000,0,24039.35
2025-04-25,2026-06-25,20000,PE,0.0,0.0,0.0,3159.75,132.05,0,0,0,24039.35
2025-04-25,2026-12-31,24000,PE,929.0,970.0,920.0,936.0,936.0,25,16125,525,24039.35
2025-04-25,2026-12-31,28000,PE,2545.0,2590.0,2545.0,2590.0,2660.85,2,750,-150,24039.35
2025-04-25,2027-12-30,21000,PE,0.0,0.0,0.0,440.05,362.65,0,125,0,24039.35
2025-04-25,2028-06-29,17000,PE,0.0,0.0,0.0,283.1,68.3,0,0,0,24039.35
2025-04-25,2028-06-29,18000,PE,0.0,0.0,0.0,396.75,112.35,0,0,0,24039.35
2025-04-25,2028-06-29,20000,PE,0.0,0.0,0.0,400.0,261.15,0,0,0,24039.35
2025-04-25,2028-06-29,23000,PE,0.0,0.0,0.0,1399.25,694.1,0,0,0,24039.35
2025-04-25,2028-06-29,28000,PE,0.0,0.0,0.0,3161.35,2141.6,0,0,0,24039.35
2025-04-25,2029-06-28,17000,PE,0.0,0.0,0.0,79.3,84.1,0,0,0,24039.35
2025-04-25,2029-06-28,25000,PE,0.0,0.0,0.0,852.5,1050.3,0,0,0,24039.35
2025-04-25,2029-12-27,17000,PE,0.0,0.0,0.0,62.8,89.1,0,0,0,24039.35
2025-04-25,2025-04-30,23150,CE,1195.0,1218.0,760.0,942.0,914.5,42,9975,1575,24039.35
2025-04-25,2025-04-30,23100,CE,1200.0,1201.5,800.0,961.7,961.7,536,117450,-2325,24039.35
2025-04-25,2025-04-30,22900,CE,1440.8,1464.55,1005.0,1123.9,1123.9,148,52575,-7725,24039.35
2025-04-25,2025-04-30,22850,CE,1430.6,1430.6,1099.0,1145.4,1210.25,7,9150,-300,24039.35
2025-04-25,2025-04-30,21750,CE,0.0,0.0,0.0,2433.4,2308.6,0,825,0,24039.35
2025-04-25,2025-04-30,20950,CE,0.0,0.0,0.0,2924.85,3107.85,0,75,0,24039.35
2025-04-25,2025-04-30,20750,CE,0.0,0.0,0.0,3423.25,3307.7,0,75,0,24039.35
2025-04-25,2025-04-30,23300,CE,1080.65,1089.4,617.0,769.65,769.65,5199,143175,-34950,24039.35
2025-04-25,2025-04-30,24400,CE,159.9,171.0,33.8,47.65,47.65,1936771,6040950,3988875,24039.35
2025-04-25,2025-04-30,24900,CE,25.0,26.55,7.0,8.65,8.65,735012,3849375,2250225,24039.35
2025-04-25,2025-04-30,25200,CE,9.5,9.5,2.6,3.1,3.1,595449,4228500,1507275,24039.35
2025-04-25,2025-04-30,25300,CE,6.15,6.45,2.2,2.45,2.45,497467,2898525,1254450,24039.35
2025-04-25,2025-04-30,25450,CE,4.0,4.5,1.65,1.9,1.9,155732,611700,368475,24039.35
2025-04-25,2025-04-30,25750,CE,1.95,2.4,1.3,1.45,1.45,105243,835950,484125,24039.35
2025-04-25,2028-12-28,19000,PE,0.0,0.0,0.0,158.0,185.6,0,0,0,24039.35
2025-04-25,2029-12-27,29000,PE,0.0,0.0,0.0,1669.2,2044.7,0,0,0,24039.35
2025-04-25,2029-12-27,19000,PE,0.0,0.0,0.0,142.25,194.85,0,0,0,24039.35
2025-04-25,2029-06-28,27000,PE,0.0,0.0,0.0,1252.35,1561.8,0,0,0,24039.35
2025-04-25,2028-12-28,28000,PE,0.0,0.0,0.0,1697.6,1997.5,0,0,0,24039.35
2025-04-25,2025-04-30,20500,CE,0.0,0.0,0.0,3751.55,3557.5,0,825,0,24039.35
2025-04-25,2025-04-30,21100,CE,0.0,0.0,0.0,2775.7,2958.0,0,75,0,24039.35
2025-04-25,2025-04-30,21300,CE,0.0,0.0,0.0,2873.05,2758.2,0,300,0,24039.35
2025-04-25,2025-04-30,21450,CE,0.0,0.0,0.0,2718.2,2608.3,0,675,0,24039.35
2025-04-25,2025-04-30,21650,CE,0.0,0.0,0.0,2532.75,2408.5,0,525,0,24039.35
2025-04-25,2025-04-30,22050,CE,2264.2,2264.2,2264.2,2264.2,2008.85,1,4725,0,24039.35
2025-04-25,2025-04-30,22200,CE,2085.7,2085.7,1725.5,1829.3,1829.3,32,12975,-375,24039.35
2025-04-25,2025-04-30,22650,CE,1400.0,1400.0,1390.0,1390.0,1409.55,2,900,-150,24039.35
2025-04-25,2025-04-30,22950,CE,1415.0,1423.55,1039.6,1076.2,1076.2,29,12075,-375,24039.35
2025-04-25,2025-04-30,23550,CE,849.05,849.1,403.0,530.95,530.95,2857,46275,16800,24039.35
2025-04-25,2025-04-30,24800,CE,34.1,38.8,9.3,12.0,12.0,1114149,4879875,2028750,24039.35
2025-04-25,2025-05-08,20450,CE,0.0,0.0,0.0,2939.65,3636.3,0,0,0,24039.35
2025-04-25,2025-05-08,20500,CE,0.0,0.0,0.0,2890.15,3586.4,0,0,0,24039.35
2025-04-25,2025-05-08,21100,CE,0.0,0.0,0.0,2299.85,2987.8,0,0,0,24039.35
2025-04-25,2025-05-08,21450,CE,0.0,0.0,0.0,1962.0,2638.6,0,0,0,24039.35
2025-04-25,2025-05-08,21650,CE,2396.35,2396.35,2396.35,2396.35,2396.35,1,525,0,24039.35
2025-04-25,2025-05-08,21850,CE,2207.1,2207.1,2202.15,2204.65,2204.65,2,600,150,24039.35
2025-04-25,2025-05-08,22450,CE,1788.25,1788.25,1788.25,1788.25,1644.45,2,300,0,24039.35
2025-04-25,2025-05-08,23200,CE,1248.05,1248.05,813.0,975.0,975.0,84,12600,1725,24039.35
2025-04-25,2025-05-08,23350,CE,1039.3,1039.3,690.2,841.3,808.7,35,2475,-450,24039.35
2025-04-25,2025-05-08,24350,CE,300.0,312.9,112.1,150.5,150.5,16610,105300,53550,24039.35
2025-04-25,2025-05-08,25000,CE,71.35,73.6,26.25,33.15,33.15,90948,1870200,284025,24039.35
2025-04-25,2025-05-15,20800,CE,0.0,0.0,0.0,1762.95,3312.75,0,0,0,24039.35
2025-04-25,2025-05-15,21350,CE,2782.6,2782.6,2777.5,2780.05,2780.05,2,150,150,24039.35
2025-04-25,2025-05-15,21400,CE,2743.2,2743.2,2729.2,2736.2,2736.2,2,150,150,24039.35
2025-04-25,2025-05-15,21450,CE,2690.7,2690.7,2620.7,2646.3,2646.3,3,225,225,24039.35
2025-04-25,2025-05-15,23700,CE,650.0,680.7,501.55,619.3,619.3,105,2550,1200,24039.35
2025-04-25,2025-05-15,24200,CE,481.95,488.6,235.05,302.4,302.4,2769,46425,13200,24039.35
2025-04-25,2025-05-15,25000,CE,115.0,120.35,48.95,65.2,65.2,7712,141075,47700,24039.35
2025-04-25,2025-05-15,25850,CE,20.1,20.1,10.9,13.85,13.85,39,3075,900,24039.35
2025-04-25,2025-05-15,26050,CE,9.0,17.0,9.0,11.2,11.2,31,1125,1125,24039.35
2025-04-25,2025-05-22,22200,CE,0.0,0.0,0.0,1813.3,1959.25,0,0,0,24039.35
2025-04-25,2025-05-22,22600,CE,0.0,0.0,0.0,1451.6,1583.05,0,0,0,24039.35
2025-04-25,2025-05-22,22750,CE,0.0,0.0,0.0,1322.65,1447.1,0,0,0,24039.35
2025-04-25,2025-05-22,22950,CE,0.0,0.0,0.0,1157.9,1271.85,0,0,0,24039.35
2025-04-25,2025-05-22,23050,CE,0.0,0.0,0.0,1079.0,1187.25,0,0,0,24039.35
2025-04-25,2025-05-22,23200,CE,0.0,0.0,0.0,966.35,1064.7,0,0,0,24039.35
2025-04-25,2025-05-22,23350,CE,0.0,0.0,0.0,857.95,947.9,0,0,0,24039.35
2025-04-25,2025-05-22,24050,CE,0.0,0.0,0.0,605.7,495.55,0,300,0,24039.35
2025-04-25,2025-05-22,24150,CE,0.0,0.0,0.0,404.55,444.7,0,0,0,24039.35
2025-04-25,2025-05-22,24200,CE,556.85,556.9,295.3,378.6,378.6,71,3075,1800,24039.35
2025-04-25,2025-05-22,24650,CE,0.0,0.0,0.0,225.4,243.05,0,0,0,24039.35
2025-04-25,2025-05-22,24700,CE,253.45,253.45,135.0,166.9,166.9,209,9525,7725,24039.35
2025-04-25,2025-05-22,25450,CE,82.1,82.1,82.1,82.1,73.5,7,975,525,24039.35
2025-04-25,2025-05-22,25900,CE,29.15,30.4,15.75,23.15,23.15,93,8475,3150,24039.35
2025-04-25,2025-05-22,26050,CE,26.95,26.95,17.5,20.15,20.15,23,3000,1425,24039.35
2025-04-25,2025-05-29,20400,CE,0.0,0.0,0.0,3800.0,3767.2,0,1200,0,24039.35
2025-04-25,2025-05-29,22550,CE,1703.9,1703.9,1703.9,1703.9,1679.25,1,6225,0,24039.35
2025-04-25,2025-05-29,22700,CE,1856.75,1857.25,1409.2,1545.05,1545.05,96,269250,-1275,24039.35
2025-04-25,2025-05-29,22750,CE,1494.85,1569.4,1494.85,1569.4,1501.75,2,8700,-75,24039.35
2025-04-25,2025-05-29,23000,CE,1541.0,1580.0,1145.0,1281.5,1281.5,5057,1188000,61125,24039.35
2025-04-25,2025-05-29,25550,CE,72.05,72.35,36.25,47.0,47.0,578,21450,11100,24039.35
2025-04-25,2025-05-29,26050,CE,29.25,32.35,18.15,22.65,22.65,383,19425,5400,24039.35
2025-04-25,2025-05-29,26100,CE,28.0,28.7,16.25,19.85,19.85,7349,130725,124425,24039.35
2025-04-25,2025-06-26,17000,CE,6993.15,7319.55,6957.0,7072.9,7072.9,88,197950,2475,24039.35
2025-04-25,2025-06-26,21100,CE,3260.1,3260.1,3260.1,3260.1,3191.95,1,225,75,24039.35
2025-04-25,2025-06-26,23100,CE,1341.0,1455.0,1322.9,1455.0,1423.75,22,2175,-600,24039.35
2025-04-25,2025-06-26,23850,CE,780.1,926.4,760.95,926.4,920.0,38,2700,1200,24039.35
2025-04-25,2025-06-26,24600,CE,585.95,587.6,374.45,432.0,432.0,695,21900,10425,24039.35
2025-04-25,2025-06-26,25100,CE,346.95,346.95,207.35,244.05,244.05,479,9150,5175,24039.35
2025-04-25,2025-06-26,25250,CE,235.0,235.0,174.3,214.75,214.75,91,1500,-225,24039.35
2025-04-25,2025-06-26,25500,CE,217.5,221.35,120.65,149.85,149.85,11893,559200,32925,24039.35
2025-04-25,2025-06-26,30000,CE,10.9,11.0,10.3,10.45,10.45,1848,1906425,30900,24039.35
2025-04-25,2025-07-31,22600,CE,0.0,0.0,0.0,2222.65,2040.0,0,0,0,24039.35
2025-04-25,2025-07-31,22950,CE,0.0,0.0,0.0,1944.85,1771.25,0,0,0,24039.35
2025-04-25,2025-07-31,23800,CE,0.0,0.0,0.0,1346.0,1199.9,0,0,0,24039.35
2025-04-25,2025-07-31,24300,CE,713.75,781.05,713.75,781.05,923.95,11,825,825,24039.35
2025-04-25,2025-07-31,24400,CE,0.0,0.0,0.0,997.75,874.2,0,0,0,24039.35
2025-04-25,2025-07-31,25500,CE,0.0,0.0,0.0,526.2,444.95,0,0,0,24039.35
2025-04-25,2025-12-24,27000,CE,365.05,382.0,295.95,320.2,320.2,2607,656175,-10175,24039.35
2025-04-25,2026-06-25,24000,CE,2000.1,2240.0,2000.1,2240.0,2240.0,4,1200,75,24039.35
2025-04-25,2026-12-31,17000,CE,0.0,0.0,0.0,4955.1,8892.45,0,0,0,24039.35
2025-04-25,2027-06-24,21000,CE,0.0,0.0,0.0,3061.8,6229.15,0,0,0,24039.35
2025-04-25,2027-06-24,28000,CE,0.0,0.0,0.0,2186.3,2316.85,0,0,0,24039.35
2025-04-25,2027-12-30,19000,CE,0.0,0.0,0.0,5794.9,8341.35,0,0,0,24039.35
2025-04-25,2029-06-28,19000,CE,0.0,0.0,0.0,11036.95,9894.25,0,0,0,24039.35
2025-04-25,2029-06-28,21000,CE,0.0,0.0,0.0,9799.75,8569.4,0,0,0,24039.35
2025-04-25,2029-06-28,25000,CE,0.0,0.0,0.0,7557.7,6225.35,0,0,0,24039.35
2025-04-25,2025-04-30,21000,PE,2.0,4.0,1.55,3.5,3.5,299340,4912425,1968675,24039.35
2025-04-25,2025-04-30,21150,PE,2.25,5.25,1.25,3.7,3.7,45208,51525,36900,24039.35
2025-04-25,2025-04-30,21450,PE,2.95,5.6,1.5,4.7,4.7,59362,111150,83175,24039.35
2025-04-25,2025-04-30,21600,PE,2.75,6.25,1.65,5.25,5.25,124616,564450,314175,24039.35
2025-04-25,2025-04-30,23000,PE,12.0,32.0,8.0,21.6,21.6,965862,6357450,2304450,24039.35
2025-04-25,2025-04-30,23250,PE,21.6,48.4,12.5,30.75,30.75,251915,604125,344400,24039.35
2025-04-25,2025-04-30,23900,PE,68.0,206.45,47.7,116.45,116.45,2114181,3652200,1994400,24039.35
2025-04-25,2025-04-30,24200,PE,140.0,401.4,106.5,250.65,250.65,1263234,2231700,-899625,24039.35
2025-04-25,2025-04-30,24250,PE,178.0,441.55,122.25,283.65,283.65,530881,914250,-93675,24039.35
2025-04-25,2025-04-30,24500,PE,279.1,661.45,236.55,485.1,485.1,162448,589425,-194700,24039.35
2025-04-25,2025-04-30,25750,PE,0.0,0.0,0.0,1397.45,1687.95,0,600,0,24039.35
2025-04-25,2025-05-08,20400,PE,5.0,7.3,3.8,6.35,6.35,7310,209700,91950,24039.35
2025-04-25,2025-05-08,21750,PE,15.55,15.8,10.45,14.5,14.5,547,3825,1875,24039.35
2025-04-25,2025-05-08,22150,PE,17.95,23.6,12.95,22.2,22.2,1473,23700,21450,24039.35
2025-04-25,2025-05-08,22600,PE,25.0,43.05,20.45,37.35,37.35,8363,123600,92625,24039.35
2025-04-25,2025-05-08,24200,PE,250.65,462.0,191.85,345.7,345.7,35564,363300,3900,24039.35
2025-04-25,2025-05-08,24350,PE,280.0,565.1,247.0,439.0,439.0,5226,50400,20250,24039.35
2025-04-25,2025-05-08,25150,PE,1051.7,1062.25,1051.7,1057.0,1057.0,2,900,150,24039.35
2025-04-25,2025-05-08,25600,PE,1476.45,1479.75,1476.45,1479.75,1479.75,2,450,150,24039.35
2025-04-25,2025-05-08,25900,PE,1805.05,1805.05,1803.75,1804.55,1804.55,3,225,225,24039.35
2025-04-25,2025-05-08,26000,PE,1734.0,2070.0,1734.0,1808.1,1903.35,4,825,300,24039.35
2025-04-25,2025-05-15,20850,PE,10.95,11.55,10.05,11.55,0.05,14,2250,525,24039.35
2025-04-25,2025-05-15,21250,PE,0.0,0.0,0.0,18.05,0.2,0,825,0,24039.35
2025-04-25,2025-05-15,21600,PE,18.9,25.0,17.85,23.85,23.85,95,3975,2925,24039.35
2025-04-25,2025-05-15,21750,PE,15.9,30.0,15.9,26.25,1.3,25,3150,975,24039.35
2025-04-25,2025-05-15,22050,PE,0.0,0.0,0.0,75.95,3.75,0,1500,0,24039.35
2025-04-25,2025-04-30,24400,PE,255.0,570.6,184.1,399.75,399.75,322458,507675,-182475,24039.35
2025-04-25,2025-04-30,23700,PE,44.2,127.35,29.6,72.3,72.3,1167056,2940600,1181550,24039.35
2025-04-25,2025-04-30,23500,PE,24.7,80.85,19.7,48.55,48.55,1647893,6708525,2965950,24039.35
2025-04-25,2025-04-30,22350,PE,5.25,11.8,3.1,9.2,9.2,112311,256275,162525,24039.35
2025-04-25,2025-04-30,22300,PE,4.1,11.25,3.05,9.05,9.05,209232,769350,210525,24039.35
2025-04-25,2025-04-30,22100,PE,4.25,9.0,2.5,7.45,7.45,160833,463725,229725,24039.35
2025-04-25,2025-04-30,22050,PE,4.0,10.0,2.45,7.15,7.15,106964,125175,87000,24039.35
2025-04-25,2025-04-30,20900,PE,1.9,4.0,1.5,3.1,3.1,86642,726750,433950,24039.35
2025-04-25,2025-05-15,20750,CE,3311.6,3311.6,3311.6,3311.6,3311.6,1,75,75,24039.35
2025-04-25,2028-12-28,24000,CE,0.0,0.0,0.0,5850.3,6185.7,0,0,0,24039.35
2025-04-25,2028-12-28,22000,CE,0.0,0.0,0.0,6932.45,7384.4,0,0,0,24039.35
2025-04-25,2028-06-29,29000,CE,0.0,0.0,0.0,2333.25,3182.0,0,0,0,24039.35
2025-04-25,2028-06-29,27000,CE,0.0,0.0,0.0,2885.15,4023.7,0,0,0,24039.35
2025-04-25,2028-06-29,25000,CE,0.0,0.0,0.0,3545.15,5021.05,0,0,0,24039.35
2025-04-25,2028-06-29,18000,CE,0.0,0.0,0.0,6809.35,9625.05,0,0,0,24039.35
2025-04-25,2027-12-30,23000,CE,0.0,0.0,0.0,4125.7,5546.1,0,0,0,24039.35
2025-04-25,2027-06-24,25000,CE,0.0,0.0,0.0,2090.05,3686.35,0,0,0,24039.35
2025-04-25,2027-06-24,22000,CE,0.0,0.0,0.0,2783.5,5522.75,0,0,0,24039.35
2025-04-25,2027-06-24,20000,CE,0.0,0.0,0.0,3367.05,6975.25,0,0,0,24039.35
2025-04-25,2027-06-24,19000,CE,0.0,0.0,0.0,7800.0,7755.0,0,75,0,24039.35
2025-04-25,2026-12-31,27000,CE,1430.0,1450.0,1430.0,1450.0,2080.05,2,20925,75,24039.35
2025-04-25,2026-12-31,24000,CE,3145.0,3149.0,3020.0,3046.7,3046.7,6,3150,75,24039.35
2025-04-25,2026-12-31,18000,CE,0.0,0.0,0.0,4501.45,8029.15,0,0,0,24039.35
2025-04-25,2026-06-25,28000,CE,0.0,0.0,0.0,1533.95,1047.25,0,0,0,24039.35
2025-04-25,2026-03-26,25000,CE,0.0,0.0,0.0,1652.55,1824.45,0,0,0,24039.35
2025-04-25,2026-03-26,23000,CE,0.0,0.0,0.0,2782.55,2992.9,0,0,0,24039.35
2025-04-25,2026-03-26,20000,CE,0.0,0.0,0.0,5090.05,5337.85,0,0,0,24039.35
2025-04-25,2025-12-24,23000,CE,2588.75,2588.8,2234.0,2342.4,2342.4,267,471925,-4800,24039.35
2025-04-25,2025-09-25,28000,CE,69.95,70.9,51.4,60.4,60.4,1900,170475,27525,24039.35
2025-04-25,2025-09-25,27000,CE,165.0,174.7,116.95,139.75,139.75,2507,146850,-19500,24039.35
2025-04-25,2025-09-25,22000,CE,3013.05,3013.1,2553.2,2743.35,2743.35,97,49200,3450,24039.35
2025-04-25,2025-09-25,20000,CE,0.0,0.0,0.0,3501.35,4620.8,0,300,0,24039.35
2025-04-25,2025-09-25,19000,CE,0.0,0.0,0.0,8559.0,5575.0,0,0,0,24039.35
2025-04-25,2025-07-31,25000,CE,530.7,535.85,390.0,440.8,440.8,909,37425,37425,24039.35
2025-04-25,2025-07-31,24650,CE,0.0,0.0,0.0,871.7,758.05,0,0,0,24039.35
2025-04-25,2025-07-31,24500,CE,806.0,806.0,570.0,663.5,663.5,247,10050,10050,24039.35
2025-04-25,2025-07-31,24450,CE,0.0,0.0,0.0,971.65,850.05,0,0,0,24039.35
2025-04-25,2025-07-31,24050,CE,965.0,965.0,965.0,965.0,1056.2,1,75,75,24039.35
2025-04-25,2025-07-31,23400,CE,0.0,0.0,0.0,1613.15,1453.25,0,0,0,24039.35
2025-04-25,2025-07-31,23250,CE,0.0,0.0,0.0,1721.35,1555.45,0,0,0,24039.35
2025-04-25,2025-06-26,23500,CE,1352.0,1352.0,981.1,1088.9,1088.9,1869,588225,22200,24039.35
2025-04-25,2025-06-26,23400,CE,1177.75,1297.3,1067.5,1145.0,1145.0,10,3750,-75,24039.35
2025-04-25,2025-06-26,22450,CE,1988.9,1988.9,1988.9,1988.9,1947.25,1,825,75,24039.35
2025-04-25,2025-06-26,22150,CE,2260.1,2260.1,2257.7,2257.7,2209.7,2,600,150,24039.35
2025-04-25,2025-06-26,21250,CE,3118.9,3118.9,3118.9,3118.9,3047.55,1,225,75,24039.35
2025-04-25,2025-06-26,21200,CE,3165.9,3165.9,3165.9,3165.9,3095.55,1,225,75,24039.35
2025-04-25,2025-05-29,25650,CE,63.35,63.35,30.85,39.0,39.0,600,22650,17625,24039.35
2025-04-25,2025-05-29,25450,CE,86.0,86.0,43.15,58.15,58.15,507,29325,21525,24039.35
2025-04-25,2025-05-29,25100,CE,159.8,175.0,82.4,106.6,106.6,13935,226500,73200,24039.35
2025-04-25,2025-05-29,25050,CE,179.05,188.0,90.2,115.2,115.2,1492,22500,4650,24039.35
2025-04-25,2025-05-29,24700,CE,294.0,331.25,166.0,214.5,214.5,14620,360450,35550,24039.35
2025-04-25,2025-05-29,24300,CE,528.0,561.85,305.6,378.15,378.15,28702,813675,118200,24039.35
2025-04-25,2025-05-29,23850,CE,835.0,835.0,536.5,633.1,633.1,1227,29625,9225,24039.35
2025-04-25,2025-05-29,23050,CE,1192.0,1250.3,1182.05,1250.3,1248.85,9,4875,450,24039.35
2025-04-25,2025-05-29,22400,CE,2124.15,2124.15,1700.0,1807.15,1807.15,37,47250,-1875,24039.35
2025-04-25,2025-05-29,21900,CE,2167.0,2167.0,2167.0,2167.0,2288.9,1,4350,0,24039.35
2025-04-25,2025-05-29,21800,CE,2347.15,2465.7,2347.15,2390.0,2390.0,5,6450,-75,24039.35
2025-04-25,2025-05-29,20650,CE,3512.45,3512.45,3512.45,3512.45,3512.45,1,1425,75,24039.35
2025-04-25,2025-05-22,24600,CE,270.0,270.0,152.5,203.2,203.2,20,2550,750,24039.35
2025-04-25,2025-05-22,23800,CE,557.9,557.9,557.9,557.9,638.05,1,75,75,24039.35
2025-04-25,2025-05-22,23250,CE,0.0,0.0,0.0,928.8,1025.1,0,0,0,24039.35
2025-04-25,2025-05-22,22400,CE,0.0,0.0,0.0,1629.6,1769.05,0,0,0,24039.35
2025-04-25,2025-05-22,22300,CE,0.0,0.0,0.0,1720.85,1863.7,0,0,0,24039.35
2025-04-25,2025-05-15,25950,CE,18.75,18.75,8.5,12.15,12.15,109,3225,3225,24039.35
2025-04-25,2025-05-15,24650,CE,205.05,205.05,101.6,132.2,132.2,177,3825,2700,24039.35
2025-04-25,2025-05-15,24600,CE,250.25,259.15,113.1,145.4,145.4,1606,26475,2250,24039.35
2025-04-25,2025-05-15,24250,CE,448.9,451.55,216.15,284.0,284.0,473,13425,2850,24039.35
2025-04-25,2025-04-30,20900,CE,0.0,0.0,0.0,3345.0,3157.85,0,150,0,24039.35
2025-04-25,2025-04-30,20550,CE,0.0,0.0,0.0,3343.15,3507.5,0,75,0,24039.35
2025-04-25,2028-12-28,22000,PE,0.0,0.0,0.0,521.3,513.05,0,225,0,24039.35
2025-04-25,2028-12-28,21000,PE,0.0,0.0,0.0,618.05,377.75,0,1250,0,24039.35
2025-04-25,2026-12-31,27000,PE,0.0,0.0,0.0,1850.0,2142.15,0,150,0,24039.35
2025-04-25,2026-12-31,13000,PE,0.0,0.0,0.0,20.05,0.5,0,2025,0,24039.35
2025-04-25,2026-03-26,18000,PE,0.0,0.0,0.0,16.55,18.0,0,0,0,24039.35
2025-04-25,2025-12-24,30000,PE,0.0,0.0,0.0,4200.0,4818.9,0,900,0,24039.35
2025-04-25,2025-09-25,29000,PE,0.0,0.0,0.0,2125.3,4246.9,0,0,0,24039.35
2025-04-25,2025-09-25,21000,PE,138.55,178.9,131.95,169.2,169.2,1682,323700,-12150,24039.35
2025-04-25,2025-09-25,18000,PE,0.0,0.0,0.0,3.05,1.3,0,0,0,24039.35
2025-04-25,2025-07-31,26000,PE,0.0,0.0,0.0,1663.7,1814.45,0,0,0,24039.35
2025-04-25,2025-07-31,24550,PE,0.0,0.0,0.0,782.55,877.95,0,0,0,24039.35
2025-04-25,2025-07-31,23200,PE,0.0,0.0,0.0,293.9,339.15,0,0,0,24039.35
2025-04-25,2025-07-31,22800,PE,242.0,315.0,240.0,315.0,240.15,76,5700,5700,24039.35
2025-04-25,2025-07-31,22750,PE,0.0,0.0,0.0,195.7,229.45,0,0,0,24039.35
2025-04-25,2025-07-31,22550,PE,0.0,0.0,0.0,161.3,190.15,0,0,0,24039.35
2025-04-25,2025-06-26,27000,PE,2400.05,2883.8,2393.9,2726.85,2726.85,474,671325,2875,24039.35
2025-04-25,2025-06-26,25650,PE,1457.5,1457.5,1457.5,1457.5,1540.2,1,75,75,24039.35
2025-04-25,2025-06-26,25350,PE,1223.55,1223.55,1223.55,1223.55,1313.75,1,75,-75,24039.35
2025-04-25,2025-06-26,25050,PE,1022.25,1022.25,1022.25,1022.25,1104.05,1,75,-75,24039.35
2025-04-25,2025-06-26,25000,PE,801.6,1136.6,777.0,1014.85,1014.85,4590,831000,-13450,24039.35
2025-04-25,2025-06-26,24350,PE,567.0,700.6,567.0,635.8,635.8,42,4725,2175,24039.35
2025-04-25,2025-06-26,24250,PE,465.5,645.95,465.5,590.75,637.6,53,5175,1275,24039.35
2025-04-25,2025-06-26,23200,PE,218.95,322.9,217.95,298.35,298.35,606,48150,11025,24039.35
2025-04-25,2025-06-26,21950,PE,0.0,0.0,0.0,62.1,51.05,0,4125,0,24039.35
2025-04-25,2025-06-26,20900,PE,25.9,25.9,25.9,25.9,8.5,1,5100,0,24039.35
2025-04-25,2025-06-26,20450,PE,0.0,0.0,0.0,13.15,3.35,0,0,0,24039.35
2025-04-25,2025-06-26,14000,PE,5.1,6.25,5.1,5.7,5.7,37,42500,1725,24039.35
2025-04-25,2025-05-29,25900,PE,1480.6,1884.45,1480.55,1736.0,1736.0,40,202950,-450,24039.35
2025-04-25,2025-05-29,25700,PE,1600.0,1619.25,1532.25,1619.25,1619.25,4,21150,0,24039.35
2025-04-25,2025-05-29,24750,PE,577.15,895.0,565.25,743.95,828.4,92,8025,2850,24039.35
2025-04-25,2025-05-29,22600,PE,74.6,128.8,70.3,113.35,113.35,6134,148125,9825,24039.35
2025-04-25,2025-05-29,22450,PE,66.8,111.05,63.3,100.7,100.7,519,11625,-2100,24039.35
2025-04-25,2025-05-29,22350,PE,60.0,99.8,58.0,92.6,92.6,484,7275,-750,24039.35
2025-04-25,2025-05-29,22100,PE,47.5,81.85,46.55,74.85,74.85,4202,162750,46575,24039.35
2025-04-25,2025-05-29,21550,PE,23.65,23.65,23.65,23.65,23.65,1,6525,0,24039.35
2025-04-25,2025-05-29,21300,PE,27.65,44.15,27.2,38.4,38.4,2215,134250,29175,24039.35
2025-04-25,2025-05-29,20900,PE,21.05,32.25,20.85,30.45,30.45,1890,83175,12225,24039.35
2025-04-25,2025-05-29,20750,PE,0.0,0.0,0.0,20.45,0.55,0,2400,0,24039.35
2025-04-25,2025-05-29,20650,PE,21.4,26.85,21.4,25.85,25.85,161,20175,11100,24039.35
2025-04-25,2025-05-29,20600,PE,19.05,25.75,16.5,24.5,24.5,1543,49200,-10050,24039.35
2025-04-25,2025-05-29,20550,PE,14.55,25.05,14.55,23.9,23.9,154,6375,2775,24039.35
2025-04-25,2025-05-22,25750,PE,0.0,0.0,0.0,1790.3,1631.55,0,0,0,24039.35
2025-04-25,2025-05-22,25650,PE,0.0,0.0,0.0,1699.0,1540.6,0,0,0,24039.35
2025-04-25,2025-05-22,25200,PE,0.0,0.0,0.0,1305.4,1151.0,0,0,0,24039.35
2025-04-25,2025-05-22,24700,PE,0.0,0.0,0.0,620.0,770.55,0,75,0,24039.35
2025-04-25,2025-05-22,24450,PE,0.0,0.0,0.0,741.45,607.8,0,0,0,24039.35
2025-04-25,2025-05-22,23100,PE,0.0,0.0,0.0,155.7,96.5,0,75,0,24039.35
2025-04-25,2025-05-15,25500,PE,1375.35,1375.35,1375.35,1375.35,1407.15,1,75,75,24039.35
2025-04-25,2025-05-15,24600,PE,446.0,754.4,446.0,634.55,634.55,189,7125,75,24039.35
2025-04-25,2025-05-15,23950,PE,280.3,374.95,255.0,301.85,301.85,496,8025,5775,24039.35
2025-04-25,2025-05-15,22300,PE,31.0,54.55,31.0,47.45,47.45,442,26700,19875,24039.35
2025-04-25,2025-05-15,21950,PE,0.0,0.0,0.0,23.15,2.7,0,1425,0,24039.35
2025-04-25,2025-05-15,21150,PE,15.75,15.75,13.95,13.95,0.15,17,1500,600,24039.35
2025-04-25,2025-05-08,26100,PE,2003.1,2005.2,2003.1,2004.0,2004.0,3,225,225,24039.35
2025-04-25,2025-05-08,24650,PE,401.8,689.4,401.8,636.5,636.5,328,2775,-5025,24039.35
2025-04-25,2025-05-15,22400,PE,26.5,59.8,26.5,55.9,55.9,40,3750,750,24039.35
2025-04-25,2025-05-15,22700,PE,49.0,85.75,48.9,73.1,73.1,119,6900,3675,24039.35
2025-04-25,2025-05-15,22850,PE,0.0,0.0,0.0,628.65,36.85,0,0,0,24039.35
2025-04-25,2025-05-15,23000,PE,70.0,124.0,58.1,101.0,101.0,8391,165825,9975,24039.35
2025-04-25,2025-05-15,23700,PE,134.4,279.25,134.4,217.55,217.55,911,44175,11400,24039.35
2025-04-25,2025-05-15,24050,PE,234.65,423.25,234.65,341.35,341.35,422,10800,8775,24039.35
2025-04-25,2025-05-15,24200,PE,271.85,513.8,249.75,410.25,410.25,3973,28800,-8625,24039.35
2025-04-25,2025-05-15,24250,PE,276.35,542.1,271.05,449.45,449.45,394,7200,-2025,24039.35
2025-04-25,2025-05-15,24650,PE,503.0,707.15,503.0,707.15,707.15,11,600,600,24039.35
2025-04-25,2025-05-15,24750,PE,697.9,697.9,697.9,697.9,776.0,1,75,75,24039.35
2025-04-25,2025-05-15,25300,PE,1150.05,1150.05,1150.05,1150.05,1226.7,1,75,75,24039.35
2025-04-25,2025-05-15,25600,PE,1460.35,1460.35,1460.35,1460.35,1499.65,1,75,75,24039.35
2025-04-25,2025-05-22,22850,PE,0.0,0.0,0.0,102.1,60.45,0,0,0,24039.35
2025-04-25,2025-05-22,23300,PE,0.0,0.0,0.0,203.25,135.9,0,0,0,24039.35
2025-04-25,2025-05-22,23450,PE,0.0,0.0,0.0,249.45,173.4,0,0,0,24039.35
2025-04-25,2025-05-22,23500,PE,145.05,265.0,144.45,225.1,225.1,977,15675,2325,24039.35
2025-04-25,2025-05-22,23900,PE,218.1,392.75,213.8,331.4,331.4,90,2775,2550,24039.35
2025-04-25,2025-05-22,24300,PE,362.2,603.55,336.0,487.0,487.0,539,3375,375,24039.35
2025-04-25,2025-05-29,21200,PE,27.0,39.2,18.65,36.25,36.25,3080,111600,13500,24039.35
2025-04-25,2025-05-29,21500,PE,32.0,50.6,29.65,45.8,45.8,21014,1435125,23850,24039.35
2025-04-25,2025-05-29,21850,PE,0.0,0.0,0.0,46.0,11.1,0,22425,0,24039.35
2025-04-25,2025-05-29,23100,PE,119.45,203.75,112.2,177.95,177.95,7216,187200,73875,24039.35
2025-04-25,2025-05-29,24000,PE,315.0,482.2,271.25,405.7,405.7,106397,4221825,455175,24039.35
2025-04-25,2025-05-29,24450,PE,438.3,718.75,417.5,620.95,620.95,1241,34425,16875,24039.35
2025-04-25,2025-05-29,24850,PE,695.0,981.0,695.0,789.9,897.3,18,4875,975,24039.35
2025-04-25,2025-05-29,25350,PE,1222.25,1222.25,1222.25,1222.25,1279.35,1,300,75,24039.35
2025-04-25,2025-06-26,20500,PE,44.0,63.0,42.35,58.5,58.5,1914,125475,15450,24039.35
2025-04-25,2025-06-26,20650,PE,0.0,0.0,0.0,18.35,5.15,0,0,0,24039.35
2025-04-25,2025-06-26,20800,PE,0.0,0.0,0.0,55.0,6.95,0,375,0,24039.35
2025-04-25,2025-06-26,21150,PE,0.0,0.0,0.0,39.45,13.6,0,0,0,24039.35
2025-04-25,2025-06-26,21500,PE,69.05,106.3,68.45,100.35,100.35,2589,262500,-2025,24039.35
2025-04-25,2025-06-26,23650,PE,328.95,456.1,328.95,407.25,407.25,126,3750,900,24039.35
2025-04-25,2025-06-26,23850,PE,364.8,521.8,364.8,458.7,458.7,167,5775,0,24039.35
2025-04-25,2025-06-26,24100,PE,413.75,619.8,413.75,547.5,547.5,1340,42750,13875,24039.35
2025-04-25,2025-07-31,22500,PE,185.0,263.9,185.0,249.5,249.5,644,24975,24975,24039.35
2025-04-25,2025-07-31,22650,PE,0.0,0.0,0.0,177.9,209.1,0,0,0,24039.35
2025-04-25,2025-07-31,23400,PE,0.0,0.0,0.0,345.55,398.5,0,0,0,24039.35
2025-04-25,2025-07-31,24000,PE,465.75,667.35,465.75,592.05,592.05,1170,44250,44250,24039.35
2025-04-25,2025-07-31,24250,PE,0.0,0.0,0.0,645.85,729.65,0,0,0,24039.35
2025-04-25,2025-07-31,24950,PE,0.0,0.0,0.0,989.95,1101.2,0,0,0,24039.35
2025-04-25,2025-07-31,25600,PE,0.0,0.0,0.0,1386.35,1522.05,0,0,0,24039.35
2025-04-25,2026-03-26,22000,PE,0.0,0.0,0.0,346.6,347.25,0,0,0,24039.35
2025-04-25,2026-06-25,21000,PE,0.0,0.0,0.0,305.0,238.1,0,1725,0,24039.35
2025-04-25,2026-06-25,26000,PE,0.0,0.0,0.0,6709.2,1752.4,0,0,0,24039.35
2025-04-25,2026-12-31,14000,PE,0.0,0.0,0.0,20.2,1.65,0,1550,0,24039.35
2025-04-25,2026-12-31,16000,PE,0.0,0.0,0.0,23.3,12.4,0,2425,0,24039.35
2025-04-25,2027-12-30,22000,PE,0.0,0.0,0.0,329.0,513.65,0,25,0,24039.35
2025-04-25,2028-06-29,29000,PE,0.0,0.0,0.0,3595.9,2546.7,0,0,0,24039.35
2025-04-25,2025-04-30,21850,CE,0.0,0.0,0.0,2330.7,2208.65,0,750,0,24039.35
2025-04-25,2025-04-30,22000,CE,2350.0,2368.75,1878.8,2021.45,2021.45,400,208650,5025,24039.35
2025-04-25,2025-04-30,22550,CE,1442.65,1442.65,1377.85,1403.7,1509.35,16,8250,450,24039.35
2025-04-25,2025-04-30,23250,CE,1101.75,1109.45,682.5,835.55,835.55,149,16425,4125,24039.35
2025-04-25,2025-04-30,23600,CE,741.65,806.0,362.25,490.25,490.25,12942,202875,-5850,24039.35
2025-04-25,2025-04-30,24600,CE,64.0,84.8,18.95,24.55,24.55,1385573,4929525,1866750,24039.35
2025-04-25,2025-04-30,24750,CE,55.0,55.05,11.45,14.55,14.55,512436,1297800,754950,24039.35
2025-04-25,2025-04-30,25050,CE,12.85,15.4,4.3,5.2,5.2,250534,974625,546900,24039.35
2025-04-25,2025-04-30,25150,CE,11.5,11.5,3.15,3.75,3.75,238581,896325,392850,24039.35
2025-04-25,2025-05-08,21150,CE,0.0,0.0,0.0,2251.15,2937.9,0,0,0,24039.35
2025-04-25,2025-05-08,21300,CE,0.0,0.0,0.0,2105.85,2788.25,0,0,0,24039.35
2025-04-25,2025-05-08,21500,CE,2544.45,2544.45,2539.3,2541.9,2541.9,2,525,75,24039.35
2025-04-25,2025-05-08,21550,CE,2493.45,2495.35,2493.45,2494.4,2494.4,2,825,150,24039.35
2025-04-25,2025-05-08,21700,CE,2423.45,2423.45,2349.6,2362.75,2362.75,6,600,225,24039.35
2025-04-25,2025-05-08,21750,CE,2375.95,2375.95,2302.2,2339.1,2339.1,2,900,150,24039.35
2025-04-25,2025-05-08,22100,CE,1957.8,1957.8,1954.45,1956.15,1956.15,2,450,75,24039.35
2025-04-25,2025-05-08,22650,CE,1495.85,1495.85,1495.85,1495.85,1449.0,1,2475,0,24039.35
2025-04-25,2025-05-08,22800,CE,1164.45,1387.5,1164.45,1352.0,1304.65,11,6000,75,24039.35
2025-04-25,2025-05-08,22950,CE,1195.0,1195.0,1195.0,1195.0,1163.2,1,1425,75,24039.35
2025-04-25,2025-05-08,23250,CE,912.6,942.7,892.1,941.6,893.35,4,2175,225,24039.35
2025-04-25,2025-05-08,23850,CE,637.0,637.0,314.95,412.15,412.15,2705,21975,18075,24039.35
2025-04-25,2025-05-08,25400,CE,26.05,26.75,11.0,13.4,13.4,18071,184350,67650,24039.35
2025-04-25,2025-05-15,21300,CE,2831.75,2831.75,2772.25,2792.55,2792.55,3,225,225,24039.35
2025-04-25,2025-05-15,21800,CE,2401.4,2401.4,2401.4,2401.4,2317.85,1,150,0,24039.35
2025-04-25,2025-05-15,21900,CE,2259.4,2259.4,2190.5,2214.85,2214.85,3,525,225,24039.35
2025-04-25,2025-05-15,22600,CE,1588.1,1588.1,1588.1,1588.1,1538.6,1,75,75,24039.35
2025-04-25,2025-05-15,22750,CE,1470.5,1470.5,1470.5,1470.5,1398.4,1,75,75,24039.35
2025-04-25,2025-05-15,23250,CE,1026.45,1026.45,982.35,1021.5,960.8,14,150,-225,24039.35
2025-04-25,2025-05-15,24550,CE,286.7,286.7,126.75,157.7,157.7,128,3375,2475,24039.35
2025-04-25,2025-05-15,24900,CE,129.0,147.7,61.85,78.95,78.95,829,12375,825,24039.35
2025-04-25,2025-05-22,22450,CE,0.0,0.0,0.0,1584.5,1722.1,0,0,0,24039.35
2025-04-25,2025-05-22,23000,CE,1342.0,1342.0,1342.0,1342.0,1229.3,2,75,-150,24039.35
2025-04-25,2025-05-22,23550,CE,0.0,0.0,0.0,725.3,802.1,0,0,0,24039.35
2025-04-25,2025-05-22,23600,CE,780.7,780.7,640.0,640.0,767.65,8,600,600,24039.35
2025-04-25,2025-05-22,23750,CE,0.0,0.0,0.0,605.3,669.2,0,0,0,24039.35
2025-04-25,2025-05-22,24400,CE,429.95,430.0,216.6,291.65,333.2,154,2550,900,24039.35
2025-04-25,2025-05-22,24750,CE,0.0,0.0,0.0,198.25,212.6,0,0,0,24039.35
2025-04-25,2025-05-22,25250,CE,0.0,0.0,0.0,98.8,101.95,0,0,0,24039.35
2025-04-25,2025-05-22,25350,CE,86.45,86.45,86.45,86.45,86.75,12,900,900,24039.35
2025-04-25,2025-05-22,25650,CE,0.0,0.0,0.0,52.65,52.05,0,0,0,24039.35
2025-04-25,2025-05-29,20450,CE,3703.5,3703.5,3703.5,3703.5,3703.5,1,1125,75,24039.35
2025-04-25,2025-05-29,20750,CE,3420.95,3420.95,3420.95,3420.95,3420.95,1,1050,75,24039.35
2025-04-25,2025-05-29,20900,CE,3338.2,3338.2,3338.2,3338.2,3271.0,1,1725,75,24039.35
2025-04-25,2025-05-29,21150,CE,3095.2,3095.2,3095.2,3095.2,3023.5,1,1875,75,24039.35
2025-04-25,2025-05-29,21300,CE,2945.15,2945.15,2945.15,2945.15,2875.35,1,2625,75,24039.35
2025-04-25,2025-05-29,22050,CE,2185.45,2185.45,2185.45,2185.45,2144.9,1,2025,75,24039.35
2025-04-25,2025-05-29,22250,CE,2009.9,2009.9,2009.9,2009.9,1955.55,1,2100,75,24039.35
2025-04-25,2025-05-29,22600,CE,1900.45,1900.45,1530.0,1686.85,1634.3,24,93450,-375,24039.35
2025-04-25,2025-05-29,23200,CE,1380.0,1380.0,985.5,1146.4,1146.4,228,146175,1200,24039.35
2025-04-25,2025-05-29,23600,CE,1049.95,1059.95,693.0,803.45,803.45,1177,199950,-75,24039.35
2025-04-25,2025-05-29,24950,CE,205.4,205.4,107.95,138.9,138.9,1434,46275,9075,24039.35
2025-04-25,2025-05-29,25300,CE,119.95,121.5,56.6,72.8,72.8,14422,268275,64575,24039.35
2025-04-25,2025-05-29,25700,CE,54.05,57.4,28.35,36.3,36.3,14643,272175,100650,24039.35
2025-04-25,2025-06-26,20900,CE,3449.05,3449.05,3449.05,3449.05,3385.75,1,300,75,24039.35
2025-04-25,2025-06-26,21500,CE,2743.85,2850.4,2660.0,2850.4,2809.2,9,13425,-225,24039.35
2025-04-25,2025-06-26,21600,CE,2780.45,2780.45,2780.45,2780.45,2714.85,1,900,75,24039.35
2025-04-25,2025-06-26,22100,CE,2302.5,2302.5,2302.5,2302.5,2254.45,1,375,75,24039.35
2025-04-25,2025-06-26,22350,CE,2082.6,2082.6,2082.6,2082.6,2033.5,1,750,75,24039.35
2025-04-25,2025-06-26,23900,CE,1038.0,1042.8,731.95,816.1,816.1,373,10800,4350,24039.35
2025-04-25,2025-06-26,24000,CE,949.85,982.85,664.05,759.65,759.65,10504,1306150,113725,24039.35
2025-04-25,2025-06-26,24300,CE,764.05,772.0,505.85,590.2,590.2,1114,47250,15000,24039.35
2025-04-25,2025-06-26,24900,CE,429.05,432.0,263.5,311.45,311.45,609,16875,4725,24039.35
2025-04-25,2025-06-26,25450,CE,180.25,180.25,178.8,178.8,267.6,2,2100,150,24039.35
2025-04-25,2025-06-26,25550,CE,0.0,0.0,0.0,239.5,243.3,0,0,0,24039.35
2025-04-25,2025-06-26,26000,CE,107.0,114.95,62.0,75.55,75.55,28509,1662325,196950,24039.35
2025-04-25,2025-07-31,23950,CE,0.0,0.0,0.0,1252.9,1112.3,0,0,0,24039.35
2025-04-25,2025-07-31,24000,CE,1166.6,1186.75,859.5,940.45,940.45,1161,43425,43425,24039.35
2025-04-25,2025-07-31,24250,CE,732.9,732.9,732.9,732.9,949.5,4,300,300,24039.35
2025-04-25,2025-07-31,24350,CE,0.0,0.0,0.0,1024.25,898.9,0,0,0,24039.35
2025-04-25,2025-07-31,24550,CE,0.0,0.0,0.0,920.8,803.15,0,0,0,24039.35
2025-04-25,2025-07-31,26000,CE,274.95,274.95,128.6,163.75,163.75,706,22350,22350,24039.35
2025-04-25,2025-09-25,24000,CE,1462.2,1471.35,1154.8,1257.3,1257.3,752,265200,4200,24039.35
2025-04-25,2025-12-24,19500,CE,0.0,0.0,0.0,4000.0,5433.4,0,1150,0,24039.35
2025-04-25,2025-12-24,29000,CE,102.0,104.9,84.5,96.2,96.2,1067,231975,27000,24039.35
2025-04-25,2026-03-26,29000,CE,0.0,0.0,0.0,440.5,523.9,0,0,0,24039.35
2025-04-25,2026-06-25,18000,CE,0.0,0.0,0.0,7400.0,7431.65,0,100,0,24039.35
2025-04-25,2026-12-31,28000,CE,1056.0,1070.0,1020.0,1070.0,1706.1,8,2775,75,24039.35
2025-04-25,2026-12-31,29000,CE,0.0,0.0,0.0,480.0,1387.5,0,450,0,24039.35
2025-04-25,2027-06-24,27000,CE,0.0,0.0,0.0,1932.5,2721.8,0,0,0,24039.35
2025-04-25,2027-12-30,27000,CE,0.0,0.0,0.0,2889.8,3394.9,0,0,0,24039.35
2025-04-25,2028-12-28,17000,CE,0.0,0.0,0.0,10036.4,10850.45,0,0,0,24039.35
2025-04-25,2029-06-28,29000,CE,0.0,0.0,0.0,5677.9,4354.1,0,0,0,24039.35
2025-04-25,2029-12-27,21000,CE,0.0,0.0,0.0,9463.95,9087.65,0,0,0,24039.35
2025-04-25,2025-04-30,20400,PE,1.35,2.55,1.05,2.2,2.2,589648,3484875,1923375,24039.35
2025-04-25,2025-04-30,20550,PE,1.6,3.55,1.25,2.55,2.55,45645,109275,90075,24039.35
2025-04-25,2025-04-30,22550,PE,6.35,16.0,3.2,12.2,12.2,110113,193875,120675,24039.35
2025-04-25,2025-04-30,22650,PE,7.3,21.0,3.95,13.45,13.45,110905,151425,84600,24039.35
2025-04-25,2025-04-30,22700,PE,7.3,21.25,4.15,14.45,14.45,235197,1538175,563700,24039.35
2025-04-25,2025-04-30,22750,PE,9.05,23.25,4.8,15.25,15.25,117085,245475,119850,24039.35
2025-04-25,2025-04-30,23100,PE,13.65,38.0,9.45,24.75,24.75,364627,1439325,809550,24039.35
2025-04-25,2025-04-30,24150,PE,143.2,363.0,92.4,217.4,217.4,688505,649500,176775,24039.35
2025-04-25,2025-04-30,24850,PE,513.6,980.0,505.0,813.3,813.3,180,7575,-1575,24039.35
2025-04-25,2025-04-30,25150,PE,0.0,0.0,0.0,802.85,1090.65,0,675,0,24039.35
2025-04-25,2025-04-30,25250,PE,1079.15,1295.3,1045.5,1175.0,1189.6,9,600,-300,24039.35
2025-04-25,2025-04-30,25950,PE,0.0,0.0,0.0,2561.4,1887.75,0,0,0,24039.35
2025-04-25,2025-05-08,21000,PE,7.45,10.5,6.2,9.4,9.4,10989,329925,71925,24039.35
2025-04-25,2025-05-08,21450,PE,0.0,0.0,0.0,16.55,0.05,0,0,0,24039.35
2025-04-25,2025-05-08,21500,PE,9.9,13.85,8.55,12.2,12.2,14242,215700,-15225,24039.35
2025-04-25,2025-05-08,21550,PE,12.9,14.15,9.05,12.55,12.55,653,5850,3525,24039.35
2025-04-25,2025-05-08,21700,PE,11.1,16.0,10.0,14.15,14.15,1237,12300,7125,24039.35
2025-04-25,2025-05-08,22300,PE,19.9,29.6,15.15,25.95,25.95,11733,200325,136800,24039.35
2025-04-25,2025-05-08,22500,PE,19.95,37.2,17.25,33.15,33.15,36386,540975,219675,24039.35
2025-04-25,2025-05-08,22700,PE,26.9,49.85,23.65,41.45,41.45,15377,250875,146475,24039.35
2025-04-25,2025-05-08,22750,PE,33.0,53.0,23.05,45.0,45.0,1698,20325,13725,24039.35
2025-04-25,2025-05-08,22900,PE,30.85,66.0,29.35,54.95,54.95,10900,108600,39600,24039.35
2025-04-25,2025-05-08,23100,PE,56.0,87.45,32.25,69.85,69.85,11207,151050,87000,24039.35
2025-04-25,2025-05-08,23250,PE,60.0,109.45,45.25,86.85,86.85,2644,44025,30525,24039.35
2025-04-25,2025-05-08,23400,PE,60.2,137.3,55.3,103.85,103.85,19062,190350,84450,24039.35
2025-04-25,2025-05-08,23450,PE,63.8,147.85,60.0,114.25,114.25,3281,34875,20550,24039.35
2025-04-25,2025-05-08,23750,PE,97.2,233.1,93.5,173.85,173.85,9611,56475,26250,24039.35
2025-04-25,2025-05-08,23900,PE,118.95,294.5,116.7,218.5,218.5,40542,383550,174075,24039.35
2025-04-25,2025-05-08,24050,PE,174.0,370.0,148.75,275.5,275.5,11937,97275,55650,24039.35
