date,expiry,strike,opt_type,open,high,low,close,settle,volume,oi,oi_change,underlying
2026-04-20,2026-05-26,20200,PE,0.0,0.0,0.0,0.15,0.1,0,0,0,24364.85
2026-04-20,2026-05-26,20900,PE,0.0,0.0,0.0,0.7,0.7,0,0,0,24364.85
2026-04-20,2026-05-26,20950,PE,0.0,0.0,0.0,0.75,0.8,0,0,0,24364.85
2026-04-20,2026-05-26,21250,PE,0.0,0.0,0.0,1.5,1.9,0,0,0,24364.85
2026-04-20,2026-05-26,21550,PE,0.0,0.0,0.0,2.8,4.15,0,0,0,24364.85
2026-04-20,2026-05-26,21900,PE,0.0,0.0,0.0,5.65,9.55,0,0,0,24364.85
2026-04-20,2026-05-26,23700,PE,243.0,283.1,230.05,278.3,278.3,1747,83200,13195,24364.85
2026-04-20,2026-05-26,24400,PE,460.0,511.95,424.0,494.7,494.7,5148,183365,65975,24364.85
2026-04-20,2026-05-26,24650,PE,582.05,616.0,528.95,603.2,603.2,214,9295,3250,24364.85
2026-04-20,2026-05-26,25750,PE,1363.65,1363.65,1350.05,1350.05,1350.05,2,1105,-65,24364.85
2026-04-20,2026-05-26,25800,PE,1340.25,1340.25,1340.25,1340.25,1409.25,1,5980,0,24364.85
2026-04-20,2026-05-26,26300,PE,1879.5,1900.4,1699.9,1841.45,1841.45,557,35555,34060,24364.85
2026-04-20,2026-06-30,20000,PE,40.0,53.75,40.0,51.45,51.45,5271,1632455,31135,24364.85
2026-04-20,2026-06-30,20300,PE,0.0,0.0,0.0,71.75,3.3,0,0,0,24364.85
2026-04-20,2026-06-30,21450,PE,0.0,0.0,0.0,262.0,25.0,0,0,0,24364.85
2026-04-20,2026-06-30,21600,PE,0.0,0.0,0.0,300.6,31.4,0,0,0,24364.85
2026-04-20,2026-06-30,21800,PE,0.0,0.0,0.0,360.1,41.95,0,0,0,24364.85
2026-04-20,2026-06-30,22350,PE,0.0,0.0,0.0,176.95,87.0,0,780,0,24364.85
2026-04-20,2026-06-30,22500,PE,154.15,229.0,149.95,181.65,181.65,15479,556530,-51545,24364.85
2026-04-20,2026-06-30,23850,PE,399.8,414.8,376.05,397.35,397.35,57,34385,-3445,24364.85
2026-04-20,2026-06-30,23950,PE,420.9,420.9,389.15,411.4,442.05,5,3120,65,24364.85
2026-04-20,2026-06-30,24100,PE,487.0,496.45,431.7,483.7,483.7,277,19760,-2145,24364.85
2026-04-20,2026-06-30,26050,PE,0.0,0.0,0.0,3296.15,1645.45,0,0,0,24364.85
2026-04-20,2026-06-30,26300,PE,0.0,0.0,0.0,3531.15,1840.75,0,0,0,24364.85
2026-04-20,2026-09-29,16500,PE,0.0,0.0,0.0,0.05,0.1,0,0,0,24364.85
2026-04-20,2026-12-29,25500,PE,1127.05,1159.9,1057.55,1122.95,1122.95,389,257790,3965,24364.85
2026-04-20,2026-12-29,28500,PE,0.0,0.0,0.0,1948.15,3404.4,0,0,0,24364.85
2026-04-20,2027-03-30,21000,PE,0.0,0.0,0.0,421.3,203.05,0,0,0,24364.85
2026-04-20,2027-12-28,22000,PE,545.0,548.0,545.0,548.0,494.9,4,14715,-65,24364.85
2026-04-20,2027-12-28,25500,PE,0.0,0.0,0.0,676.05,1517.3,0,0,0,24364.85
2026-04-20,2027-12-28,34500,PE,0.0,0.0,0.0,5258.65,7157.7,0,0,0,24364.85
2026-04-20,2028-06-27,27000,PE,0.0,0.0,0.0,2752.35,2096.15,0,0,0,24364.85
2026-04-20,2028-12-26,25000,PE,1160.0,1160.0,1160.0,1160.0,1160.0,1,5605,15,24364.85
2026-04-20,2028-12-26,26000,PE,1456.0,1456.0,1400.0,1400.0,1400.0,4,6745,195,24364.85
2026-04-20,2029-06-26,21000,PE,0.0,0.0,0.0,320.25,432.25,0,0,0,24364.85
2026-04-20,2029-12-24,34500,PE,0.0,0.0,0.0,3545.6,5216.15,0,0,0,24364.85
2026-04-20,2030-06-25,15000,PE,0.0,0.0,0.0,29.65,41.25,0,0,0,24364.85
2026-04-20,2027-12-28,17000,PE,0.0,0.0,0.0,62.75,33.7,0,16675,0,24364.85
2026-04-20,2028-06-27,28500,PE,0.0,0.0,0.0,1560.85,2806.35,0,0,0,24364.85
2026-04-20,2028-06-27,34500,PE,0.0,0.0,0.0,4734.1,6568.15,0,0,0,24364.85
2026-04-20,2028-12-26,16500,PE,0.0,0.0,0.0,5.9,53.25,0,0,0,24364.85
2026-04-20,2026-04-21,21900,CE,0.0,0.0,0.0,2313.5,2468.35,0,520,0,24364.85
2026-04-20,2026-04-21,22100,CE,2205.7,2350.0,2205.7,2330.0,2268.4,5,6760,-130,24364.85
2026-04-20,2026-04-21,22200,CE,2102.5,2265.0,2102.5,2200.0,2168.4,40,13845,-975,24364.85
2026-04-20,2026-04-21,23050,CE,1415.0,1415.0,1287.05,1287.05,1287.05,29,5590,-195,24364.85
2026-04-20,2026-04-21,23850,CE,519.9,641.1,428.2,507.95,507.95,3600,226525,-35620,24364.85
2026-04-20,2026-04-21,24300,CE,205.0,248.4,109.35,150.3,150.3,2900281,3303495,-661635,24364.85
2026-04-20,2026-04-21,24700,CE,28.1,47.8,13.4,22.1,22.1,2857444,4219150,584870,24364.85
2026-04-20,2026-04-21,21800,CE,2580.65,2580.65,2580.65,2580.65,2568.35,1,455,-65,24364.85
2026-04-20,2026-04-21,21650,CE,0.0,0.0,0.0,1256.5,2718.3,0,65,0,24364.85
2026-04-20,2026-04-21,21300,CE,0.0,0.0,0.0,2427.75,3068.25,0,0,0,24364.85
2026-04-20,2026-04-21,20400,CE,0.0,0.0,0.0,3318.2,3968.1,0,0,0,24364.85
2026-04-20,2026-04-21,20100,CE,0.0,0.0,0.0,4302.85,4268.05,0,65,0,24364.85
2026-04-20,2026-04-21,26000,CE,0.45,0.85,0.3,0.5,0.5,467713,2493920,-4211610,24364.85
2026-04-20,2026-04-21,26100,CE,0.7,0.7,0.25,0.45,0.45,81433,366405,-1482845,24364.85
2026-04-20,2026-04-28,20700,CE,0.0,0.0,0.0,2133.0,3691.15,0,715,0,24364.85
2026-04-20,2026-04-28,21400,CE,0.0,0.0,0.0,2966.0,2992.05,0,975,0,24364.85
2026-04-20,2026-04-28,21500,CE,2875.0,2981.0,2805.05,2842.8,2842.8,161,127010,-8385,24364.85
2026-04-20,2026-04-28,21600,CE,2742.1,2742.1,2714.15,2714.15,2714.15,2,36660,-65,24364.85
2026-04-20,2026-04-28,23550,CE,890.0,966.05,855.85,895.0,895.0,55,158210,-585,24364.85
2026-04-20,2026-04-28,23650,CE,750.05,879.9,740.05,789.25,789.25,118,30485,-1755,24364.85
2026-04-20,2026-04-28,24750,CE,130.0,155.0,83.15,116.45,116.45,22029,223210,10400,24364.85
2026-04-20,2026-04-28,25300,CE,22.85,25.9,12.2,21.05,21.05,101170,1149330,-517855,24364.85
2026-04-20,2026-04-28,25650,CE,7.3,7.3,3.85,6.45,6.45,7573,156585,60515,24364.85
2026-04-20,2026-04-28,26300,CE,1.55,1.6,1.1,1.25,1.25,5860,284895,-22425,24364.85
2026-04-20,2026-05-05,20300,CE,0.0,0.0,0.0,2783.2,4113.2,0,0,0,24364.85
2026-04-20,2026-05-05,20450,CE,0.0,0.0,0.0,2636.25,3963.55,0,0,0,24364.85
2026-04-20,2026-05-05,20900,CE,0.0,0.0,0.0,2200.7,3514.65,0,0,0,24364.85
2026-04-20,2026-05-05,21350,CE,0.0,0.0,0.0,1779.5,3065.7,0,0,0,24364.85
2026-04-20,2026-05-05,21700,CE,0.0,0.0,0.0,1468.9,2716.65,0,0,0,24364.85
2026-04-20,2026-05-05,21900,CE,0.0,0.0,0.0,1300.85,2517.25,0,0,0,24364.85
2026-04-20,2026-05-05,22150,CE,0.0,0.0,0.0,1102.65,2268.35,0,0,0,24364.85
2026-04-20,2026-05-05,22750,CE,0.0,0.0,0.0,1452.15,1676.25,0,1820,0,24364.85
2026-04-20,2026-05-05,23100,CE,1275.0,1330.0,1275.0,1330.0,1341.15,5,1105,195,24364.85
2026-04-20,2026-05-05,23400,CE,1150.0,1166.0,1075.0,1105.0,1068.0,24,2600,-585,24364.85
2026-04-20,2026-05-05,24150,CE,450.0,579.8,450.0,506.6,506.6,169,10725,-2600,24364.85
2026-04-20,2026-05-05,24300,CE,375.5,487.8,350.35,412.4,412.4,5951,131885,38675,24364.85
2026-04-20,2026-05-05,24650,CE,228.95,290.55,192.25,243.6,243.6,532,13520,-4225,24364.85
2026-04-20,2026-05-05,24800,CE,180.0,223.1,139.35,181.15,181.15,5319,96525,34515,24364.85
2026-04-20,2026-05-05,25550,CE,27.35,36.55,19.1,29.35,29.35,785,20540,11765,24364.85
2026-04-20,2026-05-05,25850,CE,13.05,15.2,9.85,10.5,10.5,541,23920,11895,24364.85
2026-04-20,2026-05-05,25950,CE,11.45,12.0,7.05,8.25,8.25,513,10400,6565,24364.85
2026-04-20,2026-05-05,26100,CE,8.05,8.65,5.1,5.9,5.9,1016,29380,11830,24364.85
2026-04-20,2026-05-12,22550,CE,0.0,0.0,0.0,911.35,1905.4,0,0,0,24364.85
2026-04-20,2026-05-12,23100,CE,0.0,0.0,0.0,565.7,1390.25,0,0,0,24364.85
2026-04-20,2026-05-12,23500,CE,1100.0,1144.8,1013.85,1099.0,1046.6,24,780,65,24364.85
2026-04-20,2026-05-12,23700,CE,0.0,0.0,0.0,299.45,889.6,0,0,0,24364.85
2026-04-20,2026-05-12,24100,CE,582.25,707.85,582.25,626.8,626.8,54,3185,-390,24364.85
2026-04-20,2026-05-12,26550,CE,8.3,9.55,5.75,6.3,6.3,469,12480,8190,24364.85
2026-04-20,2026-05-19,22200,CE,0.0,0.0,0.0,1810.3,2277.4,0,0,0,24364.85
2026-04-20,2026-05-19,24000,CE,704.2,838.2,700.0,770.2,770.2,109,6955,2275,24364.85
2026-04-20,2026-05-19,24350,CE,486.0,605.3,486.0,535.75,535.75,35,1365,325,24364.85
2026-04-20,2026-05-19,25600,CE,95.05,95.65,95.05,95.65,122.4,5,325,325,24364.85
2026-04-20,2026-05-19,26250,CE,0.0,0.0,0.0,25.0,44.5,0,65,0,24364.85
2026-04-20,2026-05-26,20750,CE,0.0,0.0,0.0,2714.0,3742.0,0,65,0,24364.85
2026-04-20,2026-05-26,21750,CE,0.0,0.0,0.0,2453.0,2754.4,0,130,0,24364.85
2026-04-20,2026-05-26,21850,CE,0.0,0.0,0.0,2473.8,2656.8,0,195,0,24364.85
2026-04-20,2026-05-26,22350,CE,2165.4,2165.45,2130.95,2130.95,2176.2,3,845,0,24364.85
2026-04-20,2026-05-26,22650,CE,1885.75,1946.45,1885.75,1946.45,1897.05,2,2080,0,24364.85
2026-04-20,2026-05-26,23400,CE,1254.2,1369.6,1254.2,1296.25,1253.6,26,34320,260,24364.85
2026-04-20,2026-05-26,24500,CE,519.95,575.0,444.55,513.05,513.05,18832,1435850,156130,24364.85
2026-04-20,2026-05-26,24950,CE,263.05,335.75,263.0,295.35,295.35,290,12870,715,24364.85
2026-04-20,2026-06-30,18000,CE,0.0,0.0,0.0,6500.0,6581.0,0,14800,0,24364.85
2026-04-20,2026-06-30,21850,CE,0.0,0.0,0.0,1442.8,2822.25,0,65,0,24364.85
2026-04-20,2026-06-30,21950,CE,0.0,0.0,0.0,1345.7,2730.1,0,325,0,24364.85
2026-04-20,2026-06-30,22100,CE,0.0,0.0,0.0,1340.85,2593.4,0,455,0,24364.85
2026-04-20,2026-06-30,22600,CE,0.0,0.0,0.0,2150.0,2153.6,0,1560,0,24364.85
2026-04-20,2026-06-30,23200,CE,1642.4,1686.9,1642.4,1686.9,1667.6,2,4420,-65,24364.85
2026-04-20,2026-06-30,23300,CE,1558.8,1558.8,1558.8,1558.8,1558.8,1,2925,0,24364.85
2026-04-20,2026-06-30,23650,CE,1293.85,1323.3,1293.85,1323.3,1323.3,2,1105,-65,24364.85
2026-04-20,2026-06-30,23700,CE,1260.6,1367.75,1229.4,1340.0,1307.0,16,3055,-325,24364.85
2026-04-20,2026-06-30,24150,CE,949.2,973.15,949.2,973.15,1023.45,3,2535,0,24364.85
2026-04-20,2026-06-30,24850,CE,505.45,603.15,501.45,541.8,541.8,109,13325,-5720,24364.85
2026-04-20,2026-06-30,26050,CE,134.15,157.3,127.95,137.85,137.85,136,9685,325,24364.85
2026-04-20,2026-06-30,31000,CE,5.4,5.4,4.15,4.6,4.6,67,83770,975,24364.85
2026-04-20,2026-09-29,15000,CE,0.0,0.0,0.0,10499.3,9772.65,0,0,0,24364.85
2026-04-20,2026-09-29,19500,CE,0.0,0.0,0.0,7303.95,5409.5,0,0,0,24364.85
2026-04-20,2026-12-29,15000,CE,0.0,0.0,0.0,5977.65,9996.95,0,0,0,24364.85
2026-04-20,2026-12-29,16500,CE,0.0,0.0,0.0,10405.0,8561.3,0,0,0,24364.85
2026-04-20,2026-12-29,20000,CE,5250.0,5430.85,5200.0,5278.1,5278.1,220,113180,4420,24364.85
2026-04-20,2027-06-29,34500,CE,0.0,0.0,0.0,304.2,183.75,0,0,0,24364.85
2026-04-20,2028-06-27,28500,CE,0.0,0.0,0.0,2990.0,2293.7,0,0,0,24364.85
2026-04-20,2028-12-26,21000,CE,0.0,0.0,0.0,7512.5,7004.25,0,0,0,24364.85
2026-04-20,2028-12-26,28500,CE,0.0,0.0,0.0,3608.65,2896.05,0,0,0,24364.85
2026-04-20,2029-06-26,18000,CE,0.0,0.0,0.0,11678.65,9734.05,0,0,0,24364.85
2026-04-20,2029-06-26,21000,CE,0.0,0.0,0.0,9799.75,7567.1,0,0,0,24364.85
2026-04-20,2029-06-26,22500,CE,0.0,0.0,0.0,7946.5,6584.25,0,0,0,24364.85
2026-04-20,2028-06-27,18000,PE,0.0,0.0,0.0,396.75,94.9,0,0,0,24364.85
2026-04-20,2029-12-24,15000,CE,0.0,0.0,0.0,13369.45,12465.75,0,0,0,24364.85
2026-04-20,2030-12-31,33000,CE,0.0,0.0,0.0,3948.25,3557.45,0,0,0,24364.85
2026-04-20,2026-04-21,20150,PE,0.65,0.65,0.2,0.3,0.3,5371,89765,11375,24364.85
2026-04-20,2026-04-21,21100,PE,0.45,0.7,0.3,0.5,0.5,13929,200005,-206180,24364.85
2026-04-20,2026-04-21,21350,PE,0.6,0.8,0.35,0.45,0.45,3504,74620,35750,24364.85
2026-04-20,2026-04-21,23200,PE,2.85,3.45,1.1,1.65,1.65,783151,4178395,-766090,24364.85
2026-04-20,2026-04-21,23350,PE,5.6,5.6,1.8,2.45,2.45,315468,1771120,465725,24364.85
2026-04-20,2026-04-21,23700,PE,9.5,17.6,6.95,9.7,9.7,1087958,5096325,1737450,24364.85
2026-04-20,2026-04-21,24100,PE,68.9,80.4,30.0,54.0,54.0,2665356,5050435,1418625,24364.85
2026-04-20,2026-04-21,24150,PE,65.0,96.9,36.5,66.7,66.7,1821177,2491775,104585,24364.85
2026-04-20,2026-04-21,24450,PE,182.0,257.75,116.6,185.7,185.7,2117645,906295,366795,24364.85
2026-04-20,2026-04-21,24650,PE,302.55,419.85,228.8,330.9,330.9,74067,57070,12740,24364.85
2026-04-20,2026-04-21,25000,PE,615.0,752.35,527.55,656.9,656.9,22244,186485,-137150,24364.85
2026-04-20,2026-04-21,25750,PE,1331.95,1444.0,1290.0,1349.55,1381.1,8,130,65,24364.85
2026-04-20,2026-04-28,21700,PE,4.0,5.7,2.8,5.25,5.25,6777,212485,2080,24364.85
2026-04-20,2026-04-28,22250,PE,8.65,9.3,6.25,8.5,8.5,2523,115635,9620,24364.85
2026-04-20,2026-04-28,22550,PE,12.0,13.55,9.35,12.3,12.3,4772,158535,8645,24364.85
2026-04-20,2026-04-28,24600,PE,389.9,457.8,333.0,432.35,432.35,24490,610350,289055,24364.85
2026-04-20,2026-04-28,25500,PE,1170.45,1231.0,1025.25,1148.5,1148.5,2475,831285,74555,24364.85
2026-04-20,2026-04-28,25550,PE,1155.95,1155.95,1090.0,1090.0,1162.45,9,6240,0,24364.85
2026-04-20,2026-04-28,26300,PE,1900.0,1937.85,1830.0,1908.0,1902.1,8,41080,-520,24364.85
2026-04-20,2026-04-28,26600,PE,2229.55,2229.55,2140.0,2140.0,2201.45,2,14560,-65,24364.85
2026-04-20,2026-05-05,21200,PE,10.9,10.9,6.0,6.6,0.05,28,1560,65,24364.85
2026-04-20,2026-05-05,21850,PE,11.55,11.65,11.55,11.65,0.2,6,260,-390,24364.85
2026-04-20,2026-05-05,23100,PE,55.0,75.8,52.95,71.85,71.85,1175,31850,8060,24364.85
2026-04-20,2026-05-05,23250,PE,74.95,91.1,65.75,81.6,81.6,225,7670,2730,24364.85
2026-04-20,2026-05-05,23450,PE,98.25,122.3,86.5,118.9,118.9,347,17680,9620,24364.85
2026-04-20,2026-05-05,23650,PE,128.75,158.0,114.9,148.8,148.8,336,17680,5070,24364.85
2026-04-20,2026-05-05,23900,PE,188.3,218.1,162.85,209.55,209.55,1443,47450,10140,24364.85
2026-04-20,2026-05-05,25300,PE,950.0,950.0,923.05,923.15,949.65,4,325,195,24364.85
2026-04-20,2026-05-12,22250,PE,0.0,0.0,0.0,128.45,5.1,0,0,0,24364.85
2026-04-20,2026-05-12,22750,PE,0.0,0.0,0.0,262.6,19.85,0,0,0,24364.85
2026-04-20,2026-05-12,23200,PE,112.0,128.0,95.35,122.45,122.45,337,11375,9425,24364.85
2026-04-20,2026-05-12,24450,PE,387.05,461.0,382.65,455.45,455.45,33,1105,1105,24364.85
2026-04-20,2026-05-12,24650,PE,464.85,464.85,464.85,464.85,527.3,1,65,65,24364.85
2026-04-20,2026-05-12,24850,PE,0.0,0.0,0.0,1636.35,650.75,0,0,0,24364.85
2026-04-20,2026-05-12,24900,PE,648.4,650.5,648.4,650.5,650.5,2,130,130,24364.85
2026-04-20,2026-05-12,25100,PE,0.0,0.0,0.0,1864.15,824.2,0,0,0,24364.85
2026-04-20,2026-05-12,25750,PE,0.0,0.0,0.0,2482.0,1355.55,0,0,0,24364.85
2026-04-20,2026-05-19,22300,PE,0.0,0.0,0.0,53.2,13.35,0,0,0,24364.85
2026-04-20,2026-05-19,24100,PE,304.85,368.75,304.85,365.15,365.15,3,65,0,24364.85
2026-04-20,2026-05-19,24650,PE,0.0,0.0,0.0,926.05,573.0,0,0,0,24364.85
2026-04-20,2026-05-19,24700,PE,0.0,0.0,0.0,668.85,601.6,0,0,0,24364.85
2026-04-20,2026-05-19,25900,PE,0.0,0.0,0.0,1960.85,1494.4,0,0,0,24364.85
2026-04-20,2026-05-19,25950,PE,0.0,0.0,0.0,2007.0,1538.3,0,0,0,24364.85
2026-04-20,2026-05-19,26150,PE,0.0,0.0,0.0,2193.85,1717.5,0,0,0,24364.85
2026-04-20,2029-12-24,24000,PE,0.0,0.0,0.0,625.5,989.3,0,0,0,24364.85
2026-04-20,2026-05-19,26250,PE,0.0,0.0,0.0,2288.45,1809.0,0,0,0,24364.85
2026-04-20,2026-05-26,20350,PE,19.4,19.75,19.4,19.75,0.15,12,780,780,24364.85
2026-04-20,2026-05-26,20400,PE,20.55,22.9,18.55,22.55,22.55,69,2470,1690,24364.85
2026-04-20,2026-05-26,20500,PE,20.9,25.25,18.45,23.95,23.95,3550,279045,43680,24364.85
2026-04-20,2026-05-26,20850,PE,0.0,0.0,0.0,0.6,0.6,0,0,0,24364.85
2026-04-20,2026-05-26,21150,PE,0.0,0.0,0.0,1.2,1.45,0,0,0,24364.85
2026-04-20,2026-05-26,21450,PE,40.0,45.2,34.2,45.1,45.1,59,17160,-1300,24364.85
2026-04-20,2026-05-26,21850,PE,0.0,0.0,0.0,5.15,8.5,0,0,0,24364.85
2026-04-20,2026-05-26,23650,PE,242.6,260.65,220.0,250.25,205.3,68,4485,-650,24364.85
2026-04-20,2026-05-26,23900,PE,327.25,335.6,276.25,322.15,322.15,1866,131235,15730,24364.85
2026-04-20,2026-05-26,25200,PE,930.0,949.6,813.55,922.2,922.2,380,45110,7670,24364.85
2026-04-20,2029-12-24,23000,PE,0.0,0.0,0.0,950.0,775.5,0,1560,0,24364.85
2026-04-20,2029-12-24,19500,PE,0.0,0.0,0.0,61.2,271.2,0,0,0,24364.85
2026-04-20,2029-06-26,26000,PE,0.0,0.0,0.0,900.0,1576.0,0,50,0,24364.85
2026-04-20,2028-12-26,27000,PE,1720.0,1735.0,1720.0,1735.0,1735.0,9,7640,390,24364.85
2026-04-20,2026-05-26,25250,PE,932.0,933.15,872.15,918.85,985.25,14,2145,520,24364.85
2026-04-20,2026-05-26,26650,PE,0.0,0.0,0.0,2914.5,2162.1,0,130,0,24364.85
2026-04-20,2026-06-30,20100,PE,0.0,0.0,0.0,55.0,2.2,0,0,0,24364.85
2026-04-20,2026-06-30,20550,PE,0.0,0.0,0.0,98.3,5.35,0,0,0,24364.85
2026-04-20,2026-06-30,20700,PE,0.0,0.0,0.0,117.55,7.1,0,0,0,24364.85
2026-04-20,2026-06-30,20750,PE,0.0,0.0,0.0,124.6,7.75,0,0,0,24364.85
2026-04-20,2026-06-30,21250,PE,0.0,0.0,0.0,214.3,18.25,0,0,0,24364.85
2026-04-20,2026-06-30,21300,PE,0.0,0.0,0.0,225.4,19.8,0,0,0,24364.85
2026-04-20,2026-06-30,22150,PE,146.6,152.2,129.9,146.0,146.0,333,6370,1430,24364.85
2026-04-20,2026-06-30,22250,PE,154.35,158.4,131.95,158.4,158.4,197,5200,-780,24364.85
2026-04-20,2026-06-30,22750,PE,208.65,211.15,180.65,206.2,206.2,132,3835,-130,24364.85
2026-04-20,2026-06-30,23450,PE,326.75,331.45,275.8,328.25,328.25,66,3705,-975,24364.85
2026-04-20,2026-06-30,23800,PE,407.9,412.9,353.1,407.65,407.65,461,31980,5070,24364.85
2026-04-20,2026-06-30,24250,PE,522.45,550.0,484.8,550.0,550.0,27,5850,-585,24364.85
2026-04-20,2026-06-30,25350,PE,0.0,0.0,0.0,1034.05,1150.4,0,65,0,24364.85
2026-04-20,2026-06-30,26100,PE,0.0,0.0,0.0,3342.95,1683.8,0,0,0,24364.85
2026-04-20,2026-09-29,30000,PE,0.0,0.0,0.0,2600.0,4902.25,0,65,0,24364.85
2026-04-20,2026-12-29,14000,PE,32.5,34.4,30.0,34.1,34.1,24,4045,520,24364.85
2026-04-20,2027-03-30,25500,PE,0.0,0.0,0.0,2330.2,1489.95,0,0,0,24364.85
2026-04-20,2027-06-29,19000,PE,0.0,0.0,0.0,350.0,75.35,0,1070,0,24364.85
2026-04-20,2027-06-29,25500,PE,0.0,0.0,0.0,667.15,1510.6,0,0,0,24364.85
2026-04-20,2026-12-29,31500,PE,0.0,0.0,0.0,4059.3,5934.2,0,0,0,24364.85
2026-04-20,2026-12-29,25000,PE,795.0,954.8,795.0,932.2,932.2,2337,1188980,17575,24364.85
2026-04-20,2026-12-29,24000,PE,579.8,665.0,579.75,653.15,653.15,2931,1140215,17180,24364.85
2026-04-20,2026-12-29,15000,PE,45.0,45.0,40.8,43.65,43.65,130,97355,2990,24364.85
2026-04-20,2026-09-29,25500,PE,961.6,1178.6,961.6,1094.4,1094.4,312,83265,10075,24364.85
2026-04-20,2026-09-29,23000,PE,344.1,372.0,331.05,363.85,363.85,3338,482590,79430,24364.85
2026-04-20,2026-06-30,30000,PE,5231.0,5301.0,5129.8,5200.0,5200.0,57,206615,195,24364.85
2026-04-20,2026-06-30,25650,PE,1164.45,1164.45,1164.45,1164.45,1352.3,1,65,65,24364.85
2026-04-20,2026-06-30,24550,PE,622.35,659.75,581.75,617.5,696.55,39,3705,975,24364.85
2026-04-20,2026-06-30,22550,PE,190.7,190.7,158.75,189.55,189.55,103,2795,520,24364.85
2026-04-20,2026-06-30,22100,PE,138.05,144.9,131.7,140.95,140.95,118,5265,-325,24364.85
2026-04-20,2026-06-30,22050,PE,0.0,0.0,0.0,145.0,59.15,0,3965,0,24364.85
2026-04-20,2026-06-30,22000,PE,107.0,139.65,107.0,135.15,135.15,12670,1074965,-52660,24364.85
2026-04-20,2026-05-26,27250,PE,0.0,0.0,0.0,3698.8,2733.65,0,65,0,24364.85
2026-04-20,2026-05-26,26550,PE,0.0,0.0,0.0,2810.75,2069.25,0,130,0,24364.85
2026-04-20,2026-05-26,26200,PE,1707.3,1708.35,1591.7,1702.65,1752.1,328,68965,20670,24364.85
2026-04-20,2026-05-26,25550,PE,1093.95,1093.95,1075.2,1075.2,1208.75,2,780,0,24364.85
2026-04-20,2026-05-26,24700,PE,594.1,650.0,545.35,625.15,625.15,683,80275,13260,24364.85
2026-04-20,2026-05-26,24250,PE,429.05,446.4,374.1,444.5,444.5,339,19955,5785,24364.85
2026-04-20,2026-05-26,24150,PE,395.0,411.0,346.0,396.95,396.95,132,8320,195,24364.85
2026-04-20,2026-05-26,23250,PE,168.2,193.55,151.05,190.95,190.95,274,6955,-1560,24364.85
2026-04-20,2026-05-26,23050,PE,156.5,162.8,128.0,157.8,157.8,242,6045,-65,24364.85
2026-04-20,2026-05-26,21800,PE,28.75,28.75,28.75,28.75,7.6,14,910,910,24364.85
2026-04-20,2026-05-26,21650,PE,0.0,0.0,0.0,3.45,5.3,0,0,0,24364.85
2026-04-20,2026-05-26,21350,PE,0.0,0.0,0.0,1.85,2.45,0,0,0,24364.85
2026-04-20,2026-05-26,20800,PE,0.0,0.0,0.0,0.55,0.5,0,0,0,24364.85
2026-04-20,2026-05-19,26050,PE,0.0,0.0,0.0,2100.0,1627.25,0,0,0,24364.85
2026-04-20,2026-05-19,25600,PE,0.0,0.0,0.0,1689.55,1239.85,0,0,0,24364.85
2026-04-20,2026-05-19,25350,PE,0.0,0.0,0.0,1472.45,1041.45,0,0,0,24364.85
2026-04-20,2026-05-19,25050,PE,0.0,0.0,0.0,1225.8,823.35,0,0,0,24364.85
2026-04-20,2026-05-19,24400,PE,451.5,479.15,399.9,463.75,463.75,165,3835,3120,24364.85
2026-04-20,2028-12-26,22000,PE,690.0,690.0,688.0,688.0,573.75,2,7330,90,24364.85
2026-04-20,2028-12-26,22500,PE,0.0,0.0,0.0,218.8,669.35,0,0,0,24364.85
2026-04-20,2028-12-26,34500,PE,0.0,0.0,0.0,4281.85,6060.0,0,0,0,24364.85
2026-04-20,2029-06-26,19500,PE,0.0,0.0,0.0,56.0,255.3,0,0,0,24364.85
2026-04-20,2029-06-26,28500,PE,0.0,0.0,0.0,1349.1,2504.6,0,0,0,24364.85
2026-04-20,2029-06-26,31500,PE,0.0,0.0,0.0,2443.35,3917.85,0,0,0,24364.85
2026-04-20,2029-12-24,15000,PE,0.0,0.0,0.0,22.85,34.85,0,0,0,24364.85
2026-04-20,2030-06-25,16500,PE,0.0,0.0,0.0,12.0,87.15,0,0,0,24364.85
2026-04-20,2030-12-31,15000,PE,0.0,0.0,0.0,4.95,47.05,0,0,0,24364.85
2026-04-20,2030-12-31,28500,PE,0.0,0.0,0.0,1083.1,2114.05,0,0,0,24364.85
2026-04-20,2026-05-19,24350,PE,384.8,467.8,384.8,451.4,451.4,26,2210,845,24364.85
2026-04-20,2026-05-19,24050,PE,319.9,319.9,318.9,318.9,293.65,2,130,65,24364.85
2026-04-20,2026-05-19,22900,PE,0.0,0.0,0.0,140.85,48.15,0,0,0,24364.85
2026-04-20,2026-05-19,22600,PE,0.0,0.0,0.0,88.75,26.2,0,0,0,24364.85
2026-04-20,2026-05-19,22400,PE,0.0,0.0,0.0,63.45,16.8,0,0,0,24364.85
2026-04-20,2026-05-19,22200,PE,50.0,62.45,49.0,55.5,55.5,16,1105,585,24364.85
2026-04-20,2026-05-12,26500,PE,0.0,0.0,0.0,3217.6,2055.8,0,0,0,24364.85
2026-04-20,2026-05-12,26250,PE,0.0,0.0,0.0,2971.0,1816.1,0,0,0,24364.85
2026-04-20,2026-05-12,26100,PE,0.0,0.0,0.0,2823.6,1674.8,0,0,0,24364.85
2026-04-20,2026-05-12,25500,PE,0.0,0.0,0.0,2241.1,1139.75,0,0,0,24364.85
2026-04-20,2026-05-12,25450,PE,0.0,0.0,0.0,2193.3,1098.15,0,0,0,24364.85
2026-04-20,2026-05-12,25300,PE,953.0,953.0,953.0,953.0,953.0,1,65,65,24364.85
2026-04-20,2026-05-12,24350,PE,392.2,436.15,345.95,425.05,425.05,111,3185,1755,24364.85
2026-04-20,2026-05-12,23350,PE,130.0,151.0,113.0,150.1,150.1,71,3575,3185,24364.85
2026-04-20,2026-05-12,22150,PE,0.0,0.0,0.0,109.4,3.75,0,0,0,24364.85
2026-04-20,2026-05-12,21750,PE,0.0,0.0,0.0,54.15,1.0,0,0,0,24364.85
2026-04-20,2026-05-12,21400,PE,17.5,17.5,17.5,17.5,0.3,5,325,325,24364.85
2026-04-20,2026-05-05,25400,PE,0.0,0.0,0.0,1040.0,1035.1,0,130,0,24364.85
2026-04-20,2026-05-05,24600,PE,484.9,519.25,400.0,502.4,502.4,711,24895,9295,24364.85
2026-04-20,2026-05-05,24350,PE,290.75,384.7,290.75,371.8,371.8,1554,22750,1820,24364.85
2026-04-20,2026-05-05,24200,PE,289.45,320.05,242.65,309.2,309.2,5825,177060,38675,24364.85
2026-04-20,2026-05-05,23050,PE,55.2,69.9,49.85,67.35,67.35,263,9880,520,24364.85
2026-04-20,2026-05-05,22550,PE,27.1,33.35,25.35,30.45,30.45,60,2340,-65,24364.85
2026-04-20,2026-04-28,27400,PE,2950.0,2950.0,2950.0,2950.0,3000.35,1,1755,0,24364.85
2026-04-20,2026-04-28,26450,PE,0.0,0.0,0.0,3440.0,2051.75,0,585,0,24364.85
2026-04-20,2026-04-28,24950,PE,675.05,710.0,550.0,682.65,682.65,175,9425,6240,24364.85
2026-04-20,2026-04-28,24900,PE,609.95,670.35,515.15,642.9,642.9,2242,148070,2015,24364.85
2026-04-20,2026-04-28,23200,PE,35.0,42.3,25.75,38.9,38.9,45233,1308970,88595,24364.85
2026-04-20,2026-04-28,23100,PE,30.8,35.5,23.7,32.5,32.5,34386,1126775,218595,24364.85
2026-04-20,2026-04-28,22650,PE,7.3,16.2,7.3,14.5,14.5,4405,153010,20735,24364.85
2026-04-20,2026-04-28,21350,PE,3.8,4.5,2.9,4.25,4.25,234,15340,1820,24364.85
2026-04-20,2026-04-28,20900,PE,2.25,3.05,1.65,2.8,2.8,5856,316225,73125,24364.85
2026-04-20,2026-04-21,26050,PE,0.0,0.0,0.0,2304.5,1681.05,0,0,0,24364.85
2026-04-20,2026-04-21,25350,PE,1009.15,1041.1,887.15,1035.45,1035.45,152,2925,780,24364.85
2026-04-20,2026-04-21,23500,PE,5.0,8.65,3.6,4.4,4.4,1387978,8890635,2357940,24364.85
2026-04-20,2026-04-21,23300,PE,3.95,4.6,1.5,2.15,2.15,890589,4475770,393965,24364.85
2026-04-20,2026-04-21,21600,PE,0.6,0.8,0.45,0.65,0.65,22433,615810,-346645,24364.85
2026-04-20,2026-04-21,21400,PE,0.85,0.85,0.5,0.6,0.6,9673,423735,-39065,24364.85
2026-04-20,2026-04-21,21200,PE,0.6,0.7,0.4,0.55,0.55,10966,153790,-131105,24364.85
2026-04-20,2026-04-21,20650,PE,0.7,0.7,0.3,0.4,0.4,613,18525,-260,24364.85
2026-04-20,2026-04-21,20450,PE,0.35,2.75,0.25,0.4,0.4,1204,32565,-3835,24364.85
2026-04-20,2030-06-25,24000,CE,0.0,0.0,0.0,8591.55,6820.55,0,0,0,24364.85
2026-04-20,2030-06-25,15000,CE,0.0,0.0,0.0,14543.9,12838.05,0,0,0,24364.85
2026-04-20,2029-12-24,22500,CE,0.0,0.0,0.0,8486.15,7145.05,0,0,0,24364.85
2026-04-20,2029-12-24,18000,CE,0.0,0.0,0.0,11362.4,10196.8,0,0,0,24364.85
2026-04-20,2029-12-24,16500,CE,0.0,0.0,0.0,12984.85,11315.25,0,0,0,24364.85
2026-04-20,2029-06-26,34500,CE,0.0,0.0,0.0,1895.7,1670.15,0,0,0,24364.85
2026-04-20,2029-06-26,30000,CE,0.0,0.0,0.0,5268.4,2923.3,0,0,0,24364.85
2026-04-20,2028-12-26,28000,CE,2694.45,2750.0,2694.45,2750.0,3094.5,11,4950,-390,24364.85
2026-04-20,2028-12-26,18000,CE,0.0,0.0,0.0,9380.3,9250.45,0,0,0,24364.85
2026-04-20,2027-12-28,31500,CE,0.0,0.0,0.0,456.95,905.35,0,260,0,24364.85
2026-04-20,2027-12-28,21000,CE,0.0,0.0,0.0,4902.4,5785.15,0,0,0,24364.85
2026-04-20,2027-06-29,30000,CE,0.0,0.0,0.0,1478.4,712.6,0,0,0,24364.85
2026-04-20,2027-06-29,21000,CE,0.0,0.0,0.0,3061.8,5115.7,0,0,0,24364.85
2026-04-20,2027-03-30,25500,CE,0.0,0.0,0.0,940.2,1804.4,0,0,0,24364.85
2026-04-20,2027-03-30,24000,CE,0.0,0.0,0.0,1492.75,2605.4,0,0,0,24364.85
2026-04-20,2026-12-29,31000,CE,43.5,47.85,39.65,43.0,43.0,332,127535,6955,24364.85
2026-04-20,2026-12-29,30000,CE,66.4,74.95,65.25,72.05,72.05,1199,575490,-6500,24364.85
2026-04-20,2026-12-29,21000,CE,4320.05,4550.0,4320.05,4486.0,4393.25,27,30320,520,24364.85
2026-04-20,2026-06-30,25500,CE,300.95,313.55,246.1,278.4,278.4,4521,900835,8710,24364.85
2026-04-20,2026-06-30,22900,CE,1921.9,1921.9,1921.85,1921.85,1904.05,2,3185,0,24364.85
2026-04-20,2026-06-30,22800,CE,0.0,0.0,0.0,1720.0,1985.9,0,1495,0,24364.85
2026-04-20,2026-06-30,22250,CE,0.0,0.0,0.0,2200.0,2458.75,0,390,0,24364.85
2026-04-20,2026-06-30,20500,CE,0.0,0.0,0.0,4000.7,4115.85,0,12480,0,24364.85
2026-04-20,2026-05-26,26100,CE,29.65,45.4,29.6,40.25,40.25,1004,34775,9945,24364.85
2026-04-20,2026-05-26,25900,CE,49.85,66.7,44.4,59.35,59.35,2573,49920,-650,24364.85
2026-04-20,2026-05-26,24400,CE,569.45,638.85,499.55,570.25,570.25,5176,163995,41405,24364.85
2026-04-20,2026-05-26,23100,CE,1555.0,1612.0,1505.0,1505.0,1505.0,42,15015,-1040,24364.85
2026-04-20,2026-05-26,22700,CE,1945.0,1945.0,1945.0,1945.0,1851.45,1,12675,0,24364.85
2026-04-20,2026-05-26,22600,CE,1910.95,2070.7,1910.95,2070.7,1942.9,8,4875,-325,24364.85
2026-04-20,2026-05-26,21900,CE,0.0,0.0,0.0,1442.2,2608.1,0,260,0,24364.85
2026-04-20,2026-05-26,21450,CE,0.0,0.0,0.0,2074.45,3049.05,0,325,0,24364.85
2026-04-20,2026-05-26,20450,CE,0.0,0.0,0.0,2246.45,4039.9,0,65,0,24364.85
2026-04-20,2026-05-19,25800,CE,69.75,69.75,65.0,67.65,91.25,4,260,260,24364.85
2026-04-20,2026-05-19,25050,CE,0.0,0.0,0.0,157.65,253.4,0,0,0,24364.85
2026-04-20,2026-05-19,23450,CE,0.0,0.0,0.0,814.7,1148.65,0,0,0,24364.85
2026-04-20,2026-05-19,23350,CE,0.0,0.0,0.0,880.6,1229.5,0,0,0,24364.85
2026-04-20,2026-05-19,23050,CE,0.0,0.0,0.0,1095.05,1484.65,0,0,0,24364.85
2026-04-20,2026-05-12,26450,CE,5.75,8.3,5.7,7.85,7.85,15,325,-585,24364.85
2026-04-20,2026-05-12,25850,CE,38.0,38.0,22.05,28.5,28.5,83,2535,2470,24364.85
2026-04-20,2026-05-12,24000,CE,653.6,782.15,620.7,686.35,686.35,207,10530,260,24364.85
2026-04-20,2026-05-12,23950,CE,791.55,791.55,782.35,782.35,710.4,2,325,-65,24364.85
2026-04-20,2026-05-12,23000,CE,1490.0,1490.0,1490.0,1490.0,1490.0,1,65,65,24364.85
2026-04-20,2026-05-12,22250,CE,0.0,0.0,0.0,1137.6,2197.6,0,0,0,24364.85
2026-04-20,2026-05-05,25600,CE,26.2,30.05,15.55,24.95,24.95,2624,58240,36855,24364.85
2026-04-20,2026-05-05,25150,CE,70.0,103.75,61.95,85.25,85.25,996,12155,2925,24364.85
2026-04-20,2026-05-05,24950,CE,133.0,164.95,100.75,134.95,134.95,840,10465,-8515,24364.85
2026-04-20,2026-05-05,24400,CE,359.9,428.35,297.65,362.75,362.75,8072,121615,38415,24364.85
2026-04-20,2026-05-05,24000,CE,606.0,691.0,512.4,607.25,607.25,2420,210080,-2795,24364.85
2026-04-20,2026-05-05,23500,CE,931.05,1082.35,931.0,992.9,992.9,159,20605,4290,24364.85
2026-04-20,2026-05-05,23200,CE,0.0,0.0,0.0,1262.5,1248.25,0,1625,0,24364.85
2026-04-20,2026-05-05,21000,CE,0.0,0.0,0.0,3271.5,3414.85,0,130,0,24364.85
2026-04-20,2026-04-28,27650,CE,0.65,0.65,0.6,0.65,0.65,155,67275,-1885,24364.85
2026-04-20,2026-04-28,27150,CE,1.2,1.2,0.6,0.75,0.75,208,33865,-4615,24364.85
2026-04-20,2026-04-28,26900,CE,0.8,0.9,0.7,0.8,0.8,1198,73515,-15015,24364.85
2026-04-20,2026-04-28,26550,CE,1.2,1.25,0.75,0.95,0.95,1330,46670,-8385,24364.85
2026-04-20,2026-04-28,26200,CE,1.75,2.2,1.1,1.3,1.3,17105,821860,-112060,24364.85
2026-04-20,2026-04-28,25700,CE,5.5,5.8,3.7,5.5,5.5,42742,1136590,463125,24364.85
2026-04-20,2026-04-28,25600,CE,7.45,8.35,4.6,7.75,7.75,50543,1029210,591045,24364.85
2026-04-20,2026-04-28,25400,CE,16.8,17.8,8.05,14.7,14.7,62511,864890,245115,24364.85
2026-04-20,2026-04-28,24700,CE,145.0,175.7,97.2,133.9,133.9,84358,1441895,416000,24364.85
2026-04-20,2026-04-28,24150,CE,449.85,495.75,342.9,400.9,400.9,3627,108225,-39520,24364.85
2026-04-20,2026-04-28,23800,CE,700.0,790.4,589.6,664.4,664.4,3647,525980,-25870,24364.85
2026-04-20,2026-04-28,22300,CE,2085.0,2173.0,2015.3,2056.05,2056.05,119,169390,-5655,24364.85
2026-04-20,2026-04-28,22200,CE,2121.0,2262.15,2093.0,2173.9,2173.9,84,77025,-3575,24364.85
2026-04-20,2026-04-28,22150,CE,0.0,0.0,0.0,2073.2,2243.0,0,7930,0,24364.85
2026-04-20,2026-04-28,21800,CE,2530.0,2645.65,2500.0,2632.0,2592.55,25,8645,-585,24364.85
2026-04-20,2026-04-28,21750,CE,2615.0,2615.0,2615.0,2615.0,2642.5,1,975,0,24364.85
2026-04-20,2026-04-28,21300,CE,0.0,0.0,0.0,2994.4,3091.95,0,195,0,24364.85
2026-04-20,2026-04-28,21000,CE,3332.7,3480.85,3291.9,3351.95,3351.95,807,733525,-27235,24364.85
2026-04-20,2026-04-28,20750,CE,0.0,0.0,0.0,2383.25,3641.25,0,260,0,24364.85
2026-04-20,2026-04-28,20650,CE,0.0,0.0,0.0,2380.0,3741.1,0,195,0,24364.85
2026-04-20,2026-04-28,20250,CE,0.0,0.0,0.0,2221.65,4140.6,0,65,0,24364.85
2026-04-20,2026-04-28,20100,CE,0.0,0.0,0.0,3750.0,4290.4,0,65,0,24364.85
2026-04-20,2026-04-21,24850,CE,13.8,20.45,5.85,9.6,9.6,1430228,3411395,689650,24364.85
2026-04-20,2026-04-21,21400,CE,3036.55,3036.55,3036.55,3036.55,2968.25,1,65,0,24364.85
2026-04-20,2026-04-21,21250,CE,0.0,0.0,0.0,2476.9,3118.25,0,0,0,24364.85
2026-04-20,2028-06-27,25500,PE,0.0,0.0,0.0,667.45,1497.45,0,0,0,24364.85
2026-04-20,2027-12-28,23000,PE,720.15,740.3,704.15,740.0,740.0,12,25615,260,24364.85
2026-04-20,2027-12-28,19500,PE,0.0,0.0,0.0,29.25,159.3,0,0,0,24364.85
2026-04-20,2027-06-29,31500,PE,0.0,0.0,0.0,3604.7,5351.6,0,0,0,24364.85
2026-04-20,2027-06-29,22500,PE,0.0,0.0,0.0,153.9,516.75,0,0,0,24364.85
2026-04-20,2027-06-29,21000,PE,0.0,0.0,0.0,330.05,252.75,0,3345,0,24364.85
2026-04-20,2027-03-30,24000,PE,0.0,0.0,0.0,1487.4,876.2,0,0,0,24364.85
2026-04-20,2027-03-30,19500,PE,0.0,0.0,0.0,173.9,74.25,0,0,0,24364.85
2026-04-20,2028-06-27,16500,PE,0.0,0.0,0.0,3.8,38.45,0,0,0,24364.85
2026-04-20,2027-12-28,28500,PE,0.0,0.0,0.0,2601.0,2976.15,0,260,0,24364.85
2026-04-20,2027-12-28,24000,PE,894.0,920.0,893.05,913.0,913.0,20,19910,260,24364.85
2026-04-20,2027-12-28,19000,PE,0.0,0.0,0.0,244.0,121.35,0,1390,0,24364.85
2026-04-20,2027-06-29,16500,PE,0.0,0.0,0.0,0.65,9.45,0,0,0,24364.85
2026-04-20,2027-03-30,22500,PE,0.0,0.0,0.0,849.6,456.05,0,0,0,24364.85
2026-04-20,2026-12-29,20000,PE,149.45,170.05,149.0,166.8,166.8,1456,492835,7735,24364.85
2026-04-20,2026-09-29,22500,PE,272.5,302.55,262.45,292.7,292.7,3110,411255,-6760,24364.85
2026-04-20,2026-06-30,25400,PE,1007.95,1016.0,1007.95,1016.0,1182.95,6,2665,65,24364.85
2026-04-20,2026-06-30,25250,PE,0.0,0.0,0.0,972.0,1086.8,0,65,0,24364.85
2026-04-20,2026-06-30,24700,PE,674.9,728.0,639.0,708.8,708.8,604,25870,20995,24364.85
2026-04-20,2026-06-30,24600,PE,637.0,688.0,606.0,679.15,679.15,235,27170,-65,24364.85
2026-04-20,2026-06-30,24500,PE,580.0,646.35,556.0,633.7,633.7,4702,306410,63440,24364.85
2026-04-20,2026-06-30,24400,PE,585.0,605.85,525.0,593.7,593.7,403,18460,7280,24364.85
2026-04-20,2026-06-30,24200,PE,516.7,534.0,462.95,521.05,521.05,321,21840,-2275,24364.85
2026-04-20,2026-06-30,24150,PE,498.0,509.25,446.45,489.3,518.65,55,6565,910,24364.85
2026-04-20,2026-06-30,24000,PE,415.15,469.95,401.0,458.9,458.9,7351,2432400,14040,24364.85
2026-04-20,2026-06-30,21100,PE,0.0,0.0,0.0,183.5,14.25,0,0,0,24364.85
2026-04-20,2026-06-30,20400,PE,0.0,0.0,0.0,81.6,4.0,0,0,0,24364.85
2026-04-20,2026-05-26,26800,PE,0.0,0.0,0.0,2331.3,2302.9,0,1105,0,24364.85
2026-04-20,2026-05-26,26750,PE,0.0,0.0,0.0,2949.4,2255.75,0,130,0,24364.85
2026-04-20,2026-05-26,25850,PE,0.0,0.0,0.0,1400.25,1450.7,0,390,0,24364.85
2026-04-20,2026-05-26,25650,PE,1288.5,1288.5,1200.55,1200.55,1287.5,4,520,130,24364.85
2026-04-20,2026-05-26,25400,PE,1074.05,1074.05,956.6,1000.0,1095.4,69,3965,-2080,24364.85
2026-04-20,2026-05-26,24350,PE,479.05,489.6,405.05,480.0,480.0,808,38480,13455,24364.85
2026-04-20,2026-05-26,23350,PE,191.0,208.0,164.5,201.65,201.65,225,5135,-520,24364.85
2026-04-20,2026-05-26,23300,PE,183.3,203.6,161.0,193.1,193.1,2441,112645,22815,24364.85
2026-04-20,2026-05-26,23100,PE,142.55,169.8,135.05,164.85,164.85,2398,71955,8905,24364.85
2026-04-20,2026-05-19,26400,PE,0.0,0.0,0.0,2431.6,1948.2,0,0,0,24364.85
2026-04-20,2026-05-19,25850,PE,0.0,0.0,0.0,1914.9,1450.9,0,0,0,24364.85
2026-04-20,2026-05-19,25400,PE,0.0,0.0,0.0,1515.15,1080.0,0,0,0,24364.85
2026-04-20,2026-05-19,24500,PE,514.95,525.0,435.9,513.25,513.25,420,19305,8385,24364.85
2026-04-20,2026-05-19,24450,PE,428.85,437.45,426.55,426.55,466.75,5,780,0,24364.85
2026-04-20,2026-05-19,23550,PE,205.35,220.75,180.0,220.6,220.6,18,1105,1105,24364.85
2026-04-20,2026-05-19,22950,PE,0.0,0.0,0.0,151.4,53.0,0,0,0,24364.85
2026-04-20,2026-05-12,26400,PE,0.0,0.0,0.0,3118.85,1959.4,0,0,0,24364.85
2026-04-20,2026-05-12,26150,PE,0.0,0.0,0.0,2872.65,1721.65,0,0,0,24364.85
2026-04-20,2026-05-12,26050,PE,0.0,0.0,0.0,2774.55,1628.2,0,0,0,24364.85
2026-04-20,2026-05-12,25350,PE,0.0,0.0,0.0,2098.25,1016.65,0,0,0,24364.85
2026-04-20,2026-05-12,25150,PE,0.0,0.0,0.0,1910.5,862.3,0,0,0,24364.85
2026-04-20,2026-05-12,24950,PE,0.0,0.0,0.0,1726.6,717.7,0,0,0,24364.85
2026-04-20,2026-05-12,22650,PE,0.0,0.0,0.0,230.0,15.4,0,0,0,24364.85
2026-04-20,2026-05-12,22500,PE,46.0,60.0,42.15,56.5,56.5,354,17290,3510,24364.85
2026-04-20,2026-05-05,25900,PE,0.0,0.0,0.0,2783.75,1491.9,0,0,0,24364.85
2026-04-20,2026-05-05,25700,PE,0.0,0.0,0.0,2589.6,1304.35,0,0,0,24364.85
2026-04-20,2026-05-05,25500,PE,1130.0,1207.3,1036.0,1178.25,1178.25,73,3510,3055,24364.85
2026-04-20,2026-05-05,25050,PE,0.0,0.0,0.0,1048.9,748.3,0,65,0,24364.85
2026-04-20,2026-05-05,24750,PE,540.0,560.95,499.3,560.95,535.05,49,2795,2730,24364.85
2026-04-20,2026-05-05,21900,PE,13.05,16.0,12.0,14.3,14.3,135,4810,1430,24364.85
2026-04-20,2026-05-05,21250,PE,8.2,8.2,6.75,7.95,0.05,47,8385,-325,24364.85
2026-04-20,2026-04-28,27250,PE,0.0,0.0,0.0,3108.15,2850.55,0,65,0,24364.85
2026-04-20,2026-04-28,26900,PE,0.0,0.0,0.0,2570.0,2501.0,0,1235,0,24364.85
2026-04-20,2026-04-28,26800,PE,2350.0,2365.0,2350.0,2365.0,2401.15,7,6110,-455,24364.85
2026-04-20,2026-04-28,26700,PE,2325.0,2325.0,2325.0,2325.0,2301.3,1,3705,0,24364.85
2026-04-20,2026-04-28,26550,PE,0.0,0.0,0.0,2350.85,2151.55,0,910,0,24364.85
2026-04-20,2026-04-28,26050,PE,0.0,0.0,0.0,1879.6,1653.3,0,2210,0,24364.85
2026-04-20,2026-04-28,25300,PE,999.0,1012.7,840.0,994.1,994.1,478,41210,8840,24364.85
2026-04-20,2026-04-28,23450,PE,54.9,67.75,45.1,63.65,63.65,8138,336830,72215,24364.85
2026-04-20,2026-04-28,23250,PE,44.2,46.4,31.0,42.35,42.35,9713,161395,51350,24364.85
2026-04-20,2026-04-28,23050,PE,27.7,33.0,19.9,29.3,29.3,6481,335855,20085,24364.85
2026-04-20,2026-04-28,21900,PE,5.05,6.8,4.5,6.05,6.05,10698,390260,41795,24364.85
2026-04-20,2026-04-28,21800,PE,4.45,6.1,4.15,5.55,5.55,15656,532545,-61295,24364.85
2026-04-20,2026-04-28,21100,PE,3.0,3.85,2.7,3.5,3.5,1678,53820,4225,24364.85
2026-04-20,2026-04-21,25850,PE,0.0,0.0,0.0,1788.5,1481.05,0,65,0,24364.85
2026-04-20,2026-04-21,25250,PE,940.0,980.0,780.0,923.45,923.45,220,1170,-1300,24364.85
2026-04-20,2026-04-21,25200,PE,900.0,950.25,722.0,862.3,862.3,533,10725,-845,24364.85
2026-04-20,2026-04-21,23950,PE,25.0,45.65,17.05,29.25,29.25,1034111,1784445,282815,24364.85
2026-04-20,2026-04-21,23000,PE,2.25,2.7,1.0,1.35,1.35,856916,7340840,-3039140,24364.85
2026-04-20,2026-04-21,22400,PE,0.9,1.15,0.55,0.8,0.8,44291,682305,-149045,24364.85
2026-04-20,2026-04-21,21300,PE,0.8,0.8,0.5,0.6,0.6,5631,184210,-27755,24364.85
2026-04-20,2026-04-21,20950,PE,0.75,0.9,0.35,0.45,0.45,1247,36920,11375,24364.85
2026-04-20,2026-04-21,20600,PE,0.65,0.65,0.2,0.4,0.4,11701,105560,-218985,24364.85
2026-04-20,2030-12-31,31500,CE,0.0,0.0,0.0,4554.55,4046.65,0,0,0,24364.85
2026-04-20,2030-06-25,31500,CE,0.0,0.0,0.0,3984.8,3499.45,0,0,0,24364.85
2026-04-20,2030-06-25,22500,CE,0.0,0.0,0.0,9012.4,7687.8,0,0,0,24364.85
2026-04-20,2030-06-25,19500,CE,0.0,0.0,0.0,11140.25,9608.15,0,0,0,24364.85
2026-04-20,2029-12-24,24000,CE,0.0,0.0,0.0,7730.0,6259.85,0,0,0,24364.85
2026-04-20,2029-06-26,31500,CE,0.0,0.0,0.0,2878.65,2437.65,0,0,0,24364.85
2026-04-20,2029-06-26,28500,CE,0.0,0.0,0.0,4213.3,3485.85,0,0,0,24364.85
2026-04-20,2028-12-26,31500,CE,0.0,0.0,0.0,2327.6,1910.45,0,0,0,24364.85
2026-04-20,2028-06-27,16500,CE,0.0,0.0,0.0,11752.8,10000.55,0,0,0,24364.85
2026-04-20,2027-12-28,26000,CE,2380.9,2496.35,2380.9,2475.0,2679.6,15,6855,325,24364.85
2026-04-20,2027-12-28,18000,CE,0.0,0.0,0.0,6285.7,8225.3,0,0,0,24364.85
2026-04-20,2027-06-29,31500,CE,0.0,0.0,0.0,769.15,463.6,0,0,0,24364.85
2026-04-20,2027-06-29,19500,CE,0.0,0.0,0.0,8143.4,6361.25,0,0,0,24364.85
2026-04-20,2027-06-29,19000,CE,0.0,0.0,0.0,7800.0,6795.65,0,75,0,24364.85
2026-04-20,2027-06-29,16500,CE,0.0,0.0,0.0,10867.2,9051.35,0,0,0,24364.85
2026-04-20,2026-12-29,25000,CE,1367.25,1506.0,1356.65,1433.65,1433.65,1939,767995,-6650,24364.85
2026-04-20,2026-09-29,26000,CE,472.6,533.15,439.7,495.05,495.05,3739,655545,43355,24364.85
2026-04-20,2026-06-30,26300,CE,198.95,199.0,90.65,100.95,100.95,728,15275,15275,24364.85
2026-04-20,2026-06-30,26200,CE,0.0,0.0,0.0,37.6,241.05,0,0,0,24364.85
2026-04-20,2026-06-30,25750,CE,208.0,228.9,204.0,205.0,205.0,73,7735,-2080,24364.85
2026-04-20,2026-06-30,24800,CE,533.0,630.0,529.65,575.2,575.2,999,45370,15990,24364.85
2026-04-20,2026-06-30,24450,CE,717.75,838.4,717.75,795.0,857.4,32,3510,-520,24364.85
2026-04-20,2026-06-30,24000,CE,1126.6,1139.85,999.0,1063.4,1063.4,2406,1454375,-20130,24364.85
2026-04-20,2026-06-30,23600,CE,1324.9,1428.2,1310.0,1428.2,1375.4,10,2600,-195,24364.85
2026-04-20,2026-06-30,22550,CE,0.0,0.0,0.0,1950.25,2196.35,0,845,0,24364.85
2026-04-20,2026-06-30,20700,CE,0.0,0.0,0.0,2119.75,3920.5,0,0,0,24364.85
2026-04-20,2026-06-30,20250,CE,0.0,0.0,0.0,2511.35,4361.0,0,0,0,24364.85
2026-04-20,2026-05-26,26700,CE,12.05,15.8,11.25,12.35,12.35,439,38480,7865,24364.85
2026-04-20,2026-05-26,25850,CE,51.55,70.25,51.55,65.75,65.75,155,12220,650,24364.85
2026-04-20,2026-05-26,25750,CE,72.55,90.0,68.5,79.75,79.75,546,22230,13975,24364.85
2026-04-20,2026-05-26,25500,CE,119.05,144.45,98.05,126.1,126.1,24919,1113580,17810,24364.85
2026-04-20,2026-05-26,25000,CE,281.0,315.95,200.0,275.25,275.25,28360,1560650,-40820,24364.85
2026-04-20,2026-05-26,24150,CE,662.0,791.7,662.0,708.65,708.65,54,5785,-910,24364.85
2026-04-20,2026-05-26,23300,CE,1350.0,1445.35,1300.0,1324.45,1324.45,59,53235,-585,24364.85
2026-04-20,2026-05-26,23150,CE,0.0,0.0,0.0,1372.3,1457.2,0,8190,0,24364.85
2026-04-20,2026-05-26,22800,CE,1740.6,1867.75,1740.6,1810.05,1761.25,30,13910,455,24364.85
2026-04-20,2026-05-26,20500,CE,3960.35,4003.0,3960.35,3973.6,3973.6,3,3185,65,24364.85
2026-04-20,2026-05-26,20200,CE,0.0,0.0,0.0,2489.35,4288.3,0,65,0,24364.85
2026-04-20,2026-05-26,20150,CE,0.0,0.0,0.0,2854.1,4337.95,0,65,0,24364.85
2026-04-20,2026-05-19,26050,CE,0.0,0.0,0.0,37.4,61.85,0,0,0,24364.85
2026-04-20,2026-05-19,25550,CE,158.95,158.95,158.95,158.95,131.4,1,65,65,24364.85
2026-04-20,2026-05-19,25400,CE,106.55,134.55,81.9,116.0,116.0,195,3900,3055,24364.85
2026-04-20,2026-05-19,24900,CE,256.55,311.5,228.85,273.4,273.4,55,2730,1235,24364.85
2026-04-20,2026-05-19,24800,CE,265.2,354.65,263.2,312.65,312.65,94,4095,910,24364.85
2026-04-20,2026-05-19,24400,CE,500.85,583.4,453.0,528.5,528.5,234,6175,4420,24364.85
2026-04-20,2026-05-19,24150,CE,0.0,0.0,0.0,436.7,657.95,0,0,0,24364.85
2026-04-20,2026-05-19,23400,CE,0.0,0.0,0.0,847.3,1188.8,0,0,0,24364.85
2026-04-20,2026-05-19,23150,CE,0.0,0.0,0.0,1021.75,1397.65,0,0,0,24364.85
2026-04-20,2026-05-19,22650,CE,0.0,0.0,0.0,1414.7,1848.1,0,0,0,24364.85
2026-04-20,2026-05-19,22350,CE,0.0,0.0,0.0,1675.0,2132.6,0,0,0,24364.85
2026-04-20,2026-05-12,25950,CE,22.45,26.8,21.4,22.15,22.15,94,3575,1755,24364.85
2026-04-20,2026-05-05,26450,CE,5.2,6.15,2.4,3.05,3.05,301,3185,-65,24364.85
2026-04-20,2026-05-05,26200,CE,6.7,7.0,3.55,4.55,4.55,513,16380,7865,24364.85
2026-04-20,2026-05-05,26150,CE,7.8,7.8,5.05,5.5,5.5,121,5265,1820,24364.85
2026-04-20,2026-05-05,24850,CE,138.8,201.7,127.0,163.65,163.65,540,11115,-3965,24364.85
2026-04-20,2026-05-05,22800,CE,0.0,0.0,0.0,663.95,1627.65,0,0,0,24364.85
2026-04-20,2026-05-05,21950,CE,0.0,0.0,0.0,1260.05,2467.45,0,0,0,24364.85
2026-04-20,2026-05-05,20850,CE,0.0,0.0,0.0,2248.55,3564.5,0,0,0,24364.85
2026-04-20,2026-05-05,20700,CE,0.0,0.0,0.0,2393.05,3714.15,0,0,0,24364.85
2026-04-20,2026-04-28,24950,CE,68.0,88.25,43.95,66.65,66.65,17689,173615,26910,24364.85
2026-04-20,2026-04-28,24400,CE,269.0,332.25,206.7,267.85,267.85,198824,1598025,326170,24364.85
2026-04-20,2026-04-28,24000,CE,560.0,609.3,439.2,509.4,509.4,38945,3339115,-142805,24364.85
2026-04-20,2026-04-28,23250,CE,1098.95,1246.75,1093.1,1108.6,1108.6,65,36725,-2015,24364.85
2026-04-20,2026-04-28,22450,CE,1891.35,1935.15,1891.35,1906.5,1943.5,3,18525,-195,24364.85
2026-04-20,2026-04-28,21700,CE,2649.0,2737.15,2649.0,2720.0,2692.45,5,6175,0,24364.85
2026-04-20,2026-04-28,21650,CE,0.0,0.0,0.0,2597.95,2742.35,0,650,0,24364.85
2026-04-20,2026-04-28,21550,CE,0.0,0.0,0.0,2668.0,2842.25,0,455,0,24364.85
2026-04-20,2026-04-28,21050,CE,0.0,0.0,0.0,2232.9,3341.6,0,195,0,24364.85
2026-04-20,2026-04-28,20950,CE,0.0,0.0,0.0,2330.05,3441.5,0,260,0,24364.85
2026-04-20,2026-04-21,26450,CE,0.3,0.5,0.2,0.35,0.35,10053,80015,-133705,24364.85
2026-04-20,2026-04-21,26350,CE,0.3,0.65,0.2,0.35,0.35,6660,39065,-9620,24364.85
2026-04-20,2026-04-21,26050,CE,0.45,0.7,0.3,0.45,0.45,22416,141310,-184730,24364.85
2026-04-20,2026-04-21,25100,CE,4.2,5.15,2.1,2.95,2.95,1578386,5793385,1869010,24364.85
2026-04-20,2026-04-21,24500,CE,95.5,123.0,41.6,65.15,65.15,6333422,7132645,652340,24364.85
2026-04-20,2026-04-21,24400,CE,149.7,179.9,69.45,105.95,105.95,6170709,5268120,1549470,24364.85
2026-04-20,2026-04-21,24100,CE,359.55,412.0,226.8,291.5,291.5,209519,592020,-348465,24364.85
2026-04-20,2026-04-21,23650,CE,644.65,836.95,615.55,681.5,681.5,1311,64610,-16250,24364.85
2026-04-20,2026-04-21,22800,CE,1570.8,1665.8,1481.0,1571.0,1571.0,187,33475,-7085,24364.85
2026-04-20,2026-04-21,22500,CE,1800.0,1965.0,1769.85,1807.75,1807.75,1171,57395,-33540,24364.85
2026-04-20,2026-04-21,22300,CE,2019.15,2165.05,2000.75,2110.0,2068.4,35,17095,-1495,24364.85
2026-04-20,2026-04-21,21050,CE,0.0,0.0,0.0,2674.1,3318.2,0,0,0,24364.85
2026-04-20,2026-04-21,20950,CE,0.0,0.0,0.0,2772.95,3418.2,0,0,0,24364.85
2026-04-20,2026-04-21,20550,CE,0.0,0.0,0.0,3169.35,3818.15,0,0,0,24364.85
2026-04-20,2026-04-21,20250,CE,0.0,0.0,0.0,3467.1,4118.1,0,0,0,24364.85
2026-04-20,2029-12-24,27000,PE,0.0,0.0,0.0,1177.9,1831.4,0,0,0,24364.85
2026-04-20,2029-12-24,25000,PE,0.0,0.0,0.0,709.7,1235.85,0,290,0,24364.85
2026-04-20,2029-12-24,18000,PE,0.0,0.0,0.0,96.5,152.65,0,0,0,24364.85
2026-04-20,2029-06-26,33000,PE,0.0,0.0,0.0,3022.85,4733.25,0,0,0,24364.85
2026-04-20,2029-06-26,27000,PE,0.0,0.0,0.0,1252.35,1918.9,0,0,0,24364.85
2026-04-20,2029-06-26,24000,PE,0.0,0.0,0.0,694.05,1008.0,0,155,0,24364.85
2026-04-20,2028-12-26,31500,PE,0.0,0.0,0.0,2673.4,4203.45,0,0,0,24364.85
2026-04-20,2028-12-26,28500,PE,0.0,0.0,0.0,1451.15,2650.2,0,0,0,24364.85
2026-04-20,2028-06-27,22500,PE,0.0,0.0,0.0,206.95,644.3,0,0,0,24364.85
2026-04-20,2026-05-19,23250,CE,0.0,0.0,0.0,949.3,1312.55,0,0,0,24364.85
2026-04-20,2030-12-31,27000,PE,0.0,0.0,0.0,779.5,1659.35,0,0,0,24364.85
2026-04-20,2030-12-31,21000,PE,0.0,0.0,0.0,126.8,449.9,0,0,0,24364.85
2026-04-20,2030-06-25,22500,PE,0.0,0.0,0.0,223.75,675.1,0,0,0,24364.85
2026-04-20,2029-12-24,31500,PE,0.0,0.0,0.0,2240.25,3662.35,0,0,0,24364.85
2026-04-20,2029-12-24,25500,PE,0.0,0.0,0.0,597.3,1371.95,0,0,0,24364.85
2026-04-20,2029-12-24,16500,PE,0.0,0.0,0.0,10.15,77.7,0,0,0,24364.85
2026-04-20,2028-06-27,30000,PE,0.0,0.0,0.0,3779.25,3620.0,0,0,0,24364.85
2026-04-20,2027-06-29,19500,PE,0.0,0.0,0.0,17.3,105.3,0,0,0,24364.85
2026-04-20,2027-03-30,18000,PE,0.0,0.0,0.0,56.65,21.15,0,0,0,24364.85
2026-04-20,2026-12-29,19500,PE,130.0,137.9,128.0,136.15,136.15,27,13910,845,24364.85
2026-04-20,2026-12-29,16000,PE,52.0,54.4,50.0,52.05,52.05,47,21525,910,24364.85
2026-04-20,2026-09-29,34500,PE,0.0,0.0,0.0,7064.95,9200.35,0,0,0,24364.85
2026-04-20,2026-06-30,29000,PE,4225.0,4310.0,4131.6,4285.0,4285.0,82,256540,195,24364.85
2026-04-20,2026-06-30,28500,PE,0.0,0.0,0.0,3869.6,3817.25,0,12155,0,24364.85
2026-04-20,2026-06-30,26350,PE,0.0,0.0,0.0,3578.45,1880.85,0,0,0,24364.85
2026-04-20,2026-06-30,25550,PE,0.0,0.0,0.0,1276.5,1283.2,0,65,0,24364.85
2026-04-20,2026-06-30,24050,PE,442.85,442.85,420.0,420.0,479.35,4,2470,195,24364.85
2026-04-20,2026-06-30,23750,PE,394.5,394.5,350.25,384.5,373.5,26,3445,-975,24364.85
2026-04-20,2026-06-30,22200,PE,122.0,154.4,122.0,153.6,153.6,1225,30615,390,24364.85
2026-04-20,2026-06-30,21900,PE,0.0,0.0,0.0,392.7,48.25,0,0,0,24364.85
2026-04-20,2026-06-30,20800,PE,0.0,0.0,0.0,132.0,8.5,0,0,0,24364.85
2026-04-20,2026-06-30,20250,PE,0.0,0.0,0.0,67.25,3.0,0,0,0,24364.85
2026-04-20,2026-06-30,19500,PE,0.0,0.0,0.0,0.4,0.6,0,0,0,24364.85
2026-04-20,2026-06-30,15000,PE,10.0,11.0,9.0,10.05,10.05,304,174390,4420,24364.85
2026-04-20,2026-05-26,25900,PE,1405.0,1430.05,1405.0,1430.05,1492.6,4,2990,195,24364.85
2026-04-20,2026-05-26,25150,PE,868.15,868.15,794.45,794.45,915.55,13,2210,780,24364.85
2026-04-20,2026-05-26,25100,PE,807.0,876.15,754.5,856.55,856.55,315,67275,4290,24364.85
2026-04-20,2026-05-26,24800,PE,680.05,699.0,586.6,670.55,670.55,652,206375,8125,24364.85
2026-04-20,2026-05-26,23950,PE,338.3,339.8,289.55,332.55,332.55,95,7865,1235,24364.85
2026-04-20,2026-05-26,23600,PE,247.7,262.35,210.0,251.35,251.35,1506,50115,1300,24364.85
2026-04-20,2026-05-26,23450,PE,201.0,225.0,183.9,220.95,220.95,122,5590,-1040,24364.85
2026-04-20,2026-05-26,22750,PE,112.5,125.3,98.6,115.85,115.85,233,11570,1300,24364.85
2026-04-20,2026-05-26,22700,PE,115.5,121.95,91.65,111.7,111.7,2082,66625,13260,24364.85
2026-04-20,2026-05-26,22550,PE,106.2,107.55,81.7,98.35,98.35,174,5525,975,24364.85
2026-04-20,2026-05-26,22050,PE,0.0,0.0,0.0,7.5,13.3,0,0,0,24364.85
2026-04-20,2026-05-26,21600,PE,0.0,0.0,0.0,3.1,4.7,0,0,0,24364.85
2026-04-20,2026-05-19,25200,PE,0.0,0.0,0.0,1347.05,929.35,0,0,0,24364.85
2026-04-20,2026-05-19,23500,PE,185.0,212.5,167.0,204.0,204.0,46,2730,2340,24364.85
2026-04-20,2026-05-19,23250,PE,0.0,0.0,0.0,227.5,90.8,0,0,0,24364.85
2026-04-20,2026-05-19,23200,PE,0.0,0.0,0.0,213.15,83.35,0,0,0,24364.85
2026-04-20,2026-05-19,23150,PE,0.0,0.0,0.0,200.5,76.35,0,0,0,24364.85
2026-04-20,2026-05-12,26300,PE,0.0,0.0,0.0,3020.25,1863.7,0,0,0,24364.85
2026-04-20,2026-05-12,25200,PE,0.0,0.0,0.0,1957.15,899.2,0,0,0,24364.85
2026-04-20,2026-05-12,23950,PE,251.0,266.45,227.25,248.0,211.95,80,4290,2340,24364.85
2026-04-20,2026-05-12,23600,PE,161.85,198.7,150.4,198.2,198.2,79,3445,195,24364.85
2026-04-20,2026-05-12,23400,PE,133.0,156.75,119.8,153.6,153.6,110,3575,2405,24364.85
2026-04-20,2026-05-12,23100,PE,0.0,0.0,0.0,401.4,44.8,0,0,0,24364.85
2026-04-20,2026-05-12,21950,PE,0.0,0.0,0.0,77.95,2.0,0,0,0,24364.85
2026-04-20,2026-05-12,21300,PE,16.05,16.05,16.05,16.05,0.2,5,325,325,24364.85
2026-04-20,2026-05-05,25750,PE,0.0,0.0,0.0,2638.0,1350.75,0,0,0,24364.85
2026-04-20,2026-05-05,25450,PE,0.0,0.0,0.0,1348.35,1078.7,0,65,0,24364.85
2026-04-20,2026-05-05,25350,PE,0.0,0.0,0.0,1281.2,992.05,0,65,0,24364.85
2026-04-20,2026-05-05,24950,PE,0.0,0.0,0.0,969.75,673.3,0,65,0,24364.85
2026-04-20,2026-05-05,24800,PE,568.0,634.0,507.45,631.15,631.15,434,16770,14040,24364.85
2026-04-20,2026-05-05,24150,PE,268.85,300.0,228.05,293.05,293.05,438,10725,-130,24364.85
2026-04-20,2026-05-05,23950,PE,203.0,231.55,175.25,222.2,222.2,291,9100,975,24364.85
2026-04-20,2026-05-05,23850,PE,189.85,203.15,151.5,196.55,196.55,818,23010,9750,24364.85
2026-04-20,2026-05-05,20100,PE,3.8,7.2,3.0,4.7,4.7,3646,226525,60515,24364.85
2026-04-20,2026-04-28,27650,PE,0.0,0.0,0.0,5000.0,3250.05,0,65,0,24364.85
2026-04-20,2026-04-28,27600,PE,3150.0,3150.0,3150.0,3150.0,3200.1,1,1105,0,24364.85
2026-04-20,2026-04-28,27350,PE,0.0,0.0,0.0,3204.75,2950.4,0,65,0,24364.85
2026-04-20,2026-04-28,23600,PE,76.1,89.5,59.5,82.55,82.55,41172,1106170,112255,24364.85
2026-04-20,2026-04-28,23150,PE,31.0,38.8,25.8,35.05,35.05,6067,143975,33605,24364.85
2026-04-20,2026-04-28,22600,PE,15.0,15.0,9.3,13.5,13.5,39629,1309620,633685,24364.85
2026-04-20,2026-04-28,22150,PE,7.05,8.5,5.55,7.6,7.6,2690,54470,2015,24364.85
2026-04-20,2026-04-28,21200,PE,4.05,4.05,2.85,3.75,3.75,5441,322855,-2470,24364.85
2026-04-20,2026-04-28,20450,PE,2.0,2.4,1.6,2.15,2.15,80,5265,-1105,24364.85
2026-04-20,2026-04-21,25600,PE,1285.15,1303.0,1120.0,1299.5,1299.5,15,1495,-325,24364.85
2026-04-20,2026-04-21,24350,PE,126.9,191.0,79.0,138.2,138.2,3670961,2078830,197210,24364.85
2026-04-20,2026-04-21,24200,PE,90.8,115.85,44.6,80.4,80.4,4274856,5483075,-808145,24364.85
2026-04-20,2026-04-21,23750,PE,14.0,21.25,8.5,12.2,12.2,773005,2446600,1161095,24364.85
2026-04-20,2026-04-21,23550,PE,9.95,10.2,4.25,5.2,5.2,485484,1347125,113035,24364.85
2026-04-20,2026-04-21,23450,PE,7.7,7.7,2.95,3.55,3.55,336026,1839370,228605,24364.85
2026-04-20,2026-04-21,23250,PE,3.05,4.0,1.35,1.95,1.95,264753,1254565,136565,24364.85
2026-04-20,2026-04-21,21950,PE,0.85,0.85,0.45,0.65,0.65,8492,141960,-66235,24364.85
2026-04-20,2026-04-21,21650,PE,0.85,0.95,0.6,0.7,0.7,6467,85540,5850,24364.85
2026-04-20,2026-04-21,21250,PE,0.8,0.8,0.35,0.45,0.45,1834,56225,3575,24364.85
2026-04-20,2030-12-31,19500,CE,0.0,0.0,0.0,11601.15,10090.6,0,0,0,24364.85
2026-04-20,2030-06-25,34500,CE,0.0,0.0,0.0,2879.05,2614.6,0,0,0,24364.85
2026-04-20,2030-06-25,33000,CE,0.0,0.0,0.0,4416.45,3029.1,0,0,0,24364.85
2026-04-20,2030-06-25,30000,CE,0.0,0.0,0.0,5580.35,4030.1,0,0,0,24364.85
2026-04-20,2028-12-26,34500,CE,0.0,0.0,0.0,1432.8,1228.15,0,0,0,24364.85
2026-04-20,2028-06-27,18000,CE,0.0,0.0,0.0,6809.35,8747.65,0,0,0,24364.85
2026-04-20,2027-12-28,33000,CE,0.0,0.0,0.0,250.0,649.6,0,1625,0,24364.85
2026-04-20,2027-12-28,25000,CE,3057.0,3489.5,3057.0,3075.0,3075.0,26,15675,-65,24364.85
2026-04-20,2027-12-28,22500,CE,0.0,0.0,0.0,6183.0,4704.7,0,0,0,24364.85
2026-04-20,2027-06-29,28500,CE,0.0,0.0,0.0,1711.9,1065.15,0,0,0,24364.85
2026-04-20,2027-06-29,18000,CE,0.0,0.0,0.0,4066.45,7684.75,0,0,0,24364.85
2026-04-20,2027-06-29,15000,CE,0.0,0.0,0.0,5367.85,10436.7,0,0,0,24364.85
2026-04-20,2026-12-29,34500,CE,0.0,0.0,0.0,89.2,27.85,0,0,0,24364.85
2026-04-20,2026-12-29,31500,CE,37.0,39.55,37.0,39.55,39.55,13,7150,65,24364.85
2026-04-20,2026-12-29,28000,CE,224.05,264.8,212.0,245.65,245.65,3764,1067105,40,24364.85
2026-04-20,2026-12-29,26000,CE,858.8,942.65,801.6,888.0,888.0,8644,1187645,-259220,24364.85
2026-04-20,2026-12-29,24000,CE,2060.0,2174.95,2000.15,2090.55,2090.55,674,359030,9685,24364.85
2026-04-20,2026-12-29,22500,CE,3208.95,3338.0,3103.35,3158.8,3158.8,13,10660,65,24364.85
2026-04-20,2026-06-30,34500,CE,3.45,3.65,2.55,3.1,3.1,29,3835,455,24364.85
2026-04-20,2026-06-30,26100,CE,121.95,145.2,108.35,128.85,128.85,795,41795,9295,24364.85
2026-04-20,2026-06-30,25400,CE,297.0,349.0,287.75,318.25,318.25,211,14365,845,24364.85
2026-04-20,2026-06-30,25100,CE,405.05,475.95,405.0,440.1,440.1,118,14950,-1040,24364.85
2026-04-20,2026-06-30,23450,CE,0.0,0.0,0.0,1443.35,1482.6,0,1235,0,24364.85
2026-04-20,2026-06-30,21600,CE,0.0,0.0,0.0,1606.75,3055.6,0,65,0,24364.85
2026-04-20,2026-06-30,21500,CE,0.0,0.0,0.0,2265.0,3150.0,0,130,0,24364.85
2026-04-20,2026-06-30,20850,CE,0.0,0.0,0.0,1994.55,3774.5,0,0,0,24364.85
2026-04-20,2026-06-30,20800,CE,0.0,0.0,0.0,2035.95,3823.1,0,0,0,24364.85
2026-04-20,2026-06-30,20150,CE,0.0,0.0,0.0,2601.2,4459.2,0,0,0,24364.85
2026-04-20,2026-05-26,26750,CE,12.5,15.0,10.1,11.0,11.0,103,4030,1690,24364.85
2026-04-20,2026-05-26,26550,CE,0.0,0.0,0.0,19.7,46.2,0,1690,0,24364.85
2026-04-20,2026-05-26,26200,CE,28.3,36.9,23.7,33.25,33.25,4740,161525,65000,24364.85
2026-04-20,2026-05-26,25950,CE,48.4,59.05,46.9,53.35,53.35,282,16705,1365,24364.85
2026-04-20,2026-05-26,25150,CE,187.0,251.5,187.0,221.35,221.35,539,22750,9555,24364.85
2026-04-20,2026-05-26,24050,CE,780.2,829.0,734.6,827.1,827.1,41,3575,-325,24364.85
2026-04-20,2026-05-26,23700,CE,962.95,1121.0,962.95,1025.25,1025.25,83,30615,-1105,24364.85
2026-04-20,2026-05-26,22400,CE,2174.2,2174.2,2118.8,2160.0,2129.05,16,2275,-455,24364.85
2026-04-20,2026-05-26,21400,CE,0.0,0.0,0.0,2063.05,3098.35,0,325,0,24364.85
2026-04-20,2026-05-26,20700,CE,0.0,0.0,0.0,2504.8,3791.65,0,130,0,24364.85
2026-04-20,2026-05-19,26350,CE,0.0,0.0,0.0,22.75,37.55,0,0,0,24364.85
2026-04-20,2026-05-19,25650,CE,0.0,0.0,0.0,69.15,113.9,0,0,0,24364.85
2026-04-20,2026-05-19,25150,CE,0.0,0.0,0.0,138.55,223.8,0,0,0,24364.85
2026-04-20,2026-05-19,24450,CE,425.65,551.25,423.85,487.4,487.4,47,1885,390,24364.85
2026-04-20,2026-05-19,23850,CE,0.0,0.0,0.0,580.55,850.65,0,0,0,24364.85
2026-04-20,2026-05-19,23650,CE,0.0,0.0,0.0,691.6,994.35,0,0,0,24364.85
2026-04-20,2026-05-19,22600,CE,0.0,0.0,0.0,1457.0,1894.95,0,0,0,24364.85
2026-04-20,2026-05-12,26150,CE,14.8,18.45,14.6,14.85,14.85,79,4745,-130,24364.85
2026-04-20,2026-05-12,25300,CE,92.7,119.15,86.0,99.35,99.35,335,20280,5915,24364.85
2026-04-20,2026-05-12,24950,CE,198.25,224.0,196.55,204.35,219.6,63,1885,-520,24364.85
2026-04-20,2026-05-12,24850,CE,216.65,274.1,205.8,235.9,235.9,69,3510,1950,24364.85
2026-04-20,2026-05-12,24400,CE,429.0,512.8,387.25,443.95,443.95,804,20345,2990,24364.85
2026-04-20,2026-05-12,24150,CE,580.0,647.35,580.0,628.75,582.6,30,585,-520,24364.85
2026-04-20,2026-05-12,24050,CE,0.0,0.0,0.0,194.6,644.7,0,0,0,24364.85
2026-04-20,2026-05-12,23250,CE,0.0,0.0,0.0,488.2,1257.4,0,0,0,24364.85
2026-04-20,2026-05-12,22800,CE,0.0,0.0,0.0,742.5,1666.85,0,0,0,24364.85
2026-04-20,2026-05-12,22450,CE,0.0,0.0,0.0,985.1,2002.25,0,0,0,24364.85
2026-04-20,2026-05-12,22300,CE,0.0,0.0,0.0,1098.3,2148.55,0,0,0,24364.85
2026-04-20,2026-05-12,22200,CE,0.0,0.0,0.0,1177.45,2246.7,0,0,0,24364.85
2026-04-20,2026-05-12,21550,CE,0.0,0.0,0.0,1741.5,2890.55,0,0,0,24364.85
2026-04-20,2026-05-05,25000,CE,150.0,150.0,87.75,123.3,123.3,25783,397930,107445,24364.85
2026-04-20,2026-05-05,23550,CE,1007.35,1038.2,999.15,1011.75,938.85,9,2080,-585,24364.85
2026-04-20,2026-05-05,23050,CE,0.0,0.0,0.0,1177.6,1388.15,0,65,0,24364.85
2026-04-20,2026-05-05,22900,CE,0.0,0.0,0.0,1599.2,1531.1,0,1820,0,24364.85
2026-04-20,2026-05-05,21850,CE,0.0,0.0,0.0,1342.1,2567.1,0,0,0,24364.85
2026-04-20,2026-05-05,21750,CE,0.0,0.0,0.0,1426.2,2666.75,0,0,0,24364.85
2026-04-20,2026-05-05,21300,CE,0.0,0.0,0.0,1825.3,3115.6,0,0,0,24364.85
2026-04-20,2026-05-05,21050,CE,0.0,0.0,0.0,2058.25,3365.0,0,0,0,24364.85
2026-04-20,2026-05-05,20250,CE,0.0,0.0,0.0,2832.3,4163.1,0,0,0,24364.85
2026-04-20,2026-04-28,27600,CE,0.7,0.75,0.65,0.7,0.7,633,45760,-18720,24364.85
2026-04-20,2026-04-28,27550,CE,0.7,0.75,0.6,0.65,0.65,157,29185,-7150,24364.85
2026-04-20,2026-04-28,27200,CE,0.75,0.85,0.65,0.8,0.8,263,32760,-9035,24364.85
2026-04-20,2026-04-28,24500,CE,207.95,273.2,163.5,212.95,212.95,222944,4055675,86255,24364.85
2026-04-20,2026-04-28,23850,CE,580.5,728.05,552.3,605.15,605.15,318,98540,-4225,24364.85
2026-04-20,2026-04-28,23450,CE,959.9,1060.0,900.0,999.0,999.0,44,199940,-520,24364.85
2026-04-20,2026-04-28,23000,CE,1401.05,1503.0,1295.0,1374.15,1374.15,4653,2088905,9230,24364.85
2026-04-20,2026-04-28,22100,CE,2250.0,2355.8,2226.8,2291.35,2291.35,44,51025,-1690,24364.85
2026-04-20,2026-04-28,21150,CE,0.0,0.0,0.0,2678.1,3241.75,0,260,0,24364.85
2026-04-20,2026-04-28,20550,CE,0.0,0.0,0.0,2277.2,3841.0,0,130,0,24364.85
2026-04-20,2026-04-21,25800,CE,0.6,0.85,0.3,0.5,0.5,136729,594165,-1181700,24364.85
2026-04-20,2026-04-21,25750,CE,0.95,0.95,0.35,0.55,0.55,23899,151515,-164450,24364.85
2026-04-20,2026-04-21,25600,CE,0.7,1.0,0.45,0.65,0.65,242268,1184820,-2530645,24364.85
2026-04-20,2026-04-21,25300,CE,1.5,1.85,0.85,1.1,1.1,1136698,4566445,660660,24364.85
2026-04-20,2026-04-21,24150,CE,285.0,370.75,193.1,255.0,255.0,133701,283530,-186745,24364.85
2026-04-20,2026-04-21,24050,CE,390.5,457.15,263.0,331.8,331.8,37103,134615,-70460,24364.85
2026-04-20,2026-04-21,23900,CE,519.95,595.0,383.0,444.8,444.8,19991,456365,-138840,24364.85
2026-04-20,2026-04-21,23500,CE,834.65,986.3,759.4,843.5,843.5,4713,361530,-54275,24364.85
2026-04-20,2026-04-21,23100,CE,1253.6,1373.55,1172.95,1254.05,1254.05,315,35945,-9555,24364.85
2026-04-20,2026-04-21,22250,CE,2140.6,2140.6,2140.6,2140.6,2118.4,1,585,-65,24364.85
2026-04-20,2026-04-21,21750,CE,0.0,0.0,0.0,1192.7,2618.35,0,65,0,24364.85
2026-04-20,2026-04-21,21550,CE,0.0,0.0,0.0,2183.3,2818.3,0,0,0,24364.85
2026-04-20,2026-04-21,21350,CE,0.0,0.0,0.0,2378.7,3018.25,0,0,0,24364.85
2026-04-20,2026-04-21,21200,CE,3175.0,3175.0,3175.0,3175.0,3168.25,1,65,-65,24364.85
2026-04-20,2026-04-21,20750,CE,0.0,0.0,0.0,2971.0,3618.15,0,0,0,24364.85
2026-04-20,2026-04-21,20500,CE,0.0,0.0,0.0,3730.0,3868.15,0,65,0,24364.85
2026-04-20,2026-05-19,25500,CE,73.15,114.25,73.15,98.15,98.15,626,19110,17095,24364.85
2026-04-20,2026-05-19,24750,CE,289.25,352.15,289.25,352.15,359.6,27,1950,1170,24364.85
2026-04-20,2026-05-19,24500,CE,447.2,523.85,398.0,458.8,458.8,370,23335,7800,24364.85
2026-04-20,2026-05-19,24250,CE,540.85,616.95,538.05,616.9,600.05,25,1625,845,24364.85
2026-04-20,2026-05-19,24200,CE,617.0,715.75,576.9,636.35,636.35,43,5330,130,24364.85
2026-04-20,2026-05-19,23750,CE,0.0,0.0,0.0,634.55,920.95,0,0,0,24364.85
2026-04-20,2026-05-19,23000,CE,0.0,0.0,0.0,1133.0,1528.8,0,0,0,24364.85
2026-04-20,2026-05-19,22500,CE,0.0,0.0,0.0,1542.95,1989.35,0,0,0,24364.85
2026-04-20,2026-05-12,26400,CE,9.2,9.2,8.55,8.55,8.55,13,780,455,24364.85
2026-04-20,2026-05-12,25800,CE,30.95,37.95,26.6,32.8,32.8,223,6240,2860,24364.85
2026-04-20,2026-05-12,25400,CE,64.0,96.35,60.2,79.85,79.85,373,9490,5915,24364.85
2026-04-20,2026-05-12,25250,CE,104.0,128.6,103.9,111.95,111.95,95,3055,1365,24364.85
2026-04-20,2026-05-12,24800,CE,229.3,294.65,207.0,253.0,253.0,1355,20540,12675,24364.85
2026-04-20,2026-05-12,24650,CE,352.8,359.95,324.05,332.95,332.95,34,1560,1300,24364.85
2026-04-20,2026-05-12,24450,CE,410.0,484.15,389.4,419.9,419.9,143,4875,3965,24364.85
2026-04-20,2026-05-12,23150,CE,0.0,0.0,0.0,539.05,1345.5,0,0,0,24364.85
2026-04-20,2026-05-12,22750,CE,0.0,0.0,0.0,774.75,1714.1,0,0,0,24364.85
2026-04-20,2026-06-30,25100,PE,866.0,918.0,820.05,914.0,914.0,89,4940,1040,24364.85
2026-04-20,2026-06-30,24900,PE,798.0,820.0,724.0,816.7,816.7,321,19175,17290,24364.85
2026-04-20,2026-06-30,24650,PE,664.45,703.9,635.65,696.15,696.15,33,3315,1820,24364.85
2026-04-20,2026-06-30,22600,PE,190.55,194.7,162.85,194.65,194.65,357,13260,0,24364.85
2026-04-20,2026-06-30,22450,PE,174.35,179.9,150.0,179.9,179.9,192,3250,650,24364.85
2026-04-20,2026-06-30,22400,PE,142.15,174.1,142.15,171.05,171.05,443,9880,3510,24364.85
2026-04-20,2026-06-30,21950,PE,0.0,0.0,0.0,409.75,51.7,0,0,0,24364.85
2026-04-20,2026-06-30,21500,PE,80.0,105.5,80.0,101.4,101.4,3587,240955,47190,24364.85
2026-04-20,2026-05-05,22600,PE,30.35,44.65,25.45,37.8,37.8,291,11050,5850,24364.85
2026-04-20,2026-05-05,22750,PE,36.35,45.15,32.9,44.35,44.35,144,45825,195,24364.85
2026-04-20,2026-05-05,22850,PE,44.3,51.8,37.7,47.4,47.4,222,6435,2470,24364.85
2026-04-20,2026-05-05,24000,PE,212.0,249.5,185.85,236.1,236.1,14651,326820,21970,24364.85
2026-04-20,2026-05-05,24050,PE,220.0,262.4,200.1,257.2,257.2,198,5200,-130,24364.85
2026-04-20,2026-05-05,24250,PE,318.95,341.15,261.05,327.45,327.45,487,18265,-2210,24364.85
2026-04-20,2026-05-05,24550,PE,398.75,486.95,379.25,472.25,472.25,209,11440,7475,24364.85
2026-04-20,2026-05-05,24900,PE,626.6,705.1,571.95,705.1,705.1,51,2795,1755,24364.85
2026-04-20,2026-05-05,25800,PE,0.0,0.0,0.0,1530.0,1397.5,0,130,0,24364.85
2026-04-20,2026-04-21,20350,CE,0.0,0.0,0.0,3367.85,4018.1,0,0,0,24364.85
2026-04-20,2026-04-21,20600,CE,0.0,0.0,0.0,3119.75,3768.15,0,0,0,24364.85
2026-04-20,2026-04-21,20800,CE,0.0,0.0,0.0,2921.45,3568.15,0,0,0,24364.85
2026-04-20,2026-04-21,21450,CE,0.0,0.0,0.0,2849.6,2918.3,0,65,0,24364.85
2026-04-20,2026-04-21,22650,CE,1674.35,1724.85,1674.35,1710.6,1718.45,10,910,-520,24364.85
2026-04-20,2026-04-21,23750,CE,612.6,738.35,527.45,598.65,598.65,1510,103740,-9620,24364.85
2026-04-20,2026-04-21,24450,CE,120.0,149.8,54.1,85.9,85.9,4187675,3129425,1553825,24364.85
2026-04-20,2026-05-05,21500,PE,8.5,11.6,6.9,8.85,8.85,3466,111085,73905,24364.85
2026-04-20,2026-05-05,20500,PE,5.45,6.15,3.55,5.35,5.35,604,26195,9945,24364.85
2026-04-20,2026-05-05,25850,PE,0.0,0.0,0.0,2735.05,1444.55,0,0,0,24364.85
2026-04-20,2026-05-05,26300,PE,0.0,0.0,0.0,3175.4,1878.7,0,0,0,24364.85
2026-04-20,2026-05-12,21250,PE,15.4,15.4,15.4,15.4,0.15,5,325,325,24364.85
2026-04-20,2026-05-12,22200,PE,0.0,0.0,0.0,118.65,4.4,0,0,0,24364.85
2026-04-20,2026-05-12,22400,PE,0.0,0.0,0.0,161.55,7.85,0,0,0,24364.85
2026-04-20,2026-05-12,22450,PE,0.0,0.0,0.0,174.75,9.05,0,0,0,24364.85
2026-04-20,2026-05-12,23550,PE,154.45,155.2,144.55,155.2,109.3,18,1365,-260,24364.85
2026-04-20,2026-04-21,25650,CE,0.65,0.9,0.45,0.7,0.7,71653,285350,-591045,24364.85
2026-04-20,2026-04-21,26300,CE,0.3,0.55,0.25,0.3,0.3,30836,178425,-529360,24364.85
2026-04-20,2026-04-21,26500,CE,0.25,0.35,0.2,0.25,0.25,298871,1022775,-4820400,24364.85
2026-04-20,2026-04-21,26550,CE,0.25,0.3,0.2,0.3,0.3,55443,442845,-1318070,24364.85
2026-04-20,2026-04-28,20350,CE,0.0,0.0,0.0,2434.15,4040.7,0,65,0,24364.85
2026-04-20,2026-04-28,21200,CE,0.0,0.0,0.0,2016.9,3191.8,0,585,0,24364.85
2026-04-20,2026-04-28,24100,CE,459.3,535.0,372.9,436.2,436.2,11057,598195,-100490,24364.85
2026-04-20,2026-06-30,25150,PE,860.75,872.8,852.0,870.95,1025.05,14,585,520,24364.85
2026-04-20,2026-06-30,25200,PE,896.0,918.0,874.0,918.0,1055.65,26,2145,1040,24364.85
2026-04-20,2026-04-28,26250,CE,1.6,1.6,1.2,1.3,1.3,2605,73060,7280,24364.85
2026-04-20,2026-04-28,26350,CE,1.2,1.3,0.85,1.2,1.2,714,47255,4940,24364.85
2026-04-20,2026-04-28,26400,CE,1.2,1.3,0.85,0.95,0.95,14561,689975,4940,24364.85
2026-04-20,2026-05-05,20750,CE,0.0,0.0,0.0,2344.75,3664.25,0,0,0,24364.85
2026-04-20,2026-05-05,22700,CE,0.0,0.0,0.0,1661.7,1725.0,0,1495,0,24364.85
2026-04-20,2026-05-05,22950,CE,0.0,0.0,0.0,1175.85,1483.2,0,65,0,24364.85
2026-04-20,2026-05-05,23250,CE,1251.85,1251.85,1251.85,1251.85,1202.45,1,1300,-65,24364.85
2026-04-20,2028-06-27,15000,PE,0.0,0.0,0.0,127.2,12.85,0,0,0,24364.85
2026-04-20,2029-12-24,21000,PE,0.0,0.0,0.0,278.8,444.2,0,0,0,24364.85
2026-04-20,2029-12-24,22500,PE,0.0,0.0,0.0,225.7,681.1,0,0,0,24364.85
2026-04-20,2030-06-25,25500,PE,0.0,0.0,0.0,568.55,1320.6,0,0,0,24364.85
2026-04-20,2030-06-25,30000,PE,0.0,0.0,0.0,2100.85,2801.45,0,0,0,24364.85
2026-04-20,2030-12-31,16500,PE,0.0,0.0,0.0,13.65,95.0,0,0,0,24364.85
2026-04-20,2030-12-31,22500,PE,0.0,0.0,0.0,219.35,663.7,0,0,0,24364.85
2026-04-20,2026-05-05,23300,CE,1211.0,1265.0,1190.0,1195.0,1157.1,34,1560,-780,24364.85
2026-04-20,2026-05-05,23950,CE,651.6,724.35,651.6,674.1,628.75,41,6565,-1170,24364.85
2026-04-20,2026-04-28,26650,PE,0.0,0.0,0.0,2548.85,2251.35,0,520,0,24364.85
2026-04-20,2026-04-28,26200,PE,1853.35,1901.05,1717.75,1874.15,1874.15,842,207155,-47060,24364.85
2026-04-20,2026-04-28,25200,PE,927.95,934.7,752.9,874.3,874.3,847,92690,27300,24364.85
2026-04-20,2026-04-28,25000,PE,648.6,765.6,587.0,713.55,713.55,15080,1942590,-31005,24364.85
2026-04-20,2026-04-28,24800,PE,529.95,599.0,447.25,552.85,552.85,9467,373815,23855,24364.85
2026-04-20,2026-05-12,23750,PE,195.0,233.65,182.6,230.15,230.15,22,910,260,24364.85
2026-04-20,2026-05-12,24100,PE,350.0,350.0,262.0,321.8,321.8,100,3965,585,24364.85
2026-04-20,2026-05-12,24150,PE,300.0,330.25,284.9,320.95,320.95,12,715,130,24364.85
2026-04-20,2026-05-12,24250,PE,341.15,391.3,308.95,382.0,382.0,56,2665,1040,24364.85
2026-04-20,2026-05-12,24500,PE,449.95,501.0,405.0,480.2,480.2,1233,79755,38935,24364.85
2026-04-20,2026-05-12,24700,PE,545.55,587.2,497.1,576.3,576.3,141,3185,1625,24364.85
2026-04-20,2026-05-12,25050,PE,0.0,0.0,0.0,1818.0,787.9,0,0,0,24364.85
2026-04-20,2026-05-12,25950,PE,0.0,0.0,0.0,2676.7,1535.95,0,0,0,24364.85
2026-04-20,2026-05-19,23050,PE,0.0,0.0,0.0,174.35,63.8,0,0,0,24364.85
2026-04-20,2026-05-19,23950,PE,280.35,292.65,264.95,292.65,258.35,5,260,260,24364.85
2026-04-20,2026-05-19,24800,PE,0.0,0.0,0.0,1034.0,661.15,0,0,0,24364.85
2026-04-20,2026-05-19,24900,PE,0.0,0.0,0.0,1109.15,723.8,0,0,0,24364.85
2026-04-20,2026-05-19,25000,PE,0.0,0.0,0.0,850.2,789.45,0,65,0,24364.85
2026-04-20,2026-05-19,25300,PE,0.0,0.0,0.0,1430.25,1004.45,0,0,0,24364.85
2026-04-20,2026-05-19,25450,PE,0.0,0.0,0.0,1558.15,1119.15,0,0,0,24364.85
2026-04-20,2026-05-19,25500,PE,0.0,0.0,0.0,1601.6,1158.85,0,0,0,24364.85
2026-04-20,2026-04-28,24250,PE,203.0,270.95,189.3,257.25,257.25,26539,315640,61555,24364.85
2026-04-20,2026-04-28,24000,PE,137.6,180.0,123.25,167.5,167.5,186284,4590365,68445,24364.85
2026-04-20,2026-04-28,23900,PE,104.75,152.3,99.95,141.9,141.9,48378,1453400,145340,24364.85
2026-04-20,2026-04-28,23800,PE,90.0,127.0,81.7,116.2,116.2,84496,1950650,493480,24364.85
2026-04-20,2026-04-28,23700,PE,80.0,106.75,71.45,98.25,98.25,46062,1123720,226070,24364.85
2026-04-20,2026-04-28,23350,PE,45.15,56.1,37.45,51.55,51.55,7440,124085,52715,24364.85
2026-04-20,2026-04-28,23000,PE,18.65,29.55,18.55,25.8,25.8,139881,5795790,920010,24364.85
2026-04-20,2026-04-28,22800,PE,16.05,20.6,14.05,17.8,17.8,40608,1433250,48035,24364.85
2026-04-20,2026-04-28,22700,PE,14.0,17.35,11.8,15.45,15.45,28380,1014975,210730,24364.85
2026-04-20,2026-04-28,22300,PE,7.0,9.7,5.15,8.6,8.6,47321,1284140,70525,24364.85
2026-04-20,2026-04-28,21650,PE,4.0,5.3,3.55,4.9,4.9,555,16835,-2925,24364.85
2026-04-20,2026-04-28,20950,PE,2.4,3.4,2.3,3.15,3.15,55,4680,-260,24364.85
2026-04-20,2026-04-28,20600,PE,2.2,2.7,1.8,2.5,2.5,507,27820,4615,24364.85
2026-04-20,2026-04-21,25050,PE,775.0,779.25,575.45,713.0,713.0,427,4030,1040,24364.85
2026-04-20,2026-04-21,24550,PE,223.75,334.0,166.5,253.2,253.2,326310,163280,20280,24364.85
2026-04-20,2026-04-21,24250,PE,90.9,137.85,54.3,96.25,96.25,2743667,2539355,-165620,24364.85
2026-04-20,2026-04-21,24000,PE,38.0,55.4,20.65,36.3,36.3,3684271,8315125,683150,24364.85
2026-04-20,2026-04-21,23850,PE,27.0,31.15,11.9,18.6,18.6,770265,1711970,136305,24364.85
2026-04-20,2026-04-21,23100,PE,2.1,2.7,1.0,1.45,1.45,435115,1725945,-733005,24364.85
2026-04-20,2026-04-21,22650,PE,1.4,1.45,0.85,1.0,1.0,35298,284830,-301535,24364.85
2026-04-20,2026-04-21,22600,PE,1.2,1.4,0.8,0.95,0.95,99833,689780,-1300910,24364.85
2026-04-20,2026-06-30,21400,PE,0.0,0.0,0.0,248.8,23.15,0,0,0,24364.85
2026-04-20,2026-06-30,21200,PE,0.0,0.0,0.0,203.65,16.85,0,0,0,24364.85
2026-04-20,2026-06-30,21050,PE,0.0,0.0,0.0,174.0,13.1,0,0,0,24364.85
2026-04-20,2026-06-30,20650,PE,0.0,0.0,0.0,110.85,6.45,0,0,0,24364.85
2026-04-20,2030-06-25,28500,CE,0.0,0.0,0.0,5382.85,4625.1,0,0,0,24364.85
2026-04-20,2030-06-25,18000,CE,0.0,0.0,0.0,12423.9,10647.2,0,0,0,24364.85
2026-04-20,2029-06-26,33000,CE,0.0,0.0,0.0,4179.45,2022.35,0,0,0,24364.85
2026-04-20,2028-12-26,30000,CE,1680.05,1680.05,1680.05,1680.05,2361.05,1,9410,0,24364.85
2026-04-20,2028-12-26,24000,CE,0.0,0.0,0.0,5850.3,5072.25,0,0,0,24364.85
2026-04-20,2027-12-28,24000,CE,3700.0,3850.0,3700.0,3805.0,3805.0,33,13910,1105,24364.85
2026-04-20,2027-12-28,15000,CE,0.0,0.0,0.0,7931.05,10865.95,0,0,0,24364.85
2026-04-20,2027-06-29,27000,CE,0.0,0.0,0.0,1932.5,1551.95,0,0,0,24364.85
2026-04-20,2027-03-30,18000,CE,0.0,0.0,0.0,5643.55,7409.25,0,0,0,24364.85
2026-04-20,2026-05-05,24350,CE,391.8,458.15,326.5,386.0,386.0,1668,32890,5395,24364.85
2026-04-20,2026-05-05,24600,CE,231.05,317.5,207.7,261.9,261.9,3808,61750,1560,24364.85
2026-04-20,2026-06-30,25700,PE,0.0,0.0,0.0,2971.95,1387.45,0,0,0,24364.85
2026-04-20,2026-06-30,25750,PE,0.0,0.0,0.0,3017.85,1423.05,0,0,0,24364.85
2026-04-20,2026-06-30,25850,PE,0.0,0.0,0.0,3110.1,1495.5,0,0,0,24364.85
2026-04-20,2026-06-30,26150,PE,0.0,0.0,0.0,3389.85,1722.55,0,0,0,24364.85
2026-04-20,2026-09-29,19500,PE,83.25,93.1,79.45,91.95,91.95,63,3965,1235,24364.85
2026-04-20,2026-09-29,28500,PE,0.0,0.0,0.0,2027.55,3566.8,0,0,0,24364.85
2026-04-20,2026-09-29,31500,PE,0.0,0.0,0.0,4341.2,6308.9,0,0,0,24364.85
2026-04-20,2026-12-29,12000,PE,22.95,25.4,22.95,24.95,24.95,55,21725,-1105,24364.85
2026-04-20,2026-12-29,17000,PE,63.0,71.0,63.0,69.7,69.7,133,93285,2145,24364.85
2026-04-20,2026-12-29,33000,PE,0.0,0.0,0.0,5263.45,7305.45,0,0,0,24364.85
2026-04-20,2026-05-05,24900,CE,150.25,181.4,112.1,150.25,150.25,3675,58695,16770,24364.85
2026-04-20,2026-05-05,25400,CE,45.0,54.85,32.4,44.75,44.75,12684,79625,-12350,24364.85
2026-04-20,2026-05-05,26350,CE,4.5,4.85,2.7,3.2,3.2,115,5200,-1040,24364.85
2026-04-20,2026-05-12,21450,CE,0.0,0.0,0.0,1834.05,2990.05,0,0,0,24364.85
2026-04-20,2026-05-12,21850,CE,0.0,0.0,0.0,1471.9,2592.55,0,0,0,24364.85
2026-04-20,2026-05-12,22600,CE,0.0,0.0,0.0,876.1,1857.25,0,0,0,24364.85
2026-04-20,2026-12-29,29000,CE,103.35,128.7,103.35,122.7,122.7,1496,391960,9755,24364.85
2026-04-20,2026-12-29,16000,CE,0.0,0.0,0.0,6200.0,9039.55,0,50,0,24364.85
2026-04-20,2026-09-29,31500,CE,0.0,0.0,0.0,22.0,30.1,0,975,0,24364.85
2026-04-20,2026-06-30,33000,CE,3.3,3.75,3.25,3.75,3.75,27,47385,195,24364.85
2026-04-20,2026-06-30,28500,CE,12.65,12.8,10.2,11.95,11.95,436,60775,-10140,24364.85
2026-04-20,2026-06-30,25950,CE,144.4,174.45,144.4,164.65,164.65,109,7540,1040,24364.85
2026-04-20,2026-06-30,25800,CE,169.05,216.0,168.9,190.95,190.95,501,29900,390,24364.85
2026-04-20,2026-06-30,24900,CE,516.85,573.0,479.2,519.7,519.7,412,26650,8645,24364.85
2026-04-20,2026-06-30,23900,CE,1150.0,1168.0,1094.0,1155.5,1176.0,22,3185,-650,24364.85
2026-04-20,2026-06-30,23500,CE,1460.0,1518.95,1398.0,1427.75,1427.75,309,78650,65,24364.85
2026-04-20,2026-05-26,20450,PE,19.7,20.15,19.7,20.15,0.2,30,1950,1950,24364.85
2026-04-20,2026-05-26,20550,PE,20.5,23.55,20.5,23.1,0.25,50,2795,2340,24364.85
2026-04-20,2026-05-26,21000,PE,27.75,34.35,25.6,31.65,31.65,6153,648960,27560,24364.85
2026-04-20,2026-05-26,22950,PE,146.9,149.05,117.0,139.25,139.25,616,19825,5525,24364.85
2026-04-20,2026-05-26,23150,PE,170.9,174.0,140.1,163.65,163.65,133,9165,2730,24364.85
2026-04-20,2026-05-26,23500,PE,209.95,242.0,192.65,233.2,233.2,14179,1294215,32370,24364.85
2026-04-20,2026-05-26,23750,PE,266.65,291.0,240.05,282.6,282.6,161,10465,455,24364.85
2026-04-20,2026-05-26,24500,PE,486.0,555.0,459.5,536.75,536.75,19626,1487265,339755,24364.85
2026-04-20,2026-05-26,24550,PE,546.2,573.0,480.95,564.45,564.45,196,12025,4095,24364.85
2026-04-20,2026-05-26,24850,PE,674.0,720.2,674.0,688.3,688.3,134,10465,5005,24364.85
2026-04-20,2026-05-26,25050,PE,802.7,802.75,780.0,780.0,848.4,8,2470,455,24364.85
2026-04-20,2026-05-26,26000,PE,1572.9,1605.0,1412.25,1528.9,1528.9,4240,653315,209235,24364.85
2026-04-20,2026-05-26,26950,PE,0.0,0.0,0.0,3394.1,2445.25,0,65,0,24364.85
2026-04-20,2026-06-30,23400,CE,1440.0,1602.2,1440.0,1602.2,1518.95,4,5460,130,24364.85
2026-04-20,2026-06-30,23100,CE,1734.55,1800.0,1700.0,1760.2,1760.2,103,2015,-5785,24364.85
2026-04-20,2026-06-30,23050,CE,0.0,0.0,0.0,1728.3,1784.1,0,1560,0,24364.85
2026-04-20,2026-06-30,22050,CE,0.0,0.0,0.0,2400.0,2638.75,0,325,0,24364.85
2026-04-20,2026-05-26,27200,PE,2680.0,2700.0,2586.05,2600.15,2600.15,13,910,325,24364.85
2026-04-20,2026-06-30,16000,PE,10.5,13.65,10.05,13.35,13.35,522,206000,3055,24364.85
2026-04-20,2026-06-30,21150,CE,0.0,0.0,0.0,1919.45,3484.3,0,65,0,24364.85
2026-04-20,2026-05-26,26650,CE,19.0,19.0,12.6,14.5,39.7,21,9880,390,24364.85
2026-04-20,2026-05-26,26300,CE,24.1,30.2,21.0,27.0,27.0,2199,81380,43225,24364.85
2026-04-20,2026-05-26,24650,CE,397.3,481.05,369.35,434.5,434.5,405,9945,910,24364.85
2026-04-20,2026-05-26,24600,CE,476.0,518.0,395.0,462.75,462.75,3146,225355,13130,24364.85
2026-04-20,2026-05-26,23050,CE,1660.0,1660.0,1660.0,1660.0,1542.0,1,2275,0,24364.85
2026-04-20,2026-05-26,22950,CE,0.0,0.0,0.0,1667.5,1628.55,0,6695,0,24364.85
2026-04-20,2026-05-26,22000,CE,2444.15,2622.0,2444.1,2512.3,2512.3,377,349960,8645,24364.85
2026-04-20,2026-05-26,21500,CE,0.0,0.0,0.0,2950.3,2999.8,0,4615,0,24364.85
2026-04-20,2026-05-26,20900,CE,0.0,0.0,0.0,2587.2,3593.15,0,195,0,24364.85
2026-04-20,2026-05-26,20850,CE,0.0,0.0,0.0,2629.3,3642.75,0,195,0,24364.85
2026-04-20,2026-05-26,20100,CE,0.0,0.0,0.0,2849.2,4387.65,0,65,0,24364.85
2026-04-20,2026-05-19,26450,CE,0.0,0.0,0.0,19.2,31.55,0,0,0,24364.85
2026-04-20,2026-05-19,25900,CE,0.0,0.0,0.0,47.4,78.35,0,0,0,24364.85
2026-04-20,2026-05-26,21100,PE,0.0,0.0,0.0,1.05,1.25,0,0,0,24364.85
2026-04-20,2026-05-19,26000,PE,0.0,0.0,0.0,2053.4,1582.6,0,0,0,24364.85
2026-04-20,2026-05-19,25650,PE,0.0,0.0,0.0,1734.0,1281.15,0,0,0,24364.85
2026-04-20,2026-05-19,23650,PE,226.75,244.45,195.75,243.0,243.0,21,1365,1365,24364.85
2026-04-20,2026-05-19,22350,PE,0.0,0.0,0.0,58.15,15.0,0,0,0,24364.85
2026-04-20,2026-05-12,26550,PE,0.0,0.0,0.0,3267.0,2104.25,0,0,0,24364.85
2026-04-20,2026-05-12,25650,PE,0.0,0.0,0.0,2385.25,1267.8,0,0,0,24364.85
2026-04-20,2026-05-12,24750,PE,0.0,0.0,0.0,1547.45,587.25,0,0,0,24364.85
2026-04-20,2026-05-12,24300,PE,374.0,412.35,329.85,403.6,403.6,512,12610,-1105,24364.85
2026-04-20,2026-05-12,24200,PE,330.85,373.85,295.5,358.25,358.25,1588,53625,45955,24364.85
2026-04-20,2026-05-12,24050,PE,251.55,293.25,251.55,293.25,245.9,18,2470,650,24364.85
2026-04-20,2026-05-12,23650,PE,165.25,169.1,160.4,169.1,130.4,3,1430,130,24364.85
2026-04-20,2026-06-30,24300,PE,555.0,578.3,494.65,557.35,557.35,355,21385,-65,24364.85
2026-04-20,2026-06-30,24350,PE,559.15,587.15,508.5,587.15,587.15,36,2860,520,24364.85
2026-04-20,2026-06-30,24450,PE,602.15,625.15,541.95,620.45,620.45,46,3705,1040,24364.85
2026-04-20,2026-06-30,26500,PE,0.0,0.0,0.0,1739.05,2003.0,0,910,0,24364.85
2026-04-20,2026-06-30,27000,PE,2404.05,2436.25,2239.15,2341.0,2341.0,312,2495620,1040,24364.85
2026-04-20,2026-09-29,27000,PE,2099.95,2100.0,1951.0,2060.9,2060.9,96,211605,3315,24364.85
2026-04-20,2026-12-29,34500,PE,0.0,0.0,0.0,6630.4,8709.5,0,0,0,24364.85
2026-04-20,2026-05-12,23000,PE,84.45,104.0,74.5,97.2,97.2,2470,81510,20345,24364.85
2026-04-20,2026-05-12,22900,PE,0.0,0.0,0.0,317.25,28.5,0,0,0,24364.85
2026-04-20,2026-05-12,22600,PE,0.0,0.0,0.0,214.85,13.55,0,0,0,24364.85
2026-04-20,2026-05-12,22100,PE,30.0,40.0,29.4,36.8,36.8,514,33930,18265,24364.85
2026-04-20,2026-05-12,21700,PE,0.0,0.0,0.0,49.2,0.85,0,0,0,24364.85
2026-04-20,2026-05-12,21450,PE,18.25,18.25,18.25,18.25,0.35,5,325,325,24364.85
2026-04-20,2026-05-05,25650,PE,0.0,0.0,0.0,2541.3,1258.35,0,0,0,24364.85
2026-04-20,2026-05-05,25200,PE,860.0,872.2,756.15,841.2,866.85,12,845,780,24364.85
2026-04-20,2026-05-05,24700,PE,549.95,570.0,451.05,550.55,550.55,550,15145,7800,24364.85
2026-04-20,2026-05-05,23500,PE,105.1,129.75,83.2,122.4,122.4,7476,203905,38285,24364.85
2026-04-20,2026-05-05,22950,PE,55.0,60.0,43.1,58.3,58.3,163,9295,1755,24364.85
2026-04-20,2026-05-05,22350,PE,20.45,28.0,19.5,24.15,24.15,85,2405,520,24364.85
2026-04-20,2026-05-05,22250,PE,18.75,21.4,16.8,20.45,20.45,94,5460,-130,24364.85
2026-04-20,2026-05-05,22100,PE,15.6,18.0,14.25,17.0,0.65,97,8060,585,24364.85
2026-04-20,2026-05-05,21950,PE,12.65,15.75,10.9,10.9,0.35,42,1430,-65,24364.85
2026-04-20,2026-05-05,21600,PE,9.15,10.6,8.5,10.6,10.6,28,1820,845,24364.85
2026-04-20,2026-05-05,21350,PE,7.85,7.85,7.85,7.85,0.05,5,1040,0,24364.85
2026-04-20,2026-05-05,20300,PE,4.8,6.5,3.1,5.0,5.0,43,7280,910,24364.85
2026-04-20,2026-04-28,27200,PE,2835.6,2873.1,2804.45,2847.65,2847.65,8,390,-260,24364.85
2026-04-20,2026-04-28,27050,PE,0.0,0.0,0.0,1896.8,2650.8,0,390,0,24364.85
2026-04-20,2026-04-28,25450,PE,1042.95,1136.5,1007.45,1136.5,1136.5,6,7540,0,24364.85
2026-04-20,2026-04-28,23850,PE,113.85,139.2,94.95,124.35,124.35,14593,178945,-81185,24364.85
2026-04-20,2026-04-28,23550,PE,58.0,81.4,54.2,76.85,76.85,10480,303030,71760,24364.85
2026-04-20,2026-04-28,23300,PE,41.25,51.15,31.8,47.2,47.2,45680,1003990,73255,24364.85
2026-04-20,2026-04-28,22500,PE,10.8,12.4,8.25,11.05,11.05,103131,5380765,764465,24364.85
2026-04-20,2026-04-28,22450,PE,11.0,11.55,7.95,10.5,10.5,4159,169390,26650,24364.85
2026-04-20,2026-04-28,21850,PE,5.95,6.45,4.4,5.95,5.95,1780,55510,-2340,24364.85
2026-04-20,2026-04-28,21500,PE,3.5,4.95,2.75,4.75,4.75,26773,1994785,37245,24364.85
2026-04-20,2026-04-28,20400,PE,1.95,2.8,1.5,2.15,2.15,587,32825,3835,24364.85
2026-04-20,2026-04-21,26400,PE,0.0,0.0,0.0,2646.5,2031.0,0,0,0,24364.85
2026-04-20,2026-04-21,26300,PE,0.0,0.0,0.0,2548.4,1931.0,0,0,0,24364.85
2026-04-20,2026-04-21,26200,PE,0.0,0.0,0.0,2450.6,1831.0,0,0,0,24364.85
2026-04-20,2026-04-21,25650,PE,1190.0,1250.45,1190.0,1250.45,1281.1,17,520,-585,24364.85
2026-04-20,2026-04-21,25550,PE,1090.05,1188.9,1090.0,1179.95,1181.1,55,1625,-520,24364.85
2026-04-20,2026-04-21,25400,PE,1131.55,1131.55,920.0,1050.3,1050.3,272,3640,-1625,24364.85
2026-04-20,2026-04-21,23650,PE,15.0,15.0,5.85,7.9,7.9,528376,1670760,-93210,24364.85
2026-04-20,2026-04-21,22800,PE,1.45,1.65,0.95,1.15,1.15,304560,2643680,-884520,24364.85
2026-04-20,2026-04-21,22350,PE,0.85,1.15,0.6,0.75,0.75,24565,153010,-175565,24364.85
2026-04-20,2026-04-21,22250,PE,0.9,1.05,0.5,0.7,0.7,16227,155350,-133380,24364.85
2026-04-20,2026-04-21,22050,PE,0.8,0.9,0.55,0.7,0.7,13121,117000,-124280,24364.85
2026-04-20,2026-04-21,22000,PE,0.7,0.85,0.55,0.7,0.7,121309,2352220,-1317225,24364.85
2026-04-20,2026-04-21,21000,PE,0.4,0.65,0.4,0.5,0.5,46196,1404325,-791700,24364.85
2026-04-20,2026-04-21,20550,PE,0.5,0.7,0.25,0.4,0.4,989,14625,1950,24364.85
2026-04-20,2030-12-31,30000,CE,0.0,0.0,0.0,5227.2,4591.55,0,0,0,24364.85
2026-04-20,2030-12-31,16500,CE,0.0,0.0,0.0,13763.55,12137.65,0,0,0,24364.85
2026-04-20,2030-06-25,27000,CE,0.0,0.0,0.0,6972.5,5287.15,0,0,0,24364.85
2026-04-20,2027-03-30,15000,PE,0.0,0.0,0.0,2.2,0.6,0,0,0,24364.85
2026-04-20,2027-03-30,27000,PE,0.0,0.0,0.0,3350.65,2296.95,0,0,0,24364.85
2026-04-20,2027-03-30,28500,PE,0.0,0.0,0.0,4504.7,3276.5,0,0,0,24364.85
2026-04-20,2027-06-29,30000,PE,0.0,0.0,0.0,4562.55,4207.65,0,0,0,24364.85
2026-04-20,2027-12-28,15000,PE,0.0,0.0,0.0,39.0,6.3,0,625,0,24364.85
2026-04-20,2027-12-28,16500,PE,0.0,0.0,0.0,1.95,23.1,0,0,0,24364.85
2026-04-20,2027-12-28,22500,PE,0.0,0.0,0.0,186.5,597.7,0,0,0,24364.85
2026-04-20,2028-06-27,22000,PE,800.0,800.0,800.0,800.0,544.6,1,1170,0,24364.85
2026-04-20,2028-12-26,30000,PE,0.0,0.0,0.0,2352.75,3384.6,0,0,0,24364.85
2026-04-20,2030-06-25,33000,PE,0.0,0.0,0.0,3143.9,4114.05,0,0,0,24364.85
2026-04-20,2030-12-31,31500,PE,0.0,0.0,0.0,1885.5,3206.05,0,0,0,24364.85
2026-04-20,2030-12-31,33000,PE,0.0,0.0,0.0,2387.3,3837.1,0,0,0,24364.85
2026-04-20,2030-12-31,34500,PE,0.0,0.0,0.0,2953.45,4520.2,0,0,0,24364.85
2026-04-20,2030-06-25,25500,CE,0.0,0.0,0.0,7070.45,6019.65,0,0,0,24364.85
2026-04-20,2029-12-24,28500,CE,0.0,0.0,0.0,4802.1,4059.25,0,0,0,24364.85
2026-04-20,2029-06-26,27000,CE,0.0,0.0,0.0,6570.4,4130.85,0,0,0,24364.85
2026-04-20,2029-06-26,25500,CE,0.0,0.0,0.0,5917.35,4861.75,0,0,0,24364.85
2026-04-20,2028-06-27,22500,CE,0.0,0.0,0.0,6796.05,5369.0,0,0,0,24364.85
2026-04-20,2027-12-28,19500,CE,0.0,0.0,0.0,8684.7,6967.35,0,0,0,24364.85
2026-04-20,2027-03-30,19500,CE,0.0,0.0,0.0,4365.4,6047.6,0,0,0,24364.85
2026-04-20,2026-12-29,33000,CE,27.95,29.45,26.15,28.2,28.2,163,72410,-390,24364.85
2026-04-20,2026-12-29,27000,CE,472.15,526.0,431.2,489.25,489.25,4673,873600,-21790,24364.85
2026-04-20,2026-09-29,25500,CE,689.7,758.1,634.6,711.8,711.8,2380,469430,-57135,24364.85
2026-04-20,2026-09-29,24000,CE,1573.8,1685.8,1487.85,1610.65,1610.65,511,344175,-1950,24364.85
2026-04-20,2026-06-30,25700,CE,221.4,248.95,192.95,221.8,221.8,365,16705,780,24364.85
2026-04-20,2026-06-30,25550,CE,238.15,288.65,238.15,260.05,260.05,93,17810,-1560,24364.85
2026-04-20,2026-06-30,24500,CE,718.35,810.3,684.4,741.9,741.9,3795,464945,43940,24364.85
2026-04-20,2026-06-30,24100,CE,951.0,1066.0,951.0,991.8,991.8,123,15340,-1690,24364.85
2026-04-20,2026-06-30,23350,CE,0.0,0.0,0.0,1512.9,1554.8,0,2600,0,24364.85
2026-04-20,2026-06-30,23000,CE,1775.0,1922.65,1740.75,1840.75,1840.75,518,682585,-7670,24364.85
2026-04-20,2026-06-30,22950,CE,0.0,0.0,0.0,1837.15,1863.7,0,1300,0,24364.85
2026-04-20,2026-06-30,22750,CE,0.0,0.0,0.0,1979.7,2027.35,0,845,0,24364.85
2026-04-20,2026-06-30,22300,CE,0.0,0.0,0.0,1575.0,2414.35,0,520,0,24364.85
2026-04-20,2026-06-30,21900,CE,0.0,0.0,0.0,1369.6,2776.05,0,65,0,24364.85
2026-04-20,2026-06-30,21350,CE,0.0,0.0,0.0,1777.65,3292.6,0,65,0,24364.85
2026-04-20,2026-06-30,21100,CE,0.0,0.0,0.0,1792.85,3532.45,0,0,0,24364.85
2026-04-20,2026-06-30,20600,CE,0.0,0.0,0.0,3500.0,4018.1,0,390,0,24364.85
2026-04-20,2026-05-26,27150,CE,6.6,7.7,6.6,7.2,7.2,40,8060,1105,24364.85
2026-04-20,2026-05-26,26600,CE,17.35,18.15,14.5,15.2,15.2,586,44525,21840,24364.85
2026-04-20,2026-05-26,26250,CE,28.0,32.8,27.9,30.3,30.3,403,7670,1560,24364.85
2026-04-20,2026-05-26,26150,CE,35.0,40.35,33.25,36.85,36.85,106,5850,2015,24364.85
2026-04-20,2026-05-26,25600,CE,84.05,119.5,81.0,103.45,103.45,3663,112385,19760,24364.85
2026-04-20,2026-05-26,25250,CE,199.5,217.3,156.45,189.8,189.8,335,9880,1040,24364.85
2026-04-20,2026-05-26,24800,CE,378.0,408.15,304.8,355.65,355.65,3748,228735,15080,24364.85
2026-04-20,2026-05-26,24700,CE,408.0,463.15,349.05,409.3,409.3,2589,127205,18070,24364.85
2026-04-20,2026-05-26,24550,CE,428.85,539.95,422.45,481.45,481.45,461,19045,6630,24364.85
2026-04-20,2026-05-26,22300,CE,2318.55,2318.55,2318.55,2318.55,2223.5,1,3640,0,24364.85
2026-04-20,2026-05-19,26550,CE,14.5,15.95,13.0,13.0,13.0,10,910,390,24364.85
2026-04-20,2026-05-19,26200,CE,0.0,0.0,0.0,20.2,48.4,0,65,0,24364.85
2026-04-20,2026-05-19,26150,CE,0.0,0.0,0.0,31.8,52.6,0,0,0,24364.85
2026-04-20,2026-05-19,26100,CE,0.0,0.0,0.0,34.5,57.05,0,0,0,24364.85
2026-04-20,2026-05-19,25250,CE,149.7,149.7,147.15,148.1,148.1,5,325,325,24364.85
2026-04-20,2026-05-19,23300,CE,0.0,0.0,0.0,914.6,1270.75,0,0,0,24364.85
2026-04-20,2026-05-19,22700,CE,0.0,0.0,0.0,1372.85,1801.5,0,0,0,24364.85
2026-04-20,2026-05-19,22400,CE,0.0,0.0,0.0,1630.55,2084.65,0,0,0,24364.85
2026-04-20,2026-05-12,26500,CE,10.05,10.05,5.5,6.3,6.3,1378,69420,63050,24364.85
2026-04-20,2026-05-12,25600,CE,47.3,63.0,30.2,51.9,51.9,576,15535,12480,24364.85
2026-04-20,2026-05-12,25500,CE,56.45,76.0,47.7,64.65,64.65,3223,89570,33150,24364.85
2026-04-20,2026-05-12,24900,CE,264.15,264.2,190.85,216.55,216.55,250,7280,2600,24364.85
2026-04-20,2026-05-12,24350,CE,477.65,522.15,455.85,465.45,465.45,72,3900,2340,24364.85
2026-04-20,2026-05-12,23800,CE,824.6,932.0,805.95,847.25,815.35,27,845,-65,24364.85
2026-04-20,2026-05-12,23650,CE,0.0,0.0,0.0,317.3,927.75,0,0,0,24364.85
2026-04-20,2026-05-12,22850,CE,0.0,0.0,0.0,711.05,1619.95,0,0,0,24364.85
2026-04-20,2026-05-12,22500,CE,0.0,0.0,0.0,948.3,1953.75,0,0,0,24364.85
2026-04-20,2026-05-12,21650,CE,0.0,0.0,0.0,1650.15,2791.1,0,0,0,24364.85
2026-04-20,2026-05-12,21300,CE,0.0,0.0,0.0,1974.9,3139.4,0,0,0,24364.85
2026-04-20,2026-05-05,26400,CE,4.4,5.0,2.65,3.1,3.1,278,12155,650,24364.85
2026-04-20,2026-05-05,26300,CE,6.8,6.8,2.95,3.45,3.45,2731,61880,47840,24364.85
2026-04-20,2026-05-05,25800,CE,12.95,17.2,9.15,12.3,12.3,17851,628745,599495,24364.85
2026-04-20,2026-05-05,25500,CE,50.0,50.0,24.8,34.55,34.55,20800,323115,104195,24364.85
2026-04-20,2026-05-05,23900,CE,616.0,767.25,613.45,703.25,703.25,381,12220,-15535,24364.85
2026-04-20,2026-05-05,23800,CE,710.0,854.1,703.7,751.95,751.95,186,16315,-5265,24364.85
2026-04-20,2026-05-05,23700,CE,774.95,914.3,774.95,858.95,858.95,45,8190,-195,24364.85
2026-04-20,2026-05-05,23450,CE,1056.35,1085.75,1022.25,1085.75,1024.3,3,2080,-130,24364.85
2026-04-20,2026-05-05,22200,CE,0.0,0.0,0.0,1954.95,2218.65,0,910,0,24364.85
2026-04-20,2026-04-28,27400,CE,0.85,1.1,0.65,0.85,0.85,315,114075,-6825,24364.85
2026-04-20,2026-04-28,27250,CE,0.55,0.75,0.55,0.75,0.75,125,13585,-4225,24364.85
2026-04-20,2026-04-28,26750,CE,1.0,1.15,0.8,0.85,0.85,222,23790,-2275,24364.85
2026-04-20,2026-04-28,26100,CE,1.95,1.95,1.4,1.6,1.6,20697,919815,19825,24364.85
2026-04-20,2026-04-28,25850,CE,3.8,3.8,2.5,3.45,3.45,7232,138255,92170,24364.85
2026-04-20,2026-04-28,25500,CE,8.8,12.05,6.0,10.45,10.45,169960,3984630,1182285,24364.85
2026-04-20,2026-04-28,25450,CE,12.1,14.55,6.8,12.55,12.55,14256,171795,67795,24364.85
2026-04-20,2026-04-28,25100,CE,43.15,54.35,24.25,41.8,41.8,79706,822185,145600,24364.85
2026-04-20,2026-04-28,25050,CE,41.0,64.2,30.9,49.45,49.45,22262,236600,42510,24364.85
2026-04-20,2026-04-28,24850,CE,73.2,118.7,60.45,90.75,90.75,20993,176410,47125,24364.85
2026-04-20,2026-04-28,24300,CE,315.0,395.0,255.9,310.95,310.95,109079,1503125,116415,24364.85
2026-04-20,2026-04-28,23600,CE,850.0,938.0,752.3,844.75,844.75,879,193635,3315,24364.85
2026-04-20,2026-04-28,23350,CE,1015.0,1131.2,983.6,1103.95,1056.25,19,22815,130,24364.85
2026-04-20,2026-04-28,23200,CE,1131.45,1304.75,1126.15,1183.1,1183.1,690,229645,-16835,24364.85
2026-04-20,2026-04-28,22900,CE,1445.8,1585.0,1406.0,1451.6,1451.6,229,249210,-4745,24364.85
2026-04-20,2026-04-28,22550,CE,1846.9,1846.9,1846.9,1846.9,1846.9,2,38025,130,24364.85
2026-04-20,2026-04-28,20450,CE,0.0,0.0,0.0,2343.9,3940.85,0,65,0,24364.85
2026-04-20,2026-04-28,20300,CE,0.0,0.0,0.0,2854.0,4090.65,0,65,0,24364.85
2026-04-20,2026-04-28,20200,CE,0.0,0.0,0.0,3575.0,4190.55,0,1560,0,24364.85
2026-04-20,2026-04-21,24750,CE,17.85,36.45,10.1,16.7,16.7,1742003,2300220,520455,24364.85
2026-04-20,2026-04-21,24600,CE,58.5,78.8,23.6,38.4,38.4,3866268,5935670,985335,24364.85
2026-04-20,2026-04-21,24550,CE,78.5,99.35,31.55,51.0,51.0,2645095,2256735,599300,24364.85
2026-04-20,2026-04-21,23550,CE,850.0,928.3,719.15,791.15,791.15,578,59540,-65,24364.85
2026-04-20,2026-04-21,21700,CE,0.0,0.0,0.0,2289.15,2668.3,0,130,0,24364.85
2026-04-20,2026-04-21,21600,CE,0.0,0.0,0.0,1252.45,2768.3,0,130,0,24364.85
2026-04-20,2026-04-21,20700,CE,0.0,0.0,0.0,3020.55,3668.15,0,0,0,24364.85
2026-04-20,2026-04-21,20200,CE,0.0,0.0,0.0,3516.75,4168.1,0,0,0,24364.85
2026-04-20,2026-05-26,23550,CE,1187.95,1188.0,1178.0,1178.0,1137.9,14,3120,65,24364.85
2026-04-20,2026-06-30,23400,PE,316.35,320.55,273.0,318.1,318.1,165,11180,-325,24364.85
2026-04-20,2026-06-30,22800,PE,213.05,222.0,186.0,220.1,220.1,509,15080,4225,24364.85
2026-04-20,2026-06-30,21150,PE,0.0,0.0,0.0,193.35,15.5,0,0,0,24364.85
2026-04-20,2026-06-30,20600,PE,0.0,0.0,0.0,104.4,5.9,0,0,0,24364.85
2026-04-20,2026-05-26,27050,PE,0.0,0.0,0.0,3501.3,2540.9,0,65,0,24364.85
2026-04-20,2026-05-26,26900,PE,0.0,0.0,0.0,3091.85,2397.65,0,130,0,24364.85
2026-04-20,2026-05-26,26600,PE,0.0,0.0,0.0,2490.0,2115.55,0,1170,0,24364.85
2026-04-20,2026-05-26,26350,PE,0.0,0.0,0.0,1959.5,1886.4,0,1625,0,24364.85
2026-04-20,2026-05-26,26050,PE,1570.2,1570.2,1570.2,1570.2,1620.75,2,325,0,24364.85
2026-04-20,2026-05-26,24300,PE,427.65,470.0,389.15,458.45,458.45,4492,176930,21775,24364.85
2026-04-20,2026-05-26,24200,PE,390.95,432.9,357.1,419.75,419.75,4302,181415,11895,24364.85
2026-04-20,2026-05-26,22900,PE,136.05,142.7,111.0,137.35,137.35,1273,46800,5330,24364.85
2026-04-20,2026-05-26,22850,PE,110.6,134.2,107.5,126.15,126.15,102,6045,195,24364.85
2026-04-20,2026-05-26,21400,PE,0.0,0.0,0.0,2.05,2.8,0,0,0,24364.85
2026-04-20,2030-12-31,24000,CE,0.0,0.0,0.0,8563.3,7376.9,0,0,0,24364.85
2026-04-20,2030-12-31,18000,CE,0.0,0.0,0.0,12674.15,11095.05,0,0,0,24364.85
2026-04-20,2030-06-25,16500,CE,0.0,0.0,0.0,13374.05,11727.1,0,0,0,24364.85
2026-04-20,2029-06-26,15000,CE,0.0,0.0,0.0,13671.85,12085.5,0,0,0,24364.85
2026-04-20,2030-06-25,24000,PE,0.0,0.0,0.0,698.15,964.65,0,0,0,24364.85
2026-04-20,2030-06-25,19500,PE,0.0,0.0,0.0,64.95,281.85,0,0,0,24364.85
2026-04-20,2028-12-26,25500,PE,0.0,0.0,0.0,648.2,1462.6,0,0,0,24364.85
2026-04-20,2028-12-26,21000,PE,486.05,525.0,475.0,525.0,411.3,6,6540,-130,24364.85
2026-04-20,2028-12-26,20000,PE,0.0,0.0,0.0,439.9,284.15,0,1100,0,24364.85
2026-04-20,2028-06-27,21000,PE,0.0,0.0,0.0,907.2,378.0,0,0,0,24364.85
2026-04-20,2027-12-28,33000,PE,0.0,0.0,0.0,4155.55,5996.2,0,0,0,24364.85
2026-04-20,2027-12-28,27000,PE,1749.0,1760.5,1700.0,1755.0,2181.65,21,21020,910,24364.85
2026-04-20,2027-03-30,31500,PE,0.0,0.0,0.0,7066.15,5620.85,0,0,0,24364.85
2026-04-20,2026-12-29,30000,PE,4237.8,4336.25,4140.0,4306.2,4306.2,17,209460,170,24364.85
2026-04-20,2026-12-29,23000,PE,424.05,460.5,414.0,452.3,452.3,3611,1245175,25305,24364.85
2026-04-20,2026-06-30,34500,PE,0.0,0.0,0.0,10800.0,9720.95,0,130,0,24364.85
2026-04-20,2026-06-30,26400,PE,1735.0,1810.0,1735.0,1810.0,1810.0,5,325,325,24364.85
2026-04-20,2026-06-30,26200,PE,0.0,0.0,0.0,3436.85,1761.6,0,0,0,24364.85
2026-04-20,2030-06-25,31500,PE,0.0,0.0,0.0,2056.3,3427.6,0,0,0,24364.85
2026-04-20,2026-06-30,25900,PE,0.0,0.0,0.0,3156.45,1533.4,0,0,0,24364.85
2026-04-20,2026-06-30,25500,PE,1099.6,1170.0,1036.0,1114.35,1114.35,623,654225,15925,24364.85
2026-04-20,2026-06-30,25450,PE,0.0,0.0,0.0,1096.45,1215.9,0,65,0,24364.85
2026-04-20,2026-06-30,23000,PE,215.0,253.75,209.0,245.5,245.5,11930,2329070,153765,24364.85
2026-04-20,2026-06-30,22950,PE,226.5,242.7,204.95,241.1,241.1,124,4225,-910,24364.85
2026-04-20,2026-06-30,22850,PE,216.25,226.65,189.65,224.25,224.25,310,14300,-1755,24364.85
2026-04-20,2026-06-30,22700,PE,197.55,210.3,175.8,204.2,204.2,335,8385,260,24364.85
2026-04-20,2026-06-30,22650,PE,195.2,200.0,169.75,200.0,200.0,168,7800,455,24364.85
2026-04-20,2026-06-30,22300,PE,0.0,0.0,0.0,543.1,81.75,0,0,0,24364.85
2026-04-20,2026-06-30,20350,PE,0.0,0.0,0.0,76.55,3.65,0,0,0,24364.85
2026-04-20,2026-06-30,20200,PE,0.0,0.0,0.0,62.95,2.7,0,0,0,24364.85
2026-04-20,2026-06-30,20150,PE,0.0,0.0,0.0,58.85,2.45,0,0,0,24364.85
2026-04-20,2026-05-26,26500,PE,1952.35,2059.0,1874.65,2022.5,2022.5,333,73710,17095,24364.85
2026-04-20,2026-05-26,26250,PE,0.0,0.0,0.0,1766.55,1796.55,0,195,0,24364.85
2026-04-20,2026-05-26,25700,PE,1179.0,1264.6,1170.0,1235.6,1327.6,36,3900,2275,24364.85
2026-04-20,2026-05-26,25500,PE,1179.75,1185.0,1003.45,1138.4,1138.4,1137,535730,25350,24364.85
2026-04-20,2026-05-26,24950,PE,0.0,0.0,0.0,900.0,783.85,0,3185,0,24364.85
2026-04-20,2026-05-26,24900,PE,747.0,776.45,641.8,727.1,727.1,703,117910,21645,24364.85
2026-04-20,2026-05-26,23400,PE,186.75,220.6,176.25,212.9,212.9,2463,90610,28535,24364.85
2026-04-20,2026-05-26,22300,PE,79.95,88.2,64.65,84.1,84.1,1211,55770,7605,24364.85
2026-04-20,2026-05-26,22250,PE,69.65,82.25,63.7,82.15,82.15,80,11050,975,24364.85
2026-04-20,2026-05-26,21950,PE,0.0,0.0,0.0,6.2,10.7,0,0,0,24364.85
2026-04-20,2026-05-26,21300,PE,0.0,0.0,0.0,1.65,2.15,0,0,0,24364.85
2026-04-20,2026-05-26,20750,PE,0.0,0.0,0.0,0.5,0.45,0,0,0,24364.85
2026-04-20,2026-05-26,20700,PE,0.0,0.0,0.0,0.4,0.4,0,0,0,24364.85
2026-04-20,2026-05-26,20250,PE,0.0,0.0,0.0,0.15,0.1,0,0,0,24364.85
2026-04-20,2026-05-26,20100,PE,14.0,20.2,13.5,18.9,18.9,2330,179075,40430,24364.85
2026-04-20,2026-05-19,26200,PE,0.0,0.0,0.0,2241.1,1763.1,0,0,0,24364.85
2026-04-20,2026-05-19,24250,PE,404.7,404.7,356.95,356.95,373.7,7,195,-65,24364.85
2026-04-20,2026-05-19,23800,PE,264.95,280.0,228.0,268.1,268.1,114,4290,3640,24364.85
2026-04-20,2026-05-19,23400,PE,163.65,194.15,153.55,189.85,189.85,32,1950,1560,24364.85
2026-04-20,2026-05-19,22750,PE,0.0,0.0,0.0,112.5,35.8,0,0,0,24364.85
2026-04-20,2026-05-19,22700,PE,0.0,0.0,0.0,104.1,32.3,0,0,0,24364.85
2026-04-20,2026-05-12,25600,PE,0.0,0.0,0.0,2337.05,1224.6,0,0,0,24364.85
2026-04-20,2026-05-12,25000,PE,0.0,0.0,0.0,1772.15,752.4,0,0,0,24364.85
2026-04-20,2026-05-12,24600,PE,464.3,558.9,451.85,548.65,548.65,99,2730,2730,24364.85
2026-04-20,2026-05-12,23800,PE,207.0,244.6,188.15,234.05,234.05,273,12090,8385,24364.85
2026-04-20,2026-05-12,23450,PE,145.95,155.5,126.95,152.6,90.9,33,2145,1495,24364.85
2026-04-20,2026-05-12,23300,PE,123.3,142.35,106.6,136.65,136.65,185,6435,1690,24364.85
2026-04-20,2026-05-12,21800,PE,0.0,0.0,0.0,59.45,1.2,0,0,0,24364.85
2026-04-20,2026-05-05,26550,PE,0.0,0.0,0.0,3421.65,2124.85,0,0,0,24364.85
2026-04-20,2026-05-05,25150,PE,0.0,0.0,0.0,1130.0,826.55,0,65,0,24364.85
2026-04-20,2026-05-05,25100,PE,0.0,0.0,0.0,905.15,787.0,0,195,0,24364.85
2026-04-20,2026-05-05,23700,PE,132.05,169.25,123.05,163.35,163.35,1937,55315,12155,24364.85
2026-04-20,2026-05-05,21650,PE,9.35,15.9,9.35,15.9,15.9,6,325,-325,24364.85
2026-04-20,2026-05-05,21150,PE,7.05,8.0,7.05,8.0,8.0,14,1950,260,24364.85
2026-04-20,2026-04-28,27700,PE,3317.65,3360.0,3250.0,3333.55,3300.0,7,9555,-195,24364.85
2026-04-20,2026-04-28,26950,PE,0.0,0.0,0.0,4110.0,2550.95,0,975,0,24364.85
2026-04-20,2026-04-28,26850,PE,0.0,0.0,0.0,2718.3,2451.1,0,325,0,24364.85
2026-04-20,2026-04-28,26350,PE,0.0,0.0,0.0,2048.15,1952.0,0,5915,0,24364.85
2026-04-20,2026-04-28,26100,PE,1630.0,1710.0,1617.55,1710.0,1702.95,9,33475,260,24364.85
2026-04-20,2026-04-28,25600,PE,1276.05,1296.2,1125.0,1291.35,1291.35,47,47905,715,24364.85
2026-04-20,2026-04-21,21950,CE,2445.7,2445.7,2432.9,2432.9,2418.35,2,780,-130,24364.85
2026-04-20,2026-04-21,22350,CE,0.0,0.0,0.0,1874.0,2018.4,0,1105,0,24364.85
2026-04-20,2026-04-21,22600,CE,1727.6,1870.05,1710.35,1710.35,1710.35,51,12805,-2015,24364.85
2026-04-20,2026-04-21,22750,CE,1551.9,1709.0,1551.9,1600.0,1618.5,22,5005,0,24364.85
2026-04-20,2026-04-21,23000,CE,1360.0,1476.5,1250.0,1346.45,1346.45,4473,263185,-155740,24364.85
2026-04-20,2026-04-21,23250,CE,1160.0,1212.25,1055.15,1076.1,1076.1,100,10790,1365,24364.85
2026-04-20,2026-04-21,23300,CE,960.05,1172.45,960.0,1037.95,1037.95,1170,73970,-40950,24364.85
2026-04-20,2026-04-28,24700,PE,466.4,526.65,384.7,483.0,483.0,7729,367770,16705,24364.85
2026-04-20,2026-04-28,24650,PE,427.9,491.4,361.35,463.6,463.6,1917,28275,5980,24364.85
2026-04-20,2026-04-28,24500,PE,275.0,397.45,275.0,370.65,370.65,120760,2698345,454155,24364.85
2026-04-20,2026-04-28,23750,PE,91.0,116.8,78.7,108.1,108.1,16725,224120,67275,24364.85
2026-04-20,2026-04-28,23500,PE,55.0,74.0,47.35,68.3,68.3,144070,4331730,255255,24364.85
2026-04-20,2026-04-28,22750,PE,16.8,18.75,12.85,17.4,17.4,7587,200200,-23920,24364.85
2026-04-20,2026-04-28,21000,PE,2.5,3.4,2.5,3.25,3.25,52278,6268990,679640,24364.85
2026-04-20,2026-04-28,20800,PE,2.2,3.05,1.65,2.8,2.8,839,78780,7800,24364.85
2026-04-20,2026-04-28,20650,PE,1.8,2.7,1.8,2.5,2.5,89,7215,-780,24364.85
2026-04-20,2026-04-21,26500,PE,0.0,0.0,0.0,2100.0,2130.95,0,65,0,24364.85
2026-04-20,2026-04-21,26250,PE,0.0,0.0,0.0,2499.45,1881.0,0,0,0,24364.85
2026-04-20,2026-04-21,25700,PE,1375.7,1375.7,1305.6,1315.25,1315.25,4,455,195,24364.85
2026-04-20,2026-04-21,24750,PE,410.5,512.65,304.2,417.45,417.45,23831,40040,9100,24364.85
2026-04-20,2026-04-21,23150,PE,3.15,3.15,1.05,1.45,1.45,196169,756600,-432315,24364.85
2026-04-20,2026-04-21,23050,PE,3.8,3.8,1.05,1.35,1.35,115252,552045,-129285,24364.85
2026-04-20,2026-04-21,22950,PE,2.65,2.65,0.95,1.25,1.25,89912,541970,-320190,24364.85
2026-04-20,2026-04-21,22750,PE,1.1,1.55,0.9,1.05,1.05,43786,362050,-265460,24364.85
2026-04-20,2026-04-21,22500,PE,1.0,1.3,0.75,0.9,0.9,336200,4436705,-316940,24364.85
2026-04-20,2026-04-21,22200,PE,0.8,0.9,0.5,0.7,0.7,58792,674050,-528580,24364.85
2026-04-20,2026-04-21,21450,PE,0.7,0.95,0.4,0.6,0.6,1047,33865,2145,24364.85
2026-04-20,2026-04-21,23450,CE,951.5,1011.25,819.25,882.2,882.2,162,29055,-1300,24364.85
2026-04-20,2026-04-21,24350,CE,178.6,212.95,87.85,124.4,124.4,2829128,2079220,-524680,24364.85
2026-04-20,2026-04-21,25200,CE,1.75,3.15,1.3,1.8,1.8,1771596,6204250,957190,24364.85
2026-04-20,2026-04-21,25250,CE,2.0,2.35,1.0,1.4,1.4,667369,2171260,907660,24364.85
2026-04-20,2026-04-21,25700,CE,0.6,0.8,0.35,0.55,0.55,141955,935285,-1291485,24364.85
2026-04-20,2026-04-21,25950,CE,0.45,0.75,0.3,0.45,0.45,22460,111995,-90870,24364.85
2026-04-20,2026-04-28,20500,CE,3855.0,3949.1,3820.0,3820.0,3820.0,158,182650,-8255,24364.85
2026-04-20,2026-04-28,22000,CE,2305.85,2483.0,2277.75,2359.6,2359.6,1216,954460,-21645,24364.85
2026-04-20,2026-04-28,22800,CE,1568.0,1701.0,1499.5,1582.65,1582.65,314,393965,-3640,24364.85
2026-04-20,2026-04-28,23150,CE,1200.0,1200.5,1192.75,1198.0,1198.0,75,47775,-1430,24364.85
2026-04-20,2026-04-28,23400,CE,1044.0,1120.0,924.05,1005.1,1005.1,474,154180,-6110,24364.85
2026-04-20,2026-04-28,24450,CE,240.0,302.1,185.0,239.4,239.4,52807,407810,268905,24364.85
2026-04-20,2026-04-28,25000,CE,61.3,75.9,37.15,58.45,58.45,255221,5322785,320645,24364.85
2026-04-20,2026-04-28,26150,CE,1.45,1.75,1.25,1.45,1.45,3029,270205,585,24364.85
2026-04-20,2026-04-28,26450,CE,1.55,1.55,0.85,1.05,1.05,369,56030,-7150,24364.85
2026-04-20,2026-04-28,27300,CE,0.9,0.95,0.65,0.75,0.75,500,51545,-15925,24364.85
2026-04-20,2026-05-05,20150,CE,0.0,0.0,0.0,2930.7,4262.85,0,0,0,24364.85
2026-04-20,2026-05-05,20350,CE,0.0,0.0,0.0,2734.15,4063.3,0,0,0,24364.85
2026-04-20,2026-05-05,20400,CE,0.0,0.0,0.0,2685.15,4013.45,0,0,0,24364.85
2026-04-20,2026-05-05,21100,CE,0.0,0.0,0.0,2011.15,3315.1,0,0,0,24364.85
2026-04-20,2026-05-05,21800,CE,0.0,0.0,0.0,1383.9,2616.9,0,0,0,24364.85
2026-04-20,2026-05-05,22350,CE,0.0,0.0,0.0,954.85,2069.8,0,0,0,24364.85
2026-04-20,2026-05-05,22500,CE,0.0,0.0,0.0,1780.0,1921.45,0,195,0,24364.85
2026-04-20,2026-05-05,24550,CE,247.9,346.05,243.1,287.3,287.3,602,15860,-2795,24364.85
2026-04-20,2026-05-05,24700,CE,207.7,267.0,172.55,219.7,219.7,3311,126295,23985,24364.85
2026-04-20,2026-05-05,25050,CE,100.0,132.8,79.95,108.35,108.35,863,11570,260,24364.85
2026-04-20,2026-05-05,25200,CE,55.35,92.75,51.05,78.25,78.25,8272,92105,33670,24364.85
2026-04-20,2026-05-05,25350,CE,34.65,62.25,34.65,51.55,51.55,1067,13715,3575,24364.85
2026-04-20,2026-05-05,25750,CE,16.45,20.25,8.9,14.85,14.85,1170,43160,24115,24364.85
2026-04-20,2026-05-05,26050,CE,8.95,9.05,5.6,6.3,6.3,214,14885,-65,24364.85
2026-04-20,2026-05-12,21500,CE,0.0,0.0,0.0,1787.6,2940.3,0,0,0,24364.85
2026-04-20,2026-05-12,23200,CE,0.0,0.0,0.0,513.25,1301.2,0,0,0,24364.85
2026-04-20,2026-05-12,23300,CE,0.0,0.0,0.0,464.0,1214.1,0,0,0,24364.85
2026-04-20,2026-05-12,23400,CE,1210.0,1240.0,1170.0,1180.0,1129.15,29,1885,1885,24364.85
2026-04-20,2026-05-12,25000,CE,159.75,213.9,139.6,181.85,181.85,2730,63570,21450,24364.85
2026-04-20,2026-05-12,25750,CE,0.0,0.0,0.0,12.45,60.25,0,0,0,24364.85
2026-04-20,2026-05-19,22150,CE,0.0,0.0,0.0,1856.1,2325.95,0,0,0,24364.85
2026-04-20,2026-05-19,22550,CE,0.0,0.0,0.0,1499.75,1942.05,0,0,0,24364.85
2026-04-20,2026-05-19,22850,CE,0.0,0.0,0.0,1250.45,1663.6,0,0,0,24364.85
2026-04-20,2026-05-19,22900,CE,0.0,0.0,0.0,1210.75,1618.3,0,0,0,24364.85
2026-04-20,2026-05-19,24700,CE,307.45,410.0,306.1,354.6,354.6,76,2860,650,24364.85
2026-04-20,2026-05-19,24950,CE,250.35,272.25,226.45,267.5,285.8,13,845,845,24364.85
2026-04-20,2026-05-19,25000,CE,220.55,273.75,190.05,238.0,238.0,920,21385,11635,24364.85
2026-04-20,2026-05-19,26400,CE,41.9,41.9,41.9,41.9,41.9,1,65,65,24364.85
2026-04-20,2026-05-26,20400,CE,0.0,0.0,0.0,2287.45,4089.55,0,65,0,24364.85
2026-04-20,2026-05-26,21800,CE,0.0,0.0,0.0,2345.0,2705.55,0,520,0,24364.85
2026-04-20,2026-05-26,23200,CE,1436.95,1530.0,1430.0,1434.4,1434.4,59,38350,-2535,24364.85
2026-04-20,2026-05-26,23350,CE,1344.0,1344.0,1344.0,1344.0,1293.3,3,4940,-130,24364.85
2026-04-20,2026-05-26,23750,CE,949.95,1026.45,949.95,982.5,991.85,10,4875,0,24364.85
2026-04-20,2026-05-26,23900,CE,834.45,986.05,825.4,921.9,921.9,284,36985,5200,24364.85
2026-04-20,2026-05-26,24000,CE,818.05,907.0,740.6,824.6,824.6,7067,862095,-29705,24364.85
2026-04-20,2026-05-26,24750,CE,347.05,427.9,343.95,382.3,382.3,288,10205,-585,24364.85
2026-04-20,2026-05-26,25450,CE,115.8,154.25,115.45,132.1,132.1,359,13390,2535,24364.85
2026-04-20,2026-05-26,25550,CE,100.0,129.9,89.55,113.7,113.7,429,20995,390,24364.85
2026-04-20,2026-05-26,27200,CE,7.0,7.5,6.0,6.35,6.35,406,34970,6435,24364.85
2026-04-20,2026-06-30,20100,CE,0.0,0.0,0.0,2646.45,4508.4,0,0,0,24364.85
2026-04-20,2026-06-30,20300,CE,0.0,0.0,0.0,2466.8,4311.9,0,0,0,24364.85
2026-04-20,2026-06-30,21300,CE,0.0,0.0,0.0,1812.7,3340.4,0,65,0,24364.85
2026-04-20,2026-06-30,22400,CE,0.0,0.0,0.0,2108.0,2326.3,0,1495,0,24364.85
2026-04-20,2026-06-30,22650,CE,0.0,0.0,0.0,2131.95,2111.2,0,910,0,24364.85
2026-04-20,2026-06-30,22700,CE,2100.0,2140.0,2050.0,2140.0,2069.1,32,5265,-2080,24364.85
2026-04-20,2026-06-30,23550,CE,0.0,0.0,0.0,1341.0,1410.3,0,1170,0,24364.85
2026-04-20,2026-06-30,23800,CE,1177.1,1267.95,1160.0,1175.85,1175.85,53,4940,130,24364.85
2026-04-20,2026-06-30,23950,CE,1071.3,1154.8,1071.3,1131.4,1144.5,22,4680,-1170,24364.85
2026-04-20,2026-06-30,24650,CE,625.05,704.8,625.0,682.4,756.95,27,3120,-1105,24364.85
2026-04-20,2026-06-30,24950,CE,456.15,550.0,456.15,519.7,621.85,36,6955,-1040,24364.85
2026-04-20,2026-06-30,25350,CE,320.25,358.3,320.25,347.55,347.55,26,4485,-390,24364.85
2026-04-20,2026-06-30,25650,CE,208.35,262.75,207.65,234.9,234.9,74,5785,-650,24364.85
2026-04-20,2026-06-30,25900,CE,164.0,189.15,147.15,170.95,170.95,384,17810,6500,24364.85
2026-04-20,2026-06-30,26250,CE,0.0,0.0,0.0,35.6,231.05,0,0,0,24364.85
2026-04-20,2026-06-30,26450,CE,0.0,0.0,0.0,28.5,194.4,0,0,0,24364.85
2026-04-20,2026-06-30,26550,CE,105.1,105.1,66.0,67.5,67.5,79,2210,2210,24364.85
2026-04-20,2026-06-30,28000,CE,17.0,20.5,15.05,18.95,18.95,3981,1519655,-4265,24364.85
2026-04-20,2026-09-29,34500,CE,0.0,0.0,0.0,30.15,3.1,0,0,0,24364.85
2026-04-20,2026-12-29,19000,CE,6175.0,6327.55,6175.0,6264.3,6264.3,4,8580,130,24364.85
2026-04-20,2026-12-29,19500,CE,0.0,0.0,0.0,7586.85,5728.85,0,0,0,24364.85
2026-04-20,2026-12-29,22000,CE,3500.0,3700.0,3500.0,3622.7,3622.7,58,81070,-325,24364.85
2026-04-20,2027-12-28,30000,CE,651.6,694.9,651.6,661.0,1242.1,12,13260,260,24364.85
2026-04-20,2028-06-27,21000,CE,0.0,0.0,0.0,5226.55,6412.05,0,0,0,24364.85
2026-04-20,2028-06-27,33000,CE,0.0,0.0,0.0,2004.15,1073.5,0,0,0,24364.85
2026-04-20,2028-06-27,34500,CE,0.0,0.0,0.0,1003.35,818.15,0,0,0,24364.85
2026-04-20,2028-12-26,33000,CE,0.0,0.0,0.0,2477.5,1535.4,0,0,0,24364.85
2026-04-20,2026-04-21,21050,PE,0.8,0.8,0.35,0.5,0.5,1917,28600,-10920,24364.85
2026-04-20,2026-04-21,20250,PE,1.0,1.0,0.25,0.35,0.35,994,28860,-4095,24364.85
2026-04-20,2030-12-31,27000,CE,0.0,0.0,0.0,6772.8,5860.55,0,0,0,24364.85
2026-04-20,2026-12-29,26000,PE,1338.95,1349.95,1250.05,1321.7,1321.7,1716,850970,-9205,24364.85
2026-04-20,2026-12-29,19000,PE,110.0,124.75,110.0,122.6,122.6,348,285940,4875,24364.85
2026-04-20,2026-09-29,18000,PE,0.0,0.0,0.0,7.25,1.7,0,0,0,24364.85
2026-04-20,2026-06-30,28000,PE,3300.0,3352.0,3175.65,3280.75,3280.75,174,1068580,4315,24364.85
2026-04-20,2026-06-30,26250,PE,0.0,0.0,0.0,3483.95,1801.0,0,0,0,24364.85
2026-04-20,2026-06-30,24850,PE,789.55,792.15,789.55,791.0,791.0,9,2145,-585,24364.85
2026-04-20,2026-06-30,24750,PE,694.65,703.1,659.0,692.35,692.35,48,3510,2730,24364.85
2026-04-20,2026-06-30,23700,PE,352.5,389.05,329.9,383.25,383.25,173,14430,845,24364.85
2026-04-20,2026-06-30,23500,PE,328.1,343.95,290.0,332.3,332.3,3628,365365,1300,24364.85
2026-04-20,2026-06-30,23150,PE,264.6,273.55,233.4,268.45,268.45,141,5200,845,24364.85
2026-04-20,2026-06-30,21850,PE,0.0,0.0,0.0,376.15,45.0,0,0,0,24364.85
2026-04-20,2026-06-30,21650,PE,0.0,0.0,0.0,314.75,33.8,0,0,0,24364.85
2026-04-20,2026-06-30,20950,PE,0.0,0.0,0.0,156.1,11.05,0,0,0,24364.85
2026-04-20,2026-06-30,20900,PE,0.0,0.0,0.0,147.75,10.15,0,0,0,24364.85
2026-04-20,2026-06-30,20850,PE,0.0,0.0,0.0,139.7,9.3,0,0,0,24364.85
2026-04-20,2026-06-30,18000,PE,21.0,32.3,21.0,26.55,26.55,3357,559065,-65,24364.85
2026-04-20,2026-05-26,27000,PE,2502.0,2560.05,2350.0,2463.4,2463.4,519,173615,25480,24364.85
2026-04-20,2026-05-26,26400,PE,1900.0,1928.75,1800.0,1920.7,1920.7,7,1755,65,24364.85
2026-04-20,2026-05-26,26100,PE,1555.85,1606.9,1555.8,1606.9,1664.2,4,2340,65,24364.85
2026-04-20,2026-05-26,25600,PE,1100.0,1100.0,1100.0,1100.0,1247.85,1,1820,-65,24364.85
2026-04-20,2026-05-26,25450,PE,1079.95,1079.95,995.4,1066.7,1133.05,4,650,0,24364.85
2026-04-20,2026-05-26,25000,PE,811.85,829.95,692.7,787.55,787.55,6590,741195,84305,24364.85
2026-04-20,2026-05-26,24750,PE,667.55,667.55,603.75,611.2,663.0,19,4810,130,24364.85
2026-04-20,2026-05-26,22800,PE,117.15,130.95,101.3,127.35,127.35,3982,104715,-30030,24364.85
2026-04-20,2026-05-26,22400,PE,84.85,95.3,69.45,91.7,91.7,1138,45955,11830,24364.85
2026-04-20,2026-05-26,22150,PE,0.0,0.0,0.0,9.0,16.5,0,0,0,24364.85
2026-04-20,2026-05-26,21500,PE,32.1,48.95,31.2,44.5,44.5,6747,489515,31785,24364.85
2026-04-20,2026-05-26,20300,PE,0.0,0.0,0.0,0.15,0.1,0,0,0,24364.85
2026-04-20,2026-05-19,26100,PE,0.0,0.0,0.0,2146.85,1672.2,0,0,0,24364.85
2026-04-20,2026-05-19,25700,PE,0.0,0.0,0.0,1778.8,1322.9,0,0,0,24364.85
2026-04-20,2026-05-19,25550,PE,0.0,0.0,0.0,1645.4,1199.1,0,0,0,24364.85
2026-04-20,2026-05-19,25100,PE,0.0,0.0,0.0,1265.75,858.0,0,0,0,24364.85
2026-04-20,2026-05-19,24950,PE,0.0,0.0,0.0,1147.5,756.25,0,0,0,24364.85
2026-04-20,2026-05-19,24750,PE,0.0,0.0,0.0,997.4,630.95,0,0,0,24364.85
2026-04-20,2026-05-19,22650,PE,0.0,0.0,0.0,96.2,29.1,0,0,0,24364.85
2026-04-20,2026-05-19,22550,PE,0.0,0.0,0.0,81.8,23.5,0,0,0,24364.85
2026-04-20,2026-05-19,22250,PE,0.0,0.0,0.0,48.6,11.85,0,0,0,24364.85
2026-04-20,2026-05-19,22150,PE,0.0,0.0,0.0,40.35,9.25,0,0,0,24364.85
2026-04-20,2026-05-12,26000,PE,0.0,0.0,0.0,2725.6,1581.95,0,0,0,24364.85
2026-04-20,2026-05-12,25850,PE,0.0,0.0,0.0,2579.2,1445.0,0,0,0,24364.85
2026-04-20,2026-05-12,25800,PE,0.0,0.0,0.0,2530.55,1400.05,0,0,0,24364.85
2026-04-20,2026-05-12,25400,PE,0.0,0.0,0.0,2145.7,1057.1,0,0,0,24364.85
2026-04-20,2026-05-12,25250,PE,0.0,0.0,0.0,2003.95,937.7,0,0,0,24364.85
2026-04-20,2026-05-12,22550,PE,0.0,0.0,0.0,200.4,11.85,0,0,0,24364.85
2026-04-20,2026-05-12,22350,PE,0.0,0.0,0.0,149.85,6.8,0,0,0,24364.85
2026-04-20,2026-05-05,26500,PE,0.0,0.0,0.0,3372.35,2075.45,0,0,0,24364.85
2026-04-20,2026-05-05,25600,PE,0.0,0.0,0.0,2493.1,1212.7,0,0,0,24364.85
2026-04-20,2026-05-05,25250,PE,0.0,0.0,0.0,1195.8,907.9,0,65,0,24364.85
2026-04-20,2026-05-05,24500,PE,380.0,460.0,355.05,433.35,433.35,7184,168610,108485,24364.85
2026-04-20,2026-05-05,24400,PE,359.3,407.25,314.0,385.4,385.4,6345,94185,33345,24364.85
2026-04-20,2026-05-05,23550,PE,119.1,136.95,100.15,131.5,131.5,206,13650,3120,24364.85
2026-04-20,2026-05-05,23150,PE,67.3,81.25,56.75,77.7,77.7,332,9035,4290,24364.85
2026-04-20,2026-05-05,22800,PE,43.25,48.85,34.75,46.95,46.95,1671,57330,12415,24364.85
2026-04-20,2026-05-05,22700,PE,33.65,42.45,25.3,40.0,40.0,713,64935,15340,24364.85
2026-04-20,2026-05-05,22200,PE,18.45,20.45,16.0,19.75,19.75,142,13065,1430,24364.85
2026-04-20,2026-05-05,22000,PE,13.05,16.8,12.05,15.15,15.15,4420,215345,32305,24364.85
2026-04-20,2026-05-05,21300,PE,8.55,9.75,8.55,9.5,9.5,8,2405,260,24364.85
2026-04-20,2026-04-28,27150,PE,0.0,0.0,0.0,3220.8,2750.7,0,390,0,24364.85
2026-04-20,2026-04-28,25950,PE,1490.0,1490.0,1470.0,1470.0,1554.1,3,3900,-195,24364.85
2026-04-20,2026-04-28,25850,PE,0.0,0.0,0.0,1556.0,1455.25,0,2535,0,24364.85
2026-04-20,2026-04-28,25350,PE,1003.65,1010.0,922.6,922.6,972.9,4,4355,0,24364.85
2026-04-20,2026-04-28,25050,PE,733.4,793.35,637.75,695.3,695.3,78,4615,-325,24364.85
2026-04-20,2026-04-28,24550,PE,369.0,424.8,309.35,398.15,398.15,5809,54730,4940,24364.85
2026-04-20,2026-04-28,24150,PE,180.0,231.35,159.45,216.4,216.4,18496,275080,62595,24364.85
2026-04-20,2026-04-28,22950,PE,23.35,27.1,18.25,24.65,24.65,11092,288795,89765,24364.85
2026-04-20,2026-04-28,21950,PE,4.65,7.15,4.65,6.45,6.45,3895,134875,46800,24364.85
2026-04-20,2026-04-28,21600,PE,4.0,5.35,3.5,4.75,4.75,7499,241280,-390,24364.85
2026-04-20,2026-04-28,21050,PE,2.25,3.7,2.25,3.25,3.25,109,3510,390,24364.85
2026-04-20,2026-04-28,20250,PE,1.4,2.25,1.05,1.95,1.95,38,6630,130,24364.85
2026-04-20,2026-04-28,20150,PE,1.5,2.05,1.0,1.7,1.7,101,16185,1235,24364.85
2026-04-20,2026-04-21,25800,PE,1390.45,1390.45,1360.0,1360.0,1431.05,3,1040,-65,24364.85
2026-04-20,2026-04-21,24700,PE,336.85,464.1,265.0,378.1,378.1,135969,251355,-31005,24364.85
2026-04-20,2026-04-21,24500,PE,205.0,295.0,140.0,220.45,220.45,2050262,1730170,142805,24364.85
2026-04-20,2026-04-21,24300,PE,121.0,162.9,65.85,117.15,117.15,5640645,5726500,1308125,24364.85
2026-04-20,2026-04-21,24050,PE,59.45,66.55,24.65,44.9,44.9,1276123,1849510,494845,24364.85
2026-04-20,2026-04-21,23900,PE,24.35,37.65,14.2,23.2,23.2,1542467,3620110,-151190,24364.85
2026-04-20,2026-04-21,23600,PE,14.05,14.8,4.95,6.5,6.5,886601,3821480,520780,24364.85
2026-04-20,2026-04-21,22550,PE,1.05,1.35,0.75,0.95,0.95,27776,260910,-133120,24364.85
2026-04-20,2026-04-21,22150,PE,0.8,0.95,0.6,0.65,0.65,20933,179010,-282490,24364.85
2026-04-20,2026-04-21,21900,PE,0.95,0.95,0.55,0.7,0.7,16512,241930,-233350,24364.85
2026-04-20,2026-04-21,21850,PE,0.85,0.9,0.55,0.7,0.7,9453,101075,-46085,24364.85
2026-04-20,2026-04-21,20350,PE,0.65,0.75,0.25,0.35,0.35,2878,56095,-1040,24364.85
2026-04-20,2030-12-31,25500,CE,0.0,0.0,0.0,7639.65,6587.65,0,0,0,24364.85
2026-04-20,2029-12-24,33000,CE,0.0,0.0,0.0,3816.05,2519.7,0,0,0,24364.85
2026-04-20,2029-12-24,31500,CE,0.0,0.0,0.0,3429.3,2965.95,0,0,0,24364.85
2026-04-20,2029-06-26,24000,CE,0.0,0.0,0.0,8085.35,5681.4,0,0,0,24364.85
2026-04-20,2029-06-26,16500,CE,0.0,0.0,0.0,12587.95,10893.4,0,0,0,24364.85
2026-04-20,2028-12-26,25500,CE,0.0,0.0,0.0,5309.05,4247.3,0,0,0,24364.85
2026-04-20,2028-06-27,24000,CE,0.0,0.0,0.0,3918.85,4430.3,0,0,0,24364.85
2026-04-20,2028-06-27,15000,CE,0.0,0.0,0.0,8633.05,11284.3,0,0,0,24364.85
2026-04-20,2027-03-30,27000,CE,0.0,0.0,0.0,565.3,1196.65,0,0,0,24364.85
2026-04-20,2026-12-29,28500,CE,148.95,182.55,148.95,169.2,169.2,112,30160,585,24364.85
2026-04-20,2026-09-29,22500,CE,2700.0,2856.05,2691.4,2754.55,2754.55,23,16510,-260,24364.85
2026-04-20,2026-09-29,21000,CE,0.0,0.0,0.0,4967.05,4011.1,0,0,0,24364.85
2026-04-20,2026-09-29,16500,CE,0.0,0.0,0.0,10168.85,8313.55,0,0,0,24364.85
2026-04-20,2026-06-30,31500,CE,3.1,3.1,3.1,3.1,0.45,5,7865,0,24364.85
2026-04-20,2026-06-30,25600,CE,222.2,279.0,222.0,249.8,249.8,259,15730,910,24364.85
2026-04-20,2026-06-30,25300,CE,349.95,394.95,331.95,353.3,353.3,263,19045,1625,24364.85
2026-04-20,2026-06-30,25200,CE,366.0,432.0,359.45,383.85,383.85,188,17030,1170,24364.85
2026-04-20,2026-06-30,25050,CE,414.3,501.0,414.25,447.1,447.1,55,9490,-1430,24364.85
2026-04-20,2026-06-30,24400,CE,761.4,870.0,745.9,816.5,816.5,252,16575,3965,24364.85
2026-04-20,2026-06-30,24250,CE,838.4,972.0,835.1,871.75,871.75,60,7020,-1300,24364.85
2026-04-20,2026-06-30,23850,CE,1171.9,1178.8,1158.9,1168.85,1168.85,3,5785,65,24364.85
2026-04-20,2026-06-30,23750,CE,1223.4,1238.7,1223.4,1238.7,1273.5,2,1300,0,24364.85
2026-04-20,2026-06-30,22500,CE,2197.85,2357.8,2181.55,2267.35,2267.35,154,141765,-3055,24364.85
2026-04-20,2026-06-30,22350,CE,0.0,0.0,0.0,2446.9,2370.2,0,585,0,24364.85
2026-04-20,2026-06-30,22200,CE,0.0,0.0,0.0,1283.9,2503.4,0,520,0,24364.85
2026-04-20,2026-06-30,21800,CE,0.0,0.0,0.0,1444.7,2868.55,0,65,0,24364.85
2026-04-20,2026-06-30,20950,CE,0.0,0.0,0.0,1912.8,3677.45,0,0,0,24364.85
2026-04-20,2026-06-30,20750,CE,0.0,0.0,0.0,2077.7,3871.75,0,0,0,24364.85
2026-04-20,2026-06-30,20350,CE,0.0,0.0,0.0,2422.5,4262.85,0,0,0,24364.85
2026-04-20,2026-06-30,20200,CE,0.0,0.0,0.0,2556.2,4410.1,0,0,0,24364.85
2026-04-20,2026-05-26,27050,CE,8.7,9.85,7.2,8.6,8.6,66,3900,1300,24364.85
2026-04-20,2026-05-26,26950,CE,9.85,10.75,8.75,8.75,8.75,46,2925,0,24364.85
2026-04-20,2026-05-26,25200,CE,195.0,235.3,164.9,203.8,203.8,6300,170885,20800,24364.85
2026-04-20,2026-05-26,24250,CE,651.0,733.4,591.25,663.9,663.9,356,9620,-2470,24364.85
2026-04-20,2026-05-26,23500,CE,1176.3,1291.0,1107.35,1185.4,1185.4,685,424255,-3445,24364.85
2026-04-20,2026-05-26,23450,CE,0.0,0.0,0.0,1164.8,1214.45,0,1820,0,24364.85
2026-04-20,2026-05-26,23250,CE,1308.6,1308.6,1308.6,1308.6,1374.25,1,1755,-65,24364.85
2026-04-20,2026-05-26,22250,CE,0.0,0.0,0.0,2000.0,2271.05,0,325,0,24364.85
2026-04-20,2026-05-26,22200,CE,2324.65,2350.0,2300.0,2300.0,2300.0,3,2795,0,24364.85
2026-04-20,2026-05-26,21950,CE,0.0,0.0,0.0,1636.6,2559.55,0,260,0,24364.85
2026-04-20,2026-05-26,21200,CE,0.0,0.0,0.0,2014.65,3295.95,0,260,0,24364.85
2026-04-20,2026-05-26,21000,CE,3475.0,3581.0,3400.0,3477.45,3477.45,247,54080,10010,24364.85
2026-04-20,2026-05-26,20600,CE,0.0,0.0,0.0,2575.8,3890.9,0,65,0,24364.85
2026-04-20,2026-05-26,20550,CE,0.0,0.0,0.0,2617.9,3940.6,0,65,0,24364.85
2026-04-20,2026-05-26,20350,CE,0.0,0.0,0.0,2328.65,4139.25,0,65,0,24364.85
2026-04-20,2026-05-19,25750,CE,0.0,0.0,0.0,59.6,98.35,0,0,0,24364.85
2026-04-20,2026-05-19,25350,CE,0.0,0.0,0.0,105.95,172.85,0,0,0,24364.85
2026-04-20,2026-05-19,25300,CE,135.2,165.0,134.0,138.95,138.95,32,975,650,24364.85
2026-04-20,2026-05-19,25200,CE,0.0,0.0,0.0,156.45,210.05,0,65,0,24364.85
2026-04-20,2026-05-19,24850,CE,255.7,319.5,255.7,302.0,321.15,79,2210,455,24364.85
2026-04-20,2026-05-19,24050,CE,0.0,0.0,0.0,481.6,719.05,0,0,0,24364.85
2026-04-20,2026-05-19,23500,CE,1191.9,1254.05,1143.35,1184.55,1184.55,17,1040,910,24364.85
2026-04-20,2026-05-19,23100,CE,0.0,0.0,0.0,1058.6,1440.9,0,0,0,24364.85
2026-04-20,2026-05-19,22450,CE,0.0,0.0,0.0,1586.55,2036.9,0,0,0,24364.85
2026-04-20,2026-05-19,22300,CE,0.0,0.0,0.0,1719.75,2180.7,0,0,0,24364.85
2026-04-20,2026-05-19,22100,CE,0.0,0.0,0.0,1902.15,2374.65,0,0,0,24364.85
2026-04-20,2026-05-12,25900,CE,21.95,29.4,20.35,25.95,25.95,170,4420,2405,24364.85
2026-04-20,2026-05-12,25550,CE,56.95,67.7,56.1,59.05,59.05,60,1430,1430,24364.85
2026-04-20,2026-05-12,25350,CE,81.2,102.85,80.0,91.9,91.9,85,1755,1105,24364.85
2026-04-20,2026-05-12,24600,CE,313.75,394.35,284.95,336.6,336.6,307,12090,3705,24364.85
2026-04-20,2026-05-12,24550,CE,336.0,423.4,336.0,359.0,359.0,63,3120,2795,24364.85
2026-04-20,2026-05-12,24250,CE,511.6,580.7,440.0,534.15,534.15,39,2795,975,24364.85
2026-04-20,2026-05-12,23750,CE,0.0,0.0,0.0,282.35,853.1,0,0,0,24364.85
2026-04-20,2026-05-12,22900,CE,0.0,0.0,0.0,680.35,1573.3,0,0,0,24364.85
2026-04-20,2026-05-12,22400,CE,0.0,0.0,0.0,1021.6,2050.85,0,0,0,24364.85
2026-04-20,2026-05-12,21900,CE,0.0,0.0,0.0,1428.35,2542.95,0,0,0,24364.85
2026-04-20,2026-05-12,21600,CE,0.0,0.0,0.0,1695.65,2840.85,0,0,0,24364.85
2026-04-20,2026-05-12,21350,CE,0.0,0.0,0.0,1927.7,3089.6,0,0,0,24364.85
2026-04-20,2026-05-12,21250,CE,0.0,0.0,0.0,2022.35,3189.15,0,0,0,24364.85
2026-04-20,2026-05-12,21200,CE,0.0,0.0,0.0,2069.95,3238.95,0,0,0,24364.85
2026-04-20,2026-05-05,25900,CE,11.0,14.65,7.2,9.1,9.1,14491,457730,443170,24364.85
2026-04-20,2026-05-05,25100,CE,85.5,118.2,68.3,97.0,97.0,4552,74555,42835,24364.85
2026-04-20,2026-05-05,24450,CE,329.95,398.45,275.0,333.9,333.9,1796,30550,12675,24364.85
2026-04-20,2026-05-05,23850,CE,684.6,800.0,662.55,682.55,682.55,38,10725,-130,24364.85
2026-04-20,2026-05-05,23600,CE,901.0,970.35,885.5,885.5,885.5,9,7540,325,24364.85
2026-04-20,2026-05-05,22250,CE,0.0,0.0,0.0,1891.55,2169.0,0,1625,0,24364.85
2026-04-20,2026-05-05,22000,CE,0.0,0.0,0.0,2207.2,2417.65,0,1625,0,24364.85
2026-04-20,2026-05-05,21200,CE,0.0,0.0,0.0,1917.7,3215.35,0,0,0,24364.85
2026-04-20,2026-04-28,27500,CE,0.9,0.9,0.6,0.65,0.65,3041,423475,-69745,24364.85
2026-04-20,2026-04-28,27450,CE,0.45,0.65,0.45,0.65,0.65,122,12805,-3575,24364.85
2026-04-20,2026-04-28,25150,CE,25.05,45.45,21.35,35.3,35.3,24518,227045,134875,24364.85
2026-04-20,2026-04-28,24800,CE,103.9,136.35,71.15,103.65,103.65,137828,1749930,413335,24364.85
2026-04-20,2026-04-28,24200,CE,399.0,460.5,312.55,370.95,370.95,54709,1203280,-180765,24364.85
2026-04-20,2026-04-28,23750,CE,646.8,794.6,645.2,713.55,713.55,230,41665,-2015,24364.85
2026-04-20,2026-04-28,22750,CE,1661.0,1709.15,1610.0,1642.65,1642.65,21,130975,-910,24364.85
2026-04-20,2026-04-28,22700,CE,1572.4,1780.0,1572.4,1675.25,1675.25,94,367900,-975,24364.85
2026-04-20,2026-04-28,22650,CE,1802.35,1811.75,1735.0,1737.15,1744.05,8,64740,0,24364.85
2026-04-20,2026-04-28,22050,CE,0.0,0.0,0.0,2203.9,2342.9,0,10010,0,24364.85
2026-04-20,2026-04-28,21250,CE,0.0,0.0,0.0,2000.3,3141.85,0,260,0,24364.85
2026-04-20,2026-04-21,26250,CE,0.55,0.6,0.2,0.4,0.4,12029,109915,-26260,24364.85
2026-04-20,2026-04-21,25550,CE,1.2,1.2,0.55,0.75,0.75,91958,460135,-424905,24364.85
2026-04-20,2026-04-21,25050,CE,5.0,6.95,2.05,3.95,3.95,1057038,4468295,443885,24364.85
2026-04-20,2026-04-21,24950,CE,9.7,11.55,3.55,5.95,5.95,1053941,2434445,872170,24364.85
2026-04-20,2026-04-21,24900,CE,10.0,15.1,4.7,7.45,7.45,1862988,4456985,1271465,24364.85
2026-04-20,2026-04-21,24250,CE,232.15,287.2,134.05,187.05,187.05,800685,684515,-469755,24364.85
2026-04-20,2026-04-21,23950,CE,412.65,548.0,339.85,425.1,425.1,8398,125645,-25285,24364.85
2026-04-20,2026-04-21,22950,CE,1363.0,1493.75,1340.05,1350.2,1350.2,45,6435,-195,24364.85
2026-04-20,2026-04-21,22900,CE,1470.0,1560.0,1384.7,1426.5,1426.5,93,29120,-3640,24364.85
2026-04-20,2026-04-21,21100,CE,3260.0,3260.0,3260.0,3260.0,3268.2,2,65,-65,24364.85
2026-04-20,2026-04-21,21000,CE,0.0,0.0,0.0,2882.55,3368.2,0,520,0,24364.85
2026-04-20,2026-04-21,20650,CE,0.0,0.0,0.0,3070.15,3718.15,0,0,0,24364.85
2026-04-20,2026-04-21,20150,CE,0.0,0.0,0.0,3566.4,4218.05,0,0,0,24364.85
2026-04-20,2030-06-25,28500,PE,0.0,0.0,0.0,1167.6,2239.6,0,0,0,24364.85
2026-04-20,2030-06-25,21000,PE,0.0,0.0,0.0,220.0,449.6,0,65,0,24364.85
2026-04-20,2029-12-24,28500,PE,0.0,0.0,0.0,1255.9,2368.85,0,0,0,24364.85
2026-04-20,2029-06-26,22500,PE,0.0,0.0,0.0,224.45,680.15,0,0,0,24364.85
2026-04-20,2029-06-26,16500,PE,0.0,0.0,0.0,8.1,66.45,0,0,0,24364.85
2026-04-20,2028-12-26,15000,PE,0.0,0.0,0.0,22.25,20.3,0,0,0,24364.85
2026-04-20,2028-06-27,31500,PE,0.0,0.0,0.0,2935.6,4526.15,0,0,0,24364.85
2026-04-20,2027-12-28,31500,PE,0.0,0.0,0.0,3240.0,4901.45,0,0,0,24364.85
2026-04-20,2027-12-28,30000,PE,0.0,0.0,0.0,4140.9,3887.7,0,0,0,24364.85
2026-04-20,2027-12-28,25000,PE,1072.0,1167.2,1072.0,1151.35,1151.35,15,12935,260,24364.85
2026-04-20,2027-06-29,34500,PE,0.0,0.0,0.0,5880.15,7857.75,0,0,0,24364.85
2026-04-20,2027-06-29,18000,PE,0.0,0.0,0.0,220.0,35.85,0,230,0,24364.85
2026-04-20,2027-06-29,15000,PE,0.0,0.0,0.0,1173.2,1.8,0,0,0,24364.85
2026-04-20,2026-05-26,26850,PE,0.0,0.0,0.0,3028.7,2350.2,0,195,0,24364.85
2026-04-20,2026-06-30,22900,PE,228.25,236.4,199.8,227.5,227.5,274,12090,585,24364.85
2026-04-20,2026-06-30,23050,PE,220.1,250.5,220.1,238.1,192.45,32,3055,-715,24364.85
2026-04-20,2026-06-30,23100,PE,239.95,267.05,223.5,259.05,259.05,192,8775,780,24364.85
2026-04-20,2026-06-30,23550,PE,344.15,353.0,305.0,352.05,352.05,20,5135,-455,24364.85
2026-04-20,2026-06-30,23650,PE,358.25,358.25,358.25,358.25,342.15,1,2405,-65,24364.85
2026-04-20,2026-06-30,23900,PE,410.0,440.0,380.0,438.2,438.2,163,17030,1495,24364.85
2026-04-20,2026-06-30,24800,PE,730.0,775.85,680.25,739.35,739.35,457,26650,20085,24364.85
2026-04-20,2026-06-30,25000,PE,829.9,870.05,765.55,847.6,847.6,2655,3546970,24090,24364.85
2026-04-20,2026-05-12,23500,PE,166.75,178.2,134.9,167.3,167.3,1055,37180,15210,24364.85
2026-04-20,2026-05-12,22800,PE,0.0,0.0,0.0,280.05,22.45,0,0,0,24364.85
2026-04-20,2026-05-12,22300,PE,0.0,0.0,0.0,138.85,5.9,0,0,0,24364.85
2026-04-20,2026-05-12,21500,PE,17.65,20.1,17.3,20.1,0.4,33,1235,1235,24364.85
2026-04-20,2026-05-12,21350,PE,16.75,16.75,16.75,16.75,0.25,5,325,325,24364.85
2026-04-20,2026-05-05,26200,PE,0.0,0.0,0.0,3077.2,1780.95,0,0,0,24364.85
2026-04-20,2026-05-05,26150,PE,0.0,0.0,0.0,3028.15,1732.3,0,0,0,24364.85
2026-04-20,2026-05-05,26050,PE,0.0,0.0,0.0,2930.2,1635.55,0,0,0,24364.85
2026-04-20,2026-05-05,25950,PE,0.0,0.0,0.0,2832.5,1539.55,0,0,0,24364.85
2026-04-20,2026-05-05,23800,PE,164.95,192.75,142.15,182.75,182.75,2991,52650,1560,24364.85
2026-04-20,2026-05-05,23400,PE,104.85,113.6,80.15,108.05,108.05,2181,62335,25610,24364.85
2026-04-20,2026-05-05,21450,PE,8.1,8.1,7.55,7.55,0.05,8,390,-520,24364.85
2026-04-20,2026-05-05,21400,PE,6.55,8.25,6.55,8.25,8.25,39,2340,1105,24364.85
2026-04-20,2026-06-30,25050,PE,0.0,0.0,0.0,868.35,965.25,0,455,0,24364.85
2026-04-20,2026-06-30,25300,PE,1018.0,1018.0,930.0,996.0,1118.35,16,2925,520,24364.85
2026-04-20,2026-06-30,25800,PE,0.0,0.0,0.0,3063.95,1459.05,0,0,0,24364.85
2026-04-20,2026-06-30,26550,PE,0.0,0.0,0.0,3768.5,2044.35,0,0,0,24364.85
2026-04-20,2026-09-29,25000,PE,905.0,919.7,838.0,907.1,907.1,241,266855,0,24364.85
2026-04-20,2026-05-05,21000,PE,7.8,7.8,4.5,7.0,7.0,2880,267540,72865,24364.85
2026-04-20,2026-04-28,27500,PE,3105.0,3191.35,3030.0,3159.75,3159.75,158,320450,-1560,24364.85
2026-04-20,2026-04-28,27450,PE,0.0,0.0,0.0,3304.75,3050.3,0,65,0,24364.85
2026-04-20,2026-04-28,26500,PE,2210.0,2226.25,2014.05,2138.5,2138.5,405,420875,-11050,24364.85
2026-04-20,2026-04-28,25750,PE,0.0,0.0,0.0,1381.5,1356.9,0,1885,0,24364.85
2026-04-20,2026-04-28,25700,PE,1360.5,1413.75,1222.0,1364.0,1364.0,63,42640,-1560,24364.85
2026-04-20,2026-04-28,25650,PE,1190.0,1190.0,1190.0,1190.0,1259.25,16,7345,0,24364.85
2026-04-20,2026-04-28,24200,PE,190.0,250.05,174.0,236.95,236.95,100046,2000765,-92430,24364.85
2026-04-20,2026-04-28,24050,PE,155.0,196.95,134.5,184.0,184.0,11654,151320,43615,24364.85
2026-04-20,2026-04-28,22850,PE,18.0,22.4,15.25,20.65,20.65,4322,409175,20540,24364.85
2026-04-20,2026-04-28,22400,PE,9.5,10.95,7.4,9.75,9.75,23259,1169415,189605,24364.85
2026-04-20,2026-04-28,22350,PE,5.1,10.35,5.1,9.65,9.65,3536,114465,37115,24364.85
2026-04-20,2026-04-28,22200,PE,6.45,8.95,5.25,8.0,8.0,21557,647790,8125,24364.85
2026-04-20,2026-04-28,20850,PE,2.4,3.0,2.3,2.5,2.5,25,2145,-390,24364.85
2026-04-20,2026-04-28,20350,PE,2.35,2.65,1.2,2.25,2.25,412,25350,15145,24364.85
2026-04-20,2026-04-21,26550,PE,0.0,0.0,0.0,2794.1,2180.95,0,0,0,24364.85
2026-04-20,2026-04-21,26350,PE,0.0,0.0,0.0,2597.4,1981.0,0,0,0,24364.85
2026-04-20,2026-04-21,26150,PE,0.0,0.0,0.0,2401.8,1781.0,0,0,0,24364.85
2026-04-20,2026-04-21,25900,PE,1450.0,1478.85,1440.0,1478.8,1478.8,6,390,0,24364.85
2026-04-20,2026-04-21,24950,PE,617.85,666.5,478.95,602.95,602.95,2041,9360,3185,24364.85
2026-04-20,2026-04-21,22850,PE,1.95,1.95,0.9,1.15,1.15,83947,621400,-213655,24364.85
2026-04-20,2026-04-21,22300,PE,0.75,1.05,0.55,0.75,0.75,43908,406185,-240435,24364.85
2026-04-20,2026-04-21,21550,PE,0.7,0.8,0.45,0.6,0.6,7032,75335,-22880,24364.85
2026-04-20,2026-04-21,21150,PE,0.6,0.75,0.35,0.5,0.5,1585,59410,3120,24364.85
2026-04-20,2026-04-21,20900,PE,0.7,0.75,0.25,0.4,0.4,5506,115505,-20605,24364.85
2026-04-20,2026-04-21,20800,PE,0.6,0.85,0.35,0.45,0.45,9841,213590,-77805,24364.85
2026-04-20,2026-04-21,20500,PE,0.3,0.55,0.25,0.35,0.35,44676,445185,-1174615,24364.85
2026-04-20,2026-04-21,20200,PE,0.65,0.75,0.25,0.35,0.35,6868,169585,-13975,24364.85
2026-04-20,2030-12-31,28500,CE,0.0,0.0,0.0,5968.3,5195.05,0,0,0,24364.85
2026-04-20,2030-12-31,22500,CE,0.0,0.0,0.0,9536.95,8225.5,0,0,0,24364.85
2026-04-20,2029-12-24,30000,CE,3350.0,3350.0,3350.0,3350.0,3477.4,1,8015,65,24364.85
2026-04-20,2029-12-24,27000,CE,0.0,0.0,0.0,6201.65,4715.2,0,0,0,24364.85
2026-04-20,2029-12-24,25500,CE,0.0,0.0,0.0,6500.6,5449.1,0,0,0,24364.85
2026-04-20,2029-12-24,21000,CE,0.0,0.0,0.0,9463.95,8101.55,0,0,0,24364.85
2026-04-20,2028-12-26,27000,CE,0.0,0.0,0.0,4437.95,3523.1,0,0,0,24364.85
2026-04-20,2028-12-26,22500,CE,0.0,0.0,0.0,7382.9,5992.9,0,0,0,24364.85
2026-04-20,2028-12-26,19500,CE,0.0,0.0,0.0,9716.4,8094.9,0,0,0,24364.85
2026-04-20,2028-06-27,19500,CE,0.0,0.0,0.0,9209.1,7544.6,0,0,0,24364.85
2026-04-20,2027-12-28,27000,CE,1837.15,2399.15,1837.15,1898.0,1898.0,23,15690,845,24364.85
2026-04-20,2027-06-29,25500,CE,0.0,0.0,0.0,3312.45,2194.55,0,0,0,24364.85
2026-04-20,2026-12-29,25500,CE,1084.5,1208.65,1082.55,1153.9,1153.9,1139,270790,-3120,24364.85
2026-04-20,2026-12-29,23000,CE,2786.95,2895.0,2750.0,2804.65,2804.65,385,176275,9815,24364.85
2026-04-20,2026-09-29,28500,CE,60.0,72.0,55.1,64.75,64.75,749,156065,10985,24364.85
2026-04-20,2026-06-30,29000,CE,8.4,9.45,8.15,8.65,8.65,1113,369380,-23920,24364.85
2026-04-20,2026-06-30,26000,CE,148.0,170.0,128.95,152.55,152.55,14136,2835185,50290,24364.85
2026-04-20,2026-06-30,24600,CE,646.75,750.0,646.75,677.7,677.7,279,27950,-2405,24364.85
2026-04-20,2026-06-30,24550,CE,690.75,771.4,680.05,710.05,710.05,29,4940,975,24364.85
2026-04-20,2026-06-30,24300,CE,860.35,931.45,809.3,857.15,857.15,318,15925,780,24364.85
2026-04-20,2026-06-30,21450,CE,0.0,0.0,0.0,1705.55,3197.4,0,65,0,24364.85
2026-04-20,2026-06-30,16500,CE,0.0,0.0,0.0,9929.2,8063.0,0,0,0,24364.85
2026-04-20,2026-05-26,27250,CE,6.9,7.5,5.25,6.1,6.1,311,35555,6240,24364.85
2026-04-20,2026-05-26,26900,CE,9.25,10.9,8.35,10.05,10.05,106,7215,-650,24364.85
2026-04-20,2026-05-26,26450,CE,0.0,0.0,0.0,24.05,53.65,0,2275,0,24364.85
2026-04-20,2026-05-26,26400,CE,16.25,24.05,16.25,22.1,22.1,985,40885,18850,24364.85
2026-04-20,2026-05-26,25700,CE,74.0,98.95,67.45,87.95,87.95,2997,75725,19500,24364.85
2026-04-20,2026-05-26,25400,CE,131.4,170.2,116.55,147.65,147.65,3905,176345,10595,24364.85
2026-04-20,2026-05-26,23850,CE,860.8,1002.8,860.8,943.2,943.2,237,23920,-7865,24364.85
2026-04-20,2026-05-26,23600,CE,1065.4,1207.7,1040.0,1135.0,1101.45,54,21060,-390,24364.85
2026-04-20,2026-05-26,21600,CE,0.0,0.0,0.0,1911.2,2901.45,0,195,0,24364.85
2026-04-20,2026-05-26,21350,CE,0.0,0.0,0.0,1859.75,3147.7,0,325,0,24364.85
2026-04-20,2026-05-26,21100,CE,0.0,0.0,0.0,2049.6,3394.95,0,260,0,24364.85
2026-04-20,2026-05-26,20800,CE,0.0,0.0,0.0,2671.55,3692.4,0,65,0,24364.85
2026-04-20,2026-05-19,26500,CE,16.95,16.95,12.3,13.8,13.8,51,1755,1755,24364.85
2026-04-20,2026-05-19,26300,CE,0.0,0.0,0.0,24.8,40.9,0,0,0,24364.85
2026-04-20,2026-05-19,25950,CE,0.0,0.0,0.0,43.8,72.5,0,0,0,24364.85
2026-04-20,2026-05-19,25850,CE,0.0,0.0,0.0,51.2,84.6,0,0,0,24364.85
2026-04-20,2026-05-19,25450,CE,0.0,0.0,0.0,92.2,151.0,0,0,0,24364.85
2026-04-20,2026-05-19,24600,CE,349.6,458.0,346.7,403.8,403.8,103,1950,520,24364.85
2026-04-20,2026-05-19,24100,CE,637.95,780.0,630.2,723.95,688.1,60,1105,195,24364.85
2026-04-20,2026-05-19,23900,CE,792.2,881.15,792.2,812.2,812.2,7,780,195,24364.85
2026-04-20,2026-05-19,22750,CE,0.0,0.0,0.0,1331.55,1755.25,0,0,0,24364.85
2026-04-20,2026-05-12,26300,CE,7.55,12.9,7.55,10.45,10.45,63,2470,585,24364.85
2026-04-20,2026-05-12,24300,CE,457.45,575.0,455.15,492.45,492.45,690,21710,1365,24364.85
2026-04-20,2026-05-12,23350,CE,0.0,0.0,0.0,440.65,1171.35,0,0,0,24364.85
2026-04-20,2026-05-12,22950,CE,0.0,0.0,0.0,650.5,1526.95,0,0,0,24364.85
2026-04-20,2026-05-12,22350,CE,0.0,0.0,0.0,1059.6,2099.65,0,0,0,24364.85
2026-04-20,2026-05-12,21800,CE,0.0,0.0,0.0,1515.85,2642.15,0,0,0,24364.85
2026-04-20,2026-05-12,21700,CE,0.0,0.0,0.0,1605.0,2741.45,0,0,0,24364.85
2026-04-20,2026-05-05,26000,CE,8.15,10.7,5.25,7.45,7.45,16166,442260,212160,24364.85
2026-04-20,2026-05-05,24200,CE,441.1,555.6,409.4,469.45,469.45,3472,141375,43940,24364.85
2026-04-20,2026-05-05,24100,CE,560.2,620.0,467.5,531.05,531.05,602,103805,-520,24364.85
2026-04-20,2026-05-05,22050,CE,0.0,0.0,0.0,1180.2,2367.85,0,0,0,24364.85
2026-04-20,2026-05-05,21250,CE,0.0,0.0,0.0,1871.35,3165.45,0,0,0,24364.85
2026-04-20,2026-05-05,20800,CE,0.0,0.0,0.0,2296.6,3614.4,0,0,0,24364.85
2026-04-20,2026-05-05,20550,CE,0.0,0.0,0.0,2538.65,3863.8,0,0,0,24364.85
2026-04-20,2026-05-05,20200,CE,0.0,0.0,0.0,2881.5,4212.95,0,0,0,24364.85
2026-04-20,2026-04-28,27700,CE,0.7,0.8,0.6,0.7,0.7,4138,498290,-51025,24364.85
2026-04-20,2026-04-28,27050,CE,1.0,1.0,0.6,0.75,0.75,782,31005,130,24364.85
2026-04-20,2026-04-28,27000,CE,0.8,0.85,0.75,0.85,0.85,10678,1271920,-202280,24364.85
2026-04-20,2026-04-28,26800,CE,0.95,0.95,0.7,0.8,0.8,2118,138580,13715,24364.85
2026-04-20,2026-04-28,26700,CE,0.9,1.15,0.7,0.85,0.85,1134,145080,-20345,24364.85
2026-04-20,2026-04-28,26650,CE,1.1,1.2,0.8,0.95,0.95,235,29770,520,24364.85
2026-04-20,2026-04-28,25750,CE,3.65,5.05,3.1,4.8,4.8,7877,206115,133835,24364.85
2026-04-20,2026-04-28,25550,CE,8.85,9.85,5.3,8.95,8.95,11186,151320,68380,24364.85
2026-04-20,2026-04-28,24600,CE,170.0,221.1,127.05,169.35,169.35,84158,1006590,82550,24364.85
2026-04-20,2026-04-28,24050,CE,446.4,563.0,406.9,465.6,465.6,876,59085,-6500,24364.85
2026-04-20,2026-04-28,21950,CE,0.0,0.0,0.0,1753.8,2442.75,0,1235,0,24364.85
2026-04-20,2026-04-28,21900,CE,2421.1,2535.65,2421.1,2535.0,2492.7,4,17550,-195,24364.85
2026-04-20,2026-04-28,21450,CE,2922.75,2922.75,2922.75,2922.75,2942.1,1,585,-65,24364.85
2026-04-20,2026-04-28,20800,CE,0.0,0.0,0.0,2180.0,3591.3,0,390,0,24364.85
2026-04-20,2026-04-21,25900,CE,0.4,0.75,0.35,0.5,0.5,83753,312650,-1286285,24364.85
2026-04-20,2026-04-21,25350,CE,1.35,1.6,0.75,1.0,1.0,204395,963430,136240,24364.85
2026-04-20,2026-04-21,22700,CE,1748.7,1788.9,1614.5,1656.6,1656.6,67,29900,-520,24364.85
2026-04-20,2026-04-21,22550,CE,1904.5,1904.5,1901.55,1901.55,1901.55,2,650,65,24364.85
2026-04-20,2026-04-21,22400,CE,1924.6,2076.8,1900.0,1972.95,1972.95,49,14690,-1495,24364.85
2026-04-20,2026-04-21,22050,CE,0.0,0.0,0.0,2161.0,2318.35,0,650,0,24364.85
2026-04-20,2026-04-21,21150,CE,0.0,0.0,0.0,2575.4,3218.25,0,0,0,24364.85
2026-04-20,2026-04-21,20450,CE,0.0,0.0,0.0,3268.55,3918.1,0,0,0,24364.85
2026-04-20,2026-09-29,26000,PE,1385.0,1390.9,1279.3,1362.3,1362.3,181,409590,3510,24364.85
2026-04-20,2026-12-29,21000,PE,204.85,234.5,204.85,228.45,228.45,2002,441120,975,24364.85
2026-04-20,2026-12-29,29000,PE,3325.0,3388.05,3257.0,3373.5,3373.5,16,204085,0,24364.85
2026-04-20,2027-03-30,16500,PE,0.0,0.0,0.0,13.6,4.4,0,0,0,24364.85
2026-04-20,2027-12-28,20000,PE,330.0,368.0,330.0,368.0,205.6,2,5490,-65,24364.85
2026-04-20,2026-06-30,19000,PE,28.9,35.0,28.8,34.3,34.3,3241,919560,18655,24364.85
2026-04-20,2027-12-28,26000,PE,1400.65,1430.0,1388.25,1430.0,1723.75,6,18595,165,24364.85
2026-04-20,2028-06-27,19500,PE,0.0,0.0,0.0,40.05,201.2,0,0,0,24364.85
2026-04-20,2028-06-27,24000,PE,0.0,0.0,0.0,1692.75,1014.95,0,0,0,24364.85
2026-04-20,2028-06-27,33000,PE,0.0,0.0,0.0,3707.8,5514.2,0,0,0,24364.85
2026-04-20,2028-12-26,24000,PE,0.0,0.0,0.0,720.0,1018.15,0,3185,0,24364.85
2026-04-20,2029-06-26,25500,PE,0.0,0.0,0.0,624.25,1419.05,0,0,0,24364.85
2026-04-20,2029-06-26,30000,PE,0.0,0.0,0.0,2031.05,3172.75,0,0,0,24364.85
2026-04-20,2030-06-25,18000,PE,0.0,0.0,0.0,116.65,164.05,0,0,0,24364.85
2026-04-20,2030-12-31,30000,PE,0.0,0.0,0.0,1450.1,2630.75,0,0,0,24364.85
2026-04-20,2026-04-21,21700,PE,0.65,0.85,0.55,0.65,0.65,23455,271830,-288015,24364.85
2026-04-20,2026-05-26,23550,PE,236.05,241.55,200.6,229.65,229.65,192,10790,-585,24364.85
2026-04-20,2026-05-26,22650,PE,107.4,116.15,89.0,112.1,112.1,232,9685,1365,24364.85
2026-04-20,2026-05-26,22100,PE,0.0,0.0,0.0,8.2,14.85,0,0,0,24364.85
2026-04-20,2026-05-26,21700,PE,0.0,0.0,0.0,3.8,6.0,0,0,0,24364.85
2026-04-20,2026-05-26,21200,PE,0.0,0.0,0.0,1.35,1.65,0,0,0,24364.85
2026-04-20,2026-05-26,21050,PE,0.0,0.0,0.0,0.95,1.1,0,0,0,24364.85
2026-04-20,2026-05-26,20650,PE,22.3,26.45,22.3,23.65,0.35,24,2210,1365,24364.85
2026-04-20,2026-05-26,20150,PE,0.0,0.0,0.0,0.1,0.1,0,0,0,24364.85
2026-04-20,2026-05-19,26450,PE,0.0,0.0,0.0,2479.6,1995.1,0,0,0,24364.85
2026-04-20,2026-05-19,26300,PE,0.0,0.0,0.0,2336.0,1855.15,0,0,0,24364.85
2026-04-20,2026-05-19,24300,PE,428.2,444.65,365.0,438.2,438.2,57,1625,780,24364.85
2026-04-20,2026-05-19,24150,PE,339.15,360.0,339.15,349.05,349.05,4,455,-130,24364.85
2026-04-20,2026-05-19,23600,PE,215.8,225.9,185.3,224.9,224.9,20,1105,910,24364.85
2026-04-20,2026-05-19,23350,PE,162.45,165.3,154.6,154.6,107.3,3,195,195,24364.85
2026-04-20,2026-05-12,26200,PE,0.0,0.0,0.0,2921.8,1768.8,0,0,0,24364.85
2026-04-20,2026-05-26,24000,PE,275.0,366.0,275.0,353.1,353.1,23036,1314495,62530,24364.85
2026-04-20,2026-05-26,24050,PE,358.05,382.2,314.4,357.5,357.5,122,6955,1300,24364.85
2026-04-20,2026-05-26,24600,PE,589.95,600.05,499.25,567.55,567.55,1560,165620,6370,24364.85
2026-04-20,2026-05-26,25300,PE,989.0,1011.9,882.0,1005.4,1005.4,195,14365,2340,24364.85
2026-04-20,2026-05-26,25950,PE,0.0,0.0,0.0,1553.55,1534.95,0,130,0,24364.85
2026-04-20,2026-05-26,26450,PE,0.0,0.0,0.0,2706.35,1977.3,0,260,0,24364.85
2026-04-20,2026-05-05,23750,PE,146.2,178.8,132.65,174.8,174.8,399,24115,6370,24364.85
2026-04-20,2026-05-05,24650,PE,428.45,537.4,428.45,506.9,506.9,125,7345,7280,24364.85
2026-04-20,2026-05-05,25550,PE,0.0,0.0,0.0,1200.0,1167.55,0,65,0,24364.85
2026-04-20,2026-05-05,26000,PE,1661.95,1661.95,1309.75,1644.55,1644.55,170,5005,5005,24364.85
2026-04-20,2026-05-12,21200,PE,14.75,18.4,12.1,15.6,15.6,225,15145,10270,24364.85
2026-04-20,2026-05-12,21550,PE,19.9,20.1,19.9,20.1,0.5,10,325,325,24364.85
2026-04-20,2026-05-12,23050,PE,0.0,0.0,0.0,379.15,40.15,0,0,0,24364.85
2026-04-20,2026-05-12,23700,PE,198.0,222.35,168.55,219.9,219.9,90,3705,195,24364.85
2026-04-20,2026-05-19,22850,PE,0.0,0.0,0.0,130.85,43.7,0,0,0,24364.85
2026-04-20,2026-12-29,22000,PE,283.65,321.0,283.65,316.05,316.05,3136,666610,16055,24364.85
2026-04-20,2026-12-29,22500,PE,381.25,388.2,350.0,381.3,381.3,1177,412295,-20670,24364.85
2026-04-20,2026-12-29,27000,PE,1922.0,1922.0,1780.0,1869.3,1869.3,334,621305,3330,24364.85
2026-04-20,2027-06-29,24000,PE,0.0,0.0,0.0,5056.2,929.3,0,0,0,24364.85
2026-04-20,2027-06-29,27000,PE,0.0,0.0,0.0,6273.45,2261.0,0,0,0,24364.85
2026-04-20,2027-06-29,33000,PE,0.0,0.0,0.0,4691.7,6576.0,0,0,0,24364.85
2026-04-20,2027-12-28,18000,PE,0.0,0.0,0.0,240.85,66.7,0,11550,0,24364.85
2026-04-20,2028-12-26,23000,PE,0.0,0.0,0.0,362.05,775.75,0,375,0,24364.85
2026-04-20,2029-06-26,15000,PE,0.0,0.0,0.0,30.9,27.8,0,0,0,24364.85
2026-04-20,2029-06-26,34500,PE,0.0,0.0,0.0,3889.3,5611.75,0,0,0,24364.85
2026-04-20,2029-12-24,30000,PE,0.0,0.0,0.0,1953.5,2980.45,0,0,0,24364.85
2026-04-20,2030-12-31,19500,PE,0.0,0.0,0.0,67.4,288.35,0,0,0,24364.85
2026-04-20,2026-09-29,33000,PE,0.0,0.0,0.0,6552.15,7748.1,0,0,0,24364.85
2026-04-20,2026-09-29,24000,PE,581.5,586.95,523.35,578.25,578.25,1237,505250,-3380,24364.85
2026-04-20,2026-06-30,31500,PE,0.0,0.0,0.0,4679.25,6757.4,0,0,0,24364.85
2026-04-20,2026-06-30,25950,PE,0.0,0.0,0.0,3202.9,1570.7,0,0,0,24364.85
2026-04-20,2026-06-30,25600,PE,1175.1,1184.2,1111.95,1171.2,1317.55,29,780,780,24364.85
2026-04-20,2026-06-30,24950,PE,794.0,815.55,794.0,815.55,815.55,2,715,65,24364.85
2026-04-20,2026-06-30,23600,PE,331.0,363.0,314.0,362.05,362.05,186,13780,845,24364.85
2026-04-20,2026-06-30,23350,PE,306.3,307.55,266.9,296.7,259.6,51,4030,715,24364.85
2026-04-20,2026-06-30,23250,PE,287.2,290.95,250.85,285.65,285.65,122,6695,1300,24364.85
2026-04-20,2026-06-30,21750,PE,0.0,0.0,0.0,344.5,39.1,0,0,0,24364.85
2026-04-20,2026-06-30,21700,PE,0.0,0.0,0.0,329.4,36.35,0,0,0,24364.85
2026-04-20,2026-06-30,20500,PE,0.0,0.0,0.0,92.45,4.85,0,0,0,24364.85
2026-04-20,2026-05-26,26150,PE,0.0,0.0,0.0,1669.0,1708.0,0,260,0,24364.85
2026-04-20,2026-05-26,25350,PE,944.0,953.8,922.75,953.8,1057.4,7,1365,325,24364.85
2026-04-20,2026-05-26,23850,PE,314.1,318.85,264.2,306.8,306.8,702,20865,-8970,24364.85
2026-04-20,2026-05-26,23800,PE,252.0,309.85,252.0,302.05,302.05,3478,180960,9360,24364.85
2026-04-20,2026-05-26,23200,PE,158.4,185.55,147.8,179.5,179.5,4253,127920,12870,24364.85
2026-04-20,2026-05-26,23000,PE,130.0,155.95,122.2,149.3,149.3,31701,1638975,79365,24364.85
2026-04-20,2026-05-26,22600,PE,86.8,112.75,84.35,106.95,106.95,2009,46280,-13390,24364.85
2026-04-20,2026-05-26,22500,PE,77.0,104.95,76.9,98.25,98.25,40727,1113190,-212550,24364.85
2026-04-20,2026-05-05,24450,PE,422.05,434.95,334.0,416.05,416.05,1226,16640,7800,24364.85
2026-04-20,2026-05-26,22450,PE,97.55,97.55,74.05,96.85,96.85,72,3575,585,24364.85
2026-04-20,2026-05-26,22350,PE,86.7,90.55,68.7,88.4,88.4,124,13065,-260,24364.85
2026-04-20,2026-05-26,21750,PE,0.0,0.0,0.0,4.2,6.75,0,0,0,24364.85
2026-04-20,2026-05-19,26350,PE,0.0,0.0,0.0,2383.75,1901.55,0,0,0,24364.85
2026-04-20,2026-05-19,24850,PE,0.0,0.0,0.0,1072.25,692.05,0,0,0,24364.85
2026-04-20,2026-05-19,24600,PE,0.0,0.0,0.0,891.35,545.2,0,0,0,24364.85
2026-04-20,2026-05-19,24550,PE,0.0,0.0,0.0,857.3,518.25,0,0,0,24364.85
2026-04-20,2026-05-19,24200,PE,360.1,399.5,324.65,390.3,390.3,108,5525,130,24364.85
2026-04-20,2026-05-19,23900,PE,267.25,306.55,250.65,306.55,306.55,18,845,325,24364.85
2026-04-20,2026-04-21,21500,CE,2880.0,2930.0,2880.0,2881.15,2868.3,5,1105,0,24364.85
2026-04-20,2026-04-21,21850,CE,0.0,0.0,0.0,2379.65,2518.35,0,390,0,24364.85
2026-04-20,2026-04-21,22150,CE,0.0,0.0,0.0,2161.1,2218.4,0,390,0,24364.85
2026-04-20,2026-04-21,22450,CE,1879.2,1958.05,1821.3,1958.05,1918.45,3,845,0,24364.85
2026-04-20,2026-04-21,23150,CE,1198.0,1295.05,1188.8,1225.0,1225.0,74,7930,-780,24364.85
2026-04-20,2026-04-21,23200,CE,1151.0,1273.2,1050.0,1123.0,1123.0,522,59995,-13910,24364.85
2026-04-20,2026-04-21,23600,CE,770.0,885.45,666.7,736.8,736.8,2344,165620,-27560,24364.85
2026-04-20,2026-04-21,23700,CE,663.2,789.6,566.0,639.1,639.1,4346,289120,-24245,24364.85
2026-04-20,2026-04-21,23800,CE,581.0,692.8,473.3,549.45,549.45,18050,431210,-232700,24364.85
2026-04-20,2026-04-21,26400,CE,0.3,0.55,0.2,0.25,0.25,29264,231660,-260845,24364.85
2026-04-20,2026-04-28,20400,CE,0.0,0.0,0.0,2428.7,3990.8,0,65,0,24364.85
2026-04-20,2026-04-28,20600,CE,0.0,0.0,0.0,2033.15,3791.05,0,260,0,24364.85
2026-04-20,2026-04-28,20850,CE,0.0,0.0,0.0,2136.2,3541.35,0,390,0,24364.85
2026-04-20,2026-04-28,21850,CE,0.0,0.0,0.0,2160.45,2542.65,0,2405,0,24364.85
2026-04-20,2026-04-28,22400,CE,1937.0,2090.0,1926.0,1974.5,1974.5,110,343395,-5135,24364.85
2026-04-20,2026-04-28,22500,CE,1801.05,1986.0,1785.0,1832.25,1832.25,1455,1328275,-34645,24364.85
2026-04-20,2026-04-28,22600,CE,1732.3,1887.25,1701.2,1729.1,1729.1,234,157300,-7540,24364.85
2026-04-20,2026-04-28,22950,CE,1485.0,1488.0,1377.6,1382.55,1382.55,46,35945,-780,24364.85
2026-04-20,2026-04-28,24350,CE,300.3,360.95,231.4,281.75,281.75,45476,429520,198380,24364.85
2026-04-20,2026-04-28,24650,CE,164.8,197.75,110.75,148.1,148.1,25033,211445,80275,24364.85
2026-04-20,2026-04-28,25200,CE,28.05,38.0,17.65,29.75,29.75,117934,1796730,904800,24364.85
2026-04-20,2026-04-28,25950,CE,2.6,2.8,2.1,2.4,2.4,8363,253825,84110,24364.85
2026-04-20,2026-04-28,26000,CE,3.7,3.7,1.85,2.0,2.0,127037,8091395,2197715,24364.85
2026-04-20,2026-04-28,26600,CE,1.3,1.3,0.8,0.95,0.95,1938,90480,-24245,24364.85
2026-04-20,2026-04-28,26950,CE,0.75,0.85,0.7,0.8,0.8,384,28275,1105,24364.85
2026-04-20,2026-05-05,21150,CE,0.0,0.0,0.0,1964.3,3265.25,0,0,0,24364.85
2026-04-20,2026-05-05,21400,CE,0.0,0.0,0.0,1734.05,3015.85,0,0,0,24364.85
2026-04-20,2026-05-05,21450,CE,0.0,0.0,0.0,1688.9,2965.95,0,0,0,24364.85
2026-04-20,2026-05-05,21550,CE,0.0,0.0,0.0,1599.75,2866.2,0,0,0,24364.85
2026-04-20,2026-05-05,21600,CE,0.0,0.0,0.0,1555.7,2816.35,0,0,0,24364.85
2026-04-20,2026-05-05,22300,CE,0.0,0.0,0.0,991.7,2119.35,0,0,0,24364.85
2026-04-20,2026-05-05,22550,CE,0.0,0.0,0.0,818.2,1872.15,0,0,0,24364.85
2026-04-20,2026-05-05,23350,CE,0.0,0.0,0.0,1076.55,1112.25,0,2275,0,24364.85
2026-04-20,2026-05-19,23750,PE,228.2,259.15,216.1,259.15,196.9,23,1430,1430,24364.85
2026-04-20,2026-05-05,25700,CE,17.95,23.0,15.8,17.25,17.25,14845,455065,405470,24364.85
2026-04-20,2026-05-05,26500,CE,3.9,4.65,2.2,2.55,2.55,3287,77155,51740,24364.85
2026-04-20,2026-05-12,21950,CE,0.0,0.0,0.0,1385.3,2493.45,0,0,0,24364.85
2026-04-20,2026-05-12,22650,CE,0.0,0.0,0.0,841.6,1809.3,0,0,0,24364.85
2026-04-20,2026-05-12,23050,CE,0.0,0.0,0.0,593.15,1435.45,0,0,0,24364.85
2026-04-20,2026-05-12,23550,CE,1060.7,1060.7,1060.7,1060.7,1006.3,1,65,65,24364.85
2026-04-20,2026-05-12,23600,CE,0.0,0.0,0.0,936.9,966.7,0,65,0,24364.85
2026-04-20,2026-05-12,24200,CE,530.0,648.05,493.25,561.7,561.7,3817,159380,153400,24364.85
2026-04-20,2026-05-12,24750,CE,294.6,307.85,271.75,277.0,277.0,12,3185,195,24364.85
2026-04-20,2026-05-12,25150,CE,130.0,154.3,111.75,135.1,135.1,101,3965,3445,24364.85
2026-04-20,2026-05-12,25700,CE,0.0,0.0,0.0,13.7,66.0,0,0,0,24364.85
2026-04-20,2026-05-12,26000,CE,23.7,24.25,14.05,20.2,20.2,2699,104715,30355,24364.85
2026-04-20,2026-05-12,26050,CE,18.15,21.25,17.3,18.15,18.15,97,3055,1300,24364.85
2026-04-20,2026-05-12,26200,CE,13.45,13.45,13.35,13.35,13.35,15,1560,0,24364.85
2026-04-20,2026-05-19,22950,CE,0.0,0.0,0.0,1171.55,1573.35,0,0,0,24364.85
2026-04-20,2026-05-19,23600,CE,0.0,0.0,0.0,721.25,1031.95,0,0,0,24364.85
2026-04-20,2026-05-19,23800,CE,0.0,0.0,0.0,890.4,885.45,0,260,0,24364.85
2026-04-20,2026-05-19,24550,CE,370.7,457.0,370.7,421.7,421.7,23,1365,260,24364.85
2026-04-20,2026-05-19,25100,CE,165.7,224.7,165.7,195.9,195.9,94,3445,650,24364.85
2026-04-20,2026-05-19,26000,CE,32.15,40.0,31.65,35.9,35.9,310,17420,9880,24364.85
2026-04-20,2026-05-26,20300,CE,0.0,0.0,0.0,2370.05,4188.9,0,65,0,24364.85
2026-04-20,2026-05-26,20950,CE,0.0,0.0,0.0,2545.8,3543.6,0,130,0,24364.85
2026-04-20,2026-05-26,21150,CE,0.0,0.0,0.0,2008.1,3345.45,0,260,0,24364.85
2026-04-20,2026-05-26,21250,CE,0.0,0.0,0.0,1977.6,3246.5,0,260,0,24364.85
2026-04-20,2026-05-26,21550,CE,0.0,0.0,0.0,2251.45,2950.6,0,65,0,24364.85
2026-04-20,2026-05-26,22450,CE,0.0,0.0,0.0,2145.4,2082.15,0,650,0,24364.85
2026-04-20,2026-05-26,22550,CE,1952.35,2010.7,1952.35,2010.7,2010.7,2,715,-65,24364.85
2026-04-20,2026-05-26,22750,CE,1894.1,1918.2,1894.1,1917.8,1806.2,9,2470,-65,24364.85
2026-04-20,2026-05-26,23650,CE,1104.0,1110.35,1100.0,1100.0,1064.55,8,4095,65,24364.85
2026-04-20,2026-05-26,23950,CE,837.1,930.55,837.1,857.3,857.3,232,12220,8190,24364.85
2026-04-20,2026-05-26,24100,CE,705.3,835.05,678.55,755.35,755.35,1070,30290,-11050,24364.85
2026-04-20,2026-05-26,24900,CE,299.85,359.15,262.15,316.85,316.85,2068,99320,8905,24364.85
2026-04-20,2026-05-26,25300,CE,155.05,202.25,138.45,173.65,173.65,3602,135915,24765,24364.85
2026-04-20,2026-05-26,25650,CE,85.4,109.65,82.85,92.45,92.45,406,10465,3250,24364.85
2026-04-20,2026-05-26,25800,CE,68.6,81.75,56.45,72.3,72.3,5094,159380,48425,24364.85
2026-04-20,2026-06-30,12000,CE,0.0,0.0,0.0,8690.0,12508.95,0,50,0,24364.85
2026-04-20,2026-06-30,15000,CE,0.0,0.0,0.0,5184.4,9545.0,0,0,0,24364.85
2026-04-20,2026-06-30,19500,CE,0.0,0.0,0.0,4920.2,5099.55,0,20735,0,24364.85
2026-04-20,2026-06-30,21700,CE,0.0,0.0,0.0,1694.65,2961.75,0,65,0,24364.85
2026-04-20,2026-06-30,21750,CE,0.0,0.0,0.0,1465.8,2915.1,0,130,0,24364.85
2026-04-20,2026-06-30,23150,CE,0.0,0.0,0.0,1651.3,1706.0,0,1625,0,24364.85
2026-04-20,2026-06-30,23250,CE,0.0,0.0,0.0,1554.65,1629.6,0,2730,0,24364.85
2026-04-20,2026-06-30,24350,CE,782.05,902.3,769.55,902.3,910.7,59,3380,-585,24364.85
2026-04-20,2026-06-30,26150,CE,119.7,134.0,116.6,121.25,121.25,145,5655,-715,24364.85
2026-04-20,2026-09-29,18000,CE,0.0,0.0,0.0,7684.05,6855.9,0,0,0,24364.85
2026-04-20,2026-09-29,30000,CE,27.25,30.0,26.15,29.05,29.05,424,150260,585,24364.85
2026-04-20,2027-03-30,15000,CE,0.0,0.0,0.0,8379.85,10218.2,0,0,0,24364.85
2026-04-20,2027-03-30,16500,CE,0.0,0.0,0.0,6995.9,8807.2,0,0,0,24364.85
2026-04-20,2027-03-30,21000,CE,0.0,0.0,0.0,3217.45,4761.7,0,0,0,24364.85
2026-04-20,2027-03-30,30000,CE,0.0,0.0,0.0,178.4,467.15,0,0,0,24364.85
2026-04-20,2027-12-28,16500,CE,0.0,0.0,0.0,11316.4,9532.25,0,0,0,24364.85
2026-04-20,2028-06-27,31500,CE,0.0,0.0,0.0,1784.8,1394.8,0,0,0,24364.85
2026-04-20,2028-12-26,16500,CE,0.0,0.0,0.0,12176.65,10454.45,0,0,0,24364.85
2026-04-20,2029-06-26,19500,CE,0.0,0.0,0.0,10206.95,8620.85,0,0,0,24364.85
2026-04-20,2029-12-24,19500,CE,0.0,0.0,0.0,10678.8,9121.9,0,0,0,24364.85
2026-04-20,2030-12-31,34500,CE,0.0,0.0,0.0,3406.35,3120.4,0,0,0,24364.85
2026-04-20,2026-04-21,20100,PE,0.25,0.45,0.25,0.35,0.35,40811,939250,-962520,24364.85
2026-04-20,2026-04-21,20300,PE,0.65,0.8,0.25,0.35,0.35,4677,59345,-54925,24364.85
2026-04-20,2026-04-21,22100,PE,0.85,0.9,0.5,0.65,0.65,28671,280215,-319605,24364.85
2026-04-20,2026-04-21,22900,PE,1.95,1.95,0.85,1.1,1.1,268831,1618890,-1085175,24364.85
2026-04-20,2026-04-21,23400,PE,5.8,6.3,2.2,2.9,2.9,787462,4239170,468195,24364.85
2026-04-20,2026-04-21,23800,PE,9.0,25.8,9.0,15.2,15.2,1445404,5876585,942240,24364.85
2026-04-20,2026-04-21,24400,PE,171.9,223.6,96.9,160.2,160.2,5340486,2889315,1243775,24364.85
2026-04-20,2026-04-21,25300,PE,1000.95,1034.85,823.0,968.6,968.6,346,5915,-1690,24364.85
2026-04-20,2026-04-28,20100,PE,1.5,1.8,1.1,1.5,1.5,10170,710060,26975,24364.85
2026-04-20,2026-04-28,20200,PE,1.55,2.25,1.4,1.9,1.9,5094,277810,6240,24364.85
2026-04-20,2026-04-28,20500,PE,1.9,2.35,1.75,2.25,2.25,14407,1486160,-47255,24364.85
2026-04-20,2026-04-28,21250,PE,3.25,4.25,2.95,3.6,3.6,125,9230,2145,24364.85
2026-04-20,2026-04-28,22900,PE,15.0,24.55,15.0,22.3,22.3,30752,925535,199160,24364.85
2026-04-20,2026-04-28,23650,PE,77.5,97.75,65.25,91.5,91.5,6908,149630,23075,24364.85
2026-04-20,2026-04-28,24300,PE,276.0,293.5,205.35,278.3,278.3,133052,1487590,234325,24364.85
2026-04-20,2026-04-28,24350,PE,261.7,317.05,224.0,298.8,298.8,48650,313560,125190,24364.85
2026-04-20,2026-04-28,24750,PE,517.95,560.3,417.5,539.75,539.75,803,15340,6045,24364.85
2026-04-20,2026-04-28,25800,PE,1430.2,1456.75,1335.2,1394.15,1394.15,62,66040,-845,24364.85
2026-04-20,2026-04-28,26150,PE,0.0,0.0,0.0,3347.55,1752.7,0,845,0,24364.85
2026-04-20,2026-04-28,27000,PE,2700.05,2705.0,2515.1,2662.65,2662.65,774,800995,-10985,24364.85
2026-04-20,2026-04-28,27100,PE,0.0,0.0,0.0,2800.0,2700.75,0,975,0,24364.85
2026-04-20,2026-04-28,27550,PE,0.0,0.0,0.0,3327.8,3150.15,0,260,0,24364.85
2026-04-20,2026-05-05,20200,PE,4.75,5.0,3.6,5.0,5.0,63,10660,1365,24364.85
2026-04-20,2026-05-05,21550,PE,8.65,10.5,8.25,10.5,10.5,17,650,-260,24364.85
2026-04-20,2026-05-05,21700,PE,10.15,11.15,9.5,10.25,10.25,79,5070,2795,24364.85
2026-04-20,2026-05-05,21800,PE,11.4,13.65,9.75,11.45,11.45,158,11375,8320,24364.85
2026-04-20,2026-05-05,22300,PE,21.15,34.5,12.85,22.25,22.25,483,24570,-6630,24364.85
2026-04-20,2026-05-19,23850,PE,251.4,292.5,239.85,282.35,282.35,9,585,585,24364.85
2026-04-20,2026-05-19,23700,PE,244.3,255.5,204.0,246.2,246.2,30,910,910,24364.85
2026-04-20,2026-05-19,23450,PE,170.05,182.4,150.0,182.4,126.0,15,845,845,24364.85
2026-04-20,2026-05-05,22400,PE,22.55,29.55,20.3,26.4,26.4,458,14235,9685,24364.85
2026-04-20,2026-05-05,22450,PE,23.9,29.0,22.15,25.95,25.95,93,2340,260,24364.85
2026-04-20,2026-05-05,22650,PE,32.5,38.85,27.95,35.65,35.65,93,4095,195,24364.85
2026-04-20,2026-05-05,23350,PE,84.0,105.7,75.55,101.25,101.25,731,15860,7475,24364.85
2026-04-20,2026-06-30,26450,PE,0.0,0.0,0.0,3673.3,1962.0,0,0,0,24364.85
2026-04-20,2026-06-30,26000,PE,1504.75,1531.1,1382.15,1497.55,1497.55,617,2305830,505,24364.85
2026-04-20,2026-06-30,23300,PE,296.1,299.15,258.0,286.05,286.05,163,12350,195,24364.85
2026-04-20,2026-06-30,23200,PE,280.6,281.4,238.0,265.2,265.2,361,17615,1365,24364.85
2026-04-20,2026-06-30,21550,PE,0.0,0.0,0.0,287.9,29.15,0,0,0,24364.85
2026-04-20,2026-06-30,21350,PE,0.0,0.0,0.0,236.9,21.4,0,0,0,24364.85
2026-04-20,2026-06-30,21000,PE,60.0,80.3,60.0,77.9,77.9,4995,1481035,22890,24364.85
2026-04-20,2026-06-30,20450,PE,0.0,0.0,0.0,86.9,4.45,0,0,0,24364.85
2026-04-20,2026-06-30,12000,PE,2.7,4.4,2.7,4.4,4.4,17,88530,-455,24364.85
2026-04-20,2026-05-26,27150,PE,0.0,0.0,0.0,3582.1,2637.05,0,65,0,24364.85
2026-04-20,2026-05-26,27100,PE,2500.0,2500.0,2500.0,2500.0,2588.9,4,260,195,24364.85
2026-04-20,2026-05-26,26700,PE,2075.0,2075.0,2075.0,2075.0,2208.85,1,1105,65,24364.85
2026-04-20,2026-05-26,24450,PE,520.05,531.95,440.6,524.65,524.65,439,29510,10595,24364.85
2026-04-20,2026-05-26,24100,PE,342.2,397.4,320.6,387.1,387.1,1479,55770,6695,24364.85
2026-04-20,2026-05-26,22200,PE,65.0,82.55,59.35,76.75,76.75,1181,71370,-3705,24364.85
2026-04-20,2026-05-26,22000,PE,51.9,68.5,49.2,64.9,64.9,15819,1011465,57070,24364.85
2026-04-20,2026-05-26,20600,PE,34.15,34.15,21.0,24.0,24.0,86,3445,2405,24364.85
2026-04-20,2026-05-19,26550,PE,0.0,0.0,0.0,2575.95,2089.5,0,0,0,24364.85
2026-04-20,2026-05-19,26500,PE,0.0,0.0,0.0,2527.7,2042.2,0,0,0,24364.85
2026-04-20,2026-05-19,25800,PE,0.0,0.0,0.0,1869.25,1407.8,0,0,0,24364.85
2026-04-20,2026-05-19,25750,PE,0.0,0.0,0.0,1823.9,1365.1,0,0,0,24364.85
2026-04-20,2026-05-19,25250,PE,0.0,0.0,0.0,1388.4,966.0,0,0,0,24364.85
2026-04-20,2026-05-19,25150,PE,0.0,0.0,0.0,1306.15,893.3,0,0,0,24364.85
2026-04-20,2026-05-19,24000,PE,300.4,333.7,275.0,328.95,328.95,105,6955,2080,24364.85
2026-04-20,2026-05-19,23100,PE,0.0,0.0,0.0,187.6,69.85,0,0,0,24364.85
2026-04-20,2026-05-19,22800,PE,0.0,0.0,0.0,121.4,39.6,0,0,0,24364.85
2026-04-20,2026-05-19,22500,PE,0.0,0.0,0.0,75.3,21.05,0,0,0,24364.85
2026-04-20,2026-05-19,22100,PE,0.0,0.0,0.0,36.7,8.2,0,0,0,24364.85
2026-04-20,2026-05-12,26450,PE,0.0,0.0,0.0,3168.2,2007.55,0,0,0,24364.85
2026-04-20,2026-05-12,26350,PE,0.0,0.0,0.0,3069.55,1911.45,0,0,0,24364.85
2026-04-20,2026-05-12,25900,PE,0.0,0.0,0.0,2627.9,1490.3,0,0,0,24364.85
2026-04-20,2026-05-12,25700,PE,0.0,0.0,0.0,2433.55,1311.45,0,0,0,24364.85
2026-04-20,2026-05-12,25550,PE,0.0,0.0,0.0,2289.0,1181.9,0,0,0,24364.85
2026-04-20,2026-05-12,24800,PE,579.4,677.55,543.15,620.55,620.55,117,2015,2015,24364.85
2026-04-20,2026-05-12,24000,PE,289.6,302.75,235.2,287.1,287.1,1209,33670,16575,24364.85
2026-04-20,2026-05-12,23250,PE,100.0,135.95,100.0,134.7,134.7,84,4550,4355,24364.85
2026-04-20,2026-05-12,22950,PE,82.55,96.75,71.25,91.15,91.15,123,8450,4875,24364.85
2026-04-20,2026-05-12,22700,PE,0.0,0.0,0.0,245.9,17.5,0,0,0,24364.85
2026-04-20,2026-05-12,22050,PE,0.0,0.0,0.0,92.65,2.75,0,0,0,24364.85
2026-04-20,2026-05-12,21650,PE,20.45,20.45,20.05,20.05,0.7,6,390,390,24364.85
2026-04-20,2026-05-12,21600,PE,20.1,20.1,20.1,20.1,0.6,5,325,325,24364.85
2026-04-20,2026-05-05,26350,PE,0.0,0.0,0.0,3224.6,1927.7,0,0,0,24364.85
2026-04-20,2026-05-05,26100,PE,0.0,0.0,0.0,2979.15,1683.85,0,0,0,24364.85
2026-04-20,2026-05-05,25000,PE,699.0,780.0,627.55,748.85,748.85,1223,137150,25350,24364.85
2026-04-20,2026-05-05,24850,PE,585.0,616.45,549.55,609.9,602.2,25,1625,1430,24364.85
2026-04-20,2026-05-05,24100,PE,240.6,280.55,211.9,274.9,274.9,2726,67470,27885,24364.85
2026-04-20,2026-05-05,21750,PE,9.9,11.5,9.9,11.5,0.15,11,715,-260,24364.85
2026-04-20,2026-05-05,20700,PE,6.9,6.95,6.8,6.9,6.9,3,1950,130,24364.85
2026-04-20,2026-05-05,20150,PE,3.5,5.9,3.5,5.15,5.15,164,3445,520,24364.85
2026-04-20,2026-04-28,27300,PE,2850.0,2850.0,2850.0,2850.0,2900.5,1,520,0,24364.85
2026-04-20,2026-04-28,26750,PE,2323.3,2323.3,2323.3,2323.3,2351.2,1,845,-65,24364.85
2026-04-20,2026-04-28,26400,PE,2000.0,2020.0,1970.0,2020.0,2001.85,6,23855,-130,24364.85
2026-04-20,2026-04-28,26250,PE,1939.75,1939.75,1851.45,1851.45,1852.3,2,3900,-130,24364.85
2026-04-20,2026-04-28,25900,PE,1540.0,1610.0,1420.0,1569.85,1569.85,51,18005,-325,24364.85
2026-04-20,2026-04-28,24450,PE,329.45,369.35,263.25,342.0,342.0,45496,276380,225290,24364.85
2026-04-20,2026-04-28,24100,PE,169.9,225.3,146.5,200.4,200.4,60453,1072500,197080,24364.85
2026-04-20,2026-04-28,23400,PE,45.0,61.6,40.8,55.95,55.95,35541,823290,21775,24364.85
2026-04-20,2026-04-28,22100,PE,5.85,8.15,5.0,7.2,7.2,14019,430755,70135,24364.85
2026-04-20,2026-04-28,22000,PE,5.4,7.6,5.1,6.75,6.75,73707,5212285,767325,24364.85
2026-04-20,2026-04-28,21450,PE,4.25,4.8,3.3,4.35,4.35,566,24050,-5915,24364.85
2026-04-20,2026-04-28,20750,PE,2.1,3.15,1.7,2.7,2.7,80,9035,-325,24364.85
2026-04-20,2026-04-28,20700,PE,2.25,2.8,1.95,2.65,2.65,566,27105,3705,24364.85
2026-04-20,2026-04-21,26450,PE,2198.25,2198.25,2000.0,2099.15,2099.15,2,65,65,24364.85
2026-04-20,2026-04-21,26100,PE,1782.0,1782.0,1702.3,1723.5,1731.0,8,1495,-65,24364.85
2026-04-20,2026-04-21,25450,PE,1111.4,1147.15,1040.2,1146.8,1146.8,81,780,650,24364.85
2026-04-20,2026-04-21,24900,PE,555.9,652.95,433.5,552.0,552.0,15359,30680,-9815,24364.85
2026-04-20,2026-04-21,24800,PE,428.8,560.7,344.05,467.65,467.65,54904,91520,5070,24364.85
2026-04-20,2026-04-21,24600,PE,250.0,376.6,196.0,292.4,292.4,481665,274430,64220,24364.85
2026-04-20,2026-04-21,22700,PE,1.0,1.5,0.8,1.0,1.0,135339,1191320,-1470690,24364.85
2026-04-20,2026-04-21,21800,PE,0.75,0.9,0.45,0.65,0.65,13258,356850,-180115,24364.85
2026-04-20,2026-04-21,21500,PE,0.8,0.8,0.5,0.65,0.65,65001,1793285,-1020500,24364.85
2026-04-20,2026-04-21,20850,PE,0.55,0.7,0.3,0.4,0.4,1552,13585,130,24364.85
2026-04-20,2026-04-21,20700,PE,0.7,0.85,0.25,0.4,0.4,10070,115375,2210,24364.85
2026-04-20,2026-04-21,20400,PE,1.0,1.0,0.25,0.3,0.3,3736,50375,-19500,24364.85
2026-04-20,2030-12-31,21000,CE,0.0,0.0,0.0,10552.5,9131.9,0,0,0,24364.85
2026-04-20,2030-12-31,15000,CE,0.0,0.0,0.0,14862.95,13209.9,0,0,0,24364.85
2026-04-20,2029-12-24,34500,CE,0.0,0.0,0.0,2377.55,2132.95,0,0,0,24364.85
2026-04-20,2028-06-27,27000,CE,0.0,0.0,0.0,2885.15,2892.8,0,0,0,24364.85
2026-04-20,2027-12-28,34500,CE,0.0,0.0,0.0,152.0,460.55,0,0,0,24364.85
2026-04-20,2027-12-28,28500,CE,1100.05,1120.0,1098.05,1120.0,1681.1,6,5070,195,24364.85
2026-04-20,2027-06-29,24000,CE,0.0,0.0,0.0,2639.95,3006.2,0,735,0,24364.85
2026-04-20,2027-03-30,22500,CE,0.0,0.0,0.0,2250.35,3599.95,0,0,0,24364.85
2026-04-20,2026-09-29,33000,CE,14.0,14.0,12.6,13.95,13.95,21,23010,585,24364.85
2026-04-20,2026-06-30,27000,CE,40.05,43.8,33.45,41.0,41.0,4556,3178670,11095,24364.85
2026-04-20,2026-06-30,25450,CE,283.55,322.9,283.55,289.3,289.3,32,4420,-520,24364.85
2026-04-20,2026-06-30,25250,CE,335.35,400.3,335.35,379.15,504.8,24,4160,-1235,24364.85
2026-04-20,2026-06-30,25000,CE,520.15,528.95,431.0,478.65,478.65,8093,3337800,40430,24364.85
2026-04-20,2026-06-30,24700,CE,597.15,687.35,590.6,629.8,629.8,522,24505,8450,24364.85
2026-04-20,2026-06-30,24200,CE,892.85,1007.95,874.95,927.4,927.4,270,14170,-65,24364.85
2026-04-20,2026-06-30,22850,CE,0.0,0.0,0.0,1612.2,1944.8,0,1365,0,24364.85
2026-04-20,2026-06-30,22150,CE,0.0,0.0,0.0,1713.15,2548.3,0,325,0,24364.85
2026-04-20,2026-06-30,22000,CE,2700.05,2808.0,2621.0,2687.65,2687.65,911,100100,-17420,24364.85
2026-04-20,2026-06-30,21650,CE,0.0,0.0,0.0,1569.9,3008.6,0,65,0,24364.85
2026-04-20,2026-06-30,21400,CE,0.0,0.0,0.0,1563.55,3244.95,0,0,0,24364.85
2026-04-20,2026-06-30,21000,CE,3609.95,3725.0,3576.0,3621.65,3621.65,771,470535,4095,24364.85
2026-04-20,2026-06-30,20400,CE,0.0,0.0,0.0,2378.4,4213.8,0,0,0,24364.85
2026-04-20,2026-05-26,27000,CE,8.25,10.15,8.25,8.8,8.8,8214,735020,37050,24364.85
2026-04-20,2026-05-26,26500,CE,15.5,19.75,15.15,18.1,18.1,8195,494130,40365,24364.85
2026-04-20,2026-05-26,26050,CE,42.0,49.0,39.35,43.9,43.9,236,11050,4550,24364.85
2026-04-20,2026-05-26,25050,CE,228.1,289.25,196.05,251.25,251.25,251,10465,-5395,24364.85
2026-04-20,2026-05-26,24450,CE,488.95,611.0,478.0,541.3,541.3,653,27170,12220,24364.85
2026-04-20,2026-05-26,24200,CE,669.25,766.0,617.0,689.6,689.6,2766,93145,-19630,24364.85
2026-04-20,2026-05-26,23800,CE,954.3,1049.05,889.95,964.1,964.1,241,64090,-1105,24364.85
2026-04-20,2026-05-26,23000,CE,1556.15,1716.4,1520.0,1592.85,1592.85,1004,446550,14560,24364.85
2026-04-20,2026-05-26,22850,CE,1769.05,1769.05,1769.05,1769.05,1716.65,1,1365,0,24364.85
2026-04-20,2026-05-26,22100,CE,0.0,0.0,0.0,2322.65,2414.65,0,715,0,24364.85
2026-04-20,2026-05-26,20650,CE,0.0,0.0,0.0,2799.3,3841.3,0,130,0,24364.85
2026-04-20,2026-05-26,20250,CE,0.0,0.0,0.0,2404.65,4238.6,0,65,0,24364.85
2026-04-20,2026-05-19,24300,CE,508.9,646.45,508.3,559.65,559.65,117,1755,780,24364.85
2026-04-20,2026-05-19,23950,CE,0.0,0.0,0.0,529.5,783.3,0,0,0,24364.85
2026-04-20,2026-05-19,23700,CE,0.0,0.0,0.0,662.7,958.25,0,0,0,24364.85
2026-04-20,2026-05-19,23200,CE,0.0,0.0,0.0,984.7,1354.85,0,0,0,24364.85
2026-04-20,2026-05-19,22800,CE,0.0,0.0,0.0,1290.75,1709.25,0,0,0,24364.85
2026-04-20,2026-05-19,22250,CE,0.0,0.0,0.0,1764.85,2229.0,0,0,0,24364.85
2026-04-20,2026-05-12,26350,CE,10.2,11.15,9.45,9.55,9.55,20,1105,260,24364.85
2026-04-20,2026-05-12,25200,CE,113.6,142.65,92.0,120.45,120.45,302,9230,7085,24364.85
2026-04-20,2026-05-12,24700,CE,260.0,342.0,249.9,301.15,301.15,267,9360,4745,24364.85
2026-04-20,2026-05-12,22700,CE,1716.2,1716.2,1716.2,1716.2,1716.2,1,65,65,24364.85
2026-04-20,2026-05-12,22050,CE,0.0,0.0,0.0,1300.6,2394.55,0,0,0,24364.85
2026-04-20,2026-05-12,21750,CE,0.0,0.0,0.0,1560.25,2691.75,0,0,0,24364.85
2026-04-20,2026-05-05,26550,CE,3.9,3.9,2.0,2.4,2.4,196,9685,3510,24364.85
2026-04-20,2026-05-05,26250,CE,5.7,5.7,3.95,4.25,4.25,28,845,-65,24364.85
2026-04-20,2026-05-05,25650,CE,19.1,27.25,16.95,21.05,21.05,546,17550,6825,24364.85
2026-04-20,2026-05-05,25450,CE,38.4,46.3,29.1,38.95,38.95,918,19045,10465,24364.85
2026-04-20,2026-05-05,24750,CE,144.4,242.8,144.4,197.85,197.85,604,15080,-9295,24364.85
2026-04-20,2026-05-05,24250,CE,416.65,514.0,379.6,441.4,441.4,784,20215,-260,24364.85
2026-04-20,2026-05-05,24050,CE,577.0,666.25,567.3,605.4,605.4,85,9100,-2210,24364.85
2026-04-20,2026-05-05,23650,CE,868.9,905.5,860.0,896.1,896.1,23,3965,455,24364.85
2026-04-20,2026-05-05,23150,CE,0.0,0.0,0.0,1230.1,1294.5,0,130,0,24364.85
2026-04-20,2026-05-05,23000,CE,1418.0,1547.65,1375.0,1412.4,1412.4,529,34320,30485,24364.85
2026-04-20,2026-05-05,22450,CE,0.0,0.0,0.0,885.15,1970.8,0,0,0,24364.85
2026-04-20,2026-05-05,22400,CE,0.0,0.0,0.0,1775.9,2020.25,0,1105,0,24364.85
2026-04-20,2026-05-05,22100,CE,0.0,0.0,0.0,2077.3,2318.1,0,715,0,24364.85
2026-04-20,2026-05-05,21650,CE,0.0,0.0,0.0,1512.1,2766.5,0,0,0,24364.85
2026-04-20,2026-05-05,20950,CE,0.0,0.0,0.0,2153.0,3464.75,0,0,0,24364.85
2026-04-20,2026-05-05,20650,CE,0.0,0.0,0.0,2441.45,3764.05,0,0,0,24364.85
2026-04-20,2026-05-05,20600,CE,0.0,0.0,0.0,2490.0,3813.9,0,0,0,24364.85
2026-04-20,2026-05-05,20500,CE,0.0,0.0,0.0,2587.4,3913.65,0,0,0,24364.85
2026-04-20,2026-05-05,20100,CE,0.0,0.0,0.0,2979.95,4312.7,0,0,0,24364.85
2026-04-20,2026-04-28,26500,CE,1.8,1.8,0.85,0.9,0.9,45201,2680665,1311440,24364.85
2026-04-20,2026-04-28,25900,CE,3.15,3.9,2.2,2.75,2.75,33113,983775,573300,24364.85
2026-04-20,2026-04-28,25250,CE,25.7,31.2,14.75,25.35,25.35,22187,289315,78390,24364.85
2026-04-20,2026-04-28,24550,CE,180.0,246.4,144.05,187.3,187.3,29116,239915,50765,24364.85
2026-04-20,2026-04-28,24250,CE,349.15,426.4,284.0,337.6,337.6,16007,299130,-105300,24364.85
2026-04-20,2026-04-28,23900,CE,580.85,684.8,500.05,580.5,580.5,2918,369070,-25805,24364.85
2026-04-20,2026-04-28,23500,CE,950.0,1031.0,833.25,904.1,904.1,8507,1389505,-7995,24364.85
2026-04-20,2026-04-28,23300,CE,1110.0,1215.0,1029.75,1081.25,1081.25,1265,250965,29705,24364.85
2026-04-20,2026-04-28,22850,CE,1532.5,1630.0,1473.0,1479.85,1479.85,10,296985,-195,24364.85
2026-04-20,2026-04-28,21100,CE,0.0,0.0,0.0,2819.0,3291.7,0,455,0,24364.85
2026-04-20,2026-04-21,26200,CE,0.35,0.6,0.25,0.4,0.4,31457,107445,-276510,24364.85
2026-04-20,2026-04-21,26150,CE,0.35,0.55,0.25,0.45,0.45,48425,182845,-793715,24364.85
2026-04-20,2026-04-21,25850,CE,0.7,0.8,0.35,0.55,0.55,24955,139880,-104715,24364.85
2026-04-20,2026-04-21,25500,CE,1.0,1.15,0.55,0.75,0.75,865341,5593575,-3669380,24364.85
2026-04-20,2026-04-21,25400,CE,1.05,1.8,0.6,0.8,0.8,514559,3119870,451295,24364.85
2026-04-20,2026-04-21,25000,CE,4.0,8.95,2.75,4.9,4.9,2426616,11392225,-17680,24364.85
2026-04-20,2026-04-21,24650,CE,50.0,62.0,17.85,29.6,29.6,2168707,2457065,878930,24364.85
2026-04-20,2026-04-21,23350,CE,1020.0,1096.85,940.9,952.8,952.8,97,19175,-585,24364.85
2026-04-20,2026-04-21,22850,CE,1581.9,1609.0,1500.0,1538.95,1538.95,25,4550,-715,24364.85
2026-04-20,2030-12-31,25500,PE,0.0,0.0,0.0,538.25,1266.25,0,0,0,24364.85
2026-04-20,2030-12-31,18000,PE,0.0,0.0,0.0,32.3,172.65,0,0,0,24364.85
2026-04-20,2030-06-25,34500,PE,0.0,0.0,0.0,3237.2,4856.4,0,0,0,24364.85
2026-04-20,2030-06-25,27000,PE,0.0,0.0,0.0,1286.05,1744.9,0,0,0,24364.85
2026-04-20,2029-12-24,33000,PE,0.0,0.0,0.0,2953.7,4409.5,0,0,0,24364.85
2026-04-20,2029-12-24,26000,PE,0.0,0.0,0.0,1551.0,1515.7,0,3665,0,24364.85
2026-04-20,2029-06-26,18000,PE,0.0,0.0,0.0,118.45,137.75,0,0,0,24364.85
2026-04-20,2028-12-26,33000,PE,0.0,0.0,0.0,3315.4,5097.8,0,0,0,24364.85
2026-04-20,2028-12-26,19500,PE,0.0,0.0,0.0,49.0,232.55,0,0,0,24364.85
2026-04-20,2028-12-26,18000,PE,0.0,0.0,0.0,250.0,118.65,0,75,0,24364.85
2026-04-20,2027-12-28,21000,PE,0.0,0.0,0.0,430.0,327.55,0,5250,0,24364.85
2026-04-20,2027-06-29,28500,PE,0.0,0.0,0.0,1807.05,3167.2,0,0,0,24364.85
2026-04-20,2027-03-30,30000,PE,0.0,0.0,0.0,5754.5,4396.9,0,0,0,24364.85
2026-04-20,2026-12-29,28000,PE,2527.3,2611.55,2452.8,2554.1,2554.1,155,668340,1195,24364.85
2026-04-20,2026-12-29,18000,PE,94.0,94.3,86.0,93.5,93.5,123,157955,2080,24364.85
2026-04-20,2026-12-29,16500,PE,0.0,0.0,0.0,0.1,1.25,0,0,0,24364.85
2026-04-20,2026-09-29,21000,PE,150.05,168.7,132.55,157.65,157.65,3373,376220,-12935,24364.85
2026-04-20,2026-06-30,33000,PE,0.0,0.0,0.0,8300.0,8239.0,0,195,0,24364.85
2026-04-20,2026-05-19,23300,PE,150.9,164.3,139.35,157.9,98.75,23,520,520,24364.85
2026-04-20,2026-05-19,23000,PE,102.3,136.65,100.4,127.3,127.3,521,19630,18915,24364.85
2026-04-20,2026-05-19,22450,PE,0.0,0.0,0.0,69.15,18.85,0,0,0,24364.85
2026-04-20,2026-05-12,24550,PE,441.55,482.25,425.4,480.7,480.7,15,845,845,24364.85
2026-04-20,2026-05-12,24400,PE,392.1,460.15,361.3,440.5,440.5,544,8840,650,24364.85
2026-04-20,2026-05-12,23900,PE,248.15,273.45,213.5,260.95,260.95,303,9100,-2340,24364.85
2026-04-20,2026-05-12,23850,PE,224.5,258.55,204.05,250.15,250.15,29,1235,650,24364.85
2026-04-20,2026-05-12,23150,PE,0.0,0.0,0.0,424.45,49.85,0,0,0,24364.85
2026-04-20,2026-05-12,22850,PE,0.0,0.0,0.0,298.25,25.35,0,0,0,24364.85
2026-04-20,2026-05-12,22000,PE,0.0,0.0,0.0,85.05,2.35,0,0,0,24364.85
2026-04-20,2026-05-12,21900,PE,0.0,0.0,0.0,71.35,1.7,0,0,0,24364.85
2026-04-20,2026-05-12,21850,PE,0.0,0.0,0.0,65.2,1.45,0,0,0,24364.85
2026-04-20,2026-05-05,26450,PE,0.0,0.0,0.0,3323.05,2026.1,0,0,0,24364.85
2026-04-20,2026-05-05,26400,PE,0.0,0.0,0.0,3273.8,1976.85,0,0,0,24364.85
2026-04-20,2026-05-05,26250,PE,0.0,0.0,0.0,3126.3,1829.75,0,0,0,24364.85
2026-04-20,2026-05-05,24300,PE,312.45,360.0,276.25,345.0,345.0,6736,136695,-11180,24364.85
2026-04-20,2026-05-05,23600,PE,128.95,147.85,106.45,139.35,139.35,1162,54015,12155,24364.85
2026-04-20,2026-05-05,23300,PE,82.95,99.55,68.15,95.25,95.25,1852,37310,14690,24364.85
2026-04-20,2026-05-05,23200,PE,72.05,85.75,60.65,79.5,79.5,1852,53690,3705,24364.85
2026-04-20,2026-05-05,23000,PE,49.95,65.0,45.9,60.2,60.2,13124,275210,98410,24364.85
2026-04-20,2026-05-05,22900,PE,43.4,56.95,38.95,53.95,53.95,530,34320,2405,24364.85
2026-04-20,2026-05-05,22150,PE,16.7,18.25,15.35,18.05,18.05,41,1300,-260,24364.85
2026-04-20,2026-05-05,22050,PE,14.1,16.85,14.1,16.85,0.5,54,2730,1105,24364.85
2026-04-20,2026-04-28,26000,PE,1699.9,1730.0,1517.9,1660.8,1660.8,1303,1517360,-15600,24364.85
2026-04-20,2026-04-28,25400,PE,1040.0,1109.35,941.0,1076.55,1076.55,101,61685,-2795,24364.85
2026-04-20,2026-04-28,25250,PE,820.0,880.0,803.4,880.0,880.95,20,9360,130,24364.85
2026-04-20,2026-04-28,25150,PE,740.95,814.0,740.95,802.3,791.45,3,2925,0,24364.85
2026-04-20,2026-04-28,25100,PE,783.4,842.65,668.0,774.3,774.3,212,30940,-2080,24364.85
2026-04-20,2026-04-28,24850,PE,571.0,635.1,484.0,624.15,624.15,340,10075,1885,24364.85
2026-04-20,2026-04-28,24400,PE,260.35,342.95,243.2,317.9,317.9,188031,1743430,613210,24364.85
2026-04-20,2026-04-28,23950,PE,140.0,165.0,113.2,153.05,153.05,11204,186615,41470,24364.85
2026-04-20,2026-04-28,22050,PE,4.2,7.8,4.2,7.05,7.05,4063,142350,42640,24364.85
2026-04-20,2026-04-28,21750,PE,4.7,5.65,3.9,5.3,5.3,481,22555,-3380,24364.85
2026-04-20,2026-04-28,21550,PE,3.5,5.2,2.45,4.75,4.75,744,16315,1040,24364.85
2026-04-20,2026-04-28,21400,PE,3.6,4.6,3.15,4.35,4.35,2345,86060,-1170,24364.85
2026-04-20,2026-04-28,21300,PE,3.5,4.2,2.9,3.95,3.95,3994,153075,72670,24364.85
2026-04-20,2026-04-28,21150,PE,2.25,3.8,2.25,3.4,3.4,142,4680,845,24364.85
2026-04-20,2026-04-28,20550,PE,1.45,6.0,1.45,2.4,2.4,404,9165,780,24364.85
2026-04-20,2026-04-28,20300,PE,1.8,4.7,1.35,2.0,2.0,1507,67470,14365,24364.85
2026-04-20,2026-04-21,26000,PE,1758.45,1758.5,1523.45,1688.6,1688.6,526,42445,-24505,24364.85
2026-04-20,2026-04-21,25950,PE,0.0,0.0,0.0,1887.2,1581.05,0,65,0,24364.85
2026-04-20,2026-04-21,25500,PE,1220.0,1242.65,1026.1,1152.4,1152.4,1325,83915,-39130,24364.85
2026-04-20,2026-04-21,25150,PE,730.25,858.2,682.1,823.4,823.4,248,2405,1885,24364.85
2026-04-20,2026-04-21,25100,PE,786.35,850.0,623.55,744.6,744.6,1084,5525,-3575,24364.85
2026-04-20,2026-04-21,24850,PE,490.0,605.7,390.0,507.75,507.75,5794,25285,11960,24364.85
2026-04-20,2026-04-21,22450,PE,1.25,1.25,0.45,0.75,0.75,19556,188695,-50440,24364.85
2026-04-20,2026-04-21,21750,PE,0.9,1.0,0.55,0.65,0.65,5590,98540,6955,24364.85
2026-04-20,2026-04-21,20750,PE,0.75,0.75,0.35,0.4,0.4,1139,17290,-3575,24364.85
2026-04-20,2030-06-25,21000,CE,0.0,0.0,0.0,10421.65,8619.1,0,0,0,24364.85
2026-04-20,2028-12-26,15000,CE,0.0,0.0,0.0,11381.75,11690.95,0,0,0,24364.85
2026-04-20,2028-06-27,30000,CE,0.0,0.0,0.0,2278.45,1798.0,0,0,0,24364.85
2026-04-20,2028-06-27,25500,CE,0.0,0.0,0.0,4676.6,3603.45,0,0,0,24364.85
2026-04-20,2027-12-28,25500,CE,0.0,0.0,0.0,4013.5,2923.3,0,0,0,24364.85
2026-04-20,2027-06-29,33000,CE,0.0,0.0,0.0,1122.75,294.95,0,0,0,24364.85
2026-04-20,2027-06-29,22500,CE,0.0,0.0,0.0,5539.6,3986.7,0,0,0,24364.85
2026-04-20,2027-03-30,31500,CE,0.0,0.0,0.0,94.65,276.4,0,0,0,24364.85
2026-04-20,2027-03-30,28500,CE,0.0,0.0,0.0,323.95,761.5,0,0,0,24364.85
2026-04-20,2026-12-29,18000,CE,0.0,0.0,0.0,6000.0,7132.2,0,130,0,24364.85
2026-04-20,2026-09-29,27000,CE,201.85,232.8,185.75,211.5,211.5,3579,409110,-5395,24364.85
2026-04-20,2026-06-30,30000,CE,6.35,7.6,6.3,6.95,6.95,459,329330,-4160,24364.85
2026-04-20,2026-06-30,26500,CE,72.5,83.45,64.45,77.0,77.0,2629,80665,28405,24364.85
2026-04-20,2026-06-30,26400,CE,0.0,0.0,0.0,30.15,203.1,0,0,0,24364.85
2026-04-20,2026-06-30,26350,CE,0.0,0.0,0.0,31.85,212.1,0,0,0,24364.85
2026-04-20,2026-06-30,25850,CE,181.25,198.95,168.8,178.95,178.95,74,4420,-390,24364.85
2026-04-20,2026-06-30,25150,CE,398.4,434.3,398.4,412.9,412.9,11,3705,-195,24364.85
2026-04-20,2026-06-30,24750,CE,572.6,659.7,572.55,624.0,709.85,32,10985,390,24364.85
2026-04-20,2026-06-30,24050,CE,1014.65,1037.25,1014.65,1037.25,1037.25,5,5265,-195,24364.85
2026-04-20,2026-06-30,22450,CE,0.0,0.0,0.0,1468.75,2282.7,0,780,0,24364.85
2026-04-20,2026-06-30,21550,CE,0.0,0.0,0.0,1639.75,3102.75,0,65,0,24364.85
2026-04-20,2026-06-30,21250,CE,0.0,0.0,0.0,1848.05,3388.25,0,65,0,24364.85
2026-04-20,2026-06-30,21200,CE,0.0,0.0,0.0,1883.6,3436.25,0,65,0,24364.85
2026-04-20,2026-06-30,21050,CE,0.0,0.0,0.0,1832.45,3580.7,0,0,0,24364.85
2026-04-20,2026-06-30,20900,CE,0.0,0.0,0.0,1953.5,3725.95,0,0,0,24364.85
2026-04-20,2026-06-30,20650,CE,0.0,0.0,0.0,2162.15,3969.25,0,0,0,24364.85
2026-04-20,2026-06-30,20550,CE,0.0,0.0,0.0,2247.8,4066.95,0,0,0,24364.85
2026-04-20,2026-06-30,20450,CE,0.0,0.0,0.0,2334.6,4164.8,0,0,0,24364.85
2026-04-20,2026-06-30,19000,CE,5520.0,5650.75,5459.8,5522.45,5522.45,134,637050,-2535,24364.85
2026-04-20,2026-05-26,27100,CE,7.45,8.7,6.6,7.2,7.2,68,16315,195,24364.85
2026-04-20,2026-05-26,26850,CE,11.0,11.95,11.0,11.5,29.0,8,5785,-195,24364.85
2026-04-20,2026-05-26,26800,CE,12.3,12.5,10.5,11.2,11.2,207,22945,4160,24364.85
2026-04-20,2026-05-26,26350,CE,20.65,27.2,20.65,25.15,25.15,255,8125,2990,24364.85
2026-04-20,2026-05-26,26000,CE,46.2,54.45,38.0,49.7,49.7,29281,1614405,182585,24364.85
2026-04-20,2026-05-26,25350,CE,160.0,185.35,131.4,158.85,158.85,535,39065,-1885,24364.85
2026-04-20,2026-05-26,25100,CE,223.25,272.25,193.0,235.55,235.55,3063,235495,10855,24364.85
2026-04-20,2026-05-26,24850,CE,285.2,381.65,285.15,337.35,337.35,220,19305,-585,24364.85
2026-04-20,2026-05-26,24350,CE,597.55,674.8,531.45,595.4,595.4,912,39130,10335,24364.85
2026-04-20,2026-05-26,24300,CE,625.0,700.95,558.0,619.85,619.85,3624,155935,-1560,24364.85
2026-04-20,2026-05-26,22900,CE,1675.45,1750.35,1675.45,1735.0,1672.4,11,6500,-455,24364.85
2026-04-20,2026-05-26,22500,CE,2026.8,2172.0,1976.4,2075.1,2075.1,450,112710,-4225,24364.85
2026-04-20,2026-05-26,22150,CE,0.0,0.0,0.0,1290.25,2366.6,0,195,0,24364.85
2026-04-20,2026-05-26,22050,CE,0.0,0.0,0.0,1359.6,2462.8,0,390,0,24364.85
2026-04-20,2026-05-26,21700,CE,0.0,0.0,0.0,1834.4,2803.35,0,195,0,24364.85
2026-04-20,2026-05-26,21650,CE,0.0,0.0,0.0,2231.5,2852.35,0,130,0,24364.85
2026-04-20,2026-05-26,21300,CE,0.0,0.0,0.0,1897.15,3197.1,0,260,0,24364.85
2026-04-20,2026-05-26,21050,CE,0.0,0.0,0.0,2461.8,3444.45,0,195,0,24364.85
2026-04-20,2026-05-19,25700,CE,104.6,105.0,65.0,68.75,68.75,10,455,455,24364.85
2026-04-20,2026-05-19,24650,CE,331.15,398.75,328.2,379.0,379.0,34,1690,1040,24364.85
2026-04-20,2026-05-19,23550,CE,0.0,0.0,0.0,751.65,1070.2,0,0,0,24364.85
2026-04-20,2026-05-12,26250,CE,14.0,14.5,11.2,11.9,11.9,77,11635,-390,24364.85
2026-04-20,2026-05-12,26100,CE,18.85,19.0,14.0,16.3,16.3,138,5265,455,24364.85
2026-04-20,2026-05-12,25650,CE,50.45,51.15,44.95,46.05,46.05,40,1560,1560,24364.85
2026-04-20,2026-05-12,25450,CE,61.0,84.2,61.0,71.35,71.35,106,2210,780,24364.85
2026-04-20,2026-05-12,25100,CE,116.0,177.3,113.05,153.3,153.3,310,5980,2015,24364.85
2026-04-20,2026-05-12,25050,CE,161.5,188.35,145.95,157.6,157.6,212,2405,390,24364.85
2026-04-20,2026-05-12,24500,CE,394.0,454.0,328.65,391.45,391.45,2845,107445,40560,24364.85
2026-04-20,2026-05-12,23900,CE,711.9,820.1,693.2,820.1,744.5,18,650,260,24364.85
2026-04-20,2026-05-12,23850,CE,0.0,0.0,0.0,763.75,779.5,0,65,0,24364.85
2026-04-20,2026-05-12,23450,CE,0.0,0.0,0.0,396.35,1087.6,0,0,0,24364.85
2026-04-20,2026-05-12,22150,CE,0.0,0.0,0.0,1217.95,2295.9,0,0,0,24364.85
2026-04-20,2026-05-12,22100,CE,0.0,0.0,0.0,1259.0,2345.2,0,0,0,24364.85
2026-04-20,2026-05-12,22000,CE,0.0,0.0,0.0,1342.7,2443.95,0,0,0,24364.85
2026-04-20,2026-05-12,21400,CE,0.0,0.0,0.0,1880.75,3039.8,0,0,0,24364.85
2026-04-20,2026-05-05,25300,CE,53.3,72.95,39.0,59.6,59.6,11521,75855,-2925,24364.85
2026-04-20,2026-05-05,24500,CE,310.0,370.0,251.3,312.8,312.8,12061,244335,119080,24364.85
2026-04-20,2026-05-05,23750,CE,840.0,840.0,770.0,775.95,775.95,11,4615,130,24364.85
2026-04-20,2026-05-05,22850,CE,1678.0,1678.0,1678.0,1678.0,1579.25,1,65,65,24364.85
2026-04-20,2026-05-05,22650,CE,0.0,0.0,0.0,754.25,1773.95,0,0,0,24364.85
2026-04-20,2026-05-05,22600,CE,0.0,0.0,0.0,785.85,1823.0,0,0,0,24364.85
2026-04-20,2026-05-05,21500,CE,0.0,0.0,0.0,1644.15,2916.1,0,0,0,24364.85
2026-04-20,2026-04-28,27350,CE,0.75,1.5,0.1,0.8,0.8,1555,17615,-43680,24364.85
2026-04-20,2026-04-28,27100,CE,0.8,0.95,0.65,0.75,0.75,587,52520,-8580,24364.85
2026-04-20,2026-04-28,26850,CE,0.8,0.95,0.75,0.8,0.8,297,23790,-1430,24364.85
2026-04-20,2026-04-28,26050,CE,3.15,3.15,1.55,1.75,1.75,9921,453050,191620,24364.85
2026-04-20,2026-04-28,25800,CE,5.5,5.5,3.0,4.1,4.1,42051,1111305,371995,24364.85
2026-04-20,2026-04-28,25350,CE,17.9,21.4,10.6,17.8,17.8,18703,184470,58825,24364.85
2026-04-20,2026-04-28,24900,CE,87.55,103.9,52.15,79.55,79.55,60363,1154205,122785,24364.85
2026-04-20,2026-04-28,23950,CE,532.9,648.0,476.35,542.85,542.85,433,57395,-5200,24364.85
2026-04-20,2026-04-28,23700,CE,750.0,855.0,670.0,750.9,750.9,1333,254475,-9685,24364.85
2026-04-20,2026-04-28,23100,CE,1328.05,1395.0,1214.8,1279.95,1279.95,336,279500,-5135,24364.85
2026-04-20,2026-04-28,23050,CE,1373.85,1435.95,1306.35,1363.65,1363.65,46,186810,-650,24364.85
2026-04-20,2026-04-28,22350,CE,0.0,0.0,0.0,1847.2,2043.3,0,13910,0,24364.85
2026-04-20,2026-04-28,22250,CE,0.0,0.0,0.0,2040.0,2143.15,0,25675,0,24364.85
2026-04-20,2026-04-28,21350,CE,0.0,0.0,0.0,2848.55,3042.0,0,260,0,24364.85
2026-04-20,2026-04-28,20900,CE,0.0,0.0,0.0,2092.8,3491.4,0,325,0,24364.85
2026-04-20,2026-04-28,20150,CE,0.0,0.0,0.0,5334.1,4240.45,0,0,0,24364.85
2026-04-20,2026-04-21,25450,CE,1.25,1.25,0.6,0.75,0.75,184658,872495,-582725,24364.85
2026-04-20,2026-04-21,25150,CE,3.25,3.95,1.7,2.35,2.35,986775,1775735,491595,24364.85
2026-04-20,2026-04-21,24800,CE,20.25,27.3,7.7,12.65,12.65,3085791,6960265,-1349595,24364.85
2026-04-20,2026-04-21,24200,CE,270.0,327.0,162.35,217.25,217.25,887231,1566240,-1701505,24364.85
2026-04-20,2026-04-21,24000,CE,450.0,502.1,301.0,369.25,369.25,176605,991185,-591370,24364.85
2026-04-20,2026-04-21,23400,CE,897.35,1073.15,848.15,945.25,945.25,750,86450,-18070,24364.85
2026-04-20,2026-04-21,22000,CE,2371.9,2460.0,2241.4,2337.2,2337.2,2750,61360,-139880,24364.85
2026-04-20,2026-04-21,20900,CE,0.0,0.0,0.0,2822.45,3468.2,0,0,0,24364.85
2026-04-20,2026-04-21,20850,CE,0.0,0.0,0.0,2871.95,3518.2,0,0,0,24364.85
2026-04-20,2026-04-21,20300,CE,0.0,0.0,0.0,3417.45,4068.1,0,0,0,24364.85
2026-04-20,2030-12-31,24000,PE,0.0,0.0,0.0,353.8,935.3,0,0,0,24364.85
2026-04-20,2026-05-05,22500,PE,25.7,31.4,22.8,28.75,28.75,6722,254215,112385,24364.85
2026-04-20,2026-05-05,25250,CE,66.0,81.4,46.75,69.3,69.3,905,10985,4485,24364.85
