date,expiry,strike,opt_type,open,high,low,close,settle,volume,oi,oi_change,underlying
2026-01-29,2026-02-03,25100,CE,350.0,448.7,252.5,423.65,423.65,262511,830245,-228605,25418.9
2026-01-29,2026-02-03,25450,CE,159.6,205.9,101.5,188.35,188.35,881999,1811030,723385,25418.9
2026-01-29,2026-02-03,26700,CE,4.25,5.15,2.8,3.05,3.05,201503,1769040,591305,25418.9
2026-01-29,2026-02-03,27200,CE,2.0,2.6,1.4,1.5,1.5,79817,985270,-213720,25418.9
2026-01-29,2026-02-03,28000,CE,1.45,2.0,1.1,1.2,1.2,86219,3478020,383955,25418.9
2026-01-29,2026-02-03,28050,CE,1.55,1.95,1.05,1.15,1.15,22655,303420,-6045,25418.9
2026-01-29,2026-02-10,24200,CE,1148.5,1265.0,1070.0,1265.0,1263.85,3,585,65,25418.9
2026-01-29,2026-02-10,24600,CE,765.1,944.45,724.6,927.5,927.5,581,32565,17940,25418.9
2026-01-29,2026-02-10,25250,CE,320.05,418.2,263.65,399.95,399.95,17254,94250,-22490,25418.9
2026-01-29,2026-02-10,26650,CE,12.0,14.85,9.9,12.1,12.1,2329,13910,-9620,25418.9
2026-01-29,2026-02-10,27100,CE,5.05,6.75,5.05,5.45,5.45,914,45825,4810,25418.9
2026-01-29,2026-02-10,27250,CE,5.65,5.65,4.45,4.55,4.55,69,7735,1300,25418.9
2026-01-29,2026-02-10,27300,CE,5.75,6.55,4.05,4.65,4.65,856,35945,-2405,25418.9
2026-01-29,2026-02-17,23700,CE,1822.15,1831.05,1822.15,1826.6,1826.6,2,195,65,25418.9
2026-01-29,2026-02-17,24700,CE,724.0,806.9,724.0,806.9,826.05,29,3250,-650,25418.9
2026-01-29,2026-02-17,25150,CE,442.2,549.4,385.75,535.85,535.85,249,5915,-455,25418.9
2026-01-29,2026-02-17,25350,CE,329.6,415.0,278.65,400.55,400.55,732,7670,-9555,25418.9
2026-01-29,2026-02-17,26100,CE,72.45,95.55,62.5,88.45,88.45,768,23335,3835,25418.9
2026-01-29,2026-02-17,26550,CE,26.8,33.4,24.9,30.2,30.2,132,3510,-585,25418.9
2026-01-29,2026-02-17,26700,CE,20.0,23.4,18.2,21.05,21.05,545,16380,3900,25418.9
2026-01-29,2026-02-17,27400,CE,6.4,6.4,6.0,6.0,6.0,38,8385,-975,25418.9
2026-01-29,2026-02-17,27450,CE,0.0,0.0,0.0,6.05,0.5,0,0,0,25418.9
2026-01-29,2026-02-24,23350,CE,2201.3,2201.3,2194.5,2197.9,2197.9,2,65,0,25418.9
2026-01-29,2026-02-24,23600,CE,1700.0,1969.7,1700.0,1969.7,1912.45,2,195,0,25418.9
2026-01-29,2026-02-24,23800,CE,1757.95,1765.7,1757.95,1765.7,1714.95,2,7345,0,25418.9
2026-01-29,2026-02-24,25050,CE,549.9,679.9,493.95,658.5,658.5,289,20085,-845,25418.9
2026-01-29,2026-02-24,25450,CE,335.4,411.0,277.0,394.5,394.5,4561,129480,68640,25418.9
2026-01-29,2026-02-24,25600,CE,245.0,327.9,217.35,313.95,313.95,25456,936520,195130,25418.9
2026-01-29,2026-02-24,25800,CE,180.05,232.3,152.55,221.4,221.4,21859,999180,14365,25418.9
2026-01-29,2026-02-24,25950,CE,147.55,176.45,115.05,167.6,167.6,1763,69550,-1755,25418.9
2026-01-29,2026-02-24,26250,CE,72.6,95.0,63.65,88.7,88.7,2333,79625,-6435,25418.9
2026-01-29,2026-02-24,26550,CE,40.8,49.6,35.15,46.55,46.55,593,53300,5200,25418.9
2026-01-29,2026-02-24,27000,CE,19.0,21.9,17.2,19.8,19.8,32613,3246230,396760,25418.9
2026-01-29,2026-02-24,28000,CE,5.2,6.8,4.3,4.75,4.75,10719,781560,-107055,25418.9
2026-01-29,2026-03-02,23550,CE,0.0,0.0,0.0,1866.35,1984.55,0,0,0,25418.9
2026-01-29,2026-03-02,24100,CE,0.0,0.0,0.0,1368.05,1449.9,0,0,0,25418.9
2026-01-29,2026-03-02,24150,CE,0.0,0.0,0.0,1325.15,1402.55,0,0,0,25418.9
2026-01-29,2026-03-02,24650,CE,0.0,0.0,0.0,928.15,952.45,0,0,0,25418.9
2026-01-29,2026-03-02,25100,CE,565.4,676.05,528.1,673.1,673.1,22,1560,260,25418.9
2026-01-29,2026-03-02,25600,CE,287.85,369.1,262.65,358.7,358.7,58,1300,1300,25418.9
2026-01-29,2026-03-02,25800,CE,205.0,265.0,204.75,259.3,259.3,46,2275,-1105,25418.9
2026-01-29,2026-03-02,25950,CE,164.5,190.0,160.85,190.0,181.75,18,1040,1040,25418.9
2026-01-29,2026-03-30,20000,CE,5351.0,5659.15,5351.0,5615.5,5615.5,19,22660,-260,25418.9
2026-01-29,2026-03-30,23350,CE,0.0,0.0,0.0,2284.0,2288.25,0,65,0,25418.9
2026-01-29,2026-03-30,23400,CE,2323.55,2325.9,2323.55,2324.75,2324.75,2,130,0,25418.9
2026-01-29,2026-03-30,23700,CE,2048.85,2051.05,2048.85,2049.95,2049.95,2,130,0,25418.9
2026-01-29,2026-03-30,23800,CE,1948.9,1954.95,1948.9,1951.95,1951.95,2,130,0,25418.9
2026-01-29,2026-03-30,23900,CE,1859.25,1861.5,1859.25,1860.4,1860.4,2,1300,0,25418.9
2026-01-29,2026-03-30,26000,CE,319.95,359.0,270.0,347.95,347.95,12920,2298230,-10490,25418.9
2026-01-29,2026-03-30,27000,CE,79.7,88.0,68.1,84.8,84.8,20396,3123290,177655,25418.9
2026-01-29,2026-03-30,27200,CE,60.7,63.8,51.35,61.6,61.6,3550,97955,6370,25418.9
2026-01-29,2026-04-28,23850,CE,0.0,0.0,0.0,1825.9,1942.25,0,0,0,25418.9
2026-01-29,2026-04-28,24100,CE,0.0,0.0,0.0,1624.85,1722.25,0,0,0,25418.9
2026-01-29,2026-04-28,24600,CE,0.0,0.0,0.0,1255.1,1312.05,0,0,0,25418.9
2026-01-29,2026-04-28,25450,CE,818.75,818.75,818.75,818.75,818.75,1,65,65,25418.9
2026-01-29,2026-04-28,26900,CE,150.05,186.25,131.15,183.3,183.3,819,34645,27040,25418.9
2026-01-29,2026-06-30,24000,CE,2140.0,2265.0,2050.0,2257.0,2257.0,50,128170,-455,25418.9
2026-01-29,2026-09-29,34500,CE,0.0,0.0,0.0,30.15,1.65,0,0,0,25418.9
2026-01-29,2026-12-29,33000,CE,50.0,54.0,49.0,53.95,53.95,28,15730,260,25418.9
2026-01-29,2027-06-29,19500,CE,0.0,0.0,0.0,8143.4,7383.35,0,0,0,25418.9
2026-01-29,2027-06-29,27000,CE,0.0,0.0,0.0,1932.5,1603.0,0,0,0,25418.9
2026-01-29,2027-06-29,28500,CE,0.0,0.0,0.0,1711.9,986.2,0,0,0,25418.9
2026-01-29,2027-12-28,22500,CE,0.0,0.0,0.0,6183.0,5288.8,0,0,0,25418.9
2026-01-29,2027-12-28,27000,CE,2515.7,2515.7,2515.7,2515.7,2193.85,1,4780,0,25418.9
2026-01-29,2028-06-27,22500,CE,0.0,0.0,0.0,6796.05,5850.75,0,0,0,25418.9
2026-01-29,2029-06-26,25500,CE,0.0,0.0,0.0,5917.35,4798.9,0,0,0,25418.9
2026-01-29,2029-06-26,27000,CE,0.0,0.0,0.0,6570.4,3886.25,0,0,0,25418.9
2026-01-29,2029-12-24,21000,CE,0.0,0.0,0.0,9463.95,8546.1,0,0,0,25418.9
2026-01-29,2029-12-24,30000,CE,0.0,0.0,0.0,3400.0,2902.5,0,7950,0,25418.9
2026-01-29,2029-12-24,33000,CE,0.0,0.0,0.0,3816.05,1798.4,0,0,0,25418.9
2026-01-29,2030-06-25,27000,CE,0.0,0.0,0.0,6972.5,4954.45,0,0,0,25418.9
2026-01-29,2026-02-03,23350,PE,3.95,5.45,2.3,2.55,2.55,60675,595595,340925,25418.9
2026-01-29,2026-02-03,23550,PE,4.75,6.7,3.0,3.2,3.2,44547,379210,89635,25418.9
2026-01-29,2026-02-03,23750,PE,5.15,8.55,3.7,3.95,3.95,102411,1634815,62790,25418.9
2026-01-29,2026-02-03,23850,PE,6.6,9.4,4.25,4.45,4.45,92932,1639820,109980,25418.9
2026-01-29,2026-02-03,25300,PE,185.0,280.0,116.0,124.3,124.3,2262265,4535245,617630,25418.9
2026-01-29,2026-02-03,26400,PE,1143.45,1197.0,937.25,950.15,950.15,82,25805,260,25418.9
2026-01-29,2026-02-03,26600,PE,1327.0,1327.0,1125.8,1154.4,1154.4,32,13910,-325,25418.9
2026-01-29,2026-02-03,27100,PE,1722.0,1722.0,1626.85,1630.05,1660.7,63,4160,-520,25418.9
2026-01-29,2026-02-10,23850,PE,19.55,23.35,11.1,12.6,12.6,1213,26390,12480,25418.9
2026-01-29,2026-02-10,25100,PE,167.0,231.5,114.7,119.5,119.5,17230,185770,53365,25418.9
2026-01-29,2026-02-10,26600,PE,1107.55,1126.5,1107.55,1120.2,1120.2,17,1430,325,25418.9
2026-01-29,2026-02-10,27050,PE,1550.2,1553.7,1550.2,1553.7,1582.55,2,195,0,25418.9
2026-01-29,2026-02-10,27100,PE,1600.35,1603.95,1600.35,1603.95,1632.35,2,195,0,25418.9
2026-01-29,2026-02-10,27600,PE,2257.05,2286.1,2094.7,2098.25,2098.25,4,325,0,25418.9
2026-01-29,2026-02-10,27650,PE,2131.95,2147.4,2131.95,2142.3,2181.15,3,260,0,25418.9
2026-01-29,2026-02-17,23400,PE,15.5,19.0,11.55,13.15,13.15,134,11960,4680,25418.9
2026-01-29,2026-02-17,24200,PE,47.5,63.15,35.0,35.55,35.55,286,9945,1885,25418.9
2026-01-29,2026-02-17,24500,PE,78.65,101.2,54.75,56.25,56.25,898,45890,7475,25418.9
2026-01-29,2026-02-17,24800,PE,130.0,164.5,90.55,93.1,93.1,778,17680,-910,25418.9
2026-01-29,2026-02-17,24900,PE,160.0,194.0,107.25,110.4,110.4,1111,21125,7930,25418.9
2026-01-29,2026-02-17,25700,PE,456.6,456.6,383.0,395.9,395.9,217,18395,7995,25418.9
2026-01-29,2026-02-17,25800,PE,564.95,659.4,440.0,451.4,451.4,1373,70070,57525,25418.9
2026-01-29,2026-02-17,26150,PE,697.65,697.65,695.3,695.3,715.6,2,65,0,25418.9
2026-01-29,2026-02-17,27200,PE,1671.4,1681.5,1671.4,1676.45,1676.45,2,130,0,25418.9
2026-01-29,2026-02-24,23900,PE,44.0,52.3,30.55,32.0,32.0,3659,184210,-1365,25418.9
2026-01-29,2026-02-24,24050,PE,50.35,64.0,38.2,39.55,39.55,606,26195,1885,25418.9
2026-01-29,2026-02-24,24100,PE,55.95,68.9,40.95,42.25,42.25,7834,286975,-13845,25418.9
2026-01-29,2026-02-24,25850,PE,621.6,711.6,496.75,509.75,509.75,376,26325,3705,25418.9
2026-01-29,2026-02-24,26100,PE,818.4,910.0,661.5,679.9,679.9,599,214240,-715,25418.9
2026-01-29,2026-02-24,26150,PE,855.0,945.0,699.0,716.35,716.35,107,22295,-1040,25418.9
2026-01-29,2026-02-24,26400,PE,1069.95,1171.4,903.8,918.3,918.3,418,404560,-4355,25418.9
2026-01-29,2026-02-24,26800,PE,1528.0,1528.0,1262.0,1267.55,1267.55,27,44720,-390,25418.9
2026-01-29,2026-02-24,27750,PE,0.0,0.0,0.0,2232.05,2223.35,0,195,0,25418.9
2026-01-29,2026-02-24,28100,PE,2750.0,2750.0,2540.5,2540.5,2540.5,2,3055,65,25418.9
2026-01-29,2026-03-02,23550,PE,0.0,0.0,0.0,23.55,2.35,0,0,0,25418.9
2026-01-29,2026-03-02,23750,PE,0.0,0.0,0.0,36.2,4.85,0,0,0,25418.9
2026-01-29,2026-03-02,25650,PE,0.0,0.0,0.0,597.85,402.3,0,0,0,25418.9
2026-01-29,2026-03-02,26650,PE,0.0,0.0,0.0,1328.8,1147.75,0,0,0,25418.9
2026-01-29,2026-03-30,25800,PE,602.0,675.0,506.6,517.9,517.9,658,84890,3120,25418.9
2026-01-29,2026-03-30,26250,PE,907.0,907.0,762.65,764.6,833.1,3,3965,0,25418.9
2026-01-29,2026-03-30,27050,PE,0.0,0.0,0.0,1463.85,1464.55,0,975,0,25418.9
2026-01-29,2026-03-30,27100,PE,1428.9,1432.55,1428.9,1430.75,1430.75,2,2340,0,25418.9
2026-01-29,2026-03-30,27250,PE,0.0,0.0,0.0,1636.9,1641.55,0,455,0,25418.9
2026-01-29,2026-03-30,27400,PE,1696.3,1698.95,1696.3,1698.95,1777.75,2,2340,0,25418.9
2026-01-29,2026-03-30,28100,PE,0.0,0.0,0.0,2456.15,2439.95,0,260,0,25418.9
2026-01-29,2026-04-28,25000,PE,317.1,356.9,269.05,273.55,273.55,1763,63765,36595,25418.9
2026-01-29,2026-04-28,25150,PE,0.0,0.0,0.0,496.65,316.85,0,0,0,25418.9
2026-01-29,2026-04-28,25300,PE,415.75,454.35,352.0,353.7,371.0,62,2015,1690,25418.9
2026-01-29,2026-04-28,25400,PE,455.0,508.95,383.9,387.9,387.9,93,2405,2405,25418.9
2026-01-29,2026-04-28,25950,PE,605.1,608.8,603.8,605.2,605.2,7,455,455,25418.9
2026-01-29,2026-04-28,26250,PE,0.0,0.0,0.0,1084.35,852.95,0,0,0,25418.9
2026-01-29,2026-04-28,26500,PE,1060.0,1092.35,897.9,911.0,911.0,161,6045,5005,25418.9
2026-01-29,2026-06-30,26000,PE,693.1,797.4,656.0,664.85,664.85,2814,971420,41925,25418.9
2026-01-29,2026-06-30,27000,PE,1305.0,1379.7,1171.45,1190.45,1190.45,920,1106680,-4360,25418.9
2026-01-29,2026-06-30,28000,PE,2010.4,2153.05,1890.8,1916.8,1916.8,431,566085,-10335,25418.9
2026-01-29,2026-09-29,26000,PE,771.05,807.45,700.6,708.15,708.15,314,108210,10790,25418.9
2026-01-29,2026-12-29,22000,PE,138.2,150.0,129.05,131.9,131.9,561,229300,-7130,25418.9
2026-01-29,2026-12-29,33000,PE,0.0,0.0,0.0,5263.45,5994.2,0,0,0,25418.9
2026-01-29,2027-06-29,33000,PE,0.0,0.0,0.0,4691.7,5270.85,0,0,0,25418.9
2026-01-29,2027-12-28,30000,PE,0.0,0.0,0.0,4140.9,2571.75,0,0,0,25418.9
2026-01-29,2028-06-27,31500,PE,0.0,0.0,0.0,2935.6,3163.15,0,0,0,25418.9
2026-01-29,2028-12-26,22500,PE,0.0,0.0,0.0,218.8,145.15,0,0,0,25418.9
2026-01-29,2028-12-26,30000,PE,0.0,0.0,0.0,2352.75,2063.45,0,0,0,25418.9
2026-01-29,2030-06-25,22500,PE,0.0,0.0,0.0,223.75,145.55,0,0,0,25418.9
2026-01-29,2030-12-31,22500,PE,0.0,0.0,0.0,219.35,141.45,0,0,0,25418.9
2026-01-29,2026-09-29,25500,CE,1413.75,1515.0,1390.75,1515.0,1411.5,11,780,65,25418.9
2026-01-29,2026-09-29,30000,CE,85.45,91.5,82.8,89.45,89.45,824,166965,-10790,25418.9
2026-01-29,2026-09-29,33000,CE,0.0,0.0,0.0,41.95,7.4,0,975,0,25418.9
2026-01-29,2026-12-29,19500,CE,0.0,0.0,0.0,7586.85,6877.45,0,0,0,25418.9
2026-01-29,2026-12-29,34500,CE,0.0,0.0,0.0,89.2,10.9,0,0,0,25418.9
2026-01-29,2027-06-29,25500,CE,0.0,0.0,0.0,3312.45,2441.6,0,0,0,25418.9
2026-01-29,2027-12-28,25500,CE,0.0,0.0,0.0,4013.5,3068.25,0,0,0,25418.9
2026-01-29,2029-06-26,19500,CE,0.0,0.0,0.0,10206.95,9277.3,0,0,0,25418.9
2026-01-29,2029-06-26,21000,CE,0.0,0.0,0.0,9799.75,8074.55,0,0,0,25418.9
2026-01-29,2029-06-26,22500,CE,0.0,0.0,0.0,7946.5,6912.95,0,0,0,25418.9
2026-01-29,2030-12-31,31500,PE,0.0,0.0,0.0,1885.5,1873.05,0,0,0,25418.9
2026-01-29,2030-06-25,31500,PE,0.0,0.0,0.0,2056.3,2073.95,0,0,0,25418.9
2026-01-29,2030-06-25,25500,PE,0.0,0.0,0.0,568.55,458.65,0,0,0,25418.9
2026-01-29,2030-06-25,19500,PE,0.0,0.0,0.0,64.95,30.3,0,0,0,25418.9
2026-01-29,2029-06-26,25500,PE,0.0,0.0,0.0,624.25,521.25,0,0,0,25418.9
2026-01-29,2029-06-26,18000,PE,0.0,0.0,0.0,118.45,8.0,0,0,0,25418.9
2026-01-29,2028-12-26,26000,PE,975.0,975.0,975.0,975.0,661.65,1,5575,0,25418.9
2026-01-29,2028-12-26,19500,PE,0.0,0.0,0.0,49.0,21.45,0,0,0,25418.9
2026-01-29,2028-06-27,30000,PE,0.0,0.0,0.0,3779.25,2296.65,0,0,0,25418.9
2026-01-29,2028-06-27,28500,PE,0.0,0.0,0.0,1560.85,1570.95,0,0,0,25418.9
2026-01-29,2027-12-28,22500,PE,0.0,0.0,0.0,186.5,123.6,0,0,0,25418.9
2026-01-29,2027-12-28,20000,PE,0.0,0.0,0.0,180.0,18.0,0,3800,0,25418.9
2026-01-29,2027-12-28,19500,PE,0.0,0.0,0.0,29.25,11.25,0,0,0,25418.9
2026-01-29,2027-12-28,19000,PE,0.0,0.0,0.0,140.05,6.75,0,675,0,25418.9
2026-01-29,2027-12-28,18000,PE,0.0,0.0,0.0,97.05,2.2,0,11550,0,25418.9
2026-01-29,2026-09-29,27000,PE,1214.0,1264.55,1092.0,1119.55,1119.55,83,47350,1385,25418.9
2026-01-29,2026-06-30,34500,PE,0.0,0.0,0.0,7540.2,8299.9,0,0,0,25418.9
2026-01-29,2026-06-30,28500,PE,0.0,0.0,0.0,2121.75,2538.9,0,0,0,25418.9
2026-01-29,2026-06-30,25000,PE,381.75,429.45,342.55,353.4,353.4,3865,982235,43080,25418.9
2026-01-29,2026-04-28,26450,PE,0.0,0.0,0.0,1218.75,984.15,0,0,0,25418.9
2026-01-29,2026-04-28,26100,PE,0.0,0.0,0.0,988.8,761.05,0,0,0,25418.9
2026-01-29,2026-04-28,24750,PE,219.25,219.25,219.25,219.25,219.25,1,65,65,25418.9
2026-01-29,2026-03-30,26350,PE,850.0,862.0,840.5,841.9,903.7,46,5135,2925,25418.9
2026-01-29,2026-03-30,26300,PE,948.0,1013.9,792.6,792.6,868.05,31,29900,-715,25418.9
2026-01-29,2026-03-30,24200,PE,114.95,135.85,93.15,95.1,95.1,2724,271635,-2990,25418.9
2026-01-29,2026-03-30,23900,PE,87.5,100.0,71.5,73.3,73.3,751,62140,4615,25418.9
2026-01-29,2026-03-30,23850,PE,84.65,94.35,68.85,69.4,69.4,135,10075,1365,25418.9
2026-01-29,2026-03-02,27100,PE,0.0,0.0,0.0,1727.25,1565.5,0,0,0,25418.9
2026-01-29,2026-03-02,26900,PE,0.0,0.0,0.0,1546.5,1376.4,0,0,0,25418.9
2026-01-29,2026-03-02,26750,PE,0.0,0.0,0.0,1414.65,1237.95,0,0,0,25418.9
2026-01-29,2026-03-02,26150,PE,0.0,0.0,0.0,930.2,732.1,0,0,0,25418.9
2026-01-29,2026-03-02,26100,PE,0.0,0.0,0.0,893.65,694.7,0,0,0,25418.9
2026-01-29,2026-03-02,25450,PE,391.4,416.05,300.4,315.1,315.1,49,2665,2080,25418.9
2026-01-29,2026-03-02,24650,PE,0.0,0.0,0.0,177.85,65.0,0,0,0,25418.9
2026-01-29,2026-03-02,24250,PE,0.0,0.0,0.0,93.3,23.3,0,0,0,25418.9
2026-01-29,2026-03-02,23950,PE,0.0,0.0,0.0,53.95,9.45,0,0,0,25418.9
2026-01-29,2026-02-24,27400,PE,1855.4,1855.4,1846.85,1851.15,1851.15,2,2405,0,25418.9
2026-01-29,2026-02-24,25950,PE,695.7,775.3,559.05,575.95,575.95,373,39780,-4875,25418.9
2026-01-29,2026-02-24,24750,PE,142.0,181.1,107.45,110.65,110.65,1963,65585,16445,25418.9
2026-01-29,2026-02-24,24450,PE,95.05,114.55,69.25,70.6,70.6,628,55185,-3705,25418.9
2026-01-29,2026-02-17,27450,PE,1916.75,1927.45,1916.75,1922.1,1922.1,2,130,0,25418.9
2026-01-29,2026-02-17,27250,PE,1719.8,1730.6,1719.8,1725.2,1725.2,2,130,0,25418.9
2026-01-29,2026-02-17,27000,PE,1551.0,1551.0,1473.05,1473.05,1507.35,2,195,65,25418.9
2026-01-29,2026-02-17,26650,PE,1137.5,1142.95,1137.5,1140.25,1140.25,2,65,-65,25418.9
2026-01-29,2026-02-17,26300,PE,815.75,819.95,815.75,819.95,844.65,4,195,0,25418.9
2026-01-29,2026-02-17,25650,PE,500.0,504.05,359.6,359.6,352.95,47,1755,715,25418.9
2026-01-29,2026-02-17,25350,PE,318.95,377.8,226.2,232.25,232.25,566,7540,1690,25418.9
2026-01-29,2026-02-17,24050,PE,39.15,48.55,27.8,28.7,28.7,132,5135,910,25418.9
2026-01-29,2026-02-17,23900,PE,31.9,39.3,22.6,22.85,22.85,321,12090,5655,25418.9
2026-01-29,2026-02-10,27900,PE,2556.05,2615.85,2392.55,2405.2,2405.2,5,325,0,25418.9
2026-01-29,2026-02-10,27500,PE,2165.0,2165.0,1994.0,1995.15,2031.45,5,975,65,25418.9
2026-01-29,2026-02-10,27300,PE,1800.7,1803.4,1797.95,1797.95,1831.85,3,195,0,25418.9
2026-01-29,2026-02-10,26250,PE,845.0,855.0,769.2,769.2,801.05,8,780,520,25418.9
2026-01-29,2026-02-10,26100,PE,790.0,832.85,645.0,661.25,661.25,75,19890,-65,25418.9
2026-01-29,2026-02-10,25200,PE,190.95,275.85,139.65,145.8,145.8,39230,488085,155220,25418.9
2026-01-29,2026-02-10,24850,PE,109.95,147.0,70.85,73.25,73.25,4004,53625,21125,25418.9
2026-01-29,2026-02-10,24800,PE,88.25,134.95,64.25,66.55,66.55,22655,286390,93015,25418.9
2026-01-29,2026-02-10,24600,PE,71.6,91.8,43.4,45.0,45.0,10710,238290,64610,25418.9
2026-01-29,2026-02-10,23750,PE,15.6,20.6,9.15,11.35,11.35,1789,51935,-2145,25418.9
2026-01-29,2026-02-10,23450,PE,10.15,13.3,7.15,7.85,7.85,428,5395,-6565,25418.9
2026-01-29,2026-02-03,27250,PE,1786.25,1803.75,1786.25,1803.75,1803.75,8,325,130,25418.9
2026-01-29,2026-02-03,26900,PE,1616.15,1616.15,1435.7,1438.25,1460.85,4,1300,130,25418.9
2026-01-29,2026-02-03,26700,PE,1416.8,1416.8,1231.0,1244.2,1244.2,31,5850,-650,25418.9
2026-01-29,2026-02-03,26450,PE,1144.6,1160.0,987.7,997.15,997.15,22,1365,260,25418.9
2026-01-29,2026-02-03,26350,PE,1143.0,1143.0,878.55,899.9,899.9,17,5135,130,25418.9
2026-01-29,2026-02-03,25950,PE,685.55,790.1,510.0,532.0,532.0,662,43680,2600,25418.9
2026-01-29,2026-02-03,25900,PE,656.05,740.85,468.5,488.95,488.95,5449,268450,18005,25418.9
2026-01-29,2026-02-03,24850,PE,55.0,96.15,32.75,35.9,35.9,307327,823615,275535,25418.9
2026-01-29,2026-02-03,24150,PE,10.3,16.9,7.1,7.55,7.55,128361,660465,148395,25418.9
2026-01-29,2026-02-03,23650,PE,4.5,7.4,3.45,3.65,3.65,64949,351715,-353600,25418.9
2026-01-29,2026-02-03,23600,PE,4.0,6.95,3.2,3.4,3.4,98482,852150,-10530,25418.9
2026-01-29,2026-02-03,23400,PE,4.25,5.5,2.5,2.7,2.7,95574,2339090,280085,25418.9
2026-01-29,2030-12-31,34500,CE,0.0,0.0,0.0,3406.35,2199.8,0,0,0,25418.9
2026-01-29,2030-06-25,18000,CE,0.0,0.0,0.0,12423.9,11303.25,0,0,0,25418.9
2026-01-29,2029-12-24,25500,CE,0.0,0.0,0.0,6500.6,5336.45,0,0,0,25418.9
2026-01-29,2026-02-03,25500,CE,135.5,179.0,87.95,163.1,163.1,1714265,5403320,183170,25418.9
2026-01-29,2026-02-03,26000,CE,27.0,35.9,18.25,29.5,29.5,979806,8932885,1179555,25418.9
2026-01-29,2026-02-03,26750,CE,3.8,4.7,2.5,2.75,2.75,85999,349700,73645,25418.9
2026-01-29,2026-02-03,27950,CE,1.55,2.4,1.05,1.2,1.2,14398,202475,0,25418.9
2026-01-29,2026-02-03,28100,CE,1.45,1.75,1.05,1.1,1.1,78881,1077765,342810,25418.9
2026-01-29,2026-02-10,23350,CE,2149.4,2149.4,2138.75,2144.1,2144.1,2,65,0,25418.9
2026-01-29,2026-02-10,25450,CE,204.05,291.35,177.1,275.2,275.2,9605,129740,58565,25418.9
2026-01-29,2026-02-10,25600,CE,154.85,213.35,126.95,199.8,199.8,23339,353340,101920,25418.9
2026-01-29,2026-02-10,25800,CE,115.0,133.15,79.25,122.9,122.9,24440,472030,131105,25418.9
2026-01-29,2026-02-10,27950,CE,3.1,3.35,2.55,3.0,3.0,1315,65260,6695,25418.9
2026-01-29,2026-02-17,24350,CE,1205.35,1213.35,1205.35,1209.35,1209.35,2,325,0,25418.9
2026-01-29,2026-02-17,24750,CE,693.05,857.6,693.05,857.6,782.4,19,1560,-1235,25418.9
2026-01-29,2026-02-17,25200,CE,406.35,516.95,355.0,499.75,499.75,1493,47060,7995,25418.9
2026-01-29,2026-02-17,26250,CE,64.15,66.2,44.9,61.15,61.15,240,17940,2730,25418.9
2026-01-29,2026-02-24,24100,CE,1342.35,1465.55,1342.35,1465.45,1422.3,6,1430,65,25418.9
2026-01-29,2026-02-24,24600,CE,860.0,1046.55,812.0,1025.5,1025.5,154,24505,-3120,25418.9
2026-01-29,2026-02-24,26050,CE,108.2,143.55,94.8,136.95,136.95,2126,62920,-780,25418.9
2026-01-29,2026-02-24,26400,CE,56.4,69.0,47.9,64.6,64.6,15187,795340,-61035,25418.9
2026-01-29,2026-02-24,26500,CE,42.4,55.6,39.75,51.95,51.95,46589,2626000,-96655,25418.9
2026-01-29,2026-02-24,27150,CE,14.85,16.3,12.25,15.15,15.15,125,10400,-1040,25418.9
2026-01-29,2026-02-24,27450,CE,10.65,11.15,8.75,9.35,9.35,136,15405,650,25418.9
2026-01-29,2026-02-24,27550,CE,10.0,10.3,7.35,8.3,8.3,105,36400,-195,25418.9
2026-01-29,2026-02-24,28100,CE,5.2,6.5,4.2,4.45,4.45,1058,140725,8320,25418.9
2026-01-29,2026-03-02,23400,CE,0.0,0.0,0.0,2008.5,2132.8,0,0,0,25418.9
2026-01-29,2026-03-02,24350,CE,0.0,0.0,0.0,1158.75,1216.7,0,0,0,25418.9
2026-01-29,2026-03-02,25050,CE,0.0,0.0,0.0,651.8,640.7,0,1560,0,25418.9
2026-01-29,2026-03-02,25850,CE,242.1,242.1,238.0,239.7,239.7,4,195,195,25418.9
2026-01-29,2026-03-02,26100,CE,140.25,161.95,137.4,159.05,159.05,68,3250,1300,25418.9
2026-01-29,2026-03-02,26500,CE,58.65,74.9,53.2,71.1,71.1,276,5460,-1950,25418.9
2026-01-29,2026-03-02,27050,CE,0.0,0.0,0.0,48.2,16.85,0,0,0,25418.9
2026-01-29,2026-03-30,24250,CE,1541.7,1542.8,1541.7,1542.25,1542.25,2,130,-65,25418.9
2026-01-29,2026-03-30,25250,CE,685.75,773.75,620.55,773.75,773.75,88,5200,195,25418.9
2026-01-29,2026-03-30,25300,CE,632.4,749.0,582.0,728.5,728.5,1027,49075,-2405,25418.9
2026-01-29,2026-03-30,25400,CE,580.0,683.3,530.0,663.55,663.55,925,135915,1690,25418.9
2026-01-29,2026-03-30,25500,CE,543.6,620.0,479.55,603.6,603.6,7718,693095,84630,25418.9
2026-01-29,2026-03-30,25900,CE,329.2,401.7,304.4,390.2,390.2,831,57590,-4420,25418.9
2026-01-29,2026-03-30,27250,CE,52.0,58.55,47.9,56.9,56.9,163,9035,-1690,25418.9
2026-01-29,2026-03-30,27550,CE,36.55,39.4,33.8,38.75,33.25,71,4615,-390,25418.9
2026-01-29,2026-03-30,28000,CE,24.8,27.45,23.25,25.5,25.5,6934,1622590,40860,25418.9
2026-01-29,2026-04-28,24350,CE,0.0,0.0,0.0,1434.25,1511.55,0,0,0,25418.9
2026-01-29,2026-04-28,24450,CE,0.0,0.0,0.0,1362.05,1430.3,0,0,0,25418.9
2026-01-29,2026-04-28,24650,CE,0.0,0.0,0.0,1220.8,1273.65,0,0,0,25418.9
2026-01-29,2026-04-28,24750,CE,0.0,0.0,0.0,1153.8,1198.4,0,0,0,25418.9
2026-01-29,2026-04-28,24900,CE,1194.2,1194.2,1188.0,1191.1,1191.1,4,130,0,25418.9
2026-01-29,2026-04-28,25650,CE,569.95,569.95,564.05,565.75,631.1,4,260,260,25418.9
2026-01-29,2026-04-28,27100,CE,0.0,0.0,0.0,195.55,150.65,0,0,0,25418.9
2026-01-29,2026-06-30,19500,CE,0.0,0.0,0.0,7018.7,6360.45,0,0,0,25418.9
2026-01-29,2026-06-30,22500,CE,0.0,0.0,0.0,3456.85,3445.2,0,65,0,25418.9
2026-01-29,2026-09-29,22500,CE,0.0,0.0,0.0,4506.85,3768.95,0,0,0,25418.9
2026-01-29,2026-04-28,26350,PE,0.0,0.0,0.0,1150.55,917.35,0,0,0,25418.9
2026-01-29,2026-04-28,26550,PE,0.0,0.0,0.0,1288.8,1053.3,0,0,0,25418.9
2026-01-29,2026-06-30,16000,PE,0.0,0.0,0.0,8.5,0.05,0,1650,0,25418.9
2026-01-29,2026-06-30,19500,PE,0.0,0.0,0.0,0.4,0.05,0,0,0,25418.9
2026-01-29,2030-12-31,25500,PE,0.0,0.0,0.0,538.25,427.3,0,0,0,25418.9
2026-01-29,2030-12-31,24000,PE,0.0,0.0,0.0,353.8,255.85,0,0,0,25418.9
2026-01-29,2029-12-24,31500,PE,0.0,0.0,0.0,2240.25,2294.45,0,0,0,25418.9
2026-01-29,2029-12-24,24000,PE,0.0,0.0,0.0,625.5,282.2,0,0,0,25418.9
2026-01-29,2028-12-26,34500,PE,0.0,0.0,0.0,4281.85,4689.95,0,0,0,25418.9
2026-01-29,2028-06-27,18000,PE,0.0,0.0,0.0,396.75,4.05,0,0,0,25418.9
2026-01-29,2027-12-28,24000,PE,455.05,470.05,420.0,439.4,439.4,16,9825,715,25418.9
2026-01-29,2026-12-29,25500,PE,640.0,687.2,585.1,616.9,616.9,46,14430,455,25418.9
2026-01-29,2026-06-30,21000,PE,41.5,44.85,38.5,39.35,39.35,302,601460,4050,25418.9
2026-01-29,2026-02-03,24300,CE,1000.0,1185.0,907.05,1165.45,1165.45,249,11635,715,25418.9
2026-01-29,2026-02-03,24450,CE,874.1,1034.8,767.7,1021.2,1021.2,74,24440,-845,25418.9
2026-01-29,2026-02-03,24650,CE,689.7,846.95,587.05,827.25,827.25,447,33800,1365,25418.9
2026-01-29,2026-02-03,24900,CE,486.0,618.95,383.2,593.75,593.75,20877,213330,34970,25418.9
2026-01-29,2026-02-03,25050,CE,377.85,490.25,282.6,465.05,465.05,39128,127010,-18395,25418.9
2026-01-29,2026-02-03,26300,CE,10.5,13.35,6.85,10.05,10.05,297375,3165955,316420,25418.9
2026-01-29,2026-02-03,26350,CE,9.9,11.4,5.8,8.55,8.55,163239,1080040,278590,25418.9
2026-01-29,2026-02-03,26500,CE,6.3,7.35,4.25,5.3,5.3,445702,6872190,1822990,25418.9
2026-01-29,2026-02-03,27250,CE,2.05,2.55,1.4,1.5,1.5,30060,246415,84630,25418.9
2026-01-29,2026-02-03,27350,CE,1.8,2.45,1.3,1.4,1.4,38791,206895,50635,25418.9
2026-01-29,2026-02-03,27700,CE,2.0,2.3,1.25,1.35,1.35,49962,822640,61555,25418.9
2026-01-29,2026-02-03,27800,CE,1.7,2.2,1.15,1.25,1.25,62311,1067495,196365,25418.9
2026-01-29,2026-02-10,23900,CE,1607.4,1607.4,1596.55,1602.0,1602.0,2,130,0,25418.9
2026-01-29,2026-02-10,24750,CE,654.95,811.5,591.5,796.5,796.5,97,5330,1300,25418.9
2026-01-29,2026-02-10,25550,CE,202.95,237.4,141.55,223.1,223.1,7252,115245,25870,25418.9
2026-01-29,2026-02-10,25650,CE,133.3,189.7,113.0,177.75,177.75,8057,84565,1560,25418.9
2026-01-29,2026-02-10,27200,CE,5.45,6.35,4.35,4.8,4.8,1188,53560,9425,25418.9
2026-01-29,2026-02-10,27350,CE,3.95,5.75,3.8,4.0,4.0,177,7735,-910,25418.9
2026-01-29,2026-02-10,27400,CE,4.6,5.8,3.85,4.3,4.3,701,23660,7540,25418.9
2026-01-29,2026-02-17,23300,CE,2239.5,2239.5,2231.3,2231.3,2231.3,2,65,0,25418.9
2026-01-29,2026-02-17,24050,CE,0.0,0.0,0.0,1400.0,1440.65,0,195,0,25418.9
2026-01-29,2026-02-17,24100,CE,1436.8,1444.0,1436.8,1440.4,1440.4,2,260,65,25418.9
2026-01-29,2026-02-17,24200,CE,1357.75,1357.75,1346.8,1350.0,1350.0,3,260,0,25418.9
2026-01-29,2026-02-17,24600,CE,863.8,901.85,838.85,895.65,915.55,16,780,-650,25418.9
2026-01-29,2026-02-17,25750,CE,154.9,204.05,133.35,193.4,193.4,140,5655,455,25418.9
2026-01-29,2026-02-17,25800,CE,140.0,185.5,119.6,174.6,174.6,1178,37570,12415,25418.9
2026-01-29,2026-02-17,26300,CE,45.15,58.55,40.1,53.5,53.5,679,30550,10205,25418.9
2026-01-29,2026-02-17,26350,CE,40.65,51.65,36.6,47.5,47.5,182,6240,3705,25418.9
2026-01-29,2026-02-17,27100,CE,10.6,11.45,9.25,11.1,2.3,70,10205,845,25418.9
2026-01-29,2026-02-24,23650,CE,1735.35,1922.15,1735.35,1917.05,1917.05,3,1885,-65,25418.9
2026-01-29,2026-02-24,24150,CE,1424.4,1433.25,1424.4,1428.85,1428.85,2,325,-65,25418.9
2026-01-29,2026-02-24,24850,CE,706.85,812.8,641.95,808.85,808.85,31,7215,-325,25418.9
2026-01-29,2026-02-24,26950,CE,19.95,22.95,18.9,21.0,21.0,314,20020,4030,25418.9
2026-01-29,2026-02-24,27300,CE,11.0,14.4,10.05,12.0,12.0,3083,142740,-33085,25418.9
2026-01-29,2026-02-24,27400,CE,9.25,11.1,8.65,10.1,10.1,2205,276705,-1755,25418.9
2026-01-29,2026-02-24,27500,CE,11.0,11.0,8.0,8.8,8.8,10710,1417585,-38545,25418.9
2026-01-29,2026-02-24,27750,CE,6.6,7.4,5.6,6.0,6.0,98,2600,-3120,25418.9
2026-01-29,2026-02-24,27900,CE,5.55,6.8,4.55,4.95,4.95,1743,226850,-12025,25418.9
2026-01-29,2026-03-02,25150,CE,510.0,601.6,480.0,601.55,572.05,17,650,390,25418.9
2026-01-29,2026-03-02,25700,CE,292.1,305.05,241.4,299.0,273.05,27,2405,-130,25418.9
2026-01-29,2026-03-02,26750,CE,0.0,0.0,0.0,79.2,35.55,0,0,0,25418.9
2026-01-29,2026-03-30,23750,CE,1999.95,2004.7,1999.95,2002.35,2002.35,2,65,0,25418.9
2026-01-29,2026-03-30,24900,CE,900.0,1020.0,839.05,1020.0,928.3,92,12415,-2080,25418.9
2026-01-29,2026-03-30,25100,CE,762.1,883.9,707.15,870.85,870.85,297,17030,1040,25418.9
2026-01-29,2026-03-30,26050,CE,281.9,333.2,251.15,323.0,323.0,169,11440,-585,25418.9
2026-01-29,2026-03-30,26850,CE,90.0,107.75,83.45,104.0,104.0,160,11115,1365,25418.9
2026-01-29,2026-03-30,27050,CE,67.4,78.7,63.5,76.65,76.65,247,13585,-1495,25418.9
2026-01-29,2026-03-30,27400,CE,43.75,47.3,38.75,45.95,45.95,618,35815,14300,25418.9
2026-01-29,2026-04-28,23450,CE,0.0,0.0,0.0,2166.35,2309.2,0,0,0,25418.9
2026-01-29,2026-04-28,24050,CE,0.0,0.0,0.0,1664.25,1765.55,0,0,0,25418.9
2026-01-29,2026-04-28,24500,CE,1325.0,1518.95,1295.0,1508.55,1508.55,76,5655,4225,25418.9
2026-01-29,2026-04-28,24550,CE,0.0,0.0,0.0,1289.9,1350.95,0,0,0,25418.9
2026-01-29,2026-04-28,26000,CE,460.0,507.35,386.25,499.5,499.5,2149,86645,48490,25418.9
2026-01-29,2026-04-28,26600,CE,265.3,265.3,262.2,262.85,261.95,4,260,260,25418.9
2026-01-29,2026-06-30,30000,CE,26.85,27.5,23.6,25.85,25.85,1276,325865,3610,25418.9
2026-01-29,2026-06-30,34500,CE,0.0,0.0,0.0,4.25,0.05,0,0,0,25418.9
2026-01-29,2026-09-29,21000,CE,0.0,0.0,0.0,4967.05,5179.25,0,0,0,25418.9
2026-01-29,2026-09-29,31500,CE,0.0,0.0,0.0,173.65,29.0,0,0,0,25418.9
2026-01-29,2026-12-29,21000,CE,0.0,0.0,0.0,5580.0,5461.9,0,5250,0,25418.9
2026-01-29,2026-12-29,25500,CE,1766.0,2015.0,1763.65,2015.0,1772.3,20,975,-195,25418.9
2026-01-29,2027-12-28,26000,CE,3140.0,3200.0,3140.0,3200.0,2756.9,3,3355,130,25418.9
2026-01-29,2027-12-28,34500,CE,0.0,0.0,0.0,619.2,220.55,0,0,0,25418.9
2026-01-29,2029-06-26,28500,CE,0.0,0.0,0.0,4213.3,3088.0,0,0,0,25418.9
2026-01-29,2029-06-26,33000,CE,0.0,0.0,0.0,4179.45,1391.25,0,0,0,25418.9
2026-01-29,2029-12-24,24000,CE,0.0,0.0,0.0,7730.0,6338.8,0,0,0,25418.9
2026-01-29,2029-12-24,27000,CE,0.0,0.0,0.0,6201.65,4423.2,0,0,0,25418.9
2026-01-29,2030-12-31,31500,CE,0.0,0.0,0.0,4554.55,3264.3,0,0,0,25418.9
2026-01-29,2030-12-31,33000,CE,0.0,0.0,0.0,3948.25,2691.6,0,0,0,25418.9
2026-01-29,2026-02-03,23800,PE,5.6,8.85,4.0,4.3,4.3,233431,2848625,1207700,25418.9
2026-01-29,2026-02-03,23900,PE,6.45,10.2,4.75,5.0,5.0,143340,1651195,586365,25418.9
2026-01-29,2026-02-03,24250,PE,11.75,21.1,8.55,9.0,9.0,149677,606775,98735,25418.9
2026-01-29,2026-02-03,25450,PE,245.0,377.2,173.0,184.35,184.35,377585,1068145,748670,25418.9
2026-01-29,2026-02-03,25800,PE,485.7,655.8,387.4,406.65,406.65,14583,723060,-47645,25418.9
2026-01-29,2026-02-10,25800,PE,568.95,661.05,415.75,430.55,430.55,1265,71825,20280,25418.9
2026-01-29,2026-02-10,26000,PE,730.5,830.0,564.0,575.5,575.5,2088,121160,21970,25418.9
2026-01-29,2026-02-10,26850,PE,1346.8,1359.0,1346.8,1353.45,1383.55,3,195,0,25418.9
2026-01-29,2026-02-10,27250,PE,1753.9,1753.9,1749.95,1749.95,1781.95,2,260,0,25418.9
2026-01-29,2026-02-10,27450,PE,2107.9,2161.45,1954.0,1957.25,1957.25,4,390,0,25418.9
2026-01-29,2026-02-17,23450,PE,16.6,16.6,12.3,13.0,13.0,10,1560,195,25418.9
2026-01-29,2026-02-17,23650,PE,25.0,25.0,17.85,18.7,0.4,24,1625,-520,25418.9
2026-01-29,2026-02-17,23850,PE,29.65,33.6,21.2,21.2,21.2,53,4160,520,25418.9
2026-01-29,2026-02-17,24700,PE,111.9,140.0,75.75,77.7,77.7,532,24830,7085,25418.9
2026-01-29,2026-02-17,25400,PE,343.0,411.0,242.95,251.9,251.9,2769,129285,44525,25418.9
2026-01-29,2026-02-17,26000,PE,737.0,799.55,581.0,591.0,591.0,32,4940,325,25418.9
2026-01-29,2026-02-17,27150,PE,1616.7,1623.95,1616.7,1620.55,1620.55,4,325,0,25418.9
2026-01-29,2026-02-17,27350,PE,1819.25,1828.9,1819.25,1824.1,1824.1,2,130,0,25418.9
2026-01-29,2026-02-17,27500,PE,1967.05,1976.85,1967.05,1971.95,1971.95,2,130,0,25418.9
2026-01-29,2026-02-24,23350,PE,18.85,25.9,15.6,17.5,17.5,418,7540,-2600,25418.9
2026-01-29,2026-02-24,23400,PE,22.25,26.95,16.3,18.3,18.3,4909,231335,2600,25418.9
2026-01-29,2026-02-24,24250,PE,68.0,85.6,50.95,52.75,52.75,478,23855,-1300,25418.9
2026-01-29,2026-02-24,24400,PE,87.95,108.2,63.95,65.95,65.95,10493,627510,5135,25418.9
2026-01-29,2026-02-24,27000,PE,1632.0,1733.6,1445.65,1468.2,1468.2,1916,1245790,9685,25418.9
2026-01-29,2026-02-24,27050,PE,1504.8,1504.8,1503.3,1503.3,1534.2,2,520,-65,25418.9
2026-01-29,2026-02-24,27100,PE,1726.2,1774.3,1539.4,1550.15,1550.15,45,18330,910,25418.9
2026-01-29,2026-02-24,27300,PE,1840.0,1840.0,1735.95,1755.0,1755.0,6,10270,-65,25418.9
2026-01-29,2026-02-24,27350,PE,1803.3,1814.9,1803.3,1809.1,1809.1,2,715,65,25418.9
2026-01-29,2026-03-02,23350,PE,26.15,46.9,25.0,25.0,1.1,22,1040,1040,25418.9
2026-01-29,2026-03-02,24400,PE,98.75,99.5,78.2,83.0,35.0,7,2730,-130,25418.9
2026-01-29,2026-03-02,24500,PE,111.05,138.7,89.45,90.85,90.85,157,6565,1300,25418.9
2026-01-29,2026-03-02,24900,PE,197.15,232.1,151.5,152.3,152.3,31,2470,130,25418.9
2026-01-29,2026-03-02,24950,PE,0.0,0.0,0.0,190.7,124.45,0,260,0,25418.9
2026-01-29,2026-03-02,25000,PE,222.0,269.65,173.65,176.55,176.55,131,8385,1625,25418.9
2026-01-29,2026-03-02,25400,PE,368.45,427.25,290.1,298.95,298.95,131,5980,3510,25418.9
2026-01-29,2026-03-02,25950,PE,0.0,0.0,0.0,788.3,588.0,0,0,0,25418.9
2026-01-29,2026-03-30,23500,PE,59.9,69.45,49.5,50.95,50.95,3425,152035,-24700,25418.9
2026-01-29,2026-03-30,25350,PE,386.0,450.0,328.0,332.05,332.05,78,9490,1300,25418.9
2026-01-29,2026-03-30,26700,PE,1236.8,1262.95,1077.95,1086.25,1086.25,12,25480,195,25418.9
2026-01-29,2026-03-30,26900,PE,1250.95,1250.95,1249.85,1249.85,1335.95,2,2665,0,25418.9
2026-01-29,2026-03-30,27000,PE,1499.0,1580.0,1323.4,1341.7,1341.7,492,1279515,3315,25418.9
2026-01-29,2026-03-30,27150,PE,1520.0,1520.0,1467.25,1467.25,1552.35,2,520,0,25418.9
2026-01-29,2026-04-28,23700,PE,0.0,0.0,0.0,112.75,43.35,0,0,0,25418.9
2026-01-29,2026-04-28,23750,PE,0.0,0.0,0.0,119.9,47.2,0,0,0,25418.9
2026-01-29,2026-04-28,23800,PE,103.05,103.05,89.0,89.0,89.0,6,3380,130,25418.9
2026-01-29,2026-04-28,24700,PE,244.9,270.5,205.55,206.4,187.8,31,1560,845,25418.9
2026-01-29,2026-04-28,24900,PE,284.65,319.45,244.2,251.9,239.2,36,7020,390,25418.9
2026-01-29,2026-04-28,25450,PE,510.75,510.75,501.95,501.95,431.05,4,260,260,25418.9
2026-01-29,2026-04-28,25900,PE,581.65,585.95,574.45,581.75,581.75,81,3965,3965,25418.9
2026-01-29,2026-04-28,26150,PE,0.0,0.0,0.0,1020.1,791.05,0,0,0,25418.9
2026-01-29,2026-02-03,27850,CE,1.65,2.2,1.1,1.2,1.2,24573,205205,10985,25418.9
2026-01-29,2026-02-10,23450,CE,2050.75,2050.75,2044.25,2047.5,2047.5,2,130,65,25418.9
2026-01-29,2026-02-10,23700,CE,1804.1,1804.1,1797.75,1800.95,1800.95,2,65,0,25418.9
2026-01-29,2026-02-10,24000,CE,1300.0,1510.7,1250.0,1502.25,1502.25,18,11375,455,25418.9
2026-01-29,2026-02-10,26050,CE,44.95,69.4,42.9,62.4,62.4,6016,60385,11635,25418.9
2026-01-29,2026-02-17,23350,CE,2190.35,2190.35,2182.0,2182.0,2182.0,2,65,0,25418.9
2026-01-29,2026-02-17,23400,CE,2133.2,2133.2,2128.3,2130.75,2130.75,2,65,0,25418.9
2026-01-29,2026-02-17,23650,CE,0.0,0.0,0.0,1800.1,1836.9,0,195,0,25418.9
2026-01-29,2026-02-17,23750,CE,0.0,0.0,0.0,1698.65,1737.5,0,195,0,25418.9
2026-01-29,2026-02-17,23950,CE,0.0,0.0,0.0,1501.0,1539.25,0,195,0,25418.9
2026-01-29,2026-02-17,24250,CE,1174.35,1294.65,1075.85,1294.65,1294.65,3,260,0,25418.9
2026-01-29,2026-02-17,24550,CE,1026.45,1032.25,1026.45,1029.35,1029.35,2,455,0,25418.9
2026-01-29,2026-02-17,24900,CE,637.2,742.05,541.15,730.2,730.2,179,3965,-4355,25418.9
2026-01-29,2026-02-17,25050,CE,459.75,621.6,451.3,608.1,608.1,74,3770,-325,25418.9
2026-01-29,2026-02-17,25500,CE,259.7,326.9,213.0,311.7,311.7,3568,97110,37050,25418.9
2026-01-29,2026-02-17,26650,CE,21.75,25.2,20.45,24.0,24.0,88,6435,455,25418.9
2026-01-29,2026-02-17,26750,CE,17.3,20.5,17.0,19.2,19.2,22,2340,195,25418.9
2026-01-29,2026-02-17,27350,CE,8.85,8.85,4.65,5.15,5.15,5,65,65,25418.9
2026-01-29,2026-02-24,24900,CE,660.15,796.95,590.0,773.95,773.95,1172,152295,-9880,25418.9
2026-01-29,2026-02-24,25150,CE,478.5,607.5,432.45,584.55,584.55,1926,34580,-7475,25418.9
2026-01-29,2026-02-24,26450,CE,48.0,62.7,43.1,58.15,58.15,1398,35750,-15535,25418.9
2026-01-29,2026-02-24,26900,CE,20.15,24.55,19.7,22.8,22.8,6157,235430,-7800,25418.9
2026-01-29,2026-02-24,27050,CE,16.25,19.4,15.25,17.2,17.2,245,18525,2340,25418.9
2026-01-29,2026-02-24,27650,CE,11.85,11.85,6.35,7.0,7.0,31,15925,65,25418.9
2026-01-29,2026-03-02,23850,CE,0.0,0.0,0.0,1589.2,1690.45,0,0,0,25418.9
2026-01-29,2026-02-03,23500,CE,1754.3,1976.45,1707.0,1949.95,1949.95,24,12675,-195,25418.9
2026-01-29,2026-02-03,24750,CE,591.0,755.7,501.65,734.15,734.15,1544,37635,5200,25418.9
2026-01-29,2026-02-03,24950,CE,434.05,576.15,347.5,550.2,550.2,11024,70525,-4420,25418.9
2026-01-29,2026-02-03,26050,CE,20.0,30.5,15.4,24.65,24.65,226160,982475,228540,25418.9
2026-01-29,2026-02-03,26450,CE,7.5,8.2,4.2,6.1,6.1,118068,739115,141375,25418.9
2026-01-29,2026-03-02,24050,CE,0.0,0.0,0.0,1411.4,1497.55,0,0,0,25418.9
2026-01-29,2026-03-02,24850,CE,0.0,0.0,0.0,786.7,789.75,0,0,0,25418.9
2026-01-29,2026-03-02,25750,CE,291.85,291.85,284.45,284.5,284.5,4,260,260,25418.9
2026-01-29,2026-03-02,26150,CE,0.0,0.0,0.0,190.65,126.8,0,0,0,25418.9
2026-01-29,2026-03-02,26350,CE,80.8,80.8,80.8,80.8,85.75,1,65,65,25418.9
2026-01-29,2026-03-02,26700,CE,0.0,0.0,0.0,85.75,39.95,0,0,0,25418.9
2026-01-29,2026-03-02,27000,CE,26.95,31.05,25.45,30.05,30.05,205,18720,3380,25418.9
2026-01-29,2026-03-30,22000,CE,3525.0,3699.35,3425.0,3664.7,3664.7,216,393515,650,25418.9
2026-01-29,2026-03-30,23500,CE,2090.25,2244.05,2090.25,2242.8,2143.65,7,5915,-390,25418.9
2026-01-29,2026-03-30,23950,CE,1814.55,1814.55,1810.9,1812.75,1812.75,2,65,0,25418.9
2026-01-29,2026-03-30,24050,CE,0.0,0.0,0.0,1662.75,1629.1,0,65,0,25418.9
2026-01-29,2026-03-30,24700,CE,1025.0,1187.55,1020.0,1187.55,1078.5,27,12740,-715,25418.9
2026-01-29,2026-03-30,24800,CE,980.0,1096.05,917.65,1090.25,1090.25,66,7475,-1105,25418.9
2026-01-29,2026-03-30,25000,CE,825.05,963.85,771.0,941.15,941.15,3081,696330,-135,25418.9
2026-01-29,2026-03-30,26350,CE,172.0,220.9,166.25,216.75,216.75,147,7800,2210,25418.9
2026-01-29,2026-03-30,26750,CE,102.05,125.45,95.8,120.4,120.4,257,12220,3055,25418.9
2026-01-29,2026-03-30,26800,CE,90.65,115.5,88.1,110.6,110.6,3006,149045,8255,25418.9
2026-01-29,2026-03-30,28050,CE,33.4,33.4,20.3,22.5,22.5,27,4810,195,25418.9
2026-01-29,2026-04-28,23650,CE,0.0,0.0,0.0,1993.5,2123.75,0,0,0,25418.9
2026-01-29,2026-04-28,25800,CE,510.0,610.0,510.0,610.0,557.3,17,845,65,25418.9
2026-01-29,2026-04-28,26050,CE,478.65,478.65,478.65,478.65,447.6,1,65,65,25418.9
2026-01-29,2026-04-28,26200,CE,313.0,416.05,312.95,407.65,407.65,151,3705,3380,25418.9
2026-01-29,2026-04-28,26350,CE,352.85,352.85,352.85,352.85,352.85,1,65,65,25418.9
2026-01-29,2026-06-30,23000,CE,2925.0,3123.35,2910.0,3115.8,3115.8,12,33300,-65,25418.9
2026-01-29,2026-06-30,25000,CE,1418.2,1496.8,1291.3,1470.55,1470.55,1075,251880,21530,25418.9
2026-01-29,2026-12-29,19000,CE,0.0,0.0,0.0,8373.55,7352.1,0,3605,0,25418.9
2026-01-29,2026-12-29,30000,CE,203.0,224.85,195.95,217.1,217.1,693,326830,6305,25418.9
2026-01-29,2028-06-27,25500,CE,0.0,0.0,0.0,4676.6,3666.2,0,0,0,25418.9
2026-01-29,2028-06-27,33000,CE,0.0,0.0,0.0,2004.15,666.8,0,0,0,25418.9
2026-01-29,2028-12-26,28500,CE,0.0,0.0,0.0,3608.65,2559.2,0,0,0,25418.9
2026-01-29,2029-06-26,30000,CE,0.0,0.0,0.0,5268.4,2408.8,0,0,0,25418.9
2026-01-29,2029-12-24,31500,CE,0.0,0.0,0.0,3429.3,2300.3,0,0,0,25418.9
2026-01-29,2030-06-25,24000,CE,0.0,0.0,0.0,8591.55,6853.0,0,0,0,25418.9
2026-01-29,2026-02-03,24000,PE,9.15,12.7,5.45,5.8,5.8,449409,6225375,1094145,25418.9
2026-01-29,2026-02-03,25350,PE,210.0,310.5,132.75,142.25,142.25,780501,1754155,143715,25418.9
2026-01-29,2026-02-03,25500,PE,288.0,412.4,196.35,209.4,209.4,444416,2207140,720980,25418.9
2026-01-29,2026-02-03,25550,PE,327.0,450.0,222.8,236.7,236.7,66225,354445,207870,25418.9
2026-01-29,2026-02-03,25600,PE,375.0,490.5,251.0,266.3,266.3,90126,724880,159965,25418.9
2026-01-29,2026-02-03,26300,PE,1032.95,1120.05,835.4,855.15,855.15,285,129675,-6240,25418.9
2026-01-29,2026-02-03,27200,PE,1734.6,1734.95,1734.6,1734.95,1760.6,7,4615,455,25418.9
2026-01-29,2026-02-03,27600,PE,2315.2,2315.2,2315.2,2315.2,2160.3,1,195,-65,25418.9
2026-01-29,2026-02-03,27800,PE,0.0,0.0,0.0,2499.0,2360.15,0,325,0,25418.9
2026-01-29,2026-02-10,24000,PE,24.55,31.1,15.0,15.6,15.6,24269,441805,109525,25418.9
2026-01-29,2026-02-10,24150,PE,31.6,40.45,19.4,20.05,20.05,3676,17160,-8580,25418.9
2026-01-29,2026-02-10,24200,PE,34.9,44.3,20.75,21.5,21.5,10294,125125,3900,25418.9
2026-01-29,2026-02-10,25250,PE,214.95,299.75,153.3,160.35,160.35,12631,113620,30355,25418.9
2026-01-29,2026-02-10,25450,PE,343.25,410.0,225.0,234.1,234.1,3895,74230,35230,25418.9
2026-01-29,2026-02-10,25550,PE,369.0,473.65,270.65,281.1,281.1,1281,41340,14235,25418.9
2026-01-29,2026-02-10,26050,PE,748.0,748.0,594.15,618.15,618.15,11,650,195,25418.9
2026-01-29,2026-02-10,26700,PE,1195.1,1195.1,1193.35,1193.35,1235.0,2,195,0,25418.9
2026-01-29,2026-02-10,27000,PE,1764.0,1764.0,1496.0,1509.25,1509.25,37,3770,1885,25418.9
2026-01-29,2026-02-10,27400,PE,1914.2,1914.2,1903.35,1908.8,1908.8,2,195,0,25418.9
2026-01-29,2026-02-10,27550,PE,2206.35,2260.65,2042.1,2044.9,2044.9,4,390,0,25418.9
2026-01-29,2026-02-17,23600,PE,22.45,25.3,15.9,15.95,15.95,103,5330,-910,25418.9
2026-01-29,2026-02-17,23800,PE,27.3,32.4,19.65,20.3,20.3,97,5395,-195,25418.9
2026-01-29,2026-02-17,25750,PE,603.45,620.0,415.4,434.9,434.9,28,520,195,25418.9
2026-01-29,2026-02-24,24700,PE,125.35,169.25,99.5,102.5,102.5,12305,945490,-65,25418.9
2026-01-29,2026-02-24,24900,PE,182.2,225.65,134.25,138.6,138.6,12857,918450,15210,25418.9
2026-01-29,2026-02-24,25650,PE,441.7,573.6,386.7,396.1,396.1,696,40950,2665,25418.9
2026-01-29,2026-02-24,25700,PE,525.0,608.7,410.7,423.2,423.2,6337,685490,29120,25418.9
2026-01-29,2026-02-24,26000,PE,746.95,830.25,593.0,609.1,609.1,9110,2080780,50505,25418.9
2026-01-29,2026-02-24,27550,PE,2002.05,2007.5,2002.05,2004.95,2004.95,3,195,0,25418.9
2026-01-29,2026-02-24,28000,PE,2639.6,2714.2,2419.0,2441.5,2441.5,182,445185,6435,25418.9
2026-01-29,2026-03-02,24600,PE,155.35,156.05,103.5,105.85,105.85,22,2600,-130,25418.9
2026-01-29,2026-03-02,25850,PE,0.0,0.0,0.0,721.7,521.85,0,0,0,25418.9
2026-01-29,2026-02-03,27450,CE,1.8,2.3,1.25,1.35,1.35,29788,87750,7735,25418.9
2026-01-29,2026-03-02,26000,PE,0.0,0.0,0.0,822.7,622.6,0,0,0,25418.9
2026-01-29,2026-03-30,23650,PE,69.3,77.45,57.7,57.7,57.7,87,5200,65,25418.9
2026-01-29,2026-03-30,24300,PE,130.65,152.0,104.0,105.75,105.75,1147,82485,11505,25418.9
2026-01-29,2026-03-30,24400,PE,144.3,170.45,117.55,119.5,119.5,944,73970,5785,25418.9
2026-01-29,2026-03-30,24600,PE,184.95,213.4,147.0,149.95,149.95,1039,301925,-5200,25418.9
2026-01-29,2026-03-30,25100,PE,312.0,355.45,254.1,259.2,259.2,1450,251940,3250,25418.9
2026-01-29,2026-03-30,26050,PE,770.0,770.0,646.9,654.05,700.5,22,5005,1040,25418.9
2026-01-29,2026-03-30,26500,PE,1077.95,1158.0,929.65,942.5,942.5,763,394420,-6500,25418.9
2026-01-29,2026-03-30,27350,PE,0.0,0.0,0.0,1685.1,1732.05,0,260,0,25418.9
2026-01-29,2026-03-30,27800,PE,2061.4,2061.4,2054.35,2054.35,2151.95,2,455,65,25418.9
2026-01-29,2026-03-30,27850,PE,0.0,0.0,0.0,2217.5,2199.6,0,260,0,25418.9
2026-01-29,2026-04-28,24400,PE,0.0,0.0,0.0,249.4,126.75,0,0,0,25418.9
2026-01-29,2026-04-28,24550,PE,0.0,0.0,0.0,288.55,155.0,0,0,0,25418.9
2026-01-29,2026-04-28,24950,PE,260.05,264.15,259.05,260.2,260.2,11,650,650,25418.9
2026-01-29,2026-04-28,26000,PE,681.2,794.8,621.15,631.4,631.4,774,28600,24895,25418.9
2026-01-29,2026-04-28,27000,PE,1272.15,1272.15,1272.15,1272.15,1272.15,1,65,65,25418.9
2026-01-29,2026-06-30,12000,PE,0.0,0.0,0.0,20.0,0.05,0,325,0,25418.9
2026-01-29,2030-06-25,34500,PE,0.0,0.0,0.0,3237.2,3433.75,0,0,0,25418.9
2026-01-29,2030-06-25,28500,PE,0.0,0.0,0.0,1167.6,1080.8,0,0,0,25418.9
2026-01-29,2026-02-03,26800,PE,1334.85,1337.7,1334.85,1337.7,1360.9,5,7930,195,25418.9
2026-01-29,2026-02-03,26250,PE,1022.0,1053.0,785.0,796.75,796.75,115,29510,3965,25418.9
2026-01-29,2026-02-03,25400,PE,242.15,342.6,151.4,162.2,162.2,1091647,3403985,1378065,25418.9
2026-01-29,2026-02-03,24700,PE,38.7,65.35,22.05,24.2,24.2,427391,2302170,767715,25418.9
2026-01-29,2026-02-03,24550,PE,23.65,44.1,15.45,16.8,16.8,161885,693745,157885,25418.9
2026-01-29,2026-02-03,24300,PE,15.0,23.6,9.1,9.75,9.75,296774,3569930,606255,25418.9
2026-01-29,2026-02-03,23700,PE,4.8,7.95,3.65,3.9,3.9,163794,1452620,299455,25418.9
2026-01-29,2026-02-03,23500,PE,4.05,6.0,2.9,3.05,3.05,250794,4738825,1139775,25418.9
2026-01-29,2029-06-26,31500,CE,0.0,0.0,0.0,2878.65,1846.0,0,0,0,25418.9
2026-01-29,2028-12-26,31500,CE,0.0,0.0,0.0,2327.6,1406.7,0,0,0,25418.9
2026-01-29,2028-12-26,30000,CE,1801.0,2520.0,1801.0,2200.0,1918.75,9,8305,0,25418.9
2026-01-29,2028-12-26,25500,CE,0.0,0.0,0.0,5309.05,4241.9,0,0,0,25418.9
2026-01-29,2028-12-26,24000,CE,0.0,0.0,0.0,5850.3,5268.1,0,0,0,25418.9
2026-01-29,2028-06-27,34500,CE,0.0,0.0,0.0,1003.35,436.0,0,0,0,25418.9
2026-01-29,2028-06-27,31500,CE,0.0,0.0,0.0,1784.8,993.95,0,0,0,25418.9
2026-01-29,2028-06-27,30000,CE,0.0,0.0,0.0,2278.45,1441.15,0,0,0,25418.9
2026-01-29,2028-06-27,21000,CE,0.0,0.0,0.0,5226.55,7079.9,0,0,0,25418.9
2026-01-29,2027-12-28,31500,CE,0.0,0.0,0.0,1259.55,621.1,0,0,0,25418.9
2026-01-29,2027-12-28,19500,CE,0.0,0.0,0.0,8684.7,7876.9,0,0,0,25418.9
2026-01-29,2027-06-29,34500,CE,0.0,0.0,0.0,304.2,77.05,0,0,0,25418.9
2026-01-29,2027-06-29,18000,CE,0.0,0.0,0.0,4066.45,8766.2,0,0,0,25418.9
2026-01-29,2026-12-29,18000,CE,0.0,0.0,0.0,4501.45,8302.5,0,0,0,25418.9
2026-01-29,2026-06-30,31000,CE,20.3,21.0,18.7,19.05,19.05,144,39235,-260,25418.9
2026-01-29,2026-06-30,28500,CE,0.0,0.0,0.0,407.5,103.15,0,0,0,25418.9
2026-01-29,2026-06-30,27000,CE,341.05,395.0,328.0,389.35,389.35,4428,1390880,-6580,25418.9
2026-01-29,2026-04-28,27000,CE,130.0,165.9,125.55,162.05,162.05,797,28795,28795,25418.9
2026-01-29,2026-04-28,26750,CE,221.65,221.65,221.65,221.65,223.4,1,65,65,25418.9
2026-01-29,2026-04-28,26450,CE,314.7,314.7,314.7,314.7,305.4,1,65,65,25418.9
2026-01-29,2026-04-28,26400,CE,286.0,336.7,276.15,329.05,329.05,65,2665,2535,25418.9
2026-01-29,2026-04-28,26100,CE,455.35,462.55,454.9,462.55,427.65,18,1105,1105,25418.9
2026-01-29,2026-04-28,25300,CE,916.1,916.1,891.25,906.7,906.7,3,65,65,25418.9
2026-01-29,2026-04-28,25150,CE,1010.5,1010.5,1005.15,1007.7,1007.7,4,0,0,25418.9
2026-01-29,2026-04-28,24850,CE,0.0,0.0,0.0,1088.9,1125.45,0,0,0,25418.9
2026-01-29,2026-04-28,24400,CE,0.0,0.0,0.0,1398.45,1470.7,0,0,0,25418.9
2026-01-29,2026-04-28,24000,CE,1730.0,1730.0,1730.0,1730.0,1809.25,1,130,65,25418.9
2026-01-29,2026-03-30,27800,CE,28.3,31.55,24.8,27.8,27.8,99,6110,390,25418.9
2026-01-29,2026-03-30,27300,CE,50.45,55.9,44.2,52.25,52.25,5112,161005,113100,25418.9
2026-01-29,2026-03-30,27150,CE,60.0,66.35,54.8,66.3,66.3,328,6890,-585,25418.9
2026-01-29,2026-03-30,26950,CE,79.5,92.15,72.9,89.5,89.5,253,10140,1755,25418.9
2026-01-29,2026-03-30,26600,CE,128.6,155.5,117.4,151.0,151.0,1587,95095,-6565,25418.9
2026-01-29,2026-03-30,26500,CE,155.55,182.9,135.95,178.15,178.15,12750,992615,-1560,25418.9
2026-01-29,2026-03-30,26100,CE,255.05,314.5,234.0,303.65,303.65,1317,111670,11375,25418.9
2026-01-29,2026-03-30,25450,CE,563.1,655.35,507.05,632.8,632.8,49,5655,1170,25418.9
2026-01-29,2026-03-30,25200,CE,701.05,816.65,642.05,796.75,796.75,745,40235,5720,25418.9
2026-01-29,2026-03-30,24400,CE,1362.1,1431.5,1362.1,1413.0,1413.0,4,715,0,25418.9
2026-01-29,2026-03-30,24100,CE,1688.55,1688.55,1676.75,1676.75,1676.75,2,65,0,25418.9
2026-01-29,2026-03-30,23000,CE,2502.15,2713.75,2449.7,2695.35,2695.35,319,742440,-2005,25418.9
2026-01-29,2026-03-02,26300,CE,85.6,107.6,78.1,105.9,105.9,48,2405,130,25418.9
2026-01-29,2026-03-02,25300,CE,450.25,548.55,399.35,533.7,533.7,95,2730,845,25418.9
2026-01-29,2026-03-02,25000,CE,647.55,767.1,578.0,743.8,743.8,235,5980,585,25418.9
2026-01-29,2026-03-02,24750,CE,0.0,0.0,0.0,855.4,869.55,0,0,0,25418.9
2026-01-29,2026-03-02,23700,CE,0.0,0.0,0.0,1726.4,1837.0,0,0,0,25418.9
2026-01-29,2026-02-24,27800,CE,6.95,7.8,5.2,5.55,5.55,578,131820,-1820,25418.9
2026-01-29,2026-02-24,26800,CE,25.05,29.4,22.95,27.25,27.25,9983,497965,67795,25418.9
2026-01-29,2026-02-24,26000,CE,134.6,159.7,104.35,151.5,151.5,84786,4267120,105170,25418.9
2026-01-29,2026-02-24,25900,CE,141.05,193.5,126.3,183.9,183.9,12347,635440,-12415,25418.9
2026-01-29,2026-02-24,25750,CE,184.1,253.4,167.15,243.2,243.2,1831,75075,12675,25418.9
2026-01-29,2026-02-24,25550,CE,269.65,354.9,237.2,339.45,339.45,4450,156260,82290,25418.9
2026-01-29,2026-02-24,24750,CE,782.95,895.55,700.1,891.55,891.55,50,9685,-585,25418.9
2026-01-29,2026-02-24,24500,CE,968.1,1133.35,885.0,1111.1,1111.1,4173,354120,-8255,25418.9
2026-01-29,2026-02-24,24050,CE,1527.6,1537.15,1527.6,1532.4,1532.4,2,260,0,25418.9
2026-01-29,2026-02-24,23950,CE,1621.15,1630.8,1621.15,1626.0,1626.0,2,195,0,25418.9
2026-01-29,2026-02-17,26950,CE,13.0,13.9,12.4,12.4,12.4,5,585,130,25418.9
2026-01-29,2026-02-17,26600,CE,23.95,28.85,20.3,26.3,26.3,351,18330,9295,25418.9
2026-01-29,2026-02-17,26150,CE,74.1,82.9,56.3,79.1,79.1,152,3640,975,25418.9
2026-01-29,2026-02-17,25950,CE,100.85,131.05,87.2,125.95,125.95,228,7085,3575,25418.9
2026-01-29,2026-02-17,25650,CE,194.0,245.4,161.85,236.25,236.25,318,4355,-3445,25418.9
2026-01-29,2026-02-17,24950,CE,544.65,697.7,544.65,684.75,684.75,33,2665,-650,25418.9
2026-01-29,2026-02-17,24150,CE,1392.65,1401.85,1392.65,1397.25,1397.25,2,195,-65,25418.9
2026-01-29,2026-02-10,26700,CE,10.0,12.5,9.15,10.65,10.65,5801,157040,17485,25418.9
2026-01-29,2026-02-10,26250,CE,30.2,39.85,26.35,35.85,35.85,5013,35100,-11245,25418.9
2026-01-29,2026-02-10,24500,CE,870.0,1044.8,791.95,1020.85,1020.85,202,16055,325,25418.9
2026-01-29,2026-02-10,23500,CE,2000.95,2000.95,1990.0,1995.5,1995.5,2,455,65,25418.9
2026-01-29,2026-02-03,25600,CE,103.6,134.0,64.7,120.2,120.2,977080,3177980,407680,25418.9
2026-01-29,2026-02-03,24700,CE,644.45,804.9,540.0,776.1,776.1,2899,74360,-5330,25418.9
2026-01-29,2026-02-03,24200,CE,1061.35,1269.55,994.95,1260.1,1260.1,220,3250,585,25418.9
2026-01-29,2026-02-03,24150,CE,1197.95,1333.3,1051.05,1333.3,1287.1,39,585,195,25418.9
2026-01-29,2026-02-03,23800,CE,1398.85,1675.0,1398.85,1675.0,1636.8,6,1040,-65,25418.9
2026-01-29,2026-02-03,23600,CE,1651.0,1792.1,1621.1,1792.1,1836.65,7,2925,-130,25418.9
2026-01-29,2026-02-03,23400,CE,2022.9,2022.9,2022.9,2022.9,2036.5,1,520,65,25418.9
2026-01-29,2026-02-10,27350,PE,1848.5,1851.9,1848.5,1851.9,1881.75,2,390,0,25418.9
2026-01-29,2026-02-17,23700,PE,24.2,28.5,17.15,18.0,18.0,357,7605,-1170,25418.9
2026-01-29,2026-02-17,24300,PE,57.65,72.45,40.0,40.6,40.6,389,14430,6825,25418.9
2026-01-29,2026-02-17,24650,PE,101.5,129.65,69.95,72.45,72.45,272,8775,3900,25418.9
2026-01-29,2026-02-17,24750,PE,116.45,147.25,83.8,85.8,85.8,146,5915,1365,25418.9
2026-01-29,2026-02-17,25000,PE,184.65,227.15,127.0,131.65,131.65,2009,50440,19110,25418.9
2026-01-29,2026-02-17,25100,PE,220.5,262.05,150.0,154.45,154.45,769,15340,2535,25418.9
2026-01-29,2026-02-17,26050,PE,611.9,616.2,611.9,616.2,633.95,2,780,-65,25418.9
2026-01-29,2026-02-17,26450,PE,956.7,959.9,956.7,959.9,979.95,2,65,0,25418.9
2026-01-29,2026-02-17,26950,PE,1421.45,1427.1,1421.45,1424.3,1424.3,2,65,0,25418.9
2026-01-29,2026-02-24,25000,PE,207.0,259.2,155.0,159.7,159.7,68089,4479930,251940,25418.9
2026-01-29,2026-02-24,25050,PE,227.85,276.75,167.7,171.75,171.75,2284,72475,14235,25418.9
2026-01-29,2026-02-24,25750,PE,614.25,633.95,441.0,450.05,450.05,473,53430,-2535,25418.9
2026-01-29,2026-02-24,26500,PE,1169.95,1260.0,988.0,1006.5,1006.5,3012,2280135,-3315,25418.9
2026-01-29,2026-02-24,26850,PE,1323.3,1324.25,1323.3,1324.25,1342.3,2,325,-65,25418.9
2026-01-29,2026-02-24,26900,PE,1557.0,1589.75,1357.6,1361.8,1389.9,10,7020,-195,25418.9
2026-01-29,2026-03-02,23850,PE,0.0,0.0,0.0,44.35,6.85,0,0,0,25418.9
2026-01-29,2026-03-02,24000,PE,62.65,69.3,47.0,47.75,47.75,77,3445,1430,25418.9
2026-01-29,2026-03-02,24300,PE,82.7,100.0,68.2,68.25,68.25,40,2080,-650,25418.9
2026-01-29,2026-03-02,25050,PE,177.8,186.8,177.8,186.8,186.8,15,1040,845,25418.9
2026-01-29,2026-03-02,25300,PE,320.0,380.75,250.0,266.6,266.6,205,3900,1560,25418.9
2026-01-29,2026-03-02,25700,PE,0.0,0.0,0.0,627.65,430.5,0,0,0,25418.9
2026-01-29,2026-03-02,25900,PE,0.0,0.0,0.0,754.65,554.4,0,0,0,25418.9
2026-01-29,2026-03-02,26450,PE,0.0,0.0,0.0,1162.75,973.5,0,0,0,25418.9
2026-01-29,2026-03-02,26600,PE,0.0,0.0,0.0,1286.55,1103.35,0,0,0,25418.9
2026-01-29,2026-03-30,23800,PE,78.05,92.0,65.05,66.5,66.5,1036,66040,12870,25418.9
2026-01-29,2026-03-30,24100,PE,106.4,122.95,85.15,86.85,86.85,2089,145340,42640,25418.9
2026-01-29,2026-03-30,24500,PE,148.3,190.85,130.35,133.35,133.35,8682,1276925,-34840,25418.9
2026-01-29,2026-03-30,24800,PE,227.55,261.5,182.0,185.7,185.7,1510,287300,-6500,25418.9
2026-01-29,2026-03-30,25150,PE,324.95,365.85,267.55,272.4,272.4,101,13715,2080,25418.9
2026-01-29,2026-03-30,25950,PE,725.0,725.0,716.9,716.9,638.7,3,5980,130,25418.9
2026-01-29,2026-03-30,26750,PE,1129.9,1131.65,1129.9,1131.65,1211.45,2,975,65,25418.9
2026-01-29,2026-03-30,26950,PE,1282.4,1284.9,1282.4,1284.9,1378.4,2,780,65,25418.9
2026-01-29,2026-03-30,27200,PE,1512.95,1513.15,1512.2,1513.15,1596.75,3,2990,-65,25418.9
2026-01-29,2026-03-30,27900,PE,2171.65,2176.75,2171.65,2174.2,2174.2,2,455,65,25418.9
2026-01-29,2026-04-28,24100,PE,0.0,0.0,0.0,180.35,82.3,0,0,0,25418.9
2026-01-29,2026-04-28,24250,PE,0.0,0.0,0.0,212.4,102.65,0,0,0,25418.9
2026-01-29,2026-04-28,24500,PE,205.45,231.65,171.45,174.9,174.9,411,16510,780,25418.9
2026-01-29,2026-04-28,25600,PE,457.8,460.25,457.8,458.5,497.15,6,325,325,25418.9
2026-01-29,2026-06-30,22000,PE,60.0,63.45,52.25,54.65,54.65,707,195315,-2215,25418.9
2026-01-29,2026-06-30,33000,PE,0.0,0.0,0.0,5977.5,6834.25,0,0,0,25418.9
2026-01-29,2026-09-29,23000,PE,148.0,162.6,133.1,134.55,134.55,220,222335,-1000,25418.9
2026-01-29,2026-09-29,28500,PE,0.0,0.0,0.0,2027.55,2338.85,0,0,0,25418.9
2026-01-29,2026-09-29,30000,PE,0.0,0.0,0.0,2600.0,3600.5,0,65,0,25418.9
2026-01-29,2026-09-29,34500,PE,0.0,0.0,0.0,7064.95,7842.35,0,0,0,25418.9
2026-01-29,2026-12-29,17000,PE,0.0,0.0,0.0,29.0,0.05,0,3435,0,25418.9
2026-01-29,2026-12-29,20000,PE,76.0,78.95,70.0,71.75,71.75,119,76570,390,25418.9
2026-01-29,2026-12-29,25000,PE,495.8,553.05,478.0,481.35,481.35,2436,846060,54760,25418.9
2026-01-29,2027-06-29,27000,PE,0.0,0.0,0.0,6273.45,1164.3,0,0,0,25418.9
2026-01-29,2027-12-28,25500,PE,0.0,0.0,0.0,676.05,603.55,0,0,0,25418.9
2026-01-29,2027-12-28,34500,PE,0.0,0.0,0.0,5258.65,5857.3,0,0,0,25418.9
2026-01-29,2028-12-26,18000,PE,0.0,0.0,0.0,250.0,6.05,0,75,0,25418.9
2026-01-29,2029-06-26,22500,PE,0.0,0.0,0.0,224.45,148.1,0,0,0,25418.9
2026-01-29,2029-06-26,26000,PE,0.0,0.0,0.0,900.0,619.45,0,50,0,25418.9
2026-01-29,2029-12-24,18000,PE,0.0,0.0,0.0,96.5,9.65,0,0,0,25418.9
2026-01-29,2030-12-31,30000,PE,0.0,0.0,0.0,1450.1,1386.25,0,0,0,25418.9
2026-01-29,2030-12-31,33000,PE,0.0,0.0,0.0,2387.3,2444.55,0,0,0,25418.9
2026-01-29,2026-02-10,26550,PE,1050.9,1050.9,1048.65,1048.65,1087.7,2,130,0,25418.9
2026-01-29,2026-02-10,26200,PE,887.6,999.5,735.15,741.2,741.2,209,25350,6175,25418.9
2026-01-29,2026-02-10,25850,PE,608.95,690.15,450.55,464.65,464.65,395,31980,12935,25418.9
2026-01-29,2026-02-10,25000,PE,144.95,194.0,94.0,98.05,98.05,34501,920595,13845,25418.9
2026-01-29,2026-02-10,24100,PE,28.0,36.6,17.5,18.1,18.1,7923,156195,1170,25418.9
2026-01-29,2026-02-10,23400,PE,10.15,12.2,6.95,7.35,7.35,2042,82745,13585,25418.9
2026-01-29,2026-02-03,27750,PE,0.0,0.0,0.0,2524.05,2310.2,0,260,0,25418.9
2026-01-29,2026-02-03,27550,PE,0.0,0.0,0.0,2229.05,2110.35,0,195,0,25418.9
2026-01-29,2026-02-03,27400,PE,1935.0,1935.0,1935.0,1935.0,1935.0,2,390,130,25418.9
2026-01-29,2026-04-28,25700,CE,541.35,663.65,541.35,662.2,662.2,3,65,65,25418.9
2026-01-29,2026-04-28,24800,CE,0.0,0.0,0.0,1121.1,1161.65,0,0,0,25418.9
2026-01-29,2026-04-28,23700,CE,0.0,0.0,0.0,1951.1,2078.0,0,0,0,25418.9
2026-01-29,2026-03-30,26900,CE,83.8,100.05,77.6,96.45,96.45,823,43225,-1365,25418.9
2026-01-29,2026-03-30,26550,CE,135.3,169.65,126.1,162.3,162.3,114,14235,-780,25418.9
2026-01-29,2026-03-30,26450,CE,157.1,185.85,144.35,182.55,183.95,178,12090,195,25418.9
2026-01-29,2026-03-30,26250,CE,205.35,257.2,192.05,251.65,251.65,121,9880,-390,25418.9
2026-01-29,2026-03-30,24550,CE,1287.7,1288.05,1284.3,1286.35,1286.35,4,715,65,25418.9
2026-01-29,2026-03-30,24300,CE,1502.3,1509.85,1502.3,1506.1,1506.1,2,65,0,25418.9
2026-01-29,2026-03-30,24150,CE,1636.5,1636.5,1627.3,1631.9,1631.9,2,65,0,25418.9
2026-01-29,2026-03-30,23650,CE,2091.7,2092.75,2091.7,2092.25,2092.25,2,130,0,25418.9
2026-01-29,2026-03-02,26650,CE,0.0,0.0,0.0,92.7,44.85,0,0,0,25418.9
2026-01-29,2026-03-02,26600,CE,0.0,0.0,0.0,100.1,50.2,0,0,0,25418.9
2026-01-29,2026-03-02,24900,CE,0.0,0.0,0.0,689.6,751.1,0,325,0,25418.9
2026-01-29,2026-02-24,27100,CE,15.95,17.8,14.25,16.55,16.55,4583,169585,14755,25418.9
2026-01-29,2026-02-24,26750,CE,27.6,32.95,24.55,30.05,30.05,541,25090,2535,25418.9
2026-01-29,2026-02-24,26650,CE,33.5,40.1,29.3,37.2,37.2,966,22555,4095,25418.9
2026-01-29,2026-02-24,25500,CE,310.05,382.9,257.0,365.45,365.45,74120,3567590,217295,25418.9
2026-01-29,2026-02-24,24550,CE,1083.75,1085.0,1075.25,1075.25,1002.65,5,3640,-260,25418.9
2026-01-29,2026-02-17,27300,CE,7.5,8.4,6.75,6.75,0.95,22,2015,260,25418.9
2026-01-29,2026-02-17,25300,CE,345.0,448.45,302.0,431.9,431.9,3136,82875,15925,25418.9
2026-01-29,2026-02-17,25100,CE,475.0,582.75,413.65,571.3,571.3,621,24895,5785,25418.9
2026-01-29,2026-02-10,27850,CE,3.45,3.75,2.9,3.55,3.55,13,1690,325,25418.9
2026-01-29,2026-02-10,26400,CE,24.7,26.85,17.1,23.2,23.2,11867,221520,40625,25418.9
2026-01-29,2026-02-10,26100,CE,41.15,60.5,37.5,53.8,53.8,17520,326235,111930,25418.9
2026-01-29,2026-02-10,25850,CE,87.05,118.45,70.85,109.05,109.05,13320,630890,45240,25418.9
2026-01-29,2026-02-10,25000,CE,501.0,609.0,406.45,586.15,586.15,8163,295620,15795,25418.9
2026-01-29,2026-02-10,24800,CE,640.8,777.4,550.0,753.8,753.8,914,31395,845,25418.9
2026-01-29,2026-02-03,26800,CE,3.3,4.35,2.2,2.35,2.35,212715,2338830,472485,25418.9
2026-01-29,2026-02-03,25700,CE,74.0,98.0,47.75,86.15,86.15,869851,3295175,691405,25418.9
2026-01-29,2026-02-03,24050,CE,1176.45,1417.95,1176.45,1417.95,1387.0,2,715,65,25418.9
2026-01-29,2026-02-03,23350,CE,2073.2,2073.2,2073.2,2073.2,2086.5,1,130,65,25418.9
2026-01-29,2026-12-29,28500,CE,450.0,500.0,450.0,500.0,499.9,2,2665,0,25418.9
2026-01-29,2028-06-27,27000,CE,0.0,0.0,0.0,2885.15,2770.7,0,0,0,25418.9
2026-01-29,2029-06-26,34500,CE,0.0,0.0,0.0,1895.7,1032.3,0,0,0,25418.9
2026-01-29,2029-12-24,22500,CE,0.0,0.0,0.0,8486.15,7414.7,0,0,0,25418.9
2026-01-29,2026-02-03,24450,PE,20.15,34.2,12.45,13.45,13.45,149446,612495,175240,25418.9
2026-01-29,2026-02-03,24650,PE,34.65,57.3,16.75,21.3,21.3,190487,862940,183365,25418.9
2026-01-29,2026-02-03,25050,PE,97.3,158.85,57.35,62.1,62.1,481581,1149395,445965,25418.9
2026-01-29,2026-02-03,26500,PE,1188.45,1317.05,1024.0,1050.05,1050.05,325,151255,6175,25418.9
2026-01-29,2026-02-03,26650,PE,0.0,0.0,0.0,1281.0,1211.05,0,520,0,25418.9
2026-01-29,2026-02-03,26950,PE,1486.6,1503.7,1486.6,1499.6,1499.6,10,455,325,25418.9
2026-01-29,2026-02-03,27000,PE,1768.45,1820.0,1525.0,1548.2,1548.2,256,152685,2145,25418.9
2026-01-29,2026-02-03,27850,PE,2384.05,2384.05,2384.05,2384.05,2410.15,1,390,65,25418.9
2026-01-29,2026-02-10,23650,PE,11.55,17.55,9.1,9.75,9.75,1265,9035,-585,25418.9
2026-01-29,2026-02-10,24700,PE,86.2,113.05,53.0,54.75,54.75,17184,320645,55510,25418.9
2026-01-29,2026-02-10,25300,PE,239.95,326.05,169.45,176.65,176.65,57891,813930,200135,25418.9
2026-01-29,2026-02-10,25750,PE,532.0,618.65,385.05,394.85,394.85,625,38740,15990,25418.9
2026-01-29,2026-02-10,26350,PE,875.15,875.5,875.15,875.5,894.9,2,910,-130,25418.9
2026-01-29,2026-02-10,26950,PE,1441.75,1456.15,1441.75,1456.15,1482.95,3,260,0,25418.9
2026-01-29,2026-02-17,23550,PE,19.75,22.75,13.5,15.6,15.6,71,325,-845,25418.9
2026-01-29,2026-02-17,23950,PE,34.3,41.8,24.05,24.25,24.25,123,4875,780,25418.9
2026-01-29,2026-02-17,24000,PE,34.0,46.75,25.3,26.45,26.45,2519,56615,-16705,25418.9
2026-01-29,2026-02-17,24400,PE,67.85,86.8,47.55,48.8,48.8,453,17030,-65,25418.9
2026-01-29,2026-02-17,25450,PE,370.0,435.4,260.2,272.9,272.9,362,5135,455,25418.9
2026-01-29,2026-02-17,25500,PE,379.1,473.85,283.1,293.65,293.65,2018,82745,46215,25418.9
2026-01-29,2026-02-17,25550,PE,411.95,494.45,306.6,316.8,316.8,287,18850,10920,25418.9
2026-01-29,2026-02-17,25900,PE,678.1,719.35,508.0,516.7,516.7,266,15210,4810,25418.9
2026-01-29,2026-02-17,27300,PE,1767.65,1779.7,1767.65,1773.7,1773.7,2,130,0,25418.9
2026-01-29,2026-02-24,24350,PE,79.0,98.45,59.0,60.8,60.8,799,51610,-1625,25418.9
2026-01-29,2026-02-24,24550,PE,109.65,134.0,80.0,81.15,81.15,1203,57980,-22165,25418.9
2026-01-29,2026-02-24,26350,PE,1019.3,1094.65,886.9,891.9,888.6,181,13000,195,25418.9
2026-01-29,2026-02-24,27500,PE,2115.0,2215.55,1927.6,1948.9,1948.9,307,503100,1690,25418.9
2026-01-29,2026-02-24,27900,PE,2540.0,2540.0,2330.0,2345.0,2345.0,10,20800,-390,25418.9
2026-01-29,2026-03-02,23800,PE,0.0,0.0,0.0,53.0,5.75,0,3055,0,25418.9
2026-01-29,2026-03-02,24350,PE,89.95,94.55,89.95,94.55,30.65,15,1040,975,25418.9
2026-01-29,2026-03-02,25250,PE,310.75,346.7,251.45,251.45,251.45,19,1430,780,25418.9
2026-01-29,2026-03-02,25550,PE,0.0,0.0,0.0,540.8,349.2,0,0,0,25418.9
2026-01-29,2026-03-02,26200,PE,0.0,0.0,0.0,968.55,770.4,0,0,0,25418.9
2026-01-29,2026-03-02,26400,PE,0.0,0.0,0.0,1122.55,931.45,0,0,0,25418.9
2026-01-29,2026-03-30,24000,PE,100.0,114.15,79.7,81.85,81.85,12431,2814875,-51230,25418.9
2026-01-29,2026-03-30,24850,PE,190.2,200.6,190.2,194.35,172.3,14,7150,-390,25418.9
2026-01-29,2026-03-30,25250,PE,383.05,405.0,298.7,301.7,301.7,120,15210,325,25418.9
2026-01-29,2026-03-30,25450,PE,447.2,495.8,365.0,370.0,370.0,54,9035,2405,25418.9
2026-01-29,2026-03-30,25750,PE,566.05,645.05,480.15,494.15,494.15,140,8450,3055,25418.9
2026-01-29,2026-03-30,26000,PE,733.65,803.75,611.95,621.45,621.45,4191,2285885,9885,25418.9
2026-01-29,2026-03-30,26600,PE,1202.2,1202.2,1006.35,1020.9,1020.9,24,19110,325,25418.9
2026-01-29,2026-04-28,25550,PE,0.0,0.0,0.0,679.35,474.45,0,0,0,25418.9
2026-01-29,2026-04-28,25750,PE,0.0,0.0,0.0,784.2,569.3,0,0,0,25418.9
2026-01-29,2026-06-30,24000,PE,199.8,221.0,178.4,181.2,181.2,3525,745685,11665,25418.9
2026-01-29,2026-09-29,19500,PE,0.0,0.0,0.0,2.4,0.35,0,0,0,25418.9
2026-01-29,2026-12-29,13000,PE,0.0,0.0,0.0,1.1,0.05,0,2475,0,25418.9
2026-01-29,2026-12-29,21000,PE,96.5,103.45,92.25,94.9,94.9,86,73120,-5,25418.9
2026-01-29,2026-12-29,27000,PE,1145.9,1242.4,1072.35,1079.75,1079.75,743,436480,9200,25418.9
2026-01-29,2027-06-29,19500,PE,0.0,0.0,0.0,17.3,5.7,0,0,0,25418.9
2026-01-29,2027-06-29,21000,PE,0.0,0.0,0.0,115.05,28.1,0,1025,0,25418.9
2026-01-29,2027-12-28,25000,PE,695.0,695.0,650.0,650.0,483.65,3,5235,0,25418.9
2026-01-29,2027-12-28,26000,PE,0.0,0.0,0.0,864.15,742.3,0,7155,0,25418.9
2026-01-29,2028-12-26,20000,PE,0.0,0.0,0.0,330.0,31.0,0,1100,0,25418.9
2026-01-29,2029-06-26,21000,PE,0.0,0.0,0.0,320.25,66.1,0,0,0,25418.9
2026-01-29,2029-06-26,30000,PE,0.0,0.0,0.0,2031.05,1861.95,0,0,0,25418.9
2026-01-29,2029-06-26,33000,PE,0.0,0.0,0.0,3022.85,3331.6,0,0,0,25418.9
2026-01-29,2029-12-24,21000,PE,0.0,0.0,0.0,278.8,69.2,0,0,0,25418.9
2026-01-29,2029-12-24,25000,PE,0.0,0.0,0.0,1150.0,411.5,0,225,0,25418.9
2026-01-29,2026-09-29,19500,CE,0.0,0.0,0.0,7303.95,6620.35,0,0,0,25418.9
2026-01-29,2026-04-28,26950,CE,170.6,170.6,170.6,170.6,170.6,1,65,65,25418.9
2026-01-29,2026-04-28,26550,CE,278.5,278.5,276.9,277.7,277.7,2,65,65,25418.9
2026-01-29,2026-04-28,25850,CE,578.15,578.15,574.85,576.5,576.5,2,0,0,25418.9
2026-01-29,2026-02-24,25800,PE,598.0,680.0,466.35,479.55,479.55,4027,569855,-520,25418.9
2026-01-29,2026-02-24,25400,PE,339.0,435.95,275.35,283.3,283.3,42580,1739595,97760,25418.9
2026-01-29,2026-02-24,23800,PE,35.0,45.0,27.15,28.1,28.1,7339,292955,-19630,25418.9
2026-01-29,2026-02-24,23550,PE,25.8,32.5,19.8,21.45,21.45,161,20085,-455,25418.9
2026-01-29,2026-02-24,23300,PE,16.65,23.9,15.0,15.9,15.9,11520,416130,90090,25418.9
2026-01-29,2026-02-17,26700,PE,1411.65,1411.65,1191.55,1195.4,1215.35,3,130,0,25418.9
2026-01-29,2026-02-17,26550,PE,1269.0,1269.0,1039.55,1043.25,1072.9,3,130,0,25418.9
2026-01-29,2026-02-17,26500,PE,1004.65,1008.35,1004.65,1008.35,1026.2,2,130,0,25418.9
2026-01-29,2026-02-17,26350,PE,857.0,859.05,857.0,859.05,889.15,2,65,0,25418.9
2026-01-29,2026-02-17,25200,PE,244.95,310.8,176.85,183.4,183.4,2378,47255,1235,25418.9
2026-01-29,2026-02-17,24950,PE,161.85,195.35,115.95,120.85,120.85,85,5070,-585,25418.9
2026-01-29,2026-02-17,24850,PE,140.2,176.0,100.2,102.0,102.0,97,4550,715,25418.9
2026-01-29,2026-02-17,24550,PE,85.0,104.95,60.25,60.95,60.95,182,10205,3120,25418.9
2026-01-29,2026-02-17,24250,PE,54.6,65.3,37.65,38.1,38.1,105,3185,585,25418.9
2026-01-29,2026-02-17,23350,PE,15.6,15.6,10.95,10.95,10.95,31,2080,585,25418.9
2026-01-29,2026-02-10,26650,PE,1151.65,1155.8,1151.65,1155.8,1185.75,2,195,0,25418.9
2026-01-29,2026-02-10,26500,PE,1176.3,1284.65,1000.75,1012.8,1012.8,31,14430,260,25418.9
2026-01-29,2026-02-10,25650,PE,457.5,542.3,325.05,335.55,335.55,716,32890,10660,25418.9
2026-01-29,2026-02-10,25350,PE,254.95,350.1,186.0,194.3,194.3,10989,120250,26520,25418.9
2026-01-29,2026-02-10,25050,PE,164.55,211.3,104.65,108.4,108.4,9400,200330,140595,25418.9
2026-01-29,2026-02-10,23950,PE,21.95,27.2,14.25,14.65,14.65,1598,28145,9490,25418.9
2026-01-29,2026-02-10,23900,PE,21.2,26.35,12.75,13.25,13.25,9718,118950,66300,25418.9
2026-01-29,2026-02-10,23700,PE,15.6,19.2,10.05,10.5,10.5,4101,54210,-4290,25418.9
2026-01-29,2026-02-03,27050,PE,0.0,0.0,0.0,1727.2,1610.75,0,455,0,25418.9
2026-01-29,2026-02-03,26100,PE,814.5,931.05,646.75,665.45,665.45,1102,317785,-12025,25418.9
2026-01-29,2026-02-03,26050,PE,767.95,879.55,600.7,620.3,620.3,365,38285,3900,25418.9
2026-01-29,2026-02-03,25850,PE,605.25,700.0,427.2,447.6,447.6,1869,117130,5200,25418.9
2026-01-29,2026-02-03,25000,PE,101.0,140.6,49.75,53.95,53.95,1333697,6681545,1242020,25418.9
2026-01-29,2026-02-03,24800,PE,50.05,84.75,28.55,31.35,31.35,576400,2819310,833625,25418.9
2026-01-29,2026-02-03,24100,PE,8.7,15.1,6.5,6.85,6.85,199590,1430845,140205,25418.9
2026-01-29,2026-02-03,23300,PE,3.6,4.9,2.2,2.4,2.4,327251,7582900,2080390,25418.9
2026-01-29,2030-12-31,28500,CE,0.0,0.0,0.0,5968.3,4664.65,0,0,0,25418.9
2026-01-29,2030-12-31,24000,CE,0.0,0.0,0.0,8563.3,7367.95,0,0,0,25418.9
2026-01-29,2030-06-25,33000,CE,0.0,0.0,0.0,4416.45,2230.4,0,0,0,25418.9
2026-01-29,2030-06-25,25500,CE,0.0,0.0,0.0,7070.45,5864.65,0,0,0,25418.9
2026-01-29,2030-06-25,21000,CE,0.0,0.0,0.0,10421.65,9008.45,0,0,0,25418.9
2026-01-29,2029-12-24,28500,CE,0.0,0.0,0.0,4802.1,3610.1,0,0,0,25418.9
2026-01-29,2029-12-24,18000,CE,0.0,0.0,0.0,11362.4,10906.85,0,0,0,25418.9
2026-01-29,2028-12-26,34500,CE,0.0,0.0,0.0,1432.8,710.7,0,0,0,25418.9
2026-01-29,2028-12-26,21000,CE,0.0,0.0,0.0,7512.5,7585.25,0,0,0,25418.9
2026-01-29,2027-12-28,24000,CE,4464.55,4464.55,4464.55,4464.55,4111.1,1,260,-65,25418.9
2026-01-29,2027-06-29,24000,CE,0.0,0.0,0.0,4499.0,3489.8,0,600,0,25418.9
2026-01-29,2026-12-29,29000,CE,362.75,398.65,343.5,391.4,391.4,1009,404765,14795,25418.9
2026-01-29,2026-09-29,24000,CE,0.0,0.0,0.0,2671.85,2470.0,0,0,0,25418.9
2026-01-29,2026-06-30,29000,CE,58.0,63.0,53.25,60.85,60.85,2532,373310,-8825,25418.9
2026-01-29,2026-06-30,28000,CE,140.05,163.05,135.4,159.45,159.45,4405,822380,21510,25418.9
2026-01-29,2026-06-30,18000,CE,0.0,0.0,0.0,7580.0,7826.5,0,175,0,25418.9
2026-01-29,2026-04-28,27050,CE,0.0,0.0,0.0,204.95,159.7,0,0,0,25418.9
2026-01-29,2026-04-28,26850,CE,197.15,197.15,197.15,197.15,200.25,1,65,65,25418.9
2026-01-29,2026-04-28,25600,CE,717.0,717.0,717.0,717.0,717.0,1,65,65,25418.9
2026-01-29,2026-04-28,25500,CE,684.5,791.0,640.0,773.25,773.25,470,18525,13455,25418.9
2026-01-29,2026-04-28,25000,CE,1012.0,1136.75,944.0,1123.25,1123.25,468,28080,18135,25418.9
2026-01-29,2026-04-28,24250,CE,0.0,0.0,0.0,1509.15,1594.6,0,0,0,25418.9
2026-01-29,2026-03-30,30000,CE,5.0,5.2,4.2,4.35,4.35,1688,618270,-12740,25418.9
2026-01-29,2026-03-30,27950,CE,25.75,26.7,25.75,26.7,26.7,18,4420,1105,25418.9
2026-01-29,2026-03-30,27750,CE,30.35,30.35,28.55,28.55,28.55,7,4355,195,25418.9
2026-01-29,2026-03-30,27650,CE,32.6,34.45,31.9,32.85,32.85,30,3770,390,25418.9
2026-01-29,2026-03-30,27600,CE,37.65,37.75,31.0,35.5,35.5,775,42120,8190,25418.9
2026-01-29,2026-03-30,27100,CE,65.05,73.25,59.0,71.8,71.8,743,49985,3250,25418.9
2026-01-29,2026-03-30,26200,CE,220.0,277.0,203.1,266.6,266.6,3298,194675,-24375,25418.9
2026-01-29,2026-03-30,25950,CE,300.05,378.0,285.0,368.2,368.2,169,4940,-1040,25418.9
2026-01-29,2026-03-30,25800,CE,362.3,450.9,340.0,438.75,438.75,1875,121875,7995,25418.9
2026-01-29,2026-03-30,25750,CE,388.35,479.3,364.95,464.4,464.4,173,7865,-260,25418.9
2026-01-29,2026-03-30,24000,CE,1615.0,1790.0,1545.0,1759.45,1759.45,506,354585,-1450,25418.9
2026-01-29,2026-03-02,26200,CE,0.0,0.0,0.0,179.35,115.35,0,0,0,25418.9
2026-01-29,2026-03-02,25650,CE,247.95,261.35,247.95,261.35,294.55,3,1300,0,25418.9
2026-01-29,2026-03-02,25250,CE,481.0,582.1,441.8,574.35,574.35,53,1885,1300,25418.9
2026-01-29,2026-03-02,23600,CE,0.0,0.0,0.0,1819.45,1935.25,0,0,0,25418.9
2026-01-29,2026-03-02,23500,CE,0.0,0.0,0.0,1913.5,2033.9,0,0,0,25418.9
2026-01-29,2026-02-24,27200,CE,14.0,17.0,11.25,14.05,14.05,4501,258635,82745,25418.9
2026-01-29,2026-02-24,26850,CE,23.5,26.75,21.05,24.45,24.45,358,27170,520,25418.9
2026-01-29,2026-02-24,25300,CE,439.55,504.45,349.15,485.6,485.6,58935,1443585,-121485,25418.9
2026-01-29,2026-02-24,24350,CE,1081.2,1102.7,1081.2,1086.75,1185.0,4,2535,65,25418.9
2026-01-29,2026-02-24,23900,CE,1522.2,1679.2,1510.15,1679.2,1616.75,11,5850,0,25418.9
2026-01-29,2026-02-24,23850,CE,1546.1,1717.25,1546.0,1717.25,1665.8,6,1560,0,25418.9
2026-01-29,2026-02-24,23500,CE,1914.25,2060.0,1782.0,2038.75,2038.75,450,416585,-12090,25418.9
2026-01-29,2026-02-17,27150,CE,0.0,0.0,0.0,18.05,1.85,0,455,0,25418.9
2026-01-29,2026-02-17,26450,CE,33.9,40.75,30.3,37.9,37.9,152,5655,1885,25418.9
2026-01-29,2026-02-17,26050,CE,79.6,106.9,70.0,100.05,100.05,216,7150,2990,25418.9
2026-01-29,2026-02-17,25000,CE,528.4,660.05,473.2,646.1,646.1,726,16055,-6825,25418.9
2026-01-29,2026-02-17,24850,CE,617.1,778.65,617.1,774.6,697.7,23,1495,-1235,25418.9
2026-01-29,2026-02-17,24650,CE,822.55,948.95,822.55,948.55,870.45,4,1105,-260,25418.9
2026-01-29,2026-02-17,23600,CE,0.0,0.0,0.0,1852.9,1886.65,0,195,0,25418.9
2026-01-29,2026-02-10,27700,CE,3.95,4.5,2.7,3.55,3.55,157,8190,2600,25418.9
2026-01-29,2026-02-10,27500,CE,4.2,5.9,3.6,4.1,4.1,4227,189345,81835,25418.9
2026-01-29,2026-02-10,27450,CE,3.8,5.65,3.6,4.05,4.05,219,7995,65,25418.9
2026-01-29,2026-02-10,26150,CE,35.15,53.1,33.45,47.4,47.4,8481,74620,-5850,25418.9
2026-01-29,2026-02-10,25350,CE,287.8,352.95,217.2,334.4,334.4,12998,95420,-41860,25418.9
2026-01-29,2026-02-10,25200,CE,349.0,455.0,289.15,435.5,435.5,36849,345930,42705,25418.9
2026-01-29,2026-02-10,25150,CE,370.0,493.05,316.15,472.05,472.05,3403,36530,7865,25418.9
2026-01-29,2026-02-10,25050,CE,430.45,563.6,378.7,548.3,548.3,708,26585,780,25418.9
2026-01-29,2026-02-10,24950,CE,519.95,648.95,445.0,629.9,629.9,344,19240,2860,25418.9
2026-01-29,2026-02-03,27900,CE,1.65,2.4,1.15,1.25,1.25,41331,872040,145925,25418.9
2026-01-29,2026-02-03,27500,CE,1.85,2.25,1.25,1.35,1.35,230918,3473730,652340,25418.9
2026-01-29,2026-02-03,26600,CE,5.3,6.15,3.5,4.05,4.05,269803,1383200,242970,25418.9
2026-01-29,2026-02-03,26400,CE,7.5,9.55,5.05,7.1,7.1,293979,3557320,774345,25418.9
2026-01-29,2026-02-03,25150,CE,308.6,408.0,224.7,385.15,385.15,280360,443170,61620,25418.9
2026-01-29,2026-02-03,24000,CE,1340.5,1483.0,1187.1,1449.6,1449.6,1737,211770,44590,25418.9
2026-01-29,2026-02-03,23850,CE,1591.25,1591.25,1591.25,1591.25,1586.85,1,520,0,25418.9
2026-01-29,2026-02-03,23650,CE,1570.0,1825.15,1564.0,1792.9,1786.7,19,3445,0,25418.9
2026-01-29,2026-02-03,23550,CE,0.0,0.0,0.0,1684.25,1886.65,0,195,0,25418.9
2026-01-29,2026-04-28,23550,PE,0.0,0.0,0.0,93.25,33.4,0,0,0,25418.9
2026-01-29,2026-04-28,25050,PE,287.05,289.2,285.8,287.1,287.1,8,520,520,25418.9
2026-01-29,2026-04-28,26050,PE,0.0,0.0,0.0,957.95,731.7,0,0,0,25418.9
2026-01-29,2026-04-28,26200,PE,733.9,733.9,733.9,733.9,821.7,1,65,65,25418.9
2026-01-29,2026-04-28,26600,PE,975.8,975.8,972.0,972.2,1088.7,5,325,325,25418.9
2026-01-29,2026-04-28,26950,PE,1233.25,1233.25,1233.25,1233.25,1233.25,1,65,65,25418.9
2026-01-29,2026-06-30,20000,PE,28.6,32.0,28.0,28.0,28.0,128,607275,-4160,25418.9
2026-01-29,2026-06-30,29000,PE,2780.0,2802.0,2765.9,2789.7,2789.7,10,28710,0,25418.9
2026-01-29,2026-09-29,22500,PE,0.0,0.0,0.0,72.55,41.1,0,0,0,25418.9
2026-01-29,2026-09-29,25000,PE,449.55,490.0,411.0,413.85,413.85,287,184090,-3270,25418.9
2026-01-29,2026-09-29,31500,PE,0.0,0.0,0.0,4341.2,4977.55,0,0,0,25418.9
2026-01-29,2026-12-29,18000,PE,39.0,40.85,26.1,40.85,0.1,45,9005,2015,25418.9
2026-01-29,2026-12-29,19500,PE,0.0,0.0,0.0,6.25,1.45,0,0,0,25418.9
2026-01-29,2026-12-29,22500,PE,0.0,0.0,0.0,104.5,64.25,0,0,0,25418.9
2026-01-29,2026-12-29,30000,PE,3100.0,3192.45,2930.0,2931.1,2931.1,166,159980,3510,25418.9
2026-01-29,2026-12-29,31500,PE,0.0,0.0,0.0,4059.3,4625.15,0,0,0,25418.9
2026-01-29,2027-06-29,18000,PE,0.0,0.0,0.0,93.95,0.75,0,100,0,25418.9
2026-01-29,2027-12-28,33000,PE,0.0,0.0,0.0,4155.55,4663.2,0,0,0,25418.9
2026-01-29,2028-06-27,19500,PE,0.0,0.0,0.0,40.05,16.7,0,0,0,25418.9
2026-01-29,2028-12-26,23000,PE,0.0,0.0,0.0,362.05,187.6,0,375,0,25418.9
2026-01-29,2029-06-26,27000,PE,0.0,0.0,0.0,1252.35,852.2,0,0,0,25418.9
2026-01-29,2029-12-24,27000,PE,0.0,0.0,0.0,1177.9,786.85,0,0,0,25418.9
2026-01-29,2030-06-25,21000,PE,0.0,0.0,0.0,321.3,70.75,0,0,0,25418.9
2026-01-29,2030-06-25,33000,PE,0.0,0.0,0.0,3143.9,2710.55,0,0,0,25418.9
2026-01-29,2026-02-24,26450,PE,982.0,982.05,951.3,952.15,975.15,8,5785,-520,25418.9
2026-01-29,2026-04-28,23450,PE,95.0,95.0,80.0,81.8,27.9,4,910,260,25418.9
2026-01-29,2026-03-30,27750,PE,0.0,0.0,0.0,2351.3,2104.45,0,325,0,25418.9
2026-01-29,2026-03-30,27650,PE,0.0,0.0,0.0,1957.4,2010.05,0,390,0,25418.9
2026-01-29,2026-03-30,27500,PE,1975.45,1975.45,1775.0,1780.65,1780.65,61,62920,1885,25418.9
2026-01-29,2026-03-30,26400,PE,1050.0,1056.1,864.8,866.35,866.35,34,14625,1560,25418.9
2026-01-29,2026-03-30,25700,PE,547.95,621.9,462.05,472.55,472.55,1446,108485,28275,25418.9
2026-01-29,2026-03-30,25200,PE,347.3,391.85,280.0,285.1,285.1,2057,246480,4290,25418.9
2026-01-29,2026-03-30,24350,PE,139.3,158.85,115.05,115.05,76.7,93,9035,1430,25418.9
2026-01-29,2026-03-30,24250,PE,122.55,140.8,100.4,102.75,102.75,131,8320,715,25418.9
2026-01-29,2026-03-02,26950,PE,0.0,0.0,0.0,1540.0,1423.25,0,520,0,25418.9
2026-01-29,2026-03-02,26800,PE,0.0,0.0,0.0,1458.2,1283.75,0,0,0,25418.9
2026-01-29,2026-03-02,26500,PE,0.0,0.0,0.0,1203.5,1016.2,0,0,0,25418.9
2026-01-29,2026-03-02,26300,PE,0.0,0.0,0.0,1043.85,849.4,0,0,0,25418.9
2026-01-29,2026-03-02,23900,PE,0.0,0.0,0.0,48.95,8.05,0,0,0,25418.9
2026-01-29,2026-03-02,23600,PE,35.0,40.0,35.0,35.0,2.85,4,260,260,25418.9
2026-01-29,2026-03-02,23500,PE,35.9,35.9,23.8,25.15,25.15,55,3575,-455,25418.9
2026-01-29,2026-03-02,23300,PE,23.15,25.0,20.35,20.7,20.7,22,1495,65,25418.9
2026-01-29,2026-02-24,28050,PE,0.0,0.0,0.0,2113.45,2521.65,0,65,0,25418.9
2026-01-29,2026-02-24,26200,PE,884.1,994.0,737.15,748.55,748.55,1066,373295,-2210,25418.9
2026-01-29,2026-02-03,27900,PE,0.0,0.0,0.0,2652.55,2460.1,0,520,0,25418.9
2026-01-29,2026-02-03,27650,PE,0.0,0.0,0.0,2300.0,2210.3,0,325,0,25418.9
2026-01-29,2026-02-03,26750,PE,0.0,0.0,0.0,1384.1,1310.95,0,3445,0,25418.9
2026-01-29,2026-02-03,26150,PE,860.0,970.9,693.0,714.6,714.6,95,26910,-1105,25418.9
2026-01-29,2026-02-03,25250,PE,158.65,251.6,101.4,108.45,108.45,1412352,2247440,709475,25418.9
2026-01-29,2026-02-03,24350,PE,17.25,26.7,10.1,10.85,10.85,153761,861965,422890,25418.9
2026-01-29,2026-02-03,24200,PE,11.3,18.8,7.6,8.15,8.15,326501,3897595,843310,25418.9
2026-01-29,2030-06-25,19500,CE,0.0,0.0,0.0,11140.25,10145.2,0,0,0,25418.9
2026-01-29,2029-12-24,34500,CE,0.0,0.0,0.0,2377.55,1388.25,0,0,0,25418.9
2026-01-29,2028-12-26,28000,CE,0.0,0.0,0.0,3300.0,2802.6,0,1375,0,25418.9
2026-01-29,2028-12-26,27000,CE,0.0,0.0,0.0,4437.95,3334.6,0,0,0,25418.9
2026-01-29,2028-06-27,24000,CE,0.0,0.0,0.0,3918.85,4701.75,0,0,0,25418.9
2026-01-29,2027-12-28,30000,CE,0.0,0.0,0.0,1877.7,985.7,0,0,0,25418.9
2026-01-29,2027-12-28,28500,CE,0.0,0.0,0.0,2357.7,1502.15,0,0,0,25418.9
2026-01-29,2027-06-29,30000,CE,0.0,0.0,0.0,1478.4,569.1,0,0,0,25418.9
2026-01-29,2026-12-29,31500,CE,0.0,0.0,0.0,342.45,90.15,0,0,0,25418.9
2026-01-29,2026-09-29,28500,CE,0.0,0.0,0.0,727.3,282.4,0,0,0,25418.9
2026-01-29,2026-06-30,33000,CE,0.0,0.0,0.0,8.0,0.4,0,1105,0,25418.9
2026-01-29,2026-06-30,26000,CE,750.1,847.85,710.0,832.25,832.25,2610,608995,27970,25418.9
2026-01-29,2026-06-30,19000,CE,0.0,0.0,0.0,7800.0,6849.15,0,115,0,25418.9
2026-01-29,2026-04-28,26700,CE,235.75,235.75,235.75,235.75,235.7,1,65,65,25418.9
2026-01-29,2026-04-28,26650,CE,253.7,253.7,253.7,253.7,248.55,1,65,65,25418.9
2026-01-29,2026-04-28,26500,CE,246.1,303.05,231.0,296.1,296.1,1732,88010,31395,25418.9
2026-01-29,2026-04-28,26150,CE,433.0,433.0,433.0,433.0,408.3,1,65,65,25418.9
2026-01-29,2026-04-28,25900,CE,449.35,557.25,449.35,557.25,511.4,12,650,650,25418.9
2026-01-29,2026-04-28,25050,CE,1077.5,1077.5,1072.55,1075.05,1075.05,2,0,0,25418.9
2026-01-29,2026-04-28,24200,CE,0.0,0.0,0.0,1547.3,1636.75,0,0,0,25418.9
2026-01-29,2026-04-28,23800,CE,0.0,0.0,0.0,1867.3,1987.2,0,0,0,25418.9
2026-01-29,2026-03-30,28100,CE,22.0,24.5,20.9,22.3,22.3,78,15275,1040,25418.9
2026-01-29,2026-03-30,25050,CE,910.5,912.2,908.65,908.65,823.0,4,2990,-260,25418.9
2026-01-29,2026-03-30,24850,CE,1058.9,1058.9,1053.85,1053.85,964.85,3,455,0,25418.9
2026-01-29,2026-03-30,23850,CE,1916.8,1916.8,1912.55,1914.7,1914.7,2,130,0,25418.9
2026-01-29,2026-03-30,23450,CE,2276.3,2276.3,2274.8,2275.55,2275.55,2,130,0,25418.9
2026-01-29,2026-03-30,21000,CE,4539.75,4678.0,4400.9,4637.8,4637.8,123,415300,975,25418.9
2026-01-29,2026-03-02,26900,CE,0.0,0.0,0.0,62.1,24.7,0,0,0,25418.9
2026-01-29,2026-03-02,26800,CE,0.0,0.0,0.0,73.1,31.55,0,0,0,25418.9
2026-01-29,2026-03-02,25900,CE,185.55,230.0,170.8,227.85,227.85,105,2340,-780,25418.9
2026-01-29,2026-03-02,24250,CE,0.0,0.0,0.0,1240.85,1308.85,0,0,0,25418.9
2026-01-29,2026-03-02,23900,CE,0.0,0.0,0.0,1544.15,1641.95,0,0,0,25418.9
2026-01-29,2026-02-24,26600,CE,32.85,44.4,30.8,41.3,41.3,16439,976300,169390,25418.9
2026-01-29,2026-02-24,26100,CE,96.55,130.8,85.85,123.3,123.3,17384,502580,-52910,25418.9
2026-01-29,2026-02-24,25850,CE,160.0,212.0,139.15,201.4,201.4,2500,86255,20150,25418.9
2026-01-29,2026-02-24,25250,CE,425.05,540.0,376.5,518.4,518.4,5802,49530,1040,25418.9
2026-01-29,2026-02-24,24450,CE,1149.7,1149.7,1147.4,1148.55,1148.55,2,1105,-130,25418.9
2026-01-29,2026-02-24,24200,CE,1235.0,1388.15,1150.0,1375.7,1375.7,148,8060,-780,25418.9
2026-01-29,2026-02-24,23750,CE,1641.9,1811.45,1641.9,1805.0,1805.0,4,6240,0,25418.9
2026-01-29,2026-02-17,26850,CE,15.5,16.9,14.4,15.7,15.7,84,2535,-260,25418.9
2026-01-29,2026-02-17,26200,CE,57.6,75.0,50.45,69.45,69.45,758,28535,-2210,25418.9
2026-01-29,2026-02-17,26000,CE,88.4,120.0,77.7,112.55,112.55,3459,97435,6175,25418.9
2026-01-29,2026-02-17,25450,CE,276.6,356.35,234.9,340.85,340.85,356,5915,-1235,25418.9
2026-01-29,2026-02-17,24000,CE,1532.85,1541.0,1532.85,1536.95,1536.95,2,195,65,25418.9
2026-01-29,2026-02-10,27900,CE,2.9,3.4,2.8,3.25,3.25,729,33150,11765,25418.9
2026-01-29,2026-02-10,27150,CE,5.75,6.5,4.7,5.35,5.35,86,5200,650,25418.9
2026-01-29,2026-02-10,26750,CE,10.85,11.3,8.55,9.75,9.75,1041,10205,-1495,25418.9
2026-01-29,2026-02-10,25700,CE,123.65,170.0,100.15,157.35,157.35,22503,299585,74880,25418.9
2026-01-29,2026-02-10,24100,CE,1412.65,1413.75,1410.7,1410.7,1363.1,3,4875,0,25418.9
2026-01-29,2026-02-10,24050,CE,1457.85,1458.45,1457.85,1458.45,1412.8,2,195,0,25418.9
2026-01-29,2026-02-10,23800,CE,1703.05,1703.05,1696.85,1699.95,1699.95,2,65,0,25418.9
2026-01-29,2026-02-03,27150,CE,2.2,2.7,1.45,1.55,1.55,47022,359190,129740,25418.9
2026-01-29,2026-02-03,27050,CE,3.0,3.15,1.55,1.7,1.7,65114,654615,387010,25418.9
2026-01-29,2026-02-03,25650,CE,81.0,114.8,55.65,101.95,101.95,518016,1244165,-411515,25418.9
2026-01-29,2026-02-03,25000,CE,440.35,532.0,314.25,505.1,505.1,177728,2442245,-42510,25418.9
2026-01-29,2026-02-03,23450,CE,1860.85,1860.85,1860.85,1860.85,1986.55,1,130,0,25418.9
2026-01-29,2026-02-10,25500,PE,372.45,442.4,247.1,257.25,257.25,19752,422825,96460,25418.9
2026-01-29,2026-02-10,26400,PE,1185.0,1185.0,917.15,929.1,929.1,13,2665,260,25418.9
2026-01-29,2026-02-10,26800,PE,1488.4,1488.4,1290.35,1323.55,1323.55,7,650,260,25418.9
2026-01-29,2026-02-10,27800,PE,2456.65,2510.55,2304.9,2307.65,2307.65,4,260,0,25418.9
2026-01-29,2026-02-17,23750,PE,25.55,31.4,18.5,18.5,18.5,90,5135,1560,25418.9
2026-01-29,2026-02-17,24100,PE,42.35,52.0,29.5,29.95,29.95,436,15015,9035,25418.9
2026-01-29,2026-02-17,24350,PE,76.65,76.65,43.35,44.15,44.15,72,3900,130,25418.9
2026-01-29,2026-02-17,25950,PE,548.25,548.6,546.8,547.65,556.35,5,390,0,25418.9
2026-01-29,2026-02-17,26200,PE,955.75,955.75,731.75,731.75,731.75,3,260,65,25418.9
2026-01-29,2026-02-17,26400,PE,899.35,901.65,899.35,901.65,934.25,2,65,0,25418.9
2026-01-29,2026-02-17,26850,PE,1328.3,1339.3,1328.3,1333.75,1333.75,3,130,-65,25418.9
2026-01-29,2026-02-17,26900,PE,1376.45,1384.75,1376.45,1380.55,1380.55,4,65,-65,25418.9
2026-01-29,2026-02-24,23750,PE,33.25,40.0,26.25,27.15,27.15,259,24180,2730,25418.9
2026-01-29,2026-02-24,23850,PE,38.6,48.85,29.75,30.25,30.25,376,36725,1560,25418.9
2026-01-29,2026-02-24,24000,PE,42.75,60.0,35.25,36.6,36.6,44023,2348905,46410,25418.9
2026-01-29,2026-02-24,24150,PE,59.0,72.9,44.35,45.3,45.3,399,46800,3575,25418.9
2026-01-29,2026-02-24,24200,PE,65.0,80.4,46.95,48.6,48.6,11949,387205,-8515,25418.9
2026-01-29,2026-02-24,24650,PE,128.1,154.95,92.5,95.1,95.1,1073,56290,4680,25418.9
2026-01-29,2026-02-24,25900,PE,682.85,752.0,527.05,540.15,540.15,1355,344175,-6695,25418.9
2026-01-29,2026-02-24,26300,PE,997.8,1079.1,815.4,832.55,832.55,878,268645,-9360,25418.9
2026-01-29,2026-02-24,26550,PE,1280.0,1282.0,1036.7,1038.4,1064.15,10,3445,-585,25418.9
2026-01-29,2026-02-24,26700,PE,1346.6,1429.95,1168.9,1169.2,1169.2,56,138190,-455,25418.9
2026-01-29,2026-02-24,27150,PE,1615.25,1615.25,1607.6,1611.45,1611.45,2,975,0,25418.9
2026-01-29,2026-03-02,24150,PE,84.1,84.1,84.1,84.1,17.5,11,780,715,25418.9
2026-01-29,2026-03-02,24550,PE,0.0,0.0,0.0,152.2,51.2,0,0,0,25418.9
2026-01-29,2026-03-02,24700,PE,139.8,139.95,119.0,119.0,72.9,4,2080,0,25418.9
2026-01-29,2026-03-02,27050,PE,0.0,0.0,0.0,1681.6,1517.8,0,0,0,25418.9
2026-01-29,2026-03-30,23450,PE,56.55,63.6,50.8,50.8,11.75,45,4550,-455,25418.9
2026-01-29,2026-03-30,23550,PE,63.2,70.0,50.45,53.05,53.05,87,5525,130,25418.9
2026-01-29,2026-03-30,24650,PE,174.35,174.4,154.15,155.35,155.35,73,9945,715,25418.9
2026-01-29,2026-03-30,24950,PE,279.7,304.0,216.1,221.45,221.45,69,14560,1235,25418.9
2026-01-29,2026-03-30,26150,PE,810.0,899.55,706.2,706.9,765.3,75,7930,-2470,25418.9
2026-01-29,2026-03-30,26450,PE,1065.9,1065.9,950.4,971.6,977.0,5,1235,130,25418.9
2026-01-29,2026-03-30,27300,PE,1609.85,1610.7,1609.85,1610.7,1686.65,2,2210,0,25418.9
2026-01-29,2026-03-30,27950,PE,0.0,0.0,0.0,2295.35,2295.35,0,325,0,25418.9
2026-01-29,2026-03-30,28000,PE,2428.0,2500.55,2233.65,2271.9,2271.9,400,625195,10095,25418.9
2026-01-29,2026-03-30,30000,PE,4347.95,4450.0,4169.7,4193.5,4193.5,132,531115,-65,25418.9
2026-01-29,2026-04-28,23900,PE,112.0,125.0,99.0,101.4,101.4,58,5785,1690,25418.9
2026-01-29,2026-04-28,25850,PE,560.05,562.6,553.1,559.9,559.9,18,1170,1170,25418.9
2026-01-29,2026-04-28,26400,PE,848.05,848.05,848.0,848.0,950.45,3,195,195,25418.9
2026-01-29,2026-04-28,26750,PE,0.0,0.0,0.0,1435.5,1198.15,0,0,0,25418.9
2026-01-29,2026-04-28,26850,PE,1158.35,1158.35,1158.35,1158.35,1158.35,1,65,65,25418.9
2026-01-29,2026-12-29,14000,PE,0.0,0.0,0.0,20.05,0.05,0,1055,0,25418.9
2026-01-29,2026-12-29,34500,PE,0.0,0.0,0.0,6630.4,7398.65,0,0,0,25418.9
2026-01-29,2027-06-29,19000,PE,0.0,0.0,0.0,182.1,3.05,0,600,0,25418.9
2026-01-29,2027-06-29,28500,PE,0.0,0.0,0.0,1807.05,1935.25,0,0,0,25418.9
2026-01-29,2027-06-29,31500,PE,0.0,0.0,0.0,3604.7,4033.6,0,0,0,25418.9
2026-01-29,2027-12-28,17000,PE,0.0,0.0,0.0,50.05,0.6,0,14200,0,25418.9
2026-01-29,2027-12-28,22000,PE,0.0,0.0,0.0,238.05,88.55,0,5600,0,25418.9
2026-01-29,2027-12-28,23000,PE,367.95,367.95,330.0,334.0,168.8,3,8385,65,25418.9
2026-01-29,2027-12-28,28500,PE,0.0,0.0,0.0,1679.15,1737.9,0,0,0,25418.9
2026-01-29,2028-12-26,21000,PE,0.0,0.0,0.0,195.0,60.9,0,4940,0,25418.9
2026-01-29,2028-12-26,25500,PE,0.0,0.0,0.0,648.2,552.1,0,0,0,25418.9
2026-01-29,2028-12-26,27000,PE,1250.0,1250.0,1250.0,1250.0,922.95,4,6015,0,25418.9
2026-01-29,2028-12-26,31500,PE,0.0,0.0,0.0,2673.4,2829.6,0,0,0,25418.9
2026-01-29,2028-12-26,33000,PE,0.0,0.0,0.0,3315.4,3710.85,0,0,0,25418.9
2026-01-29,2029-06-26,28500,PE,0.0,0.0,0.0,1349.1,1297.55,0,0,0,25418.9
2026-01-29,2029-12-24,22500,PE,0.0,0.0,0.0,225.7,147.95,0,0,0,25418.9
2026-01-29,2029-12-24,28500,PE,0.0,0.0,0.0,1255.9,1183.9,0,0,0,25418.9
2026-01-29,2030-12-31,21000,PE,0.0,0.0,0.0,126.8,71.0,0,0,0,25418.9
2026-01-29,2030-12-31,28500,PE,0.0,0.0,0.0,1083.1,985.05,0,0,0,25418.9
2026-01-29,2026-02-03,28100,PE,0.0,0.0,0.0,2784.1,2659.95,0,390,0,25418.9
2026-01-29,2026-02-10,25400,PE,307.15,382.05,204.8,213.5,213.5,37198,603200,116350,25418.9
2026-01-29,2026-02-10,24900,PE,115.0,162.9,77.8,80.55,80.55,20149,294320,-1885,25418.9
2026-01-29,2026-02-10,24650,PE,69.25,103.0,48.5,50.15,50.15,6684,562250,4290,25418.9
2026-01-29,2026-02-10,24300,PE,41.65,53.45,25.15,25.95,25.95,13167,202215,45630,25418.9
2026-01-29,2026-02-10,24050,PE,26.5,33.6,15.85,17.0,17.0,2136,29250,-5980,25418.9
2026-01-29,2026-02-10,23300,PE,9.3,10.75,5.55,6.9,6.9,7013,208260,88530,25418.9
2026-01-29,2026-02-03,28000,PE,2771.0,2905.95,2515.0,2534.7,2534.7,444,88595,5980,25418.9
2026-01-29,2026-02-10,27950,PE,2626.1,2692.35,2439.8,2443.7,2443.7,4,325,0,25418.9
2026-01-29,2026-02-10,26900,PE,1403.2,1418.8,1403.2,1418.8,1418.8,2,195,0,25418.9
2026-01-29,2026-02-10,26300,PE,1080.0,1080.0,824.3,839.8,839.8,46,4030,1235,25418.9
2026-01-29,2026-02-10,25700,PE,483.85,580.0,352.7,365.55,365.55,3395,179920,110890,25418.9
2026-01-29,2026-02-10,24950,PE,127.0,176.4,85.4,89.5,89.5,4667,61100,6110,25418.9
2026-01-29,2026-02-10,24750,PE,94.2,123.1,58.0,60.6,60.6,3017,47060,17355,25418.9
2026-01-29,2026-02-10,24550,PE,64.8,85.1,39.65,41.1,41.1,3849,47775,2535,25418.9
2026-01-29,2026-02-10,24500,PE,54.1,77.45,35.85,37.15,37.15,22542,394550,88140,25418.9
2026-01-29,2026-02-03,27950,PE,2484.1,2502.05,2484.1,2502.05,2502.05,6,455,260,25418.9
2026-01-29,2026-02-03,27500,PE,2220.0,2275.15,2014.9,2046.25,2046.25,76,11700,3380,25418.9
2026-01-29,2026-02-03,27350,PE,1884.25,1884.25,1884.25,1884.25,1910.5,1,390,65,25418.9
2026-01-29,2026-02-03,26850,PE,1663.6,1663.6,1387.9,1389.3,1410.9,12,1170,-390,25418.9
2026-01-29,2026-02-03,26000,PE,700.0,836.0,552.25,574.85,574.85,26429,981760,115635,25418.9
2026-01-29,2026-02-03,25700,PE,464.05,568.35,315.15,332.7,332.7,29127,548275,585,25418.9
2026-01-29,2026-02-03,25650,PE,417.75,528.35,282.0,297.7,297.7,15811,187070,44460,25418.9
2026-01-29,2026-02-03,24600,PE,30.4,50.2,17.15,18.75,18.75,391444,3822000,965640,25418.9
2026-01-29,2030-12-31,22500,CE,0.0,0.0,0.0,9536.95,8397.7,0,0,0,25418.9
2026-01-29,2030-12-31,19500,CE,0.0,0.0,0.0,11601.15,10576.35,0,0,0,25418.9
2026-01-29,2029-06-26,24000,CE,0.0,0.0,0.0,8085.35,5813.9,0,0,0,25418.9
2026-01-29,2028-06-27,19500,CE,0.0,0.0,0.0,9209.1,8357.25,0,0,0,25418.9
2026-01-29,2027-06-29,21000,CE,0.0,0.0,0.0,3061.8,6018.0,0,0,0,25418.9
2026-01-29,2027-06-29,19000,CE,0.0,0.0,0.0,7800.0,7843.3,0,75,0,25418.9
2026-01-29,2026-12-29,27000,CE,1115.25,1161.0,1042.4,1145.55,1145.55,989,337710,20670,25418.9
2026-01-29,2026-12-29,22500,CE,0.0,0.0,0.0,4860.75,4087.5,0,0,0,25418.9
2026-01-29,2026-09-29,27000,CE,700.0,768.35,664.0,755.7,755.7,584,142155,9100,25418.9
2026-01-29,2026-09-29,18000,CE,0.0,0.0,0.0,7684.05,8066.1,0,0,0,25418.9
2026-01-29,2026-06-30,31500,CE,0.0,0.0,0.0,17.95,3.2,0,195,0,25418.9
2026-01-29,2026-06-30,12000,CE,0.0,0.0,0.0,8690.0,13690.65,0,50,0,25418.9
2026-01-29,2026-04-28,26800,CE,200.0,200.0,190.0,193.15,193.15,25,1560,1560,25418.9
2026-01-29,2026-04-28,26300,CE,370.85,370.85,370.85,370.85,354.1,1,65,65,25418.9
2026-01-29,2026-04-28,25750,CE,520.35,520.35,520.35,520.35,581.2,1,65,65,25418.9
2026-01-29,2026-04-28,25550,CE,626.25,752.75,620.7,749.35,749.35,9,325,325,25418.9
2026-01-29,2026-04-28,25100,CE,1041.85,1041.85,1037.35,1040.6,1040.6,4,130,130,25418.9
2026-01-29,2026-04-28,24300,CE,0.0,0.0,0.0,1471.5,1552.85,0,0,0,25418.9
2026-01-29,2026-03-30,31000,CE,4.1,4.1,2.8,2.9,2.9,433,182385,-3445,25418.9
2026-01-29,2026-03-30,27850,CE,19.65,26.15,19.65,24.55,24.55,9,3510,-130,25418.9
2026-01-29,2026-03-30,27450,CE,40.9,44.15,38.1,44.15,39.65,95,7085,1755,25418.9
2026-01-29,2026-03-30,26300,CE,188.5,238.05,177.05,230.75,230.75,2627,381355,-2795,25418.9
2026-01-29,2026-03-30,25600,CE,458.0,560.65,430.0,545.35,545.35,1131,122395,-3055,25418.9
2026-01-29,2026-03-30,24950,CE,977.25,977.25,969.8,969.8,969.8,2,780,65,25418.9
2026-01-29,2026-03-30,24750,CE,1136.85,1138.4,1136.85,1137.7,1039.95,3,390,0,25418.9
2026-01-29,2026-03-30,24650,CE,1216.45,1216.45,1202.6,1204.6,1204.6,5,585,65,25418.9
2026-01-29,2026-03-30,24600,CE,1259.3,1259.85,1259.3,1259.85,1157.45,2,2990,0,25418.9
2026-01-29,2026-03-30,24500,CE,1210.05,1341.8,1127.3,1330.25,1330.25,251,35100,1105,25418.9
2026-01-29,2026-03-02,26450,CE,61.55,61.55,61.1,61.1,69.65,4,325,260,25418.9
2026-01-29,2026-03-02,26400,CE,72.85,89.15,66.0,86.75,86.75,34,2600,845,25418.9
2026-01-29,2026-03-02,26250,CE,0.0,0.0,0.0,166.55,104.7,0,0,0,25418.9
2026-01-29,2026-03-02,25550,CE,0.0,0.0,0.0,397.2,341.0,0,0,0,25418.9
2026-01-29,2026-03-02,25350,CE,432.25,519.4,363.85,500.5,500.5,112,1300,1300,25418.9
2026-01-29,2026-03-02,25200,CE,512.15,617.45,450.2,605.9,605.9,90,2860,585,25418.9
2026-01-29,2026-03-02,24550,CE,0.0,0.0,0.0,1001.8,1038.2,0,0,0,25418.9
2026-01-29,2026-03-02,24500,CE,0.0,0.0,0.0,1040.05,1082.0,0,0,0,25418.9
2026-01-29,2026-03-02,24400,CE,0.0,0.0,0.0,1118.6,1171.3,0,0,0,25418.9
2026-01-29,2026-03-02,23950,CE,0.0,0.0,0.0,1499.5,1593.6,0,0,0,25418.9
2026-01-29,2026-03-02,23800,CE,0.0,0.0,0.0,1634.6,1739.15,0,0,0,25418.9
2026-01-29,2026-03-02,23650,CE,0.0,0.0,0.0,1772.8,1886.05,0,0,0,25418.9
2026-01-29,2026-02-24,25350,CE,355.05,472.95,325.75,454.45,454.45,7872,173290,71825,25418.9
2026-01-29,2026-02-24,25000,CE,637.6,718.8,524.2,694.45,694.45,28984,2214420,-32565,25418.9
2026-01-29,2026-02-24,24250,CE,1344.5,1344.5,1333.45,1336.8,1336.8,3,910,-65,25418.9
2026-01-29,2026-02-24,23400,CE,2100.0,2100.0,2100.0,2100.0,2110.9,2,1625,130,25418.9
2026-01-29,2026-02-17,27050,CE,17.3,17.3,8.2,8.2,2.8,2,260,0,25418.9
2026-01-29,2026-02-17,27000,CE,12.1,13.8,10.8,11.5,11.5,736,41665,2925,25418.9
2026-01-29,2026-02-17,26800,CE,18.0,18.55,15.0,16.8,16.8,249,12415,4290,25418.9
2026-01-29,2026-02-17,26500,CE,33.0,37.0,26.55,33.85,33.85,1165,38220,5265,25418.9
2026-01-29,2026-02-17,25600,CE,235.3,274.3,176.65,260.65,260.65,1276,30355,3120,25418.9
2026-01-29,2026-02-17,25400,CE,286.7,386.4,256.9,369.75,369.75,2694,124410,30030,25418.9
2026-01-29,2026-02-17,25250,CE,375.0,476.45,329.4,465.75,465.75,577,4745,-195,25418.9
2026-01-29,2026-02-17,23800,CE,1725.45,1731.2,1725.45,1728.35,1728.35,2,130,0,25418.9
2026-01-29,2026-02-17,23500,CE,2017.15,2025.4,2017.15,2021.3,2021.3,2,130,0,25418.9
2026-01-29,2026-02-10,26300,CE,34.0,35.0,23.1,30.6,30.6,20106,287885,20540,25418.9
2026-01-29,2026-02-10,25900,CE,68.25,103.3,62.0,95.25,95.25,16245,286975,74230,25418.9
2026-01-29,2026-02-10,25400,CE,250.35,321.75,195.55,305.2,305.2,45617,655200,121355,25418.9
2026-01-29,2026-02-10,24850,CE,598.95,731.15,515.7,714.75,714.75,228,19890,325,25418.9
2026-01-29,2026-02-10,24400,CE,1100.0,1128.2,1100.0,1118.15,1118.15,295,17420,16185,25418.9
2026-01-29,2026-02-10,23600,CE,1903.9,1903.9,1897.3,1900.6,1900.6,2,130,65,25418.9
2026-01-29,2026-02-10,23400,CE,2103.6,2103.6,2097.3,2100.45,2100.45,2,130,65,25418.9
2026-01-29,2026-02-03,26900,CE,3.0,3.7,1.85,1.95,1.95,149327,1455935,577265,25418.9
2026-01-29,2026-02-03,26850,CE,3.0,4.05,2.05,2.15,2.15,83079,509470,-389025,25418.9
2026-01-29,2026-02-03,26650,CE,4.7,5.65,3.25,3.6,3.6,79287,728650,197470,25418.9
2026-01-29,2026-02-03,25850,CE,44.7,59.7,30.3,50.9,50.9,326523,1181830,285545,25418.9
2026-01-29,2026-02-03,25800,CE,52.55,70.6,35.25,60.75,60.75,753892,3831555,357955,25418.9
2026-01-29,2026-02-03,25400,CE,182.4,234.5,117.05,215.7,215.7,1740269,3278860,-301860,25418.9
2026-01-29,2026-02-03,25300,CE,237.6,298.2,153.9,277.3,277.3,2355954,3168555,-988975,25418.9
2026-01-29,2026-02-03,25200,CE,299.4,370.0,199.2,346.85,346.85,1445872,2266615,-30030,25418.9
2026-01-29,2026-02-03,24800,CE,549.3,711.0,458.7,683.5,683.5,18875,165425,10335,25418.9
2026-01-29,2026-02-03,24500,CE,835.0,996.35,712.0,966.9,966.9,9044,285350,71370,25418.9
2026-01-29,2026-02-03,24100,CE,1117.0,1376.15,1115.0,1356.9,1356.9,146,5135,2665,25418.9
2026-01-29,2026-02-03,23700,CE,1542.0,1616.95,1521.6,1582.75,1736.75,22,4420,-585,25418.9
2026-01-29,2026-03-02,25600,PE,0.0,0.0,0.0,568.9,375.2,0,0,0,25418.9
2026-01-29,2026-03-02,26250,PE,0.0,0.0,0.0,1005.4,809.5,0,0,0,25418.9
2026-01-29,2026-03-02,26350,PE,0.0,0.0,0.0,1082.9,890.1,0,0,0,25418.9
2026-01-29,2026-03-30,19000,PE,9.3,10.2,8.15,8.65,8.65,325,226035,800,25418.9
2026-01-29,2026-03-30,20000,PE,11.75,12.2,10.3,10.75,10.75,1345,342690,7955,25418.9
2026-01-29,2026-03-30,23750,PE,76.9,81.5,63.4,63.8,63.8,140,13195,585,25418.9
2026-01-29,2026-03-30,24700,PE,201.05,233.0,160.25,163.55,163.55,1550,725790,4160,25418.9
2026-01-29,2026-03-30,24750,PE,213.0,247.45,172.95,175.3,175.3,69,7670,-1495,25418.9
2026-01-29,2026-03-30,24900,PE,252.65,290.9,202.05,206.3,206.3,1085,173875,-5135,25418.9
2026-01-29,2026-03-30,25300,PE,381.3,429.25,308.85,316.35,316.35,1937,203320,3770,25418.9
2026-01-29,2026-03-30,25400,PE,418.4,474.6,343.15,350.55,350.55,1208,188175,-3120,25418.9
2026-01-29,2026-03-30,26200,PE,844.0,935.75,725.65,741.7,741.7,95,65520,-845,25418.9
2026-01-29,2026-03-30,27550,PE,0.0,0.0,0.0,1906.9,1916.4,0,390,0,25418.9
2026-01-29,2026-03-30,29000,PE,3400.0,3477.1,3200.0,3223.6,3223.6,77,459805,1625,25418.9
2026-01-29,2026-04-28,23950,PE,107.3,107.3,107.3,107.3,65.3,1,65,65,25418.9
2026-01-29,2026-04-28,24300,PE,0.0,0.0,0.0,223.95,110.25,0,0,0,25418.9
2026-01-29,2026-04-28,24600,PE,191.8,191.8,191.8,191.8,191.8,1,65,65,25418.9
2026-01-29,2026-04-28,24850,PE,0.0,0.0,0.0,382.95,225.5,0,0,0,25418.9
2026-01-29,2026-04-28,25200,PE,420.55,420.55,323.55,332.7,334.25,88,4550,3640,25418.9
2026-01-29,2026-04-28,25350,PE,373.7,373.7,367.5,371.0,371.0,10,650,650,25418.9
2026-01-29,2026-04-28,25700,PE,595.0,597.8,489.35,496.65,496.65,129,4420,4420,25418.9
2026-01-29,2026-04-28,26700,PE,1044.0,1044.0,1039.8,1042.9,1161.1,12,780,780,25418.9
2026-01-29,2026-06-30,22500,PE,0.0,0.0,0.0,92.0,16.85,0,65,0,25418.9
2026-01-29,2026-12-29,19000,PE,42.05,50.7,41.25,47.0,0.6,11,10615,520,25418.9
2026-01-29,2026-12-29,26000,PE,775.55,849.85,732.65,737.0,737.0,1657,952975,-5860,25418.9
2026-01-29,2026-12-29,28500,PE,0.0,0.0,0.0,1948.15,2182.15,0,0,0,25418.9
2026-01-29,2026-12-29,29000,PE,2370.0,2429.3,2168.65,2187.85,2187.85,304,113915,9555,25418.9
2026-01-29,2027-06-29,24000,PE,0.0,0.0,0.0,5056.2,275.55,0,0,0,25418.9
2026-01-29,2027-06-29,34500,PE,0.0,0.0,0.0,5880.15,6577.3,0,0,0,25418.9
2026-01-29,2028-06-27,22000,PE,0.0,0.0,0.0,470.05,102.25,0,325,0,25418.9
2026-01-29,2029-06-26,19500,PE,0.0,0.0,0.0,56.0,25.25,0,0,0,25418.9
2026-01-29,2029-12-24,19500,PE,0.0,0.0,0.0,61.2,28.2,0,0,0,25418.9
2026-01-29,2030-12-31,19500,PE,0.0,0.0,0.0,67.4,31.75,0,0,0,25418.9
2026-01-29,2030-12-31,27000,PE,0.0,0.0,0.0,779.5,667.35,0,0,0,25418.9
2026-01-29,2026-03-02,25150,PE,271.95,319.0,269.25,293.05,182.2,8,455,455,25418.9
2026-01-29,2026-03-02,24050,PE,52.9,74.4,48.55,64.65,12.95,69,1105,1105,25418.9
2026-01-29,2026-03-02,23700,PE,43.0,43.05,28.15,28.15,4.1,26,1365,1365,25418.9
2026-01-29,2026-02-24,27800,PE,2410.0,2410.05,2239.7,2241.05,2241.05,16,5915,0,25418.9
2026-01-29,2026-02-24,27250,PE,1711.0,1715.55,1711.0,1713.3,1713.3,2,910,0,25418.9
2026-01-29,2026-02-24,26750,PE,1217.05,1222.15,1217.05,1222.15,1248.0,2,520,0,25418.9
2026-01-29,2026-02-24,26600,PE,1290.75,1353.35,1080.0,1096.15,1096.15,168,327730,585,25418.9
2026-01-29,2026-02-24,25600,PE,485.55,547.85,361.4,374.1,374.1,13573,944645,379795,25418.9
2026-01-29,2026-02-24,25500,PE,401.05,490.45,315.9,325.85,325.85,56567,3274765,86775,25418.9
2026-01-29,2026-02-24,25150,PE,266.3,316.95,193.55,199.05,199.05,2980,64415,4485,25418.9
2026-01-29,2026-02-24,24950,PE,200.0,239.3,144.5,149.45,149.45,1040,57655,15210,25418.9
2026-01-29,2026-02-24,24800,PE,138.0,195.9,115.6,119.25,119.25,19581,1107535,109980,25418.9
2026-01-29,2026-02-24,23700,PE,31.45,39.4,24.0,24.9,24.9,5853,212030,24635,25418.9
2026-01-29,2026-02-24,23650,PE,30.05,36.1,22.8,23.85,23.85,169,12090,2340,25418.9
2026-01-29,2026-02-17,27400,PE,1867.4,1878.15,1867.4,1872.8,1872.8,2,130,0,25418.9
2026-01-29,2026-02-17,26800,PE,1282.35,1287.6,1282.35,1285.0,1285.0,2,65,-65,25418.9
2026-01-29,2026-02-17,25050,PE,190.05,243.45,135.4,142.6,142.6,150,4355,-715,25418.9
2026-01-29,2026-02-03,24400,PE,19.05,30.25,11.3,12.1,12.1,284847,1766765,538525,25418.9
2026-01-29,2030-12-31,30000,CE,0.0,0.0,0.0,5227.2,3921.6,0,0,0,25418.9
2026-01-29,2030-12-31,21000,CE,0.0,0.0,0.0,10552.5,9471.45,0,0,0,25418.9
2026-01-29,2030-06-25,34500,CE,0.0,0.0,0.0,2879.05,1776.35,0,0,0,25418.9
2026-01-29,2030-06-25,31500,CE,0.0,0.0,0.0,3984.8,2771.05,0,0,0,25418.9
2026-01-29,2030-06-25,28500,CE,0.0,0.0,0.0,5382.85,4132.35,0,0,0,25418.9
2026-01-29,2029-12-24,19500,CE,0.0,0.0,0.0,10678.8,9715.2,0,0,0,25418.9
2026-01-29,2029-06-26,18000,CE,0.0,0.0,0.0,11678.65,10503.65,0,0,0,25418.9
2026-01-29,2028-12-26,33000,CE,0.0,0.0,0.0,2477.5,1009.75,0,0,0,25418.9
2026-01-29,2027-12-28,33000,CE,0.0,0.0,0.0,1554.15,376.7,0,0,0,25418.9
2026-01-29,2027-12-28,18000,CE,0.0,0.0,0.0,6285.7,9218.15,0,0,0,25418.9
2026-01-29,2026-12-29,28000,CE,648.0,708.85,620.95,695.7,695.7,1300,637345,12420,25418.9
2026-01-29,2026-12-29,26000,CE,1630.0,1758.95,1579.15,1724.25,1724.25,815,291435,21295,25418.9
2026-01-29,2026-12-29,24000,CE,2960.0,3135.0,2940.0,3116.0,3116.0,110,40460,5590,25418.9
2026-01-29,2026-12-29,22000,CE,4703.9,4704.05,4650.0,4670.0,4537.5,22,6600,-1020,25418.9
2026-01-29,2026-09-29,26000,CE,1175.0,1294.15,1132.7,1249.6,1249.6,323,82710,3055,25418.9
2026-01-29,2026-04-28,25950,CE,519.95,519.95,516.7,518.25,518.25,6,0,0,25418.9
2026-01-29,2026-04-28,25250,CE,946.65,946.65,942.45,944.55,944.55,2,0,0,25418.9
2026-01-29,2026-04-28,24950,CE,1161.35,1161.35,1154.45,1157.9,1157.9,2,0,0,25418.9
2026-01-29,2026-04-28,23600,CE,0.0,0.0,0.0,2036.25,2169.8,0,0,0,25418.9
2026-01-29,2026-04-28,23550,CE,0.0,0.0,0.0,2079.3,2216.05,0,0,0,25418.9
2026-01-29,2026-04-28,23500,CE,0.0,0.0,0.0,2122.7,2262.5,0,0,0,25418.9
2026-01-29,2026-03-30,29000,CE,9.0,9.8,7.7,8.05,8.05,2181,789135,-30455,25418.9
2026-01-29,2026-03-30,27700,CE,32.35,32.6,27.1,29.85,29.85,1246,67990,45500,25418.9
2026-01-29,2026-03-30,27500,CE,40.7,42.6,36.25,41.25,41.25,6612,385255,12610,25418.9
2026-01-29,2026-03-30,26400,CE,164.65,208.1,153.0,200.9,200.9,5054,501475,82030,25418.9
2026-01-29,2026-03-30,26150,CE,242.35,284.75,221.0,281.5,281.5,60,5330,455,25418.9
2026-01-29,2026-03-30,25350,CE,570.0,713.0,570.0,708.0,633.05,48,5590,65,25418.9
2026-01-29,2026-03-30,23550,CE,0.0,0.0,0.0,2115.7,2095.75,0,195,0,25418.9
2026-01-29,2026-03-02,26950,CE,0.0,0.0,0.0,57.15,21.8,0,0,0,25418.9
2026-01-29,2026-03-02,26050,CE,0.0,0.0,0.0,217.65,152.4,0,0,0,25418.9
2026-01-29,2026-03-02,26000,CE,151.85,195.0,135.0,187.1,187.1,460,9425,2145,25418.9
2026-01-29,2026-03-02,24950,CE,0.0,0.0,0.0,721.15,713.35,0,0,0,25418.9
2026-01-29,2026-03-02,24800,CE,0.0,0.0,0.0,820.65,829.25,0,0,0,25418.9
2026-01-29,2026-03-02,24700,CE,0.0,0.0,0.0,890.85,910.65,0,0,0,25418.9
2026-01-29,2026-03-02,24000,CE,0.0,0.0,0.0,1455.25,1545.45,0,0,0,25418.9
2026-01-29,2026-02-24,27600,CE,7.45,10.4,7.0,7.65,7.65,657,59735,-24310,25418.9
2026-01-29,2026-02-24,27350,CE,8.7,12.2,8.6,11.0,11.0,165,17225,1690,25418.9
2026-01-29,2026-02-24,26700,CE,28.65,36.75,27.15,33.35,33.35,8063,422305,17745,25418.9
2026-01-29,2026-02-24,26350,CE,55.05,76.1,52.75,71.7,71.7,1237,65455,-10205,25418.9
2026-01-29,2026-02-24,26200,CE,88.6,105.65,70.0,99.6,99.6,19135,918320,-87685,25418.9
2026-01-29,2026-02-24,25200,CE,489.4,573.9,403.95,552.95,552.95,33435,1207115,-97500,25418.9
2026-01-29,2026-02-24,25100,CE,560.6,644.2,461.0,622.9,622.9,6251,334425,-24700,25418.9
2026-01-29,2026-02-24,24700,CE,811.25,962.9,730.0,940.85,940.85,579,26065,-5785,25418.9
2026-01-29,2026-02-24,23550,CE,2006.9,2016.7,2006.9,2011.8,2011.8,2,130,0,25418.9
2026-01-29,2026-02-17,27200,CE,7.95,10.9,7.0,7.8,7.8,129,9685,910,25418.9
2026-01-29,2026-02-17,26900,CE,14.0,15.5,12.65,13.35,13.35,151,10270,5720,25418.9
2026-01-29,2026-02-17,26400,CE,37.85,46.35,32.8,42.0,42.0,908,26715,6240,25418.9
2026-01-29,2026-02-17,25900,CE,120.05,150.0,96.85,143.35,143.35,1081,29770,5460,25418.9
2026-01-29,2026-02-17,25550,CE,231.4,300.0,198.7,285.9,285.9,701,40495,-3770,25418.9
2026-01-29,2026-02-17,24450,CE,1110.35,1117.8,1110.35,1114.1,1114.1,2,390,0,25418.9
2026-01-29,2026-02-17,24400,CE,1036.0,1171.85,941.75,1171.85,1101.5,3,325,0,25418.9
2026-01-29,2026-02-10,27600,CE,3.75,4.75,3.0,3.85,3.85,502,34385,7150,25418.9
2026-01-29,2026-02-10,26950,CE,6.3,8.1,6.3,6.9,6.9,171,7605,-130,25418.9
2026-01-29,2026-02-10,26900,CE,9.35,9.35,6.65,7.4,7.4,1610,54535,14820,25418.9
2026-01-29,2026-02-10,26550,CE,14.5,18.15,13.1,15.65,15.65,3199,31915,8775,25418.9
2026-01-29,2026-02-10,26450,CE,20.0,23.35,16.45,20.45,20.45,1754,35100,6955,25418.9
2026-01-29,2026-02-10,26350,CE,23.7,30.95,20.8,27.0,27.0,3323,74620,14365,25418.9
2026-01-29,2026-02-10,25950,CE,61.5,90.45,55.0,82.4,82.4,5227,76115,18785,25418.9
2026-01-29,2026-02-10,24650,CE,729.4,898.0,671.0,898.0,826.7,23,2535,65,25418.9
2026-01-29,2026-02-10,24350,CE,1185.8,1188.5,1185.8,1188.5,1115.8,2,130,-65,25418.9
2026-01-29,2026-02-10,24150,CE,1369.0,1369.0,1363.95,1366.5,1366.5,2,130,0,25418.9
2026-01-29,2026-02-10,23950,CE,1556.25,1560.2,1556.25,1560.2,1512.4,2,130,-65,25418.9
2026-01-29,2026-02-10,23650,CE,1844.35,1844.35,1838.4,1841.4,1841.4,2,130,65,25418.9
2026-01-29,2026-02-03,27750,CE,1.8,2.25,1.15,1.25,1.25,22880,177645,10205,25418.9
2026-01-29,2026-02-03,27400,CE,1.85,2.35,1.3,1.4,1.4,61023,523965,177775,25418.9
2026-01-29,2026-02-03,27300,CE,1.9,2.35,1.35,1.45,1.45,92388,1046760,54405,25418.9
2026-01-29,2026-02-03,27000,CE,3.35,3.4,1.75,1.85,1.85,402904,6876545,1383070,25418.9
2026-01-29,2026-02-03,26200,CE,14.75,18.35,9.15,14.15,14.15,360510,3191630,1046500,25418.9
2026-01-29,2026-02-03,25950,CE,33.7,42.35,21.2,35.5,35.5,246209,831155,-136435,25418.9
2026-01-29,2026-02-03,25550,CE,114.3,155.25,75.4,140.45,140.45,629213,1268540,143975,25418.9
2026-01-29,2026-02-03,24850,CE,503.05,658.05,420.85,636.25,636.25,4075,50895,7930,25418.9
2026-01-29,2026-02-03,24400,CE,918.5,1091.25,813.35,1063.5,1063.5,237,24765,1560,25418.9
2026-01-29,2026-02-03,24350,CE,968.55,1136.45,864.35,1120.85,1087.3,38,2405,-325,25418.9
2026-01-29,2026-02-03,23900,CE,1331.0,1565.85,1303.55,1565.85,1536.9,14,585,-65,25418.9
2026-01-29,2026-02-03,23750,CE,1562.75,1690.55,1515.6,1690.55,1686.8,7,8580,0,25418.9
2026-01-29,2026-02-03,24950,PE,74.0,123.85,43.25,46.95,46.95,425482,1305655,194285,25418.9
2026-01-29,2026-02-03,25200,PE,142.3,225.0,88.5,94.6,94.6,2088321,4298905,1267110,25418.9
2026-01-29,2026-02-03,25750,PE,518.0,616.75,350.9,368.45,368.45,7526,139165,39455,25418.9
2026-01-29,2026-02-03,26550,PE,1243.65,1259.45,1083.65,1084.25,1111.15,17,975,520,25418.9
2026-01-29,2026-02-03,27300,PE,2015.5,2015.5,2015.5,2015.5,1860.55,1,260,-65,25418.9
2026-01-29,2026-02-03,28050,PE,0.0,0.0,0.0,2805.9,2610.0,0,130,0,25418.9
2026-01-29,2026-02-10,23500,PE,11.6,14.15,7.8,8.25,8.25,9098,375375,56745,25418.9
2026-01-29,2026-02-10,24400,PE,49.0,64.15,29.75,30.8,30.8,13812,199355,45825,25418.9
2026-01-29,2026-02-10,24450,PE,54.7,70.65,32.8,34.0,34.0,3665,38805,10400,25418.9
2026-01-29,2030-12-31,34500,PE,0.0,0.0,0.0,2953.45,3096.9,0,0,0,25418.9
2026-01-29,2028-06-27,21000,PE,0.0,0.0,0.0,907.2,53.1,0,0,0,25418.9
2026-01-29,2027-06-29,30000,PE,0.0,0.0,0.0,4562.55,2905.95,0,0,0,25418.9
2026-01-29,2026-12-29,24000,PE,317.9,343.75,296.1,301.4,301.4,794,382550,-7930,25418.9
2026-01-29,2026-12-29,23000,PE,194.75,210.0,186.3,192.05,192.05,930,352610,-545,25418.9
2026-01-29,2026-12-29,15000,PE,0.0,0.0,0.0,40.05,0.05,0,1700,0,25418.9
2026-01-29,2026-09-29,18000,PE,0.0,0.0,0.0,7.25,0.05,0,0,0,25418.9
2026-01-29,2026-02-10,25600,PE,424.05,507.3,296.6,307.6,307.6,3020,93210,23530,25418.9
2026-01-29,2026-02-10,25950,PE,748.75,768.3,524.0,539.45,539.45,51,4030,1625,25418.9
2026-01-29,2026-02-10,27200,PE,1859.65,1950.0,1697.25,1697.25,1732.1,6,520,130,25418.9
2026-01-29,2026-02-17,23300,PE,12.0,16.65,9.15,10.7,10.7,257,19825,5460,25418.9
2026-01-29,2026-02-17,24600,PE,94.85,120.2,64.85,66.2,66.2,407,18395,4095,25418.9
2026-01-29,2026-02-17,25250,PE,259.9,328.95,194.25,198.65,198.65,458,7280,1625,25418.9
2026-01-29,2026-02-17,25300,PE,299.05,355.0,206.7,214.6,214.6,3022,85995,18460,25418.9
2026-01-29,2026-02-17,25850,PE,480.6,489.55,475.15,483.25,483.25,55,3250,2535,25418.9
2026-01-29,2026-02-17,27100,PE,1572.75,1583.6,1572.75,1578.2,1578.2,2,130,0,25418.9
2026-01-29,2026-02-24,23450,PE,22.6,27.9,19.0,19.05,19.05,147,16445,-1235,25418.9
2026-01-29,2026-02-24,23500,PE,24.6,31.25,19.45,20.3,20.3,24795,2102425,191360,25418.9
2026-01-29,2026-02-24,23600,PE,28.5,34.35,21.3,22.3,22.3,4384,140920,25285,25418.9
2026-01-29,2026-02-24,25300,PE,290.0,385.55,239.0,245.8,245.8,63117,1869140,28600,25418.9
2026-01-29,2026-02-24,25350,PE,302.0,408.0,257.7,265.9,265.9,6081,124475,34645,25418.9
2026-01-29,2026-02-24,26050,PE,759.55,841.45,627.5,644.2,644.2,66,18460,-1300,25418.9
2026-01-29,2026-02-24,26950,PE,1400.6,1403.15,1400.6,1403.15,1437.75,2,455,-65,25418.9
2026-01-29,2026-02-24,27650,PE,0.0,0.0,0.0,2446.2,2124.1,0,195,0,25418.9
2026-01-29,2026-02-24,27950,PE,2395.25,2395.25,2391.7,2393.5,2393.5,2,2340,0,25418.9
2026-01-29,2026-03-02,24200,PE,77.8,98.55,59.0,60.55,60.55,137,2600,0,25418.9
2026-01-29,2026-03-02,24750,PE,0.0,0.0,0.0,165.75,81.6,0,910,0,25418.9
2026-01-29,2026-03-02,25100,PE,253.0,305.9,195.85,202.95,202.95,70,2470,1820,25418.9
2026-01-29,2026-03-02,25200,PE,278.7,350.0,222.7,229.2,229.2,82,4160,455,25418.9
2026-01-29,2026-03-02,25350,PE,345.95,405.05,278.35,278.35,256.7,39,2600,1950,25418.9
2026-01-29,2026-03-02,25750,PE,0.0,0.0,0.0,658.2,459.85,0,0,0,25418.9
2026-01-29,2026-03-02,26050,PE,0.0,0.0,0.0,857.85,658.2,0,0,0,25418.9
2026-01-29,2026-03-30,21000,PE,14.8,16.0,12.25,13.0,13.0,1166,666950,-7005,25418.9
2026-01-29,2026-03-30,22000,PE,24.0,27.2,21.4,22.05,22.05,2378,782260,22535,25418.9
2026-01-29,2026-03-30,23000,PE,39.95,46.75,36.2,36.7,36.7,4629,1437400,10585,25418.9
2026-01-29,2026-03-30,23300,PE,49.35,57.35,42.15,43.2,43.2,79,7475,455,25418.9
2026-01-29,2026-03-30,23350,PE,52.0,58.05,46.1,46.1,46.1,47,4355,0,25418.9
2026-01-29,2026-03-30,23400,PE,54.05,60.65,45.25,45.6,45.6,252,14040,-1105,25418.9
2026-01-29,2026-03-30,23600,PE,63.75,75.8,53.9,55.3,55.3,283,11700,-1040,25418.9
2026-01-29,2026-03-30,24450,PE,150.75,178.8,123.0,125.1,125.1,100,11050,1365,25418.9
2026-01-29,2026-06-30,25500,PE,530.0,580.65,477.25,487.35,487.35,669,150280,8905,25418.9
2026-01-29,2026-06-30,18000,PE,0.0,0.0,0.0,3088.05,0.05,0,0,0,25418.9
2026-01-29,2026-06-30,14000,PE,0.0,0.0,0.0,18.4,0.05,0,1075,0,25418.9
2026-01-29,2026-03-30,25650,PE,523.4,594.85,440.45,447.75,447.75,68,6435,2340,25418.9
2026-01-29,2026-03-30,26100,PE,775.0,859.5,664.8,679.9,679.9,94,35555,-130,25418.9
2026-01-29,2026-03-30,27600,PE,1876.3,1876.3,1875.5,1875.5,1963.1,2,2210,0,25418.9
2026-01-29,2026-04-28,23850,PE,0.0,0.0,0.0,135.3,55.65,0,0,0,25418.9
2026-01-29,2026-04-28,25250,PE,343.15,343.15,338.9,341.85,341.85,14,910,910,25418.9
2026-01-29,2026-04-28,25500,PE,493.05,545.0,408.45,420.5,420.5,717,19890,12025,25418.9
2026-01-29,2026-02-03,24500,PE,23.9,38.95,13.9,15.05,15.05,543307,5429385,1508975,25418.9
2026-01-29,2030-06-25,30000,PE,0.0,0.0,0.0,2100.85,1529.8,0,0,0,25418.9
2026-01-29,2030-06-25,18000,PE,0.0,0.0,0.0,116.65,11.1,0,0,0,25418.9
2026-01-29,2029-12-24,34500,PE,0.0,0.0,0.0,3545.6,3802.65,0,0,0,25418.9
2026-01-29,2029-12-24,30000,PE,0.0,0.0,0.0,1953.5,1686.5,0,0,0,25418.9
2026-01-29,2029-12-24,26000,PE,0.0,0.0,0.0,1080.0,578.4,0,3535,0,25418.9
2026-01-29,2029-12-24,25500,PE,0.0,0.0,0.0,597.3,489.95,0,0,0,25418.9
2026-01-29,2028-12-26,25000,PE,0.0,0.0,0.0,730.0,455.8,0,4620,0,25418.9
2026-01-29,2028-06-27,33000,PE,0.0,0.0,0.0,3707.8,4149.75,0,0,0,25418.9
2026-01-29,2028-06-27,25500,PE,0.0,0.0,0.0,667.45,580.55,0,0,0,25418.9
2026-01-29,2027-06-29,22500,PE,0.0,0.0,0.0,153.9,100.3,0,0,0,25418.9
2026-01-29,2026-09-29,33000,PE,0.0,0.0,0.0,6552.15,6402.0,0,0,0,25418.9
2026-01-29,2026-06-30,31500,PE,0.0,0.0,0.0,4679.25,5371.0,0,0,0,25418.9
2026-01-29,2026-06-30,19000,PE,24.5,24.9,22.8,23.1,23.1,40,47850,975,25418.9
2026-01-29,2026-06-30,13000,PE,0.0,0.0,0.0,3.1,0.05,0,330,0,25418.9
2026-01-29,2026-04-28,27100,PE,1350.1,1350.1,1350.1,1350.1,1350.1,1,65,65,25418.9
2026-01-29,2026-04-28,27050,PE,1310.7,1310.7,1310.7,1310.7,1310.7,1,65,65,25418.9
2026-01-29,2026-04-28,26900,PE,1195.55,1195.55,1195.55,1195.55,1195.55,1,65,65,25418.9
2026-01-29,2026-04-28,25100,PE,352.8,387.1,296.45,300.15,300.15,138,7085,5525,25418.9
2026-01-29,2026-04-28,24650,PE,0.0,0.0,0.0,317.95,176.35,0,0,0,25418.9
2026-01-29,2026-04-28,24450,PE,0.0,0.0,0.0,262.25,135.7,0,0,0,25418.9
2026-01-29,2026-04-28,24350,PE,0.0,0.0,0.0,235.95,118.3,0,0,0,25418.9
2026-01-29,2026-04-28,24150,PE,0.0,0.0,0.0,190.6,88.7,0,0,0,25418.9
2026-01-29,2026-04-28,24050,PE,0.0,0.0,0.0,170.55,76.3,0,0,0,25418.9
2026-01-29,2026-04-28,24000,PE,130.0,146.0,109.0,110.45,110.45,465,28210,455,25418.9
2026-01-29,2026-04-28,23600,PE,0.0,0.0,0.0,99.45,36.5,0,0,0,25418.9
2026-01-29,2026-04-28,23500,PE,85.0,94.0,72.7,73.25,73.25,90,6630,-845,25418.9
2026-01-29,2026-03-30,26800,PE,1351.1,1351.1,1211.6,1211.6,1252.5,8,9945,-130,25418.9
2026-01-29,2026-03-30,26650,PE,1048.6,1048.8,1047.1,1048.8,1131.0,7,1950,260,25418.9
2026-01-29,2026-03-30,26550,PE,973.6,973.85,971.2,972.95,1052.8,9,1170,325,25418.9
2026-01-29,2026-03-30,25850,PE,682.5,698.6,620.1,620.1,580.1,76,6760,3965,25418.9
2026-01-29,2026-03-30,25600,PE,509.25,568.95,422.4,429.75,429.75,980,157495,14040,25418.9
2026-01-29,2026-03-30,25550,PE,480.0,543.25,399.1,406.55,406.55,62,8385,2210,25418.9
2026-01-29,2026-03-30,24550,PE,168.65,198.1,137.7,139.05,139.05,129,10270,2080,25418.9
2026-01-29,2026-03-30,24150,PE,113.55,126.45,92.3,92.3,92.3,122,7215,325,25418.9
2026-01-29,2026-03-30,24050,PE,100.75,117.2,83.9,83.9,83.9,133,17095,-780,25418.9
2026-01-29,2026-03-30,23950,PE,92.6,102.65,76.35,77.6,77.6,155,17550,520,25418.9
2026-01-29,2026-03-02,27000,PE,0.0,0.0,0.0,1636.25,1470.4,0,0,0,25418.9
2026-01-29,2026-03-02,26850,PE,0.0,0.0,0.0,1502.15,1329.9,0,0,0,25418.9
2026-01-29,2026-03-02,26700,PE,0.0,0.0,0.0,1371.5,1192.65,0,0,0,25418.9
2026-01-29,2026-03-02,26550,PE,0.0,0.0,0.0,1244.8,1059.5,0,0,0,25418.9
2026-01-29,2026-03-02,24850,PE,180.95,199.0,157.9,157.9,101.3,13,1105,845,25418.9
2026-01-29,2026-03-02,24450,PE,104.35,104.35,103.75,103.75,39.85,13,910,845,25418.9
2026-01-29,2026-03-02,24100,PE,0.0,0.0,0.0,71.5,15.1,0,0,0,25418.9
2026-01-29,2026-03-02,23400,PE,20.0,35.0,20.0,24.4,24.4,18,3445,520,25418.9
2026-01-29,2026-02-24,27600,PE,2053.25,2053.25,2043.9,2049.55,2049.55,6,2665,260,25418.9
2026-01-29,2026-02-24,25450,PE,389.55,460.5,295.25,304.55,304.55,2840,71955,15210,25418.9
2026-01-29,2026-02-24,25250,PE,285.0,359.0,223.5,229.9,229.9,6711,106275,2275,25418.9
2026-01-29,2026-02-24,25100,PE,219.05,296.1,179.6,184.25,184.25,33274,1422720,398450,25418.9
2026-01-29,2026-02-24,24850,PE,171.55,208.0,124.4,128.05,128.05,1188,49270,13195,25418.9
2026-01-29,2026-02-24,24600,PE,121.05,146.0,85.85,88.7,88.7,14633,612365,18460,25418.9
2026-01-29,2026-02-24,23950,PE,44.95,55.95,34.0,34.45,34.45,457,35100,5265,25418.9
2026-01-29,2026-02-17,27050,PE,1521.65,1530.7,1521.65,1526.45,1526.45,4,65,-65,25418.9
2026-01-29,2026-02-17,26600,PE,1097.65,1102.55,1097.65,1100.1,1100.1,2,130,0,25418.9
2026-01-29,2026-02-17,25600,PE,440.05,528.9,330.2,343.05,343.05,413,22490,7930,25418.9
2026-01-29,2026-02-17,24450,PE,90.3,90.3,52.15,52.65,52.65,81,18135,1495,25418.9
2026-01-29,2026-02-17,24150,PE,45.95,55.85,32.9,33.3,33.3,204,4420,2015,25418.9
2026-01-29,2026-02-17,23500,PE,17.95,21.7,12.85,14.1,14.1,675,24310,10920,25418.9
2026-01-29,2026-02-10,27750,PE,2246.9,2246.9,2241.6,2241.6,2280.95,2,260,0,25418.9
2026-01-29,2026-02-10,27700,PE,2193.35,2193.35,2189.45,2189.45,2231.05,2,260,0,25418.9
2026-01-29,2026-02-10,27150,PE,1845.1,1847.45,1647.0,1647.0,1682.2,5,910,260,25418.9
2026-01-29,2026-02-10,26750,PE,1242.45,1259.7,1242.45,1259.7,1284.45,3,130,0,25418.9
2026-01-29,2026-02-10,26450,PE,967.55,970.7,964.65,968.15,968.15,5,195,0,25418.9
2026-01-29,2026-02-10,24350,PE,45.45,58.5,27.5,28.2,28.2,5429,55900,17680,25418.9
2026-01-29,2026-02-10,23800,PE,16.0,21.9,11.0,11.6,11.6,6078,194675,23205,25418.9
2026-01-29,2026-02-10,23600,PE,13.0,16.5,9.0,9.3,9.3,2854,52000,2405,25418.9
2026-01-29,2026-02-03,27450,PE,1984.85,2003.9,1984.85,2003.9,2003.9,10,520,260,25418.9
2026-01-29,2026-02-03,27150,PE,1917.8,1917.8,1686.55,1686.55,1710.65,5,650,-65,25418.9
2026-01-29,2026-02-03,25150,PE,127.05,201.15,76.7,82.2,82.2,894586,1600560,576550,25418.9
2026-01-29,2026-02-03,25100,PE,116.05,179.0,66.35,71.45,71.45,994091,3157700,846820,25418.9
2026-01-29,2026-02-03,24900,PE,70.0,109.2,37.5,40.85,40.85,647586,3148340,1485965,25418.9
2026-01-29,2026-02-03,23950,PE,7.9,11.15,5.15,5.45,5.45,73009,552890,131105,25418.9
2026-01-29,2026-02-03,23450,PE,4.1,5.8,2.6,2.85,2.85,44229,349635,111605,25418.9
2026-01-29,2030-12-31,27000,CE,0.0,0.0,0.0,6772.8,5491.1,0,0,0,25418.9
2026-01-29,2030-12-31,18000,CE,0.0,0.0,0.0,12674.15,11701.1,0,0,0,25418.9
2026-01-29,2028-12-26,22500,CE,0.0,0.0,0.0,7382.9,6391.35,0,0,0,25418.9
2026-01-29,2028-12-26,19500,CE,0.0,0.0,0.0,9716.4,8824.0,0,0,0,25418.9
2026-01-29,2028-12-26,18000,CE,0.0,0.0,0.0,9380.3,10086.8,0,0,0,25418.9
2026-01-29,2028-06-27,28500,CE,0.0,0.0,0.0,2990.0,2029.15,0,0,0,25418.9
2026-01-29,2027-06-29,31500,CE,0.0,0.0,0.0,769.15,308.95,0,0,0,25418.9
2026-01-29,2027-06-29,22500,CE,0.0,0.0,0.0,5539.6,4702.35,0,0,0,25418.9
2026-01-29,2026-12-29,31000,CE,124.0,127.55,116.25,124.2,124.2,166,121955,-150,25418.9
2026-01-29,2026-12-29,23000,CE,3840.0,3965.0,3830.0,3926.95,3926.95,10,14295,-390,25418.9
2026-01-29,2026-12-29,20000,CE,0.0,0.0,0.0,6558.0,6403.7,0,975,0,25418.9
2026-01-29,2026-06-30,21000,CE,4810.0,4979.75,4725.0,4979.75,4895.4,28,8515,0,25418.9
2026-01-29,2026-04-28,25350,CE,884.15,884.15,884.15,884.15,884.15,1,65,65,25418.9
2026-01-29,2026-04-28,25200,CE,981.95,981.95,975.8,978.95,978.95,4,65,65,25418.9
2026-01-29,2026-04-28,24150,CE,0.0,0.0,0.0,1585.85,1679.3,0,0,0,25418.9
2026-01-29,2026-04-28,23750,CE,0.0,0.0,0.0,1909.0,2032.45,0,0,0,25418.9
2026-01-29,2026-03-30,27350,CE,46.35,50.75,43.15,48.8,48.8,151,5330,-520,25418.9
2026-01-29,2026-03-30,25700,CE,450.0,504.9,384.85,491.55,491.55,1697,75270,15145,25418.9
2026-01-29,2026-03-30,25650,CE,437.0,533.0,410.1,512.15,512.15,60,8255,1430,25418.9
2026-01-29,2026-03-30,24200,CE,1585.45,1585.45,1581.75,1583.6,1583.6,2,130,0,25418.9
2026-01-29,2026-03-30,23600,CE,2137.8,2137.8,2135.45,2136.65,2136.65,2,195,0,25418.9
2026-01-29,2026-03-30,23300,CE,2418.6,2418.6,2418.6,2418.6,2418.6,1,65,65,25418.9
2026-01-29,2026-03-30,19000,CE,6397.75,6552.4,6397.75,6552.4,6552.4,2,173145,0,25418.9
2026-01-29,2026-03-02,26850,CE,0.0,0.0,0.0,67.4,27.95,0,0,0,25418.9
2026-01-29,2026-03-02,26550,CE,54.9,54.9,52.05,52.05,56.1,2,1040,65,25418.9
2026-01-29,2026-03-02,25500,CE,336.6,427.85,306.1,415.85,415.85,260,13260,1040,25418.9
2026-01-29,2026-03-02,25400,CE,397.0,484.2,355.0,472.2,472.2,89,3900,390,25418.9
2026-01-29,2026-03-02,24600,CE,0.0,0.0,0.0,964.15,995.0,0,0,0,25418.9
2026-01-29,2026-03-02,24300,CE,0.0,0.0,0.0,1199.55,1262.55,0,0,0,25418.9
2026-01-29,2026-03-02,24200,CE,0.0,0.0,0.0,1282.75,1355.55,0,0,0,25418.9
2026-01-29,2026-03-02,23750,CE,0.0,0.0,0.0,1680.35,1788.0,0,0,0,25418.9
2026-01-29,2026-02-24,28050,CE,5.35,6.7,3.85,4.35,4.35,181,12350,3770,25418.9
2026-01-29,2026-02-24,27850,CE,7.5,7.5,5.55,5.55,5.55,5,11310,195,25418.9
2026-01-29,2026-02-24,27700,CE,7.3,9.05,6.1,6.65,6.65,1623,70655,-32370,25418.9
2026-01-29,2026-02-24,27250,CE,10.7,14.25,10.7,12.9,12.9,149,5070,-1300,25418.9
2026-01-29,2026-02-24,26300,CE,67.0,85.5,52.0,80.05,80.05,15127,630955,-10985,25418.9
2026-01-29,2026-02-24,26150,CE,85.05,117.45,78.0,111.1,111.1,1315,61880,325,25418.9
2026-01-29,2026-02-24,25650,CE,227.0,300.0,200.0,288.0,288.0,4080,123500,2795,25418.9
2026-01-29,2026-02-24,24650,CE,784.5,905.5,783.25,905.5,914.9,11,5720,-130,25418.9
2026-01-29,2026-02-24,24300,CE,1095.55,1284.4,1056.65,1280.2,1280.2,22,6565,-260,25418.9
2026-01-29,2026-02-24,23700,CE,1862.4,1862.4,1862.4,1862.4,1862.4,1,1690,0,25418.9
2026-01-29,2026-02-24,23450,CE,2103.6,2113.85,2103.6,2108.75,2108.75,2,130,0,25418.9
2026-01-29,2026-02-17,27250,CE,0.0,0.0,0.0,16.85,1.2,0,520,0,25418.9
2026-01-29,2026-02-17,24500,CE,899.0,1080.35,899.0,1078.75,1007.5,6,3965,-260,25418.9
2026-01-29,2026-02-17,23900,CE,0.0,0.0,0.0,1549.75,1588.7,0,195,0,25418.9
2026-01-29,2026-02-17,23850,CE,1677.1,1682.85,1677.1,1680.0,1680.0,2,130,0,25418.9
2026-01-29,2026-02-17,23550,CE,0.0,0.0,0.0,1896.85,1936.45,0,195,0,25418.9
2026-01-29,2026-02-10,27650,CE,4.35,4.35,3.65,3.65,0.05,2,1170,0,25418.9
2026-01-29,2026-02-10,26850,CE,8.0,9.65,6.4,8.1,8.1,973,31135,-780,25418.9
2026-01-29,2026-02-10,26600,CE,10.9,16.0,10.9,13.55,13.55,12938,238485,28210,25418.9
2026-01-29,2026-02-10,26500,CE,19.55,20.7,14.75,17.65,17.65,24892,528190,60580,25418.9
2026-01-29,2026-02-10,26200,CE,42.45,46.05,29.65,40.75,40.75,20723,344825,71955,25418.9
2026-01-29,2026-02-10,25750,CE,125.0,150.0,89.25,139.75,139.75,7680,95550,22230,25418.9
2026-01-29,2026-02-10,25300,CE,300.0,386.45,238.65,366.4,366.4,58800,759005,33345,25418.9
2026-01-29,2026-02-10,24900,CE,558.95,689.95,477.05,669.45,669.45,970,26000,3380,25418.9
2026-01-29,2026-02-10,24700,CE,710.0,862.15,632.3,849.3,849.3,545,29770,14105,25418.9
2026-01-29,2026-02-10,24450,CE,846.1,1081.0,846.0,1081.0,1081.0,43,520,260,25418.9
2026-01-29,2026-02-10,24300,CE,1081.0,1234.5,1057.95,1223.05,1223.05,7,390,-65,25418.9
2026-01-29,2026-02-10,24250,CE,1262.7,1262.7,1257.55,1260.15,1260.15,2,195,0,25418.9
2026-01-29,2026-02-10,23850,CE,1656.75,1656.75,1647.75,1652.25,1652.25,2,65,0,25418.9
2026-01-29,2026-02-10,23550,CE,1951.95,1951.95,1942.8,1947.4,1947.4,2,130,65,25418.9
2026-01-29,2026-02-10,23300,CE,2196.35,2196.35,2183.75,2190.0,2190.0,4,260,65,25418.9
2026-01-29,2026-02-03,27550,CE,1.65,2.2,1.25,1.3,1.3,30244,257465,9880,25418.9
2026-01-29,2026-02-03,27100,CE,2.4,2.8,1.55,1.65,1.65,89739,828035,105755,25418.9
2026-01-29,2026-02-03,26250,CE,12.7,15.7,7.5,12.0,12.0,193326,770835,108355,25418.9
2026-01-29,2026-02-03,26150,CE,17.5,21.7,8.75,17.05,17.05,197782,626795,-56550,25418.9
2026-01-29,2026-02-03,26100,CE,21.35,25.9,13.1,20.75,20.75,368353,3622125,-41340,25418.9
2026-01-29,2026-02-03,25750,CE,53.95,83.5,40.9,72.7,72.7,455215,1167075,133705,25418.9
2026-01-29,2026-02-03,25250,CE,240.95,333.0,175.45,311.6,311.6,1169388,814710,-287170,25418.9
2026-01-29,2026-02-03,24600,CE,727.6,895.65,626.95,873.45,873.45,1151,80275,-5850,25418.9
2026-01-29,2026-02-03,23300,CE,0.0,0.0,0.0,1802.0,2136.45,0,130,0,25418.9
2026-01-29,2026-02-03,26550,CE,5.45,6.75,3.65,4.7,4.7,96145,615160,162305,25418.9
2026-01-29,2026-02-24,24300,PE,75.15,93.4,54.8,56.5,56.5,13522,366340,-21125,25418.9
2026-01-29,2026-02-17,26750,PE,1442.8,1442.8,1245.25,1247.6,1247.6,3,130,0,25418.9
2026-01-29,2026-02-17,26250,PE,781.75,784.95,781.75,784.95,800.85,2,130,0,25418.9
2026-01-29,2026-02-17,26100,PE,659.05,659.05,648.4,650.25,674.3,4,130,0,25418.9
2026-01-29,2026-02-17,25150,PE,215.85,282.5,164.25,168.45,168.45,140,3640,-325,25418.9
2026-01-29,2026-02-10,27850,PE,2506.7,2567.2,2343.35,2346.95,2346.95,4,260,0,25418.9
2026-01-29,2026-02-10,26150,PE,696.75,697.0,696.75,697.0,709.65,2,975,-130,25418.9
2026-01-29,2026-02-10,25900,PE,639.95,721.05,484.0,500.85,500.85,1009,79235,28860,25418.9
2026-01-29,2026-02-10,25150,PE,198.2,252.85,126.9,131.2,131.2,8263,81445,-16770,25418.9
2026-01-29,2026-02-10,24250,PE,38.85,49.0,22.65,23.4,23.4,3184,38025,9230,25418.9
2026-01-29,2026-02-10,23550,PE,11.4,14.35,8.4,9.05,9.05,895,12220,2535,25418.9
2026-01-29,2026-02-10,23350,PE,8.7,11.65,6.85,7.1,7.1,522,16055,455,25418.9
2026-01-29,2026-02-03,27700,PE,2234.45,2234.55,2234.45,2234.55,2260.25,3,650,195,25418.9
2026-01-29,2026-02-03,26200,PE,912.0,1025.3,737.4,759.55,759.55,763,119990,585,25418.9
2026-01-29,2026-02-03,24750,PE,46.25,74.25,25.15,27.45,27.45,244208,973895,301470,25418.9
2026-01-29,2026-02-03,24050,PE,8.95,13.75,6.0,6.35,6.35,92025,525460,95940,25418.9
2026-01-29,2030-12-31,25500,CE,0.0,0.0,0.0,7639.65,6395.2,0,0,0,25418.9
2026-01-29,2030-06-25,30000,CE,0.0,0.0,0.0,5580.35,3404.1,0,0,0,25418.9
2026-01-29,2030-06-25,22500,CE,0.0,0.0,0.0,9012.4,7906.0,0,0,0,25418.9
2026-01-29,2028-06-27,18000,CE,0.0,0.0,0.0,6809.35,9658.35,0,0,0,25418.9
2026-01-29,2027-12-28,25000,CE,3720.0,3720.0,3720.0,3720.0,3398.45,2,1700,130,25418.9
2026-01-29,2027-12-28,21000,CE,0.0,0.0,0.0,4902.4,6557.65,0,0,0,25418.9
2026-01-29,2027-06-29,33000,CE,0.0,0.0,0.0,1122.75,158.4,0,0,0,25418.9
2026-01-29,2026-12-29,25000,CE,2304.0,2417.0,2204.0,2390.7,2390.7,836,350060,22375,25418.9
2026-01-29,2026-12-29,16000,CE,0.0,0.0,0.0,6200.0,10204.25,0,50,0,25418.9
2026-01-29,2026-06-30,25500,CE,1010.05,1161.8,975.0,1125.9,1125.9,489,79495,10010,25418.9
2026-01-29,2026-04-28,26250,CE,390.4,390.4,390.4,390.4,371.55,1,65,65,25418.9
2026-01-29,2026-04-28,25400,CE,842.35,842.35,842.35,842.35,842.35,1,65,65,25418.9
2026-01-29,2026-04-28,24700,CE,0.0,0.0,0.0,1187.05,1235.75,0,0,0,25418.9
2026-01-29,2026-04-28,23950,CE,0.0,0.0,0.0,1744.3,1853.25,0,0,0,25418.9
2026-01-29,2026-04-28,23900,CE,0.0,0.0,0.0,1784.9,1897.6,0,0,0,25418.9
2026-01-29,2026-03-30,27900,CE,25.8,29.1,24.7,27.4,27.4,50,6240,-780,25418.9
2026-01-29,2026-03-30,26700,CE,110.0,134.45,101.0,130.55,130.55,3816,105885,-37440,25418.9
2026-01-29,2026-03-30,26650,CE,117.95,142.25,109.5,140.95,140.95,139,5980,-520,25418.9
2026-01-29,2026-03-30,25850,CE,326.7,419.7,323.4,415.1,415.1,134,6565,455,25418.9
2026-01-29,2026-03-30,25550,CE,545.0,581.15,456.5,575.55,575.55,61,6240,-195,25418.9
2026-01-29,2026-03-30,25150,CE,721.0,856.75,666.1,848.45,756.55,64,3640,650,25418.9
2026-01-29,2026-03-30,24450,CE,1371.5,1395.5,1343.35,1371.55,1371.55,4,520,-65,25418.9
2026-01-29,2026-03-30,24350,CE,1457.1,1457.1,1453.45,1455.3,1455.3,2,195,65,25418.9
2026-01-29,2026-03-02,27100,CE,0.0,0.0,0.0,44.2,14.75,0,0,0,25418.9
2026-01-29,2026-03-02,25450,CE,330.75,445.4,330.75,443.4,443.4,18,1040,975,25418.9
2026-01-29,2026-03-02,24450,CE,0.0,0.0,0.0,1079.0,1126.4,0,0,0,25418.9
2026-01-29,2026-03-02,23450,CE,0.0,0.0,0.0,1960.9,2083.3,0,0,0,25418.9
2026-01-29,2026-03-02,23350,CE,0.0,0.0,0.0,2056.3,2182.3,0,0,0,25418.9
2026-01-29,2026-03-02,23300,CE,0.0,0.0,0.0,2104.3,2231.85,0,0,0,25418.9
2026-01-29,2026-02-24,27950,CE,5.95,6.8,4.45,5.15,5.15,237,65130,2015,25418.9
2026-01-29,2026-02-24,25700,CE,219.0,277.0,183.3,264.6,264.6,15775,854100,-48035,25418.9
2026-01-29,2026-02-24,25400,CE,379.6,441.15,301.0,424.4,424.4,44245,1366495,-8840,25418.9
2026-01-29,2026-02-24,24950,CE,620.0,748.65,557.4,736.5,736.5,356,9425,-2470,25418.9
2026-01-29,2026-02-24,24800,CE,746.65,877.5,659.0,853.65,853.65,1595,128895,-4420,25418.9
2026-01-29,2026-02-24,24400,CE,1065.0,1216.8,980.0,1198.05,1198.05,89,7735,-3770,25418.9
2026-01-29,2026-02-24,24000,CE,1466.5,1585.0,1320.0,1560.8,1560.8,1780,864565,26390,25418.9
2026-01-29,2026-02-24,23300,CE,2050.0,2157.35,2050.0,2143.8,2210.35,13,1430,845,25418.9
2026-01-29,2026-02-17,27500,CE,6.1,8.6,4.95,5.45,5.45,927,45500,29250,25418.9
2026-01-29,2026-02-17,25850,CE,141.2,165.6,108.75,158.65,158.65,232,6825,1170,25418.9
2026-01-29,2026-02-17,25700,CE,167.0,227.0,145.8,214.55,214.55,994,22165,-4615,25418.9
2026-01-29,2026-02-17,24800,CE,686.55,820.8,608.85,812.45,812.45,127,7475,-1105,25418.9
2026-01-29,2026-02-17,24300,CE,1253.0,1259.35,1253.0,1256.2,1256.2,2,325,0,25418.9
2026-01-29,2026-02-17,23450,CE,2084.0,2084.0,2079.1,2081.55,2081.55,2,65,0,25418.9
2026-01-29,2026-02-10,27800,CE,2.9,3.85,2.8,3.1,3.1,96,13195,1950,25418.9
2026-01-29,2026-02-10,27750,CE,3.0,4.4,3.0,3.6,3.6,70,2340,715,25418.9
2026-01-29,2026-02-10,27550,CE,3.25,5.3,3.15,3.95,3.95,248,5655,1170,25418.9
2026-01-29,2026-02-10,27000,CE,6.85,7.55,5.65,6.05,6.05,11275,408135,99840,25418.9
2026-01-29,2026-02-10,26800,CE,10.45,11.1,6.8,8.8,8.8,3625,136955,26585,25418.9
2026-01-29,2026-02-10,26000,CE,69.75,79.75,48.0,72.35,72.35,45587,797680,86320,25418.9
2026-01-29,2026-02-10,25500,CE,208.55,263.15,157.65,247.9,247.9,52202,1275495,204425,25418.9
2026-01-29,2026-02-10,25100,CE,421.0,528.1,345.0,507.65,507.65,5884,91845,8515,25418.9
2026-01-29,2026-02-10,24550,CE,998.75,998.75,998.4,998.4,921.55,2,715,-65,25418.9
2026-01-29,2026-02-10,23750,CE,1755.0,1755.0,1745.75,1750.4,1750.4,2,65,0,25418.9
2026-01-29,2026-02-03,27650,CE,1.65,2.25,1.2,1.3,1.3,35817,260585,13975,25418.9
2026-01-29,2026-02-03,26950,CE,2.4,3.45,1.75,1.85,1.85,95901,782145,352560,25418.9
2026-01-29,2026-02-03,25900,CE,36.9,50.3,25.85,42.45,42.45,461948,2142790,198120,25418.9
2026-01-29,2026-02-03,25350,CE,209.6,265.85,134.5,245.2,245.2,1129311,1361360,-735475,25418.9
2026-01-29,2026-02-24,27450,PE,1907.1,1911.65,1907.1,1909.4,1909.4,2,130,0,25418.9
2026-01-29,2026-02-24,27700,PE,2141.05,2141.05,2141.05,2141.05,2141.05,1,11505,0,25418.9
2026-01-29,2026-02-24,27850,PE,2288.4,2301.5,2288.4,2296.2,2296.2,3,260,0,25418.9
2026-01-29,2026-03-02,23450,PE,0.0,0.0,0.0,18.8,1.6,0,0,0,25418.9
2026-01-29,2026-03-02,23650,PE,0.0,0.0,0.0,29.3,3.4,0,0,0,25418.9
2026-01-29,2026-03-02,24800,PE,170.1,199.55,132.0,132.0,132.0,44,1625,-390,25418.9
2026-01-29,2026-03-02,25500,PE,407.2,480.55,331.15,338.2,338.2,78,17420,3120,25418.9
2026-01-29,2026-03-02,25800,PE,0.0,0.0,0.0,689.55,490.3,0,0,0,25418.9
2026-01-29,2026-03-30,23700,PE,69.4,82.25,59.45,61.2,61.2,386,30810,10010,25418.9
2026-01-29,2026-03-30,25000,PE,283.25,326.65,229.2,234.4,234.4,14921,3639060,64100,25418.9
2026-01-29,2026-03-30,25050,PE,298.95,332.95,240.6,243.6,243.6,76,10855,-1040,25418.9
2026-01-29,2026-03-30,25500,PE,464.95,528.55,382.5,389.45,389.45,7036,829725,12740,25418.9
2026-01-29,2026-03-30,25900,PE,659.95,736.4,556.95,567.1,567.1,264,22620,-2795,25418.9
2026-01-29,2026-03-30,26850,PE,1210.5,1211.15,1210.5,1211.15,1294.0,2,715,65,25418.9
2026-01-29,2026-03-30,27450,PE,1801.9,1801.9,1801.9,1801.9,1823.7,1,390,0,25418.9
2026-01-29,2026-03-30,27700,PE,1968.5,1971.3,1968.5,1969.9,1969.9,2,520,65,25418.9
2026-01-29,2026-03-30,28050,PE,0.0,0.0,0.0,2408.25,2391.65,0,260,0,25418.9
2026-01-29,2026-03-30,31000,PE,5300.0,5461.0,5154.9,5181.75,5181.75,35,210380,1235,25418.9
2026-01-29,2026-04-28,23650,PE,0.0,0.0,0.0,105.95,39.8,0,0,0,25418.9
2026-01-29,2026-04-28,24200,PE,148.0,148.0,131.3,131.3,131.3,2,195,65,25418.9
2026-01-29,2026-04-28,24800,PE,263.0,303.8,228.55,228.55,212.4,69,2340,2275,25418.9
2026-01-29,2026-04-28,25650,PE,0.0,0.0,0.0,730.65,520.5,0,0,0,25418.9
2026-01-29,2026-04-28,25800,PE,0.0,0.0,0.0,811.8,594.7,0,0,0,25418.9
2026-01-29,2026-04-28,26300,PE,0.0,0.0,0.0,1117.2,884.85,0,0,0,25418.9
2026-01-29,2026-04-28,26650,PE,0.0,0.0,0.0,1360.65,1124.65,0,0,0,25418.9
2026-01-29,2026-04-28,26800,PE,1115.25,1115.25,1115.2,1115.2,1235.65,2,130,130,25418.9
2026-01-29,2026-06-30,15000,PE,0.0,0.0,0.0,12.3,0.05,0,1150,0,25418.9
2026-01-29,2026-09-29,24000,PE,252.0,276.95,234.0,236.15,236.15,602,212355,-4745,25418.9
2026-01-29,2026-09-29,25500,PE,0.0,0.0,0.0,579.65,575.75,0,0,0,25418.9
2026-01-29,2027-12-28,21000,PE,0.0,0.0,0.0,340.0,42.2,0,1025,0,25418.9
2026-01-29,2027-12-28,31500,PE,0.0,0.0,0.0,3240.0,3557.35,0,0,0,25418.9
2026-01-29,2028-06-27,22500,PE,0.0,0.0,0.0,206.95,137.65,0,0,0,25418.9
2026-01-29,2028-06-27,24000,PE,0.0,0.0,0.0,1692.75,302.35,0,0,0,25418.9
2026-01-29,2028-06-27,27000,PE,0.0,0.0,0.0,2752.35,998.75,0,0,0,25418.9
2026-01-29,2028-06-27,34500,PE,0.0,0.0,0.0,4734.1,5232.65,0,0,0,25418.9
2026-01-29,2028-12-26,28500,PE,0.0,0.0,0.0,1451.15,1425.75,0,0,0,25418.9
2026-01-29,2029-06-26,24000,PE,0.0,0.0,0.0,694.05,292.65,0,25,0,25418.9
2026-01-29,2029-06-26,34500,PE,0.0,0.0,0.0,3889.3,4216.25,0,0,0,25418.9
2026-01-29,2029-12-24,23000,PE,0.0,0.0,0.0,410.0,185.6,0,2015,0,25418.9
2026-01-29,2029-12-24,33000,PE,0.0,0.0,0.0,2953.7,3002.7,0,0,0,25418.9
2026-01-29,2030-12-31,18000,PE,0.0,0.0,0.0,32.3,12.3,0,0,0,25418.9
2026-01-29,2026-02-24,27200,PE,1801.1,1902.0,1643.1,1651.45,1651.45,25,46215,195,25418.9
2026-01-29,2026-02-24,26650,PE,1130.35,1136.4,1130.35,1135.75,1155.2,4,390,0,25418.9
2026-01-29,2026-02-24,26250,PE,920.7,1015.0,778.9,797.05,797.05,207,36660,-2860,25418.9
2026-01-29,2026-02-24,25550,PE,449.95,512.55,339.05,347.5,347.5,2155,93470,62400,25418.9
2026-01-29,2026-02-24,25200,PE,252.0,338.45,203.9,213.65,213.65,42404,1747460,-79105,25418.9
2026-01-29,2026-02-24,24500,PE,95.8,125.0,72.9,75.95,75.95,56535,2481115,-29835,25418.9
2026-01-29,2026-06-30,23000,PE,103.7,114.3,93.0,94.1,94.1,2062,504000,13510,25418.9
2026-01-29,2026-02-03,27600,CE,1.8,2.25,1.3,1.35,1.35,59241,809055,26715,25418.9
2026-01-29,2030-06-25,24000,PE,0.0,0.0,0.0,698.15,269.75,0,0,0,25418.9
2026-01-29,2029-06-26,31500,PE,0.0,0.0,0.0,2443.35,2542.75,0,0,0,25418.9
2026-01-29,2028-12-26,24000,PE,492.0,559.95,492.0,523.65,523.65,6,2255,-130,25418.9
2026-01-29,2028-12-26,22000,PE,0.0,0.0,0.0,298.0,110.55,0,6485,0,25418.9
2026-01-29,2027-12-28,27000,PE,1197.3,1266.0,1150.0,1150.0,1150.0,5,7075,0,25418.9
2026-01-29,2027-12-28,15000,PE,0.0,0.0,0.0,39.0,0.05,0,625,0,25418.9
2026-01-29,2027-06-29,25500,PE,0.0,0.0,0.0,667.15,615.1,0,0,0,25418.9
2026-01-29,2026-12-29,28000,PE,1650.0,1735.0,1546.7,1553.8,1553.8,458,528430,3575,25418.9
2026-01-29,2026-12-29,16000,PE,0.0,0.0,0.0,20.05,0.05,0,2935,0,25418.9
2026-01-29,2026-12-29,12000,PE,0.0,0.0,0.0,1.25,0.05,0,650,0,25418.9
2026-01-29,2026-09-29,21000,PE,0.0,0.0,0.0,112.6,5.3,0,0,0,25418.9
2026-01-29,2026-06-30,30000,PE,3700.0,3744.25,3700.0,3720.0,3720.0,24,27670,-130,25418.9
2026-01-29,2030-06-25,27000,PE,0.0,0.0,0.0,1286.05,725.65,0,0,0,25418.9
2026-01-29,2026-02-10,27050,CE,6.15,7.3,5.35,6.05,6.05,248,9100,780,25418.9
2026-01-29,2026-02-03,23950,CE,1252.85,1495.55,1252.85,1495.55,1486.95,7,520,-130,25418.9
2026-01-29,2026-02-03,24250,CE,967.0,1220.2,955.75,1219.45,1187.2,38,2990,390,25418.9
2026-01-29,2026-02-03,24550,CE,780.9,942.25,677.15,924.6,924.6,192,31200,-780,25418.9
