date,expiry,strike,opt_type,open,high,low,close,settle,volume,oi,oi_change,underlying
2024-10-17,2024-10-31,27100,PE,0.0,0.0,0.0,1920.0,2280.15,0,3025,0,24749.85
2024-10-17,2024-10-24,27700,CE,1.3,2.45,1.3,2.1,2.1,95114,996425,985500,24749.85
2024-10-17,2024-10-24,27100,CE,1.9,2.35,1.6,2.15,2.15,11658,74450,51825,24749.85
2024-10-17,2024-12-26,15000,PE,10.65,13.05,8.85,9.6,9.6,3661,166725,-37725,24749.85
2024-10-17,2025-06-26,15000,PE,0.0,0.0,0.0,20.05,0.05,0,1750,0,24749.85
2024-10-17,2027-12-30,15000,PE,0.0,0.0,0.0,37.4,2.05,0,350,0,24749.85
2024-10-17,2024-10-17,27100,CE,0.25,0.5,0.05,0.1,24749.85,206893,1145075,-390125,24749.85
2024-10-17,2024-12-26,27700,PE,0.0,0.0,0.0,1446.95,2624.8,0,0,0,24749.85
2024-10-17,2024-10-31,27100,CE,3.5,4.6,2.8,4.0,4.0,4436,220025,-33075,24749.85
2024-10-17,2024-10-24,27700,PE,2693.55,2916.95,2693.55,2916.95,2916.95,8,100,100,24749.85
2024-10-17,2024-11-28,27150,CE,28.65,28.65,7.55,16.9,16.9,166,5450,-1975,24749.85
2024-10-17,2024-11-28,27750,PE,0.0,0.0,0.0,2293.7,2789.85,0,0,0,24749.85
2024-10-17,2024-10-24,27150,CE,1.95,2.7,1.7,2.2,2.2,1713,20800,16200,24749.85
2024-10-17,2024-10-17,27150,CE,0.1,0.5,0.05,0.1,24749.85,30428,171625,-38925,24749.85
2024-10-17,2024-10-24,27150,PE,0.0,0.0,0.0,1625.15,2365.05,0,0,0,24749.85
2024-10-17,2024-12-26,27150,PE,0.0,0.0,0.0,1099.0,2116.65,0,0,0,24749.85
2024-10-17,2026-12-31,30000,CE,0.0,0.0,0.0,1131.45,1540.6,0,0,0,24749.85
2024-10-17,2024-12-26,23300,PE,0.0,0.0,0.0,154.15,76.0,0,11625,0,24749.85
2024-10-17,2024-10-24,27400,CE,1.75,2.35,1.4,2.1,2.1,30855,455650,438325,24749.85
2024-10-17,2024-10-31,22850,PE,4.05,7.95,4.05,6.3,6.3,314,6350,2075,24749.85
2024-10-17,2024-10-24,27400,PE,0.0,0.0,0.0,1848.4,2614.7,0,0,0,24749.85
2024-10-17,2024-10-31,26300,PE,1300.0,1484.25,1300.0,1453.45,1453.45,185,337125,-1400,24749.85
2024-10-17,2024-12-26,26300,PE,0.0,0.0,0.0,1045.0,1394.45,0,2050,0,24749.85
2024-10-17,2024-10-17,26300,CE,0.3,0.7,0.05,0.05,24749.85,727240,2642675,642925,24749.85
2024-10-17,2024-11-07,26300,CE,20.05,26.3,15.0,16.65,16.65,352,6675,3625,24749.85
2024-10-17,2024-10-24,26300,PE,1400.0,1510.0,1400.0,1491.05,1491.05,249,7000,5275,24749.85
2024-10-17,2024-12-26,25000,CE,790.45,790.45,646.0,655.0,655.0,15052,1545550,55675,24749.85
2024-10-17,2024-11-07,25800,CE,61.2,63.4,40.0,41.7,41.7,1868,21975,-11425,24749.85
2024-10-17,2028-12-28,25000,PE,0.0,0.0,0.0,1311.0,523.1,0,100,0,24749.85
2024-10-17,2024-11-07,25000,PE,268.35,374.7,247.3,359.4,359.4,2704,82075,-22900,24749.85
2024-10-17,2028-06-29,25000,CE,0.0,0.0,0.0,3545.15,5840.3,0,0,0,24749.85
2024-10-17,2024-10-17,25000,PE,51.0,256.95,51.0,248.6,24749.85,4249398,1670250,-3758975,24749.85
2024-10-17,2025-03-27,25000,PE,592.4,674.95,592.4,668.4,668.4,4343,663550,-10875,24749.85
2024-10-17,2024-10-31,25800,CE,26.8,28.0,14.8,15.95,15.95,117861,1620850,-228975,24749.85
2024-10-17,2024-10-24,25800,PE,801.1,1015.0,801.1,995.55,995.55,3845,112625,84375,24749.85
2024-10-17,2024-10-17,25000,CE,58.0,68.9,0.05,0.2,24749.85,22140782,14066375,6054675,24749.85
2024-10-17,2027-06-24,25000,PE,0.0,0.0,0.0,5619.05,647.95,0,0,0,24749.85
2024-10-17,2024-11-14,25000,CE,441.5,441.5,317.35,322.85,322.85,428,7800,4550,24749.85
2024-10-17,2025-12-24,25000,CE,2710.0,2710.0,2563.5,2598.85,2598.85,139,43800,1100,24749.85
2024-10-17,2025-03-27,25000,CE,1336.65,1336.65,1200.5,1211.9,1211.9,1650,217275,9250,24749.85
2024-10-17,2024-11-28,25800,CE,176.15,191.8,128.8,132.0,132.0,10632,157525,30850,24749.85
2024-10-17,2024-10-31,23700,PE,29.5,29.5,12.7,19.7,19.7,23403,283350,74150,24749.85
2024-10-17,2024-10-17,23700,CE,1149.0,1149.0,1048.85,1055.1,24749.85,17,825,-225,24749.85
2024-10-17,2024-12-26,23700,PE,140.0,174.85,140.0,166.25,166.25,482,46175,9175,24749.85
2024-10-17,2024-10-31,27350,PE,0.0,0.0,0.0,2566.2,2529.45,0,0,0,24749.85
2024-10-17,2024-10-24,23700,PE,3.45,7.6,3.35,6.9,6.9,123697,771300,653025,24749.85
2024-10-17,2024-11-07,23700,PE,0.0,0.0,0.0,32.0,26.5,0,100,0,24749.85
2024-10-17,2024-12-26,25850,CE,310.9,310.9,305.0,305.0,292.45,4,2025,100,24749.85
2024-10-17,2024-11-07,25850,PE,0.0,0.0,0.0,749.35,1045.55,0,0,0,24749.85
2024-10-17,2024-11-07,25850,CE,62.0,62.0,62.0,62.0,45.6,1,425,25,24749.85
2024-10-17,2024-10-17,25850,CE,0.55,0.9,0.05,0.05,24749.85,1032556,1787950,-256500,24749.85
2024-10-17,2024-10-17,24350,PE,0.65,0.8,0.05,0.1,24749.85,1949929,3257425,2138025,24749.85
2024-10-17,2024-11-14,24350,CE,0.0,0.0,0.0,1013.35,690.35,0,0,0,24749.85
2024-10-17,2024-10-31,24350,PE,47.8,84.15,45.65,78.35,78.35,6186,81600,25325,24749.85
2024-10-17,2024-12-26,24350,CE,1060.05,1090.0,1050.0,1074.0,1006.75,34,750,750,24749.85
2024-10-17,2024-12-26,24350,PE,0.0,0.0,0.0,337.75,293.7,0,475,0,24749.85
2024-10-17,2024-11-28,24350,CE,842.5,865.0,837.95,843.0,843.0,24,2475,275,24749.85
2024-10-17,2024-12-26,27300,PE,0.0,0.0,0.0,1188.95,2252.9,0,0,0,24749.85
2024-10-17,2024-10-24,27300,PE,2307.25,2514.05,2307.25,2514.05,2514.05,8,100,100,24749.85
2024-10-17,2024-10-24,27300,CE,1.9,2.5,1.7,2.1,2.1,20068,316450,308050,24749.85
2024-10-17,2024-11-07,26450,PE,0.0,0.0,0.0,1177.1,1606.65,0,0,0,24749.85
2024-10-17,2024-10-31,26450,CE,7.05,7.3,5.4,6.55,6.55,1197,47000,-4875,24749.85
2024-10-17,2024-10-24,26450,PE,0.0,0.0,0.0,1346.1,1665.95,0,50,0,24749.85
2024-10-17,2024-11-14,26450,CE,34.0,34.0,13.0,17.7,21.45,8,350,-100,24749.85
2024-10-17,2024-10-24,26450,CE,2.45,3.35,1.95,2.4,2.4,5647,48075,43375,24749.85
2024-10-17,2024-10-31,26450,PE,1500.0,1603.85,1500.0,1601.65,1601.65,22,9550,-250,24749.85
2024-10-17,2024-11-14,26450,PE,0.0,0.0,0.0,1383.3,1585.0,0,0,0,24749.85
2024-10-17,2024-11-07,26450,CE,21.25,21.25,12.5,13.6,13.6,16,400,275,24749.85
2024-10-17,2024-12-26,26450,PE,0.0,0.0,0.0,731.6,1514.3,0,0,0,24749.85
2024-10-17,2024-11-28,26450,PE,0.0,0.0,0.0,1203.45,1553.25,0,250,0,24749.85
2024-10-17,2027-12-30,29000,CE,0.0,0.0,0.0,1932.55,3098.95,0,0,0,24749.85
2024-10-17,2026-12-31,29000,PE,0.0,0.0,0.0,5042.25,2131.15,0,0,0,24749.85
2024-10-17,2026-06-25,29000,PE,0.0,0.0,0.0,5546.1,2409.75,0,0,0,24749.85
2024-10-17,2024-10-24,23300,PE,2.3,4.35,2.1,3.25,3.25,66135,331975,296075,24749.85
2024-10-17,2024-11-14,23300,CE,0.0,0.0,0.0,1895.45,1585.5,0,0,0,24749.85
2024-10-17,2025-03-27,30000,PE,0.0,0.0,0.0,4000.0,4405.55,0,600,0,24749.85
2024-10-17,2024-10-17,23300,PE,0.2,0.2,0.05,0.05,24749.85,27172,291125,25325,24749.85
2024-10-17,2025-12-24,30000,CE,509.0,509.0,460.0,470.0,470.0,18,8525,150,24749.85
2024-10-17,2024-11-14,26250,CE,0.0,0.0,0.0,85.0,33.85,0,50,0,24749.85
2024-10-17,2024-10-17,26250,CE,0.2,0.7,0.05,0.05,24749.85,554683,1785525,1328575,24749.85
2024-10-17,2024-10-31,26250,PE,1319.75,1430.0,1319.75,1405.0,1405.0,23,33650,-275,24749.85
2024-10-17,2024-11-28,26250,CE,82.95,82.95,56.55,59.3,59.3,204,10450,-1025,24749.85
2024-10-17,2024-12-26,26250,CE,160.85,160.85,156.0,156.5,156.5,16,4200,25,24749.85
2024-10-17,2024-10-31,26250,CE,7.3,11.45,7.2,8.15,8.15,3483,149525,-8825,24749.85
2024-10-17,2024-10-17,26250,PE,1468.0,1504.05,1458.0,1500.35,24749.85,109,2400,-2550,24749.85
2024-10-17,2024-11-07,26250,CE,30.35,30.35,15.7,15.7,16.1,9,1225,125,24749.85
2024-10-17,2024-10-24,26250,CE,3.1,3.3,2.0,2.55,2.55,10103,90075,53650,24749.85
2024-10-17,2024-11-28,23850,PE,98.0,124.45,98.0,121.65,121.65,96,3075,1525,24749.85
2024-10-17,2024-11-14,23850,PE,0.0,0.0,0.0,92.75,61.0,0,0,0,24749.85
2024-10-17,2024-10-31,23850,CE,1070.0,1070.0,1009.05,1020.65,1020.65,15,1500,300,24749.85
2024-10-17,2024-11-07,23850,CE,0.0,0.0,0.0,1626.4,1032.6,0,0,0,24749.85
2024-10-17,2024-11-28,27600,CE,11.15,16.0,11.0,11.05,11.05,91,3850,250,24749.85
2024-10-17,2024-10-31,27600,PE,2535.0,2793.35,2535.0,2793.35,2793.35,8,1350,25,24749.85
2024-10-17,2024-10-17,27600,CE,0.2,0.35,0.05,0.1,24749.85,59897,291550,205675,24749.85
2024-10-17,2024-12-26,24700,PE,343.45,419.95,343.45,410.1,410.1,313,43575,3550,24749.85
2024-10-17,2024-10-17,24700,PE,3.95,16.7,0.05,0.25,24749.85,39820800,9524300,5640950,24749.85
2024-10-17,2024-11-14,24700,PE,0.0,0.0,0.0,204.75,290.25,0,25,0,24749.85
2024-10-17,2024-11-28,24250,CE,900.0,935.0,894.35,935.0,875.75,9,275,200,24749.85
2024-10-17,2024-10-17,24250,CE,613.85,613.85,499.05,501.2,24749.85,1305,5750,2500,24749.85
2024-10-17,2024-11-28,24250,PE,184.3,197.0,184.3,193.3,193.3,37,6175,425,24749.85
2024-10-17,2024-10-24,24250,CE,725.0,725.0,561.3,584.7,584.7,277,5175,4900,24749.85
2024-10-17,2024-10-31,24250,CE,670.0,674.9,634.9,650.3,650.3,23,2175,125,24749.85
2024-10-17,2024-12-26,24250,PE,0.0,0.0,0.0,119.1,263.0,0,0,0,24749.85
2024-10-17,2024-11-14,24250,CE,0.0,0.0,0.0,1086.7,762.6,0,0,0,24749.85
2024-10-17,2025-12-24,31000,CE,360.0,360.0,305.0,305.0,305.0,3,1825,0,24749.85
2024-10-17,2025-09-25,31000,PE,0.0,0.0,0.0,3384.5,4535.4,0,0,0,24749.85
2024-10-17,2028-12-28,31000,CE,0.0,0.0,0.0,2968.35,3436.05,0,0,0,24749.85
2024-10-17,2029-06-28,31000,CE,0.0,0.0,0.0,4882.55,4005.05,0,0,0,24749.85
2024-10-17,2028-06-29,31000,CE,0.0,0.0,0.0,1955.45,2868.95,0,0,0,24749.85
2024-10-17,2025-12-24,31000,PE,0.0,0.0,0.0,6296.45,4209.85,0,0,0,24749.85
2024-10-17,2025-06-26,31000,CE,0.0,0.0,0.0,104.1,75.95,0,0,0,24749.85
2024-10-17,2024-11-07,23150,CE,0.0,0.0,0.0,2276.35,1693.9,0,0,0,24749.85
2024-10-17,2024-12-26,25950,PE,0.0,0.0,0.0,706.1,1130.85,0,100,0,24749.85
2024-10-17,2024-10-24,25950,PE,990.0,1165.0,990.0,1158.45,1167.75,83,1800,1200,24749.85
2024-10-17,2024-10-31,25950,CE,17.25,19.0,11.55,12.6,12.6,7891,126625,-5775,24749.85
2024-10-17,2024-12-26,23500,PE,122.0,150.0,120.65,144.05,144.05,22035,869650,321475,24749.85
2024-10-17,2024-10-24,23500,PE,3.25,5.35,2.5,4.35,4.35,373961,3604650,3044000,24749.85
2024-10-17,2024-11-28,23500,CE,1700.0,1700.0,1525.0,1541.2,1541.2,1553,54050,10375,24749.85
2024-10-17,2024-11-28,27350,CE,18.7,19.6,9.55,15.6,15.6,21,925,225,24749.85
2024-10-17,2024-10-24,23700,CE,1180.0,1180.0,1088.0,1110.6,1110.6,37,1200,850,24749.85
2024-10-17,2024-12-26,27350,PE,0.0,0.0,0.0,1219.75,2298.75,0,0,0,24749.85
2024-10-17,2024-10-17,27350,CE,0.1,0.45,0.05,0.1,24749.85,15548,146875,114300,24749.85
2024-10-17,2024-12-26,27350,CE,0.0,0.0,0.0,579.1,50.35,0,0,0,24749.85
2024-10-17,2024-10-17,27350,PE,0.0,0.0,0.0,1827.8,24749.85,0,0,0,24749.85
2024-10-17,2024-10-24,27350,PE,2349.55,2570.65,2349.55,2570.65,2570.65,8,75,75,24749.85
2024-10-17,2024-10-24,27350,CE,1.7,2.35,1.55,2.15,2.15,5375,31375,-18325,24749.85
2024-10-17,2024-11-14,23700,CE,0.0,0.0,0.0,1535.65,1215.45,0,0,0,24749.85
2024-10-17,2024-11-07,23700,CE,0.0,0.0,0.0,1761.05,1168.2,0,0,0,24749.85
2024-10-17,2024-10-31,25850,CE,21.05,23.55,13.8,14.55,14.55,9242,97575,2100,24749.85
2024-10-17,2024-11-14,25850,PE,0.0,0.0,0.0,919.65,1044.3,0,0,0,24749.85
2024-10-17,2024-11-28,25850,PE,0.0,0.0,0.0,786.35,1047.85,0,2075,0,24749.85
2024-10-17,2024-11-14,24450,PE,0.0,0.0,0.0,140.0,195.65,0,25,0,24749.85
2024-10-17,2024-12-26,24450,CE,0.0,0.0,0.0,2353.25,941.15,0,0,0,24749.85
2024-10-17,2024-11-07,24450,PE,0.0,0.0,0.0,122.85,161.5,0,25,0,24749.85
2024-10-17,2024-10-24,24450,CE,574.5,574.5,384.25,409.3,409.3,1013,9050,8100,24749.85
2024-10-17,2024-11-28,24450,PE,210.0,249.4,210.0,240.85,240.85,38,2925,625,24749.85
2024-10-17,2024-10-31,24450,CE,544.0,548.7,468.45,488.95,488.95,369,7750,1775,24749.85
2024-10-17,2024-12-26,24450,PE,338.0,338.0,338.0,338.0,338.0,13,400,300,24749.85
2024-10-17,2024-10-24,24450,PE,24.0,60.5,23.0,54.8,54.8,86785,313825,115425,24749.85
2024-10-17,2024-10-31,23500,PE,9.95,15.45,9.35,14.3,14.3,53010,1598725,82875,24749.85
2024-10-17,2029-06-28,29000,CE,0.0,0.0,0.0,5677.9,4890.15,0,0,0,24749.85
2024-10-17,2025-03-27,29000,PE,3246.1,3331.3,3246.1,3309.1,3309.1,71,8250,1225,24749.85
2024-10-17,2027-12-30,29000,PE,0.0,0.0,0.0,4227.5,1711.1,0,0,0,24749.85
2024-10-17,2028-12-28,29000,PE,0.0,0.0,0.0,2010.85,1391.45,0,0,0,24749.85
2024-10-17,2024-11-28,24200,PE,138.95,189.0,138.95,183.05,183.05,4689,276700,-7675,24749.85
2024-10-17,2024-10-24,24200,CE,821.35,821.35,607.4,629.4,629.4,1531,27900,26075,24749.85
2024-10-17,2026-12-31,30000,PE,0.0,0.0,0.0,5003.2,2641.2,0,0,0,24749.85
2024-10-17,2028-06-29,30000,PE,0.0,0.0,0.0,3779.25,1883.85,0,0,0,24749.85
2024-10-17,2029-06-28,30000,PE,0.0,0.0,0.0,2031.05,1528.5,0,0,0,24749.85
2024-10-17,2027-06-24,30000,CE,0.0,0.0,0.0,1478.4,2082.05,0,0,0,24749.85
2024-10-17,2028-12-28,30000,CE,0.0,0.0,0.0,3293.05,3850.55,0,0,0,24749.85
2024-10-17,2027-06-24,30000,PE,0.0,0.0,0.0,4562.55,2359.45,0,0,0,24749.85
2024-10-17,2024-11-07,23300,CE,0.0,0.0,0.0,2133.15,1547.55,0,0,0,24749.85
2024-10-17,2027-12-30,30000,PE,0.0,0.0,0.0,4140.9,2099.75,0,0,0,24749.85
2024-10-17,2026-06-25,30000,CE,0.0,0.0,0.0,788.0,986.0,0,0,0,24749.85
2024-10-17,2024-11-14,23300,PE,0.0,0.0,0.0,34.9,15.3,0,0,0,24749.85
2024-10-17,2025-03-27,30000,CE,51.0,52.0,47.5,48.95,48.95,282,152175,1925,24749.85
2024-10-17,2024-10-31,23300,PE,7.5,11.5,5.05,10.1,10.1,9412,185850,31025,24749.85
2024-10-17,2024-10-31,22350,PE,3.55,5.9,3.55,4.05,4.05,257,17700,3275,24749.85
2024-10-17,2024-10-31,22350,CE,0.0,0.0,0.0,2700.0,2457.65,0,3750,0,24749.85
2024-10-17,2024-10-17,25150,PE,164.1,406.7,152.65,398.7,24749.85,120168,405450,-297700,24749.85
2024-10-17,2024-12-26,25150,PE,530.55,563.8,530.55,563.8,630.65,7,3150,-100,24749.85
2024-10-17,2024-11-07,25150,PE,399.0,402.2,399.0,402.15,499.0,8,600,-175,24749.85
2024-10-17,2024-10-24,25150,CE,108.1,108.15,35.45,39.45,39.45,182753,677800,373350,24749.85
2024-10-17,2024-11-28,24450,CE,907.75,907.75,780.0,780.0,738.85,4,150,100,24749.85
2024-10-17,2024-10-17,24450,PE,1.0,1.2,0.05,0.1,24749.85,4394553,3593675,2202725,24749.85
2024-10-17,2024-10-17,24450,CE,530.95,558.5,293.75,301.55,24749.85,8405,11250,1850,24749.85
2024-10-17,2024-11-07,25600,PE,0.0,0.0,0.0,650.0,831.75,0,0,0,24749.85
2024-10-17,2024-11-28,25600,PE,665.0,810.35,665.0,785.15,785.15,701,42275,-4950,24749.85
2024-10-17,2024-10-17,25600,CE,0.65,1.05,0.05,0.1,24749.85,4178209,5823000,-280900,24749.85
2024-10-17,2024-10-17,25600,PE,591.45,858.2,585.9,849.9,24749.85,7760,70875,-96900,24749.85
2024-10-17,2024-11-07,25600,CE,104.95,106.0,61.55,65.05,65.05,2012,19425,3725,24749.85
2024-10-17,2024-10-24,25600,PE,600.0,825.7,596.9,797.2,797.2,3755,138200,72125,24749.85
2024-10-17,2024-12-26,25600,CE,430.0,430.0,356.75,360.8,360.8,260,9750,950,24749.85
2024-10-17,2024-11-14,25600,PE,0.0,0.0,0.0,752.45,841.3,0,0,0,24749.85
2024-10-17,2024-10-31,25600,PE,700.0,802.7,565.75,775.85,775.85,4046,492775,31300,24749.85
2024-10-17,2024-12-26,25600,PE,834.05,834.05,834.05,834.05,893.1,2,31300,0,24749.85
2024-10-17,2024-10-24,25600,CE,13.15,16.0,6.1,6.45,6.45,275985,1825125,1238375,24749.85
2024-10-17,2024-11-14,25600,CE,140.0,146.25,100.05,108.8,108.8,105,1675,675,24749.85
2024-10-17,2024-10-31,25600,CE,45.4,47.15,24.0,25.55,25.55,119217,1323575,-56250,24749.85
2024-10-17,2024-11-28,25600,CE,253.0,261.45,182.7,186.5,186.5,5577,110625,9100,24749.85
2024-10-17,2024-12-26,14000,CE,0.0,0.0,0.0,12035.35,10929.9,0,175,0,24749.85
2024-10-17,2026-12-31,14000,PE,0.0,0.0,0.0,20.15,0.15,0,1125,0,24749.85
2024-10-17,2024-10-24,25900,CE,5.1,5.25,2.95,3.35,3.35,208423,973400,581250,24749.85
2024-10-17,2024-11-07,25900,PE,0.0,0.0,0.0,781.35,1090.1,0,0,0,24749.85
2024-10-17,2024-11-28,25900,PE,952.1,1046.3,933.75,1008.45,1008.45,57,21000,325,24749.85
2024-10-17,2024-10-17,25900,PE,927.75,1156.7,927.75,1150.9,24749.85,2657,15975,-43150,24749.85
2024-10-17,2024-11-14,25900,PE,0.0,0.0,0.0,955.1,1086.8,0,0,0,24749.85
2024-10-17,2024-11-28,25900,CE,152.05,156.5,105.05,110.65,110.65,8161,128325,42025,24749.85
2024-10-17,2024-10-17,25900,CE,0.45,0.85,0.05,0.05,24749.85,1453448,2658750,272050,24749.85
2024-10-17,2024-10-24,25900,PE,892.85,1120.0,892.85,1091.25,1091.25,1122,54500,27025,24749.85
2024-10-17,2024-12-26,25900,PE,939.0,982.3,939.0,982.3,1095.2,15,3625,-25,24749.85
2024-10-17,2024-11-07,25900,CE,50.0,59.5,33.05,34.65,34.65,409,7825,300,24749.85
2024-10-17,2024-11-14,25900,CE,82.8,83.5,53.45,60.75,60.75,90,1450,850,24749.85
2024-10-17,2024-10-31,25900,CE,20.45,20.95,13.05,13.45,13.45,63774,1092200,-147850,24749.85
2024-10-17,2024-12-26,25900,CE,300.0,300.0,251.05,252.65,252.65,366,13125,5675,24749.85
2024-10-17,2024-10-31,25900,PE,878.0,1091.1,878.0,1060.45,1060.45,2009,628875,2200,24749.85
2024-10-17,2024-10-24,24350,PE,20.9,44.0,17.05,40.05,40.05,56744,181025,73125,24749.85
2024-10-17,2024-11-14,24350,PE,0.0,0.0,0.0,195.5,164.75,0,0,0,24749.85
2024-10-17,2024-11-07,24350,CE,800.0,800.0,800.0,800.0,626.25,1,25,25,24749.85
2024-10-17,2024-10-17,24350,CE,646.45,646.45,395.2,401.3,24749.85,3489,8775,600,24749.85
2024-10-17,2024-10-31,24350,CE,642.95,642.95,551.95,573.4,573.4,211,3575,2550,24749.85
2024-10-17,2024-11-28,24350,PE,202.6,226.45,202.6,214.3,214.3,30,12225,100,24749.85
2024-10-17,2024-11-07,24350,PE,0.0,0.0,0.0,177.1,132.0,0,25,0,24749.85
2024-10-17,2024-11-28,27300,CE,15.05,17.0,14.95,15.8,15.8,338,27300,525,24749.85
2024-10-17,2024-12-26,23100,CE,0.0,0.0,0.0,3562.85,2002.65,0,0,0,24749.85
2024-10-17,2024-12-26,28000,CE,29.15,29.7,25.0,26.85,26.85,4942,986975,-4350,24749.85
2024-10-17,2026-12-31,28000,CE,0.0,0.0,0.0,1871.1,2301.5,0,0,0,24749.85
2024-10-17,2027-06-24,28000,PE,0.0,0.0,0.0,5959.35,1519.0,0,0,0,24749.85
2024-10-17,2024-10-31,23150,PE,12.0,12.0,7.0,8.5,8.5,150,7950,550,24749.85
2024-10-17,2024-10-31,25950,PE,1015.1,1137.55,1015.1,1113.25,1113.25,85,21900,-1225,24749.85
2024-10-17,2024-11-07,25950,PE,0.0,0.0,0.0,814.05,1135.2,0,0,0,24749.85
2024-10-17,2024-11-14,25950,PE,0.0,0.0,0.0,991.15,1129.9,0,0,0,24749.85
2024-10-17,2024-11-07,25950,CE,22.0,35.7,22.0,29.8,29.8,299,10075,0,24749.85
2024-10-17,2024-10-17,25950,CE,0.45,0.85,0.05,0.05,24749.85,876341,1130400,104225,24749.85
2024-10-17,2024-11-14,23500,PE,35.4,48.0,35.25,46.4,46.4,411,9825,3975,24749.85
2024-10-17,2024-11-28,23500,PE,64.4,82.75,59.05,80.25,80.25,22712,1167350,72775,24749.85
2024-10-17,2024-10-17,23500,CE,1450.0,1450.0,1248.2,1249.7,24749.85,211,3875,-2825,24749.85
2024-10-17,2024-11-07,23500,PE,20.4,30.05,20.0,28.9,28.9,1415,22075,3175,24749.85
2024-10-17,2024-10-31,23500,CE,1560.0,1560.0,1327.5,1349.1,1349.1,1317,134375,-825,24749.85
2024-10-17,2028-06-29,27000,CE,0.0,0.0,0.0,2885.15,4694.05,0,0,0,24749.85
2024-10-17,2024-10-31,26950,PE,1891.6,2142.45,1891.6,2142.45,2142.45,8,225,0,24749.85
2024-10-17,2025-09-25,27000,CE,0.0,0.0,0.0,2279.95,1047.8,0,0,0,24749.85
2024-10-17,2028-06-29,27000,PE,0.0,0.0,0.0,2752.35,975.15,0,0,0,24749.85
2024-10-17,2024-12-26,27000,CE,72.55,76.95,58.0,58.55,58.55,17586,1666600,-65500,24749.85
2024-10-17,2024-10-31,27000,CE,4.35,5.15,3.65,4.25,4.25,73110,7115800,-163200,24749.85
2024-10-17,2024-10-24,27000,CE,2.05,2.5,1.7,2.15,2.15,352765,3282675,2606250,24749.85
2024-10-17,2024-10-17,27000,CE,0.15,0.55,0.05,0.1,24749.85,502208,1683900,-2797600,24749.85
2024-10-17,2024-11-07,26950,PE,0.0,0.0,0.0,1593.35,2097.5,0,0,0,24749.85
2024-10-17,2025-06-26,27000,PE,0.0,0.0,0.0,1578.15,1725.3,0,200,0,24749.85
2024-10-17,2025-06-26,27000,CE,600.0,670.0,510.55,670.0,704.55,46,1125,1125,24749.85
2024-10-17,2026-06-25,27000,CE,0.0,0.0,0.0,1352.8,2075.0,0,0,0,24749.85
2024-10-17,2024-12-26,26950,CE,68.9,68.9,64.1,64.1,64.1,13,525,325,24749.85
2024-10-17,2024-10-24,26950,CE,2.1,2.9,1.6,2.25,2.25,2081,26250,19600,24749.85
2024-10-17,2029-06-28,27000,CE,0.0,0.0,0.0,6570.4,5900.15,0,0,0,24749.85
2024-10-17,2024-11-14,23600,PE,0.0,0.0,0.0,60.85,33.9,0,0,0,24749.85
2024-10-17,2024-12-26,23600,PE,148.0,161.1,136.8,159.2,159.2,321,19025,5825,24749.85
2024-10-17,2024-11-28,23600,CE,0.0,0.0,0.0,1745.9,1395.75,0,100,0,24749.85
2024-10-17,2024-10-17,23600,CE,1270.0,1270.0,1152.0,1152.0,24749.85,13,275,-125,24749.85
2024-10-17,2024-10-17,23600,PE,0.3,0.3,0.05,0.05,24749.85,134338,561075,105400,24749.85
2024-10-17,2024-10-31,22550,CE,0.0,0.0,0.0,2594.05,2258.2,0,100,0,24749.85
2024-10-17,2024-10-31,22550,PE,4.2,6.9,4.2,4.9,4.9,73,12125,1150,24749.85
2024-10-17,2024-10-31,22800,PE,5.05,6.95,3.35,6.2,6.2,4724,181575,-3350,24749.85
2024-10-17,2024-11-14,26900,PE,0.0,0.0,0.0,1774.7,2018.15,0,0,0,24749.85
2024-10-17,2024-11-28,26900,CE,23.85,30.8,20.0,22.35,22.35,757,27350,-3925,24749.85
2024-10-17,2024-11-07,26900,CE,7.3,9.0,7.3,7.3,7.3,37,8300,-25,24749.85
2024-10-17,2024-10-24,26900,CE,1.95,2.45,1.8,2.2,2.2,12094,103800,91800,24749.85
2024-10-17,2024-11-28,23450,PE,0.0,0.0,0.0,76.1,47.3,0,875,0,24749.85
2024-10-17,2024-11-14,26900,CE,15.0,15.0,10.15,12.65,12.65,328,8675,5000,24749.85
2024-10-17,2024-10-24,23450,PE,3.3,5.05,2.5,4.05,4.05,9842,53250,33450,24749.85
2024-10-17,2024-11-28,23650,CE,0.0,0.0,0.0,1701.75,1352.4,0,50,0,24749.85
2024-10-17,2024-10-31,27800,PE,2901.2,2901.2,2901.2,2901.2,2978.25,1,825,0,24749.85
2024-10-17,2024-11-28,27800,PE,0.0,0.0,0.0,2335.2,2839.0,0,0,0,24749.85
2024-10-17,2024-10-24,23650,PE,3.0,6.9,3.0,6.15,6.15,16677,78800,25425,24749.85
2024-10-17,2024-11-07,23650,PE,0.0,0.0,0.0,62.5,22.9,0,25,0,24749.85
2024-10-17,2024-11-14,23650,PE,0.0,0.0,0.0,66.4,38.3,0,0,0,24749.85
2024-10-17,2024-12-26,23650,CE,0.0,0.0,0.0,3053.3,1529.35,0,0,0,24749.85
2024-10-17,2024-11-07,23650,CE,0.0,0.0,0.0,1806.6,1214.4,0,0,0,24749.85
2024-10-17,2024-10-31,23650,PE,8.55,19.6,8.55,18.25,18.25,639,18225,6200,24749.85
2024-10-17,2024-10-24,23650,CE,0.0,0.0,0.0,1462.15,1131.45,0,100,0,24749.85
2024-10-17,2024-10-24,27800,CE,1.65,2.4,1.55,2.05,2.05,97050,1223100,1196625,24749.85
2024-10-17,2024-11-14,24700,CE,494.95,504.75,482.6,490.0,490.0,11,225,175,24749.85
2024-10-17,2024-11-07,24700,CE,508.75,508.75,397.45,411.55,411.55,432,4400,3900,24749.85
2024-10-17,2024-11-07,24700,PE,205.0,237.9,199.55,228.55,228.55,901,14625,5325,24749.85
2024-10-17,2024-10-31,25450,PE,468.45,664.85,468.45,635.85,635.85,670,43750,-5375,24749.85
2024-10-17,2024-10-17,25450,PE,451.8,705.0,437.6,700.75,24749.85,2476,30450,-8725,24749.85
2024-10-17,2024-11-14,25200,PE,483.3,492.25,391.5,491.0,557.45,6,350,-25,24749.85
2024-10-17,2024-10-17,25200,CE,6.0,11.1,0.05,0.15,24749.85,10108879,7646825,-2497625,24749.85
2024-10-17,2024-11-07,25200,PE,385.0,490.1,385.0,469.95,469.95,164,23625,-350,24749.85
2024-10-17,2024-11-28,25200,PE,421.05,560.7,421.05,543.45,543.45,4966,182125,1675,24749.85
2024-10-17,2024-10-31,25200,CE,159.95,165.1,79.85,85.7,85.7,127925,2037850,246000,24749.85
2024-10-17,2024-12-26,25200,PE,519.1,631.95,519.1,611.25,611.25,309,15950,-1650,24749.85
2024-10-17,2024-10-24,25200,CE,83.0,87.3,28.4,31.55,31.55,438057,2203700,590875,24749.85
2024-10-17,2024-11-07,25200,CE,254.05,255.85,155.25,161.8,161.8,5174,121400,100500,24749.85
2024-10-17,2024-12-26,25200,CE,642.05,642.05,536.15,541.25,541.25,370,14600,2775,24749.85
2024-10-17,2024-10-24,25200,PE,253.15,451.05,243.85,423.7,423.7,48971,419800,32275,24749.85
2024-10-17,2024-10-17,25200,PE,220.0,457.6,196.55,448.6,24749.85,200163,685800,-390025,24749.85
2024-10-17,2024-11-14,25200,CE,336.55,336.55,228.6,240.45,240.45,110,4300,1925,24749.85
2024-10-17,2024-10-31,25200,PE,293.45,460.75,285.15,440.3,440.3,52604,1430325,-69825,24749.85
2024-10-17,2024-11-28,25200,CE,435.0,446.0,328.55,338.25,338.25,5969,133800,4300,24749.85
2024-10-17,2024-11-14,24300,PE,170.2,170.2,158.45,159.45,150.7,5,125,75,24749.85
2024-10-17,2024-10-24,25400,PE,395.0,629.35,395.0,601.9,601.9,7633,171850,108500,24749.85
2024-10-17,2024-11-07,24300,CE,0.0,0.0,0.0,1245.0,662.9,0,0,0,24749.85
2024-10-17,2024-12-26,24300,CE,0.0,0.0,0.0,2479.8,1040.45,0,0,0,24749.85
2024-10-17,2024-11-28,25400,PE,550.95,678.0,550.95,655.35,655.35,1878,60625,-4450,24749.85
2024-10-17,2024-11-14,24300,CE,0.0,0.0,0.0,1049.25,726.05,0,0,0,24749.85
2024-10-17,2024-10-17,25850,PE,960.0,1159.2,960.0,1101.1,24749.85,246,5375,-1800,24749.85
2024-10-17,2024-11-28,25850,CE,170.0,170.0,117.8,121.05,121.05,208,7500,625,24749.85
2024-10-17,2024-11-14,25850,CE,0.0,0.0,0.0,140.0,77.65,0,50,0,24749.85
2024-10-17,2024-11-28,25700,CE,225.45,226.25,152.9,157.2,157.2,6939,161350,16725,24749.85
2024-10-17,2024-10-31,25700,CE,35.3,35.9,18.65,19.35,19.35,99566,1540650,186350,24749.85
2024-10-17,2024-12-26,25700,PE,832.85,903.15,811.3,903.15,958.15,73,3225,350,24749.85
2024-10-17,2024-11-14,25700,CE,109.0,109.3,81.7,98.2,98.2,81,1350,1325,24749.85
2024-10-17,2024-11-28,25700,PE,730.0,878.8,729.7,858.9,858.9,390,40175,-2950,24749.85
2024-10-17,2024-10-24,25700,CE,8.8,11.05,4.8,5.15,5.15,354065,2545925,1812150,24749.85
2024-10-17,2024-11-14,25700,PE,0.0,0.0,0.0,817.3,920.45,0,0,0,24749.85
2024-10-17,2024-10-17,25700,PE,730.65,958.05,730.65,950.2,24749.85,3697,52675,-32950,24749.85
2024-10-17,2024-10-17,25700,CE,0.6,1.0,0.05,0.05,24749.85,2888516,4640525,-711275,24749.85
2024-10-17,2024-12-26,25700,CE,380.0,380.0,317.0,319.9,319.9,252,9575,3425,24749.85
2024-10-17,2024-11-14,25350,CE,206.05,206.05,206.05,206.05,188.05,1,25,25,24749.85
2024-10-17,2024-10-24,25350,CE,43.25,43.65,14.9,16.05,16.05,116736,620175,310950,24749.85
2024-10-17,2024-10-24,25350,PE,355.95,580.05,355.95,557.65,557.65,1345,25125,375,24749.85
2024-10-17,2024-10-24,24750,CE,351.95,353.95,175.1,192.1,192.1,171683,635575,616050,24749.85
2024-10-17,2024-11-14,24750,CE,0.0,0.0,0.0,742.65,439.95,0,0,0,24749.85
2024-10-17,2024-10-17,27450,PE,0.0,0.0,0.0,1918.9,24749.85,0,0,0,24749.85
2024-10-17,2024-11-28,27450,CE,17.0,17.0,16.5,16.5,16.5,3,10950,25,24749.85
2024-10-17,2024-12-26,27450,PE,0.0,0.0,0.0,1282.65,2391.0,0,0,0,24749.85
2024-10-17,2026-06-25,12000,PE,0.0,0.0,0.0,20.1,0.05,0,500,0,24749.85
2024-10-17,2027-12-30,28000,PE,0.0,0.0,0.0,4251.0,1367.45,0,0,0,24749.85
2024-10-17,2025-06-26,28000,PE,0.0,0.0,0.0,7207.55,2408.85,0,0,0,24749.85
2024-10-17,2028-06-29,28000,CE,0.0,0.0,0.0,2596.45,4178.35,0,0,0,24749.85
2024-10-17,2027-06-24,28000,CE,0.0,0.0,0.0,2186.3,2910.1,0,0,0,24749.85
2024-10-17,2024-11-14,25650,CE,0.0,0.0,0.0,255.6,112.85,0,25,0,24749.85
2024-10-17,2024-10-24,25650,CE,10.6,11.4,5.25,5.7,5.7,84034,322325,7900,24749.85
2024-10-17,2024-11-07,25650,PE,0.0,0.0,0.0,628.5,873.15,0,0,0,24749.85
2024-10-17,2024-10-24,25650,PE,830.8,859.4,829.9,851.65,851.65,25,1325,425,24749.85
2024-10-17,2024-11-07,25650,CE,78.8,78.9,55.15,56.65,56.65,59,1675,275,24749.85
2024-10-17,2024-12-26,25650,CE,380.15,380.15,380.15,380.15,355.1,18,2375,450,24749.85
2024-10-17,2024-11-14,25250,PE,0.0,0.0,0.0,548.5,589.8,0,0,0,24749.85
2024-10-17,2024-11-28,25250,PE,458.5,578.3,458.0,567.8,567.8,252,13650,4125,24749.85
2024-10-17,2024-11-14,24850,CE,548.15,548.15,517.95,517.95,387.65,2,50,50,24749.85
2024-10-17,2024-10-31,24850,PE,151.95,246.5,151.45,229.9,229.9,17114,100450,30300,24749.85
2024-10-17,2024-10-31,24850,CE,361.45,361.45,214.0,226.55,226.55,17680,107950,83825,24749.85
2024-10-17,2025-06-26,16000,PE,0.0,0.0,0.0,20.05,0.05,0,50,0,24749.85
2024-10-17,2024-12-26,16000,PE,13.4,13.45,9.5,10.3,10.3,2135,185300,-17325,24749.85
2024-10-17,2025-12-24,16000,PE,0.0,0.0,0.0,33.95,0.2,0,2150,0,24749.85
2024-10-17,2026-12-31,16000,PE,0.0,0.0,0.0,58.45,2.15,0,2400,0,24749.85
2024-10-17,2024-10-24,26050,CE,3.0,4.0,2.55,2.8,2.8,16840,149825,65675,24749.85
2024-10-17,2024-12-26,26050,CE,0.0,0.0,0.0,340.95,238.6,0,50,0,24749.85
2024-10-17,2024-11-14,26700,PE,0.0,0.0,0.0,1597.05,1823.9,0,0,0,24749.85
2024-10-17,2024-11-28,26700,CE,42.3,42.3,26.85,28.7,28.7,2964,56575,-5475,24749.85
2024-10-17,2027-12-30,21000,PE,0.0,0.0,0.0,582.95,128.1,0,50,0,24749.85
2024-10-17,2026-06-25,21000,CE,0.0,0.0,0.0,3881.9,6106.45,0,0,0,24749.85
2024-10-17,2024-10-17,26700,PE,0.0,0.0,0.0,1678.5,24749.85,0,200,0,24749.85
2024-10-17,2029-06-28,21000,PE,0.0,0.0,0.0,320.25,124.95,0,0,0,24749.85
2024-10-17,2028-12-28,21000,CE,0.0,0.0,0.0,7512.5,9061.85,0,0,0,24749.85
2024-10-17,2024-11-14,26050,CE,0.0,0.0,0.0,196.0,52.0,0,0,0,24749.85
2024-10-17,2024-11-07,24050,PE,0.0,0.0,0.0,84.65,67.25,0,0,0,24749.85
2024-10-17,2024-11-14,24050,PE,0.0,0.0,0.0,80.0,93.3,0,225,0,24749.85
2024-10-17,2026-06-25,28000,CE,0.0,0.0,0.0,1533.95,1643.15,0,0,0,24749.85
2024-10-17,2026-12-31,28000,PE,0.0,0.0,0.0,6224.8,1678.75,0,0,0,24749.85
2024-10-17,2028-06-29,28000,PE,0.0,0.0,0.0,3161.35,1238.35,0,0,0,24749.85
2024-10-17,2027-12-30,28000,CE,0.0,0.0,0.0,2639.2,3560.85,0,0,0,24749.85
2024-10-17,2029-06-28,28000,CE,0.0,0.0,0.0,6112.6,5379.75,0,0,0,24749.85
2024-10-17,2028-12-28,28000,PE,0.0,0.0,0.0,1697.6,1123.15,0,0,0,24749.85
2024-10-17,2025-03-27,28000,PE,2302.3,2480.95,2302.3,2447.5,2447.5,217,87250,-575,24749.85
2024-10-17,2024-12-26,28000,PE,2750.0,2843.8,2735.65,2818.5,2818.5,1088,237550,-2525,24749.85
2024-10-17,2029-06-28,28000,PE,0.0,0.0,0.0,1488.1,1019.95,0,0,0,24749.85
2024-10-17,2028-12-28,28000,CE,0.0,0.0,0.0,4027.15,4785.0,0,0,0,24749.85
2024-10-17,2024-11-28,27050,PE,0.0,0.0,0.0,841.05,2110.2,0,7550,0,24749.85
2024-10-17,2024-10-17,27050,CE,0.1,0.5,0.05,0.1,24749.85,52758,130375,94800,24749.85
2024-10-17,2024-12-26,27050,PE,0.0,0.0,0.0,864.7,2027.0,0,25,0,24749.85
2024-10-17,2024-10-24,27050,CE,1.85,2.7,1.55,2.15,2.15,2270,19400,15725,24749.85
2024-10-17,2024-10-17,27050,PE,0.0,0.0,0.0,2000.7,24749.85,0,50,0,24749.85
2024-10-17,2024-11-28,27050,CE,0.0,0.0,0.0,43.5,19.3,0,8525,0,24749.85
2024-10-17,2024-10-31,27050,PE,0.0,0.0,0.0,1512.0,2230.3,0,0,0,24749.85
2024-10-17,2024-12-26,27050,CE,59.0,59.0,58.95,58.95,74.75,4,5750,0,24749.85
2024-10-17,2024-10-24,27050,PE,0.0,0.0,0.0,1538.25,2265.15,0,0,0,24749.85
2024-10-17,2024-10-31,27050,CE,4.0,4.8,2.95,4.15,4.15,1194,25000,-775,24749.85
2024-10-17,2024-11-28,24600,PE,226.05,299.7,226.0,291.6,291.6,4919,142925,28550,24749.85
2024-10-17,2024-10-31,26200,CE,10.05,10.05,8.0,8.45,8.45,36615,967950,-4450,24749.85
2024-10-17,2024-12-26,26200,CE,220.0,220.0,160.2,170.15,170.15,371,30200,2000,24749.85
2024-10-17,2024-12-26,26200,PE,0.0,0.0,0.0,1025.2,1316.75,0,10400,0,24749.85
2024-10-17,2024-10-17,26200,CE,0.3,0.75,0.05,0.05,24749.85,1027020,2883475,538000,24749.85
2024-10-17,2024-11-28,26200,CE,100.0,110.0,61.65,63.95,63.95,20239,319225,117075,24749.85
2024-10-17,2024-11-28,26200,PE,1215.0,1272.85,1161.55,1266.7,1266.7,75,21750,-275,24749.85
2024-10-17,2024-11-07,26700,PE,0.0,0.0,0.0,1379.65,1850.8,0,0,0,24749.85
2024-10-17,2024-11-07,26050,CE,0.0,0.0,0.0,53.8,27.6,0,225,0,24749.85
2024-10-17,2024-10-24,26700,PE,0.0,0.0,0.0,1247.05,1915.6,0,0,0,24749.85
2024-10-17,2024-11-28,26050,PE,0.0,0.0,0.0,980.0,1208.5,0,850,0,24749.85
2024-10-17,2024-10-31,26700,CE,4.5,6.25,3.9,5.05,5.05,12886,381025,-31400,24749.85
2024-10-17,2024-10-17,26050,CE,0.3,0.8,0.05,0.05,24749.85,651058,570350,-184300,24749.85
2024-10-17,2024-10-31,26050,PE,1028.55,1227.0,1028.55,1217.4,1217.4,101,21625,-400,24749.85
2024-10-17,2024-11-28,26700,PE,0.0,0.0,0.0,1559.95,1780.85,0,625,0,24749.85
2024-10-17,2029-06-28,21000,CE,0.0,0.0,0.0,9799.75,9582.25,0,0,0,24749.85
2024-10-17,2028-06-29,21000,PE,0.0,0.0,0.0,907.2,129.3,0,0,0,24749.85
2024-10-17,2025-09-25,21000,PE,0.0,0.0,0.0,51.55,50.9,0,0,0,24749.85
2024-10-17,2024-11-14,26050,PE,0.0,0.0,0.0,1066.3,1217.6,0,0,0,24749.85
2024-10-17,2024-10-17,26700,CE,0.25,0.65,0.05,0.1,24749.85,143327,386950,46800,24749.85
2024-10-17,2025-03-27,21000,CE,0.0,0.0,0.0,5200.0,4377.7,0,100,0,24749.85
2024-10-17,2025-06-26,21000,CE,0.0,0.0,0.0,3199.45,4737.15,0,0,0,24749.85
2024-10-17,2024-10-24,26800,CE,1.7,2.55,1.65,2.2,2.2,23887,257700,212600,24749.85
2024-10-17,2024-12-26,18000,PE,14.8,15.8,14.05,15.3,15.3,851,576500,-3875,24749.85
2024-10-17,2024-11-28,26800,CE,29.0,32.8,23.0,24.2,24.2,2462,79400,-11750,24749.85
2024-10-17,2024-11-14,26550,CE,0.0,0.0,0.0,100.75,16.9,0,0,0,24749.85
2024-10-17,2024-12-26,25300,PE,561.6,668.0,561.6,641.6,641.6,210,17600,450,24749.85
2024-10-17,2024-10-24,26400,PE,1550.65,1613.6,1550.65,1595.45,1595.45,179,4700,4150,24749.85
2024-10-17,2024-11-14,26400,CE,30.0,30.0,21.1,21.75,24.1,21,925,100,24749.85
2024-10-17,2024-12-26,26400,PE,0.0,0.0,0.0,1153.0,1473.95,0,150,0,24749.85
2024-10-17,2024-11-28,26400,PE,1453.45,1453.45,1406.6,1416.4,1416.4,3,8075,0,24749.85
2024-10-17,2024-10-17,26400,PE,1635.1,1654.55,1633.3,1651.3,24749.85,138,5825,-3025,24749.85
2024-10-17,2024-12-26,25150,CE,670.8,670.8,575.1,575.25,575.25,16,450,200,24749.85
2024-10-17,2024-12-26,23050,PE,0.0,0.0,0.0,28.2,51.4,0,0,0,24749.85
2024-10-17,2024-11-28,23050,CE,0.0,0.0,0.0,2251.8,1898.2,0,25,0,24749.85
2024-10-17,2024-12-26,26350,PE,0.0,0.0,0.0,602.1,1433.95,0,25,0,24749.85
2024-10-17,2024-11-28,26350,PE,0.0,0.0,0.0,1147.8,1464.55,0,125,0,24749.85
2024-10-17,2024-11-14,23850,CE,0.0,0.0,0.0,1407.1,1084.0,0,0,0,24749.85
2024-10-17,2024-11-07,23850,PE,0.0,0.0,0.0,60.15,40.3,0,0,0,24749.85
2024-10-17,2024-10-31,23850,PE,17.45,29.0,17.0,27.5,27.5,2293,30200,8150,24749.85
2024-10-17,2024-10-24,23850,CE,0.0,0.0,0.0,1268.15,934.35,0,100,0,24749.85
2024-10-17,2024-10-24,27600,CE,1.6,2.5,1.5,2.1,2.1,99494,1050375,1037175,24749.85
2024-10-17,2024-10-17,27600,PE,0.0,0.0,0.0,2646.1,24749.85,0,25,0,24749.85
2024-10-17,2024-11-28,27600,PE,0.0,0.0,0.0,1217.75,2642.75,0,25,0,24749.85
2024-10-17,2027-12-30,31000,PE,0.0,0.0,0.0,3950.7,2532.15,0,0,0,24749.85
2024-10-17,2025-03-27,31000,CE,30.0,30.0,26.45,26.45,13.8,5,10750,0,24749.85
2024-10-17,2026-12-31,31000,CE,0.0,0.0,0.0,819.15,1242.65,0,0,0,24749.85
2024-10-17,2024-12-26,31000,PE,5750.0,5750.0,5750.0,5750.0,5750.0,1,1600,-25,24749.85
2024-10-17,2029-06-28,31000,PE,0.0,0.0,0.0,2338.75,1829.9,0,0,0,24749.85
2024-10-17,2027-06-24,31000,PE,0.0,0.0,0.0,4436.25,2854.1,0,0,0,24749.85
2024-10-17,2027-12-30,31000,CE,0.0,0.0,0.0,1546.6,2308.85,0,0,0,24749.85
2024-10-17,2024-11-07,23150,PE,15.0,21.95,11.55,17.45,17.45,30,1025,275,24749.85
2024-10-17,2024-12-26,23150,PE,0.0,0.0,0.0,32.25,60.3,0,0,0,24749.85
2024-10-17,2024-11-28,25950,CE,130.0,130.0,99.9,101.45,101.45,634,13100,8225,24749.85
2024-10-17,2024-10-17,25950,PE,1016.3,1201.9,1001.35,1200.05,24749.85,269,5900,-3225,24749.85
2024-10-17,2024-11-07,23500,CE,0.0,0.0,0.0,1945.05,1355.35,0,0,0,24749.85
2024-10-17,2024-10-31,22500,CE,2500.0,2503.0,2315.0,2336.7,2336.7,544,290625,-10150,24749.85
2024-10-17,2024-10-31,22500,PE,3.35,5.25,3.2,4.1,4.1,26425,1750075,13800,24749.85
2024-10-17,2024-11-14,23500,CE,0.0,0.0,0.0,1712.8,1397.5,0,0,0,24749.85
2024-10-17,2024-10-24,23500,CE,1420.0,1420.0,1285.0,1304.1,1304.1,304,7975,6825,24749.85
2024-10-17,2024-10-24,24600,CE,479.3,479.6,271.8,292.55,292.55,31693,175950,154000,24749.85
2024-10-17,2024-12-26,24600,CE,880.0,880.0,880.0,880.0,847.5,9,300,225,24749.85
2024-10-17,2024-11-14,26200,CE,66.3,66.3,31.95,36.2,37.8,24,375,375,24749.85
2024-10-17,2024-11-07,26200,PE,0.0,0.0,0.0,987.75,1367.1,0,0,0,24749.85
2024-10-17,2024-11-07,26200,CE,25.0,26.05,18.35,19.95,19.95,487,17650,2975,24749.85
2024-10-17,2024-10-31,26200,PE,1185.0,1380.95,1184.0,1351.2,1351.2,569,594900,-4300,24749.85
2024-10-17,2024-10-17,26200,PE,1340.0,1457.0,1340.0,1450.45,24749.85,577,23350,-11900,24749.85
2024-10-17,2024-10-24,26200,CE,3.05,3.6,2.1,2.55,2.55,130688,1105250,512950,24749.85
2024-10-17,2024-11-07,25450,PE,0.0,0.0,0.0,519.7,712.4,0,0,0,24749.85
2024-10-17,2024-11-28,25450,CE,312.0,312.0,230.55,234.85,234.85,328,7575,2650,24749.85
2024-10-17,2024-10-31,25450,CE,68.0,75.15,37.05,39.7,39.7,18581,104700,-9575,24749.85
2024-10-17,2026-06-25,25000,PE,0.0,0.0,0.0,6063.1,718.95,0,0,0,24749.85
2024-10-17,2026-06-25,25000,CE,0.0,0.0,0.0,1510.4,3160.5,0,0,0,24749.85
2024-10-17,2024-10-24,25000,PE,143.0,291.7,130.35,268.95,268.95,459118,1766125,-285775,24749.85
2024-10-17,2024-10-24,25000,CE,180.0,184.15,67.8,75.95,75.95,948169,5348150,3089800,24749.85
2024-10-17,2024-10-31,25000,CE,259.5,273.0,145.0,154.3,154.3,317546,4292875,394225,24749.85
2024-10-17,2024-10-31,25000,PE,185.15,327.5,185.05,307.8,307.8,266350,4037075,-546950,24749.85
2024-10-17,2024-11-14,25800,CE,137.2,137.2,67.8,75.2,75.2,137,1150,1025,24749.85
2024-10-17,2024-10-24,25800,CE,6.3,7.35,3.1,3.9,3.9,293057,2435950,1794550,24749.85
2024-10-17,2025-06-26,25000,PE,715.0,773.95,715.0,772.2,772.2,190,23300,1150,24749.85
2024-10-17,2025-09-25,25000,PE,0.0,0.0,0.0,538.6,731.3,0,0,0,24749.85
2024-10-17,2024-12-26,25000,PE,421.55,530.05,420.05,516.55,516.55,20926,2140250,-23500,24749.85
2024-10-17,2024-11-14,25000,PE,304.45,414.5,300.05,402.05,402.05,330,4625,1150,24749.85
2024-10-17,2026-12-31,25000,CE,0.0,0.0,0.0,1811.2,3893.25,0,0,0,24749.85
2024-10-17,2024-12-26,23700,CE,0.0,0.0,0.0,2095.2,1488.7,0,525,0,24749.85
2024-10-17,2024-11-28,27350,PE,0.0,0.0,0.0,1971.4,2399.05,0,0,0,24749.85
2024-10-17,2024-10-17,24650,CE,344.5,365.35,94.35,101.55,24749.85,964387,390400,360325,24749.85
2024-10-17,2024-10-24,24650,PE,46.0,112.25,42.8,101.95,101.95,140068,338725,153875,24749.85
2024-10-17,2024-11-14,24650,PE,0.0,0.0,0.0,285.85,269.25,0,0,0,24749.85
2024-10-17,2024-10-31,24400,PE,50.0,94.0,48.3,86.35,86.35,77632,1989025,49625,24749.85
2024-10-17,2027-06-24,29000,CE,0.0,0.0,0.0,1545.2,2470.5,0,0,0,24749.85
2024-10-17,2029-06-28,29000,PE,0.0,0.0,0.0,1746.95,1258.55,0,0,0,24749.85
2024-10-17,2026-12-31,29000,CE,0.0,0.0,0.0,1205.35,1892.25,0,0,0,24749.85
2024-10-17,2024-11-14,24200,CE,0.0,0.0,0.0,1124.75,800.1,0,0,0,24749.85
2024-10-17,2024-10-31,24200,PE,34.0,60.8,31.25,56.2,56.2,49133,803300,14500,24749.85
2024-10-17,2024-10-31,22850,CE,0.0,0.0,0.0,2297.5,1959.1,0,25,0,24749.85
2024-10-17,2024-11-28,27400,CE,13.0,15.9,13.0,14.0,9.5,90,10400,-400,24749.85
2024-10-17,2024-10-17,27400,PE,0.0,0.0,0.0,1873.2,24749.85,0,0,0,24749.85
2024-10-17,2024-10-31,27400,CE,3.4,4.7,2.5,3.7,3.7,2423,37175,8775,24749.85
2024-10-17,2024-11-14,26300,PE,0.0,0.0,0.0,1260.25,1444.6,0,0,0,24749.85
2024-10-17,2024-11-07,26300,PE,0.0,0.0,0.0,1062.85,1462.2,0,0,0,24749.85
2024-10-17,2024-10-17,26300,PE,1333.05,1555.0,1333.0,1551.0,24749.85,681,14300,-13375,24749.85
2024-10-17,2024-10-31,26300,CE,8.0,10.0,6.7,7.35,7.35,24026,866325,-23150,24749.85
2024-10-17,2024-10-24,26300,CE,2.75,3.2,2.05,2.4,2.4,107169,934100,584100,24749.85
2024-10-17,2024-10-24,24700,PE,54.95,130.0,51.9,118.85,118.85,527929,1535750,912625,24749.85
2024-10-17,2024-10-31,24700,CE,464.75,472.35,298.8,313.35,313.35,41333,368400,239575,24749.85
2024-10-17,2024-12-26,27950,CE,33.0,36.0,20.05,23.55,23.55,43,7700,-275,24749.85
2024-10-17,2024-10-31,22650,CE,0.0,0.0,0.0,2495.0,2158.45,0,25,0,24749.85
2024-10-17,2024-10-24,27950,PE,0.0,0.0,0.0,2361.85,3164.0,0,0,0,24749.85
2024-10-17,2024-10-17,26750,CE,0.25,0.7,0.05,0.1,24749.85,117155,224250,121400,24749.85
2024-10-17,2024-11-07,26750,CE,9.75,10.7,9.75,10.65,3.55,4,200,25,24749.85
2024-10-17,2024-11-14,26750,PE,0.0,0.0,0.0,1641.0,1872.25,0,0,0,24749.85
2024-10-17,2024-12-26,26550,PE,0.0,0.0,0.0,1261.6,1596.25,0,25,0,24749.85
2024-10-17,2024-11-28,26550,CE,42.0,42.0,34.0,37.85,37.85,157,5000,975,24749.85
2024-10-17,2024-10-24,26800,PE,0.0,0.0,0.0,1328.0,2015.5,0,0,0,24749.85
2024-10-17,2024-12-26,26550,CE,194.55,194.55,194.55,194.55,194.55,4,7200,0,24749.85
2024-10-17,2024-11-28,25300,CE,385.05,393.5,288.45,296.25,296.25,7298,176125,18650,24749.85
2024-10-17,2024-11-28,25300,PE,496.05,620.85,491.55,602.25,602.25,1888,124725,-650,24749.85
2024-10-17,2024-10-31,25300,CE,122.0,125.8,58.65,62.45,62.45,119222,1427050,289475,24749.85
2024-10-17,2024-10-24,25300,PE,321.9,540.0,311.05,511.15,511.15,13578,230500,110700,24749.85
2024-10-17,2024-10-24,25300,CE,50.0,58.15,18.35,19.85,19.85,393707,1979250,749025,24749.85
2024-10-17,2024-12-26,25300,CE,571.0,586.9,450.05,490.8,490.8,367,10225,2375,24749.85
2024-10-17,2024-11-14,26400,PE,0.0,0.0,0.0,1341.8,1537.9,0,0,0,24749.85
2024-10-17,2024-11-07,26400,CE,17.0,17.0,13.0,14.9,14.9,166,2750,1350,24749.85
2024-10-17,2024-12-26,25650,PE,0.0,0.0,0.0,705.15,925.35,0,100,0,24749.85
2024-10-17,2024-10-31,25650,CE,38.55,38.55,21.3,22.5,22.5,18260,146100,22525,24749.85
2024-10-17,2024-10-31,25250,PE,317.35,500.0,317.35,474.1,474.1,1968,172925,-4950,24749.85
2024-10-17,2024-11-28,25250,CE,393.0,393.0,308.35,315.0,315.0,879,10625,4275,24749.85
2024-10-17,2024-12-26,25250,PE,519.5,641.0,519.5,638.45,638.45,143,13000,-1225,24749.85
2024-10-17,2024-10-17,24850,PE,10.5,107.45,10.5,98.55,24749.85,16784194,5414575,3244950,24749.85
2024-10-17,2024-11-14,24850,PE,0.0,0.0,0.0,253.2,359.45,0,25,0,24749.85
2024-10-17,2024-11-28,24850,CE,676.25,676.25,506.5,519.95,519.95,317,6125,2650,24749.85
2024-10-17,2024-11-07,25100,CE,307.45,307.45,193.15,202.75,202.75,1176,32375,3325,24749.85
2024-10-17,2024-10-24,25100,PE,182.5,369.45,180.05,340.75,340.75,95747,530200,-94675,24749.85
2024-10-17,2024-11-14,25100,PE,426.2,469.5,426.2,467.6,467.6,17,400,400,24749.85
2024-10-17,2024-11-07,25100,PE,305.55,433.8,302.7,415.2,415.2,426,6650,-2800,24749.85
2024-10-17,2024-11-07,23600,PE,25.1,25.1,25.1,25.1,19.7,4,1500,0,24749.85
2024-10-17,2024-12-26,23050,CE,0.0,0.0,0.0,2423.2,2047.7,0,25,0,24749.85
2024-10-17,2024-10-24,23050,CE,0.0,0.0,0.0,2109.25,1729.7,0,500,0,24749.85
2024-10-17,2024-10-24,23050,PE,2.2,3.85,1.7,2.5,2.5,214760,2394075,2102875,24749.85
2024-10-17,2024-11-07,23050,CE,0.0,0.0,0.0,2372.65,1792.15,0,0,0,24749.85
2024-10-17,2024-10-17,23050,PE,0.2,0.2,0.05,0.05,24749.85,374096,1866525,-1560625,24749.85
2024-10-17,2024-10-17,26350,CE,0.35,0.75,0.05,0.05,24749.85,147489,188725,65975,24749.85
2024-10-17,2024-11-14,26350,CE,0.0,0.0,0.0,82.35,27.05,0,25,0,24749.85
2024-10-17,2024-11-28,26350,CE,60.9,60.9,46.6,49.25,49.25,439,13950,8300,24749.85
2024-10-17,2024-11-14,26350,PE,0.0,0.0,0.0,1300.8,1491.1,0,0,0,24749.85
2024-10-17,2024-11-07,24650,PE,204.0,228.65,204.0,217.05,233.95,28,625,-150,24749.85
2024-10-17,2024-11-14,24650,CE,0.0,0.0,0.0,805.75,496.45,0,0,0,24749.85
2024-10-17,2024-12-26,24650,CE,0.0,0.0,0.0,2188.6,817.55,0,0,0,24749.85
2024-10-17,2024-10-24,27200,CE,2.25,2.4,1.4,2.1,2.1,8096,50500,45525,24749.85
2024-10-17,2024-10-31,27200,PE,0.0,0.0,0.0,2045.0,2379.85,0,6400,0,24749.85
2024-10-17,2024-10-24,27200,PE,2200.7,2429.1,2200.7,2429.1,2429.1,8,0,0,24749.85
2024-10-17,2024-11-28,27200,PE,0.0,0.0,0.0,2100.0,2254.05,0,1325,0,24749.85
2024-10-17,2024-12-26,27200,PE,0.0,0.0,0.0,1128.55,2161.8,0,0,0,24749.85
2024-10-17,2024-11-14,26000,PE,0.0,0.0,0.0,1110.0,1173.5,0,25,0,24749.85
2024-10-17,2029-06-28,26000,PE,0.0,0.0,0.0,1391.75,634.1,0,25,0,24749.85
2024-10-17,2026-06-25,26000,CE,0.0,0.0,0.0,1343.15,2580.8,0,0,0,24749.85
2024-10-17,2026-06-25,26000,PE,0.0,0.0,0.0,6709.2,1031.55,0,0,0,24749.85
2024-10-17,2024-10-31,26000,PE,935.0,1185.3,931.1,1158.0,1158.0,10872,2438275,-91725,24749.85
2024-10-17,2027-06-24,26000,CE,0.0,0.0,0.0,1900.85,3946.5,0,0,0,24749.85
2024-10-17,2025-09-25,26000,PE,0.0,0.0,0.0,812.55,1130.95,0,0,0,24749.85
2024-10-17,2025-03-27,26000,PE,972.95,1117.0,972.95,1085.85,1085.85,2110,339600,-75,24749.85
2024-10-17,2026-12-31,26000,PE,0.0,0.0,0.0,1000.0,955.95,0,125,0,24749.85
2024-10-17,2028-12-28,26000,CE,0.0,0.0,0.0,4879.7,5858.4,0,0,0,24749.85
2024-10-17,2024-11-07,24400,PE,123.0,147.0,111.8,137.25,137.25,1290,17625,13450,24749.85
2024-10-17,2024-12-26,24400,PE,279.0,321.9,279.0,311.25,311.25,31,15525,500,24749.85
2024-10-17,2024-11-14,24400,CE,0.0,0.0,0.0,976.1,655.6,0,0,0,24749.85
2024-10-17,2024-12-26,24400,CE,0.0,0.0,0.0,1220.0,973.65,0,50,0,24749.85
2024-10-17,2024-11-07,24400,CE,683.9,683.9,638.95,639.0,590.65,3,50,25,24749.85
2024-10-17,2024-10-31,22950,CE,0.0,0.0,0.0,2199.05,1859.5,0,25,0,24749.85
2024-10-17,2024-11-28,24600,CE,816.0,816.0,663.0,678.15,678.15,337,6575,1600,24749.85
2024-10-17,2024-10-31,24600,PE,77.2,147.25,77.2,136.95,136.95,57132,924275,185850,24749.85
2024-10-17,2024-11-14,24600,PE,194.0,246.0,194.0,235.5,235.5,16,725,175,24749.85
2024-10-17,2024-10-17,24100,PE,0.6,0.7,0.05,0.05,24749.85,948992,1462850,-539450,24749.85
2024-10-17,2024-10-31,24100,PE,28.0,50.0,25.2,45.45,45.45,60161,610525,106225,24749.85
2024-10-17,2024-11-28,27850,CE,11.95,11.95,11.95,11.95,3.5,1,500,25,24749.85
2024-10-17,2025-12-24,26000,CE,2151.0,2158.45,1984.7,2020.65,2020.65,132,33775,200,24749.85
2024-10-17,2028-06-29,26000,PE,0.0,0.0,0.0,2370.3,750.75,0,0,0,24749.85
2024-10-17,2027-12-30,26000,CE,0.0,0.0,0.0,3162.4,4620.1,0,0,0,24749.85
2024-10-17,2024-10-17,26000,CE,0.3,0.85,0.05,0.1,24749.85,2689278,4803900,-3759300,24749.85
2024-10-17,2024-11-28,26000,PE,920.55,1113.95,905.0,1091.3,1091.3,2818,456725,7650,24749.85
2024-10-17,2028-12-28,26000,PE,0.0,0.0,0.0,1160.95,690.25,0,0,0,24749.85
2024-10-17,2025-09-25,26000,CE,0.0,0.0,0.0,2854.15,1478.8,0,0,0,24749.85
2024-10-17,2024-12-26,26000,CE,290.0,309.9,225.0,226.7,226.7,21519,1935250,42400,24749.85
2024-10-17,2025-06-26,26000,CE,0.0,0.0,0.0,811.85,1088.9,0,0,0,24749.85
2024-10-17,2025-12-24,26000,PE,1285.0,1350.0,1267.9,1345.9,1345.9,195,80325,550,24749.85
2024-10-17,2028-06-29,26000,CE,0.0,0.0,0.0,3200.9,5248.6,0,0,0,24749.85
2024-10-17,2027-06-24,26000,PE,0.0,0.0,0.0,6202.2,886.9,0,0,0,24749.85
2024-10-17,2024-11-14,26000,CE,70.25,71.0,45.35,50.1,50.1,818,20900,10025,24749.85
2024-10-17,2024-11-28,27550,PE,0.0,0.0,0.0,1163.7,2593.85,0,50,0,24749.85
2024-10-17,2024-10-17,23100,CE,1731.0,1731.0,1652.85,1652.85,24749.85,4,50,-25,24749.85
2024-10-17,2024-10-24,23100,PE,1.9,4.05,1.75,2.75,2.75,291050,2263725,1805300,24749.85
2024-10-17,2024-10-17,27300,CE,0.15,0.5,0.05,0.1,24749.85,95459,1054150,17675,24749.85
2024-10-17,2024-10-17,23150,CE,0.0,0.0,0.0,1901.65,24749.85,0,50,0,24749.85
2024-10-17,2024-11-28,23150,CE,0.0,0.0,0.0,2158.45,1804.05,0,25,0,24749.85
2024-10-17,2024-11-28,23150,PE,0.0,0.0,0.0,75.75,25.1,0,2775,0,24749.85
2024-10-17,2024-10-31,23150,CE,0.0,0.0,0.0,2001.5,1660.65,0,150,0,24749.85
2024-10-17,2024-12-26,25950,CE,248.0,248.0,248.0,248.0,264.45,2,125,50,24749.85
2024-10-17,2024-10-24,25950,CE,4.55,4.55,2.9,3.1,3.1,27524,232450,118525,24749.85
2024-10-17,2024-11-28,25950,PE,962.7,962.7,962.7,962.7,1127.05,6,800,0,24749.85
2024-10-17,2025-12-24,29000,PE,0.0,0.0,0.0,6099.3,2743.7,0,0,0,24749.85
2024-10-17,2028-06-29,29000,CE,0.0,0.0,0.0,2333.25,3702.3,0,0,0,24749.85
2024-10-17,2024-12-26,29000,CE,13.0,13.55,12.2,13.05,13.05,1800,656475,1800,24749.85
2024-10-17,2024-12-26,29000,PE,3700.0,3814.6,3700.0,3799.5,3799.5,498,549500,1875,24749.85
2024-10-17,2028-06-29,29000,PE,0.0,0.0,0.0,3595.9,1541.2,0,0,0,24749.85
2024-10-17,2026-06-25,29000,CE,0.0,0.0,0.0,864.2,1282.0,0,0,0,24749.85
2024-10-17,2025-03-27,29000,CE,80.0,85.0,71.0,76.2,76.2,607,75150,1525,24749.85
2024-10-17,2025-09-25,29000,PE,0.0,0.0,0.0,2125.3,2943.75,0,0,0,24749.85
2024-10-17,2027-06-24,29000,PE,0.0,0.0,0.0,4627.1,1913.6,0,0,0,24749.85
2024-10-17,2025-06-26,29000,PE,0.0,0.0,0.0,6724.5,3183.85,0,0,0,24749.85
2024-10-17,2024-12-26,27850,CE,0.0,0.0,0.0,54.7,24.85,0,275,0,24749.85
2024-10-17,2024-10-31,27850,CE,2.55,3.8,2.35,3.1,3.1,236,8150,2050,24749.85
2024-10-17,2024-10-17,27850,PE,0.0,0.0,0.0,2292.65,24749.85,0,0,0,24749.85
2024-10-17,2024-12-26,27850,PE,0.0,0.0,0.0,1550.15,2766.8,0,0,0,24749.85
2024-10-17,2024-10-24,27850,CE,1.75,2.2,1.45,2.05,2.05,18198,237000,63600,24749.85
2024-10-17,2024-11-28,27850,PE,0.0,0.0,0.0,2376.9,2888.2,0,0,0,24749.85
2024-10-17,2024-10-31,27500,CE,3.25,4.25,2.6,3.6,3.6,24106,1340950,-53025,24749.85
2024-10-17,2024-11-28,24200,CE,950.0,981.25,940.0,965.0,965.0,11,3175,175,24749.85
2024-10-17,2024-10-17,25450,CE,1.0,1.25,0.05,0.15,24749.85,3608942,3901975,1372250,24749.85
2024-10-17,2024-12-26,25450,CE,0.0,0.0,0.0,518.55,427.15,0,75,0,24749.85
2024-10-17,2024-11-07,25450,CE,0.0,0.0,0.0,156.3,110.9,0,325,0,24749.85
2024-10-17,2024-12-26,25450,PE,683.3,719.15,683.0,718.8,799.95,86,12575,0,24749.85
2024-10-17,2024-11-14,25450,PE,0.0,0.0,0.0,660.6,728.35,0,0,0,24749.85
2024-10-17,2026-12-31,23000,CE,0.0,0.0,0.0,2020.0,5241.4,0,500,0,24749.85
2024-10-17,2024-10-31,23550,PE,13.4,16.65,10.6,15.55,15.55,2124,15225,4350,24749.85
2024-10-17,2028-06-29,23000,PE,0.0,0.0,0.0,1399.25,290.4,0,0,0,24749.85
2024-10-17,2024-11-14,24550,PE,0.0,0.0,0.0,252.55,230.45,0,0,0,24749.85
2024-10-17,2026-06-25,23000,PE,0.0,0.0,0.0,425.05,299.0,0,275,0,24749.85
2024-10-17,2027-06-24,23000,PE,0.0,0.0,0.0,4514.3,309.55,0,0,0,24749.85
2024-10-17,2029-06-28,23000,CE,0.0,0.0,0.0,8636.0,8262.7,0,0,0,24749.85
2024-10-17,2024-12-26,18500,CE,0.0,0.0,0.0,6400.0,6487.8,0,1050,0,24749.85
2024-10-17,2024-10-31,23000,CE,2045.8,2045.8,1815.45,1840.3,1840.3,1672,567925,-7650,24749.85
2024-10-17,2024-12-26,24550,CE,0.0,0.0,0.0,2270.3,878.1,0,0,0,24749.85
2024-10-17,2027-06-24,23000,CE,0.0,0.0,0.0,2530.05,5871.9,0,0,0,24749.85
2024-10-17,2024-10-17,24550,PE,1.9,3.25,0.05,0.15,24749.85,6864493,4114150,2600900,24749.85
2024-10-17,2024-10-17,23550,PE,0.3,0.3,0.05,0.05,24749.85,71028,328725,250975,24749.85
2024-10-17,2024-12-26,23550,CE,0.0,0.0,0.0,3144.6,1611.95,0,0,0,24749.85
2024-10-17,2025-03-27,23000,PE,195.0,220.7,195.0,217.25,217.25,2394,441750,11900,24749.85
2024-10-17,2024-10-24,24550,PE,35.4,82.65,33.1,74.95,74.95,102708,459325,283375,24749.85
2024-10-17,2028-12-28,23000,PE,0.0,0.0,0.0,643.35,276.7,0,100,0,24749.85
2024-10-17,2024-11-14,24550,CE,0.0,0.0,0.0,871.8,557.1,0,0,0,24749.85
2024-10-17,2025-06-26,23000,PE,291.5,309.0,250.5,305.15,305.15,670,64700,12625,24749.85
2024-10-17,2024-10-24,24100,CE,920.05,923.9,700.2,725.15,725.15,517,13900,5950,24749.85
2024-10-17,2024-10-17,24100,CE,879.1,879.1,648.6,651.0,24749.85,602,5500,-3225,24749.85
2024-10-17,2024-10-17,24700,CE,290.0,316.95,45.5,51.5,24749.85,8044423,1659450,1427550,24749.85
2024-10-17,2024-11-28,24700,CE,715.0,736.0,598.8,610.85,610.85,1417,22200,12950,24749.85
2024-10-17,2024-10-24,25450,PE,466.5,674.2,466.5,648.85,648.85,771,19350,8700,24749.85
2024-10-17,2024-11-28,25450,PE,678.8,725.95,678.8,687.3,687.3,8,3750,25,24749.85
2024-10-17,2024-10-24,25250,PE,284.55,491.85,277.55,465.15,465.15,2387,23650,-8350,24749.85
2024-10-17,2024-11-07,25250,PE,446.65,446.65,446.65,446.65,566.0,1,2550,-25,24749.85
2024-10-17,2024-10-17,24850,CE,140.0,178.1,0.05,0.25,24749.85,28561558,8776975,8491550,24749.85
2024-10-17,2024-11-07,24850,CE,372.0,378.3,316.65,325.95,325.95,139,1925,1875,24749.85
2024-10-17,2024-11-28,25100,PE,399.95,508.25,395.1,493.3,493.3,2608,102075,-275,24749.85
2024-10-17,2024-10-24,23450,CE,0.0,0.0,0.0,1662.15,1330.4,0,50,0,24749.85
2024-10-17,2024-10-24,26900,PE,0.0,0.0,0.0,1410.8,2115.35,0,0,0,24749.85
2024-10-17,2024-11-07,26900,PE,0.0,0.0,0.0,1549.8,2048.0,0,0,0,24749.85
2024-10-17,2024-11-07,23450,PE,0.0,0.0,0.0,28.25,12.3,0,0,0,24749.85
2024-10-17,2024-12-26,23200,CE,0.0,0.0,0.0,3468.95,1913.45,0,0,0,24749.85
2024-10-17,2024-12-26,23200,PE,78.0,114.9,78.0,110.35,110.35,303,6500,5675,24749.85
2024-10-17,2024-11-28,23200,CE,0.0,0.0,0.0,2000.0,1757.4,0,3825,0,24749.85
2024-10-17,2024-10-24,23200,CE,1662.0,1662.0,1580.0,1580.0,1579.9,6,475,150,24749.85
2024-10-17,2024-10-24,24900,CE,240.0,248.5,103.35,114.0,114.0,539791,1699250,1480200,24749.85
2024-10-17,2024-10-24,24900,PE,114.8,227.45,100.05,208.65,208.65,410296,856025,275650,24749.85
2024-10-17,2024-10-17,24900,PE,22.1,157.5,21.6,148.75,24749.85,10580716,2378050,-1828775,24749.85
2024-10-17,2024-11-14,24900,PE,328.05,366.85,305.75,346.95,346.95,66,675,400,24749.85
2024-10-17,2024-11-07,24900,CE,425.6,425.6,285.5,298.5,298.5,619,7800,5175,24749.85
2024-10-17,2024-11-28,24900,PE,315.0,414.15,305.6,399.25,399.25,4431,88225,5675,24749.85
2024-10-17,2024-10-31,24950,CE,292.95,299.0,166.2,176.35,176.35,15679,109850,54800,24749.85
2024-10-17,2024-10-17,24950,PE,47.15,207.2,34.15,198.3,24749.85,4843285,1707225,-1318700,24749.85
2024-10-17,2024-10-31,22900,CE,0.0,0.0,0.0,2227.1,1909.3,0,225,0,24749.85
2024-10-17,2024-10-31,22900,PE,5.25,7.6,4.3,6.85,6.85,8796,80350,1250,24749.85
2024-10-17,2024-12-26,24500,CE,1100.0,1100.0,952.95,967.8,967.8,1261,50750,8375,24749.85
2024-10-17,2024-11-28,24500,PE,200.25,269.9,200.25,261.5,261.5,23641,1051825,31925,24749.85
2024-10-17,2024-11-07,24500,PE,115.95,175.0,115.95,161.05,161.05,3837,53375,10750,24749.85
2024-10-17,2024-10-31,24500,CE,629.0,635.15,435.0,452.25,452.25,27602,689375,109950,24749.85
2024-10-17,2024-10-17,24500,PE,0.9,2.1,0.05,0.1,24749.85,9665505,7385400,1096925,24749.85
2024-10-17,2024-12-26,24500,PE,288.8,358.05,283.3,345.9,345.9,9423,306825,20250,24749.85
2024-10-17,2024-11-14,24500,CE,636.6,636.6,636.6,636.6,588.9,1,25,25,24749.85
2024-10-17,2024-10-31,24500,PE,67.8,118.95,60.95,110.4,110.4,216414,4419775,92150,24749.85
2024-10-17,2024-11-07,24500,CE,635.0,635.0,530.35,551.3,551.3,51,1000,500,24749.85
2024-10-17,2024-10-24,24500,CE,560.0,569.0,345.35,369.85,369.85,24720,185875,126250,24749.85
2024-10-17,2024-11-14,24500,PE,153.0,213.15,153.0,202.35,202.35,250,4775,1250,24749.85
2024-10-17,2024-10-24,24500,PE,27.95,71.0,26.55,64.0,64.0,437527,2249650,1290300,24749.85
2024-10-17,2024-10-17,24500,CE,495.05,514.1,243.9,251.45,24749.85,134862,178800,39225,24749.85
2024-10-17,2024-11-28,24500,CE,887.0,887.0,731.0,747.3,747.3,4200,162025,24375,24749.85
2024-10-17,2024-10-31,23300,CE,1556.6,1556.6,1531.3,1551.05,1551.05,7,5200,-25,24749.85
2024-10-17,2025-06-26,25000,CE,1756.85,1756.85,1625.0,1633.35,1633.35,123,11950,0,24749.85
2024-10-17,2025-12-24,25000,PE,949.95,1024.95,949.95,1013.2,1013.2,377,191975,825,24749.85
2024-10-17,2024-11-28,25800,PE,767.0,950.0,761.75,938.45,938.45,755,63750,-12175,24749.85
2024-10-17,2024-11-28,25000,CE,554.95,569.85,423.15,435.4,435.4,31486,671825,165500,24749.85
2024-10-17,2024-12-26,25800,CE,355.95,366.0,282.5,284.7,284.7,604,12950,3475,24749.85
2024-10-17,2026-12-31,25000,PE,0.0,0.0,0.0,5825.75,685.45,0,0,0,24749.85
2024-10-17,2024-10-17,25800,PE,827.55,1056.75,827.55,1050.1,24749.85,6310,82550,-67300,24749.85
2024-10-17,2024-11-07,25000,CE,362.0,371.9,235.05,245.75,245.75,4307,57175,-50,24749.85
2024-10-17,2024-12-26,23850,PE,0.0,0.0,0.0,76.75,163.0,0,0,0,24749.85
2024-10-17,2024-10-24,23850,PE,5.05,10.95,4.55,9.8,9.8,40043,265825,190950,24749.85
2024-10-17,2024-10-17,23850,CE,1157.2,1157.2,936.55,936.55,24749.85,32,825,50,24749.85
2024-10-17,2024-10-17,23850,PE,0.35,0.4,0.05,0.05,24749.85,98946,331525,93525,24749.85
2024-10-17,2024-12-26,23850,CE,0.0,0.0,0.0,2872.95,1369.6,0,0,0,24749.85
2024-10-17,2024-11-28,23850,CE,0.0,0.0,0.0,1526.9,1183.85,0,50,0,24749.85
2024-10-17,2024-12-26,27600,PE,0.0,0.0,0.0,1380.05,2530.8,0,0,0,24749.85
2024-10-17,2024-10-31,27600,CE,3.0,3.7,2.4,3.3,3.3,340,11350,1050,24749.85
2024-10-17,2024-10-24,27600,PE,2609.3,2821.3,2609.3,2821.3,2821.3,8,25,25,24749.85
2024-10-17,2024-12-26,27600,CE,0.0,0.0,0.0,72.0,35.65,0,25,0,24749.85
2024-10-17,2024-12-26,31000,CE,8.85,9.85,8.85,9.7,9.7,371,84175,7850,24749.85
2024-10-17,2026-06-25,31000,CE,0.0,0.0,0.0,507.8,748.05,0,0,0,24749.85
2024-10-17,2028-06-29,31000,PE,0.0,0.0,0.0,3541.95,2265.7,0,0,0,24749.85
2024-10-17,2026-06-25,31000,PE,0.0,0.0,0.0,5585.0,3660.45,0,0,0,24749.85
2024-10-17,2028-12-28,31000,PE,0.0,0.0,0.0,2722.7,2033.65,0,0,0,24749.85
2024-10-17,2026-12-31,31000,PE,0.0,0.0,0.0,4949.65,3204.9,0,0,0,24749.85
2024-10-17,2027-06-24,31000,CE,0.0,0.0,0.0,1151.25,1742.5,0,0,0,24749.85
2024-10-17,2025-03-27,31000,PE,0.0,0.0,0.0,6521.65,5354.55,0,0,0,24749.85
2024-10-17,2025-06-26,31000,PE,0.0,0.0,0.0,7107.55,4914.6,0,0,0,24749.85
2024-10-17,2025-09-25,31000,CE,0.0,0.0,0.0,777.15,190.55,0,0,0,24749.85
2024-10-17,2024-10-31,23900,CE,1026.0,1076.35,946.55,967.2,967.2,52,2425,500,24749.85
2024-10-17,2024-11-28,23900,PE,102.0,130.5,100.95,126.1,126.1,3053,201250,14825,24749.85
2024-10-17,2024-10-17,23900,PE,0.3,0.35,0.05,0.05,24749.85,318268,686775,-323475,24749.85
2024-10-17,2024-10-17,23900,CE,1053.65,1053.65,845.55,846.55,24749.85,138,2000,-350,24749.85
2024-10-17,2024-12-26,23900,CE,0.0,0.0,0.0,2828.35,1330.85,0,0,0,24749.85
2024-10-17,2024-11-07,23900,CE,0.0,0.0,0.0,1582.25,988.5,0,0,0,24749.85
2024-10-17,2024-11-07,23900,PE,0.0,0.0,0.0,65.65,46.05,0,0,0,24749.85
2024-10-17,2024-11-07,26350,CE,24.0,24.0,16.0,16.9,16.9,525,16075,11325,24749.85
2024-10-17,2024-11-07,24600,CE,493.8,493.8,470.0,488.8,488.8,5,100,100,24749.85
2024-10-17,2024-10-24,24600,PE,37.0,96.45,37.0,87.1,87.1,312939,1105425,692050,24749.85
2024-10-17,2024-12-26,24600,PE,315.0,381.0,315.0,375.4,375.4,423,22875,750,24749.85
2024-10-17,2025-06-26,18000,CE,0.0,0.0,0.0,5600.0,7569.85,0,2250,0,24749.85
2024-10-17,2024-12-26,26800,PE,0.0,0.0,0.0,1375.2,1807.65,0,50,0,24749.85
2024-10-17,2024-12-26,25050,CE,716.0,716.0,650.35,650.35,601.45,5,1125,25,24749.85
2024-10-17,2024-11-07,25050,PE,295.0,408.65,288.4,382.45,436.45,33,675,-325,24749.85
2024-10-17,2024-12-26,27400,CE,36.55,51.0,36.55,46.05,46.05,8,3775,-100,24749.85
2024-10-17,2024-10-17,25750,CE,0.5,0.95,0.05,0.05,24749.85,1946862,4120700,2154200,24749.85
2024-10-17,2024-11-28,25750,CE,197.4,197.4,140.85,144.85,144.85,312,6200,0,24749.85
2024-10-17,2024-11-07,25750,CE,50.2,54.25,44.8,48.55,48.55,26,700,275,24749.85
2024-10-17,2024-10-31,22750,CE,0.0,0.0,0.0,2396.4,2058.75,0,25,0,24749.85
2024-10-17,2024-11-07,25050,CE,349.2,349.2,213.6,223.3,223.3,126,4250,525,24749.85
2024-10-17,2025-09-25,30000,PE,0.0,0.0,0.0,2720.25,3712.05,0,0,0,24749.85
2024-10-17,2027-12-30,30000,CE,0.0,0.0,0.0,1877.7,2682.0,0,0,0,24749.85
2024-10-17,2025-09-25,30000,CE,0.0,0.0,0.0,1042.7,305.75,0,0,0,24749.85
2024-10-17,2025-12-24,30000,PE,0.0,0.0,0.0,6135.1,3447.5,0,0,0,24749.85
2024-10-17,2026-06-25,30000,PE,0.0,0.0,0.0,5541.2,3006.1,0,0,0,24749.85
2024-10-17,2024-12-26,30000,CE,10.8,11.1,9.7,10.7,10.7,1578,586775,9425,24749.85
2024-10-17,2028-06-29,30000,CE,0.0,0.0,0.0,2278.45,3266.0,0,0,0,24749.85
2024-10-17,2024-12-26,23300,CE,1872.85,1872.85,1872.85,1872.85,1825.5,1,50,25,24749.85
2024-10-17,2025-06-26,30000,PE,0.0,0.0,0.0,6809.4,4026.25,0,0,0,24749.85
2024-10-17,2025-06-26,30000,CE,0.0,0.0,0.0,264.15,142.1,0,0,0,24749.85
2024-10-17,2024-10-24,23300,CE,1580.0,1580.0,1580.0,1580.0,1480.05,2,75,50,24749.85
2024-10-17,2024-10-17,23300,CE,1550.0,1550.0,1550.0,1550.0,24749.85,2,50,-25,24749.85
2024-10-17,2029-06-28,30000,CE,0.0,0.0,0.0,5268.4,4431.85,0,0,0,24749.85
2024-10-17,2024-11-07,23300,PE,33.8,33.8,17.35,22.3,22.3,106,4150,325,24749.85
2024-10-17,2024-12-26,30000,PE,4605.0,4769.25,4605.0,4754.0,4754.0,151,23550,1100,24749.85
2024-10-17,2024-11-28,26300,PE,1319.2,1350.0,1270.0,1350.0,1420.8,34,10550,0,24749.85
2024-10-17,2024-11-28,26300,CE,88.0,88.0,52.0,53.55,53.55,9361,104875,-43525,24749.85
2024-10-17,2024-10-31,27250,CE,3.3,4.5,2.8,4.0,0.05,99,2925,-350,24749.85
2024-10-17,2024-12-26,27250,PE,0.0,0.0,0.0,1158.55,2207.25,0,0,0,24749.85
2024-10-17,2024-12-26,27250,CE,0.0,0.0,0.0,100.0,57.55,0,25,0,24749.85
2024-10-17,2024-10-24,27250,PE,2401.35,2401.35,2401.35,2401.35,2464.9,1,25,25,24749.85
2024-10-17,2024-10-17,24200,CE,767.95,767.95,546.55,551.4,24749.85,1052,8975,-3475,24749.85
2024-10-17,2024-11-07,24200,CE,0.0,0.0,0.0,1326.4,739.15,0,0,0,24749.85
2024-10-17,2024-10-17,27400,CE,0.2,0.45,0.05,0.1,24749.85,93609,1028000,-111925,24749.85
2024-10-17,2024-10-24,25750,CE,7.55,7.8,4.2,4.5,4.5,60655,343100,105275,24749.85
2024-10-17,2024-11-14,23200,CE,0.0,0.0,0.0,1988.5,1681.15,0,0,0,24749.85
2024-10-17,2024-10-31,23200,PE,5.15,9.5,5.15,8.55,8.55,10980,250250,525,24749.85
2024-10-17,2024-10-17,23200,PE,0.2,0.2,0.05,0.05,24749.85,61167,409350,-333300,24749.85
2024-10-17,2024-11-28,23200,PE,40.0,65.0,40.0,56.0,56.0,1070,128250,10125,24749.85
2024-10-17,2024-10-24,23200,PE,2.35,4.35,1.85,3.1,3.1,143185,1220450,1165550,24749.85
2024-10-17,2024-11-07,23200,PE,12.0,25.5,12.0,18.25,18.25,66,1075,850,24749.85
2024-10-17,2024-11-07,23200,CE,0.0,0.0,0.0,2228.45,1644.95,0,0,0,24749.85
2024-10-17,2024-10-31,23200,CE,1650.0,1650.0,1650.0,1650.0,1650.0,1,4275,25,24749.85
2024-10-17,2024-11-07,23050,PE,10.85,16.55,10.4,14.75,14.75,478,9325,4400,24749.85
2024-10-17,2024-10-31,23050,PE,6.05,8.95,5.6,7.55,7.55,799,12450,-3825,24749.85
2024-10-17,2024-10-17,23050,CE,1808.25,1808.25,1668.2,1705.15,24749.85,22,175,100,24749.85
2024-10-17,2024-12-26,26350,CE,0.0,0.0,0.0,227.65,172.75,0,0,0,24749.85
2024-10-17,2024-10-24,26350,CE,1.9,3.15,1.9,2.4,2.4,6821,64875,44475,24749.85
2024-10-17,2024-10-17,25400,CE,1.4,2.0,0.05,0.1,24749.85,7541302,7606025,261075,24749.85
2024-10-17,2024-10-24,24300,PE,12.0,38.0,12.0,34.35,34.35,177541,1083100,645575,24749.85
2024-10-17,2024-12-26,24300,PE,238.75,300.0,238.75,293.5,293.5,140,27550,-25,24749.85
2024-10-17,2024-11-07,23800,CE,1151.0,1151.0,1151.0,1151.0,1077.25,2,25,0,24749.85
2024-10-17,2024-11-14,23800,CE,0.0,0.0,0.0,1449.5,1127.25,0,0,0,24749.85
2024-10-17,2024-10-17,23800,PE,0.3,0.45,0.05,0.05,24749.85,272986,1130375,-599625,24749.85
2024-10-17,2024-11-28,23800,PE,86.85,114.8,86.05,111.55,111.55,6971,300050,40350,24749.85
2024-10-17,2025-06-26,17000,CE,0.0,0.0,0.0,8700.0,8523.95,0,2750,0,24749.85
2024-10-17,2024-10-31,24050,PE,26.95,44.3,24.4,40.2,40.2,8440,89250,26225,24749.85
2024-10-17,2024-10-17,24050,CE,897.2,897.2,697.45,701.15,24749.85,135,525,-200,24749.85
2024-10-17,2024-10-31,24050,CE,0.0,0.0,0.0,1025.0,801.0,0,475,0,24749.85
2024-10-17,2024-10-17,26600,PE,1850.0,1852.15,1842.0,1848.1,24749.85,445,2575,-8100,24749.85
2024-10-17,2024-10-24,24200,PE,12.8,28.15,10.85,25.1,25.1,170216,956150,353775,24749.85
2024-10-17,2024-10-31,27400,PE,2511.0,2511.0,2511.0,2511.0,2579.3,1,2100,0,24749.85
2024-10-17,2024-11-07,25250,CE,225.05,225.05,136.95,148.3,148.3,258,4775,1850,24749.85
2024-10-17,2024-10-31,25850,PE,796.4,1033.35,796.4,1012.95,1012.95,111,34300,575,24749.85
2024-10-17,2024-10-24,25850,PE,980.0,1065.0,980.0,1042.95,1042.95,57,1250,100,24749.85
2024-10-17,2024-10-24,25850,CE,5.4,5.5,3.05,3.6,3.6,27787,299875,44725,24749.85
2024-10-17,2024-12-26,25850,PE,0.0,0.0,0.0,809.35,1060.1,0,200,0,24749.85
2024-10-17,2024-11-14,25750,CE,0.0,0.0,0.0,278.35,93.9,0,0,0,24749.85
2024-10-17,2024-10-24,27950,CE,1.2,2.2,1.2,1.95,1.95,267225,3039225,2861675,24749.85
2024-10-17,2024-10-31,27950,PE,0.0,0.0,0.0,2690.0,3127.9,0,25,0,24749.85
2024-10-17,2024-12-26,27950,PE,0.0,0.0,0.0,1620.8,2862.1,0,0,0,24749.85
2024-10-17,2024-10-17,27950,PE,3015.05,3204.65,3002.25,3204.65,24749.85,291,400,-250,24749.85
2024-10-17,2024-12-26,26850,PE,0.0,0.0,0.0,930.8,1850.9,0,0,0,24749.85
2024-10-17,2024-11-28,26850,CE,27.55,27.55,23.85,23.85,23.85,7,10400,75,24749.85
2024-10-17,2024-11-28,26850,PE,0.0,0.0,0.0,730.55,1920.75,0,75,0,24749.85
2024-10-17,2024-10-24,26850,CE,2.05,2.45,1.65,2.2,2.2,5076,33250,25450,24749.85
2024-10-17,2024-11-28,24150,CE,0.0,0.0,0.0,1267.85,948.75,0,275,0,24749.85
2024-10-17,2024-11-14,24150,PE,0.0,0.0,0.0,147.0,113.8,0,0,0,24749.85
2024-10-17,2024-12-26,27650,PE,0.0,0.0,0.0,1413.3,2577.7,0,0,0,24749.85
2024-10-17,2024-11-07,23350,CE,0.0,0.0,0.0,2085.8,1499.15,0,0,0,24749.85
2024-10-17,2024-11-28,27650,CE,0.0,0.0,0.0,14.0,5.5,0,1300,0,24749.85
2024-10-17,2024-10-31,27650,PE,0.0,0.0,0.0,1410.8,2828.65,0,50,0,24749.85
2024-10-17,2024-10-24,23350,CE,0.0,0.0,0.0,1757.0,1430.15,0,50,0,24749.85
2024-10-17,2024-10-24,27650,CE,1.6,2.9,1.2,2.1,2.1,2087,26700,13700,24749.85
2024-10-17,2024-12-26,23350,PE,0.0,0.0,0.0,41.9,81.85,0,0,0,24749.85
2024-10-17,2024-12-26,23350,CE,0.0,0.0,0.0,3329.05,1782.05,0,0,0,24749.85
2024-10-17,2024-10-31,26750,PE,0.0,0.0,0.0,1727.75,1931.5,0,11125,0,24749.85
2024-10-17,2024-10-24,26750,CE,2.05,4.4,1.7,2.25,2.25,6783,47100,19225,24749.85
2024-10-17,2024-11-28,25050,PE,400.0,479.1,400.0,471.25,471.25,232,7375,1625,24749.85
2024-10-17,2024-11-14,25050,PE,0.0,0.0,0.0,330.0,466.45,0,50,0,24749.85
2024-10-17,2025-03-27,28000,CE,177.05,188.05,153.05,161.7,161.7,5496,301000,11875,24749.85
2024-10-17,2025-12-24,28000,CE,1165.0,1321.8,1060.0,1107.75,1107.75,232,35325,3400,24749.85
2024-10-17,2025-09-25,28000,PE,0.0,0.0,0.0,1606.2,2247.1,0,0,0,24749.85
2024-10-17,2026-06-25,28000,PE,0.0,0.0,0.0,6532.55,1878.6,0,0,0,24749.85
2024-10-17,2025-12-24,28000,PE,2195.0,2258.7,2190.4,2245.7,2245.7,223,20725,4100,24749.85
2024-10-17,2024-12-26,27650,CE,0.0,0.0,0.0,62.05,33.2,0,275,0,24749.85
2024-10-17,2024-11-07,23350,PE,0.0,0.0,0.0,23.05,8.8,0,0,0,24749.85
2024-10-17,2024-11-14,23350,CE,0.0,0.0,0.0,1849.3,1538.05,0,0,0,24749.85
2024-10-17,2024-11-14,23350,PE,0.0,0.0,0.0,38.45,17.6,0,0,0,24749.85
2024-10-17,2024-10-17,23350,CE,0.0,0.0,0.0,1706.55,24749.85,0,25,0,24749.85
2024-10-17,2024-11-14,26100,PE,0.0,0.0,0.0,1103.25,1262.2,0,0,0,24749.85
2024-10-17,2025-12-24,21000,CE,0.0,0.0,0.0,5650.0,5434.25,0,325,0,24749.85
2024-10-17,2024-10-24,26050,PE,1180.0,1259.0,1170.0,1240.0,1240.0,55,5200,500,24749.85
2024-10-17,2024-10-24,26700,CE,2.75,3.25,1.55,2.2,2.2,29563,186200,158775,24749.85
2024-10-17,2028-06-29,21000,CE,0.0,0.0,0.0,5226.55,8521.75,0,0,0,24749.85
2024-10-17,2024-12-26,26700,CE,113.5,118.65,80.05,85.4,85.4,235,11025,150,24749.85
2024-10-17,2024-10-24,24250,PE,14.8,32.85,13.05,29.4,29.4,54795,260975,190325,24749.85
2024-10-17,2024-11-14,24250,PE,0.0,0.0,0.0,169.55,137.55,0,0,0,24749.85
2024-10-17,2024-10-31,24250,PE,36.75,68.65,36.1,62.55,62.55,8560,66500,8950,24749.85
2024-10-17,2024-11-07,24250,PE,0.0,0.0,0.0,57.0,106.7,0,50,0,24749.85
2024-10-17,2024-12-26,24250,CE,1120.3,1135.0,1120.3,1135.0,1074.75,14,325,325,24749.85
2024-10-17,2024-10-17,24250,PE,0.75,0.75,0.05,0.1,24749.85,1659090,3032650,1821650,24749.85
2024-10-17,2024-11-07,24250,CE,0.0,0.0,0.0,1285.4,700.55,0,0,0,24749.85
2024-10-17,2024-10-24,25450,CE,27.65,29.55,10.0,10.8,10.8,88592,437825,186650,24749.85
2024-10-17,2027-12-30,25000,PE,0.0,0.0,0.0,2948.45,605.0,0,0,0,24749.85
2024-10-17,2027-12-30,25000,CE,0.0,0.0,0.0,3458.35,5215.2,0,0,0,24749.85
2024-10-17,2024-11-28,25000,PE,350.1,475.0,342.35,447.45,447.45,41750,1732575,114725,24749.85
2024-10-17,2024-10-17,25800,CE,0.4,0.9,0.05,0.05,24749.85,1977089,4343950,-388375,24749.85
2024-10-17,2029-06-28,25000,PE,0.0,0.0,0.0,852.5,484.35,0,0,0,24749.85
2024-10-17,2024-11-07,25800,PE,0.0,0.0,0.0,718.05,1001.5,0,0,0,24749.85
2024-10-17,2025-09-25,25000,CE,0.0,0.0,0.0,3510.0,2017.7,0,0,0,24749.85
2024-10-17,2027-06-24,25000,CE,0.0,0.0,0.0,2090.05,4541.8,0,0,0,24749.85
2024-10-17,2024-11-14,25800,PE,0.0,0.0,0.0,884.85,1002.35,0,0,0,24749.85
2024-10-17,2028-06-29,25000,PE,0.0,0.0,0.0,2016.8,563.5,0,0,0,24749.85
2024-10-17,2024-10-31,25800,PE,750.05,988.3,750.0,963.3,963.3,3767,953975,-20125,24749.85
2024-10-17,2028-12-28,25000,CE,0.0,0.0,0.0,5350.4,6444.35,0,0,0,24749.85
2024-10-17,2024-12-26,25800,PE,894.0,965.35,852.55,965.35,965.35,49,3375,-75,24749.85
2024-10-17,2029-06-28,25000,CE,0.0,0.0,0.0,7557.7,7028.8,0,0,0,24749.85
2024-10-17,2024-10-17,27250,PE,0.0,0.0,0.0,1737.8,24749.85,0,0,0,24749.85
2024-10-17,2024-10-24,27250,CE,1.75,2.35,1.55,2.1,2.1,1631,22625,17000,24749.85
2024-10-17,2024-10-17,27250,CE,0.25,0.5,0.05,0.1,24749.85,12363,40625,11950,24749.85
2024-10-17,2024-11-28,27250,PE,0.0,0.0,0.0,1893.75,2302.25,0,0,0,24749.85
2024-10-17,2024-11-28,24050,PE,155.9,160.1,150.75,157.5,157.5,17,1500,300,24749.85
2024-10-17,2024-10-24,24050,PE,6.0,18.25,6.0,16.45,16.45,39462,150675,15850,24749.85
2024-10-17,2024-11-07,24050,CE,0.0,0.0,0.0,1452.25,860.3,0,0,0,24749.85
2024-10-17,2024-11-28,24050,CE,0.0,0.0,0.0,1356.75,1024.5,0,75,0,24749.85
2024-10-17,2024-12-26,24050,PE,0.0,0.0,0.0,180.0,208.6,0,2875,0,24749.85
2024-10-17,2024-10-24,24050,CE,0.0,0.0,0.0,1076.75,742.1,0,200,0,24749.85
2024-10-17,2024-10-31,24150,PE,30.55,54.5,29.6,50.5,50.5,7358,64325,5650,24749.85
2024-10-17,2024-12-26,24150,PE,0.0,0.0,0.0,209.1,234.7,0,300,0,24749.85
2024-10-17,2024-10-17,24150,CE,821.75,821.75,599.0,600.05,24749.85,152,775,100,24749.85
2024-10-17,2024-12-26,24150,CE,0.0,0.0,0.0,2608.7,1145.15,0,0,0,24749.85
2024-10-17,2024-10-24,24150,PE,11.8,25.0,7.8,21.6,21.6,53880,373900,184625,24749.85
2024-10-17,2024-11-07,24150,CE,0.0,0.0,0.0,1367.85,778.7,0,0,0,24749.85
2024-10-17,2024-11-07,24150,PE,0.0,0.0,0.0,99.5,85.25,0,0,0,24749.85
2024-10-17,2024-10-17,24150,PE,0.4,0.5,0.05,0.05,24749.85,766659,915175,248450,24749.85
2024-10-17,2024-10-17,24050,PE,0.45,0.55,0.05,0.05,24749.85,375692,863950,358150,24749.85
2024-10-17,2024-12-26,24050,CE,0.0,0.0,0.0,2695.9,1217.8,0,0,0,24749.85
2024-10-17,2024-11-14,24050,CE,0.0,0.0,0.0,1242.5,917.4,0,0,0,24749.85
2024-10-17,2024-10-31,24300,PE,42.2,75.0,37.65,69.4,69.4,84257,1748200,371675,24749.85
2024-10-17,2024-10-24,25400,CE,29.35,35.95,12.4,13.15,13.15,252566,1450275,595150,24749.85
2024-10-17,2024-10-17,25400,PE,402.4,656.0,388.95,650.05,24749.85,15311,185775,-113000,24749.85
2024-10-17,2024-10-17,27800,CE,0.1,0.25,0.05,0.05,24749.85,216301,588225,-396100,24749.85
2024-10-17,2024-10-31,23650,CE,1217.9,1217.9,1217.9,1217.9,1217.9,1,2425,25,24749.85
2024-10-17,2024-10-31,27800,CE,2.85,4.0,2.2,3.15,3.15,915,106100,100,24749.85
2024-10-17,2024-11-28,27800,CE,12.95,12.95,12.55,12.55,3.95,14,1675,325,24749.85
2024-10-17,2024-11-28,26750,CE,31.9,31.9,25.7,26.6,26.6,190,3600,-3075,24749.85
2024-10-17,2024-12-26,26750,PE,0.0,0.0,0.0,878.25,1764.65,0,0,0,24749.85
2024-10-17,2024-10-17,24300,PE,0.65,0.75,0.05,0.1,24749.85,3051204,4723350,1047325,24749.85
2024-10-17,2024-12-26,25400,CE,535.85,535.85,438.4,442.35,442.35,336,8475,-700,24749.85
2024-10-17,2024-11-14,25400,CE,175.4,180.5,150.05,169.25,169.25,27,500,125,24749.85
2024-10-17,2024-11-14,25400,PE,0.0,0.0,0.0,631.45,692.35,0,0,0,24749.85
2024-10-17,2024-10-24,24300,CE,698.15,698.15,513.55,541.85,541.85,2014,25150,21075,24749.85
2024-10-17,2029-06-28,27000,PE,0.0,0.0,0.0,1252.35,812.15,0,0,0,24749.85
2024-10-17,2027-06-24,27000,CE,0.0,0.0,0.0,1932.5,3402.1,0,0,0,24749.85
2024-10-17,2024-10-31,27000,PE,1956.0,2174.85,1956.0,2146.15,2146.15,1503,775100,-4575,24749.85
2024-10-17,2024-12-26,26950,PE,0.0,0.0,0.0,985.1,1938.35,0,0,0,24749.85
2024-10-17,2024-10-24,27000,PE,2180.65,2207.5,2180.65,2190.9,2190.9,14,375,325,24749.85
2024-10-17,2024-11-28,27000,PE,1800.0,2025.0,1800.0,1996.9,1996.9,569,108400,5475,24749.85
2024-10-17,2024-12-26,27000,PE,1690.0,1900.0,1690.0,1874.45,1874.45,2181,468200,-23725,24749.85
2024-10-17,2027-12-30,27000,PE,0.0,0.0,0.0,3794.4,1069.1,0,0,0,24749.85
2024-10-17,2025-03-27,27000,CE,397.3,400.0,335.0,340.05,340.05,4233,322400,24775,24749.85
2024-10-17,2024-10-17,26950,CE,0.15,0.55,0.05,0.1,24749.85,53456,136125,81550,24749.85
2024-10-17,2024-11-28,27000,CE,25.95,26.0,19.0,20.45,20.45,14932,997050,21300,24749.85
2024-10-17,2025-09-25,27000,PE,0.0,0.0,0.0,1168.15,1638.45,0,0,0,24749.85
2024-10-17,2024-10-17,27000,PE,2185.0,2255.0,2157.0,2248.8,24749.85,583,2950,-8250,24749.85
2024-10-17,2024-11-28,26950,CE,28.7,28.7,17.55,20.1,20.1,67,2425,525,24749.85
2024-10-17,2028-12-28,27000,PE,0.0,0.0,0.0,1413.85,889.75,0,0,0,24749.85
2024-10-17,2024-11-07,27000,CE,7.35,7.75,5.9,6.9,6.9,2570,59100,900,24749.85
2024-10-17,2024-10-17,26950,PE,1980.85,2214.55,1980.85,2214.55,24749.85,9,300,125,24749.85
2024-10-17,2027-12-30,27000,CE,0.0,0.0,0.0,2889.8,4068.1,0,0,0,24749.85
2024-10-17,2026-12-31,27000,CE,0.0,0.0,0.0,1651.65,2771.15,0,0,0,24749.85
2024-10-17,2025-12-24,19500,CE,0.0,0.0,0.0,6500.0,6768.55,0,1525,0,24749.85
2024-10-17,2024-10-31,27250,PE,0.0,0.0,0.0,1143.05,2429.75,0,0,0,24749.85
2024-10-17,2024-11-28,27250,CE,21.0,21.0,15.05,15.5,12.95,9,225,200,24749.85
2024-10-17,2024-10-24,27550,PE,2551.1,2770.15,2551.1,2770.15,2770.15,8,100,100,24749.85
2024-10-17,2024-10-24,27550,CE,2.15,2.4,1.3,2.15,2.15,3893,56275,43600,24749.85
2024-10-17,2024-10-31,27550,PE,0.0,0.0,0.0,2739.0,2728.9,0,0,0,24749.85
2024-10-17,2024-10-17,27550,PE,0.0,0.0,0.0,1607.05,24749.85,0,25,0,24749.85
2024-10-17,2024-12-26,27550,PE,0.0,0.0,0.0,1347.15,2484.05,0,0,0,24749.85
2024-10-17,2024-12-26,27550,CE,50.0,50.0,34.0,42.55,42.55,3,625,50,24749.85
2024-10-17,2024-10-17,27550,CE,0.25,0.35,0.05,0.1,24749.85,23367,112450,-8300,24749.85
2024-10-17,2024-10-31,27550,CE,2.65,4.4,2.35,3.1,3.1,1442,61150,-1200,24749.85
2024-10-17,2024-11-28,27550,CE,12.5,14.9,10.05,12.95,6.85,59,8575,-25,24749.85
2024-10-17,2024-10-17,24000,CE,999.55,1003.75,744.6,751.45,24749.85,5145,49275,-28675,24749.85
2024-10-17,2024-11-07,24000,CE,0.0,0.0,0.0,1495.15,902.35,0,0,0,24749.85
2024-10-17,2027-12-30,22000,CE,0.0,0.0,0.0,4499.55,7228.15,0,0,0,24749.85
2024-10-17,2026-12-31,24000,CE,0.0,0.0,0.0,2010.65,4541.45,0,0,0,24749.85
2024-10-17,2026-12-31,22000,CE,0.0,0.0,0.0,3039.0,5986.25,0,0,0,24749.85
2024-10-17,2024-11-07,24000,PE,47.0,72.2,41.9,68.05,68.05,4109,80950,34000,24749.85
2024-10-17,2025-12-24,24000,PE,726.0,778.75,725.0,762.85,762.85,284,336375,1650,24749.85
2024-10-17,2024-11-28,24000,CE,1284.6,1284.6,1100.15,1120.9,1120.9,1342,84250,9000,24749.85
2024-10-17,2025-09-25,24000,PE,0.0,0.0,0.0,335.2,437.75,0,0,0,24749.85
2024-10-17,2025-03-27,22000,PE,113.95,130.05,111.45,126.5,126.5,974,311625,9550,24749.85
2024-10-17,2025-03-27,24000,PE,350.0,390.2,350.0,385.6,385.6,3593,586350,13425,24749.85
2024-10-17,2027-06-24,22000,PE,0.0,0.0,0.0,3995.4,200.35,0,0,0,24749.85
2024-10-17,2024-10-24,26650,PE,0.0,0.0,0.0,1207.3,1865.7,0,0,0,24749.85
2024-10-17,2024-11-14,26650,PE,0.0,0.0,0.0,1553.5,1775.75,0,0,0,24749.85
2024-10-17,2024-10-31,26650,PE,1769.85,1823.25,1769.85,1823.25,1832.05,2,11250,25,24749.85
2024-10-17,2024-11-14,26650,CE,0.0,0.0,0.0,39.4,13.2,0,750,0,24749.85
2024-10-17,2024-10-31,26650,CE,5.8,6.55,4.15,5.6,5.6,3111,184925,-350,24749.85
2024-10-17,2024-11-14,25650,PE,0.0,0.0,0.0,784.55,880.5,0,0,0,24749.85
2024-10-17,2024-11-28,25650,PE,825.05,825.05,825.05,825.05,896.8,1,1475,0,24749.85
2024-10-17,2024-10-31,25650,PE,679.15,848.9,679.15,822.35,822.35,179,41875,-1500,24749.85
2024-10-17,2024-11-28,25650,CE,189.0,189.0,168.5,171.8,171.8,95,3525,50,24749.85
2024-10-17,2024-10-17,25650,CE,0.45,1.05,0.05,0.1,24749.85,1887837,1790350,-205625,24749.85
2024-10-17,2024-10-17,25650,PE,795.6,902.9,795.0,900.3,24749.85,360,7850,-3000,24749.85
2024-10-17,2024-12-26,25250,CE,548.7,548.7,510.0,510.0,510.0,8,2450,75,24749.85
2024-10-17,2024-10-17,25250,CE,5.0,6.95,0.05,0.15,24749.85,6547770,5337600,1475550,24749.85
2024-10-17,2024-10-17,25250,PE,265.45,505.6,242.45,499.6,24749.85,19946,189125,-28600,24749.85
2024-10-17,2024-11-07,24850,PE,267.25,300.75,262.25,285.75,285.75,57,1000,500,24749.85
2024-10-17,2024-12-26,24850,CE,869.35,869.35,722.8,722.8,704.25,36,825,300,24749.85
2024-10-17,2026-06-25,16000,PE,0.0,0.0,0.0,32.4,0.9,0,500,0,24749.85
2024-10-17,2026-12-31,16000,CE,0.0,0.0,0.0,6200.0,10965.1,0,50,0,24749.85
2024-10-17,2025-12-24,16000,CE,0.0,0.0,0.0,7200.0,9981.3,0,50,0,24749.85
2024-10-17,2024-12-26,16000,CE,9000.0,9010.75,8890.5,8937.9,8937.9,449,331325,150,24749.85
2024-10-17,2024-12-26,25100,CE,630.0,650.4,589.35,596.7,596.7,78,7225,550,24749.85
2024-10-17,2024-10-17,23650,CE,0.0,0.0,0.0,1310.35,24749.85,0,225,0,24749.85
2024-10-17,2024-10-24,27800,PE,2810.9,3035.75,2810.9,3035.75,3035.75,8,75,75,24749.85
2024-10-17,2026-06-25,13000,PE,0.0,0.0,0.0,21.6,0.05,0,200,0,24749.85
2024-10-17,2024-11-28,23650,PE,89.95,89.95,89.95,89.95,69.55,21,1025,525,24749.85
2024-10-17,2024-10-17,27800,PE,3100.0,3100.0,3100.0,3100.0,24749.85,1,50,0,24749.85
2024-10-17,2024-12-26,27800,PE,0.0,0.0,0.0,1515.35,2719.35,0,0,0,24749.85
2024-10-17,2024-12-26,23650,PE,0.0,0.0,0.0,60.7,125.3,0,0,0,24749.85
2024-10-17,2024-12-26,27800,CE,0.0,0.0,0.0,215.4,26.75,0,0,0,24749.85
2024-10-17,2024-10-17,23650,PE,0.3,0.3,0.05,0.05,24749.85,102330,421325,276325,24749.85
2024-10-17,2026-12-31,13000,PE,0.0,0.0,0.0,21.4,0.05,0,150,0,24749.85
2024-10-17,2024-10-31,22400,CE,0.0,0.0,0.0,2739.85,2407.8,0,2150,0,24749.85
2024-10-17,2024-12-26,27700,CE,32.0,33.0,13.05,30.65,30.65,138,3400,2875,24749.85
2024-10-17,2024-11-28,27100,PE,0.0,0.0,0.0,1808.05,2158.0,0,1825,0,24749.85
2024-10-17,2024-10-17,27150,PE,0.0,0.0,0.0,1649.1,24749.85,0,0,0,24749.85
2024-10-17,2024-12-26,27750,PE,0.0,0.0,0.0,1480.95,2672.0,0,0,0,24749.85
2024-10-17,2024-10-31,27150,PE,0.0,0.0,0.0,1934.2,2330.0,0,200,0,24749.85
2024-10-17,2024-10-17,26000,PE,995.45,1256.45,995.45,1250.25,24749.85,10998,42975,-224050,24749.85
2024-10-17,2024-10-24,26000,PE,998.8,1222.45,990.2,1194.45,1194.45,6590,208350,129300,24749.85
2024-10-17,2024-12-26,24100,PE,204.0,252.5,204.0,243.25,243.25,192,9350,2150,24749.85
2024-10-17,2024-11-14,24100,PE,0.0,0.0,0.0,136.6,103.2,0,0,0,24749.85
2024-10-17,2024-10-24,24100,PE,7.0,21.15,7.0,19.0,19.0,152635,1150850,830175,24749.85
2024-10-17,2024-11-28,24550,PE,230.0,286.65,230.0,274.1,274.1,56,11225,525,24749.85
2024-10-17,2024-11-14,23550,CE,0.0,0.0,0.0,1667.95,1351.35,0,0,0,24749.85
2024-10-17,2029-06-28,23000,PE,0.0,0.0,0.0,543.65,261.8,0,0,0,24749.85
2024-10-17,2025-12-24,23000,CE,3880.0,3880.0,3880.0,3880.0,3880.0,1,6900,25,24749.85
2024-10-17,2027-12-30,23000,CE,0.0,0.0,0.0,4125.7,6523.25,0,0,0,24749.85
2024-10-17,2024-10-31,23000,PE,5.8,8.2,4.85,7.35,7.35,49829,2353375,44950,24749.85
2024-10-17,2026-06-25,23000,CE,0.0,0.0,0.0,2645.65,4525.25,0,0,0,24749.85
2024-10-17,2024-11-14,23550,PE,0.0,0.0,0.0,55.65,29.9,0,0,0,24749.85
2024-10-17,2024-10-31,24550,CE,515.1,515.1,399.6,418.35,418.35,638,12450,7050,24749.85
2024-10-17,2025-12-24,23000,PE,510.0,544.0,510.0,529.8,529.8,197,171075,2875,24749.85
2024-10-17,2024-10-24,26850,PE,0.0,0.0,0.0,1369.15,2065.4,0,0,0,24749.85
2024-10-17,2024-10-17,26850,PE,0.0,0.0,0.0,1805.1,24749.85,0,125,0,24749.85
2024-10-17,2027-12-30,22000,PE,0.0,0.0,0.0,329.0,201.2,0,25,0,24749.85
2024-10-17,2025-03-27,24000,CE,2026.55,2026.55,1856.75,1880.85,1880.85,585,134675,1450,24749.85
2024-10-17,2025-06-26,24000,PE,454.7,491.85,452.0,489.9,489.9,459,74950,1275,24749.85
2024-10-17,2028-12-28,22000,PE,0.0,0.0,0.0,446.15,191.8,0,125,0,24749.85
2024-10-17,2024-10-17,25050,CE,42.0,43.5,0.05,0.15,24749.85,10885437,4304425,-203275,24749.85
2024-10-17,2024-11-14,24600,CE,0.0,0.0,0.0,838.4,526.25,0,0,0,24749.85
2024-10-17,2027-12-30,18000,PE,0.0,0.0,0.0,169.0,23.35,0,10100,0,24749.85
2024-10-17,2026-06-25,18000,CE,0.0,0.0,0.0,4150.0,8696.5,0,200,0,24749.85
2024-10-17,2024-11-28,26800,PE,0.0,0.0,0.0,1630.05,1873.85,0,1200,0,24749.85
2024-10-17,2024-10-17,26800,CE,0.35,0.65,0.05,0.1,24749.85,156856,265650,-69775,24749.85
2024-10-17,2024-11-14,26550,PE,0.0,0.0,0.0,1467.6,1679.95,0,0,0,24749.85
2024-10-17,2024-12-26,26800,CE,99.0,99.0,74.5,77.55,77.55,642,11825,-1050,24749.85
2024-10-17,2024-11-28,26550,PE,0.0,0.0,0.0,1331.2,1643.4,0,50,0,24749.85
2024-10-17,2024-10-31,26550,PE,1502.8,1725.15,1502.8,1716.9,1716.9,13,15100,-125,24749.85
2024-10-17,2024-10-17,25100,PE,121.95,356.35,113.0,347.95,24749.85,724624,951275,-920150,24749.85
2024-10-17,2024-10-31,25100,PE,245.3,391.05,234.5,368.95,368.95,53782,972025,-198925,24749.85
2024-10-17,2024-12-26,25100,PE,473.95,574.0,473.95,554.8,554.8,246,6400,-3850,24749.85
2024-10-17,2024-11-28,23600,PE,75.0,90.35,69.55,87.3,87.3,9623,279650,112575,24749.85
2024-10-17,2024-10-24,23600,PE,2.7,6.25,2.65,5.55,5.55,89160,674200,562175,24749.85
2024-10-17,2024-11-14,23600,CE,0.0,0.0,0.0,1623.45,1305.6,0,0,0,24749.85
2024-10-17,2024-10-31,22800,CE,2093.25,2093.25,2050.0,2074.7,2008.95,15,2725,-275,24749.85
2024-10-17,2025-06-26,14000,PE,0.0,0.0,0.0,20.05,0.05,0,1425,0,24749.85
2024-10-17,2024-12-26,14000,PE,11.85,12.0,8.2,9.7,9.7,3906,497275,-23525,24749.85
2024-10-17,2026-06-25,14000,PE,0.0,0.0,0.0,20.6,0.05,0,100,0,24749.85
2024-10-17,2024-10-17,26900,PE,2150.0,2150.0,2150.0,2150.0,24749.85,1,250,-25,24749.85
2024-10-17,2024-10-17,23450,PE,0.3,0.3,0.05,0.05,24749.85,22728,155050,81925,24749.85
2024-10-17,2024-10-31,23450,CE,0.0,0.0,0.0,1709.7,1364.5,0,25,0,24749.85
2024-10-17,2024-11-14,23450,CE,0.0,0.0,0.0,1758.0,1444.0,0,0,0,24749.85
2024-10-17,2024-11-28,26500,PE,1364.05,1551.95,1364.05,1531.1,1531.1,737,134725,6850,24749.85
2024-10-17,2024-10-31,24300,CE,780.05,780.05,591.75,610.1,610.1,1327,22900,275,24749.85
2024-10-17,2024-10-31,23350,CE,1560.0,1560.0,1495.75,1510.0,1462.75,7,250,-50,24749.85
2024-10-17,2024-11-28,23350,PE,0.0,0.0,0.0,87.25,38.6,0,1550,0,24749.85
2024-10-17,2024-10-17,23350,PE,0.15,0.25,0.05,0.05,24749.85,26491,78250,675,24749.85
2024-10-17,2024-11-28,23350,CE,0.0,0.0,0.0,1973.75,1619.1,0,25,0,24749.85
2024-10-17,2024-10-17,27650,PE,0.0,0.0,0.0,2104.1,24749.85,0,0,0,24749.85
2024-10-17,2024-10-31,27650,CE,3.2,4.45,2.35,3.3,0.05,92,2375,375,24749.85
2024-10-17,2024-11-28,23400,PE,60.0,72.0,60.0,69.55,69.55,2059,225675,19375,24749.85
2024-10-17,2024-11-14,23400,PE,30.0,30.0,30.0,30.0,20.2,4,100,100,24749.85
2024-10-17,2024-12-26,26600,CE,131.55,131.55,96.55,97.65,97.65,1897,46725,27350,24749.85
2024-10-17,2024-11-14,26600,CE,22.35,22.35,14.75,19.55,14.95,11,1825,125,24749.85
2024-10-17,2024-11-07,26850,PE,0.0,0.0,0.0,1506.65,1998.6,0,0,0,24749.85
2024-10-17,2024-11-14,26850,CE,0.0,0.0,0.0,65.05,7.9,0,0,0,24749.85
2024-10-17,2024-10-31,22700,PE,4.45,7.65,4.15,5.7,5.7,3044,108800,-5375,24749.85
2024-10-17,2024-10-17,26150,PE,1322.0,1419.65,1305.3,1401.45,24749.85,75,1925,-1350,24749.85
2024-10-17,2024-11-14,26150,CE,0.0,0.0,0.0,172.05,42.1,0,0,0,24749.85
2024-10-17,2024-11-07,26150,CE,0.0,0.0,0.0,60.95,21.2,0,650,0,24749.85
2024-10-17,2024-11-07,24100,CE,1067.95,1067.95,1067.95,1067.95,819.1,1,50,25,24749.85
2024-10-17,2024-12-26,24100,CE,1272.65,1272.65,1271.45,1271.45,1181.2,3,50,-25,24749.85
2024-10-17,2024-11-28,24100,CE,1095.25,1115.85,1024.45,1046.85,1046.85,524,9825,9175,24749.85
2024-10-17,2024-11-28,24100,PE,133.0,167.35,132.25,161.5,161.5,2599,108050,26725,24749.85
2024-10-17,2024-11-07,24100,PE,0.0,0.0,0.0,59.05,75.85,0,50,0,24749.85
2024-10-17,2024-11-07,27000,PE,0.0,0.0,0.0,1637.25,2147.0,0,0,0,24749.85
2024-10-17,2025-12-24,27000,CE,1633.4,1641.05,1501.0,1538.75,1538.75,322,100300,3550,24749.85
2024-10-17,2027-06-24,27000,PE,0.0,0.0,0.0,6273.45,1176.75,0,0,0,24749.85
2024-10-17,2024-11-28,26950,PE,0.0,0.0,0.0,1668.2,2015.05,0,0,0,24749.85
2024-10-17,2024-11-07,26950,CE,9.5,9.5,5.85,7.3,7.3,346,4200,3725,24749.85
2024-10-17,2026-12-31,27000,PE,0.0,0.0,0.0,6522.3,1286.7,0,0,0,24749.85
2024-10-17,2024-10-31,26950,CE,4.2,5.7,3.35,4.4,4.4,513,25850,4100,24749.85
2024-10-17,2025-03-27,27000,PE,1575.0,1711.95,1562.65,1683.75,1683.75,606,142300,-25,24749.85
2024-10-17,2024-10-24,26950,PE,1937.1,2168.05,1937.1,2168.05,2168.05,8,75,75,24749.85
2024-10-17,2026-06-25,27000,PE,0.0,0.0,0.0,6810.7,1418.1,0,0,0,24749.85
2024-10-17,2028-12-28,27000,CE,0.0,0.0,0.0,4437.95,5304.75,0,0,0,24749.85
2024-10-17,2025-12-24,27000,PE,1749.95,1790.0,1731.05,1764.3,1764.3,60,57625,225,24749.85
2024-10-17,2024-11-28,23300,PE,47.0,63.3,47.0,61.95,61.95,1436,114000,12050,24749.85
2024-10-17,2024-11-28,23300,CE,1831.7,1831.7,1831.7,1831.7,1664.85,1,50,-25,24749.85
2024-10-17,2028-12-28,30000,PE,0.0,0.0,0.0,2352.75,1695.0,0,0,0,24749.85
2024-10-17,2024-10-31,25750,PE,782.1,940.0,782.1,919.2,919.2,360,31550,-1325,24749.85
2024-10-17,2024-10-31,27950,CE,2.65,3.6,2.25,3.3,3.3,2633,127175,13900,24749.85
2024-10-17,2024-11-28,27950,PE,0.0,0.0,0.0,2461.15,2986.7,0,0,0,24749.85
2024-10-17,2024-10-17,27950,CE,0.1,0.2,0.05,0.05,24749.85,916536,3841450,-2070075,24749.85
2024-10-17,2024-10-31,22650,PE,4.15,6.9,4.0,4.95,4.95,513,21250,-375,24749.85
2024-10-17,2024-11-28,27950,CE,9.85,10.65,7.05,9.15,9.15,275,12825,1900,24749.85
2024-10-17,2024-10-24,24150,CE,0.0,0.0,0.0,927.05,649.4,0,325,0,24749.85
2024-10-17,2024-11-28,24150,PE,167.0,174.75,166.9,167.0,167.0,8,1750,-25,24749.85
2024-10-17,2024-10-31,24150,CE,0.0,0.0,0.0,1003.65,715.3,0,2100,0,24749.85
2024-10-17,2024-11-14,24150,CE,0.0,0.0,0.0,1163.45,838.4,0,0,0,24749.85
2024-10-17,2024-11-14,26750,CE,18.65,18.65,16.15,16.15,10.25,3,1475,0,24749.85
2024-10-17,2024-11-07,26750,PE,0.0,0.0,0.0,1421.55,1900.0,0,0,0,24749.85
2024-10-17,2024-12-26,26750,CE,0.0,0.0,0.0,412.8,108.55,0,25,0,24749.85
2024-10-17,2024-12-26,24750,PE,389.0,445.05,389.0,426.15,426.15,35,775,400,24749.85
2024-10-17,2024-12-26,27450,CE,0.0,0.0,0.0,84.0,43.9,0,150,0,24749.85
2024-10-17,2024-12-26,23750,CE,0.0,0.0,0.0,2962.75,1448.5,0,0,0,24749.85
2024-10-17,2024-10-31,23750,PE,15.95,23.65,14.0,21.8,21.8,1733,68500,2425,24749.85
2024-10-17,2024-11-28,23750,PE,94.3,111.4,94.3,108.55,108.55,245,7950,3375,24749.85
2024-10-17,2025-12-24,16500,PE,0.0,0.0,0.0,22.6,0.4,0,2600,0,24749.85
2024-10-17,2024-10-24,23750,PE,4.65,8.6,3.9,7.55,7.55,28556,65100,2550,24749.85
2024-10-17,2024-11-14,23750,CE,0.0,0.0,0.0,1492.35,1171.1,0,0,0,24749.85
2024-10-17,2024-11-28,25500,CE,293.9,299.95,212.65,218.8,218.8,29882,1040250,121400,24749.85
2024-10-17,2024-10-24,25500,PE,489.35,730.0,480.0,704.15,704.15,23999,349925,-87950,24749.85
2024-10-17,2024-12-26,25500,PE,645.7,776.1,627.7,754.05,754.05,5412,445400,8025,24749.85
2024-10-17,2024-10-31,25500,CE,56.5,67.05,31.8,34.1,34.1,243742,4332825,7050,24749.85
2024-10-17,2024-10-17,24800,CE,220.0,222.45,0.05,0.3,24749.85,47524851,18923825,18254750,24749.85
2024-10-17,2024-10-24,24800,CE,302.0,323.35,147.85,163.3,163.3,694965,2484450,2362300,24749.85
2024-10-17,2024-11-14,24800,CE,466.45,466.45,421.1,436.15,436.15,66,650,600,24749.85
2024-10-17,2024-10-17,24800,PE,8.1,58.55,7.0,48.75,24749.85,40931847,5352200,-37275,24749.85
2024-10-17,2024-10-24,24800,PE,75.0,174.0,71.75,158.2,158.2,832265,2255875,1529300,24749.85
2024-10-17,2024-12-26,24800,PE,393.95,455.2,365.5,441.85,441.85,1198,60500,10450,24749.85
2024-10-17,2026-06-25,22000,PE,0.0,0.0,0.0,3829.5,175.55,0,0,0,24749.85
2024-10-17,2026-06-25,22000,CE,0.0,0.0,0.0,2722.55,5294.1,0,0,0,24749.85
2024-10-17,2024-11-14,24000,CE,0.0,0.0,0.0,1282.9,958.0,0,0,0,24749.85
2024-10-17,2025-09-25,22000,PE,0.0,0.0,0.0,105.0,117.5,0,0,0,24749.85
2024-10-17,2027-12-30,24000,PE,0.0,0.0,0.0,800.0,435.0,0,75,0,24749.85
2024-10-17,2028-06-29,22000,PE,0.0,0.0,0.0,520.05,197.85,0,100,0,24749.85
2024-10-17,2024-10-17,24000,PE,0.5,0.6,0.05,0.05,24749.85,1240326,3126525,-2263250,24749.85
2024-10-17,2024-10-31,25350,PE,384.05,577.3,384.05,560.65,560.65,670,53575,-4575,24749.85
2024-10-17,2024-10-17,25350,CE,1.9,2.9,0.05,0.15,24749.85,4807277,4514125,829600,24749.85
2024-10-17,2024-11-14,25350,PE,0.0,0.0,0.0,603.05,657.25,0,0,0,24749.85
2024-10-17,2024-12-26,25350,CE,510.95,510.95,464.0,467.8,466.9,63,26300,950,24749.85
2024-10-17,2024-10-24,24750,PE,63.55,151.0,62.9,137.0,137.0,285175,749425,581775,24749.85
2024-10-17,2024-10-17,24750,CE,249.6,269.5,0.05,2.4,24749.85,50902243,22101000,21893125,24749.85
2024-10-17,2024-10-31,24750,PE,116.65,202.65,116.65,188.15,188.15,32080,252350,157300,24749.85
2024-10-17,2024-12-26,24750,CE,839.0,839.0,784.65,796.05,796.05,10,450,200,24749.85
2024-10-17,2024-10-17,24750,PE,4.4,28.9,0.05,1.3,24749.85,78709477,20106125,18337225,24749.85
2024-10-17,2024-11-14,24750,PE,0.0,0.0,0.0,322.0,312.25,0,0,0,24749.85
2024-10-17,2024-10-31,24750,CE,418.45,418.45,270.0,283.8,283.8,15455,61675,46025,24749.85
2024-10-17,2024-10-31,27450,PE,0.0,0.0,0.0,2270.25,2629.2,0,250,0,24749.85
2024-10-17,2024-10-31,27450,CE,3.0,3.75,3.0,3.45,3.45,111,2975,1450,24749.85
2024-10-17,2024-10-24,27450,PE,2451.4,2665.35,2451.4,2665.35,2665.35,8,25,25,24749.85
2024-10-17,2026-12-31,12000,PE,0.0,0.0,0.0,20.05,0.05,0,800,0,24749.85
2024-10-17,2026-06-25,12000,CE,0.0,0.0,0.0,8690.0,14041.85,0,50,0,24749.85
2024-10-17,2024-11-28,24650,CE,761.75,761.75,624.5,647.85,647.85,17,450,200,24749.85
2024-10-17,2024-12-26,24650,PE,0.0,0.0,0.0,312.3,400.65,0,125,0,24749.85
2024-10-17,2024-10-24,24400,PE,24.4,51.75,20.05,46.85,46.85,172780,834800,303825,24749.85
2024-10-17,2024-11-28,24400,CE,875.85,875.85,797.0,813.0,813.0,76,5650,0,24749.85
2024-10-17,2024-10-17,24400,CE,605.0,614.85,345.7,351.2,24749.85,14802,17250,-5475,24749.85
2024-10-17,2024-11-28,24400,PE,180.55,243.0,180.4,230.25,230.25,2697,323725,5825,24749.85
2024-10-17,2024-10-24,23400,CE,1460.0,1460.0,1400.0,1400.0,1380.3,3,175,75,24749.85
2024-10-17,2024-10-17,23400,CE,1468.0,1468.05,1433.6,1433.6,24749.85,10,100,-200,24749.85
2024-10-17,2024-11-28,23400,CE,0.0,0.0,0.0,1910.0,1573.65,0,150,0,24749.85
2024-10-17,2024-11-28,27300,PE,0.0,0.0,0.0,2075.0,2350.6,0,150,0,24749.85
2024-10-17,2024-10-17,24200,PE,0.75,0.8,0.05,0.05,24749.85,1675774,3072650,-103600,24749.85
2024-10-17,2024-12-26,24200,PE,222.0,275.5,222.0,263.0,263.0,106,26175,2100,24749.85
2024-10-17,2024-12-26,24200,CE,1170.0,1180.0,1170.0,1178.0,1178.0,8,200,200,24749.85
2024-10-17,2024-12-26,27400,PE,0.0,0.0,0.0,1251.0,2344.8,0,0,0,24749.85
2024-10-17,2024-10-31,25250,CE,136.45,141.45,68.7,74.0,74.0,17137,205325,64475,24749.85
2024-10-17,2024-10-24,25250,CE,66.0,68.8,22.9,24.9,24.9,154524,599200,189300,24749.85
2024-10-17,2024-11-14,25250,CE,0.0,0.0,0.0,312.7,220.05,0,350,0,24749.85
2024-10-17,2024-11-28,23450,CE,0.0,0.0,0.0,1882.6,1528.6,0,50,0,24749.85
2024-10-17,2024-10-24,25050,PE,192.85,328.35,160.0,305.7,305.7,46409,142225,-21000,24749.85
2024-10-17,2024-10-17,23700,PE,0.3,0.3,0.05,0.1,24749.85,141206,729550,81075,24749.85
2024-10-17,2024-10-31,23700,CE,1220.2,1220.2,1150.3,1163.1,1163.1,8,6275,125,24749.85
2024-10-17,2024-11-14,23700,PE,0.0,0.0,0.0,72.35,43.2,0,0,0,24749.85
2024-10-17,2024-10-24,24850,PE,98.8,199.5,86.45,182.45,182.45,224760,380800,275375,24749.85
2024-10-17,2024-10-24,24850,CE,277.95,279.3,125.0,138.5,138.5,248908,647500,613575,24749.85
2024-10-17,2024-12-26,24850,PE,0.0,0.0,0.0,366.2,484.8,0,100,0,24749.85
2024-10-17,2024-10-17,25100,CE,24.5,27.65,0.05,0.15,24749.85,12424812,6552275,-2331750,24749.85
2024-10-17,2024-10-31,25100,CE,210.0,211.1,108.6,117.25,117.25,110980,1414350,155300,24749.85
2024-10-17,2024-11-14,25100,CE,369.7,369.7,271.65,279.65,279.65,32,1100,25,24749.85
2024-10-17,2024-12-26,26900,CE,66.15,72.85,66.15,70.95,70.95,40,3550,-75,24749.85
2024-10-17,2024-10-31,26900,PE,2004.95,2023.0,1995.85,1995.85,2080.85,34,16350,0,24749.85
2024-10-17,2024-10-31,23450,PE,16.0,17.1,10.15,13.4,13.4,288,7325,725,24749.85
2024-10-17,2024-10-31,27500,PE,2441.2,2660.0,2441.2,2641.3,2641.3,185,291250,275,24749.85
2024-10-17,2024-12-26,24000,CE,1515.75,1515.75,1324.0,1337.6,1337.6,4263,760150,6075,24749.85
2024-10-17,2027-06-24,24000,CE,0.0,0.0,0.0,2299.55,5185.05,0,0,0,24749.85
2024-10-17,2024-12-26,22000,CE,3280.0,3282.1,3090.0,3115.15,3115.15,951,440650,1000,24749.85
2024-10-17,2029-06-28,22000,PE,0.0,0.0,0.0,422.0,184.05,0,0,0,24749.85
2024-10-17,2025-09-25,22000,CE,0.0,0.0,0.0,5865.75,4219.5,0,0,0,24749.85
2024-10-17,2024-10-31,24000,CE,1082.85,1089.0,854.15,880.7,880.7,8928,629450,32075,24749.85
2024-10-17,2024-10-24,24000,CE,1030.0,1030.05,789.2,817.0,817.0,6844,73425,42800,24749.85
2024-10-17,2027-06-24,22000,CE,0.0,0.0,0.0,2783.5,6596.9,0,0,0,24749.85
2024-10-17,2024-12-26,22000,PE,35.15,45.25,35.15,44.2,44.2,8799,2132925,-15900,24749.85
2024-10-17,2024-11-07,24800,PE,181.9,279.95,181.9,267.55,267.55,3025,43675,33400,24749.85
2024-10-17,2024-11-28,24800,PE,290.95,373.95,286.65,359.85,359.85,12670,164725,35550,24749.85
2024-10-17,2024-10-31,24800,CE,392.4,400.9,240.3,253.1,253.1,128249,1115375,723475,24749.85
2024-10-17,2024-11-14,26200,PE,0.0,0.0,0.0,1180.7,1352.65,0,0,0,24749.85
2024-10-17,2024-10-24,26550,PE,0.0,0.0,0.0,1444.75,1765.8,0,25,0,24749.85
2024-10-17,2024-10-31,26800,CE,4.95,5.35,3.85,4.75,4.75,8624,385375,10725,24749.85
2024-10-17,2024-11-07,26800,PE,0.0,0.0,0.0,1463.9,1949.25,0,0,0,24749.85
2024-10-17,2024-10-24,26550,CE,2.75,2.85,2.0,2.3,2.3,4123,52300,43125,24749.85
2024-10-17,2027-06-24,18000,PE,0.0,0.0,0.0,264.2,19.15,0,25,0,24749.85
2024-10-17,2025-12-24,18000,CE,7999.95,7999.95,7950.0,7950.0,8138.45,4,6475,-100,24749.85
2024-10-17,2024-10-31,26550,CE,6.05,6.5,5.1,5.8,5.8,3486,41800,-35975,24749.85
2024-10-17,2025-12-24,18000,PE,0.0,0.0,0.0,123.95,3.4,0,2975,0,24749.85
2024-10-17,2024-10-17,26550,CE,0.2,0.75,0.05,0.1,24749.85,144105,266750,135725,24749.85
2024-10-17,2024-10-31,25300,PE,355.85,538.0,343.05,512.9,512.9,19351,827175,-77625,24749.85
2024-10-17,2024-10-17,25300,PE,286.0,556.45,286.0,549.9,24749.85,51113,456425,-132300,24749.85
2024-10-17,2024-11-14,25300,CE,221.6,221.6,189.2,198.55,198.55,40,750,550,24749.85
2024-10-17,2024-11-14,25300,PE,0.0,0.0,0.0,575.4,623.05,0,0,0,24749.85
2024-10-17,2024-11-28,26400,CE,60.45,63.75,43.0,45.4,45.4,6741,98475,17125,24749.85
2024-10-17,2024-12-26,26400,CE,168.0,168.0,123.75,128.3,128.3,389,71850,1325,24749.85
2024-10-17,2024-10-24,26400,CE,2.5,3.05,1.8,2.35,2.35,68194,501425,304450,24749.85
2024-10-17,2024-11-07,26400,PE,0.0,0.0,0.0,1138.15,1558.3,0,0,0,24749.85
2024-10-17,2024-10-31,26400,PE,1342.3,1578.5,1342.3,1547.15,1547.15,86,189100,-1200,24749.85
2024-10-17,2024-10-17,26400,CE,0.3,0.75,0.05,0.05,24749.85,648376,1507875,403650,24749.85
2024-10-17,2024-10-31,26400,CE,7.05,7.65,5.35,6.85,6.85,23591,495125,-49400,24749.85
2024-10-17,2024-11-28,27500,PE,2400.0,2500.0,2400.0,2485.1,2485.1,145,9575,-475,24749.85
2024-10-17,2024-10-24,27500,PE,0.0,0.0,0.0,1939.75,2714.55,0,0,0,24749.85
2024-10-17,2024-12-26,27500,PE,2398.5,2398.5,2328.65,2328.65,2437.45,15,1800,-175,24749.85
2024-10-17,2024-10-17,27500,PE,0.0,0.0,0.0,2542.35,24749.85,0,100,0,24749.85
2024-10-17,2024-11-28,27200,CE,18.0,22.0,15.5,17.0,17.0,578,75275,150,24749.85
2024-10-17,2024-10-31,25050,CE,231.0,240.5,126.4,135.5,135.5,16736,246425,10925,24749.85
2024-10-17,2024-12-26,25050,PE,535.0,557.7,521.3,547.4,579.4,13,3525,100,24749.85
2024-10-17,2024-11-14,26500,CE,29.0,29.0,13.1,21.3,21.3,421,4225,-4750,24749.85
2024-10-17,2024-11-28,26500,CE,51.0,57.0,37.7,39.2,39.2,22992,587300,-62150,24749.85
2024-10-17,2024-11-14,26500,PE,0.0,0.0,0.0,1425.25,1632.35,0,0,0,24749.85
2024-10-17,2024-12-26,26500,PE,1284.5,1465.7,1284.5,1434.95,1434.95,1071,137775,-5925,24749.85
2024-10-17,2024-10-24,26500,PE,1640.0,1708.0,1615.0,1695.7,1695.7,748,24275,18250,24749.85
2024-10-17,2024-12-26,26500,CE,150.0,174.8,112.55,114.05,114.05,13850,745100,90900,24749.85
2024-10-17,2024-10-31,22400,PE,3.6,4.85,3.4,4.15,4.15,865,81625,-175,24749.85
2024-10-17,2024-11-28,25150,CE,450.05,456.95,353.05,357.0,357.0,261,5200,775,24749.85
2024-10-17,2024-10-31,24450,PE,60.0,105.75,54.5,97.4,97.4,7413,76775,-3075,24749.85
2024-10-17,2024-11-07,24450,CE,0.0,0.0,0.0,1127.05,556.1,0,0,0,24749.85
2024-10-17,2024-11-14,24450,CE,0.0,0.0,0.0,940.65,621.75,0,0,0,24749.85
2024-10-17,2024-10-17,27100,PE,0.0,0.0,0.0,2060.0,24749.85,0,75,0,24749.85
2024-10-17,2024-12-26,27100,CE,50.0,55.55,50.0,54.3,54.3,9,2500,200,24749.85
2024-10-17,2024-10-31,27700,CE,3.4,3.95,2.3,3.15,3.15,1006,192150,2900,24749.85
2024-10-17,2024-12-26,27100,PE,0.0,0.0,0.0,1069.9,2071.7,0,0,0,24749.85
2024-10-17,2024-11-28,27100,CE,21.0,21.0,15.15,18.5,18.5,310,23800,-475,24749.85
2024-10-17,2024-10-24,27100,PE,2109.3,2329.15,2109.3,2329.15,2329.15,8,100,100,24749.85
2024-10-17,2024-10-17,27700,PE,0.0,0.0,0.0,2150.95,24749.85,0,0,0,24749.85
2024-10-17,2024-10-31,27700,PE,2770.0,2842.85,2770.0,2842.85,2842.85,3,3975,0,24749.85
2024-10-17,2025-12-24,15000,PE,0.0,0.0,0.0,20.8,0.05,0,1175,0,24749.85
2024-10-17,2024-11-28,27700,CE,12.4,13.55,8.15,11.5,11.5,456,35350,-875,24749.85
2024-10-17,2024-10-24,27750,CE,1.5,2.25,1.4,2.1,2.1,2728,40100,18475,24749.85
2024-10-17,2024-10-31,27150,CE,2.75,4.15,2.6,3.45,3.45,3044,349725,-1250,24749.85
2024-10-17,2024-10-17,26750,PE,2020.0,2020.0,1995.45,1995.45,24749.85,125,1125,-25,24749.85
2024-10-17,2024-11-14,23450,PE,0.0,0.0,0.0,46.4,23.05,0,0,0,24749.85
2024-10-17,2024-12-26,23450,PE,0.0,0.0,0.0,47.55,94.75,0,0,0,24749.85
2024-10-17,2024-10-17,23450,CE,1510.2,1510.2,1298.05,1298.95,24749.85,14,125,100,24749.85
2024-10-17,2024-11-07,23450,CE,0.0,0.0,0.0,1991.7,1403.0,0,0,0,24749.85
2024-10-17,2024-10-17,26900,CE,0.3,0.55,0.05,0.1,24749.85,131038,295475,192750,24749.85
2024-10-17,2024-12-26,23450,CE,0.0,0.0,0.0,3236.5,1696.2,0,0,0,24749.85
2024-10-17,2024-11-28,26900,PE,1820.0,1830.0,1820.0,1830.0,1967.8,19,4700,0,24749.85
2024-10-17,2024-10-31,25750,CE,26.55,29.5,16.6,17.7,17.7,16959,127775,-17675,24749.85
2024-10-17,2024-11-07,25750,PE,0.0,0.0,0.0,687.45,958.05,0,0,0,24749.85
2024-10-17,2024-11-28,26600,CE,56.9,56.9,31.0,32.2,32.2,3422,74000,-4075,24749.85
2024-10-17,2024-11-28,26150,CE,99.1,99.1,68.4,69.25,69.25,805,5800,2975,24749.85
2024-10-17,2024-10-31,26150,CE,12.95,13.0,8.4,9.25,9.25,2096,66100,-3850,24749.85
2024-10-17,2024-10-17,26150,CE,0.25,0.75,0.05,0.05,24749.85,1129436,3839650,3341500,24749.85
2024-10-17,2024-10-24,24700,CE,398.05,398.05,204.45,223.4,223.4,219372,835325,806025,24749.85
2024-10-17,2024-12-26,24700,CE,910.5,910.5,819.75,838.3,838.3,165,3175,1700,24749.85
2024-10-17,2024-10-31,24700,PE,100.7,184.0,99.05,168.6,168.6,113398,1056700,-24275,24749.85
2024-10-17,2024-11-28,24700,PE,249.95,335.95,249.95,325.0,325.0,5099,189025,8400,24749.85
2024-10-17,2024-11-14,25450,CE,0.0,0.0,0.0,386.1,159.65,0,0,0,24749.85
2024-10-17,2024-10-24,25100,CE,122.3,129.0,44.25,49.6,49.6,468934,2365250,1110975,24749.85
2024-10-17,2024-11-28,25100,CE,480.0,500.95,370.0,382.65,382.65,3530,140075,11600,24749.85
2024-10-17,2024-12-26,25750,CE,0.0,0.0,0.0,467.35,322.6,0,175,0,24749.85
2024-10-17,2024-12-26,25750,PE,0.0,0.0,0.0,452.15,991.6,0,0,0,24749.85
2024-10-17,2024-11-28,25350,PE,579.35,646.0,579.35,629.45,629.45,334,13400,3650,24749.85
2024-10-17,2024-11-07,25350,PE,505.2,563.75,505.2,563.75,637.25,4,225,0,24749.85
2024-10-17,2024-10-31,25350,CE,101.8,101.8,50.55,53.95,53.95,14627,111400,27875,24749.85
2024-10-17,2024-10-17,25350,PE,353.8,606.0,337.7,599.65,24749.85,5380,69750,-17475,24749.85
2024-10-17,2024-12-26,25350,PE,670.0,670.0,670.0,670.0,741.0,27,675,0,24749.85
2024-10-17,2024-11-07,25350,CE,140.0,144.05,109.25,117.95,117.95,48,1025,675,24749.85
2024-10-17,2024-12-26,24800,CE,857.35,883.1,757.2,770.9,770.9,467,7725,4575,24749.85
2024-10-17,2024-12-26,23750,PE,0.0,0.0,0.0,68.35,143.2,0,0,0,24749.85
2024-10-17,2024-11-07,23750,CE,0.0,0.0,0.0,1715.8,1122.5,0,0,0,24749.85
2024-10-17,2024-12-26,23250,PE,0.0,0.0,0.0,156.0,70.4,0,10500,0,24749.85
2024-10-17,2024-11-28,23250,PE,0.0,0.0,0.0,111.45,31.25,0,1850,0,24749.85
2024-10-17,2024-10-17,23250,PE,0.25,0.25,0.05,0.05,24749.85,58750,106650,-287175,24749.85
2024-10-17,2024-11-07,23250,PE,0.0,0.0,0.0,18.65,6.2,0,0,0,24749.85
2024-10-17,2024-11-07,23250,CE,0.0,0.0,0.0,2180.7,1596.15,0,0,0,24749.85
2024-10-17,2024-11-14,23250,PE,0.0,0.0,0.0,31.65,13.3,0,0,0,24749.85
2024-10-17,2024-10-31,22600,CE,0.0,0.0,0.0,2509.0,2208.3,0,2825,0,24749.85
2024-10-17,2024-10-24,23250,CE,0.0,0.0,0.0,1837.1,1529.95,0,200,0,24749.85
2024-10-17,2024-10-24,23250,PE,1.95,4.35,1.9,3.15,3.15,8496,35675,26175,24749.85
2024-10-17,2024-10-31,23250,PE,7.4,16.8,7.4,9.55,9.55,923,14175,1225,24749.85
2024-10-17,2024-10-17,23250,CE,0.0,0.0,0.0,1807.4,24749.85,0,25,0,24749.85
2024-10-17,2024-10-24,23950,CE,835.0,864.5,835.0,864.5,837.35,9,325,225,24749.85
2024-10-17,2024-11-07,23950,CE,0.0,0.0,0.0,1538.5,945.1,0,0,0,24749.85
2024-10-17,2024-10-31,23950,CE,0.0,0.0,0.0,1229.8,889.9,0,2650,0,24749.85
2024-10-17,2024-12-26,23950,CE,0.0,0.0,0.0,2784.0,1292.65,0,0,0,24749.85
2024-10-17,2024-12-26,26850,CE,77.3,77.3,76.0,76.0,96.1,24,600,575,24749.85
2024-10-17,2024-10-31,26850,CE,3.55,5.1,3.55,4.45,4.45,1952,82275,-750,24749.85
2024-10-17,2024-10-31,26850,PE,0.0,0.0,0.0,1691.8,2031.05,0,2025,0,24749.85
2024-10-17,2024-11-14,26850,PE,0.0,0.0,0.0,1729.8,1969.4,0,0,0,24749.85
2024-10-17,2024-11-07,26850,CE,8.75,9.7,8.75,9.7,2.55,3,125,0,24749.85
2024-10-17,2024-10-17,26850,CE,0.05,0.6,0.05,0.1,24749.85,86058,219600,179850,24749.85
2024-10-17,2024-12-26,27150,CE,54.35,57.1,51.1,51.1,65.65,91,2350,1850,24749.85
2024-10-17,2024-10-17,27750,CE,0.15,0.25,0.05,0.1,24749.85,243487,513025,-357175,24749.85
2024-10-17,2024-12-26,27750,CE,0.0,0.0,0.0,54.65,28.75,0,650,0,24749.85
2024-10-17,2024-10-24,24350,CE,652.25,652.25,470.35,494.35,494.35,471,9575,8975,24749.85
2024-10-17,2024-10-31,23100,CE,0.0,0.0,0.0,1950.0,1710.3,0,1575,0,24749.85
2024-10-17,2024-10-17,23100,PE,0.15,0.2,0.05,0.05,24749.85,243887,2112650,-1301375,24749.85
2024-10-17,2024-12-26,23100,PE,0.0,0.0,0.0,58.6,55.7,0,3600,0,24749.85
2024-10-17,2024-11-28,23100,CE,0.0,0.0,0.0,2060.55,1851.0,0,400,0,24749.85
2024-10-17,2024-11-07,23100,PE,0.0,0.0,0.0,13.4,3.55,0,0,0,24749.85
2024-10-17,2024-12-26,26150,CE,0.0,0.0,0.0,304.75,214.75,0,25,0,24749.85
2024-10-17,2024-10-31,26100,PE,1120.0,1284.8,1120.0,1257.4,1257.4,989,729425,-13075,24749.85
2024-10-17,2024-11-07,25400,PE,0.0,0.0,0.0,461.5,674.35,0,6525,0,24749.85
2024-10-17,2024-11-28,25400,CE,333.05,333.5,250.0,256.15,256.15,6819,117975,57550,24749.85
2024-10-17,2024-12-26,25400,PE,591.0,707.45,591.0,698.75,698.75,74,5200,100,24749.85
2024-10-17,2024-11-07,26650,CE,12.65,14.8,10.6,11.7,4.9,30,475,425,24749.85
2024-10-17,2024-12-26,26650,PE,0.0,0.0,0.0,827.55,1679.75,0,0,0,24749.85
2024-10-17,2024-10-17,26650,PE,1800.0,1902.25,1797.55,1902.0,24749.85,59,550,-925,24749.85
2024-10-17,2024-12-26,26650,CE,0.0,0.0,0.0,200.0,122.4,0,100,0,24749.85
2024-10-17,2024-11-28,26650,PE,0.0,0.0,0.0,1377.9,1734.75,0,0,0,24749.85
2024-10-17,2024-11-28,26650,CE,0.0,0.0,0.0,437.05,40.8,0,0,0,24749.85
2024-10-17,2024-10-17,26650,CE,0.2,0.65,0.05,0.1,24749.85,104412,227125,34625,24749.85
2024-10-17,2024-11-07,26650,PE,0.0,0.0,0.0,1338.15,1801.75,0,0,0,24749.85
2024-10-17,2024-10-24,26650,CE,2.5,2.9,1.75,2.25,2.25,2554,39475,35325,24749.85
2024-10-17,2024-11-28,23700,PE,80.0,102.0,80.0,99.25,99.25,4775,244075,43150,24749.85
2024-10-17,2024-10-31,27350,CE,4.0,5.35,3.45,3.5,3.5,330,6575,5500,24749.85
2024-10-17,2024-11-28,23700,CE,0.0,0.0,0.0,1599.8,1309.5,0,0,0,24749.85
2024-10-17,2024-11-28,26100,PE,1045.0,1202.45,1045.0,1155.2,1155.2,26,14400,-150,24749.85
2024-10-17,2024-10-31,26100,CE,12.6,13.55,9.5,9.85,9.85,55554,1212950,-106050,24749.85
2024-10-17,2024-11-07,26100,PE,0.0,0.0,0.0,916.3,1273.2,0,0,0,24749.85
2024-10-17,2024-10-17,26100,PE,1162.55,1356.05,1162.55,1350.0,24749.85,1089,10575,-21225,24749.85
2024-10-17,2024-10-17,26100,CE,0.35,0.8,0.05,0.05,24749.85,870281,2345100,-238625,24749.85
2024-10-17,2024-11-28,26100,CE,105.8,120.0,75.55,77.05,77.05,6796,101725,22875,24749.85
2024-10-17,2024-12-26,26100,CE,240.0,249.95,195.85,196.85,196.85,207,16750,325,24749.85
2024-10-17,2024-11-28,24300,CE,988.0,988.0,869.65,883.65,883.65,184,8000,2525,24749.85
2024-10-17,2024-11-28,24300,PE,166.0,213.0,163.0,205.9,205.9,7771,193700,24400,24749.85
2024-10-17,2026-12-31,17000,PE,0.0,0.0,0.0,66.45,5.9,0,3000,0,24749.85
2024-10-17,2024-12-26,23800,CE,0.0,0.0,0.0,2917.75,1408.8,0,0,0,24749.85
2024-10-17,2024-10-24,23800,PE,4.75,9.5,4.0,8.55,8.55,163322,1310150,928175,24749.85
2024-10-17,2025-12-24,13000,PE,0.0,0.0,0.0,20.1,0.05,0,225,0,24749.85
2024-10-17,2024-11-14,23650,CE,0.0,0.0,0.0,1579.35,1260.3,0,0,0,24749.85
2024-10-17,2024-11-14,24100,CE,0.0,0.0,0.0,1202.7,877.5,0,0,0,24749.85
2024-10-17,2025-12-24,24000,CE,3250.0,3263.25,3190.0,3191.0,3191.0,43,6650,-150,24749.85
2024-10-17,2028-06-29,24000,PE,0.0,0.0,0.0,1692.75,411.1,0,0,0,24749.85
2024-10-17,2029-06-28,22000,CE,0.0,0.0,0.0,9207.9,8913.15,0,0,0,24749.85
2024-10-17,2028-12-28,22000,CE,0.0,0.0,0.0,6932.45,8372.5,0,0,0,24749.85
2024-10-17,2027-12-30,24000,CE,0.0,0.0,0.0,3778.95,5850.8,0,0,0,24749.85
2024-10-17,2028-06-29,24000,CE,0.0,0.0,0.0,3918.85,6466.8,0,0,0,24749.85
2024-10-17,2025-12-24,22000,PE,365.0,380.0,352.35,378.65,378.65,378,151375,3475,24749.85
2024-10-17,2025-09-25,24000,CE,0.0,0.0,0.0,4236.35,2662.7,0,0,0,24749.85
2024-10-17,2024-10-31,26150,PE,1148.1,1316.4,1131.25,1316.4,1338.95,32,35750,-200,24749.85
2024-10-17,2024-10-17,27850,CE,0.1,0.2,0.05,0.05,24749.85,185679,462700,-186400,24749.85
2024-10-17,2024-10-24,27850,PE,0.0,0.0,0.0,2266.75,3064.1,0,0,0,24749.85
2024-10-17,2024-10-31,27850,PE,2884.8,2960.05,2780.0,2960.05,3028.15,20,525,300,24749.85
2024-10-17,2024-12-26,21000,CE,4226.8,4226.8,4046.5,4061.4,4061.4,1599,641175,3525,24749.85
2024-10-17,2024-11-28,26050,CE,125.55,125.55,83.65,84.85,84.85,367,6250,-725,24749.85
2024-10-17,2027-12-30,21000,CE,0.0,0.0,0.0,4902.4,7960.65,0,0,0,24749.85
2024-10-17,2027-06-24,21000,CE,0.0,0.0,0.0,3061.8,7353.85,0,0,0,24749.85
2024-10-17,2026-12-31,21000,CE,0.0,0.0,0.0,3356.25,6767.95,0,0,0,24749.85
2024-10-17,2025-09-25,21000,CE,0.0,0.0,0.0,6742.1,5091.45,0,0,0,24749.85
2024-10-17,2026-12-31,21000,PE,0.0,0.0,0.0,333.65,113.4,0,700,0,24749.85
2024-10-17,2024-10-31,26050,CE,14.4,14.4,10.1,10.65,10.65,4182,92350,-5650,24749.85
2024-10-17,2024-11-28,25050,CE,512.75,512.75,398.9,410.15,410.15,363,4550,-3100,24749.85
2024-10-17,2024-11-14,25050,CE,450.65,450.65,450.65,450.65,295.65,1,75,25,24749.85
2024-10-17,2024-11-28,27900,CE,9.9,10.8,9.15,10.55,10.55,138,17850,1350,24749.85
2024-10-17,2024-10-24,27900,PE,0.0,0.0,0.0,2314.2,3114.05,0,0,0,24749.85
2024-10-17,2024-12-26,27900,CE,31.5,36.95,24.05,28.9,28.9,171,4750,425,24749.85
2024-10-17,2024-10-31,27900,CE,2.8,3.45,2.25,3.1,3.1,1952,46625,11600,24749.85
2024-10-17,2024-12-26,23500,CE,1900.05,1900.05,1717.65,1736.1,1736.1,391,9750,9375,24749.85
2024-10-17,2024-10-17,23500,PE,0.25,0.25,0.05,0.05,24749.85,467541,1796725,-715550,24749.85
2024-10-17,2024-12-26,17000,PE,13.25,13.8,9.5,12.05,12.05,2520,170650,-17925,24749.85
2024-10-17,2027-12-30,17000,PE,0.0,0.0,0.0,90.0,11.45,0,14200,0,24749.85
2024-10-17,2024-10-24,25700,PE,701.95,922.65,694.0,894.4,894.4,2584,79975,59350,24749.85
2024-10-17,2024-10-31,25700,PE,697.0,893.75,697.0,863.25,863.25,2476,728750,950,24749.85
2024-10-17,2024-11-07,25700,CE,85.85,86.55,50.95,54.3,54.3,1105,20225,4875,24749.85
2024-10-17,2024-11-07,25700,PE,0.0,0.0,0.0,657.6,915.3,0,0,0,24749.85
2024-10-17,2024-12-26,19000,CE,6105.2,6110.0,6015.0,6050.0,6050.0,50,88200,-850,24749.85
2024-10-17,2028-12-28,19000,PE,0.0,0.0,0.0,158.0,49.8,0,0,0,24749.85
2024-10-17,2027-12-30,19000,PE,0.0,0.0,0.0,204.7,44.0,0,775,0,24749.85
2024-10-17,2025-12-24,19000,CE,0.0,0.0,0.0,7100.05,7222.8,0,3175,0,24749.85
2024-10-17,2027-12-30,19000,CE,0.0,0.0,0.0,5794.9,9487.75,0,0,0,24749.85
2024-10-17,2025-06-26,19000,PE,0.0,0.0,0.0,68.05,2.25,0,600425,0,24749.85
2024-10-17,2028-06-29,19000,CE,0.0,0.0,0.0,6252.25,9997.95,0,0,0,24749.85
2024-10-17,2027-06-24,19000,CE,0.0,0.0,0.0,7800.0,8937.7,0,100,0,24749.85
2024-10-17,2028-06-29,19000,PE,0.0,0.0,0.0,537.45,47.65,0,0,0,24749.85
2024-10-17,2025-03-27,19000,CE,0.0,0.0,0.0,4745.3,6307.5,0,0,0,24749.85
2024-10-17,2028-12-28,19000,CE,0.0,0.0,0.0,8739.0,10489.9,0,0,0,24749.85
2024-10-17,2025-03-27,19000,PE,0.0,0.0,0.0,63.55,0.3,0,0,0,24749.85
2024-10-17,2029-06-28,19000,PE,0.0,0.0,0.0,170.3,50.8,0,0,0,24749.85
2024-10-17,2026-06-25,19000,PE,0.0,0.0,0.0,160.05,21.5,0,175,0,24749.85
2024-10-17,2027-06-24,19000,PE,0.0,0.0,0.0,201.05,38.4,0,525,0,24749.85
2024-10-17,2026-06-25,19000,CE,0.0,0.0,0.0,5792.0,7817.05,0,100,0,24749.85
2024-10-17,2026-12-31,19000,PE,0.0,0.0,0.0,234.95,31.25,0,2425,0,24749.85
2024-10-17,2029-06-28,19000,CE,0.0,0.0,0.0,11036.95,10964.55,0,0,0,24749.85
2024-10-17,2025-06-26,19000,CE,0.0,0.0,0.0,3077.9,6617.2,0,0,0,24749.85
2024-10-17,2025-12-24,19000,PE,0.0,0.0,0.0,81.0,10.85,0,9825,0,24749.85
2024-10-17,2026-12-31,19000,CE,0.0,0.0,0.0,8600.0,8409.15,0,125,0,24749.85
2024-10-17,2024-12-26,19000,PE,18.5,20.8,18.0,18.6,18.6,7825,626450,124475,24749.85
2024-10-17,2024-10-24,23900,CE,1030.0,1030.0,891.15,916.4,916.4,93,2725,1950,24749.85
2024-10-17,2024-10-31,23900,PE,19.3,33.0,18.3,29.85,29.85,27675,337975,-10375,24749.85
2024-10-17,2024-11-28,23900,CE,1200.0,1200.0,1200.0,1200.0,1200.0,4,100,75,24749.85
2024-10-17,2024-11-14,23900,CE,0.0,0.0,0.0,1365.2,1041.35,0,0,0,24749.85
2024-10-17,2024-12-26,23900,PE,168.0,210.55,168.0,203.9,203.9,759,32750,7575,24749.85
2024-10-17,2024-10-24,24950,CE,198.95,215.0,84.55,94.15,94.15,228728,595450,447925,24749.85
2024-10-17,2029-06-28,20000,PE,0.0,0.0,0.0,236.95,81.5,0,0,0,24749.85
2024-10-17,2028-12-28,20000,PE,0.0,0.0,0.0,405.0,81.8,0,1550,0,24749.85
2024-10-17,2024-11-07,24950,PE,256.25,343.0,256.2,340.2,340.2,71,1100,-50,24749.85
2024-10-17,2024-11-28,24950,CE,559.85,582.9,451.7,465.55,465.55,164,5675,1350,24749.85
2024-10-17,2025-06-26,20000,PE,0.0,0.0,0.0,99.0,9.35,0,457350,0,24749.85
2024-10-17,2024-12-26,24950,PE,455.0,515.1,455.0,496.1,496.1,29,5325,-75,24749.85
2024-10-17,2024-10-31,24900,CE,323.3,330.5,188.7,198.8,198.8,76517,692200,236575,24749.85
2024-10-17,2024-12-26,24900,PE,418.5,490.45,352.95,476.25,476.25,435,10225,-125,24749.85
2024-10-17,2024-12-26,24900,CE,830.0,830.0,701.05,712.55,712.55,165,6350,1675,24749.85
2024-10-17,2024-11-07,24900,PE,240.0,321.95,238.9,312.0,312.0,1064,8650,-1200,24749.85
2024-10-17,2024-10-31,24900,PE,160.0,270.45,150.45,254.25,254.25,88283,1274775,-91600,24749.85
2024-10-17,2028-06-29,20000,PE,0.0,0.0,0.0,400.0,80.65,0,0,0,24749.85
2024-10-17,2027-12-30,20000,PE,0.0,0.0,0.0,311.25,77.4,0,2650,0,24749.85
2024-10-17,2024-12-26,24950,CE,681.8,681.8,681.8,681.8,651.55,1,900,25,24749.85
2024-10-17,2025-03-27,20000,CE,0.0,0.0,0.0,3896.85,5338.8,0,0,0,24749.85
2024-10-17,2024-11-28,24900,CE,605.0,613.5,477.95,489.15,489.15,4451,73850,47325,24749.85
2024-10-17,2024-10-17,24950,CE,91.0,99.0,0.05,0.2,24749.85,16824661,5849550,3833350,24749.85
2024-10-17,2024-11-28,27150,PE,0.0,0.0,0.0,1731.8,2205.95,0,100,0,24749.85
2024-10-17,2024-10-31,27750,PE,2811.35,2820.0,2720.0,2800.0,2928.4,10,350,125,24749.85
2024-10-17,2024-11-28,23100,PE,37.65,51.5,37.65,49.05,49.05,5548,399700,43250,24749.85
2024-10-17,2024-10-31,27300,PE,0.0,0.0,0.0,2245.7,2479.6,0,2550,0,24749.85
2024-10-17,2024-10-24,23100,CE,1720.0,1720.0,1690.0,1696.5,1696.5,4,125,100,24749.85
2024-10-17,2024-10-17,23950,CE,990.75,990.75,812.85,812.85,24749.85,18,125,-25,24749.85
2024-10-17,2024-10-31,23950,PE,22.25,36.25,19.8,33.3,33.3,4542,61325,26300,24749.85
2024-10-17,2024-11-14,25550,PE,0.0,0.0,0.0,721.1,802.85,0,0,0,24749.85
2024-10-17,2024-11-07,25550,CE,97.3,97.3,72.3,77.95,77.95,37,1100,750,24749.85
2024-10-17,2024-12-26,25550,PE,770.0,770.0,770.0,770.0,861.45,9,350,0,24749.85
2024-10-17,2024-11-28,25550,PE,705.0,750.0,705.0,750.0,825.3,8,4850,-50,24749.85
2024-10-17,2024-11-28,25550,CE,276.85,276.85,193.65,200.3,200.3,209,12950,-200,24749.85
2024-10-17,2024-10-17,25550,PE,541.5,806.95,541.5,799.7,24749.85,1506,18325,-10100,24749.85
2024-10-17,2024-10-31,23050,CE,0.0,0.0,0.0,2100.85,1760.0,0,125,0,24749.85
2024-10-17,2024-11-28,23050,PE,0.0,0.0,0.0,97.15,20.0,0,0,0,24749.85
2024-10-17,2024-10-31,26350,PE,1520.0,1525.55,1502.25,1523.1,1523.1,27,31200,-375,24749.85
2024-10-17,2024-10-17,26350,PE,1630.0,1630.0,1600.85,1602.75,24749.85,86,3025,-125,24749.85
2024-10-17,2024-11-07,26350,PE,0.0,0.0,0.0,1099.7,1510.15,0,25,0,24749.85
2024-10-17,2024-10-31,26350,CE,7.45,8.95,6.05,7.35,7.35,2727,72325,-3300,24749.85
2024-10-17,2024-10-31,24650,CE,432.0,433.0,331.55,347.85,347.85,2891,13375,4275,24749.85
2024-10-17,2024-10-24,24400,CE,620.05,620.05,428.6,449.7,449.7,3129,32675,26475,24749.85
2024-10-17,2024-11-14,24400,PE,140.0,185.35,140.0,172.7,172.7,57,1000,-100,24749.85
2024-10-17,2024-10-17,24400,PE,0.75,0.9,0.05,0.1,24749.85,4464872,4623125,1541475,24749.85
2024-10-17,2024-10-31,24400,CE,712.0,712.0,510.1,529.95,529.95,1320,29625,7350,24749.85
2024-10-17,2024-10-31,22950,PE,6.0,7.75,5.55,7.75,0.3,91,4600,1425,24749.85
2024-10-17,2024-10-31,22300,PE,3.25,5.5,2.9,4.0,4.0,8724,572075,-14550,24749.85
2024-10-17,2024-10-24,23950,PE,5.95,14.0,5.9,12.4,12.4,44293,272525,112775,24749.85
2024-10-17,2024-11-28,23950,PE,117.65,137.7,103.55,137.7,137.7,24,1875,225,24749.85
2024-10-17,2024-10-17,25500,PE,484.3,757.65,484.25,750.1,24749.85,25916,201450,-198950,24749.85
2024-10-17,2024-11-14,25500,PE,729.75,767.35,686.85,692.7,692.7,23,525,525,24749.85
2024-10-17,2024-10-31,23750,CE,0.0,0.0,0.0,1418.15,1075.0,0,275,0,24749.85
2024-10-17,2024-11-07,23750,PE,0.0,0.0,0.0,50.25,30.6,0,0,0,24749.85
2024-10-17,2024-11-28,27500,CE,15.0,15.0,11.35,13.2,13.2,3626,228550,-16625,24749.85
2024-10-17,2024-10-31,25150,CE,185.0,187.45,94.0,100.5,100.5,21753,204775,40550,24749.85
2024-10-17,2024-11-14,25150,CE,259.35,260.65,259.35,260.65,255.85,4,4275,-25,24749.85
2024-10-17,2024-10-24,23800,CE,1211.7,1211.7,992.0,1004.9,1004.9,101,2550,1050,24749.85
2024-10-17,2024-10-31,23800,PE,17.0,27.0,14.75,24.15,24.15,34535,515250,164200,24749.85
2024-10-17,2025-12-24,17000,PE,0.0,0.0,0.0,20.85,0.9,0,2925,0,24749.85
2024-10-17,2024-11-14,23800,PE,51.7,51.7,51.7,51.7,54.5,1,50,25,24749.85
2024-10-17,2024-12-26,23800,PE,150.0,191.75,150.0,185.3,185.3,2193,82900,24825,24749.85
2024-10-17,2025-12-24,17000,CE,9000.0,9000.0,9000.0,9000.0,9058.95,1,625,0,24749.85
2024-10-17,2024-10-31,23800,CE,1140.0,1140.0,1038.6,1067.6,1067.6,49,9225,-50,24749.85
2024-10-17,2024-11-28,27650,PE,0.0,0.0,0.0,2211.45,2691.75,0,0,0,24749.85
2024-10-17,2024-10-17,27650,CE,0.1,0.35,0.05,0.1,24749.85,16394,37650,7375,24749.85
2024-10-17,2024-10-24,27650,PE,0.0,0.0,0.0,2078.65,2864.4,0,0,0,24749.85
2024-10-17,2024-10-24,23350,PE,2.45,4.55,2.2,3.45,3.45,8907,63425,38800,24749.85
2024-10-17,2024-10-31,23350,PE,8.4,12.45,8.05,11.2,11.2,715,15850,1325,24749.85
2024-10-17,2024-12-26,23400,CE,0.0,0.0,0.0,3282.7,1738.95,0,0,0,24749.85
2024-10-17,2024-10-31,23400,CE,1465.0,1465.0,1465.0,1465.0,1413.55,1,1850,-25,24749.85
2024-10-17,2024-11-07,23400,PE,20.0,20.0,20.0,20.0,10.4,18,450,450,24749.85
2024-10-17,2025-06-26,28000,CE,409.95,410.0,400.0,400.0,400.0,20,825,400,24749.85
2024-10-17,2024-12-26,26700,PE,0.0,0.0,0.0,1550.0,1722.05,0,25,0,24749.85
2024-10-17,2024-12-26,26050,PE,1057.0,1057.0,1057.0,1057.0,1203.7,1,75,25,24749.85
2024-10-17,2024-10-31,26700,PE,1644.2,1830.0,1644.2,1830.0,1881.75,8,15750,-75,24749.85
2024-10-17,2028-12-28,21000,PE,0.0,0.0,0.0,490.0,128.0,0,1225,0,24749.85
2024-10-17,2027-06-24,21000,PE,0.0,0.0,0.0,500.0,123.05,0,200,0,24749.85
2024-10-17,2025-03-27,21000,PE,72.2,82.0,69.4,79.7,79.7,477,164025,-1175,24749.85
2024-10-17,2024-10-24,26150,CE,3.55,3.6,2.15,2.65,2.65,10323,105525,43975,24749.85
2024-10-17,2024-11-07,24750,PE,218.4,263.85,218.4,244.6,244.6,261,3650,3050,24749.85
2024-10-17,2024-11-07,24750,CE,431.45,433.95,366.5,380.5,380.5,153,1625,1575,24749.85
2024-10-17,2024-11-28,24750,CE,684.25,684.25,569.0,577.6,577.6,310,6250,3725,24749.85
2024-10-17,2024-10-17,27900,CE,0.1,0.2,0.05,0.05,24749.85,454041,920500,-1262825,24749.85
2024-10-17,2024-10-17,27900,PE,3130.0,3130.0,3120.0,3120.0,24749.85,9,175,-50,24749.85
2024-10-17,2024-11-07,24600,PE,156.0,204.25,156.0,190.15,190.15,3577,74175,71425,24749.85
2024-10-17,2024-10-17,24600,PE,2.0,5.55,0.05,0.15,24749.85,13245619,5363475,2932075,24749.85
2024-10-17,2024-10-31,24600,CE,545.0,545.0,364.2,381.55,381.55,8296,67025,21475,24749.85
2024-10-17,2024-10-17,24600,CE,405.85,413.45,144.0,151.5,24749.85,538070,274425,238750,24749.85
2024-10-17,2024-12-26,18000,CE,7056.0,7056.0,6946.0,6946.05,6946.05,9,61850,50,24749.85
2024-10-17,2024-11-07,26550,PE,0.0,0.0,0.0,1256.65,1703.9,0,0,0,24749.85
2024-10-17,2024-11-28,25150,PE,426.5,532.0,426.5,517.05,517.05,65,4175,75,24749.85
2024-10-17,2024-10-24,25150,PE,214.55,407.55,212.9,381.95,381.95,8413,54375,-28975,24749.85
2024-10-17,2024-10-24,23550,CE,0.0,0.0,0.0,1563.35,1230.8,0,25,0,24749.85
2024-10-17,2024-11-28,23550,PE,0.0,0.0,0.0,120.0,57.55,0,1025,0,24749.85
2024-10-17,2024-10-17,24550,CE,459.9,459.9,194.0,201.35,24749.85,72919,89625,75175,24749.85
2024-10-17,2025-09-25,23000,CE,0.0,0.0,0.0,5026.1,3402.7,0,0,0,24749.85
2024-10-17,2025-09-25,23000,PE,0.0,0.0,0.0,195.15,239.25,0,0,0,24749.85
2024-10-17,2028-06-29,23000,CE,0.0,0.0,0.0,4323.1,7125.05,0,0,0,24749.85
2024-10-17,2025-06-26,23000,CE,0.0,0.0,0.0,3800.0,2994.65,0,25,0,24749.85
2024-10-17,2024-10-24,26200,PE,1157.0,1414.0,1157.0,1388.4,1388.4,514,18650,12025,24749.85
2024-10-17,2024-10-24,26100,PE,1110.0,1318.4,1110.0,1292.65,1292.65,656,28600,14850,24749.85
2024-10-17,2024-10-24,26100,CE,2.65,3.75,2.35,2.7,2.7,129898,1018975,563625,24749.85
2024-10-17,2024-11-07,26100,CE,30.0,35.9,23.0,24.5,24.5,768,21125,14475,24749.85
2024-10-17,2024-11-07,24300,PE,80.5,126.35,80.5,115.75,115.75,329,5525,2225,24749.85
2024-10-17,2024-10-31,25400,CE,84.75,90.0,43.15,46.1,46.1,109939,1550450,193125,24749.85
2024-10-17,2024-11-07,25400,CE,164.95,166.25,98.5,104.65,104.65,2127,22950,17000,24749.85
2024-10-17,2024-10-31,25400,PE,427.75,621.3,409.75,597.7,597.7,8483,635725,-19650,24749.85
2024-10-17,2024-10-17,24300,CE,698.65,713.45,444.8,450.1,24749.85,3431,7150,2125,24749.85
2024-10-17,2024-10-24,23900,PE,5.7,12.6,5.2,11.0,11.0,117751,784825,539450,24749.85
2024-10-17,2024-11-14,23900,PE,0.0,0.0,0.0,100.5,68.1,0,0,0,24749.85
2024-10-17,2024-12-26,26900,PE,0.0,0.0,0.0,1704.15,1894.5,0,50,0,24749.85
2024-10-17,2024-10-31,26900,CE,3.45,10.0,3.4,4.35,4.35,4632,179800,-18250,24749.85
2024-10-17,2024-10-31,23600,CE,1264.1,1264.1,1264.1,1264.1,1264.1,1,5425,25,24749.85
2024-10-17,2024-10-31,23600,PE,11.9,17.85,10.6,16.85,16.85,13283,176375,28000,24749.85
2024-10-17,2024-11-07,23600,CE,0.0,0.0,0.0,1852.45,1261.0,0,0,0,24749.85
2024-10-17,2024-12-26,23600,CE,0.0,0.0,0.0,3098.85,1570.45,0,0,0,24749.85
2024-10-17,2024-10-24,23600,CE,1275.0,1275.0,1187.0,1198.85,1198.85,22,625,550,24749.85
2024-10-17,2024-12-26,17000,CE,0.0,0.0,0.0,8126.0,7968.5,0,27925,0,24749.85
2024-10-17,2024-11-07,23800,PE,37.0,55.6,37.0,49.6,49.6,225,4650,4525,24749.85
2024-10-17,2024-11-28,23800,CE,1350.0,1372.1,1238.25,1286.4,1286.4,31,850,750,24749.85
2024-10-17,2024-11-14,23400,CE,0.0,0.0,0.0,1803.5,1490.9,0,0,0,24749.85
2024-10-17,2024-12-26,23400,PE,124.0,128.25,124.0,128.25,88.15,13,17750,300,24749.85
2024-10-17,2024-10-17,23400,PE,0.3,0.3,0.05,0.05,24749.85,57075,350400,-120850,24749.85
2024-10-17,2024-10-31,23400,PE,8.75,12.8,8.0,11.9,11.9,11553,88250,-750,24749.85
2024-10-17,2024-10-24,23400,PE,2.55,4.75,2.35,3.7,3.7,81725,491475,417475,24749.85
2024-10-17,2024-11-28,24850,PE,318.9,393.95,318.9,381.65,381.65,212,8400,725,24749.85
2024-10-17,2024-11-28,26750,PE,0.0,0.0,0.0,1525.1,1827.25,0,0,0,24749.85
2024-10-17,2024-10-31,26750,CE,4.75,6.25,3.65,4.8,4.8,1000,93850,-2000,24749.85
2024-10-17,2024-10-31,26600,PE,1650.0,1751.0,1650.0,1740.45,1740.45,120,18100,1725,24749.85
2024-10-17,2024-12-26,26600,PE,0.0,0.0,0.0,1350.0,1637.85,0,3000,0,24749.85
2024-10-17,2024-11-28,26600,PE,0.0,0.0,0.0,1372.4,1688.9,0,1675,0,24749.85
2024-10-17,2028-06-29,22000,CE,0.0,0.0,0.0,4759.5,7811.35,0,0,0,24749.85
2024-10-17,2024-12-26,27300,CE,55.65,55.65,39.65,52.95,52.95,69,8850,725,24749.85
2024-10-17,2024-10-17,27300,PE,0.0,0.0,0.0,1782.65,24749.85,0,0,0,24749.85
2024-10-17,2024-10-31,27300,CE,3.25,4.5,2.6,3.65,3.65,2872,92525,9625,24749.85
2024-10-17,2024-11-07,23100,CE,0.0,0.0,0.0,2324.45,1742.95,0,0,0,24749.85
2024-10-17,2024-11-28,27400,PE,0.0,0.0,0.0,2175.0,2447.65,0,25,0,24749.85
2024-10-17,2024-11-14,24900,CE,480.0,480.0,374.75,383.85,383.85,56,875,750,24749.85
2024-10-17,2025-03-27,20000,PE,60.15,66.25,56.35,58.25,58.25,1206,94650,8475,24749.85
2024-10-17,2024-11-14,24950,PE,299.8,313.35,299.8,313.35,410.85,2,0,0,24749.85
2024-10-17,2024-11-14,24950,CE,390.0,409.5,360.25,367.85,367.85,20,500,450,24749.85
2024-10-17,2027-06-24,20000,CE,0.0,0.0,0.0,3367.05,8136.2,0,0,0,24749.85
2024-10-17,2025-09-25,20000,CE,0.0,0.0,0.0,7643.1,5998.15,0,0,0,24749.85
2024-10-17,2024-10-17,24900,CE,122.3,137.0,0.05,0.2,24749.85,24476805,7713150,6054575,24749.85
2024-10-17,2025-12-24,20000,CE,6280.0,6290.0,6150.0,6150.0,6318.1,6,3075,-25,24749.85
2024-10-17,2024-11-07,24950,CE,394.45,394.45,264.5,272.05,272.05,204,4275,1350,24749.85
2024-10-17,2026-12-31,20000,CE,0.0,0.0,0.0,3704.3,7578.25,0,0,0,24749.85
2024-10-17,2028-06-29,20000,CE,0.0,0.0,0.0,5724.65,9252.0,0,0,0,24749.85
2024-10-17,2026-06-25,20000,CE,0.0,0.0,0.0,3829.5,6950.9,0,0,0,24749.85
2024-10-17,2027-06-24,20000,PE,0.0,0.0,0.0,3034.2,71.15,0,0,0,24749.85
2024-10-17,2024-10-17,23200,CE,1670.0,1670.0,1547.0,1547.0,24749.85,9,150,-75,24749.85
2024-10-17,2024-11-14,23200,PE,30.05,30.05,25.0,25.5,11.5,41,675,650,24749.85
2024-10-17,2027-06-24,24000,PE,0.0,0.0,0.0,5056.2,456.95,0,0,0,24749.85
2024-10-17,2025-06-26,22000,PE,0.0,0.0,0.0,170.0,85.2,0,3925,0,24749.85
2024-10-17,2025-12-24,22000,CE,0.0,0.0,0.0,4700.0,4585.1,0,2975,0,24749.85
2024-10-17,2024-11-28,24000,PE,110.0,151.0,108.8,145.85,145.85,48009,1613025,137700,24749.85
2024-10-17,2025-06-26,22000,CE,0.0,0.0,0.0,2088.15,3836.75,0,0,0,24749.85
2024-10-17,2028-12-28,24000,CE,0.0,0.0,0.0,5850.3,7060.5,0,0,0,24749.85
2024-10-17,2024-10-31,24000,PE,24.0,40.45,21.05,37.55,37.55,183913,4049450,6675,24749.85
2024-10-17,2026-12-31,22000,PE,0.0,0.0,0.0,414.3,193.4,0,150,0,24749.85
2024-10-17,2024-12-26,24000,PE,188.85,235.9,185.25,227.5,227.5,30414,2939775,-13425,24749.85
2024-10-17,2027-12-30,26000,PE,0.0,0.0,0.0,3359.75,815.5,0,0,0,24749.85
2024-10-17,2026-12-31,26000,CE,0.0,0.0,0.0,1631.05,3302.1,0,0,0,24749.85
2024-10-17,2024-11-07,26000,CE,43.6,45.0,28.0,28.7,28.7,6658,117600,-9725,24749.85
2024-10-17,2024-10-24,26000,CE,4.2,4.9,2.8,3.05,3.05,600233,5954150,3515800,24749.85
2024-10-17,2025-03-27,26000,CE,771.0,775.05,680.0,686.8,686.8,3689,259175,11875,24749.85
2024-10-17,2024-11-28,26000,CE,135.05,138.0,92.7,94.45,94.45,58205,1376200,127050,24749.85
2024-10-17,2024-12-26,26000,PE,938.75,1087.95,930.75,1063.1,1063.1,6851,1185225,-30025,24749.85
2024-10-17,2029-06-28,26000,CE,0.0,0.0,0.0,7052.2,6450.35,0,0,0,24749.85
2024-10-17,2024-10-31,26000,CE,18.0,18.0,10.55,11.65,11.65,209467,6105050,272500,24749.85
2024-10-17,2024-11-07,26000,PE,920.0,920.0,920.0,920.0,1180.8,6,425,150,24749.85
2024-10-17,2025-06-26,26000,PE,1172.95,1200.0,1136.75,1155.1,1155.1,34,10600,-50,24749.85
2024-10-17,2024-10-31,24100,CE,928.0,928.0,767.55,783.4,783.4,104,11800,-100,24749.85
2024-10-17,2024-10-24,26350,PE,1524.0,1543.95,1524.0,1538.6,1538.6,81,2075,1700,24749.85
2024-10-17,2024-11-28,24650,PE,313.1,322.9,304.7,309.35,309.35,264,6600,5950,24749.85
2024-10-17,2024-10-17,24650,PE,2.55,9.45,0.05,0.15,24749.85,14780134,3822625,2139100,24749.85
2024-10-17,2024-10-31,24650,PE,90.95,162.9,86.6,152.25,152.25,8860,69450,26850,24749.85
2024-10-17,2024-11-07,24650,CE,0.0,0.0,0.0,978.15,429.35,0,0,0,24749.85
2024-10-17,2024-10-24,24650,CE,414.15,415.95,237.0,256.65,256.65,15051,77575,67900,24749.85
2024-10-17,2024-10-31,22250,PE,3.3,4.6,2.8,3.45,3.45,9515,482425,-28675,24749.85
2024-10-17,2024-10-31,22250,CE,2650.0,2650.1,2600.0,2600.0,2557.4,14,21025,-350,24749.85
2024-10-17,2024-12-26,27900,PE,0.0,0.0,0.0,1585.3,2814.4,0,0,0,24749.85
2024-10-17,2024-10-24,27900,CE,1.6,2.5,1.45,2.0,2.0,195999,2170075,2108575,24749.85
2024-10-17,2024-10-31,27900,PE,3000.0,3177.75,2982.3,3063.5,3078.0,22,98900,75,24749.85
2024-10-17,2024-11-28,27900,PE,0.0,0.0,0.0,2418.9,2937.4,0,0,0,24749.85
2024-10-17,2024-10-24,23150,PE,1.9,4.2,1.6,3.0,3.0,24025,146900,139350,24749.85
2024-10-17,2024-10-17,23150,PE,0.25,0.25,0.05,0.05,24749.85,47779,322050,24575,24749.85
2024-10-17,2024-10-24,23150,CE,0.0,0.0,0.0,1953.3,1629.8,0,25,0,24749.85
2024-10-17,2024-12-26,23150,CE,0.0,0.0,0.0,3515.8,1957.9,0,0,0,24749.85
2024-10-17,2024-11-14,25950,CE,0.0,0.0,0.0,220.15,63.75,0,0,0,24749.85
2024-10-17,2025-12-24,29000,CE,740.0,759.0,711.0,718.0,718.0,23,15025,100,24749.85
2024-10-17,2025-09-25,29000,CE,0.0,0.0,0.0,1377.55,475.95,0,0,0,24749.85
2024-10-17,2028-12-28,29000,CE,0.0,0.0,0.0,3645.75,4300.15,0,0,0,24749.85
2024-10-17,2025-06-26,29000,CE,250.0,255.0,233.0,240.8,240.8,345,18950,7625,24749.85
2024-10-17,2024-11-07,24200,PE,76.0,103.4,76.0,95.55,95.55,268,12200,3575,24749.85
2024-10-17,2024-10-31,24200,CE,880.05,880.05,675.25,695.5,695.5,1111,26750,16250,24749.85
2024-10-17,2024-11-14,24200,PE,0.0,0.0,0.0,157.95,125.25,0,0,0,24749.85
2024-10-17,2024-11-14,26300,CE,0.0,0.0,0.0,58.6,30.3,0,25,0,24749.85
2024-10-17,2024-12-26,26300,CE,194.1,194.1,147.4,148.4,148.4,548,15525,5975,24749.85
2024-10-17,2024-10-24,25550,PE,544.3,769.45,544.3,744.25,744.25,326,9175,4475,24749.85
2024-10-17,2024-10-17,25550,CE,0.65,1.15,0.05,0.1,24749.85,2824653,2940825,517975,24749.85
2024-10-17,2024-10-31,25550,PE,665.0,756.0,657.35,731.75,731.75,661,29800,-5975,24749.85
2024-10-17,2024-10-24,25550,CE,16.45,19.75,7.2,7.7,7.7,75819,392775,185925,24749.85
2024-10-17,2024-11-14,25550,CE,0.0,0.0,0.0,347.3,134.65,0,0,0,24749.85
2024-10-17,2024-12-26,25550,CE,470.25,470.35,378.0,383.2,383.2,214,2825,1625,24749.85
2024-10-17,2024-10-31,25550,CE,52.4,53.4,27.8,29.8,29.8,15956,155600,10225,24749.85
2024-10-17,2024-11-07,25550,PE,0.0,0.0,0.0,530.0,791.15,0,25,0,24749.85
2024-10-17,2024-10-31,27200,CE,3.8,4.9,2.7,4.05,4.05,4155,234225,-5375,24749.85
2024-10-17,2024-10-17,27200,PE,0.0,0.0,0.0,1693.3,24749.85,0,0,0,24749.85
2024-10-17,2024-12-26,27200,CE,89.75,89.75,89.75,89.75,89.75,4,325,100,24749.85
2024-10-17,2024-10-17,27200,CE,0.15,0.5,0.05,0.1,24749.85,114257,1065875,-138175,24749.85
2024-10-17,2024-10-17,23550,CE,0.0,0.0,0.0,1509.55,24749.85,0,25,0,24749.85
2024-10-17,2025-03-27,23000,CE,2780.95,2789.05,2630.0,2656.95,2656.95,260,54800,1450,24749.85
2024-10-17,2024-11-28,23550,CE,0.0,0.0,0.0,1790.95,1439.6,0,25,0,24749.85
2024-10-17,2024-10-24,23550,PE,3.45,5.65,2.75,4.95,4.95,11029,89375,75150,24749.85
2024-10-17,2026-12-31,23000,PE,0.0,0.0,0.0,636.95,310.25,0,12475,0,24749.85
2024-10-17,2024-11-07,23550,CE,0.0,0.0,0.0,1898.6,1308.0,0,0,0,24749.85
2024-10-17,2024-10-24,24550,CE,480.0,480.0,309.25,330.15,330.15,3792,38150,31275,24749.85
2024-10-17,2024-10-31,24550,PE,68.8,132.05,68.8,122.05,122.05,8219,59325,18125,24749.85
2024-10-17,2028-12-28,23000,CE,0.0,0.0,0.0,6377.6,7704.25,0,0,0,24749.85
2024-10-17,2027-12-30,23000,PE,0.0,0.0,0.0,2201.3,301.9,0,0,0,24749.85
2024-10-17,2024-12-26,24550,PE,0.0,0.0,0.0,264.85,362.5,0,25,0,24749.85
2024-10-17,2024-12-26,23000,CE,2364.0,2364.0,2159.6,2186.9,2186.9,1011,509200,350,24749.85
2024-10-17,2024-12-26,23000,PE,83.5,98.0,79.95,94.6,94.6,13759,2322350,14700,24749.85
2024-10-17,2024-11-28,24550,CE,749.7,779.8,695.65,705.3,705.3,54,1325,1225,24749.85
2024-10-17,2024-11-07,24550,PE,0.0,0.0,0.0,101.3,195.4,0,775,0,24749.85
2024-10-17,2024-10-31,23550,CE,0.0,0.0,0.0,1611.6,1266.95,0,25,0,24749.85
2024-10-17,2024-11-07,24550,CE,0.0,0.0,0.0,1051.4,490.4,0,0,0,24749.85
2024-10-17,2024-12-26,23550,PE,0.0,0.0,0.0,53.8,109.2,0,0,0,24749.85
2024-10-17,2024-11-07,23550,PE,0.0,0.0,0.0,55.15,16.9,0,75,0,24749.85
2024-10-17,2024-10-24,26750,PE,1748.15,1958.0,1748.15,1934.6,1934.6,431,10600,10600,24749.85
2024-10-17,2024-10-17,26600,CE,0.3,0.7,0.05,0.1,24749.85,313263,440675,-309800,24749.85
2024-10-17,2024-10-31,26600,CE,5.2,6.95,4.85,5.8,5.8,14662,323900,24300,24749.85
2024-10-17,2024-11-07,26600,CE,13.95,13.95,9.25,10.4,10.4,101,2150,-25,24749.85
2024-10-17,2024-10-24,26600,CE,1.6,2.7,1.6,2.25,2.25,37392,206600,43575,24749.85
2024-10-17,2024-10-31,26800,PE,1880.0,1950.0,1870.25,1950.0,1950.0,49,29275,225,24749.85
2024-10-17,2024-10-17,26550,PE,1800.0,1801.05,1794.0,1798.65,24749.85,42,475,-700,24749.85
2024-10-17,2024-11-14,26800,PE,0.0,0.0,0.0,1685.25,1920.75,0,0,0,24749.85
2024-10-17,2024-11-07,26800,CE,11.95,11.95,7.05,9.35,9.35,7,200,50,24749.85
2024-10-17,2024-11-14,26800,CE,0.0,0.0,0.0,70.1,9.0,0,0,0,24749.85
2024-10-17,2024-11-07,26550,CE,16.4,16.4,11.95,12.1,6.65,30,650,550,24749.85
2024-10-17,2025-06-26,18000,PE,0.0,0.0,0.0,110.05,0.4,0,300,0,24749.85
2024-10-17,2026-12-31,18000,PE,0.0,0.0,0.0,135.05,14.35,0,5275,0,24749.85
2024-10-17,2024-10-17,26800,PE,2025.0,2053.0,2025.0,2050.65,24749.85,133,875,-2450,24749.85
2024-10-17,2024-11-07,25300,PE,410.75,555.75,410.75,547.9,547.9,66,27900,675,24749.85
2024-10-17,2024-11-07,25300,CE,208.1,208.1,124.4,130.2,130.2,2458,37375,28525,24749.85
2024-10-17,2024-10-17,25300,CE,2.75,4.2,0.05,0.15,24749.85,8089320,8260650,835950,24749.85
2024-10-17,2024-10-31,25150,PE,267.45,425.0,265.55,404.55,404.55,4644,100075,-30000,24749.85
2024-10-17,2024-10-17,25150,CE,15.1,17.55,0.05,0.15,24749.85,7843090,4422175,-547600,24749.85
2024-10-17,2024-11-14,25150,PE,421.75,421.75,421.75,421.75,526.1,1,25,-25,24749.85
2024-10-17,2024-11-07,25150,CE,216.9,221.55,169.75,181.95,181.95,129,5050,600,24749.85
2024-10-17,2024-10-17,25500,CE,0.75,1.25,0.05,0.1,24749.85,7796287,14986650,3403700,24749.85
2024-10-17,2024-10-24,25500,CE,18.05,24.8,8.65,9.15,9.15,398879,2998575,1612050,24749.85
2024-10-17,2024-10-31,25500,PE,494.6,712.25,483.6,688.75,688.75,51254,2321225,14350,24749.85
2024-10-17,2024-10-24,24000,PE,9.0,16.1,6.05,14.25,14.25,356059,2477425,1166600,24749.85
2024-10-17,2029-06-28,24000,PE,0.0,0.0,0.0,686.6,361.05,0,0,0,24749.85
2024-10-17,2026-06-25,24000,CE,0.0,0.0,0.0,1698.3,3810.9,0,0,0,24749.85
2024-10-17,2025-06-26,24000,CE,0.0,0.0,0.0,2429.2,2240.65,0,650,0,24749.85
2024-10-17,2026-06-25,24000,PE,0.0,0.0,0.0,5437.7,477.0,0,0,0,24749.85
2024-10-17,2025-03-27,22000,CE,3600.0,3600.0,3475.4,3503.3,3503.3,52,2125,1225,24749.85
2024-10-17,2028-12-28,24000,PE,0.0,0.0,0.0,742.35,386.1,0,0,0,24749.85
2024-10-17,2029-06-28,24000,CE,0.0,0.0,0.0,8085.35,7633.7,0,0,0,24749.85
2024-10-17,2024-11-14,24000,PE,75.0,100.95,74.35,95.6,95.6,424,9150,-825,24749.85
2024-10-17,2026-12-31,24000,PE,0.0,0.0,0.0,950.0,471.95,0,4375,0,24749.85
2024-10-17,2024-11-14,25750,PE,0.0,0.0,0.0,850.75,961.05,0,0,0,24749.85
2024-10-17,2024-10-17,25750,PE,803.0,1007.1,781.0,1000.5,24749.85,652,9825,-6550,24749.85
2024-10-17,2024-10-24,25750,PE,920.0,963.0,918.95,948.0,948.0,341,6975,5225,24749.85
2024-10-17,2024-11-28,25750,PE,900.0,900.0,868.75,900.0,900.0,11,1200,125,24749.85
2024-10-17,2024-10-31,22750,PE,4.2,6.65,4.2,5.75,5.75,483,3925,-750,24749.85
2024-10-17,2024-11-28,25350,CE,350.35,350.35,267.9,275.0,275.0,297,5850,-500,24749.85
2024-10-17,2025-09-25,20000,PE,0.0,0.0,0.0,22.8,19.05,0,0,0,24749.85
2024-10-17,2028-12-28,20000,CE,0.0,0.0,0.0,8115.5,9768.8,0,0,0,24749.85
2024-10-17,2024-10-31,24950,PE,193.0,297.7,172.05,279.0,279.0,11855,105600,-22525,24749.85
2024-10-17,2026-06-25,20000,PE,0.0,0.0,0.0,3159.75,47.65,0,0,0,24749.85
2024-10-17,2027-12-30,20000,CE,0.0,0.0,0.0,5333.85,8715.5,0,0,0,24749.85
2024-10-17,2024-12-26,20000,CE,5200.0,5204.7,5027.35,5048.4,5048.4,3594,340300,600,24749.85
2024-10-17,2029-06-28,20000,CE,0.0,0.0,0.0,10410.0,10267.05,0,0,0,24749.85
2024-10-17,2026-12-31,20000,PE,0.0,0.0,0.0,135.45,62.0,0,4300,0,24749.85
2024-10-17,2025-12-24,20000,PE,0.0,0.0,0.0,46.75,29.15,0,16150,0,24749.85
2024-10-17,2024-11-28,24950,PE,342.9,434.4,337.8,422.95,422.95,498,9275,-175,24749.85
2024-10-17,2024-10-24,24950,PE,140.0,259.2,118.6,237.8,237.8,114874,231375,62100,24749.85
2024-10-17,2024-12-26,20000,PE,23.15,26.1,22.2,23.1,23.1,20427,1103275,107875,24749.85
2024-10-17,2025-06-26,20000,CE,0.0,0.0,0.0,3180.85,5669.85,0,0,0,24749.85
2024-10-17,2024-10-31,22700,CE,0.0,0.0,0.0,2446.35,2108.6,0,1200,0,24749.85
2024-10-17,2024-11-28,23750,CE,0.0,0.0,0.0,1613.7,1267.05,0,25,0,24749.85
2024-10-17,2024-11-07,25500,CE,142.45,142.45,79.35,83.05,83.05,6097,103575,31675,24749.85
2024-10-17,2024-12-26,25500,CE,480.45,502.0,396.45,400.55,400.55,10981,262075,44325,24749.85
2024-10-17,2024-11-28,25500,PE,584.95,742.3,581.05,721.3,721.3,10199,752100,-57225,24749.85
2024-10-17,2024-10-24,23750,CE,0.0,0.0,0.0,1364.95,1032.55,0,100,0,24749.85
2024-10-17,2024-11-14,23950,CE,0.0,0.0,0.0,1323.8,999.35,0,0,0,24749.85
2024-10-17,2024-10-17,23950,PE,0.25,0.4,0.05,0.05,24749.85,213150,421600,107975,24749.85
2024-10-17,2024-12-26,23950,PE,0.0,0.0,0.0,86.0,184.75,0,0,0,24749.85
2024-10-17,2024-11-14,23950,PE,0.0,0.0,0.0,60.0,75.8,0,25,0,24749.85
2024-10-17,2024-11-14,25500,CE,180.0,190.0,130.0,137.6,137.6,346,10225,2975,24749.85
2024-10-17,2024-11-07,25500,PE,550.0,710.0,550.0,696.85,696.85,168,1825,-1600,24749.85
2024-10-17,2024-10-31,23100,PE,5.05,8.95,5.0,8.05,8.05,2552,45950,-18600,24749.85
2024-10-17,2024-11-28,26450,CE,45.0,47.65,41.9,44.05,57.75,31,2750,-250,24749.85
2024-10-17,2024-10-17,26450,PE,1670.0,1701.25,1665.0,1698.7,24749.85,10,525,-100,24749.85
2024-10-17,2024-10-17,26450,CE,0.2,0.7,0.05,0.1,24749.85,126802,215950,100150,24749.85
2024-10-17,2024-12-26,26450,CE,128.25,128.25,123.1,123.1,154.35,150,3700,3675,24749.85
2024-10-17,2024-10-24,26250,PE,1428.0,1458.2,1412.2,1439.05,1439.05,112,3975,2375,24749.85
2024-10-17,2024-11-07,26250,PE,0.0,0.0,0.0,1024.4,1414.5,0,25,0,24749.85
2024-10-17,2024-11-14,26250,PE,0.0,0.0,0.0,1220.2,1398.45,0,0,0,24749.85
2024-10-17,2024-12-26,26250,PE,0.0,0.0,0.0,1112.65,1355.35,0,1400,0,24749.85
2024-10-17,2024-11-28,26250,PE,0.0,0.0,0.0,1164.15,1377.4,0,1150,0,24749.85
2024-10-17,2024-10-24,25050,CE,148.8,154.15,55.1,61.45,61.45,185219,684300,384975,24749.85
2024-10-17,2024-10-31,25050,PE,217.65,358.85,212.1,337.8,337.8,8623,140200,-42775,24749.85
2024-10-17,2024-10-17,26500,PE,1525.0,1754.8,1525.0,1750.05,24749.85,810,40675,-17150,24749.85
2024-10-17,2024-10-31,26500,CE,6.3,6.75,5.1,5.95,5.95,81804,2367050,-91650,24749.85
2024-10-17,2024-10-31,26500,PE,1450.95,1676.05,1445.65,1653.8,1653.8,1153,452275,-16000,24749.85
2024-10-17,2024-10-17,26500,CE,0.2,0.7,0.05,0.1,24749.85,1089998,2660625,-2255950,24749.85
2024-10-17,2024-11-07,26500,PE,0.0,0.0,0.0,1216.6,1655.2,0,0,0,24749.85
2024-10-17,2024-10-24,26150,PE,1280.0,1363.0,1260.0,1330.6,1330.6,44,2425,1025,24749.85
2024-10-17,2024-11-07,26150,PE,0.0,0.0,0.0,951.7,1320.0,0,0,0,24749.85
2024-10-17,2024-12-26,26150,PE,0.0,0.0,0.0,1007.65,1278.55,0,225,0,24749.85
2024-10-17,2024-11-28,26150,PE,1192.3,1192.3,1192.3,1192.3,1292.0,1,300,0,24749.85
2024-10-17,2024-11-14,26150,PE,0.0,0.0,0.0,1141.7,1307.2,0,0,0,24749.85
2024-10-17,2024-11-07,26700,CE,9.2,9.5,9.05,9.35,9.35,129,1675,250,24749.85
2024-10-17,2024-11-07,26050,PE,0.0,0.0,0.0,881.55,1226.8,0,0,0,24749.85
2024-10-17,2025-06-26,21000,PE,0.0,0.0,0.0,160.0,31.1,0,875,0,24749.85
2024-10-17,2025-12-24,21000,PE,0.0,0.0,0.0,102.5,68.35,0,13475,0,24749.85
2024-10-17,2024-11-14,26700,CE,18.0,18.0,16.1,17.05,17.05,8,125,100,24749.85
2024-10-17,2026-06-25,21000,PE,0.0,0.0,0.0,3065.6,95.55,0,0,0,24749.85
2024-10-17,2024-10-17,26050,PE,1095.45,1300.45,1095.45,1299.35,24749.85,49,1775,-1175,24749.85
2024-10-17,2024-12-26,21000,PE,31.65,32.9,28.3,30.85,30.85,14051,1735525,139900,24749.85
2024-10-17,2024-10-24,26500,CE,2.4,2.95,1.9,2.3,2.3,274682,2876225,2292625,24749.85
2024-10-17,2024-11-07,26500,CE,15.75,15.75,12.0,12.55,12.55,966,32750,-2575,24749.85
2024-10-17,2024-11-07,23950,PE,60.0,60.0,58.95,59.0,52.4,17,450,425,24749.85
2024-10-17,2024-11-28,23950,CE,0.0,0.0,0.0,1426.35,1102.95,0,75,0,24749.85
2024-10-17,2024-10-24,27500,CE,1.85,2.35,1.65,2.1,2.1,258907,2570850,2410925,24749.85
2024-10-17,2024-12-26,27500,CE,41.65,41.75,31.8,32.65,32.65,1974,181700,-625,24749.85
2024-10-17,2024-10-31,22450,CE,2525.0,2525.0,2375.0,2375.0,2357.9,3,250,0,24749.85
2024-10-17,2024-10-31,22450,PE,4.6,5.35,3.6,4.45,4.45,425,23525,475,24749.85
2024-10-17,2024-10-31,22300,CE,2745.0,2745.0,2540.0,2540.0,2507.5,4,50750,-100,24749.85
2024-10-17,2024-10-31,22600,PE,4.05,6.1,4.05,5.05,5.05,2005,23125,-5450,24749.85
2024-10-17,2024-11-28,23250,CE,0.0,0.0,0.0,2065.75,1710.95,0,25,0,24749.85
2024-10-17,2024-11-14,23250,CE,0.0,0.0,0.0,1941.85,1633.2,0,0,0,24749.85
2024-10-17,2024-12-26,23250,CE,0.0,0.0,0.0,2373.65,1869.3,0,25,0,24749.85
2024-10-17,2024-10-31,23250,CE,1615.0,1615.0,1615.0,1615.0,1561.55,5,100,-25,24749.85
2024-10-17,2024-10-17,23750,CE,1091.6,1091.6,1001.55,1004.65,24749.85,94,250,0,24749.85
2024-10-17,2024-11-14,23750,PE,0.0,0.0,0.0,78.7,48.6,0,0,0,24749.85
2024-10-17,2024-10-17,23750,PE,0.3,0.35,0.05,0.1,24749.85,112236,726575,340650,24749.85
2024-10-17,2024-10-17,27700,CE,0.2,0.35,0.05,0.1,24749.85,102558,361175,297725,24749.85
2024-10-17,2026-12-31,15000,PE,0.0,0.0,0.0,37.8,0.65,0,2150,0,24749.85
2024-10-17,2024-12-26,15000,CE,0.0,0.0,0.0,10204.6,9942.8,0,15425,0,24749.85
2024-10-17,2024-11-28,27700,PE,0.0,0.0,0.0,2252.45,2740.75,0,0,0,24749.85
2024-10-17,2026-06-25,15000,PE,0.0,0.0,0.0,21.9,0.2,0,850,0,24749.85
2024-10-17,2024-10-17,27750,PE,0.0,0.0,0.0,2198.0,24749.85,0,0,0,24749.85
2024-10-17,2024-10-24,27750,PE,2755.15,2971.85,2755.15,2971.85,2971.85,8,100,100,24749.85
2024-10-17,2024-10-31,27750,CE,2.75,3.4,2.55,2.9,2.9,840,34600,-1425,24749.85
2024-10-17,2024-11-28,27750,CE,12.65,12.65,8.5,11.1,4.4,84,6800,-350,24749.85
2024-10-17,2024-11-28,24750,PE,316.15,355.5,316.15,342.0,342.0,305,19050,2525,24749.85
2024-10-17,2024-10-17,27450,CE,0.1,0.4,0.05,0.05,24749.85,38005,158750,106000,24749.85
2024-10-17,2024-10-24,27450,CE,1.5,2.35,1.5,2.1,2.1,1026,9100,3425,24749.85
2024-10-17,2024-11-28,27450,PE,0.0,0.0,0.0,1090.3,2496.3,0,50,0,24749.85
2024-10-17,2025-09-25,28000,CE,0.0,0.0,0.0,1788.2,717.9,0,0,0,24749.85
2024-10-17,2024-11-14,26100,CE,45.65,45.65,37.75,40.3,40.3,17,925,200,24749.85
2024-10-17,2024-12-26,26100,PE,1072.55,1116.25,1072.55,1116.25,1240.9,2,6050,50,24749.85
2024-10-17,2024-10-17,23800,CE,1021.0,1052.55,952.0,952.0,24749.85,41,1850,-500,24749.85
2024-10-17,2024-11-07,23400,CE,0.0,0.0,0.0,2038.65,1450.95,0,0,0,24749.85
2024-10-17,2024-10-17,25050,PE,79.9,306.2,78.5,298.25,24749.85,840199,333650,-745150,24749.85
2024-10-17,2024-10-17,27500,CE,0.2,0.4,0.05,0.1,24749.85,369862,849150,-1722175,24749.85
2024-10-17,2024-10-24,26600,PE,1597.75,1797.85,1597.75,1784.45,1784.45,78,1875,1850,24749.85
2024-10-17,2024-11-14,26600,PE,0.0,0.0,0.0,1510.35,1727.75,0,0,0,24749.85
2024-10-17,2024-11-07,26600,PE,0.0,0.0,0.0,1297.15,1752.75,0,0,0,24749.85
2024-10-17,2024-11-07,24800,CE,506.95,506.95,340.0,352.8,352.8,1578,16375,15800,24749.85
2024-10-17,2024-11-28,24800,CE,677.95,677.95,536.55,548.05,548.05,5946,71675,54400,24749.85
2024-10-17,2024-11-14,24800,PE,242.0,322.5,242.0,315.4,315.4,188,3675,3125,24749.85
2024-10-17,2024-10-31,24800,PE,130.65,222.7,124.2,207.8,207.8,181727,1765050,449550,24749.85
