date,expiry,strike,opt_type,open,high,low,close,settle,volume,oi,oi_change,underlying
2025-01-13,2025-03-27,23000,CE,990.9,1043.0,860.05,888.85,888.85,2533,422025,31400,23085.95
2025-01-13,2025-01-30,23000,CE,499.95,570.0,378.0,399.25,399.25,106758,1316375,277525,23085.95
2025-01-13,2025-03-27,23550,CE,660.0,695.7,615.0,615.0,494.0,6,3225,-150,23085.95
2025-01-13,2025-02-06,23550,CE,310.15,347.95,281.65,281.65,176.75,10,1800,225,23085.95
2025-01-13,2025-01-23,23550,CE,131.75,166.95,73.0,77.05,77.05,8841,151875,61500,23085.95
2025-01-13,2025-01-30,23550,CE,198.8,243.25,136.85,141.85,141.85,15977,155025,7950,23085.95
2025-01-13,2025-02-27,23000,CE,780.0,848.0,666.2,692.65,692.65,6952,368325,190950,23085.95
2025-01-13,2025-02-06,23000,CE,619.3,682.7,511.2,534.45,534.45,431,20475,20250,23085.95
2025-01-13,2025-02-27,24550,CE,132.0,145.95,98.65,102.95,102.95,520,13725,6900,23085.95
2025-01-13,2026-12-31,23000,PE,760.1,850.05,760.1,825.05,825.05,57,13550,450,23085.95
2025-01-13,2025-03-27,24550,CE,252.0,252.0,243.15,245.9,178.6,44,3600,3300,23085.95
2025-01-13,2025-02-06,24550,CE,0.0,0.0,0.0,393.9,18.15,0,0,0,23085.95
2025-01-13,2025-02-06,24550,PE,0.0,0.0,0.0,584.45,1373.5,0,0,0,23085.95
2025-01-13,2025-02-13,23550,PE,0.0,0.0,0.0,405.1,557.5,0,0,0,23085.95
2025-01-13,2028-12-28,23000,CE,0.0,0.0,0.0,6377.6,5937.55,0,0,0,23085.95
2025-01-13,2027-12-30,23000,PE,800.0,850.0,800.0,850.0,850.0,2,1350,150,23085.95
2025-01-13,2025-02-27,23550,CE,468.5,508.15,393.25,396.4,396.4,183,16350,6525,23085.95
2025-01-13,2025-03-27,23550,PE,630.0,680.45,630.0,672.25,672.25,7,1950,-375,23085.95
2025-01-13,2025-03-27,24550,PE,0.0,0.0,0.0,966.45,1313.45,0,0,0,23085.95
2025-01-13,2025-06-26,23000,CE,1454.5,1544.95,1332.45,1357.5,1357.5,731,106450,28425,23085.95
2025-01-13,2025-01-23,24550,PE,1305.0,1315.0,1282.0,1315.0,1419.4,5,750,225,23085.95
2025-01-13,2025-01-16,26400,PE,0.0,0.0,0.0,1724.85,3299.4,0,0,0,23085.95
2025-01-13,2025-02-27,26400,PE,0.0,0.0,0.0,2417.9,3096.9,0,1350,0,23085.95
2025-01-13,2025-02-06,21950,CE,0.0,0.0,0.0,2399.1,1253.0,0,0,0,23085.95
2025-01-13,2025-03-27,21950,PE,0.0,0.0,0.0,110.9,104.35,0,3150,0,23085.95
2025-01-13,2025-01-30,22350,PE,54.05,85.7,46.15,74.55,74.55,14332,78700,47325,23085.95
2025-01-13,2025-01-16,21950,PE,5.0,8.45,4.0,6.5,6.5,94956,1263675,39975,23085.95
2025-01-13,2025-02-27,22350,PE,0.0,0.0,0.0,99.0,119.9,0,3600,0,23085.95
2025-01-13,2025-03-27,22350,PE,0.0,0.0,0.0,161.0,180.85,0,4575,0,23085.95
2025-01-13,2025-02-06,22350,CE,0.0,0.0,0.0,2014.15,895.05,0,0,0,23085.95
2025-01-13,2025-02-13,22350,CE,0.0,0.0,0.0,1403.95,945.35,0,0,0,23085.95
2025-01-13,2025-02-06,22350,PE,0.0,0.0,0.0,20.0,60.1,0,0,0,23085.95
2025-01-13,2025-01-30,21950,CE,0.0,0.0,0.0,2652.1,1213.95,0,150,0,23085.95
2025-01-13,2025-02-13,21950,PE,0.0,0.0,0.0,32.65,32.1,0,0,0,23085.95
2025-01-13,2025-01-23,21950,CE,0.0,0.0,0.0,2168.35,1178.3,0,0,0,23085.95
2025-01-13,2025-01-16,21950,CE,0.0,0.0,0.0,2755.15,1148.15,0,0,0,23085.95
2025-01-13,2025-03-27,21950,CE,0.0,0.0,0.0,2301.2,1534.6,0,0,0,23085.95
2025-01-13,2025-02-27,21950,PE,109.95,142.3,109.95,132.7,132.7,140,15075,8700,23085.95
2025-01-13,2025-01-23,22350,PE,37.85,48.85,26.05,41.15,41.15,2876,28425,23325,23085.95
2025-01-13,2025-01-30,22350,CE,0.0,0.0,0.0,2275.6,843.35,0,100,0,23085.95
2025-01-13,2025-01-23,22350,CE,0.0,0.0,0.0,1790.4,791.85,0,0,0,23085.95
2025-01-13,2025-01-30,21950,PE,25.0,40.95,21.6,33.9,33.9,11668,133625,9025,23085.95
2025-01-13,2025-02-27,22350,CE,0.0,0.0,0.0,2111.35,1041.05,0,0,0,23085.95
2025-01-13,2025-01-16,22350,PE,10.05,18.1,7.65,12.05,12.05,247737,659775,-975,23085.95
2025-01-13,2025-02-06,21950,PE,38.45,38.45,38.45,38.45,19.85,2,1125,0,23085.95
2025-01-13,2025-02-13,21950,CE,0.0,0.0,0.0,1762.7,1293.55,0,0,0,23085.95
2025-01-13,2025-02-27,21950,CE,0.0,0.0,0.0,2451.75,1375.3,0,0,0,23085.95
2025-01-13,2025-03-27,22350,CE,0.0,0.0,0.0,1967.0,1216.45,0,0,0,23085.95
2025-01-13,2025-01-16,22350,CE,0.0,0.0,0.0,2364.3,748.7,0,0,0,23085.95
2025-01-13,2025-01-23,21950,PE,9.5,26.7,7.9,17.55,17.55,2050,41250,35625,23085.95
2025-01-13,2025-03-27,25400,CE,100.0,100.0,75.3,83.05,83.05,84,6675,75,23085.95
2025-01-13,2025-02-27,26400,CE,17.0,19.6,14.35,17.0,1.6,68,14175,675,23085.95
2025-01-13,2025-01-30,26400,CE,3.7,5.75,3.55,5.45,5.45,4446,136525,-16475,23085.95
2025-01-13,2026-06-25,13000,PE,0.0,0.0,0.0,21.6,0.05,0,200,0,23085.95
2025-01-13,2025-02-13,23650,CE,0.0,0.0,0.0,494.6,194.85,0,0,0,23085.95
2025-01-13,2025-01-23,23650,CE,82.95,129.75,53.05,56.4,56.4,9922,136200,75300,23085.95
2025-01-13,2025-02-06,23650,CE,0.0,0.0,0.0,906.55,146.7,0,0,0,23085.95
2025-01-13,2025-02-06,23650,PE,0.0,0.0,0.0,203.4,606.0,0,0,0,23085.95
2025-01-13,2025-01-23,23650,PE,515.55,612.0,408.3,565.15,565.15,729,39150,1275,23085.95
2025-01-13,2025-03-27,23650,PE,0.0,0.0,0.0,477.25,698.25,0,4575,0,23085.95
2025-01-13,2025-03-27,23650,CE,579.9,579.9,517.5,517.5,451.3,9,675,675,23085.95
2025-01-13,2026-12-31,13000,PE,0.0,0.0,0.0,20.05,0.1,0,1950,0,23085.95
2025-01-13,2025-12-24,13000,PE,0.0,0.0,0.0,10.05,0.05,0,600,0,23085.95
2025-01-13,2025-01-30,23650,PE,513.95,672.65,439.6,600.35,600.35,3571,120600,-18900,23085.95
2025-01-13,2025-01-30,23650,CE,167.0,200.25,107.4,112.5,112.5,16182,188150,23600,23085.95
2025-01-13,2025-02-27,25800,CE,28.95,34.0,22.65,26.55,26.55,721,47025,-12525,23085.95
2025-01-13,2025-02-06,25800,PE,0.0,0.0,0.0,1508.75,2600.05,0,0,0,23085.95
2025-01-13,2028-12-28,25000,PE,0.0,0.0,0.0,999.0,827.8,0,50,0,23085.95
2025-01-13,2025-03-27,25800,CE,66.0,66.0,49.5,51.05,51.05,73,4125,-825,23085.95
2025-01-13,2028-06-29,25000,CE,0.0,0.0,0.0,3545.15,4199.25,0,0,0,23085.95
2025-01-13,2029-12-27,25000,CE,0.0,0.0,0.0,7196.25,5885.85,0,0,0,23085.95
2025-01-13,2025-03-27,25000,PE,1540.0,1683.45,1429.7,1632.7,1632.7,712,616250,-9225,23085.95
2025-01-13,2025-02-13,25000,CE,47.15,47.15,32.0,37.0,37.0,200,17100,10200,23085.95
2025-01-13,2025-02-27,25000,PE,1500.0,1764.15,1500.0,1747.0,1747.0,464,239475,2325,23085.95
2025-01-13,2025-01-16,25000,PE,1750.0,1912.0,1638.45,1879.35,1879.35,389,176775,1275,23085.95
2025-01-13,2025-01-23,25800,PE,0.0,0.0,0.0,1720.45,2666.4,0,0,0,23085.95
2025-01-13,2025-01-23,25800,CE,3.3,5.75,3.25,5.35,5.35,6535,174450,153600,23085.95
2025-01-13,2025-01-16,25000,CE,1.3,2.85,1.25,2.55,2.55,541473,9896925,1949100,23085.95
2025-01-13,2027-06-24,25000,PE,0.0,0.0,0.0,5619.05,1088.55,0,0,0,23085.95
2025-01-13,2025-03-27,23600,CE,612.0,663.35,547.7,554.05,554.05,249,11925,2925,23085.95
2025-01-13,2025-02-27,23600,PE,599.0,701.0,542.5,678.3,678.3,1061,162300,-21975,23085.95
2025-01-13,2025-01-16,23600,PE,350.0,539.0,294.9,488.35,488.35,69309,1657350,-708900,23085.95
2025-01-13,2025-01-30,23600,CE,194.55,222.0,120.45,125.8,125.8,97533,1035275,95075,23085.95
2025-01-13,2025-02-13,23600,CE,355.0,372.75,355.0,368.4,211.0,7,975,75,23085.95
2025-01-13,2025-03-27,23600,PE,593.25,713.35,573.35,694.9,694.9,178,11925,6900,23085.95
2025-01-13,2025-02-06,23600,PE,571.6,650.3,493.85,650.3,570.7,45,10950,675,23085.95
2025-01-13,2025-01-30,23600,PE,445.0,605.8,409.25,559.9,559.9,35248,1033075,-262775,23085.95
2025-01-13,2025-02-27,22550,CE,0.0,0.0,0.0,1948.6,888.85,0,0,0,23085.95
2025-01-13,2025-02-27,22800,CE,896.0,896.0,799.0,817.6,817.6,32,1875,1875,23085.95
2025-01-13,2025-01-23,22550,CE,750.85,752.2,680.0,680.0,611.7,6,375,375,23085.95
2025-01-13,2025-02-06,22550,PE,0.0,0.0,0.0,30.75,96.6,0,0,0,23085.95
2025-01-13,2025-01-30,22550,PE,85.0,123.2,70.45,108.95,108.95,10946,78850,12425,23085.95
2025-01-13,2025-01-23,22800,CE,564.0,625.0,421.7,451.25,451.25,810,27975,22575,23085.95
2025-01-13,2025-02-13,22800,CE,0.0,0.0,0.0,1036.3,609.15,0,0,0,23085.95
2025-01-13,2025-01-16,22550,CE,584.0,607.6,581.6,596.25,596.25,9,375,375,23085.95
2025-01-13,2025-03-27,22550,PE,0.0,0.0,0.0,110.85,231.95,0,3300,0,23085.95
2025-01-13,2025-02-06,22800,CE,0.0,0.0,0.0,1597.85,550.2,0,0,0,23085.95
2025-01-13,2025-02-13,22550,PE,0.0,0.0,0.0,100.75,122.45,0,0,0,23085.95
2025-01-13,2025-01-30,22550,CE,834.25,834.25,686.95,720.1,720.1,243,3500,3300,23085.95
2025-01-13,2025-01-16,22550,PE,13.0,29.9,12.85,18.35,18.35,293886,998025,452100,23085.95
2025-01-13,2025-03-27,22550,CE,0.0,0.0,0.0,1808.05,1070.25,0,0,0,23085.95
2025-01-13,2025-01-16,22800,PE,34.9,58.75,25.35,39.95,39.95,1076151,3386850,685200,23085.95
2025-01-13,2025-01-23,22800,PE,84.3,137.2,74.0,117.4,117.4,31446,329925,135300,23085.95
2025-01-13,2025-01-23,21900,CE,0.0,0.0,0.0,2216.5,1227.75,0,0,0,23085.95
2025-01-13,2025-06-26,14000,PE,0.0,0.0,0.0,0.25,0.05,0,2925,0,23085.95
2025-01-13,2025-02-27,26000,CE,26.5,26.95,21.75,24.25,24.25,6534,643200,6750,23085.95
2025-01-13,2029-06-28,26000,PE,0.0,0.0,0.0,1391.75,971.3,0,25,0,23085.95
2025-01-13,2026-06-25,26000,CE,1010.0,1061.95,1010.0,1061.95,1294.5,2,775,150,23085.95
2025-01-13,2026-06-25,26000,PE,0.0,0.0,0.0,6709.2,1789.85,0,0,0,23085.95
2025-01-13,2027-06-24,26000,CE,0.0,0.0,0.0,1900.85,2485.3,0,0,0,23085.95
2025-01-13,2025-03-27,26000,PE,2361.45,2561.6,2305.0,2534.95,2534.95,214,508200,-2825,23085.95
2025-01-13,2025-09-25,26000,PE,0.0,0.0,0.0,812.55,2157.25,0,0,0,23085.95
2025-01-13,2026-12-31,26000,PE,1710.0,1710.0,1710.0,1710.0,1597.85,5,875,0,23085.95
2025-01-13,2028-12-28,26000,CE,0.0,0.0,0.0,4879.7,4252.3,0,0,0,23085.95
2025-01-13,2025-01-30,26000,CE,4.65,6.95,3.85,6.25,6.25,78709,3232375,-127925,23085.95
2025-01-13,2027-12-30,26000,PE,0.0,0.0,0.0,3359.75,1301.35,0,0,0,23085.95
2025-01-13,2026-12-31,26000,CE,0.0,0.0,0.0,1631.05,1912.5,0,0,0,23085.95
2025-01-13,2025-03-27,26000,CE,52.0,52.0,40.5,42.65,42.65,8779,1467400,146450,23085.95
2025-01-13,2025-01-30,26000,PE,2696.1,2874.0,2592.0,2834.15,2834.15,3739,1066225,-10700,23085.95
2025-01-13,2025-02-13,24200,CE,0.0,0.0,0.0,268.25,72.65,0,0,0,23085.95
2025-01-13,2025-02-27,23300,CE,617.85,658.9,501.35,520.8,520.8,1285,40575,26025,23085.95
2025-01-13,2025-01-16,23300,PE,172.8,280.0,128.15,233.1,233.1,1518869,2124300,-391125,23085.95
2025-01-13,2025-02-13,23300,PE,0.0,0.0,0.0,293.65,409.55,0,75,0,23085.95
2025-01-13,2025-03-27,30000,CE,11.0,12.0,10.0,11.4,11.4,381,227075,-7725,23085.95
2025-01-13,2025-01-30,23300,PE,309.75,411.8,259.45,376.55,376.55,142691,1395150,86575,23085.95
2025-01-13,2025-03-27,23300,CE,789.35,844.0,704.75,715.35,715.35,199,9300,9300,23085.95
2025-01-13,2025-02-06,23300,PE,418.05,476.15,340.0,447.65,447.65,177,9450,4725,23085.95
2025-01-13,2025-02-13,23300,CE,0.0,0.0,0.0,690.05,328.7,0,0,0,23085.95
2025-01-13,2025-03-27,30000,PE,6360.05,6454.35,6201.0,6429.05,6429.05,38,32950,-1100,23085.95
2025-01-13,2025-12-24,30000,CE,114.0,123.6,105.3,113.95,113.95,88,34500,-525,23085.95
2025-01-13,2025-01-30,23300,CE,330.1,375.2,227.3,241.1,241.1,109517,637175,459225,23085.95
2025-01-13,2025-01-30,26150,CE,5.35,6.5,4.1,6.25,6.25,1261,18550,-1225,23085.95
2025-01-13,2025-01-16,24550,PE,1305.0,1469.1,1290.0,1469.1,1450.45,10,2850,-450,23085.95
2025-01-13,2029-12-27,23000,CE,0.0,0.0,0.0,8286.75,7021.1,0,0,0,23085.95
2025-01-13,2025-02-13,24550,PE,0.0,0.0,0.0,1023.35,1358.5,0,0,0,23085.95
2025-01-13,2025-01-30,24550,PE,1310.45,1423.2,1248.0,1409.0,1409.0,10,16525,-50,23085.95
2025-01-13,2025-01-16,23550,CE,50.15,76.5,18.4,20.1,20.1,733971,2988750,1449750,23085.95
2025-01-13,2029-12-27,23000,PE,0.0,0.0,0.0,488.7,395.45,0,0,0,23085.95
2025-01-13,2025-01-16,24550,CE,2.05,4.0,1.75,2.85,2.85,86282,1000200,-121350,23085.95
2025-01-13,2025-12-24,23000,CE,2315.9,2377.95,2200.0,2230.0,2230.0,258,93750,12750,23085.95
2025-01-13,2029-06-28,23000,PE,0.0,0.0,0.0,543.65,426.2,0,0,0,23085.95
2025-01-13,2025-01-16,23550,PE,295.05,492.0,259.45,436.5,436.5,37354,1083075,-220875,23085.95
2025-01-13,2027-12-30,23000,CE,0.0,0.0,0.0,4125.7,4776.35,0,0,0,23085.95
2025-01-13,2025-01-16,23000,CE,324.65,414.15,186.0,211.9,211.9,360396,2239500,1840950,23085.95
2025-01-13,2025-01-30,24550,CE,24.25,27.3,16.8,18.0,18.0,6452,103525,-2925,23085.95
2025-01-13,2026-06-25,23000,CE,0.0,0.0,0.0,2645.65,2817.4,0,0,0,23085.95
2025-01-13,2025-01-30,23550,PE,455.0,571.55,381.55,527.8,527.8,6956,128300,-54325,23085.95
2025-01-13,2025-02-27,23550,PE,588.05,661.85,517.35,642.25,642.25,107,15525,-3000,23085.95
2025-01-13,2025-12-24,23000,PE,671.4,760.0,651.6,736.15,736.15,1330,410325,7500,23085.95
2025-01-13,2026-12-31,23000,CE,4000.0,4000.0,4000.0,4000.0,3520.1,1,900,75,23085.95
2025-01-13,2028-06-29,23000,PE,0.0,0.0,0.0,1399.25,490.7,0,0,0,23085.95
2025-01-13,2026-06-25,23000,PE,769.75,842.0,769.75,773.15,773.15,12,6425,375,23085.95
2025-01-13,2027-06-24,23000,PE,0.0,0.0,0.0,4514.3,554.1,0,0,0,23085.95
2025-01-13,2029-06-28,23000,CE,0.0,0.0,0.0,8636.0,6488.4,0,0,0,23085.95
2025-01-13,2025-02-13,23000,PE,308.0,358.45,280.0,348.5,348.5,44,2325,1725,23085.95
2025-01-13,2025-01-23,24550,CE,11.15,11.15,7.3,8.1,8.1,2882,46275,14325,23085.95
2025-01-13,2025-01-16,25300,CE,1.5,2.85,1.05,2.5,2.5,82903,1280250,367800,23085.95
2025-01-13,2025-03-27,25900,PE,0.0,0.0,0.0,1904.95,2496.7,0,0,0,23085.95
2025-01-13,2025-02-06,25900,CE,9.0,10.05,6.3,9.55,9.55,329,19575,13575,23085.95
2025-01-13,2025-01-30,25900,PE,2612.65,2664.6,2587.0,2612.75,2732.75,22,13975,225,23085.95
2025-01-13,2025-01-16,25900,PE,2635.0,2644.3,2635.0,2644.25,2799.7,15,2775,-825,23085.95
2025-01-13,2025-03-27,25900,CE,60.0,60.0,47.0,47.0,29.95,14,2325,-450,23085.95
2025-01-13,2025-02-06,25900,PE,0.0,0.0,0.0,1596.95,2699.55,0,0,0,23085.95
2025-01-13,2025-01-30,25900,CE,4.25,7.3,4.25,7.05,7.05,13852,168075,16975,23085.95
2025-01-13,2025-01-23,25900,CE,2.6,5.7,2.6,5.35,5.35,25968,901650,604725,23085.95
2025-01-13,2025-01-23,25900,PE,0.0,0.0,0.0,1811.75,2766.2,0,0,0,23085.95
2025-01-13,2025-02-27,25900,CE,26.0,27.65,22.0,24.25,24.25,275,21525,3600,23085.95
2025-01-13,2025-01-16,25900,CE,1.95,3.25,1.0,2.45,2.45,51811,498525,173775,23085.95
2025-01-13,2025-02-27,25900,PE,2600.0,2600.0,2600.0,2600.0,2604.8,2,150,-150,23085.95
2025-01-13,2025-03-27,24350,CE,316.25,316.25,271.85,271.85,271.85,64,4500,4200,23085.95
2025-01-13,2025-03-27,24350,PE,0.0,0.0,0.0,854.7,1160.95,0,0,0,23085.95
2025-01-13,2025-01-16,24350,CE,2.5,3.8,2.5,3.3,3.3,176960,1201950,-265950,23085.95
2025-01-13,2025-01-23,24350,PE,0.0,0.0,0.0,905.6,1221.2,0,375,0,23085.95
2025-01-13,2025-01-30,24350,CE,27.8,40.25,22.25,23.7,23.7,24083,80850,-49725,23085.95
2025-01-13,2025-02-13,24350,PE,0.0,0.0,0.0,875.8,1178.4,0,0,0,23085.95
2025-01-13,2025-02-13,24350,CE,0.0,0.0,0.0,222.65,53.55,0,0,0,23085.95
2025-01-13,2025-01-23,24350,CE,16.95,17.35,10.0,10.75,10.75,3451,48600,-9525,23085.95
2025-01-13,2025-01-23,23100,CE,338.55,416.65,238.9,258.4,258.4,13443,201900,188250,23085.95
2025-01-13,2025-01-30,23100,PE,191.1,309.3,189.4,278.65,278.65,90337,726750,93725,23085.95
2025-01-13,2025-01-30,22400,CE,968.0,1020.8,803.45,839.15,839.15,253,5725,4000,23085.95
2025-01-13,2025-01-30,25150,CE,12.35,15.55,7.15,10.7,10.7,3058,57900,-1925,23085.95
2025-01-13,2025-02-06,22400,PE,0.0,0.0,0.0,22.35,68.0,0,0,0,23085.95
2025-01-13,2025-01-30,25150,PE,0.0,0.0,0.0,1523.35,1985.65,0,10775,0,23085.95
2025-01-13,2025-01-23,22250,CE,0.0,0.0,0.0,1883.5,886.2,0,0,0,23085.95
2025-01-13,2025-02-06,23550,PE,584.0,584.0,584.0,584.0,536.5,1,1125,0,23085.95
2025-01-13,2025-02-13,23000,CE,636.4,636.4,593.9,607.1,607.1,6,525,450,23085.95
2025-01-13,2027-06-24,23000,CE,0.0,0.0,0.0,2530.05,4137.7,0,0,0,23085.95
2025-01-13,2025-01-23,23000,PE,150.0,210.0,116.2,182.35,182.35,66415,667725,270675,23085.95
2025-01-13,2025-02-27,23000,PE,333.0,417.5,302.0,394.55,394.55,21239,1543350,37875,23085.95
2025-01-13,2025-03-27,23000,PE,370.0,465.0,355.05,452.45,452.45,16142,1629325,-63925,23085.95
2025-01-13,2025-02-13,24550,CE,65.15,68.4,65.15,68.4,34.8,2,150,150,23085.95
2025-01-13,2025-01-23,23550,PE,375.7,540.0,344.4,495.65,495.65,1174,75150,3375,23085.95
2025-01-13,2025-02-27,24550,PE,0.0,0.0,0.0,908.2,1337.6,0,3075,0,23085.95
2025-01-13,2028-12-28,23000,PE,0.0,0.0,0.0,525.15,458.15,0,150,0,23085.95
2025-01-13,2025-01-23,23000,CE,420.0,489.95,293.8,314.6,314.6,10784,241650,209475,23085.95
2025-01-13,2025-02-13,23550,CE,0.0,0.0,0.0,546.3,228.1,0,0,0,23085.95
2025-01-13,2025-06-26,23000,PE,480.0,568.1,460.0,548.4,548.4,2646,555975,42125,23085.95
2025-01-13,2025-01-30,23000,PE,160.0,264.85,158.9,239.4,239.4,353492,4240400,-312500,23085.95
2025-01-13,2025-01-16,23000,PE,72.0,108.7,49.2,85.25,85.25,2600835,7012425,2432775,23085.95
2025-01-13,2025-02-06,23000,PE,284.95,345.05,233.0,320.6,320.6,1344,47325,8550,23085.95
2025-01-13,2025-09-25,23000,CE,0.0,0.0,0.0,5026.1,1698.75,0,0,0,23085.95
2025-01-13,2025-09-25,23000,PE,0.0,0.0,0.0,195.15,553.35,0,0,0,23085.95
2025-01-13,2028-06-29,23000,CE,0.0,0.0,0.0,4323.1,5367.45,0,0,0,23085.95
2025-01-13,2025-01-16,25550,CE,1.15,3.35,1.1,2.5,2.5,26557,293850,177750,23085.95
2025-01-13,2025-01-16,25550,PE,0.0,0.0,0.0,1925.0,2449.9,0,150,0,23085.95
2025-01-13,2025-02-06,25550,PE,0.0,0.0,0.0,1295.4,2351.65,0,0,0,23085.95
2025-01-13,2025-02-27,25550,PE,0.0,0.0,0.0,1109.35,2263.9,0,75,0,23085.95
2025-01-13,2025-01-23,25400,CE,3.8,9.0,3.8,5.8,5.8,7328,177450,112650,23085.95
2025-01-13,2025-01-23,25400,PE,0.0,0.0,0.0,1368.55,2267.1,0,0,0,23085.95
2025-01-13,2025-02-27,24700,CE,100.0,117.15,79.6,82.5,82.5,4439,86925,28275,23085.95
2025-01-13,2025-03-27,24700,PE,0.0,0.0,0.0,1050.0,1432.75,0,75,0,23085.95
2025-01-13,2025-02-13,24700,PE,0.0,0.0,0.0,1140.3,1497.55,0,0,0,23085.95
2025-01-13,2025-03-27,24700,CE,221.0,229.7,175.0,178.75,178.75,284,15150,-6600,23085.95
2025-01-13,2025-02-13,23400,PE,0.0,0.0,0.0,365.0,465.65,0,75,0,23085.95
2025-01-13,2025-01-16,24250,CE,4.4,5.45,2.5,3.6,3.6,237300,1530525,153075,23085.95
2025-01-13,2025-02-27,24250,PE,1022.35,1075.85,952.1,1075.85,1075.85,19,5625,-375,23085.95
2025-01-13,2025-02-06,24250,CE,0.0,0.0,0.0,535.9,39.65,0,0,0,23085.95
2025-01-13,2025-01-23,24250,PE,1000.0,1000.0,998.0,998.0,1122.8,2,825,0,23085.95
2025-01-13,2025-02-13,24250,CE,0.0,0.0,0.0,252.35,65.75,0,0,0,23085.95
2025-01-13,2025-02-13,24250,PE,0.0,0.0,0.0,806.2,1091.2,0,0,0,23085.95
2025-01-13,2025-03-27,24250,PE,0.0,0.0,0.0,801.8,1087.8,0,0,0,23085.95
2025-01-13,2025-02-06,24250,PE,0.0,0.0,0.0,428.55,1096.3,0,0,0,23085.95
2025-01-13,2025-01-23,24250,CE,27.8,27.8,11.2,12.45,12.45,5594,62475,16500,23085.95
2025-01-13,2025-02-27,24250,CE,206.75,219.85,151.05,158.65,158.65,203,12225,4125,23085.95
2025-01-13,2025-01-16,24250,PE,978.5,1160.65,892.6,1114.2,1114.2,73,17625,-3375,23085.95
2025-01-13,2025-03-27,24250,CE,332.5,378.0,313.8,313.8,248.95,53,4050,3750,23085.95
2025-01-13,2025-01-30,24250,CE,44.7,51.1,26.95,28.6,28.6,28866,176025,20425,23085.95
2025-01-13,2025-01-30,24250,PE,989.4,1147.85,900.0,1112.85,1112.85,117,75750,-1925,23085.95
2025-01-13,2025-02-27,25450,PE,0.0,0.0,0.0,1177.0,2167.45,0,75,0,23085.95
2025-01-13,2025-03-27,25800,PE,0.0,0.0,0.0,1825.9,2402.8,0,0,0,23085.95
2025-01-13,2025-01-16,25800,CE,1.3,2.85,0.9,2.45,2.45,37358,361575,132450,23085.95
2025-01-13,2025-02-06,25000,PE,0.0,0.0,0.0,871.2,1808.15,0,0,0,23085.95
2025-01-13,2025-02-06,25800,CE,15.0,15.0,8.05,11.2,11.2,132,8925,6000,23085.95
2025-01-13,2026-12-31,25000,PE,0.0,0.0,0.0,1240.3,1186.9,0,375,0,23085.95
2025-01-13,2025-06-26,25000,PE,1399.95,1531.85,1335.0,1518.75,1518.75,1078,249525,-31150,23085.95
2025-01-13,2025-03-27,23700,CE,571.3,617.6,500.0,510.0,510.0,252,19725,2850,23085.95
2025-01-13,2025-02-13,23700,PE,0.0,0.0,0.0,477.6,658.2,0,0,0,23085.95
2025-01-13,2025-01-30,23700,PE,500.0,680.0,468.0,635.1,635.1,30744,1159825,-118225,23085.95
2025-01-13,2025-02-06,23700,PE,637.85,637.85,637.8,637.8,642.25,2,4350,0,23085.95
2025-01-13,2025-03-27,23700,PE,658.35,759.0,602.95,749.85,749.85,195,19425,0,23085.95
2025-01-13,2025-03-27,23750,PE,721.45,730.95,719.7,730.95,756.9,8,1275,-150,23085.95
2025-01-13,2025-03-27,20000,PE,26.05,41.0,23.1,32.4,32.4,4652,651725,61175,23085.95
2025-01-13,2025-02-06,24800,PE,0.0,0.0,0.0,736.3,1613.1,0,0,0,23085.95
2025-01-13,2025-02-13,24800,PE,0.0,0.0,0.0,1221.1,1591.75,0,0,0,23085.95
2025-01-13,2025-01-16,24800,PE,1540.0,1710.8,1450.0,1663.75,1663.75,89,10275,-2700,23085.95
2025-01-13,2025-01-23,24800,CE,6.8,7.15,4.5,6.85,6.85,13654,319125,125700,23085.95
2025-01-13,2025-01-23,24800,PE,1460.0,1666.0,1460.0,1666.0,1668.4,19,1800,1200,23085.95
2025-01-13,2025-02-13,24800,CE,0.0,0.0,0.0,121.05,19.5,0,0,0,23085.95
2025-01-13,2025-03-27,24800,CE,189.9,204.8,153.1,159.4,159.4,3115,159900,-136575,23085.95
2025-01-13,2025-02-06,24800,CE,40.0,41.75,29.95,30.9,30.9,109,10125,1950,23085.95
2025-01-13,2025-01-30,24800,PE,1500.0,1680.0,1400.0,1639.45,1639.45,276,156425,-2875,23085.95
2025-01-13,2025-02-27,24800,CE,94.35,100.0,70.55,73.35,73.35,4087,119625,-8775,23085.95
2025-01-13,2025-01-16,24800,CE,1.5,3.05,1.3,2.6,2.6,206955,4486875,509550,23085.95
2025-01-13,2025-01-30,25850,CE,5.25,7.35,4.55,7.05,7.05,1169,10275,-11150,23085.95
2025-01-13,2025-03-27,25850,PE,0.0,0.0,0.0,1865.25,2449.65,0,0,0,23085.95
2025-01-13,2025-02-27,25850,CE,25.2,25.2,24.65,24.65,6.0,5,3075,375,23085.95
2025-01-13,2025-01-23,25850,PE,0.0,0.0,0.0,1765.95,2716.3,0,0,0,23085.95
2025-01-13,2025-01-16,25850,PE,0.0,0.0,0.0,1251.0,2749.7,0,0,0,23085.95
2025-01-13,2025-01-16,25850,CE,1.05,2.8,0.8,2.45,2.45,18432,224475,97725,23085.95
2025-01-13,2025-02-06,25850,PE,0.0,0.0,0.0,1552.7,2649.8,0,0,0,23085.95
2025-01-13,2025-01-30,25850,PE,0.0,0.0,0.0,1306.15,2682.95,0,50,0,23085.95
2025-01-13,2025-03-27,23200,CE,850.0,907.3,750.35,765.45,765.45,185,6075,4800,23085.95
2025-01-13,2025-02-06,23200,CE,507.5,535.0,400.05,424.5,424.5,455,12150,12150,23085.95
2025-01-13,2025-01-23,23200,PE,225.2,307.0,177.85,267.3,267.3,47212,503625,178650,23085.95
2025-01-13,2025-01-30,23200,CE,371.0,436.0,273.15,288.1,288.1,138451,678075,579700,23085.95
2025-01-13,2025-01-23,23200,CE,300.05,352.05,190.8,205.0,205.0,40668,483150,421125,23085.95
2025-01-13,2025-02-27,23200,PE,407.25,500.55,373.3,480.8,480.8,4376,522150,90450,23085.95
2025-01-13,2025-01-16,23200,CE,180.0,260.05,88.45,98.85,98.85,1977275,4862175,4713750,23085.95
2025-01-13,2025-03-27,23200,PE,450.6,537.15,419.8,519.75,519.75,640,55875,6000,23085.95
2025-01-13,2025-01-16,23200,PE,115.0,211.0,93.85,172.3,172.3,2847321,3743250,1057950,23085.95
2025-01-13,2025-02-13,23200,PE,0.0,0.0,0.0,264.4,357.7,0,0,0,23085.95
2025-01-13,2025-01-30,25350,CE,8.4,9.7,5.4,9.4,9.4,716,28600,-2700,23085.95
2025-01-13,2025-02-06,25350,CE,17.0,17.0,13.4,15.9,15.9,136,3450,2700,23085.95
2025-01-13,2025-03-27,25350,PE,0.0,0.0,0.0,1487.0,1989.75,0,0,0,23085.95
2025-01-13,2025-02-13,24750,PE,0.0,0.0,0.0,1180.45,1544.5,0,0,0,23085.95
2025-01-13,2025-01-23,24750,PE,0.0,0.0,0.0,861.6,1618.55,0,0,0,23085.95
2025-01-13,2025-03-27,24750,PE,0.0,0.0,0.0,1085.85,1473.4,0,0,0,23085.95
2025-01-13,2025-01-16,21850,PE,3.8,6.85,3.0,5.45,5.45,161090,5756550,-285000,23085.95
2025-01-13,2025-01-23,21850,CE,0.0,0.0,0.0,2264.8,1277.3,0,0,0,23085.95
2025-01-13,2025-02-27,21850,CE,0.0,0.0,0.0,2539.6,1463.95,0,0,0,23085.95
2025-01-13,2025-03-27,21850,PE,0.0,0.0,0.0,102.45,89.9,0,3600,0,23085.95
2025-01-13,2025-02-06,21850,PE,55.0,70.6,44.0,62.85,62.85,168,5325,3900,23085.95
2025-01-13,2025-02-13,24650,PE,0.0,0.0,0.0,1100.75,1450.85,0,0,0,23085.95
2025-01-13,2025-02-06,24650,PE,0.0,0.0,0.0,642.85,1468.65,0,0,0,23085.95
2025-01-13,2025-02-13,24650,CE,0.0,0.0,0.0,149.65,27.75,0,0,0,23085.95
2025-01-13,2025-02-27,24400,CE,160.0,178.55,123.1,127.95,127.95,3386,195000,-23025,23085.95
2025-01-13,2025-02-06,24400,PE,0.0,0.0,0.0,502.8,1233.1,0,0,0,23085.95
2025-01-13,2025-01-30,22150,CE,0.0,0.0,0.0,2466.85,1024.6,0,200,0,23085.95
2025-01-13,2025-01-30,22150,PE,37.95,58.85,32.7,50.55,50.55,8131,64475,21375,23085.95
2025-01-13,2025-02-13,22150,PE,0.0,0.0,0.0,48.85,52.3,0,0,0,23085.95
2025-01-13,2025-03-27,22150,PE,0.0,0.0,0.0,114.7,138.6,0,525,0,23085.95
2025-01-13,2025-01-16,22150,CE,0.0,0.0,0.0,2559.05,948.25,0,0,0,23085.95
2025-01-13,2025-02-06,22150,PE,0.0,0.0,0.0,12.65,35.5,0,0,0,23085.95
2025-01-13,2025-01-23,25750,CE,3.4,5.9,2.5,5.4,5.4,5343,135075,119850,23085.95
2025-01-13,2025-01-16,25750,PE,0.0,0.0,0.0,1170.65,2649.75,0,0,0,23085.95
2025-01-13,2025-01-30,22650,CE,760.4,760.4,624.1,641.1,641.1,625,11025,10850,23085.95
2025-01-13,2025-01-23,22650,CE,666.95,682.2,553.7,561.1,561.1,65,3000,2925,23085.95
2025-01-13,2025-02-13,22650,CE,0.0,0.0,0.0,1153.7,713.25,0,0,0,23085.95
2025-01-13,2025-02-13,22650,PE,0.0,0.0,0.0,118.75,147.85,0,0,0,23085.95
2025-01-13,2025-01-30,22650,PE,116.95,147.0,85.85,131.0,131.0,8463,107775,5025,23085.95
2025-01-13,2025-02-27,22650,CE,0.0,0.0,0.0,1869.3,817.15,0,0,0,23085.95
2025-01-13,2025-12-24,27000,CE,540.0,552.0,482.8,502.35,502.35,384,252675,9825,23085.95
2025-01-13,2027-06-24,27000,PE,0.0,0.0,0.0,6273.45,1862.75,0,0,0,23085.95
2025-01-13,2029-12-27,27000,PE,0.0,0.0,0.0,1177.9,1105.65,0,0,0,23085.95
2025-01-13,2026-12-31,27000,PE,0.0,0.0,0.0,6522.3,2078.65,0,0,0,23085.95
2025-01-13,2025-03-27,27000,PE,3360.0,3518.95,3280.0,3494.9,3494.9,519,511675,700,23085.95
2025-01-13,2026-06-25,27000,PE,0.0,0.0,0.0,6810.7,2359.25,0,0,0,23085.95
2025-01-13,2028-12-28,27000,CE,0.0,0.0,0.0,4437.95,3767.95,0,0,0,23085.95
2025-01-13,2025-12-24,27000,PE,2720.0,2720.0,2469.65,2577.3,2577.3,153,89225,9125,23085.95
2025-01-13,2028-06-29,27000,CE,0.0,0.0,0.0,2885.15,3206.75,0,0,0,23085.95
2025-01-13,2025-09-25,27000,CE,0.0,0.0,0.0,2279.95,251.4,0,0,0,23085.95
2025-01-13,2028-06-29,27000,PE,0.0,0.0,0.0,2752.35,1496.8,0,0,0,23085.95
2025-01-13,2025-01-23,25050,PE,0.0,0.0,0.0,1083.65,1917.8,0,0,0,23085.95
2025-01-13,2025-02-06,25050,PE,0.0,0.0,0.0,906.65,1857.2,0,0,0,23085.95
2025-01-13,2025-01-16,23250,PE,160.0,244.45,110.1,199.2,199.2,1380524,1188225,276900,23085.95
2025-01-13,2025-02-27,23250,CE,660.0,697.2,525.0,552.95,552.95,561,22275,11850,23085.95
2025-01-13,2025-02-06,23250,CE,538.25,538.25,390.0,391.7,391.7,43,2175,2175,23085.95
2025-01-13,2025-01-30,22600,PE,88.05,134.5,76.9,118.7,118.7,63047,661425,26400,23085.95
2025-01-13,2025-01-23,23250,PE,238.75,335.2,196.65,297.85,297.85,11938,114300,48675,23085.95
2025-01-13,2025-01-30,23250,PE,270.0,385.0,242.85,351.35,351.35,24583,334500,17300,23085.95
2025-01-13,2025-03-27,23250,CE,828.1,840.0,731.7,731.75,638.35,56,3000,2325,23085.95
2025-01-13,2025-02-27,22600,PE,227.2,278.3,186.85,263.0,263.0,2296,224925,12900,23085.95
2025-01-13,2025-01-23,23250,CE,266.05,321.95,170.0,182.35,182.35,11984,112725,91725,23085.95
2025-01-13,2025-03-27,22600,PE,268.9,330.8,255.1,324.1,324.1,165,77025,3525,23085.95
2025-01-13,2025-02-13,22600,CE,0.0,0.0,0.0,1194.05,749.8,0,0,0,23085.95
2025-01-13,2025-02-27,23250,PE,442.0,500.6,397.8,497.15,497.15,197,9675,3300,23085.95
2025-01-13,2025-02-06,22600,PE,167.0,193.9,167.0,187.95,187.95,16,1050,1050,23085.95
2025-01-13,2025-03-27,22600,CE,0.0,0.0,0.0,1769.2,1035.2,0,0,0,23085.95
2025-01-13,2025-01-23,22600,PE,55.9,88.45,46.0,74.55,74.55,24568,276375,71775,23085.95
2025-01-13,2025-01-30,22600,CE,800.45,875.65,640.8,678.7,678.7,726,12800,8200,23085.95
2025-01-13,2025-01-16,23250,CE,168.0,227.0,71.05,78.9,78.9,1315751,2950350,2898300,23085.95
2025-01-13,2025-01-23,22600,CE,674.6,674.6,575.0,603.1,603.1,112,5850,5850,23085.95
2025-01-13,2025-02-13,25050,CE,0.0,0.0,0.0,83.35,10.45,0,0,0,23085.95
2025-01-13,2025-01-23,25050,CE,4.85,6.55,4.15,6.3,6.3,906,25575,11850,23085.95
2025-01-13,2025-01-16,22250,CE,0.0,0.0,0.0,2461.45,848.4,0,0,0,23085.95
2025-01-13,2025-01-30,22250,CE,0.0,0.0,0.0,2368.4,932.75,0,75,0,23085.95
2025-01-13,2025-03-27,22250,PE,0.0,0.0,0.0,123.0,158.65,0,3525,0,23085.95
2025-01-13,2025-01-16,22250,PE,5.5,14.6,5.05,10.2,10.2,122622,700425,126600,23085.95
2025-01-13,2025-02-27,22250,CE,0.0,0.0,0.0,2194.7,1121.15,0,0,0,23085.95
2025-01-13,2025-02-13,22250,CE,0.0,0.0,0.0,1491.3,1028.8,0,0,0,23085.95
2025-01-13,2025-01-30,25950,PE,0.0,0.0,0.0,1730.0,2782.6,0,600,0,23085.95
2025-01-13,2025-01-23,25950,PE,2700.0,2810.0,2699.0,2808.0,2816.1,14,1050,1050,23085.95
2025-01-13,2025-02-27,23500,PE,520.0,646.25,492.5,618.0,618.0,9952,1119975,48525,23085.95
2025-01-13,2025-02-27,23500,CE,523.0,541.35,404.7,421.45,421.45,9747,718875,181650,23085.95
2025-01-13,2025-01-23,23500,PE,369.85,500.0,314.15,454.25,454.25,15041,473325,-143400,23085.95
2025-01-13,2025-02-13,23500,PE,508.2,582.8,508.2,579.15,579.15,11,225,75,23085.95
2025-01-13,2025-02-13,22500,PE,159.8,206.95,147.0,194.4,194.4,34,4125,600,23085.95
2025-01-13,2025-03-27,23500,CE,730.35,733.45,585.1,611.05,611.05,2984,184350,69525,23085.95
2025-01-13,2025-01-16,22500,CE,750.05,875.6,599.0,645.3,645.3,4575,69375,35325,23085.95
2025-01-13,2025-01-30,23500,CE,245.0,267.75,152.0,159.2,159.2,272189,2592400,558375,23085.95
2025-01-13,2025-03-27,22500,PE,235.15,309.2,225.4,297.9,297.9,13085,987000,471825,23085.95
2025-01-13,2025-01-16,23500,PE,291.25,446.9,227.3,392.6,392.6,289514,2205675,-1595850,23085.95
2025-01-13,2025-02-06,22500,PE,0.0,0.0,0.0,27.7,86.2,0,0,0,23085.95
2025-01-13,2025-01-16,22500,PE,13.7,26.45,11.65,16.4,16.4,857949,5702700,-482700,23085.95
2025-01-13,2025-02-27,22500,PE,195.0,255.0,179.0,240.0,240.0,16123,1263150,91575,23085.95
2025-01-13,2025-01-23,23500,CE,145.05,189.7,85.0,89.85,89.85,62800,1062750,337500,23085.95
2025-01-13,2025-02-13,23500,CE,423.25,430.0,324.9,334.5,334.5,17,600,525,23085.95
2025-01-13,2027-06-24,29000,CE,0.0,0.0,0.0,1545.2,1364.8,0,0,0,23085.95
2025-01-13,2029-06-28,29000,PE,0.0,0.0,0.0,1746.95,1826.75,0,0,0,23085.95
2025-01-13,2026-12-31,29000,CE,0.0,0.0,0.0,1205.35,918.7,0,0,0,23085.95
2025-01-13,2029-12-27,29000,PE,0.0,0.0,0.0,1669.2,1645.6,0,0,0,23085.95
2025-01-13,2025-12-24,29000,PE,0.0,0.0,0.0,3572.75,4295.1,0,11925,0,23085.95
2025-01-13,2028-12-28,29000,CE,0.0,0.0,0.0,3645.75,2918.95,0,0,0,23085.95
2025-01-13,2028-06-29,29000,CE,0.0,0.0,0.0,2333.25,2394.2,0,0,0,23085.95
2025-01-13,2025-01-23,24300,PE,1041.35,1205.0,951.0,1177.2,1177.2,105,9825,5025,23085.95
2025-01-13,2025-02-13,24300,PE,0.0,0.0,0.0,840.65,1134.55,0,0,0,23085.95
2025-01-13,2025-06-26,17000,CE,0.0,0.0,0.0,6511.0,6593.85,0,2850,0,23085.95
2025-01-13,2025-03-27,23800,PE,720.0,839.95,658.6,793.55,793.55,109,10125,1050,23085.95
2025-01-13,2025-12-24,17000,PE,0.0,0.0,0.0,57.7,2.05,0,3525,0,23085.95
2025-01-13,2025-02-27,23800,CE,350.0,394.4,283.0,294.1,294.1,2533,145575,-8625,23085.95
2025-01-13,2025-01-30,23800,PE,574.8,756.7,533.0,714.8,714.8,32808,2317150,-159875,23085.95
2025-01-13,2025-02-13,23350,PE,0.0,0.0,0.0,319.8,437.05,0,0,0,23085.95
2025-01-13,2025-02-27,23350,CE,627.75,627.75,473.0,490.85,490.85,226,15075,10950,23085.95
2025-01-13,2025-01-23,23350,CE,215.45,263.9,131.65,139.6,139.6,7250,72300,49875,23085.95
2025-01-13,2029-06-28,26000,CE,0.0,0.0,0.0,7052.2,4813.0,0,0,0,23085.95
2025-01-13,2025-06-26,26000,PE,2199.85,2266.15,2074.85,2238.7,2238.7,89,91675,-2850,23085.95
2025-01-13,2025-12-24,26000,CE,839.3,840.0,765.3,771.0,771.0,447,150325,2150,23085.95
2025-01-13,2029-12-27,26000,PE,0.0,0.0,0.0,969.6,883.15,0,0,0,23085.95
2025-01-13,2028-06-29,26000,PE,0.0,0.0,0.0,2370.3,1178.75,0,0,0,23085.95
2025-01-13,2027-12-30,26000,CE,0.0,0.0,0.0,3162.4,3098.4,0,0,0,23085.95
2025-01-13,2029-12-27,26000,CE,0.0,0.0,0.0,6686.95,5361.8,0,0,0,23085.95
2025-01-13,2025-01-16,26000,CE,1.4,3.0,1.0,2.45,2.45,208688,4605675,1303350,23085.95
2025-01-13,2028-12-28,26000,PE,0.0,0.0,0.0,1160.95,1069.35,0,0,0,23085.95
2025-01-13,2025-09-25,26000,CE,0.0,0.0,0.0,2854.15,440.8,0,0,0,23085.95
2025-01-13,2025-06-26,26000,CE,230.05,256.9,210.0,213.8,213.8,1188,215950,10650,23085.95
2025-01-13,2025-12-24,26000,PE,1850.0,1975.0,1810.0,1929.15,1929.15,130,139275,375,23085.95
2025-01-13,2028-06-29,26000,CE,0.0,0.0,0.0,3200.9,3680.4,0,0,0,23085.95
2025-01-13,2027-06-24,26000,PE,0.0,0.0,0.0,6202.2,1445.45,0,0,0,23085.95
2025-01-13,2025-02-27,26000,PE,2400.0,2700.05,2400.0,2674.85,2674.85,130,67500,3375,23085.95
2025-01-13,2025-02-06,24200,PE,0.0,0.0,0.0,690.0,1051.65,0,2400,0,23085.95
2025-01-13,2025-02-27,24200,PE,980.0,1085.0,887.85,1061.05,1061.05,303,80850,-6075,23085.95
2025-01-13,2025-02-27,24200,CE,223.95,237.95,164.0,170.1,170.1,3107,151875,18825,23085.95
2025-01-13,2025-01-16,23700,PE,425.0,632.2,374.4,582.65,582.65,28655,1263450,-338550,23085.95
2025-01-13,2025-02-13,23700,CE,0.0,0.0,0.0,469.9,179.65,0,0,0,23085.95
2025-01-13,2025-02-27,23700,CE,390.95,439.0,319.9,332.35,332.35,1914,135075,3975,23085.95
2025-01-13,2025-02-06,23700,CE,260.95,291.4,199.0,205.1,205.1,135,9900,1200,23085.95
2025-01-13,2025-02-27,23700,PE,645.4,760.0,594.1,731.35,731.35,1282,162375,-30300,23085.95
2025-01-13,2025-01-30,23700,CE,133.4,181.3,94.4,98.4,98.4,102542,1499350,263775,23085.95
2025-01-13,2025-01-30,23750,CE,150.0,162.75,84.2,87.4,87.4,20169,218450,22875,23085.95
2025-01-13,2025-12-24,16500,PE,0.0,0.0,0.0,22.4,0.95,0,2675,0,23085.95
2025-01-13,2025-02-06,23750,PE,0.0,0.0,0.0,404.3,679.55,0,0,0,23085.95
2025-01-13,2025-01-23,23750,PE,593.05,698.3,477.0,644.65,644.65,190,15375,-1425,23085.95
2025-01-13,2027-06-24,20000,CE,0.0,0.0,0.0,3367.05,6267.9,0,0,0,23085.95
2025-01-13,2025-02-06,24950,PE,0.0,0.0,0.0,836.4,1759.2,0,0,0,23085.95
2025-01-13,2025-09-25,20000,CE,0.0,0.0,0.0,7643.1,4054.6,0,0,0,23085.95
2025-01-13,2025-01-30,24800,CE,14.3,17.45,12.7,13.4,13.4,54938,832375,-282625,23085.95
2025-01-13,2025-03-27,24800,PE,0.0,0.0,0.0,1116.85,1514.5,0,0,0,23085.95
2025-01-13,2025-02-27,24800,PE,1450.0,1609.1,1391.35,1609.1,1609.1,4,9825,-75,23085.95
2025-01-13,2025-01-23,25850,CE,3.95,5.9,3.3,5.4,5.4,8232,170625,163125,23085.95
2025-01-13,2025-02-27,25850,PE,0.0,0.0,0.0,1227.6,2555.85,0,75,0,23085.95
2025-01-13,2025-03-27,25850,CE,51.15,51.15,51.15,51.15,32.25,1,1125,0,23085.95
2025-01-13,2025-02-06,25850,CE,8.15,10.9,6.55,10.4,10.4,25,3000,750,23085.95
2025-01-13,2025-02-06,25650,PE,0.0,0.0,0.0,1379.45,2450.95,0,0,0,23085.95
2025-01-13,2025-02-06,25650,CE,12.45,12.45,8.65,10.55,10.55,13,1800,150,23085.95
2025-01-13,2025-01-30,25650,PE,0.0,0.0,0.0,1750.0,2483.6,0,850,0,23085.95
2025-01-13,2025-01-23,25650,PE,0.0,0.0,0.0,1585.75,2516.65,0,0,0,23085.95
2025-01-13,2025-01-23,25250,PE,0.0,0.0,0.0,1243.4,2117.4,0,0,0,23085.95
2025-01-13,2025-02-13,25250,CE,21.85,22.0,13.5,22.0,22.0,9,225,225,23085.95
2025-01-13,2025-01-23,25450,PE,0.0,0.0,0.0,1411.15,2317.05,0,0,0,23085.95
2025-01-13,2025-01-30,25450,PE,2189.1,2292.95,2189.1,2292.95,2292.95,8,9050,0,23085.95
2025-01-13,2025-02-27,25450,CE,36.7,40.85,32.5,34.4,34.4,117,3375,-1950,23085.95
2025-01-13,2025-01-16,23650,CE,30.0,49.5,12.75,13.7,13.7,651746,2618325,1182300,23085.95
2025-01-13,2025-01-16,23650,PE,380.0,585.0,332.1,529.35,529.35,10224,615375,-64650,23085.95
2025-01-13,2025-02-27,23650,PE,608.6,728.1,569.9,694.65,694.65,127,12525,-5400,23085.95
2025-01-13,2025-02-27,23650,CE,413.1,460.2,347.8,354.3,354.3,143,9675,-3525,23085.95
2025-01-13,2025-02-13,23650,PE,0.0,0.0,0.0,452.65,623.7,0,0,0,23085.95
2025-01-13,2027-12-30,25000,PE,0.0,0.0,0.0,2948.45,991.3,0,0,0,23085.95
2025-01-13,2025-01-23,25000,PE,1704.55,1805.0,1650.0,1805.0,1867.9,11,2775,450,23085.95
2025-01-13,2027-12-30,25000,CE,0.0,0.0,0.0,3458.35,3607.2,0,0,0,23085.95
2025-01-13,2029-12-27,25000,PE,0.0,0.0,0.0,785.3,691.55,0,0,0,23085.95
2025-01-13,2029-06-28,25000,PE,0.0,0.0,0.0,852.5,756.55,0,0,0,23085.95
2025-01-13,2027-06-24,25000,CE,0.0,0.0,0.0,2090.05,2976.3,0,0,0,23085.95
2025-01-13,2025-09-25,25000,CE,0.0,0.0,0.0,3510.0,731.25,0,0,0,23085.95
2025-01-13,2025-01-23,25000,CE,4.85,6.5,3.15,6.2,6.2,26876,767625,260250,23085.95
2025-01-13,2028-06-29,25000,PE,0.0,0.0,0.0,2016.8,905.85,0,0,0,23085.95
2025-01-13,2025-02-27,25000,CE,70.0,75.85,54.65,57.55,57.55,16433,1193400,1350,23085.95
2025-01-13,2028-12-28,25000,CE,0.0,0.0,0.0,5350.4,4776.25,0,0,0,23085.95
2025-01-13,2029-06-28,25000,CE,0.0,0.0,0.0,7557.7,5338.4,0,0,0,23085.95
2025-01-13,2026-06-25,25000,PE,0.0,0.0,0.0,6063.1,1302.9,0,0,0,23085.95
2025-01-13,2026-06-25,25000,CE,0.0,0.0,0.0,1510.4,1714.55,0,0,0,23085.95
2025-01-13,2025-02-06,24700,CE,54.0,54.0,34.25,35.4,35.4,250,7350,2700,23085.95
2025-01-13,2025-01-23,24700,CE,8.7,8.95,6.15,7.05,7.05,12237,224700,10425,23085.95
2025-01-13,2025-01-16,23400,CE,88.0,139.5,34.45,37.8,37.8,1720362,6616425,5346000,23085.95
2025-01-13,2025-03-27,23400,PE,549.5,623.15,498.2,605.55,605.55,118,9300,1575,23085.95
2025-01-13,2025-01-30,25300,CE,8.9,10.45,7.55,9.5,9.5,37272,541325,-29800,23085.95
2025-01-13,2025-02-06,25300,CE,19.0,24.9,14.25,16.6,16.6,47,4425,0,23085.95
2025-01-13,2025-01-30,25300,PE,1997.75,2081.8,1985.0,2064.7,2134.9,7,27100,-125,23085.95
2025-01-13,2025-02-13,23200,CE,632.6,632.6,475.8,490.7,490.7,25,1875,1875,23085.95
2025-01-13,2025-02-06,23200,PE,364.45,433.35,306.45,401.9,401.9,362,12225,10800,23085.95
2025-01-13,2025-01-30,23200,PE,290.0,360.0,211.95,326.55,326.55,183891,1213750,200075,23085.95
2025-01-13,2025-02-27,23200,CE,651.0,715.0,552.0,576.7,576.7,2168,78525,60975,23085.95
2025-01-13,2025-01-16,25350,PE,0.0,0.0,0.0,872.0,2250.0,0,0,0,23085.95
2025-01-13,2025-01-23,25350,PE,0.0,0.0,0.0,1326.35,2217.2,0,0,0,23085.95
2025-01-13,2025-02-27,25350,PE,0.0,0.0,0.0,1382.1,2071.55,0,0,0,23085.95
2025-01-13,2025-01-30,25350,PE,0.0,0.0,0.0,1475.0,2184.7,0,8500,0,23085.95
2025-01-13,2025-01-30,24750,CE,17.55,18.9,13.4,14.4,14.4,7448,116800,-41550,23085.95
2025-01-13,2025-01-23,24750,CE,6.3,7.6,4.75,7.05,7.05,1170,23025,-3975,23085.95
2025-01-13,2025-02-27,24750,PE,0.0,0.0,0.0,762.9,1513.65,0,9225,0,23085.95
2025-01-13,2025-03-27,24750,CE,184.0,184.0,184.0,184.0,141.25,4,300,300,23085.95
2025-01-13,2025-02-13,24750,CE,0.0,0.0,0.0,130.05,21.95,0,0,0,23085.95
2025-01-13,2025-02-06,24750,PE,0.0,0.0,0.0,704.4,1564.75,0,0,0,23085.95
2025-01-13,2025-01-23,21850,PE,9.45,18.45,9.45,15.55,15.55,2300,67650,-20400,23085.95
2025-01-13,2025-02-06,21850,CE,0.0,0.0,0.0,2496.65,1347.25,0,0,0,23085.95
2025-01-13,2025-02-13,21850,CE,0.0,0.0,0.0,1855.75,1385.6,0,0,0,23085.95
2025-01-13,2025-03-27,21850,CE,0.0,0.0,0.0,2387.7,1618.85,0,0,0,23085.95
2025-01-13,2025-02-27,21850,PE,92.8,127.5,87.05,118.9,118.9,1445,70200,-10200,23085.95
2025-01-13,2025-01-16,21850,CE,0.0,0.0,0.0,2210.8,1248.05,0,75,0,23085.95
2025-01-13,2025-01-30,21850,PE,21.0,34.6,18.5,28.95,28.95,32860,349375,-311675,23085.95
2025-01-13,2025-01-16,23800,PE,405.05,725.0,405.05,673.55,673.55,12697,732525,-168150,23085.95
2025-01-13,2025-02-13,23800,CE,0.0,0.0,0.0,423.15,151.95,0,0,0,23085.95
2025-01-13,2025-01-16,25750,CE,1.1,3.85,1.0,2.45,2.45,18420,274725,161250,23085.95
2025-01-13,2025-02-27,25750,CE,30.5,31.2,25.5,26.25,7.5,25,4125,675,23085.95
2025-01-13,2025-01-23,22650,PE,82.1,98.75,51.85,83.1,83.1,8469,65025,17850,23085.95
2025-01-13,2025-01-16,22650,PE,24.0,38.7,16.05,23.95,23.95,371094,845700,160725,23085.95
2025-01-13,2025-02-27,22650,PE,0.0,0.0,0.0,138.0,193.5,0,2175,0,23085.95
2025-01-13,2025-03-27,22650,CE,0.0,0.0,0.0,1730.8,1000.75,0,0,0,23085.95
2025-01-13,2025-02-06,22650,PE,0.0,0.0,0.0,37.75,120.2,0,0,0,23085.95
2025-01-13,2025-01-16,22650,CE,607.8,728.0,462.0,510.0,510.0,208,5775,4950,23085.95
2025-01-13,2025-06-26,27000,PE,3009.25,3125.0,2925.4,3033.05,3033.05,16,31000,150,23085.95
2025-01-13,2025-06-26,27000,CE,112.05,122.0,101.0,104.1,104.1,942,195675,11925,23085.95
2025-01-13,2026-06-25,27000,CE,0.0,0.0,0.0,1352.8,956.95,0,0,0,23085.95
2025-01-13,2029-06-28,27000,CE,0.0,0.0,0.0,6570.4,4322.45,0,0,0,23085.95
2025-01-13,2029-06-28,27000,PE,0.0,0.0,0.0,1252.35,1220.95,0,0,0,23085.95
2025-01-13,2027-06-24,27000,CE,0.0,0.0,0.0,1932.5,2054.6,0,0,0,23085.95
2025-01-13,2027-12-30,27000,PE,0.0,0.0,0.0,3794.4,1663.3,0,0,0,23085.95
2025-01-13,2025-03-27,27000,CE,23.0,25.65,21.1,22.95,22.95,2956,1043700,-21725,23085.95
2025-01-13,2025-09-25,27000,PE,0.0,0.0,0.0,1168.15,2921.75,0,0,0,23085.95
2025-01-13,2028-12-28,27000,PE,0.0,0.0,0.0,1413.85,1350.5,0,0,0,23085.95
2025-01-13,2029-12-27,27000,CE,0.0,0.0,0.0,6201.65,4868.6,0,0,0,23085.95
2025-01-13,2027-12-30,27000,CE,0.0,0.0,0.0,2889.8,2641.55,0,0,0,23085.95
2025-01-13,2026-12-31,27000,CE,0.0,0.0,0.0,1651.65,1517.5,0,0,0,23085.95
2025-01-13,2025-01-16,24100,CE,6.9,7.15,3.75,4.35,4.35,569658,3774900,922950,23085.95
2025-01-13,2025-03-27,24100,CE,420.65,429.15,338.0,346.0,346.0,215,24900,-1725,23085.95
2025-01-13,2025-02-06,24100,PE,0.0,0.0,0.0,387.45,964.05,0,150,0,23085.95
2025-01-13,2025-01-23,24100,PE,861.95,1017.0,764.6,973.5,973.5,262,74025,-8250,23085.95
2025-01-13,2025-01-30,24100,CE,60.05,73.2,35.7,38.1,38.1,86265,911825,135675,23085.95
2025-01-13,2025-02-06,23600,CE,302.65,342.15,231.9,241.4,241.4,208,9225,2850,23085.95
2025-01-13,2025-01-23,23600,CE,122.75,147.35,62.3,65.85,65.85,33278,658125,236400,23085.95
2025-01-13,2025-02-27,23600,CE,480.0,490.0,360.0,375.25,375.25,1685,81300,1650,23085.95
2025-01-13,2025-01-16,23600,CE,45.0,61.35,15.3,16.55,16.55,1333034,5732850,1918725,23085.95
2025-01-13,2025-02-13,23600,PE,0.0,0.0,0.0,428.45,590.1,0,0,0,23085.95
2025-01-13,2025-01-23,23600,PE,436.95,577.4,373.05,528.3,528.3,5400,331350,-79125,23085.95
2025-01-13,2025-02-27,22550,PE,0.0,0.0,0.0,125.0,166.05,0,10650,0,23085.95
2025-01-13,2025-01-30,22800,CE,640.0,716.05,501.55,530.65,530.65,6368,57575,33550,23085.95
2025-01-13,2025-02-27,22800,PE,285.0,341.45,244.4,322.5,322.5,5056,263925,21525,23085.95
2025-01-13,2025-02-13,22800,PE,0.0,0.0,0.0,150.3,192.85,0,0,0,23085.95
2025-01-13,2025-03-27,22800,PE,324.25,388.1,293.9,374.15,374.15,1595,218925,39000,23085.95
2025-01-13,2025-03-27,22800,CE,1106.95,1140.0,1085.6,1085.6,901.2,4,225,225,23085.95
2025-01-13,2025-01-16,22800,CE,500.85,587.85,329.15,368.1,368.1,15031,65850,33000,23085.95
2025-01-13,2025-01-30,22800,PE,120.0,191.0,106.05,169.35,169.35,82606,1367775,264750,23085.95
2025-01-13,2025-02-13,22550,CE,0.0,0.0,0.0,1234.95,787.3,0,0,0,23085.95
2025-01-13,2025-01-23,22550,PE,53.7,78.55,41.45,67.1,67.1,7563,76650,26925,23085.95
2025-01-13,2025-02-06,22800,PE,0.0,0.0,0.0,50.6,163.3,0,0,0,23085.95
2025-01-13,2025-02-06,22550,CE,0.0,0.0,0.0,1826.3,732.4,0,0,0,23085.95
2025-01-13,2025-01-30,21900,CE,0.0,0.0,0.0,1615.0,1262.15,0,325,0,23085.95
2025-01-13,2025-03-27,21900,PE,135.0,179.6,125.95,173.85,173.85,186,22800,8850,23085.95
2025-01-13,2025-01-23,21900,PE,8.0,19.8,7.6,16.35,16.35,6544,146475,59325,23085.95
2025-01-13,2025-02-27,21900,CE,0.0,0.0,0.0,2495.55,1419.45,0,0,0,23085.95
2025-01-13,2025-03-27,21800,PE,109.0,163.4,109.0,161.85,161.85,73,3450,3075,23085.95
2025-01-13,2025-02-13,21800,CE,0.0,0.0,0.0,1902.7,1432.2,0,0,0,23085.95
2025-01-13,2025-01-16,21800,CE,1484.45,1484.45,1484.45,1484.45,1298.05,1,75,75,23085.95
2025-01-13,2025-02-06,21800,CE,0.0,0.0,0.0,2545.55,1394.85,0,0,0,23085.95
2025-01-13,2025-01-16,26200,CE,1.5,2.85,1.0,2.4,2.4,62479,1317075,1061775,23085.95
2025-01-13,2025-01-16,26200,PE,0.0,0.0,0.0,1547.05,3099.5,0,0,0,23085.95
2025-01-13,2025-01-30,26200,PE,2913.1,3002.6,2818.8,3002.6,3031.8,22,54725,-225,23085.95
2025-01-13,2025-02-27,26200,PE,0.0,0.0,0.0,2457.0,2899.55,0,1275,0,23085.95
2025-01-13,2025-01-30,26200,CE,4.15,6.5,4.15,6.2,6.2,11605,262275,-19850,23085.95
2025-01-13,2025-02-27,26200,CE,21.4,26.95,12.65,20.6,20.6,153,25875,5550,23085.95
2025-01-13,2025-02-13,24150,CE,0.0,0.0,0.0,284.9,80.15,0,0,0,23085.95
2025-01-13,2025-01-23,24150,CE,28.0,30.15,14.2,15.1,15.1,7360,72525,13800,23085.95
2025-01-13,2025-03-27,24150,PE,953.85,953.85,953.85,953.85,1016.85,1,1200,-75,23085.95
2025-01-13,2025-02-06,24150,PE,0.0,0.0,0.0,383.1,1007.55,0,0,0,23085.95
2025-01-13,2025-02-06,24150,CE,112.0,112.0,112.0,112.0,50.45,2,1575,150,23085.95
2025-01-13,2025-02-27,24150,PE,892.55,1036.35,892.3,1036.35,1008.2,4,4500,-75,23085.95
2025-01-13,2025-01-23,25300,CE,3.8,6.15,3.8,5.85,5.85,5253,306075,45975,23085.95
2025-01-13,2025-02-27,25300,CE,47.95,50.5,38.25,40.3,40.3,4443,49500,-117975,23085.95
2025-01-13,2025-01-23,25300,PE,0.0,0.0,0.0,1284.65,2167.3,0,0,0,23085.95
2025-01-13,2025-02-06,25300,PE,0.0,0.0,0.0,1093.95,2103.8,0,0,0,23085.95
2025-01-13,2025-03-27,25300,PE,0.0,0.0,0.0,1451.25,1945.0,0,0,0,23085.95
2025-01-13,2025-02-13,25300,PE,0.0,0.0,0.0,1652.5,2074.75,0,0,0,23085.95
2025-01-13,2025-12-24,19500,CE,0.0,0.0,0.0,5350.0,4835.4,0,1600,0,23085.95
2025-01-13,2025-01-30,22700,PE,103.85,160.45,93.65,143.65,143.65,43989,426475,14475,23085.95
2025-01-13,2025-02-06,22700,CE,0.0,0.0,0.0,1688.25,620.0,0,0,0,23085.95
2025-01-13,2025-03-27,22700,CE,0.0,0.0,0.0,1692.75,966.9,0,0,0,23085.95
2025-01-13,2025-02-06,22900,PE,218.2,295.0,209.35,286.7,286.7,47,2400,2400,23085.95
2025-01-13,2025-01-23,22900,CE,473.9,564.25,356.55,380.0,380.0,900,19425,19425,23085.95
2025-01-13,2025-02-27,22900,PE,303.45,375.8,274.2,353.15,353.15,1562,148200,3675,23085.95
2025-01-13,2025-02-13,22900,PE,0.0,0.0,0.0,175.45,227.8,0,0,0,23085.95
2025-01-13,2025-06-26,15000,PE,0.0,0.0,0.0,5.55,0.05,0,2000,0,23085.95
2025-01-13,2027-12-30,15000,PE,0.0,0.0,0.0,43.05,4.45,0,475,0,23085.95
2025-01-13,2025-02-06,22050,PE,0.0,0.0,0.0,9.95,26.75,0,0,0,23085.95
2025-01-13,2025-01-23,22050,PE,20.95,26.0,14.9,21.2,21.2,2580,57825,48975,23085.95
2025-01-13,2025-01-16,22050,PE,5.4,9.85,5.0,7.7,7.7,136710,2455950,1550700,23085.95
2025-01-13,2025-02-13,22050,PE,0.0,0.0,0.0,40.1,41.2,0,0,0,23085.95
2025-01-13,2025-01-30,22050,CE,1128.5,1160.75,1128.5,1159.25,1159.25,8,100,-75,23085.95
2025-01-13,2025-02-06,22050,CE,0.0,0.0,0.0,2302.0,1160.35,0,0,0,23085.95
2025-01-13,2025-02-27,22050,CE,0.0,0.0,0.0,2364.95,1288.5,0,0,0,23085.95
2025-01-13,2025-12-24,24000,PE,903.0,1075.05,903.0,1046.5,1046.5,910,768650,9075,23085.95
2025-01-13,2025-09-25,24000,PE,0.0,0.0,0.0,335.2,954.95,0,0,0,23085.95
2025-01-13,2025-03-27,22000,PE,160.05,201.65,145.05,195.9,195.9,12406,1800800,104150,23085.95
2025-01-13,2025-03-27,24000,PE,807.95,945.0,766.15,920.9,920.9,6125,1646500,-89375,23085.95
2025-01-13,2027-06-24,22000,PE,0.0,0.0,0.0,3995.4,370.5,0,0,0,23085.95
2025-01-13,2029-12-27,24000,CE,0.0,0.0,0.0,7730.0,6439.5,0,0,0,23085.95
2025-01-13,2027-12-30,22000,PE,0.0,0.0,0.0,329.0,358.75,0,25,0,23085.95
2025-01-13,2025-02-06,22000,PE,68.0,88.0,56.3,80.7,80.7,1290,41175,15750,23085.95
2025-01-13,2025-03-27,24000,CE,539.75,539.75,375.0,385.35,385.35,6949,901425,425,23085.95
2025-01-13,2025-06-26,24000,PE,830.0,965.0,811.2,947.75,947.75,2232,547550,14050,23085.95
2025-01-13,2028-12-28,22000,PE,0.0,0.0,0.0,521.3,325.15,0,225,0,23085.95
2025-01-13,2025-01-23,24000,CE,38.25,47.8,19.9,21.35,21.35,68663,1046850,389475,23085.95
2025-01-13,2026-06-25,24000,PE,0.0,0.0,0.0,986.1,903.45,0,75,0,23085.95
2025-01-13,2025-03-27,22000,CE,1785.15,1814.65,1585.05,1617.7,1617.7,444,389300,-4350,23085.95
2025-01-13,2025-03-27,25450,CE,86.05,86.05,79.9,79.9,57.25,5,1950,-300,23085.95
2025-01-13,2028-06-29,20000,PE,0.0,0.0,0.0,400.0,147.6,0,0,0,23085.95
2025-01-13,2029-12-27,20000,CE,0.0,0.0,0.0,10081.1,8909.45,0,0,0,23085.95
2025-01-13,2027-12-30,29000,CE,0.0,0.0,0.0,1932.55,1879.5,0,0,0,23085.95
2025-01-13,2026-12-31,29000,PE,0.0,0.0,0.0,5042.25,3231.5,0,0,0,23085.95
2025-01-13,2025-06-26,29000,CE,32.0,35.95,32.0,35.45,35.45,32,58125,300,23085.95
2025-01-13,2026-06-25,29000,PE,0.0,0.0,0.0,5546.1,3708.6,0,0,0,23085.95
2025-01-13,2025-02-06,23800,PE,693.6,786.0,693.55,760.0,717.7,11,1275,300,23085.95
2025-01-13,2025-01-23,23800,CE,71.0,85.65,33.5,35.5,35.5,34738,463500,191700,23085.95
2025-01-13,2025-01-30,23800,CE,140.05,146.5,73.65,76.7,76.7,124526,2613450,243025,23085.95
2025-01-13,2025-01-30,23350,CE,280.05,346.05,207.75,218.95,218.95,13216,68950,40275,23085.95
2025-01-13,2025-03-27,23350,PE,587.45,594.35,573.55,587.9,587.9,53,3675,3375,23085.95
2025-01-13,2025-03-27,23350,CE,751.3,751.3,744.55,744.55,587.5,8,675,600,23085.95
2025-01-13,2026-06-25,29000,CE,0.0,0.0,0.0,864.2,492.4,0,0,0,23085.95
2025-01-13,2025-03-27,29000,CE,10.85,11.85,10.0,11.45,11.45,400,263575,-4650,23085.95
2025-01-13,2025-09-25,29000,PE,0.0,0.0,0.0,2125.3,4648.1,0,0,0,23085.95
2025-01-13,2027-06-24,29000,PE,0.0,0.0,0.0,4627.1,2868.75,0,0,0,23085.95
2025-01-13,2025-06-26,29000,PE,0.0,0.0,0.0,6724.5,5060.6,0,0,0,23085.95
2025-01-13,2025-12-24,17000,CE,0.0,0.0,0.0,8400.0,7138.75,0,625,0,23085.95
2025-01-13,2025-01-16,23800,CE,19.8,25.25,7.6,8.25,8.25,1000310,6040950,-455325,23085.95
2025-01-13,2025-03-27,23800,CE,530.2,567.2,453.8,464.45,464.45,346,18600,6000,23085.95
2025-01-13,2025-02-06,23800,CE,250.5,252.3,165.8,171.95,171.95,269,14475,7800,23085.95
2025-01-13,2025-02-27,23350,PE,476.0,565.0,435.0,540.0,540.0,48,8100,-1575,23085.95
2025-01-13,2025-02-06,23350,PE,0.0,0.0,0.0,130.85,410.75,0,0,0,23085.95
2025-01-13,2025-01-23,23350,PE,266.0,395.85,239.6,350.25,350.25,4919,60300,-3375,23085.95
2025-01-13,2025-02-06,23350,CE,448.95,448.95,349.6,351.65,351.65,13,525,525,23085.95
2025-01-13,2025-02-13,23350,CE,552.4,552.4,475.4,475.4,306.5,4,150,150,23085.95
2025-01-13,2025-01-16,23350,CE,105.05,166.0,44.0,48.2,48.2,1018631,2888550,2487300,23085.95
2025-01-13,2025-01-16,26000,PE,2800.0,2900.0,2698.7,2880.4,2880.4,51,28500,975,23085.95
2025-01-13,2025-03-27,22300,CE,0.0,0.0,0.0,2007.65,1254.45,0,0,0,23085.95
2025-01-13,2025-02-06,22450,CE,0.0,0.0,0.0,1919.75,812.05,0,0,0,23085.95
2025-01-13,2025-02-13,22450,CE,0.0,0.0,0.0,1318.45,864.75,0,0,0,23085.95
2025-01-13,2025-03-27,22450,CE,0.0,0.0,0.0,1886.8,1142.2,0,0,0,23085.95
2025-01-13,2025-02-13,22450,PE,0.0,0.0,0.0,84.9,100.45,0,0,0,23085.95
2025-01-13,2025-01-23,22450,CE,0.0,0.0,0.0,1698.45,700.1,0,0,0,23085.95
2025-01-13,2025-01-16,22300,CE,785.0,1070.1,785.0,832.5,832.5,355,6000,5325,23085.95
2025-01-13,2025-03-27,24500,PE,1140.0,1280.0,1073.2,1242.45,1242.45,398,98400,-5775,23085.95
2025-01-13,2025-01-30,24500,PE,1200.0,1396.85,1111.8,1349.35,1349.35,15176,988100,-158300,23085.95
2025-01-13,2025-02-06,24500,CE,62.0,72.85,48.25,50.35,50.35,2439,96825,26025,23085.95
2025-01-13,2025-03-27,22100,CE,0.0,0.0,0.0,2173.55,1411.6,0,0,0,23085.95
2025-01-13,2025-02-13,24500,PE,0.0,0.0,0.0,986.4,1312.85,0,0,0,23085.95
2025-01-13,2025-01-16,22100,CE,0.0,0.0,0.0,1338.0,998.2,0,675,0,23085.95
2025-01-13,2025-01-30,22100,PE,31.0,54.15,23.0,46.8,46.8,31421,326200,89500,23085.95
2025-01-13,2025-01-23,24500,PE,1270.4,1395.0,1145.9,1372.35,1372.35,260,29925,12375,23085.95
2025-01-13,2025-01-16,22100,PE,6.1,10.8,5.05,8.25,8.25,301094,5739150,4506975,23085.95
2025-01-13,2025-03-27,24500,CE,270.0,297.35,220.85,225.5,225.5,5733,365550,98325,23085.95
2025-01-13,2025-02-13,22100,CE,0.0,0.0,0.0,1625.4,1158.75,0,0,0,23085.95
2025-01-13,2025-02-13,22100,PE,0.0,0.0,0.0,44.3,46.45,0,0,0,23085.95
2025-01-13,2025-01-16,25100,CE,1.45,2.9,1.1,2.55,2.55,105910,1236750,372375,23085.95
2025-01-13,2025-02-27,25100,CE,63.85,66.25,47.95,50.1,50.1,2243,33975,-11400,23085.95
2025-01-13,2025-09-25,28000,CE,0.0,0.0,0.0,1788.2,135.9,0,0,0,23085.95
2025-01-13,2026-12-31,28000,CE,0.0,0.0,0.0,1871.1,1188.2,0,0,0,23085.95
2025-01-13,2027-06-24,28000,PE,0.0,0.0,0.0,5959.35,2338.35,0,0,0,23085.95
2025-01-13,2025-06-26,28000,CE,61.45,64.55,55.0,56.45,56.45,245,118800,100,23085.95
2025-01-13,2025-12-24,20000,PE,174.0,199.0,165.0,191.3,191.3,143,65850,1950,23085.95
2025-01-13,2025-06-26,20000,CE,0.0,0.0,0.0,4200.0,3705.05,0,225,0,23085.95
2025-01-13,2025-02-13,23900,PE,0.0,0.0,0.0,586.0,805.1,0,0,0,23085.95
2025-01-13,2025-03-27,23900,CE,485.5,515.45,414.6,422.2,422.2,183,24375,1050,23085.95
2025-01-13,2025-01-30,23900,PE,650.0,840.55,603.7,793.3,793.3,10923,1297100,-64000,23085.95
2025-01-13,2025-02-06,23900,PE,790.0,821.8,790.0,821.75,796.7,4,300,300,23085.95
2025-01-13,2025-02-06,23900,CE,193.85,217.3,137.2,143.5,143.5,197,10425,8025,23085.95
2025-01-13,2025-02-13,23900,CE,0.0,0.0,0.0,379.7,127.7,0,0,0,23085.95
2025-01-13,2025-01-23,23900,CE,44.05,63.2,25.15,26.9,26.9,28478,356925,117075,23085.95
2025-01-13,2025-01-30,23900,CE,101.0,117.0,57.05,59.9,59.9,90882,1556825,104450,23085.95
2025-01-13,2025-03-27,23900,PE,810.0,880.0,810.0,876.45,876.45,53,11925,-750,23085.95
2025-01-13,2025-01-16,23900,CE,14.9,16.4,5.75,6.35,6.35,670508,4128825,1377225,23085.95
2025-01-13,2025-02-27,23900,CE,379.6,379.6,248.9,257.8,257.8,1265,75675,16950,23085.95
2025-01-13,2025-01-23,23900,PE,706.5,828.85,593.55,798.15,798.15,694,35775,-8400,23085.95
2025-01-13,2025-01-16,24150,PE,920.0,1067.9,796.3,1032.65,1032.65,126,22800,-2850,23085.95
2025-01-13,2025-02-27,24150,CE,229.45,248.4,175.8,182.1,182.1,185,7125,825,23085.95
2025-01-13,2025-03-27,24150,CE,388.85,388.85,347.2,347.2,276.65,49,3525,3525,23085.95
2025-01-13,2025-02-27,25300,PE,0.0,0.0,0.0,1480.0,2023.85,0,225,0,23085.95
2025-01-13,2025-03-27,25300,CE,109.0,119.0,75.0,89.4,89.4,477,64425,-18600,23085.95
2025-01-13,2025-01-16,25300,PE,1999.0,1999.0,1999.0,1999.0,2200.0,1,5550,-75,23085.95
2025-01-13,2025-02-13,25300,CE,23.0,25.0,19.15,21.25,21.25,31,1200,975,23085.95
2025-01-13,2025-01-30,26400,PE,3220.0,3233.8,3220.0,3233.8,3233.8,3,6575,-75,23085.95
2025-01-13,2025-01-16,26400,CE,1.8,2.75,0.95,2.4,2.4,93165,1552050,186075,23085.95
2025-01-13,2025-03-27,23950,PE,835.0,895.0,835.0,878.85,878.85,27,6375,300,23085.95
2025-01-13,2025-02-27,25350,CE,41.5,42.85,41.1,41.35,17.6,33,7725,0,23085.95
2025-01-13,2025-02-06,25350,PE,0.0,0.0,0.0,1133.15,2153.3,0,0,0,23085.95
2025-01-13,2025-01-16,25350,CE,1.1,3.0,1.05,2.55,2.55,25274,365400,183075,23085.95
2025-01-13,2025-02-13,22350,PE,0.0,0.0,0.0,71.1,81.6,0,0,0,23085.95
2025-01-13,2025-01-16,26150,CE,1.05,2.95,1.0,2.4,2.4,15913,178500,108450,23085.95
2025-01-13,2025-01-30,26150,PE,0.0,0.0,0.0,1554.05,2981.95,0,50,0,23085.95
2025-01-13,2025-01-16,25150,CE,2.0,2.9,1.15,2.6,2.6,39262,778800,477975,23085.95
2025-01-13,2025-02-06,25150,CE,0.0,0.0,0.0,34.75,2.95,0,75,0,23085.95
2025-01-13,2025-01-23,22400,CE,0.0,0.0,0.0,1744.25,745.6,0,0,0,23085.95
2025-01-13,2025-01-23,25150,PE,0.0,0.0,0.0,1162.45,2017.6,0,0,0,23085.95
2025-01-13,2025-01-23,25150,CE,4.15,6.65,3.35,6.05,6.05,675,10650,675,23085.95
2025-01-13,2025-01-16,21800,PE,3.05,6.05,3.0,4.8,4.8,323825,4755150,-408375,23085.95
2025-01-13,2025-03-27,25550,CE,0.0,0.0,0.0,121.55,49.8,0,975,0,23085.95
2025-01-13,2025-01-23,25500,PE,2210.0,2270.0,2110.0,2256.05,2366.95,16,1050,1050,23085.95
2025-01-13,2025-01-30,26250,CE,3.75,6.6,3.75,6.2,6.2,3203,159075,-925,23085.95
2025-01-13,2025-01-30,26250,PE,0.0,0.0,0.0,2460.0,3081.65,0,675,0,23085.95
2025-01-13,2025-12-24,24000,CE,1680.05,1755.0,1601.0,1636.25,1636.25,249,223225,3300,23085.95
2025-01-13,2025-02-13,22000,CE,0.0,0.0,0.0,1716.6,1248.1,0,0,0,23085.95
2025-01-13,2028-06-29,24000,PE,0.0,0.0,0.0,1692.75,677.25,0,0,0,23085.95
2025-01-13,2025-01-23,24000,PE,800.05,927.65,680.0,882.15,882.15,951,147000,4650,23085.95
2025-01-13,2029-06-28,22000,CE,0.0,0.0,0.0,9207.9,7108.6,0,0,0,23085.95
2025-01-13,2025-02-27,22000,PE,122.25,154.15,98.35,144.9,144.9,26927,1180875,570075,23085.95
2025-01-13,2028-12-28,22000,CE,0.0,0.0,0.0,6932.45,6570.1,0,0,0,23085.95
2025-01-13,2025-01-30,22000,PE,20.1,45.0,18.0,37.95,37.95,223821,3522950,-3700,23085.95
2025-01-13,2025-01-23,22000,CE,1260.0,1350.0,1115.15,1153.3,1153.3,209,10800,10800,23085.95
2025-01-13,2027-12-30,24000,CE,0.0,0.0,0.0,3778.95,4167.2,0,0,0,23085.95
2025-01-13,2028-06-29,24000,CE,0.0,0.0,0.0,3918.85,4762.3,0,0,0,23085.95
2025-01-13,2025-06-26,18000,PE,20.35,20.35,20.35,20.35,0.6,1,9225,75,23085.95
2025-01-13,2026-12-31,18000,PE,0.0,0.0,0.0,76.1,31.8,0,5175,0,23085.95
2025-01-13,2026-06-25,18000,PE,0.0,0.0,0.0,3088.05,20.25,0,0,0,23085.95
2025-01-13,2029-06-28,18000,PE,0.0,0.0,0.0,118.45,55.0,0,0,0,23085.95
2025-01-13,2025-03-27,18000,CE,5581.0,5903.9,5289.15,5334.0,5334.0,578,471475,3325,23085.95
2025-01-13,2028-06-29,18000,CE,0.0,0.0,0.0,6809.35,8886.5,0,0,0,23085.95
2025-01-13,2025-03-27,24650,PE,0.0,0.0,0.0,1025.2,1392.55,0,0,0,23085.95
2025-01-13,2025-01-16,24650,PE,0.0,0.0,0.0,1055.1,1550.4,0,1125,0,23085.95
2025-01-13,2025-01-30,24650,PE,1377.0,1511.0,1278.55,1511.0,1511.0,60,37900,-725,23085.95
2025-01-13,2025-01-16,24650,CE,1.95,3.25,1.55,2.85,2.85,86647,1129650,370050,23085.95
2025-01-13,2025-02-06,24650,CE,47.0,49.35,37.25,37.9,37.9,64,4500,4500,23085.95
2025-01-13,2025-01-23,23750,CE,70.05,98.0,38.05,40.95,40.95,9715,90225,28425,23085.95
2025-01-13,2026-06-25,20000,CE,0.0,0.0,0.0,3829.5,5052.8,0,0,0,23085.95
2025-01-13,2027-06-24,20000,PE,0.0,0.0,0.0,3034.2,140.5,0,0,0,23085.95
2025-01-13,2025-01-23,24950,CE,5.55,6.7,5.15,6.3,6.3,360,9450,-1500,23085.95
2025-01-13,2025-02-13,24950,CE,40.0,40.0,27.05,31.6,31.6,7,300,300,23085.95
2025-01-13,2025-01-16,25650,CE,1.25,2.8,0.9,2.45,2.45,22601,333075,261750,23085.95
2025-01-13,2025-02-13,24850,PE,0.0,0.0,0.0,1262.25,1639.25,0,0,0,23085.95
2025-01-13,2025-02-27,24850,CE,80.0,90.1,66.65,70.25,70.25,110,6075,525,23085.95
2025-01-13,2025-02-06,25550,CE,12.95,14.95,11.0,11.4,0.75,16,1650,750,23085.95
2025-01-13,2025-01-23,25550,PE,0.0,0.0,0.0,1497.7,2416.85,0,0,0,23085.95
2025-01-13,2029-06-28,29000,CE,0.0,0.0,0.0,5677.9,3447.95,0,0,0,23085.95
2025-01-13,2025-03-27,29000,PE,5283.6,5488.2,5199.4,5487.55,5487.55,22,410025,-225,23085.95
2025-01-13,2027-12-30,29000,PE,0.0,0.0,0.0,4227.5,2538.85,0,0,0,23085.95
2025-01-13,2025-12-24,29000,CE,207.95,207.95,184.0,188.7,188.7,79,74225,1225,23085.95
2025-01-13,2028-12-28,29000,PE,0.0,0.0,0.0,2010.85,2032.5,0,0,0,23085.95
2025-01-13,2029-12-27,29000,CE,0.0,0.0,0.0,5305.8,3977.25,0,0,0,23085.95
2025-01-13,2025-01-16,26300,PE,0.0,0.0,0.0,1635.25,3199.45,0,0,0,23085.95
2025-01-13,2025-01-30,26300,CE,4.35,5.95,3.7,5.75,5.75,3941,43275,-21125,23085.95
2025-01-13,2025-01-30,26300,PE,0.0,0.0,0.0,2754.3,3131.5,0,12225,0,23085.95
2025-01-13,2025-02-27,23400,CE,529.05,596.55,449.5,466.6,466.6,2115,77400,46950,23085.95
2025-01-13,2025-02-06,23400,PE,468.2,536.05,395.2,501.25,501.25,375,8850,2925,23085.95
2025-01-13,2027-12-30,28000,PE,0.0,0.0,0.0,4251.0,2076.45,0,0,0,23085.95
2025-01-13,2025-06-26,28000,PE,0.0,0.0,0.0,7207.55,4112.55,0,0,0,23085.95
2025-01-13,2028-06-29,28000,CE,0.0,0.0,0.0,2596.45,2778.35,0,0,0,23085.95
2025-01-13,2027-06-24,28000,CE,0.0,0.0,0.0,2186.3,1682.3,0,0,0,23085.95
2025-01-13,2029-12-27,28000,PE,0.0,0.0,0.0,1411.3,1359.7,0,0,0,23085.95
2025-01-13,2025-03-27,28000,CE,15.1,16.0,13.6,15.4,15.4,868,622525,-15725,23085.95
2025-01-13,2025-12-24,28000,CE,350.0,359.6,310.05,315.75,315.75,250,222175,-4125,23085.95
2025-01-13,2025-09-25,28000,PE,0.0,0.0,0.0,1606.2,3760.2,0,0,0,23085.95
2025-01-13,2026-06-25,28000,PE,0.0,0.0,0.0,6532.55,3002.4,0,0,0,23085.95
2025-01-13,2025-12-24,28000,PE,3272.0,3400.0,3180.0,3343.0,3343.0,51,239075,-425,23085.95
2025-01-13,2025-01-30,21600,PE,10.65,22.5,10.55,18.9,18.9,85260,2844800,205575,23085.95
2025-01-13,2025-02-06,23450,PE,0.0,0.0,0.0,152.45,471.35,0,0,0,23085.95
2025-01-13,2025-01-16,23450,PE,261.55,401.0,198.85,350.5,350.5,112293,540900,-723600,23085.95
2025-01-13,2025-03-27,25750,CE,74.05,74.05,54.95,57.4,37.35,4,600,0,23085.95
2025-01-13,2025-02-27,26150,CE,0.0,0.0,0.0,34.5,3.0,0,2850,0,23085.95
2025-01-13,2025-02-27,22400,CE,0.0,0.0,0.0,2070.15,1001.95,0,0,0,23085.95
2025-01-13,2025-02-13,22400,CE,0.0,0.0,0.0,1360.95,904.65,0,0,0,23085.95
2025-01-13,2025-02-27,22400,PE,182.15,227.2,159.35,213.95,213.95,1405,250125,6750,23085.95
2025-01-13,2025-02-13,25150,CE,0.0,0.0,0.0,71.3,8.05,0,0,0,23085.95
2025-01-13,2025-02-06,25150,PE,0.0,0.0,0.0,980.65,1955.6,0,0,0,23085.95
2025-01-13,2025-02-27,25150,CE,57.3,61.7,45.5,45.5,45.5,69,3450,-1275,23085.95
2025-01-13,2025-01-16,22900,PE,49.95,77.55,35.0,57.55,57.55,1063697,3727725,1002750,23085.95
2025-01-13,2025-02-06,23050,PE,0.0,0.0,0.0,79.8,257.7,0,0,0,23085.95
2025-01-13,2025-01-16,23050,PE,83.05,130.0,57.85,102.8,102.8,975765,1579950,939075,23085.95
2025-01-13,2025-01-30,26350,PE,0.0,0.0,0.0,1738.15,3181.35,0,25,0,23085.95
2025-01-13,2025-02-27,26350,CE,15.6,17.4,15.6,16.9,1.85,71,5175,2100,23085.95
2025-01-13,2025-01-16,23100,CE,271.0,333.9,131.6,149.3,149.3,679309,2921775,2780175,23085.95
2025-01-13,2025-03-27,25500,CE,86.55,92.1,69.35,71.5,71.5,4580,247725,45750,23085.95
2025-01-13,2025-01-30,21800,CE,1589.25,1595.0,1365.0,1365.0,1359.3,8,700,-100,23085.95
2025-01-13,2025-02-27,21800,CE,0.0,0.0,0.0,2583.85,1508.9,0,0,0,23085.95
2025-01-13,2028-12-28,24000,PE,0.0,0.0,0.0,564.65,624.75,0,525,0,23085.95
2025-01-13,2029-06-28,24000,CE,0.0,0.0,0.0,8085.35,5897.5,0,0,0,23085.95
2025-01-13,2025-02-13,24000,CE,241.7,244.65,154.0,162.7,162.7,35,1650,1350,23085.95
2025-01-13,2029-12-27,22000,CE,0.0,0.0,0.0,8865.25,7628.4,0,0,0,23085.95
2025-01-13,2025-02-27,24000,CE,282.7,309.45,215.0,223.5,223.5,26033,1080750,417150,23085.95
2025-01-13,2025-01-30,24000,PE,745.0,928.0,678.95,877.8,877.8,85521,4189825,-544550,23085.95
2025-01-13,2026-12-31,24000,PE,1052.05,1120.0,1052.05,1115.5,1115.5,17,10275,1050,23085.95
2025-01-13,2027-06-24,18000,CE,0.0,0.0,0.0,4066.45,7863.5,0,0,0,23085.95
2025-01-13,2026-12-31,18000,CE,0.0,0.0,0.0,4501.45,7353.0,0,0,0,23085.95
2025-01-13,2029-06-28,18000,CE,0.0,0.0,0.0,11678.65,9818.0,0,0,0,23085.95
2025-01-13,2025-09-25,18000,CE,0.0,0.0,0.0,9482.9,5918.5,0,0,0,23085.95
2025-01-13,2028-12-28,18000,CE,0.0,0.0,0.0,9380.3,9360.7,0,0,0,23085.95
2025-01-13,2025-01-30,25200,PE,1929.15,2060.0,1852.0,2058.15,2058.15,104,55700,-1500,23085.95
2025-01-13,2025-01-23,25200,CE,3.45,6.25,3.4,5.85,5.85,7259,150675,85425,23085.95
2025-01-13,2025-02-27,25200,PE,0.0,0.0,0.0,1569.65,1928.95,0,2175,0,23085.95
2025-01-13,2025-02-13,25200,CE,24.5,24.5,24.0,24.0,24.0,2,150,150,23085.95
2025-01-13,2025-02-27,25200,CE,56.6,56.65,42.45,44.85,44.85,1944,76275,-19575,23085.95
2025-01-13,2025-02-06,25200,PE,0.0,0.0,0.0,1018.2,2004.95,0,0,0,23085.95
2025-01-13,2025-01-23,25200,PE,0.0,0.0,0.0,1202.65,2067.5,0,0,0,23085.95
2025-01-13,2025-01-16,25200,CE,1.0,2.9,1.0,2.5,2.5,90332,1577400,171300,23085.95
2025-01-13,2025-01-16,25200,PE,0.0,0.0,0.0,1766.05,2100.05,0,13650,0,23085.95
2025-01-13,2025-02-06,25200,CE,19.0,21.0,17.3,18.65,18.65,175,6975,2025,23085.95
2025-01-13,2025-03-27,25200,CE,142.5,142.5,90.05,98.75,98.75,340,10275,-3300,23085.95
2025-01-13,2025-01-30,25200,CE,8.0,10.35,7.35,9.9,9.9,27536,829800,-49000,23085.95
2025-01-13,2025-02-13,25200,PE,0.0,0.0,0.0,1563.05,1977.0,0,0,0,23085.95
2025-01-13,2025-03-27,25200,PE,0.0,0.0,0.0,1380.95,1856.35,0,0,0,23085.95
2025-01-13,2025-01-30,23050,CE,453.95,534.0,350.9,370.45,370.45,4356,34675,14700,23085.95
2025-01-13,2025-03-27,23050,CE,933.5,933.5,855.0,855.0,855.0,8,525,525,23085.95
2025-01-13,2025-02-13,23050,CE,0.0,0.0,0.0,853.75,455.7,0,0,0,23085.95
2025-01-13,2025-02-06,23050,CE,514.0,514.9,492.85,496.8,496.8,22,1425,1425,23085.95
2025-01-13,2025-01-30,22900,CE,558.45,641.95,440.75,466.6,466.6,4081,37425,30900,23085.95
2025-01-13,2025-02-06,22900,CE,700.0,749.55,598.6,609.0,609.0,32,2025,2025,23085.95
2025-01-13,2025-03-27,22900,CE,1039.65,1090.0,942.6,942.6,942.6,4,225,225,23085.95
2025-01-13,2025-02-27,22900,CE,809.0,809.0,735.15,754.95,754.95,165,9600,9525,23085.95
2025-01-13,2025-02-13,22900,CE,0.0,0.0,0.0,962.15,544.65,0,0,0,23085.95
2025-01-13,2025-01-30,23050,PE,203.05,286.35,175.2,259.95,259.95,9685,131775,10950,23085.95
2025-01-13,2025-02-27,23050,CE,729.15,776.05,636.45,662.4,662.4,138,8175,8175,23085.95
2025-01-13,2025-01-16,23050,CE,282.8,373.0,157.45,178.85,178.85,170608,751275,738375,23085.95
2025-01-13,2025-01-30,24700,PE,1450.05,1580.3,1309.15,1541.7,1541.7,347,192900,-3725,23085.95
2025-01-13,2025-01-23,23400,PE,273.0,429.95,263.15,386.95,386.95,18564,318150,-12750,23085.95
2025-01-13,2025-02-06,23400,CE,391.85,445.0,310.05,327.4,327.4,597,25875,21975,23085.95
2025-01-13,2025-01-30,23400,PE,369.95,471.0,306.3,432.8,432.8,56597,1121525,-197100,23085.95
2025-01-13,2025-03-27,25450,PE,0.0,0.0,0.0,1560.7,2080.0,0,0,0,23085.95
2025-01-13,2025-02-27,23750,PE,515.9,775.5,515.9,768.0,768.0,257,24225,-7350,23085.95
2025-01-13,2025-03-27,24600,CE,223.85,260.0,195.4,201.0,201.0,173,7050,3000,23085.95
2025-01-13,2026-12-31,22000,PE,491.0,729.95,491.0,729.95,373.85,2,575,75,23085.95
2025-01-13,2025-01-16,24000,CE,12.55,12.55,4.6,5.25,5.25,1202729,10693800,2353050,23085.95
2025-01-13,2025-01-16,22000,CE,1250.05,1350.0,1088.65,1124.3,1124.3,277,13650,-7800,23085.95
2025-01-13,2027-12-30,22000,CE,0.0,0.0,0.0,4499.55,5431.05,0,0,0,23085.95
2025-01-13,2029-12-27,24000,PE,0.0,0.0,0.0,625.5,529.55,0,0,0,23085.95
2025-01-13,2025-01-23,22000,PE,12.05,24.1,10.0,19.75,19.75,33558,620700,199575,23085.95
2025-01-13,2026-12-31,24000,CE,0.0,0.0,0.0,2010.65,2913.7,0,0,0,23085.95
2025-01-13,2029-12-27,22000,PE,0.0,0.0,0.0,373.65,287.1,0,0,0,23085.95
2025-01-13,2026-12-31,22000,CE,0.0,0.0,0.0,3039.0,4191.8,0,0,0,23085.95
2025-01-13,2025-02-06,22000,CE,0.0,0.0,0.0,2350.45,1206.45,0,0,0,23085.95
2025-01-13,2027-12-30,18000,CE,0.0,0.0,0.0,6285.7,8394.4,0,0,0,23085.95
2025-01-13,2025-02-27,23900,PE,762.0,886.35,697.0,846.85,846.85,329,61875,-8550,23085.95
2025-01-13,2025-01-16,23900,PE,581.1,825.0,550.0,772.7,772.7,2520,283425,-43500,23085.95
2025-01-13,2025-01-30,25750,PE,0.0,0.0,0.0,1830.0,2583.25,0,725,0,23085.95
2025-01-13,2025-02-06,25750,CE,10.0,11.9,7.15,11.9,11.9,13,1800,0,23085.95
2025-01-13,2025-01-30,25750,CE,4.35,7.5,4.35,7.35,7.35,768,42100,-500,23085.95
2025-01-13,2025-02-13,24100,PE,0.0,0.0,0.0,707.25,964.6,0,0,0,23085.95
2025-01-13,2025-01-23,24100,CE,34.65,34.9,15.6,16.65,16.65,23534,273000,10575,23085.95
2025-01-13,2025-01-30,24100,PE,796.2,1013.6,759.3,970.5,970.5,1959,412600,-17250,23085.95
2025-01-13,2025-02-27,22750,CE,885.0,885.0,885.0,885.0,748.55,1,75,75,23085.95
2025-01-13,2025-01-30,22750,PE,120.5,175.6,102.05,156.75,156.75,6907,96650,12525,23085.95
2025-01-13,2025-01-30,25800,CE,4.35,8.0,4.35,7.3,7.3,11358,182550,-33325,23085.95
2025-01-13,2025-09-25,25000,PE,0.0,0.0,0.0,1111.1,1493.75,0,75,0,23085.95
2025-01-13,2025-01-30,25000,CE,14.05,14.05,10.8,11.55,11.55,128503,4482575,-258800,23085.95
2025-01-13,2025-01-30,25000,PE,1700.0,1888.35,1600.0,1842.8,1842.8,5507,1459625,-51750,23085.95
2025-01-13,2026-12-31,25000,CE,2350.0,2350.0,2300.0,2315.0,2377.35,4,2300,0,23085.95
2025-01-13,2025-02-27,25800,PE,0.0,0.0,0.0,2005.0,2506.95,0,525,0,23085.95
2025-01-13,2025-06-26,25000,CE,466.3,504.75,418.05,426.9,426.9,1976,373475,9250,23085.95
2025-01-13,2025-12-24,25000,PE,1350.0,1458.05,1311.0,1413.65,1413.65,556,314800,2325,23085.95
2025-01-13,2025-01-30,23750,PE,500.55,714.45,500.55,673.7,673.7,3002,104675,-20250,23085.95
2025-01-13,2025-01-16,23750,PE,518.65,679.0,417.25,627.5,627.5,3220,303450,-24225,23085.95
2025-01-13,2025-02-13,23750,PE,0.0,0.0,0.0,503.5,693.65,0,0,0,23085.95
2025-01-13,2025-02-27,23750,CE,380.0,409.0,304.0,312.6,312.6,187,8550,-900,23085.95
2025-01-13,2025-03-27,23750,CE,540.0,580.0,499.7,499.7,411.3,7,1500,150,23085.95
2025-01-13,2025-12-24,20000,CE,0.0,0.0,0.0,4700.0,4392.8,0,20650,0,23085.95
2025-01-13,2025-02-06,24950,CE,35.0,35.0,35.0,35.0,5.6,1,1050,75,23085.95
2025-01-13,2026-12-31,20000,CE,0.0,0.0,0.0,3704.3,5698.4,0,0,0,23085.95
2025-01-13,2025-03-27,24950,CE,136.0,139.0,131.0,135.2,135.2,44,2475,225,23085.95
2025-01-13,2028-06-29,20000,CE,0.0,0.0,0.0,5724.65,7399.5,0,0,0,23085.95
2025-01-13,2025-02-27,25250,PE,0.0,0.0,0.0,1180.0,1976.3,0,150,0,23085.95
2025-01-13,2025-01-23,25250,CE,4.85,6.65,3.6,5.85,5.85,245,7350,4650,23085.95
2025-01-13,2025-03-27,22200,CE,0.0,0.0,0.0,2089.95,1332.0,0,0,0,23085.95
2025-01-13,2025-01-16,22750,PE,25.0,51.05,21.4,33.35,33.35,534180,1165875,609600,23085.95
2025-01-13,2025-01-30,22750,CE,682.0,738.25,540.05,561.3,561.3,1007,11300,10900,23085.95
2025-01-13,2025-01-23,22900,PE,115.55,170.0,93.55,146.45,146.45,19771,182025,69525,23085.95
2025-01-13,2025-01-23,24600,CE,10.0,10.0,5.55,7.75,7.75,13599,338325,207225,23085.95
2025-01-13,2025-01-16,24600,CE,1.7,3.2,1.45,2.8,2.8,216498,2509950,-159300,23085.95
2025-01-13,2025-02-13,24600,PE,0.0,0.0,0.0,1061.75,1404.5,0,0,0,23085.95
2025-01-13,2025-03-27,24600,PE,0.0,0.0,0.0,830.6,1352.75,0,10650,0,23085.95
2025-01-13,2027-06-24,22000,CE,0.0,0.0,0.0,2783.5,4802.0,0,0,0,23085.95
2025-01-13,2025-01-30,24000,CE,80.0,93.5,45.8,48.05,48.05,360029,5164275,383200,23085.95
2025-01-13,2026-06-25,22000,PE,0.0,0.0,0.0,3829.5,362.65,0,0,0,23085.95
2025-01-13,2026-06-25,22000,CE,0.0,0.0,0.0,2722.55,3495.25,0,0,0,23085.95
2025-01-13,2025-02-06,24000,PE,800.0,928.05,733.3,888.7,888.7,80,20550,1800,23085.95
2025-01-13,2025-06-26,18000,CE,0.0,0.0,0.0,5326.25,5624.25,0,2325,0,23085.95
2025-01-13,2029-12-27,18000,CE,0.0,0.0,0.0,11362.4,10259.1,0,0,0,23085.95
2025-01-13,2026-06-25,18000,CE,0.0,0.0,0.0,7400.0,6780.7,0,100,0,23085.95
2025-01-13,2027-12-30,18000,PE,0.0,0.0,0.0,244.4,46.9,0,10175,0,23085.95
2025-01-13,2028-06-29,18000,PE,0.0,0.0,0.0,396.75,51.2,0,0,0,23085.95
2025-01-13,2025-09-25,18000,PE,0.0,0.0,0.0,3.05,3.45,0,0,0,23085.95
2025-01-13,2025-01-30,25500,PE,2171.3,2374.0,2105.0,2339.95,2339.95,589,492875,-2950,23085.95
2025-01-13,2025-02-27,25500,PE,2060.0,2250.15,1980.0,2234.6,2215.6,89,37125,-3225,23085.95
2025-01-13,2025-01-30,25500,CE,7.2,9.0,6.0,8.3,8.3,59095,1989075,-131875,23085.95
2025-01-13,2025-01-16,26250,PE,0.0,0.0,0.0,1591.0,3149.5,0,0,0,23085.95
2025-01-13,2025-02-27,26250,CE,0.0,0.0,0.0,19.3,2.35,0,3900,0,23085.95
2025-01-13,2025-01-16,26250,CE,1.0,2.8,1.0,2.3,2.3,20107,183450,114375,23085.95
2025-01-13,2025-02-27,26250,PE,0.0,0.0,0.0,2062.7,2948.85,0,0,0,23085.95
2025-01-13,2025-02-27,23850,PE,735.0,821.05,665.55,821.05,786.7,464,6150,-13125,23085.95
2025-01-13,2025-02-27,23850,CE,352.1,363.5,271.0,274.35,274.35,203,11925,4350,23085.95
2025-01-13,2025-01-16,24200,PE,918.4,1115.0,843.0,1079.7,1079.7,680,138975,-13650,23085.95
2025-01-13,2025-02-13,23400,CE,0.0,0.0,0.0,551.0,285.35,0,75,0,23085.95
2025-01-13,2025-01-23,23400,CE,195.2,238.0,114.15,121.0,121.0,27123,412650,261975,23085.95
2025-01-13,2025-03-27,25150,PE,0.0,0.0,0.0,1346.45,1812.45,0,0,0,23085.95
2025-01-13,2025-01-16,22400,PE,12.0,20.55,8.7,13.45,13.45,407611,3304575,96150,23085.95
2025-01-13,2025-01-30,24450,PE,1165.45,1350.0,1075.55,1299.55,1299.55,221,27275,-3300,23085.95
2025-01-13,2025-01-16,24450,CE,2.95,3.5,1.9,3.0,3.0,116658,1105650,-290175,23085.95
2025-01-13,2025-03-27,24450,PE,0.0,0.0,0.0,909.6,1236.2,0,0,0,23085.95
2025-01-13,2025-03-27,24850,CE,0.0,0.0,0.0,497.3,125.15,0,0,0,23085.95
2025-01-13,2025-02-27,24850,PE,0.0,0.0,0.0,1058.95,1603.95,0,0,0,23085.95
2025-01-13,2025-03-27,25100,CE,136.2,141.0,110.0,115.1,115.1,602,36825,28350,23085.95
2025-01-13,2025-02-13,24950,PE,0.0,0.0,0.0,1346.05,1734.9,0,0,0,23085.95
2025-01-13,2029-12-27,20000,PE,0.0,0.0,0.0,202.3,136.85,0,0,0,23085.95
2025-01-13,2025-02-27,24950,CE,66.1,66.1,56.6,59.0,59.0,14,4125,-450,23085.95
2025-01-13,2025-02-06,22950,PE,0.0,0.0,0.0,66.8,216.4,0,0,0,23085.95
2025-01-13,2025-02-13,22950,CE,0.0,0.0,0.0,924.55,513.95,0,0,0,23085.95
2025-01-13,2025-01-30,22950,CE,509.95,598.5,411.45,433.95,433.95,1706,13900,12325,23085.95
2025-01-13,2025-01-16,22000,PE,5.05,9.25,4.5,7.0,7.0,536868,9517050,1533675,23085.95
2025-01-13,2027-06-24,24000,PE,0.0,0.0,0.0,5056.2,792.1,0,0,0,23085.95
2025-01-13,2025-02-13,22000,PE,75.0,105.9,75.0,99.7,99.7,87,2550,-2100,23085.95
2025-01-13,2025-06-26,22000,PE,255.1,315.25,246.55,304.4,304.4,1441,383875,16550,23085.95
2025-01-13,2025-12-24,22000,CE,0.0,0.0,0.0,3211.0,2769.0,0,15125,0,23085.95
2025-01-13,2025-06-26,22000,CE,2050.0,2285.0,2042.4,2071.3,2071.3,234,13725,11025,23085.95
2025-01-13,2028-12-28,24000,CE,0.0,0.0,0.0,5850.3,5338.7,0,0,0,23085.95
2025-01-13,2025-01-16,24000,PE,749.95,924.35,646.7,875.05,875.05,10352,596625,-76650,23085.95
2025-01-13,2025-01-16,26500,PE,3260.0,3410.0,3250.0,3383.0,3383.0,137,13200,9450,23085.95
2025-01-13,2025-02-27,26500,PE,2905.3,3218.75,2905.3,3194.85,3194.85,7,114825,75,23085.95
2025-01-13,2026-06-25,14000,PE,0.0,0.0,0.0,20.0,0.1,0,925,0,23085.95
2025-01-13,2025-02-06,23450,CE,357.0,411.45,345.0,345.0,211.15,11,600,375,23085.95
2025-01-13,2025-01-30,23450,PE,275.0,500.3,267.55,465.45,465.45,7846,240525,-31625,23085.95
2025-01-13,2025-01-23,23450,CE,176.2,212.15,98.85,104.8,104.8,8338,120150,56175,23085.95
2025-01-13,2025-02-27,23450,PE,412.95,613.8,412.95,597.05,597.05,554,36075,18975,23085.95
2025-01-13,2025-03-27,23450,CE,610.15,632.7,610.15,630.65,630.65,47,3750,3450,23085.95
2025-01-13,2025-02-27,22150,PE,100.55,162.9,100.55,162.9,84.2,64,19875,4125,23085.95
2025-01-13,2025-01-23,22150,CE,0.0,0.0,0.0,1977.6,982.4,0,0,0,23085.95
2025-01-13,2025-01-23,22150,PE,13.0,32.45,13.0,26.1,26.1,3677,70500,65775,23085.95
2025-01-13,2025-02-13,22150,CE,0.0,0.0,0.0,1580.3,1114.85,0,0,0,23085.95
2025-01-13,2025-02-06,22150,CE,0.0,0.0,0.0,2205.4,1069.55,0,0,0,23085.95
2025-01-13,2025-03-27,22150,CE,0.0,0.0,0.0,2131.6,1371.55,0,0,0,23085.95
2025-01-13,2025-01-16,22150,PE,6.2,11.8,5.45,8.9,8.9,181665,3078150,2076525,23085.95
2025-01-13,2025-02-27,22150,CE,0.0,0.0,0.0,2279.25,1203.75,0,0,0,23085.95
2025-01-13,2028-12-28,21000,CE,0.0,0.0,0.0,7512.5,7232.85,0,0,0,23085.95
2025-01-13,2028-12-28,21000,PE,0.0,0.0,0.0,500.0,222.4,0,1000,0,23085.95
2025-01-13,2027-06-24,21000,PE,0.0,0.0,0.0,500.0,235.15,0,200,0,23085.95
2025-01-13,2025-03-27,21000,PE,59.9,79.55,55.05,76.45,76.45,8999,1026875,177900,23085.95
2025-01-13,2025-01-16,26050,PE,0.0,0.0,0.0,1417.6,2949.6,0,0,0,23085.95
2025-01-13,2025-06-26,21000,PE,136.05,165.0,130.0,157.35,157.35,673,99650,-1650,23085.95
2025-01-13,2025-12-24,21000,PE,288.0,317.0,265.1,298.9,298.9,371,103050,11025,23085.95
2025-01-13,2026-12-31,12000,PE,0.0,0.0,0.0,20.05,0.05,0,800,0,23085.95
2025-01-13,2026-06-25,12000,CE,0.0,0.0,0.0,8690.0,12202.3,0,50,0,23085.95
2025-01-13,2026-06-25,12000,PE,0.0,0.0,0.0,20.05,0.05,0,400,0,23085.95
2025-01-13,2026-06-25,28000,CE,0.0,0.0,0.0,1533.95,693.15,0,0,0,23085.95
2025-01-13,2026-12-31,28000,PE,0.0,0.0,0.0,6224.8,2625.2,0,0,0,23085.95
2025-01-13,2028-06-29,28000,PE,0.0,0.0,0.0,3161.35,1860.1,0,0,0,23085.95
2025-01-13,2029-06-28,28000,CE,0.0,0.0,0.0,6112.6,3867.45,0,0,0,23085.95
2025-01-13,2028-12-28,28000,PE,0.0,0.0,0.0,1697.6,1671.65,0,0,0,23085.95
2025-01-13,2027-12-30,28000,CE,0.0,0.0,0.0,2639.2,2235.9,0,0,0,23085.95
2025-01-13,2025-03-27,28000,PE,4300.0,4500.0,4230.0,4473.8,4473.8,111,263925,-2000,23085.95
2025-01-13,2029-12-27,28000,CE,0.0,0.0,0.0,5741.5,4407.0,0,0,0,23085.95
2025-01-13,2029-06-28,28000,PE,0.0,0.0,0.0,1488.1,1506.1,0,0,0,23085.95
2025-01-13,2028-12-28,28000,CE,0.0,0.0,0.0,4027.15,3323.6,0,0,0,23085.95
2025-01-13,2025-02-27,25150,PE,0.0,0.0,0.0,957.5,1881.8,0,75,0,23085.95
2025-01-13,2025-01-16,22400,CE,750.0,750.0,698.15,742.55,742.55,15,900,300,23085.95
2025-01-13,2025-03-27,22400,CE,0.0,0.0,0.0,1926.75,1179.05,0,0,0,23085.95
2025-01-13,2025-02-13,22400,PE,0.0,0.0,0.0,77.75,90.65,0,0,0,23085.95
2025-01-13,2025-03-27,22400,PE,228.65,278.75,205.6,273.45,273.45,1231,108825,-1500,23085.95
2025-01-13,2025-01-23,23050,CE,377.3,452.1,266.2,286.75,286.75,2394,46725,45075,23085.95
2025-01-13,2025-02-06,24400,CE,80.0,86.15,53.05,58.6,58.6,292,8100,1575,23085.95
2025-01-13,2025-01-30,24400,PE,1134.85,1300.0,1025.0,1262.95,1262.95,2024,333550,-29375,23085.95
2025-01-13,2025-01-23,24400,PE,1166.15,1306.0,1044.0,1274.6,1274.6,268,20400,19650,23085.95
2025-01-13,2025-02-13,24400,CE,0.0,0.0,0.0,208.85,48.2,0,0,0,23085.95
2025-01-13,2025-02-27,22950,CE,793.3,802.25,721.8,721.8,621.3,5,300,300,23085.95
2025-01-13,2025-02-27,22950,PE,362.0,403.15,362.0,378.35,378.35,144,9225,7425,23085.95
2025-01-13,2025-01-16,22950,CE,347.8,455.25,217.1,246.3,246.3,24044,189300,186300,23085.95
2025-01-13,2025-02-06,22600,CE,0.0,0.0,0.0,1779.95,693.95,0,0,0,23085.95
2025-01-13,2025-02-13,23250,PE,0.0,0.0,0.0,282.1,383.1,0,0,0,23085.95
2025-01-13,2025-01-30,23250,CE,343.25,404.0,250.0,264.25,264.25,22426,104275,83175,23085.95
2025-01-13,2025-02-27,22600,CE,0.0,0.0,0.0,1399.0,852.6,0,75,0,23085.95
2025-01-13,2025-01-16,22600,PE,20.1,33.8,14.2,20.7,20.7,574664,2809725,602700,23085.95
2025-01-13,2025-02-06,23250,PE,0.0,0.0,0.0,111.6,354.85,0,0,0,23085.95
2025-01-13,2025-02-13,23250,CE,0.0,0.0,0.0,721.2,351.95,0,0,0,23085.95
2025-01-13,2025-03-27,23250,PE,470.55,524.45,459.25,524.45,524.45,35,1875,1875,23085.95
2025-01-13,2025-02-13,22600,PE,0.0,0.0,0.0,109.45,134.7,0,0,0,23085.95
2025-01-13,2025-01-16,22600,CE,646.4,775.0,507.45,549.15,549.15,950,22650,15225,23085.95
2025-01-13,2025-03-27,25050,PE,0.0,0.0,0.0,1278.65,1725.6,0,0,0,23085.95
2025-01-13,2025-01-30,25050,PE,1736.6,1768.05,1642.75,1768.05,1886.3,7,9275,-100,23085.95
2025-01-13,2025-01-30,21600,CE,1906.4,1906.4,1533.0,1563.4,1563.4,2143,128075,39425,23085.95
2025-01-13,2025-12-24,16000,CE,0.0,0.0,0.0,7200.0,8075.3,0,50,0,23085.95
2025-01-13,2025-01-30,22300,PE,49.75,78.0,42.9,67.25,67.25,50238,518025,-98850,23085.95
2025-01-13,2025-02-06,22450,PE,92.0,168.95,92.0,157.15,157.15,149,12600,6000,23085.95
2025-01-13,2025-03-27,22300,PE,205.0,251.25,190.3,248.05,248.05,853,89850,7275,23085.95
2025-01-13,2025-02-27,22300,CE,0.0,0.0,0.0,2152.85,1080.8,0,0,0,23085.95
2025-01-13,2025-02-27,24500,CE,128.95,158.4,105.8,110.2,110.2,19071,1294425,90375,23085.95
2025-01-13,2025-02-06,22100,PE,0.0,0.0,0.0,11.2,30.85,0,0,0,23085.95
2025-01-13,2025-02-27,24500,PE,1182.0,1333.0,1094.1,1295.45,1295.45,896,244425,-9150,23085.95
2025-01-13,2025-01-16,24500,CE,2.2,3.45,1.95,3.0,3.0,679465,9562950,438000,23085.95
2025-01-13,2025-01-16,24500,PE,1250.0,1418.1,1146.4,1383.75,1383.75,814,180300,-32250,23085.95
2025-01-13,2025-02-27,22100,PE,133.95,166.5,114.5,158.0,158.0,840,46500,16125,23085.95
2025-01-13,2025-02-13,24500,CE,85.0,88.25,71.65,75.5,75.5,49,3000,3000,23085.95
2025-01-13,2025-01-30,22100,CE,1215.5,1215.5,1070.0,1090.0,1071.35,42,1500,1000,23085.95
2025-01-13,2025-01-23,22100,PE,18.75,28.95,16.1,23.85,23.85,10780,159525,91050,23085.95
2025-01-13,2025-02-06,22100,CE,0.0,0.0,0.0,2253.6,1114.7,0,0,0,23085.95
2025-01-13,2025-01-23,22100,CE,1060.0,1060.0,1060.0,1060.0,1060.0,1,75,75,23085.95
2025-01-13,2025-02-06,24500,PE,0.0,0.0,0.0,911.0,1326.35,0,225,0,23085.95
2025-01-13,2025-01-30,25100,PE,1792.05,1980.0,1705.0,1934.95,1934.95,84,72950,-1175,23085.95
2025-01-13,2025-01-16,25100,PE,2008.7,2008.7,2008.7,2008.7,2000.15,1,1800,-75,23085.95
2025-01-13,2025-01-30,25100,CE,9.9,12.0,9.9,11.1,11.1,39907,692775,57275,23085.95
2025-01-13,2025-02-13,24100,CE,0.0,0.0,0.0,256.15,88.3,0,675,0,23085.95
2025-01-13,2025-02-27,22200,PE,136.15,184.4,127.75,176.15,176.15,2745,253875,16650,23085.95
2025-01-13,2025-03-27,22750,CE,1135.0,1135.0,1135.0,1135.0,933.75,1,300,0,23085.95
2025-01-13,2025-02-13,23950,PE,0.0,0.0,0.0,615.15,843.85,0,0,0,23085.95
2025-01-13,2025-03-27,23950,CE,0.0,0.0,0.0,614.05,339.05,0,8850,0,23085.95
2025-01-13,2025-12-24,15000,PE,0.0,0.0,0.0,20.05,0.05,0,1450,0,23085.95
2025-01-13,2025-01-30,26100,PE,2839.05,2982.4,2700.0,2908.7,2908.7,167,21550,-3875,23085.95
2025-01-13,2025-02-06,25050,CE,0.0,0.0,0.0,219.55,4.1,0,0,0,23085.95
2025-01-13,2025-02-27,25050,CE,63.85,63.85,52.45,53.0,53.0,103,2850,-3000,23085.95
2025-01-13,2025-01-30,24200,PE,932.85,1113.95,849.9,1053.9,1053.9,5073,1407500,-56650,23085.95
2025-01-13,2025-01-23,24200,CE,19.2,26.2,12.8,13.65,13.65,18239,261450,39900,23085.95
2025-01-13,2025-01-16,25050,CE,1.3,2.95,1.1,2.6,2.6,49247,922650,393000,23085.95
2025-01-13,2025-02-06,24750,CE,46.9,46.9,30.5,33.4,33.4,67,4200,3825,23085.95
2025-01-13,2025-01-16,24750,PE,1517.2,1517.2,1506.15,1506.15,1650.3,2,450,0,23085.95
2025-01-13,2025-01-30,24750,PE,1452.9,1618.9,1368.05,1596.55,1596.55,36,15625,-375,23085.95
2025-01-13,2025-01-23,24450,CE,15.4,15.4,7.35,9.0,9.0,3796,33750,-36375,23085.95
2025-01-13,2025-02-06,24450,PE,0.0,0.0,0.0,529.2,1279.55,0,0,0,23085.95
2025-01-13,2025-01-30,24450,CE,36.65,36.65,18.85,20.7,20.7,14405,112200,-59575,23085.95
2025-01-13,2025-01-23,24450,PE,1215.0,1215.0,1215.0,1215.0,1320.1,1,375,-75,23085.95
2025-01-13,2025-02-13,24450,PE,0.0,0.0,0.0,948.15,1267.6,0,0,0,23085.95
2025-01-13,2025-03-27,24450,CE,291.55,291.55,231.0,231.0,231.0,65,3975,750,23085.95
2025-01-13,2025-01-30,24650,CE,25.4,25.4,14.65,15.55,15.55,6552,128325,6450,23085.95
2025-01-13,2025-02-27,24650,PE,0.0,0.0,0.0,702.85,1424.85,0,5475,0,23085.95
2025-01-13,2025-02-27,24650,CE,112.2,123.3,85.85,89.2,89.2,311,3975,675,23085.95
2025-01-13,2025-02-27,24400,PE,1096.05,1260.85,1040.0,1213.6,1213.6,45,62700,0,23085.95
2025-01-13,2025-01-16,24400,PE,1121.7,1310.0,1040.0,1281.1,1281.1,541,89925,-30150,23085.95
2025-01-13,2025-02-13,24400,PE,0.0,0.0,0.0,911.65,1222.75,0,0,0,23085.95
2025-01-13,2025-01-23,24400,CE,15.0,15.55,9.2,9.95,9.95,15897,260475,-18150,23085.95
2025-01-13,2025-03-27,22950,PE,363.5,449.1,363.5,435.95,435.95,26,1650,1650,23085.95
2025-01-13,2025-02-13,22950,PE,0.0,0.0,0.0,187.55,246.8,0,0,0,23085.95
2025-01-13,2025-02-06,22950,CE,0.0,0.0,0.0,1465.1,454.0,0,0,0,23085.95
2025-01-13,2025-03-27,22950,CE,0.0,0.0,0.0,1509.5,807.5,0,0,0,23085.95
2025-01-13,2025-03-27,24200,PE,970.0,1070.05,889.2,1057.05,1057.05,897,51225,35700,23085.95
2025-01-13,2025-01-16,22850,PE,44.95,67.55,29.55,48.1,48.1,596345,1180500,576900,23085.95
2025-01-13,2025-02-06,22850,PE,0.0,0.0,0.0,55.6,179.85,0,0,0,23085.95
2025-01-13,2025-01-30,23400,CE,290.1,319.45,187.25,196.95,196.95,74370,602525,174475,23085.95
2025-01-13,2025-03-27,23400,CE,750.0,783.95,645.5,660.75,660.75,126,7650,3075,23085.95
2025-01-13,2025-01-16,23400,PE,221.25,358.5,173.0,309.55,309.55,478162,1050900,-1740375,23085.95
2025-01-13,2025-06-26,30000,CE,26.95,27.0,23.0,24.0,4.4,10,2475,450,23085.95
2025-01-13,2025-01-16,23300,CE,148.2,195.0,55.85,61.7,61.7,1947299,6123900,5796600,23085.95
2025-01-13,2025-03-27,23300,PE,492.2,578.05,461.9,563.6,563.6,233,7875,-375,23085.95
2025-01-13,2025-02-27,23300,PE,475.5,544.0,408.0,517.25,517.25,2035,139125,11250,23085.95
2025-01-13,2025-02-06,22850,CE,0.0,0.0,0.0,1553.2,517.0,0,0,0,23085.95
2025-01-13,2025-03-27,22850,PE,333.75,383.1,333.75,383.1,326.95,2,75,75,23085.95
2025-01-13,2025-01-30,22850,CE,590.05,674.7,473.3,497.1,497.1,1260,13400,12300,23085.95
2025-01-13,2025-02-27,24700,PE,1270.0,1275.0,1270.0,1275.0,1469.05,3,10950,0,23085.95
2025-01-13,2025-02-27,23800,PE,690.0,821.0,603.0,797.5,797.5,992,142275,-24600,23085.95
2025-01-13,2025-02-13,24200,PE,0.0,0.0,0.0,772.5,1048.4,0,0,0,23085.95
2025-01-13,2025-02-13,22850,CE,0.0,0.0,0.0,998.45,576.4,0,0,0,23085.95
2025-01-13,2025-01-16,22850,CE,430.25,540.1,289.9,326.25,326.25,4690,46125,44175,23085.95
2025-01-13,2025-02-06,24200,CE,120.0,130.3,80.25,81.9,81.9,547,23475,18150,23085.95
2025-01-13,2025-01-30,24200,CE,48.8,57.8,29.5,31.55,31.55,137194,1571100,-26850,23085.95
2025-01-13,2025-03-27,24200,CE,372.4,391.65,304.8,311.85,311.85,382,28275,11700,23085.95
2025-01-13,2025-02-27,22850,PE,316.05,352.95,316.05,352.95,352.95,3,4725,150,23085.95
2025-01-13,2025-01-23,22850,CE,536.0,588.25,391.5,408.85,408.85,119,6000,5925,23085.95
2025-01-13,2025-01-16,24700,CE,1.65,3.2,1.45,2.8,2.8,285826,4301925,593700,23085.95
2025-01-13,2025-01-16,25250,PE,0.0,0.0,0.0,803.85,2150.05,0,0,0,23085.95
2025-01-13,2025-01-30,25250,CE,9.7,11.05,7.45,9.9,9.9,3605,64825,-5800,23085.95
2025-01-13,2025-01-30,24850,PE,1550.85,1701.75,1495.75,1689.75,1689.75,23,9400,-25,23085.95
2025-01-13,2025-02-06,24850,PE,0.0,0.0,0.0,768.95,1661.65,0,0,0,23085.95
2025-01-13,2025-01-30,24050,CE,70.85,82.45,40.05,42.2,42.2,19392,161425,37350,23085.95
2025-01-13,2025-03-27,24050,PE,893.8,897.4,893.8,897.4,948.2,3,225,225,23085.95
2025-01-13,2025-02-06,24050,PE,0.0,0.0,0.0,531.5,921.15,0,150,0,23085.95
2025-01-13,2025-01-16,24050,CE,7.4,9.0,4.05,4.7,4.7,363850,1566075,138525,23085.95
2025-01-13,2025-02-13,24050,CE,0.0,0.0,0.0,320.5,97.1,0,0,0,23085.95
2025-01-13,2025-01-16,24050,PE,809.05,969.65,699.6,931.35,931.35,102,28275,-1800,23085.95
2025-01-13,2026-12-31,16000,PE,0.0,0.0,0.0,23.3,4.95,0,2425,0,23085.95
2025-01-13,2026-06-25,16000,PE,0.0,0.0,0.0,21.25,2.1,0,1225,0,23085.95
2025-01-13,2026-12-31,16000,CE,0.0,0.0,0.0,6200.0,9077.8,0,50,0,23085.95
2025-01-13,2025-01-16,21900,CE,1280.75,1280.75,1218.8,1218.8,1198.1,2,75,75,23085.95
2025-01-13,2025-02-13,21900,PE,0.0,0.0,0.0,29.4,28.2,0,0,0,23085.95
2025-01-13,2025-01-16,21900,PE,5.05,8.1,4.05,5.95,5.95,222411,3337350,176475,23085.95
2025-01-13,2025-02-27,21900,PE,98.8,135.0,91.7,126.85,126.85,1572,69525,36750,23085.95
2025-01-13,2025-01-30,23450,CE,277.8,291.2,169.65,176.0,176.0,10232,77950,26400,23085.95
2025-01-13,2025-02-06,25750,PE,0.0,0.0,0.0,1465.25,2550.35,0,0,0,23085.95
2025-01-13,2025-02-27,24100,PE,910.7,1024.6,835.4,977.45,977.45,135,28050,-2775,23085.95
2025-01-13,2025-01-23,24300,CE,20.0,20.0,10.6,11.35,11.35,16327,264825,-33075,23085.95
2025-01-13,2025-02-06,24900,CE,26.95,32.45,25.15,25.8,25.8,60,3450,3450,23085.95
2025-01-13,2025-03-27,24900,CE,174.1,182.0,139.0,143.25,143.25,148,4800,600,23085.95
2025-01-13,2025-01-16,24900,CE,1.5,3.0,1.2,2.7,2.7,122955,1636425,180375,23085.95
2025-01-13,2027-06-24,18000,PE,0.0,0.0,0.0,48.55,40.25,0,25,0,23085.95
2025-01-13,2025-12-24,18000,CE,6600.0,6600.0,6456.65,6456.65,6456.65,3,7825,-75,23085.95
2025-01-13,2025-12-24,18000,PE,0.0,0.0,0.0,73.0,8.25,0,2900,0,23085.95
2025-01-13,2025-01-23,24150,PE,900.0,927.85,900.0,921.95,1025.2,8,1575,150,23085.95
2025-01-13,2025-01-16,24150,CE,7.5,7.5,3.4,3.95,3.95,273456,1415700,140850,23085.95
2025-01-13,2025-02-13,24150,PE,0.0,0.0,0.0,739.5,1006.15,0,0,0,23085.95
2025-01-13,2025-01-30,24150,PE,919.0,1045.0,802.5,1017.95,1017.95,377,139575,-1550,23085.95
2025-01-13,2025-01-30,24150,CE,56.25,65.0,32.35,34.35,34.35,20264,253600,16075,23085.95
2025-01-13,2025-02-27,23450,CE,507.0,568.05,425.25,442.05,442.05,559,32850,30075,23085.95
2025-01-13,2025-01-16,22200,PE,7.8,12.95,5.35,9.45,9.45,291122,4487100,2002500,23085.95
2025-01-13,2025-02-06,22750,PE,0.0,0.0,0.0,45.95,147.85,0,0,0,23085.95
2025-01-13,2025-01-30,22200,CE,1085.0,1085.0,974.95,1004.05,1004.05,57,1850,1250,23085.95
2025-01-13,2025-01-30,23950,PE,727.55,879.25,642.5,840.5,840.5,444,80450,-1350,23085.95
2025-01-13,2025-01-16,23950,PE,727.2,865.1,604.4,835.1,835.1,262,32475,-2175,23085.95
2025-01-13,2025-02-27,23950,CE,308.8,323.0,239.2,240.45,240.45,222,7500,-2400,23085.95
2025-01-13,2025-01-23,23850,CE,60.0,73.35,28.75,30.6,30.6,11351,109275,31050,23085.95
2025-01-13,2025-02-06,23850,CE,194.85,194.85,142.3,154.0,154.0,4,2325,150,23085.95
2025-01-13,2025-02-13,23850,CE,0.0,0.0,0.0,400.0,139.4,0,75,0,23085.95
2025-01-13,2025-03-27,31000,PE,7357.85,7403.85,7170.0,7356.8,7356.8,172,42775,-600,23085.95
2025-01-13,2025-03-27,31000,CE,10.65,11.5,10.05,11.25,11.25,971,504625,-600,23085.95
2025-01-13,2025-02-27,21750,PE,0.0,0.0,0.0,71.95,38.05,0,0,0,23085.95
2025-01-13,2025-01-23,21750,PE,9.5,15.4,8.6,13.05,13.05,522,6375,6375,23085.95
2025-01-13,2025-02-13,21750,PE,0.0,0.0,0.0,21.2,18.85,0,0,0,23085.95
2025-01-13,2025-02-06,23150,PE,359.25,359.25,359.25,359.25,303.85,2,150,150,23085.95
2025-01-13,2025-02-27,25950,PE,0.0,0.0,0.0,1299.45,2653.8,0,75,0,23085.95
2025-01-13,2025-01-30,22400,PE,60.0,94.35,52.15,82.2,82.2,52596,631750,169525,23085.95
2025-01-13,2025-02-13,25150,PE,0.0,0.0,0.0,1518.85,1928.3,0,0,0,23085.95
2025-01-13,2025-01-23,22400,PE,33.25,55.45,28.75,46.4,46.4,17302,164550,89925,23085.95
2025-01-13,2025-02-06,22400,CE,0.0,0.0,0.0,1966.8,853.15,0,0,0,23085.95
2025-01-13,2025-01-16,25150,PE,0.0,0.0,0.0,738.5,2050.1,0,0,0,23085.95
2025-01-13,2025-03-27,25150,CE,0.0,0.0,0.0,400.85,85.65,0,0,0,23085.95
2025-01-13,2025-01-16,26100,CE,1.45,2.9,1.05,2.45,2.45,56139,1249800,1091175,23085.95
2025-01-13,2025-02-27,25400,CE,37.0,44.85,32.7,36.0,36.0,1601,28500,-12075,23085.95
2025-01-13,2025-01-30,25400,PE,2125.5,2260.75,2057.0,2259.1,2259.1,46,36275,-600,23085.95
2025-01-13,2025-03-27,24300,PE,1004.45,1055.05,946.2,1055.05,1124.1,9,15975,150,23085.95
2025-01-13,2025-01-30,24900,CE,12.3,14.85,11.25,11.95,11.95,38170,550675,-26025,23085.95
2025-01-13,2025-02-13,24900,PE,0.0,0.0,0.0,1303.9,1686.95,0,0,0,23085.95
2025-01-13,2025-01-16,24900,PE,1775.0,1815.0,1775.0,1780.0,1800.25,3,9525,-225,23085.95
2025-01-13,2025-01-23,23100,PE,179.25,255.0,144.9,222.6,222.6,33024,441900,249825,23085.95
2025-01-13,2025-01-16,26350,PE,0.0,0.0,0.0,1679.9,3249.45,0,0,0,23085.95
2025-01-13,2025-02-27,26350,PE,0.0,0.0,0.0,2144.75,3047.5,0,0,0,23085.95
2025-01-13,2025-09-25,22000,PE,0.0,0.0,0.0,105.0,284.45,0,0,0,23085.95
2025-01-13,2027-12-30,24000,PE,0.0,0.0,0.0,866.4,732.55,0,225,0,23085.95
2025-01-13,2028-06-29,22000,PE,0.0,0.0,0.0,520.05,343.1,0,100,0,23085.95
2025-01-13,2025-02-27,22000,CE,1535.95,1616.05,1393.1,1420.05,1420.05,492,58125,9900,23085.95
2025-01-13,2028-06-29,22000,CE,0.0,0.0,0.0,4759.5,6011.55,0,0,0,23085.95
2025-01-13,2025-02-13,24000,PE,0.0,0.0,0.0,645.05,883.4,0,0,0,23085.95
2025-01-13,2029-06-28,24000,PE,0.0,0.0,0.0,694.05,575.5,0,25,0,23085.95
2025-01-13,2025-02-06,24000,CE,170.05,183.5,116.0,119.65,119.65,3086,100425,42750,23085.95
2025-01-13,2026-06-25,24000,CE,0.0,0.0,0.0,1698.3,2222.1,0,0,0,23085.95
2025-01-13,2025-03-27,18000,PE,7.1,8.75,7.1,8.65,8.65,1472,281250,-9900,23085.95
2025-01-13,2025-09-25,21000,CE,0.0,0.0,0.0,6742.1,3179.85,0,0,0,23085.95
2025-01-13,2026-12-31,21000,PE,296.55,337.1,296.55,337.1,227.45,5,1400,375,23085.95
2025-01-13,2025-01-30,26050,PE,0.0,0.0,0.0,1474.1,2882.3,0,75,0,23085.95
2025-01-13,2025-12-24,21000,CE,0.0,0.0,0.0,4000.0,3545.4,0,9625,0,23085.95
2025-01-13,2025-01-16,26050,CE,1.05,2.85,0.95,2.4,2.4,20624,197850,126750,23085.95
2025-01-13,2028-06-29,21000,CE,0.0,0.0,0.0,5226.55,6690.5,0,0,0,23085.95
2025-01-13,2025-02-27,26050,CE,21.05,27.05,18.7,20.95,3.8,96,5025,2250,23085.95
2025-01-13,2025-02-27,22750,PE,170.0,170.0,170.0,170.0,224.1,1,8250,75,23085.95
2025-01-13,2025-02-06,22750,CE,0.0,0.0,0.0,1642.85,584.55,0,0,0,23085.95
2025-01-13,2025-01-16,22750,CE,506.55,630.85,371.0,410.1,410.1,974,13050,12300,23085.95
2025-01-13,2025-01-30,23950,CE,83.8,103.95,50.8,53.8,53.8,22131,124250,-2650,23085.95
2025-01-13,2025-02-27,23950,PE,899.0,902.05,875.1,880.6,880.6,18,18900,-1200,23085.95
2025-01-13,2025-02-06,21700,CE,0.0,0.0,0.0,2643.6,1490.9,0,0,0,23085.95
2025-01-13,2025-02-27,21700,PE,78.0,109.75,78.0,104.0,104.0,3009,102825,102825,23085.95
2025-01-13,2025-03-27,21700,CE,0.0,0.0,0.0,2519.45,1748.2,0,0,0,23085.95
2025-01-13,2025-01-23,21700,CE,1587.7,1587.7,1525.0,1525.0,1426.4,4,225,225,23085.95
2025-01-13,2025-02-13,22750,CE,0.0,0.0,0.0,1074.8,642.9,0,0,0,23085.95
2025-01-13,2025-01-23,22200,PE,22.95,35.75,18.75,29.25,29.25,15694,132900,27750,23085.95
2025-01-13,2025-02-06,23950,CE,176.75,176.75,133.8,140.25,140.25,9,675,300,23085.95
2025-01-13,2025-02-06,25500,PE,0.0,0.0,0.0,1254.05,2302.0,0,0,0,23085.95
2025-01-13,2025-01-23,25500,CE,3.95,5.7,2.7,5.3,5.3,30155,733050,494100,23085.95
2025-01-13,2025-02-06,25500,CE,13.95,17.9,10.25,16.15,16.15,1342,54225,-5550,23085.95
2025-01-13,2025-02-27,23150,CE,580.0,607.3,580.0,600.5,600.5,107,7200,7200,23085.95
2025-01-13,2025-02-13,23150,PE,0.0,0.0,0.0,247.5,333.4,0,0,0,23085.95
2025-01-13,2025-01-16,25950,PE,0.0,0.0,0.0,1333.35,2849.65,0,0,0,23085.95
2025-01-13,2025-01-16,25450,CE,1.25,4.55,1.1,2.5,2.5,21834,360675,236775,23085.95
2025-01-13,2025-02-06,25450,CE,12.65,15.15,12.5,14.25,14.25,53,2850,1425,23085.95
2025-01-13,2025-01-30,25450,CE,5.95,9.65,5.5,8.6,8.6,1160,38000,400,23085.95
2025-01-13,2025-01-16,23750,CE,30.3,31.4,8.95,9.75,9.75,621379,2365050,790275,23085.95
2025-01-13,2025-02-06,23750,CE,274.1,274.1,205.95,227.45,120.65,6,225,150,23085.95
2025-01-13,2025-02-13,23750,CE,242.0,242.0,242.0,242.0,165.35,1,75,75,23085.95
2025-01-13,2029-06-28,20000,PE,0.0,0.0,0.0,236.95,142.0,0,0,0,23085.95
2025-01-13,2028-12-28,20000,PE,0.0,0.0,0.0,370.0,145.8,0,875,0,23085.95
2025-01-13,2025-06-26,20000,PE,75.0,97.8,71.0,87.75,87.75,777,566675,-775,23085.95
2025-01-13,2025-02-27,25650,CE,35.6,35.6,35.6,35.6,9.35,1,5625,75,23085.95
2025-01-13,2025-03-27,25650,CE,0.0,0.0,0.0,95.45,43.2,0,825,0,23085.95
2025-01-13,2025-01-23,23450,PE,339.8,463.55,290.0,418.15,418.15,2960,71100,-12525,23085.95
2025-01-13,2025-01-16,23450,CE,80.2,115.4,27.65,30.4,30.4,930773,2350725,1380075,23085.95
2025-01-13,2025-02-13,23450,PE,0.0,0.0,0.0,360.8,495.25,0,0,0,23085.95
2025-01-13,2025-02-27,25750,PE,0.0,0.0,0.0,1131.85,2458.15,0,75,0,23085.95
2025-01-13,2025-03-27,22650,PE,0.0,0.0,0.0,149.7,261.1,0,4725,0,23085.95
2025-01-13,2025-02-06,22650,CE,0.0,0.0,0.0,1733.95,656.45,0,0,0,23085.95
2025-01-13,2025-01-16,24100,PE,865.95,1017.0,745.45,977.3,977.3,1211,186525,-45525,23085.95
2025-01-13,2025-02-06,24100,CE,131.0,151.05,95.75,99.95,99.95,115,5625,3975,23085.95
2025-01-13,2025-09-25,20000,PE,0.0,0.0,0.0,22.8,47.4,0,0,0,23085.95
2025-01-13,2028-12-28,20000,CE,0.0,0.0,0.0,8115.5,7921.75,0,0,0,23085.95
2025-01-13,2026-06-25,20000,PE,0.0,0.0,0.0,3159.75,106.3,0,0,0,23085.95
2025-01-13,2027-12-30,20000,CE,0.0,0.0,0.0,5333.85,6856.3,0,0,0,23085.95
2025-01-13,2025-03-27,24950,PE,0.0,0.0,0.0,1212.6,1640.05,0,0,0,23085.95
2025-01-13,2025-01-23,22750,PE,78.3,123.0,66.3,104.65,104.65,9161,65250,22050,23085.95
2025-01-13,2025-01-23,22200,CE,0.0,0.0,0.0,1930.4,934.1,0,0,0,23085.95
2025-01-13,2025-02-06,22700,PE,200.0,231.3,200.0,220.5,220.5,31,2175,2175,23085.95
2025-01-13,2025-02-13,22700,CE,0.0,0.0,0.0,1113.95,677.6,0,0,0,23085.95
2025-01-13,2025-01-30,22700,CE,690.0,793.85,571.7,598.25,598.25,1014,10725,7400,23085.95
2025-01-13,2025-02-27,22700,CE,0.0,0.0,0.0,1413.0,782.45,0,300,0,23085.95
2025-01-13,2025-01-16,22700,CE,589.1,681.05,414.0,455.35,455.35,3250,35100,24975,23085.95
2025-01-13,2025-02-13,22700,PE,0.0,0.0,0.0,128.65,161.9,0,0,0,23085.95
2025-01-13,2025-01-16,22700,PE,23.0,44.25,18.45,28.15,28.15,816284,3050625,404550,23085.95
2025-01-13,2025-01-23,22700,PE,71.05,110.4,58.8,93.95,93.95,25033,257100,69300,23085.95
2025-01-13,2025-01-30,22900,PE,121.0,225.55,121.0,200.35,200.35,46081,609225,48200,23085.95
2025-01-13,2025-03-27,22900,PE,352.15,425.4,332.25,397.4,397.4,225,45600,525,23085.95
2025-01-13,2025-01-16,22900,CE,420.2,500.0,251.75,283.25,283.25,32852,259950,200625,23085.95
2025-01-13,2027-12-30,17000,PE,0.0,0.0,0.0,180.6,23.65,0,14200,0,23085.95
2025-01-13,2025-01-23,23800,PE,554.1,749.0,510.0,694.1,694.1,632,117225,-7425,23085.95
2025-01-13,2026-12-31,17000,PE,0.0,0.0,0.0,97.05,13.4,0,2850,0,23085.95
2025-01-13,2025-02-13,23800,PE,0.0,0.0,0.0,530.2,729.95,0,0,0,23085.95
2025-01-13,2025-01-30,23350,PE,342.95,436.45,286.05,403.3,403.3,11542,172200,-24850,23085.95
2025-01-13,2025-01-16,23350,PE,160.0,317.8,149.6,266.35,266.35,417774,587100,-576075,23085.95
2025-01-13,2025-01-16,24200,CE,4.9,5.25,3.15,3.75,3.75,676574,6322350,1622625,23085.95
2025-01-13,2025-01-23,22850,PE,106.85,153.4,83.35,129.5,129.5,6237,40950,22725,23085.95
2025-01-13,2025-02-27,26300,CE,17.0,17.0,16.2,16.2,16.2,8,15450,225,23085.95
2025-01-13,2025-01-30,24700,CE,18.65,20.3,13.85,14.65,14.65,53354,729175,-89100,23085.95
2025-01-13,2025-02-13,24700,CE,0.0,0.0,0.0,139.6,24.7,0,0,0,23085.95
2025-01-13,2025-02-13,24300,CE,0.0,0.0,0.0,237.15,59.4,0,0,0,23085.95
2025-01-13,2025-02-06,24300,CE,91.25,101.35,66.8,69.25,69.25,514,14175,11250,23085.95
2025-01-13,2025-02-13,24900,CE,0.0,0.0,0.0,104.55,15.25,0,0,0,23085.95
2025-01-13,2025-03-27,24900,PE,0.0,0.0,0.0,1244.0,1597.8,0,2025,0,23085.95
2025-01-13,2025-01-30,24900,PE,1635.05,1790.45,1509.0,1745.05,1745.05,145,66600,-2125,23085.95
2025-01-13,2025-02-06,24900,PE,0.0,0.0,0.0,802.3,1710.35,0,0,0,23085.95
2025-01-13,2025-01-23,24900,PE,0.0,0.0,0.0,969.65,1768.15,0,0,0,23085.95
2025-01-13,2025-01-30,24350,PE,1089.5,1221.0,999.05,1204.1,1204.1,1142,49825,-11875,23085.95
2025-01-13,2025-02-06,24350,PE,0.0,0.0,0.0,477.2,1187.05,0,0,0,23085.95
2025-01-13,2025-02-27,24350,PE,0.0,0.0,0.0,785.0,1168.65,0,9300,0,23085.95
2025-01-13,2025-02-27,24350,CE,162.7,190.45,132.05,138.0,138.0,271,9525,2550,23085.95
2025-01-13,2025-02-06,24350,CE,0.0,0.0,0.0,125.85,30.85,0,1500,0,23085.95
2025-01-13,2025-01-16,24350,PE,1145.65,1230.15,1047.15,1230.15,1250.55,28,8025,-900,23085.95
2025-01-13,2025-01-23,22700,CE,626.95,725.9,499.0,531.2,531.2,618,8250,8250,23085.95
2025-01-13,2025-02-27,22700,PE,262.0,308.8,221.6,292.45,292.45,2458,220125,16125,23085.95
2025-01-13,2025-02-13,23050,PE,0.0,0.0,0.0,216.05,287.95,0,0,0,23085.95
2025-01-13,2025-01-23,23050,PE,166.1,231.5,131.3,202.1,202.1,7282,80100,7350,23085.95
2025-01-13,2025-02-27,26050,PE,0.0,0.0,0.0,1902.05,2751.95,0,0,0,23085.95
2025-01-13,2029-06-28,21000,CE,0.0,0.0,0.0,9799.75,7755.15,0,0,0,23085.95
2025-01-13,2028-06-29,21000,PE,0.0,0.0,0.0,907.2,230.35,0,0,0,23085.95
2025-01-13,2025-09-25,21000,PE,0.0,0.0,0.0,51.55,126.6,0,0,0,23085.95
2025-01-13,2025-03-27,21000,CE,2600.0,2680.0,2422.65,2464.6,2464.6,237,323375,7500,23085.95
2025-01-13,2028-12-28,19000,PE,0.0,0.0,0.0,158.0,91.05,0,0,0,23085.95
2025-01-13,2027-12-30,19000,PE,0.0,0.0,0.0,299.95,85.8,0,525,0,23085.95
2025-01-13,2025-12-24,19000,CE,0.0,0.0,0.0,5999.0,5286.8,0,6700,0,23085.95
2025-01-13,2027-12-30,19000,CE,0.0,0.0,0.0,5794.9,7614.5,0,0,0,23085.95
2025-01-13,2025-06-26,19000,PE,46.9,55.0,43.0,50.45,50.45,210,628275,1200,23085.95
2025-01-13,2028-06-29,19000,CE,0.0,0.0,0.0,6252.25,8133.25,0,0,0,23085.95
2025-01-13,2027-06-24,19000,CE,0.0,0.0,0.0,7800.0,7053.65,0,75,0,23085.95
2025-01-13,2028-06-29,19000,PE,0.0,0.0,0.0,537.45,89.65,0,0,0,23085.95
2025-01-13,2025-03-27,19000,CE,4544.4,4550.0,4303.25,4355.0,4355.0,15,18350,825,23085.95
2025-01-13,2029-06-28,19000,PE,0.0,0.0,0.0,170.3,90.65,0,0,0,23085.95
2025-01-13,2025-03-27,19000,PE,13.5,17.95,13.05,17.0,17.0,1428,93850,9375,23085.95
2025-01-13,2028-12-28,19000,CE,0.0,0.0,0.0,8739.0,8632.5,0,0,0,23085.95
2025-01-13,2026-06-25,19000,PE,0.0,0.0,0.0,160.05,49.4,0,175,0,23085.95
2025-01-13,2027-06-24,19000,PE,0.0,0.0,0.0,201.05,78.35,0,525,0,23085.95
2025-01-13,2025-09-25,19000,PE,0.0,0.0,0.0,8.9,14.45,0,0,0,23085.95
2025-01-13,2025-01-16,26100,PE,0.0,0.0,0.0,2515.0,2999.55,0,2325,0,23085.95
2025-01-13,2025-01-30,26100,CE,4.6,6.5,3.7,6.15,6.15,5605,86550,-14800,23085.95
2025-01-13,2025-01-16,25400,CE,1.5,2.85,1.0,2.45,2.45,73073,676200,96525,23085.95
2025-01-13,2025-01-30,24300,PE,1046.5,1200.0,945.2,1162.3,1162.3,1967,399550,-17325,23085.95
2025-01-13,2025-01-30,24300,CE,36.25,45.2,24.1,25.7,25.7,92609,978250,-168850,23085.95
2025-01-13,2025-12-24,31000,CE,80.05,88.0,75.0,88.0,88.0,5,12850,25,23085.95
2025-01-13,2025-02-13,21750,CE,0.0,0.0,0.0,1949.85,1479.15,0,0,0,23085.95
2025-01-13,2025-01-30,21750,CE,0.0,0.0,0.0,2844.65,1408.2,0,200,0,23085.95
2025-01-13,2025-02-06,21750,CE,0.0,0.0,0.0,2594.55,1442.75,0,0,0,23085.95
2025-01-13,2025-02-27,21750,CE,0.0,0.0,0.0,2628.35,1554.25,0,0,0,23085.95
2025-01-13,2025-02-06,22250,PE,0.0,0.0,0.0,15.95,46.5,0,0,0,23085.95
2025-01-13,2025-01-30,22250,PE,46.7,71.1,39.2,61.3,61.3,8526,82075,32875,23085.95
2025-01-13,2025-01-23,25550,CE,3.95,5.9,3.75,5.6,5.6,1199,43350,31275,23085.95
2025-01-13,2025-01-30,25550,CE,6.7,14.0,4.65,8.25,8.25,1838,29200,-4450,23085.95
2025-01-13,2025-03-27,25550,PE,0.0,0.0,0.0,1635.05,2171.25,0,0,0,23085.95
2025-01-13,2025-01-30,25550,PE,0.0,0.0,0.0,1550.0,2383.95,0,6350,0,23085.95
2025-01-13,2025-01-16,23850,CE,14.5,20.95,6.55,7.25,7.25,429144,1966425,331950,23085.95
2025-01-13,2025-01-16,23850,PE,601.75,777.8,504.7,720.15,720.15,3474,129150,-72750,23085.95
2025-01-13,2025-02-13,23850,PE,0.0,0.0,0.0,557.7,767.1,0,0,0,23085.95
2025-01-13,2025-03-27,23850,PE,825.9,825.9,825.9,825.9,825.9,1,450,75,23085.95
2025-01-13,2025-01-23,23850,PE,649.0,782.35,575.95,737.4,737.4,156,31425,-4875,23085.95
2025-01-13,2025-01-16,21750,PE,2.95,5.95,2.8,4.4,4.4,98566,443625,443625,23085.95
2025-01-13,2025-02-06,21750,PE,0.0,0.0,0.0,4.6,10.45,0,0,0,23085.95
2025-01-13,2025-01-30,21750,PE,17.0,28.8,15.1,23.65,23.65,6293,89350,-450,23085.95
2025-01-13,2025-01-23,25450,CE,4.2,5.95,3.9,5.75,5.75,478,15900,10500,23085.95
2025-01-13,2027-12-30,20000,PE,0.0,0.0,0.0,450.0,146.4,0,2675,0,23085.95
2025-01-13,2025-03-27,20000,CE,3536.2,3830.25,3354.9,3381.85,3381.85,575,438950,16500,23085.95
2025-01-13,2025-03-27,25250,PE,0.0,0.0,0.0,1415.9,1900.55,0,0,0,23085.95
2025-01-13,2025-03-27,25750,PE,0.0,0.0,0.0,1786.85,2356.15,0,0,0,23085.95
2025-01-13,2025-01-23,25750,PE,0.0,0.0,0.0,1675.2,2616.45,0,0,0,23085.95
2025-01-13,2025-01-23,22750,CE,586.95,658.0,462.65,487.55,487.55,145,7725,7725,23085.95
2025-01-13,2025-02-06,25400,CE,16.4,16.6,12.25,16.25,16.25,83,5625,975,23085.95
2025-01-13,2025-03-27,23050,PE,399.7,477.6,399.7,469.1,469.1,44,3150,3150,23085.95
2025-01-13,2025-02-27,23050,PE,350.0,432.2,345.95,417.3,417.3,275,14850,8475,23085.95
2025-01-13,2025-01-30,26350,CE,3.75,5.95,3.55,5.7,5.7,334,12425,-2800,23085.95
2025-01-13,2025-02-27,24600,PE,1280.0,1448.95,1178.5,1384.05,1384.05,29,30300,150,23085.95
2025-01-13,2025-02-27,24600,CE,115.25,136.5,91.8,95.4,95.4,4126,71250,-11025,23085.95
2025-01-13,2025-12-24,22000,PE,450.05,550.0,427.0,480.8,480.8,394,294225,8250,23085.95
2025-01-13,2025-09-25,24000,CE,1190.75,1290.0,1180.0,1210.2,1210.2,5,675,300,23085.95
2025-01-13,2027-06-24,24000,CE,0.0,0.0,0.0,2299.55,3527.75,0,0,0,23085.95
2025-01-13,2029-06-28,22000,PE,0.0,0.0,0.0,422.0,306.25,0,0,0,23085.95
2025-01-13,2025-09-25,22000,CE,0.0,0.0,0.0,5865.75,2383.8,0,0,0,23085.95
2025-01-13,2025-02-27,24000,PE,805.9,955.4,755.95,914.85,914.85,7396,621900,-141825,23085.95
2025-01-13,2025-01-30,22000,CE,1356.0,1427.0,1152.8,1187.65,1187.65,9139,992725,-14475,23085.95
2025-01-13,2028-12-28,18000,PE,0.0,0.0,0.0,104.65,53.75,0,0,0,23085.95
2025-01-13,2029-12-27,18000,PE,0.0,0.0,0.0,96.5,55.15,0,0,0,23085.95
2025-01-13,2025-03-27,25050,CE,140.0,145.0,118.0,121.0,97.45,17,3450,150,23085.95
2025-01-13,2025-01-30,25050,CE,12.0,12.9,7.9,11.2,11.2,3044,64375,-2650,23085.95
2025-01-13,2025-01-16,26500,CE,1.05,3.05,0.85,2.35,2.35,594032,12607575,3996300,23085.95
2025-01-13,2025-01-30,26500,PE,3220.6,3572.1,3074.95,3325.65,3325.65,2018,803250,-3175,23085.95
2025-01-13,2025-01-30,21800,PE,18.3,31.15,16.55,25.85,25.85,48280,1016600,12000,23085.95
2025-01-13,2025-02-27,25250,CE,46.15,54.65,40.55,42.2,42.2,99,5325,-75,23085.95
2025-01-13,2025-01-16,24850,CE,1.55,3.05,1.3,2.7,2.7,83247,1395600,939000,23085.95
2025-01-13,2025-01-16,22200,CE,1124.75,1124.75,935.0,935.0,898.3,4,675,-75,23085.95
2025-01-13,2025-03-27,22200,PE,166.1,233.8,166.1,228.4,228.4,865,118425,12375,23085.95
2025-01-13,2025-03-27,22750,PE,0.0,0.0,0.0,222.85,292.7,0,750,0,23085.95
2025-01-13,2025-01-23,23950,CE,42.0,54.75,21.35,23.1,23.1,9937,119925,65025,23085.95
2025-01-13,2025-03-27,25350,CE,84.0,84.0,84.0,84.0,84.0,1,4275,75,23085.95
2025-01-13,2025-01-23,25350,CE,4.0,6.0,3.75,5.75,5.75,360,11550,600,23085.95
2025-01-13,2025-03-27,25950,CE,49.1,51.55,49.1,51.55,27.75,5,2025,-300,23085.95
2025-01-13,2025-02-27,25950,CE,22.0,22.9,21.0,21.0,4.8,66,5025,-75,23085.95
2025-01-13,2025-02-06,25950,CE,6.6,9.9,6.6,8.25,8.25,157,15225,3825,23085.95
2025-01-13,2025-02-27,22500,CE,1134.05,1209.0,1000.0,1025.15,1025.15,1118,57525,18975,23085.95
2025-01-13,2025-02-06,23500,CE,350.0,392.15,266.65,278.35,278.35,940,31425,14325,23085.95
2025-01-13,2025-01-30,22500,PE,73.0,114.1,64.0,100.85,100.85,304910,4023275,855925,23085.95
2025-01-13,2025-03-27,22500,CE,1326.5,1369.55,1200.0,1220.15,1220.15,651,10425,-7050,23085.95
2025-01-13,2025-01-30,22500,CE,909.0,965.3,723.9,757.5,757.5,11758,499400,121200,23085.95
2025-01-13,2025-02-06,22500,CE,0.0,0.0,0.0,1872.9,771.8,0,0,0,23085.95
2025-01-13,2025-01-16,23500,CE,70.2,94.4,22.7,24.95,24.95,1972484,9779625,5494800,23085.95
2025-01-13,2025-01-23,22500,PE,60.0,70.0,36.45,59.35,59.35,46929,549225,198075,23085.95
2025-01-13,2025-02-13,22500,CE,0.0,0.0,0.0,1276.45,825.6,0,0,0,23085.95
2025-01-13,2025-02-06,23150,CE,507.0,508.85,439.1,448.3,448.3,67,2325,2325,23085.95
2025-01-13,2025-02-13,23150,CE,0.0,0.0,0.0,785.95,401.65,0,0,0,23085.95
2025-01-13,2025-01-30,23150,PE,224.65,333.5,206.95,302.65,302.65,18228,197975,45475,23085.95
2025-01-13,2025-01-16,25950,CE,2.75,3.05,1.05,2.45,2.45,12837,128325,104025,23085.95
2025-01-13,2025-02-06,25950,PE,0.0,0.0,0.0,1641.55,2749.3,0,0,0,23085.95
2025-01-13,2025-01-23,22500,CE,825.0,899.0,658.2,688.55,688.55,339,18150,11625,23085.95
2025-01-13,2025-03-27,23500,PE,592.95,682.45,529.25,659.15,659.15,5489,360525,99975,23085.95
2025-01-13,2025-01-30,23500,PE,355.0,538.0,355.0,495.7,495.7,210758,2943200,-858200,23085.95
2025-01-13,2025-02-06,23500,PE,447.9,590.75,436.25,554.55,554.55,939,72900,18525,23085.95
2025-01-13,2028-06-29,29000,PE,0.0,0.0,0.0,3595.9,2267.65,0,0,0,23085.95
2025-01-13,2025-09-25,29000,CE,0.0,0.0,0.0,1377.55,69.85,0,0,0,23085.95
2025-01-13,2025-02-27,25700,PE,2363.4,2363.55,2363.4,2363.5,2363.5,2,375,150,23085.95
2025-01-13,2025-01-30,25700,CE,5.9,8.65,4.8,7.55,7.55,9182,161750,-51150,23085.95
2025-01-13,2025-02-06,25700,PE,0.0,0.0,0.0,1422.15,2500.65,0,0,0,23085.95
2025-01-13,2025-02-27,25700,CE,31.4,34.4,22.0,27.2,27.2,736,35775,-11625,23085.95
2025-01-13,2025-01-16,25700,PE,2597.25,2597.25,2597.25,2597.25,2599.8,1,2025,75,23085.95
2025-01-13,2025-03-27,25700,CE,0.0,0.0,0.0,79.8,40.2,0,675,0,23085.95
2025-01-13,2025-01-23,25700,CE,3.95,5.8,2.6,5.35,5.35,6094,170175,127350,23085.95
2025-01-13,2025-03-27,25700,PE,0.0,0.0,0.0,1748.15,2309.6,0,0,0,23085.95
2025-01-13,2025-02-06,25700,CE,10.5,13.0,10.5,12.05,12.05,107,13050,4575,23085.95
2025-01-13,2025-01-30,25700,PE,2408.85,2565.0,2351.65,2537.95,2537.95,168,31950,2775,23085.95
2025-01-13,2025-01-16,25700,CE,1.1,4.25,1.0,2.5,2.5,48887,672150,372225,23085.95
2025-01-13,2025-01-23,25700,PE,0.0,0.0,0.0,1630.3,2566.55,0,0,0,23085.95
2025-01-13,2025-02-27,22100,CE,0.0,0.0,0.0,2321.95,1245.85,0,0,0,23085.95
2025-01-13,2025-01-23,24500,CE,10.45,12.1,8.0,8.7,8.7,30694,799800,238350,23085.95
2025-01-13,2025-01-30,24500,CE,30.0,30.0,17.5,18.9,18.9,162048,3098025,-103775,23085.95
2025-01-13,2025-03-27,22100,PE,156.8,212.95,155.65,212.95,212.95,74,53025,2625,23085.95
2025-01-13,2025-02-06,25100,CE,20.0,27.85,16.15,19.7,19.7,89,2775,2100,23085.95
2025-01-13,2025-02-13,25100,PE,0.0,0.0,0.0,1475.05,1879.75,0,0,0,23085.95
2025-01-13,2026-12-31,14000,PE,0.0,0.0,0.0,20.25,0.4,0,1175,0,23085.95
2025-01-13,2025-02-13,23450,CE,0.0,0.0,0.0,601.35,265.25,0,0,0,23085.95
2025-01-13,2025-02-06,24600,CE,50.55,64.35,40.15,41.35,41.35,75,4425,4275,23085.95
2025-01-13,2025-01-16,24600,PE,1348.0,1484.0,1275.3,1474.05,1474.05,22,50100,-900,23085.95
2025-01-13,2025-01-30,24600,PE,1306.0,1466.9,1205.0,1441.8,1441.8,987,142500,-4250,23085.95
2025-01-13,2025-02-06,24600,PE,0.0,0.0,0.0,613.25,1420.95,0,0,0,23085.95
2025-01-13,2025-01-16,26150,PE,0.0,0.0,0.0,1503.5,3049.55,0,0,0,23085.95
2025-01-13,2025-02-27,26150,PE,0.0,0.0,0.0,1981.75,2850.35,0,0,0,23085.95
2025-01-13,2025-01-16,24400,CE,3.35,3.55,2.25,3.0,3.0,422007,3469800,-66300,23085.95
2025-01-13,2025-01-30,22050,PE,31.2,49.15,24.65,41.45,41.45,4877,51000,425,23085.95
2025-01-13,2025-01-23,22050,CE,0.0,0.0,0.0,2072.6,1079.9,0,0,0,23085.95
2025-01-13,2025-03-27,22050,PE,0.0,0.0,0.0,117.35,120.55,0,0,0,23085.95
2025-01-13,2025-01-16,22050,CE,0.0,0.0,0.0,1603.05,1048.2,0,0,0,23085.95
2025-01-13,2025-03-27,22050,CE,0.0,0.0,0.0,2215.8,1452.15,0,0,0,23085.95
2025-01-13,2025-01-16,24300,CE,3.35,4.0,2.7,3.5,3.5,500273,5209125,279600,23085.95
2025-01-13,2025-02-27,25400,PE,0.0,0.0,0.0,1540.0,2119.45,0,525,0,23085.95
2025-01-13,2025-01-30,25400,CE,6.55,16.95,6.55,9.1,9.1,22296,370100,-26175,23085.95
2025-01-13,2025-02-06,24300,PE,0.0,0.0,0.0,452.55,1141.45,0,0,0,23085.95
2025-01-13,2025-02-27,24300,PE,1030.0,1149.55,950.2,1144.75,1144.75,70,19425,-2850,23085.95
2025-01-13,2025-01-16,26450,PE,0.0,0.0,0.0,1770.1,3349.4,0,0,0,23085.95
2025-01-13,2025-01-16,26450,CE,1.8,2.7,0.95,2.3,2.3,51864,538200,306150,23085.95
2025-01-13,2025-02-27,26450,PE,0.0,0.0,0.0,2297.0,3146.3,0,0,0,23085.95
2025-01-13,2025-02-27,26450,CE,16.05,16.75,14.7,16.5,16.5,34,7800,375,23085.95
2025-01-13,2025-01-30,26450,PE,0.0,0.0,0.0,2461.25,3281.05,0,50,0,23085.95
2025-01-13,2025-01-30,26450,CE,3.75,5.8,3.2,5.6,5.6,1926,131075,-13475,23085.95
2025-01-13,2025-02-13,22250,PE,0.0,0.0,0.0,59.15,65.65,0,0,0,23085.95
2025-01-13,2025-02-27,22250,PE,0.0,0.0,0.0,129.25,100.85,0,0,0,23085.95
2025-01-13,2025-02-27,21800,PE,86.65,122.05,82.25,114.0,114.0,5116,145350,133500,23085.95
2025-01-13,2025-02-13,21800,PE,0.0,0.0,0.0,49.0,21.6,0,1050,0,23085.95
2025-01-13,2025-02-06,21800,PE,0.0,0.0,0.0,5.25,12.35,0,0,0,23085.95
2025-01-13,2025-03-27,21800,CE,0.0,0.0,0.0,2431.4,1661.55,0,0,0,23085.95
2025-01-13,2025-01-30,24950,CE,12.25,14.2,11.15,12.1,12.1,3319,48425,-10025,23085.95
2025-01-13,2025-01-23,24950,PE,1667.1,1667.1,1667.1,1667.1,1818.0,1,75,75,23085.95
2025-01-13,2025-01-16,24950,CE,1.45,3.05,1.2,2.65,2.65,48672,846600,555525,23085.95
2025-01-13,2025-01-16,25250,CE,2.0,2.85,1.1,2.55,2.55,24902,494925,340875,23085.95
2025-01-13,2025-01-30,25250,PE,1945.0,1945.0,1945.0,1945.0,2085.15,1,5775,0,23085.95
2025-01-13,2025-02-06,25250,CE,0.0,0.0,0.0,20.55,2.1,0,1050,0,23085.95
2025-01-13,2025-02-13,25250,PE,0.0,0.0,0.0,1607.6,2025.85,0,0,0,23085.95
2025-01-13,2025-01-16,24850,PE,0.0,0.0,0.0,1312.65,1750.25,0,1575,0,23085.95
2025-01-13,2025-02-06,24850,CE,30.45,30.45,27.55,27.75,27.75,53,3750,3750,23085.95
2025-01-13,2025-02-13,25000,PE,0.0,0.0,0.0,1388.6,1783.0,0,0,0,23085.95
2025-01-13,2025-02-06,25000,CE,29.95,31.0,22.7,23.95,23.95,2143,136500,33750,23085.95
2025-01-13,2025-01-16,25800,PE,2600.0,2600.0,2544.85,2567.5,2699.75,80,5775,-1650,23085.95
2025-01-13,2025-12-24,25000,CE,1208.55,1239.9,1130.0,1141.7,1141.7,391,115700,1350,23085.95
2025-01-13,2025-03-27,25000,CE,174.0,174.0,126.0,130.45,130.45,10226,1233625,111525,23085.95
2025-01-13,2025-01-30,25800,PE,2518.2,2686.5,2420.65,2681.5,2633.1,19,45300,-125,23085.95
2025-01-13,2025-01-23,23700,CE,88.6,113.5,45.15,47.95,47.95,38778,812100,279225,23085.95
2025-01-13,2025-01-23,23700,PE,400.0,664.2,400.0,609.8,609.8,2342,396375,-15750,23085.95
2025-01-13,2025-01-16,23700,CE,28.0,39.5,10.65,11.55,11.55,972569,5534925,1459950,23085.95
2025-01-13,2025-02-27,25650,PE,0.0,0.0,0.0,1064.7,2360.85,0,75,0,23085.95
2025-01-13,2025-01-23,25650,CE,3.95,5.95,2.1,5.55,5.55,4036,120225,114900,23085.95
2025-01-13,2025-01-30,25650,CE,4.55,7.9,4.5,7.65,7.65,1161,37175,-700,23085.95
2025-01-13,2025-01-16,25650,PE,0.0,0.0,0.0,1092.45,2549.8,0,0,0,23085.95
2025-01-13,2025-03-27,25650,PE,0.0,0.0,0.0,1709.8,2263.3,0,0,0,23085.95
2025-01-13,2025-02-06,25250,PE,0.0,0.0,0.0,1055.3,2054.35,0,0,0,23085.95
2025-01-13,2025-03-27,25250,CE,0.0,0.0,0.0,372.1,75.05,0,0,0,23085.95
2025-01-13,2025-02-13,24850,CE,0.0,0.0,0.0,112.55,17.25,0,0,0,23085.95
2025-01-13,2025-03-27,24850,PE,0.0,0.0,0.0,1148.3,1555.95,0,0,0,23085.95
2025-01-13,2025-01-23,24850,CE,6.4,7.05,5.5,6.65,6.65,631,21150,6225,23085.95
2025-01-13,2025-02-27,24050,CE,260.8,282.5,204.95,210.5,210.5,202,5550,450,23085.95
2025-01-13,2025-03-27,24050,CE,422.7,422.7,358.35,364.0,364.0,78,2400,2325,23085.95
2025-01-13,2025-01-30,24050,PE,822.0,965.05,715.1,922.6,922.6,527,42850,-6200,23085.95
2025-01-13,2025-01-16,25050,PE,0.0,0.0,0.0,676.1,1950.15,0,0,0,23085.95
2025-01-13,2025-02-13,25050,PE,0.0,0.0,0.0,1431.65,1831.3,0,0,0,23085.95
2025-01-13,2025-01-23,22300,CE,0.0,0.0,0.0,1836.8,838.75,0,0,0,23085.95
2025-01-13,2025-01-30,22450,PE,70.0,102.55,57.45,90.5,90.5,11887,129025,15550,23085.95
2025-01-13,2025-02-06,22300,CE,0.0,0.0,0.0,2061.7,937.65,0,0,0,23085.95
2025-01-13,2025-01-23,22300,PE,29.95,44.7,23.2,36.85,36.85,11549,102075,27600,23085.95
2025-01-13,2025-01-16,22450,PE,15.0,23.15,10.4,14.7,14.7,272016,904725,209025,23085.95
2025-01-13,2025-02-27,22450,PE,0.0,0.0,0.0,90.35,141.55,0,4800,0,23085.95
2025-01-13,2025-01-23,22450,PE,42.85,61.95,32.1,52.35,52.35,3702,41325,33300,23085.95
2025-01-13,2025-02-13,22300,PE,0.0,0.0,0.0,64.9,73.3,0,0,0,23085.95
2025-01-13,2025-01-16,22300,PE,11.95,16.35,7.9,11.1,11.1,369197,2327850,-143175,23085.95
2025-01-13,2025-01-16,22450,CE,0.0,0.0,0.0,1029.65,649.45,0,150,0,23085.95
2025-01-13,2025-01-30,22300,CE,1056.75,1090.5,913.1,928.85,928.85,160,1975,1550,23085.95
2025-01-13,2025-02-13,22300,CE,0.0,0.0,0.0,1447.4,986.7,0,0,0,23085.95
2025-01-13,2025-02-06,22300,PE,0.0,0.0,0.0,17.9,52.95,0,0,0,23085.95
2025-01-13,2025-01-23,25100,CE,4.05,6.45,3.55,6.2,6.2,4667,141525,40950,23085.95
2025-01-13,2025-02-27,25100,PE,0.0,0.0,0.0,1392.0,1834.85,0,675,0,23085.95
2025-01-13,2025-03-27,25100,PE,0.0,0.0,0.0,1312.35,1768.85,0,0,0,23085.95
2025-01-13,2025-01-23,25100,PE,0.0,0.0,0.0,1122.75,1967.7,0,0,0,23085.95
2025-01-13,2025-02-06,25100,PE,0.0,0.0,0.0,942.8,1906.35,0,0,0,23085.95
2025-01-13,2025-06-26,21000,CE,2800.0,2800.0,2800.0,2800.0,2800.0,1,75,75,23085.95
2025-01-13,2025-01-30,26050,CE,5.35,7.35,3.85,6.5,6.5,494,14375,-725,23085.95
2025-01-13,2029-12-27,21000,PE,0.0,0.0,0.0,278.8,201.85,0,0,0,23085.95
2025-01-13,2027-12-30,21000,PE,0.0,0.0,0.0,582.95,235.25,0,50,0,23085.95
2025-01-13,2026-06-25,21000,CE,0.0,0.0,0.0,3881.9,4245.1,0,0,0,23085.95
2025-01-13,2029-06-28,21000,PE,0.0,0.0,0.0,320.25,212.65,0,0,0,23085.95
2025-01-13,2025-12-24,19000,PE,0.0,0.0,0.0,102.0,26.5,0,9425,0,23085.95
2025-01-13,2026-12-31,19000,CE,0.0,0.0,0.0,8600.0,6512.55,0,125,0,23085.95
2025-01-13,2025-01-23,21800,PE,10.45,16.5,9.85,13.95,13.95,8374,130725,56475,23085.95
2025-01-13,2025-01-30,24400,CE,30.05,35.8,20.0,21.7,21.7,67156,690925,-326950,23085.95
2025-01-13,2025-03-27,24400,PE,1030.0,1118.0,1030.0,1118.0,1198.35,6,375,-450,23085.95
2025-01-13,2025-01-30,21650,PE,13.95,24.3,13.45,20.35,20.35,8449,113850,11950,23085.95
2025-01-13,2025-01-23,22950,PE,146.5,188.85,104.6,162.95,162.95,6872,62550,31650,23085.95
2025-01-13,2025-01-30,21650,CE,0.0,0.0,0.0,2942.5,1506.45,0,200,0,23085.95
2025-01-13,2025-01-16,22950,PE,58.0,89.6,41.45,69.95,69.95,667368,1446075,617850,23085.95
2025-01-13,2025-01-30,22950,PE,176.35,245.0,146.7,221.8,221.8,8958,85125,-7750,23085.95
2025-01-13,2025-01-23,22950,CE,449.8,515.6,323.65,344.1,344.1,682,16425,16425,23085.95
2025-01-13,2025-02-13,22050,CE,0.0,0.0,0.0,1670.85,1203.2,0,0,0,23085.95
2025-01-13,2025-02-27,22050,PE,0.0,0.0,0.0,103.1,69.85,0,0,0,23085.95
2025-01-13,2025-02-13,25100,CE,0.0,0.0,0.0,77.1,9.15,0,0,0,23085.95
2025-01-13,2025-03-27,21900,CE,0.0,0.0,0.0,2344.3,1576.5,0,0,0,23085.95
2025-01-13,2025-02-13,21900,CE,0.0,0.0,0.0,1809.1,1339.35,0,0,0,23085.95
2025-01-13,2025-02-06,21900,PE,0.0,0.0,0.0,6.8,17.0,0,0,0,23085.95
2025-01-13,2025-02-06,21900,CE,0.0,0.0,0.0,2447.8,1299.95,0,0,0,23085.95
2025-01-13,2025-01-30,21900,PE,21.5,37.4,15.25,31.5,31.5,40463,445900,-28100,23085.95
2025-01-13,2025-03-27,23450,PE,550.25,646.5,550.25,607.7,607.7,125,11100,5100,23085.95
2025-01-13,2025-02-27,23100,CE,702.0,780.9,611.0,630.45,630.45,734,31425,28125,23085.95
2025-01-13,2025-03-27,23100,CE,909.35,960.0,806.1,830.25,830.25,86,9600,3450,23085.95
2025-01-13,2025-02-13,23100,CE,0.0,0.0,0.0,819.5,428.15,0,0,0,23085.95
2025-01-13,2025-01-16,23100,PE,102.05,154.1,68.3,122.75,122.75,1973451,3964275,2474400,23085.95
2025-01-13,2025-02-13,23100,PE,0.0,0.0,0.0,231.4,310.15,0,0,0,23085.95
2025-01-13,2025-01-16,26350,CE,1.1,2.8,0.95,2.4,2.4,21555,254100,93750,23085.95
2025-01-13,2025-01-23,24650,CE,9.6,12.8,4.25,7.65,7.65,1678,51900,22875,23085.95
2025-01-13,2025-03-27,24650,CE,0.0,0.0,0.0,264.75,159.05,0,300,0,23085.95
2025-01-13,2025-01-23,24650,PE,1334.2,1334.2,1334.2,1334.2,1518.9,1,75,75,23085.95
2025-01-13,2025-03-27,24400,CE,303.6,311.9,246.1,251.55,251.55,414,9900,3000,23085.95
2025-01-13,2025-01-30,24600,CE,26.65,26.65,15.4,16.45,16.45,53766,591350,-169825,23085.95
2025-01-13,2025-02-06,24450,CE,0.0,0.0,0.0,98.3,23.8,0,150,0,23085.95
2025-01-13,2025-02-13,24450,CE,0.0,0.0,0.0,195.7,43.3,0,0,0,23085.95
2025-01-13,2025-02-27,24450,CE,139.35,144.0,114.15,119.45,119.45,319,5550,-7725,23085.95
2025-01-13,2025-01-16,24450,PE,0.0,0.0,0.0,1006.45,1350.5,0,3000,0,23085.95
2025-01-13,2025-02-27,24450,PE,0.0,0.0,0.0,771.7,1252.15,0,4050,0,23085.95
2025-01-13,2025-02-27,25600,PE,2320.6,2320.6,2320.6,2320.6,2320.6,1,3000,0,23085.95
2025-01-13,2025-01-16,25600,CE,1.1,3.15,1.05,2.5,2.5,46068,492525,112800,23085.95
2025-01-13,2025-01-23,25600,CE,3.95,5.95,2.75,5.5,5.5,5542,140400,109275,23085.95
2025-01-13,2025-01-30,25600,CE,7.0,8.6,6.25,8.3,8.3,18178,589125,-49825,23085.95
2025-01-13,2025-01-23,25600,PE,0.0,0.0,0.0,1541.55,2466.75,0,0,0,23085.95
2025-01-13,2025-03-27,25600,CE,0.0,0.0,0.0,60.0,46.4,0,1500,0,23085.95
2025-01-13,2025-02-27,25600,CE,32.0,44.0,24.15,30.35,30.35,704,28875,-11625,23085.95
2025-01-13,2025-02-06,25600,CE,11.65,13.5,9.3,13.5,0.6,8,2175,0,23085.95
2025-01-13,2025-01-30,25600,PE,2286.05,2444.8,2286.05,2444.8,2433.75,12,33675,-100,23085.95
2025-01-13,2025-02-06,25600,PE,0.0,0.0,0.0,1337.2,2401.3,0,0,0,23085.95
2025-01-13,2025-01-16,25600,PE,0.0,0.0,0.0,2195.0,2499.85,0,5175,0,23085.95
2025-01-13,2025-03-27,25600,PE,0.0,0.0,0.0,1672.75,2217.15,0,0,0,23085.95
2025-01-13,2026-06-25,21000,PE,0.0,0.0,0.0,3065.6,205.55,0,0,0,23085.95
2025-01-13,2029-12-27,21000,CE,0.0,0.0,0.0,9463.95,8258.8,0,0,0,23085.95
2025-01-13,2027-12-30,21000,CE,0.0,0.0,0.0,4902.4,6126.3,0,0,0,23085.95
2025-01-13,2027-06-24,21000,CE,0.0,0.0,0.0,3061.8,5514.6,0,0,0,23085.95
2025-01-13,2026-12-31,21000,CE,0.0,0.0,0.0,3356.25,4921.2,0,0,0,23085.95
2025-01-13,2025-12-24,30000,PE,0.0,0.0,0.0,4227.0,5161.15,0,450,0,23085.95
2025-01-13,2025-02-06,23300,CE,445.25,504.0,357.85,373.6,373.6,264,9075,9075,23085.95
2025-01-13,2025-01-23,23300,CE,274.95,292.95,149.8,159.75,159.75,47999,548175,504150,23085.95
2025-01-13,2025-01-23,23300,PE,273.0,365.4,217.05,322.3,322.3,41615,385350,194550,23085.95
2025-01-13,2025-01-30,22850,PE,140.95,206.8,122.55,183.3,183.3,13575,83150,13700,23085.95
2025-01-13,2025-02-13,22850,PE,0.0,0.0,0.0,162.1,209.85,0,0,0,23085.95
2025-01-13,2025-02-27,22850,CE,0.0,0.0,0.0,1715.2,683.25,0,0,0,23085.95
2025-01-13,2025-02-27,26300,PE,0.0,0.0,0.0,2103.6,2998.15,0,0,0,23085.95
2025-01-13,2025-01-16,26300,CE,1.4,2.85,0.9,2.4,2.4,74990,1222050,983700,23085.95
2025-01-13,2025-02-06,24700,PE,0.0,0.0,0.0,673.25,1516.6,0,0,0,23085.95
2025-01-13,2025-01-16,24700,PE,1475.0,1590.9,1340.0,1587.5,1587.5,33,21150,-1350,23085.95
2025-01-13,2025-01-23,24700,PE,1438.35,1602.3,1350.0,1555.0,1555.0,127,9975,9375,23085.95
2025-01-13,2025-02-27,23400,PE,497.0,591.45,450.0,562.65,562.65,3052,150300,-12600,23085.95
2025-01-13,2025-02-06,25450,PE,0.0,0.0,0.0,1213.25,2252.4,0,0,0,23085.95
2025-01-13,2025-01-16,25450,PE,0.0,0.0,0.0,942.85,2349.95,0,0,0,23085.95
2025-01-13,2025-02-13,24600,CE,0.0,0.0,0.0,160.3,31.1,0,0,0,23085.95
2025-01-13,2025-01-23,24600,PE,1380.0,1472.95,1380.0,1472.95,1472.95,2,1125,150,23085.95
2025-01-13,2025-06-26,24000,CE,940.0,944.75,800.05,813.05,813.05,2079,272275,22850,23085.95
2025-01-13,2025-03-27,24300,CE,331.3,358.0,275.0,279.95,279.95,378,14400,4200,23085.95
2025-01-13,2025-02-27,24300,CE,184.0,208.25,141.55,147.4,147.4,3435,131325,42525,23085.95
2025-01-13,2025-03-27,25400,PE,0.0,0.0,0.0,1523.1,2034.75,0,0,0,23085.95
2025-01-13,2025-02-27,24900,PE,1523.7,1601.25,1523.65,1601.25,1601.25,3,1425,-75,23085.95
2025-01-13,2025-01-30,23100,CE,433.8,500.0,323.0,342.5,342.5,40685,234100,207100,23085.95
2025-01-13,2025-01-30,24850,CE,13.3,20.5,11.6,13.25,13.25,5089,64850,-11925,23085.95
2025-01-13,2025-01-23,24850,PE,0.0,0.0,0.0,933.0,1718.25,0,0,0,23085.95
2025-01-13,2025-02-27,24050,PE,853.55,973.2,800.7,973.2,931.6,69,4575,-900,23085.95
2025-01-13,2025-02-06,24050,CE,141.0,165.0,105.0,112.5,112.5,50,3450,3375,23085.95
2025-01-13,2025-02-13,24050,PE,0.0,0.0,0.0,675.75,923.65,0,0,0,23085.95
2025-01-13,2025-01-23,24050,CE,33.05,40.7,17.2,18.4,18.4,8154,103350,54450,23085.95
2025-01-13,2025-01-23,24050,PE,794.45,966.0,794.45,966.0,928.75,19,4500,750,23085.95
2025-01-13,2025-06-26,16000,PE,0.0,0.0,0.0,1.5,0.05,0,1425,0,23085.95
2025-01-13,2025-12-24,16000,PE,0.0,0.0,0.0,20.25,0.4,0,2125,0,23085.95
2025-01-13,2025-02-27,22450,CE,0.0,0.0,0.0,2029.3,963.55,0,0,0,23085.95
2025-01-13,2025-01-30,22450,CE,938.95,938.95,810.0,810.0,756.9,6,475,-25,23085.95
2025-01-13,2025-02-27,22300,PE,166.95,205.05,142.0,193.2,193.2,1630,216750,10200,23085.95
2025-01-13,2025-03-27,22450,PE,0.0,0.0,0.0,140.0,205.2,0,5850,0,23085.95
2025-01-13,2025-02-27,24750,CE,98.0,103.3,68.65,77.15,77.15,185,8550,1350,23085.95
2025-01-13,2025-01-16,24750,CE,1.5,3.1,1.3,2.75,2.75,87306,1297125,827400,23085.95
2025-01-13,2025-01-30,21850,CE,0.0,0.0,0.0,2743.0,1310.6,0,175,0,23085.95
2025-01-13,2025-02-13,21850,PE,0.0,0.0,0.0,26.4,24.75,0,0,0,23085.95
2025-01-13,2025-01-23,21800,CE,1370.0,1370.0,1370.0,1370.0,1370.0,1,75,75,23085.95
2025-01-13,2025-03-27,22850,CE,0.0,0.0,0.0,1582.0,869.3,0,0,0,23085.95
2025-01-13,2029-06-28,20000,CE,0.0,0.0,0.0,10410.0,8424.65,0,0,0,23085.95
2025-01-13,2025-02-27,24950,PE,0.0,0.0,0.0,469.15,1695.45,0,0,0,23085.95
2025-01-13,2025-01-30,24950,PE,1631.0,1805.0,1631.0,1805.0,1805.0,12,16175,-225,23085.95
2025-01-13,2026-12-31,20000,PE,0.0,0.0,0.0,290.0,128.85,0,4050,0,23085.95
2025-01-13,2025-01-16,24950,PE,0.0,0.0,0.0,1451.4,1850.2,0,900,0,23085.95
2025-01-13,2025-01-30,22200,PE,42.65,64.8,35.15,55.6,55.6,42440,544550,-3500,23085.95
2025-01-13,2025-02-27,22200,CE,1279.3,1279.3,1279.3,1279.3,1162.15,1,75,0,23085.95
2025-01-13,2025-02-13,22200,PE,0.0,0.0,0.0,53.8,58.65,0,0,0,23085.95
2025-01-13,2025-02-13,22750,PE,0.0,0.0,0.0,139.15,176.9,0,0,0,23085.95
2025-01-13,2026-06-25,19000,CE,0.0,0.0,0.0,5792.0,5902.9,0,100,0,23085.95
2025-01-13,2026-12-31,19000,PE,0.0,0.0,0.0,203.0,67.15,0,2325,0,23085.95
2025-01-13,2025-09-25,19000,CE,0.0,0.0,0.0,8559.0,4975.6,0,0,0,23085.95
2025-01-13,2029-06-28,19000,CE,0.0,0.0,0.0,11036.95,9113.5,0,0,0,23085.95
2025-01-13,2029-12-27,19000,CE,0.0,0.0,0.0,10714.6,9577.25,0,0,0,23085.95
2025-01-13,2029-12-27,19000,PE,0.0,0.0,0.0,142.25,89.0,0,0,0,23085.95
2025-01-13,2025-06-26,19000,CE,0.0,0.0,0.0,3077.9,4657.9,0,0,0,23085.95
2025-01-13,2025-01-16,25400,PE,0.0,0.0,0.0,1819.0,2299.95,0,825,0,23085.95
2025-01-13,2025-01-16,24300,PE,1058.8,1216.55,937.3,1171.45,1171.45,4102,213900,-71700,23085.95
2025-01-13,2025-02-06,25400,PE,0.0,0.0,0.0,1172.9,2202.8,0,0,0,23085.95
2025-01-13,2025-02-27,24900,CE,85.05,86.0,59.9,61.7,61.7,5884,172500,89925,23085.95
2025-01-13,2025-01-23,24900,CE,6.0,6.9,3.75,6.65,6.65,7574,145725,39075,23085.95
2025-01-13,2025-02-27,23100,PE,385.45,454.9,335.8,431.05,431.05,2024,115275,11625,23085.95
2025-01-13,2025-02-06,23100,CE,640.95,640.95,464.0,479.2,479.2,335,13650,13650,23085.95
2025-01-13,2025-03-27,23100,PE,418.95,501.2,383.55,490.5,490.5,719,45975,25125,23085.95
2025-01-13,2025-02-06,23100,PE,309.8,381.45,309.8,361.45,361.45,125,7575,7575,23085.95
2025-01-13,2025-02-27,26500,CE,15.9,18.6,13.2,18.35,18.35,3272,209925,-8475,23085.95
2025-01-13,2025-01-30,26500,CE,4.05,5.7,3.6,5.45,5.45,42520,1656225,-22675,23085.95
2025-01-13,2025-01-16,21750,CE,0.0,0.0,0.0,2952.25,1348.0,0,0,0,23085.95
2025-01-13,2025-01-23,21750,CE,0.0,0.0,0.0,2361.75,1376.65,0,0,0,23085.95
2025-01-13,2025-03-27,21750,CE,1900.0,1900.0,1900.0,1900.0,1704.7,1,75,75,23085.95
2025-01-13,2025-01-23,23150,CE,346.5,383.65,213.95,232.55,232.55,5252,77475,66075,23085.95
2025-01-13,2025-01-16,23150,PE,100.75,181.6,80.35,145.5,145.5,1315852,1349625,647775,23085.95
2025-01-13,2025-03-27,23150,CE,861.9,861.9,802.05,802.05,692.0,9,525,525,23085.95
2025-01-13,2025-02-27,23150,PE,406.9,474.0,356.95,447.45,447.45,427,14550,5925,23085.95
2025-01-13,2025-03-27,23150,PE,433.85,515.0,420.0,515.0,445.6,50,2925,2925,23085.95
2025-01-13,2025-01-30,23150,CE,403.05,465.55,296.5,315.75,315.75,12417,81400,64950,23085.95
2025-01-13,2025-01-30,25950,CE,5.9,7.0,4.15,6.85,6.85,409,28975,-4975,23085.95
2025-01-13,2025-01-23,25950,CE,3.05,5.65,2.55,5.35,5.35,38417,1441500,1099950,23085.95
2025-01-13,2025-03-27,25950,PE,0.0,0.0,0.0,1944.95,2543.85,0,0,0,23085.95
2025-01-13,2025-02-27,25550,CE,37.35,37.35,21.95,32.55,32.55,233,10500,5850,23085.95
2025-01-13,2025-01-16,25500,PE,2322.65,2408.3,2156.9,2408.3,2399.9,48,27600,-1725,23085.95
2025-01-13,2025-01-16,25500,CE,1.2,2.9,1.1,2.45,2.45,244896,5005800,451350,23085.95
2025-01-13,2025-03-27,23850,CE,489.6,489.6,452.3,452.3,452.3,9,600,600,23085.95
2025-01-13,2025-01-30,23850,PE,670.05,793.9,567.65,757.9,757.9,2808,76925,-14125,23085.95
2025-01-13,2025-01-30,23850,CE,111.45,131.05,65.35,68.35,68.35,22222,148175,5225,23085.95
2025-01-13,2025-02-06,23850,PE,0.0,0.0,0.0,266.0,756.8,0,0,0,23085.95
2025-01-13,2025-02-27,24100,CE,242.05,271.5,187.5,195.65,195.65,1518,50550,20775,23085.95
2025-01-13,2025-03-27,24100,PE,848.35,994.1,848.35,990.4,990.4,117,2850,-3450,23085.95
2025-01-13,2025-01-23,21700,PE,6.5,14.45,6.5,12.55,12.55,9833,95850,95850,23085.95
2025-01-13,2025-01-16,21700,PE,2.45,5.9,2.45,4.0,4.0,623563,5564625,5564625,23085.95
2025-01-13,2025-02-13,21700,CE,0.0,0.0,0.0,1997.25,1526.35,0,0,0,23085.95
2025-01-13,2025-02-27,21700,CE,1650.0,1650.0,1650.0,1650.0,1650.0,1,75,75,23085.95
2025-01-13,2025-02-13,21700,PE,0.0,0.0,0.0,18.95,16.4,0,0,0,23085.95
2025-01-13,2025-01-30,21700,CE,1611.0,1664.5,1497.3,1497.3,1497.3,15,1700,0,23085.95
2025-01-13,2025-01-30,21700,PE,14.45,27.0,12.7,22.6,22.6,32291,528950,116900,23085.95
2025-01-13,2025-02-06,21700,PE,0.0,0.0,0.0,4.0,8.85,0,0,0,23085.95
2025-01-13,2025-03-27,21700,PE,111.0,148.7,107.65,144.85,144.85,189,9525,9525,23085.95
2025-01-13,2025-01-16,21700,CE,0.0,0.0,0.0,3001.65,1398.0,0,0,0,23085.95
2025-01-13,2025-02-06,22200,CE,0.0,0.0,0.0,2157.3,1024.95,0,0,0,23085.95
2025-01-13,2025-02-13,22200,CE,0.0,0.0,0.0,1535.6,1071.5,0,0,0,23085.95
2025-01-13,2025-02-06,22200,PE,0.0,0.0,0.0,14.2,40.7,0,0,0,23085.95
2025-01-13,2025-01-16,23950,CE,9.25,13.35,5.1,5.8,5.8,399555,1579200,233325,23085.95
2025-01-13,2025-01-23,23950,PE,729.0,791.7,653.2,791.7,833.95,13,2400,-375,23085.95
2025-01-13,2025-02-13,23950,CE,188.05,188.05,188.05,188.05,188.05,1,300,0,23085.95
2025-01-13,2025-02-06,23950,PE,0.0,0.0,0.0,301.85,837.45,0,0,0,23085.95
2025-01-13,2025-03-27,22700,PE,293.2,352.05,280.0,345.2,345.2,52,50850,450,23085.95
2025-01-13,2026-12-31,15000,PE,0.0,0.0,0.0,36.75,1.55,0,2275,0,23085.95
2025-01-13,2026-06-25,15000,PE,0.0,0.0,0.0,20.3,0.5,0,850,0,23085.95
2025-01-13,2025-02-27,26100,PE,0.0,0.0,0.0,1941.75,2801.1,0,0,0,23085.95
2025-01-13,2025-02-27,26100,CE,21.0,24.9,18.05,19.4,19.4,71,24000,675,23085.95
2025-01-13,2025-02-27,25050,PE,0.0,0.0,0.0,1022.6,1788.15,0,75,0,23085.95
2025-01-13,2025-01-23,24200,PE,962.15,1117.45,832.4,1068.95,1068.95,266,17550,3525,23085.95
2025-01-13,2025-03-27,22250,CE,0.0,0.0,0.0,2048.65,1292.95,0,0,0,23085.95
2025-01-13,2025-01-23,22250,PE,30.05,39.8,20.95,32.95,32.95,1178,14475,-4425,23085.95
2025-01-13,2025-02-06,22250,CE,0.0,0.0,0.0,2109.4,981.0,0,0,0,23085.95
2025-01-13,2025-03-27,25500,PE,1903.0,2080.5,1903.0,2070.35,2070.35,14,12975,150,23085.95
2025-01-13,2025-02-27,25500,CE,36.05,39.5,30.65,33.5,33.5,11233,536550,-8025,23085.95
2025-01-13,2025-03-27,21750,PE,116.45,129.1,112.85,129.05,77.1,56,4200,4200,23085.95
2025-01-13,2025-01-23,23150,PE,199.25,281.25,161.7,243.6,243.6,9832,111450,43125,23085.95
2025-01-13,2025-01-16,23150,CE,222.05,296.1,108.75,123.05,123.05,583596,1750050,1720950,23085.95
