date,expiry,strike,opt_type,open,high,low,close,settle,volume,oi,oi_change,underlying
2024-08-27,2024-09-19,24950,PE,234.3,234.3,210.0,218.05,218.05,15,400,50,25017.75
2024-08-27,2024-08-29,24950,CE,157.35,180.95,110.0,120.15,120.15,1128094,1125325,-142875,25017.75
2024-08-27,2024-09-19,24950,CE,390.7,436.45,381.0,388.6,388.6,77,1175,400,25017.75
2024-08-27,2024-09-12,24800,PE,133.0,143.0,110.35,126.4,126.4,9147,100900,38450,25017.75
2024-08-27,2024-10-31,24800,PE,331.85,342.9,305.5,331.75,331.75,1212,49750,10075,25017.75
2024-08-27,2024-09-19,24800,PE,173.5,187.5,152.6,171.25,171.25,501,15225,4350,25017.75
2024-08-27,2024-10-03,24800,PE,0.0,0.0,0.0,460.6,350.55,0,0,0,25017.75
2024-08-27,2024-09-26,24800,CE,569.0,602.0,533.05,544.85,544.85,6927,481200,-19425,25017.75
2024-08-27,2024-09-05,24800,PE,82.95,91.5,62.05,73.65,73.65,106270,932425,184425,25017.75
2024-08-27,2024-09-12,24800,CE,441.95,469.0,393.5,408.6,408.6,2285,24525,-5325,25017.75
2024-08-27,2024-09-05,24800,CE,355.0,399.05,323.1,338.8,338.8,20881,534625,103050,25017.75
2024-08-27,2024-10-03,24800,CE,639.05,639.05,639.0,639.0,750.4,2,125,25,25017.75
2024-08-27,2024-10-31,24800,CE,851.7,851.7,780.0,789.8,789.8,619,34525,250,25017.75
2024-08-27,2024-08-29,24800,CE,258.6,308.4,213.8,237.1,237.1,429190,2942550,-573500,25017.75
2024-08-27,2024-09-12,25850,CE,26.7,26.75,19.6,20.3,20.3,2176,30375,7375,25017.75
2024-08-27,2024-09-19,25850,PE,0.0,0.0,0.0,1604.3,877.1,0,0,0,25017.75
2024-08-27,2024-08-29,25850,CE,1.0,1.05,0.5,0.55,0.55,49926,227050,-24750,25017.75
2024-08-27,2024-10-03,25850,PE,0.0,0.0,0.0,1077.6,918.6,0,0,0,25017.75
2024-08-27,2024-09-05,25850,PE,788.4,803.0,738.45,759.7,826.1,43,800,550,25017.75
2024-08-27,2024-10-31,25850,CE,0.0,0.0,0.0,463.45,488.15,0,0,0,25017.75
2024-08-27,2024-09-19,25700,PE,0.0,0.0,0.0,1474.2,766.25,0,0,0,25017.75
2024-08-27,2024-08-29,25700,PE,658.0,704.9,608.85,683.4,683.4,182,5100,525,25017.75
2024-08-27,2024-09-05,25700,CE,13.0,13.7,7.65,8.4,8.4,73440,746475,358050,25017.75
2024-08-27,2024-09-12,25700,CE,45.4,46.4,30.3,35.65,35.65,4438,78200,23550,25017.75
2024-08-27,2024-08-29,25700,CE,0.8,1.3,0.7,0.8,0.8,351427,2755150,250600,25017.75
2024-08-27,2024-08-29,20250,CE,0.0,0.0,0.0,4585.55,4775.6,0,450,0,25017.75
2024-08-27,2024-10-03,26650,PE,0.0,0.0,0.0,1716.15,1540.35,0,0,0,25017.75
2024-08-27,2024-10-31,26650,CE,0.0,0.0,0.0,63.6,252.85,0,5200,0,25017.75
2024-08-27,2024-09-05,26650,CE,2.35,2.35,1.2,1.45,1.45,561,15250,7075,25017.75
2024-08-27,2024-08-29,26650,CE,0.45,0.45,0.25,0.4,0.4,26418,125825,-258075,25017.75
2024-08-27,2024-09-12,26650,CE,0.0,0.0,0.0,20.3,15.8,0,0,0,25017.75
2024-08-27,2024-08-29,26650,PE,0.0,0.0,0.0,1805.0,1621.95,0,450,0,25017.75
2024-08-27,2024-09-19,26650,PE,0.0,0.0,0.0,2342.5,1553.3,0,0,0,25017.75
2024-08-27,2024-10-03,26650,CE,0.0,0.0,0.0,99.65,103.8,0,0,0,25017.75
2024-08-27,2024-09-26,26650,CE,42.75,42.75,9.2,11.9,11.9,38,625,525,25017.75
2024-08-27,2024-09-19,26650,CE,21.25,21.25,6.75,6.95,6.95,11,175,175,25017.75
2024-08-27,2024-10-31,26650,PE,0.0,0.0,0.0,1991.05,1542.3,0,0,0,25017.75
2024-08-27,2024-09-12,26650,PE,0.0,0.0,0.0,2368.4,1565.5,0,0,0,25017.75
2024-08-27,2024-09-05,26650,PE,0.0,0.0,0.0,1544.15,1587.95,0,0,0,25017.75
2024-08-27,2024-09-26,26650,PE,0.0,0.0,0.0,2307.75,1547.2,0,0,0,25017.75
2024-08-27,2024-09-26,22600,PE,18.4,18.75,15.05,15.85,15.85,6617,162000,14625,25017.75
2024-08-27,2024-08-29,22600,PE,1.4,1.45,0.75,0.9,0.9,29596,192550,-40300,25017.75
2024-08-27,2024-09-19,23250,PE,0.0,0.0,0.0,134.85,12.65,0,0,0,25017.75
2024-08-27,2024-08-29,23250,CE,0.0,0.0,0.0,1801.15,1776.8,0,12550,0,25017.75
2024-08-27,2024-10-31,22600,PE,48.0,48.5,40.0,41.5,36.6,79,16675,-100,25017.75
2024-08-27,2024-09-19,23250,CE,0.0,0.0,0.0,1189.9,1883.9,0,0,0,25017.75
2024-08-27,2024-08-29,20150,PE,0.55,0.6,0.2,0.25,0.25,828884,2485950,134750,25017.75
2024-08-27,2024-09-05,23250,CE,0.0,0.0,0.0,1954.25,1808.7,0,0,0,25017.75
2024-08-27,2024-09-12,22600,CE,0.0,0.0,0.0,1721.45,2488.15,0,0,0,25017.75
2024-08-27,2024-10-03,23250,PE,0.0,0.0,0.0,64.55,36.25,0,0,0,25017.75
2024-08-27,2024-09-12,22600,PE,6.8,9.35,5.65,6.1,0.35,97,1925,1350,25017.75
2024-08-27,2024-08-29,23250,PE,1.9,2.05,1.05,1.2,1.2,12728,129950,-26325,25017.75
2024-08-27,2024-09-12,26600,PE,0.0,0.0,0.0,2320.65,1517.85,0,0,0,25017.75
2024-08-27,2024-10-03,25050,PE,393.0,393.0,393.0,393.0,456.75,1,75,25,25017.75
2024-08-27,2024-09-05,25050,PE,161.0,191.75,132.45,158.05,158.05,52232,131275,65900,25017.75
2024-08-27,2024-09-12,25050,PE,224.5,237.05,190.15,216.05,216.05,2131,11375,3800,25017.75
2024-08-27,2024-09-19,25050,PE,263.9,278.4,233.9,268.8,268.8,487,2500,1375,25017.75
2024-08-27,2024-08-29,25050,CE,91.7,110.7,56.85,64.7,64.7,3532565,3740050,1627250,25017.75
2024-08-27,2024-09-12,25050,CE,285.6,301.55,250.0,255.05,255.05,1818,14325,8650,25017.75
2024-08-27,2024-09-12,26600,CE,4.8,4.8,4.35,4.35,18.0,6,75,75,25017.75
2024-08-27,2024-08-29,26700,PE,1616.0,1666.0,1616.0,1666.0,1671.9,6,1025,75,25017.75
2024-08-27,2024-12-26,21000,PE,66.35,70.05,61.35,62.85,62.85,4093,1950250,-18625,25017.75
2024-08-27,2024-12-26,21000,CE,4425.1,4480.9,4383.9,4400.05,4400.05,1247,477450,425,25017.75
2024-08-27,2025-12-24,21000,CE,0.0,0.0,0.0,5476.0,6097.95,0,325,0,25017.75
2024-08-27,2028-12-28,21000,CE,0.0,0.0,0.0,7512.5,9942.45,0,0,0,25017.75
2024-08-27,2024-09-19,26700,CE,17.5,17.5,5.2,5.2,35.95,85,550,550,25017.75
2024-08-27,2024-09-26,21000,PE,6.85,7.25,6.0,6.15,6.15,5167,897575,23125,25017.75
2024-08-27,2024-09-26,26700,PE,1550.0,1550.0,1550.0,1550.0,1591.55,1,25,25,25017.75
2024-08-27,2024-12-26,19000,CE,6365.0,6365.0,6353.55,6359.3,6359.3,2,94125,-25,25017.75
2024-08-27,2025-12-24,19000,PE,0.0,0.0,0.0,97.25,40.7,0,9775,0,25017.75
2024-08-27,2024-12-26,19000,PE,28.0,28.9,24.2,27.7,27.7,345,521300,-1775,25017.75
2024-08-27,2024-09-26,19000,PE,4.8,5.1,4.5,4.95,4.95,700,250325,-775,25017.75
2024-08-27,2026-12-31,19000,CE,0.0,0.0,0.0,8600.0,9080.35,0,125,0,25017.75
2024-08-27,2027-06-24,19000,PE,0.0,0.0,0.0,201.05,97.85,0,525,0,25017.75
2024-08-27,2028-12-28,19000,PE,0.0,0.0,0.0,158.0,118.35,0,0,0,25017.75
2024-08-27,2025-06-26,19000,PE,0.0,0.0,0.0,68.05,15.55,0,600425,0,25017.75
2024-08-27,2029-06-28,19000,PE,0.0,0.0,0.0,170.3,119.95,0,0,0,25017.75
2024-08-27,2025-03-27,19000,PE,0.0,0.0,0.0,63.55,5.6,0,0,0,25017.75
2024-08-27,2024-10-31,23150,PE,67.7,67.7,65.75,65.8,79.55,148,2800,2800,25017.75
2024-08-27,2024-09-12,23150,PE,8.0,8.3,8.0,8.0,3.05,52,1475,-225,25017.75
2024-08-27,2024-10-03,23150,PE,0.0,0.0,0.0,54.8,29.95,0,0,0,25017.75
2024-08-27,2024-09-19,25950,CE,0.0,0.0,0.0,23.7,136.1,0,0,0,25017.75
2024-08-27,2024-10-03,25950,PE,0.0,0.0,0.0,1151.75,988.65,0,0,0,25017.75
2024-08-27,2024-08-29,25950,PE,0.0,0.0,0.0,1104.35,922.35,0,1750,0,25017.75
2024-08-27,2024-09-19,23500,CE,0.0,0.0,0.0,1628.0,1646.1,0,525,0,25017.75
2024-08-27,2024-10-03,23500,CE,0.0,0.0,0.0,1602.35,1747.1,0,0,0,25017.75
2024-08-27,2024-09-26,22500,CE,2640.0,2685.0,2608.0,2613.75,2613.75,560,101675,11050,25017.75
2024-08-27,2024-09-26,23500,CE,1685.0,1732.8,1629.7,1657.45,1657.45,4033,168200,47725,25017.75
2024-08-27,2024-08-29,20600,CE,0.0,0.0,0.0,4460.0,4425.75,0,4050,0,25017.75
2024-08-27,2024-10-31,22250,PE,40.95,43.0,33.85,34.95,34.95,162,9100,2000,25017.75
2024-08-27,2024-09-05,23550,PE,5.65,7.0,4.0,4.75,4.75,465,17125,4650,25017.75
2024-08-27,2024-09-05,23000,PE,4.0,4.0,2.7,2.8,2.8,8020,206375,38925,25017.75
2024-08-27,2027-06-24,23000,PE,0.0,0.0,0.0,4514.3,475.1,0,0,0,25017.75
2024-08-27,2024-08-29,23000,PE,1.65,1.7,0.9,1.05,1.05,176548,3990025,-265575,25017.75
2024-08-27,2024-10-31,23000,CE,2305.0,2330.25,2261.7,2270.7,2270.7,208,23325,675,25017.75
2024-08-27,2025-03-27,23000,PE,260.0,264.5,251.8,256.8,256.8,537,193075,2050,25017.75
2024-08-27,2024-10-03,23550,PE,0.0,0.0,0.0,102.4,61.9,0,25,0,25017.75
2024-08-27,2024-09-12,24550,CE,623.0,643.75,595.7,595.7,595.7,7,4475,-25,25017.75
2024-08-27,2024-09-12,23550,PE,0.0,0.0,0.0,158.5,11.65,0,25,0,25017.75
2024-08-27,2024-09-05,24550,PE,41.15,44.15,29.1,33.3,33.3,14429,133225,31050,25017.75
2024-08-27,2026-12-31,23000,CE,0.0,0.0,0.0,2020.0,6095.3,0,500,0,25017.75
2024-08-27,2025-03-27,23000,CE,0.0,0.0,0.0,2989.0,3221.7,0,6850,0,25017.75
2024-08-27,2026-06-25,23000,CE,0.0,0.0,0.0,2645.65,5332.9,0,0,0,25017.75
2024-08-27,2024-08-29,24550,CE,484.9,550.1,437.7,473.95,473.95,2533,179775,-3200,25017.75
2024-08-27,2024-10-31,23350,CE,0.0,0.0,0.0,1779.5,2070.9,0,0,0,25017.75
2024-08-27,2024-10-31,23350,PE,102.0,102.0,75.15,79.15,79.15,1065,6950,6650,25017.75
2024-08-27,2024-09-26,23350,PE,34.5,35.2,30.0,30.0,29.45,58,3075,-525,25017.75
2024-08-27,2026-12-31,26000,CE,0.0,0.0,0.0,1631.05,4243.85,0,0,0,25017.75
2024-08-27,2024-09-05,26000,CE,3.8,4.45,2.5,2.75,2.75,44628,706425,197400,25017.75
2024-08-27,2025-03-27,26000,CE,950.45,975.8,920.0,947.3,947.3,270,59875,2800,25017.75
2024-08-27,2025-06-26,26000,PE,0.0,0.0,0.0,7299.0,1246.0,0,0,0,25017.75
2024-08-27,2025-12-24,26000,CE,2193.0,2250.0,2193.0,2201.85,2201.85,46,14450,525,25017.75
2024-08-27,2024-09-05,26000,PE,932.45,956.8,873.0,935.6,935.6,116,7300,750,25017.75
2024-08-27,2024-09-26,26000,CE,59.95,60.0,47.05,49.25,49.25,75081,2560650,268225,25017.75
2024-08-27,2024-09-12,26000,CE,16.0,16.35,10.9,12.2,12.2,9764,119675,32925,25017.75
2024-08-27,2027-06-24,26000,CE,0.0,0.0,0.0,1900.85,4939.45,0,0,0,25017.75
2024-08-27,2026-06-25,26000,CE,0.0,0.0,0.0,1343.15,3457.25,0,0,0,25017.75
2024-08-27,2024-10-31,26000,PE,903.9,932.0,873.95,914.35,914.35,835,58750,2975,25017.75
2024-08-27,2028-12-28,26000,PE,0.0,0.0,0.0,1160.95,911.15,0,0,0,25017.75
2024-08-27,2028-06-29,26000,CE,0.0,0.0,0.0,3200.9,6323.35,0,0,0,25017.75
2024-08-27,2024-10-31,24200,PE,187.75,194.75,174.0,183.7,183.7,1079,45175,12800,25017.75
2024-08-27,2024-09-05,24200,PE,16.35,17.95,10.9,12.0,12.0,43165,437725,130450,25017.75
2024-08-27,2024-08-29,20750,PE,1.0,1.0,0.4,0.45,0.45,1038,13525,2625,25017.75
2024-08-27,2024-08-29,20750,CE,0.0,0.0,0.0,4088.95,4275.8,0,400,0,25017.75
2024-08-27,2027-06-24,30000,CE,0.0,0.0,0.0,1478.4,3062.65,0,0,0,25017.75
2024-08-27,2024-09-26,23300,CE,1880.0,1900.0,1850.0,1850.0,1879.4,11,2225,225,25017.75
2024-08-27,2025-03-27,30000,CE,118.0,118.0,94.25,95.0,95.0,29,1450,225,25017.75
2024-08-27,2024-08-29,23300,PE,1.8,1.8,0.9,1.1,1.1,123291,1389125,-218350,25017.75
2024-08-27,2024-10-03,23300,PE,50.0,50.0,50.0,50.0,39.75,4,125,100,25017.75
2024-08-27,2027-12-30,30000,CE,0.0,0.0,0.0,1877.7,3748.75,0,0,0,25017.75
2024-08-27,2024-10-31,24250,PE,0.0,0.0,0.0,216.7,278.8,0,1600,0,25017.75
2024-08-27,2024-09-12,24250,CE,900.0,900.0,900.0,900.0,917.5,4,775,100,25017.75
2024-08-27,2024-09-19,24250,PE,0.0,0.0,0.0,472.5,113.6,0,0,0,25017.75
2024-08-27,2024-09-26,24250,PE,110.0,110.0,87.9,97.8,97.8,780,41100,4975,25017.75
2024-08-27,2024-08-29,24250,PE,3.85,3.9,2.0,2.25,2.25,122875,726000,109250,25017.75
2024-08-27,2024-08-29,20550,CE,0.0,0.0,0.0,4284.85,4475.75,0,1900,0,25017.75
2024-08-27,2024-08-29,24250,CE,782.95,846.6,735.75,772.4,772.4,211,109375,-1625,25017.75
2024-08-27,2024-10-03,24250,CE,0.0,0.0,0.0,1019.75,1124.85,0,0,0,25017.75
2024-08-27,2024-09-19,24250,CE,0.0,0.0,0.0,534.45,989.3,0,0,0,25017.75
2024-08-27,2024-09-05,24250,PE,20.85,20.85,12.1,13.55,13.55,17575,193425,88150,25017.75
2024-08-27,2024-10-03,24250,PE,0.0,0.0,0.0,256.25,179.05,0,0,0,25017.75
2024-08-27,2024-08-29,20550,PE,1.0,1.2,0.3,0.35,0.35,2197,20650,5125,25017.75
2024-08-27,2024-09-26,24250,CE,1000.0,1016.75,963.1,1013.6,1057.0,5,5850,25,25017.75
2024-08-27,2024-10-31,25450,PE,0.0,0.0,0.0,1150.25,758.35,0,0,0,25017.75
2024-08-27,2024-09-05,25450,CE,47.6,49.05,30.25,32.85,32.85,27120,144350,55225,25017.75
2024-08-27,2024-09-19,25450,CE,221.2,221.2,139.05,149.05,280.65,29,650,525,25017.75
2024-08-27,2024-09-26,25450,CE,205.55,218.1,182.8,185.75,185.75,907,21675,3000,25017.75
2024-08-27,2024-09-12,23650,PE,9.4,13.9,9.4,13.9,15.75,3,75,50,25017.75
2024-08-27,2024-10-03,23650,PE,0.0,0.0,0.0,118.0,73.2,0,25,0,25017.75
2024-08-27,2026-12-31,13000,PE,0.0,0.0,0.0,21.4,0.75,0,150,0,25017.75
2024-08-27,2025-12-24,13000,PE,0.0,0.0,0.0,20.1,0.05,0,225,0,25017.75
2024-08-27,2024-09-26,23650,PE,44.9,47.8,39.8,42.05,42.05,173,8050,-650,25017.75
2024-08-27,2026-06-25,13000,PE,0.0,0.0,0.0,21.6,0.25,0,200,0,25017.75
2024-08-27,2024-09-12,23650,CE,0.0,0.0,0.0,875.4,1456.8,0,0,0,25017.75
2024-08-27,2024-09-19,23650,CE,0.0,0.0,0.0,893.3,1506.8,0,0,0,25017.75
2024-08-27,2024-09-26,24700,PE,185.6,196.15,164.1,186.85,186.85,21806,499050,6250,25017.75
2024-08-27,2025-12-24,25000,CE,2885.15,2939.45,2770.0,2815.85,2815.85,87,21525,1025,25017.75
2024-08-27,2024-10-31,25000,CE,715.0,715.0,642.0,652.9,652.9,4996,375575,22650,25017.75
2024-08-27,2024-10-31,25000,PE,405.05,409.0,375.0,398.4,398.4,7050,449600,38525,25017.75
2024-08-27,2025-06-26,25000,CE,1943.95,1950.0,1927.7,1933.0,2329.95,28,2975,-675,25017.75
2024-08-27,2026-06-25,25000,PE,0.0,0.0,0.0,6063.1,901.45,0,0,0,25017.75
2024-08-27,2024-09-05,25800,PE,733.15,742.0,670.55,734.85,734.85,78,1050,350,25017.75
2024-08-27,2024-09-12,25000,PE,198.1,214.65,170.2,194.65,194.65,16410,193575,38675,25017.75
2024-08-27,2024-12-26,25000,CE,1000.25,1045.2,990.0,996.85,996.85,4798,1212750,-10950,25017.75
2024-08-27,2024-09-19,25800,CE,0.0,0.0,0.0,62.15,171.2,0,800,0,25017.75
2024-08-27,2025-03-27,25000,PE,674.95,686.05,650.1,674.7,674.7,1007,130725,16675,25017.75
2024-08-27,2028-06-29,25000,PE,0.0,0.0,0.0,2016.8,770.6,0,0,0,25017.75
2024-08-27,2027-06-24,25000,CE,0.0,0.0,0.0,2090.05,5509.65,0,0,0,25017.75
2024-08-27,2024-10-03,25800,CE,0.0,0.0,0.0,268.35,291.75,0,0,0,25017.75
2024-08-27,2029-06-28,25000,PE,0.0,0.0,0.0,852.5,687.4,0,0,0,25017.75
2024-08-27,2024-09-05,25000,CE,233.0,252.0,193.5,202.75,202.75,240759,1337100,397275,25017.75
2024-08-27,2024-10-03,23700,CE,0.0,0.0,0.0,1435.85,1571.15,0,0,0,25017.75
2024-08-27,2024-09-12,23700,CE,0.0,0.0,0.0,841.8,1409.45,0,0,0,25017.75
2024-08-27,2024-09-19,23700,PE,0.0,0.0,0.0,251.15,37.8,0,0,0,25017.75
2024-08-27,2024-09-12,23700,PE,15.75,17.65,11.85,13.1,13.1,475,28975,875,25017.75
2024-08-27,2024-10-31,23700,PE,117.0,117.95,105.5,110.7,110.7,371,24700,2375,25017.75
2024-08-27,2024-09-05,23700,CE,1368.95,1410.0,1368.95,1398.0,1362.95,52,2150,1250,25017.75
2024-08-27,2024-09-26,23700,PE,53.0,53.0,41.5,45.3,45.3,10978,331875,30825,25017.75
2024-08-27,2024-10-03,23750,CE,0.0,0.0,0.0,1395.35,1528.15,0,0,0,25017.75
2024-08-27,2024-08-29,23750,PE,2.3,2.35,1.4,1.6,1.6,57108,366275,-21025,25017.75
2024-08-27,2025-12-24,16500,PE,0.0,0.0,0.0,44.6,4.45,0,2600,0,25017.75
2024-08-27,2024-09-26,23750,PE,49.75,52.95,44.9,47.8,47.8,556,12825,725,25017.75
2024-08-27,2024-10-31,25200,PE,479.95,488.0,448.3,474.35,474.35,216,5500,1700,25017.75
2024-08-27,2024-09-26,25200,PE,360.0,381.95,330.0,369.3,369.3,17904,279875,124225,25017.75
2024-08-27,2024-09-05,25200,CE,124.0,137.5,96.0,102.6,102.6,102379,624175,223975,25017.75
2024-08-27,2024-09-19,25200,PE,0.0,0.0,0.0,1070.6,454.95,0,0,0,25017.75
2024-08-27,2024-08-29,25200,CE,29.2,37.5,14.9,17.8,17.8,2853047,5213800,608500,25017.75
2024-08-27,2024-09-12,25200,PE,292.45,310.45,255.15,288.55,288.55,2266,20150,6300,25017.75
2024-08-27,2024-08-29,25200,PE,190.75,241.0,142.95,199.2,199.2,680649,847350,216125,25017.75
2024-08-27,2024-09-12,25200,CE,206.05,216.0,172.5,178.6,178.6,6324,66575,15575,25017.75
2024-08-27,2024-10-31,25200,CE,555.0,576.05,528.0,536.45,536.45,248,12350,2300,25017.75
2024-08-27,2024-09-05,25200,PE,195.0,267.65,195.0,235.95,235.95,38218,172750,89400,25017.75
2024-08-27,2024-09-26,25200,CE,317.0,342.8,292.25,298.35,298.35,18290,396575,44900,25017.75
2024-08-27,2024-10-03,25200,CE,370.0,422.25,357.0,360.55,360.55,20,425,400,25017.75
2024-08-27,2024-10-03,25200,PE,0.0,0.0,0.0,410.0,529.2,0,150,0,25017.75
2024-08-27,2024-09-19,25200,CE,266.0,283.3,216.0,243.2,243.2,63,1175,425,25017.75
2024-08-27,2024-08-29,23200,CE,1817.5,1880.0,1817.5,1860.0,1826.75,22,23800,-100,25017.75
2024-08-27,2024-09-19,23200,CE,0.0,0.0,0.0,1229.75,1932.1,0,0,0,25017.75
2024-08-27,2024-10-03,23200,PE,0.0,0.0,0.0,59.55,32.95,0,0,0,25017.75
2024-08-27,2024-10-31,23200,CE,0.0,0.0,0.0,1580.0,2201.1,0,50,0,25017.75
2024-08-27,2024-09-26,23200,PE,28.5,28.6,24.35,26.1,26.1,6405,308600,6150,25017.75
2024-08-27,2024-09-26,23200,CE,1934.0,2010.85,1934.0,1980.0,1973.65,42,14125,1025,25017.75
2024-08-27,2024-08-29,22700,CE,2320.0,2373.85,2300.0,2312.95,2312.95,41,5800,-875,25017.75
2024-08-27,2024-09-26,22700,CE,2450.0,2470.0,2420.0,2420.0,2420.0,12,1650,275,25017.75
2024-08-27,2024-08-29,21450,PE,0.85,1.0,0.4,0.55,0.55,553,8175,3425,25017.75
2024-08-27,2024-08-29,22900,PE,2.25,3.35,0.8,0.95,0.95,23505,323675,-34525,25017.75
2024-08-27,2024-09-12,22900,PE,0.0,0.0,0.0,81.0,1.2,0,0,0,25017.75
2024-08-27,2024-09-05,22900,PE,3.6,3.85,2.55,2.65,2.65,1756,34950,24225,25017.75
2024-08-27,2024-09-19,26750,CE,16.15,16.15,4.05,5.05,5.05,142,2675,2675,25017.75
2024-08-27,2024-09-12,26750,PE,0.0,0.0,0.0,2464.4,1661.5,0,0,0,25017.75
2024-08-27,2024-09-12,26750,CE,4.45,4.65,3.75,4.0,4.0,25,600,600,25017.75
2024-08-27,2024-08-29,21600,PE,1.65,1.75,0.4,0.55,0.55,3381,48050,16175,25017.75
2024-08-27,2024-08-29,26750,CE,0.5,0.65,0.2,0.3,0.3,209654,2095750,-371025,25017.75
2024-08-27,2024-09-05,26600,CE,1.45,1.95,1.35,1.45,1.45,491,14275,3050,25017.75
2024-08-27,2024-10-31,26050,PE,0.0,0.0,0.0,1543.85,1115.1,0,0,0,25017.75
2024-08-27,2029-06-28,21000,CE,0.0,0.0,0.0,9799.75,10483.35,0,0,0,25017.75
2024-08-27,2025-06-26,21000,CE,0.0,0.0,0.0,3199.45,5336.85,0,0,0,25017.75
2024-08-27,2024-08-29,26050,CE,0.85,0.9,0.45,0.5,0.5,32512,279250,13075,25017.75
2024-08-27,2024-09-26,26050,CE,42.3,50.65,40.05,40.7,40.7,801,21075,5250,25017.75
2024-08-27,2024-09-05,26700,CE,1.7,1.7,1.25,1.3,1.3,1769,34900,-825,25017.75
2024-08-27,2024-10-31,26700,PE,1397.2,1450.0,1397.2,1400.15,1580.65,9,400,200,25017.75
2024-08-27,2027-12-30,19000,CE,0.0,0.0,0.0,5794.9,10224.7,0,0,0,25017.75
2024-08-27,2028-06-29,19000,PE,0.0,0.0,0.0,537.45,114.6,0,0,0,25017.75
2024-08-27,2025-03-27,19000,CE,0.0,0.0,0.0,4745.3,6808.95,0,0,0,25017.75
2024-08-27,2027-12-30,19000,PE,0.0,0.0,0.0,204.7,108.15,0,775,0,25017.75
2024-08-27,2029-06-28,19000,CE,0.0,0.0,0.0,11036.95,11772.0,0,0,0,25017.75
2024-08-27,2025-12-24,19000,CE,7450.05,7450.05,7450.05,7450.05,7450.05,1,3175,-25,25017.75
2024-08-27,2025-06-26,19000,CE,0.0,0.0,0.0,3077.9,7146.05,0,0,0,25017.75
2024-08-27,2024-09-26,19000,CE,6100.0,6145.0,6080.0,6105.4,6105.4,680,130150,-850,25017.75
2024-08-27,2026-06-25,19000,PE,0.0,0.0,0.0,160.05,64.6,0,175,0,25017.75
2024-08-27,2026-06-25,19000,CE,0.0,0.0,0.0,5792.0,8446.05,0,100,0,25017.75
2024-08-27,2026-12-31,19000,PE,0.0,0.0,0.0,234.95,84.25,0,2425,0,25017.75
2024-08-27,2027-06-24,19000,CE,0.0,0.0,0.0,7800.0,9642.75,0,100,0,25017.75
2024-08-27,2024-09-19,25150,CE,295.8,299.65,270.0,270.65,270.65,15,175,175,25017.75
2024-08-27,2024-09-19,25150,PE,0.0,0.0,0.0,1032.9,428.75,0,0,0,25017.75
2024-08-27,2024-10-31,26200,PE,1050.0,1050.0,1050.0,1050.0,1215.7,1,75,25,25017.75
2024-08-27,2024-10-03,26200,PE,0.0,0.0,0.0,1342.75,1174.3,0,0,0,25017.75
2024-08-27,2024-09-19,26200,PE,0.0,0.0,0.0,1919.6,1155.9,0,0,0,25017.75
2024-08-27,2024-09-05,26550,CE,1.6,2.05,1.3,1.3,1.3,196,7450,1225,25017.75
2024-08-27,2024-09-05,26550,PE,0.0,0.0,0.0,1458.5,1489.25,0,0,0,25017.75
2024-08-27,2024-10-31,23900,PE,147.6,147.6,124.8,134.1,134.1,697,31900,10725,25017.75
2024-08-27,2024-09-19,23900,PE,0.0,0.0,0.0,320.95,58.0,0,0,0,25017.75
2024-08-27,2024-09-05,23900,CE,0.0,0.0,0.0,1200.15,1168.45,0,3725,0,25017.75
2024-08-27,2024-09-12,23900,CE,0.0,0.0,0.0,600.4,1223.55,0,1000,0,25017.75
2024-08-27,2024-08-29,21200,PE,1.6,1.6,0.4,0.6,0.6,2917,30725,9200,25017.75
2024-08-27,2024-09-26,23900,PE,65.0,65.4,53.35,57.95,57.95,9631,376250,70300,25017.75
2024-08-27,2024-08-29,23900,CE,1127.7,1195.0,1098.25,1109.9,1109.9,591,49100,-7375,25017.75
2024-08-27,2024-08-29,21200,CE,3800.0,3892.0,3800.0,3810.0,3826.0,9,675,-100,25017.75
2024-08-27,2024-10-03,23900,PE,0.0,0.0,0.0,166.35,108.6,0,0,0,25017.75
2024-08-27,2024-09-19,24150,CE,0.0,0.0,0.0,610.5,1069.95,0,0,0,25017.75
2024-08-27,2024-09-05,24150,CE,0.0,0.0,0.0,945.8,932.95,0,2375,0,25017.75
2024-08-27,2024-09-05,24150,PE,15.9,15.9,9.6,10.6,10.6,5744,67125,13825,25017.75
2024-08-27,2024-09-26,24150,PE,88.5,92.05,76.75,83.8,83.8,328,13800,550,25017.75
2024-08-27,2024-08-29,24150,CE,856.0,942.75,856.0,869.3,869.3,215,108225,-3250,25017.75
2024-08-27,2024-10-03,24150,PE,0.0,0.0,0.0,227.55,156.15,0,0,0,25017.75
2024-08-27,2024-09-12,24150,CE,0.0,0.0,0.0,985.45,1001.85,0,100,0,25017.75
2024-08-27,2024-08-29,25300,CE,10.65,18.85,5.0,5.85,5.85,2029347,6504500,2489425,25017.75
2024-08-27,2024-10-31,25300,PE,514.05,536.75,490.0,514.2,514.2,520,10650,7150,25017.75
2024-08-27,2024-09-26,25300,CE,260.0,288.55,243.0,250.0,250.0,13657,342300,31250,25017.75
2024-08-27,2024-09-26,22750,CE,0.0,0.0,0.0,1850.0,2407.05,0,125,0,25017.75
2024-08-27,2024-09-05,23950,PE,12.0,12.0,6.95,7.3,7.3,4310,64575,27700,25017.75
2024-08-27,2024-09-26,22250,CE,2860.0,2905.0,2855.0,2861.35,2861.35,272,6650,6200,25017.75
2024-08-27,2024-09-05,22250,PE,2.8,3.0,2.15,2.3,2.3,660,32075,9225,25017.75
2024-08-27,2024-09-19,24550,CE,0.0,0.0,0.0,510.0,764.6,0,50,0,25017.75
2024-08-27,2024-10-31,24550,CE,0.0,0.0,0.0,787.65,1153.4,0,125,0,25017.75
2024-08-27,2024-12-26,18500,CE,0.0,0.0,0.0,6400.0,6958.5,0,1050,0,25017.75
2024-08-27,2024-09-26,23000,CE,2160.0,2218.0,2110.85,2136.2,2136.2,4577,459525,67950,25017.75
2024-08-27,2027-12-30,23000,PE,0.0,0.0,0.0,2201.3,468.7,0,0,0,25017.75
2024-08-27,2029-06-28,23000,PE,0.0,0.0,0.0,543.65,422.85,0,0,0,25017.75
2024-08-27,2025-12-24,23000,CE,4170.0,4189.9,4150.9,4150.9,4150.9,20,6175,125,25017.75
2024-08-27,2024-10-03,24550,CE,961.8,961.8,961.8,961.8,910.35,1,25,25,25017.75
2024-08-27,2028-12-28,23000,PE,0.0,0.0,0.0,575.05,440.85,0,0,0,25017.75
2024-08-27,2025-06-26,23000,CE,0.0,0.0,0.0,3530.2,3689.65,0,50,0,25017.75
2024-08-27,2024-09-05,23000,CE,2065.0,2131.0,2035.1,2061.3,2061.3,203,6000,4250,25017.75
2024-08-27,2024-09-19,23550,PE,0.0,0.0,0.0,206.35,26.75,0,0,0,25017.75
2024-08-27,2024-10-31,24550,PE,0.0,0.0,0.0,676.15,369.85,0,0,0,25017.75
2024-08-27,2025-12-24,23000,PE,499.9,499.9,477.05,494.1,494.1,102,116325,1725,25017.75
2024-08-27,2029-06-28,23000,CE,0.0,0.0,0.0,8636.0,9261.1,0,0,0,25017.75
2024-08-27,2026-06-25,23000,PE,0.0,0.0,0.0,425.05,453.8,0,175,0,25017.75
2024-08-27,2024-09-05,24550,CE,551.85,613.0,535.8,544.65,544.65,185,6550,775,25017.75
2024-08-27,2024-12-26,23000,PE,175.0,177.65,160.4,164.3,164.3,6481,2230625,14050,25017.75
2024-08-27,2028-06-29,23000,PE,0.0,0.0,0.0,1399.25,456.6,0,0,0,25017.75
2024-08-27,2024-10-31,25550,PE,0.0,0.0,0.0,1211.8,812.55,0,0,0,25017.75
2024-08-27,2024-08-29,25550,PE,530.95,568.9,466.25,531.95,531.95,788,4950,2500,25017.75
2024-08-27,2024-09-26,25500,PE,525.05,551.55,480.85,531.0,531.0,9625,291975,20050,25017.75
2024-08-27,2024-09-19,25500,CE,133.65,145.0,117.45,123.0,123.0,1342,28300,12175,25017.75
2024-08-27,2024-09-19,26250,CE,0.0,0.0,0.0,54.05,82.85,0,25,0,25017.75
2024-08-27,2024-09-19,26250,PE,0.0,0.0,0.0,1965.75,1198.25,0,0,0,25017.75
2024-08-27,2026-12-31,17000,PE,0.0,0.0,0.0,66.45,25.2,0,3000,0,25017.75
2024-08-27,2024-12-26,17000,CE,8250.0,8250.1,8250.0,8250.1,8422.6,2,20925,-25,25017.75
2024-08-27,2024-09-12,23800,CE,1300.0,1300.0,1300.0,1300.0,1300.0,1,25,25,25017.75
2024-08-27,2025-06-26,17000,CE,0.0,0.0,0.0,7325.0,9014.85,0,2800,0,25017.75
2024-08-27,2025-12-24,17000,CE,0.0,0.0,0.0,5080.0,9587.45,0,650,0,25017.75
2024-08-27,2024-09-12,23350,PE,14.45,14.45,14.45,14.45,6.1,1,50,25,25017.75
2024-08-27,2024-10-03,23350,PE,46.65,46.65,46.65,46.65,43.55,1,25,25,25017.75
2024-08-27,2024-09-12,23350,CE,0.0,0.0,0.0,1091.85,1746.2,0,0,0,25017.75
2024-08-27,2024-09-19,23350,PE,0.0,0.0,0.0,156.25,16.4,0,0,0,25017.75
2024-08-27,2024-08-29,23350,PE,2.5,2.5,1.15,1.25,1.25,12552,164650,-16050,25017.75
2024-08-27,2027-06-24,26000,PE,0.0,0.0,0.0,6202.2,1095.05,0,0,0,25017.75
2024-08-27,2024-08-29,26000,PE,987.2,1020.25,910.0,984.3,984.3,4517,649025,-19850,25017.75
2024-08-27,2029-06-28,26000,PE,0.0,0.0,0.0,1391.75,852.85,0,25,0,25017.75
2024-08-27,2029-06-28,26000,CE,0.0,0.0,0.0,7052.2,7580.7,0,0,0,25017.75
2024-08-27,2024-12-26,26000,PE,966.15,980.0,932.0,969.95,969.95,2350,557425,9700,25017.75
2024-08-27,2025-03-27,26000,PE,1041.95,1080.0,1012.8,1051.5,1051.5,554,45275,4775,25017.75
2024-08-27,2024-10-31,26000,CE,200.0,210.95,180.0,191.35,191.35,3616,350575,15825,25017.75
2024-08-27,2024-10-03,26000,CE,86.0,88.5,77.0,79.3,79.3,319,7625,5150,25017.75
2024-08-27,2028-12-28,26000,CE,0.0,0.0,0.0,4879.7,6963.85,0,0,0,25017.75
2024-08-27,2024-09-26,26000,PE,884.1,928.9,836.15,907.2,907.2,5894,452625,27075,25017.75
2024-08-27,2024-09-19,26000,PE,0.0,0.0,0.0,1737.6,992.2,0,0,0,25017.75
2024-08-27,2027-12-30,26000,PE,0.0,0.0,0.0,3359.75,1031.75,0,0,0,25017.75
2024-08-27,2028-06-29,26000,PE,0.0,0.0,0.0,2370.3,970.75,0,0,0,25017.75
2024-08-27,2025-06-26,26000,CE,0.0,0.0,0.0,811.85,1786.45,0,0,0,25017.75
2024-08-27,2024-12-26,26000,CE,478.7,490.0,455.55,466.1,466.1,5444,1854500,75,25017.75
2024-08-27,2025-12-24,26000,PE,1270.0,1299.5,1240.0,1265.1,1265.1,37,23275,50,25017.75
2024-08-27,2024-09-12,26000,PE,902.0,905.0,876.1,876.1,974.25,10,250,225,25017.75
2024-08-27,2027-06-24,30000,PE,0.0,0.0,0.0,4562.55,2475.7,0,0,0,25017.75
2024-08-27,2024-09-05,23300,CE,0.0,0.0,0.0,1788.0,1758.95,0,75,0,25017.75
2024-08-27,2028-12-28,30000,CE,0.0,0.0,0.0,3293.05,5039.95,0,0,0,25017.75
2024-08-27,2024-12-26,30000,PE,0.0,0.0,0.0,7590.3,4323.35,0,0,0,25017.75
2024-08-27,2024-10-31,23300,PE,80.9,80.9,72.9,73.6,73.6,302,45700,3750,25017.75
2024-08-27,2026-12-31,30000,PE,0.0,0.0,0.0,5003.2,2702.0,0,0,0,25017.75
2024-08-27,2024-10-31,23300,CE,0.0,0.0,0.0,1816.85,2114.0,0,0,0,25017.75
2024-08-27,2027-12-30,30000,PE,0.0,0.0,0.0,4140.9,2259.2,0,0,0,25017.75
2024-08-27,2026-12-31,30000,CE,0.0,0.0,0.0,1131.45,2422.35,0,0,0,25017.75
2024-08-27,2024-09-05,23300,PE,5.3,5.3,3.05,3.7,3.7,2058,80850,8100,25017.75
2024-08-27,2026-06-25,30000,CE,0.0,0.0,0.0,788.0,1732.8,0,0,0,25017.75
2024-08-27,2024-09-12,23300,CE,0.0,0.0,0.0,1130.15,1795.1,0,0,0,25017.75
2024-08-27,2025-06-26,30000,PE,0.0,0.0,0.0,6809.4,3714.05,0,0,0,25017.75
2024-08-27,2026-06-25,30000,PE,0.0,0.0,0.0,5541.2,2982.9,0,0,0,25017.75
2024-08-27,2024-12-26,30000,CE,19.9,20.5,18.85,19.25,19.25,469,46550,5800,25017.75
2024-08-27,2028-06-29,30000,PE,0.0,0.0,0.0,3779.25,2072.9,0,0,0,25017.75
2024-08-27,2024-08-29,23300,CE,1738.4,1776.45,1690.5,1718.05,1726.8,104,22250,-1200,25017.75
2024-08-27,2024-09-19,26300,CE,46.5,46.5,10.2,13.2,13.2,69,1475,1475,25017.75
2024-08-27,2024-09-26,26300,PE,1150.0,1153.6,1126.0,1138.0,1247.85,17,575,300,25017.75
2024-08-27,2024-10-03,26300,PE,0.0,0.0,0.0,1422.85,1252.35,0,0,0,25017.75
2024-08-27,2024-09-05,26300,PE,0.0,0.0,0.0,1252.05,1245.1,0,0,0,25017.75
2024-08-27,2024-09-19,26300,PE,0.0,0.0,0.0,2012.15,1241.1,0,0,0,25017.75
2024-08-27,2024-10-03,24700,CE,0.0,0.0,0.0,711.5,812.25,0,25,0,25017.75
2024-08-27,2024-09-26,24700,CE,643.95,673.6,603.2,614.7,614.7,1977,270275,-1050,25017.75
2024-08-27,2024-10-31,23400,PE,85.0,98.75,77.4,81.75,81.75,301,33425,3600,25017.75
2024-08-27,2024-09-05,23400,PE,6.0,6.0,3.8,4.15,4.15,11206,249650,109500,25017.75
2024-08-27,2024-10-31,23400,CE,0.0,0.0,0.0,1660.0,2028.1,0,50,0,25017.75
2024-08-27,2024-12-26,25000,PE,537.15,548.4,510.0,534.1,534.1,9467,1125625,35900,25017.75
2024-08-27,2024-08-29,25000,CE,120.0,144.0,79.95,89.55,89.55,5362488,8568900,1656700,25017.75
2024-08-27,2024-08-29,25800,CE,1.0,1.0,0.55,0.65,0.65,237350,2226575,10025,25017.75
2024-08-27,2024-10-03,25000,CE,513.45,525.85,470.0,474.35,474.35,176,6250,2175,25017.75
2024-08-27,2026-12-31,25000,PE,0.0,0.0,0.0,5825.75,881.05,0,0,0,25017.75
2024-08-27,2024-09-26,25800,CE,94.1,100.9,80.25,82.8,82.8,20883,787200,52725,25017.75
2024-08-27,2024-09-12,25800,CE,0.0,0.0,0.0,80.35,108.3,0,0,0,25017.75
2024-08-27,2024-09-12,25800,PE,0.0,0.0,0.0,1584.4,810.6,0,0,0,25017.75
2024-08-27,2027-06-24,25000,PE,0.0,0.0,0.0,5619.05,850.9,0,0,0,25017.75
2024-08-27,2024-09-19,25800,PE,0.0,0.0,0.0,1560.55,838.6,0,0,0,25017.75
2024-08-27,2024-08-29,23700,CE,1311.85,1388.0,1295.0,1324.95,1324.95,255,77925,-5225,25017.75
2024-08-27,2024-09-19,23700,CE,0.0,0.0,0.0,859.3,1461.0,0,0,0,25017.75
2024-08-27,2024-08-29,23700,PE,2.55,2.55,1.4,1.5,1.5,140036,1363425,-139500,25017.75
2024-08-27,2024-10-31,23700,CE,0.0,0.0,0.0,1070.0,1778.6,0,25,0,25017.75
2024-08-27,2024-08-29,21500,PE,0.95,1.0,0.5,0.6,0.6,29998,408950,-16525,25017.75
2024-08-27,2024-08-29,21500,CE,3515.0,3588.45,3509.0,3517.75,3517.75,308,28625,-7150,25017.75
2024-08-27,2024-08-29,23750,CE,1288.25,1324.5,1275.9,1276.25,1276.25,35,14150,-650,25017.75
2024-08-27,2025-06-26,20000,CE,0.0,0.0,0.0,3180.85,6228.85,0,0,0,25017.75
2024-08-27,2024-09-12,24950,CE,347.95,365.45,304.05,314.65,314.65,762,5650,1775,25017.75
2024-08-27,2024-10-31,24950,CE,706.55,725.65,681.75,685.6,685.6,47,2575,-750,25017.75
2024-08-27,2024-08-29,24800,PE,25.0,34.6,13.3,18.8,18.8,2070621,7284825,-132225,25017.75
2024-08-27,2024-09-26,24800,PE,225.0,227.15,190.5,214.5,214.5,20140,919825,21575,25017.75
2024-08-27,2024-09-19,24800,CE,485.0,530.0,475.0,475.0,475.0,86,2275,1675,25017.75
2024-08-27,2024-09-05,25850,CE,6.25,6.5,3.85,4.25,4.25,14026,61975,10600,25017.75
2024-08-27,2024-09-19,25850,CE,100.75,100.75,55.2,55.2,159.9,10,200,200,25017.75
2024-08-27,2024-10-03,25850,CE,0.0,0.0,0.0,254.45,276.2,0,0,0,25017.75
2024-08-27,2024-09-19,25750,CE,0.0,0.0,0.0,72.45,184.45,0,75,0,25017.75
2024-08-27,2024-09-05,25750,CE,10.25,10.35,5.8,6.6,6.6,19474,190675,118825,25017.75
2024-08-27,2024-09-26,22650,PE,0.0,0.0,0.0,54.05,5.65,0,325,0,25017.75
2024-08-27,2024-09-12,22650,PE,0.0,0.0,0.0,52.25,0.4,0,0,0,25017.75
2024-08-27,2024-09-05,22650,PE,3.15,3.15,2.3,2.45,2.45,28,3625,0,25017.75
2024-08-27,2024-09-05,22650,CE,0.0,0.0,0.0,2527.1,2407.3,0,0,0,25017.75
2024-08-27,2024-09-19,22650,CE,0.0,0.0,0.0,1700.4,2470.75,0,0,0,25017.75
2024-08-27,2024-08-29,22650,CE,0.0,0.0,0.0,1788.6,2376.55,0,18250,0,25017.75
2024-08-27,2027-12-30,27000,PE,0.0,0.0,0.0,3794.4,1285.9,0,0,0,25017.75
2024-08-27,2028-12-28,27000,PE,0.0,0.0,0.0,1413.85,1118.85,0,0,0,25017.75
2024-08-27,2026-12-31,27000,PE,0.0,0.0,0.0,6522.3,1468.3,0,0,0,25017.75
2024-08-27,2025-06-26,27000,PE,0.0,0.0,0.0,7438.15,1738.1,0,0,0,25017.75
2024-08-27,2029-06-28,27000,PE,0.0,0.0,0.0,1252.35,1042.25,0,0,0,25017.75
2024-08-27,2024-12-26,27000,PE,1615.0,1661.35,1576.65,1636.75,1636.75,363,95825,2150,25017.75
2024-08-27,2026-06-25,27000,CE,0.0,0.0,0.0,1352.8,2943.0,0,0,0,25017.75
2024-08-27,2028-12-28,27000,CE,0.0,0.0,0.0,4437.95,6442.1,0,0,0,25017.75
2024-08-27,2027-06-24,27000,PE,0.0,0.0,0.0,6273.45,1378.55,0,0,0,25017.75
2024-08-27,2028-06-29,27000,PE,0.0,0.0,0.0,2752.35,1200.1,0,0,0,25017.75
2024-08-27,2026-12-31,27000,CE,0.0,0.0,0.0,1651.65,3718.4,0,0,0,25017.75
2024-08-27,2025-03-27,27000,CE,495.05,520.0,490.05,493.0,493.0,189,66600,2175,25017.75
2024-08-27,2025-12-24,27000,PE,1578.0,1594.0,1557.0,1588.0,1588.0,62,11900,1325,25017.75
2024-08-27,2025-12-24,27000,CE,1616.0,1668.0,1580.0,1636.5,1636.5,27,16725,500,25017.75
2024-08-27,2024-09-19,24100,CE,0.0,0.0,0.0,613.85,1111.2,0,0,0,25017.75
2024-08-27,2024-10-31,24100,CE,0.0,0.0,0.0,1163.0,1467.95,0,1950,0,25017.75
2024-08-27,2024-09-26,24100,CE,1139.75,1170.0,1099.55,1104.2,1104.2,166,36575,-500,25017.75
2024-08-27,2024-09-05,25400,CE,59.0,61.55,39.05,42.6,42.6,80938,533075,170900,25017.75
2024-08-27,2024-08-29,24300,PE,4.8,4.8,2.3,2.6,2.6,518409,3668125,487775,25017.75
2024-08-27,2024-09-12,23400,CE,1734.05,1734.05,1734.05,1734.05,1697.5,1,25,25,25017.75
2024-08-27,2024-09-05,23400,CE,1690.0,1710.0,1690.0,1700.0,1659.45,28,750,700,25017.75
2024-08-27,2024-10-03,23400,PE,0.0,0.0,0.0,81.75,47.65,0,75,0,25017.75
2024-08-27,2024-10-03,25250,CE,0.0,0.0,0.0,461.15,508.05,0,0,0,25017.75
2024-08-27,2024-08-29,25250,PE,244.7,283.5,178.3,242.25,242.25,138174,247700,152025,25017.75
2024-08-27,2024-08-29,25250,CE,27.9,27.9,8.6,10.5,10.5,1538161,2380450,525475,25017.75
2024-08-27,2024-09-05,24850,PE,95.35,105.95,72.45,86.25,86.25,23953,119900,-6650,25017.75
2024-08-27,2024-09-26,23450,CE,0.0,0.0,0.0,1205.9,1740.0,0,100,0,25017.75
2024-08-27,2024-09-05,23450,PE,5.0,6.7,3.5,3.75,3.75,967,25050,15275,25017.75
2024-08-27,2024-09-26,25750,CE,102.0,111.85,90.9,93.45,93.45,1159,31625,4275,25017.75
2024-08-27,2024-08-29,25750,CE,2.25,2.25,0.6,0.7,0.7,69694,401725,21925,25017.75
2024-08-27,2024-09-26,25750,PE,0.0,0.0,0.0,694.15,829.6,0,1525,0,25017.75
2024-08-27,2024-09-05,24100,CE,955.0,1023.05,955.0,969.0,969.0,58,14075,-325,25017.75
2024-08-27,2024-08-29,24100,CE,951.25,990.9,882.5,918.85,918.85,1519,442875,-7325,25017.75
2024-08-27,2024-08-29,22750,PE,2.05,2.15,0.65,0.9,0.9,6944,46600,-1650,25017.75
2024-08-27,2024-09-12,22750,CE,0.0,0.0,0.0,1587.4,2338.9,0,0,0,25017.75
2024-08-27,2024-10-03,25350,PE,0.0,0.0,0.0,747.65,608.4,0,0,0,25017.75
2024-08-27,2024-09-26,25350,CE,250.55,263.45,218.3,227.0,227.0,586,21025,2525,25017.75
2024-08-27,2024-09-26,25350,PE,445.0,453.5,404.05,441.95,441.95,353,13975,3250,25017.75
2024-08-27,2026-12-31,12000,PE,0.0,0.0,0.0,21.15,0.2,0,600,0,25017.75
2024-08-27,2026-06-25,12000,CE,0.0,0.0,0.0,8690.0,14510.7,0,50,0,25017.75
2024-08-27,2026-06-25,12000,PE,0.0,0.0,0.0,20.1,0.05,0,500,0,25017.75
2024-08-27,2025-12-24,28000,PE,0.0,0.0,0.0,6856.45,2143.35,0,0,0,25017.75
2024-08-27,2024-12-26,28000,CE,61.05,61.85,56.6,57.85,57.85,1295,377050,3475,25017.75
2024-08-27,2026-06-25,28000,PE,0.0,0.0,0.0,6532.55,1984.2,0,0,0,25017.75
2024-08-27,2027-06-24,28000,CE,0.0,0.0,0.0,2186.3,3919.65,0,0,0,25017.75
2024-08-27,2024-09-26,22700,PE,19.65,21.6,17.6,18.05,18.05,6939,138425,-10675,25017.75
2024-08-27,2024-09-12,22700,CE,0.0,0.0,0.0,1631.7,2388.6,0,0,0,25017.75
2024-08-27,2024-08-29,20950,CE,0.0,0.0,0.0,3885.8,4075.9,0,350,0,25017.75
2024-08-27,2024-08-29,20250,PE,0.45,0.95,0.35,0.45,0.45,54854,1038275,-165075,25017.75
2024-08-27,2024-08-29,20150,CE,0.0,0.0,0.0,4891.0,4875.6,0,53925,0,25017.75
2024-08-27,2024-09-05,22600,PE,3.35,3.75,2.2,2.6,2.6,154,2575,-2175,25017.75
2024-08-27,2024-10-31,23250,CE,0.0,0.0,0.0,1854.55,2157.4,0,0,0,25017.75
2024-08-27,2024-10-31,23250,PE,0.0,0.0,0.0,247.8,90.6,0,0,0,25017.75
2024-08-27,2024-09-05,22600,CE,2500.0,2500.0,2495.0,2495.0,2457.2,3,100,75,25017.75
2024-08-27,2024-09-26,23250,CE,0.0,0.0,0.0,1813.65,1926.4,0,50,0,25017.75
2024-08-27,2024-09-26,22600,CE,2525.0,2525.0,2500.05,2500.05,2500.05,3,325,25,25017.75
2024-08-27,2024-09-26,23250,PE,31.2,32.1,26.0,26.85,26.85,495,7500,2775,25017.75
2024-08-27,2024-08-29,22600,CE,2410.0,2469.15,2410.0,2427.2,2427.2,24,4875,-550,25017.75
2024-08-27,2024-10-31,22600,CE,0.0,0.0,0.0,2120.0,2745.05,0,125,0,25017.75
2024-08-27,2024-10-03,23250,CE,0.0,0.0,0.0,1819.75,1974.7,0,0,0,25017.75
2024-08-27,2024-09-12,23250,CE,0.0,0.0,0.0,1169.1,1844.15,0,0,0,25017.75
2024-08-27,2024-09-19,22600,PE,3.15,3.15,3.15,3.15,1.85,2,575,0,25017.75
2024-08-27,2024-09-12,23250,PE,8.0,8.25,8.0,8.05,8.05,19,425,425,25017.75
2024-08-27,2024-10-31,23050,CE,0.0,0.0,0.0,2009.05,2333.85,0,0,0,25017.75
2024-08-27,2024-09-26,23050,PE,0.0,0.0,0.0,26.05,15.15,0,2250,0,25017.75
2024-08-27,2024-10-03,24600,CE,0.0,0.0,0.0,793.35,876.95,0,0,0,25017.75
2024-08-27,2024-09-26,24600,CE,724.55,751.35,675.0,694.2,694.2,1297,130400,-1250,25017.75
2024-08-27,2027-12-30,22000,CE,0.0,0.0,0.0,4499.55,8105.95,0,0,0,25017.75
2024-08-27,2026-12-31,24000,CE,0.0,0.0,0.0,2010.65,5434.9,0,0,0,25017.75
2024-08-27,2026-12-31,22000,CE,0.0,0.0,0.0,3039.0,6794.7,0,0,0,25017.75
2024-08-27,2025-12-24,24000,PE,715.0,718.0,689.0,711.85,711.85,180,107200,2800,25017.75
2024-08-27,2025-03-27,22000,PE,160.55,163.0,150.0,155.8,155.8,383,114200,1225,25017.75
2024-08-27,2026-12-31,15000,PE,0.0,0.0,0.0,37.8,5.4,0,2150,0,25017.75
2024-08-27,2024-12-26,15000,CE,10100.0,10177.7,10080.0,10100.0,10374.95,16,15700,0,25017.75
2024-08-27,2026-06-25,15000,PE,0.0,0.0,0.0,31.3,2.6,0,850,0,25017.75
2024-08-27,2024-09-05,26100,CE,3.0,3.55,2.2,2.45,2.45,4327,67675,32100,25017.75
2024-08-27,2024-09-12,26100,PE,0.0,0.0,0.0,1852.85,1060.1,0,0,0,25017.75
2024-08-27,2024-09-12,25400,CE,115.0,126.45,96.05,100.7,100.7,5440,53425,14100,25017.75
2024-08-27,2024-10-31,25400,CE,432.0,471.85,421.95,423.5,423.5,145,6400,275,25017.75
2024-08-27,2024-09-26,24300,PE,110.0,113.9,93.0,103.3,103.3,20516,600475,-72775,25017.75
2024-08-27,2024-10-03,25400,PE,0.0,0.0,0.0,777.8,636.3,0,0,0,25017.75
2024-08-27,2024-10-03,25400,CE,0.0,0.0,0.0,400.9,440.55,0,0,0,25017.75
2024-08-27,2024-10-31,24300,CE,1160.0,1191.7,1160.0,1172.8,1323.05,16,4775,-75,25017.75
2024-08-27,2024-09-19,24900,PE,219.85,219.85,185.5,204.95,204.95,169,3575,575,25017.75
2024-08-27,2024-10-03,24900,PE,280.0,282.55,247.65,277.45,390.8,6,50,25,25017.75
2024-08-27,2024-09-05,26200,CE,2.85,2.95,1.95,2.3,2.3,4886,57325,22550,25017.75
2024-08-27,2024-09-05,26200,PE,1075.0,1075.0,1075.0,1075.0,1149.05,2,50,50,25017.75
2024-08-27,2024-10-31,26200,CE,0.0,0.0,0.0,364.85,370.5,0,0,0,25017.75
2024-08-27,2024-09-12,26200,CE,7.7,8.6,5.5,5.9,5.9,895,36050,2750,25017.75
2024-08-27,2026-12-31,18000,PE,0.0,0.0,0.0,135.05,47.8,0,5275,0,25017.75
2024-08-27,2024-08-29,23900,PE,3.0,3.0,1.5,1.7,1.7,211642,1410125,-148000,25017.75
2024-08-27,2024-10-31,23900,CE,0.0,0.0,0.0,1394.7,1619.9,0,0,0,25017.75
2024-08-27,2024-10-03,23900,CE,0.0,0.0,0.0,1276.95,1401.85,0,0,0,25017.75
2024-08-27,2024-09-26,23900,CE,1309.0,1340.0,1277.75,1277.75,1277.75,188,7075,2400,25017.75
2024-08-27,2024-09-12,23900,PE,0.0,0.0,0.0,331.85,31.75,0,0,0,25017.75
2024-08-27,2024-09-19,23900,CE,1348.9,1348.9,1214.05,1214.05,1282.15,4,50,50,25017.75
2024-08-27,2024-09-05,23900,PE,9.65,9.75,6.65,6.9,6.9,13561,171225,22600,25017.75
2024-08-27,2024-09-19,24150,PE,0.0,0.0,0.0,425.3,94.7,0,0,0,25017.75
2024-08-27,2024-09-12,25550,CE,103.45,103.45,60.35,60.45,60.45,142,2575,2575,25017.75
2024-08-27,2024-10-31,25550,CE,0.0,0.0,0.0,391.4,608.95,0,100,0,25017.75
2024-08-27,2024-09-19,25550,PE,0.0,0.0,0.0,1347.75,663.75,0,0,0,25017.75
2024-08-27,2024-09-19,25550,CE,250.0,250.0,246.25,246.25,245.25,3,75,75,25017.75
2024-08-27,2024-09-05,25550,PE,483.0,498.75,469.2,498.15,498.15,11,275,175,25017.75
2024-08-27,2024-09-05,25550,CE,30.0,30.0,17.45,19.9,19.9,40409,255275,180175,25017.75
2024-08-27,2024-10-31,26250,CE,0.0,0.0,0.0,352.25,355.6,0,0,0,25017.75
2024-08-27,2024-09-05,26250,PE,0.0,0.0,0.0,1212.2,1196.95,0,0,0,25017.75
2024-08-27,2024-09-05,26250,CE,2.8,2.85,1.9,2.1,2.1,650,8275,750,25017.75
2024-08-27,2024-10-03,26250,CE,0.0,0.0,0.0,162.75,173.55,0,0,0,25017.75
2024-08-27,2024-08-29,26250,PE,0.0,0.0,0.0,1409.85,1222.1,0,2400,0,25017.75
2024-08-27,2024-09-12,26250,PE,0.0,0.0,0.0,1990.95,1193.0,0,0,0,25017.75
2024-08-27,2024-09-12,26250,CE,8.0,9.0,5.0,6.1,6.1,41,2625,300,25017.75
2024-08-27,2024-08-29,26250,CE,0.8,0.8,0.25,0.3,0.3,47356,280800,78900,25017.75
2024-08-27,2024-09-26,26250,PE,0.0,0.0,0.0,1288.0,1206.95,0,125,0,25017.75
2024-08-27,2024-10-03,26250,PE,0.0,0.0,0.0,1382.55,1213.05,0,0,0,25017.75
2024-08-27,2024-09-26,26250,CE,0.0,0.0,0.0,131.05,127.0,0,100,0,25017.75
2024-08-27,2024-10-31,26250,PE,0.0,0.0,0.0,1687.35,1250.2,0,0,0,25017.75
2024-08-27,2024-08-29,23850,CE,1200.0,1213.7,1164.15,1213.7,1177.0,10,47550,-150,25017.75
2024-08-27,2024-09-26,23850,CE,0.0,0.0,0.0,1360.0,1383.3,0,225,0,25017.75
2024-08-27,2024-10-03,24300,CE,0.0,0.0,0.0,985.45,1088.5,0,0,0,25017.75
2024-08-27,2024-09-19,24300,CE,0.0,0.0,0.0,870.0,950.0,0,300,0,25017.75
2024-08-27,2024-10-31,24900,CE,765.0,765.1,716.55,722.05,722.05,145,8100,375,25017.75
2024-08-27,2024-09-12,24900,CE,370.0,400.0,338.0,345.55,345.55,1896,23800,1900,25017.75
2024-08-27,2024-08-29,20850,PE,1.15,1.25,0.3,0.45,0.45,1284,14625,6650,25017.75
2024-08-27,2024-09-26,24350,CE,925.25,938.75,895.75,895.75,895.75,78,8450,1550,25017.75
2024-08-27,2024-09-26,24350,PE,113.35,122.7,101.5,111.05,111.05,621,34625,-100,25017.75
2024-08-27,2024-08-29,21300,PE,0.75,1.15,0.35,0.55,0.55,3164,37325,-4025,25017.75
2024-08-27,2024-08-29,21250,CE,0.0,0.0,0.0,3586.25,3776.0,0,550,0,25017.75
2024-08-27,2024-09-05,22250,CE,0.0,0.0,0.0,2918.85,2806.6,0,0,0,25017.75
2024-08-27,2024-10-03,24550,PE,0.0,0.0,0.0,357.7,262.35,0,0,0,25017.75
2024-08-27,2024-10-31,23000,PE,67.2,69.55,59.65,61.0,61.0,4363,560200,11200,25017.75
2024-08-27,2024-09-19,24550,PE,145.5,145.5,98.3,115.95,115.95,326,5475,5400,25017.75
2024-08-27,2024-10-03,23550,CE,0.0,0.0,0.0,1560.05,1702.55,0,0,0,25017.75
2024-08-27,2024-09-12,23550,CE,0.0,0.0,0.0,1256.5,1552.35,0,25,0,25017.75
2024-08-27,2024-09-26,24550,CE,754.5,817.85,718.2,732.3,732.3,145,13125,1075,25017.75
2024-08-27,2024-09-12,23000,CE,0.0,0.0,0.0,1372.1,2090.75,0,0,0,25017.75
2024-08-27,2024-09-12,24550,PE,80.55,82.0,62.9,71.3,71.3,158,3950,1800,25017.75
2024-08-27,2024-09-26,24550,PE,162.7,171.25,133.15,148.6,148.6,1121,31650,7025,25017.75
2024-08-27,2024-09-19,23000,CE,0.0,0.0,0.0,1394.45,2126.45,0,0,0,25017.75
2024-08-27,2026-12-31,23000,PE,685.0,685.0,685.0,685.0,472.2,6,12750,-50,25017.75
2024-08-27,2024-09-19,23550,CE,0.0,0.0,0.0,963.45,1599.35,0,0,0,25017.75
2024-08-27,2024-10-31,23550,CE,0.0,0.0,0.0,1634.7,1901.75,0,0,0,25017.75
2024-08-27,2024-08-29,23000,CE,2051.5,2092.0,1988.0,2020.7,2020.7,3374,307000,-59175,25017.75
2024-08-27,2027-12-30,23000,CE,0.0,0.0,0.0,4125.7,7448.15,0,0,0,25017.75
2024-08-27,2027-12-30,15000,PE,0.0,0.0,0.0,37.4,11.45,0,350,0,25017.75
2024-08-27,2025-06-26,15000,PE,0.0,0.0,0.0,20.65,0.1,0,1750,0,25017.75
2024-08-27,2025-12-24,15000,PE,0.0,0.0,0.0,21.6,0.8,0,1175,0,25017.75
2024-08-27,2024-09-12,26100,CE,11.95,11.95,8.05,8.7,8.7,2076,25450,-4350,25017.75
2024-08-27,2024-09-05,26100,PE,0.0,0.0,0.0,1095.8,1054.35,0,0,0,25017.75
2024-08-27,2024-10-03,26100,PE,0.0,0.0,0.0,1264.55,1099.3,0,0,0,25017.75
2024-08-27,2024-09-19,26100,CE,0.0,0.0,0.0,23.65,106.8,0,2275,0,25017.75
2024-08-27,2024-09-19,24200,CE,0.0,0.0,0.0,560.15,1029.3,0,0,0,25017.75
2024-08-27,2024-09-26,25700,CE,130.0,153.0,102.35,106.6,106.6,17456,522925,-58050,25017.75
2024-08-27,2024-09-12,25700,PE,0.0,0.0,0.0,1497.65,733.4,0,0,0,25017.75
2024-08-27,2024-09-19,25700,CE,70.75,84.85,70.0,71.65,71.65,812,27500,12500,25017.75
2024-08-27,2024-08-29,24850,PE,39.95,46.6,18.45,26.2,26.2,1185024,2710850,-313500,25017.75
2024-08-27,2024-09-26,22450,CE,0.0,0.0,0.0,2562.5,2701.3,0,150,0,25017.75
2024-08-27,2024-09-19,22450,CE,0.0,0.0,0.0,1883.25,2668.8,0,0,0,25017.75
2024-08-27,2024-08-29,22300,PE,1.25,1.6,0.7,0.85,0.85,65737,967575,-192600,25017.75
2024-08-27,2024-09-12,22450,PE,0.0,0.0,0.0,9.7,0.2,0,1275,0,25017.75
2024-08-27,2024-08-29,22450,CE,0.0,0.0,0.0,2405.6,2576.5,0,425,0,25017.75
2024-08-27,2024-10-03,24500,CE,0.0,0.0,0.0,848.35,944.45,0,75,0,25017.75
2024-08-27,2024-10-31,24500,PE,264.0,264.0,236.15,250.75,250.75,5613,488100,38925,25017.75
2024-08-27,2024-10-31,24500,CE,1008.05,1057.45,991.25,1001.25,1001.25,525,192250,-3050,25017.75
2024-08-27,2024-09-19,25100,PE,262.65,284.6,255.65,283.5,283.5,128,2450,2450,25017.75
2024-08-27,2024-10-31,25100,CE,623.0,638.8,586.65,597.5,597.5,366,10100,3475,25017.75
2024-08-27,2024-09-19,24600,CE,623.8,685.0,618.65,634.95,634.95,51,1125,-25,25017.75
2024-08-27,2024-09-19,24600,PE,128.85,140.1,107.85,119.15,119.15,197,4525,650,25017.75
2024-08-27,2024-09-05,24000,PE,12.0,12.0,7.75,8.25,8.25,59117,785675,6925,25017.75
2024-08-27,2025-03-27,24000,CE,2231.35,2251.0,2181.05,2181.05,2181.05,57,57825,-125,25017.75
2024-08-27,2024-08-29,24000,CE,1040.0,1096.35,983.6,1018.3,1018.3,19855,1435600,-208125,25017.75
2024-08-27,2028-12-28,22000,PE,0.0,0.0,0.0,580.0,331.4,0,125,0,25017.75
2024-08-27,2029-06-28,24000,CE,0.0,0.0,0.0,8085.35,8679.2,0,0,0,25017.75
2024-08-27,2024-08-29,22000,PE,0.9,1.05,0.45,0.55,0.55,84497,2096725,-107325,25017.75
2024-08-27,2024-08-29,20300,CE,4750.0,4750.0,4750.0,4750.0,4725.65,4,3550,-100,25017.75
2024-08-27,2024-08-29,20300,PE,0.5,0.75,0.25,0.3,0.3,39014,599550,-149125,25017.75
2024-08-27,2024-10-03,26200,CE,0.0,0.0,0.0,172.5,184.45,0,0,0,25017.75
2024-08-27,2024-09-12,26200,PE,0.0,0.0,0.0,1944.65,1148.2,0,0,0,25017.75
2024-08-27,2024-08-29,26200,PE,1155.2,1155.2,1130.0,1140.75,1172.1,16,1725,-200,25017.75
2024-08-27,2024-09-26,26200,CE,28.65,32.35,23.85,25.85,25.85,22718,485300,120575,25017.75
2024-08-27,2024-09-19,26200,CE,0.0,0.0,0.0,45.1,90.3,0,0,0,25017.75
2024-08-27,2024-08-29,26200,CE,0.55,0.55,0.25,0.3,0.3,144720,1700350,331725,25017.75
2024-08-27,2024-09-26,26200,PE,1075.0,1092.15,1031.0,1092.15,1092.15,15,1550,350,25017.75
2024-08-27,2024-10-31,23600,CE,0.0,0.0,0.0,1598.25,1860.35,0,0,0,25017.75
2024-08-27,2024-09-26,23600,PE,44.05,44.5,36.65,39.6,39.6,10000,290325,15700,25017.75
2024-08-27,2024-10-31,23600,PE,105.0,106.0,94.05,99.75,99.75,1708,19275,4425,25017.75
2024-08-27,2024-09-12,23450,PE,0.0,0.0,0.0,24.0,8.5,0,25,0,25017.75
2024-08-27,2024-10-31,25750,PE,0.0,0.0,0.0,1339.85,927.3,0,0,0,25017.75
2024-08-27,2024-10-03,25750,CE,0.0,0.0,0.0,282.8,307.95,0,0,0,25017.75
2024-08-27,2024-10-03,25750,PE,0.0,0.0,0.0,1006.75,851.15,0,0,0,25017.75
2024-08-27,2024-09-19,22650,PE,0.0,0.0,0.0,49.5,2.15,0,0,0,25017.75
2024-08-27,2024-09-26,22650,CE,0.0,0.0,0.0,2373.1,2504.8,0,125,0,25017.75
2024-08-27,2024-10-31,22650,CE,0.0,0.0,0.0,2334.1,2698.55,0,0,0,25017.75
2024-08-27,2024-08-29,20700,CE,0.0,0.0,0.0,4138.35,4325.8,0,5675,0,25017.75
2024-08-27,2024-08-29,20700,PE,1.0,1.2,0.3,0.45,0.45,3526,22350,7575,25017.75
2024-08-27,2024-09-19,26100,PE,0.0,0.0,0.0,1828.05,1072.9,0,0,0,25017.75
2024-08-27,2024-10-03,26100,CE,0.0,0.0,0.0,193.45,208.7,0,0,0,25017.75
2024-08-27,2024-09-19,24300,PE,81.45,81.45,62.6,68.6,68.6,203,5375,500,25017.75
2024-08-27,2024-08-29,25400,CE,6.75,7.05,2.0,2.45,2.45,1864474,5193950,567150,25017.75
2024-08-27,2024-08-29,24300,CE,732.3,796.05,687.0,717.9,717.9,3461,922100,-39375,25017.75
2024-08-27,2024-09-05,25400,PE,375.2,409.0,326.5,381.5,381.5,3508,29250,9650,25017.75
2024-08-27,2024-09-12,24300,CE,819.35,849.0,819.0,834.7,834.7,21,1275,175,25017.75
2024-08-27,2024-09-05,24900,CE,281.95,321.6,255.0,266.95,266.95,41177,289825,-19925,25017.75
2024-08-27,2024-10-03,24900,CE,0.0,0.0,0.0,553.4,691.4,0,100,0,25017.75
2024-08-27,2024-09-19,24900,CE,435.0,460.0,405.0,425.0,540.8,216,4325,1925,25017.75
2024-08-27,2024-09-05,24350,CE,740.0,794.75,712.8,727.15,727.15,242,2600,750,25017.75
2024-08-27,2024-09-05,24350,PE,25.55,26.0,16.3,17.95,17.95,19419,192325,69150,25017.75
2024-08-27,2024-10-03,26550,PE,0.0,0.0,0.0,1630.45,1455.85,0,0,0,25017.75
2024-08-27,2024-09-26,18000,PE,4.0,4.45,3.65,4.0,4.0,36,34300,-200,25017.75
2024-08-27,2025-12-24,18000,CE,0.0,0.0,0.0,8100.0,8690.3,0,5650,0,25017.75
2024-08-27,2024-10-31,26550,CE,0.0,0.0,0.0,157.4,276.95,0,3225,0,25017.75
2024-08-27,2024-12-26,18000,CE,7120.0,7301.4,7120.0,7301.4,7446.45,4,60050,50,25017.75
2024-08-27,2024-08-29,26550,PE,1557.05,1557.05,1557.05,1557.05,1521.95,1,2850,-25,25017.75
2024-08-27,2024-10-31,24150,CE,0.0,0.0,0.0,1002.35,1432.0,0,100,0,25017.75
2024-08-27,2024-10-31,24150,PE,176.45,176.45,176.45,176.45,176.45,1,25,0,25017.75
2024-08-27,2024-09-12,24150,PE,0.0,0.0,0.0,52.05,59.3,0,1700,0,25017.75
2024-08-27,2024-08-29,24150,PE,3.45,3.75,1.8,2.1,2.1,128691,552025,-168025,25017.75
2024-08-27,2024-09-05,25300,PE,337.95,337.95,256.85,302.1,302.1,9109,43325,11500,25017.75
2024-08-27,2024-10-03,25300,PE,0.0,0.0,0.0,693.0,581.3,0,175,0,25017.75
2024-08-27,2024-09-05,25300,CE,82.55,94.0,62.0,67.25,67.25,81616,658475,243825,25017.75
2024-08-27,2024-10-03,25300,CE,332.5,332.5,311.1,311.1,484.8,5,75,75,25017.75
2024-08-27,2024-09-26,22900,PE,22.7,22.7,19.3,20.45,20.45,3492,211250,-13500,25017.75
2024-08-27,2024-08-29,22900,CE,2141.7,2146.35,2141.7,2146.35,2126.65,7,5400,-50,25017.75
2024-08-27,2024-09-19,22900,CE,0.0,0.0,0.0,1479.75,2224.4,0,0,0,25017.75
2024-08-27,2024-09-12,23050,PE,0.0,0.0,0.0,12.0,2.1,0,1575,0,25017.75
2024-08-27,2024-08-29,23050,CE,2000.0,2000.0,2000.0,2000.0,1976.7,24,650,-400,25017.75
2024-08-27,2024-10-03,23050,PE,0.0,0.0,0.0,41.45,24.6,0,425,0,25017.75
2024-08-27,2024-09-05,26350,PE,1271.65,1271.65,1271.65,1271.65,1293.55,1,25,25,25017.75
2024-08-27,2024-10-31,26350,PE,0.0,0.0,0.0,1762.4,1320.55,0,0,0,25017.75
2024-08-27,2024-10-31,23950,CE,0.0,0.0,0.0,1362.3,1581.25,0,0,0,25017.75
2024-08-27,2024-10-03,26700,PE,0.0,0.0,0.0,1759.55,1583.2,0,0,0,25017.75
2024-08-27,2024-10-03,26050,PE,0.0,0.0,0.0,1226.15,1061.1,0,0,0,25017.75
2024-08-27,2024-09-12,26050,PE,0.0,0.0,0.0,1807.35,1016.85,0,0,0,25017.75
2024-08-27,2027-12-30,21000,PE,0.0,0.0,0.0,582.95,242.05,0,50,0,25017.75
2024-08-27,2024-08-29,20800,CE,0.0,0.0,0.0,4050.0,4225.85,0,1175,0,25017.75
2024-08-27,2024-09-05,26350,CE,2.05,2.55,1.75,1.8,1.8,316,4975,2725,25017.75
2024-08-27,2024-09-26,26350,CE,0.0,0.0,0.0,232.85,109.9,0,0,0,25017.75
2024-08-27,2024-10-03,24650,PE,0.0,0.0,0.0,396.8,295.5,0,0,0,25017.75
2024-08-27,2024-10-31,24650,PE,0.0,0.0,0.0,721.55,404.35,0,0,0,25017.75
2024-08-27,2024-09-05,24400,CE,690.4,757.95,657.45,685.65,685.65,524,45250,-1025,25017.75
2024-08-27,2024-09-05,26500,PE,0.0,0.0,0.0,1416.35,1440.1,0,0,0,25017.75
2024-08-27,2024-09-26,26500,CE,13.4,14.7,12.55,12.95,12.95,27203,787925,145925,25017.75
2024-08-27,2024-09-12,26500,CE,4.2,4.85,3.3,3.55,3.55,887,24825,7375,25017.75
2024-08-27,2024-09-19,26500,CE,0.0,0.0,0.0,7.45,52.8,0,1175,0,25017.75
2024-08-27,2024-10-31,26500,PE,1300.0,1303.4,1232.4,1255.0,1430.45,21,1400,200,25017.75
2024-08-27,2024-10-31,26500,CE,91.5,94.95,83.8,85.2,85.2,2395,178550,24425,25017.75
2024-08-27,2024-09-26,25850,PE,0.0,0.0,0.0,770.25,899.9,0,325,0,25017.75
2024-08-27,2024-09-12,25850,PE,0.0,0.0,0.0,1628.3,850.45,0,0,0,25017.75
2024-08-27,2024-09-26,25850,CE,82.5,87.75,70.25,73.1,73.1,1676,20075,15975,25017.75
2024-08-27,2024-10-31,25850,PE,0.0,0.0,0.0,1406.3,987.9,0,0,0,25017.75
2024-08-27,2024-08-29,25850,PE,820.0,828.65,780.0,825.0,825.0,37,3125,0,25017.75
2024-08-27,2024-09-05,25700,PE,636.0,665.0,582.0,639.6,639.6,536,20675,5350,25017.75
2024-08-27,2024-09-26,25700,PE,670.0,679.85,611.05,662.9,662.9,176,6250,775,25017.75
2024-08-27,2024-10-31,25700,CE,0.0,0.0,0.0,520.35,546.15,0,25,0,25017.75
2024-08-27,2024-10-03,25700,CE,0.0,0.0,0.0,297.8,324.85,0,0,0,25017.75
2024-08-27,2024-10-31,25700,PE,700.0,700.0,700.0,700.0,897.85,1,200,25,25017.75
2024-08-27,2024-10-03,25700,PE,0.0,0.0,0.0,972.2,818.4,0,0,0,25017.75
2024-08-27,2024-10-31,24750,CE,866.4,866.4,845.2,845.2,1027.05,2,2500,0,25017.75
2024-08-27,2024-09-05,24750,CE,393.55,437.5,362.95,377.0,377.0,2028,22000,375,25017.75
2024-08-27,2024-09-05,24750,PE,72.35,78.95,53.2,62.5,62.5,28611,207375,101425,25017.75
2024-08-27,2024-08-29,24750,PE,21.75,25.6,9.45,12.9,12.9,841056,2049900,121525,25017.75
2024-08-27,2024-08-29,20450,CE,0.0,0.0,0.0,4385.85,4575.7,0,2825,0,25017.75
2024-08-27,2024-08-29,26750,PE,1733.35,1753.0,1719.75,1753.0,1753.0,3,1400,25,25017.75
2024-08-27,2024-09-26,26750,PE,0.0,0.0,0.0,2391.55,1636.3,0,0,0,25017.75
2024-08-27,2024-09-12,24350,CE,0.0,0.0,0.0,751.0,836.1,0,1475,0,25017.75
2024-08-27,2024-10-31,24350,CE,0.0,0.0,0.0,995.6,1288.1,0,1025,0,25017.75
2024-08-27,2024-09-19,24350,PE,0.0,0.0,0.0,522.7,135.25,0,0,0,25017.75
2024-08-27,2024-09-26,23100,PE,27.8,27.8,22.05,23.75,23.75,2874,174875,-2575,25017.75
2024-08-27,2024-08-29,23100,PE,1.6,1.75,0.95,1.05,1.05,27498,279400,-37250,25017.75
2024-08-27,2024-10-31,23100,PE,66.0,66.0,63.7,63.7,63.7,38,20300,-875,25017.75
2024-08-27,2024-09-05,23100,CE,1974.75,1974.75,1974.75,1974.75,1958.25,24,625,600,25017.75
2024-08-27,2024-08-29,20650,CE,0.0,0.0,0.0,4185.55,4375.8,0,4550,0,25017.75
2024-08-27,2024-08-29,20650,PE,0.9,0.9,0.4,0.5,0.5,1351,17425,-1350,25017.75
2024-08-27,2024-09-05,24250,CE,831.6,884.95,816.85,821.8,821.8,51,2175,-100,25017.75
2024-08-27,2024-09-12,24250,PE,42.4,47.55,31.95,37.5,37.5,330,10000,3725,25017.75
2024-08-27,2024-10-31,24250,CE,0.0,0.0,0.0,815.0,1358.45,0,75,0,25017.75
2024-08-27,2024-08-29,25450,CE,6.35,6.35,1.45,1.75,1.75,773603,1667550,-87100,25017.75
2024-08-27,2024-08-29,23650,PE,2.25,2.3,1.2,1.5,1.5,44972,232175,-16200,25017.75
2024-08-27,2024-10-31,23650,PE,0.0,0.0,0.0,133.6,147.35,0,100,0,25017.75
2024-08-27,2024-08-29,23650,CE,1391.85,1414.65,1366.35,1413.8,1376.95,10,10200,-175,25017.75
2024-08-27,2024-09-26,23650,CE,0.0,0.0,0.0,1572.25,1558.55,0,175,0,25017.75
2024-08-27,2024-09-05,23650,PE,6.5,7.8,4.3,4.7,4.7,522,12700,1075,25017.75
2024-08-27,2024-09-05,25800,CE,7.9,7.9,4.75,5.15,5.15,77350,569275,-11025,25017.75
2024-08-27,2024-09-19,25000,PE,245.25,261.35,213.3,241.55,241.55,1629,18725,50,25017.75
2024-08-27,2029-06-28,25000,CE,0.0,0.0,0.0,7557.7,8118.7,0,0,0,25017.75
2024-08-27,2024-09-26,25000,PE,285.05,297.6,251.6,282.05,282.05,120187,4455100,87975,25017.75
2024-08-27,2025-12-24,25000,PE,952.05,960.0,922.5,948.85,948.85,174,82425,2925,25017.75
2024-08-27,2027-12-30,25000,CE,0.0,0.0,0.0,3458.35,6222.9,0,0,0,25017.75
2024-08-27,2024-09-26,25800,PE,721.25,753.6,688.95,733.4,733.4,102,2100,-675,25017.75
2024-08-27,2024-08-29,25000,PE,82.15,104.8,48.75,71.0,71.0,5309045,8991975,292900,25017.75
2024-08-27,2024-09-19,25750,PE,0.0,0.0,0.0,1517.15,802.05,0,0,0,25017.75
2024-08-27,2024-09-05,25750,PE,0.0,0.0,0.0,844.75,739.45,0,0,0,25017.75
2024-08-27,2024-09-12,22750,PE,8.0,8.0,8.0,8.0,0.65,2,750,0,25017.75
2024-08-27,2024-08-29,22200,PE,1.35,1.4,0.7,0.8,0.8,78452,953500,-196900,25017.75
2024-08-27,2024-09-26,23950,CE,1226.15,1259.65,1226.15,1240.15,1240.15,4,1950,0,25017.75
2024-08-27,2024-08-29,23950,PE,3.6,3.6,1.55,1.8,1.8,64452,240500,-26775,25017.75
2024-08-27,2024-09-05,25350,CE,73.0,76.2,50.0,53.95,53.95,29151,132725,44250,25017.75
2024-08-27,2024-10-31,24200,CE,1259.25,1275.0,1259.25,1275.0,1395.5,3,4625,-75,25017.75
2024-08-27,2024-08-29,25450,PE,426.7,469.0,359.65,434.65,434.65,3716,8700,-2050,25017.75
2024-08-27,2024-09-05,25450,PE,420.0,450.0,361.2,413.55,413.55,621,2350,1125,25017.75
2024-08-27,2024-10-03,25450,CE,0.0,0.0,0.0,382.15,419.5,0,0,0,25017.75
2024-08-27,2024-09-05,23750,PE,7.3,7.45,5.1,5.7,5.7,1523,26400,4400,25017.75
2024-08-27,2024-09-05,24950,PE,126.15,141.2,98.8,117.75,117.75,33277,144050,28550,25017.75
2024-08-27,2024-10-03,24950,PE,0.0,0.0,0.0,530.65,412.05,0,0,0,25017.75
2024-08-27,2025-12-24,30000,PE,0.0,0.0,0.0,6135.1,3306.8,0,0,0,25017.75
2024-08-27,2028-12-28,30000,PE,0.0,0.0,0.0,2352.75,1904.95,0,0,0,25017.75
2024-08-27,2025-03-27,30000,PE,0.0,0.0,0.0,5633.65,3978.75,0,0,0,25017.75
2024-08-27,2024-08-29,20600,PE,0.5,1.0,0.4,0.5,0.5,5753,45700,-3600,25017.75
2024-08-27,2024-08-29,23500,CE,1545.95,1595.0,1481.4,1518.25,1518.25,3065,346300,-35475,25017.75
2024-08-27,2024-09-26,22500,PE,16.45,16.9,13.9,14.25,14.25,23637,1262200,238275,25017.75
2024-08-27,2026-12-31,29000,PE,0.0,0.0,0.0,5042.25,2245.0,0,0,0,25017.75
2024-08-27,2026-12-31,29000,CE,0.0,0.0,0.0,1205.35,2808.6,0,0,0,25017.75
2024-08-27,2027-06-24,29000,PE,0.0,0.0,0.0,4627.1,2070.0,0,0,0,25017.75
2024-08-27,2026-06-25,29000,PE,0.0,0.0,0.0,5546.1,2457.35,0,0,0,25017.75
2024-08-27,2028-06-29,29000,CE,0.0,0.0,0.0,2333.25,4834.1,0,0,0,25017.75
2024-08-27,2028-12-28,29000,CE,0.0,0.0,0.0,3645.75,5479.3,0,0,0,25017.75
2024-08-27,2025-03-27,29000,PE,0.0,0.0,0.0,4769.6,3166.8,0,0,0,25017.75
2024-08-27,2024-12-26,29000,CE,27.45,28.0,24.15,27.25,27.25,519,53425,1925,25017.75
2024-08-27,2024-09-26,23350,CE,0.0,0.0,0.0,1876.0,1832.65,0,25,0,25017.75
2024-08-27,2024-09-05,23350,CE,0.0,0.0,0.0,1861.7,1709.2,0,0,0,25017.75
2024-08-27,2024-09-05,23350,PE,6.15,6.15,3.2,3.6,3.6,185,2175,750,25017.75
2024-08-27,2024-10-03,23350,CE,0.0,0.0,0.0,1731.7,1882.75,0,0,0,25017.75
2024-08-27,2024-09-19,24700,CE,545.0,577.65,535.0,546.2,663.35,31,2175,50,25017.75
2024-08-27,2024-10-31,24700,PE,304.9,312.25,287.4,303.45,303.45,311,23350,350,25017.75
2024-08-27,2024-08-29,23400,PE,2.25,2.25,1.0,1.25,1.25,62555,950925,-107225,25017.75
2024-08-27,2024-10-31,25450,CE,0.0,0.0,0.0,334.6,653.5,0,600,0,25017.75
2024-08-27,2024-09-12,25750,PE,0.0,0.0,0.0,1540.8,771.6,0,0,0,25017.75
2024-08-27,2024-10-31,22650,PE,51.0,51.0,45.0,45.25,45.25,373,7400,1825,25017.75
2024-08-27,2025-03-27,27000,PE,1560.0,1569.0,1534.95,1564.05,1564.05,41,6725,475,25017.75
2024-08-27,2026-06-25,27000,PE,0.0,0.0,0.0,6810.7,1566.3,0,0,0,25017.75
2024-08-27,2024-12-26,27000,CE,172.0,177.05,166.45,169.9,169.9,3365,926925,13650,25017.75
2024-08-27,2024-09-26,27000,CE,6.45,7.65,6.0,7.15,7.15,20500,900625,31425,25017.75
2024-08-27,2028-06-29,27000,CE,0.0,0.0,0.0,2885.15,5796.3,0,0,0,25017.75
2024-08-27,2029-06-28,27000,CE,0.0,0.0,0.0,6570.4,7066.65,0,0,0,25017.75
2024-08-27,2027-12-30,27000,CE,0.0,0.0,0.0,2889.8,5128.25,0,0,0,25017.75
2024-08-27,2024-09-26,27000,PE,1825.95,1874.55,1778.1,1859.4,1859.4,10338,389500,-79650,25017.75
2024-08-27,2025-06-26,27000,CE,0.0,0.0,0.0,803.5,1337.1,0,0,0,25017.75
2024-08-27,2027-06-24,27000,CE,0.0,0.0,0.0,1932.5,4408.6,0,0,0,25017.75
2024-08-27,2024-09-26,24100,PE,83.8,84.6,71.55,78.1,78.1,11023,198425,-27725,25017.75
2024-08-27,2024-08-29,24100,PE,3.4,3.4,1.75,1.95,1.95,270163,1583800,-115950,25017.75
2024-08-27,2024-09-12,24100,CE,1050.0,1055.0,1002.45,1010.8,1010.8,240,5925,5100,25017.75
2024-08-27,2024-10-31,24100,PE,172.0,173.0,156.9,166.95,166.95,612,27475,5575,25017.75
2024-08-27,2024-08-29,21700,CE,0.0,0.0,0.0,3153.0,3326.2,0,1225,0,25017.75
2024-08-27,2024-08-29,21700,PE,1.0,1.0,0.35,0.5,0.5,5797,118500,13600,25017.75
2024-08-27,2024-08-29,20950,PE,0.7,0.75,0.35,0.4,0.4,794,10700,6425,25017.75
2024-08-27,2024-09-05,26750,CE,1.65,1.65,1.05,1.3,1.3,1670,47500,7800,25017.75
2024-08-27,2024-08-29,21600,CE,0.0,0.0,0.0,3250.0,3426.15,0,1775,0,25017.75
2024-08-27,2024-09-05,26600,PE,0.0,0.0,0.0,1501.15,1538.55,0,0,0,25017.75
2024-08-27,2024-10-03,26600,CE,0.0,0.0,0.0,106.2,110.95,0,0,0,25017.75
2024-08-27,2027-12-30,28000,PE,0.0,0.0,0.0,4251.0,1574.5,0,0,0,25017.75
2024-08-27,2027-06-24,28000,PE,0.0,0.0,0.0,5959.35,1704.0,0,0,0,25017.75
2024-08-27,2025-06-26,28000,CE,0.0,0.0,0.0,912.95,977.45,0,0,0,25017.75
2024-08-27,2029-06-28,28000,CE,0.0,0.0,0.0,6112.6,6575.85,0,0,0,25017.75
2024-08-27,2028-12-28,28000,PE,0.0,0.0,0.0,1697.6,1353.6,0,0,0,25017.75
2024-08-27,2027-12-30,28000,CE,0.0,0.0,0.0,2639.2,4632.55,0,0,0,25017.75
2024-08-27,2024-09-26,28000,CE,4.7,5.45,3.5,3.6,3.6,8397,401100,85700,25017.75
2024-08-27,2024-10-31,26750,PE,0.0,0.0,0.0,2070.0,1619.4,0,0,0,25017.75
2024-08-27,2024-09-19,26750,PE,0.0,0.0,0.0,2438.4,1645.7,0,0,0,25017.75
2024-08-27,2024-08-29,26600,CE,0.35,0.45,0.2,0.25,0.25,444926,2590425,-304300,25017.75
2024-08-27,2028-12-28,21000,PE,0.0,0.0,0.0,490.0,242.65,0,1225,0,25017.75
2024-08-27,2026-12-31,21000,PE,0.0,0.0,0.0,333.65,219.2,0,700,0,25017.75
2024-08-27,2028-06-29,21000,PE,0.0,0.0,0.0,907.2,244.25,0,0,0,25017.75
2024-08-27,2027-12-30,21000,CE,0.0,0.0,0.0,4902.4,8790.05,0,0,0,25017.75
2024-08-27,2027-06-24,21000,CE,0.0,0.0,0.0,3061.8,8150.2,0,0,0,25017.75
2024-08-27,2024-10-03,26700,CE,0.0,0.0,0.0,93.45,97.0,0,0,0,25017.75
2024-08-27,2024-10-31,26700,CE,59.6,62.5,53.65,57.65,57.65,914,40425,11450,25017.75
2024-08-27,2024-08-29,21000,PE,0.7,1.05,0.55,0.65,0.65,45517,2161800,-81775,25017.75
2024-08-27,2025-06-26,21000,PE,0.0,0.0,0.0,160.0,89.2,0,875,0,25017.75
2024-08-27,2024-08-29,26700,CE,0.3,0.4,0.2,0.25,0.25,197210,1468700,-519450,25017.75
2024-08-27,2026-12-31,21000,CE,0.0,0.0,0.0,3356.25,7528.8,0,0,0,25017.75
2024-08-27,2024-09-26,22750,PE,25.0,27.55,18.15,27.55,7.3,4,1575,0,25017.75
2024-08-27,2024-09-19,22750,PE,0.0,0.0,0.0,59.4,3.0,0,0,0,25017.75
2024-08-27,2024-09-19,23950,CE,0.0,0.0,0.0,700.2,1238.6,0,0,0,25017.75
2024-08-27,2024-09-26,23950,PE,67.95,68.05,56.3,62.45,62.45,1355,71350,4000,25017.75
2024-08-27,2024-10-03,23950,CE,0.0,0.0,0.0,1238.5,1360.7,0,0,0,25017.75
2024-08-27,2024-08-29,21800,PE,0.8,1.85,0.3,0.55,0.55,7766,89800,12225,25017.75
2024-08-27,2024-08-29,23050,PE,1.6,2.0,0.9,1.1,1.1,7988,47950,1875,25017.75
2024-08-27,2024-08-29,26350,CE,0.5,0.55,0.25,0.3,0.3,27194,250400,7800,25017.75
2024-08-27,2024-10-03,26350,PE,0.0,0.0,0.0,1463.55,1292.1,0,0,0,25017.75
2024-08-27,2024-09-12,26350,CE,6.45,6.9,5.2,6.2,6.2,158,3475,-1800,25017.75
2024-08-27,2024-08-29,26350,PE,0.0,0.0,0.0,1510.5,1322.05,0,1375,0,25017.75
2024-08-27,2024-09-19,26350,CE,0.0,0.0,0.0,35.3,69.5,0,0,0,25017.75
2024-08-27,2024-09-19,24650,PE,138.1,138.1,114.5,120.6,218.75,5,1900,0,25017.75
2024-08-27,2024-08-29,24650,CE,408.25,451.0,343.75,376.3,376.3,7901,274925,-29925,25017.75
2024-08-27,2024-09-12,24650,PE,116.8,116.8,79.95,89.8,89.8,689,17450,8850,25017.75
2024-08-27,2024-10-03,25450,PE,0.0,0.0,0.0,808.65,664.9,0,0,0,25017.75
2024-08-27,2024-09-12,25450,PE,0.0,0.0,0.0,1288.05,556.0,0,0,0,25017.75
2024-08-27,2024-09-12,25450,CE,130.6,130.6,82.05,85.65,85.65,405,2900,2900,25017.75
2024-08-27,2024-09-26,25450,PE,509.0,509.0,464.0,499.4,499.4,149,2650,-300,25017.75
2024-08-27,2024-09-12,23750,CE,0.0,0.0,0.0,808.9,1362.4,0,0,0,25017.75
2024-08-27,2024-10-03,23750,PE,0.0,0.0,0.0,136.0,86.05,0,0,0,25017.75
2024-08-27,2024-10-31,23750,CE,0.0,0.0,0.0,1494.6,1738.35,0,0,0,25017.75
2024-08-27,2024-10-31,23750,PE,0.0,0.0,0.0,146.75,165.1,0,75,0,25017.75
2024-08-27,2024-09-26,24950,CE,473.95,494.45,436.8,445.2,445.2,549,42625,1550,25017.75
2024-08-27,2024-08-29,24950,PE,63.4,81.75,35.85,51.85,51.85,1754470,2134575,211750,25017.75
2024-08-27,2024-09-05,24950,CE,260.0,285.65,223.3,233.85,233.85,18980,80200,25650,25017.75
2024-08-27,2024-10-31,23200,PE,73.0,81.55,65.6,67.6,67.6,104,50075,100,25017.75
2024-08-27,2024-08-29,23200,PE,1.7,1.85,1.05,1.2,1.2,71756,1305500,-95075,25017.75
2024-08-27,2024-10-31,25350,PE,0.0,0.0,0.0,1090.45,706.4,0,0,0,25017.75
2024-08-27,2024-09-12,25350,PE,0.0,0.0,0.0,1207.45,492.05,0,0,0,25017.75
2024-08-27,2024-09-12,24750,PE,120.2,128.8,98.65,111.75,111.75,265,16500,850,25017.75
2024-08-27,2024-10-31,24750,PE,316.5,316.5,297.85,309.15,440.95,9,800,0,25017.75
2024-08-27,2024-09-12,24750,CE,449.0,504.75,420.05,451.6,451.6,209,4000,-275,25017.75
2024-08-27,2024-10-03,24750,PE,0.0,0.0,0.0,438.65,331.5,0,0,0,25017.75
2024-08-27,2024-09-26,24750,CE,610.0,629.55,567.15,577.25,577.25,393,20400,3650,25017.75
2024-08-27,2024-08-29,21850,PE,1.05,1.05,0.4,0.5,0.5,3080,25900,20675,25017.75
2024-08-27,2024-08-29,21850,CE,0.0,0.0,0.0,2989.45,3176.25,0,3575,0,25017.75
2024-08-27,2024-09-12,23050,CE,0.0,0.0,0.0,1330.45,2041.3,0,0,0,25017.75
2024-08-27,2024-09-19,26350,PE,0.0,0.0,0.0,2058.75,1284.45,0,0,0,25017.75
2024-08-27,2024-09-26,26350,PE,0.0,0.0,0.0,1369.5,1289.3,0,150,0,25017.75
2024-08-27,2024-10-03,26350,CE,0.0,0.0,0.0,144.55,153.3,0,0,0,25017.75
2024-08-27,2024-09-12,24650,CE,549.5,555.0,537.5,537.5,537.5,23,775,-25,25017.75
2024-08-27,2024-10-03,24650,CE,0.0,0.0,0.0,763.65,844.25,0,0,0,25017.75
2024-08-27,2024-10-31,24650,CE,0.0,0.0,0.0,773.05,1089.15,0,100,0,25017.75
2024-08-27,2024-09-26,24650,PE,182.7,182.7,152.6,172.2,172.2,940,25175,5000,25017.75
2024-08-27,2024-09-05,24650,CE,476.05,522.0,440.35,461.75,461.75,581,15100,6025,25017.75
2024-08-27,2024-09-12,24400,PE,57.25,59.8,44.85,50.45,50.45,3720,94300,9850,25017.75
2024-08-27,2024-09-19,24400,CE,792.4,861.85,792.4,830.75,830.75,8,225,125,25017.75
2024-08-27,2024-09-12,22950,PE,0.0,0.0,0.0,72.25,1.45,0,25,0,25017.75
2024-08-27,2024-08-29,21650,PE,0.95,2.0,0.45,0.6,0.6,1228,14475,7575,25017.75
2024-08-27,2024-08-29,21400,PE,0.65,1.2,0.45,0.55,0.55,2396,61200,10325,25017.75
2024-08-27,2024-08-29,21400,CE,0.0,0.0,0.0,3461.0,3626.05,0,2150,0,25017.75
2024-08-27,2024-09-12,26450,CE,3.7,4.6,3.6,4.45,4.45,30,10050,-25,25017.75
2024-08-27,2024-09-26,26450,CE,57.85,57.85,14.55,15.0,15.0,56,1100,1075,25017.75
2024-08-27,2024-08-29,26450,CE,0.75,0.75,0.25,0.25,0.25,23279,216900,37900,25017.75
2024-08-27,2024-09-05,26450,PE,0.0,0.0,0.0,1374.55,1391.05,0,0,0,25017.75
2024-08-27,2024-09-12,26450,PE,0.0,0.0,0.0,2178.2,1376.5,0,0,0,25017.75
2024-08-27,2024-09-19,26450,CE,7.75,9.95,7.75,9.55,57.95,54,2775,50,25017.75
2024-08-27,2024-09-05,26450,CE,1.9,3.9,1.5,1.55,1.55,818,11175,8475,25017.75
2024-08-27,2024-09-19,26450,PE,0.0,0.0,0.0,2152.65,1372.45,0,0,0,25017.75
2024-08-27,2024-10-03,26450,PE,0.0,0.0,0.0,1546.2,1373.1,0,0,0,25017.75
2024-08-27,2024-09-26,26450,PE,0.0,0.0,0.0,1410.35,1373.5,0,125,0,25017.75
2024-08-27,2024-10-31,22400,CE,0.0,0.0,0.0,2546.8,2932.7,0,0,0,25017.75
2024-08-27,2024-09-12,22400,CE,0.0,0.0,0.0,1904.85,2687.3,0,0,0,25017.75
2024-08-27,2024-09-12,25150,CE,230.85,241.45,197.55,204.0,204.0,784,10875,8375,25017.75
2024-08-27,2024-09-12,22400,PE,5.0,6.95,4.05,5.0,0.15,19,4275,25,25017.75
2024-08-27,2024-08-29,21550,CE,0.0,0.0,0.0,2712.35,3476.15,0,225,0,25017.75
2024-08-27,2024-09-19,24450,CE,0.0,0.0,0.0,540.0,837.4,0,0,0,25017.75
2024-08-27,2024-09-19,24450,PE,0.0,0.0,0.0,576.1,160.8,0,0,0,25017.75
2024-08-27,2024-10-03,24450,PE,0.0,0.0,0.0,321.25,231.9,0,0,0,25017.75
2024-08-27,2024-09-05,24600,PE,49.75,50.75,34.2,39.7,39.7,76307,748975,213075,25017.75
2024-08-27,2024-09-12,26150,CE,15.2,15.2,7.2,7.4,7.4,459,8075,6075,25017.75
2024-08-27,2028-06-29,30000,CE,0.0,0.0,0.0,2278.45,4400.1,0,0,0,25017.75
2024-08-27,2024-09-12,23300,PE,9.25,9.75,7.15,7.45,7.45,528,16100,8075,25017.75
2024-08-27,2029-06-28,30000,PE,0.0,0.0,0.0,2031.05,1752.7,0,0,0,25017.75
2024-08-27,2024-10-03,23300,CE,0.0,0.0,0.0,1775.55,1928.6,0,0,0,25017.75
2024-08-27,2024-09-19,23300,CE,0.0,0.0,0.0,1150.65,1835.85,0,0,0,25017.75
2024-08-27,2029-06-28,30000,CE,0.0,0.0,0.0,5268.4,5666.75,0,0,0,25017.75
2024-08-27,2025-06-26,30000,CE,0.0,0.0,0.0,264.15,488.75,0,0,0,25017.75
2024-08-27,2024-09-19,23300,PE,18.15,20.0,10.75,13.5,14.4,59,5550,850,25017.75
2024-08-27,2024-08-29,26300,CE,0.5,0.5,0.25,0.3,0.3,57862,882475,25825,25017.75
2024-08-27,2024-09-12,26300,CE,5.55,6.2,5.0,5.6,5.6,4513,80350,65725,25017.75
2024-08-27,2024-09-12,26300,PE,0.0,0.0,0.0,2037.45,1238.25,0,0,0,25017.75
2024-08-27,2024-10-31,26300,CE,113.05,132.0,113.0,117.75,117.75,73,6675,1100,25017.75
2024-08-27,2024-10-03,24700,PE,218.0,218.0,201.65,201.65,313.15,3,3125,0,25017.75
2024-08-27,2024-10-03,23400,CE,0.0,0.0,0.0,1688.2,1837.25,0,0,0,25017.75
2024-08-27,2024-09-12,23400,PE,9.85,16.9,9.0,11.65,7.2,62,2300,-500,25017.75
2024-08-27,2024-09-19,23400,PE,21.0,21.0,12.1,14.3,14.3,3,875,0,25017.75
2024-08-27,2026-06-25,26000,PE,0.0,0.0,0.0,6709.2,1204.95,0,0,0,25017.75
2024-08-27,2027-12-30,26000,CE,0.0,0.0,0.0,3162.4,5658.35,0,0,0,25017.75
2024-08-27,2024-10-03,26000,PE,0.0,0.0,0.0,1189.2,1024.55,0,0,0,25017.75
2024-08-27,2024-09-19,26000,CE,32.1,33.85,27.0,27.75,27.75,1157,23800,6950,25017.75
2024-08-27,2024-08-29,26000,CE,0.85,0.85,0.5,0.55,0.55,346822,8392600,264550,25017.75
2024-08-27,2026-12-31,26000,PE,0.0,0.0,0.0,6437.4,1150.5,0,0,0,25017.75
2024-08-27,2024-09-12,24200,PE,38.95,45.5,29.4,32.25,32.25,2860,111625,5450,25017.75
2024-08-27,2024-08-29,24200,CE,889.5,894.45,789.45,818.95,818.95,2959,640400,-31750,25017.75
2024-08-27,2024-09-26,23300,PE,32.3,32.4,26.85,28.95,28.95,6455,225475,-34275,25017.75
2024-08-27,2025-12-24,30000,CE,0.0,0.0,0.0,496.9,1081.55,0,0,0,25017.75
2024-08-27,2024-08-29,22850,CE,0.0,0.0,0.0,1987.55,2176.65,0,1450,0,25017.75
2024-08-27,2024-09-05,22750,CE,0.0,0.0,0.0,2430.05,2307.45,0,0,0,25017.75
2024-08-27,2024-09-12,23950,PE,23.7,23.7,23.7,23.7,36.2,1,25,25,25017.75
2024-08-27,2024-08-29,25500,PE,474.2,521.8,408.45,485.85,485.85,22155,466150,-7750,25017.75
2024-08-27,2024-09-12,23150,CE,0.0,0.0,0.0,1248.65,1942.55,0,0,0,25017.75
2024-08-27,2024-09-19,23150,PE,0.0,0.0,0.0,30.2,9.65,0,50,0,25017.75
2024-08-27,2024-10-31,25950,CE,272.65,276.8,272.65,274.75,274.75,2,250,50,25017.75
2024-08-27,2024-09-26,25950,PE,0.0,0.0,0.0,1055.2,974.0,0,325,0,25017.75
2024-08-27,2024-10-03,25950,CE,0.0,0.0,0.0,229.45,246.9,0,0,0,25017.75
2024-08-27,2024-09-12,22850,CE,0.0,0.0,0.0,1499.95,2239.5,0,0,0,25017.75
2024-08-27,2024-09-19,22850,PE,0.0,0.0,0.0,24.45,4.05,0,75,0,25017.75
2024-08-27,2024-09-26,22850,CE,0.0,0.0,0.0,2186.6,2309.7,0,125,0,25017.75
2024-08-27,2024-09-05,22850,CE,0.0,0.0,0.0,2333.5,2207.65,0,0,0,25017.75
2024-08-27,2024-09-12,24700,PE,106.05,115.0,88.5,98.9,98.9,7753,115500,48150,25017.75
2024-08-27,2024-09-12,24700,CE,508.0,545.3,479.9,485.2,485.2,1454,14300,-9475,25017.75
2024-08-27,2024-09-19,25650,CE,0.0,0.0,0.0,103.3,213.2,0,0,0,25017.75
2024-08-27,2024-09-26,25650,PE,0.0,0.0,0.0,593.4,762.1,0,3350,0,25017.75
2024-08-27,2024-09-12,25650,PE,0.0,0.0,0.0,1454.85,695.9,0,0,0,25017.75
2024-08-27,2024-09-19,25650,PE,0.0,0.0,0.0,1431.6,731.3,0,0,0,25017.75
2024-08-27,2024-09-12,25650,CE,49.2,55.55,40.2,42.25,42.25,1031,13975,2500,25017.75
2024-08-27,2024-10-31,25650,PE,0.0,0.0,0.0,1275.0,868.85,0,0,0,25017.75
2024-08-27,2024-10-03,25650,PE,0.0,0.0,0.0,938.25,786.3,0,0,0,25017.75
2024-08-27,2024-08-29,20400,PE,0.65,0.7,0.25,0.35,0.35,7496,63525,1550,25017.75
2024-08-27,2024-08-29,20400,CE,0.0,0.0,0.0,4435.2,4625.7,0,2800,0,25017.75
2024-08-27,2024-09-05,25250,PE,273.95,299.7,226.5,267.8,267.8,3024,15575,1075,25017.75
2024-08-27,2024-09-26,25250,CE,301.0,314.9,265.5,273.15,273.15,887,19875,7150,25017.75
2024-08-27,2024-09-19,25250,CE,244.4,244.4,220.0,220.0,220.0,11,150,150,25017.75
2024-08-27,2024-10-31,25250,PE,0.0,0.0,0.0,1032.35,656.7,0,0,0,25017.75
2024-08-27,2024-08-29,23600,CE,1401.0,1480.0,1391.3,1418.65,1426.9,143,23150,-825,25017.75
2024-08-27,2024-08-29,23600,PE,2.5,2.5,1.3,1.5,1.5,127469,1000525,-123100,25017.75
2024-08-27,2024-09-12,23600,CE,0.0,0.0,0.0,909.75,1504.45,0,0,0,25017.75
2024-08-27,2024-10-03,23600,CE,0.0,0.0,0.0,1518.2,1658.4,0,0,0,25017.75
2024-08-27,2024-09-05,23600,CE,1450.0,1513.0,1450.0,1468.0,1468.0,78,1975,1900,25017.75
2024-08-27,2024-09-12,23600,PE,13.9,13.9,9.5,10.65,10.65,625,21625,10300,25017.75
2024-08-27,2024-09-19,22550,PE,0.0,0.0,0.0,41.0,1.55,0,0,0,25017.75
2024-08-27,2024-09-26,22800,PE,21.0,21.05,18.2,18.75,18.75,4801,257750,-44150,25017.75
2024-08-27,2024-09-26,22550,CE,0.0,0.0,0.0,2463.95,2602.9,0,150,0,25017.75
2024-08-27,2024-09-05,22800,CE,2270.0,2270.0,2270.0,2270.0,2257.55,1,25,25,25017.75
2024-08-27,2024-08-29,21900,CE,3100.0,3100.0,3095.0,3095.0,3126.25,30,1900,0,25017.75
2024-08-27,2024-10-03,23450,CE,0.0,0.0,0.0,1645.1,1792.0,0,0,0,25017.75
2024-08-27,2024-09-05,23450,CE,0.0,0.0,0.0,1645.0,1609.8,0,125,0,25017.75
2024-08-27,2024-09-19,24100,PE,51.35,54.25,43.2,50.2,50.2,34,3600,175,25017.75
2024-08-27,2024-09-12,24100,PE,32.0,34.9,24.9,26.45,26.45,1700,32125,12675,25017.75
2024-08-27,2024-08-29,24850,CE,242.6,267.95,175.15,195.2,195.2,261548,1318975,-335250,25017.75
2024-08-27,2024-09-26,24850,PE,226.15,241.15,203.2,228.6,228.6,1231,28925,700,25017.75
2024-08-27,2024-09-19,24050,PE,0.0,0.0,0.0,381.25,78.3,0,0,0,25017.75
2024-08-27,2024-09-05,24050,PE,12.0,13.8,8.25,8.8,8.8,5020,33725,13525,25017.75
2024-08-27,2024-08-29,24050,CE,996.55,1031.55,960.45,967.15,967.15,122,46600,-675,25017.75
2024-08-27,2024-08-29,24050,PE,3.0,3.1,1.0,1.85,1.85,85500,407250,6550,25017.75
2024-08-27,2024-10-31,24050,CE,0.0,0.0,0.0,1298.75,1505.25,0,0,0,25017.75
2024-08-27,2024-08-29,20350,CE,0.0,0.0,0.0,4487.3,4675.65,0,2075,0,25017.75
2024-08-27,2024-08-29,25750,PE,703.25,732.2,688.95,726.4,726.4,17,2200,25,25017.75
2024-08-27,2024-08-29,22650,PE,1.75,2.75,0.6,0.8,0.8,6549,39275,14400,25017.75
2024-08-27,2024-09-12,22650,CE,0.0,0.0,0.0,1676.4,2438.35,0,0,0,25017.75
2024-08-27,2024-09-05,24100,PE,14.4,14.5,9.0,9.65,9.65,22140,206275,3875,25017.75
2024-08-27,2024-10-03,24100,CE,0.0,0.0,0.0,1127.45,1240.3,0,0,0,25017.75
2024-08-27,2024-10-03,24100,PE,0.0,0.0,0.0,215.2,145.55,0,0,0,25017.75
2024-08-27,2024-10-31,22750,PE,0.0,0.0,0.0,53.0,45.7,0,2225,0,25017.75
2024-08-27,2024-10-31,22750,CE,0.0,0.0,0.0,2250.95,2606.1,0,0,0,25017.75
2024-08-27,2024-08-29,25100,CE,74.1,81.9,37.85,43.75,43.75,3656569,5602325,1560875,25017.75
2024-08-27,2024-09-26,25100,CE,365.05,400.85,344.0,353.5,353.5,16189,246425,43875,25017.75
2024-08-27,2024-09-12,25100,CE,256.0,271.25,221.45,227.35,227.35,4851,46350,12350,25017.75
2024-08-27,2024-08-29,21050,CE,0.0,0.0,0.0,3785.4,3975.95,0,725,0,25017.75
2024-08-27,2024-08-29,21050,PE,1.5,1.5,0.35,0.5,0.5,1163,14250,9500,25017.75
2024-08-27,2024-10-03,23600,PE,42.0,42.0,42.0,42.0,67.35,1,25,-25,25017.75
2024-08-27,2024-09-19,23600,PE,29.0,29.0,21.95,22.25,22.25,9,1000,25,25017.75
2024-08-27,2024-09-05,23600,PE,6.15,6.25,4.45,4.7,4.7,4547,98800,34525,25017.75
2024-08-27,2024-09-12,22800,PE,7.0,7.0,7.0,7.0,0.8,3,1275,75,25017.75
2024-08-27,2024-08-29,22550,CE,0.0,0.0,0.0,2180.0,2476.5,0,1100,0,25017.75
2024-08-27,2024-09-12,22550,PE,0.0,0.0,0.0,11.85,0.3,0,25,0,25017.75
2024-08-27,2024-09-05,22800,PE,3.95,4.4,2.7,3.05,3.05,635,16100,2075,25017.75
2024-08-27,2024-08-29,22800,CE,2225.25,2255.0,2215.0,2215.0,2226.6,21,6250,-475,25017.75
2024-08-27,2024-09-12,22550,CE,0.0,0.0,0.0,1766.85,2537.9,0,0,0,25017.75
2024-08-27,2024-09-05,22550,CE,0.0,0.0,0.0,2624.55,2507.1,0,0,0,25017.75
2024-08-27,2024-09-19,22800,PE,0.0,0.0,0.0,64.9,3.5,0,0,0,25017.75
2024-08-27,2026-12-31,28000,PE,0.0,0.0,0.0,6224.8,1833.35,0,0,0,25017.75
2024-08-27,2024-12-26,28000,PE,2502.6,2502.6,2425.05,2428.35,2559.0,20,11650,200,25017.75
2024-08-27,2028-06-29,28000,PE,0.0,0.0,0.0,3161.35,1460.15,0,0,0,25017.75
2024-08-27,2025-03-27,28000,PE,0.0,0.0,0.0,2700.0,2423.85,0,25,0,25017.75
2024-08-27,2024-10-31,24050,PE,153.4,153.4,153.4,153.4,228.15,1,975,-25,25017.75
2024-08-27,2024-09-26,24050,PE,77.0,80.6,66.25,72.5,72.5,671,33900,2925,25017.75
2024-08-27,2024-09-12,24050,PE,0.0,0.0,0.0,287.75,46.6,0,25,0,25017.75
2024-08-27,2026-12-31,16000,CE,0.0,0.0,0.0,6200.0,11538.05,0,50,0,25017.75
2024-08-27,2025-12-24,16000,PE,0.0,0.0,0.0,33.95,2.6,0,2150,0,25017.75
2024-08-27,2024-09-26,16000,PE,3.9,4.0,2.7,3.75,3.75,496,140650,6125,25017.75
2024-08-27,2026-06-25,16000,PE,0.0,0.0,0.0,32.4,6.85,0,500,0,25017.75
2024-08-27,2025-12-24,16000,CE,0.0,0.0,0.0,7200.0,10490.75,0,50,0,25017.75
2024-08-27,2024-09-26,16000,CE,9070.0,9082.05,9013.7,9040.75,9040.75,60,473225,-1125,25017.75
2024-08-27,2025-06-26,16000,PE,0.0,0.0,0.0,60.15,0.35,0,75,0,25017.75
2024-08-27,2026-12-31,16000,PE,0.0,0.0,0.0,58.45,12.25,0,2400,0,25017.75
2024-08-27,2024-10-31,22450,PE,49.25,49.25,49.25,49.25,29.05,1,7325,25,25017.75
2024-08-27,2024-09-05,22300,CE,0.0,0.0,0.0,2869.6,2756.65,0,0,0,25017.75
2024-08-27,2024-09-19,22450,PE,0.0,0.0,0.0,33.75,1.1,0,0,0,25017.75
2024-08-27,2024-09-05,22450,PE,3.35,3.35,2.5,2.5,2.5,21,2050,50,25017.75
2024-08-27,2024-09-12,22450,CE,0.0,0.0,0.0,1858.55,2637.5,0,0,0,25017.75
2024-08-27,2024-10-03,24500,PE,171.0,171.0,155.5,162.3,162.3,36,1375,450,25017.75
2024-08-27,2024-09-05,24500,PE,35.9,38.6,25.25,28.85,28.85,79265,822375,86825,25017.75
2024-08-27,2024-08-29,24500,PE,6.4,7.5,3.1,3.7,3.7,931638,7701525,249625,25017.75
2024-08-27,2024-09-19,23950,PE,0.0,0.0,0.0,340.3,64.25,0,0,0,25017.75
2024-08-27,2024-09-12,23950,CE,0.0,0.0,0.0,684.75,1178.15,0,0,0,25017.75
2024-08-27,2024-09-05,25350,PE,336.15,366.35,290.95,339.45,339.45,915,7850,3375,25017.75
2024-08-27,2024-08-29,25350,CE,9.0,12.4,3.05,3.7,3.7,1564409,2257475,88400,25017.75
2024-08-27,2024-09-12,25350,CE,152.55,152.55,114.05,118.25,118.25,130,1075,1075,25017.75
2024-08-27,2024-09-19,25350,PE,0.0,0.0,0.0,1185.65,539.0,0,0,0,25017.75
2024-08-27,2024-10-31,22900,CE,0.0,0.0,0.0,2128.55,2468.95,0,0,0,25017.75
2024-08-27,2024-09-19,22900,PE,0.0,0.0,0.0,77.1,4.7,0,0,0,25017.75
2024-08-27,2024-09-26,22900,CE,0.0,0.0,0.0,2263.0,2261.25,0,1700,0,25017.75
2024-08-27,2024-09-05,22900,CE,0.0,0.0,0.0,2285.45,2157.75,0,0,0,25017.75
2024-08-27,2024-09-12,22900,CE,0.0,0.0,0.0,1456.9,2189.9,0,0,0,25017.75
2024-08-27,2024-08-29,20800,PE,0.6,1.8,0.35,0.45,0.45,3909,41825,800,25017.75
2024-08-27,2024-09-26,23050,CE,0.0,0.0,0.0,1994.8,2116.65,0,125,0,25017.75
2024-08-27,2024-09-05,23050,CE,0.0,0.0,0.0,2142.3,2008.1,0,0,0,25017.75
2024-08-27,2024-08-29,24200,PE,4.0,4.0,1.9,2.15,2.15,637556,3369300,-1302250,25017.75
2024-08-27,2024-09-26,24200,PE,94.25,99.95,82.1,90.1,90.1,17257,644675,2625,25017.75
2024-08-27,2024-09-26,22850,PE,16.25,24.9,16.25,19.75,9.4,47,850,-525,25017.75
2024-08-27,2024-09-12,22850,PE,0.0,0.0,0.0,74.45,0.95,0,0,0,25017.75
2024-08-27,2024-08-29,24700,PE,14.8,19.0,6.9,9.3,9.3,1181072,5016800,712475,25017.75
2024-08-27,2024-10-31,24700,CE,880.0,906.3,846.65,855.45,855.45,220,12050,-100,25017.75
2024-08-27,2024-09-26,23400,PE,35.75,36.6,30.8,33.35,33.35,14474,491200,74625,25017.75
2024-08-27,2024-10-31,22850,CE,0.0,0.0,0.0,2169.05,2514.45,0,0,0,25017.75
2024-08-27,2024-08-29,22850,PE,1.5,1.55,0.65,0.9,0.9,12059,38750,-9400,25017.75
2024-08-27,2024-09-05,22850,PE,0.0,0.0,0.0,4.6,0.05,0,2750,0,25017.75
2024-08-27,2028-12-28,20000,PE,0.0,0.0,0.0,405.0,172.35,0,1550,0,25017.75
2024-08-27,2025-06-26,20000,PE,0.0,0.0,0.0,125.0,39.8,0,458625,0,25017.75
2024-08-27,2028-06-29,20000,PE,0.0,0.0,0.0,400.0,170.45,0,0,0,25017.75
2024-08-27,2024-09-19,24350,CE,0.0,0.0,0.0,727.85,911.4,0,50,0,25017.75
2024-08-27,2024-10-03,24350,CE,0.0,0.0,0.0,951.8,1051.7,0,0,0,25017.75
2024-08-27,2024-08-29,24350,PE,13.0,13.0,2.35,2.75,2.75,144227,633725,68675,25017.75
2024-08-27,2024-09-05,23100,PE,4.5,4.5,2.7,3.05,3.05,1230,52625,5650,25017.75
2024-08-27,2024-09-19,23100,CE,0.0,0.0,0.0,1311.05,2029.0,0,0,0,25017.75
2024-08-27,2024-10-31,23100,CE,0.0,0.0,0.0,1969.9,2289.35,0,0,0,25017.75
2024-08-27,2024-09-12,23100,CE,0.0,0.0,0.0,1289.3,1991.85,0,0,0,25017.75
2024-08-27,2024-10-03,23100,CE,0.0,0.0,0.0,1954.35,2114.55,0,0,0,25017.75
2024-08-27,2024-10-03,26450,CE,0.0,0.0,0.0,128.05,135.05,0,0,0,25017.75
2024-08-27,2024-10-31,26450,PE,0.0,0.0,0.0,1836.8,1392.65,0,0,0,25017.75
2024-08-27,2024-10-31,26450,CE,0.0,0.0,0.0,98.75,300.65,0,125,0,25017.75
2024-08-27,2025-06-26,18000,CE,0.0,0.0,0.0,5600.0,8077.15,0,2250,0,25017.75
2024-08-27,2024-09-12,26550,CE,4.1,4.1,3.35,3.75,3.75,183,7100,2850,25017.75
2024-08-27,2025-06-26,18000,PE,0.0,0.0,0.0,110.05,5.25,0,300,0,25017.75
2024-08-27,2024-12-26,18000,PE,15.0,16.45,13.9,15.5,15.5,160,599925,2225,25017.75
2024-08-27,2024-09-26,26150,PE,0.0,0.0,0.0,1205.05,1126.7,0,275,0,25017.75
2024-08-27,2024-10-03,26150,PE,0.0,0.0,0.0,1303.4,1136.1,0,0,0,25017.75
2024-08-27,2024-08-29,22400,CE,2660.0,2664.0,2620.0,2620.0,2620.0,12,5025,-275,25017.75
2024-08-27,2024-10-03,25150,CE,420.2,420.2,394.0,394.0,556.8,3,25,25,25017.75
2024-08-27,2024-09-05,22400,PE,3.0,3.15,2.3,2.95,2.95,315,6300,5625,25017.75
2024-08-27,2024-10-31,25150,CE,582.6,827.65,582.6,827.65,800.4,14,350,350,25017.75
2024-08-27,2024-09-19,22400,PE,9.25,9.25,3.9,8.4,0.95,6,850,50,25017.75
2024-08-27,2024-09-19,22400,CE,0.0,0.0,0.0,1929.7,2718.4,0,0,0,25017.75
2024-08-27,2024-10-31,24300,PE,200.0,223.5,193.05,201.55,201.55,406,34800,6500,25017.75
2024-08-27,2024-09-12,25400,PE,416.0,421.5,367.55,404.7,404.7,280,3500,1900,25017.75
2024-08-27,2024-09-05,24900,PE,109.5,122.0,84.3,101.15,101.15,91221,662125,107975,25017.75
2024-08-27,2024-09-26,24900,CE,500.0,530.0,465.65,475.75,475.75,7577,419300,4125,25017.75
2024-08-27,2024-08-29,24900,CE,206.0,221.05,140.6,155.7,155.7,1119615,2467975,-300575,25017.75
2024-08-27,2024-09-12,24900,PE,160.0,175.0,138.0,157.3,157.3,4018,64850,8550,25017.75
2024-08-27,2024-08-29,25900,PE,892.45,900.0,837.0,881.75,881.75,51,4200,225,25017.75
2024-08-27,2024-09-05,25900,CE,5.05,5.15,3.2,3.5,3.5,27566,279750,180225,25017.75
2024-08-27,2024-10-03,25900,PE,0.0,0.0,0.0,1113.85,953.3,0,0,0,25017.75
2024-08-27,2024-10-03,25900,CE,0.0,0.0,0.0,241.15,261.25,0,0,0,25017.75
2024-08-27,2024-10-31,25900,PE,825.0,825.0,825.0,825.0,1018.95,1,75,25,25017.75
2024-08-27,2024-10-31,25900,CE,394.7,394.7,220.1,235.8,235.8,5,125,75,25017.75
2024-08-27,2024-09-12,25900,CE,22.7,22.8,15.85,16.85,16.85,2605,36525,28450,25017.75
2024-08-27,2024-09-05,25900,PE,0.0,0.0,0.0,948.45,870.6,0,0,0,25017.75
2024-08-27,2024-09-19,25900,PE,0.0,0.0,0.0,1648.4,914.1,0,0,0,25017.75
2024-08-27,2024-09-26,25900,PE,810.0,828.9,780.0,826.0,826.0,32,2150,-300,25017.75
2024-08-27,2024-09-19,25900,CE,0.0,0.0,0.0,71.8,147.15,0,0,0,25017.75
2024-08-27,2024-09-26,25900,CE,73.0,78.15,61.75,63.85,63.85,14501,300100,41025,25017.75
2024-08-27,2024-08-29,25900,CE,0.85,0.95,0.45,0.55,0.55,158443,1152850,-158675,25017.75
2024-08-27,2024-09-12,25900,PE,0.0,0.0,0.0,1672.6,891.0,0,0,0,25017.75
2024-08-27,2024-10-31,24400,PE,228.0,237.7,214.85,224.8,224.8,466,64550,1275,25017.75
2024-08-27,2024-09-26,24400,CE,870.0,912.0,836.15,845.0,845.0,1468,77550,5175,25017.75
2024-08-27,2024-10-03,24600,PE,0.0,0.0,0.0,376.9,278.6,0,0,0,25017.75
2024-08-27,2024-09-12,24600,PE,90.4,92.35,71.15,79.85,79.85,3771,43925,7975,25017.75
2024-08-27,2024-09-26,22000,CE,3139.8,3194.4,3103.7,3118.8,3118.8,1634,390575,6350,25017.75
2024-08-27,2026-06-25,22000,PE,0.0,0.0,0.0,3829.5,302.65,0,0,0,25017.75
2024-08-27,2024-10-31,22800,PE,55.8,56.2,45.7,48.5,48.5,27,160950,0,25017.75
2024-08-27,2024-08-29,22800,PE,1.6,1.6,0.75,0.9,0.9,46562,463900,-66975,25017.75
2024-08-27,2024-09-19,22550,CE,0.0,0.0,0.0,1791.2,2569.7,0,0,0,25017.75
2024-08-27,2024-10-31,22800,CE,0.0,0.0,0.0,2209.85,2560.15,0,0,0,25017.75
2024-08-27,2024-10-31,22550,CE,0.0,0.0,0.0,2418.35,2791.7,0,0,0,25017.75
2024-08-27,2024-09-19,22800,CE,0.0,0.0,0.0,1566.8,2322.75,0,0,0,25017.75
2024-08-27,2026-12-31,14000,PE,0.0,0.0,0.0,24.2,2.1,0,1000,0,25017.75
2024-08-27,2025-06-26,14000,PE,0.0,0.0,0.0,20.05,0.05,0,1375,0,25017.75
2024-08-27,2024-08-29,23450,CE,1590.15,1633.7,1568.75,1600.0,1576.85,97,4800,-1850,25017.75
2024-08-27,2024-10-31,23450,PE,126.25,126.25,126.25,126.25,126.25,1,100,0,25017.75
2024-08-27,2024-09-12,23450,CE,0.0,0.0,0.0,1018.0,1648.9,0,0,0,25017.75
2024-08-27,2024-09-26,23450,PE,35.1,39.4,32.95,34.3,34.3,484,4375,-150,25017.75
2024-08-27,2024-09-12,26550,PE,0.0,0.0,0.0,2273.0,1470.45,0,0,0,25017.75
2024-08-27,2027-12-30,18000,PE,0.0,0.0,0.0,169.0,67.55,0,10100,0,25017.75
2024-08-27,2024-08-29,26150,PE,1180.6,1180.6,1066.25,1104.45,1122.15,5,2100,75,25017.75
2024-08-27,2024-09-12,26150,PE,0.0,0.0,0.0,1898.6,1103.85,0,0,0,25017.75
2024-08-27,2024-10-03,26150,CE,0.0,0.0,0.0,182.75,195.85,0,0,0,25017.75
2024-08-27,2024-08-29,21550,PE,0.85,2.75,0.4,0.55,0.55,2146,21350,10450,25017.75
2024-08-27,2024-08-29,26100,PE,1040.0,1091.2,1030.0,1091.2,1091.2,6,2750,-50,25017.75
2024-08-27,2024-10-03,24400,CE,0.0,0.0,0.0,918.8,1014.6,0,25,0,25017.75
2024-08-27,2024-09-05,24400,PE,27.95,29.7,18.65,21.0,21.0,47279,380825,68500,25017.75
2024-08-27,2024-08-29,24400,CE,649.45,695.45,584.0,620.25,620.25,5750,783100,-56225,25017.75
2024-08-27,2024-08-29,24400,PE,5.05,5.8,2.65,3.05,3.05,683820,4450000,1214225,25017.75
2024-08-27,2024-10-31,22950,PE,66.55,66.55,66.55,66.55,66.55,2,1925,50,25017.75
2024-08-27,2024-08-29,22050,CE,0.0,0.0,0.0,2790.0,2976.3,0,475,0,25017.75
2024-08-27,2024-08-29,22050,PE,0.95,1.15,0.55,0.7,0.7,2753,24900,4925,25017.75
2024-08-27,2024-09-19,25250,PE,0.0,0.0,0.0,1107.75,482.05,0,0,0,25017.75
2024-08-27,2024-09-12,25250,CE,168.25,192.3,151.25,157.0,157.0,385,8275,3825,25017.75
2024-08-27,2024-10-03,24850,CE,0.0,0.0,0.0,645.0,720.5,0,75,0,25017.75
2024-08-27,2024-09-26,24850,CE,540.05,565.0,505.0,510.75,510.75,407,27650,4050,25017.75
2024-08-27,2024-10-03,24850,PE,0.0,0.0,0.0,483.25,370.3,0,0,0,25017.75
2024-08-27,2024-09-05,24850,CE,341.9,358.5,288.3,300.95,300.95,3019,35350,-3100,25017.75
2024-08-27,2024-09-05,25100,CE,175.35,189.8,140.0,147.7,147.7,124092,636600,273975,25017.75
2024-08-27,2024-10-03,25100,PE,348.0,348.2,330.7,339.6,339.6,106,475,475,25017.75
2024-08-27,2024-09-19,23750,PE,48.7,48.7,48.7,48.7,42.2,1,25,25,25017.75
2024-08-27,2024-09-26,23750,CE,0.0,0.0,0.0,1450.0,1470.05,0,275,0,25017.75
2024-08-27,2024-09-19,23750,CE,0.0,0.0,0.0,826.0,1415.65,0,0,0,25017.75
2024-08-27,2024-10-31,23650,CE,0.0,0.0,0.0,1563.25,1819.3,0,0,0,25017.75
2024-08-27,2024-09-19,23650,PE,0.0,0.0,0.0,235.5,33.75,0,0,0,25017.75
2024-08-27,2024-09-05,23650,CE,0.0,0.0,0.0,1184.1,1412.05,0,0,0,25017.75
2024-08-27,2024-10-03,23650,CE,0.0,0.0,0.0,1476.8,1614.6,0,0,0,25017.75
2024-08-27,2028-06-29,25000,CE,0.0,0.0,0.0,3545.15,6879.55,0,0,0,25017.75
2024-08-27,2024-08-29,25800,PE,800.0,819.55,709.25,783.25,783.25,267,18550,-1575,25017.75
2024-08-27,2024-09-19,25000,CE,416.0,416.0,340.95,353.7,353.7,919,13925,1500,25017.75
2024-08-27,2026-06-25,25000,CE,0.0,0.0,0.0,1510.4,4029.35,0,0,0,25017.75
2024-08-27,2028-12-28,25000,PE,0.0,0.0,0.0,1311.0,728.95,0,100,0,25017.75
2024-08-27,2024-09-12,25000,CE,310.0,333.25,277.15,283.25,283.25,17022,186225,27650,25017.75
2024-08-27,2024-10-03,25000,PE,311.5,327.95,281.5,309.05,309.05,189,3725,1600,25017.75
2024-08-27,2024-10-31,25800,CE,0.0,0.0,0.0,479.05,506.95,0,0,0,25017.75
2024-08-27,2027-12-30,25000,PE,0.0,0.0,0.0,2948.45,812.0,0,0,0,25017.75
2024-08-27,2026-12-31,25000,CE,0.0,0.0,0.0,1811.2,4817.65,0,0,0,25017.75
2024-08-27,2024-09-26,25000,CE,490.0,490.0,397.1,412.3,412.3,96599,3241075,-90500,25017.75
2024-08-27,2025-03-27,25000,CE,1489.95,1563.05,1489.95,1503.1,1503.1,337,52950,3275,25017.75
2024-08-27,2024-10-03,25800,PE,0.0,0.0,0.0,1041.9,884.55,0,0,0,25017.75
2024-08-27,2028-12-28,25000,CE,0.0,0.0,0.0,5350.4,7511.05,0,0,0,25017.75
2024-08-27,2024-09-05,25000,PE,140.0,161.3,114.1,137.2,137.2,274622,1576375,382150,25017.75
2024-08-27,2024-10-31,25800,PE,775.0,775.0,775.0,775.0,957.35,1,150,25,25017.75
2024-08-27,2025-06-26,25000,PE,780.95,780.95,780.95,780.95,848.05,1,175,25,25017.75
2024-08-27,2024-10-03,23700,PE,68.8,68.8,61.3,64.35,79.4,5,100,75,25017.75
2024-08-27,2024-09-26,23700,CE,1490.0,1501.0,1482.0,1492.45,1514.1,35,5025,675,25017.75
2024-08-27,2024-09-05,23700,PE,7.1,7.3,5.0,5.2,5.2,8470,132300,15775,25017.75
2024-08-27,2024-09-05,23250,PE,4.65,6.45,3.0,3.55,3.55,496,4225,-1725,25017.75
2024-08-27,2024-09-19,22600,CE,0.0,0.0,0.0,1745.65,2520.2,0,0,0,25017.75
2024-08-27,2024-08-29,20900,CE,0.0,0.0,0.0,3936.8,4125.9,0,3300,0,25017.75
2024-08-27,2024-09-19,25050,CE,354.9,370.8,322.0,322.6,322.6,397,1400,425,25017.75
2024-08-27,2024-09-05,25050,CE,203.45,219.6,166.0,174.85,174.85,66410,274375,182225,25017.75
2024-08-27,2024-08-29,21250,PE,1.5,1.5,0.5,0.65,0.65,2275,59575,12050,25017.75
2024-08-27,2024-10-31,22250,CE,0.0,0.0,0.0,2677.5,3075.0,0,0,0,25017.75
2024-08-27,2024-09-12,23000,PE,7.45,9.3,5.25,6.4,6.4,3344,72575,26975,25017.75
2024-08-27,2024-10-31,23550,PE,0.0,0.0,0.0,322.15,131.1,0,0,0,25017.75
2024-08-27,2028-06-29,23000,CE,0.0,0.0,0.0,4323.1,8078.25,0,0,0,25017.75
2024-08-27,2024-09-26,23000,PE,25.05,25.9,21.6,22.85,22.85,32236,2221175,84000,25017.75
2024-08-27,2024-09-26,23550,CE,1602.8,1650.0,1598.25,1643.8,1648.55,126,2600,2150,25017.75
2024-08-27,2027-06-24,23000,CE,0.0,0.0,0.0,2530.05,6762.55,0,0,0,25017.75
2024-08-27,2024-10-31,24850,PE,327.0,330.0,327.0,330.0,479.7,2,1250,25,25017.75
2024-08-27,2024-09-19,24850,PE,180.1,188.0,170.0,186.05,186.05,21,800,25,25017.75
2024-08-27,2024-09-12,24850,PE,133.7,160.3,123.15,140.5,140.5,395,16650,725,25017.75
2024-08-27,2024-09-12,24850,CE,412.35,430.0,370.0,379.45,379.45,307,4950,-525,25017.75
2024-08-27,2024-10-31,24850,CE,769.95,775.15,758.2,766.6,766.6,72,1400,500,25017.75
2024-08-27,2024-09-19,25100,CE,321.0,342.1,290.5,297.6,297.6,293,5775,2325,25017.75
2024-08-27,2024-10-03,25100,CE,442.85,444.3,402.0,405.3,405.3,95,825,825,25017.75
2024-08-27,2024-08-29,23450,PE,3.0,3.0,1.2,1.35,1.35,40852,376725,7250,25017.75
2024-08-27,2024-09-05,24450,PE,32.6,33.2,21.45,24.35,24.35,20128,146675,51825,25017.75
2024-08-27,2024-09-26,24450,PE,132.0,138.0,116.45,129.45,129.45,1083,41275,-1250,25017.75
2024-08-27,2024-09-12,24450,CE,724.6,724.6,724.6,724.6,757.9,1,475,25,25017.75
2024-08-27,2024-10-03,24450,CE,0.0,0.0,0.0,886.45,979.2,0,0,0,25017.75
2024-08-27,2024-08-29,24450,PE,7.0,7.0,2.85,3.35,3.35,249546,893125,-10950,25017.75
2024-08-27,2024-09-12,24450,PE,65.3,66.55,48.65,57.1,57.1,249,2300,1900,25017.75
2024-08-27,2024-10-31,24450,PE,0.0,0.0,0.0,253.75,337.5,0,3225,0,25017.75
2024-08-27,2024-08-29,24450,CE,599.2,647.95,545.85,575.45,575.45,1009,70025,-7575,25017.75
2024-08-27,2024-09-19,26600,PE,0.0,0.0,0.0,2294.8,1507.55,0,0,0,25017.75
2024-08-27,2024-09-05,26700,PE,0.0,0.0,0.0,1587.55,1637.45,0,0,0,25017.75
2024-08-27,2024-09-19,26700,PE,0.0,0.0,0.0,2390.4,1599.35,0,0,0,25017.75
2024-08-27,2024-09-05,26050,CE,4.3,4.3,2.3,2.6,2.6,2147,33175,11025,25017.75
2024-08-27,2025-03-27,21000,CE,0.0,0.0,0.0,3110.65,4937.55,0,0,0,25017.75
2024-08-27,2024-09-26,21000,CE,4122.0,4170.0,4075.45,4097.1,4097.1,1693,196450,39875,25017.75
2024-08-27,2024-09-05,26050,PE,977.7,977.7,940.15,940.15,1007.65,2,25,25,25017.75
2024-08-27,2028-06-29,21000,CE,0.0,0.0,0.0,5226.55,9378.6,0,0,0,25017.75
2024-08-27,2024-10-31,26050,CE,0.0,0.0,0.0,404.9,417.95,0,0,0,25017.75
2024-08-27,2024-10-03,26050,CE,0.0,0.0,0.0,204.65,220.1,0,0,0,25017.75
2024-08-27,2025-12-24,21000,PE,0.0,0.0,0.0,244.05,150.25,0,10050,0,25017.75
2024-08-27,2024-08-29,21300,CE,0.0,0.0,0.0,3493.6,3726.05,0,2150,0,25017.75
2024-08-27,2024-09-26,26100,PE,980.0,999.25,945.0,998.2,998.2,149,4300,3150,25017.75
2024-08-27,2024-09-26,26100,CE,39.25,45.25,33.75,34.7,34.7,13097,259725,29700,25017.75
2024-08-27,2024-09-12,24300,PE,48.65,52.7,36.45,40.65,40.65,2504,55525,12225,25017.75
2024-08-27,2024-09-26,25400,CE,220.0,240.35,200.0,206.85,206.85,9144,253125,19875,25017.75
2024-08-27,2024-10-31,25400,PE,553.75,575.3,553.75,560.0,732.1,14,925,350,25017.75
2024-08-27,2024-09-05,24300,CE,812.2,845.0,760.0,780.55,780.55,273,33575,175,25017.75
2024-08-27,2024-09-05,24300,PE,22.1,22.9,13.0,15.35,15.35,53795,686725,303625,25017.75
2024-08-27,2024-08-29,24900,PE,47.4,61.95,25.9,37.05,37.05,2341707,5781175,-225275,25017.75
2024-08-27,2024-10-31,24900,PE,370.0,374.95,337.45,361.4,361.4,289,21775,1650,25017.75
2024-08-27,2024-08-29,21800,CE,3233.2,3250.0,3225.0,3248.0,3226.25,9,1975,-200,25017.75
2024-08-27,2024-09-26,24600,PE,162.0,169.2,141.75,159.65,159.65,24614,445850,79300,25017.75
2024-08-27,2027-06-24,24000,CE,0.0,0.0,0.0,2299.55,6117.55,0,0,0,25017.75
2024-08-27,2024-12-26,24000,CE,1752.7,1785.05,1715.05,1729.75,1729.75,847,700250,575,25017.75
2024-08-27,2024-12-26,22000,CE,3500.0,3535.55,3458.3,3480.4,3480.4,491,421100,-350,25017.75
2024-08-27,2029-06-28,22000,PE,0.0,0.0,0.0,422.0,321.3,0,0,0,25017.75
2024-08-27,2024-10-31,24000,CE,1434.55,1464.2,1384.65,1395.4,1395.4,258,102175,825,25017.75
2024-08-27,2024-12-26,22000,PE,106.85,109.5,95.2,97.15,97.15,5183,2298350,-17750,25017.75
2024-08-27,2024-09-26,24500,CE,808.0,833.0,753.9,766.6,766.6,8565,823750,-32675,25017.75
2024-08-27,2024-08-29,22100,CE,2880.0,2930.0,2880.0,2920.0,2920.0,22,3225,-550,25017.75
2024-08-27,2024-09-05,24500,CE,618.0,661.8,569.0,594.9,594.9,4009,156750,700,25017.75
2024-08-27,2024-09-12,24500,CE,680.0,705.0,635.6,649.65,649.65,118,8825,250,25017.75
2024-08-27,2024-09-26,24500,PE,145.0,149.95,125.0,140.0,140.0,54011,2331700,-500,25017.75
2024-08-27,2024-08-29,24500,CE,540.05,598.95,486.1,523.25,523.25,55617,2539600,-208975,25017.75
2024-08-27,2024-09-19,24500,PE,108.8,113.25,90.45,100.0,100.0,1157,22525,8150,25017.75
2024-08-27,2024-09-05,25100,PE,189.95,209.1,152.0,181.85,181.85,94913,408725,143525,25017.75
2024-08-27,2024-10-31,25100,PE,443.85,448.6,411.0,439.1,439.1,348,13900,5150,25017.75
2024-08-27,2024-08-29,25100,PE,130.0,164.85,86.65,125.35,125.35,1971065,1496650,-143675,25017.75
2024-08-27,2024-09-12,25100,PE,243.15,259.0,209.6,236.45,236.45,3365,50450,23275,25017.75
2024-08-27,2024-09-26,25100,PE,319.95,334.95,286.5,318.9,318.9,15559,275925,39950,25017.75
2024-08-27,2024-09-26,23600,CE,1573.0,1611.1,1557.3,1557.3,1557.3,365,9125,7025,25017.75
2024-08-27,2024-09-19,23600,CE,0.0,0.0,0.0,928.05,1552.9,0,0,0,25017.75
2024-08-27,2024-09-26,22800,CE,0.0,0.0,0.0,2370.0,2358.35,0,1075,0,25017.75
2024-08-27,2024-09-26,22550,PE,16.2,22.95,15.3,15.35,15.35,291,5300,1075,25017.75
2024-08-27,2024-10-31,22550,PE,46.8,47.0,46.0,46.0,46.0,42,1275,275,25017.75
2024-08-27,2024-08-29,22550,PE,1.85,2.95,0.6,0.85,0.85,9635,22625,-2400,25017.75
2024-08-27,2024-09-12,22800,CE,2299.45,2299.45,2299.45,2299.45,2289.2,1,25,25,25017.75
2024-08-27,2024-10-03,24400,PE,158.4,158.4,139.9,140.0,217.65,17,325,325,25017.75
2024-08-27,2024-09-12,24400,CE,737.7,802.0,723.7,739.85,739.85,78,2750,-975,25017.75
2024-08-27,2024-10-31,24600,PE,292.0,292.0,260.0,276.45,276.45,923,38400,14500,25017.75
2024-08-27,2024-09-26,24000,PE,74.1,76.95,63.7,69.1,69.1,64415,3261025,166425,25017.75
2024-08-27,2029-06-28,24000,PE,0.0,0.0,0.0,686.6,544.4,0,0,0,25017.75
2024-08-27,2026-06-25,24000,CE,0.0,0.0,0.0,1698.3,4656.0,0,0,0,25017.75
2024-08-27,2026-06-25,28000,CE,0.0,0.0,0.0,1533.95,2485.3,0,0,0,25017.75
2024-08-27,2025-06-26,28000,PE,0.0,0.0,0.0,7207.55,2319.85,0,0,0,25017.75
2024-08-27,2026-12-31,28000,CE,0.0,0.0,0.0,1871.1,3240.2,0,0,0,25017.75
2024-08-27,2029-06-28,28000,PE,0.0,0.0,0.0,1488.1,1254.9,0,0,0,25017.75
2024-08-27,2028-06-29,28000,CE,0.0,0.0,0.0,2596.45,5300.05,0,0,0,25017.75
2024-08-27,2028-12-28,28000,CE,0.0,0.0,0.0,4027.15,5947.45,0,0,0,25017.75
2024-08-27,2025-03-27,28000,CE,0.0,0.0,0.0,264.0,599.3,0,0,0,25017.75
2024-08-27,2024-09-26,28000,PE,2815.0,2855.0,2756.35,2840.15,2840.15,5155,172500,115025,25017.75
2024-08-27,2025-12-24,28000,CE,1130.0,1175.0,1111.0,1175.0,1734.35,10,9000,-25,25017.75
2024-08-27,2024-08-29,20450,PE,0.55,2.4,0.25,0.6,0.6,3700,18775,5400,25017.75
2024-08-27,2024-09-19,26550,PE,0.0,0.0,0.0,2247.25,1462.15,0,0,0,25017.75
2024-08-27,2025-12-24,18000,PE,0.0,0.0,0.0,123.95,18.35,0,2975,0,25017.75
2024-08-27,2027-06-24,18000,PE,0.0,0.0,0.0,264.2,58.55,0,25,0,25017.75
2024-08-27,2024-10-31,26550,PE,0.0,0.0,0.0,1913.3,1467.7,0,0,0,25017.75
2024-08-27,2024-10-03,26550,CE,27.0,27.65,18.4,20.3,118.55,36,6175,25,25017.75
2024-08-27,2024-09-12,25300,PE,342.25,369.5,306.5,345.65,345.65,684,4450,1900,25017.75
2024-08-27,2024-09-12,25300,CE,160.2,167.95,130.0,134.5,134.5,2836,30550,12750,25017.75
2024-08-27,2024-10-31,25300,CE,486.25,510.0,478.0,480.4,480.4,509,17425,6325,25017.75
2024-08-27,2024-09-19,25300,CE,205.0,230.0,190.65,194.5,194.5,225,2300,775,25017.75
2024-08-27,2024-09-26,26400,PE,1283.1,1283.1,1227.0,1228.0,1331.15,5,150,75,25017.75
2024-08-27,2024-10-31,26150,CE,0.0,0.0,0.0,168.0,385.8,0,9525,0,25017.75
2024-08-27,2024-08-29,26150,CE,0.55,0.6,0.3,0.35,0.35,28999,222225,74100,25017.75
2024-08-27,2024-09-19,26150,PE,0.0,0.0,0.0,1873.65,1114.1,0,0,0,25017.75
2024-08-27,2024-09-05,25150,PE,211.7,237.75,174.9,207.5,207.5,10001,51725,19350,25017.75
2024-08-27,2024-10-31,22400,PE,44.2,46.4,34.5,34.5,26.8,90,58125,-1600,25017.75
2024-08-27,2024-10-31,26100,PE,1000.0,1000.0,976.95,976.95,1148.15,2,500,50,25017.75
2024-08-27,2024-10-31,26100,CE,0.0,0.0,0.0,391.2,401.65,0,0,0,25017.75
2024-08-27,2024-08-29,26100,CE,0.6,0.65,0.3,0.35,0.35,281992,2827950,-19625,25017.75
2024-08-27,2024-09-12,22700,PE,0.0,0.0,0.0,57.2,0.5,0,0,0,25017.75
2024-08-27,2024-09-05,22700,PE,3.25,3.5,2.1,2.1,2.1,244,10150,-550,25017.75
2024-08-27,2024-09-05,23050,PE,1.3,4.2,1.3,2.75,2.75,21,325,0,25017.75
2024-08-27,2024-09-19,23050,PE,0.0,0.0,0.0,21.4,7.3,0,25,0,25017.75
2024-08-27,2024-10-03,23050,CE,0.0,0.0,0.0,1999.85,2161.6,0,0,0,25017.75
2024-08-27,2024-10-03,24150,CE,0.0,0.0,0.0,1090.2,1201.2,0,0,0,25017.75
2024-08-27,2024-09-26,24150,CE,1099.9,1099.9,1051.35,1051.4,1051.4,22,7475,500,25017.75
2024-08-27,2024-09-19,25300,PE,0.0,0.0,0.0,1146.45,510.05,0,0,0,25017.75
2024-08-27,2024-09-26,25300,PE,405.45,432.45,374.25,418.3,418.3,12192,123600,32650,25017.75
2024-08-27,2024-08-29,25300,PE,280.8,328.05,219.05,287.8,287.8,120581,318800,-36775,25017.75
2024-08-27,2024-10-03,24200,CE,0.0,0.0,0.0,1054.7,1162.75,0,0,0,25017.75
2024-08-27,2024-09-12,24200,CE,938.55,1001.2,900.0,917.05,959.35,11,2375,75,25017.75
2024-08-27,2024-10-03,24200,PE,0.0,0.0,0.0,241.6,167.3,0,0,0,25017.75
2024-08-27,2024-09-05,24200,CE,902.5,935.0,848.0,871.25,871.25,621,30825,3775,25017.75
2024-08-27,2024-09-19,22850,CE,0.0,0.0,0.0,1523.05,2273.5,0,0,0,25017.75
2024-08-27,2024-10-31,22850,PE,55.0,55.0,55.0,55.0,52.8,1,225,0,25017.75
2024-08-27,2027-06-24,20000,CE,0.0,0.0,0.0,3367.05,8885.45,0,0,0,25017.75
2024-08-27,2025-12-24,20000,CE,0.0,0.0,0.0,6300.0,6937.45,0,550,0,25017.75
2024-08-27,2026-12-31,20000,CE,0.0,0.0,0.0,3704.3,8292.45,0,0,0,25017.75
2024-08-27,2024-09-26,20000,CE,5108.65,5152.95,5060.0,5095.6,5095.6,277,329450,-1750,25017.75
2024-08-27,2028-06-29,20000,CE,0.0,0.0,0.0,5724.65,10061.15,0,0,0,25017.75
2024-08-27,2026-06-25,20000,CE,0.0,0.0,0.0,3829.5,7620.95,0,0,0,25017.75
2024-08-27,2027-06-24,20000,PE,0.0,0.0,0.0,3034.2,154.9,0,0,0,25017.75
2024-08-27,2024-09-26,20000,PE,6.0,6.2,5.05,5.4,5.4,2552,629400,8950,25017.75
2024-08-27,2024-09-19,24850,CE,467.55,495.5,435.6,441.9,441.9,28,975,225,25017.75
2024-08-27,2024-09-12,24050,CE,0.0,0.0,0.0,1073.9,1088.85,0,375,0,25017.75
2024-08-27,2024-09-19,24050,CE,0.0,0.0,0.0,641.85,1153.1,0,0,0,25017.75
2024-08-27,2024-10-03,24050,CE,0.0,0.0,0.0,1163.35,1279.9,0,0,0,25017.75
2024-08-27,2024-09-26,24050,CE,1176.95,1176.95,1176.95,1176.95,1215.65,1,2975,-25,25017.75
2024-08-27,2024-10-03,24050,PE,135.0,135.0,135.0,135.0,135.55,1,25,25,25017.75
2024-08-27,2024-09-05,24050,CE,0.0,0.0,0.0,1058.25,1025.8,0,1075,0,25017.75
2024-08-27,2024-12-26,16000,CE,0.0,0.0,0.0,9100.0,9398.75,0,21750,0,25017.75
2024-08-27,2024-10-31,22450,CE,0.0,0.0,0.0,2503.7,2885.55,0,0,0,25017.75
2024-08-27,2024-09-26,22450,PE,0.0,0.0,0.0,17.0,3.25,0,4125,0,25017.75
2024-08-27,2024-10-31,22300,PE,42.65,44.65,34.15,36.15,36.15,77,158150,500,25017.75
2024-08-27,2024-09-05,22300,PE,3.1,3.25,2.45,2.6,2.6,822,54650,5550,25017.75
2024-08-27,2024-10-31,22300,CE,2951.0,2951.0,2951.0,2951.0,3027.45,2,325,50,25017.75
2024-08-27,2024-08-29,22300,CE,2766.0,2766.0,2742.0,2742.0,2726.4,4,1800,-25,25017.75
2024-08-27,2024-09-05,22450,CE,0.0,0.0,0.0,2722.35,2606.95,0,0,0,25017.75
2024-08-27,2024-09-26,22300,PE,15.35,15.45,13.2,13.55,13.55,4701,236125,-450,25017.75
2024-08-27,2024-08-29,22450,PE,0.7,1.35,0.7,0.85,0.85,2853,15575,-8200,25017.75
2024-08-27,2024-09-26,22300,CE,2850.0,2850.0,2560.5,2560.5,2849.25,23,1950,525,25017.75
2024-08-27,2024-08-29,22100,PE,1.2,1.35,0.65,0.8,0.8,80283,952250,-234650,25017.75
2024-08-27,2024-09-12,24500,PE,70.6,74.65,57.15,64.05,64.05,12244,198100,103125,25017.75
2024-08-27,2024-09-19,24500,CE,750.0,753.0,699.05,702.25,800.05,18,950,-75,25017.75
2024-08-27,2024-09-19,23050,CE,0.0,0.0,0.0,1352.5,2077.65,0,0,0,25017.75
2024-08-27,2024-10-31,22900,PE,57.75,60.35,57.75,57.75,56.65,4,94075,-25,25017.75
2024-08-27,2024-09-19,26500,PE,0.0,0.0,0.0,2199.85,1417.1,0,0,0,25017.75
2024-08-27,2024-09-26,26500,PE,1326.85,1378.95,1286.1,1367.55,1367.55,775,76675,3275,25017.75
2024-08-27,2024-09-05,26500,CE,1.8,1.8,1.45,1.55,1.55,4585,114750,2650,25017.75
2024-08-27,2024-10-03,26500,PE,0.0,0.0,0.0,1588.15,1414.25,0,0,0,25017.75
2024-08-27,2024-08-29,26500,PE,1480.0,1499.75,1412.9,1480.4,1480.4,227,74125,-2425,25017.75
2024-08-27,2024-12-26,23000,CE,2617.85,2625.0,2561.6,2569.55,2569.55,379,475575,800,25017.75
2024-08-27,2025-06-26,23000,PE,360.0,360.0,349.9,349.9,349.9,30,7400,50,25017.75
2024-08-27,2024-08-29,23550,CE,1464.15,1520.0,1455.0,1508.15,1476.9,47,10100,-375,25017.75
2024-08-27,2028-12-28,23000,CE,0.0,0.0,0.0,6377.6,8681.8,0,0,0,25017.75
2024-08-27,2024-09-19,23000,PE,14.0,14.1,10.3,11.2,11.2,359,17450,3000,25017.75
2024-08-27,2024-09-05,23550,CE,1530.0,1530.0,1498.45,1498.45,1498.45,2,50,25,25017.75
2024-08-27,2024-08-29,23550,PE,2.45,2.45,1.25,1.4,1.4,46121,308375,5625,25017.75
2024-08-27,2024-09-26,23550,PE,36.2,40.9,35.0,39.45,39.45,307,4925,0,25017.75
2024-08-27,2024-08-29,24550,PE,10.0,10.0,3.5,4.3,4.3,352450,1211800,-16050,25017.75
2024-08-27,2024-10-03,25550,PE,0.0,0.0,0.0,872.2,724.2,0,0,0,25017.75
2024-08-27,2024-09-26,25550,PE,556.65,565.0,521.0,563.7,563.7,96,3150,-900,25017.75
2024-08-27,2024-10-03,25550,CE,0.0,0.0,0.0,346.55,379.55,0,0,0,25017.75
2024-08-27,2024-09-12,25550,PE,0.0,0.0,0.0,1370.55,624.0,0,0,0,25017.75
2024-08-27,2024-09-12,25500,PE,471.15,505.0,431.25,481.15,481.15,481,5750,1650,25017.75
2024-08-27,2024-10-31,25500,CE,400.0,411.0,373.2,380.35,380.35,2610,296675,10225,25017.75
2024-08-27,2024-08-29,25500,CE,3.15,3.55,1.3,1.55,1.55,1599263,8404025,572600,25017.75
2024-08-27,2024-10-03,23850,CE,0.0,0.0,0.0,1315.9,1443.5,0,0,0,25017.75
2024-08-27,2024-09-26,23850,PE,60.35,61.15,50.6,55.45,55.45,384,31325,-450,25017.75
2024-08-27,2024-10-03,23150,CE,0.0,0.0,0.0,1909.2,2067.7,0,0,0,25017.75
2024-08-27,2024-09-26,23150,PE,0.0,0.0,0.0,62.15,19.05,0,2975,0,25017.75
2024-08-27,2024-09-19,22700,CE,0.0,0.0,0.0,1655.5,2421.35,0,0,0,25017.75
2024-08-27,2024-10-31,22700,PE,50.0,50.0,40.45,44.15,44.15,116,99950,575,25017.75
2024-08-27,2024-08-29,21450,CE,0.0,0.0,0.0,3390.6,3576.1,0,275,0,25017.75
2024-08-27,2024-08-29,20500,CE,4515.0,4587.15,4481.7,4513.5,4513.5,2029,96475,-47100,25017.75
2024-08-27,2024-08-29,20500,PE,0.55,0.7,0.3,0.4,0.4,32379,482675,-138900,25017.75
2024-08-27,2024-08-29,23150,CE,1910.0,1910.0,1910.0,1910.0,1876.75,24,1275,-400,25017.75
2024-08-27,2024-09-19,23150,CE,0.0,0.0,0.0,1270.1,1980.45,0,0,0,25017.75
2024-08-27,2024-09-19,25950,PE,0.0,0.0,0.0,1692.8,952.85,0,0,0,25017.75
2024-08-27,2024-09-05,25950,PE,0.0,0.0,0.0,984.3,915.7,0,0,0,25017.75
2024-08-27,2024-08-29,25950,CE,0.85,0.85,0.45,0.5,0.5,39482,204675,-22725,25017.75
2024-08-27,2024-08-29,23500,PE,1.8,2.0,1.1,1.25,1.25,421070,5721650,-293325,25017.75
2024-08-27,2024-09-05,23500,CE,1567.4,1622.0,1555.6,1562.05,1562.05,168,18175,2150,25017.75
2024-08-27,2024-09-12,22500,CE,0.0,0.0,0.0,1812.55,2587.7,0,0,0,25017.75
2024-08-27,2024-10-31,22500,PE,40.1,45.6,38.15,39.75,39.75,2201,297475,-15525,25017.75
2024-08-27,2024-09-12,22500,PE,5.5,5.5,4.5,4.75,4.75,1206,34675,19250,25017.75
2024-08-27,2024-09-19,23500,PE,20.9,23.65,18.0,18.5,18.5,258,18125,2000,25017.75
2024-08-27,2024-10-03,23500,PE,52.55,53.85,46.35,51.45,51.45,34,2175,350,25017.75
2024-08-27,2024-12-26,29000,PE,0.0,0.0,0.0,7446.8,3412.15,0,0,0,25017.75
2024-08-27,2026-06-25,29000,CE,0.0,0.0,0.0,864.2,2082.85,0,0,0,25017.75
2024-08-27,2025-12-24,29000,PE,0.0,0.0,0.0,6099.3,2694.7,0,0,0,25017.75
2024-08-27,2028-06-29,29000,PE,0.0,0.0,0.0,3595.9,1750.55,0,0,0,25017.75
2024-08-27,2027-12-30,17000,PE,0.0,0.0,0.0,90.0,39.95,0,14200,0,25017.75
2024-08-27,2024-08-29,23800,PE,2.95,2.95,1.45,1.65,1.65,333041,2643100,-256000,25017.75
2024-08-27,2024-09-26,23800,CE,1400.0,1440.0,1347.45,1405.4,1426.45,75,9025,75,25017.75
2024-08-27,2024-09-19,23350,CE,0.0,0.0,0.0,1111.0,1788.05,0,25,0,25017.75
2024-08-27,2024-08-29,23350,CE,1725.1,1758.75,1704.35,1704.35,1676.85,26,7100,0,25017.75
2024-08-27,2024-10-03,26400,PE,0.0,0.0,0.0,1504.65,1332.35,0,0,0,25017.75
2024-08-27,2024-09-05,26400,PE,0.0,0.0,0.0,1333.25,1342.2,0,0,0,25017.75
2024-08-27,2024-10-03,26400,CE,0.0,0.0,0.0,136.1,143.95,0,0,0,25017.75
2024-08-27,2024-08-29,26400,PE,0.0,0.0,0.0,1368.85,1372.05,0,2875,0,25017.75
2024-08-27,2024-09-19,26400,CE,13.75,13.75,8.7,10.3,10.3,133,3150,-350,25017.75
2024-08-27,2025-12-24,19500,CE,0.0,0.0,0.0,5900.0,7368.15,0,1500,0,25017.75
2024-08-27,2024-08-29,21100,PE,1.4,1.4,0.45,0.65,0.65,2118,24225,-275,25017.75
2024-08-27,2024-09-12,22350,CE,0.0,0.0,0.0,1951.4,2737.15,0,0,0,25017.75
2024-08-27,2024-10-31,22350,CE,0.0,0.0,0.0,2590.15,2980.0,0,0,0,25017.75
2024-08-27,2024-08-29,21950,PE,1.1,1.1,0.45,0.5,0.5,3478,32950,18050,25017.75
2024-08-27,2024-09-26,22350,PE,16.85,16.85,14.05,14.15,14.15,10,7225,-75,25017.75
2024-08-27,2024-08-29,22350,CE,0.0,0.0,0.0,2225.75,2676.45,0,600,0,25017.75
2024-08-27,2024-09-12,22350,PE,5.7,6.8,4.2,4.4,4.4,321,5975,4575,25017.75
2024-08-27,2024-10-31,22350,PE,0.0,0.0,0.0,91.7,24.75,0,175,0,25017.75
2024-08-27,2024-09-05,22350,CE,0.0,0.0,0.0,2820.45,2706.75,0,0,0,25017.75
2024-08-27,2024-09-05,22350,PE,3.55,3.8,2.3,2.8,2.8,589,5750,2800,25017.75
2024-08-27,2024-08-29,22350,PE,1.2,1.35,0.55,0.8,0.8,3679,25525,5125,25017.75
2024-08-27,2024-09-26,22350,CE,0.0,0.0,0.0,2653.45,2799.9,0,175,0,25017.75
2024-08-27,2024-08-29,21950,CE,0.0,0.0,0.0,2887.5,3076.3,0,275,0,25017.75
2024-08-27,2024-10-03,25150,PE,539.3,539.3,539.3,539.3,504.4,1,25,25,25017.75
2024-08-27,2024-08-29,25150,PE,166.15,201.0,112.15,159.55,159.55,520243,236975,-87200,25017.75
2024-08-27,2024-09-26,25150,PE,348.95,355.5,307.25,342.6,342.6,2749,23300,8500,25017.75
2024-08-27,2024-08-29,25150,CE,48.0,57.1,24.3,28.65,28.65,1816876,2448550,1056000,25017.75
2024-08-27,2024-09-26,22400,PE,16.15,17.0,13.95,14.1,14.1,443,196100,-625,25017.75
2024-08-27,2024-09-19,24750,CE,557.8,570.9,535.8,553.65,631.35,27,500,100,25017.75
2024-08-27,2024-09-26,26750,CE,38.35,38.35,8.0,8.75,8.75,391,9000,3600,25017.75
2024-08-27,2024-09-26,24400,PE,126.55,131.0,108.9,120.3,120.3,15872,538675,-8200,25017.75
2024-08-27,2024-08-29,21650,CE,0.0,0.0,0.0,3189.45,3376.15,0,450,0,25017.75
2024-08-27,2024-08-29,22950,PE,1.35,1.7,0.75,0.95,0.95,5369,47950,-6975,25017.75
2024-08-27,2024-09-26,22950,PE,0.0,0.0,0.0,31.6,12.0,0,2350,0,25017.75
2024-08-27,2024-09-05,22950,CE,0.0,0.0,0.0,2237.55,2107.85,0,0,0,25017.75
2024-08-27,2024-08-29,22950,CE,0.0,0.0,0.0,1800.0,2076.65,0,2850,0,25017.75
2024-08-27,2024-09-26,22950,CE,0.0,0.0,0.0,2089.75,2212.9,0,100,0,25017.75
2024-08-27,2024-10-03,24000,PE,97.8,97.8,81.3,86.35,86.35,101,5225,1300,25017.75
2024-08-27,2024-09-12,24000,PE,27.0,28.7,21.25,22.5,22.5,13816,312475,104325,25017.75
2024-08-27,2025-12-24,22000,CE,0.0,0.0,0.0,4200.0,5296.2,0,2850,0,25017.75
2024-08-27,2024-10-31,24000,PE,159.0,166.1,146.45,154.05,154.05,9438,411125,28825,25017.75
2024-08-27,2024-12-26,24000,PE,299.05,301.6,280.0,290.55,290.55,9447,1771825,46375,25017.75
2024-08-27,2024-09-19,24000,PE,47.0,49.0,36.55,39.8,39.8,2831,58800,41325,25017.75
2024-08-27,2024-10-31,22700,CE,0.0,0.0,0.0,1950.85,2652.2,0,0,0,25017.75
2024-08-27,2024-09-19,22700,PE,0.0,0.0,0.0,56.95,2.55,0,25,0,25017.75
2024-08-27,2024-08-29,22700,PE,0.1,1.75,0.05,0.85,0.85,43859,462100,-72150,25017.75
2024-08-27,2024-09-19,24200,PE,65.1,65.1,55.35,55.35,103.8,5,75,75,25017.75
2024-08-27,2024-09-05,24700,PE,61.7,68.4,45.8,53.85,53.85,76709,640900,224400,25017.75
2024-08-27,2025-12-24,20000,PE,0.0,0.0,0.0,179.0,81.65,0,15700,0,25017.75
2024-08-27,2025-03-27,20000,PE,75.2,75.85,69.15,69.95,69.95,41,10250,375,25017.75
2024-08-27,2024-09-12,25750,CE,0.0,0.0,0.0,86.45,119.15,0,0,0,25017.75
2024-08-27,2024-10-31,25750,CE,0.0,0.0,0.0,501.3,526.3,0,25,0,25017.75
2024-08-27,2024-08-29,22750,CE,0.0,0.0,0.0,2091.35,2276.6,0,650,0,25017.75
2024-08-27,2024-09-05,25600,PE,550.0,580.0,486.5,546.95,546.95,743,7150,5550,25017.75
2024-08-27,2024-09-12,25600,PE,532.0,555.55,532.0,555.55,659.5,3,300,25,25017.75
2024-08-27,2024-10-31,25600,PE,670.0,670.0,670.0,670.0,840.45,1,325,25,25017.75
2024-08-27,2024-09-26,25600,CE,144.95,159.7,130.25,134.35,134.35,9931,382575,31400,25017.75
2024-08-27,2024-10-31,25600,CE,321.15,375.05,321.15,346.35,346.35,180,3400,1550,25017.75
2024-08-27,2024-09-19,25600,CE,0.0,0.0,0.0,110.8,228.8,0,0,0,25017.75
2024-08-27,2024-10-03,25600,PE,0.0,0.0,0.0,904.9,754.9,0,0,0,25017.75
2024-08-27,2024-09-19,25600,PE,0.0,0.0,0.0,1389.45,697.1,0,0,0,25017.75
2024-08-27,2024-10-03,25600,CE,0.0,0.0,0.0,329.7,360.6,0,0,0,25017.75
2024-08-27,2024-09-26,25600,PE,590.0,640.0,548.0,597.7,597.7,513,10200,2050,25017.75
2024-08-27,2024-09-12,25600,CE,64.35,66.9,48.6,50.65,50.65,2161,20025,18250,25017.75
2024-08-27,2024-08-29,25600,PE,584.35,618.0,507.0,585.85,585.85,811,11300,900,25017.75
2024-08-27,2024-09-05,25600,CE,23.7,24.15,13.8,14.9,14.9,85996,712950,388625,25017.75
2024-08-27,2024-08-29,25600,CE,2.0,2.4,0.95,1.05,1.05,612572,2701450,-6925,25017.75
2024-08-27,2024-09-26,25050,CE,399.55,431.55,373.0,382.05,382.05,2259,36725,4725,25017.75
2024-08-27,2025-03-27,24000,PE,420.0,434.35,409.05,421.65,421.65,791,200000,7250,25017.75
2024-08-27,2027-06-24,22000,PE,0.0,0.0,0.0,3995.4,339.45,0,0,0,25017.75
2024-08-27,2025-06-26,24000,PE,540.0,540.0,517.0,533.3,533.3,31,33475,275,25017.75
2024-08-27,2026-06-25,24000,PE,0.0,0.0,0.0,5437.7,652.55,0,0,0,25017.75
2024-08-27,2025-03-27,22000,CE,0.0,0.0,0.0,2408.3,4049.45,0,0,0,25017.75
2024-08-27,2028-12-28,24000,PE,0.0,0.0,0.0,742.35,572.85,0,0,0,25017.75
2024-08-27,2026-12-31,24000,PE,900.0,900.0,900.0,900.0,655.05,1,4225,0,25017.75
2024-08-27,2024-09-26,24000,CE,1227.7,1266.35,1175.1,1193.15,1193.15,4154,793175,-7775,25017.75
2024-08-27,2024-09-26,22000,PE,12.05,12.45,9.65,10.45,10.45,17398,1356725,3550,25017.75
2024-08-27,2028-12-28,22000,CE,0.0,0.0,0.0,6932.45,9301.8,0,0,0,25017.75
2024-08-27,2028-06-29,24000,CE,0.0,0.0,0.0,3918.85,7465.2,0,0,0,25017.75
2024-08-27,2026-06-25,18000,CE,0.0,0.0,0.0,4150.0,9290.6,0,200,0,25017.75
2024-08-27,2024-09-26,26550,CE,11.15,17.95,10.2,14.0,14.0,266,12475,825,25017.75
2024-08-27,2024-09-19,26550,CE,54.85,54.85,32.95,32.95,48.05,2,50,50,25017.75
2024-08-27,2024-09-26,26550,PE,0.0,0.0,0.0,1464.05,1459.55,0,75,0,25017.75
2024-08-27,2028-12-28,19000,CE,0.0,0.0,0.0,8739.0,11277.0,0,0,0,25017.75
2024-08-27,2028-06-29,19000,CE,0.0,0.0,0.0,6252.25,10761.65,0,0,0,25017.75
2024-08-27,2024-10-03,25050,CE,0.0,0.0,0.0,442.35,608.4,0,25,0,25017.75
2024-08-27,2024-10-31,23050,PE,59.1,62.05,58.65,61.45,61.45,614,4850,425,25017.75
2024-08-27,2024-10-03,25650,CE,0.0,0.0,0.0,313.45,342.4,0,0,0,25017.75
2024-08-27,2024-08-29,25650,CE,1.5,1.5,0.75,0.9,0.9,114639,535100,-10450,25017.75
2024-08-27,2024-09-12,25250,PE,316.0,345.55,288.0,318.5,318.5,30,450,350,25017.75
2024-08-27,2024-09-05,25250,CE,94.4,114.95,78.0,83.9,83.9,24731,131900,58900,25017.75
2024-08-27,2024-08-29,26600,PE,0.0,0.0,0.0,1541.2,1571.95,0,1400,0,25017.75
2024-08-27,2024-10-31,26600,CE,105.3,105.3,99.85,99.85,99.85,60,13700,1425,25017.75
2024-08-27,2024-09-19,26600,CE,0.0,0.0,0.0,23.1,43.7,0,0,0,25017.75
2024-08-27,2024-10-31,26600,PE,1350.0,1350.0,1350.0,1350.0,1505.35,2,50,50,25017.75
2024-08-27,2024-09-26,26600,CE,11.55,11.75,9.85,10.65,10.65,3361,50625,15975,25017.75
2024-08-27,2024-09-19,26050,PE,0.0,0.0,0.0,1782.65,1032.25,0,0,0,25017.75
2024-08-27,2024-09-12,26050,CE,11.35,13.5,9.6,10.05,10.05,464,8575,800,25017.75
2024-08-27,2025-03-27,21000,PE,97.4,109.8,97.4,98.2,98.2,185,51450,1975,25017.75
2024-08-27,2024-09-26,26050,PE,0.0,0.0,0.0,1117.0,1048.75,0,325,0,25017.75
2024-08-27,2029-06-28,21000,PE,0.0,0.0,0.0,320.25,238.2,0,0,0,25017.75
2024-08-27,2024-09-05,23950,CE,1158.15,1158.15,1110.3,1123.5,1120.5,6,200,-50,25017.75
2024-08-27,2024-10-03,23950,PE,0.0,0.0,0.0,177.5,117.1,0,0,0,25017.75
2024-08-27,2024-10-31,23950,PE,165.0,165.0,165.0,165.0,205.4,1,25,0,25017.75
2024-08-27,2024-09-19,25350,CE,0.0,0.0,0.0,298.6,319.6,0,50,0,25017.75
2024-08-27,2024-10-31,25350,CE,487.4,487.4,486.25,486.25,700.2,3,75,75,25017.75
2024-08-27,2024-08-29,22200,CE,2851.0,2858.0,2792.9,2819.95,2819.95,262,15075,-6250,25017.75
2024-08-27,2024-09-05,22750,PE,0.0,0.0,0.0,10.9,0.05,0,0,0,25017.75
2024-08-27,2024-09-19,22750,CE,0.0,0.0,0.0,1610.95,2372.0,0,0,0,25017.75
2024-08-27,2024-08-29,23950,CE,1050.0,1145.75,1050.0,1064.9,1064.9,54,14700,-1100,25017.75
2024-08-27,2024-10-03,26500,CE,32.0,32.0,21.5,28.8,28.8,24,700,275,25017.75
2024-08-27,2024-09-12,26500,PE,0.0,0.0,0.0,1371.65,1423.3,0,25,0,25017.75
2024-08-27,2024-08-29,26500,CE,0.3,0.5,0.25,0.25,0.25,256393,2256775,-46775,25017.75
2024-08-27,2024-09-05,22700,CE,0.0,0.0,0.0,2478.5,2357.4,0,0,0,25017.75
2024-08-27,2024-09-19,23850,PE,0.0,0.0,0.0,302.4,52.3,0,0,0,25017.75
2024-08-27,2024-10-31,23850,CE,0.0,0.0,0.0,1427.6,1658.95,0,0,0,25017.75
2024-08-27,2024-08-29,23850,PE,5.0,5.0,1.5,1.7,1.7,70138,379525,-82925,25017.75
2024-08-27,2024-09-05,23850,CE,1243.85,1243.85,1219.9,1219.9,1216.7,2,750,25,25017.75
2024-08-27,2024-09-12,23850,PE,0.0,0.0,0.0,239.8,27.75,0,25,0,25017.75
2024-08-27,2024-10-03,23850,PE,0.0,0.0,0.0,155.7,100.65,0,0,0,25017.75
2024-08-27,2024-10-03,23100,PE,36.65,37.6,28.7,37.6,37.6,22,700,0,25017.75
2024-08-27,2024-08-29,22250,PE,1.15,1.25,0.6,0.7,0.7,4435,30825,6425,25017.75
2024-08-27,2024-09-26,22250,PE,14.05,14.05,14.05,14.05,1.85,5,9550,0,25017.75
2024-08-27,2024-08-29,21900,PE,1.05,1.7,0.45,0.55,0.55,10809,113125,77525,25017.75
2024-08-27,2026-06-25,14000,PE,0.0,0.0,0.0,21.85,0.85,0,100,0,25017.75
2024-08-27,2024-12-26,14000,CE,0.0,0.0,0.0,10300.0,11351.15,0,200,0,25017.75
2024-08-27,2024-10-03,23450,PE,0.0,0.0,0.0,88.2,52.05,0,0,0,25017.75
2024-08-27,2024-09-19,23450,PE,0.0,0.0,0.0,180.1,21.05,0,0,0,25017.75
2024-08-27,2024-09-19,23450,CE,0.0,0.0,0.0,1036.55,1693.15,0,0,0,25017.75
2024-08-27,2024-10-31,23450,CE,0.0,0.0,0.0,1706.85,1985.65,0,0,0,25017.75
2024-08-27,2024-08-29,22150,PE,0.95,1.3,0.6,0.7,0.7,4023,27300,1825,25017.75
2024-08-27,2024-08-29,22150,CE,0.0,0.0,0.0,2476.3,2876.35,0,1000,0,25017.75
2024-08-27,2024-08-29,20350,PE,0.55,0.65,0.25,0.3,0.3,39660,790275,-255525,25017.75
2024-08-27,2024-10-03,26750,PE,0.0,0.0,0.0,1803.25,1626.4,0,0,0,25017.75
2024-08-27,2024-09-05,26750,PE,0.0,0.0,0.0,1631.3,1687.05,0,0,0,25017.75
2024-08-27,2024-10-03,26750,CE,0.0,0.0,0.0,87.6,90.55,0,0,0,25017.75
2024-08-27,2024-09-26,26600,PE,1450.0,1450.0,1450.0,1450.0,1503.15,1,25,25,25017.75
2024-08-27,2024-10-03,26600,PE,0.0,0.0,0.0,1673.15,1497.9,0,0,0,25017.75
2024-08-27,2027-06-24,21000,PE,0.0,0.0,0.0,500.0,234.0,0,200,0,25017.75
2024-08-27,2024-08-29,21000,CE,4039.5,4091.85,3989.0,4019.1,4019.1,2034,320625,-41850,25017.75
2024-08-27,2024-09-12,26700,PE,0.0,0.0,0.0,2416.35,1613.4,0,0,0,25017.75
2024-08-27,2024-09-12,26700,CE,0.0,0.0,0.0,18.6,13.85,0,0,0,25017.75
2024-08-27,2024-08-29,26050,PE,1030.65,1058.85,965.35,1058.85,1058.85,19,2400,250,25017.75
2024-08-27,2024-09-19,26050,CE,0.0,0.0,0.0,57.15,115.95,0,0,0,25017.75
2024-08-27,2024-09-26,24900,PE,243.95,259.2,219.45,244.05,244.05,14719,609325,-9700,25017.75
2024-08-27,2024-10-03,24350,PE,0.0,0.0,0.0,287.45,205.15,0,0,0,25017.75
2024-08-27,2024-10-31,24350,PE,220.65,220.65,220.65,220.65,220.65,1,200,-25,25017.75
2024-08-27,2024-08-29,24350,CE,698.6,740.9,637.95,669.15,669.15,355,68650,-2700,25017.75
2024-08-27,2024-09-12,24350,PE,49.0,55.1,39.3,44.5,44.5,289,5875,150,25017.75
2024-08-27,2024-08-29,23100,CE,1917.2,1990.0,1889.4,1911.0,1911.0,27,5675,-350,25017.75
2024-08-27,2024-10-31,26400,PE,1200.0,1200.0,1200.0,1200.0,1356.35,1,100,25,25017.75
2024-08-27,2024-09-12,26400,PE,0.0,0.0,0.0,2131.1,1330.05,0,0,0,25017.75
2024-08-27,2024-09-12,26400,CE,4.65,5.95,3.7,4.1,4.1,532,10700,7850,25017.75
2024-08-27,2024-08-29,26400,CE,0.5,0.55,0.25,0.3,0.3,71760,415100,61675,25017.75
2024-08-27,2024-09-19,26400,PE,0.0,0.0,0.0,2105.6,1328.25,0,0,0,25017.75
2024-08-27,2024-09-26,26400,CE,70.0,70.0,14.9,15.55,15.55,3476,23600,23600,25017.75
2024-08-27,2024-09-05,26400,CE,2.0,2.5,1.55,1.65,1.65,1459,24725,8025,25017.75
2024-08-27,2024-10-31,26400,CE,99.05,108.85,90.0,100.65,100.65,97,7200,425,25017.75
2024-08-27,2024-08-29,21100,CE,3960.0,3960.0,3953.0,3954.0,3925.95,17,4125,-50,25017.75
2024-08-27,2024-09-26,26150,CE,0.0,0.0,0.0,271.45,146.2,0,0,0,25017.75
2024-08-27,2024-09-05,26150,PE,0.0,0.0,0.0,1134.05,1101.5,0,0,0,25017.75
2024-08-27,2024-09-12,25150,PE,254.45,284.0,232.0,260.5,260.5,537,4750,2225,25017.75
2024-08-27,2024-10-31,25050,PE,416.05,434.85,391.3,412.45,412.45,100,1325,1000,25017.75
2024-08-27,2024-10-31,25950,PE,0.0,0.0,0.0,1474.3,1050.5,0,0,0,25017.75
2024-08-27,2024-09-12,25500,CE,89.4,93.85,68.0,71.9,71.9,11538,154350,30575,25017.75
2024-08-27,2024-09-26,25500,CE,192.15,200.0,165.0,169.05,169.05,44298,1690650,87475,25017.75
2024-08-27,2024-10-31,23150,CE,0.0,0.0,0.0,1931.1,2245.1,0,0,0,25017.75
2024-08-27,2024-09-05,23150,PE,4.8,4.8,2.75,2.9,2.9,303,6725,-950,25017.75
2024-08-27,2024-09-26,23150,CE,0.0,0.0,0.0,1640.0,2021.15,0,200,0,25017.75
2024-08-27,2024-09-05,23150,CE,0.0,0.0,0.0,2047.85,1908.35,0,0,0,25017.75
2024-08-27,2024-09-05,25950,CE,4.7,5.2,3.0,3.45,3.45,5718,78175,38150,25017.75
2024-08-27,2024-09-05,22500,PE,3.65,4.1,2.55,2.65,2.65,2890,92375,6225,25017.75
2024-08-27,2024-08-29,22500,PE,1.1,1.8,0.75,0.85,0.85,73595,1449650,-370425,25017.75
2024-08-27,2024-09-19,22500,PE,0.0,0.0,0.0,37.25,1.3,0,0,0,25017.75
2024-08-27,2024-09-26,23500,PE,41.0,41.55,33.75,36.5,36.5,30706,1294275,43050,25017.75
2024-08-27,2024-09-26,17000,CE,7926.6,8225.9,7926.6,8225.9,8225.9,2,75,25,25017.75
2024-08-27,2024-09-05,23800,PE,8.35,8.35,5.85,6.15,6.15,12850,192675,4475,25017.75
2024-08-27,2024-12-26,17000,PE,14.0,14.0,14.0,14.0,14.0,3,92400,-75,25017.75
2024-08-27,2024-09-19,23800,PE,36.0,36.0,27.7,29.0,29.0,403,19550,-275,25017.75
2024-08-27,2024-09-26,23800,PE,56.15,56.15,46.75,50.95,50.95,18413,634150,67475,25017.75
2024-08-27,2024-10-03,23800,CE,0.0,0.0,0.0,1355.35,1485.6,0,0,0,25017.75
2024-08-27,2024-09-05,26150,CE,2.8,3.8,2.3,2.35,2.35,730,12700,4950,25017.75
2024-08-27,2024-09-19,26150,CE,59.85,59.85,59.85,59.85,98.3,1,50,25,25017.75
2024-08-27,2024-09-26,25150,CE,349.45,370.4,320.0,325.6,325.6,2654,29000,10900,25017.75
2024-08-27,2024-09-05,25150,CE,150.8,162.1,117.0,124.35,124.35,23614,124975,54725,25017.75
2024-08-27,2024-08-29,22400,PE,1.8,1.8,0.65,0.85,0.85,33420,483000,-107150,25017.75
2024-08-27,2024-09-26,24450,CE,802.75,803.2,802.0,802.4,802.4,4,3500,-50,25017.75
2024-08-27,2024-09-05,24450,CE,636.0,690.85,629.4,639.5,639.5,131,8325,1275,25017.75
2024-08-27,2024-10-31,26350,CE,0.0,0.0,0.0,73.65,327.2,0,1650,0,25017.75
2024-08-27,2024-09-12,26350,PE,0.0,0.0,0.0,2084.15,1283.95,0,0,0,25017.75
2024-08-27,2024-09-05,24650,PE,54.25,59.3,39.75,46.05,46.05,18663,192550,65750,25017.75
2024-08-27,2024-08-29,24650,PE,13.5,14.25,5.25,6.9,6.9,525747,1635600,214200,25017.75
2024-08-27,2024-09-26,24650,CE,700.85,709.25,640.15,650.6,650.6,166,15500,-625,25017.75
2024-08-27,2024-09-19,24650,CE,633.15,664.2,597.8,611.5,611.5,4,275,-25,25017.75
2024-08-27,2024-09-19,24400,PE,99.0,99.0,77.4,82.35,82.35,23,3300,300,25017.75
2024-08-27,2024-10-31,24400,CE,1089.15,1114.75,1075.95,1112.65,1253.65,12,1550,-50,25017.75
2024-08-27,2024-09-19,22950,CE,0.0,0.0,0.0,1436.85,2175.4,0,0,0,25017.75
2024-08-27,2024-09-05,22950,PE,4.0,4.9,2.9,3.1,0.1,78,5550,-1475,25017.75
2024-08-27,2024-10-31,22950,CE,0.0,0.0,0.0,2088.4,2423.7,0,0,0,25017.75
2024-08-27,2024-09-19,22950,PE,0.0,0.0,0.0,20.4,5.45,0,25,0,25017.75
2024-08-27,2024-08-29,25050,PE,80.0,132.7,65.45,95.85,95.85,2677305,1669050,335575,25017.75
2024-08-27,2024-08-29,20900,PE,1.0,1.0,0.45,0.55,0.55,3457,49275,-3525,25017.75
2024-08-27,2024-10-31,25050,CE,627.25,685.4,618.3,625.15,625.15,29,300,275,25017.75
2024-08-27,2024-09-26,25050,PE,298.0,316.45,269.8,303.2,303.2,2976,53925,22600,25017.75
2024-08-27,2026-06-25,21000,CE,0.0,0.0,0.0,3881.9,6822.3,0,0,0,25017.75
2024-08-27,2024-09-26,26700,CE,9.55,10.3,8.4,9.35,9.35,3829,54875,33475,25017.75
2024-08-27,2026-06-25,21000,PE,0.0,0.0,0.0,3065.6,192.05,0,0,0,25017.75
2024-08-27,2024-10-03,25350,CE,0.0,0.0,0.0,420.3,462.3,0,0,0,25017.75
2024-08-27,2024-09-12,25950,CE,18.0,18.9,16.05,16.2,80.45,79,7100,275,25017.75
2024-08-27,2024-09-12,23500,CE,0.0,0.0,0.0,1649.75,1600.55,0,5125,0,25017.75
2024-08-27,2024-10-31,23500,CE,1860.0,1870.0,1828.5,1839.9,1943.55,47,17125,175,25017.75
2024-08-27,2024-08-29,22500,CE,2535.0,2587.0,2493.5,2521.5,2521.5,489,172200,-9925,25017.75
2024-08-27,2024-09-19,22500,CE,0.0,0.0,0.0,1837.1,2619.25,0,0,0,25017.75
2024-08-27,2024-09-05,23500,PE,5.45,5.55,3.9,4.15,4.15,25710,600475,184650,25017.75
2024-08-27,2024-10-31,23500,PE,105.0,105.0,90.25,94.1,94.1,6455,438800,75575,25017.75
2024-08-27,2025-06-26,29000,CE,0.0,0.0,0.0,324.45,698.3,0,0,0,25017.75
2024-08-27,2024-09-26,29000,CE,3.85,3.85,3.0,3.15,3.15,2282,611500,8200,25017.75
2024-08-27,2024-09-26,29000,PE,3820.0,3845.25,3756.35,3830.85,3830.85,73,72800,1350,25017.75
2024-08-27,2025-03-27,29000,CE,0.0,0.0,0.0,164.5,383.65,0,0,0,25017.75
2024-08-27,2027-12-30,29000,PE,0.0,0.0,0.0,4227.5,1899.4,0,0,0,25017.75
2024-08-27,2025-12-24,29000,CE,0.0,0.0,0.0,620.0,1377.6,0,250,0,25017.75
2024-08-27,2029-06-28,29000,PE,0.0,0.0,0.0,1746.95,1492.0,0,0,0,25017.75
2024-08-27,2024-10-03,23800,PE,0.0,0.0,0.0,145.6,93.1,0,0,0,25017.75
2024-08-27,2024-09-12,23800,PE,18.0,20.95,14.0,14.6,14.6,4834,148475,65700,25017.75
2024-08-27,2024-09-26,24200,CE,1053.55,1085.6,1006.0,1015.75,1015.75,352,86600,-850,25017.75
2024-08-27,2024-09-26,26300,CE,21.0,23.75,18.65,19.4,19.4,13714,282975,41525,25017.75
2024-08-27,2024-09-05,26300,CE,2.4,3.0,1.65,1.95,1.95,1610,21800,7050,25017.75
2024-08-27,2024-08-29,24700,CE,345.15,402.0,298.0,325.85,325.85,126469,1528600,-144150,25017.75
2024-08-27,2024-09-05,24700,CE,438.95,480.5,400.0,417.05,417.05,5432,152775,13950,25017.75
2024-08-27,2024-09-19,24700,PE,149.85,155.0,125.05,141.2,141.2,293,7150,1750,25017.75
2024-08-27,2024-08-29,23400,CE,1645.25,1683.25,1582.0,1625.0,1625.0,93,34225,-1025,25017.75
2024-08-27,2024-09-26,23400,CE,1740.0,1822.35,1740.0,1750.7,1750.7,74,2800,725,25017.75
2024-08-27,2024-09-19,23400,CE,0.0,0.0,0.0,1073.95,1740.5,0,0,0,25017.75
2024-08-27,2024-08-29,21350,PE,0.8,0.8,0.35,0.4,0.4,1211,17100,12250,25017.75
2024-08-27,2024-08-29,21350,CE,0.0,0.0,0.0,3487.05,3676.05,0,200,0,25017.75
2024-08-27,2024-09-12,22950,CE,0.0,0.0,0.0,1414.25,2140.3,0,0,0,25017.75
2024-08-27,2024-08-29,24600,CE,436.05,499.0,390.0,422.6,422.6,23670,848275,-85000,25017.75
2024-08-27,2024-09-05,24600,CE,518.05,568.0,485.0,502.5,502.5,1499,91400,350,25017.75
2024-08-27,2024-09-12,24600,CE,556.7,625.75,556.7,564.15,564.15,131,5025,575,25017.75
2024-08-27,2024-09-19,24000,CE,0.0,0.0,0.0,909.7,1195.6,0,75,0,25017.75
2024-08-27,2025-12-24,24000,CE,3490.0,3505.0,3475.0,3505.0,3846.45,10,10250,25,25017.75
2024-08-27,2029-06-28,22000,CE,0.0,0.0,0.0,9207.9,9863.0,0,0,0,25017.75
2024-08-27,2027-12-30,24000,CE,0.0,0.0,0.0,3778.95,6819.45,0,0,0,25017.75
2024-08-27,2024-09-05,24000,CE,1089.95,1132.3,1049.0,1068.4,1068.4,960,77950,11725,25017.75
2024-08-27,2024-08-29,24600,PE,8.0,11.0,4.1,5.2,5.2,812491,4502700,324225,25017.75
2024-08-27,2024-10-31,24600,CE,932.15,966.35,915.0,925.6,925.6,131,11575,50,25017.75
2024-08-27,2025-12-24,22000,PE,334.0,350.0,334.0,345.75,345.75,102,81675,1250,25017.75
2024-08-27,2027-06-24,22000,CE,0.0,0.0,0.0,2783.5,7441.25,0,0,0,25017.75
2024-08-27,2026-06-25,22000,CE,0.0,0.0,0.0,2722.55,6057.3,0,0,0,25017.75
2024-08-27,2028-06-29,22000,CE,0.0,0.0,0.0,4759.5,8716.8,0,0,0,25017.75
2024-08-27,2024-09-12,24000,CE,1131.0,1159.75,1059.7,1096.95,1096.95,407,18075,7475,25017.75
2024-08-27,2027-06-24,24000,PE,0.0,0.0,0.0,5056.2,644.45,0,0,0,25017.75
2024-08-27,2024-08-29,24000,PE,2.8,3.35,1.65,1.95,1.95,829951,8051225,-1090125,25017.75
2024-08-27,2026-12-31,22000,PE,0.0,0.0,0.0,449.5,328.4,0,125,0,25017.75
2024-08-27,2027-12-30,22000,PE,0.0,0.0,0.0,1867.9,342.2,0,0,0,25017.75
2024-08-27,2028-06-29,24000,PE,0.0,0.0,0.0,1692.75,599.9,0,0,0,25017.75
2024-08-27,2025-06-26,24000,CE,0.0,0.0,0.0,2500.0,2967.85,0,1275,0,25017.75
2024-08-27,2024-10-31,26150,PE,0.0,0.0,0.0,1614.9,1181.7,0,0,0,25017.75
2024-08-27,2024-09-26,22400,CE,0.0,0.0,0.0,2555.0,2750.55,0,200,0,25017.75
2024-08-27,2024-10-31,25150,PE,454.6,454.6,454.6,454.6,609.15,6,150,150,25017.75
2024-08-27,2024-09-05,22400,CE,0.0,0.0,0.0,2771.4,2656.85,0,0,0,25017.75
2024-08-27,2024-10-31,24450,CE,0.0,0.0,0.0,1062.6,1219.75,0,0,0,25017.75
2024-08-27,2024-08-29,26300,PE,1245.0,1246.9,1230.0,1246.0,1272.05,12,2225,-225,25017.75
2024-08-27,2024-10-03,26300,CE,0.0,0.0,0.0,153.45,163.2,0,0,0,25017.75
2024-08-27,2024-10-31,26300,PE,1125.0,1134.0,1125.0,1134.0,1285.15,2,75,25,25017.75
2024-08-27,2024-09-19,23200,PE,0.0,0.0,0.0,29.9,11.05,0,175,0,25017.75
2024-08-27,2024-09-05,23200,CE,1890.0,1890.0,1890.0,1890.0,1858.55,24,1050,600,25017.75
2024-08-27,2024-09-12,23200,PE,8.95,8.95,6.3,7.0,7.0,162,5950,2200,25017.75
2024-08-27,2024-09-05,23200,PE,4.3,4.3,3.4,3.6,3.6,2316,110600,4675,25017.75
2024-08-27,2024-09-12,23200,CE,0.0,0.0,0.0,1208.6,1893.3,0,0,0,25017.75
2024-08-27,2024-10-03,23200,CE,0.0,0.0,0.0,1864.3,2021.05,0,0,0,25017.75
2024-08-27,2024-08-29,25350,PE,331.95,374.75,263.8,334.0,334.0,21666,41875,16900,25017.75
2024-08-27,2024-09-19,24750,PE,159.0,167.0,139.8,150.75,253.4,34,375,300,25017.75
2024-08-27,2024-09-19,25450,PE,0.0,0.0,0.0,1265.7,599.6,0,0,0,25017.75
2024-08-27,2024-09-12,23750,PE,25.8,25.8,25.8,25.8,21.05,1,25,25,25017.75
2024-08-27,2024-10-31,24950,PE,397.1,407.2,355.0,383.65,383.65,37,1850,275,25017.75
2024-08-27,2024-09-26,24950,PE,260.0,275.0,235.0,263.75,263.75,1763,37900,-11650,25017.75
2024-08-27,2027-12-30,20000,CE,0.0,0.0,0.0,5333.85,9497.45,0,0,0,25017.75
2024-08-27,2029-06-28,20000,CE,0.0,0.0,0.0,10410.0,11120.35,0,0,0,25017.75
2024-08-27,2024-09-26,25250,PE,389.0,401.5,355.15,388.85,388.85,334,11975,-1000,25017.75
2024-08-27,2024-10-03,24300,PE,137.1,137.1,130.2,130.2,192.35,2,25,0,25017.75
2024-08-27,2024-09-19,25400,PE,0.0,0.0,0.0,1225.45,568.85,0,0,0,25017.75
2024-08-27,2024-09-26,25400,PE,457.45,488.85,425.0,470.35,470.35,3533,63825,33450,25017.75
2024-08-27,2024-08-29,25400,PE,380.0,424.0,310.55,386.35,386.35,24585,340675,3900,25017.75
2024-08-27,2024-09-26,24300,CE,968.95,993.9,913.6,925.7,925.7,645,215850,1000,25017.75
2024-08-27,2024-09-19,25400,CE,323.8,323.8,323.8,323.8,299.65,1,25,25,25017.75
2024-08-27,2024-08-29,20850,CE,0.0,0.0,0.0,3438.05,4175.85,0,175,0,25017.75
2024-08-27,2024-09-19,23100,PE,0.0,0.0,0.0,107.05,8.4,0,0,0,25017.75
2024-08-27,2024-09-12,23100,PE,8.0,8.25,5.8,7.3,2.55,41,3100,650,25017.75
2024-08-27,2024-09-26,23100,CE,2065.0,2110.0,2060.0,2075.0,2068.8,47,3775,1175,25017.75
2024-08-27,2024-08-29,22250,CE,0.0,0.0,0.0,1919.0,2776.4,0,575,0,25017.75
2024-08-27,2024-10-31,25500,PE,618.0,641.55,582.15,614.65,614.65,1509,100350,10225,25017.75
2024-08-27,2024-09-05,25500,PE,462.95,493.65,400.0,458.25,458.25,3986,27850,900,25017.75
2024-08-27,2024-09-05,25500,CE,37.0,46.95,23.2,25.75,25.75,128740,865850,232300,25017.75
2024-08-27,2024-08-29,21150,CE,0.0,0.0,0.0,3775.45,3875.95,0,150,0,25017.75
2024-08-27,2024-08-29,21150,PE,0.8,0.9,0.4,0.5,0.5,756,14525,5975,25017.75
2024-08-27,2024-08-29,20200,CE,4856.0,4886.8,4843.4,4849.4,4825.6,59,13750,-1250,25017.75
2024-08-27,2024-08-29,20200,PE,0.7,0.75,0.3,0.35,0.35,145516,1139375,-502525,25017.75
2024-08-27,2024-08-29,21750,PE,0.95,1.05,0.3,0.5,0.5,2437,22975,16425,25017.75
2024-08-27,2024-08-29,21750,CE,0.0,0.0,0.0,3085.9,3276.2,0,950,0,25017.75
2024-08-27,2024-08-29,26450,PE,1474.9,1474.9,1474.9,1474.9,1422.0,1,1950,0,25017.75
2024-08-27,2027-12-30,20000,PE,0.0,0.0,0.0,300.1,165.15,0,2600,0,25017.75
2024-08-27,2025-03-27,20000,CE,0.0,0.0,0.0,3896.85,5863.25,0,0,0,25017.75
2024-08-27,2028-12-28,20000,CE,0.0,0.0,0.0,8115.5,10601.6,0,0,0,25017.75
2024-08-27,2026-06-25,20000,PE,0.0,0.0,0.0,3159.75,115.1,0,0,0,25017.75
2024-08-27,2024-12-26,20000,CE,5410.0,5441.1,5332.4,5361.85,5361.85,389,298775,-2150,25017.75
2024-08-27,2024-09-26,24750,PE,202.65,209.5,174.8,196.65,196.65,1012,31775,1900,25017.75
2024-08-27,2024-10-03,24750,CE,0.0,0.0,0.0,661.2,780.95,0,25,0,25017.75
2024-08-27,2024-08-29,24750,CE,300.05,354.1,254.9,281.75,281.75,45059,560225,-140425,25017.75
2024-08-27,2024-09-26,25550,CE,168.85,177.25,144.25,150.0,150.0,619,25525,1625,25017.75
2024-08-27,2024-08-29,25550,CE,2.4,2.55,1.05,1.3,1.3,314480,1329975,174525,25017.75
2024-08-27,2024-10-03,25500,CE,0.0,0.0,0.0,364.0,399.15,0,0,0,25017.75
2024-08-27,2024-10-03,25500,PE,0.0,0.0,0.0,840.1,694.2,0,0,0,25017.75
2024-08-27,2024-09-19,25500,PE,0.0,0.0,0.0,1306.5,631.25,0,0,0,25017.75
2024-08-27,2024-09-12,23850,CE,0.0,0.0,0.0,745.3,1269.4,0,0,0,25017.75
2024-08-27,2024-10-31,23850,PE,0.0,0.0,0.0,168.6,184.4,0,500,0,25017.75
2024-08-27,2024-09-05,23850,PE,9.35,9.35,6.0,6.25,6.25,2948,42650,10150,25017.75
2024-08-27,2024-09-19,23850,CE,0.0,0.0,0.0,761.6,1326.2,0,0,0,25017.75
2024-08-27,2026-12-31,20000,PE,0.0,0.0,0.0,135.45,139.6,0,4300,0,25017.75
2024-08-27,2024-12-26,20000,PE,42.95,48.95,41.0,43.1,43.1,1306,1010500,2825,25017.75
2024-08-27,2024-08-29,22000,CE,3035.4,3089.5,2990.0,3020.95,3020.95,3006,388675,-11125,25017.75
2024-08-27,2027-12-30,24000,PE,0.0,0.0,0.0,800.0,624.3,0,75,0,25017.75
2024-08-27,2028-06-29,22000,PE,0.0,0.0,0.0,520.05,338.8,0,100,0,25017.75
2024-08-27,2024-10-03,24000,CE,0.0,0.0,0.0,1200.65,1320.05,0,0,0,25017.75
2024-08-27,2024-09-05,23750,CE,0.0,0.0,0.0,929.35,1313.95,0,50,0,25017.75
2024-08-27,2024-09-12,24950,PE,189.2,195.95,155.0,174.15,174.15,927,13750,3975,25017.75
2024-08-27,2029-06-28,20000,PE,0.0,0.0,0.0,236.95,171.75,0,0,0,25017.75
2024-08-27,2024-10-03,24950,CE,513.0,532.65,513.0,532.65,663.0,2,50,0,25017.75
2024-08-27,2024-08-29,25650,PE,636.05,655.05,557.7,629.95,629.95,348,2400,750,25017.75
2024-08-27,2024-10-31,25650,CE,0.0,0.0,0.0,528.25,566.55,0,0,0,25017.75
2024-08-27,2024-09-26,25650,CE,134.0,140.95,115.85,118.9,118.9,605,25400,3000,25017.75
2024-08-27,2024-09-05,25650,PE,0.0,0.0,0.0,778.95,656.15,0,0,0,25017.75
2024-08-27,2024-09-05,25650,CE,17.6,17.75,9.65,11.2,11.2,23712,186300,48550,25017.75
2024-08-27,2024-10-03,25250,PE,0.0,0.0,0.0,689.3,554.9,0,0,0,25017.75
2024-08-27,2024-10-31,25250,CE,548.65,548.65,514.0,522.55,522.55,10,2975,175,25017.75
2024-08-27,2024-09-12,23500,PE,13.0,13.3,9.2,9.8,9.8,1980,64750,11500,25017.75
2024-08-27,2024-09-05,22500,CE,2585.0,2585.0,2585.0,2585.0,2557.0,1,25,25,25017.75
2024-08-27,2024-10-31,22500,CE,2755.0,2770.0,2751.0,2770.0,2838.55,3,200,75,25017.75
2024-08-27,2028-12-28,29000,PE,0.0,0.0,0.0,2010.85,1614.85,0,0,0,25017.75
2024-08-27,2027-12-30,29000,CE,0.0,0.0,0.0,1932.55,4173.25,0,0,0,25017.75
2024-08-27,2025-06-26,29000,PE,0.0,0.0,0.0,6724.5,2982.1,0,0,0,25017.75
2024-08-27,2027-06-24,29000,CE,0.0,0.0,0.0,1545.2,3471.3,0,0,0,25017.75
2024-08-27,2029-06-28,29000,CE,0.0,0.0,0.0,5677.9,6109.5,0,0,0,25017.75
2024-08-27,2024-08-29,23800,CE,1226.95,1290.0,1192.0,1217.8,1217.8,306,67850,-3625,25017.75
2024-08-27,2024-09-05,23800,CE,1328.0,1332.0,1259.0,1262.55,1262.55,83,4600,1325,25017.75
2024-08-27,2024-10-31,23800,PE,129.0,130.2,114.85,120.75,120.75,766,49125,9700,25017.75
2024-08-27,2024-09-19,23800,CE,0.0,0.0,0.0,793.45,1370.7,0,0,0,25017.75
2024-08-27,2025-12-24,17000,PE,55.9,77.6,55.9,75.0,75.0,10,2850,-50,25017.75
2024-08-27,2024-10-31,23800,CE,0.0,0.0,0.0,1098.4,1698.45,0,125,0,25017.75
2024-08-27,2024-08-29,23150,PE,2.0,2.0,1.0,1.1,1.1,16055,96600,-92925,25017.75
2024-08-27,2024-09-26,25950,CE,0.0,0.0,0.0,198.85,192.3,0,475,0,25017.75
2024-08-27,2024-09-12,25950,PE,0.0,0.0,0.0,1717.2,932.3,0,0,0,25017.75
2024-08-27,2025-06-26,22000,PE,0.0,0.0,0.0,273.55,178.65,0,1650,0,25017.75
2024-08-27,2025-06-26,22000,CE,0.0,0.0,0.0,2088.15,4484.85,0,0,0,25017.75
2024-08-27,2028-12-28,24000,CE,0.0,0.0,0.0,5850.3,8084.4,0,0,0,25017.75
2024-08-27,2024-09-26,18000,CE,7107.0,7121.65,7060.0,7060.0,7060.0,8,12800,-100,25017.75
2024-08-27,2024-08-29,26550,CE,0.4,0.6,0.25,0.4,0.4,306495,463850,-875250,25017.75
2024-08-27,2024-10-31,26750,CE,60.0,75.0,51.55,53.8,53.8,486,29625,3600,25017.75
