date,expiry,strike,opt_type,open,high,low,close,settle,volume,oi,oi_change,underlying
2025-11-18,2025-11-25,24450,CE,1552.0,1555.0,1552.0,1555.0,1487.0,5,825,300,25910.05
2025-11-18,2026-01-27,23800,PE,38.0,38.9,33.1,35.45,35.45,73,16900,2925,25910.05
2025-11-18,2025-12-30,27750,PE,1626.35,1626.35,1626.35,1626.35,1626.35,1,675,75,25910.05
2025-11-18,2025-12-30,27650,PE,0.0,0.0,0.0,1406.15,1596.8,0,600,0,25910.05
2025-11-18,2025-12-30,26800,PE,741.5,809.4,710.5,747.8,879.65,48,12600,750,25910.05
2025-11-18,2025-12-30,26250,PE,415.95,450.25,384.05,426.95,426.95,242,28500,4950,25910.05
2025-11-18,2025-12-30,25400,PE,120.0,144.0,113.85,132.65,132.65,5469,507000,57975,25910.05
2025-11-18,2025-12-30,25200,PE,82.0,108.0,82.0,97.75,97.75,5390,677475,22125,25910.05
2025-11-18,2025-12-30,25100,PE,78.0,92.45,73.0,85.0,85.0,3590,457500,39000,25910.05
2025-11-18,2025-12-30,25050,PE,76.1,85.35,68.7,78.95,78.95,191,27300,300,25910.05
2025-11-18,2025-12-30,24000,PE,22.9,25.7,21.5,23.25,23.25,14399,4132050,85675,25910.05
2025-11-18,2025-12-30,23850,PE,15.15,23.9,15.15,23.9,5.5,2,2625,0,25910.05
2025-11-18,2025-12-30,23550,PE,17.0,17.15,17.0,17.05,17.05,24,2700,0,25910.05
2025-11-18,2025-12-30,22950,PE,0.0,0.0,0.0,14.15,0.25,0,450,0,25910.05
2025-11-18,2025-12-16,27050,PE,0.0,0.0,0.0,1296.3,1076.65,0,0,0,25910.05
2025-11-18,2025-12-16,26050,PE,293.95,313.2,290.35,294.55,294.55,15,1950,450,25910.05
2025-11-18,2025-12-16,25400,PE,92.15,104.95,82.5,97.25,97.25,59,8550,2250,25910.05
2025-11-18,2025-12-16,24000,PE,14.1,17.0,12.8,14.0,14.0,25,2625,1575,25910.05
2025-11-18,2025-12-09,27500,PE,0.0,0.0,0.0,1346.45,1507.15,0,0,0,25910.05
2025-11-18,2025-12-09,27150,PE,0.0,0.0,0.0,1012.3,1173.6,0,75,0,25910.05
2025-11-18,2025-12-09,27100,PE,995.9,995.9,995.9,995.9,1127.3,1,225,0,25910.05
2025-11-18,2025-12-09,27000,PE,925.05,980.0,908.0,975.0,975.0,6,600,300,25910.05
2025-11-18,2025-12-09,26850,PE,0.0,0.0,0.0,741.05,903.3,0,75,0,25910.05
2025-11-18,2025-12-09,26600,PE,616.0,632.3,616.0,632.3,696.3,54,300,-3600,25910.05
2025-11-18,2025-12-09,26400,PE,445.0,445.0,445.0,445.0,547.05,1,750,0,25910.05
2025-11-18,2025-12-09,26050,PE,239.2,297.8,239.2,277.6,277.6,149,5550,525,25910.05
2025-11-18,2025-12-09,25150,PE,44.95,50.5,42.75,44.1,44.1,47,8100,2250,25910.05
2025-11-18,2025-12-02,27300,PE,0.0,0.0,0.0,1180.35,1333.9,0,75,0,25910.05
2025-11-18,2025-12-02,27200,PE,0.0,0.0,0.0,1081.65,1236.25,0,0,0,25910.05
2025-11-18,2025-12-02,27100,PE,0.0,0.0,0.0,1002.4,1139.45,0,75,0,25910.05
2025-11-18,2025-12-02,27000,PE,971.95,1028.0,930.0,990.5,990.5,20,3600,75,25910.05
2025-11-18,2025-12-02,26750,PE,0.0,0.0,0.0,677.4,813.05,0,0,0,25910.05
2025-11-18,2025-12-02,25300,PE,34.85,49.95,30.9,39.4,39.4,7872,246525,89325,25910.05
2025-11-18,2025-12-02,25100,PE,24.5,31.1,19.75,24.8,24.8,5178,123150,23775,25910.05
2025-11-18,2025-12-02,24400,PE,8.55,9.3,6.75,7.2,7.2,72,21000,675,25910.05
2025-11-18,2025-12-02,24200,PE,7.5,7.5,5.45,6.1,6.1,302,23100,2625,25910.05
2025-11-18,2025-12-02,24150,PE,7.0,7.0,7.0,7.0,0.2,1,75,75,25910.05
2025-11-18,2025-12-02,24050,PE,5.5,6.9,4.65,6.0,0.1,42,12600,0,25910.05
2025-11-18,2025-11-25,26950,PE,0.0,0.0,0.0,896.95,1012.05,0,825,0,25910.05
2025-11-18,2025-11-25,26800,PE,782.0,876.9,778.25,850.35,850.35,253,26250,450,25910.05
2025-11-18,2025-11-25,26650,PE,665.0,711.55,635.45,707.95,707.95,15,3225,600,25910.05
2025-11-18,2025-11-25,26550,PE,610.85,626.7,544.0,607.85,607.85,40,5100,675,25910.05
2025-11-18,2025-11-25,26500,PE,500.0,605.85,481.5,564.05,564.05,11592,984525,-69075,25910.05
2025-11-18,2025-11-25,26300,PE,345.0,432.95,317.3,387.3,387.3,24240,720600,80775,25910.05
2025-11-18,2025-11-25,26000,PE,154.95,222.95,139.2,184.65,184.65,637194,9405600,2421000,25910.05
2025-11-18,2025-11-25,25900,PE,113.55,170.9,100.75,136.5,136.5,525057,5175300,1365825,25910.05
2025-11-18,2025-11-25,25550,PE,32.0,57.4,28.45,39.85,39.85,84163,871275,229275,25910.05
2025-11-18,2025-11-25,25350,PE,19.4,29.5,14.35,19.6,19.6,51224,1194525,509100,25910.05
2025-11-18,2025-11-25,25150,PE,12.6,15.6,8.7,10.65,10.65,42012,832950,385125,25910.05
2025-11-18,2025-11-25,24550,PE,6.2,6.2,3.8,4.25,4.25,6985,121800,17475,25910.05
2025-11-18,2025-11-25,23650,PE,2.65,2.65,1.9,2.2,2.2,152,14325,1050,25910.05
2025-11-18,2025-11-25,23100,PE,2.05,2.35,1.55,1.7,1.7,647,52725,-2175,25910.05
2025-11-18,2025-11-25,22700,PE,1.75,1.75,1.2,1.3,1.3,16134,1289175,252375,25910.05
2025-11-18,2025-11-18,27100,PE,1136.8,1176.15,1136.8,1176.15,25910.05,3,225,-150,25910.05
2025-11-18,2025-11-18,24050,PE,0.55,0.65,0.05,0.1,25910.05,12495,78750,-116925,25910.05
2025-11-18,2030-06-25,30000,CE,0.0,0.0,0.0,5580.35,4239.0,0,0,0,25910.05
2025-11-18,2029-06-26,30000,CE,0.0,0.0,0.0,5268.4,3156.65,0,0,0,25910.05
2025-11-18,2028-12-26,25000,CE,0.0,0.0,0.0,5350.4,5415.3,0,0,0,25910.05
2025-11-18,2028-12-26,19000,CE,0.0,0.0,0.0,8739.0,10035.3,0,0,0,25910.05
2025-11-18,2030-06-25,23000,PE,0.0,0.0,0.0,550.6,174.4,0,0,0,25910.05
2025-11-18,2028-06-27,21000,CE,0.0,0.0,0.0,5226.55,7890.6,0,0,0,25910.05
2025-11-18,2027-12-28,26000,CE,0.0,0.0,0.0,3700.0,3531.8,0,75,0,25910.05
2025-11-18,2026-12-29,29000,CE,751.55,772.0,725.25,743.35,743.35,322,228975,4200,25910.05
2025-11-18,2026-12-29,22000,CE,0.0,0.0,0.0,5300.0,5318.45,0,2175,0,25910.05
2025-11-18,2026-09-29,31000,CE,0.0,0.0,0.0,272.8,195.15,0,0,0,25910.05
2025-11-18,2026-09-29,29000,CE,0.0,0.0,0.0,587.75,545.95,0,0,0,25910.05
2025-11-18,2026-09-29,27000,CE,0.0,0.0,0.0,1156.15,1275.4,0,0,0,25910.05
2025-11-18,2026-03-31,30000,CE,40.3,41.5,31.25,32.1,32.1,2699,425550,119775,25910.05
2025-11-18,2026-01-27,26100,CE,634.3,647.0,599.0,605.75,605.75,71,9945,1235,25910.05
2025-11-18,2026-01-27,25850,CE,0.0,0.0,0.0,813.1,736.25,0,3250,0,25910.05
2025-11-18,2026-01-27,25700,CE,880.0,905.0,860.0,866.2,866.2,23,6955,195,25910.05
2025-11-18,2026-01-27,25300,CE,1218.8,1218.8,1164.7,1164.7,1097.1,15,1300,650,25910.05
2025-11-18,2026-01-27,25100,CE,1323.9,1323.9,1323.9,1323.9,1323.9,1,390,0,25910.05
2025-11-18,2026-01-27,24100,CE,0.0,0.0,0.0,2238.85,2107.75,0,65,0,25910.05
2025-11-18,2025-12-30,27600,CE,23.7,25.0,20.55,21.3,21.3,1119,120000,8550,25910.05
2025-11-18,2025-12-30,27250,CE,49.75,53.3,43.6,45.75,45.75,208,4425,2475,25910.05
2025-11-18,2025-12-30,24700,CE,1494.25,1535.0,1462.5,1462.5,1462.5,68,9600,2775,25910.05
2025-11-18,2025-12-30,24350,CE,0.0,0.0,0.0,1914.15,1741.25,0,3525,0,25910.05
2025-11-18,2025-12-30,24200,CE,1950.0,1950.0,1950.0,1950.0,1950.0,2,1575,150,25910.05
2025-11-18,2025-12-30,23500,CE,2646.2,2702.0,2598.0,2621.9,2621.9,142,34575,9825,25910.05
2025-11-18,2025-12-30,19500,CE,0.0,0.0,0.0,6660.0,6538.65,0,1075,0,25910.05
2025-11-18,2025-12-16,27500,CE,0.0,0.0,0.0,47.65,19.2,0,0,0,25910.05
2025-11-18,2025-12-16,27300,CE,0.0,0.0,0.0,66.65,31.45,0,0,0,25910.05
2025-11-18,2025-12-16,26550,CE,0.0,0.0,0.0,149.45,150.6,0,150,0,25910.05
2025-11-18,2025-12-16,26000,CE,400.0,400.0,346.05,353.15,353.15,874,36600,17400,25910.05
2025-11-18,2025-12-16,24200,CE,0.0,0.0,0.0,1673.35,1821.25,0,0,0,25910.05
2025-11-18,2025-12-16,24000,CE,0.0,0.0,0.0,1859.25,2017.95,0,0,0,25910.05
2025-11-18,2025-12-09,27350,CE,10.25,11.45,7.7,9.05,9.05,129,13200,-2025,25910.05
2025-11-18,2025-12-09,26400,CE,144.3,152.0,121.35,125.3,125.3,734,31275,8250,25910.05
2025-11-18,2025-12-09,26150,CE,234.35,260.45,210.4,218.05,218.05,154,20325,1875,25910.05
2025-11-18,2025-12-09,25900,CE,393.5,408.25,344.15,353.25,353.25,1370,42450,16725,25910.05
2025-11-18,2025-12-09,24950,CE,0.0,0.0,0.0,1222.8,1069.25,0,150,0,25910.05
2025-11-18,2025-12-09,24300,CE,0.0,0.0,0.0,1849.15,1692.9,0,0,0,25910.05
2025-11-18,2025-12-02,27700,CE,3.35,3.45,1.9,2.5,2.5,458,21975,13200,25910.05
2025-11-18,2025-12-02,27350,CE,4.95,5.9,4.0,4.7,4.7,88,7500,900,25910.05
2025-11-18,2025-12-02,26950,CE,0.0,0.0,0.0,203.85,16.15,0,0,0,25910.05
2025-11-18,2025-12-02,26650,CE,41.05,44.15,30.0,32.2,32.2,1564,61200,24675,25910.05
2025-11-18,2025-12-02,26600,CE,42.05,52.3,36.4,38.75,38.75,8735,188400,50475,25910.05
2025-11-18,2025-12-02,25050,CE,0.0,0.0,0.0,1084.3,932.7,0,75,0,25910.05
2025-11-18,2025-12-02,24950,CE,0.0,0.0,0.0,1173.45,1026.75,0,0,0,25910.05
2025-11-18,2025-12-02,24650,CE,0.0,0.0,0.0,1471.6,1317.45,0,0,0,25910.05
2025-11-18,2025-12-02,23750,CE,2266.65,2303.15,2266.65,2284.9,2284.9,2,150,75,25910.05
2025-11-18,2025-11-25,27300,CE,1.7,1.85,1.25,1.5,1.5,93976,2540775,631575,25910.05
2025-11-18,2025-11-25,24200,CE,1780.0,1797.45,1760.0,1761.5,1761.5,10,12975,-300,25910.05
2025-11-18,2025-11-18,27800,CE,0.4,0.55,0.05,0.05,25910.05,121069,1529475,-388650,25910.05
2025-11-18,2025-11-18,26700,CE,0.8,1.25,0.05,0.1,25910.05,695806,4722375,-1282800,25910.05
2025-11-18,2025-11-18,25400,CE,565.0,604.0,482.9,513.35,25910.05,12785,101550,-50025,25910.05
2025-11-18,2025-11-18,24900,CE,1040.05,1091.45,982.5,1019.75,25910.05,555,19425,-6000,25910.05
2025-11-18,2025-11-18,24450,CE,1530.0,1530.0,1456.8,1467.15,25910.05,11,225,0,25910.05
2025-11-18,2025-11-18,24000,CE,1960.4,1989.8,1881.6,1920.5,25910.05,286,17700,-13575,25910.05
2025-11-18,2025-11-18,23850,CE,0.0,0.0,0.0,2127.0,25910.05,0,450,0,25910.05
2025-11-18,2025-11-18,23800,CE,0.0,0.0,0.0,2215.0,25910.05,0,375,0,25910.05
2025-11-18,2026-06-30,31000,PE,0.0,0.0,0.0,5585.0,4091.05,0,0,0,25910.05
2025-11-18,2026-09-29,26000,PE,0.0,0.0,0.0,585.0,651.45,0,525,0,25910.05
2025-11-18,2026-12-29,27000,PE,851.0,869.9,834.0,850.9,850.9,241,160800,5700,25910.05
2025-11-18,2027-06-29,27000,PE,0.0,0.0,0.0,6273.45,991.5,0,0,0,25910.05
2025-11-18,2028-06-27,24000,PE,0.0,0.0,0.0,1692.75,280.35,0,0,0,25910.05
2025-11-18,2028-12-26,18000,PE,0.0,0.0,0.0,250.0,7.7,0,75,0,25910.05
2025-11-18,2028-12-26,20000,PE,0.0,0.0,0.0,330.0,34.0,0,1100,0,25910.05
2025-11-18,2029-06-26,27000,PE,0.0,0.0,0.0,1252.35,760.3,0,0,0,25910.05
2025-11-18,2029-12-24,19000,PE,0.0,0.0,0.0,142.25,22.65,0,0,0,25910.05
2025-11-18,2029-12-24,21000,PE,0.0,0.0,0.0,278.8,71.0,0,0,0,25910.05
2025-11-18,2029-12-24,30000,PE,0.0,0.0,0.0,1953.5,1484.2,0,0,0,25910.05
2025-11-18,2030-06-25,30000,PE,0.0,0.0,0.0,2100.85,1353.0,0,0,0,25910.05
2025-11-18,2030-06-25,19000,PE,0.0,0.0,0.0,168.9,24.6,0,0,0,25910.05
2025-11-18,2030-06-25,20000,PE,0.0,0.0,0.0,236.4,43.4,0,0,0,25910.05
2025-11-18,2028-06-27,27000,CE,0.0,0.0,0.0,2885.15,3545.65,0,0,0,25910.05
2025-11-18,2026-03-31,28000,PE,1461.6,1555.65,1461.6,1532.65,1532.65,162,167850,1800,25910.05
2025-11-18,2026-03-31,26000,PE,430.45,475.0,430.45,461.3,461.3,2629,1158825,46950,25910.05
2025-11-18,2026-03-31,25000,PE,208.1,230.25,208.1,225.6,225.6,3414,1256775,65625,25910.05
2025-11-18,2026-03-31,20000,PE,21.65,22.55,21.05,22.3,22.3,118,96675,2550,25910.05
2025-11-18,2026-01-27,27200,PE,990.0,1005.3,982.75,1005.3,1005.3,8,1495,130,25910.05
2025-11-18,2026-01-27,25100,PE,122.6,138.5,119.3,132.8,132.8,891,136565,23335,25910.05
2025-11-18,2025-12-02,25150,PE,27.9,33.75,22.0,27.35,27.35,333,29775,4650,25910.05
2025-11-18,2025-11-25,27750,PE,0.0,0.0,0.0,1687.85,1809.35,0,150,0,25910.05
2025-11-18,2025-11-25,27350,PE,0.0,0.0,0.0,1284.0,1409.9,0,825,0,25910.05
2025-11-18,2025-11-25,27050,PE,0.0,0.0,0.0,1006.85,1111.05,0,150,0,25910.05
2025-11-18,2025-11-25,26100,PE,195.0,284.9,188.5,242.3,242.3,103720,1490475,-44700,25910.05
2025-11-18,2025-11-25,25700,PE,45.0,93.55,45.0,68.8,68.8,286071,4245675,1420725,25910.05
2025-11-18,2025-11-25,25000,PE,8.4,10.5,6.95,7.9,7.9,187105,7201875,1132575,25910.05
2025-11-18,2025-11-25,24500,PE,5.4,5.7,3.6,4.15,4.15,158066,6790500,3453600,25910.05
2025-11-18,2025-11-25,24200,PE,4.0,4.4,2.25,2.95,2.95,38078,1010850,447300,25910.05
2025-11-18,2025-11-18,27300,PE,0.0,0.0,0.0,1291.45,25910.05,0,150,0,25910.05
2025-11-18,2025-11-18,27200,PE,0.0,0.0,0.0,1192.5,25910.05,0,150,0,25910.05
2025-11-18,2025-11-18,26750,PE,800.25,870.95,766.15,828.7,25910.05,77,1650,975,25910.05
2025-11-18,2025-11-18,26650,PE,716.35,763.15,666.0,729.85,25910.05,69,3000,750,25910.05
2025-11-18,2025-11-18,26600,PE,661.75,720.25,597.25,685.2,25910.05,313,16200,-2100,25910.05
2025-11-18,2025-11-18,26500,PE,520.45,622.0,494.9,587.35,25910.05,6348,75075,-52875,25910.05
2025-11-18,2025-11-18,26050,PE,99.0,179.65,51.3,130.6,25910.05,3126299,717075,-1211625,25910.05
2025-11-18,2025-11-18,25550,PE,2.9,2.9,0.05,0.15,25910.05,995089,2970375,-484500,25910.05
2025-11-18,2025-11-18,24700,PE,0.9,1.0,0.05,0.1,25910.05,218222,1189200,-1081725,25910.05
2025-11-18,2025-11-18,23400,PE,0.5,0.5,0.05,0.05,25910.05,159160,2140875,-2133225,25910.05
2025-11-18,2030-06-25,25000,CE,0.0,0.0,0.0,8027.0,7082.85,0,0,0,25910.05
2025-11-18,2030-06-25,21000,CE,0.0,0.0,0.0,10421.65,9865.6,0,0,0,25910.05
2025-11-18,2030-06-25,20000,CE,0.0,0.0,0.0,11072.4,10604.1,0,0,0,25910.05
2025-11-18,2029-12-24,20000,CE,0.0,0.0,0.0,10081.1,10153.1,0,0,0,25910.05
2025-11-18,2029-06-26,22000,CE,0.0,0.0,0.0,9207.9,8143.15,0,0,0,25910.05
2025-11-18,2029-06-26,21000,CE,0.0,0.0,0.0,9799.75,8910.1,0,0,0,25910.05
2025-11-18,2028-06-27,25000,CE,0.0,0.0,0.0,3545.15,4819.85,0,0,0,25910.05
2025-11-18,2027-12-28,20000,CE,0.0,0.0,0.0,5333.85,8215.95,0,0,0,25910.05
2025-11-18,2027-06-29,31000,CE,0.0,0.0,0.0,1151.25,749.6,0,0,0,25910.05
2025-11-18,2026-12-29,27000,CE,1765.0,1780.0,1727.1,1732.4,1732.4,241,168675,9900,25910.05
2025-11-18,2026-09-29,23000,CE,0.0,0.0,0.0,3363.4,4103.8,0,0,0,25910.05
2025-11-18,2025-12-16,26850,PE,0.0,0.0,0.0,1131.85,906.75,0,0,0,25910.05
2025-11-18,2025-12-16,27700,PE,0.0,0.0,0.0,1876.95,1679.35,0,0,0,25910.05
2025-11-18,2025-12-30,16500,PE,4.95,4.95,4.25,4.25,4.25,6,5250,300,25910.05
2025-11-18,2025-12-30,22900,PE,12.1,14.35,11.15,12.15,12.15,134,15150,-600,25910.05
2025-11-18,2025-12-30,23600,PE,16.15,18.75,15.2,16.9,2.6,64,32925,-225,25910.05
2025-11-18,2025-12-30,24250,PE,28.2,31.5,27.25,27.25,16.15,40,13875,1125,25910.05
2025-11-18,2025-12-30,24550,PE,39.95,44.0,38.55,40.5,40.5,38,19800,1350,25910.05
2025-11-18,2025-12-30,25000,PE,64.0,81.05,64.0,73.8,73.8,23988,5153525,86850,25910.05
2025-11-18,2025-12-30,25850,PE,240.9,275.0,224.0,254.05,254.05,562,44775,4650,25910.05
2025-11-18,2025-12-30,26350,PE,469.8,507.4,434.3,481.0,481.0,65,54075,1275,25910.05
2025-11-18,2025-12-30,27200,PE,1065.0,1080.0,1060.0,1060.0,1198.85,22,3075,1200,25910.05
2025-11-18,2025-12-30,27350,PE,1220.0,1220.0,1220.0,1220.0,1327.7,1,450,0,25910.05
2025-11-18,2025-12-30,27450,PE,1310.75,1310.75,1310.75,1310.75,1310.75,1,150,0,25910.05
2025-11-18,2025-12-30,27800,PE,1653.75,1653.75,1653.75,1653.75,1653.75,2,225,75,25910.05
2025-11-18,2025-12-30,31000,PE,0.0,0.0,0.0,4570.0,4885.5,0,150,0,25910.05
2025-11-18,2025-12-09,27050,PE,0.0,0.0,0.0,920.25,1081.4,0,75,0,25910.05
2025-11-18,2025-12-09,27200,PE,0.0,0.0,0.0,1061.0,1220.3,0,75,0,25910.05
2025-11-18,2026-06-30,24000,CE,3049.9,3100.0,3044.2,3100.0,2880.65,53,18750,2475,25910.05
2025-11-18,2026-01-27,27800,CE,64.45,66.9,55.0,57.8,57.8,441,59605,7150,25910.05
2025-11-18,2026-01-27,27500,CE,106.45,106.5,90.95,93.85,93.85,1197,253760,5200,25910.05
2025-11-18,2026-01-27,26900,CE,234.85,260.3,234.85,239.6,239.6,24,13455,1105,25910.05
2025-11-18,2026-01-27,26300,CE,509.0,535.0,483.75,493.95,493.95,177,19175,2015,25910.05
2025-11-18,2026-01-27,25500,CE,1021.95,1070.75,993.45,1013.05,1013.05,543,64610,12870,25910.05
2025-11-18,2026-01-27,24550,CE,0.0,0.0,0.0,1822.65,1701.55,0,65,0,25910.05
2025-11-18,2026-01-27,24250,CE,0.0,0.0,0.0,2099.0,1969.7,0,65,0,25910.05
2025-11-18,2026-01-27,24050,CE,0.0,0.0,0.0,2285.75,2154.25,0,65,0,25910.05
2025-11-18,2025-12-30,26900,CE,101.1,115.0,93.2,97.0,97.0,5504,332475,93075,25910.05
2025-11-18,2025-12-30,26850,CE,118.05,127.0,104.4,108.85,108.85,349,27375,2775,25910.05
2025-11-18,2025-12-30,26750,CE,142.0,153.05,128.65,132.95,132.95,588,54000,7275,25910.05
2025-11-18,2025-12-30,26600,CE,192.05,203.4,171.6,177.3,177.3,2948,284100,26925,25910.05
2025-11-18,2025-12-30,25650,CE,700.0,721.5,658.7,680.85,680.85,46,12825,1200,25910.05
2025-11-18,2025-12-30,25550,CE,765.1,800.0,748.0,749.6,749.6,13,7275,0,25910.05
2025-11-18,2025-12-30,25150,CE,1086.0,1086.0,1086.0,1086.0,1035.1,1,1200,75,25910.05
2025-11-18,2025-12-30,25100,CE,1133.7,1176.15,1092.0,1110.1,1110.1,35,22800,-825,25910.05
2025-11-18,2025-12-30,24900,CE,1341.1,1380.0,1276.35,1287.05,1287.05,337,35925,19425,25910.05
2025-11-18,2025-12-30,24250,CE,0.0,0.0,0.0,2013.85,1836.1,0,75,0,25910.05
2025-11-18,2025-12-30,23650,CE,0.0,0.0,0.0,2494.95,2419.05,0,75,0,25910.05
2025-11-18,2025-12-30,23350,CE,0.0,0.0,0.0,2440.45,2715.2,0,75,0,25910.05
2025-11-18,2025-12-30,23300,CE,2815.0,2830.0,2815.0,2822.5,2822.5,4,300,300,25910.05
2025-11-18,2025-12-30,22850,CE,0.0,0.0,0.0,2213.4,3210.9,0,0,0,25910.05
2025-11-18,2025-12-30,18000,CE,8075.0,8075.0,8075.0,8075.0,8028.75,1,62800,0,25910.05
2025-11-18,2025-12-16,27450,CE,15.0,25.0,11.15,12.6,12.6,196,13875,5925,25910.05
2025-11-18,2025-12-16,27350,CE,0.0,0.0,0.0,61.4,27.9,0,0,0,25910.05
2025-11-18,2025-12-16,27050,CE,0.0,0.0,0.0,99.05,55.75,0,0,0,25910.05
2025-11-18,2025-12-16,26750,CE,0.0,0.0,0.0,153.8,103.65,0,0,0,25910.05
2025-11-18,2025-12-16,25200,CE,0.0,0.0,0.0,850.05,898.95,0,0,0,25910.05
2025-11-18,2025-12-16,24050,CE,0.0,0.0,0.0,1812.4,1968.65,0,0,0,25910.05
2025-11-18,2025-12-09,27500,CE,8.5,8.5,5.9,6.5,6.5,532,44175,18525,25910.05
2025-11-18,2025-12-16,24350,PE,0.0,0.0,0.0,50.35,7.7,0,0,0,25910.05
2025-11-18,2025-12-09,26600,CE,95.7,95.8,69.5,72.9,72.9,995,40725,23700,25910.05
2025-11-18,2025-12-09,24400,CE,0.0,0.0,0.0,1751.1,1594.55,0,0,0,25910.05
2025-11-18,2025-12-09,23750,CE,0.0,0.0,0.0,2397.55,2238.7,0,75,0,25910.05
2025-11-18,2025-12-02,27750,CE,2.2,3.35,2.1,2.5,2.5,158,14250,4200,25910.05
2025-11-18,2025-12-02,27300,CE,4.95,6.35,4.25,4.8,4.8,692,41625,17850,25910.05
2025-11-18,2026-01-27,23850,PE,0.0,0.0,0.0,36.5,20.75,0,845,0,25910.05
2025-11-18,2026-01-27,24150,PE,49.35,49.35,49.35,49.35,49.35,1,1755,-65,25910.05
2025-11-18,2026-01-27,25550,PE,213.0,218.85,204.5,217.85,217.85,22,3705,845,25910.05
2025-11-18,2026-01-27,25900,PE,306.65,338.0,295.05,323.7,323.7,235,19500,2990,25910.05
2025-11-18,2026-01-27,26000,PE,334.75,375.55,320.3,357.85,357.85,2413,240890,11180,25910.05
2025-11-18,2026-01-27,26150,PE,393.0,393.0,393.0,393.0,527.45,1,1105,0,25910.05
2025-11-18,2026-01-27,27100,PE,0.0,0.0,0.0,1025.35,1116.35,0,195,0,25910.05
2025-11-18,2026-01-27,27350,PE,0.0,0.0,0.0,1069.55,1307.4,0,715,0,25910.05
2025-11-18,2026-01-27,27650,PE,0.0,0.0,0.0,1308.7,1552.2,0,130,0,25910.05
2025-11-18,2025-12-16,24650,PE,38.8,38.8,38.8,38.8,19.35,1,150,75,25910.05
2025-11-18,2025-12-09,25900,PE,189.95,234.0,178.1,212.45,212.45,1343,39525,11775,25910.05
2025-11-18,2025-12-02,26250,CE,140.05,147.75,110.65,119.15,119.15,1786,39300,19425,25910.05
2025-11-18,2025-12-02,25650,CE,486.0,508.1,443.05,456.8,456.8,40,4650,150,25910.05
2025-11-18,2025-12-02,25200,CE,871.2,900.0,816.8,834.3,834.3,74,14400,900,25910.05
2025-11-18,2025-12-02,24500,CE,1605.0,1605.0,1516.35,1516.35,1516.35,2,375,0,25910.05
2025-11-18,2025-11-25,27700,CE,1.3,1.45,1.0,1.25,1.25,19326,749400,477375,25910.05
2025-11-18,2025-11-25,26900,CE,7.0,7.0,3.1,3.35,3.35,88436,2685750,1158525,25910.05
2025-11-18,2025-11-25,26050,CE,172.95,173.0,106.0,114.65,114.65,150495,1217250,478200,25910.05
2025-11-18,2025-11-25,25900,CE,245.05,245.05,176.0,187.9,187.9,369003,4816800,1973625,25910.05
2025-11-18,2025-11-25,25750,CE,336.85,375.45,271.0,283.35,283.35,11980,291000,41325,25910.05
2025-11-18,2025-11-25,25550,CE,472.85,517.45,418.55,438.35,438.35,1030,109575,-14850,25910.05
2025-11-18,2025-11-25,24050,CE,0.0,0.0,0.0,2002.75,1886.55,0,675,0,25910.05
2025-11-18,2025-11-25,23850,CE,0.0,0.0,0.0,2211.0,2086.35,0,675,0,25910.05
2025-11-18,2025-11-25,23300,CE,2695.0,2695.0,2659.25,2659.85,2659.85,7,6300,-525,25910.05
2025-11-18,2025-11-18,26250,CE,4.0,4.45,0.05,0.15,25910.05,1867704,3549300,-2845125,25910.05
2025-11-18,2025-11-18,24300,CE,1645.0,1685.0,1645.0,1677.0,25910.05,16,1125,-900,25910.05
2025-11-18,2026-01-27,27800,PE,0.0,0.0,0.0,1439.55,1680.1,0,130,0,25910.05
2025-11-18,2026-03-31,19000,PE,0.0,0.0,0.0,23.0,0.05,0,3675,0,25910.05
2025-11-18,2026-06-30,27000,PE,866.95,900.0,850.0,886.95,886.95,311,363975,3225,25910.05
2025-11-18,2026-12-29,19000,PE,0.0,0.0,0.0,62.7,1.4,0,1725,0,25910.05
2025-11-18,2026-12-29,25000,PE,414.65,438.0,414.65,429.3,429.3,456,411950,17775,25910.05
2025-11-18,2026-12-29,30000,PE,2299.0,2335.8,2269.5,2300.0,2775.35,51,47775,3225,25910.05
2025-11-18,2028-12-26,24000,PE,0.0,0.0,0.0,888.05,279.55,0,1800,0,25910.05
2025-11-18,2028-12-26,28000,PE,0.0,0.0,0.0,1697.6,1090.55,0,0,0,25910.05
2025-11-18,2029-06-26,25000,PE,0.0,0.0,0.0,852.5,398.6,0,0,0,25910.05
2025-11-18,2025-12-09,24550,PE,17.65,17.8,15.75,17.25,17.25,23,975,-525,25910.05
2025-11-18,2025-12-09,27100,CE,0.0,0.0,0.0,75.5,26.85,0,0,0,25910.05
2025-11-18,2029-06-26,30000,PE,0.0,0.0,0.0,2031.05,1629.5,0,0,0,25910.05
2025-11-18,2029-12-24,28000,PE,0.0,0.0,0.0,1411.3,925.65,0,0,0,25910.05
2025-11-18,2025-12-16,25650,PE,142.0,153.0,137.75,147.45,147.45,25,1725,1650,25910.05
2025-11-18,2025-12-16,25700,PE,160.65,185.0,147.0,170.2,170.2,177,15225,975,25910.05
2025-11-18,2025-12-16,25950,PE,254.0,269.55,236.55,236.55,312.15,21,1200,225,25910.05
2025-11-18,2025-12-16,26450,PE,0.0,0.0,0.0,830.8,603.0,0,0,0,25910.05
2025-11-18,2025-12-09,24000,PE,10.0,10.0,8.35,9.0,9.0,221,21300,12075,25910.05
2025-11-18,2025-12-09,23850,PE,0.0,0.0,0.0,21.75,0.35,0,75,0,25910.05
2025-11-18,2025-12-02,26500,PE,517.0,582.65,481.85,548.05,548.05,981,49800,28050,25910.05
2025-11-18,2025-12-02,26000,PE,199.05,252.3,180.6,220.75,220.75,33597,651450,281700,25910.05
2025-11-18,2025-12-02,25650,PE,85.0,117.65,76.8,97.45,97.45,1604,36900,14925,25910.05
2025-11-18,2025-12-02,25450,PE,58.0,71.6,46.05,59.0,59.0,672,41250,18000,25910.05
2025-11-18,2025-11-25,27250,PE,0.0,0.0,0.0,1195.35,1310.15,0,375,0,25910.05
2025-11-18,2025-11-25,26850,PE,0.0,0.0,0.0,788.65,913.65,0,1200,0,25910.05
2025-11-18,2025-11-25,26600,PE,627.95,695.0,575.0,652.95,652.95,581,95100,7350,25910.05
2025-11-18,2025-11-25,26400,PE,432.3,515.55,397.25,473.0,473.0,5609,176700,-10425,25910.05
2025-11-18,2025-11-25,26350,PE,403.95,473.2,357.7,429.7,429.7,1341,40650,-1050,25910.05
2025-11-18,2025-11-25,25050,PE,10.55,11.75,7.25,8.55,8.55,26941,444900,147000,25910.05
2025-11-18,2025-11-25,24900,PE,7.9,8.85,6.1,6.6,6.6,135828,2715000,1309425,25910.05
2025-11-18,2025-11-25,24750,PE,6.7,7.25,4.95,5.25,5.25,20324,407925,147375,25910.05
2025-11-18,2025-11-25,24300,PE,4.75,5.05,2.55,3.25,3.25,42077,1081575,499200,25910.05
2025-11-18,2025-11-25,23950,PE,4.2,4.2,1.85,2.4,2.4,1416,42150,-1200,25910.05
2025-11-18,2025-11-25,23850,PE,2.85,3.2,1.9,2.2,2.2,1871,57825,-6075,25910.05
2025-11-18,2025-11-25,23800,PE,2.85,3.35,1.9,2.25,2.25,6306,325575,42675,25910.05
2025-11-18,2025-11-25,23500,PE,2.8,2.9,1.8,2.0,2.0,34558,2002725,279450,25910.05
2025-11-18,2025-11-25,23300,PE,2.95,2.95,1.65,1.85,1.85,3139,191325,12000,25910.05
2025-11-18,2025-11-25,23200,PE,2.3,2.35,1.55,1.75,1.75,1955,40500,-34950,25910.05
2025-11-18,2025-11-18,27800,PE,1860.35,1860.35,1860.35,1860.35,25910.05,2,300,0,25910.05
2025-11-18,2025-11-18,27450,PE,0.0,0.0,0.0,1701.35,25910.05,0,0,0,25910.05
2025-11-18,2025-11-18,27400,PE,0.0,0.0,0.0,1651.5,25910.05,0,0,0,25910.05
2025-11-18,2025-11-18,27150,PE,0.0,0.0,0.0,1402.35,25910.05,0,0,0,25910.05
2025-11-18,2025-11-18,26400,PE,421.75,521.3,393.35,487.25,25910.05,4837,40575,-18000,25910.05
2025-11-18,2025-11-18,26250,PE,293.15,373.0,243.4,333.7,25910.05,31221,59625,-36525,25910.05
2025-11-18,2025-11-18,25950,PE,36.0,98.0,5.65,30.55,25910.05,30169527,9362100,671475,25910.05
2025-11-18,2025-11-18,24900,PE,1.05,1.15,0.05,0.1,25910.05,334947,2583300,-715575,25910.05
2025-11-18,2025-11-18,24150,PE,1.0,1.0,0.05,0.1,25910.05,15177,78075,-132225,25910.05
2025-11-18,2025-11-18,23800,PE,0.6,0.6,0.05,0.05,25910.05,13961,132825,-83625,25910.05
2025-11-18,2029-12-24,31000,CE,0.0,0.0,0.0,4512.25,3247.95,0,0,0,25910.05
2025-11-18,2029-12-24,23000,CE,0.0,0.0,0.0,8286.75,7920.65,0,0,0,25910.05
2025-11-18,2029-06-26,19000,CE,0.0,0.0,0.0,11036.95,10487.65,0,0,0,25910.05
2025-11-18,2028-12-26,28000,CE,0.0,0.0,0.0,2800.0,3581.3,0,1050,0,25910.05
2025-11-18,2027-06-29,24000,CE,0.0,0.0,0.0,3850.0,4287.75,0,600,0,25910.05
2025-11-18,2026-12-29,23000,CE,4730.0,4730.0,4730.0,4730.0,4440.0,1,6000,0,25910.05
2025-11-18,2026-09-29,22000,CE,0.0,0.0,0.0,4133.45,5005.35,0,0,0,25910.05
2025-11-18,2026-03-31,27000,CE,552.7,569.5,525.45,535.95,535.95,2525,1248750,4800,25910.05
2025-11-18,2026-03-31,22000,CE,4555.0,4575.0,4504.3,4518.65,4518.65,38,4800,2625,25910.05
2025-11-18,2026-01-27,27750,CE,0.0,0.0,0.0,280.15,101.5,0,0,0,25910.05
2025-11-18,2026-01-27,27200,CE,160.55,169.15,147.95,149.65,149.65,726,63115,-390,25910.05
2025-11-18,2026-01-27,26000,CE,675.05,722.45,658.0,670.0,670.0,1858,189735,26260,25910.05
2025-11-18,2026-01-27,25750,CE,0.0,0.0,0.0,868.9,795.8,0,195,0,25910.05
2025-11-18,2026-01-27,25550,CE,0.0,0.0,0.0,943.85,923.2,0,1235,0,25910.05
2025-11-18,2026-01-27,24600,CE,0.0,0.0,0.0,1777.75,1658.05,0,65,0,25910.05
2025-11-18,2026-01-27,24450,CE,0.0,0.0,0.0,1915.1,1789.6,0,65,0,25910.05
2025-11-18,2026-01-27,23900,CE,0.0,0.0,0.0,2427.15,2295.05,0,65,0,25910.05
2025-11-18,2025-12-30,27800,CE,16.05,17.05,13.85,14.55,14.55,2315,182175,51600,25910.05
2025-11-18,2025-12-30,27000,CE,102.05,103.85,77.0,80.05,80.05,28053,5391300,152825,25910.05
2025-11-18,2025-12-30,26000,CE,499.9,514.5,439.15,452.3,452.3,24947,5153400,254875,25910.05
2025-11-18,2025-12-30,25750,CE,622.2,660.2,596.85,612.35,612.35,97,31050,75,25910.05
2025-11-18,2025-12-30,25300,CE,962.55,998.5,925.0,944.75,944.75,407,80475,16050,25910.05
2025-11-18,2025-12-30,25250,CE,987.2,987.2,986.45,986.7,986.7,8,10950,-600,25910.05
2025-11-18,2025-12-30,24750,CE,1423.0,1423.0,1423.0,1423.0,1423.0,1,1575,75,25910.05
2025-11-18,2025-12-30,23850,CE,0.0,0.0,0.0,2389.75,2222.85,0,0,0,25910.05
2025-11-18,2025-12-30,23100,CE,0.0,0.0,0.0,2672.95,2962.85,0,0,0,25910.05
2025-11-18,2025-12-30,16000,CE,0.0,0.0,0.0,10000.0,10015.55,0,425,0,25910.05
2025-11-18,2025-12-16,27200,CE,52.1,52.1,25.0,26.95,26.95,21,1275,1275,25910.05
2025-11-18,2025-12-16,25900,CE,434.05,465.0,404.35,411.7,411.7,231,11250,6075,25910.05
2025-11-18,2025-12-16,25600,CE,0.0,0.0,0.0,595.5,597.4,0,0,0,25910.05
2025-11-18,2025-12-16,24400,CE,0.0,0.0,0.0,1492.7,1626.5,0,0,0,25910.05
2025-11-18,2025-12-09,27750,CE,0.0,0.0,0.0,24.05,3.45,0,0,0,25910.05
2025-11-18,2025-12-09,27150,CE,0.0,0.0,0.0,69.6,23.3,0,0,0,25910.05
2025-11-18,2025-12-09,26550,CE,111.0,111.0,81.45,85.3,85.3,45,2250,2250,25910.05
2025-11-18,2025-12-09,25750,CE,460.4,485.45,451.55,481.0,438.75,18,5625,0,25910.05
2025-11-18,2025-12-09,25050,CE,0.0,0.0,0.0,1131.1,978.85,0,150,0,25910.05
2025-11-18,2025-12-09,24550,CE,0.0,0.0,0.0,1607.2,1448.1,0,75,0,25910.05
2025-11-18,2025-12-02,26550,CE,56.9,61.65,43.0,45.6,45.6,1988,59475,38925,25910.05
2025-11-18,2025-12-02,25550,CE,0.0,0.0,0.0,620.25,507.0,0,3675,0,25910.05
2025-11-18,2025-12-02,24200,CE,1843.85,1843.85,1831.8,1831.8,1763.65,2,75,0,25910.05
2025-11-18,2025-12-02,24150,CE,0.0,0.0,0.0,1969.45,1813.45,0,75,0,25910.05
2025-11-18,2025-12-02,23850,CE,0.0,0.0,0.0,2263.0,2112.6,0,0,0,25910.05
2025-11-18,2025-11-25,27750,CE,1.15,1.55,0.95,1.25,1.25,740,45450,22050,25910.05
2025-11-18,2025-11-25,27650,CE,1.1,1.45,0.95,1.25,1.25,1202,77700,31575,25910.05
2025-11-18,2025-12-02,25950,PE,166.8,227.3,161.15,198.7,198.7,7045,69300,9975,25910.05
2025-11-18,2025-12-02,26850,PE,0.0,0.0,0.0,756.0,903.75,0,0,0,25910.05
2025-11-18,2025-12-09,23750,PE,7.5,9.0,5.7,7.0,7.0,18,8625,975,25910.05
2025-11-18,2025-12-09,23950,PE,0.0,0.0,0.0,25.95,0.55,0,0,0,25910.05
2025-11-18,2025-12-09,24300,PE,13.05,13.05,11.9,13.0,13.0,36,2250,975,25910.05
2025-11-18,2025-12-09,24350,PE,13.6,13.6,13.6,13.6,3.2,11,1050,-825,25910.05
2025-11-18,2025-12-09,24850,PE,26.6,30.1,22.95,23.8,19.6,26,4800,900,25910.05
2025-11-18,2025-12-09,24900,PE,28.5,32.2,23.5,28.3,28.3,409,17250,6825,25910.05
2025-11-18,2025-12-09,25200,PE,48.8,57.5,41.5,51.25,51.25,810,58200,16800,25910.05
2025-11-18,2025-11-25,26950,CE,4.0,4.1,2.8,2.95,2.95,30539,613125,231600,25910.05
2025-11-18,2025-11-25,26550,CE,20.0,21.15,11.25,12.4,12.4,69273,1097850,744075,25910.05
2025-11-18,2025-11-25,25400,CE,628.8,655.0,549.1,573.1,573.1,1897,329625,3975,25910.05
2025-11-18,2025-11-25,25000,CE,1001.15,1045.65,920.2,958.2,958.2,5564,1172700,-118275,25910.05
2025-11-18,2025-11-25,24850,CE,1095.0,1156.0,1083.3,1105.0,1105.0,17,4275,825,25910.05
2025-11-18,2025-11-25,24550,CE,1456.35,1456.35,1455.0,1455.0,1387.15,2,2100,0,25910.05
2025-11-18,2025-11-25,23700,CE,2242.0,2242.0,2242.0,2242.0,2236.15,1,2175,-75,25910.05
2025-11-18,2025-11-25,23050,CE,0.0,0.0,0.0,3002.4,2885.45,0,225,0,25910.05
2025-11-18,2025-11-25,22950,CE,0.0,0.0,0.0,3105.95,2985.35,0,225,0,25910.05
2025-11-18,2025-11-18,27700,CE,0.4,0.55,0.05,0.1,25910.05,19920,106275,-98850,25910.05
2025-11-18,2025-11-18,27500,CE,0.4,0.7,0.05,0.25,25910.05,265192,3636375,799125,25910.05
2025-11-18,2025-11-18,27450,CE,0.5,0.65,0.05,0.1,25910.05,39812,362775,209400,25910.05
2025-11-18,2025-11-18,27350,CE,0.45,0.65,0.05,0.05,25910.05,123730,1300725,-76950,25910.05
2025-11-18,2025-11-18,26950,CE,0.95,0.95,0.05,0.1,25910.05,246743,1809225,413250,25910.05
2025-11-18,2025-11-18,26850,CE,0.75,1.05,0.05,0.1,25910.05,222456,1336425,34950,25910.05
2025-11-18,2025-11-18,26000,CE,68.0,68.0,0.05,0.3,25910.05,33067067,20271600,6031275,25910.05
2025-11-18,2025-11-18,24250,CE,1715.0,1730.0,1680.5,1680.5,25910.05,10,975,-75,25910.05
2025-11-18,2025-11-18,23900,CE,2009.0,2009.0,2009.0,2009.0,25910.05,2,1575,-150,25910.05
2025-11-18,2025-12-09,26500,PE,529.2,575.05,491.25,558.3,558.3,262,8775,-300,25910.05
2025-11-18,2025-12-09,26950,PE,0.0,0.0,0.0,827.35,991.2,0,75,0,25910.05
2025-11-18,2025-12-16,23950,PE,0.0,0.0,0.0,21.8,1.9,0,0,0,25910.05
2025-11-18,2025-12-16,24550,PE,0.0,0.0,0.0,73.3,14.45,0,0,0,25910.05
2025-11-18,2025-12-16,24850,PE,0.0,0.0,0.0,122.6,33.45,0,0,0,25910.05
2025-11-18,2025-12-16,26250,PE,0.0,0.0,0.0,697.05,473.65,0,0,0,25910.05
2025-11-18,2025-12-16,26950,PE,0.0,0.0,0.0,1213.05,990.45,0,0,0,25910.05
2025-11-18,2025-12-16,27350,PE,0.0,0.0,0.0,1556.9,1347.45,0,0,0,25910.05
2025-11-18,2025-12-16,27550,PE,0.0,0.0,0.0,1738.05,1535.55,0,0,0,25910.05
2025-11-18,2025-12-30,18000,PE,3.35,4.0,3.05,3.8,3.8,298,161675,375,25910.05
2025-11-18,2025-12-30,20000,PE,4.55,6.25,4.55,5.5,5.5,1313,734300,-3300,25910.05
2025-11-18,2025-12-30,21000,PE,7.2,7.95,6.9,7.35,7.35,2509,1449750,-15025,25910.05
2025-11-18,2025-12-30,23300,PE,13.2,16.7,13.2,13.85,0.95,195,15375,150,25910.05
2025-11-18,2025-12-30,24050,PE,26.6,26.7,22.8,22.8,9.6,18,5100,450,25910.05
2025-11-18,2025-12-30,24800,PE,47.8,60.6,47.8,55.15,55.15,4025,834600,-53400,25910.05
2025-11-18,2025-12-30,25450,PE,135.0,153.8,123.0,143.55,143.55,301,52050,-2400,25910.05
2025-11-18,2025-12-30,26750,PE,0.0,0.0,0.0,663.45,842.7,0,2475,0,25910.05
2025-11-18,2025-12-30,26950,PE,857.55,894.6,857.55,890.5,890.5,18,525,-225,25910.05
2025-11-18,2025-12-30,27700,PE,0.0,0.0,0.0,1462.8,1642.85,0,1050,0,25910.05
2025-11-18,2026-01-27,24200,PE,54.0,56.0,51.05,52.1,52.1,36,27820,390,25910.05
2025-11-18,2026-01-27,24450,PE,67.7,67.7,67.7,67.7,61.45,3,2340,195,25910.05
2025-11-18,2026-01-27,24650,PE,77.15,82.25,77.15,82.25,84.55,6,1170,390,25910.05
2025-11-18,2026-01-27,24700,PE,82.35,87.25,76.35,83.25,83.25,561,176020,13390,25910.05
2025-11-18,2026-01-27,24850,PE,95.75,102.45,95.75,102.0,102.0,14,2145,195,25910.05
2025-11-18,2026-01-27,25250,PE,0.0,0.0,0.0,137.5,196.75,0,2145,0,25910.05
2025-11-18,2026-01-27,25700,PE,250.0,274.9,239.9,258.6,258.6,164,22685,3250,25910.05
2025-11-18,2026-01-27,25750,PE,288.0,289.9,265.0,265.0,353.4,39,2340,455,25910.05
2025-11-18,2026-03-31,21000,PE,32.5,32.5,28.6,31.1,31.1,372,184875,13350,25910.05
2025-11-18,2026-03-31,31000,PE,0.0,0.0,0.0,4071.2,4458.6,0,2100,0,25910.05
2025-11-18,2026-09-29,21000,PE,0.0,0.0,0.0,112.6,9.5,0,0,0,25910.05
2025-11-18,2026-09-29,22000,PE,0.0,0.0,0.0,219.8,30.25,0,0,0,25910.05
2025-11-18,2026-09-29,28000,PE,0.0,0.0,0.0,2564.0,1588.2,0,0,0,25910.05
2025-11-18,2026-09-29,29000,PE,0.0,0.0,0.0,3259.65,2231.95,0,0,0,25910.05
2025-11-18,2026-12-29,26000,PE,628.95,646.7,610.0,627.2,627.2,290,452875,9675,25910.05
2025-11-18,2027-06-29,24000,PE,0.0,0.0,0.0,5056.2,254.45,0,0,0,25910.05
2025-11-18,2027-06-29,28000,PE,0.0,0.0,0.0,5959.35,1397.7,0,0,0,25910.05
2025-11-18,2027-12-28,29000,PE,0.0,0.0,0.0,4227.5,1708.4,0,0,0,25910.05
2025-11-18,2028-06-27,25000,PE,0.0,0.0,0.0,2016.8,428.1,0,0,0,25910.05
2025-11-18,2029-12-24,22000,PE,0.0,0.0,0.0,373.65,115.35,0,0,0,25910.05
2025-11-18,2029-12-24,25000,PE,0.0,0.0,0.0,1150.0,379.7,0,225,0,25910.05
2025-11-18,2030-06-25,25000,PE,0.0,0.0,0.0,869.3,359.55,0,0,0,25910.05
2025-11-18,2025-12-02,25350,PE,40.15,57.05,35.55,45.75,45.75,1205,53475,28200,25910.05
2025-11-18,2025-12-02,24800,PE,13.95,15.8,11.3,13.35,13.35,3061,144825,30225,25910.05
2025-11-18,2025-12-02,24450,PE,0.0,0.0,0.0,13.0,1.1,0,1500,0,25910.05
2025-11-18,2025-12-02,24300,PE,9.0,9.9,5.8,6.2,6.2,349,35025,9300,25910.05
2025-11-18,2025-12-02,23750,PE,6.5,6.95,3.3,3.5,3.5,216,19125,4200,25910.05
2025-11-18,2025-11-25,27800,PE,1846.1,1846.1,1807.0,1841.15,1841.15,3,675,-75,25910.05
2025-11-18,2029-12-24,21000,CE,0.0,0.0,0.0,9463.95,9392.8,0,0,0,25910.05
2025-11-18,2029-06-26,28000,CE,0.0,0.0,0.0,6112.6,4157.1,0,0,0,25910.05
2025-11-18,2028-06-27,29000,CE,0.0,0.0,0.0,2333.25,2502.05,0,0,0,25910.05
2025-11-18,2028-06-27,28000,CE,0.0,0.0,0.0,2596.45,2993.85,0,0,0,25910.05
2025-11-18,2027-12-28,29000,CE,0.0,0.0,0.0,1932.55,1931.2,0,0,0,25910.05
2025-11-18,2027-12-28,25000,CE,0.0,0.0,0.0,4840.05,4199.55,0,300,0,25910.05
2025-11-18,2027-06-29,29000,CE,0.0,0.0,0.0,1545.2,1363.15,0,0,0,25910.05
2025-11-18,2027-06-29,26000,CE,0.0,0.0,0.0,1900.85,2879.55,0,0,0,25910.05
2025-11-18,2030-06-25,22000,CE,0.0,0.0,0.0,9790.15,9140.6,0,0,0,25910.05
2025-11-18,2030-06-25,29000,CE,0.0,0.0,0.0,6019.2,4737.95,0,0,0,25910.05
2025-11-18,2025-11-18,23550,PE,0.5,0.6,0.05,0.1,25910.05,10248,76725,-27075,25910.05
2025-11-18,2025-11-18,24400,PE,0.8,0.9,0.05,0.1,25910.05,80238,1242075,-12450,25910.05
2025-11-18,2025-11-18,24500,PE,0.75,0.8,0.05,0.05,25910.05,328875,2449200,-2462625,25910.05
2025-11-18,2025-11-18,25250,PE,1.6,1.6,0.05,0.1,25910.05,421731,1555275,-933075,25910.05
2025-11-18,2025-11-18,25500,PE,1.55,2.1,0.05,0.1,25910.05,1787745,7748850,-2260350,25910.05
2025-11-18,2025-11-18,25600,PE,2.4,2.95,0.05,0.15,25910.05,1933033,5664075,-2235750,25910.05
2025-11-18,2025-11-18,26000,PE,57.6,136.0,19.75,80.15,25910.05,15524723,4321275,-6543675,25910.05
2025-11-18,2025-11-25,22750,PE,1.4,1.75,1.2,1.55,1.55,172,10050,-1875,25910.05
2025-11-18,2025-11-25,22950,PE,1.6,1.8,1.2,1.55,1.55,985,10725,-225,25910.05
2025-11-18,2025-11-25,23700,PE,3.05,3.35,1.85,2.15,2.15,1794,134775,-10725,25910.05
2025-11-18,2025-11-25,23750,PE,2.9,2.9,1.85,2.15,2.15,267,14400,375,25910.05
2025-11-18,2025-11-25,24050,PE,3.1,3.8,2.1,2.7,2.7,1067,47775,6300,25910.05
2025-11-18,2025-11-25,25650,PE,52.0,79.7,40.7,57.8,57.8,109728,1288575,714975,25910.05
2025-11-18,2025-11-25,25800,PE,79.75,127.5,71.0,97.85,97.85,416029,4891575,980850,25910.05
2025-11-18,2025-11-25,27200,PE,1261.9,1261.9,1232.75,1244.0,1244.0,8,14475,-75,25910.05
2025-11-18,2025-11-25,27300,PE,1301.0,1345.0,1275.0,1332.65,1332.65,16,20325,-600,25910.05
2025-11-18,2025-11-25,27450,PE,1506.75,1506.75,1506.75,1506.75,1506.75,1,75,-75,25910.05
2025-11-18,2025-11-25,27600,PE,1649.9,1651.8,1649.9,1651.2,1651.2,8,12300,0,25910.05
2025-11-18,2025-12-02,23950,PE,0.0,0.0,0.0,28.9,0.05,0,0,0,25910.05
2025-11-18,2025-12-02,24250,PE,5.7,7.0,5.5,6.55,0.35,32,1200,225,25910.05
2025-11-18,2025-11-25,23500,CE,2480.0,2532.0,2415.0,2442.95,2442.95,455,231525,5850,25910.05
2025-11-18,2025-11-25,23350,CE,0.0,0.0,0.0,2706.95,2585.8,0,150,0,25910.05
2025-11-18,2025-11-18,27400,CE,0.5,0.7,0.05,0.1,25910.05,78408,577050,-295500,25910.05
2025-11-18,2026-06-30,30000,PE,2800.0,2901.35,2800.0,2901.35,2901.35,56,7575,2850,25910.05
2025-11-18,2026-09-29,30000,PE,0.0,0.0,0.0,4017.1,2971.25,0,0,0,25910.05
2025-11-18,2026-12-29,20000,PE,99.8,103.5,92.25,101.7,101.7,45,36075,750,25910.05
2025-11-18,2025-11-25,23950,CE,0.0,0.0,0.0,2099.0,1986.45,0,225,0,25910.05
2025-11-18,2025-11-25,24250,CE,1740.0,1740.0,1740.0,1740.0,1686.8,3,675,225,25910.05
2025-11-18,2025-11-25,24950,CE,1000.0,1070.15,1000.0,1007.0,1007.0,132,13200,5475,25910.05
2025-11-18,2025-11-25,25150,CE,850.0,886.7,792.0,806.1,806.1,65,11250,1125,25910.05
2025-11-18,2025-11-25,25800,CE,333.95,334.0,235.0,249.75,249.75,115561,2733525,216450,25910.05
2025-11-18,2025-11-25,26100,CE,136.95,136.95,88.0,95.5,95.5,351567,4378875,1475550,25910.05
2025-11-18,2025-11-25,26150,CE,129.0,130.0,72.0,77.85,77.85,147700,1725525,732900,25910.05
2025-11-18,2025-11-25,26650,CE,12.05,13.45,7.15,7.75,7.75,56559,968625,603525,25910.05
2025-11-18,2025-11-25,27100,CE,2.35,2.9,2.1,2.25,2.25,67221,2226825,850050,25910.05
2025-11-18,2025-11-25,27200,CE,2.4,2.5,1.7,1.85,1.85,142384,4089450,2915175,25910.05
2025-11-18,2025-12-02,24650,PE,11.8,13.55,9.1,10.75,10.75,84,4725,1725,25910.05
2025-11-18,2027-06-29,21000,CE,0.0,0.0,0.0,3061.8,6800.4,0,0,0,25910.05
2025-11-18,2026-12-29,31000,CE,266.0,280.0,265.0,273.1,273.1,78,48825,1575,25910.05
2025-11-18,2026-12-29,25000,CE,3159.15,3270.0,3150.1,3193.4,3193.4,243,121150,10125,25910.05
2025-11-18,2026-09-29,20000,CE,0.0,0.0,0.0,5846.9,6880.7,0,0,0,25910.05
2025-11-18,2026-06-30,19000,CE,0.0,0.0,0.0,5792.0,7568.9,0,100,0,25910.05
2025-11-18,2025-12-02,24850,PE,16.1,17.8,12.8,14.1,14.1,117,7125,2700,25910.05
2025-11-18,2025-12-02,25000,PE,18.0,24.75,16.25,19.85,19.85,11808,375075,101400,25910.05
2025-11-18,2025-12-02,25550,PE,65.0,92.3,58.75,75.2,75.2,940,35175,13575,25910.05
2025-11-18,2025-12-02,26450,PE,0.0,0.0,0.0,428.2,560.35,0,900,0,25910.05
2025-11-18,2025-12-09,24500,PE,15.5,18.7,14.5,16.75,16.75,613,61425,10350,25910.05
2025-11-18,2026-03-31,19000,CE,0.0,0.0,0.0,5966.85,7304.0,0,0,0,25910.05
2025-11-18,2026-01-27,27400,CE,0.0,0.0,0.0,367.95,157.6,0,0,0,25910.05
2025-11-18,2026-01-27,26650,CE,0.0,0.0,0.0,366.8,360.4,0,1625,0,25910.05
2025-11-18,2026-01-27,25400,CE,1128.6,1128.65,1072.15,1113.1,1025.65,20,2080,585,25910.05
2025-11-18,2026-01-27,24700,CE,0.0,0.0,0.0,1576.7,1572.25,0,65,0,25910.05
2025-11-18,2025-12-09,24750,PE,24.7,24.7,21.3,22.65,22.65,16,2775,1050,25910.05
2025-11-18,2025-12-09,25000,PE,33.55,39.95,27.6,34.75,34.75,2086,126525,67425,25910.05
2025-11-18,2025-12-09,25100,PE,34.9,46.05,34.6,41.55,41.55,524,56775,14400,25910.05
2025-11-18,2025-12-09,25750,PE,156.95,174.35,132.0,159.15,159.15,61,6225,1050,25910.05
2025-11-18,2025-12-09,25800,PE,161.1,194.85,146.0,174.9,174.9,1294,32175,6450,25910.05
2025-11-18,2025-12-09,27350,PE,0.0,0.0,0.0,1201.9,1362.5,0,75,0,25910.05
2025-11-18,2025-12-16,24450,PE,0.0,0.0,0.0,60.95,10.6,0,0,0,25910.05
2025-11-18,2025-12-16,24600,PE,0.0,0.0,0.0,80.2,16.75,0,0,0,25910.05
2025-11-18,2025-12-16,25750,PE,168.7,202.0,162.0,177.7,177.7,15,900,600,25910.05
2025-11-18,2025-11-18,26900,CE,0.6,1.0,0.05,0.05,25910.05,507512,4660725,528675,25910.05
2025-11-18,2025-11-18,26350,CE,1.8,1.8,0.05,0.1,25910.05,916254,2758575,-2720175,25910.05
2025-11-18,2025-11-18,25700,CE,323.0,323.0,185.05,216.5,25910.05,260120,342450,-675900,25910.05
2025-11-18,2025-11-18,25250,CE,691.45,740.0,642.7,673.0,25910.05,195,10050,-3825,25910.05
2025-11-18,2025-11-18,25100,CE,849.95,889.9,784.45,817.55,25910.05,370,30450,-12450,25910.05
2025-11-18,2026-01-27,24350,CE,0.0,0.0,0.0,2006.65,1879.05,0,65,0,25910.05
2025-11-18,2026-01-27,23950,CE,0.0,0.0,0.0,2363.3,2247.9,0,65,0,25910.05
2025-11-18,2025-12-30,27300,CE,51.85,51.85,38.75,40.4,40.4,3313,257025,24000,25910.05
2025-11-18,2025-12-30,26950,CE,97.05,104.55,84.35,87.35,87.35,524,23550,1125,25910.05
2025-11-18,2025-12-30,26650,CE,171.05,186.0,156.6,161.15,161.15,213,28725,900,25910.05
2025-11-18,2025-12-30,25850,CE,556.2,592.05,530.0,539.85,539.85,552,29025,-8250,25910.05
2025-11-18,2025-12-30,25700,CE,715.25,715.25,630.0,642.15,642.15,1117,352650,-4575,25910.05
2025-11-18,2025-12-30,24600,CE,1612.6,1612.6,1612.6,1612.6,1509.0,1,3450,-75,25910.05
2025-11-18,2025-12-16,25800,PE,178.8,216.0,172.1,201.9,201.9,174,7500,1500,25910.05
2025-11-18,2025-12-16,26700,PE,0.0,0.0,0.0,1014.25,786.55,0,0,0,25910.05
2025-11-18,2025-12-30,16000,PE,3.0,3.0,2.2,2.85,0.05,24,16325,0,25910.05
2025-11-18,2025-12-30,22000,PE,10.4,10.9,8.5,8.8,8.8,5602,1495275,11600,25910.05
2025-11-18,2025-12-30,23400,PE,13.8,17.8,13.8,15.55,15.55,1379,86700,0,25910.05
2025-11-18,2025-12-30,23500,PE,16.1,17.75,15.0,16.15,16.15,3896,543225,44925,25910.05
2025-11-18,2025-12-30,23700,PE,25.5,25.5,16.15,16.8,16.8,39,76125,-225,25910.05
2025-11-18,2025-11-25,27550,CE,1.4,1.45,1.05,1.3,1.3,711,33825,-3150,25910.05
2025-11-18,2025-12-02,24550,CE,0.0,0.0,0.0,1570.05,1416.0,0,0,0,25910.05
2025-11-18,2025-12-02,25250,CE,0.0,0.0,0.0,888.7,751.65,0,450,0,25910.05
2025-11-18,2025-12-30,24350,PE,32.65,35.2,28.95,32.1,32.1,87,25500,1275,25910.05
2025-11-18,2025-12-30,25250,PE,101.95,115.0,92.0,105.9,105.9,388,52725,3225,25910.05
2025-11-18,2025-12-30,24150,CE,0.0,0.0,0.0,2111.2,1931.8,0,75,0,25910.05
2025-11-18,2025-12-30,24050,CE,0.0,0.0,0.0,2208.45,2028.25,0,150,0,25910.05
2025-11-18,2025-12-30,23950,CE,0.0,0.0,0.0,2305.55,2125.3,0,75,0,25910.05
2025-11-18,2025-12-30,23750,CE,0.0,0.0,0.0,2500.5,2320.8,0,150,0,25910.05
2025-11-18,2025-12-30,23600,CE,2580.0,2590.0,2556.7,2556.7,2468.3,5,750,375,25910.05
2025-11-18,2025-12-30,23400,CE,0.0,0.0,0.0,2381.65,2665.7,0,0,0,25910.05
2025-11-18,2025-12-30,22950,CE,0.0,0.0,0.0,2818.95,3111.65,0,75,0,25910.05
2025-11-18,2025-12-30,20000,CE,6150.0,6160.0,6091.5,6099.6,6099.6,60,368200,150,25910.05
2025-11-18,2025-12-16,27700,CE,0.0,0.0,0.0,33.45,11.35,0,0,0,25910.05
2025-11-18,2025-12-16,27100,CE,0.0,0.0,0.0,91.7,49.95,0,0,0,25910.05
2025-11-18,2025-12-16,26300,CE,226.7,239.35,204.75,209.7,209.7,43,1875,1350,25910.05
2025-11-18,2025-12-16,25850,CE,479.1,485.6,439.0,442.8,442.8,19,675,0,25910.05
2025-11-18,2025-12-30,26000,PE,269.2,334.3,269.2,309.25,309.25,31043,5077975,113475,25910.05
2025-11-18,2025-12-30,26050,PE,315.95,356.05,296.7,332.8,332.8,415,30000,2625,25910.05
2025-11-18,2025-12-30,26300,PE,414.0,481.95,406.9,451.35,451.35,1888,178725,20700,25910.05
2025-11-18,2025-12-30,30000,PE,3782.45,3848.25,3762.0,3819.25,3819.25,44,222275,-75,25910.05
2025-11-18,2025-11-18,24600,CE,1345.4,1385.0,1309.0,1325.4,25910.05,103,26250,-3825,25910.05
2025-11-18,2025-11-18,24550,CE,1390.0,1414.0,1375.9,1376.05,25910.05,12,525,-150,25910.05
2025-11-18,2025-11-18,24150,CE,0.0,0.0,0.0,1869.05,25910.05,0,300,0,25910.05
2025-11-18,2026-12-29,23000,PE,181.05,192.0,177.05,190.4,190.4,511,175075,-18550,25910.05
2025-11-18,2027-06-29,22000,PE,0.0,0.0,0.0,3995.4,71.15,0,0,0,25910.05
2025-11-18,2028-06-27,20000,PE,0.0,0.0,0.0,400.0,28.3,0,0,0,25910.05
2025-11-18,2028-12-26,29000,PE,0.0,0.0,0.0,2010.85,1416.2,0,0,0,25910.05
2025-11-18,2029-06-26,23000,PE,0.0,0.0,0.0,543.65,180.75,0,0,0,25910.05
2025-11-18,2029-06-26,29000,PE,0.0,0.0,0.0,1746.95,1293.85,0,0,0,25910.05
2025-11-18,2026-01-27,23950,PE,0.0,0.0,0.0,41.1,25.2,0,2275,0,25910.05
2025-11-18,2030-06-25,27000,PE,0.0,0.0,0.0,1286.05,655.65,0,0,0,25910.05
2025-11-18,2025-12-02,26150,CE,203.5,203.55,145.7,156.85,156.85,2336,41100,20325,25910.05
2025-11-18,2025-12-02,26350,CE,110.0,112.05,82.8,88.1,88.1,2811,66900,45900,25910.05
2025-11-18,2025-12-02,27450,CE,4.8,4.8,3.35,4.1,4.1,9,4800,-75,25910.05
2025-11-18,2025-12-02,27650,CE,3.5,3.85,2.3,2.85,2.85,233,18900,6300,25910.05
2025-11-18,2025-12-16,25650,CE,0.0,0.0,0.0,567.35,564.0,0,0,0,25910.05
2025-11-18,2026-01-27,24400,PE,61.3,65.05,56.9,61.95,61.95,71,49595,1495,25910.05
2025-11-18,2025-12-16,25150,CE,0.0,0.0,0.0,885.4,940.45,0,0,0,25910.05
2025-11-18,2025-12-16,24750,CE,0.0,0.0,0.0,1193.25,1294.55,0,0,0,25910.05
2025-11-18,2025-12-16,24550,CE,0.0,0.0,0.0,1361.45,1482.55,0,0,0,25910.05
2025-11-18,2025-12-16,24300,CE,0.0,0.0,0.0,1582.3,1723.55,0,0,0,25910.05
2025-11-18,2025-12-09,27300,CE,12.0,12.85,9.3,9.85,9.85,186,18225,2775,25910.05
2025-11-18,2026-01-27,26050,PE,0.0,0.0,0.0,348.0,479.7,0,1625,0,25910.05
2025-11-18,2026-01-27,26100,PE,367.55,406.9,367.55,398.0,398.0,74,7150,2080,25910.05
2025-11-18,2026-01-27,26400,PE,530.05,541.1,491.0,527.05,527.05,100,9425,2665,25910.05
2025-11-18,2026-01-27,26800,PE,735.0,759.55,732.4,732.4,905.35,5,1560,0,25910.05
2025-11-18,2026-01-27,26850,PE,0.0,0.0,0.0,723.3,939.05,0,130,0,25910.05
2025-11-18,2026-01-27,27500,PE,1249.0,1265.0,1200.0,1254.7,1254.7,112,16445,3380,25910.05
2025-11-18,2026-03-31,27000,PE,864.95,910.95,847.95,882.45,882.45,889,520350,2775,25910.05
2025-11-18,2026-06-30,12000,PE,0.0,0.0,0.0,20.0,0.05,0,325,0,25910.05
2025-11-18,2026-06-30,16000,PE,19.9,19.9,19.9,19.9,0.05,20,2800,525,25910.05
2025-11-18,2026-06-30,19000,PE,0.0,0.0,0.0,205.7,0.05,0,250,0,25910.05
2025-11-18,2029-12-24,24000,CE,0.0,0.0,0.0,7730.0,7217.4,0,0,0,25910.05
2025-11-18,2025-12-30,23200,CE,0.0,0.0,0.0,2948.15,2863.75,0,75,0,25910.05
2025-11-18,2025-12-30,23250,CE,0.0,0.0,0.0,2753.95,2814.2,0,0,0,25910.05
2025-11-18,2025-12-30,23450,CE,0.0,0.0,0.0,2780.3,2616.3,0,375,0,25910.05
2025-11-18,2025-12-30,25400,CE,890.05,922.0,851.0,867.25,867.25,124,44475,1425,25910.05
2025-11-18,2025-12-30,25600,CE,735.5,770.85,694.95,712.8,712.8,561,177825,-750,25910.05
2025-11-18,2025-12-30,25900,CE,550.1,563.95,499.15,512.5,512.5,4485,317100,53250,25910.05
2025-11-18,2025-12-30,26150,CE,393.35,410.0,362.45,370.85,370.85,662,34275,13650,25910.05
2025-11-18,2025-12-30,27500,CE,33.1,33.1,25.35,26.4,26.4,11086,1471575,153075,25910.05
2025-11-18,2026-01-27,23750,CE,0.0,0.0,0.0,2239.15,2437.5,0,65,0,25910.05
2025-11-18,2026-01-27,24000,CE,2305.0,2359.9,2290.9,2314.35,2314.35,25,2405,1170,25910.05
2025-11-18,2026-01-27,24200,CE,0.0,0.0,0.0,2140.0,2015.5,0,65,0,25910.05
2025-11-18,2026-01-27,24400,CE,0.0,0.0,0.0,1960.75,1834.2,0,65,0,25910.05
2025-11-18,2026-01-27,24500,CE,1899.95,1899.95,1842.7,1854.85,1854.85,71,4550,3185,25910.05
2025-11-18,2026-01-27,25200,CE,0.0,0.0,0.0,1300.0,1170.95,0,975,0,25910.05
2025-11-18,2026-01-27,25650,CE,0.0,0.0,0.0,915.1,858.15,0,260,0,25910.05
2025-11-18,2026-01-27,26200,CE,559.0,584.4,541.0,547.25,547.25,185,20670,2535,25910.05
2025-11-18,2026-01-27,27100,CE,187.0,194.4,173.0,174.25,174.25,37,18265,130,25910.05
2025-11-18,2026-01-27,27150,CE,0.0,0.0,0.0,214.35,211.35,0,130,0,25910.05
2025-11-18,2026-01-27,27350,CE,118.0,118.0,118.0,118.0,118.0,1,1300,65,25910.05
2025-11-18,2026-01-27,27700,CE,82.0,82.0,66.1,69.0,69.0,162,41275,780,25910.05
2025-11-18,2026-09-29,28000,CE,0.0,0.0,0.0,832.9,853.8,0,0,0,25910.05
2025-11-18,2026-12-29,20000,CE,0.0,0.0,0.0,3704.3,7154.6,0,0,0,25910.05
2025-11-18,2026-12-29,21000,CE,0.0,0.0,0.0,5675.0,6228.15,0,225,0,25910.05
2025-11-18,2027-06-29,20000,CE,0.0,0.0,0.0,3367.05,7692.65,0,0,0,25910.05
2025-11-18,2027-12-28,22000,CE,0.0,0.0,0.0,4499.55,6512.9,0,0,0,25910.05
2025-11-18,2027-12-28,24000,CE,0.0,0.0,0.0,3778.95,4925.15,0,0,0,25910.05
2025-11-18,2028-06-27,31000,CE,0.0,0.0,0.0,1955.45,1695.95,0,0,0,25910.05
2025-11-18,2028-12-26,31000,CE,0.0,0.0,0.0,2968.35,2205.5,0,0,0,25910.05
2025-11-18,2029-06-26,20000,CE,0.0,0.0,0.0,10410.0,9693.1,0,0,0,25910.05
2025-11-18,2029-06-26,27000,CE,0.0,0.0,0.0,6570.4,4725.7,0,0,0,25910.05
2025-11-18,2029-12-24,30000,CE,0.0,0.0,0.0,3681.0,3696.75,0,7950,0,25910.05
2025-11-18,2025-11-18,24100,PE,0.05,0.75,0.05,0.1,25910.05,25949,158250,-176925,25910.05
2025-11-18,2025-11-18,24450,PE,1.2,1.2,0.05,0.1,25910.05,44912,211725,-100425,25910.05
2025-11-18,2025-11-18,24550,PE,0.05,0.9,0.05,0.1,25910.05,47903,150000,-200475,25910.05
2025-11-18,2025-11-18,24600,PE,0.75,0.95,0.05,0.1,25910.05,120528,700050,-954075,25910.05
2025-11-18,2025-11-18,24750,PE,1.0,1.1,0.05,0.1,25910.05,119523,378300,-99525,25910.05
2025-11-18,2025-11-18,24800,PE,1.25,1.25,0.05,0.1,25910.05,278247,2190525,-1433325,25910.05
2025-11-18,2025-11-18,25400,PE,1.8,1.8,0.05,0.15,25910.05,1289532,5081925,-2046225,25910.05
2025-11-18,2025-11-18,25650,PE,2.9,4.6,0.05,0.15,25910.05,1758359,3359550,-1675650,25910.05
2025-11-18,2025-11-18,25750,PE,5.9,14.25,0.05,0.15,25910.05,4888332,4354200,-2592225,25910.05
2025-11-18,2025-11-18,26850,PE,924.85,937.75,866.35,926.75,25910.05,100,3225,2100,25910.05
2025-11-18,2025-11-25,22900,PE,1.65,1.85,1.3,1.4,1.4,3388,127125,300,25910.05
2025-11-18,2025-11-25,23550,PE,2.35,2.45,1.8,2.15,2.15,659,29475,22050,25910.05
2025-11-18,2025-11-25,24700,PE,6.5,7.05,4.6,4.95,4.95,88884,1316400,-906150,25910.05
2025-11-18,2025-11-25,24850,PE,6.05,7.95,5.6,6.15,6.15,28162,384225,98775,25910.05
2025-11-18,2025-11-25,25600,PE,38.2,67.6,34.0,48.2,48.2,216684,3257475,795375,25910.05
2025-11-18,2025-11-25,26250,PE,300.0,391.85,281.0,350.6,350.6,4359,94275,-13200,25910.05
2025-11-18,2025-11-25,26450,PE,485.6,555.25,438.35,516.2,516.2,272,9600,-450,25910.05
2025-11-18,2025-11-25,26700,PE,721.85,789.8,674.95,753.15,753.15,733,73500,-3000,25910.05
2025-11-18,2025-11-25,26900,PE,921.65,988.85,865.1,940.05,940.05,74,16050,-1950,25910.05
2025-11-18,2025-12-02,23900,PE,6.7,6.75,3.75,3.8,3.8,94,4350,3900,25910.05
2025-11-18,2025-12-02,25750,PE,118.0,147.85,98.45,124.35,124.35,3116,56475,27750,25910.05
2025-11-18,2025-12-02,25850,PE,144.95,184.9,126.85,157.85,157.85,3818,56475,23175,25910.05
2025-11-18,2025-12-02,26100,PE,250.0,304.55,224.35,270.4,270.4,7144,259425,118650,25910.05
2025-11-18,2025-12-02,26900,PE,0.0,0.0,0.0,801.55,949.95,0,0,0,25910.05
2025-11-18,2025-12-02,27650,PE,0.0,0.0,0.0,1531.95,1679.85,0,0,0,25910.05
2025-11-18,2025-12-09,23900,PE,0.0,0.0,0.0,23.25,0.4,0,0,0,25910.05
2025-11-18,2025-12-09,24650,PE,19.7,20.15,17.2,20.15,20.15,21,3225,150,25910.05
2025-11-18,2025-12-09,25250,PE,54.3,63.75,46.7,57.6,57.6,79,9900,3750,25910.05
2025-11-18,2025-12-09,25850,PE,199.0,213.4,172.8,193.45,193.45,63,6600,-600,25910.05
2025-11-18,2025-12-09,26100,PE,288.95,326.35,258.75,299.95,299.95,285,19500,1275,25910.05
2025-11-18,2025-12-09,26250,PE,379.8,408.65,340.0,377.25,377.25,54,600,-750,25910.05
2025-11-18,2025-12-09,26300,PE,390.0,445.45,366.95,414.95,414.95,159,6300,-600,25910.05
2025-11-18,2025-12-09,27300,PE,0.0,0.0,0.0,1158.4,1314.8,0,0,0,25910.05
2025-11-18,2025-12-16,25050,PE,0.0,0.0,0.0,62.9,55.2,0,75,0,25910.05
2025-11-18,2025-12-16,25300,PE,69.5,89.0,65.1,65.1,96.9,43,5100,900,25910.05
2025-11-18,2025-12-16,26200,PE,375.4,375.4,360.0,361.85,443.95,37,2400,2400,25910.05
2025-11-18,2025-12-16,26600,PE,0.0,0.0,0.0,938.75,710.45,0,0,0,25910.05
2025-11-18,2025-12-16,27100,PE,0.0,0.0,0.0,1338.7,1120.6,0,0,0,25910.05
2025-11-18,2025-12-16,27150,PE,0.0,0.0,0.0,1381.5,1165.1,0,0,0,25910.05
2025-11-18,2025-12-16,27500,PE,0.0,0.0,0.0,1692.3,1488.1,0,0,0,25910.05
2025-11-18,2025-12-30,15000,PE,2.35,2.35,2.35,2.35,0.05,1,15400,0,25910.05
2025-11-18,2025-12-30,23000,PE,12.7,14.5,12.7,13.0,13.0,4836,2392525,28500,25910.05
2025-11-18,2025-12-30,24150,PE,27.9,29.05,23.15,25.35,25.35,69,7050,525,25910.05
2025-11-18,2025-12-30,24950,PE,66.15,75.75,60.0,67.6,67.6,127,26475,3000,25910.05
2025-11-18,2025-12-30,25800,PE,198.0,258.0,198.0,237.8,237.8,8260,654225,44025,25910.05
2025-11-18,2025-12-30,26700,PE,672.0,726.4,640.55,695.7,695.7,154,22050,375,25910.05
2025-11-18,2025-12-30,26900,PE,821.5,864.0,806.0,810.0,955.65,39,15300,-300,25910.05
2025-11-18,2025-12-30,27250,PE,1133.85,1133.85,1133.85,1133.85,1133.85,1,150,0,25910.05
2025-11-18,2025-12-30,27300,PE,1169.35,1169.35,1169.35,1169.35,1169.35,1,1275,0,25910.05
2025-11-18,2025-12-30,27600,PE,1473.3,1473.3,1465.05,1470.55,1470.55,3,525,75,25910.05
2025-11-18,2026-01-27,23750,PE,35.95,39.05,34.0,34.35,34.35,34,89505,650,25910.05
2025-11-18,2026-01-27,24100,PE,49.9,49.9,47.45,47.5,47.5,5,2470,65,25910.05
2025-11-18,2026-01-27,25150,PE,142.0,142.0,138.0,141.75,172.9,4,1755,260,25910.05
2025-11-18,2026-01-27,25350,PE,0.0,0.0,0.0,190.4,223.0,0,1365,0,25910.05
2025-11-18,2026-01-27,25950,PE,326.0,350.15,314.8,339.65,339.65,88,3835,650,25910.05
2025-11-18,2026-01-27,26550,PE,0.0,0.0,0.0,599.45,746.5,0,2535,0,25910.05
2025-11-18,2026-01-27,26750,PE,0.0,0.0,0.0,656.55,872.3,0,195,0,25910.05
2025-11-18,2026-01-27,27000,PE,855.0,903.0,825.0,877.2,877.2,415,77675,7540,25910.05
2025-11-18,2026-01-27,27450,PE,0.0,0.0,0.0,1209.7,1387.25,0,65,0,25910.05
2025-11-18,2026-01-27,27700,PE,0.0,0.0,0.0,1576.55,1594.45,0,65,0,25910.05
2025-11-18,2026-03-31,29000,PE,2340.0,2399.15,2310.0,2363.35,2363.35,65,33675,900,25910.05
2025-11-18,2026-06-30,28000,PE,1372.0,1372.0,1372.0,1372.0,1663.6,1,4350,0,25910.05
2025-11-18,2026-12-29,13000,PE,0.0,0.0,0.0,1.1,0.05,0,2475,0,25910.05
2025-11-18,2026-12-29,21000,PE,118.0,126.0,116.0,120.6,120.6,89,39525,-4125,25910.05
2025-11-18,2026-12-29,22000,PE,140.0,144.3,135.0,138.5,138.5,65,224075,600,25910.05
2025-11-18,2027-06-29,23000,PE,0.0,0.0,0.0,4514.3,140.6,0,0,0,25910.05
2025-11-18,2027-12-28,22000,PE,0.0,0.0,0.0,260.0,89.7,0,2125,0,25910.05
2025-11-18,2028-06-27,27000,PE,0.0,0.0,0.0,2752.35,875.35,0,0,0,25910.05
2025-11-18,2028-06-27,31000,PE,0.0,0.0,0.0,3541.95,2468.6,0,0,0,25910.05
2025-11-18,2028-12-26,26000,PE,0.0,0.0,0.0,1111.0,592.9,0,1050,0,25910.05
2025-11-18,2029-06-26,20000,PE,0.0,0.0,0.0,236.95,38.3,0,0,0,25910.05
2025-11-18,2029-12-24,24000,PE,0.0,0.0,0.0,625.5,265.35,0,0,0,25910.05
2025-11-18,2029-12-24,31000,PE,0.0,0.0,0.0,2262.75,1825.3,0,0,0,25910.05
2025-11-18,2025-12-09,25650,CE,0.0,0.0,0.0,618.25,503.2,0,1275,0,25910.05
2025-11-18,2025-12-09,25450,CE,0.0,0.0,0.0,765.9,646.3,0,900,0,25910.05
2025-11-18,2025-12-09,25250,CE,0.0,0.0,0.0,943.05,805.95,0,150,0,25910.05
2025-11-18,2025-12-09,24800,CE,0.0,0.0,0.0,1361.2,1208.65,0,0,0,25910.05
2025-11-18,2025-12-09,23950,CE,0.0,0.0,0.0,2199.3,2039.7,0,75,0,25910.05
2025-11-18,2025-12-02,27400,CE,4.85,5.7,3.5,4.0,4.0,639,37650,18525,25910.05
2025-11-18,2025-12-02,27200,CE,6.95,7.5,5.3,5.95,5.95,3873,184050,66450,25910.05
2025-11-18,2025-12-02,27150,CE,8.3,9.3,6.15,6.9,6.9,175,8475,2475,25910.05
2025-11-18,2025-12-02,27100,CE,8.3,9.3,7.05,7.4,7.4,1328,54975,2625,25910.05
2025-11-18,2025-12-02,27050,CE,11.1,11.55,8.4,8.8,8.8,178,8625,3375,25910.05
2025-11-18,2025-12-02,26400,CE,110.0,110.0,71.05,75.5,75.5,9787,201225,51150,25910.05
2025-11-18,2025-12-02,26100,CE,203.05,216.5,170.0,177.3,177.3,15727,400350,179025,25910.05
2025-11-18,2025-12-02,25900,CE,311.0,332.65,270.0,281.35,281.35,14140,292350,137925,25910.05
2025-11-18,2025-12-02,25700,CE,438.45,475.0,400.0,415.95,415.95,1626,62400,20700,25910.05
2025-11-18,2025-12-02,24800,CE,1260.25,1260.25,1223.4,1223.4,1223.4,2,225,0,25910.05
2025-11-18,2025-12-02,24350,CE,0.0,0.0,0.0,1766.7,1614.35,0,0,0,25910.05
2025-11-18,2025-12-02,23950,CE,0.0,0.0,0.0,2163.6,2012.85,0,0,0,25910.05
2025-11-18,2025-12-02,23900,CE,0.0,0.0,0.0,2213.55,2062.75,0,75,0,25910.05
2025-11-18,2025-11-25,27600,CE,1.5,1.6,1.0,1.3,1.3,21841,812700,445350,25910.05
2025-11-18,2025-11-25,27500,CE,1.55,1.9,1.0,1.3,1.3,166263,6313725,1432725,25910.05
2025-11-18,2025-11-25,27250,CE,2.1,2.2,1.5,1.75,1.75,4884,112425,32250,25910.05
2025-11-18,2025-11-25,27050,CE,3.45,3.45,2.2,2.45,2.45,16228,323025,65625,25910.05
2025-11-18,2025-11-25,26600,CE,18.95,18.95,9.0,9.9,9.9,159242,3362325,787800,25910.05
2025-11-18,2025-11-25,26350,CE,53.4,55.65,28.8,31.95,31.95,121771,1765650,1207200,25910.05
2025-11-18,2025-11-25,26250,CE,99.65,99.65,46.2,50.7,50.7,126101,1264125,635550,25910.05
2025-11-18,2025-11-25,26200,CE,113.8,113.8,57.1,63.15,63.15,364403,6165900,1447200,25910.05
2025-11-18,2025-11-25,25850,CE,297.05,300.0,205.0,216.85,216.85,50841,572175,252450,25910.05
2025-11-18,2025-11-25,25200,CE,809.95,847.0,730.0,763.65,763.65,1184,495600,-21825,25910.05
2025-11-18,2025-11-25,24800,CE,1240.0,1240.0,1127.05,1147.5,1147.5,186,60675,-300,25910.05
2025-11-18,2025-11-25,24650,CE,1360.0,1360.0,1360.0,1360.0,1287.35,2,3600,150,25910.05
2025-11-18,2025-12-16,25950,CE,420.0,431.0,367.95,381.1,381.1,52,1350,825,25910.05
2025-11-18,2025-11-25,24300,CE,1690.0,1703.0,1631.1,1640.95,1640.95,15,6900,750,25910.05
2025-11-18,2025-11-25,24100,CE,1890.0,1927.2,1811.3,1838.5,1838.5,8,3975,225,25910.05
2025-11-18,2025-11-18,27250,CE,0.55,0.7,0.05,0.05,25910.05,147875,1275975,662700,25910.05
2025-11-18,2025-11-18,27150,CE,0.55,0.85,0.05,0.1,25910.05,131239,562425,-164550,25910.05
2025-11-18,2025-11-18,27100,CE,0.6,0.8,0.05,0.1,25910.05,210558,1602525,-697275,25910.05
2025-11-18,2025-11-18,27050,CE,0.65,0.9,0.05,0.1,25910.05,162171,1358325,424650,25910.05
2025-11-18,2025-11-18,26200,CE,7.45,8.0,0.05,0.15,25910.05,4102401,6035250,-5350050,25910.05
2025-11-18,2025-11-18,24850,CE,1031.0,1130.0,1031.0,1129.0,25910.05,4,1875,0,25910.05
2025-11-18,2025-11-18,24750,CE,1191.6,1210.0,1162.45,1171.25,25910.05,11,1275,225,25910.05
2025-11-18,2025-11-18,24200,CE,1765.0,1765.0,1765.0,1765.0,25910.05,3,675,-150,25910.05
2025-11-18,2025-11-18,24050,CE,0.0,0.0,0.0,1971.0,25910.05,0,75,0,25910.05
2025-11-18,2025-11-18,23700,CE,2239.5,2260.8,2239.4,2260.75,25910.05,14,375,0,25910.05
2025-11-18,2025-11-18,23450,CE,0.0,0.0,0.0,2562.35,25910.05,0,300,0,25910.05
2025-11-18,2025-12-09,25950,CE,338.6,370.5,315.0,324.8,324.8,304,12675,3075,25910.05
2025-11-18,2025-12-09,26050,CE,305.8,318.55,262.45,268.7,268.7,163,10725,1875,25910.05
2025-11-18,2025-12-09,27000,CE,29.95,29.95,20.7,21.95,21.95,1869,106200,18525,25910.05
2025-11-18,2025-12-09,27450,CE,0.0,0.0,0.0,41.7,9.45,0,0,0,25910.05
2025-11-18,2025-12-16,24950,CE,0.0,0.0,0.0,1034.2,1113.1,0,0,0,25910.05
2025-11-18,2025-12-16,25500,CE,0.0,0.0,0.0,654.25,667.25,0,0,0,25910.05
2025-11-18,2025-12-16,25700,CE,539.55,592.0,533.25,544.15,544.15,54,975,825,25910.05
2025-11-18,2025-12-16,26800,CE,72.05,78.45,61.9,64.65,64.65,186,8025,2550,25910.05
2025-11-18,2025-12-16,27000,CE,47.0,53.0,36.25,38.35,38.35,539,45150,5400,25910.05
2025-11-18,2025-12-16,27150,CE,35.05,35.05,34.9,34.9,34.9,4,1575,225,25910.05
2025-11-18,2025-12-30,23000,CE,3140.15,3181.45,3087.75,3125.25,3125.25,427,649100,12375,25910.05
2025-11-18,2025-12-30,23050,CE,0.0,0.0,0.0,2721.6,3012.45,0,75,0,25910.05
2025-11-18,2025-12-16,26500,CE,149.05,163.7,134.0,138.75,138.75,713,28575,3375,25910.05
2025-11-18,2028-12-26,19000,PE,0.0,0.0,0.0,158.0,16.95,0,0,0,25910.05
2025-11-18,2027-06-29,26000,PE,0.0,0.0,0.0,6202.2,669.3,0,0,0,25910.05
2025-11-18,2026-06-30,29000,PE,0.0,0.0,0.0,2094.65,2386.95,0,1800,0,25910.05
2025-11-18,2026-06-30,26000,PE,504.7,534.0,499.0,520.75,520.75,502,340950,17175,25910.05
2025-11-18,2026-06-30,24000,PE,165.0,175.0,165.0,174.0,174.0,486,376950,-4650,25910.05
2025-11-18,2026-06-30,22000,PE,70.05,75.35,69.0,73.2,73.2,85,84675,1050,25910.05
2025-11-18,2026-06-30,14000,PE,0.0,0.0,0.0,19.9,0.05,0,1525,0,25910.05
2025-11-18,2026-01-27,27550,PE,0.0,0.0,0.0,1306.9,1468.9,0,130,0,25910.05
2025-11-18,2026-01-27,27300,PE,1105.35,1105.4,1053.05,1072.4,1268.15,30,1300,390,25910.05
2025-11-18,2026-01-27,26650,PE,0.0,0.0,0.0,608.25,808.1,0,130,0,25910.05
2025-11-18,2026-01-27,24250,PE,56.55,56.55,52.5,52.5,43.75,35,3445,455,25910.05
2025-11-18,2025-12-30,27100,PE,988.0,1013.65,948.5,1011.8,1011.8,161,11700,9300,25910.05
2025-11-18,2025-12-30,26850,PE,774.0,774.0,774.0,774.0,917.3,1,1950,0,25910.05
2025-11-18,2025-12-30,26650,PE,645.95,652.05,629.85,629.85,771.0,14,2850,75,25910.05
2025-11-18,2025-12-30,25600,PE,165.65,192.6,152.5,177.7,177.7,5768,770400,6150,25910.05
2025-11-18,2025-12-30,23950,PE,27.0,27.0,19.85,23.25,23.25,73,13500,-900,25910.05
2025-11-18,2025-12-30,23450,PE,15.5,16.3,15.5,15.85,1.6,40,2175,-600,25910.05
2025-11-18,2025-12-30,13000,PE,0.0,0.0,0.0,2.05,0.05,0,31625,0,25910.05
2025-11-18,2025-12-16,27300,PE,0.0,0.0,0.0,1512.5,1301.25,0,0,0,25910.05
2025-11-18,2025-12-16,26750,PE,0.0,0.0,0.0,1052.85,825.85,0,0,0,25910.05
2025-11-18,2025-12-16,26100,PE,309.95,342.05,281.75,316.75,316.75,199,7050,1800,25910.05
2025-11-18,2025-12-16,25900,PE,219.95,259.7,210.0,235.5,235.5,406,7425,4425,25910.05
2025-11-18,2025-12-16,25200,PE,59.0,74.0,57.25,68.95,68.95,37,4650,1800,25910.05
2025-11-18,2025-12-16,25000,PE,48.0,54.95,41.25,48.4,48.4,779,49200,26475,25910.05
2025-11-18,2025-12-09,25600,PE,110.0,133.1,96.8,119.1,119.1,1180,36825,-5775,25910.05
2025-11-18,2025-12-09,25500,PE,88.55,107.8,77.05,95.65,95.65,1002,85575,6150,25910.05
2025-11-18,2025-12-09,25400,PE,72.25,87.5,61.8,77.15,77.15,253,28650,5775,25910.05
2025-11-18,2025-12-02,26650,PE,650.0,677.15,650.0,673.2,673.2,11,225,150,25910.05
2025-11-18,2025-12-02,26400,PE,452.95,504.7,407.2,471.4,471.4,548,14625,-825,25910.05
2025-11-18,2025-12-02,26250,PE,350.5,396.7,309.35,361.9,361.9,156,5325,750,25910.05
2025-11-18,2025-11-25,27000,PE,1019.85,1088.1,963.95,1053.5,1053.5,3004,1024200,-39150,25910.05
2025-11-18,2025-11-25,24950,PE,8.05,9.45,6.4,7.1,7.1,28520,472200,294075,25910.05
2025-11-18,2025-11-25,23250,PE,1.75,2.15,1.55,1.85,1.85,87,4200,975,25910.05
2025-11-18,2025-11-18,27600,PE,1689.0,1716.0,1635.0,1669.65,25910.05,15,750,0,25910.05
2025-11-18,2025-11-18,27050,PE,0.0,0.0,0.0,1287.2,25910.05,0,0,0,25910.05
2025-11-18,2025-11-18,26150,PE,174.95,275.0,143.95,231.45,25910.05,300441,199275,-283275,25910.05
2025-11-18,2025-11-18,24950,PE,0.85,1.2,0.05,0.1,25910.05,240768,1635000,486375,25910.05
2025-11-18,2025-11-18,23700,PE,0.6,0.65,0.05,0.1,25910.05,15269,159150,-102300,25910.05
2025-11-18,2030-06-25,28000,CE,0.0,0.0,0.0,6483.0,5273.4,0,0,0,25910.05
2025-11-18,2028-12-26,30000,CE,0.0,0.0,0.0,2901.0,2612.15,0,8025,0,25910.05
2025-11-18,2028-12-26,22000,CE,0.0,0.0,0.0,6932.45,7618.95,0,0,0,25910.05
2025-11-18,2028-06-27,19000,CE,0.0,0.0,0.0,6252.25,9569.25,0,0,0,25910.05
2025-11-18,2027-06-29,28000,CE,0.0,0.0,0.0,2186.3,1784.85,0,0,0,25910.05
2025-11-18,2027-06-29,25000,CE,0.0,0.0,0.0,2090.05,3548.35,0,0,0,25910.05
2025-11-18,2026-12-29,28000,CE,1220.55,1250.0,1180.0,1206.85,1206.85,208,130500,7725,25910.05
2025-11-18,2026-12-29,24000,CE,3939.0,3970.0,3939.0,3970.0,3970.0,3,11700,150,25910.05
2025-11-18,2026-12-29,16000,CE,0.0,0.0,0.0,6200.0,10901.35,0,50,0,25910.05
2025-11-18,2026-09-29,30000,CE,0.0,0.0,0.0,404.4,333.65,0,0,0,25910.05
2025-11-18,2026-06-30,27000,CE,980.0,980.0,925.9,938.65,938.65,511,469650,2850,25910.05
2025-11-18,2026-03-31,28000,CE,235.9,235.9,210.9,216.75,216.75,1755,1051125,6900,25910.05
2025-11-18,2026-03-31,25000,CE,1835.8,1866.0,1780.0,1797.2,1797.2,187,369525,600,25910.05
2025-11-18,2026-01-27,26350,CE,486.0,509.0,465.0,509.0,480.45,19,2730,-260,25910.05
2025-11-18,2026-01-27,26050,CE,640.0,640.0,629.0,629.0,625.45,8,2795,390,25910.05
2025-11-18,2026-01-27,25050,CE,1395.45,1404.85,1370.0,1387.45,1387.45,6,195,0,25910.05
2025-11-18,2025-12-30,26500,CE,240.05,241.2,204.0,210.95,210.95,22018,2081550,157500,25910.05
2025-11-18,2025-12-30,17000,CE,9019.0,9019.0,8993.85,9001.25,9001.25,5,109875,75,25910.05
2025-11-18,2025-12-16,26650,CE,0.0,0.0,0.0,177.65,125.4,0,0,0,25910.05
2025-11-18,2025-12-16,25350,CE,0.0,0.0,0.0,748.6,779.2,0,0,0,25910.05
2025-11-18,2025-12-09,27700,CE,0.0,0.0,0.0,26.4,4.1,0,0,0,25910.05
2025-11-18,2025-12-09,26250,CE,190.1,211.4,173.95,175.1,175.1,133,9975,6075,25910.05
2025-11-18,2025-12-09,24600,CE,0.0,0.0,0.0,1558.4,1399.65,0,75,0,25910.05
2025-11-18,2025-11-25,27150,CE,2.35,2.6,1.8,2.1,2.1,7365,325650,127125,25910.05
2025-11-18,2025-11-25,26850,CE,6.4,6.4,3.55,3.8,3.8,34866,792225,397725,25910.05
2025-11-18,2025-11-25,26500,CE,19.8,30.95,14.15,15.65,15.65,303517,7259850,2745150,25910.05
2025-11-18,2025-11-25,25950,CE,230.05,230.05,151.0,161.45,161.45,261514,2052300,1473375,25910.05
2025-11-18,2025-11-25,22850,CE,0.0,0.0,0.0,3204.6,3085.25,0,225,0,25910.05
2025-11-18,2025-11-18,26600,CE,1.0,1.3,0.05,0.1,25910.05,864274,5941125,347100,25910.05
2025-11-18,2025-11-18,23600,CE,0.0,0.0,0.0,2379.95,25910.05,0,450,0,25910.05
2025-11-18,2025-11-18,23500,CE,2445.0,2497.7,2400.0,2416.85,25910.05,240,14850,-3150,25910.05
2025-11-18,2025-11-25,23450,CE,0.0,0.0,0.0,2610.7,2485.9,0,1125,0,25910.05
2025-11-18,2025-12-16,27600,PE,0.0,0.0,0.0,1784.1,1583.3,0,0,0,25910.05
2025-11-18,2025-12-30,23050,PE,13.2,14.2,13.2,14.2,0.4,9,1800,-75,25910.05
2025-11-18,2025-11-18,24350,CE,1630.0,1630.0,1628.0,1630.0,25910.05,10,600,-300,25910.05
2025-11-18,2025-11-18,24950,CE,1000.0,1041.85,939.85,971.5,25910.05,39,1200,-375,25910.05
2025-11-18,2025-11-18,25150,CE,800.95,835.65,737.95,773.35,25910.05,206,11925,-5250,25910.05
2025-11-18,2025-11-18,25450,CE,490.05,555.0,430.0,464.85,25910.05,1637,42825,-14700,25910.05
2025-11-18,2025-11-18,25550,CE,404.35,455.75,331.1,365.4,25910.05,5564,110775,-23925,25910.05
2025-11-18,2025-11-18,25950,CE,102.9,102.9,0.05,0.95,25910.05,27017602,21956775,18417750,25910.05
2025-11-18,2025-11-18,26100,CE,30.0,30.85,0.05,0.15,25910.05,11222019,7775775,-3938400,25910.05
2025-11-18,2025-11-18,26800,CE,0.6,1.05,0.05,0.05,25910.05,657065,3105675,-2444850,25910.05
2025-11-18,2025-11-18,27750,CE,0.4,0.55,0.05,0.1,25910.05,13579,122775,34575,25910.05
2025-11-18,2025-11-25,23100,CE,0.0,0.0,0.0,2953.65,2835.5,0,2325,0,25910.05
2025-11-18,2025-11-25,23200,CE,0.0,0.0,0.0,2855.9,2735.6,0,600,0,25910.05
2025-11-18,2025-11-25,23400,CE,0.0,0.0,0.0,2650.0,2535.85,0,525,0,25910.05
2025-11-18,2025-11-25,23750,CE,2240.0,2240.0,2240.0,2240.0,2186.25,1,300,0,25910.05
2025-11-18,2025-11-25,24900,CE,1093.0,1130.0,1026.0,1055.15,1055.15,407,55950,-14700,25910.05
2025-11-18,2025-11-25,25100,CE,971.0,971.0,831.05,861.1,861.1,573,109500,3150,25910.05
2025-11-18,2025-11-25,26450,CE,31.5,35.15,18.0,19.85,19.85,102725,1413750,933825,25910.05
2025-11-18,2025-12-02,24100,CE,0.0,0.0,0.0,2017.6,1863.3,0,75,0,25910.05
2025-11-18,2025-12-02,24600,CE,0.0,0.0,0.0,1520.5,1366.65,0,75,0,25910.05
2025-11-18,2025-12-02,25000,CE,1046.05,1104.6,1000.0,1023.25,1023.25,122,27150,300,25910.05
2025-11-18,2025-12-02,25300,CE,730.0,800.0,717.75,745.1,745.1,22,11475,150,25910.05
2025-11-18,2025-12-02,26200,CE,161.5,170.25,129.35,136.6,136.6,18236,360375,148650,25910.05
2025-11-18,2025-12-02,26300,CE,126.05,129.5,98.0,104.1,104.1,14584,460725,312000,25910.05
2025-11-18,2025-12-02,27500,CE,3.95,4.35,2.95,3.3,3.3,4501,200175,86100,25910.05
2025-11-18,2025-12-02,27800,CE,2.55,3.0,1.85,2.15,2.15,1011,65400,22725,25910.05
2025-11-18,2025-12-09,23900,CE,0.0,0.0,0.0,2249.4,2089.4,0,75,0,25910.05
2025-11-18,2025-12-09,24000,CE,0.0,0.0,0.0,2161.8,1990.0,0,75,0,25910.05
2025-11-18,2025-12-09,24450,CE,0.0,0.0,0.0,1709.1,1545.55,0,75,0,25910.05
2025-11-18,2025-12-09,25300,CE,840.0,840.0,789.95,828.0,764.65,11,4200,600,25910.05
2025-11-18,2025-12-09,25500,CE,650.65,698.65,622.8,633.1,633.1,107,11175,225,25910.05
2025-11-18,2025-12-09,25800,CE,432.7,473.65,407.3,419.55,419.55,261,18900,3450,25910.05
2025-11-18,2025-12-09,26000,CE,327.7,344.7,289.05,297.3,297.3,2968,139275,48525,25910.05
2025-11-18,2025-12-09,26750,CE,55.05,59.1,45.3,45.85,45.85,125,9900,-225,25910.05
2025-11-18,2025-12-16,24350,CE,0.0,0.0,0.0,1537.3,1674.95,0,0,0,25910.05
2025-11-18,2025-12-16,26050,CE,340.3,362.15,314.1,362.15,336.2,21,1200,825,25910.05
2025-11-18,2025-12-16,26100,CE,311.05,349.35,297.3,303.6,303.6,170,8100,4425,25910.05
2025-11-18,2025-12-16,26450,CE,180.0,180.0,161.4,169.0,179.45,17,525,225,25910.05
2025-11-18,2025-12-16,27550,CE,0.0,0.0,0.0,43.7,16.9,0,0,0,25910.05
2025-11-18,2025-12-16,27600,CE,12.45,12.45,8.0,8.1,14.8,3,3375,75,25910.05
2025-11-18,2025-12-16,27750,CE,0.0,0.0,0.0,30.55,9.9,0,0,0,25910.05
2025-11-18,2025-12-30,24500,CE,1684.55,1725.0,1635.95,1662.75,1662.75,262,75975,5100,25910.05
2025-11-18,2025-12-30,24650,CE,1514.0,1524.6,1514.0,1519.3,1519.3,2,150,0,25910.05
2025-11-18,2025-12-30,24800,CE,1400.95,1423.05,1375.0,1375.0,1375.0,23,32850,300,25910.05
2025-11-18,2025-12-30,24200,PE,27.55,32.5,24.85,27.1,27.1,3250,269475,-65025,25910.05
2025-11-18,2025-12-02,26150,PE,287.95,333.5,255.15,296.75,296.75,980,41625,33600,25910.05
2025-11-18,2025-12-02,24900,PE,13.5,19.4,13.0,15.75,15.75,3314,102975,22650,25910.05
2025-11-18,2025-12-02,25250,PE,35.35,44.15,27.9,35.25,35.25,1317,34575,15525,25910.05
2025-11-18,2025-12-02,25500,PE,54.55,82.25,51.95,66.55,66.55,14610,322275,83925,25910.05
2025-11-18,2025-12-30,24900,PE,57.95,69.75,54.6,63.1,63.1,4553,499875,69075,25910.05
2025-11-18,2025-12-30,25300,PE,106.6,124.9,98.2,113.55,113.55,7233,580425,57750,25910.05
2025-11-18,2025-12-30,25750,PE,210.95,237.85,192.8,222.1,222.1,472,55350,5175,25910.05
2025-11-18,2025-12-30,19000,PE,4.4,5.25,4.25,5.1,5.1,232,387325,-3300,25910.05
2025-11-18,2025-12-30,26100,PE,314.2,378.9,314.0,353.0,353.0,4646,335025,95175,25910.05
2025-11-18,2025-12-30,26500,PE,517.9,619.3,511.3,564.2,564.2,5752,816075,26250,25910.05
2025-11-18,2025-12-30,26600,PE,611.0,660.0,575.0,624.8,624.8,362,28500,-75,25910.05
2025-11-18,2026-01-27,24550,PE,0.0,0.0,0.0,65.45,72.25,0,1560,0,25910.05
2025-11-18,2026-01-27,26500,PE,540.6,599.6,536.45,575.35,575.35,1181,88595,9750,25910.05
2025-11-18,2026-01-27,26950,PE,0.0,0.0,0.0,785.15,1008.2,0,65,0,25910.05
2025-11-18,2025-12-30,25050,CE,1163.4,1164.15,1155.85,1161.8,1161.8,10,1125,-450,25910.05
2025-11-18,2025-12-30,25200,CE,1046.05,1076.0,1017.85,1032.35,1032.35,45,68625,450,25910.05
2025-11-18,2025-12-30,27450,CE,0.0,0.0,0.0,103.4,56.95,0,0,0,25910.05
2025-11-18,2026-01-27,24650,CE,0.0,0.0,0.0,1435.55,1614.95,0,65,0,25910.05
2025-11-18,2026-01-27,24800,CE,0.0,0.0,0.0,1601.55,1488.1,0,130,0,25910.05
2025-11-18,2026-01-27,26150,CE,635.7,635.7,635.7,635.7,574.3,2,1365,130,25910.05
2025-11-18,2026-01-27,27250,CE,0.0,0.0,0.0,161.55,188.35,0,65,0,25910.05
2025-11-18,2026-03-31,23000,CE,3599.0,3639.95,3599.0,3639.95,3406.25,2,1875,75,25910.05
2025-11-18,2026-06-30,21000,CE,0.0,0.0,0.0,3881.9,5641.65,0,0,0,25910.05
2025-11-18,2026-09-29,24000,CE,0.0,0.0,0.0,2671.85,3254.7,0,0,0,25910.05
2025-11-18,2027-06-29,19000,CE,0.0,0.0,0.0,7800.0,8595.65,0,75,0,25910.05
2025-11-18,2028-06-27,22000,CE,0.0,0.0,0.0,4759.5,7076.1,0,0,0,25910.05
2025-11-18,2028-12-26,24000,CE,0.0,0.0,0.0,5850.3,6115.9,0,0,0,25910.05
2025-11-18,2028-12-26,26000,CE,0.0,0.0,0.0,4879.7,4756.45,0,0,0,25910.05
2025-11-18,2029-06-26,29000,CE,0.0,0.0,0.0,5677.9,3633.75,0,0,0,25910.05
2025-11-18,2029-12-24,27000,CE,0.0,0.0,0.0,6201.65,5289.05,0,0,0,25910.05
2025-11-18,2030-06-25,24000,CE,0.0,0.0,0.0,8591.55,7745.55,0,0,0,25910.05
2025-11-18,2030-06-25,26000,CE,0.0,0.0,0.0,7487.55,6448.05,0,0,0,25910.05
2025-11-18,2025-11-18,25150,PE,1.85,1.85,0.05,0.1,25910.05,341586,1242075,-729600,25910.05
2025-11-18,2025-11-18,25300,PE,1.65,1.65,0.05,0.1,25910.05,910154,3509400,-4127025,25910.05
2025-11-18,2030-06-25,28000,PE,0.0,0.0,0.0,1532.2,852.5,0,0,0,25910.05
2025-11-18,2028-12-26,30000,PE,0.0,0.0,0.0,2352.75,1794.25,0,0,0,25910.05
2025-11-18,2028-06-27,23000,PE,0.0,0.0,0.0,1399.25,174.3,0,0,0,25910.05
2025-11-18,2027-12-28,25000,PE,0.0,0.0,0.0,700.0,433.65,0,2025,0,25910.05
2025-11-18,2027-06-29,30000,PE,0.0,0.0,0.0,4562.55,2456.5,0,0,0,25910.05
2025-11-18,2025-11-18,26100,PE,127.0,226.0,95.5,181.2,25910.05,1725588,610725,-1293975,25910.05
2025-11-18,2025-11-18,26550,PE,605.05,670.65,564.25,631.9,25910.05,206,13950,2625,25910.05
2025-11-18,2025-11-18,27500,PE,1560.0,1589.25,1501.9,1575.85,25910.05,22,2250,375,25910.05
2025-11-18,2025-11-25,23050,PE,3.5,3.5,1.45,1.6,1.6,277,8175,-300,25910.05
2025-11-18,2025-11-25,23600,PE,3.0,3.1,1.9,2.1,2.1,1735,81225,8475,25910.05
2025-11-18,2025-11-25,24100,PE,3.8,4.1,2.1,2.8,2.8,18450,392025,160575,25910.05
2025-11-18,2025-11-25,24250,PE,3.65,4.4,2.35,3.1,3.1,2809,98400,46950,25910.05
2025-11-18,2025-11-25,24600,PE,5.9,6.2,4.05,4.5,4.5,58948,1037475,1500,25910.05
2025-11-18,2025-11-25,24800,PE,6.85,7.65,5.3,5.7,5.7,90919,2597850,841200,25910.05
2025-11-18,2025-11-25,25750,PE,68.0,109.25,58.5,82.25,82.25,137342,1917300,1100925,25910.05
2025-11-18,2027-06-29,18000,PE,0.0,0.0,0.0,93.95,1.4,0,100,0,25910.05
2025-11-18,2026-12-29,14000,PE,0.0,0.0,0.0,20.05,0.05,0,2225,0,25910.05
2025-11-18,2026-09-29,31000,PE,0.0,0.0,0.0,4826.3,3784.3,0,0,0,25910.05
2025-11-18,2026-06-30,20000,PE,38.0,39.9,38.0,39.0,39.0,44,366900,975,25910.05
2025-11-18,2026-01-27,27050,PE,0.0,0.0,0.0,851.0,1079.75,0,195,0,25910.05
2025-11-18,2025-11-25,27400,PE,1481.15,1481.15,1426.4,1430.6,1430.6,16,3375,-75,25910.05
2025-11-18,2025-11-25,27650,PE,1691.0,1703.15,1691.0,1703.15,1703.15,2,225,-75,25910.05
2025-11-18,2025-12-02,26800,PE,0.0,0.0,0.0,700.0,858.05,0,750,0,25910.05
2025-11-18,2025-12-02,27450,PE,0.0,0.0,0.0,1333.5,1481.6,0,75,0,25910.05
2025-11-18,2025-12-02,27600,PE,0.0,0.0,0.0,1476.25,1630.2,0,75,0,25910.05
2025-11-18,2025-12-02,27700,PE,0.0,0.0,0.0,1581.35,1729.6,0,0,0,25910.05
2025-11-18,2025-12-09,24150,PE,0.0,0.0,0.0,17.95,1.35,0,600,0,25910.05
2025-11-18,2025-12-09,25300,PE,59.95,70.8,50.0,61.45,61.45,804,50175,18675,25910.05
2025-11-18,2025-12-09,25700,PE,138.95,160.9,119.0,143.4,143.4,1091,35700,6675,25910.05
2025-11-18,2025-12-09,26000,PE,229.15,278.55,216.0,252.8,252.8,2395,61275,-12000,25910.05
2025-11-18,2025-12-09,27750,PE,0.0,0.0,0.0,2019.15,1751.75,0,0,0,25910.05
2025-11-18,2025-12-16,24500,PE,24.0,26.25,19.65,22.75,22.75,41,3000,2100,25910.05
2025-11-18,2025-12-16,24800,PE,0.0,0.0,0.0,113.0,29.3,0,0,0,25910.05
2025-11-18,2025-12-16,26300,PE,0.0,0.0,0.0,729.35,504.4,0,0,0,25910.05
2025-11-18,2026-03-31,31000,CE,21.7,23.7,18.75,19.9,19.9,156,36075,3375,25910.05
2025-11-18,2030-06-25,24000,PE,0.0,0.0,0.0,698.15,254.75,0,0,0,25910.05
2025-11-18,2029-06-26,26000,PE,0.0,0.0,0.0,900.0,559.35,0,50,0,25910.05
2025-11-18,2028-12-26,25000,PE,0.0,0.0,0.0,900.0,415.35,0,4525,0,25910.05
2025-11-18,2028-12-26,23000,PE,0.0,0.0,0.0,643.65,179.8,0,3225,0,25910.05
2025-11-18,2028-06-27,30000,PE,0.0,0.0,0.0,3779.25,1981.95,0,0,0,25910.05
2025-11-18,2027-12-28,31000,PE,0.0,0.0,0.0,3950.7,2754.5,0,0,0,25910.05
2025-11-18,2027-12-28,27000,PE,0.0,0.0,0.0,1280.0,934.5,0,525,0,25910.05
2025-11-18,2027-12-28,26000,PE,906.95,906.95,906.95,906.95,906.95,1,1425,0,25910.05
2025-11-18,2027-12-28,23000,PE,0.0,0.0,0.0,360.0,162.25,0,3450,0,25910.05
2025-11-18,2027-12-28,18000,PE,0.0,0.0,0.0,97.05,3.25,0,11550,0,25910.05
2025-11-18,2027-06-29,21000,PE,0.0,0.0,0.0,115.05,32.5,0,1025,0,25910.05
2025-11-18,2026-12-29,28000,PE,1205.0,1236.0,1200.0,1227.85,1227.85,226,150150,10875,25910.05
2025-11-18,2026-12-29,18000,PE,0.0,0.0,0.0,132.0,0.3,0,5950,0,25910.05
2025-11-18,2026-09-29,23000,PE,152.2,160.55,152.0,159.9,159.9,22,5250,1050,25910.05
2025-11-18,2026-03-31,30000,PE,3230.0,3296.0,3214.6,3287.3,3287.3,32,7725,75,25910.05
2025-11-18,2026-03-31,24000,PE,106.1,117.45,106.1,112.45,112.45,2575,1511100,-9150,25910.05
2025-11-18,2026-01-27,27400,PE,0.0,0.0,0.0,1104.85,1347.1,0,65,0,25910.05
2025-11-18,2026-01-27,27250,PE,0.0,0.0,0.0,991.8,1229.45,0,65,0,25910.05
2025-11-18,2026-01-27,25850,PE,298.95,318.05,298.95,318.05,318.05,10,2795,0,25910.05
2025-11-18,2026-01-27,25400,PE,168.0,195.5,168.0,184.1,184.1,279,42315,10010,25910.05
2025-11-18,2026-01-27,25050,PE,120.4,127.9,116.95,119.35,151.2,14,2600,325,25910.05
2025-11-18,2026-01-27,25000,PE,110.95,126.3,109.75,120.75,120.75,4478,747240,98605,25910.05
2025-11-18,2026-01-27,24900,PE,101.0,108.2,97.55,105.9,105.9,1149,237315,23855,25910.05
2025-11-18,2026-01-27,24800,PE,90.05,97.15,85.0,92.45,92.45,2309,350220,85670,25910.05
2025-11-18,2026-01-27,24300,PE,53.4,58.95,53.4,54.2,47.7,32,20995,1495,25910.05
2025-11-18,2025-12-30,27500,PE,1347.0,1403.0,1284.1,1358.05,1358.05,738,107475,48825,25910.05
2025-11-18,2025-12-16,26250,CE,254.25,257.55,220.7,222.85,222.85,7,525,450,25910.05
2025-11-18,2025-12-16,26350,CE,200.05,206.0,183.2,189.75,189.75,26,1425,375,25910.05
2025-11-18,2025-12-16,27250,CE,42.0,42.0,14.35,22.65,22.65,5,75,75,25910.05
2025-11-18,2025-12-16,27400,CE,0.0,0.0,0.0,56.45,24.7,0,0,0,25910.05
2025-11-18,2025-12-30,21000,CE,5075.0,5120.0,5075.0,5085.15,5085.15,50,390425,1675,25910.05
2025-11-18,2025-12-30,23550,CE,0.0,0.0,0.0,2592.35,2517.55,0,150,0,25910.05
2025-11-18,2025-12-30,24000,CE,2164.2,2225.1,2109.35,2136.65,2136.65,1110,917450,-4950,25910.05
2025-11-18,2025-12-30,24300,CE,0.0,0.0,0.0,1956.95,1788.55,0,375,0,25910.05
2025-11-18,2025-12-30,24950,CE,1305.7,1305.7,1305.7,1305.7,1200.1,2,1050,-150,25910.05
2025-11-18,2025-12-30,25000,CE,1250.0,1276.7,1177.7,1203.85,1203.85,2554,1675550,49700,25910.05
2025-11-18,2025-12-30,25500,CE,835.6,851.0,770.85,791.0,791.0,3194,562950,11175,25910.05
2025-11-18,2025-12-30,25800,CE,602.8,629.0,561.35,577.05,577.05,2439,356025,3675,25910.05
2025-11-18,2025-12-30,26250,CE,332.05,358.9,312.0,321.2,321.2,521,36900,12750,25910.05
2025-11-18,2025-12-30,27150,CE,0.0,0.0,0.0,137.6,95.95,0,0,0,25910.05
2025-11-18,2025-12-30,27350,CE,0.0,0.0,0.0,113.9,68.1,0,0,0,25910.05
2025-11-18,2025-12-30,28000,CE,13.3,14.45,11.35,11.65,11.65,17396,2200775,-65750,25910.05
2025-11-18,2025-12-30,30000,CE,4.1,4.35,3.55,3.85,3.85,787,708050,-3000,25910.05
2025-11-18,2026-01-27,23850,CE,0.0,0.0,0.0,2474.5,2342.35,0,65,0,25910.05
2025-11-18,2026-01-27,24150,CE,0.0,0.0,0.0,2192.1,2061.5,0,65,0,25910.05
2025-11-18,2026-01-27,25450,CE,0.0,0.0,0.0,991.75,990.85,0,195,0,25910.05
2025-11-18,2026-01-27,25600,CE,904.55,965.75,904.55,965.75,890.35,13,4875,-520,25910.05
2025-11-18,2026-01-27,26400,CE,468.95,478.4,432.25,441.45,441.45,433,28015,19500,25910.05
2025-11-18,2026-01-27,26500,CE,420.0,432.7,389.0,398.2,398.2,1498,211510,19955,25910.05
2025-11-18,2026-01-27,26800,CE,288.0,298.35,268.0,273.95,273.95,129,23855,1170,25910.05
2025-11-18,2026-01-27,27050,CE,0.0,0.0,0.0,220.6,236.45,0,1560,0,25910.05
2025-11-18,2026-01-27,27550,CE,0.0,0.0,0.0,327.85,131.05,0,0,0,25910.05
2025-11-18,2026-01-27,27650,CE,0.0,0.0,0.0,304.3,115.5,0,0,0,25910.05
2025-11-18,2026-06-30,23000,CE,0.0,0.0,0.0,3804.2,3758.3,0,750,0,25910.05
2025-11-18,2026-09-29,26000,CE,0.0,0.0,0.0,1699.0,1820.2,0,750,0,25910.05
2025-11-18,2027-12-28,19000,CE,0.0,0.0,0.0,5794.9,9089.35,0,0,0,25910.05
2025-11-18,2027-12-28,31000,CE,0.0,0.0,0.0,1546.6,1205.8,0,0,0,25910.05
2025-11-18,2028-06-27,23000,CE,0.0,0.0,0.0,4323.1,6287.5,0,0,0,25910.05
2025-11-18,2028-06-27,26000,CE,0.0,0.0,0.0,3200.9,4155.6,0,0,0,25910.05
2025-11-18,2029-06-26,31000,CE,0.0,0.0,0.0,4882.55,2725.7,0,0,0,25910.05
2025-11-18,2029-12-24,19000,CE,0.0,0.0,0.0,10714.6,10924.3,0,0,0,25910.05
2025-11-18,2029-12-24,22000,CE,0.0,0.0,0.0,8865.25,8647.25,0,0,0,25910.05
2025-11-18,2030-06-25,23000,CE,0.0,0.0,0.0,9179.65,8432.7,0,0,0,25910.05
2025-11-18,2030-06-25,31000,CE,0.0,0.0,0.0,5167.8,3777.05,0,0,0,25910.05
2025-11-18,2025-11-18,23900,PE,0.55,0.75,0.05,0.1,25910.05,15908,70350,-112725,25910.05
2025-11-18,2025-11-18,24200,PE,0.8,0.85,0.05,0.1,25910.05,51853,833700,-180075,25910.05
2025-11-18,2025-11-18,24250,PE,1.0,2.15,0.05,0.05,25910.05,28575,258900,120225,25910.05
2025-11-18,2025-11-18,24350,PE,0.55,0.85,0.05,0.05,25910.05,48317,429300,195450,25910.05
2025-11-18,2025-11-18,24850,PE,1.0,1.3,0.05,0.1,25910.05,133682,528075,-92250,25910.05
2025-11-18,2025-11-18,27550,PE,0.0,0.0,0.0,1709.4,25910.05,0,75,0,25910.05
2025-11-18,2025-11-25,23000,PE,2.2,2.2,1.35,1.45,1.45,20270,1841475,44625,25910.05
2025-11-18,2025-11-25,23400,PE,2.55,2.75,1.6,1.95,1.95,1433,64125,13875,25910.05
2025-11-18,2025-11-25,23450,PE,3.15,3.15,1.75,2.0,2.0,162,6900,2625,25910.05
2025-11-18,2025-11-25,24400,PE,4.85,5.25,3.0,3.7,3.7,32507,851550,319425,25910.05
2025-11-18,2025-11-25,24450,PE,4.95,5.35,3.25,3.85,3.85,6285,126750,50850,25910.05
2025-11-18,2025-11-25,25500,PE,25.15,48.75,23.7,33.45,33.45,298782,6957150,2242275,25910.05
2025-11-18,2025-11-25,26150,PE,240.0,317.35,218.0,275.85,275.85,11731,181425,-39000,25910.05
2025-11-18,2025-12-02,24700,PE,12.9,13.55,10.05,11.1,11.1,1335,74700,24900,25910.05
2025-11-18,2025-12-02,24750,PE,13.55,14.65,8.25,11.9,11.9,113,7125,1050,25910.05
2025-11-18,2025-12-02,25400,PE,48.3,64.25,39.9,50.85,50.85,10538,338550,139875,25910.05
2025-11-18,2025-12-02,26050,PE,225.4,275.95,201.8,246.8,246.8,2401,46125,26250,25910.05
2025-11-18,2025-12-02,27250,PE,0.0,0.0,0.0,1131.2,1285.0,0,75,0,25910.05
2025-11-18,2025-12-02,27350,PE,0.0,0.0,0.0,1229.65,1383.0,0,75,0,25910.05
2025-11-18,2025-12-09,24450,PE,16.7,17.5,13.0,14.85,4.75,50,750,-675,25910.05
2025-11-18,2025-12-09,24800,PE,24.2,27.65,20.2,24.05,24.05,237,28500,8925,25910.05
2025-11-18,2025-12-09,24950,PE,31.15,35.0,28.45,33.15,33.15,46,8325,2700,25910.05
2025-11-18,2025-12-16,24200,PE,0.0,0.0,0.0,37.3,4.65,0,0,0,25910.05
2025-11-18,2025-12-16,24300,PE,0.0,0.0,0.0,45.6,6.55,0,0,0,25910.05
2025-11-18,2025-12-16,25350,PE,90.6,100.7,78.0,87.9,87.9,39,3675,1050,25910.05
2025-11-18,2025-12-16,26000,PE,248.0,300.0,240.1,277.8,277.8,1397,50175,10725,25910.05
2025-11-18,2025-12-16,26150,PE,320.25,362.4,320.25,339.6,339.6,5,825,0,25910.05
2025-11-18,2025-12-16,27250,PE,0.0,0.0,0.0,1468.4,1255.45,0,0,0,25910.05
2025-11-18,2025-12-16,27400,PE,0.0,0.0,0.0,1601.7,1394.05,0,0,0,25910.05
2025-11-18,2025-12-30,23250,PE,14.2,17.05,12.5,15.15,15.15,167,7425,2400,25910.05
2025-11-18,2025-12-30,23750,PE,19.0,19.6,19.0,19.55,4.1,16,5175,300,25910.05
2025-11-18,2025-12-30,23800,PE,19.8,21.3,17.75,19.25,19.25,2528,308400,51900,25910.05
2025-11-18,2025-12-30,24500,PE,35.05,41.15,32.55,37.3,37.3,8678,1203375,40425,25910.05
2025-11-18,2025-12-30,25900,PE,230.0,295.0,230.0,271.95,271.95,7950,420150,45600,25910.05
2025-11-18,2025-12-30,26450,PE,519.95,559.7,487.15,487.15,637.15,86,8175,1875,25910.05
2025-11-18,2025-12-30,26550,PE,600.05,600.05,566.6,593.55,593.55,16,6375,375,25910.05
2025-11-18,2025-12-30,27050,PE,0.0,0.0,0.0,886.0,1074.6,0,300,0,25910.05
2025-11-18,2026-01-27,24350,PE,86.0,86.0,58.55,60.0,60.0,17,2600,910,25910.05
2025-11-18,2026-01-27,24750,PE,86.5,91.65,84.65,88.95,88.95,29,1495,650,25910.05
2025-11-18,2026-01-27,25600,PE,228.1,244.3,213.15,229.2,229.2,207,17485,130,25910.05
2025-11-18,2026-01-27,26200,PE,419.3,455.0,405.0,439.35,439.35,217,25805,2015,25910.05
2025-11-18,2026-01-27,26350,PE,0.0,0.0,0.0,456.7,631.4,0,2210,0,25910.05
2025-11-18,2026-03-31,23000,PE,63.0,68.2,61.95,64.65,64.65,663,517725,5925,25910.05
2025-11-18,2026-06-30,15000,PE,18.0,18.0,18.0,18.0,0.05,1,1350,75,25910.05
2025-11-18,2026-09-29,20000,PE,0.0,0.0,0.0,51.65,2.45,0,0,0,25910.05
2025-11-18,2026-12-29,12000,PE,0.0,0.0,0.0,20.05,0.05,0,575,0,25910.05
2025-11-18,2026-12-29,24000,PE,280.0,290.05,278.1,284.85,284.85,217,156300,4500,25910.05
2025-11-18,2027-06-29,19000,PE,0.0,0.0,0.0,182.1,4.7,0,600,0,25910.05
2025-11-18,2027-06-29,29000,PE,0.0,0.0,0.0,4627.1,1887.5,0,0,0,25910.05
2025-11-18,2027-06-29,31000,PE,0.0,0.0,0.0,4436.25,3097.0,0,0,0,25910.05
2025-11-18,2027-12-28,15000,PE,0.0,0.0,0.0,39.0,0.05,0,625,0,25910.05
2025-11-18,2027-12-28,28000,PE,0.0,0.0,0.0,4251.0,1286.3,0,0,0,25910.05
2025-11-18,2028-06-27,19000,PE,0.0,0.0,0.0,537.45,13.1,0,0,0,25910.05
2025-11-18,2028-06-27,21000,PE,0.0,0.0,0.0,907.2,55.9,0,0,0,25910.05
2025-11-18,2028-12-26,21000,PE,0.0,0.0,0.0,618.05,63.2,0,1250,0,25910.05
2025-11-18,2028-12-26,31000,PE,0.0,0.0,0.0,2722.7,2224.0,0,0,0,25910.05
2025-11-18,2030-06-25,22000,PE,0.0,0.0,0.0,425.45,114.85,0,0,0,25910.05
2025-11-18,2030-06-25,29000,PE,0.0,0.0,0.0,1804.05,1084.5,0,0,0,25910.05
2025-11-18,2030-06-25,31000,PE,0.0,0.0,0.0,2424.0,1658.55,0,0,0,25910.05
2025-11-18,2025-11-25,22700,CE,3210.0,3210.0,3210.0,3210.0,3235.05,4,6000,-300,25910.05
2025-11-18,2025-11-18,27650,CE,0.45,0.6,0.05,0.15,25910.05,9954,64950,-2775,25910.05
2025-11-18,2025-11-18,26650,CE,1.0,1.25,0.05,0.1,25910.05,348171,1583775,-397350,25910.05
2025-11-18,2025-11-18,26450,CE,1.05,1.5,0.05,0.1,25910.05,815452,3020325,293325,25910.05
2025-11-18,2025-11-18,25800,CE,197.95,208.8,100.5,118.2,25910.05,1904339,1170600,-845850,25910.05
2025-11-18,2025-11-18,25750,CE,271.55,271.55,140.1,167.25,25910.05,338918,279150,-181950,25910.05
2025-11-18,2025-11-18,25650,CE,320.1,357.15,232.2,265.9,25910.05,30068,144900,-48450,25910.05
2025-11-18,2025-11-25,24500,CE,1478.3,1540.45,1420.0,1456.65,1456.65,1024,202800,-34500,25910.05
2025-11-18,2025-11-25,24350,CE,1620.0,1650.0,1620.0,1648.0,1586.9,16,1200,825,25910.05
2025-11-18,2025-11-25,24150,CE,1848.0,1855.0,1848.0,1855.0,1786.65,11,900,450,25910.05
2025-11-18,2025-11-25,23600,CE,2425.0,2449.3,2420.0,2426.05,2336.05,5,1875,-375,25910.05
2025-11-18,2025-11-25,23550,CE,0.0,0.0,0.0,2494.3,2386.0,0,375,0,25910.05
2025-11-18,2025-11-25,22750,CE,0.0,0.0,0.0,3303.2,3185.1,0,300,0,25910.05
2025-11-18,2025-11-25,24700,CE,1295.0,1314.55,1228.65,1262.3,1262.3,50,44175,600,25910.05
2025-11-18,2025-11-25,25050,CE,925.0,969.15,895.55,922.55,922.55,12,6900,0,25910.05
2025-11-18,2025-11-25,25350,CE,655.85,700.75,600.0,626.15,626.15,245,35700,1650,25910.05
2025-11-18,2025-11-25,25600,CE,450.35,474.85,375.55,398.25,398.25,19992,969225,44850,25910.05
2025-11-18,2025-11-25,25650,CE,408.0,429.95,341.8,359.3,359.3,3431,179175,4350,25910.05
2025-11-18,2025-11-25,27000,CE,3.8,4.3,2.55,2.8,2.8,262163,10350225,3216750,25910.05
2025-11-18,2025-11-25,27800,CE,1.2,1.4,0.95,1.2,1.2,31924,1348500,625275,25910.05
2025-11-18,2025-12-02,24400,CE,0.0,0.0,0.0,1722.05,1564.65,0,75,0,25910.05
2025-11-18,2025-12-02,24850,CE,0.0,0.0,0.0,1277.8,1122.5,0,75,0,25910.05
2025-11-18,2025-12-09,24050,CE,2038.55,2038.55,2027.05,2027.05,2027.05,4,150,75,25910.05
2025-11-18,2025-12-09,24500,CE,0.0,0.0,0.0,1660.3,1496.75,0,75,0,25910.05
2025-11-18,2025-12-09,24650,CE,0.0,0.0,0.0,1510.15,1351.45,0,75,0,25910.05
2025-11-18,2025-12-09,24700,CE,0.0,0.0,0.0,1458.15,1303.5,0,75,0,25910.05
2025-11-18,2025-12-09,24850,CE,0.0,0.0,0.0,1328.1,1161.75,0,75,0,25910.05
2025-11-18,2025-12-09,24900,CE,0.0,0.0,0.0,1269.25,1115.25,0,150,0,25910.05
2025-11-18,2025-12-09,25550,CE,600.0,600.0,600.0,600.0,572.5,1,1725,75,25910.05
2025-11-18,2025-12-09,26500,CE,126.65,126.65,92.15,98.15,98.15,3401,164400,41400,25910.05
2025-11-18,2025-12-09,26950,CE,0.0,0.0,0.0,95.8,40.25,0,0,0,25910.05
2025-11-18,2025-12-16,24900,CE,0.0,0.0,0.0,1073.0,1157.75,0,0,0,25910.05
2025-11-18,2025-12-16,25000,CE,0.0,0.0,0.0,996.0,1069.0,0,0,0,25910.05
2025-11-18,2025-12-16,25050,CE,0.0,0.0,0.0,958.5,1025.5,0,0,0,25910.05
2025-11-18,2025-12-16,25750,CE,0.0,0.0,0.0,513.6,500.4,0,0,0,25910.05
2025-11-18,2025-12-30,25350,CE,922.1,954.5,901.6,941.45,880.7,12,4275,150,25910.05
2025-11-18,2025-12-30,26350,CE,286.15,303.35,269.6,274.6,274.6,160,31725,4725,25910.05
2025-11-18,2025-12-30,26800,CE,136.0,140.25,115.4,120.8,120.8,5766,428475,57000,25910.05
2025-11-18,2025-12-30,27100,CE,70.05,75.95,60.65,63.2,63.2,4457,333150,70350,25910.05
2025-11-18,2025-12-30,27200,CE,60.05,60.2,47.35,49.85,49.85,4433,319800,9825,25910.05
2025-11-18,2025-12-30,27400,CE,0.0,0.0,0.0,108.55,62.35,0,0,0,25910.05
2025-11-18,2025-12-30,27550,CE,30.05,30.05,23.75,24.05,24.05,69,11400,1650,25910.05
2025-11-18,2025-12-30,31000,CE,3.05,3.35,2.9,2.95,2.95,704,390750,8250,25910.05
2025-11-18,2026-01-27,24300,CE,0.0,0.0,0.0,2052.75,1924.25,0,65,0,25910.05
2025-11-18,2026-01-27,24900,CE,0.0,0.0,0.0,1243.15,1405.8,0,65,0,25910.05
2025-11-18,2026-01-27,25800,CE,812.1,834.3,783.65,791.15,791.15,91,16445,910,25910.05
2025-11-18,2026-01-27,25900,CE,726.65,777.9,717.0,728.85,728.85,134,15925,585,25910.05
2025-11-18,2026-01-27,26550,CE,0.0,0.0,0.0,421.0,397.7,0,2665,0,25910.05
2025-11-18,2026-01-27,26850,CE,0.0,0.0,0.0,284.15,293.55,0,1755,0,25910.05
2025-11-18,2026-03-31,20000,CE,0.0,0.0,0.0,5090.05,6324.75,0,0,0,25910.05
2025-11-18,2026-03-31,26000,CE,1121.0,1129.95,1066.05,1082.2,1082.2,914,848850,-1725,25910.05
2025-11-18,2026-06-30,20000,CE,0.0,0.0,0.0,3829.5,6604.1,0,0,0,25910.05
2025-11-18,2026-06-30,28000,CE,514.0,525.0,496.15,502.55,502.55,168,315975,1800,25910.05
2025-11-18,2026-09-29,21000,CE,0.0,0.0,0.0,4967.05,5936.2,0,0,0,25910.05
2025-11-18,2026-12-29,30000,CE,450.05,475.0,446.05,452.45,452.45,200,138225,1350,25910.05
2025-11-18,2027-12-28,21000,CE,0.0,0.0,0.0,4902.4,7354.7,0,0,0,25910.05
2025-11-18,2027-12-28,23000,CE,0.0,0.0,0.0,4125.7,5699.65,0,0,0,25910.05
2025-11-18,2027-12-28,27000,CE,3100.0,3100.0,3100.0,3100.0,2928.85,1,225,-75,25910.05
2025-11-18,2028-12-26,23000,CE,0.0,0.0,0.0,6377.6,6852.55,0,0,0,25910.05
2025-11-18,2028-12-26,29000,CE,0.0,0.0,0.0,3645.75,3070.5,0,0,0,25910.05
2025-11-18,2029-06-26,24000,CE,0.0,0.0,0.0,8085.35,6677.7,0,0,0,25910.05
2025-11-18,2030-06-25,27000,CE,0.0,0.0,0.0,6972.5,5844.05,0,0,0,25910.05
2025-11-18,2025-11-18,23500,PE,0.5,0.55,0.05,0.05,25910.05,59601,945825,-430050,25910.05
2025-11-18,2025-11-18,23600,PE,0.5,0.55,0.05,0.05,25910.05,20833,118725,-303975,25910.05
2025-11-18,2025-11-18,23950,PE,0.35,0.65,0.05,0.1,25910.05,13347,72750,-77700,25910.05
2025-11-18,2025-11-18,24300,PE,0.7,0.85,0.05,0.1,25910.05,56938,846150,-373350,25910.05
2025-11-18,2025-11-18,25100,PE,1.65,2.0,0.05,0.1,25910.05,467777,2755875,-2075025,25910.05
2025-11-18,2025-11-18,25350,PE,1.5,1.75,0.05,0.1,25910.05,643344,2917800,185925,25910.05
2025-11-18,2025-11-18,25900,PE,21.0,65.6,0.05,0.85,25910.05,35904094,27149325,12985200,25910.05
2025-11-18,2025-11-18,26300,PE,311.0,422.0,291.8,381.9,25910.05,28552,75225,-55425,25910.05
2025-11-18,2025-11-18,26350,PE,402.0,467.75,344.15,435.6,25910.05,4546,42750,4200,25910.05
2025-11-18,2025-11-18,26450,PE,505.0,564.35,445.5,533.8,25910.05,879,26775,-1350,25910.05
2025-11-18,2025-11-18,26800,PE,860.85,904.25,800.3,882.6,25910.05,22,3750,75,25910.05
2025-11-18,2025-11-18,27000,PE,1068.7,1116.0,1000.0,1084.95,25910.05,209,9600,-2475,25910.05
2025-11-18,2025-11-25,22850,PE,1.3,1.65,1.3,1.4,1.4,94,4950,-2175,25910.05
2025-11-18,2025-11-25,23150,PE,2.5,2.5,1.6,1.85,1.85,187,8625,3975,25910.05
2025-11-18,2025-11-25,24000,PE,3.7,3.75,1.95,2.6,2.6,94499,4421475,1210200,25910.05
2025-11-18,2025-11-25,25250,PE,13.0,21.35,10.8,14.25,14.25,46257,904800,507000,25910.05
2025-11-18,2025-11-25,25400,PE,17.95,35.0,16.95,23.35,23.35,165374,4078425,1066350,25910.05
2025-11-18,2025-11-25,25450,PE,24.2,41.2,20.05,27.9,27.9,96865,1357275,881400,25910.05
2025-11-18,2025-11-25,26050,PE,178.7,251.85,162.55,211.45,211.45,68721,649500,74850,25910.05
2025-11-18,2025-11-25,26200,PE,268.1,354.7,248.0,311.05,311.05,51887,1442850,-130425,25910.05
2025-11-18,2025-11-25,26750,PE,758.6,818.7,758.6,809.75,809.75,15,1575,150,25910.05
2025-11-18,2025-11-25,27150,PE,0.0,0.0,0.0,1084.1,1210.5,0,150,0,25910.05
2025-11-18,2025-11-25,27500,PE,1518.95,1581.75,1459.55,1543.15,1543.15,854,659775,-46725,25910.05
2025-11-18,2025-12-02,24100,PE,7.5,7.5,5.25,5.95,5.95,147,29175,6225,25910.05
2025-11-18,2025-12-02,24350,PE,7.4,7.4,7.4,7.4,0.65,4,1200,300,25910.05
2025-11-18,2025-12-02,24500,PE,9.6,10.35,7.4,8.3,8.3,3740,198150,65400,25910.05
2025-11-18,2025-12-02,25200,PE,29.55,39.1,24.35,30.85,30.85,8942,279150,95775,25910.05
2025-11-18,2025-12-02,25800,PE,113.0,165.55,111.55,139.5,139.5,15222,282225,88800,25910.05
2025-11-18,2025-12-02,26300,PE,365.0,434.0,338.95,397.0,397.0,755,30300,3525,25910.05
2025-11-18,2025-12-02,27500,PE,1463.95,1500.0,1435.0,1500.0,1500.0,22,150,-1050,25910.05
2025-11-18,2025-12-09,25050,PE,36.0,40.45,31.75,36.3,36.3,113,7800,1500,25910.05
2025-11-18,2025-12-09,25650,PE,124.95,141.8,107.1,125.9,125.9,634,29025,22050,25910.05
2025-11-18,2025-12-09,26350,PE,0.0,0.0,0.0,383.45,512.4,0,150,0,25910.05
2025-11-18,2025-12-09,27700,PE,0.0,0.0,0.0,1971.8,1702.55,0,0,0,25910.05
2025-11-18,2025-12-16,24150,PE,0.0,0.0,0.0,33.6,3.9,0,0,0,25910.05
2025-11-18,2025-12-16,24750,PE,0.0,0.0,0.0,103.95,25.6,0,0,0,25910.05
2025-11-18,2025-12-16,24950,PE,0.0,0.0,0.0,143.7,43.2,0,0,0,25910.05
2025-11-18,2025-12-16,25250,PE,0.0,0.0,0.0,223.25,87.05,0,0,0,25910.05
2025-11-18,2025-12-16,26500,PE,530.15,589.15,516.8,527.2,637.9,80,1650,450,25910.05
2025-11-18,2025-12-16,26550,PE,0.0,0.0,0.0,902.1,673.7,0,0,0,25910.05
2025-11-18,2025-12-16,26800,PE,0.0,0.0,0.0,1092.05,865.9,0,0,0,25910.05
2025-11-18,2025-12-16,27000,PE,0.0,0.0,0.0,1254.45,1033.25,0,0,0,25910.05
2025-11-18,2025-12-16,27200,PE,0.0,0.0,0.0,1424.75,1210.05,0,0,0,25910.05
2025-11-18,2025-12-16,27750,PE,0.0,0.0,0.0,1923.75,1727.7,0,0,0,25910.05
2025-11-18,2025-12-30,23100,PE,14.85,15.6,13.15,13.8,0.45,53,4875,300,25910.05
2025-11-18,2025-12-30,23150,PE,13.35,14.25,13.35,13.85,0.55,44,1950,-225,25910.05
2025-11-18,2025-12-30,23900,PE,20.0,24.3,19.6,21.05,21.05,269,82050,1200,25910.05
2025-11-18,2025-12-30,24100,PE,27.0,28.35,23.1,24.5,24.5,501,78150,14850,25910.05
2025-11-18,2025-12-30,24450,PE,35.5,39.1,33.0,35.1,35.1,56,41475,1650,25910.05
2025-11-18,2025-12-16,25100,CE,0.0,0.0,0.0,922.55,982.65,0,0,0,25910.05
2025-11-18,2025-12-16,24700,CE,0.0,0.0,0.0,1234.5,1341.05,0,0,0,25910.05
2025-11-18,2025-12-16,24600,CE,0.0,0.0,0.0,1318.6,1435.05,0,0,0,25910.05
2025-11-18,2025-12-16,24500,CE,0.0,0.0,0.0,1404.75,1530.3,0,0,0,25910.05
2025-11-18,2025-12-16,23950,CE,0.0,0.0,0.0,1906.4,2067.35,0,0,0,25910.05
2025-11-18,2025-12-09,27650,CE,5.0,8.35,4.8,6.1,6.1,36,1875,1575,25910.05
2025-11-18,2025-12-09,27600,CE,7.0,7.9,5.9,6.65,6.65,20,900,900,25910.05
2025-11-18,2025-12-09,27200,CE,16.05,16.85,12.0,12.35,12.35,281,12375,5850,25910.05
2025-11-18,2025-12-09,26450,CE,123.65,134.0,106.75,109.55,109.55,49,4875,1425,25910.05
2025-11-18,2025-12-09,26350,CE,156.1,165.0,138.0,142.8,142.8,97,8325,-2100,25910.05
2025-11-18,2025-12-09,26300,CE,170.05,190.95,153.25,158.5,158.5,1228,44775,7050,25910.05
2025-11-18,2025-12-09,26100,CE,261.5,285.9,236.65,245.35,245.35,659,35850,8550,25910.05
2025-11-18,2025-12-30,24650,PE,43.3,49.4,40.25,45.75,45.75,94,20100,2625,25910.05
2025-11-18,2025-12-30,25650,PE,180.95,206.85,166.6,191.35,191.35,449,68550,10650,25910.05
2025-11-18,2025-12-30,26200,PE,350.0,428.3,350.0,399.3,399.3,4821,401400,50175,25910.05
2025-11-18,2025-12-30,26400,PE,480.0,535.25,458.55,506.15,506.15,1384,93150,-19200,25910.05
2025-11-18,2025-12-30,29000,PE,2828.05,2855.65,2760.0,2836.1,2836.1,169,619400,-600,25910.05
2025-11-18,2026-01-27,25200,PE,140.0,155.5,134.1,146.7,146.7,1398,156650,40105,25910.05
2025-11-18,2026-01-27,25300,PE,153.0,173.5,148.5,164.65,164.65,589,83135,13195,25910.05
2025-11-18,2026-01-27,25500,PE,204.95,222.35,190.2,209.7,209.7,2429,220025,46540,25910.05
2025-11-18,2026-01-27,26250,PE,0.0,0.0,0.0,434.25,578.05,0,1430,0,25910.05
2025-11-18,2026-01-27,26300,PE,475.0,492.15,450.0,480.7,480.7,96,14495,1235,25910.05
2025-11-18,2026-01-27,26900,PE,786.0,810.0,786.0,810.0,810.0,2,325,0,25910.05
2025-11-18,2026-01-27,27600,PE,0.0,0.0,0.0,1266.75,1510.35,0,130,0,25910.05
2025-11-18,2026-01-27,27750,PE,0.0,0.0,0.0,1398.2,1637.1,0,130,0,25910.05
2025-11-18,2026-03-31,22000,PE,44.0,44.7,41.15,42.3,42.3,534,284250,1200,25910.05
2025-11-18,2026-06-30,13000,PE,0.0,0.0,0.0,21.6,0.05,0,200,0,25910.05
2025-11-18,2026-06-30,21000,PE,56.0,56.45,50.25,54.75,54.75,110,395100,-450,25910.05
2025-11-18,2026-06-30,25000,PE,292.05,306.5,289.0,302.85,302.85,507,347700,9975,25910.05
2025-11-18,2026-12-29,15000,PE,0.0,0.0,0.0,20.05,0.05,0,1475,0,25910.05
2025-11-18,2026-12-29,17000,PE,0.0,0.0,0.0,97.05,0.05,0,2850,0,25910.05
2025-11-18,2026-12-29,29000,PE,1740.0,1740.0,1691.0,1696.95,1696.95,13,22725,300,25910.05
2025-11-18,2027-12-28,19000,PE,0.0,0.0,0.0,140.05,8.85,0,675,0,25910.05
2025-11-18,2028-06-27,26000,PE,0.0,0.0,0.0,2370.3,624.55,0,0,0,25910.05
2025-11-18,2028-06-27,29000,PE,0.0,0.0,0.0,3595.9,1553.2,0,0,0,25910.05
2025-11-18,2028-12-26,22000,PE,0.0,0.0,0.0,447.0,109.8,0,375,0,25910.05
2025-11-18,2029-06-26,19000,PE,0.0,0.0,0.0,170.3,20.15,0,0,0,25910.05
2025-11-18,2029-06-26,24000,PE,0.0,0.0,0.0,694.05,273.95,0,25,0,25910.05
2025-11-18,2029-06-26,28000,PE,0.0,0.0,0.0,1488.1,1004.45,0,0,0,25910.05
2025-11-18,2029-12-24,20000,PE,0.0,0.0,0.0,202.3,41.4,0,0,0,25910.05
2025-11-18,2030-06-25,21000,PE,0.0,0.0,0.0,321.3,72.4,0,0,0,25910.05
2025-11-18,2025-12-09,25350,CE,0.0,0.0,0.0,856.65,724.25,0,975,0,25910.05
2025-11-18,2025-12-09,25200,CE,0.0,0.0,0.0,899.45,848.05,0,2850,0,25910.05
2025-11-18,2025-12-09,25100,CE,968.0,968.0,968.0,968.0,934.6,2,300,150,25910.05
2025-11-18,2025-12-02,26850,CE,21.25,21.95,14.75,15.8,15.8,771,31125,9675,25910.05
2025-11-18,2025-12-02,25500,CE,601.05,639.55,551.0,567.35,567.35,1551,116100,52425,25910.05
2025-11-18,2025-12-02,25450,CE,0.0,0.0,0.0,705.0,584.1,0,1800,0,25910.05
2025-11-18,2025-12-02,24700,CE,1310.75,1340.35,1310.75,1340.35,1268.4,3,300,225,25910.05
2025-11-18,2025-12-02,24300,CE,0.0,0.0,0.0,1821.05,1664.05,0,150,0,25910.05
2025-11-18,2025-11-25,26700,CE,7.5,11.45,5.8,6.3,6.3,144261,3168525,1060725,25910.05
2025-11-18,2025-11-25,26400,CE,45.05,45.3,22.75,25.35,25.35,227375,3845700,1580700,25910.05
2025-11-18,2025-11-25,25300,CE,702.25,750.0,634.05,663.65,663.65,1557,423300,-3825,25910.05
2025-11-18,2025-11-25,23650,CE,0.0,0.0,0.0,2407.3,2286.1,0,150,0,25910.05
2025-11-18,2025-11-25,23150,CE,0.0,0.0,0.0,2905.95,2785.55,0,150,0,25910.05
2025-11-18,2025-11-25,23000,CE,3002.5,3036.0,2915.0,2952.8,2952.8,659,489600,-36975,25910.05
2025-11-18,2025-11-25,22900,CE,0.0,0.0,0.0,3153.85,3035.3,0,225,0,25910.05
2025-11-18,2025-11-18,27300,CE,0.5,0.7,0.05,0.05,25910.05,223097,1730025,315075,25910.05
2025-11-18,2025-11-18,27200,CE,0.5,0.8,0.05,0.1,25910.05,302018,3611625,1731000,25910.05
2025-11-18,2025-11-18,26400,CE,1.1,1.55,0.05,0.1,25910.05,1272209,6243075,-1280850,25910.05
2025-11-18,2025-11-18,26300,CE,1.95,2.3,0.05,0.15,25910.05,2060545,6687000,-2802000,25910.05
2025-11-18,2025-11-18,26050,CE,43.9,48.9,0.05,0.2,25910.05,16657440,6423450,-1147575,25910.05
2025-11-18,2025-11-18,25500,CE,500.0,506.9,380.0,416.3,25910.05,21864,286650,-266850,25910.05
2025-11-18,2025-11-18,25200,CE,743.8,797.55,689.5,717.9,25910.05,714,32100,-24975,25910.05
2025-11-18,2025-11-18,24700,CE,1250.0,1283.0,1206.25,1220.6,25910.05,124,18900,-2475,25910.05
2025-11-18,2025-11-18,24500,CE,1458.0,1488.1,1390.0,1421.7,25910.05,352,45375,-18075,25910.05
2025-11-18,2025-11-25,27400,CE,1.45,1.6,1.05,1.3,1.3,81752,2141475,910950,25910.05
2025-11-18,2025-12-16,25250,CE,0.0,0.0,0.0,815.45,858.25,0,0,0,25910.05
2025-11-18,2025-12-16,25450,CE,0.0,0.0,0.0,684.9,703.6,0,0,0,25910.05
2025-11-18,2025-12-16,25800,CE,509.4,515.2,474.45,500.0,470.25,39,2025,-975,25910.05
2025-11-18,2025-12-16,26150,CE,308.8,308.8,279.95,284.65,284.65,17,1050,675,25910.05
2025-11-18,2025-12-30,19000,CE,0.0,0.0,0.0,7205.0,7035.35,0,10925,0,25910.05
2025-11-18,2025-12-30,22000,CE,4211.05,4211.05,4084.6,4118.95,4118.95,71,447675,-2950,25910.05
2025-11-18,2025-12-30,23700,CE,2430.05,2430.05,2430.05,2430.05,2430.05,1,150,0,25910.05
2025-11-18,2025-12-30,24850,CE,1340.15,1340.15,1331.45,1337.35,1337.35,11,225,-300,25910.05
2025-11-18,2029-12-24,27000,PE,0.0,0.0,0.0,1177.9,706.75,0,0,0,25910.05
2025-11-18,2029-12-24,29000,PE,0.0,0.0,0.0,1669.2,1184.45,0,0,0,25910.05
2025-11-18,2030-06-25,26000,PE,0.0,0.0,0.0,1065.5,492.15,0,0,0,25910.05
2025-11-18,2025-11-18,23400,CE,2555.0,2555.0,2505.0,2505.0,25910.05,5,975,0,25910.05
2025-11-18,2025-11-18,23650,CE,0.0,0.0,0.0,2329.45,25910.05,0,300,0,25910.05
2025-11-18,2025-11-18,24400,CE,1533.35,1600.95,1533.0,1600.95,25910.05,24,1950,-450,25910.05
2025-11-18,2025-11-18,25000,CE,973.1,1005.15,872.8,916.9,25910.05,4612,98625,-122925,25910.05
2025-11-18,2025-11-18,25050,CE,900.0,944.15,840.1,865.1,25910.05,223,15150,-6000,25910.05
2025-11-18,2025-11-18,25300,CE,650.0,705.35,587.0,617.15,25910.05,1310,60300,-34350,25910.05
2025-11-18,2025-11-18,26150,CE,13.7,13.7,0.05,0.15,25910.05,5630578,5555400,-285000,25910.05
2025-11-18,2025-11-18,26750,CE,0.9,1.1,0.05,0.1,25910.05,292239,1300275,89475,25910.05
2025-11-18,2025-11-25,23900,CE,2069.0,2069.0,2035.9,2052.45,2052.45,2,5325,0,25910.05
2025-11-18,2025-11-25,24000,CE,1985.0,2039.5,1916.25,1942.95,1942.95,1309,488175,-3075,25910.05
2025-11-18,2025-11-25,25700,CE,360.05,389.55,304.75,320.8,320.8,37674,1344750,103200,25910.05
2025-11-18,2025-11-25,26000,CE,198.0,200.0,127.0,136.3,136.3,826456,13302675,4683750,25910.05
2025-11-18,2025-11-25,26750,CE,9.6,9.6,4.85,5.2,5.2,47581,915750,363675,25910.05
2025-11-18,2025-11-25,27350,CE,1.55,1.65,1.1,1.35,1.35,15185,405150,101175,25910.05
2025-11-18,2025-12-02,23800,CE,0.0,0.0,0.0,2312.8,2162.5,0,75,0,25910.05
2025-11-18,2025-12-02,24000,CE,1985.0,2070.0,1985.0,1991.7,1991.7,111,8175,8025,25910.05
2025-11-18,2025-12-02,24050,CE,0.0,0.0,0.0,2064.55,1913.15,0,0,0,25910.05
2025-11-18,2025-12-02,24450,CE,0.0,0.0,0.0,1670.1,1515.05,0,0,0,25910.05
2025-11-18,2025-12-02,24900,CE,1136.35,1136.35,1096.65,1132.85,1074.45,22,1875,1650,25910.05
2025-11-18,2025-12-02,25100,CE,920.0,972.0,920.0,945.45,886.45,23,10050,75,25910.05
2025-11-18,2025-12-02,25800,CE,369.05,400.9,333.0,344.9,344.9,4609,152100,59025,25910.05
2025-11-18,2025-12-02,25850,CE,340.0,365.2,298.35,312.65,312.65,1548,46725,24150,25910.05
2025-11-18,2025-12-02,26000,CE,269.95,271.6,215.0,225.5,225.5,39173,907800,457275,25910.05
2025-11-18,2025-12-02,26050,CE,249.3,249.4,190.25,201.15,201.15,3098,60975,30375,25910.05
2025-11-18,2025-12-02,26700,CE,37.45,38.55,25.0,26.55,26.55,8555,207225,57375,25910.05
2025-11-18,2025-12-02,26900,CE,21.75,21.75,12.4,13.3,13.3,3683,166725,43800,25910.05
2025-11-18,2025-12-09,23800,CE,0.0,0.0,0.0,2354.35,2188.9,0,75,0,25910.05
2025-11-18,2025-12-09,23850,CE,0.0,0.0,0.0,2293.65,2139.15,0,150,0,25910.05
2025-11-18,2025-12-09,24250,CE,0.0,0.0,0.0,1903.3,1742.25,0,0,0,25910.05
2025-11-18,2025-12-09,24750,CE,0.0,0.0,0.0,1409.7,1255.9,0,75,0,25910.05
2025-11-18,2025-12-09,25700,CE,521.0,530.0,470.0,488.15,488.15,204,13575,3300,25910.05
2025-11-18,2025-12-09,26700,CE,78.35,78.35,52.05,54.7,54.7,721,27300,4050,25910.05
2025-11-18,2025-12-09,26850,CE,0.0,0.0,0.0,111.65,52.05,0,0,0,25910.05
2025-11-18,2025-12-09,26900,CE,34.75,39.1,27.85,29.7,29.7,602,29775,-2850,25910.05
2025-11-18,2025-12-09,27250,CE,0.0,0.0,0.0,58.95,17.45,0,0,0,25910.05
2025-11-18,2025-12-09,27400,CE,0.0,0.0,0.0,45.55,11.05,0,0,0,25910.05
2025-11-18,2025-12-16,24250,CE,0.0,0.0,0.0,1627.65,1772.3,0,0,0,25910.05
2025-11-18,2025-12-16,24450,CE,0.0,0.0,0.0,1448.5,1578.3,0,0,0,25910.05
2025-11-18,2025-12-16,24650,CE,0.0,0.0,0.0,1276.3,1387.85,0,0,0,25910.05
2025-11-18,2025-12-16,24800,CE,0.0,0.0,0.0,1152.55,1248.5,0,0,0,25910.05
2025-11-18,2025-12-16,26600,CE,125.0,132.4,107.0,110.65,110.65,92,8850,1200,25910.05
2025-11-18,2025-12-16,26700,CE,98.05,102.25,81.65,86.0,86.0,388,16950,13500,25910.05
2025-11-18,2025-12-16,26900,CE,0.0,0.0,0.0,124.0,76.7,0,0,0,25910.05
2025-11-18,2025-12-30,23150,CE,0.0,0.0,0.0,2851.4,2913.3,0,0,0,25910.05
2025-11-18,2025-12-30,23900,CE,0.0,0.0,0.0,2354.35,2174.0,0,150,0,25910.05
2025-11-18,2025-12-30,24450,CE,1725.75,1725.75,1725.75,1725.75,1725.75,1,1275,-75,25910.05
2025-11-18,2025-12-30,24550,CE,1611.3,1619.6,1611.3,1615.45,1615.45,2,75,0,25910.05
2025-11-18,2025-12-30,25950,CE,500.0,530.0,471.85,482.35,482.35,907,52425,18525,25910.05
2025-11-18,2025-12-30,26050,CE,448.0,466.2,412.2,422.75,422.75,606,35775,1500,25910.05
2025-11-18,2025-12-30,26200,CE,369.95,384.5,333.9,346.75,346.75,7900,555300,59025,25910.05
2025-11-18,2025-12-30,26700,CE,158.05,169.75,139.75,146.15,146.15,5692,598875,30450,25910.05
2025-11-18,2025-12-30,27650,CE,22.35,23.55,17.6,18.8,18.8,146,9600,-225,25910.05
2025-11-18,2026-01-27,24750,CE,0.0,0.0,0.0,1723.8,1529.95,0,260,0,25910.05
2025-11-18,2026-01-27,25950,CE,705.0,750.0,696.0,703.9,703.9,18,1040,520,25910.05
2025-11-18,2026-01-27,26250,CE,540.0,549.15,518.35,521.5,521.5,18,1560,455,25910.05
2025-11-18,2026-01-27,26950,CE,241.7,241.7,240.9,240.9,263.8,2,2145,65,25910.05
2025-11-18,2026-01-27,27300,CE,136.95,144.0,126.1,129.6,129.6,194,31915,195,25910.05
2025-11-18,2026-03-31,21000,CE,5523.6,5523.6,5520.55,5520.55,5345.85,5,22875,0,25910.05
2025-11-18,2026-06-30,18000,CE,0.0,0.0,0.0,7400.0,8534.15,0,100,0,25910.05
2025-11-18,2026-06-30,22000,CE,0.0,0.0,0.0,2722.55,4687.9,0,0,0,25910.05
2025-11-18,2026-06-30,25000,CE,2285.25,2323.0,2241.05,2271.7,2271.7,21,43500,-225,25910.05
2025-11-18,2026-06-30,30000,CE,135.0,139.55,129.0,130.6,130.6,232,125550,2625,25910.05
2025-11-18,2026-06-30,31000,CE,0.0,0.0,0.0,507.8,75.9,0,0,0,25910.05
2025-11-18,2026-12-29,26000,CE,2480.0,2485.5,2403.25,2424.15,2424.15,88,120075,-525,25910.05
2025-11-18,2027-06-29,27000,CE,0.0,0.0,0.0,1932.5,2290.25,0,0,0,25910.05
2025-11-18,2027-12-28,28000,CE,0.0,0.0,0.0,2639.2,2394.9,0,0,0,25910.05
2025-11-18,2027-12-28,30000,CE,0.0,0.0,0.0,1877.7,1536.15,0,0,0,25910.05
2025-11-18,2028-06-27,30000,CE,0.0,0.0,0.0,2278.45,2070.05,0,0,0,25910.05
2025-11-18,2028-12-26,21000,CE,0.0,0.0,0.0,7512.5,8408.75,0,0,0,25910.05
2025-11-18,2029-06-26,23000,CE,0.0,0.0,0.0,8636.0,7397.25,0,0,0,25910.05
2025-11-18,2029-12-24,29000,CE,0.0,0.0,0.0,5305.8,4186.9,0,0,0,25910.05
2025-11-18,2030-06-25,19000,CE,0.0,0.0,0.0,11740.5,11352.75,0,0,0,25910.05
2025-11-18,2025-11-18,23750,PE,0.55,0.6,0.05,0.1,25910.05,5544,82575,9750,25910.05
2025-11-18,2025-11-18,25050,PE,1.15,1.35,0.05,0.1,25910.05,245933,1457775,-319275,25910.05
2025-11-18,2025-11-18,25200,PE,1.25,1.5,0.05,0.1,25910.05,757786,4801575,-2027325,25910.05
2025-11-18,2025-11-18,25450,PE,2.0,3.25,0.05,0.1,25910.05,1020147,2926950,-1272675,25910.05
2025-11-18,2025-11-18,25700,PE,4.0,8.1,0.05,0.15,25910.05,3685844,6366750,-3658200,25910.05
2025-11-18,2025-11-18,26900,PE,957.0,1016.0,900.0,981.7,25910.05,129,4125,1875,25910.05
2025-11-18,2025-11-18,26950,PE,0.0,0.0,0.0,1190.65,25910.05,0,0,0,25910.05
2025-11-18,2025-11-18,27350,PE,0.0,0.0,0.0,1588.4,25910.05,0,75,0,25910.05
2025-11-18,2025-11-18,27750,PE,0.0,0.0,0.0,1988.2,25910.05,0,225,0,25910.05
2025-11-18,2025-11-25,25200,PE,12.4,18.2,9.5,12.1,12.1,144269,4289100,1778250,25910.05
2025-11-18,2025-11-25,25950,PE,105.0,194.8,105.0,158.65,158.65,282570,1342125,557025,25910.05
2025-11-18,2025-12-02,24000,PE,8.05,8.4,4.1,4.5,4.5,2422,132900,59550,25910.05
2025-11-18,2025-12-02,26350,PE,440.0,440.0,395.0,425.25,425.25,66,3900,1200,25910.05
2025-11-18,2025-12-02,26550,PE,0.0,0.0,0.0,555.7,640.75,0,225,0,25910.05
2025-11-18,2025-12-02,26700,PE,0.0,0.0,0.0,634.05,768.7,0,75,0,25910.05
2025-11-18,2025-12-02,26950,PE,0.0,0.0,0.0,865.3,996.7,0,75,0,25910.05
2025-11-18,2025-12-02,27050,PE,1053.7,1053.7,1053.7,1053.7,1091.5,2,150,-75,25910.05
2025-11-18,2025-12-02,27550,PE,0.0,0.0,0.0,1425.85,1580.6,0,0,0,25910.05
2025-11-18,2025-12-02,27750,PE,0.0,0.0,0.0,1630.7,1779.35,0,0,0,25910.05
2025-11-18,2025-12-09,24600,PE,18.1,20.2,15.95,18.6,18.6,92,7800,300,25910.05
2025-11-18,2025-12-09,25550,PE,98.2,114.9,85.7,102.9,102.9,228,21750,3675,25910.05
2025-11-18,2025-12-09,25950,PE,215.0,254.8,198.15,230.4,230.4,435,7725,-3525,25910.05
2025-11-18,2025-12-09,26450,PE,0.0,0.0,0.0,443.85,582.8,0,375,0,25910.05
2025-11-18,2025-12-09,26750,PE,0.0,0.0,0.0,664.1,818.1,0,75,0,25910.05
2025-11-18,2025-12-09,26800,PE,817.3,817.3,817.3,817.3,860.35,1,75,0,25910.05
2025-11-18,2025-12-09,27250,PE,0.0,0.0,0.0,1109.2,1267.4,0,75,0,25910.05
2025-11-18,2025-12-09,27550,PE,0.0,0.0,0.0,1496.1,1555.8,0,0,0,25910.05
2025-11-18,2025-12-09,27650,PE,0.0,0.0,0.0,1593.05,1653.5,0,0,0,25910.05
2025-11-18,2025-12-16,25150,PE,0.0,0.0,0.0,193.8,69.7,0,0,0,25910.05
2025-11-18,2025-12-16,26900,PE,0.0,0.0,0.0,1172.15,948.25,0,0,0,25910.05
2025-11-18,2025-12-16,27450,PE,0.0,0.0,0.0,1646.85,1440.9,0,0,0,25910.05
2025-11-18,2025-12-16,27650,PE,0.0,0.0,0.0,1830.4,1631.2,0,0,0,25910.05
2025-11-18,2025-12-30,24300,PE,31.0,34.35,26.65,29.4,29.4,2817,223500,103050,25910.05
2025-11-18,2025-12-30,24400,PE,33.95,37.15,30.0,33.35,33.35,968,135750,22125,25910.05
2025-11-18,2025-12-30,24700,PE,46.6,53.65,42.7,48.55,48.55,1670,352275,36150,25910.05
2025-11-18,2025-12-30,25500,PE,133.45,168.75,133.0,154.3,154.3,21127,2952750,-5700,25910.05
2025-11-18,2025-12-30,25550,PE,153.05,177.55,144.05,167.15,167.15,249,40575,75,25910.05
2025-11-18,2025-12-30,27150,PE,0.0,0.0,0.0,968.0,1156.85,0,300,0,25910.05
2025-11-18,2025-12-30,27550,PE,1406.1,1406.1,1402.5,1404.9,1404.9,3,150,75,25910.05
2025-11-18,2026-01-27,24000,PE,45.0,47.95,41.05,43.9,43.9,456,133250,5330,25910.05
2025-11-18,2026-01-27,24050,PE,44.5,44.5,43.0,43.0,30.45,2,1300,-65,25910.05
2025-11-18,2026-01-27,24500,PE,67.0,74.15,65.25,70.25,70.25,1261,366665,10140,25910.05
2025-11-18,2026-01-27,25650,PE,227.0,227.0,227.0,227.0,316.8,1,1560,-65,25910.05
2025-11-18,2026-01-27,26450,PE,0.0,0.0,0.0,507.55,687.6,0,130,0,25910.05
2025-11-18,2026-01-27,26600,PE,636.0,650.0,595.0,623.25,623.25,309,4485,1560,25910.05
2025-11-18,2026-01-27,27150,PE,0.0,0.0,0.0,919.85,1153.55,0,65,0,25910.05
2025-11-18,2026-09-29,25000,PE,0.0,0.0,0.0,345.75,364.9,0,8025,0,25910.05
2025-11-18,2027-06-29,25000,PE,0.0,0.0,0.0,5619.05,426.6,0,0,0,25910.05
2025-11-18,2027-12-28,21000,PE,0.0,0.0,0.0,340.0,45.75,0,1025,0,25910.05
2025-11-18,2027-12-28,24000,PE,0.0,0.0,0.0,490.0,273.55,0,4350,0,25910.05
2025-11-18,2028-06-27,22000,PE,0.0,0.0,0.0,470.05,102.15,0,325,0,25910.05
2025-11-18,2028-06-27,28000,PE,0.0,0.0,0.0,3161.35,1184.3,0,0,0,25910.05
2025-11-18,2028-12-26,27000,PE,0.0,0.0,0.0,1600.0,816.8,0,75,0,25910.05
2025-11-18,2029-06-26,21000,PE,0.0,0.0,0.0,320.25,68.05,0,0,0,25910.05
2025-11-18,2029-06-26,31000,PE,0.0,0.0,0.0,2338.75,2011.3,0,0,0,25910.05
2025-11-18,2029-12-24,23000,PE,0.0,0.0,0.0,550.0,178.65,0,2550,0,25910.05
2025-11-18,2029-12-24,26000,PE,0.0,0.0,0.0,1499.95,525.65,0,150,0,25910.05
2025-11-18,2025-11-25,27550,PE,0.0,0.0,0.0,1492.95,1609.6,0,750,0,25910.05
2025-11-18,2025-12-02,24550,PE,9.9,10.4,9.85,9.85,9.85,4,1800,-75,25910.05
2025-11-18,2025-12-02,25050,PE,22.9,26.85,17.85,22.05,22.05,663,16275,2925,25910.05
2025-11-18,2025-12-02,25600,PE,79.9,105.0,67.05,85.35,85.35,11050,232950,32325,25910.05
2025-11-18,2025-12-02,27400,PE,0.0,0.0,0.0,1287.5,1432.25,0,75,0,25910.05
2025-11-18,2025-12-09,23800,PE,8.5,9.5,5.55,7.75,7.75,76,8775,4425,25910.05
2025-11-18,2025-12-09,24050,PE,0.0,0.0,0.0,32.25,0.85,0,0,0,25910.05
2025-11-18,2025-12-09,24100,PE,0.0,0.0,0.0,35.8,1.1,0,0,0,25910.05
2025-11-18,2025-12-09,24200,PE,11.5,12.5,9.75,11.5,11.5,32,16050,675,25910.05
2025-11-18,2025-12-09,24700,PE,21.0,22.5,18.0,19.0,11.9,67,8475,3900,25910.05
2025-11-18,2025-12-09,25350,PE,67.1,75.2,62.0,70.0,70.0,75,9750,1125,25910.05
2025-11-18,2025-12-09,26200,PE,339.95,377.25,308.05,352.6,352.6,209,11475,-450,25910.05
2025-11-18,2025-12-09,26550,PE,0.0,0.0,0.0,511.4,657.45,0,0,0,25910.05
2025-11-18,2025-12-09,26900,PE,867.85,872.6,834.85,851.6,946.95,19,150,0,25910.05
2025-11-18,2025-12-09,27400,PE,0.0,0.0,0.0,1246.7,1410.5,0,0,0,25910.05
2025-11-18,2025-12-16,24100,PE,0.0,0.0,0.0,30.25,3.3,0,0,0,25910.05
2025-11-18,2025-12-16,24250,PE,0.0,0.0,0.0,41.3,5.55,0,0,0,25910.05
2025-11-18,2025-12-16,24400,PE,0.0,0.0,0.0,55.45,9.05,0,0,0,25910.05
2025-11-18,2025-12-16,24700,PE,0.0,0.0,0.0,95.5,22.3,0,0,0,25910.05
2025-11-18,2025-12-16,25450,PE,98.8,109.4,95.1,105.2,105.2,54,3750,3150,25910.05
2025-11-18,2025-12-16,25500,PE,102.0,133.0,100.0,118.25,118.25,432,17475,4575,25910.05
2025-11-18,2025-12-16,25550,PE,119.9,137.0,118.3,127.05,127.05,25,2325,975,25910.05
2025-11-18,2025-12-16,25600,PE,134.95,155.0,120.0,142.55,142.55,117,32175,-225,25910.05
2025-11-18,2025-12-16,25850,PE,215.0,230.0,202.0,218.7,218.7,36,675,-525,25910.05
2025-11-18,2025-12-16,26350,PE,0.0,0.0,0.0,762.4,536.25,0,0,0,25910.05
2025-11-18,2025-12-30,17000,PE,3.2,3.85,3.0,3.45,3.45,420,120950,23850,25910.05
2025-11-18,2025-12-30,22850,PE,12.15,12.15,9.6,9.6,0.2,6,2925,-450,25910.05
2025-11-18,2025-12-30,23200,PE,16.0,16.7,12.6,14.0,0.7,55,9450,-2175,25910.05
2025-11-18,2025-12-30,23350,PE,14.6,16.35,13.95,15.25,1.15,71,3450,75,25910.05
2025-11-18,2025-12-30,24600,PE,41.4,55.0,37.05,42.75,42.75,1585,279750,8325,25910.05
2025-11-18,2025-12-30,24850,PE,56.85,63.75,54.35,58.7,58.7,157,48225,2775,25910.05
2025-11-18,2025-12-30,25700,PE,192.25,222.0,177.95,204.9,204.9,4624,587100,4950,25910.05
2025-11-18,2025-12-30,25950,PE,220.0,313.3,220.0,290.4,290.4,1412,45900,6075,25910.05
2025-11-18,2025-12-30,27000,PE,899.95,963.5,858.0,927.2,927.2,2799,920250,14825,25910.05
2025-11-18,2025-12-30,27400,PE,1245.0,1255.0,1245.0,1255.0,1371.6,5,975,300,25910.05
2025-11-18,2025-12-30,28000,PE,1813.55,1870.0,1764.25,1843.3,1843.3,647,894125,14575,25910.05
2025-11-18,2026-01-27,24600,PE,68.0,78.1,68.0,74.95,74.95,256,141765,10400,25910.05
2025-11-18,2026-01-27,24950,PE,107.85,114.1,103.0,106.7,131.7,22,2015,715,25910.05
2025-11-18,2026-01-27,25450,PE,0.0,0.0,0.0,198.9,251.7,0,3315,0,25910.05
2025-11-18,2026-01-27,25800,PE,282.8,305.0,266.1,292.15,292.15,350,24310,4550,25910.05
2025-11-18,2026-01-27,26700,PE,667.2,692.6,659.8,659.8,839.85,15,1300,520,25910.05
2025-11-18,2026-06-30,23000,PE,100.0,108.9,100.0,107.15,107.15,301,231625,6750,25910.05
2025-11-18,2026-09-29,24000,PE,0.0,0.0,0.0,240.0,182.75,0,5775,0,25910.05
2025-11-18,2026-09-29,27000,PE,882.0,887.15,882.0,887.15,1058.2,4,300,300,25910.05
2025-11-18,2026-12-29,16000,PE,0.0,0.0,0.0,23.3,0.05,0,2425,0,25910.05
2025-11-18,2026-12-29,31000,PE,0.0,0.0,0.0,4949.65,3523.65,0,0,0,25910.05
2025-11-18,2027-06-29,20000,PE,0.0,0.0,0.0,3034.2,13.2,0,0,0,25910.05
2025-11-18,2027-12-28,17000,PE,0.0,0.0,0.0,50.05,1.05,0,14200,0,25910.05
2025-11-18,2027-12-28,20000,PE,0.0,0.0,0.0,251.9,21.25,0,3950,0,25910.05
2025-11-18,2027-12-28,30000,PE,0.0,0.0,0.0,4140.9,2199.1,0,0,0,25910.05
2025-11-18,2029-06-26,22000,PE,0.0,0.0,0.0,422.0,113.9,0,0,0,25910.05
2025-11-18,2028-06-27,20000,CE,0.0,0.0,0.0,5724.65,8723.75,0,0,0,25910.05
2025-11-18,2027-06-29,23000,CE,0.0,0.0,0.0,2530.05,5085.45,0,0,0,25910.05
2025-11-18,2026-12-29,19000,CE,0.0,0.0,0.0,7516.0,8088.65,0,125,0,25910.05
2025-11-18,2026-09-29,25000,CE,0.0,0.0,0.0,2510.0,2485.25,0,300,0,25910.05
2025-11-18,2026-06-30,12000,CE,0.0,0.0,0.0,8690.0,14326.1,0,50,0,25910.05
2025-11-18,2026-03-31,29000,CE,90.25,90.25,79.05,80.95,80.95,1038,462600,7650,25910.05
2025-11-18,2026-03-31,24000,CE,2650.0,2731.5,2646.3,2661.4,2661.4,113,141525,-300,25910.05
2025-11-18,2026-01-27,27600,CE,0.0,0.0,0.0,316.4,123.1,0,0,0,25910.05
2025-11-18,2026-01-27,26600,CE,371.0,384.55,343.95,347.15,347.15,203,52455,8905,25910.05
2025-11-18,2026-01-27,26450,CE,449.1,449.1,427.05,446.0,437.7,23,3120,1040,25910.05
2025-11-18,2026-01-27,25000,CE,1440.0,1475.2,1392.85,1415.8,1415.8,202,31070,2145,25910.05
2025-11-18,2025-12-30,29000,CE,4.75,5.25,4.35,4.9,4.9,2584,1024600,600,25910.05
2025-11-18,2025-12-30,27050,CE,80.0,83.0,67.65,70.8,70.8,169,18000,3825,25910.05
2025-11-18,2025-12-30,26550,CE,205.05,222.0,189.65,193.2,193.2,233,32625,2550,25910.05
2025-11-18,2025-12-30,26400,CE,275.5,286.7,241.8,250.95,250.95,3713,299325,51825,25910.05
2025-11-18,2025-11-25,25500,CE,570.6,570.6,460.1,483.75,483.75,20366,1536225,-58050,25910.05
2025-11-18,2025-11-18,24100,CE,1875.0,1880.0,1875.0,1880.0,25910.05,11,825,-825,25910.05
2025-11-18,2025-11-25,24750,CE,1218.0,1255.0,1190.8,1195.15,1195.15,61,3150,675,25910.05
2025-11-18,2025-11-25,24400,CE,1586.0,1617.8,1530.0,1605.0,1536.95,28,9375,1200,25910.05
2025-11-18,2025-11-25,22800,CE,0.0,0.0,0.0,3255.15,3135.2,0,20550,0,25910.05
2025-11-18,2025-11-18,27600,CE,0.4,0.55,0.05,0.1,25910.05,21401,183150,-99225,25910.05
2025-11-18,2025-11-18,26550,CE,0.7,1.35,0.05,0.1,25910.05,860976,2785275,418125,25910.05
2025-11-18,2025-11-18,26500,CE,0.85,1.4,0.05,0.1,25910.05,1998542,8036475,-4268025,25910.05
2025-11-18,2025-11-18,25900,CE,139.8,139.8,9.15,17.55,25910.05,16518009,10496100,7138275,25910.05
2025-11-18,2025-11-18,25850,CE,175.0,175.0,58.8,66.8,25910.05,3267889,1519425,165525,25910.05
2025-11-18,2025-11-18,24800,CE,1140.0,1203.3,1100.0,1122.65,25910.05,73,8700,-1350,25910.05
2025-11-18,2025-11-18,24650,CE,0.0,0.0,0.0,1345.0,25910.05,0,375,0,25910.05
2025-11-18,2025-11-18,23950,CE,2062.05,2062.05,2062.05,2062.05,25910.05,2,300,-75,25910.05
2025-11-18,2025-12-30,26100,CE,456.0,456.0,382.0,395.35,395.35,4280,326025,52125,25910.05
2025-11-18,2025-12-30,24400,CE,0.0,0.0,0.0,1855.0,1694.2,0,1200,0,25910.05
2025-11-18,2025-12-30,22900,CE,0.0,0.0,0.0,3200.35,3161.3,0,150,0,25910.05
2025-11-18,2025-12-16,27650,CE,0.0,0.0,0.0,36.6,12.95,0,0,0,25910.05
2025-11-18,2025-12-16,26950,CE,0.0,0.0,0.0,115.15,69.1,0,0,0,25910.05
2025-11-18,2025-12-16,26850,CE,0.0,0.0,0.0,133.35,84.95,0,0,0,25910.05
2025-11-18,2025-12-16,26200,CE,279.9,289.0,244.0,253.35,253.35,86,5925,1950,25910.05
2025-11-18,2025-12-16,25300,CE,0.0,0.0,0.0,781.65,818.3,0,0,0,25910.05
2025-11-18,2025-12-16,24150,CE,0.0,0.0,0.0,1719.4,1870.25,0,0,0,25910.05
2025-11-18,2025-12-09,27550,CE,0.0,0.0,0.0,34.85,6.8,0,0,0,25910.05
2025-11-18,2025-12-09,26800,CE,47.95,52.15,37.5,39.5,39.5,706,63000,13275,25910.05
2025-11-18,2025-12-09,26650,CE,69.5,80.65,59.35,62.95,62.95,382,13875,9825,25910.05
2025-11-18,2025-12-09,26200,CE,230.0,236.85,193.8,199.0,199.0,857,67350,11100,25910.05
2025-11-18,2025-11-25,25300,PE,10.2,25.0,10.2,16.75,16.75,150514,3420225,1581375,25910.05
2025-11-18,2025-12-09,25400,CE,755.35,769.75,690.1,698.3,698.3,9,2250,375,25910.05
2025-11-18,2025-12-09,25150,CE,0.0,0.0,0.0,1036.4,890.95,0,225,0,25910.05
2025-11-18,2025-12-02,27600,CE,3.95,4.0,2.35,2.9,2.9,145,32850,0,25910.05
2025-11-18,2025-12-02,27250,CE,5.5,7.2,5.15,5.75,5.75,72,18525,-225,25910.05
2025-11-18,2025-12-02,27000,CE,16.05,16.05,9.7,10.15,10.15,9926,454500,59775,25910.05
2025-11-18,2025-12-02,26800,CE,27.55,27.6,17.25,18.65,18.65,8299,228675,111225,25910.05
2025-11-18,2025-12-02,26500,CE,81.0,81.0,52.0,54.75,54.75,24048,593925,159900,25910.05
2025-11-18,2025-12-02,26450,CE,75.05,83.0,60.8,64.9,64.9,1642,37350,13050,25910.05
2025-11-18,2025-12-02,25950,CE,329.6,329.6,241.15,255.5,255.5,7525,107925,66675,25910.05
2025-11-18,2025-12-02,25750,CE,400.0,427.0,370.0,380.75,380.75,281,15825,4875,25910.05
2025-11-18,2025-12-02,25600,CE,521.85,554.9,475.0,491.05,491.05,1070,62400,34875,25910.05
2025-11-18,2025-12-02,25350,CE,0.0,0.0,0.0,790.0,665.9,0,2400,0,25910.05
2025-11-18,2025-12-02,24750,CE,0.0,0.0,0.0,1372.35,1219.5,0,0,0,25910.05
2025-11-18,2025-11-25,27450,CE,1.5,1.55,1.05,1.3,1.3,1798,92775,23700,25910.05
2025-11-18,2025-11-25,26800,CE,5.7,7.0,4.0,4.25,4.25,122929,3836025,978600,25910.05
2025-11-18,2028-12-26,20000,CE,0.0,0.0,0.0,8115.5,9216.0,0,0,0,25910.05
2025-11-18,2028-12-26,27000,CE,0.0,0.0,0.0,4437.95,4143.95,0,0,0,25910.05
2025-11-18,2029-06-26,25000,CE,0.0,0.0,0.0,7557.7,5989.55,0,0,0,25910.05
2025-11-18,2029-12-24,28000,CE,0.0,0.0,0.0,5741.5,4718.1,0,0,0,25910.05
2025-11-18,2025-11-18,23450,PE,0.5,0.5,0.05,0.05,25910.05,22777,261225,-85350,25910.05
2025-11-18,2025-11-18,23650,PE,0.6,0.6,0.05,0.1,25910.05,2693,24825,525,25910.05
2025-11-18,2025-11-18,24000,PE,0.45,0.65,0.05,0.05,25910.05,211520,1376475,-1647150,25910.05
2025-11-18,2025-11-18,24650,PE,0.9,1.0,0.05,0.1,25910.05,52459,248775,-75150,25910.05
2025-11-18,2025-11-18,25000,PE,1.45,1.45,0.05,0.1,25910.05,1011859,6785850,-4223775,25910.05
2025-11-18,2025-11-18,25850,PE,11.0,42.0,0.05,0.25,25910.05,14092624,5939775,-1281375,25910.05
2025-11-18,2025-11-18,26700,PE,746.65,811.1,698.15,777.65,25910.05,188,12450,-1200,25910.05
2025-11-18,2025-11-18,27650,PE,0.0,0.0,0.0,1734.8,25910.05,0,150,0,25910.05
2025-11-18,2025-11-25,22800,PE,1.8,1.8,1.3,1.35,1.35,2165,147525,16275,25910.05
2025-11-18,2025-11-25,23350,PE,3.45,3.45,1.55,1.75,1.75,135,5100,375,25910.05
2025-11-18,2025-11-25,23900,PE,2.85,3.4,1.95,2.3,2.3,8548,307425,31875,25910.05
2025-11-18,2025-11-25,24350,PE,10.5,10.5,2.85,3.4,3.4,3554,97125,50700,25910.05
2025-11-18,2025-11-25,24650,PE,6.3,6.35,4.05,4.75,4.75,12415,131325,-23100,25910.05
2025-11-18,2025-11-25,25850,PE,94.0,147.8,84.0,116.1,116.1,152568,1006050,292125,25910.05
2025-11-18,2025-11-18,23550,CE,0.0,0.0,0.0,2264.0,25910.05,0,150,0,25910.05
2025-11-18,2025-11-18,23750,CE,2198.0,2198.0,2198.0,2198.0,25910.05,3,75,-150,25910.05
2025-11-18,2025-11-18,25350,CE,589.95,646.4,535.3,564.3,25910.05,613,23775,-9750,25910.05
2025-11-18,2025-11-18,25600,CE,370.05,409.0,281.0,317.4,25910.05,48988,501900,-343500,25910.05
2025-11-18,2025-11-18,27000,CE,0.7,0.85,0.05,0.1,25910.05,822305,5980800,-3453975,25910.05
2025-11-18,2025-11-18,27550,CE,0.45,0.6,0.05,0.1,25910.05,12362,136950,-11400,25910.05
2025-11-18,2025-11-25,23250,CE,0.0,0.0,0.0,2797.75,2685.65,0,300,0,25910.05
2025-11-18,2025-11-25,23800,CE,2223.5,2225.2,2165.0,2165.0,2165.0,3,2850,-225,25910.05
2025-11-18,2025-11-25,24600,CE,1360.0,1441.0,1341.0,1347.4,1347.4,361,33150,-15975,25910.05
2025-11-18,2025-11-25,25250,CE,750.0,796.9,697.7,718.5,718.5,136,13425,1800,25910.05
2025-11-18,2025-11-25,25450,CE,553.0,596.2,502.25,537.05,537.05,429,62325,4950,25910.05
2025-11-18,2025-11-25,26300,CE,68.0,68.4,36.55,40.55,40.55,291797,4608975,2041500,25910.05
2025-11-18,2025-12-02,24250,CE,0.0,0.0,0.0,1858.35,1713.85,0,75,0,25910.05
2025-11-18,2025-12-02,25150,CE,919.8,919.8,898.8,898.8,840.8,3,600,0,25910.05
2025-11-18,2025-12-02,25400,CE,704.15,720.0,635.0,652.6,652.6,207,15675,6975,25910.05
2025-11-18,2025-12-02,26750,CE,30.3,32.0,21.3,23.1,23.1,1367,74625,35400,25910.05
2025-11-18,2025-12-02,27550,CE,3.0,3.8,2.65,3.25,3.25,9,20025,150,25910.05
2025-11-18,2025-12-09,24100,CE,0.0,0.0,0.0,2052.65,1890.75,0,0,0,25910.05
2025-11-18,2025-12-09,24150,CE,0.0,0.0,0.0,2003.25,1841.2,0,75,0,25910.05
2025-11-18,2025-12-09,24200,CE,0.0,0.0,0.0,1949.15,1791.7,0,0,0,25910.05
2025-11-18,2025-12-09,24350,CE,0.0,0.0,0.0,1800.15,1643.65,0,0,0,25910.05
2025-11-18,2025-12-09,25000,CE,1140.0,1140.05,1140.0,1140.05,1023.8,2,1950,75,25910.05
2025-11-18,2025-12-09,25600,CE,590.0,620.95,549.15,557.8,557.8,152,4800,-75,25910.05
2025-11-18,2025-12-09,25850,CE,400.75,435.0,375.45,384.35,384.35,141,5175,1650,25910.05
2025-11-18,2025-12-09,27050,CE,24.05,24.3,17.05,17.5,17.5,353,24600,13650,25910.05
2025-11-18,2025-12-16,24100,CE,0.0,0.0,0.0,1765.75,1919.4,0,0,0,25910.05
2025-11-18,2025-12-16,24850,CE,0.0,0.0,0.0,1112.5,1202.9,0,0,0,25910.05
2025-11-18,2025-12-16,25400,CE,0.0,0.0,0.0,716.35,740.95,0,0,0,25910.05
2025-11-18,2025-12-16,25550,CE,0.0,0.0,0.0,624.45,631.8,0,0,0,25910.05
2025-11-18,2025-12-16,26400,CE,191.1,196.15,167.0,170.95,170.95,49,5325,975,25910.05
2025-11-18,2025-12-30,23800,CE,2370.0,2370.0,2331.1,2331.1,2271.75,5,375,375,25910.05
2025-11-18,2025-12-30,24100,CE,2100.0,2100.0,2100.0,2100.0,1979.95,1,150,75,25910.05
2025-11-18,2025-12-30,25450,CE,0.0,0.0,0.0,908.75,807.9,0,2925,0,25910.05
2025-11-18,2025-12-30,26300,CE,315.05,332.0,281.85,296.7,296.7,3116,325200,39600,25910.05
2025-11-18,2025-12-30,26450,CE,242.15,261.0,226.4,231.25,231.25,268,26325,3600,25910.05
2025-11-18,2025-12-30,27700,CE,19.0,20.55,16.5,17.35,17.35,2760,170775,40575,25910.05
2025-11-18,2025-12-30,27750,CE,0.0,0.0,0.0,76.8,32.25,0,0,0,25910.05
2025-11-18,2026-01-27,23800,CE,0.0,0.0,0.0,2192.35,2389.85,0,65,0,25910.05
2025-11-18,2026-01-27,24850,CE,0.0,0.0,0.0,1617.45,1446.75,0,130,0,25910.05
2025-11-18,2026-01-27,24950,CE,0.0,0.0,0.0,1518.75,1365.35,0,260,0,25910.05
2025-11-18,2026-01-27,25150,CE,0.0,0.0,0.0,1314.7,1208.75,0,130,0,25910.05
2025-11-18,2026-01-27,25250,CE,0.0,0.0,0.0,1232.85,1133.75,0,130,0,25910.05
2025-11-18,2026-01-27,25350,CE,0.0,0.0,0.0,1163.7,1061.05,0,325,0,25910.05
2025-11-18,2026-01-27,26700,CE,313.3,336.35,302.9,310.35,310.35,88,53365,1105,25910.05
2025-11-18,2026-01-27,26750,CE,0.0,0.0,0.0,315.8,325.7,0,2275,0,25910.05
2025-11-18,2026-01-27,27000,CE,234.3,234.3,201.0,206.95,206.95,2848,494130,25740,25910.05
2025-11-18,2026-01-27,27450,CE,0.0,0.0,0.0,354.2,148.35,0,0,0,25910.05
2025-11-18,2026-06-30,26000,CE,1603.95,1603.95,1518.75,1537.65,1537.65,141,139100,1575,25910.05
2025-11-18,2026-06-30,29000,CE,265.0,265.7,243.2,252.1,252.1,158,15075,2550,25910.05
2025-11-18,2027-06-29,22000,CE,0.0,0.0,0.0,2783.5,5927.5,0,0,0,25910.05
2025-11-18,2027-06-29,30000,CE,0.0,0.0,0.0,1478.4,1020.65,0,0,0,25910.05
2025-11-18,2028-06-27,24000,CE,0.0,0.0,0.0,3918.85,5532.85,0,0,0,25910.05
2025-11-18,2029-06-26,26000,CE,0.0,0.0,0.0,7052.2,5337.55,0,0,0,25910.05
2025-11-18,2029-12-24,25000,CE,0.0,0.0,0.0,7196.25,6541.85,0,0,0,25910.05
2025-11-18,2029-12-24,26000,CE,0.0,0.0,0.0,6686.95,5897.9,0,0,0,25910.05
2025-11-18,2025-11-18,23850,PE,0.6,0.6,0.05,0.1,25910.05,6810,80550,-22125,25910.05
2025-11-18,2025-11-18,25800,PE,9.0,24.85,0.05,0.2,25910.05,9519813,8277225,-2829225,25910.05
2025-11-18,2025-11-18,26200,PE,212.95,323.7,193.3,281.05,25910.05,254497,162300,-329775,25910.05
2025-11-18,2025-11-18,27250,PE,0.0,0.0,0.0,1502.05,25910.05,0,0,0,25910.05
2025-11-18,2025-11-18,27700,PE,0.0,0.0,0.0,1945.9,25910.05,0,150,0,25910.05
2025-11-18,2025-11-25,24150,PE,3.9,3.9,2.3,2.9,2.9,1835,60900,39000,25910.05
2025-11-18,2025-11-25,25100,PE,10.45,13.4,7.85,9.4,9.4,81397,2153925,528375,25910.05
2025-11-18,2025-11-25,27100,PE,1173.0,1173.0,1074.2,1136.35,1136.35,25,10875,450,25910.05
2025-11-18,2025-11-25,27700,PE,1697.0,1770.05,1697.0,1763.75,1763.75,8,30975,-525,25910.05
2025-11-18,2025-12-02,23800,PE,7.15,7.15,3.5,4.3,4.3,414,47100,600,25910.05
2025-11-18,2025-12-02,23850,PE,5.0,5.0,3.85,3.9,3.9,47,1650,750,25910.05
2025-11-18,2025-12-02,24600,PE,11.3,12.25,8.85,9.7,9.7,1127,61425,20625,25910.05
2025-11-18,2025-12-02,24950,PE,18.5,22.65,14.75,17.85,17.85,345,21975,9675,25910.05
2025-11-18,2025-12-02,25700,PE,100.0,132.25,86.55,110.05,110.05,11361,210675,24075,25910.05
2025-11-18,2025-12-02,25900,PE,148.0,206.55,143.7,177.5,177.5,22442,356475,118050,25910.05
2025-11-18,2025-12-02,26200,PE,309.95,365.1,276.45,329.25,329.25,4119,102450,61875,25910.05
2025-11-18,2025-12-02,26600,PE,592.7,639.8,563.7,631.5,631.5,30,1275,-150,25910.05
2025-11-18,2025-12-02,27150,PE,0.0,0.0,0.0,1038.95,1187.7,0,75,0,25910.05
2025-11-18,2025-12-02,27800,PE,0.0,0.0,0.0,1679.45,1829.1,0,0,0,25910.05
2025-11-18,2025-12-09,24250,PE,12.15,15.1,11.3,12.65,12.65,35,1875,-450,25910.05
2025-11-18,2025-12-09,24400,PE,13.15,15.2,13.1,14.1,14.1,90,7275,5325,25910.05
2025-11-18,2025-12-09,25450,PE,81.95,87.0,73.2,82.55,82.55,75,8775,2550,25910.05
2025-11-18,2025-12-09,26150,PE,300.0,348.7,287.8,326.1,326.1,141,3300,750,25910.05
2025-11-18,2025-12-09,26650,PE,0.0,0.0,0.0,579.9,736.05,0,150,0,25910.05
2025-11-18,2025-12-09,26700,PE,0.0,0.0,0.0,623.15,776.65,0,75,0,25910.05
2025-11-18,2025-12-09,27450,PE,0.0,0.0,0.0,1298.0,1458.75,0,0,0,25910.05
2025-11-18,2025-12-09,27600,PE,0.0,0.0,0.0,1544.3,1604.55,0,0,0,25910.05
2025-11-18,2025-12-16,24050,PE,0.0,0.0,0.0,27.15,2.75,0,0,0,25910.05
2025-11-18,2025-12-16,24900,PE,0.0,0.0,0.0,132.85,38.1,0,0,0,25910.05
2025-11-18,2025-12-16,25100,PE,0.0,0.0,0.0,181.2,62.1,0,0,0,25910.05
2025-11-18,2025-12-16,26400,PE,494.9,496.0,452.1,496.0,496.0,15,1650,-450,25910.05
2025-11-18,2025-12-16,26650,PE,0.0,0.0,0.0,977.3,748.05,0,0,0,25910.05
2025-11-18,2025-12-30,23650,PE,24.5,24.5,16.3,16.3,3.05,6,3450,-75,25910.05
2025-11-18,2025-12-30,24750,PE,50.1,55.95,47.0,51.85,51.85,196,30075,3825,25910.05
2025-11-18,2025-12-30,25150,PE,88.95,97.35,78.85,92.75,92.75,131,23250,300,25910.05
2025-11-18,2025-12-30,25350,PE,116.95,135.0,106.7,124.7,124.7,167,33375,2850,25910.05
2025-11-18,2025-12-30,26150,PE,365.85,400.05,338.1,377.55,377.55,276,22275,3300,25910.05
2025-11-18,2026-01-27,23900,PE,40.0,40.35,40.0,40.35,22.9,5,2405,-260,25910.05
