date,expiry,strike,opt_type,open,high,low,close,settle,volume,oi,oi_change,underlying
2024-09-03,2024-09-12,23900,CE,1420.0,1430.0,1412.0,1416.0,1424.65,18,1675,450,25279.85
2024-09-03,2024-09-26,23900,CE,1510.0,1510.0,1480.0,1480.0,1480.0,2,9675,0,25279.85
2024-09-03,2024-10-31,23900,PE,113.4,113.4,107.0,109.95,109.95,465,72825,7825,25279.85
2024-09-03,2024-11-28,23900,CE,0.0,0.0,0.0,1911.75,1978.2,0,0,0,25279.85
2024-09-03,2024-10-03,23900,PE,57.8,59.95,50.0,55.05,52.0,71,850,475,25279.85
2024-09-03,2024-10-31,23900,CE,0.0,0.0,0.0,1394.7,1782.25,0,0,0,25279.85
2024-09-03,2024-09-12,23900,PE,6.5,6.5,4.35,4.7,4.7,12872,139250,71925,25279.85
2024-09-03,2024-11-28,23900,PE,0.0,0.0,0.0,229.9,191.3,0,0,0,25279.85
2024-09-03,2024-09-19,23900,PE,13.1,16.0,11.85,13.7,13.7,191,16925,4350,25279.85
2024-09-03,2024-09-19,26400,PE,0.0,0.0,0.0,2105.6,1091.85,0,0,0,25279.85
2024-09-03,2024-09-05,26400,CE,1.8,1.8,0.5,0.65,0.65,88937,1209075,611100,25279.85
2024-09-03,2024-10-03,26400,CE,0.0,0.0,0.0,136.1,148.75,0,0,0,25279.85
2024-09-03,2024-09-26,26400,CE,18.5,19.75,16.15,17.15,17.15,9132,294475,9925,25279.85
2024-09-03,2024-11-28,26400,PE,0.0,0.0,0.0,1289.35,1197.3,0,0,0,25279.85
2024-09-03,2024-10-03,26400,PE,0.0,0.0,0.0,1504.65,1114.85,0,0,0,25279.85
2024-09-03,2024-10-03,24450,CE,0.0,0.0,0.0,886.45,1106.85,0,0,0,25279.85
2024-09-03,2024-09-19,24450,PE,0.0,0.0,0.0,99.05,64.4,0,25,0,25279.85
2024-09-03,2024-11-28,24450,PE,0.0,0.0,0.0,368.6,317.85,0,0,0,25279.85
2024-09-03,2024-09-26,24450,PE,84.05,89.0,72.9,77.55,77.55,906,42175,-1025,25279.85
2024-09-03,2024-10-31,24450,CE,1235.95,1235.95,1182.25,1182.25,1351.8,2,75,25,25279.85
2024-09-03,2029-06-28,29000,CE,0.0,0.0,0.0,5677.9,6270.1,0,0,0,25279.85
2024-09-03,2025-03-27,29000,PE,0.0,0.0,0.0,4769.6,2966.6,0,0,0,25279.85
2024-09-03,2027-12-30,29000,PE,0.0,0.0,0.0,4227.5,1785.25,0,0,0,25279.85
2024-09-03,2025-12-24,29000,CE,850.0,872.0,850.0,872.0,1446.7,17,2675,400,25279.85
2024-09-03,2028-12-28,29000,PE,0.0,0.0,0.0,2010.85,1516.75,0,0,0,25279.85
2024-09-03,2029-06-28,26000,PE,0.0,0.0,0.0,1391.75,788.4,0,25,0,25279.85
2024-09-03,2024-10-03,26000,PE,895.0,895.0,895.0,895.0,819.2,3,125,50,25279.85
2024-09-03,2026-06-25,26000,CE,0.0,0.0,0.0,1343.15,3596.45,0,0,0,25279.85
2024-09-03,2026-06-25,26000,PE,0.0,0.0,0.0,6709.2,1105.6,0,0,0,25279.85
2024-09-03,2024-10-31,26000,PE,792.0,796.95,750.3,775.0,775.0,2142,111400,-6500,25279.85
2024-09-03,2024-09-12,26000,PE,722.65,725.05,672.75,703.8,703.8,1109,27050,5875,25279.85
2024-09-03,2024-09-12,26000,CE,7.15,7.15,4.55,5.15,5.15,137496,5020675,133475,25279.85
2024-09-03,2027-06-24,26000,CE,0.0,0.0,0.0,1900.85,5099.5,0,0,0,25279.85
2024-09-03,2025-03-27,26000,PE,967.85,987.1,943.95,957.3,957.3,308,69200,5025,25279.85
2024-09-03,2024-10-03,26000,CE,104.75,116.3,100.35,109.0,109.0,1781,37675,725,25279.85
2024-09-03,2026-12-31,26000,PE,0.0,0.0,0.0,6437.4,1060.55,0,0,0,25279.85
2024-09-03,2028-12-28,26000,CE,0.0,0.0,0.0,4879.7,7146.5,0,0,0,25279.85
2024-09-03,2024-09-19,23300,CE,0.0,0.0,0.0,1150.65,2054.45,0,0,0,25279.85
2024-09-03,2026-12-31,30000,PE,0.0,0.0,0.0,5003.2,2555.3,0,0,0,25279.85
2024-09-03,2028-06-29,30000,PE,0.0,0.0,0.0,3779.25,1955.75,0,0,0,25279.85
2024-09-03,2029-06-28,30000,PE,0.0,0.0,0.0,2031.05,1651.3,0,0,0,25279.85
2024-09-03,2024-10-03,23300,CE,0.0,0.0,0.0,1775.55,2130.45,0,0,0,25279.85
2024-09-03,2027-06-24,30000,CE,0.0,0.0,0.0,1478.4,3168.5,0,0,0,25279.85
2024-09-03,2028-12-28,30000,CE,0.0,0.0,0.0,3293.05,5180.95,0,0,0,25279.85
2024-09-03,2027-06-24,30000,PE,0.0,0.0,0.0,4562.55,2339.8,0,0,0,25279.85
2024-09-03,2027-12-30,30000,PE,0.0,0.0,0.0,4140.9,2133.45,0,0,0,25279.85
2024-09-03,2024-10-31,23300,CE,0.0,0.0,0.0,1816.85,2304.75,0,0,0,25279.85
2024-09-03,2026-06-25,30000,CE,0.0,0.0,0.0,788.0,1807.35,0,0,0,25279.85
2024-09-03,2024-09-12,23300,CE,0.0,0.0,0.0,1130.15,2020.85,0,0,0,25279.85
2024-09-03,2025-03-27,30000,CE,96.2,103.95,81.0,100.15,100.15,182,7475,1775,25279.85
2024-09-03,2024-10-31,23300,PE,59.95,64.05,59.5,63.1,63.1,1287,74750,7250,25279.85
2024-09-03,2024-09-26,23300,PE,22.5,27.9,20.0,20.7,20.7,4062,214325,-33275,25279.85
2024-09-03,2024-12-26,30000,PE,0.0,0.0,0.0,7590.3,4102.25,0,0,0,25279.85
2024-09-03,2028-12-28,30000,PE,0.0,0.0,0.0,2352.75,1795.45,0,0,0,25279.85
2024-09-03,2024-11-28,24150,PE,0.0,0.0,0.0,287.2,242.7,0,0,0,25279.85
2024-09-03,2024-10-31,24150,CE,0.0,0.0,0.0,1002.35,1579.6,0,100,0,25279.85
2024-09-03,2024-09-19,24150,PE,21.4,21.8,20.4,21.5,21.5,478,6650,6650,25279.85
2024-09-03,2024-09-12,26300,PE,0.0,0.0,0.0,2037.45,995.6,0,0,0,25279.85
2024-09-03,2024-10-31,26300,PE,982.65,982.7,965.9,980.8,1091.55,17,925,125,25279.85
2024-09-03,2024-09-05,26300,CE,1.15,2.1,0.5,0.65,0.65,105917,802225,37375,25279.85
2024-09-03,2024-09-26,26300,PE,971.85,971.85,942.0,952.0,1020.65,6,1025,75,25279.85
2024-09-03,2024-11-28,26300,PE,0.0,0.0,0.0,1225.6,1134.95,0,0,0,25279.85
2024-09-03,2024-10-03,23400,CE,0.0,0.0,0.0,1688.2,2034.8,0,0,0,25279.85
2024-09-03,2024-09-19,23400,CE,0.0,0.0,0.0,1073.95,1955.65,0,0,0,25279.85
2024-09-03,2024-09-12,23400,PE,3.95,4.25,2.4,3.3,3.3,785,23950,75,25279.85
2024-09-03,2024-09-26,23400,CE,1980.0,1980.0,1928.8,1928.8,1928.8,5,4900,-100,25279.85
2024-09-03,2024-09-19,23400,PE,4.35,9.0,4.35,8.9,8.9,55,2325,525,25279.85
2024-09-03,2024-09-26,23400,PE,24.4,24.85,21.95,22.95,22.95,9715,478650,-4825,25279.85
2024-09-03,2026-06-25,13000,PE,0.0,0.0,0.0,21.6,0.15,0,200,0,25279.85
2024-09-03,2024-11-28,23650,PE,0.0,0.0,0.0,181.6,148.6,0,0,0,25279.85
2024-09-03,2024-09-05,23650,PE,1.4,4.5,0.5,0.8,0.8,12035,57350,-25975,25279.85
2024-09-03,2024-09-26,23650,PE,30.0,31.0,25.35,26.95,26.95,170,28225,-175,25279.85
2024-09-03,2024-09-12,23650,PE,4.25,5.45,3.25,3.7,3.7,233,3825,-1325,25279.85
2024-09-03,2024-10-03,23650,PE,0.0,0.0,0.0,118.0,31.65,0,25,0,25279.85
2024-09-03,2026-12-31,13000,PE,0.0,0.0,0.0,21.4,0.5,0,150,0,25279.85
2024-09-03,2025-12-24,13000,PE,0.0,0.0,0.0,20.1,0.05,0,225,0,25279.85
2024-09-03,2024-09-26,23650,CE,1754.15,1760.3,1721.75,1721.75,1721.75,3,5300,75,25279.85
2024-09-03,2024-11-28,23650,CE,2100.35,2100.35,2100.35,2100.35,2181.2,1,25,25,25279.85
2024-09-03,2024-09-12,23650,CE,0.0,0.0,0.0,1662.0,1672.2,0,150,0,25279.85
2024-09-03,2024-09-26,25000,PE,210.0,210.0,168.35,179.25,179.25,71915,6676950,-4500,25279.85
2024-09-03,2024-09-05,25800,CE,2.05,2.95,1.15,1.3,1.3,916075,5148800,-346725,25279.85
2024-09-03,2024-12-26,25000,CE,1158.0,1184.95,1137.4,1158.4,1158.4,3198,1257725,14950,25279.85
2024-09-03,2028-12-28,25000,PE,0.0,0.0,0.0,1311.0,669.9,0,100,0,25279.85
2024-09-03,2024-10-03,25000,PE,235.4,235.4,213.35,222.25,222.25,311,17375,1200,25279.85
2024-09-03,2028-06-29,25000,CE,0.0,0.0,0.0,3545.15,7066.9,0,0,0,25279.85
2024-09-03,2025-03-27,25000,PE,611.45,640.95,611.05,627.75,627.75,1713,233250,21375,25279.85
2024-09-03,2024-09-05,25800,PE,549.1,549.1,477.0,519.3,519.3,3685,20525,2700,25279.85
2024-09-03,2024-10-31,25800,CE,345.55,364.9,339.95,351.7,351.7,982,37125,10900,25279.85
2024-09-03,2024-10-03,25000,CE,605.75,624.6,593.95,606.9,606.9,64,11250,-950,25279.85
2024-09-03,2024-09-19,25800,PE,0.0,0.0,0.0,1560.55,614.35,0,0,0,25279.85
2024-09-03,2027-06-24,25000,PE,0.0,0.0,0.0,5619.05,779.35,0,0,0,25279.85
2024-09-03,2024-10-03,25800,PE,0.0,0.0,0.0,1041.9,688.05,0,0,0,25279.85
2024-09-03,2024-10-03,25800,CE,166.8,178.35,159.7,168.45,168.45,435,8350,7100,25279.85
2024-09-03,2024-09-05,25000,CE,292.6,339.4,271.35,296.75,296.75,207388,1141450,-115250,25279.85
2024-09-03,2025-12-24,25000,CE,2983.45,3040.0,2983.45,3001.0,3001.0,34,24575,275,25279.85
2024-09-03,2025-03-27,25000,CE,1677.7,1720.25,1655.0,1691.9,1691.9,829,105050,16000,25279.85
2024-09-03,2024-09-12,26400,PE,0.0,0.0,0.0,2131.1,1089.3,0,0,0,25279.85
2024-09-03,2024-10-31,26400,PE,0.0,0.0,0.0,1125.0,1159.4,0,125,0,25279.85
2024-09-03,2024-09-12,26400,CE,3.05,3.05,1.85,2.25,2.25,7100,121575,50075,25279.85
2024-09-03,2024-09-26,26400,PE,1070.0,1070.0,1044.0,1044.0,1102.2,6,1175,100,25279.85
2024-09-03,2024-11-28,26400,CE,0.0,0.0,0.0,516.1,526.75,0,0,0,25279.85
2024-09-03,2024-10-31,26400,CE,141.3,151.0,136.85,144.95,144.95,205,16100,2150,25279.85
2024-09-03,2024-09-19,26400,CE,8.0,9.15,5.9,6.7,6.7,642,15850,6650,25279.85
2024-09-03,2024-09-05,26400,PE,0.0,0.0,0.0,1126.5,1109.9,0,800,0,25279.85
2024-09-03,2024-09-05,25400,CE,48.0,57.0,30.65,35.8,35.8,2329401,4541075,321675,25279.85
2024-09-03,2024-10-03,24300,PE,99.15,99.15,88.5,90.0,105.65,8,250,25,25279.85
2024-09-03,2027-12-30,29000,CE,0.0,0.0,0.0,1932.55,4304.55,0,0,0,25279.85
2024-09-03,2026-12-31,29000,PE,0.0,0.0,0.0,5042.25,2111.4,0,0,0,25279.85
2024-09-03,2025-06-26,29000,CE,0.0,0.0,0.0,324.45,741.35,0,0,0,25279.85
2024-09-03,2026-06-25,29000,PE,0.0,0.0,0.0,5546.1,2310.55,0,0,0,25279.85
2024-09-03,2024-09-26,29000,CE,2.85,2.85,2.15,2.35,2.35,3629,664300,3175,25279.85
2024-09-03,2024-09-05,24450,CE,817.0,875.3,813.9,834.85,834.85,145,10850,-525,25279.85
2024-09-03,2024-09-26,24450,CE,965.0,1009.5,965.0,1009.5,1040.25,5,6375,-100,25279.85
2024-09-03,2024-11-28,24450,CE,1650.5,1650.5,1650.5,1650.5,1564.05,1,25,25,25279.85
2024-09-03,2024-09-12,24450,CE,874.95,876.85,850.0,876.85,898.9,10,675,0,25279.85
2024-09-03,2024-10-31,24450,PE,202.85,202.85,192.85,196.2,196.2,26,3925,300,25279.85
2024-09-03,2024-09-12,24450,PE,22.0,22.0,13.55,15.0,15.0,12744,160975,62475,25279.85
2024-09-03,2024-10-03,24450,PE,135.65,135.65,107.1,112.3,134.3,17,275,225,25279.85
2024-09-03,2024-09-05,24450,PE,3.1,3.25,1.55,1.8,1.8,121938,518950,-175225,25279.85
2024-09-03,2025-03-27,23000,CE,3140.0,3199.0,3140.0,3170.7,3170.7,11,6950,50,25279.85
2024-09-03,2024-11-28,23550,CE,0.0,0.0,0.0,2190.1,2264.65,0,0,0,25279.85
2024-09-03,2024-09-05,24550,PE,4.4,4.4,1.8,2.15,2.15,166762,1051225,37200,25279.85
2024-09-03,2026-12-31,23000,PE,599.3,599.3,599.3,599.3,422.15,1,12725,0,25279.85
2024-09-03,2024-09-19,23000,PE,7.0,8.55,5.65,7.3,7.3,9267,201350,162000,25279.85
2024-09-03,2024-10-31,24550,PE,212.25,223.1,210.05,219.05,219.05,254,11325,3425,25279.85
2024-09-03,2028-12-28,23000,CE,0.0,0.0,0.0,6377.6,8893.7,0,0,0,25279.85
2024-09-03,2027-12-30,23000,PE,0.0,0.0,0.0,2201.3,423.05,0,0,0,25279.85
2024-09-03,2024-09-05,24550,CE,715.0,775.5,712.6,733.45,733.45,246,10375,-800,25279.85
2024-09-03,2024-09-12,23550,PE,4.05,4.05,3.0,3.05,3.05,191,6850,-325,25279.85
2024-09-03,2024-09-26,23550,PE,0.0,0.0,0.0,29.0,13.85,0,16075,0,25279.85
2024-09-03,2024-09-05,23550,CE,1800.2,1800.2,1742.3,1750.0,1739.05,3,75,0,25279.85
2024-09-03,2025-06-26,23000,CE,0.0,0.0,0.0,3610.0,3872.5,0,25,0,25279.85
2024-09-03,2024-09-19,25800,CE,65.25,66.75,53.6,57.75,57.75,984,9700,8900,25279.85
2024-09-03,2024-09-12,25000,PE,89.75,95.55,65.0,70.85,70.85,124521,1730475,241100,25279.85
2024-09-03,2024-09-26,25800,PE,580.05,580.05,523.7,555.15,555.15,1310,38575,3600,25279.85
2024-09-03,2024-10-31,25000,CE,800.0,828.95,781.55,803.75,803.75,3796,679475,28925,25279.85
2024-09-03,2024-09-26,25800,CE,113.0,122.0,104.0,107.45,107.45,28232,1475175,70675,25279.85
2024-09-03,2024-10-31,25000,PE,340.15,345.8,316.15,330.3,330.3,17877,961375,149475,25279.85
2024-09-03,2024-09-12,25800,PE,530.05,536.4,482.4,512.0,512.0,619,18600,2075,25279.85
2024-09-03,2024-09-19,25000,CE,450.0,480.0,440.0,447.15,447.15,287,24000,3275,25279.85
2024-09-03,2024-09-12,25800,CE,21.2,22.55,14.15,16.55,16.55,78655,820425,190950,25279.85
2024-09-03,2024-09-12,25000,CE,355.5,407.95,315.35,375.0,375.0,28969,283350,61825,25279.85
2024-09-03,2026-12-31,25000,PE,0.0,0.0,0.0,5825.75,804.55,0,0,0,25279.85
2024-09-03,2025-06-26,25000,PE,721.1,738.0,721.1,736.0,748.05,7,2450,0,25279.85
2024-09-03,2024-10-03,26200,CE,70.85,74.55,63.0,67.95,67.95,239,4075,3575,25279.85
2024-09-03,2024-09-12,26200,PE,0.0,0.0,0.0,1944.65,903.95,0,0,0,25279.85
2024-09-03,2024-09-26,26200,CE,35.0,37.0,30.8,32.45,32.45,18582,1189650,19575,25279.85
2024-09-03,2024-09-05,26200,PE,935.05,935.05,878.4,919.55,919.55,53,1525,200,25279.85
2024-09-03,2024-09-19,26200,CE,41.6,41.6,10.05,11.45,11.45,589,8250,8125,25279.85
2024-09-03,2024-10-31,26200,PE,0.0,0.0,0.0,1050.0,1025.7,0,100,0,25279.85
2024-09-03,2024-10-31,26200,CE,0.0,0.0,0.0,364.85,407.3,0,0,0,25279.85
2024-09-03,2024-09-05,26200,CE,2.1,2.1,0.55,0.75,0.75,184111,1428475,-1250,25279.85
2024-09-03,2024-09-26,26200,PE,866.8,882.0,866.8,882.0,882.0,4,2000,75,25279.85
2024-09-03,2024-11-28,26200,CE,0.0,0.0,0.0,586.75,600.4,0,0,0,25279.85
2024-09-03,2024-10-03,26550,CE,0.0,0.0,0.0,20.3,120.35,0,6175,0,25279.85
2024-09-03,2024-09-12,26550,CE,2.5,2.5,1.6,1.95,1.95,45883,16525,575,25279.85
2024-09-03,2024-09-12,26550,PE,0.0,0.0,0.0,2273.0,1232.65,0,0,0,25279.85
2024-09-03,2024-11-28,26550,CE,0.0,0.0,0.0,467.5,476.05,0,0,0,25279.85
2024-09-03,2024-09-19,24950,PE,133.4,133.4,108.0,120.35,120.35,640,9725,5375,25279.85
2024-09-03,2024-09-19,24800,PE,96.85,97.55,77.0,82.45,82.45,1707,57250,6500,25279.85
2024-09-03,2024-09-19,24800,CE,593.55,629.2,593.55,604.35,604.35,245,6775,3675,25279.85
2024-09-03,2024-11-28,24800,PE,361.45,361.45,361.45,361.45,422.8,2,50,50,25279.85
2024-09-03,2024-09-26,24800,PE,147.45,150.5,125.0,133.45,133.45,18618,2152150,35350,25279.85
2024-09-03,2024-09-12,24800,PE,51.55,53.8,36.0,39.65,39.65,71261,778675,126700,25279.85
2024-09-03,2024-10-31,24800,CE,937.25,964.55,921.05,947.1,947.1,166,33375,-1400,25279.85
2024-09-03,2024-11-28,24800,CE,0.0,0.0,0.0,1281.15,1324.95,0,0,0,25279.85
2024-09-03,2024-10-03,24800,CE,0.0,0.0,0.0,742.9,848.1,0,75,0,25279.85
2024-09-03,2024-10-31,24800,PE,286.05,288.5,264.7,274.7,274.7,1403,106100,10975,25279.85
2024-09-03,2024-09-26,24800,CE,677.95,719.7,664.45,682.6,682.6,1554,576850,950,25279.85
2024-09-03,2024-09-05,24800,CE,510.0,529.95,454.7,486.55,486.55,11434,527225,-5250,25279.85
2024-09-03,2024-09-05,24800,PE,9.95,10.6,4.2,4.85,4.85,716896,5069875,601050,25279.85
2024-09-03,2024-09-26,25850,PE,607.7,607.7,568.75,575.15,687.25,12,1925,75,25279.85
2024-09-03,2024-09-19,25850,CE,179.7,179.7,179.7,179.7,159.95,1,225,25,25279.85
2024-09-03,2024-11-28,25850,CE,510.0,510.0,510.0,510.0,746.8,1,125,25,25279.85
2024-09-03,2024-10-03,25850,PE,0.0,0.0,0.0,801.4,719.7,0,275,0,25279.85
2024-09-03,2024-09-05,25850,CE,1.9,2.55,0.9,1.05,1.05,356595,1656975,-707525,25279.85
2024-09-03,2024-09-05,25850,PE,578.7,586.55,529.25,574.15,574.15,782,8400,25,25279.85
2024-09-03,2024-09-12,25850,CE,14.9,16.95,11.0,12.55,12.55,39005,245500,56800,25279.85
2024-09-03,2024-09-19,25850,PE,0.0,0.0,0.0,1604.3,649.55,0,0,0,25279.85
2024-09-03,2024-11-28,25700,CE,0.0,0.0,0.0,793.65,816.55,0,0,0,25279.85
2024-09-03,2024-09-26,25700,CE,140.35,156.65,136.0,140.65,140.65,17345,670925,-35550,25279.85
2024-09-03,2024-10-31,25700,CE,390.8,415.95,388.05,398.7,398.7,507,55925,-725,25279.85
2024-09-03,2024-10-03,25700,CE,208.5,222.0,201.35,211.35,211.35,19,2350,325,25279.85
2024-09-03,2024-09-19,26000,PE,0.0,0.0,0.0,1737.6,760.95,0,0,0,25279.85
2024-09-03,2027-12-30,26000,PE,0.0,0.0,0.0,3359.75,953.35,0,0,0,25279.85
2024-09-03,2026-12-31,26000,CE,0.0,0.0,0.0,1631.05,4395.6,0,0,0,25279.85
2024-09-03,2024-09-05,26000,CE,1.65,1.65,0.7,0.9,0.9,682481,8316000,80500,25279.85
2024-09-03,2025-03-27,26000,CE,1041.1,1095.0,1041.1,1074.75,1074.75,302,73075,3825,25279.85
2024-09-03,2024-11-28,26000,CE,412.0,443.0,412.0,425.85,425.85,422,17900,3825,25279.85
2024-09-03,2024-12-26,26000,PE,864.25,864.25,832.25,851.6,851.6,2726,715475,17500,25279.85
2024-09-03,2024-09-05,26000,PE,750.0,753.55,680.05,719.65,719.65,6373,52750,10650,25279.85
2024-09-03,2029-06-28,26000,CE,0.0,0.0,0.0,7052.2,7770.5,0,0,0,25279.85
2024-09-03,2024-10-31,26000,CE,255.05,278.95,255.0,266.45,266.45,8381,585000,12250,25279.85
2024-09-03,2025-06-26,26000,PE,0.0,0.0,0.0,7299.0,1121.0,0,0,0,25279.85
2024-09-03,2025-12-24,26000,CE,2375.0,2403.0,2350.0,2355.0,2355.0,46,21650,-75,25279.85
2024-09-03,2024-10-03,24200,PE,0.0,0.0,0.0,241.6,89.35,0,0,0,25279.85
2024-09-03,2024-11-28,24200,PE,235.65,235.65,201.95,231.35,231.35,36,1125,175,25279.85
2024-09-03,2024-09-05,24200,CE,1071.55,1111.05,1068.35,1083.75,1083.75,138,35700,-1900,25279.85
2024-09-03,2024-09-26,24200,PE,59.7,61.75,50.3,53.85,53.85,9625,845325,13750,25279.85
2024-09-03,2024-09-19,22850,CE,0.0,0.0,0.0,1523.05,2501.4,0,0,0,25279.85
2024-09-03,2024-10-31,22850,PE,0.0,0.0,0.0,47.75,28.1,0,300,0,25279.85
2024-09-03,2024-11-28,26300,CE,0.0,0.0,0.0,550.6,562.7,0,0,0,25279.85
2024-09-03,2024-10-03,26300,PE,0.0,0.0,0.0,1422.85,1037.2,0,0,0,25279.85
2024-09-03,2024-09-19,26300,CE,10.5,10.5,7.95,8.25,8.25,571,14075,5025,25279.85
2024-09-03,2024-10-31,26300,CE,169.85,184.95,165.95,175.7,175.7,2808,84750,22400,25279.85
2024-09-03,2024-10-31,24900,CE,870.95,882.45,860.0,877.55,877.55,123,16350,25,25279.85
2024-09-03,2024-09-19,24900,PE,119.8,122.9,95.65,103.75,103.75,2510,41125,17500,25279.85
2024-09-03,2024-09-05,24900,PE,12.0,16.8,6.45,8.0,8.0,845341,3646750,637600,25279.85
2024-09-03,2024-10-03,24900,PE,196.0,204.05,189.0,194.85,194.85,17,300,175,25279.85
2024-09-03,2024-09-19,22500,CE,0.0,0.0,0.0,1837.1,2850.05,0,0,0,25279.85
2024-09-03,2024-09-12,22500,PE,2.7,2.7,1.95,2.35,2.35,15699,393475,153850,25279.85
2024-09-03,2024-10-03,23500,PE,34.7,35.25,31.7,33.15,33.15,404,14050,1650,25279.85
2024-09-03,2024-11-28,23500,CE,0.0,0.0,0.0,2231.2,2306.8,0,0,0,25279.85
2024-09-03,2024-09-19,23500,CE,0.0,0.0,0.0,1628.0,1857.2,0,525,0,25279.85
2024-09-03,2024-10-03,23500,CE,0.0,0.0,0.0,1602.35,1939.95,0,0,0,25279.85
2024-09-03,2024-10-31,23500,PE,80.15,81.05,74.5,79.95,79.95,6996,739725,58750,25279.85
2024-09-03,2024-09-26,29000,PE,3632.45,3640.8,3580.0,3629.3,3629.3,183,37275,-2700,25279.85
2024-09-03,2027-06-24,29000,CE,0.0,0.0,0.0,1545.2,3590.15,0,0,0,25279.85
2024-09-03,2029-06-28,29000,PE,0.0,0.0,0.0,1746.95,1399.25,0,0,0,25279.85
2024-09-03,2026-12-31,29000,CE,0.0,0.0,0.0,1205.35,2914.4,0,0,0,25279.85
2024-09-03,2025-12-24,29000,PE,0.0,0.0,0.0,6099.3,2531.55,0,0,0,25279.85
2024-09-03,2028-12-28,29000,CE,0.0,0.0,0.0,3645.75,5632.05,0,0,0,25279.85
2024-09-03,2028-06-29,29000,CE,0.0,0.0,0.0,2333.25,4976.1,0,0,0,25279.85
2024-09-03,2024-12-26,29000,CE,29.0,30.7,28.15,28.95,28.95,629,104275,3175,25279.85
2024-09-03,2024-09-26,17000,CE,0.0,0.0,0.0,8263.95,8355.95,0,50,0,25279.85
2024-09-03,2024-10-03,23800,CE,0.0,0.0,0.0,1355.35,1661.55,0,0,0,25279.85
2024-09-03,2024-11-28,23800,PE,141.7,173.4,141.7,162.5,162.5,229,4675,3900,25279.85
2024-09-03,2025-06-26,17000,CE,0.0,0.0,0.0,8300.0,9256.65,0,2800,0,25279.85
2024-09-03,2024-09-12,23800,PE,5.1,5.1,3.8,4.1,4.1,12665,294800,44325,25279.85
2024-09-03,2024-09-26,23800,CE,1555.0,1590.0,1555.0,1590.0,1612.2,50,10575,-450,25279.85
2024-09-03,2024-10-31,23800,PE,99.05,101.5,95.45,100.3,100.3,996,112750,10900,25279.85
2024-09-03,2024-09-19,23800,CE,0.0,0.0,0.0,793.45,1565.15,0,0,0,25279.85
2024-09-03,2024-09-26,23350,PE,21.95,27.85,18.95,23.45,23.45,88,3575,-600,25279.85
2024-09-03,2024-10-31,23350,CE,0.0,0.0,0.0,1779.5,2259.6,0,0,0,25279.85
2024-09-03,2024-09-12,23350,PE,2.85,4.4,2.35,2.55,2.55,105,1775,350,25279.85
2024-09-03,2026-12-31,15000,PE,0.0,0.0,0.0,37.8,4.1,0,2150,0,25279.85
2024-09-03,2024-09-19,23000,CE,0.0,0.0,0.0,1394.45,2352.15,0,0,0,25279.85
2024-09-03,2024-11-28,24550,PE,0.0,0.0,0.0,399.15,344.9,0,0,0,25279.85
2024-09-03,2024-09-12,24550,PE,27.4,28.2,17.65,19.45,19.45,13042,107750,11425,25279.85
2024-09-03,2024-09-05,23000,PE,0.85,1.05,0.35,0.45,0.45,151787,1902250,-266950,25279.85
2024-09-03,2029-06-28,23000,PE,0.0,0.0,0.0,543.65,383.6,0,0,0,25279.85
2024-09-03,2025-12-24,23000,CE,4300.0,4300.0,4300.0,4300.0,4727.6,1,6575,25,25279.85
2024-09-03,2027-12-30,23000,CE,0.0,0.0,0.0,4125.7,7651.45,0,0,0,25279.85
2024-09-03,2024-10-31,23000,PE,53.55,54.05,48.0,51.85,51.85,8907,659475,48025,25279.85
2024-09-03,2024-09-26,24550,CE,900.0,900.0,900.0,900.0,960.55,1,10625,-25,25279.85
2024-09-03,2024-09-19,24550,CE,800.0,800.0,800.0,800.0,887.1,1,75,25,25279.85
2024-09-03,2024-10-31,24550,CE,0.0,0.0,0.0,1097.0,1278.2,0,100,0,25279.85
2024-09-03,2025-12-24,23000,PE,501.0,517.0,501.0,517.0,357.65,77,127250,1300,25279.85
2024-09-03,2024-09-12,23000,CE,2298.0,2330.0,2286.0,2297.45,2297.45,42,1450,1050,25279.85
2024-09-03,2024-09-19,24550,PE,0.0,0.0,0.0,59.1,80.75,0,1800,0,25279.85
2024-09-03,2026-12-31,23000,CE,0.0,0.0,0.0,2020.0,6289.35,0,500,0,25279.85
2024-09-03,2024-10-31,23550,PE,0.0,0.0,0.0,93.0,80.55,0,25,0,25279.85
2024-09-03,2028-06-29,23000,PE,0.0,0.0,0.0,1399.25,413.15,0,0,0,25279.85
2024-09-03,2024-11-28,25550,PE,0.0,0.0,0.0,803.0,725.7,0,0,0,25279.85
2024-09-03,2024-11-28,25550,CE,0.0,0.0,0.0,864.5,890.65,0,0,0,25279.85
2024-09-03,2024-09-12,25550,CE,71.6,79.05,57.95,62.5,62.5,19799,138325,66200,25279.85
2024-09-03,2024-09-05,25550,CE,14.1,16.25,7.3,9.0,9.0,981810,2510675,346250,25279.85
2024-09-03,2024-11-28,25500,CE,676.0,698.0,669.45,683.2,683.2,825,24250,12400,25279.85
2024-09-03,2024-10-31,25500,CE,450.0,514.4,450.0,497.3,497.3,5814,398625,10275,25279.85
2024-09-03,2024-09-19,25500,PE,352.0,365.8,305.1,329.9,329.9,1098,18050,5675,25279.85
2024-09-03,2024-09-26,26250,PE,0.0,0.0,0.0,1288.0,980.8,0,125,0,25279.85
2024-09-03,2024-09-26,26250,CE,26.45,31.05,26.2,27.6,27.6,1612,26425,3350,25279.85
2024-09-03,2024-09-19,23300,PE,7.5,8.75,7.5,8.75,8.75,396,19000,-100,25279.85
2024-09-03,2024-09-05,23300,PE,1.25,1.25,0.45,0.55,0.55,12174,163975,18825,25279.85
2024-09-03,2026-12-31,30000,CE,0.0,0.0,0.0,1131.45,2514.25,0,0,0,25279.85
2024-09-03,2027-12-30,30000,CE,0.0,0.0,0.0,1877.7,3867.95,0,0,0,25279.85
2024-09-03,2025-12-24,30000,PE,0.0,0.0,0.0,6135.1,3129.7,0,0,0,25279.85
2024-09-03,2026-06-25,30000,PE,0.0,0.0,0.0,5541.2,2822.45,0,0,0,25279.85
2024-09-03,2024-12-26,30000,CE,16.9,17.4,15.8,16.4,16.4,1110,113725,6275,25279.85
2024-09-03,2028-06-29,30000,CE,0.0,0.0,0.0,2278.45,4530.75,0,0,0,25279.85
2024-09-03,2025-06-26,30000,PE,0.0,0.0,0.0,6809.4,3515.9,0,0,0,25279.85
2024-09-03,2025-06-26,30000,CE,0.0,0.0,0.0,264.15,517.9,0,0,0,25279.85
2024-09-03,2024-09-05,23300,CE,1974.3,1991.15,1974.3,1991.15,1991.15,13,2300,-125,25279.85
2024-09-03,2024-10-03,23300,PE,0.0,0.0,0.0,36.5,14.65,0,950,0,25279.85
2024-09-03,2029-06-28,30000,CE,0.0,0.0,0.0,5268.4,5818.35,0,0,0,25279.85
2024-09-03,2025-03-27,30000,PE,0.0,0.0,0.0,5633.65,3768.4,0,0,0,25279.85
2024-09-03,2025-12-24,30000,CE,0.0,0.0,0.0,496.9,1135.7,0,0,0,25279.85
2024-09-03,2024-09-12,23300,PE,3.7,3.75,2.3,2.85,2.85,1177,16750,-6175,25279.85
2024-09-03,2024-09-26,23300,CE,2075.0,2075.0,2075.0,2075.0,2091.15,1,8675,25,25279.85
2024-09-03,2024-10-31,22850,CE,0.0,0.0,0.0,2169.05,2721.15,0,0,0,25279.85
2024-09-03,2024-09-19,22850,PE,0.0,0.0,0.0,24.45,0.3,0,75,0,25279.85
2024-09-03,2024-09-05,26300,PE,0.0,0.0,0.0,1032.95,1009.95,0,25,0,25279.85
2024-09-03,2024-10-03,26300,CE,57.75,63.15,45.6,50.95,50.95,269,4750,4675,25279.85
2024-09-03,2024-09-26,26300,CE,27.4,27.4,21.9,22.95,22.95,25363,766200,121275,25279.85
2024-09-03,2024-09-12,24700,CE,610.95,660.0,610.95,630.2,630.2,346,26875,2900,25279.85
2024-09-03,2024-10-03,24700,PE,160.0,162.05,136.6,143.7,143.7,39,3650,150,25279.85
2024-09-03,2024-10-31,24700,CE,1012.0,1043.0,1009.0,1013.6,1013.6,190,10675,0,25279.85
2024-09-03,2024-11-28,23400,CE,0.0,0.0,0.0,2314.25,2392.0,0,0,0,25279.85
2024-09-03,2024-09-05,23400,CE,1866.0,1909.55,1866.0,1903.0,1889.0,23,5175,-75,25279.85
2024-09-03,2024-12-26,25000,PE,505.95,505.95,470.05,480.75,480.75,7437,1519775,16925,25279.85
2024-09-03,2024-11-28,25000,CE,990.95,1011.0,985.0,995.6,995.6,396,14825,5775,25279.85
2024-09-03,2026-12-31,25000,CE,0.0,0.0,0.0,1811.2,4983.65,0,0,0,25279.85
2024-09-03,2025-06-26,25000,CE,2049.0,2070.55,2049.0,2070.55,2070.55,24,1275,-175,25279.85
2024-09-03,2025-12-24,25000,PE,963.2,969.0,947.0,964.45,964.45,280,115850,3975,25279.85
2024-09-03,2024-09-26,25000,CE,560.1,563.0,508.2,528.75,528.75,34295,4462425,-75175,25279.85
2024-09-03,2024-11-28,25800,PE,734.4,734.4,707.7,711.2,850.35,24,600,600,25279.85
2024-09-03,2028-12-28,25000,CE,0.0,0.0,0.0,5350.4,7704.45,0,0,0,25279.85
2024-09-03,2024-09-05,25000,PE,23.85,29.65,12.0,14.85,14.85,1718381,6441025,441800,25279.85
2024-09-03,2024-10-31,25800,PE,661.05,671.95,650.0,660.75,660.75,50,1575,600,25279.85
2024-09-03,2024-10-31,23700,PE,92.0,94.15,83.45,92.0,92.0,1192,78000,12950,25279.85
2024-09-03,2024-10-31,23700,CE,0.0,0.0,0.0,1680.0,1951.3,0,125,0,25279.85
2024-09-03,2024-09-26,23700,PE,32.05,32.05,26.8,28.25,28.25,10719,585925,4150,25279.85
2024-09-03,2024-10-03,23700,CE,0.0,0.0,0.0,1435.85,1753.2,0,0,0,25279.85
2024-09-03,2024-09-12,23700,CE,1573.0,1616.0,1573.0,1601.0,1601.0,29,675,525,25279.85
2024-09-03,2024-09-19,23700,CE,0.0,0.0,0.0,859.3,1661.8,0,0,0,25279.85
2024-09-03,2024-09-05,23750,PE,1.5,1.5,0.65,0.8,0.8,20966,74725,-22525,25279.85
2024-09-03,2024-10-03,23750,CE,0.0,0.0,0.0,1395.35,1707.2,0,0,0,25279.85
2024-09-03,2024-10-31,23750,PE,100.85,100.85,94.55,94.55,105.1,28,3900,450,25279.85
2024-09-03,2024-11-28,23750,PE,0.0,0.0,0.0,199.9,164.7,0,0,0,25279.85
2024-09-03,2024-10-03,26350,CE,0.0,0.0,0.0,144.55,159.35,0,0,0,25279.85
2024-09-03,2024-09-26,24650,CE,783.35,828.35,756.85,805.9,805.9,128,12775,-2575,25279.85
2024-09-03,2024-09-05,24650,CE,614.55,676.6,611.0,635.1,635.1,436,18725,-850,25279.85
2024-09-03,2024-10-31,24650,CE,0.0,0.0,0.0,976.65,1207.9,0,50,0,25279.85
2024-09-03,2024-11-28,24650,PE,0.0,0.0,0.0,431.45,374.7,0,0,0,25279.85
2024-09-03,2024-09-19,24400,PE,36.25,43.7,33.3,36.25,36.25,860,21325,6275,25279.85
2024-09-03,2024-09-26,24850,CE,636.0,660.0,629.4,642.55,642.55,229,21275,-4750,25279.85
2024-09-03,2024-10-31,24850,PE,282.0,282.0,282.0,282.0,357.65,7,2725,-175,25279.85
2024-09-03,2024-10-31,24850,CE,917.7,917.7,917.7,917.7,1073.7,1,2400,0,25279.85
2024-09-03,2024-11-28,24050,PE,0.0,0.0,0.0,263.15,221.05,0,0,0,25279.85
2024-09-03,2024-09-26,24050,PE,45.4,48.4,41.3,43.7,43.7,1672,59875,200,25279.85
2024-09-03,2024-11-28,24050,CE,0.0,0.0,0.0,1797.7,1860.5,0,0,0,25279.85
2024-09-03,2024-10-03,24050,CE,0.0,0.0,0.0,1163.35,1438.85,0,0,0,25279.85
2024-09-03,2024-10-03,24050,PE,75.8,79.55,75.8,79.55,68.65,2,75,50,25279.85
2024-09-03,2024-09-12,24050,CE,0.0,0.0,0.0,1252.7,1277.65,0,400,0,25279.85
2024-09-03,2024-09-12,24050,PE,8.15,8.15,5.0,5.5,5.5,9181,1216350,11075,25279.85
2024-09-03,2024-09-19,24050,PE,0.0,0.0,0.0,381.25,23.25,0,0,0,25279.85
2024-09-03,2024-09-05,24050,PE,2.1,2.45,0.85,1.15,1.15,43392,93950,-37750,25279.85
2024-09-03,2024-09-26,24050,CE,0.0,0.0,0.0,1166.4,1383.0,0,3050,0,25279.85
2024-09-03,2024-10-31,24050,PE,0.0,0.0,0.0,123.35,152.6,0,825,0,25279.85
2024-09-03,2025-06-26,16000,PE,0.0,0.0,0.0,60.15,0.2,0,75,0,25279.85
2024-09-03,2024-09-26,16000,PE,3.0,3.55,2.7,3.3,3.3,600,429125,-725,25279.85
2024-09-03,2024-09-26,16000,CE,9240.0,9316.4,9240.0,9284.85,9284.85,32,473700,-375,25279.85
2024-09-03,2025-12-24,16000,PE,0.0,0.0,0.0,33.95,1.8,0,2150,0,25279.85
2024-09-03,2026-12-31,16000,PE,0.0,0.0,0.0,58.45,9.6,0,2400,0,25279.85
2024-09-03,2026-06-25,16000,PE,0.0,0.0,0.0,32.4,5.15,0,500,0,25279.85
2024-09-03,2026-12-31,16000,CE,0.0,0.0,0.0,6200.0,11785.0,0,50,0,25279.85
2024-09-03,2025-12-24,16000,CE,0.0,0.0,0.0,7200.0,10735.6,0,50,0,25279.85
2024-09-03,2024-12-26,16000,CE,0.0,0.0,0.0,9100.0,9640.05,0,21750,0,25279.85
2024-09-03,2025-12-24,15000,PE,0.0,0.0,0.0,20.8,0.5,0,1175,0,25279.85
2024-09-03,2024-09-26,26100,CE,40.15,51.75,40.15,44.8,44.8,15875,907300,95075,25279.85
2024-09-03,2024-11-28,26100,PE,0.0,0.0,0.0,1103.2,1015.6,0,0,0,25279.85
2024-09-03,2024-09-05,27000,PE,0.0,0.0,0.0,1645.8,1709.65,0,150,0,25279.85
2024-09-03,2025-12-24,27000,CE,1780.0,1796.0,1773.0,1777.8,1777.8,44,23825,1050,25279.85
2024-09-03,2027-06-24,27000,PE,0.0,0.0,0.0,6273.45,1280.85,0,0,0,25279.85
2024-09-03,2024-11-28,26950,PE,0.0,0.0,0.0,1668.2,1570.1,0,0,0,25279.85
2024-09-03,2026-12-31,27000,PE,0.0,0.0,0.0,6522.3,1362.7,0,0,0,25279.85
2024-09-03,2024-10-31,26950,CE,0.0,0.0,0.0,209.8,207.0,0,0,0,25279.85
2024-09-03,2024-10-03,27000,PE,0.0,0.0,0.0,2026.2,1623.0,0,0,0,25279.85
2024-09-03,2025-03-27,27000,PE,1436.05,1438.0,1405.0,1420.1,1420.1,194,21500,3525,25279.85
2024-09-03,2024-09-12,27000,PE,0.0,0.0,0.0,2706.4,1674.3,0,0,0,25279.85
2024-09-03,2024-09-05,27000,CE,0.35,1.9,0.35,0.45,0.45,114811,1048150,12550,25279.85
2024-09-03,2024-09-19,26950,PE,0.0,0.0,0.0,2631.55,1600.45,0,0,0,25279.85
2024-09-03,2026-06-25,27000,PE,0.0,0.0,0.0,6810.7,1450.45,0,0,0,25279.85
2024-09-03,2028-12-28,27000,CE,0.0,0.0,0.0,4437.95,6615.15,0,0,0,25279.85
2024-09-03,2025-12-24,27000,PE,1607.05,1618.0,1580.05,1600.0,1600.0,22,12950,200,25279.85
2024-09-03,2028-06-29,27000,CE,0.0,0.0,0.0,2885.15,5961.5,0,0,0,25279.85
2024-09-03,2024-10-31,26950,PE,0.0,0.0,0.0,2231.35,1566.75,0,0,0,25279.85
2024-09-03,2028-06-29,27000,PE,0.0,0.0,0.0,2752.35,1116.0,0,0,0,25279.85
2024-09-03,2024-12-26,27000,CE,202.85,216.5,197.2,202.7,202.7,5363,1087850,44700,25279.85
2024-09-03,2024-10-03,27000,CE,14.5,14.8,10.5,12.2,12.2,657,10675,4550,25279.85
2024-09-03,2024-11-28,24100,CE,0.0,0.0,0.0,1760.4,1821.95,0,0,0,25279.85
2024-09-03,2024-11-28,24100,PE,0.0,0.0,0.0,275.0,231.7,0,0,0,25279.85
2024-09-03,2024-09-19,24100,PE,22.45,23.45,17.7,19.35,19.35,2014,36800,24375,25279.85
2024-09-03,2024-10-03,24100,PE,0.0,0.0,0.0,215.2,75.05,0,0,0,25279.85
2024-09-03,2024-10-31,24100,CE,1495.0,1495.0,1495.0,1495.0,1619.3,2,1825,-50,25279.85
2024-09-03,2024-09-26,22750,PE,16.0,16.65,16.0,16.65,1.25,2,5025,-25,25279.85
2024-09-03,2024-09-19,22750,PE,0.0,0.0,0.0,59.4,0.2,0,0,0,25279.85
2024-09-03,2024-10-31,25100,CE,725.8,752.05,700.0,741.55,741.55,384,34250,1975,25279.85
2024-09-03,2024-11-28,26050,PE,0.0,0.0,0.0,1073.65,986.9,0,0,0,25279.85
2024-09-03,2024-10-31,26700,CE,79.95,85.8,75.2,80.55,80.55,1255,116250,3400,25279.85
2024-09-03,2024-10-31,26050,PE,0.0,0.0,0.0,1543.85,930.9,0,0,0,25279.85
2024-09-03,2024-11-28,26700,PE,0.0,0.0,0.0,1490.25,1394.55,0,0,0,25279.85
2024-09-03,2029-06-28,21000,CE,0.0,0.0,0.0,9799.75,10713.6,0,0,0,25279.85
2024-09-03,2028-06-29,21000,PE,0.0,0.0,0.0,907.2,217.0,0,0,0,25279.85
2024-09-03,2024-10-03,26700,PE,0.0,0.0,0.0,1759.55,1360.85,0,0,0,25279.85
2024-09-03,2025-03-27,21000,CE,0.0,0.0,0.0,3110.65,5159.4,0,0,0,25279.85
2024-09-03,2024-09-26,21000,CE,4300.0,4349.0,4295.0,4321.5,4321.5,368,479800,3075,25279.85
2024-09-03,2024-09-26,26050,PE,736.75,756.05,710.0,738.35,827.9,9,250,-50,25279.85
2024-09-03,2024-10-03,26050,PE,0.0,0.0,0.0,1226.15,853.8,0,0,0,25279.85
2024-09-03,2024-12-26,19000,CE,6577.45,6590.0,6547.75,6576.8,6707.8,6,93950,-25,25279.85
2024-09-03,2028-12-28,19000,PE,0.0,0.0,0.0,158.0,103.3,0,0,0,25279.85
2024-09-03,2024-09-26,19000,CE,6350.0,6474.2,6290.0,6347.0,6364.9,14,123125,50,25279.85
2024-09-03,2027-12-30,19000,PE,0.0,0.0,0.0,204.7,93.3,0,775,0,25279.85
2024-09-03,2025-12-24,19000,CE,0.0,0.0,0.0,7600.0,8038.4,0,3175,0,25279.85
2024-09-03,2025-06-26,19000,PE,0.0,0.0,0.0,68.05,11.0,0,600425,0,25279.85
2024-09-03,2028-06-29,19000,CE,0.0,0.0,0.0,6252.25,10999.65,0,0,0,25279.85
2024-09-03,2027-06-24,19000,CE,0.0,0.0,0.0,7800.0,9877.65,0,100,0,25279.85
2024-09-03,2028-06-29,19000,PE,0.0,0.0,0.0,537.45,99.55,0,0,0,25279.85
2024-09-03,2025-03-27,19000,CE,0.0,0.0,0.0,4745.3,7045.55,0,0,0,25279.85
2024-09-03,2029-06-28,19000,PE,0.0,0.0,0.0,170.3,105.05,0,0,0,25279.85
2024-09-03,2025-03-27,19000,PE,0.0,0.0,0.0,63.55,3.45,0,0,0,25279.85
2024-09-03,2028-12-28,19000,CE,0.0,0.0,0.0,8739.0,11516.7,0,0,0,25279.85
2024-09-03,2026-06-25,19000,PE,0.0,0.0,0.0,160.05,53.05,0,175,0,25279.85
2024-09-03,2027-06-24,19000,PE,0.0,0.0,0.0,201.05,83.55,0,525,0,25279.85
2024-09-03,2024-09-26,19000,PE,3.8,4.2,3.55,3.8,3.8,923,268250,-125,25279.85
2024-09-03,2026-06-25,19000,CE,0.0,0.0,0.0,5792.0,8679.4,0,100,0,25279.85
2024-09-03,2024-09-19,26650,PE,0.0,0.0,0.0,2342.5,1317.5,0,0,0,25279.85
2024-09-03,2024-09-05,26650,PE,0.0,0.0,0.0,1395.2,1359.8,0,25,0,25279.85
2024-09-03,2024-09-26,26650,PE,0.0,0.0,0.0,2307.75,1315.7,0,0,0,25279.85
2024-09-03,2024-10-31,26650,PE,0.0,0.0,0.0,1991.05,1337.7,0,0,0,25279.85
2024-09-03,2024-10-03,26650,PE,0.0,0.0,0.0,1716.15,1318.6,0,0,0,25279.85
2024-09-03,2024-10-31,26650,CE,166.45,166.45,97.85,97.85,97.85,14,5425,225,25279.85
2024-09-03,2024-09-05,26650,CE,1.4,1.4,0.35,0.5,0.5,46474,221025,-96450,25279.85
2024-09-03,2024-11-28,26650,PE,0.0,0.0,0.0,1455.8,1360.65,0,0,0,25279.85
2024-09-03,2024-11-28,26650,CE,0.0,0.0,0.0,437.05,444.35,0,0,0,25279.85
2024-09-03,2024-10-03,26650,CE,23.1,26.75,17.25,21.4,21.4,49,3850,275,25279.85
2024-09-03,2024-09-12,26650,PE,0.0,0.0,0.0,2368.4,1329.65,0,0,0,25279.85
2024-09-03,2024-09-26,26650,CE,10.55,11.65,8.85,9.1,9.1,357,14725,2100,25279.85
2024-09-03,2024-09-12,26650,CE,2.05,2.15,1.4,1.8,1.8,5794,35225,11725,25279.85
2024-09-03,2024-09-19,26650,CE,5.0,5.3,4.6,4.6,4.6,257,14825,5375,25279.85
2024-09-03,2024-09-12,23250,CE,0.0,0.0,0.0,1169.1,2070.75,0,0,0,25279.85
2024-09-03,2024-09-26,23250,CE,0.0,0.0,0.0,1813.65,2140.0,0,50,0,25279.85
2024-09-03,2024-09-26,23250,PE,21.0,21.35,17.95,20.0,6.05,51,3425,-975,25279.85
2024-09-03,2024-10-03,23250,PE,0.0,0.0,0.0,64.55,13.0,0,0,0,25279.85
2024-09-03,2024-09-19,22600,PE,4.9,4.9,4.9,4.9,0.1,2,1575,50,25279.85
2024-09-03,2024-09-12,22600,CE,0.0,0.0,0.0,1721.45,2719.5,0,0,0,25279.85
2024-09-03,2024-09-12,23250,PE,0.0,0.0,0.0,3.7,0.1,0,6025,0,25279.85
2024-09-03,2024-09-05,23250,CE,2025.6,2028.25,2025.6,2028.25,2028.25,8,1200,0,25279.85
2024-09-03,2024-09-19,26800,PE,0.0,0.0,0.0,2486.5,1457.65,0,0,0,25279.85
2024-09-03,2024-11-28,26800,PE,0.0,0.0,0.0,1560.35,1463.6,0,0,0,25279.85
2024-09-03,2024-09-26,26800,CE,31.45,31.45,6.0,8.1,8.1,152,2850,2750,25279.85
2024-09-03,2024-11-28,26550,PE,0.0,0.0,0.0,1388.0,1294.05,0,0,0,25279.85
2024-09-03,2024-09-05,26800,PE,0.0,0.0,0.0,1675.4,1509.7,0,0,0,25279.85
2024-09-03,2024-09-12,26200,CE,3.1,4.5,2.2,2.5,2.5,14019,274725,31450,25279.85
2024-09-03,2024-10-03,26200,PE,0.0,0.0,0.0,1342.75,961.75,0,0,0,25279.85
2024-09-03,2024-11-28,26200,PE,0.0,0.0,0.0,1163.55,1074.4,0,0,0,25279.85
2024-09-03,2024-09-19,26200,PE,0.0,0.0,0.0,1919.6,920.9,0,0,0,25279.85
2024-09-03,2024-11-28,26800,CE,0.0,0.0,0.0,394.3,399.85,0,0,0,25279.85
2024-09-03,2024-09-26,26800,PE,1399.0,1426.0,1399.0,1425.0,1449.3,14,950,350,25279.85
2024-09-03,2024-10-31,26800,CE,65.0,68.45,61.4,65.85,65.85,951,14675,14175,25279.85
2024-09-03,2024-09-12,26800,PE,0.0,0.0,0.0,1452.75,1476.6,0,50,0,25279.85
2024-09-03,2027-06-24,18000,PE,0.0,0.0,0.0,264.2,49.15,0,25,0,25279.85
2024-09-03,2025-12-24,18000,CE,0.0,0.0,0.0,8425.0,8929.45,0,5675,0,25279.85
2024-09-03,2024-10-31,26550,CE,0.0,0.0,0.0,157.4,300.6,0,3225,0,25279.85
2024-09-03,2025-12-24,18000,PE,0.0,0.0,0.0,123.95,13.9,0,2975,0,25279.85
2024-09-03,2024-09-19,23900,CE,0.0,0.0,0.0,1214.05,1469.4,0,50,0,25279.85
2024-09-03,2024-09-26,23900,PE,39.05,40.25,34.1,35.9,35.9,6999,453150,44675,25279.85
2024-09-03,2024-10-03,23900,CE,0.0,0.0,0.0,1276.95,1571.3,0,0,0,25279.85
2024-09-03,2024-09-05,23900,CE,1370.0,1395.0,1370.0,1385.65,1385.65,5,3450,-25,25279.85
2024-09-03,2024-09-05,23900,PE,1.7,1.7,0.7,0.9,0.9,122356,573725,-77200,25279.85
2024-09-03,2024-09-26,24150,PE,55.0,55.0,47.1,49.9,49.9,477,29925,-1100,25279.85
2024-09-03,2024-09-12,24150,PE,10.25,10.25,6.15,7.0,7.0,2689,40775,13000,25279.85
2024-09-03,2024-10-03,24150,CE,0.0,0.0,0.0,1090.2,1352.7,0,0,0,25279.85
2024-09-03,2024-09-26,24150,CE,1224.4,1278.0,1224.4,1250.0,1250.0,8,7975,-25,25279.85
2024-09-03,2024-10-31,25300,PE,446.55,448.45,417.9,434.4,434.4,1889,66775,16750,25279.85
2024-09-03,2024-09-26,25300,CE,320.0,359.6,317.6,331.85,331.85,56073,993975,-77900,25279.85
2024-09-03,2024-10-03,24600,PE,0.0,0.0,0.0,166.5,168.55,0,50,0,25279.85
2024-09-03,2024-09-05,24600,CE,661.65,726.15,661.65,688.1,688.1,1067,175425,-10650,25279.85
2024-09-03,2024-10-31,24600,CE,1095.0,1095.0,1095.0,1095.0,1242.8,24,9925,-600,25279.85
2024-09-03,2024-09-26,22250,CE,3034.3,3080.0,2920.0,3080.0,3129.65,12,19575,125,25279.85
2024-09-03,2024-09-05,22250,PE,0.65,0.7,0.3,0.35,0.35,463437,4427275,-45600,25279.85
2024-09-03,2024-09-05,22250,CE,3193.75,3193.75,2883.45,3040.45,3038.55,12,125,125,25279.85
2024-09-03,2026-06-25,23000,PE,0.0,0.0,0.0,425.05,401.85,0,225,0,25279.85
2024-09-03,2024-09-26,23550,CE,0.0,0.0,0.0,1700.0,1849.1,0,2600,0,25279.85
2024-09-03,2027-06-24,23000,PE,0.0,0.0,0.0,4514.3,427.15,0,0,0,25279.85
2024-09-03,2029-06-28,23000,CE,0.0,0.0,0.0,8636.0,9477.0,0,0,0,25279.85
2024-09-03,2024-10-03,23550,CE,0.0,0.0,0.0,1560.05,1892.85,0,0,0,25279.85
2024-09-03,2024-09-12,23550,CE,1735.0,1735.0,1735.0,1735.0,1771.65,1,50,25,25279.85
2024-09-03,2024-09-26,24550,PE,98.65,99.0,84.55,89.8,89.8,1377,47275,2925,25279.85
2024-09-03,2024-12-26,18500,CE,0.0,0.0,0.0,6400.0,7196.4,0,1050,0,25279.85
2024-09-03,2024-09-26,23000,CE,2341.15,2390.0,2325.0,2351.95,2351.95,1219,713725,925,25279.85
2024-09-03,2024-09-12,24550,CE,759.0,762.95,759.0,762.95,762.95,4,3375,25,25279.85
2024-09-03,2024-09-12,23000,PE,3.0,3.3,2.2,2.65,2.65,16567,298375,129625,25279.85
2024-09-03,2024-10-31,23000,CE,2475.0,2515.0,2474.0,2475.4,2475.4,502,43925,7525,25279.85
2024-09-03,2024-10-03,23550,PE,0.0,0.0,0.0,65.0,25.6,0,50,0,25279.85
2024-09-03,2027-06-24,23000,CE,0.0,0.0,0.0,2530.05,6961.1,0,0,0,25279.85
2024-09-03,2024-09-19,23550,CE,0.0,0.0,0.0,963.45,1808.15,0,0,0,25279.85
2024-09-03,2024-09-26,23000,PE,20.05,20.05,17.1,17.65,17.65,35096,3894025,7925,25279.85
2024-09-03,2025-03-27,23000,PE,250.15,264.9,250.15,253.8,253.8,488,219675,5100,25279.85
2024-09-03,2024-09-19,23550,PE,0.0,0.0,0.0,9.95,4.9,0,0,0,25279.85
2024-09-03,2024-10-03,24550,CE,0.0,0.0,0.0,961.8,1029.6,0,25,0,25279.85
2024-09-03,2028-12-28,23000,PE,0.0,0.0,0.0,450.05,399.55,0,50,0,25279.85
2024-09-03,2024-09-05,23000,CE,2270.0,2300.0,2265.0,2282.15,2282.15,51,37225,-1075,25279.85
2024-09-03,2025-06-26,23000,PE,365.0,369.9,352.05,352.05,272.35,7,7850,125,25279.85
2024-09-03,2024-09-19,25550,PE,356.0,356.0,346.45,346.45,453.35,8,750,0,25279.85
2024-09-03,2024-11-28,23600,PE,129.6,138.0,129.05,133.75,133.75,11,2575,250,25279.85
2024-09-03,2024-09-12,23600,CE,1720.0,1721.0,1707.95,1707.95,1707.95,14,425,350,25279.85
2024-09-03,2024-09-19,23600,CE,0.0,0.0,0.0,928.05,1759.2,0,0,0,25279.85
2024-09-03,2024-10-03,23600,PE,40.0,40.0,40.0,40.0,28.5,1,75,25,25279.85
2024-09-03,2024-10-31,22800,CE,0.0,0.0,0.0,2209.85,2768.35,0,0,0,25279.85
2024-09-03,2024-09-12,22550,CE,0.0,0.0,0.0,1766.85,2769.4,0,0,0,25279.85
2024-09-03,2024-09-05,22800,CE,0.0,0.0,0.0,2340.0,2488.75,0,100,0,25279.85
2024-09-03,2024-09-19,22800,PE,0.0,0.0,0.0,64.9,0.25,0,0,0,25279.85
2024-09-03,2024-09-26,22800,PE,16.6,17.55,15.0,15.3,15.3,6585,245950,16275,25279.85
2024-09-03,2024-09-05,22550,CE,2793.1,2793.1,2686.25,2686.25,2738.65,2,0,0,25279.85
2024-09-03,2024-09-19,22550,CE,0.0,0.0,0.0,1791.2,2800.2,0,0,0,25279.85
2024-09-03,2024-09-12,22800,CE,0.0,0.0,0.0,2299.45,2519.85,0,25,0,25279.85
2024-09-03,2024-09-12,22800,PE,2.25,2.95,1.95,2.6,2.6,1206,12025,9225,25279.85
2024-09-03,2024-09-05,22550,PE,1.0,1.0,0.45,0.65,0.65,15489,24825,-10250,25279.85
2024-09-03,2024-09-26,22550,PE,17.3,17.3,11.4,12.5,12.5,20,5925,-200,25279.85
2024-09-03,2026-06-25,14000,PE,0.0,0.0,0.0,21.85,0.6,0,100,0,25279.85
2024-09-03,2024-12-26,14000,CE,0.0,0.0,0.0,10300.0,11595.05,0,200,0,25279.85
2024-09-03,2024-09-26,26900,PE,1520.2,1540.0,1517.0,1520.0,1540.25,9,825,225,25279.85
2024-09-03,2024-10-03,26900,PE,0.0,0.0,0.0,1936.2,1534.05,0,0,0,25279.85
2024-09-03,2024-09-12,23450,PE,3.6,4.7,2.6,3.7,3.7,669,7900,-1350,25279.85
2024-09-03,2024-10-31,23450,CE,0.0,0.0,0.0,1706.85,2170.05,0,0,0,25279.85
2024-09-03,2024-09-12,24200,PE,11.0,11.0,7.3,8.05,8.05,28983,555750,71275,25279.85
2024-09-03,2024-09-05,24700,PE,6.4,6.4,2.9,3.35,3.35,629802,2960875,407100,25279.85
2024-09-03,2024-10-31,24700,PE,257.75,257.75,240.85,249.75,249.75,1833,101150,8125,25279.85
2024-09-03,2024-09-12,25350,PE,220.0,230.3,173.4,188.65,188.65,19978,81500,26725,25279.85
2024-09-03,2024-10-03,25350,CE,385.0,399.85,380.3,388.0,388.0,51,200,175,25279.85
2024-09-03,2024-10-03,24750,PE,0.0,0.0,0.0,438.65,208.65,0,0,0,25279.85
2024-09-03,2024-10-31,22450,CE,0.0,0.0,0.0,2503.7,3102.45,0,0,0,25279.85
2024-09-03,2024-10-31,22450,PE,34.95,34.95,34.5,34.5,14.05,3,7375,50,25279.85
2024-09-03,2024-10-31,22300,CE,3100.0,3100.0,3100.0,3100.0,3247.35,1,775,25,25279.85
2024-09-03,2024-09-19,22450,CE,0.0,0.0,0.0,1883.25,2899.85,0,0,0,25279.85
2024-09-03,2024-09-05,22300,CE,0.0,0.0,0.0,2869.6,2988.55,0,0,0,25279.85
2024-09-03,2024-09-05,22450,PE,0.9,0.9,0.45,0.6,0.6,15759,180125,-10575,25279.85
2024-09-03,2024-09-26,22450,PE,12.5,12.5,11.65,11.95,11.95,27,3075,-325,25279.85
2024-09-03,2024-10-31,22300,PE,31.7,31.75,25.15,25.15,25.15,36,157275,475,25279.85
2024-09-03,2024-09-05,22300,PE,0.75,0.85,0.35,0.5,0.5,71122,4295575,-183900,25279.85
2024-09-03,2024-09-19,24500,PE,53.05,53.4,40.0,44.0,44.0,4081,178050,18825,25279.85
2024-09-03,2024-10-03,24500,CE,0.0,0.0,0.0,992.7,1067.9,0,75,0,25279.85
2024-09-03,2024-11-28,24500,PE,278.25,284.6,272.35,281.15,281.15,1256,59225,22000,25279.85
2024-09-03,2024-10-31,24500,CE,1165.0,1204.0,1157.5,1178.95,1178.95,580,215400,-2450,25279.85
2024-09-03,2024-10-31,24500,PE,210.25,216.95,197.15,205.05,205.05,10426,787225,81075,25279.85
2024-09-03,2024-09-19,24500,CE,841.9,873.0,841.9,872.5,872.5,19,1800,-200,25279.85
2024-09-03,2024-10-03,24500,PE,127.0,127.0,108.35,114.15,114.15,329,10275,2275,25279.85
2024-09-03,2024-10-03,25100,PE,255.05,256.9,245.0,252.95,252.95,52,2025,-750,25279.85
2024-09-03,2024-09-05,25100,PE,38.55,49.0,22.8,27.85,27.85,1369142,3812650,73625,25279.85
2024-09-03,2024-10-31,25100,PE,366.95,367.65,348.6,362.5,362.5,478,43275,-2100,25279.85
2024-09-03,2024-09-26,22250,PE,12.0,12.5,9.15,11.4,11.4,887,14025,6275,25279.85
2024-09-03,2024-10-31,22250,PE,29.95,29.95,24.7,29.2,29.2,368,9950,125,25279.85
2024-09-03,2024-09-12,25500,PE,302.05,312.65,252.7,274.9,274.9,24941,228450,64575,25279.85
2024-09-03,2024-09-26,25500,PE,393.0,430.0,350.3,372.8,372.8,32013,1548875,38325,25279.85
2024-09-03,2024-09-05,25500,CE,22.55,25.75,12.1,14.7,14.7,2153428,6244475,384525,25279.85
2024-09-03,2024-09-12,23150,PE,3.0,3.0,2.4,2.65,0.05,111,4600,1675,25279.85
2024-09-03,2024-10-31,23800,CE,0.0,0.0,0.0,1630.0,1866.05,0,150,0,25279.85
2024-09-03,2024-09-05,23800,PE,1.6,1.9,0.6,0.8,0.8,162676,1033825,26325,25279.85
2024-09-03,2024-12-26,17000,PE,15.95,16.35,14.9,16.35,16.35,23,92125,-375,25279.85
2024-09-03,2027-12-30,17000,PE,0.0,0.0,0.0,90.0,33.4,0,14200,0,25279.85
2024-09-03,2024-09-19,23350,CE,0.0,0.0,0.0,1970.0,2005.0,0,25,0,25279.85
2024-09-03,2024-10-03,23350,CE,0.0,0.0,0.0,1731.7,2082.5,0,0,0,25279.85
2024-09-03,2024-09-05,23350,PE,0.75,0.95,0.5,0.7,0.7,3092,78400,-400,25279.85
2024-09-03,2024-09-19,23350,PE,6.75,8.25,6.75,8.25,2.4,46,425,-325,25279.85
2024-09-03,2028-06-29,26000,PE,0.0,0.0,0.0,2370.3,897.55,0,0,0,25279.85
2024-09-03,2024-11-28,26000,PE,811.3,829.7,779.9,808.15,808.15,224,21800,3600,25279.85
2024-09-03,2028-12-28,26000,PE,0.0,0.0,0.0,1160.95,841.8,0,0,0,25279.85
2024-09-03,2024-09-26,26000,CE,67.95,70.25,60.0,62.0,62.0,75007,4165925,160675,25279.85
2024-09-03,2024-09-26,26000,PE,737.05,738.0,670.2,707.0,707.0,7349,863375,17725,25279.85
2024-09-03,2024-12-26,26000,CE,551.7,573.45,543.8,560.25,560.25,8652,2048675,-25550,25279.85
2024-09-03,2025-06-26,26000,CE,0.0,0.0,0.0,811.85,1893.35,0,0,0,25279.85
2024-09-03,2025-12-24,26000,PE,1255.0,1255.0,1240.0,1245.05,1245.05,122,26275,825,25279.85
2024-09-03,2028-06-29,26000,CE,0.0,0.0,0.0,3200.9,6499.85,0,0,0,25279.85
2024-09-03,2027-06-24,26000,PE,0.0,0.0,0.0,6202.2,1010.65,0,0,0,25279.85
2024-09-03,2024-09-19,26000,CE,28.15,30.85,24.2,25.25,25.25,17216,789250,51850,25279.85
2024-09-03,2027-12-30,26000,CE,0.0,0.0,0.0,3162.4,5827.2,0,0,0,25279.85
2024-09-03,2024-09-26,24200,CE,1190.0,1237.2,1176.3,1197.7,1197.7,189,96175,-650,25279.85
2024-09-03,2024-10-31,24200,PE,154.95,158.35,145.5,150.8,150.8,1375,86200,17725,25279.85
2024-09-03,2024-10-31,25050,PE,348.0,348.0,337.8,341.9,341.9,39,25425,250,25279.85
2024-09-03,2024-10-31,23200,PE,55.65,58.85,54.1,56.95,56.95,382,64400,5425,25279.85
2024-09-03,2024-09-26,23200,PE,21.5,24.05,18.95,19.6,19.6,7996,174550,-47250,25279.85
2024-09-03,2024-09-05,23200,PE,0.65,1.1,0.45,0.55,0.55,15594,206225,19300,25279.85
2024-09-03,2024-09-19,23200,PE,5.6,8.15,5.6,7.55,7.55,239,3425,2200,25279.85
2024-09-03,2024-10-31,23200,CE,0.0,0.0,0.0,1580.0,2395.8,0,50,0,25279.85
2024-09-03,2024-10-03,23200,PE,0.0,0.0,0.0,59.55,11.55,0,0,0,25279.85
2024-09-03,2024-10-31,25350,PE,461.35,461.35,438.85,448.0,448.0,9,625,-25,25279.85
2024-09-03,2024-10-03,25350,PE,352.1,352.1,323.0,333.75,438.8,4,25,25,25279.85
2024-09-03,2024-09-12,24750,PE,44.45,44.45,31.25,33.8,33.8,14594,194075,37700,25279.85
2024-09-03,2024-09-12,25350,CE,153.0,166.95,134.45,142.1,142.1,29947,193950,39825,25279.85
2024-09-03,2024-09-19,25350,PE,275.0,275.0,240.95,250.7,250.7,347,8950,3525,25279.85
2024-09-03,2024-09-19,25350,CE,230.25,249.6,215.8,225.2,225.2,385,8400,1975,25279.85
2024-09-03,2024-09-26,24750,PE,132.0,139.5,115.5,122.9,122.9,2531,83675,-1425,25279.85
2024-09-03,2024-10-03,24750,CE,0.0,0.0,0.0,763.55,882.95,0,25,0,25279.85
2024-09-03,2024-09-05,24750,CE,519.5,578.65,504.6,541.35,541.35,1467,26675,-5300,25279.85
2024-09-03,2024-11-28,26900,CE,0.0,0.0,0.0,367.65,372.15,0,0,0,25279.85
2024-09-03,2024-09-19,26900,CE,4.2,4.2,2.4,2.4,2.4,556,12275,11250,25279.85
2024-09-03,2024-09-19,26900,PE,0.0,0.0,0.0,2583.1,1552.6,0,0,0,25279.85
2024-09-03,2024-09-05,25750,PE,493.85,506.9,429.1,468.95,468.95,2325,9775,-125,25279.85
2024-09-03,2024-10-31,25750,PE,0.0,0.0,0.0,1339.85,756.25,0,0,0,25279.85
2024-09-03,2024-10-03,25750,CE,0.0,0.0,0.0,282.8,337.25,0,0,0,25279.85
2024-09-03,2024-09-26,22650,PE,13.5,13.5,13.5,13.5,13.5,10,2075,-250,25279.85
2024-09-03,2024-09-12,22650,CE,0.0,0.0,0.0,1676.4,2669.6,0,0,0,25279.85
2024-09-03,2024-09-05,22650,CE,0.0,0.0,0.0,2527.1,2638.7,0,0,0,25279.85
2024-09-03,2024-09-19,22650,PE,0.0,0.0,0.0,49.5,0.15,0,0,0,25279.85
2024-09-03,2024-09-05,22650,PE,0.9,0.9,0.45,0.55,0.55,4973,33375,-13400,25279.85
2024-09-03,2024-09-12,22650,PE,2.15,2.7,2.1,2.5,2.5,351,5425,3400,25279.85
2024-09-03,2024-10-03,23750,PE,48.0,48.0,48.0,48.0,38.8,4,350,100,25279.85
2024-09-03,2024-09-05,23750,CE,1470.65,1470.65,1470.65,1470.65,1539.15,1,200,25,25279.85
2024-09-03,2024-09-12,23750,PE,4.85,7.4,3.35,4.05,4.05,821,9175,900,25279.85
2024-09-03,2024-09-12,23750,CE,0.0,0.0,0.0,808.9,1572.9,0,0,0,25279.85
2024-09-03,2024-09-05,24950,PE,19.15,21.85,8.75,10.75,10.75,602046,1883750,281600,25279.85
2024-09-03,2024-10-03,24950,PE,200.45,210.55,200.45,210.55,272.75,2,25,-25,25279.85
2024-09-03,2024-10-03,25250,PE,330.4,330.4,287.95,304.3,304.3,78,2100,825,25279.85
2024-09-03,2024-10-31,25250,CE,637.05,659.95,627.05,647.35,647.35,132,4200,250,25279.85
2024-09-03,2024-09-19,25250,PE,238.3,238.3,194.9,207.65,207.65,1217,16300,5475,25279.85
2024-09-03,2024-09-12,25250,CE,190.0,226.55,177.3,197.2,197.2,43131,281450,127050,25279.85
2024-09-03,2024-09-05,24850,CE,413.55,479.65,408.45,436.55,436.55,1857,35150,-4250,25279.85
2024-09-03,2024-11-28,24700,PE,309.1,309.1,309.1,309.1,390.3,4,175,100,25279.85
2024-09-03,2024-10-03,24700,CE,0.0,0.0,0.0,830.5,918.5,0,50,0,25279.85
2024-09-03,2024-09-12,23150,CE,0.0,0.0,0.0,1248.65,2170.5,0,0,0,25279.85
2024-09-03,2024-10-31,23150,PE,0.0,0.0,0.0,52.9,45.2,0,2825,0,25279.85
2024-09-03,2024-09-05,25950,PE,711.25,711.25,628.5,665.2,665.2,194,12700,-375,25279.85
2024-09-03,2024-09-05,25950,CE,1.6,1.65,0.75,0.9,0.9,129736,761175,-29225,25279.85
2024-09-03,2024-10-31,25950,CE,300.85,315.85,275.95,285.65,285.65,21,700,250,25279.85
2024-09-03,2024-10-31,25950,PE,0.0,0.0,0.0,1474.3,870.45,0,0,0,25279.85
2024-09-03,2024-09-05,25350,PE,161.5,163.05,102.55,120.55,120.55,955320,769425,281950,25279.85
2024-09-03,2024-09-05,25350,CE,62.55,79.4,47.0,53.0,53.0,1795302,3073100,360800,25279.85
2024-09-03,2024-11-28,25350,PE,0.0,0.0,0.0,707.65,634.5,0,0,0,25279.85
2024-09-03,2024-09-26,25350,PE,325.55,327.0,283.0,302.85,302.85,5651,80925,3050,25279.85
2024-09-03,2024-09-26,24750,CE,723.0,752.1,705.7,719.85,719.85,235,24700,-2350,25279.85
2024-09-03,2024-11-28,24750,PE,0.0,0.0,0.0,465.45,406.3,0,0,0,25279.85
2024-09-03,2024-09-19,24750,CE,640.0,655.9,638.0,653.25,729.9,84,2050,650,25279.85
2024-09-03,2024-09-19,24750,PE,80.8,80.8,70.25,74.35,74.35,536,8600,5900,25279.85
2024-09-03,2024-10-03,26550,PE,0.0,0.0,0.0,1630.45,1235.6,0,0,0,25279.85
2024-09-03,2024-09-12,26800,CE,1.65,1.95,1.45,1.5,1.5,1315,62250,5900,25279.85
2024-09-03,2024-12-26,18000,PE,16.35,17.35,16.3,17.2,17.2,185,597050,-350,25279.85
2024-09-03,2024-10-31,24150,PE,0.0,0.0,0.0,156.35,171.6,0,100,0,25279.85
2024-09-03,2024-09-05,24150,CE,1120.15,1152.0,1119.0,1143.5,1139.3,10,4025,-50,25279.85
2024-09-03,2024-09-12,24150,CE,1121.8,1154.25,1121.8,1144.9,1144.9,20,400,0,25279.85
2024-09-03,2024-09-19,24150,CE,0.0,0.0,0.0,1011.15,1235.65,0,0,0,25279.85
2024-09-03,2024-09-05,24150,PE,2.25,2.7,1.05,1.3,1.3,39613,231175,17750,25279.85
2024-09-03,2024-11-28,24150,CE,0.0,0.0,0.0,1723.55,1783.85,0,0,0,25279.85
2024-09-03,2024-10-03,24150,PE,0.0,0.0,0.0,227.55,81.95,0,0,0,25279.85
2024-09-03,2024-11-28,25300,CE,813.95,813.95,789.95,804.05,804.05,33,2000,200,25279.85
2024-09-03,2024-10-03,25300,PE,332.4,335.45,309.85,325.8,325.8,213,4175,1300,25279.85
2024-09-03,2024-09-19,25300,CE,249.05,279.35,243.0,252.1,252.1,3658,66825,7525,25279.85
2024-09-03,2024-09-12,25300,CE,166.45,196.5,160.0,168.35,168.35,151994,921600,302075,25279.85
2024-09-03,2024-11-28,25300,PE,521.85,521.85,491.25,516.0,516.0,76,4700,950,25279.85
2024-09-03,2024-10-31,25300,CE,601.95,636.95,599.2,617.15,617.15,1804,62625,6450,25279.85
2024-09-03,2024-09-05,25300,CE,89.9,106.0,68.0,75.65,75.65,4800291,7095425,719850,25279.85
2024-09-03,2025-12-24,19500,CE,0.0,0.0,0.0,5900.0,7598.45,0,1500,0,25279.85
2024-09-03,2024-09-26,23150,CE,0.0,0.0,0.0,2020.0,2238.0,0,1400,0,25279.85
2024-09-03,2024-10-31,23150,CE,0.0,0.0,0.0,1931.1,2441.7,0,0,0,25279.85
2024-09-03,2024-09-19,23150,PE,0.0,0.0,0.0,6.7,1.1,0,50,0,25279.85
2024-09-03,2024-09-26,25950,CE,68.1,80.6,68.1,70.9,70.9,1160,55900,5900,25279.85
2024-09-03,2024-09-05,23500,CE,1764.0,1801.3,1764.0,1781.2,1781.2,710,43850,-3100,25279.85
2024-09-03,2024-09-12,23500,PE,4.05,4.05,2.75,3.35,3.35,13783,396900,55775,25279.85
2024-09-03,2024-09-05,22500,CE,2770.3,2814.45,2762.75,2762.75,2762.75,12,1100,0,25279.85
2024-09-03,2024-09-05,22500,PE,1.0,1.0,0.35,0.5,0.5,63295,1380275,258000,25279.85
2024-09-03,2024-10-31,24400,CE,1250.0,1250.0,1250.0,1250.0,1387.8,1,1600,25,25279.85
2024-09-03,2024-10-31,22950,CE,0.0,0.0,0.0,2088.4,2627.25,0,0,0,25279.85
2024-09-03,2024-09-05,22950,CE,0.0,0.0,0.0,2237.55,2338.8,0,0,0,25279.85
2024-09-03,2024-09-19,22650,CE,0.0,0.0,0.0,1700.4,2700.55,0,0,0,25279.85
2024-09-03,2024-09-05,22950,PE,1.15,1.15,0.45,0.5,0.5,1758,16125,-450,25279.85
2024-09-03,2024-09-26,22950,CE,0.0,0.0,0.0,2089.75,2435.0,0,100,0,25279.85
2024-09-03,2024-09-12,22950,PE,2.3,2.85,2.05,2.55,2.55,47,775,500,25279.85
2024-09-03,2024-09-19,22600,CE,0.0,0.0,0.0,1745.65,2750.4,0,0,0,25279.85
2024-09-03,2024-09-05,23250,PE,1.9,1.9,0.45,0.55,0.55,2431,41825,1300,25279.85
2024-09-03,2024-10-31,22600,PE,36.15,37.25,36.15,37.25,18.4,5,17000,-125,25279.85
2024-09-03,2024-10-31,23250,CE,0.0,0.0,0.0,1854.55,2350.15,0,0,0,25279.85
2024-09-03,2024-09-12,22600,PE,2.15,2.75,1.95,2.55,2.55,30070,128850,123500,25279.85
2024-09-03,2024-09-26,22600,CE,2765.0,2780.0,2745.0,2746.9,2746.9,16,3900,75,25279.85
2024-09-03,2024-10-03,23250,CE,0.0,0.0,0.0,1819.75,2178.5,0,0,0,25279.85
2024-09-03,2024-09-12,25100,CE,299.4,330.0,283.8,296.3,296.3,9738,168825,9100,25279.85
2024-09-03,2024-09-19,25100,CE,383.6,407.25,371.45,378.3,378.3,224,13675,400,25279.85
2024-09-03,2024-09-26,25100,PE,230.4,232.8,197.6,210.1,210.1,16445,1559400,-6100,25279.85
2024-09-03,2024-09-05,25100,CE,205.1,251.0,189.5,209.9,209.9,413453,1093625,-77275,25279.85
2024-09-03,2024-11-28,25100,CE,0.0,0.0,0.0,926.75,1138.5,0,100,0,25279.85
2024-09-03,2024-10-31,23450,PE,79.75,79.75,69.65,75.4,75.4,448,4525,4325,25279.85
2024-09-03,2024-09-05,23450,PE,1.3,1.3,0.5,0.65,0.65,2607,29225,-11950,25279.85
2024-09-03,2024-09-05,26900,CE,0.6,1.9,0.35,0.45,0.45,130694,1123025,-263725,25279.85
2024-09-03,2024-10-03,23450,PE,0.0,0.0,0.0,88.2,20.6,0,0,0,25279.85
2024-09-03,2024-10-03,25750,PE,0.0,0.0,0.0,1006.75,657.15,0,0,0,25279.85
2024-09-03,2024-09-05,25750,CE,2.0,3.6,1.4,1.65,1.65,443254,2131675,-17800,25279.85
2024-09-03,2024-09-12,25750,PE,453.0,493.0,438.45,482.5,482.5,163,1900,1900,25279.85
2024-09-03,2024-09-26,25750,PE,525.0,542.6,498.5,519.45,519.45,129,5300,1125,25279.85
2024-09-03,2024-09-19,26750,CE,3.0,4.0,2.75,3.1,3.1,253,21000,550,25279.85
2024-09-03,2024-09-12,26750,PE,0.0,0.0,0.0,2464.4,1427.45,0,0,0,25279.85
2024-09-03,2024-09-12,26750,CE,2.15,2.4,1.4,1.65,1.65,364,15175,4750,25279.85
2024-09-03,2024-10-31,26750,PE,0.0,0.0,0.0,2070.0,1413.5,0,0,0,25279.85
2024-09-03,2024-10-03,26600,CE,0.0,0.0,0.0,106.2,111.9,0,0,0,25279.85
2024-09-03,2024-09-05,26600,PE,0.0,0.0,0.0,1342.95,1309.8,0,0,0,25279.85
2024-09-03,2024-09-05,26600,CE,1.25,1.4,0.4,0.6,0.6,89538,1574000,-2500,25279.85
2024-09-03,2024-09-19,26700,PE,0.0,0.0,0.0,2390.4,1363.9,0,0,0,25279.85
2024-09-03,2025-06-26,21000,CE,0.0,0.0,0.0,3199.45,5555.0,0,0,0,25279.85
2024-09-03,2024-09-12,26050,PE,772.15,772.15,772.15,772.15,771.1,1,25,0,25279.85
2024-09-03,2024-09-19,26050,PE,0.0,0.0,0.0,1782.65,799.8,0,0,0,25279.85
2024-09-03,2024-09-12,26700,CE,2.1,2.1,1.45,1.6,1.6,108,5275,1250,25279.85
2024-09-03,2024-10-03,26050,CE,0.0,0.0,0.0,204.65,235.65,0,0,0,25279.85
2024-09-03,2024-11-28,26700,CE,0.0,0.0,0.0,422.45,429.1,0,0,0,25279.85
2024-09-03,2026-06-25,21000,CE,0.0,0.0,0.0,3881.9,7037.95,0,0,0,25279.85
2024-09-03,2027-12-30,21000,PE,0.0,0.0,0.0,582.95,214.15,0,50,0,25279.85
2024-09-03,2024-09-26,26050,CE,53.95,59.3,50.25,52.25,52.25,2160,64900,6300,25279.85
2024-09-03,2024-09-05,26700,CE,0.8,1.4,0.35,0.5,0.5,170937,1360925,-211650,25279.85
2024-09-03,2026-12-31,19000,PE,0.0,0.0,0.0,234.95,70.95,0,2425,0,25279.85
2024-09-03,2029-06-28,19000,CE,0.0,0.0,0.0,11036.95,12013.5,0,0,0,25279.85
2024-09-03,2025-06-26,19000,CE,0.0,0.0,0.0,3077.9,7381.55,0,0,0,25279.85
2024-09-03,2025-12-24,19000,PE,0.0,0.0,0.0,97.25,32.0,0,9775,0,25279.85
2024-09-03,2026-12-31,19000,CE,0.0,0.0,0.0,8600.0,9314.25,0,125,0,25279.85
2024-09-03,2024-12-26,19000,PE,26.05,27.0,24.65,25.85,25.85,210,530150,1900,25279.85
2024-09-03,2027-12-30,19000,CE,0.0,0.0,0.0,5794.9,10461.1,0,0,0,25279.85
2024-09-03,2024-09-19,25650,PE,0.0,0.0,0.0,1431.6,514.6,0,0,0,25279.85
2024-09-03,2024-09-12,25650,CE,43.15,50.3,34.05,38.55,38.55,25843,212150,60650,25279.85
2024-09-03,2024-11-28,25250,PE,516.65,516.65,473.25,482.0,482.0,22,475,275,25279.85
2024-09-03,2024-10-03,25250,CE,440.9,459.0,420.25,453.25,569.55,33,1025,300,25279.85
2024-09-03,2024-09-05,25250,PE,80.0,103.4,59.4,70.8,70.8,2913613,3051450,813650,25279.85
2024-09-03,2024-09-19,26150,PE,0.0,0.0,0.0,1873.65,879.8,0,0,0,25279.85
2024-09-03,2024-09-26,26150,PE,0.0,0.0,0.0,1205.05,903.05,0,275,0,25279.85
2024-09-03,2024-10-03,26150,PE,0.0,0.0,0.0,1303.4,925.1,0,0,0,25279.85
2024-09-03,2024-09-19,22400,PE,4.2,4.45,4.15,4.3,4.3,35,3050,275,25279.85
2024-09-03,2024-09-19,22400,CE,0.0,0.0,0.0,1929.7,2949.7,0,0,0,25279.85
2024-09-03,2024-09-26,22400,PE,13.05,13.95,11.55,11.95,11.95,1140,204000,6825,25279.85
2024-09-03,2024-09-19,25150,PE,201.85,201.85,162.55,170.65,170.65,197,9000,-875,25279.85
2024-09-03,2024-11-28,25150,PE,0.0,0.0,0.0,619.6,550.95,0,0,0,25279.85
2024-09-03,2024-09-12,22750,CE,0.0,0.0,0.0,1587.4,2569.8,0,0,0,25279.85
2024-09-03,2024-09-05,22750,PE,1.05,1.05,0.4,0.55,0.55,2753,21200,2025,25279.85
2024-09-03,2024-09-19,22750,CE,0.0,0.0,0.0,1610.95,2600.95,0,0,0,25279.85
2024-09-03,2024-11-28,23950,CE,0.0,0.0,0.0,1873.35,1938.6,0,0,0,25279.85
2024-09-03,2024-09-19,23200,CE,0.0,0.0,0.0,1229.75,2153.5,0,0,0,25279.85
2024-09-03,2024-09-12,23200,CE,0.0,0.0,0.0,1971.25,2120.6,0,25,0,25279.85
2024-09-03,2024-09-26,23200,CE,2159.85,2159.85,2154.2,2154.2,2188.95,2,14100,0,25279.85
2024-09-03,2024-09-05,23200,CE,2131.3,2131.3,2012.9,2012.9,2088.9,3,450,25,25279.85
2024-09-03,2024-09-12,23200,PE,3.75,3.8,2.6,2.95,2.95,232,9925,1500,25279.85
2024-09-03,2024-10-03,23200,CE,0.0,0.0,0.0,1864.3,2226.75,0,0,0,25279.85
2024-09-03,2025-12-24,16500,PE,0.0,0.0,0.0,44.6,3.15,0,2600,0,25279.85
2024-09-03,2024-09-26,23750,CE,0.0,0.0,0.0,1432.55,1659.05,0,775,0,25279.85
2024-09-03,2025-06-26,20000,CE,0.0,0.0,0.0,3180.85,6457.65,0,0,0,25279.85
2024-09-03,2024-09-12,24950,CE,409.0,430.0,400.0,415.1,415.1,415,10675,3200,25279.85
2024-09-03,2024-10-31,24950,CE,0.0,0.0,0.0,838.95,1009.9,0,2950,0,25279.85
2024-09-03,2024-09-12,24950,PE,78.0,81.35,56.3,61.45,61.45,13714,95800,21000,25279.85
2024-09-03,2024-10-03,24800,PE,178.65,178.65,160.45,170.0,170.0,27,825,225,25279.85
2024-09-03,2024-09-12,24800,CE,500.0,575.1,500.0,538.95,538.95,685,38200,3425,25279.85
2024-09-03,2024-10-31,25850,CE,0.0,0.0,0.0,463.45,539.8,0,0,0,25279.85
2024-09-03,2024-09-12,25850,PE,0.0,0.0,0.0,1628.3,605.55,0,0,0,25279.85
2024-09-03,2024-11-28,25850,PE,0.0,0.0,0.0,960.0,876.75,0,0,0,25279.85
2024-09-03,2024-09-26,25850,CE,102.0,105.6,90.95,94.0,94.0,3560,98950,275,25279.85
2024-09-03,2024-10-31,25850,PE,0.0,0.0,0.0,1406.3,812.2,0,0,0,25279.85
2024-09-03,2024-10-03,25850,CE,0.0,0.0,0.0,254.45,300.4,0,0,0,25279.85
2024-09-03,2024-09-26,25700,PE,520.95,520.95,460.0,488.4,488.4,1555,47325,10750,25279.85
2024-09-03,2024-10-03,25700,PE,0.0,0.0,0.0,972.2,627.0,0,0,0,25279.85
2024-09-03,2024-10-31,25700,PE,616.0,619.0,595.05,607.8,607.8,122,10325,550,25279.85
2024-09-03,2024-09-12,25700,CE,33.15,38.7,27.0,29.35,29.35,65813,719225,207125,25279.85
2024-09-03,2024-09-19,25700,PE,0.0,0.0,0.0,1474.2,546.8,0,0,0,25279.85
2024-09-03,2024-11-28,25650,PE,0.0,0.0,0.0,656.85,774.05,0,50,0,25279.85
2024-09-03,2024-09-26,25650,PE,470.45,478.2,438.0,457.1,457.1,152,11200,600,25279.85
2024-09-03,2024-09-05,25650,PE,405.8,406.4,330.65,371.2,371.2,8187,19750,4625,25279.85
2024-09-03,2024-10-31,25650,PE,0.0,0.0,0.0,1275.0,702.6,0,0,0,25279.85
2024-09-03,2024-11-28,25650,CE,0.0,0.0,0.0,816.8,840.75,0,0,0,25279.85
2024-09-03,2024-09-19,25650,CE,0.0,0.0,0.0,103.3,224.4,0,0,0,25279.85
2024-09-03,2024-09-26,26100,PE,785.0,798.65,770.0,785.25,785.25,7,5975,75,25279.85
2024-09-03,2024-09-05,26100,CE,1.2,1.5,0.6,0.75,0.75,212874,1413350,122200,25279.85
2024-09-03,2024-09-26,24300,CE,1098.05,1139.6,1080.7,1107.35,1107.35,202,216100,-1250,25279.85
2024-09-03,2024-09-12,25400,CE,122.1,141.25,110.8,116.9,116.9,70269,613450,230550,25279.85
2024-09-03,2024-10-31,25400,CE,552.75,577.0,539.35,560.15,560.15,3290,72100,54075,25279.85
2024-09-03,2024-09-05,25400,PE,193.6,201.25,130.15,152.55,152.55,883813,839750,206825,25279.85
2024-09-03,2024-10-31,25400,PE,484.15,492.75,450.95,470.85,470.85,3235,55750,44950,25279.85
2024-09-03,2024-09-19,25400,CE,200.0,221.2,191.05,198.55,198.55,1387,23850,-2225,25279.85
2024-09-03,2024-09-26,24900,CE,592.05,644.15,590.25,606.3,606.3,2116,568600,11600,25279.85
2024-09-03,2024-09-26,24900,PE,170.0,173.45,145.6,155.55,155.55,14781,1331725,50475,25279.85
2024-09-03,2024-09-05,24600,PE,4.6,4.6,2.1,2.45,2.45,539839,2315875,-667450,25279.85
2024-09-03,2024-09-12,24600,PE,30.7,31.25,20.4,22.3,22.3,45490,527625,128525,25279.85
2024-09-03,2024-09-12,24000,CE,1290.0,1340.95,1290.0,1305.8,1305.8,80,39325,1050,25279.85
2024-09-03,2027-06-24,24000,PE,0.0,0.0,0.0,5056.2,585.0,0,0,0,25279.85
2024-09-03,2025-06-26,22000,PE,0.0,0.0,0.0,273.55,144.95,0,1650,0,25279.85
2024-09-03,2026-12-31,22000,PE,0.0,0.0,0.0,449.5,289.95,0,125,0,25279.85
2024-09-03,2026-12-31,24000,CE,0.0,0.0,0.0,2010.65,5615.3,0,0,0,25279.85
2024-09-03,2026-12-31,22000,CE,0.0,0.0,0.0,3039.0,7001.15,0,0,0,25279.85
2024-09-03,2025-12-24,24000,PE,734.85,739.0,717.0,735.5,735.5,328,160900,5850,25279.85
2024-09-03,2025-03-27,22000,PE,165.5,165.5,148.55,152.45,152.45,401,139375,2050,25279.85
2024-09-03,2027-12-30,22000,PE,0.0,0.0,0.0,1867.9,305.95,0,0,0,25279.85
2024-09-03,2025-06-26,24000,PE,524.55,541.0,524.55,532.5,532.5,117,36750,2750,25279.85
2024-09-03,2026-06-25,24000,PE,0.0,0.0,0.0,5437.7,584.85,0,0,0,25279.85
2024-09-03,2028-12-28,24000,PE,0.0,0.0,0.0,742.35,522.95,0,0,0,25279.85
2024-09-03,2024-09-26,24000,CE,1369.0,1420.0,1364.4,1385.2,1385.2,969,832675,-3800,25279.85
2024-09-03,2024-09-12,25750,CE,25.05,36.45,20.15,22.5,22.5,38848,192250,66550,25279.85
2024-09-03,2024-10-31,25750,CE,384.95,391.35,361.7,381.45,582.7,14,300,275,25279.85
2024-09-03,2024-10-31,22650,PE,0.0,0.0,0.0,40.4,20.05,0,7500,0,25279.85
2024-09-03,2024-10-31,22650,CE,0.0,0.0,0.0,2334.1,2910.75,0,0,0,25279.85
2024-09-03,2024-10-03,26950,PE,0.0,0.0,0.0,1981.05,1578.35,0,0,0,25279.85
2024-09-03,2024-09-19,27000,CE,4.65,5.1,2.8,3.05,3.05,272,5075,3000,25279.85
2024-09-03,2024-09-19,27000,PE,0.0,0.0,0.0,2680.1,1648.5,0,0,0,25279.85
2024-09-03,2024-09-26,27000,PE,1660.0,1663.45,1610.0,1645.65,1645.65,623,535675,-1725,25279.85
2024-09-03,2024-10-31,27000,CE,120.0,120.0,40.55,49.4,49.4,5536,49600,49600,25279.85
2024-09-03,2025-06-26,27000,PE,0.0,0.0,0.0,7438.15,1589.7,0,0,0,25279.85
2024-09-03,2025-06-26,27000,CE,0.0,0.0,0.0,803.5,1419.45,0,0,0,25279.85
2024-09-03,2024-09-05,26950,PE,1684.3,1691.3,1684.3,1691.3,1691.3,8,125,100,25279.85
2024-09-03,2026-06-25,27000,CE,0.0,0.0,0.0,1352.8,3064.8,0,0,0,25279.85
2024-09-03,2024-09-26,27000,CE,6.8,7.35,5.75,6.0,6.0,16162,1569675,21575,25279.85
2024-09-03,2029-06-28,27000,CE,0.0,0.0,0.0,6570.4,7246.95,0,0,0,25279.85
2024-09-03,2024-09-26,26950,CE,0.0,0.0,0.0,143.25,36.75,0,0,0,25279.85
2024-09-03,2024-10-31,27000,PE,1531.0,1531.0,1500.0,1530.0,1530.0,37,1150,900,25279.85
2024-09-03,2027-06-24,27000,CE,0.0,0.0,0.0,1932.5,4554.65,0,0,0,25279.85
2024-09-03,2024-10-03,26950,CE,40.75,40.75,40.75,40.75,65.45,1,25,25,25279.85
2024-09-03,2024-09-12,27000,CE,1.75,2.0,1.4,1.55,1.55,1573,18000,5775,25279.85
2024-09-03,2024-11-28,27000,PE,0.0,0.0,0.0,1519.0,1606.35,0,75,0,25279.85
2024-09-03,2024-09-26,24100,CE,1275.0,1320.5,1275.0,1285.5,1285.5,24,36775,0,25279.85
2024-09-03,2024-09-05,24100,CE,1207.5,1207.5,1172.05,1181.6,1181.6,16,15650,75,25279.85
2024-09-03,2024-09-12,24100,PE,9.2,9.2,5.7,6.35,6.35,31361,1100875,47100,25279.85
2024-09-03,2024-10-31,24100,PE,140.15,150.0,131.95,139.25,139.25,437,69000,5700,25279.85
2024-09-03,2024-09-19,24100,CE,0.0,0.0,0.0,613.85,1281.65,0,0,0,25279.85
2024-09-03,2024-09-26,23600,PE,27.0,28.0,24.45,25.65,25.65,8575,399025,-61925,25279.85
2024-09-03,2024-09-26,23600,CE,1767.65,1767.65,1767.5,1767.5,1801.25,2,25175,0,25279.85
2024-09-03,2024-09-19,23600,PE,8.1,11.85,7.4,11.7,11.7,977,19250,13000,25279.85
2024-09-03,2024-11-28,23600,CE,0.0,0.0,0.0,2149.35,2222.75,0,0,0,25279.85
2024-09-03,2024-09-05,23600,PE,1.0,1.15,0.5,0.65,0.65,111568,1025000,-19500,25279.85
2024-09-03,2024-09-12,23600,PE,4.6,4.75,3.2,3.55,3.55,2175,55175,-5500,25279.85
2024-09-03,2024-09-19,22550,PE,4.55,5.9,3.55,3.55,0.1,67,2375,1575,25279.85
2024-09-03,2024-09-12,22550,PE,2.95,2.95,1.9,2.3,2.3,172,3675,575,25279.85
2024-09-03,2024-09-05,22800,PE,1.0,1.1,0.35,0.45,0.45,29625,283350,-23775,25279.85
2024-09-03,2024-10-31,22550,CE,0.0,0.0,0.0,2418.35,3006.4,0,0,0,25279.85
2024-09-03,2024-09-26,22800,CE,2548.0,2548.0,2548.0,2548.0,2583.4,1,2400,25,25279.85
2024-09-03,2024-10-31,22550,PE,37.0,37.0,37.0,37.0,16.85,10,1525,250,25279.85
2024-09-03,2026-12-31,14000,PE,0.0,0.0,0.0,22.0,1.55,0,1000,0,25279.85
2024-09-03,2024-09-19,23450,CE,0.0,0.0,0.0,1036.55,1906.4,0,0,0,25279.85
2024-09-03,2024-09-12,26900,CE,2.25,2.25,1.4,1.5,1.5,381,6975,2325,25279.85
2024-09-03,2024-09-12,26900,PE,0.0,0.0,0.0,2609.3,1575.25,0,0,0,25279.85
2024-09-03,2024-11-28,23450,PE,128.95,128.95,128.95,128.95,120.05,1,125,25,25279.85
2024-09-03,2024-09-26,26900,CE,7.75,8.5,5.6,6.6,6.6,957,46600,8925,25279.85
2024-09-03,2024-10-03,23450,CE,0.0,0.0,0.0,1645.1,1987.25,0,0,0,25279.85
2024-09-03,2024-09-26,23050,CE,0.0,0.0,0.0,2242.6,2336.35,0,250,0,25279.85
2024-09-03,2024-09-05,26350,CE,1.3,1.7,0.5,0.7,0.7,37361,172375,35600,25279.85
2024-09-03,2024-11-28,26350,PE,0.0,0.0,0.0,1257.25,1165.9,0,0,0,25279.85
2024-09-03,2024-09-26,26350,CE,0.0,0.0,0.0,232.85,108.95,0,0,0,25279.85
2024-09-03,2024-10-03,26350,PE,0.0,0.0,0.0,1463.55,1075.75,0,0,0,25279.85
2024-09-03,2024-09-12,26350,CE,2.25,3.45,2.05,2.3,2.3,1893,30025,21125,25279.85
2024-09-03,2024-09-26,24650,PE,118.5,118.5,97.55,104.85,104.85,3266,82500,7775,25279.85
2024-09-03,2024-09-05,24650,PE,4.9,5.25,2.4,2.8,2.8,226843,830525,316275,25279.85
2024-09-03,2024-09-05,23950,CE,0.0,0.0,0.0,1321.55,1339.2,0,275,0,25279.85
2024-09-03,2024-11-28,25350,CE,0.0,0.0,0.0,965.55,996.05,0,0,0,25279.85
2024-09-03,2024-09-05,24750,PE,7.75,8.35,3.5,4.0,4.0,520622,1931575,665950,25279.85
2024-09-03,2024-11-28,24750,CE,0.0,0.0,0.0,1312.6,1357.65,0,0,0,25279.85
2024-09-03,2024-10-31,26750,CE,64.85,78.9,64.85,73.8,73.8,774,51400,-1325,25279.85
2024-09-03,2024-10-03,25650,PE,0.0,0.0,0.0,938.25,597.7,0,0,0,25279.85
2024-09-03,2024-10-31,25650,CE,0.0,0.0,0.0,418.8,627.9,0,200,0,25279.85
2024-09-03,2024-09-26,25650,CE,148.25,175.85,148.25,158.85,158.85,752,41275,-2775,25279.85
2024-09-03,2024-10-03,25650,CE,0.0,0.0,0.0,313.45,377.2,0,0,0,25279.85
2024-09-03,2024-09-12,25650,PE,400.05,406.35,359.05,384.75,384.75,343,3850,-475,25279.85
2024-09-03,2024-09-05,25650,CE,6.05,7.3,2.9,3.4,3.4,991416,2641650,325150,25279.85
2024-09-03,2024-09-26,25250,CE,384.3,390.0,348.9,361.95,361.95,8222,96950,20300,25279.85
2024-09-03,2024-09-19,25250,CE,299.7,306.45,269.75,282.1,282.1,1086,11525,3525,25279.85
2024-09-03,2024-10-31,25250,PE,417.05,426.9,400.5,415.55,415.55,187,5450,1025,25279.85
2024-09-03,2024-11-28,25250,CE,832.0,832.0,832.0,832.0,832.0,2,2200,50,25279.85
2024-09-03,2024-09-26,24850,PE,151.0,155.2,134.9,144.35,144.35,1398,71450,1050,25279.85
2024-09-03,2024-09-12,24850,CE,492.55,530.0,483.45,496.45,496.45,88,9925,75,25279.85
2024-09-03,2024-09-19,24850,CE,559.95,562.85,545.15,562.85,656.5,75,1900,825,25279.85
2024-09-03,2024-09-19,24050,CE,0.0,0.0,0.0,641.85,1328.05,0,0,0,25279.85
2024-09-03,2024-10-31,24050,CE,0.0,0.0,0.0,1298.75,1659.45,0,0,0,25279.85
2024-09-03,2024-09-05,24050,CE,0.0,0.0,0.0,1216.1,1239.25,0,3325,0,25279.85
2024-09-03,2024-09-19,22900,CE,0.0,0.0,0.0,1479.75,2451.6,0,0,0,25279.85
2024-09-03,2024-09-26,22900,CE,0.0,0.0,0.0,2482.25,2484.4,0,2125,0,25279.85
2024-09-03,2024-09-12,22900,PE,2.7,3.0,2.25,2.3,2.3,312,7650,1025,25279.85
2024-09-03,2024-10-31,22900,CE,0.0,0.0,0.0,2128.55,2674.1,0,0,0,25279.85
2024-09-03,2024-10-31,22900,PE,44.4,45.0,42.4,43.4,43.4,215,97600,450,25279.85
2024-09-03,2024-09-05,22900,CE,0.0,0.0,0.0,2322.75,2388.8,0,3350,0,25279.85
2024-09-03,2024-09-12,22900,CE,0.0,0.0,0.0,1456.9,2420.05,0,0,0,25279.85
2024-09-03,2024-11-28,25100,PE,0.0,0.0,0.0,598.75,531.2,0,0,0,25279.85
2024-09-03,2024-09-26,23450,PE,28.8,28.8,21.7,23.45,10.6,72,6300,-475,25279.85
2024-09-03,2024-10-31,26900,CE,132.1,132.1,69.65,69.65,69.65,7,100,100,25279.85
2024-09-03,2024-09-05,26900,PE,0.0,0.0,0.0,1561.8,1609.7,0,50,0,25279.85
2024-09-03,2024-09-05,23450,CE,0.0,0.0,0.0,1855.0,1839.0,0,50,0,25279.85
2024-09-03,2024-10-03,26900,CE,15.95,15.95,12.0,12.6,12.6,260,8900,2525,25279.85
2024-09-03,2024-09-19,25750,PE,0.0,0.0,0.0,1517.15,580.1,0,0,0,25279.85
2024-09-03,2024-11-28,25750,PE,0.0,0.0,0.0,905.85,824.45,0,0,0,25279.85
2024-09-03,2024-11-28,25750,CE,0.0,0.0,0.0,770.95,792.8,0,0,0,25279.85
2024-09-03,2024-09-26,22750,CE,0.0,0.0,0.0,1850.0,2632.95,0,125,0,25279.85
2024-09-03,2024-09-19,23950,CE,0.0,0.0,0.0,700.2,1421.95,0,0,0,25279.85
2024-09-03,2024-09-26,23950,PE,42.85,42.85,36.1,37.7,37.7,817,83450,4050,25279.85
2024-09-03,2024-09-05,23950,PE,1.65,2.25,0.75,1.05,1.05,45148,275975,7350,25279.85
2024-09-03,2024-09-12,24600,CE,711.0,755.0,705.0,722.9,722.9,279,13300,4650,25279.85
2024-09-03,2027-12-30,24000,PE,0.0,0.0,0.0,800.0,568.35,0,75,0,25279.85
2024-09-03,2028-06-29,22000,PE,0.0,0.0,0.0,520.05,303.9,0,100,0,25279.85
2024-09-03,2024-10-03,24000,CE,0.0,0.0,0.0,1200.65,1482.55,0,0,0,25279.85
2024-09-03,2024-09-26,24000,PE,47.7,48.0,38.7,41.25,41.25,56304,4048300,85800,25279.85
2024-09-03,2029-06-28,24000,PE,0.0,0.0,0.0,686.6,497.3,0,0,0,25279.85
2024-09-03,2026-06-25,24000,CE,0.0,0.0,0.0,1698.3,4828.7,0,0,0,25279.85
2024-09-03,2024-09-19,26550,CE,5.0,5.5,4.15,5.4,5.4,51,7125,800,25279.85
2024-09-03,2024-10-31,26150,PE,891.35,897.2,858.7,858.7,993.55,4,50,-50,25279.85
2024-09-03,2024-11-28,26450,CE,0.0,0.0,0.0,499.5,509.4,0,0,0,25279.85
2024-09-03,2024-09-12,26450,PE,0.0,0.0,0.0,2178.2,1136.75,0,0,0,25279.85
2024-09-03,2024-10-03,26450,CE,0.0,0.0,0.0,128.05,138.75,0,0,0,25279.85
2024-09-03,2024-09-26,26450,CE,16.0,16.3,12.95,15.0,15.0,333,15225,1200,25279.85
2024-09-03,2024-09-19,26450,PE,0.0,0.0,0.0,2152.65,1136.05,0,0,0,25279.85
2024-09-03,2024-11-28,25050,PE,0.0,0.0,0.0,578.35,512.0,0,0,0,25279.85
2024-09-03,2024-09-12,25050,CE,330.9,365.55,323.05,331.9,331.9,1271,40450,50,25279.85
2024-09-03,2026-12-31,12000,PE,0.0,0.0,0.0,21.15,0.15,0,600,0,25279.85
2024-09-03,2026-06-25,12000,CE,0.0,0.0,0.0,8690.0,14761.9,0,50,0,25279.85
2024-09-03,2026-06-25,28000,CE,0.0,0.0,0.0,1533.95,2590.35,0,0,0,25279.85
2024-09-03,2026-12-31,28000,PE,0.0,0.0,0.0,6224.8,1713.45,0,0,0,25279.85
2024-09-03,2028-06-29,28000,PE,0.0,0.0,0.0,3161.35,1365.05,0,0,0,25279.85
2024-09-03,2029-06-28,28000,CE,0.0,0.0,0.0,6112.6,6746.4,0,0,0,25279.85
2024-09-03,2027-12-30,28000,CE,0.0,0.0,0.0,2639.2,4776.3,0,0,0,25279.85
2024-09-03,2028-12-28,28000,PE,0.0,0.0,0.0,1697.6,1264.8,0,0,0,25279.85
2024-09-03,2025-03-27,28000,PE,0.0,0.0,0.0,2700.0,2239.15,0,25,0,25279.85
2024-09-03,2024-12-26,28000,PE,2272.0,2291.55,2235.45,2268.95,2268.95,230,110650,675,25279.85
2024-09-03,2029-06-28,28000,PE,0.0,0.0,0.0,1488.1,1171.8,0,0,0,25279.85
2024-09-03,2028-12-28,28000,CE,0.0,0.0,0.0,4027.15,6109.9,0,0,0,25279.85
2024-09-03,2024-09-05,25050,PE,35.55,38.05,16.6,20.3,20.3,809996,1566325,34225,25279.85
2024-09-03,2024-11-28,25050,CE,0.0,0.0,0.0,1130.85,1168.45,0,0,0,25279.85
2024-09-03,2024-09-12,25050,PE,106.05,106.2,75.3,81.85,81.85,13600,162825,72150,25279.85
2024-09-03,2024-10-31,22700,CE,0.0,0.0,0.0,1950.85,2863.15,0,0,0,25279.85
2024-09-03,2027-06-24,22000,CE,0.0,0.0,0.0,2783.5,7650.9,0,0,0,25279.85
2024-09-03,2024-09-12,22700,PE,2.35,2.6,2.0,2.5,2.5,10105,10450,8500,25279.85
2024-09-03,2024-09-05,22700,PE,0.8,0.85,0.35,0.5,0.5,26646,462475,297700,25279.85
2024-09-03,2024-10-31,22350,PE,0.0,0.0,0.0,91.7,11.7,0,175,0,25279.85
2024-09-03,2024-09-05,22350,PE,1.05,1.05,0.5,0.6,0.6,39844,1161425,-43800,25279.85
2024-09-03,2024-09-05,22350,CE,0.0,0.0,0.0,2820.45,2938.6,0,0,0,25279.85
2024-09-03,2024-09-12,22350,PE,2.25,2.3,1.75,2.0,2.0,2747,58600,39400,25279.85
2024-09-03,2024-09-12,22350,CE,0.0,0.0,0.0,1951.4,2969.05,0,0,0,25279.85
2024-09-03,2024-09-26,22350,PE,12.9,14.1,10.3,12.0,12.0,77,3375,-250,25279.85
2024-09-03,2024-09-26,22350,CE,2947.05,3000.0,2780.1,3000.0,3030.2,12,300,125,25279.85
2024-09-03,2024-10-31,22350,CE,0.0,0.0,0.0,2590.15,3198.95,0,0,0,25279.85
2024-09-03,2024-09-12,25150,PE,131.8,135.75,100.4,109.35,109.35,12580,121675,16400,25279.85
2024-09-03,2024-09-12,22400,CE,0.0,0.0,0.0,1904.85,2919.15,0,0,0,25279.85
2024-09-03,2024-10-31,22400,PE,33.65,33.65,31.95,31.95,12.85,17,57700,-425,25279.85
2024-09-03,2024-11-28,25150,CE,937.75,937.75,937.75,937.75,1109.05,1,25,25,25279.85
2024-09-03,2024-09-12,24200,CE,1074.5,1125.0,1074.5,1125.0,1132.7,82,6500,1050,25279.85
2024-09-03,2024-09-19,24200,CE,0.0,0.0,0.0,1130.0,1190.1,0,100,0,25279.85
2024-09-03,2024-09-26,22850,PE,16.55,17.5,15.25,15.25,1.75,5,1850,25,25279.85
2024-09-03,2024-11-28,24950,PE,0.0,0.0,0.0,401.35,474.9,0,25,0,25279.85
2024-09-03,2025-03-27,20000,PE,67.8,69.0,62.95,66.4,66.4,102,17800,1350,25279.85
2024-09-03,2024-09-19,24950,CE,482.95,494.2,482.95,488.95,488.95,7,525,0,25279.85
2024-09-03,2027-06-24,20000,CE,0.0,0.0,0.0,3367.05,9113.35,0,0,0,25279.85
2024-09-03,2024-10-03,23400,PE,40.0,40.0,30.15,33.05,33.05,15,425,250,25279.85
2024-09-03,2024-11-28,24250,CE,0.0,0.0,0.0,1651.75,1708.75,0,0,0,25279.85
2024-09-03,2024-11-28,24250,PE,0.0,0.0,0.0,313.65,265.9,0,0,0,25279.85
2024-09-03,2024-10-31,24250,CE,0.0,0.0,0.0,1303.95,1501.5,0,50,0,25279.85
2024-09-03,2024-10-03,24250,CE,0.0,0.0,0.0,1019.75,1268.55,0,0,0,25279.85
2024-09-03,2024-09-26,24250,CE,0.0,0.0,0.0,1157.95,1207.3,0,7375,0,25279.85
2024-09-03,2024-09-19,24250,CE,0.0,0.0,0.0,534.45,1145.05,0,0,0,25279.85
2024-09-03,2024-09-05,24250,PE,2.65,2.65,1.1,1.35,1.35,71088,252650,-92100,25279.85
2024-09-03,2024-09-12,24250,PE,13.4,13.4,8.0,8.9,8.9,6559,66250,1250,25279.85
2024-09-03,2024-09-26,24250,PE,64.75,65.05,54.45,58.1,58.1,1029,49575,2125,25279.85
2024-09-03,2024-10-31,24250,PE,0.0,0.0,0.0,166.0,192.35,0,1925,0,25279.85
2024-09-03,2024-09-05,24250,CE,1028.9,1076.05,1011.2,1028.5,1028.5,146,2425,0,25279.85
2024-09-03,2024-09-19,24250,PE,0.0,0.0,0.0,472.5,39.6,0,0,0,25279.85
2024-09-03,2024-10-03,24250,PE,0.0,0.0,0.0,256.25,97.2,0,0,0,25279.85
2024-09-03,2024-09-12,24250,CE,1045.0,1045.0,1045.0,1045.0,1085.05,1,875,25,25279.85
2024-09-03,2024-10-31,25450,PE,0.0,0.0,0.0,516.4,602.45,0,650,0,25279.85
2024-09-03,2024-09-05,25450,CE,31.4,39.45,19.7,23.3,23.3,1313367,2393625,-249975,25279.85
2024-09-03,2024-09-19,25450,CE,180.7,188.95,168.85,174.75,174.75,141,4275,1925,25279.85
2024-09-03,2024-09-26,25450,CE,251.4,271.4,241.9,249.9,249.9,1160,51150,-1650,25279.85
2024-09-03,2024-10-31,23650,CE,0.0,0.0,0.0,1563.25,1994.45,0,0,0,25279.85
2024-09-03,2024-09-05,23650,CE,1632.1,1658.65,1616.35,1642.35,1639.1,8,100,25,25279.85
2024-09-03,2024-09-05,22900,PE,1.25,1.3,0.35,0.45,0.45,16114,250950,-45550,25279.85
2024-09-03,2024-10-03,23050,PE,23.8,28.8,21.0,24.05,24.05,41,1725,325,25279.85
2024-09-03,2024-09-19,26350,PE,0.0,0.0,0.0,2058.75,1048.2,0,0,0,25279.85
2024-09-03,2024-09-26,26350,PE,0.0,0.0,0.0,1369.5,1061.15,0,150,0,25279.85
2024-09-03,2024-09-19,24450,CE,0.0,0.0,0.0,540.0,970.45,0,0,0,25279.85
2024-09-03,2024-11-28,25600,PE,625.25,625.25,620.05,620.05,749.7,2,50,50,25279.85
2024-09-03,2024-09-19,25600,CE,116.85,129.1,107.5,113.0,113.0,1719,47875,7125,25279.85
2024-09-03,2024-09-12,25600,CE,56.65,63.6,46.0,49.85,49.85,65902,588900,161825,25279.85
2024-09-03,2024-09-05,25600,CE,9.4,10.7,4.55,5.5,5.5,1287378,6700000,1628775,25279.85
2024-09-03,2024-09-05,25600,PE,350.0,363.4,283.6,322.0,322.0,59043,140800,39650,25279.85
2024-09-03,2024-10-31,25600,CE,438.45,459.5,432.4,446.4,446.4,243,15825,400,25279.85
2024-09-03,2024-09-12,25600,PE,387.6,387.6,320.25,346.8,346.8,4765,24950,11425,25279.85
2024-09-03,2024-10-31,25600,PE,566.0,566.95,546.95,561.05,561.05,63,3375,-425,25279.85
2024-09-03,2024-10-03,25600,CE,0.0,0.0,0.0,329.7,398.35,0,0,0,25279.85
2024-09-03,2024-09-26,25600,CE,156.3,198.0,156.3,179.3,179.3,17279,573250,17300,25279.85
2024-09-03,2024-09-19,25600,PE,397.85,415.05,377.15,392.3,392.3,33,3250,300,25279.85
2024-09-03,2024-09-26,25600,PE,454.5,460.5,402.0,427.95,427.95,5032,74275,17100,25279.85
2024-09-03,2024-10-03,25600,PE,0.0,0.0,0.0,787.5,569.15,0,75,0,25279.85
2024-09-03,2024-11-28,25600,CE,608.25,642.85,608.25,633.75,633.75,34,650,475,25279.85
2024-09-03,2024-10-03,24850,CE,0.0,0.0,0.0,674.1,814.05,0,50,0,25279.85
2024-09-03,2024-11-28,23450,CE,0.0,0.0,0.0,2272.55,2349.25,0,0,0,25279.85
2024-09-03,2024-09-12,23450,CE,0.0,0.0,0.0,1018.0,1871.3,0,0,0,25279.85
2024-09-03,2024-09-12,22750,PE,2.35,3.75,1.85,2.45,2.45,189,3225,1525,25279.85
2024-09-03,2024-10-03,23950,PE,0.0,0.0,0.0,177.5,57.15,0,0,0,25279.85
2024-09-03,2024-10-31,23950,PE,0.0,0.0,0.0,109.1,135.25,0,50,0,25279.85
2024-09-03,2024-10-03,23950,CE,0.0,0.0,0.0,1238.5,1526.75,0,0,0,25279.85
2024-09-03,2024-09-05,25900,CE,1.95,1.95,0.9,1.0,1.0,484189,3144225,-60450,25279.85
2024-09-03,2024-10-03,25900,PE,0.0,0.0,0.0,1113.85,752.15,0,0,0,25279.85
2024-09-03,2024-09-26,25900,CE,83.3,93.0,79.3,82.35,82.35,18892,745825,63625,25279.85
2024-09-03,2024-10-03,25900,CE,0.0,0.0,0.0,301.15,283.1,0,25,0,25279.85
2024-09-03,2024-11-28,25900,PE,0.0,0.0,0.0,987.75,903.6,0,0,0,25279.85
2024-09-03,2024-09-19,25900,CE,0.0,0.0,0.0,71.8,146.3,0,0,0,25279.85
2024-09-03,2024-11-28,25900,CE,0.0,0.0,0.0,498.35,724.5,0,200,0,25279.85
2024-09-03,2024-09-19,25900,PE,0.0,0.0,0.0,1648.4,685.75,0,0,0,25279.85
2024-09-03,2024-09-26,25900,PE,693.0,693.0,604.1,627.1,627.1,202,5800,900,25279.85
2024-09-03,2024-10-31,25900,CE,299.95,319.05,297.6,309.45,309.45,863,89400,5400,25279.85
2024-09-03,2024-09-12,25900,CE,13.0,13.0,8.1,9.15,9.15,73484,605600,175575,25279.85
2024-09-03,2024-09-05,25900,PE,643.9,643.9,579.9,620.3,620.3,809,7325,1125,25279.85
2024-09-03,2024-10-31,25900,PE,736.75,737.0,696.05,696.05,841.05,9,1550,50,25279.85
2024-09-03,2024-09-12,25900,PE,639.0,639.0,588.8,600.05,600.05,50,4150,450,25279.85
2024-09-03,2024-10-03,24350,PE,0.0,0.0,0.0,287.45,114.6,0,0,0,25279.85
2024-09-03,2024-10-31,24350,PE,0.0,0.0,0.0,182.7,214.95,0,750,0,25279.85
2024-09-03,2024-09-19,24350,CE,0.0,0.0,0.0,727.85,1056.55,0,50,0,25279.85
2024-09-03,2024-09-26,24350,PE,70.5,73.1,62.65,66.35,66.35,976,53525,-1100,25279.85
2024-09-03,2024-09-12,23100,CE,0.0,0.0,0.0,1289.3,2220.4,0,0,0,25279.85
2024-09-03,2024-09-19,23100,PE,0.0,0.0,0.0,107.05,0.9,0,0,0,25279.85
2024-09-03,2025-12-24,20000,CE,0.0,0.0,0.0,6710.0,7163.5,0,625,0,25279.85
2024-09-03,2024-09-26,20000,CE,5312.0,5345.7,5300.55,5335.0,5369.4,73,327650,200,25279.85
2024-09-03,2026-12-31,20000,CE,0.0,0.0,0.0,3704.3,8518.9,0,0,0,25279.85
2024-09-03,2028-06-29,20000,CE,0.0,0.0,0.0,5724.65,10293.1,0,0,0,25279.85
2024-09-03,2026-06-25,20000,CE,0.0,0.0,0.0,3829.5,7846.6,0,0,0,25279.85
2024-09-03,2027-06-24,20000,PE,0.0,0.0,0.0,3034.2,134.3,0,0,0,25279.85
2024-09-03,2024-09-26,20000,PE,3.85,4.5,3.8,4.3,4.3,1528,738325,-7550,25279.85
2024-09-03,2024-10-03,25500,PE,0.0,0.0,0.0,412.2,514.5,0,100,0,25279.85
2024-09-03,2024-09-05,23850,CE,1417.0,1417.0,1413.45,1413.45,1413.45,14,875,-50,25279.85
2024-09-03,2024-09-12,23850,PE,4.5,6.0,3.5,4.2,4.2,6376,12700,-1925,25279.85
2024-09-03,2024-10-03,23850,PE,0.0,0.0,0.0,155.7,47.25,0,0,0,25279.85
2024-09-03,2024-10-03,23850,CE,0.0,0.0,0.0,1315.9,1616.25,0,0,0,25279.85
2024-09-03,2024-09-26,23850,CE,0.0,0.0,0.0,1400.0,1565.65,0,575,0,25279.85
2024-09-03,2024-11-28,23850,CE,0.0,0.0,0.0,1950.5,2018.1,0,0,0,25279.85
2024-09-03,2028-06-29,20000,PE,0.0,0.0,0.0,400.0,149.85,0,0,0,25279.85
2024-09-03,2024-09-05,24950,CE,316.3,384.8,316.3,343.35,343.35,12577,148150,-5900,25279.85
2024-09-03,2027-12-30,20000,PE,0.0,0.0,0.0,300.1,144.4,0,2600,0,25279.85
2024-09-03,2025-03-27,20000,CE,0.0,0.0,0.0,3896.85,6094.7,0,0,0,25279.85
2024-09-03,2028-12-28,20000,CE,0.0,0.0,0.0,8115.5,10835.7,0,0,0,25279.85
2024-09-03,2026-06-25,20000,PE,0.0,0.0,0.0,3159.75,96.7,0,0,0,25279.85
2024-09-03,2024-12-26,20000,CE,5571.15,5610.0,5560.0,5563.6,5563.6,13,296200,-150,25279.85
2024-09-03,2024-12-26,15000,PE,14.7,17.55,12.85,15.8,15.8,495,35225,10100,25279.85
2024-09-03,2025-06-26,15000,PE,0.0,0.0,0.0,20.65,0.05,0,1750,0,25279.85
2024-09-03,2027-12-30,15000,PE,0.0,0.0,0.0,37.4,9.2,0,350,0,25279.85
2024-09-03,2024-10-03,26100,CE,0.0,0.0,0.0,193.45,221.25,0,0,0,25279.85
2024-09-03,2028-06-29,21000,CE,0.0,0.0,0.0,5226.55,9603.45,0,0,0,25279.85
2024-09-03,2026-06-25,21000,PE,0.0,0.0,0.0,3065.6,164.6,0,0,0,25279.85
2024-09-03,2024-09-19,25050,CE,421.45,426.8,400.95,426.8,522.05,47,1725,175,25279.85
2024-09-03,2024-10-03,25550,PE,0.0,0.0,0.0,872.2,541.4,0,0,0,25279.85
2024-09-03,2024-10-31,25550,PE,0.0,0.0,0.0,1211.8,651.3,0,0,0,25279.85
2024-09-03,2024-09-12,25550,PE,348.85,348.85,285.5,309.75,309.75,1706,12875,6450,25279.85
2024-09-03,2024-10-03,25550,CE,0.0,0.0,0.0,402.7,420.35,0,100,0,25279.85
2024-09-03,2024-09-26,25550,CE,197.1,220.85,195.0,200.1,200.1,1217,78700,4375,25279.85
2024-09-03,2024-10-31,25550,CE,480.0,482.8,475.1,475.1,475.1,7,675,125,25279.85
2024-09-03,2024-10-03,25500,CE,300.0,322.3,288.7,301.45,301.45,148,2875,1675,25279.85
2024-09-03,2024-11-28,25500,PE,602.45,602.45,565.65,588.65,588.65,551,29175,4775,25279.85
2024-09-03,2026-06-25,22000,CE,0.0,0.0,0.0,2722.55,6260.8,0,0,0,25279.85
2024-09-03,2028-06-29,22000,CE,0.0,0.0,0.0,4759.5,8933.5,0,0,0,25279.85
2024-09-03,2025-06-26,24000,CE,0.0,0.0,0.0,2500.0,3126.3,0,1275,0,25279.85
2024-09-03,2024-12-26,17000,CE,8469.0,8469.0,8469.0,8469.0,8469.0,1,20225,-25,25279.85
2024-09-03,2024-09-05,23350,CE,0.0,0.0,0.0,1919.6,1939.0,0,2100,0,25279.85
2024-09-03,2024-10-31,23350,PE,0.0,0.0,0.0,69.7,60.8,0,6925,0,25279.85
2024-09-03,2024-09-26,23350,CE,0.0,0.0,0.0,2000.0,2042.45,0,600,0,25279.85
2024-09-03,2024-09-12,23350,CE,0.0,0.0,0.0,1091.85,1971.0,0,0,0,25279.85
2024-09-03,2024-10-03,23350,PE,0.0,0.0,0.0,46.65,16.4,0,50,0,25279.85
2024-09-03,2024-11-28,24200,CE,0.0,0.0,0.0,1687.95,1746.1,0,0,0,25279.85
2024-09-03,2024-09-05,24200,PE,2.0,2.2,1.15,1.35,1.35,274919,1899125,-146100,25279.85
2024-09-03,2024-09-26,22850,CE,0.0,0.0,0.0,2186.6,2533.9,0,125,0,25279.85
2024-09-03,2024-09-19,26300,PE,0.0,0.0,0.0,2012.15,1005.15,0,0,0,25279.85
2024-09-03,2024-09-12,26300,CE,2.9,3.1,2.1,2.4,2.4,7946,216200,46500,25279.85
2024-09-03,2024-10-03,24000,PE,64.2,67.25,56.8,60.9,60.9,254,21500,0,25279.85
2024-09-03,2024-09-12,24000,PE,6.5,8.85,4.7,5.2,5.2,43160,2110825,119525,25279.85
2024-09-03,2025-12-24,22000,CE,0.0,0.0,0.0,5075.0,5497.9,0,2950,0,25279.85
2024-09-03,2024-11-28,24000,PE,189.25,197.55,185.95,193.85,193.85,1416,55750,20775,25279.85
2024-09-03,2025-06-26,22000,CE,0.0,0.0,0.0,2088.15,4687.7,0,0,0,25279.85
2024-09-03,2028-12-28,24000,CE,0.0,0.0,0.0,5850.3,8287.3,0,0,0,25279.85
2024-09-03,2024-10-31,24000,PE,130.55,131.45,120.0,126.35,126.35,8077,672800,35450,25279.85
2024-09-03,2024-12-26,24000,PE,264.55,264.6,256.8,261.75,261.75,8406,1962400,32775,25279.85
2024-09-03,2024-09-19,24000,PE,21.05,21.05,15.0,16.75,16.75,16636,831625,26300,25279.85
2024-09-03,2024-09-19,23050,PE,0.0,0.0,0.0,21.4,0.75,0,25,0,25279.85
2024-09-03,2024-10-03,23050,CE,0.0,0.0,0.0,1999.85,2372.3,0,0,0,25279.85
2024-09-03,2024-09-19,23050,CE,0.0,0.0,0.0,1352.5,2302.4,0,0,0,25279.85
2024-09-03,2024-10-31,23050,CE,0.0,0.0,0.0,2009.05,2534.1,0,0,0,25279.85
2024-09-03,2024-10-03,24400,CE,0.0,0.0,0.0,1050.65,1146.4,0,0,0,25279.85
2024-09-03,2024-11-28,27050,PE,0.0,0.0,0.0,1743.1,1644.05,0,0,0,25279.85
2024-09-03,2024-09-05,27050,PE,1800.1,1800.1,1620.1,1620.1,1759.6,2,25,25,25279.85
2024-09-03,2024-09-05,27050,CE,0.9,1.0,0.4,0.55,0.55,45512,161875,161875,25279.85
2024-09-03,2024-09-26,27050,CE,0.0,0.0,0.0,131.65,30.1,0,0,0,25279.85
2024-09-03,2024-09-12,27050,PE,0.0,0.0,0.0,2755.1,1723.9,0,0,0,25279.85
2024-09-03,2024-09-12,27050,CE,2.65,2.65,1.25,1.65,1.65,336,4525,4525,25279.85
2024-09-03,2024-09-19,27050,PE,0.0,0.0,0.0,2728.75,1696.75,0,0,0,25279.85
2024-09-03,2024-09-19,27050,CE,4.85,4.85,3.3,3.5,10.9,57,850,850,25279.85
2024-09-03,2024-11-28,27050,CE,202.05,202.05,157.75,157.75,334.55,2,25,25,25279.85
2024-09-03,2024-10-31,27050,PE,0.0,0.0,0.0,2313.6,1646.3,0,0,0,25279.85
2024-09-03,2024-09-26,27050,PE,0.0,0.0,0.0,2648.6,1679.15,0,0,0,25279.85
2024-09-03,2024-10-03,27050,PE,0.0,0.0,0.0,2071.65,1667.95,0,0,0,25279.85
2024-09-03,2024-10-03,27050,CE,34.9,34.9,34.9,34.9,55.65,1,25,25,25279.85
2024-09-03,2024-11-28,26750,CE,0.0,0.0,0.0,408.2,414.3,0,0,0,25279.85
2024-09-03,2024-09-05,26750,CE,1.0,1.25,0.35,0.45,0.45,74835,750800,-50,25279.85
2024-09-03,2024-09-26,26750,PE,0.0,0.0,0.0,2391.55,1404.35,0,0,0,25279.85
2024-09-03,2024-09-12,23050,CE,0.0,0.0,0.0,1330.45,2270.3,0,0,0,25279.85
2024-09-03,2024-09-05,23050,PE,1.0,1.0,0.4,0.5,0.5,3277,37375,5375,25279.85
2024-09-03,2024-09-26,23050,PE,20.0,20.0,16.75,17.75,17.75,1737,9275,6625,25279.85
2024-09-03,2024-10-31,24650,PE,0.0,0.0,0.0,235.75,294.15,0,100,0,25279.85
2024-09-03,2024-09-19,24650,CE,736.05,736.45,736.05,736.45,806.8,2,475,-25,25279.85
2024-09-03,2024-09-26,24700,CE,757.15,793.0,744.25,761.05,761.05,833,210975,-10400,25279.85
2024-09-03,2024-09-19,24700,PE,78.8,78.8,62.4,66.8,66.8,1238,34275,-2225,25279.85
2024-09-03,2024-10-31,23400,PE,69.45,69.85,65.2,69.4,69.4,480,72150,6700,25279.85
2024-09-03,2024-11-28,25450,CE,685.95,727.75,685.95,727.75,727.75,6,150,-50,25279.85
2024-09-03,2024-10-03,25450,CE,0.0,0.0,0.0,382.15,466.75,0,0,0,25279.85
2024-09-03,2024-10-31,25450,CE,519.35,539.1,500.85,530.2,530.2,27,4050,-50,25279.85
2024-09-03,2024-09-26,23700,CE,1660.0,1685.95,1660.0,1675.0,1706.2,3,9050,25,25279.85
2024-09-03,2024-09-12,23700,PE,5.65,5.65,3.4,3.9,3.9,8298,112575,9150,25279.85
2024-09-03,2024-11-28,23700,PE,150.0,151.0,150.0,150.5,150.5,4,2625,75,25279.85
2024-09-03,2024-09-05,23700,CE,1576.9,1632.7,1565.85,1585.4,1585.4,53,3025,-975,25279.85
2024-09-03,2024-12-26,15000,CE,0.0,0.0,0.0,10330.0,10617.55,0,15675,0,25279.85
2024-09-03,2026-06-25,15000,PE,0.0,0.0,0.0,31.3,1.9,0,850,0,25279.85
2024-09-03,2024-09-12,26100,PE,0.0,0.0,0.0,1852.85,814.65,0,0,0,25279.85
2024-09-03,2024-10-31,26100,PE,0.0,0.0,0.0,860.0,961.95,0,2100,0,25279.85
2024-09-03,2024-09-12,25400,PE,243.75,250.65,197.6,214.7,214.7,29555,204100,48650,25279.85
2024-09-03,2024-11-28,25400,CE,726.05,756.8,726.05,752.0,752.0,4,150,0,25279.85
2024-09-03,2024-10-03,25400,CE,325.4,367.0,325.4,356.1,356.1,39,1150,350,25279.85
2024-09-03,2024-09-19,24300,PE,35.0,35.55,26.6,29.45,29.45,1235,36975,14250,25279.85
2024-09-03,2024-11-28,24300,CE,0.0,0.0,0.0,1615.95,1671.8,0,0,0,25279.85
2024-09-03,2024-09-05,24300,CE,971.45,1019.55,960.3,990.6,990.6,392,44375,-2775,25279.85
2024-09-03,2024-09-26,24300,PE,71.35,72.0,58.15,62.25,62.25,17342,805200,-11425,25279.85
2024-09-03,2024-09-05,24900,CE,375.9,433.0,362.2,390.6,390.6,18460,242400,-22050,25279.85
2024-09-03,2024-11-28,24900,PE,0.0,0.0,0.0,519.85,457.1,0,0,0,25279.85
2024-09-03,2024-10-03,24300,CE,0.0,0.0,0.0,985.45,1227.3,0,0,0,25279.85
2024-09-03,2024-09-19,24300,CE,0.0,0.0,0.0,1020.0,1100.5,0,400,0,25279.85
2024-09-03,2024-10-03,23100,CE,0.0,0.0,0.0,1954.35,2323.65,0,0,0,25279.85
2024-09-03,2024-09-05,26450,CE,1.15,1.25,0.55,0.7,0.7,96491,849650,-522325,25279.85
2024-09-03,2024-09-05,26450,PE,0.0,0.0,0.0,1186.25,1159.85,0,875,0,25279.85
2024-09-03,2024-10-03,26450,PE,0.0,0.0,0.0,1546.2,1154.55,0,0,0,25279.85
2024-09-03,2024-10-31,26450,CE,0.0,0.0,0.0,114.65,328.6,0,150,0,25279.85
2024-09-03,2024-09-26,26450,PE,0.0,0.0,0.0,1410.35,1143.85,0,125,0,25279.85
2024-09-03,2024-09-19,26450,CE,6.75,7.7,6.75,7.0,48.3,3,6200,25,25279.85
2024-09-03,2024-09-12,26450,CE,2.3,2.85,1.65,2.0,2.0,2070,36125,18550,25279.85
2024-09-03,2024-10-31,26450,PE,0.0,0.0,0.0,1836.8,1194.1,0,0,0,25279.85
2024-09-03,2024-11-28,26450,PE,0.0,0.0,0.0,1321.8,1229.15,0,0,0,25279.85
2024-09-03,2024-10-31,26800,PE,0.0,0.0,0.0,2109.95,1450.45,0,0,0,25279.85
2024-09-03,2024-09-05,26550,CE,0.95,1.45,0.4,0.5,0.5,85405,830225,-549150,25279.85
2024-09-03,2024-09-19,26800,CE,4.45,4.45,2.6,2.9,2.9,414,9225,3600,25279.85
2024-09-03,2024-09-05,26800,CE,0.65,1.05,0.35,0.45,0.45,144779,1040325,136000,25279.85
2024-09-03,2025-06-26,18000,PE,0.0,0.0,0.0,110.05,3.5,0,300,0,25279.85
2024-09-03,2026-12-31,18000,PE,0.0,0.0,0.0,135.05,39.45,0,5275,0,25279.85
2024-09-03,2024-10-03,26800,PE,0.0,0.0,0.0,1847.25,1446.65,0,0,0,25279.85
2024-09-03,2024-12-26,18000,CE,0.0,0.0,0.0,7534.7,7685.1,0,59725,0,25279.85
2024-09-03,2024-10-03,26800,CE,0.0,0.0,0.0,82.0,82.85,0,0,0,25279.85
2024-09-03,2024-09-26,25300,PE,295.0,308.8,262.55,281.25,281.25,71884,1629025,9150,25279.85
2024-09-03,2024-09-19,25300,PE,251.05,260.6,213.15,228.4,228.4,4629,67775,15875,25279.85
2024-09-03,2024-09-12,25300,PE,188.75,207.2,151.35,165.3,165.3,144503,888025,387800,25279.85
2024-09-03,2024-09-26,24700,PE,124.95,128.45,105.45,112.65,112.65,20778,953900,112475,25279.85
2024-09-03,2024-09-19,24700,CE,685.0,700.0,671.1,700.0,767.9,4,2500,25,25279.85
2024-09-03,2024-09-05,24700,CE,573.3,626.75,560.0,585.6,585.6,3643,257450,-950,25279.85
2024-09-03,2024-11-28,23400,PE,111.0,127.4,109.3,115.35,115.35,446,21850,10350,25279.85
2024-09-03,2024-09-12,23400,CE,0.0,0.0,0.0,1888.6,1921.1,0,50,0,25279.85
2024-09-03,2024-09-19,23650,PE,20.0,20.0,9.05,10.15,10.15,133,3000,2950,25279.85
2024-09-03,2024-10-31,23650,PE,0.0,0.0,0.0,133.6,92.2,0,100,0,25279.85
2024-09-03,2024-10-03,23650,CE,0.0,0.0,0.0,1476.8,1799.45,0,0,0,25279.85
2024-09-03,2024-09-19,23650,CE,0.0,0.0,0.0,893.3,1710.45,0,0,0,25279.85
2024-09-03,2024-11-28,25800,CE,525.0,545.0,525.0,540.15,540.15,15,700,350,25279.85
2024-09-03,2027-12-30,25000,PE,0.0,0.0,0.0,2948.45,744.3,0,0,0,25279.85
2024-09-03,2027-12-30,25000,CE,0.0,0.0,0.0,3458.35,6403.0,0,0,0,25279.85
2024-09-03,2024-11-28,25000,PE,417.6,420.35,402.15,415.05,415.05,2557,98225,37300,25279.85
2024-09-03,2029-06-28,25000,PE,0.0,0.0,0.0,852.5,631.8,0,0,0,25279.85
2024-09-03,2027-06-24,25000,CE,0.0,0.0,0.0,2090.05,5683.2,0,0,0,25279.85
2024-09-03,2028-06-29,25000,PE,0.0,0.0,0.0,2016.8,707.8,0,0,0,25279.85
2024-09-03,2024-09-19,25000,PE,142.7,143.95,117.9,126.75,126.75,3899,115150,26900,25279.85
2024-09-03,2029-06-28,25000,CE,0.0,0.0,0.0,7557.7,8317.65,0,0,0,25279.85
2024-09-03,2026-06-25,25000,PE,0.0,0.0,0.0,6063.1,818.85,0,0,0,25279.85
2024-09-03,2026-06-25,25000,CE,0.0,0.0,0.0,1510.4,4186.2,0,0,0,25279.85
2024-09-03,2024-11-28,23550,PE,0.0,0.0,0.0,140.6,133.75,0,25,0,25279.85
2024-09-03,2024-09-05,23550,PE,0.7,1.3,0.55,0.75,0.75,3777,45775,-1350,25279.85
2024-09-03,2024-12-26,23000,PE,147.35,149.75,144.55,147.35,147.35,6917,2358050,46875,25279.85
2024-09-03,2028-06-29,23000,CE,0.0,0.0,0.0,4323.1,8285.95,0,0,0,25279.85
2024-09-03,2026-06-25,23000,CE,0.0,0.0,0.0,2645.65,5522.2,0,0,0,25279.85
2024-09-03,2024-09-05,25500,PE,260.0,273.6,199.55,231.55,231.55,401272,680500,91125,25279.85
2024-09-03,2024-09-12,25500,CE,85.6,97.25,72.35,78.55,78.55,95690,1002275,115450,25279.85
2024-09-03,2024-09-12,24650,CE,683.0,683.0,653.15,669.1,669.1,4,1750,50,25279.85
2024-09-03,2024-10-03,24650,PE,0.0,0.0,0.0,157.8,182.2,0,50,0,25279.85
2024-09-03,2024-11-28,24650,CE,0.0,0.0,0.0,1376.75,1424.35,0,0,0,25279.85
2024-09-03,2024-09-26,24400,CE,1028.0,1053.45,1001.85,1022.85,1022.85,72,82850,450,25279.85
2024-09-03,2024-09-12,24400,CE,895.0,935.45,895.0,909.6,909.6,238,8050,3275,25279.85
2024-09-03,2024-09-12,22950,CE,0.0,0.0,0.0,1414.25,2370.15,0,0,0,25279.85
2024-09-03,2024-09-19,26750,PE,0.0,0.0,0.0,2438.4,1410.6,0,0,0,25279.85
2024-09-03,2024-09-26,26600,CE,11.45,11.9,7.7,10.25,10.25,6114,189400,15225,25279.85
2024-09-03,2024-10-03,26600,PE,0.0,0.0,0.0,1673.15,1276.85,0,0,0,25279.85
2024-09-03,2024-09-26,26600,PE,1230.0,1230.0,1230.0,1230.0,1272.0,1,1200,25,25279.85
2024-09-03,2024-09-12,26050,CE,5.0,5.7,3.9,4.2,4.2,10106,94100,40975,25279.85
2024-09-03,2024-11-28,26050,CE,0.0,0.0,0.0,644.15,660.4,0,0,0,25279.85
2024-09-03,2027-12-30,21000,CE,0.0,0.0,0.0,4902.4,9012.2,0,0,0,25279.85
2024-09-03,2027-06-24,21000,CE,0.0,0.0,0.0,3061.8,8369.65,0,0,0,25279.85
2024-09-03,2024-10-03,26700,CE,18.2,20.05,14.95,17.75,17.75,246,3525,2475,25279.85
2024-09-03,2026-12-31,21000,CE,0.0,0.0,0.0,3356.25,7746.1,0,0,0,25279.85
2024-09-03,2024-09-12,26700,PE,0.0,0.0,0.0,2416.35,1378.5,0,0,0,25279.85
2024-09-03,2026-12-31,21000,PE,0.0,0.0,0.0,333.65,190.85,0,700,0,25279.85
2024-09-03,2024-10-31,26050,CE,0.0,0.0,0.0,404.9,460.8,0,0,0,25279.85
2024-09-03,2025-12-24,21000,CE,0.0,0.0,0.0,5476.0,6313.35,0,325,0,25279.85
2024-09-03,2024-09-19,25050,PE,155.15,157.05,133.0,140.9,140.9,314,7050,-2650,25279.85
2024-09-03,2024-10-31,24750,PE,260.0,267.0,255.0,261.5,261.5,13,4625,300,25279.85
2024-09-03,2024-09-12,24750,CE,582.0,613.55,567.35,596.75,640.35,67,8850,400,25279.85
2024-09-03,2024-10-31,24750,CE,0.0,0.0,0.0,948.3,1139.7,0,1100,0,25279.85
2024-09-03,2024-10-03,26750,CE,0.0,0.0,0.0,51.9,89.45,0,200,0,25279.85
2024-09-03,2024-11-28,26750,PE,0.0,0.0,0.0,1525.1,1428.9,0,0,0,25279.85
2024-09-03,2024-09-26,26750,CE,9.0,9.15,7.5,8.0,53.95,99,15025,1100,25279.85
2024-09-03,2024-09-12,26600,CE,2.25,2.75,1.55,1.8,1.8,431,8525,-825,25279.85
2024-09-03,2024-09-19,26600,CE,5.0,5.75,4.4,4.65,4.65,76,6975,50,25279.85
2024-09-03,2024-10-31,26600,PE,0.0,0.0,0.0,1325.0,1301.1,0,100,0,25279.85
2024-09-03,2024-11-28,26600,PE,0.0,0.0,0.0,1421.7,1327.15,0,0,0,25279.85
2024-09-03,2024-11-28,26600,CE,0.0,0.0,0.0,452.1,460.0,0,0,0,25279.85
2024-09-03,2025-06-26,21000,PE,0.0,0.0,0.0,160.0,69.65,0,875,0,25279.85
2024-09-03,2025-12-24,21000,PE,0.0,0.0,0.0,234.0,125.15,0,10200,0,25279.85
2024-09-03,2024-12-26,21000,PE,58.9,59.5,57.0,58.5,58.5,1885,1977325,5075,25279.85
2024-09-03,2024-09-05,26050,CE,0.95,1.5,0.65,0.8,0.8,51761,412650,-8550,25279.85
2024-09-03,2024-09-19,26050,CE,22.0,23.5,19.8,19.95,19.95,486,11325,5300,25279.85
2024-09-03,2024-09-05,26700,PE,1427.75,1427.75,1367.4,1367.4,1409.75,2,100,0,25279.85
2024-09-03,2024-12-26,21000,CE,4610.0,4643.95,4590.0,4607.3,4607.3,88,475525,-50,25279.85
2024-09-03,2024-10-31,26100,CE,0.0,0.0,0.0,391.2,442.4,0,0,0,25279.85
2024-09-03,2024-09-12,26100,CE,4.55,4.7,3.0,3.6,3.6,33172,236525,-67650,25279.85
2024-09-03,2024-11-28,26100,CE,0.0,0.0,0.0,624.6,639.95,0,0,0,25279.85
2024-09-03,2024-09-05,24300,PE,3.0,3.0,1.25,1.5,1.5,363141,1918525,-171350,25279.85
2024-09-03,2024-11-28,24300,PE,0.0,0.0,0.0,326.95,278.1,0,0,0,25279.85
2024-09-03,2024-09-12,24300,CE,990.0,1020.0,990.0,1009.25,1009.25,219,7625,4650,25279.85
2024-09-03,2024-09-26,25400,CE,282.75,300.25,266.7,275.15,275.15,42255,1005975,126800,25279.85
2024-09-03,2024-10-03,24900,CE,0.0,0.0,0.0,652.5,780.7,0,175,0,25279.85
2024-09-03,2024-11-28,24900,CE,1089.25,1089.25,1065.75,1065.75,1260.95,2,225,0,25279.85
2024-09-03,2024-09-26,24350,CE,0.0,0.0,0.0,1080.0,1122.6,0,7225,0,25279.85
2024-09-03,2024-10-31,24350,CE,0.0,0.0,0.0,1270.0,1425.25,0,1025,0,25279.85
2024-09-03,2024-09-19,24350,PE,0.0,0.0,0.0,522.7,50.8,0,0,0,25279.85
2024-09-03,2024-09-12,24350,CE,950.0,950.0,950.0,950.0,990.95,9,1500,0,25279.85
2024-09-03,2024-09-05,24350,CE,914.95,945.0,914.95,936.15,936.15,22,3550,-50,25279.85
2024-09-03,2024-11-28,24350,CE,0.0,0.0,0.0,1579.6,1636.1,0,0,0,25279.85
2024-09-03,2024-09-12,26250,PE,0.0,0.0,0.0,1990.95,949.5,0,0,0,25279.85
2024-09-03,2024-10-31,26250,PE,0.0,0.0,0.0,1687.35,1058.35,0,0,0,25279.85
2024-09-03,2024-11-28,26250,CE,0.0,0.0,0.0,568.45,581.35,0,0,0,25279.85
2024-09-03,2024-09-05,26250,PE,1003.05,1003.05,953.6,953.6,960.05,2,25,25,25279.85
2024-09-03,2024-10-31,26250,CE,234.15,234.15,181.75,189.25,189.25,131,2675,2675,25279.85
2024-09-03,2024-11-28,26250,PE,0.0,0.0,0.0,1194.35,1104.45,0,0,0,25279.85
2024-09-03,2024-09-05,26250,CE,1.25,1.55,0.55,0.8,0.8,42770,224275,-31300,25279.85
2024-09-03,2024-10-31,23600,CE,0.0,0.0,0.0,1598.25,2037.9,0,0,0,25279.85
2024-09-03,2024-10-31,23600,PE,82.0,86.95,80.6,84.75,84.75,1242,59600,11300,25279.85
2024-09-03,2024-10-03,23600,CE,0.0,0.0,0.0,1518.2,1846.05,0,0,0,25279.85
2024-09-03,2024-09-05,23600,CE,1662.65,1712.0,1660.95,1700.0,1689.1,38,10325,-225,25279.85
2024-09-03,2024-10-31,22800,PE,42.8,44.9,36.0,40.95,40.95,49,168800,-250,25279.85
2024-09-03,2024-09-26,22550,CE,0.0,0.0,0.0,2463.95,2831.4,0,150,0,25279.85
2024-09-03,2024-09-19,22800,CE,0.0,0.0,0.0,1566.8,2551.15,0,0,0,25279.85
2024-09-03,2024-09-19,23450,PE,0.0,0.0,0.0,180.1,3.45,0,0,0,25279.85
2024-09-03,2024-09-26,23450,CE,0.0,0.0,0.0,1205.9,1945.45,0,100,0,25279.85
2024-09-03,2024-11-28,26900,PE,0.0,0.0,0.0,1631.9,1534.2,0,0,0,25279.85
2024-09-03,2024-10-31,26900,PE,0.0,0.0,0.0,2190.6,1527.6,0,0,0,25279.85
2024-09-03,2024-09-19,25750,CE,74.7,78.0,65.55,69.35,69.35,222,4500,1500,25279.85
2024-09-03,2024-09-26,25750,CE,128.45,137.4,118.7,123.0,123.0,1875,96675,8600,25279.85
2024-09-03,2024-09-26,22650,CE,0.0,0.0,0.0,2373.1,2732.15,0,125,0,25279.85
2024-09-03,2024-12-26,27000,PE,1455.0,1469.8,1423.3,1450.55,1450.55,525,125325,3125,25279.85
2024-09-03,2027-12-30,27000,PE,0.0,0.0,0.0,3794.4,1195.7,0,0,0,25279.85
2024-09-03,2025-03-27,27000,CE,588.45,600.0,559.9,585.05,585.05,550,93125,8100,25279.85
2024-09-03,2024-11-28,27000,CE,132.9,138.6,110.15,122.55,122.55,588,12875,11225,25279.85
2024-09-03,2024-11-28,26950,CE,0.0,0.0,0.0,354.9,358.9,0,0,0,25279.85
2024-09-03,2024-09-12,26950,CE,1.85,2.0,1.25,1.6,1.6,30,675,225,25279.85
2024-09-03,2024-10-03,26250,PE,0.0,0.0,0.0,1382.55,1000.25,0,0,0,25279.85
2024-09-03,2024-10-03,26250,CE,0.0,0.0,0.0,162.75,183.25,0,0,0,25279.85
2024-09-03,2024-09-19,26250,PE,0.0,0.0,0.0,1965.75,962.7,0,0,0,25279.85
2024-09-03,2024-09-12,26250,CE,2.9,3.75,2.25,2.55,2.55,2692,25775,2475,25279.85
2024-09-03,2024-09-19,26250,CE,10.55,12.35,8.2,9.15,9.15,469,6300,450,25279.85
2024-09-03,2024-11-28,23850,PE,0.0,0.0,0.0,219.55,182.1,0,0,0,25279.85
2024-09-03,2024-09-05,23850,PE,1.6,1.6,0.6,0.9,0.9,28143,125300,18000,25279.85
2024-09-03,2024-09-19,23850,CE,0.0,0.0,0.0,1288.95,1517.15,0,0,0,25279.85
2024-09-03,2024-09-19,23850,PE,13.8,21.4,10.55,10.55,10.55,15,25,0,25279.85
2024-09-03,2024-10-31,23850,CE,0.0,0.0,0.0,1550.0,1824.0,0,100,0,25279.85
2024-09-03,2024-09-26,26950,PE,0.0,0.0,0.0,2562.05,1586.25,0,0,0,25279.85
2024-09-03,2027-12-30,27000,CE,0.0,0.0,0.0,2889.8,5284.7,0,0,0,25279.85
2024-09-03,2026-12-31,27000,CE,0.0,0.0,0.0,1651.65,3853.75,0,0,0,25279.85
2024-09-03,2024-09-19,26950,CE,5.9,5.9,3.0,3.75,14.25,10,200,150,25279.85
2024-09-03,2024-09-12,26950,PE,0.0,0.0,0.0,2657.8,1624.75,0,0,0,25279.85
2024-09-03,2029-06-28,27000,PE,0.0,0.0,0.0,1252.35,968.65,0,0,0,25279.85
2024-09-03,2024-10-03,24100,CE,0.0,0.0,0.0,1127.45,1395.55,0,0,0,25279.85
2024-09-03,2024-09-12,24100,CE,1181.0,1200.0,1181.0,1191.0,1229.05,3,6425,-50,25279.85
2024-09-03,2024-09-05,22750,CE,0.0,0.0,0.0,2535.65,2538.75,0,125,0,25279.85
2024-09-03,2024-09-12,23950,PE,6.05,6.7,4.25,5.05,5.05,1071,17075,5425,25279.85
2024-09-03,2024-11-28,23500,PE,133.1,134.35,123.85,130.05,130.05,1612,100775,29350,25279.85
2024-09-03,2024-09-12,22500,CE,0.0,0.0,0.0,1812.55,2819.35,0,0,0,25279.85
2024-09-03,2024-09-26,22500,CE,2822.05,2875.0,2822.05,2842.8,2842.8,210,175575,675,25279.85
2024-09-03,2024-09-26,23500,CE,1850.0,1898.9,1846.1,1866.5,1866.5,482,264525,-3075,25279.85
2024-09-03,2024-09-05,23500,PE,1.2,1.2,0.5,0.6,0.6,136167,2363825,-442550,25279.85
2024-09-03,2024-09-12,23500,CE,0.0,0.0,0.0,1800.5,1821.45,0,5900,0,25279.85
2024-09-03,2024-12-26,29000,PE,0.0,0.0,0.0,7446.8,3194.9,0,0,0,25279.85
2024-09-03,2028-06-29,29000,PE,0.0,0.0,0.0,3595.9,1644.3,0,0,0,25279.85
2024-09-03,2026-06-25,29000,CE,0.0,0.0,0.0,864.2,2171.95,0,0,0,25279.85
2024-09-03,2025-03-27,29000,CE,0.0,0.0,0.0,164.5,409.8,0,0,0,25279.85
2024-09-03,2027-06-24,29000,PE,0.0,0.0,0.0,4627.1,1946.45,0,0,0,25279.85
2024-09-03,2025-06-26,29000,PE,0.0,0.0,0.0,6724.5,2796.75,0,0,0,25279.85
2024-09-03,2025-12-24,17000,PE,25.6,25.6,25.6,25.6,5.35,1,2925,-25,25279.85
2024-09-03,2025-12-24,17000,CE,0.0,0.0,0.0,5080.0,9830.05,0,650,0,25279.85
2024-09-03,2024-10-03,26750,PE,0.0,0.0,0.0,1803.25,1403.55,0,0,0,25279.85
2024-09-03,2024-09-05,26750,PE,0.0,0.0,0.0,1486.65,1459.75,0,0,0,25279.85
2024-09-03,2024-09-19,26600,PE,0.0,0.0,0.0,2294.8,1271.5,0,0,0,25279.85
2024-09-03,2024-10-31,26600,CE,101.95,105.0,91.7,101.0,101.0,622,17525,975,25279.85
2024-09-03,2024-09-12,26600,PE,0.0,0.0,0.0,2320.65,1281.05,0,0,0,25279.85
2024-09-03,2029-06-28,21000,PE,0.0,0.0,0.0,320.25,212.7,0,0,0,25279.85
2024-09-03,2028-12-28,21000,CE,0.0,0.0,0.0,7512.5,10170.0,0,0,0,25279.85
2024-09-03,2024-09-19,26700,CE,3.65,4.2,3.65,4.05,4.05,46,6975,-400,25279.85
2024-09-03,2024-09-26,21000,PE,5.7,5.7,4.5,5.2,5.2,7331,1133125,-43775,25279.85
2024-09-03,2024-09-26,26700,PE,0.0,0.0,0.0,1355.5,1359.8,0,1075,0,25279.85
2024-09-03,2024-09-05,26050,PE,787.25,787.25,735.0,766.8,766.8,46,750,275,25279.85
2024-09-03,2024-10-31,26700,PE,1250.0,1251.85,1215.2,1215.2,1375.9,3,675,50,25279.85
2024-09-03,2028-12-28,21000,PE,0.0,0.0,0.0,490.0,216.2,0,1225,0,25279.85
2024-09-03,2024-09-12,23050,PE,3.05,4.35,1.55,2.4,2.4,816,7500,1500,25279.85
2024-09-03,2024-11-28,26350,CE,0.0,0.0,0.0,533.15,544.5,0,0,0,25279.85
2024-09-03,2024-09-19,26350,CE,37.95,37.95,37.95,37.95,60.2,1,75,25,25279.85
2024-09-03,2024-09-05,26350,PE,1090.1,1090.1,1029.65,1042.6,1042.6,6,75,50,25279.85
2024-09-03,2024-10-31,26350,PE,0.0,0.0,0.0,1762.4,1125.25,0,0,0,25279.85
2024-09-03,2024-10-31,26350,CE,0.0,0.0,0.0,73.65,358.55,0,1650,0,25279.85
2024-09-03,2024-09-12,26350,PE,0.0,0.0,0.0,2084.15,1042.25,0,0,0,25279.85
2024-09-03,2024-10-03,24650,CE,0.0,0.0,0.0,763.65,955.85,0,0,0,25279.85
2024-09-03,2024-09-12,24650,PE,35.7,35.75,23.15,25.4,25.4,20011,194675,128900,25279.85
2024-09-03,2024-09-19,24650,PE,64.35,67.55,55.0,58.8,58.8,493,7125,5475,25279.85
2024-09-03,2024-10-31,24400,PE,190.55,190.55,179.7,185.9,185.9,583,72650,1850,25279.85
2024-09-03,2024-11-28,24400,CE,0.0,0.0,0.0,1544.75,1599.9,0,0,0,25279.85
2024-09-03,2024-09-05,24400,CE,874.95,925.6,863.55,884.6,884.6,514,51550,-3325,25279.85
2024-09-03,2024-11-28,24400,PE,0.0,0.0,0.0,353.95,304.5,0,0,0,25279.85
2024-09-03,2024-10-03,24400,PE,105.0,105.0,98.95,99.0,99.0,15,2175,275,25279.85
2024-09-03,2024-09-12,24400,PE,18.25,18.25,11.95,13.25,13.25,22227,443300,6400,25279.85
2024-09-03,2024-09-26,24400,PE,85.0,85.0,66.5,72.55,72.55,25757,1189300,34600,25279.85
2024-09-03,2024-09-19,22950,PE,0.0,0.0,0.0,20.4,0.5,0,25,0,25279.85
2024-09-03,2024-09-19,22950,CE,0.0,0.0,0.0,1436.85,2401.85,0,0,0,25279.85
2024-09-03,2024-10-03,24600,CE,0.0,0.0,0.0,793.35,991.95,0,0,0,25279.85
2024-09-03,2024-09-19,24600,PE,58.3,67.7,50.5,53.95,53.95,1170,36300,6550,25279.85
2024-09-03,2024-09-26,24600,CE,830.85,872.4,820.0,846.3,846.3,245,121925,575,25279.85
2024-09-03,2024-09-26,24600,PE,107.45,110.0,90.75,96.65,96.65,23974,1047125,36350,25279.85
2024-09-03,2024-10-31,24000,CE,1575.0,1608.4,1563.1,1591.0,1591.0,360,112900,6000,25279.85
2024-09-03,2024-12-26,22000,PE,87.55,90.0,85.75,87.45,87.45,5792,2289350,13275,25279.85
2024-09-03,2024-09-26,22000,CE,3327.45,3374.0,3312.7,3340.05,3340.05,322,463675,3100,25279.85
2024-09-03,2026-06-25,22000,PE,0.0,0.0,0.0,3829.5,263.95,0,0,0,25279.85
2024-09-03,2024-10-31,26850,CE,0.0,0.0,0.0,226.65,227.9,0,0,0,25279.85
2024-09-03,2024-10-03,26850,CE,0.0,0.0,0.0,92.1,76.7,0,25,0,25279.85
2024-09-03,2024-10-31,26850,PE,0.0,0.0,0.0,2150.1,1488.85,0,0,0,25279.85
2024-09-03,2024-10-03,26850,PE,0.0,0.0,0.0,1891.6,1490.15,0,0,0,25279.85
2024-09-03,2024-11-28,26850,CE,0.0,0.0,0.0,184.25,385.8,0,225,0,25279.85
2024-09-03,2024-09-19,26850,CE,4.3,4.3,2.6,2.6,2.6,18,2650,25,25279.85
2024-09-03,2024-09-26,26850,CE,0.0,0.0,0.0,155.75,44.65,0,0,0,25279.85
2024-09-03,2024-09-19,22700,PE,0.0,0.0,0.0,9.15,0.15,0,875,0,25279.85
2024-09-03,2024-09-05,22700,CE,0.0,0.0,0.0,2483.7,2588.7,0,825,0,25279.85
2024-09-03,2024-09-12,22850,CE,0.0,0.0,0.0,1499.95,2469.95,0,0,0,25279.85
2024-09-03,2024-10-31,23750,CE,0.0,0.0,0.0,1494.6,1908.5,0,0,0,25279.85
2024-09-03,2024-11-28,23750,CE,0.0,0.0,0.0,2029.0,2099.0,0,0,0,25279.85
2024-09-03,2024-10-31,24950,PE,311.4,319.55,305.8,316.55,316.55,9,1775,-50,25279.85
2024-09-03,2024-09-26,24950,PE,180.85,186.75,157.4,167.35,167.35,1410,57725,2975,25279.85
2024-09-03,2027-12-30,20000,CE,0.0,0.0,0.0,5333.85,9727.3,0,0,0,25279.85
2024-09-03,2029-06-28,20000,CE,0.0,0.0,0.0,10410.0,11356.6,0,0,0,25279.85
2024-09-03,2025-12-24,20000,PE,0.0,0.0,0.0,179.0,66.2,0,15700,0,25279.85
2024-09-03,2024-09-26,25250,PE,310.0,310.0,245.0,261.1,261.1,12286,136325,22600,25279.85
2024-09-03,2024-10-03,24850,PE,0.0,0.0,0.0,483.25,239.2,0,0,0,25279.85
2024-09-03,2024-09-12,24850,PE,58.55,61.7,41.55,45.6,45.6,16913,149175,-13550,25279.85
2024-09-03,2024-11-28,24850,PE,0.0,0.0,0.0,501.3,439.7,0,0,0,25279.85
2024-09-03,2024-09-26,23950,CE,0.0,0.0,0.0,1351.0,1473.55,0,3050,0,25279.85
2024-09-03,2024-10-31,23950,CE,0.0,0.0,0.0,1362.3,1740.9,0,0,0,25279.85
2024-09-03,2024-10-03,25200,PE,287.0,294.0,268.1,290.9,290.9,214,7900,-1425,25279.85
2024-09-03,2024-09-12,25200,CE,195.95,259.7,195.95,228.2,228.2,50392,329175,37550,25279.85
2024-09-03,2024-09-05,25200,CE,142.1,172.0,121.05,135.0,135.0,1776766,2626925,-291475,25279.85
2024-09-03,2024-09-19,25200,PE,219.65,219.65,177.1,190.15,190.15,2170,48550,8675,25279.85
2024-09-03,2024-11-28,25200,PE,470.0,480.15,464.8,473.7,473.7,113,4300,1325,25279.85
2024-09-03,2024-10-31,25200,CE,666.0,701.65,661.35,677.85,677.85,830,47100,1725,25279.85
2024-09-03,2024-09-05,25200,PE,60.1,81.55,43.7,52.45,52.45,2565395,4954950,749100,25279.85
2024-09-03,2024-09-26,25200,CE,394.0,423.75,382.4,393.5,393.5,25276,1426375,-55450,25279.85
2024-09-03,2024-09-12,25200,PE,144.95,166.5,115.2,125.95,125.95,87702,654125,184175,25279.85
2024-09-03,2024-09-19,25200,CE,312.2,341.0,303.0,311.5,311.5,1913,30325,6725,25279.85
2024-09-03,2024-10-03,25200,CE,474.7,498.15,458.05,472.1,472.1,252,4675,2125,25279.85
2024-09-03,2024-10-31,25200,PE,412.45,412.5,381.9,398.2,398.2,1654,99075,4875,25279.85
2024-09-03,2024-11-28,25200,CE,857.35,871.0,857.35,868.0,868.0,17,625,0,25279.85
2024-09-03,2024-09-26,25200,PE,270.75,270.75,228.3,243.3,243.3,45490,1918350,-11175,25279.85
2024-09-03,2024-09-26,24100,PE,53.3,53.95,43.6,46.3,46.3,6698,376325,-18425,25279.85
2024-09-03,2024-09-05,24100,PE,1.9,2.05,1.0,1.25,1.25,210883,1326400,-405625,25279.85
2024-09-03,2024-10-31,22750,PE,0.0,0.0,0.0,50.0,23.8,0,2250,0,25279.85
2024-09-03,2024-10-31,22750,CE,0.0,0.0,0.0,2250.95,2815.65,0,0,0,25279.85
2024-09-03,2024-09-19,23950,PE,0.0,0.0,0.0,33.2,17.5,0,25,0,25279.85
2024-09-03,2024-11-28,23950,PE,0.0,0.0,0.0,240.65,200.85,0,0,0,25279.85
2024-09-03,2024-09-12,23950,CE,0.0,0.0,0.0,684.75,1375.45,0,0,0,25279.85
2024-09-03,2024-10-31,25350,CE,578.95,600.95,570.45,589.2,589.2,23,1375,-75,25279.85
2024-09-03,2024-09-26,25350,CE,309.55,327.85,289.7,301.3,301.3,5943,85575,3725,25279.85
2024-09-03,2024-09-19,25700,CE,91.15,95.1,78.65,81.6,81.6,2323,52425,8700,25279.85
2024-09-03,2024-11-28,25700,PE,0.0,0.0,0.0,879.45,799.0,0,25,0,25279.85
2024-09-03,2024-09-05,25700,CE,4.3,4.9,2.0,2.3,2.3,1209334,5702000,-377025,25279.85
2024-09-03,2024-09-12,25700,PE,453.2,453.2,395.65,425.25,425.25,1334,16400,7250,25279.85
2024-09-03,2024-09-05,25700,PE,454.7,456.2,378.4,420.95,420.95,11640,77425,2800,25279.85
2024-09-03,2024-09-19,24600,CE,0.0,0.0,0.0,802.8,846.55,0,1825,0,25279.85
2024-09-03,2025-12-24,24000,CE,3655.0,3695.0,3640.0,3661.7,3661.7,13,10375,-275,25279.85
2024-09-03,2029-06-28,22000,CE,0.0,0.0,0.0,9207.9,10086.45,0,0,0,25279.85
2024-09-03,2027-12-30,24000,CE,0.0,0.0,0.0,3778.95,7011.9,0,0,0,25279.85
2024-09-03,2025-12-24,22000,PE,345.0,350.0,337.0,348.9,348.9,95,86100,1925,25279.85
2024-09-03,2024-09-05,24000,CE,1265.3,1323.6,1263.75,1286.7,1286.7,561,128000,-625,25279.85
2024-09-03,2027-06-24,24000,CE,0.0,0.0,0.0,2299.55,6303.9,0,0,0,25279.85
2024-09-03,2024-12-26,24000,CE,1885.7,1933.15,1885.7,1915.4,1915.4,519,715750,-25,25279.85
2024-09-03,2024-12-26,22000,CE,3678.85,3707.0,3655.0,3684.0,3684.0,286,419975,400,25279.85
2024-09-03,2029-06-28,22000,PE,0.0,0.0,0.0,422.0,289.3,0,0,0,25279.85
2024-09-03,2024-09-19,26550,PE,0.0,0.0,0.0,2247.25,1225.9,0,0,0,25279.85
2024-09-03,2024-09-26,18000,CE,7313.1,7321.85,7292.2,7321.85,7321.85,8,12725,75,25279.85
2024-09-03,2025-06-26,18000,CE,0.0,0.0,0.0,5600.0,8316.65,0,2250,0,25279.85
2024-09-03,2024-09-26,26550,CE,13.35,13.8,11.15,11.35,11.35,316,34575,2925,25279.85
2024-09-03,2027-12-30,18000,PE,0.0,0.0,0.0,169.0,57.4,0,10100,0,25279.85
2024-09-03,2026-06-25,18000,CE,0.0,0.0,0.0,4150.0,9529.75,0,200,0,25279.85
2024-09-03,2024-09-05,26550,PE,0.0,0.0,0.0,1272.1,1259.8,0,25,0,25279.85
2024-09-03,2024-09-05,25300,PE,123.0,131.0,79.45,93.1,93.1,3809507,4001550,746775,25279.85
2024-09-03,2024-10-03,25300,CE,400.05,470.0,398.4,414.25,414.25,743,11375,8225,25279.85
2024-09-03,2024-10-31,26550,PE,0.0,0.0,0.0,1913.3,1264.95,0,0,0,25279.85
2024-09-03,2024-09-26,18000,PE,3.1,4.45,3.1,4.45,4.45,222,50000,75,25279.85
2024-09-03,2024-09-26,26550,PE,0.0,0.0,0.0,1396.8,1228.8,0,75,0,25279.85
2024-09-03,2024-09-12,26150,PE,0.0,0.0,0.0,1898.6,858.95,0,0,0,25279.85
2024-09-03,2024-10-03,26150,CE,0.0,0.0,0.0,182.75,207.55,0,0,0,25279.85
2024-09-03,2024-11-28,26150,PE,0.0,0.0,0.0,1133.15,1044.8,0,0,0,25279.85
2024-09-03,2024-09-05,26100,PE,820.3,843.85,779.2,819.45,819.45,63,4150,25,25279.85
2024-09-03,2024-10-03,26100,PE,0.0,0.0,0.0,1264.55,889.1,0,0,0,25279.85
2024-09-03,2024-09-19,26100,CE,20.5,20.5,15.7,16.15,16.15,2205,50075,37250,25279.85
2024-09-03,2024-09-19,26100,PE,0.0,0.0,0.0,1828.05,839.4,0,0,0,25279.85
2024-09-03,2024-11-28,26850,PE,0.0,0.0,0.0,1595.9,1498.7,0,0,0,25279.85
2024-09-03,2024-09-12,26850,PE,0.0,0.0,0.0,2560.9,1525.9,0,0,0,25279.85
2024-09-03,2024-09-12,26850,CE,1.75,2.5,1.4,1.6,1.6,848,5050,0,25279.85
2024-09-03,2024-09-05,26850,CE,0.7,1.0,0.35,0.45,0.45,62079,471050,-11350,25279.85
2024-09-03,2024-09-05,26850,PE,1584.9,1589.2,1584.9,1589.2,1589.2,8,100,75,25279.85
2024-09-03,2024-09-12,22700,CE,0.0,0.0,0.0,1631.7,2619.7,0,0,0,25279.85
2024-09-03,2024-09-19,22700,CE,0.0,0.0,0.0,1655.5,2650.75,0,0,0,25279.85
2024-09-03,2024-09-26,22700,PE,16.15,16.15,14.2,14.5,14.5,3764,144675,275,25279.85
2024-09-03,2024-09-26,25050,PE,208.7,208.7,183.9,194.95,194.95,1634,98700,11675,25279.85
2024-09-03,2024-09-26,25050,CE,478.55,524.8,478.5,491.5,491.5,428,42850,-2175,25279.85
2024-09-03,2024-10-03,25050,CE,575.0,575.0,575.0,575.0,685.4,2,50,0,25279.85
2024-09-03,2024-10-03,26500,PE,0.0,0.0,0.0,1588.15,1194.8,0,0,0,25279.85
2024-09-03,2024-11-28,26500,PE,1110.0,1110.0,1101.0,1101.0,1101.0,4,1100,75,25279.85
2024-09-03,2024-09-26,26500,PE,1176.6,1176.6,1110.7,1153.45,1153.45,888,258875,-2500,25279.85
2024-09-03,2024-10-31,26500,CE,119.45,126.75,113.8,121.25,121.25,6720,365200,27525,25279.85
2024-09-03,2024-10-31,26500,PE,1135.0,1135.7,1090.0,1118.25,1118.25,388,24650,7525,25279.85
2024-09-03,2024-09-05,22450,CE,0.0,0.0,0.0,2722.35,2838.65,0,0,0,25279.85
2024-09-03,2024-09-26,22300,CE,0.0,0.0,0.0,3004.3,3079.95,0,4650,0,25279.85
2024-09-03,2024-09-19,22450,PE,0.0,0.0,0.0,33.75,0.05,0,0,0,25279.85
2024-09-03,2024-09-26,22300,PE,13.1,13.1,10.7,11.35,11.35,5952,239625,-17275,25279.85
2024-09-03,2024-09-26,22450,CE,0.0,0.0,0.0,2562.5,2930.8,0,150,0,25279.85
2024-09-03,2024-09-12,22450,PE,2.65,2.65,1.65,2.25,2.25,1261,25175,22300,25279.85
2024-09-03,2024-09-12,22450,CE,0.0,0.0,0.0,1858.55,2869.25,0,0,0,25279.85
2024-09-03,2024-09-05,24500,CE,762.85,825.45,759.6,784.35,784.35,2669,211050,-10750,25279.85
2024-09-03,2024-09-26,24500,CE,911.95,965.0,908.0,928.55,928.55,3992,1450600,-16300,25279.85
2024-09-03,2024-09-05,24500,PE,3.15,3.7,1.75,2.05,2.05,822343,5775550,150325,25279.85
2024-09-03,2024-09-12,24500,PE,24.75,26.0,15.55,17.6,17.6,82269,1196275,398750,25279.85
2024-09-03,2024-11-28,24500,CE,1349.0,1396.1,1340.0,1356.4,1356.4,13,475,300,25279.85
2024-09-03,2024-09-26,24500,PE,94.85,97.95,78.45,83.7,83.7,50218,4006525,123500,25279.85
2024-09-03,2024-09-12,24500,CE,810.0,851.0,800.95,811.9,811.9,946,37000,16000,25279.85
2024-09-03,2024-09-19,25100,PE,184.95,184.95,143.55,155.3,155.3,1734,29150,-1575,25279.85
2024-09-03,2024-10-03,25100,CE,621.3,621.3,531.4,544.75,655.25,34,875,325,25279.85
2024-09-03,2024-09-12,25100,PE,114.75,119.75,86.3,94.55,94.55,43790,487075,133775,25279.85
2024-09-03,2024-09-05,26150,CE,1.25,1.3,0.55,0.75,0.75,38241,637050,-27825,25279.85
2024-09-03,2024-09-19,26150,CE,56.7,56.7,56.7,56.7,91.15,2,100,50,25279.85
2024-09-03,2024-09-12,26150,CE,3.6,4.05,2.6,3.0,3.0,2971,48950,18500,25279.85
2024-09-03,2024-09-05,25150,PE,55.0,63.55,31.55,38.45,38.45,1031059,2129300,359500,25279.85
2024-09-03,2024-09-26,22400,CE,2984.7,2984.7,2907.9,2907.9,2907.9,4,975,-25,25279.85
2024-09-03,2024-09-05,22400,CE,0.0,0.0,0.0,2771.4,2888.6,0,0,0,25279.85
2024-09-03,2024-10-03,25150,PE,0.0,0.0,0.0,479.7,349.25,0,75,0,25279.85
2024-09-03,2024-10-03,25150,CE,504.4,514.0,504.4,514.0,514.0,3,225,0,25279.85
2024-09-03,2024-10-31,25150,CE,709.1,733.9,694.3,712.3,889.1,55,1600,375,25279.85
2024-09-03,2024-09-05,22400,PE,1.1,1.1,0.45,0.6,0.6,89123,1256075,-259900,25279.85
2024-09-03,2024-09-26,25150,CE,452.2,452.2,413.1,426.65,426.65,1005,52100,2550,25279.85
2024-09-03,2024-09-05,25150,CE,177.7,210.0,154.8,170.7,170.7,396132,765625,67375,25279.85
2024-09-03,2024-10-31,24200,CE,0.0,0.0,0.0,1400.0,1540.35,0,4575,0,25279.85
2024-09-03,2024-09-05,22850,CE,0.0,0.0,0.0,2333.5,2438.8,0,0,0,25279.85
2024-09-03,2024-09-05,22850,PE,0.85,0.9,0.45,0.6,0.6,5954,50750,-1575,25279.85
2024-09-03,2024-09-12,24700,PE,39.75,41.35,26.95,29.65,29.65,45019,570650,145825,25279.85
2024-09-03,2024-11-28,24700,CE,0.0,0.0,0.0,1344.45,1390.75,0,0,0,25279.85
2024-09-03,2024-09-05,23400,PE,0.05,1.1,0.05,0.55,0.55,15502,295550,-48175,25279.85
2024-09-03,2024-10-03,25450,PE,0.0,0.0,0.0,808.65,488.4,0,0,0,25279.85
2024-09-03,2024-09-12,25450,PE,271.35,273.8,224.55,244.2,244.2,4895,35225,19175,25279.85
2024-09-03,2024-09-12,25450,CE,98.25,118.0,90.3,97.2,97.2,19861,110325,34675,25279.85
2024-09-03,2024-09-26,25450,PE,365.4,365.4,330.3,349.15,349.15,409,29325,425,25279.85
2024-09-03,2024-11-28,25450,PE,0.0,0.0,0.0,754.45,679.15,0,0,0,25279.85
2024-09-03,2024-09-05,25450,PE,227.15,231.8,161.5,190.05,190.05,281434,161425,-22800,25279.85
2024-09-03,2024-09-19,25450,PE,325.4,325.4,287.0,297.7,297.7,61,2000,275,25279.85
2024-09-03,2024-10-03,23150,PE,0.0,0.0,0.0,54.8,10.2,0,0,0,25279.85
2024-09-03,2024-09-19,23150,CE,0.0,0.0,0.0,1270.1,2203.1,0,0,0,25279.85
2024-09-03,2024-09-26,25950,PE,653.95,668.5,653.95,668.5,756.0,2,1900,25,25279.85
2024-09-03,2024-09-12,25950,PE,0.0,0.0,0.0,1717.2,686.45,0,0,0,25279.85
2024-09-03,2024-10-03,25950,CE,0.0,0.0,0.0,229.45,266.55,0,0,0,25279.85
2024-09-03,2024-09-12,25950,CE,8.6,9.8,6.35,6.95,6.95,17149,205250,91175,25279.85
2024-09-03,2024-09-19,25950,CE,0.0,0.0,0.0,23.7,134.7,0,0,0,25279.85
2024-09-03,2024-11-28,25950,CE,0.0,0.0,0.0,684.65,702.65,0,0,0,25279.85
2024-09-03,2024-10-31,23500,CE,2025.0,2050.0,2010.0,2036.75,2036.75,211,28225,4500,25279.85
2024-09-03,2024-09-26,22500,PE,13.75,14.05,11.75,12.1,12.1,20023,1925400,175600,25279.85
2024-09-03,2024-09-19,22500,PE,5.0,5.8,4.6,5.0,0.1,63,3850,1425,25279.85
2024-09-03,2024-09-26,23500,PE,27.15,27.15,22.45,23.75,23.75,30376,2089250,63100,25279.85
2024-09-03,2024-10-31,22500,CE,2940.0,3000.0,2940.0,2975.0,3054.4,13,725,125,25279.85
2024-09-03,2024-09-19,23500,PE,11.3,11.3,8.75,10.0,10.0,8745,134625,108000,25279.85
2024-09-03,2024-10-31,22500,PE,35.05,37.55,32.35,36.3,36.3,6805,309175,5500,25279.85
2024-09-03,2026-12-31,17000,PE,0.0,0.0,0.0,66.45,20.35,0,3000,0,25279.85
2024-09-03,2026-12-31,20000,PE,0.0,0.0,0.0,135.45,119.65,0,4300,0,25279.85
2024-09-03,2024-12-26,20000,PE,41.5,42.0,38.3,40.65,40.65,1007,1015000,-3900,25279.85
2024-09-03,2024-10-03,23100,PE,30.0,30.0,19.85,19.85,9.05,7,800,-25,25279.85
2024-09-03,2024-09-05,23100,PE,0.5,0.95,0.1,0.5,0.5,12367,185500,-5725,25279.85
2024-09-03,2024-10-31,23100,PE,0.0,0.0,0.0,59.15,41.9,0,21575,0,25279.85
2024-09-03,2024-09-19,23100,CE,0.0,0.0,0.0,1311.05,2252.75,0,0,0,25279.85
2024-09-03,2024-10-31,23100,CE,0.0,0.0,0.0,1969.9,2487.8,0,0,0,25279.85
2024-09-03,2024-09-05,23100,CE,2242.7,2242.7,2152.95,2152.95,2188.9,2,1025,0,25279.85
2024-09-03,2024-09-05,24850,PE,10.55,12.8,4.95,5.95,5.95,468552,1801300,-55050,25279.85
2024-09-03,2024-09-19,24850,PE,108.55,108.55,86.5,91.3,91.3,247,5150,1200,25279.85
2024-09-03,2024-09-26,25100,CE,449.9,491.6,447.55,460.35,460.35,6407,882600,-1925,25279.85
2024-09-03,2024-09-05,24400,PE,2.5,3.05,1.4,1.65,1.65,364439,2100000,274650,25279.85
2024-09-03,2024-09-19,24400,CE,0.0,0.0,0.0,967.7,1013.15,0,575,0,25279.85
2024-09-03,2024-10-31,22950,PE,0.0,0.0,0.0,60.45,33.1,0,1825,0,25279.85
2024-09-03,2024-09-26,22950,PE,19.0,19.0,14.6,15.55,15.55,27,2300,-325,25279.85
2024-09-03,2024-11-28,24600,PE,295.0,295.5,295.0,295.5,359.6,41,1125,975,25279.85
2024-09-03,2024-10-31,24600,PE,233.0,238.95,219.75,228.65,228.65,1306,114000,8875,25279.85
2024-09-03,2024-11-28,24600,CE,0.0,0.0,0.0,1409.5,1458.35,0,0,0,25279.85
2024-09-03,2027-12-30,22000,CE,0.0,0.0,0.0,4499.55,8319.15,0,0,0,25279.85
2024-09-03,2024-11-28,24000,CE,1702.6,1756.2,1702.6,1756.2,1899.35,11,975,275,25279.85
2024-09-03,2025-03-27,24000,PE,408.4,408.4,395.25,400.5,400.5,496,212950,2350,25279.85
2024-09-03,2027-06-24,22000,PE,0.0,0.0,0.0,3995.4,301.9,0,0,0,25279.85
2024-09-03,2024-09-05,24000,PE,1.5,2.2,1.0,1.15,1.15,539000,5347800,-516875,25279.85
2024-09-03,2025-03-27,24000,CE,2324.9,2430.0,2324.9,2408.6,2408.6,76,56825,-1000,25279.85
2024-09-03,2028-12-28,22000,PE,0.0,0.0,0.0,580.0,297.95,0,125,0,25279.85
2024-09-03,2025-03-27,22000,CE,0.0,0.0,0.0,2408.3,4255.7,0,0,0,25279.85
2024-09-03,2029-06-28,24000,CE,0.0,0.0,0.0,8085.35,8886.9,0,0,0,25279.85
2024-09-03,2024-09-19,24000,CE,1366.0,1366.0,1366.0,1366.0,1374.85,1,250,25,25279.85
2024-09-03,2026-12-31,24000,PE,0.0,0.0,0.0,900.0,592.15,0,4225,0,25279.85
2024-09-03,2024-09-19,22900,PE,0.0,0.0,0.0,77.1,0.4,0,0,0,25279.85
2024-09-03,2024-09-26,22900,PE,17.55,17.9,15.75,16.25,16.25,1408,159500,1250,25279.85
2024-09-03,2024-09-05,23050,CE,2279.35,2279.35,2169.05,2169.05,2238.85,2,0,0,25279.85
2024-09-03,2024-10-31,23050,PE,45.4,45.4,45.4,45.4,38.75,2,825,-50,25279.85
2024-09-03,2024-12-26,23000,CE,2745.0,2803.1,2745.0,2773.95,2773.95,162,470675,-700,25279.85
2024-09-03,2024-10-03,24550,PE,132.5,132.5,132.5,132.5,156.5,1,25,25,25279.85
2024-09-03,2024-11-28,24550,CE,1450.0,1450.0,1450.0,1450.0,1492.8,1,25,25,25279.85
2024-09-03,2024-10-31,23550,CE,0.0,0.0,0.0,1634.7,2081.65,0,0,0,25279.85
2024-09-03,2024-09-19,25550,CE,150.0,150.0,122.2,138.3,138.3,124,2300,2225,25279.85
2024-09-03,2024-09-26,25550,PE,416.75,419.05,375.2,398.65,398.65,351,11275,-125,25279.85
2024-09-03,2024-09-05,25550,PE,314.05,316.35,240.65,276.5,276.5,41070,134375,1900,25279.85
2024-09-03,2024-09-26,23150,PE,16.3,19.0,16.3,18.6,4.5,49,2050,-100,25279.85
2024-09-03,2024-09-05,23150,CE,0.0,0.0,0.0,2047.85,2138.9,0,0,0,25279.85
2024-09-03,2024-10-03,23150,CE,0.0,0.0,0.0,1909.2,2275.15,0,0,0,25279.85
2024-09-03,2024-09-26,26150,CE,39.8,42.75,35.05,38.1,38.1,980,9075,3025,25279.85
2024-09-03,2024-09-05,26150,PE,881.65,881.65,835.7,869.5,869.5,7,925,75,25279.85
2024-09-03,2024-11-28,26150,CE,0.0,0.0,0.0,605.45,619.95,0,0,0,25279.85
2024-09-03,2024-10-31,26150,CE,215.1,245.95,195.3,222.9,222.9,3252,119950,27325,25279.85
2024-09-03,2024-09-12,25150,CE,241.55,292.4,241.55,262.15,262.15,3752,50775,5325,25279.85
2024-09-03,2024-09-26,25150,PE,241.3,243.0,213.8,227.4,227.4,1600,73125,-3275,25279.85
2024-09-03,2024-10-31,22400,CE,3060.0,3060.0,3060.0,3060.0,3060.0,4,100,100,25279.85
2024-09-03,2024-10-31,25150,PE,363.3,369.3,363.3,369.3,469.6,3,2900,-25,25279.85
2024-09-03,2024-09-19,25150,CE,348.4,363.05,329.45,347.9,347.9,102,3025,800,25279.85
2024-09-03,2024-09-12,22400,PE,2.0,2.4,1.75,2.05,2.05,2544,38025,27875,25279.85
2024-09-03,2024-09-19,25400,PE,296.4,296.65,260.4,275.6,275.6,743,21525,2925,25279.85
2024-09-03,2024-09-26,25400,PE,362.0,364.0,304.0,322.25,322.25,37227,1104975,216400,25279.85
2024-09-03,2024-11-28,25400,PE,525.25,550.75,525.25,550.75,550.75,2,75,25,25279.85
2024-09-03,2024-10-03,25400,PE,376.7,376.7,345.8,345.8,463.15,4,75,25,25279.85
2024-09-03,2024-10-31,24300,PE,171.75,171.75,160.75,165.35,165.35,608,70200,6025,25279.85
2024-09-03,2024-09-12,24300,PE,13.65,13.95,9.25,10.25,10.25,38202,464525,53875,25279.85
2024-09-03,2024-10-31,24300,CE,0.0,0.0,0.0,1284.85,1463.15,0,4775,0,25279.85
2024-09-03,2024-09-19,24900,CE,520.0,525.0,511.8,523.5,523.5,79,6100,825,25279.85
2024-09-03,2024-09-12,24900,PE,67.1,70.55,48.0,52.5,52.5,49598,397925,132625,25279.85
2024-09-03,2024-09-12,24900,CE,449.95,485.65,440.0,453.5,453.5,808,22825,500,25279.85
2024-09-03,2024-09-05,23700,PE,1.45,1.6,0.55,0.7,0.7,95933,468750,-77950,25279.85
2024-09-03,2024-11-28,23700,CE,0.0,0.0,0.0,2068.8,2139.95,0,0,0,25279.85
2024-09-03,2024-10-03,23700,PE,42.0,47.3,39.4,39.4,39.4,31,350,125,25279.85
2024-09-03,2024-09-19,23700,PE,14.0,14.9,9.2,11.0,8.1,31,175,125,25279.85
2024-09-03,2024-09-26,23750,PE,33.55,35.0,28.6,30.75,30.75,713,41200,-4075,25279.85
2024-09-03,2024-09-19,23750,PE,13.5,13.95,13.5,13.6,13.6,6,575,0,25279.85
2024-09-03,2024-09-19,23750,CE,0.0,0.0,0.0,826.0,1613.35,0,0,0,25279.85
2024-09-03,2029-06-28,20000,PE,0.0,0.0,0.0,236.95,151.95,0,0,0,25279.85
2024-09-03,2024-10-03,24950,CE,0.0,0.0,0.0,558.45,748.15,0,25,0,25279.85
2024-09-03,2024-11-28,24950,CE,0.0,0.0,0.0,1189.6,1229.65,0,0,0,25279.85
2024-09-03,2024-09-26,24950,CE,563.95,594.45,551.25,561.55,561.55,770,20675,-5475,25279.85
2024-09-03,2024-09-12,25250,PE,176.05,176.05,133.0,144.95,144.95,43994,201225,60075,25279.85
2024-09-03,2024-09-05,25250,CE,109.0,138.0,94.3,103.0,103.0,2967343,2910825,464225,25279.85
2024-09-03,2024-11-28,24850,CE,0.0,0.0,0.0,1250.2,1292.75,0,0,0,25279.85
2024-09-03,2024-09-05,23150,PE,1.05,1.05,0.45,0.55,0.55,2060,18575,5800,25279.85
2024-09-03,2024-09-19,25950,PE,0.0,0.0,0.0,1692.8,723.95,0,0,0,25279.85
2024-09-03,2024-11-28,25950,PE,0.0,0.0,0.0,1015.95,930.9,0,0,0,25279.85
2024-09-03,2024-10-03,25950,PE,0.0,0.0,0.0,1151.75,785.3,0,0,0,25279.85
2024-09-03,2024-10-31,23400,CE,0.0,0.0,0.0,2023.2,2214.7,0,150,0,25279.85
2024-09-03,2024-09-12,26500,CE,2.3,2.35,1.65,1.85,1.85,12349,318475,48425,25279.85
2024-09-03,2024-09-19,26500,CE,6.0,6.1,4.55,5.05,5.05,1158,14525,9775,25279.85
2024-09-03,2024-09-19,26850,PE,0.0,0.0,0.0,2534.75,1505.0,0,0,0,25279.85
2024-09-03,2024-09-26,26850,PE,0.0,0.0,0.0,2476.35,1494.6,0,0,0,25279.85
2024-09-03,2024-09-26,22700,CE,0.0,0.0,0.0,2620.0,2682.5,0,4475,0,25279.85
2024-09-03,2024-10-31,22700,PE,42.0,42.0,37.8,39.9,39.9,4,99875,0,25279.85
2024-09-03,2024-09-26,22600,PE,14.45,14.75,13.0,13.25,13.25,1259,180075,-2075,25279.85
2024-09-03,2024-09-05,22600,CE,0.0,0.0,0.0,2620.9,2688.7,0,450,0,25279.85
2024-09-03,2024-09-05,22600,PE,1.15,1.15,0.45,0.55,0.55,19260,124300,-174200,25279.85
2024-09-03,2024-09-19,23250,CE,0.0,0.0,0.0,1189.9,2103.95,0,0,0,25279.85
2024-09-03,2024-10-31,22600,CE,0.0,0.0,0.0,2120.0,2958.5,0,125,0,25279.85
2024-09-03,2024-09-19,23250,PE,0.0,0.0,0.0,134.85,1.65,0,0,0,25279.85
2024-09-03,2024-10-31,23250,PE,0.0,0.0,0.0,63.5,52.55,0,2050,0,25279.85
2024-09-03,2024-09-05,25050,CE,261.0,295.0,228.35,252.65,252.65,86203,225525,9550,25279.85
2024-09-03,2024-10-31,25050,CE,767.9,794.95,767.9,787.25,787.25,8,1300,50,25279.85
2024-09-03,2024-10-03,25050,PE,242.4,242.4,232.6,232.6,309.4,5,700,0,25279.85
2024-09-03,2024-09-05,26500,CE,0.9,1.9,0.45,0.55,0.55,347372,5838825,13200,25279.85
2024-09-03,2024-10-03,26500,CE,32.0,32.0,25.6,27.85,27.85,560,20750,4975,25279.85
2024-09-03,2024-11-28,26500,CE,239.5,249.5,230.0,241.25,241.25,677,14225,9325,25279.85
2024-09-03,2024-09-12,26500,PE,0.0,0.0,0.0,1368.65,1184.55,0,50,0,25279.85
2024-09-03,2024-09-26,26500,CE,14.85,16.0,12.9,13.6,13.6,28898,1265950,-58000,25279.85
2024-09-03,2024-09-05,26500,PE,1249.55,1249.55,1186.6,1221.5,1221.5,194,8875,3825,25279.85
2024-09-03,2024-09-19,26500,PE,0.0,0.0,0.0,2199.85,1180.75,0,0,0,25279.85
2024-09-03,2024-10-31,22250,CE,0.0,0.0,0.0,2677.5,3295.8,0,0,0,25279.85
2024-09-03,2024-09-19,25500,CE,163.8,171.4,146.0,151.35,151.35,3955,95650,7775,25279.85
2024-09-03,2024-10-31,25500,PE,522.05,539.15,492.25,512.4,512.4,3843,258075,-1650,25279.85
2024-09-03,2024-09-19,24200,PE,30.0,30.0,21.5,23.4,23.4,3208,70800,32975,25279.85
2024-09-03,2024-10-03,24200,CE,0.0,0.0,0.0,1054.7,1310.4,0,0,0,25279.85
2024-09-03,2024-09-12,22850,PE,2.9,2.9,2.4,2.5,2.5,356,8000,6250,25279.85
2024-09-03,2024-10-31,24900,PE,311.95,311.95,287.9,300.0,300.0,145,46100,325,25279.85
2024-09-03,2024-09-12,24350,PE,15.05,15.05,10.4,11.6,11.6,8443,86025,21975,25279.85
2024-09-03,2024-10-03,24350,CE,0.0,0.0,0.0,951.8,1186.55,0,0,0,25279.85
2024-09-03,2024-11-28,24350,PE,0.0,0.0,0.0,339.7,291.6,0,0,0,25279.85
2024-09-03,2024-09-05,24350,PE,2.45,2.75,1.2,1.5,1.5,76202,309850,-107975,25279.85
2024-09-03,2024-09-26,23100,PE,19.65,20.25,17.9,18.65,18.65,4633,110975,4850,25279.85
2024-09-03,2024-09-12,23100,PE,2.85,3.4,2.35,2.55,2.55,122,7975,-250,25279.85
2024-09-03,2024-09-26,23100,CE,0.0,0.0,0.0,2233.9,2287.15,0,7850,0,25279.85
2024-09-03,2024-09-12,23800,CE,1519.0,1530.0,1501.55,1504.9,1504.9,32,650,625,25279.85
2024-09-03,2024-11-28,23800,CE,0.0,0.0,0.0,1989.6,2058.4,0,0,0,25279.85
2024-09-03,2024-09-19,23800,PE,12.7,13.7,11.05,12.25,12.25,1135,27175,8900,25279.85
2024-09-03,2024-09-26,23800,PE,37.0,37.0,30.5,32.15,32.15,12059,698100,10600,25279.85
2024-09-03,2024-10-03,23800,PE,0.0,0.0,0.0,145.6,42.85,0,0,0,25279.85
2024-09-03,2024-09-05,23800,CE,1475.0,1498.0,1473.0,1498.0,1489.15,10,9750,-150,25279.85
2024-09-03,2026-06-25,12000,PE,0.0,0.0,0.0,20.1,0.05,0,500,0,25279.85
2024-09-03,2027-12-30,28000,PE,0.0,0.0,0.0,4251.0,1472.15,0,0,0,25279.85
2024-09-03,2025-06-26,28000,PE,0.0,0.0,0.0,7207.55,2151.05,0,0,0,25279.85
2024-09-03,2028-06-29,28000,CE,0.0,0.0,0.0,2596.45,5453.65,0,0,0,25279.85
2024-09-03,2027-06-24,28000,CE,0.0,0.0,0.0,2186.3,4052.0,0,0,0,25279.85
2024-09-03,2025-03-27,28000,CE,0.0,0.0,0.0,264.0,642.25,0,0,0,25279.85
2024-09-03,2025-12-24,28000,CE,1270.0,1290.0,1201.0,1290.0,1290.0,11,12425,275,25279.85
2024-09-03,2024-09-26,28000,PE,2703.95,2703.95,2590.0,2624.05,2624.05,164,209200,1725,25279.85
2024-09-03,2026-06-25,28000,PE,0.0,0.0,0.0,6532.55,1852.5,0,0,0,25279.85
2024-09-03,2025-12-24,28000,PE,2150.0,2150.0,2079.8,2100.0,1996.35,6,450,125,25279.85
2024-09-03,2024-12-26,28000,CE,68.0,69.0,64.1,67.4,67.4,2773,490025,25575,25279.85
2024-09-03,2026-12-31,28000,CE,0.0,0.0,0.0,1871.1,3360.45,0,0,0,25279.85
2024-09-03,2024-09-26,28000,CE,3.95,4.0,3.05,3.45,3.45,2680,482925,-7575,25279.85
2024-09-03,2027-06-24,28000,PE,0.0,0.0,0.0,5959.35,1593.25,0,0,0,25279.85
2024-09-03,2025-06-26,28000,CE,0.0,0.0,0.0,912.95,1038.25,0,0,0,25279.85
2024-09-03,2024-10-31,27050,CE,0.0,0.0,0.0,194.0,187.65,0,0,0,25279.85
2024-09-03,2024-09-26,22000,PE,9.75,10.95,9.0,9.55,9.55,25895,2600475,15650,25279.85
2024-09-03,2028-06-29,24000,PE,0.0,0.0,0.0,1692.75,547.1,0,0,0,25279.85
2024-09-03,2028-12-28,22000,CE,0.0,0.0,0.0,6932.45,9521.95,0,0,0,25279.85
2024-09-03,2028-06-29,24000,CE,0.0,0.0,0.0,3918.85,7663.05,0,0,0,25279.85
2024-09-03,2028-12-28,20000,PE,0.0,0.0,0.0,405.0,152.1,0,1550,0,25279.85
2024-09-03,2025-06-26,20000,PE,0.0,0.0,0.0,125.0,29.7,0,458625,0,25279.85
2024-09-03,2024-09-26,25500,CE,236.9,248.0,218.0,225.15,225.15,56643,2340675,168600,25279.85
2024-09-03,2024-09-12,23850,CE,1461.75,1461.75,1422.35,1432.6,1473.95,9,25,25,25279.85
2024-09-03,2024-09-26,23850,PE,36.35,36.35,32.0,34.0,34.0,449,62350,-175,25279.85
2024-09-03,2024-10-31,23850,PE,114.0,114.0,104.4,109.1,109.1,126,6975,2550,25279.85
2024-09-03,2028-12-28,27000,PE,0.0,0.0,0.0,1413.85,1040.25,0,0,0,25279.85
2024-09-03,2024-09-05,26950,CE,1.2,1.2,0.3,0.4,0.4,75308,317950,-50625,25279.85
2024-09-03,2027-06-24,21000,PE,0.0,0.0,0.0,500.0,205.65,0,200,0,25279.85
2024-09-03,2025-03-27,21000,PE,97.85,99.0,90.2,93.0,93.0,960,79500,16325,25279.85
2024-09-03,2024-09-26,26700,CE,9.2,10.75,8.05,8.45,8.45,5410,279425,16075,25279.85
