date,expiry,strike,opt_type,open,high,low,close,settle,volume,oi,oi_change,underlying
2026-04-16,2026-04-28,24800,CE,100.1,116.3,65.8,78.55,78.55,56476,1188915,169845,24196.75
2026-04-16,2026-04-28,25150,CE,35.1,39.8,24.1,27.95,27.95,6811,129805,53040,24196.75
2026-04-16,2026-04-28,27450,CE,0.0,0.0,0.0,1.7,0.05,0,16380,0,24196.75
2026-04-16,2026-04-28,27500,CE,1.35,1.55,1.1,1.15,1.15,1503,429130,3380,24196.75
2026-04-16,2026-05-05,21200,CE,0.0,0.0,0.0,1917.7,3060.9,0,0,0,24196.75
2026-04-16,2026-05-05,22000,CE,2220.75,2222.75,2187.6,2207.2,2265.4,19,1625,-195,24196.75
2026-04-16,2026-05-05,22250,CE,0.0,0.0,0.0,1891.55,2019.0,0,1625,0,24196.75
2026-04-16,2026-05-05,23600,CE,840.0,840.0,752.8,766.65,805.8,26,5850,-1040,24196.75
2026-04-16,2026-05-05,23850,CE,722.7,740.4,583.35,632.45,629.45,30,9100,1170,24196.75
2026-04-16,2026-05-05,24450,CE,348.0,350.0,247.0,271.15,271.15,154,12935,4290,24196.75
2026-04-16,2026-05-05,25100,CE,89.3,96.6,63.9,74.55,74.55,618,16640,4485,24196.75
2026-04-16,2026-05-05,25900,CE,14.45,15.35,11.5,13.25,13.25,169,7345,455,24196.75
2026-04-16,2026-05-12,21200,CE,0.0,0.0,0.0,2069.95,3084.9,0,0,0,24196.75
2026-04-16,2026-05-12,21250,CE,0.0,0.0,0.0,2022.35,3035.2,0,0,0,24196.75
2026-04-16,2026-05-12,21350,CE,0.0,0.0,0.0,1927.7,2935.9,0,0,0,24196.75
2026-04-16,2026-05-12,21600,CE,0.0,0.0,0.0,1695.65,2688.1,0,0,0,24196.75
2026-04-16,2026-05-12,21900,CE,0.0,0.0,0.0,1428.35,2392.35,0,0,0,24196.75
2026-04-16,2026-05-12,22400,CE,0.0,0.0,0.0,1021.6,1907.9,0,0,0,24196.75
2026-04-16,2026-05-12,22900,CE,0.0,0.0,0.0,680.35,1446.15,0,0,0,24196.75
2026-04-16,2026-05-12,23750,CE,0.0,0.0,0.0,282.35,772.45,0,0,0,24196.75
2026-04-16,2026-05-12,24250,CE,507.0,507.0,416.0,455.9,455.9,21,520,520,24196.75
2026-04-16,2026-05-12,24550,CE,337.75,337.75,277.3,289.95,340.85,5,195,130,24196.75
2026-04-16,2026-05-12,24600,CE,334.1,351.6,252.3,286.45,286.45,201,12545,8970,24196.75
2026-04-16,2026-05-12,25350,CE,67.95,73.8,67.95,73.8,116.15,5,455,195,24196.75
2026-04-16,2026-05-12,25550,CE,0.0,0.0,0.0,18.25,85.0,0,0,0,24196.75
2026-04-16,2026-05-12,25900,CE,25.65,26.9,21.2,24.0,24.0,37,1040,-195,24196.75
2026-04-16,2026-05-19,22100,CE,0.0,0.0,0.0,1902.15,2237.8,0,0,0,24196.75
2026-04-16,2026-05-19,22300,CE,0.0,0.0,0.0,1719.75,2047.7,0,0,0,24196.75
2026-04-16,2026-05-19,22450,CE,0.0,0.0,0.0,1586.55,1907.5,0,0,0,24196.75
2026-04-16,2026-05-19,23100,CE,0.0,0.0,0.0,1058.6,1334.35,0,0,0,24196.75
2026-04-16,2026-05-19,23500,CE,0.0,0.0,0.0,782.8,1022.8,0,0,0,24196.75
2026-04-16,2026-05-19,24050,CE,0.0,0.0,0.0,481.6,661.35,0,0,0,24196.75
2026-04-16,2026-05-19,24850,CE,253.0,253.0,231.8,242.4,242.4,2,65,65,24196.75
2026-04-16,2026-05-19,25200,CE,0.0,0.0,0.0,129.7,199.85,0,0,0,24196.75
2026-04-16,2026-05-19,25300,CE,0.0,0.0,0.0,113.45,175.7,0,0,0,24196.75
2026-04-16,2026-05-19,25350,CE,0.0,0.0,0.0,105.95,164.9,0,0,0,24196.75
2026-04-16,2026-05-19,25750,CE,0.0,0.0,0.0,59.6,96.35,0,0,0,24196.75
2026-04-16,2026-05-26,20350,CE,0.0,0.0,0.0,2328.65,3985.8,0,65,0,24196.75
2026-04-16,2026-05-26,20550,CE,0.0,0.0,0.0,2617.9,3787.45,0,65,0,24196.75
2026-04-16,2026-05-26,20600,CE,0.0,0.0,0.0,2575.8,3737.9,0,65,0,24196.75
2026-04-16,2026-05-26,21000,CE,3400.0,3434.55,3252.85,3325.0,3342.15,67,33410,3705,24196.75
2026-04-16,2026-05-26,21200,CE,0.0,0.0,0.0,2014.65,3145.0,0,260,0,24196.75
2026-04-16,2026-05-26,21950,CE,0.0,0.0,0.0,1636.6,2416.05,0,260,0,24196.75
2026-04-16,2026-05-26,22200,CE,2024.65,2024.65,2024.65,2024.65,2024.65,1,2795,0,24196.75
2026-04-16,2026-05-26,22250,CE,0.0,0.0,0.0,2000.0,2133.2,0,325,0,24196.75
2026-04-16,2026-05-26,23250,CE,0.0,0.0,0.0,1348.0,1270.35,0,2210,0,24196.75
2026-04-16,2026-05-26,23450,CE,1280.0,1280.0,1280.0,1280.0,1120.65,1,1755,-65,24196.75
2026-04-16,2026-05-26,23500,CE,1196.7,1249.0,1036.1,1093.45,1093.45,1180,435370,-2405,24196.75
2026-04-16,2026-05-26,24250,CE,680.0,689.0,548.1,582.0,582.0,230,7150,-2340,24196.75
2026-04-16,2026-05-26,25200,CE,209.25,209.4,153.4,168.85,168.85,2745,108875,17745,24196.75
2026-04-16,2026-05-26,26950,CE,14.5,14.5,13.0,13.0,25.2,7,2925,65,24196.75
2026-04-16,2026-05-26,27050,CE,13.5,13.5,11.0,11.0,21.55,30,2015,-65,24196.75
2026-04-16,2026-06-30,20200,CE,0.0,0.0,0.0,2556.2,4258.6,0,0,0,24196.75
2026-04-16,2026-06-30,20350,CE,0.0,0.0,0.0,2422.5,4111.95,0,0,0,24196.75
2026-04-16,2030-06-25,28500,PE,0.0,0.0,0.0,1167.6,2289.15,0,0,0,24196.75
2026-04-16,2030-06-25,21000,PE,0.0,0.0,0.0,220.0,467.25,0,65,0,24196.75
2026-04-16,2029-12-24,28500,PE,0.0,0.0,0.0,1255.9,2423.6,0,0,0,24196.75
2026-04-16,2029-06-26,22500,PE,0.0,0.0,0.0,224.45,707.5,0,0,0,24196.75
2026-04-16,2029-06-26,16500,PE,0.0,0.0,0.0,8.1,71.15,0,0,0,24196.75
2026-04-16,2028-12-26,15000,PE,0.0,0.0,0.0,22.25,22.25,0,0,0,24196.75
2026-04-16,2028-06-27,31500,PE,0.0,0.0,0.0,2935.6,4620.15,0,0,0,24196.75
2026-04-16,2027-12-28,31500,PE,0.0,0.0,0.0,3240.0,5007.45,0,0,0,24196.75
2026-04-16,2027-12-28,30000,PE,0.0,0.0,0.0,4140.9,3985.4,0,0,0,24196.75
2026-04-16,2027-12-28,25000,PE,1112.6,1200.0,1112.6,1165.0,1165.0,25,12285,130,24196.75
2026-04-16,2027-06-29,34500,PE,0.0,0.0,0.0,5880.15,7985.55,0,0,0,24196.75
2026-04-16,2027-06-29,18000,PE,0.0,0.0,0.0,220.0,40.6,0,230,0,24196.75
2026-04-16,2027-06-29,15000,PE,0.0,0.0,0.0,1173.2,2.15,0,0,0,24196.75
2026-04-16,2026-12-29,26000,PE,1350.0,1423.45,1290.05,1382.05,1382.05,827,851505,8230,24196.75
2026-04-16,2026-12-29,19000,PE,120.45,133.8,120.45,122.45,122.45,1131,272355,14365,24196.75
2026-04-16,2026-09-29,18000,PE,0.0,0.0,0.0,7.25,2.35,0,0,0,24196.75
2026-04-16,2026-06-30,28000,PE,3280.0,3497.2,3250.0,3410.8,3410.8,197,1052110,1040,24196.75
2026-04-16,2026-06-30,26250,PE,0.0,0.0,0.0,3483.95,1934.85,0,0,0,24196.75
2026-04-16,2026-06-30,24850,PE,871.3,880.5,860.05,879.95,955.2,33,2730,2145,24196.75
2026-04-16,2026-06-30,24750,PE,0.0,0.0,0.0,914.45,898.5,0,780,0,24196.75
2026-04-16,2026-06-30,23700,PE,378.0,445.0,371.55,411.7,411.7,101,11830,-845,24196.75
2026-04-16,2026-06-30,23500,PE,341.05,394.6,328.1,363.4,363.4,3647,324220,-8320,24196.75
2026-04-16,2026-06-30,23150,PE,272.75,314.8,272.75,289.25,289.25,30,3510,1170,24196.75
2026-04-16,2026-06-30,21850,PE,0.0,0.0,0.0,376.15,61.5,0,0,0,24196.75
2026-04-16,2026-06-30,21650,PE,0.0,0.0,0.0,314.75,47.1,0,0,0,24196.75
2026-04-16,2026-06-30,20950,PE,0.0,0.0,0.0,156.1,16.65,0,0,0,24196.75
2026-04-16,2026-06-30,20900,PE,0.0,0.0,0.0,147.75,15.35,0,0,0,24196.75
2026-04-16,2026-06-30,20850,PE,0.0,0.0,0.0,139.7,14.15,0,0,0,24196.75
2026-04-16,2026-06-30,18000,PE,28.0,30.55,27.05,28.1,28.1,3752,576095,27625,24196.75
2026-04-16,2026-06-30,16500,PE,13.25,14.1,13.25,14.05,14.05,16,9035,0,24196.75
2026-04-16,2026-05-26,27000,PE,2470.0,2709.95,2436.55,2624.8,2624.8,1678,136695,82225,24196.75
2026-04-16,2026-05-26,26400,PE,1916.0,2133.05,1916.0,1987.45,1987.45,30,1625,1495,24196.75
2026-04-16,2026-05-26,26100,PE,1598.25,1658.75,1587.85,1658.75,1810.55,4,2080,130,24196.75
2026-04-16,2026-05-26,25600,PE,1190.85,1364.05,1190.85,1362.3,1387.9,14,1950,260,24196.75
2026-04-16,2026-05-26,25450,PE,1074.75,1074.75,1074.75,1074.75,1269.25,2,650,0,24196.75
2026-04-16,2026-05-26,25000,PE,797.95,943.0,751.45,878.55,878.55,4432,597350,85865,24196.75
2026-04-16,2026-05-26,24750,PE,660.0,752.45,660.0,752.45,779.7,2,4810,-65,24196.75
2026-04-16,2026-05-26,22800,PE,140.0,164.7,131.8,144.2,144.2,1971,117715,5460,24196.75
2026-04-16,2026-05-26,22400,PE,103.45,117.7,96.5,102.15,102.15,1054,31850,9100,24196.75
2026-04-16,2026-05-26,22150,PE,0.0,0.0,0.0,9.0,28.95,0,0,0,24196.75
2026-04-16,2026-05-26,21500,PE,53.1,57.35,48.25,49.7,49.7,7805,463970,60060,24196.75
2026-04-16,2026-05-26,20300,PE,0.0,0.0,0.0,0.15,0.35,0,0,0,24196.75
2026-04-16,2026-05-19,26100,PE,0.0,0.0,0.0,2146.85,1814.0,0,0,0,24196.75
2026-04-16,2026-05-19,25700,PE,0.0,0.0,0.0,1778.8,1462.0,0,0,0,24196.75
2026-04-16,2026-05-19,25550,PE,0.0,0.0,0.0,1645.4,1336.4,0,0,0,24196.75
2026-04-16,2026-05-19,25100,PE,0.0,0.0,0.0,1265.75,986.45,0,0,0,24196.75
2026-04-16,2026-05-19,24950,PE,0.0,0.0,0.0,1147.5,880.45,0,0,0,24196.75
2026-04-16,2026-05-19,24750,PE,0.0,0.0,0.0,997.4,748.4,0,0,0,24196.75
2026-04-16,2026-05-19,22650,PE,0.0,0.0,0.0,96.2,50.25,0,0,0,24196.75
2026-04-16,2026-05-19,22550,PE,0.0,0.0,0.0,81.8,41.7,0,0,0,24196.75
2026-04-16,2026-05-19,22250,PE,0.0,0.0,0.0,48.6,23.0,0,0,0,24196.75
2026-04-16,2026-05-19,22150,PE,0.0,0.0,0.0,40.35,18.6,0,0,0,24196.75
2026-04-16,2026-05-12,26000,PE,0.0,0.0,0.0,2725.6,1735.3,0,0,0,24196.75
2026-04-16,2026-05-12,25850,PE,0.0,0.0,0.0,2579.2,1597.95,0,0,0,24196.75
2026-04-16,2026-05-12,25800,PE,0.0,0.0,0.0,2530.55,1552.8,0,0,0,24196.75
2026-04-16,2026-05-12,25400,PE,0.0,0.0,0.0,2145.7,1205.95,0,0,0,24196.75
2026-04-16,2026-05-12,25250,PE,0.0,0.0,0.0,2003.95,1083.85,0,0,0,24196.75
2026-04-16,2026-05-12,22550,PE,0.0,0.0,0.0,200.4,26.3,0,0,0,24196.75
2026-04-16,2026-05-12,22350,PE,0.0,0.0,0.0,149.85,16.55,0,0,0,24196.75
2026-04-16,2026-05-05,26500,PE,0.0,0.0,0.0,3372.35,2228.4,0,0,0,24196.75
2026-04-16,2026-05-05,25600,PE,0.0,0.0,0.0,2493.1,1368.85,0,0,0,24196.75
2026-04-16,2026-04-28,24600,CE,184.0,190.85,112.1,132.5,132.5,34058,749385,152620,24196.75
2026-04-16,2029-12-24,25500,PE,0.0,0.0,0.0,597.3,1411.9,0,0,0,24196.75
2026-04-16,2029-12-24,31500,PE,0.0,0.0,0.0,2240.25,3730.15,0,0,0,24196.75
2026-04-16,2030-12-31,27000,PE,0.0,0.0,0.0,779.5,1698.2,0,0,0,24196.75
2026-04-16,2030-12-31,21000,PE,0.0,0.0,0.0,126.8,466.4,0,0,0,24196.75
2026-04-16,2030-06-25,22500,PE,0.0,0.0,0.0,223.75,698.55,0,0,0,24196.75
2026-04-16,2026-04-21,20500,CE,0.0,0.0,0.0,3530.0,3713.1,0,65,0,24196.75
2026-04-16,2026-04-21,20750,CE,0.0,0.0,0.0,2971.0,3463.3,0,0,0,24196.75
2026-04-16,2026-04-21,21200,CE,0.0,0.0,0.0,2520.0,3013.65,0,65,0,24196.75
2026-04-16,2026-04-21,21350,CE,0.0,0.0,0.0,2378.7,2863.75,0,0,0,24196.75
2026-04-16,2026-04-21,21550,CE,0.0,0.0,0.0,2183.3,2663.9,0,0,0,24196.75
2026-04-16,2026-04-21,21750,CE,0.0,0.0,0.0,1192.7,2464.05,0,65,0,24196.75
2026-04-16,2026-04-21,22250,CE,0.0,0.0,0.0,1667.15,1964.45,0,650,0,24196.75
2026-04-16,2026-04-21,23100,CE,1284.0,1284.75,1015.0,1094.2,1094.2,134,52455,-2925,24196.75
2026-04-16,2026-04-21,23500,CE,840.0,900.0,630.0,712.85,712.85,14562,437450,-61490,24196.75
2026-04-16,2026-04-21,23900,CE,504.9,536.7,309.55,370.2,370.2,56901,733330,-133120,24196.75
2026-04-16,2026-04-21,24050,CE,395.95,413.2,216.0,267.4,267.4,116022,316810,124800,24196.75
2026-04-16,2026-04-21,24150,CE,330.0,338.5,165.0,206.5,206.5,713714,1095835,596765,24196.75
2026-04-16,2026-04-21,25300,CE,3.7,4.5,1.95,2.25,2.25,428791,3690635,1259375,24196.75
2026-04-16,2026-04-21,25600,CE,1.35,1.7,1.0,1.1,1.1,174270,3189615,481585,24196.75
2026-04-16,2026-04-21,25750,CE,1.85,1.9,0.85,0.9,0.9,30636,389740,-23660,24196.75
2026-04-16,2026-04-21,25800,CE,1.0,1.25,0.75,0.8,0.8,80570,1009970,27885,24196.75
2026-04-16,2026-04-28,20550,CE,0.0,0.0,0.0,2277.2,3686.0,0,130,0,24196.75
2026-04-16,2026-04-28,21150,CE,0.0,0.0,0.0,2678.1,3087.15,0,260,0,24196.75
2026-04-16,2026-04-28,22100,CE,2240.0,2240.0,2022.55,2095.0,2095.0,13,53170,-390,24196.75
2026-04-16,2026-04-28,23000,CE,1365.0,1429.8,1168.0,1243.95,1243.95,3439,2125435,-53170,24196.75
2026-04-16,2026-04-28,23450,CE,1002.9,1002.9,798.25,822.0,850.05,24,201045,-780,24196.75
2026-04-16,2026-04-28,23850,CE,635.95,669.75,477.9,522.45,522.45,636,106990,-12935,24196.75
2026-04-16,2026-04-28,24500,CE,225.0,237.45,142.7,165.55,165.55,122800,3839615,119730,24196.75
2026-04-16,2026-04-28,27200,CE,1.7,1.7,1.3,1.4,1.4,110,46410,-130,24196.75
2026-04-16,2026-04-28,27550,CE,1.35,1.55,1.15,1.3,1.3,135,40170,-3575,24196.75
2026-04-16,2026-04-28,27600,CE,1.65,1.75,1.1,1.15,1.15,227,44980,-2340,24196.75
2026-04-16,2026-05-05,20250,CE,0.0,0.0,0.0,2832.3,4007.9,0,0,0,24196.75
2026-04-16,2026-05-05,21050,CE,0.0,0.0,0.0,2058.25,3210.4,0,0,0,24196.75
2026-04-16,2026-05-05,21300,CE,0.0,0.0,0.0,1825.3,2961.25,0,0,0,24196.75
2026-04-16,2026-05-05,21750,CE,0.0,0.0,0.0,1426.2,2513.35,0,0,0,24196.75
2026-04-16,2026-05-05,21850,CE,0.0,0.0,0.0,1342.1,2414.05,0,0,0,24196.75
2026-04-16,2026-05-05,22900,CE,1599.2,1599.2,1599.2,1599.2,1397.25,1,1820,0,24196.75
2026-04-16,2026-05-05,23050,CE,0.0,0.0,0.0,1177.6,1261.1,0,65,0,24196.75
2026-04-16,2026-05-05,23550,CE,0.0,0.0,0.0,931.4,843.65,0,2665,0,24196.75
2026-04-16,2026-05-05,25000,CE,110.0,123.05,80.25,92.6,92.6,9562,261885,89830,24196.75
2026-04-16,2026-05-12,21550,CE,0.0,0.0,0.0,1741.5,2737.6,0,0,0,24196.75
2026-04-16,2026-05-12,22200,CE,0.0,0.0,0.0,1177.45,2099.85,0,0,0,24196.75
2026-04-16,2026-05-12,22300,CE,0.0,0.0,0.0,1098.3,2003.5,0,0,0,24196.75
2026-04-16,2026-05-12,22450,CE,0.0,0.0,0.0,985.1,1860.4,0,0,0,24196.75
2026-04-16,2026-05-12,22800,CE,0.0,0.0,0.0,742.5,1535.8,0,0,0,24196.75
2026-04-16,2026-05-12,23250,CE,0.0,0.0,0.0,488.2,1147.2,0,0,0,24196.75
2026-04-16,2026-05-12,24050,CE,0.0,0.0,0.0,194.6,584.85,0,0,0,24196.75
2026-04-16,2026-05-12,24150,CE,486.15,527.7,471.95,511.05,511.05,23,2080,1235,24196.75
2026-04-16,2026-05-12,24400,CE,439.6,463.3,345.75,372.3,372.3,241,15145,11310,24196.75
2026-04-16,2026-05-12,24850,CE,205.0,205.0,172.7,186.35,186.35,23,1105,1105,24196.75
2026-04-16,2026-05-12,24950,CE,179.65,196.2,142.3,146.0,205.7,26,1040,0,24196.75
2026-04-16,2026-05-12,25300,CE,92.9,100.0,69.75,81.45,81.45,105,5330,1625,24196.75
2026-04-16,2026-05-12,26150,CE,19.1,19.1,15.35,16.75,29.9,37,4875,-260,24196.75
2026-04-16,2026-05-19,22600,CE,0.0,0.0,0.0,1457.0,1769.7,0,0,0,24196.75
2026-04-16,2026-05-19,23250,CE,0.0,0.0,0.0,949.3,1212.85,0,0,0,24196.75
2026-04-16,2026-05-19,23650,CE,0.0,0.0,0.0,691.6,914.9,0,0,0,24196.75
2026-04-16,2026-05-19,23850,CE,0.0,0.0,0.0,580.55,782.25,0,0,0,24196.75
2026-04-16,2026-05-19,24450,CE,500.1,505.25,393.05,402.35,456.25,25,1495,1495,24196.75
2026-04-16,2026-05-19,25150,CE,0.0,0.0,0.0,138.55,211.25,0,0,0,24196.75
2026-04-16,2026-05-19,25650,CE,0.0,0.0,0.0,69.15,110.75,0,0,0,24196.75
2026-04-16,2026-05-19,26350,CE,0.0,0.0,0.0,22.75,38.85,0,0,0,24196.75
2026-04-16,2026-05-26,20700,CE,0.0,0.0,0.0,2504.8,3638.85,0,130,0,24196.75
2026-04-16,2026-05-26,21400,CE,0.0,0.0,0.0,2063.05,2948.65,0,325,0,24196.75
2026-04-16,2026-05-26,22400,CE,1969.2,2029.15,1969.2,2029.15,1994.8,2,3575,-65,24196.75
2026-04-16,2026-05-26,23700,CE,1049.95,1079.55,894.65,949.3,949.3,364,33410,-260,24196.75
2026-04-16,2026-05-26,24050,CE,766.95,768.05,662.0,706.85,706.85,39,3965,-65,24196.75
2026-04-16,2026-05-26,25150,CE,217.95,225.0,167.0,182.85,182.85,152,11765,-195,24196.75
2026-04-16,2026-05-26,25950,CE,53.6,55.45,44.1,46.65,46.65,110,12025,780,24196.75
2026-04-16,2026-05-26,26200,CE,36.4,37.1,28.0,31.65,31.65,1124,87035,20865,24196.75
2026-04-16,2026-05-26,26550,CE,22.05,22.45,19.5,19.7,45.8,17,1690,455,24196.75
2026-04-16,2026-05-26,26750,CE,17.5,17.5,13.0,14.65,34.15,35,2405,0,24196.75
2026-04-16,2026-06-30,20150,CE,0.0,0.0,0.0,2601.2,4307.55,0,0,0,24196.75
2026-04-16,2026-06-30,20800,CE,0.0,0.0,0.0,2035.95,3674.8,0,0,0,24196.75
2026-04-16,2026-06-30,20850,CE,0.0,0.0,0.0,1994.55,3626.55,0,0,0,24196.75
2026-04-16,2026-06-30,21500,CE,0.0,0.0,0.0,2265.0,3008.9,0,130,0,24196.75
2026-04-16,2026-06-30,21600,CE,0.0,0.0,0.0,1606.75,2915.9,0,65,0,24196.75
2026-04-16,2026-06-30,23450,CE,0.0,0.0,0.0,1443.35,1388.65,0,1235,0,24196.75
2026-04-16,2026-06-30,25100,CE,441.8,454.6,366.8,389.0,389.0,157,16445,-1950,24196.75
2026-04-16,2026-06-30,25400,CE,330.85,332.0,261.9,278.75,278.75,253,8970,5395,24196.75
2026-04-16,2026-06-30,26100,CE,135.0,138.15,104.4,113.0,113.0,552,26780,12870,24196.75
2026-04-16,2026-06-30,34500,CE,2.3,4.5,2.3,3.0,3.0,26,3315,1170,24196.75
2026-04-16,2026-12-29,22500,CE,0.0,0.0,0.0,3126.5,3076.55,0,10530,0,24196.75
2026-04-16,2026-12-29,24000,CE,2026.55,2086.45,1930.25,1968.35,1968.35,716,352725,11310,24196.75
2026-04-16,2026-12-29,26000,CE,840.0,859.6,769.0,794.15,794.15,4860,1495850,97440,24196.75
2026-04-16,2026-12-29,28000,CE,223.95,231.5,206.35,215.6,215.6,1867,1059725,-16200,24196.75
2026-04-16,2026-12-29,31500,CE,40.75,41.4,39.0,39.0,120.25,7,6695,-325,24196.75
2026-04-16,2026-12-29,34500,CE,0.0,0.0,0.0,89.2,26.75,0,0,0,24196.75
2026-04-16,2027-06-29,15000,CE,0.0,0.0,0.0,5367.85,10283.5,0,0,0,24196.75
2026-04-16,2027-06-29,18000,CE,0.0,0.0,0.0,4066.45,7538.85,0,0,0,24196.75
2026-04-16,2027-06-29,28500,CE,0.0,0.0,0.0,1711.9,1026.1,0,0,0,24196.75
2026-04-16,2027-12-28,22500,CE,0.0,0.0,0.0,6183.0,4595.0,0,0,0,24196.75
2026-04-16,2027-12-28,25000,CE,3040.0,3040.0,2921.95,2930.0,2930.0,4,15675,65,24196.75
2026-04-16,2027-12-28,33000,CE,220.1,220.1,220.05,220.05,628.9,2,1625,130,24196.75
2026-04-16,2028-06-27,18000,CE,0.0,0.0,0.0,6809.35,8608.25,0,0,0,24196.75
2026-04-16,2028-12-26,34500,CE,0.0,0.0,0.0,1432.8,1198.85,0,0,0,24196.75
2026-04-16,2030-06-25,30000,CE,0.0,0.0,0.0,5580.35,3962.5,0,0,0,24196.75
2026-04-16,2030-06-25,33000,CE,0.0,0.0,0.0,4416.45,2976.7,0,0,0,24196.75
2026-04-16,2030-06-25,34500,CE,0.0,0.0,0.0,2879.05,2568.95,0,0,0,24196.75
2026-04-16,2030-12-31,19500,CE,0.0,0.0,0.0,11601.15,9964.9,0,0,0,24196.75
2026-04-16,2026-04-21,21250,PE,1.85,2.05,0.9,1.15,1.15,5809,97630,-780,24196.75
2026-04-16,2026-04-21,21650,PE,2.2,2.45,0.95,1.3,1.3,4573,64350,4225,24196.75
2026-04-16,2026-04-21,21950,PE,2.5,2.7,1.1,1.4,1.4,12766,172250,-23140,24196.75
2026-04-16,2026-04-21,23250,PE,14.8,19.4,8.6,10.55,10.55,152781,1422070,828165,24196.75
2026-04-16,2026-04-21,23450,PE,33.15,33.15,14.1,20.4,20.4,192448,1197885,769600,24196.75
2026-04-16,2026-04-21,23550,PE,34.8,44.15,19.75,28.1,28.1,199658,775320,291850,24196.75
2026-04-16,2026-04-21,23750,PE,56.0,78.6,34.2,53.45,53.45,281450,1546870,837785,24196.75
2026-04-16,2026-04-21,24200,PE,144.0,252.0,117.05,193.2,193.2,1773233,4290065,-325520,24196.75
2026-04-16,2026-04-21,24350,PE,237.0,346.0,171.85,276.2,276.2,684335,366730,216125,24196.75
2026-04-16,2026-04-21,25600,PE,0.0,0.0,0.0,1744.05,1383.45,0,3315,0,24196.75
2026-04-16,2026-04-28,20450,PE,4.0,4.0,2.4,2.65,2.65,207,5070,1105,24196.75
2026-04-16,2026-04-28,21200,PE,5.25,5.9,4.4,4.8,4.8,8733,230295,4875,24196.75
2026-04-16,2026-04-28,22150,PE,12.9,16.8,10.9,12.1,12.1,8868,40950,-217100,24196.75
2026-04-16,2026-04-28,22600,PE,29.95,30.05,19.75,21.55,21.55,15696,486070,24505,24196.75
2026-04-16,2026-04-28,23150,PE,43.05,70.0,43.05,53.6,53.6,1637,85800,11570,24196.75
2026-04-16,2026-04-28,23600,PE,100.0,143.5,85.55,116.7,116.7,21423,682760,131365,24196.75
2026-04-16,2026-04-28,27350,PE,0.0,0.0,0.0,3204.75,3101.1,0,65,0,24196.75
2026-04-16,2026-04-28,27600,PE,0.0,0.0,0.0,3370.0,3350.6,0,1105,0,24196.75
2026-04-16,2026-04-28,27650,PE,0.0,0.0,0.0,5000.0,3400.5,0,65,0,24196.75
2026-04-16,2026-05-05,20100,PE,5.95,7.45,4.05,4.7,4.7,1283,122720,55250,24196.75
2026-04-16,2026-05-05,23850,PE,192.1,271.05,185.9,236.3,236.3,175,8255,2470,24196.75
2026-04-16,2026-05-05,23950,PE,274.5,305.05,206.85,265.55,265.55,151,6890,1235,24196.75
2026-04-16,2026-05-05,24150,PE,271.65,384.75,266.9,339.75,339.75,463,9035,3250,24196.75
2026-04-16,2026-05-05,24800,PE,618.0,732.45,612.0,699.05,699.05,28,2860,520,24196.75
2026-04-16,2026-05-05,24950,PE,0.0,0.0,0.0,969.75,821.65,0,65,0,24196.75
2026-04-16,2026-05-05,25350,PE,0.0,0.0,0.0,1281.2,1147.2,0,65,0,24196.75
2026-04-16,2026-05-05,25450,PE,0.0,0.0,0.0,1348.35,1234.45,0,65,0,24196.75
2026-04-16,2026-05-05,25750,PE,0.0,0.0,0.0,2638.0,1506.75,0,0,0,24196.75
2026-04-16,2026-05-12,21300,PE,0.0,0.0,0.0,21.55,0.85,0,0,0,24196.75
2026-04-16,2026-05-12,21950,PE,0.0,0.0,0.0,77.95,5.9,0,0,0,24196.75
2026-04-16,2026-05-12,23100,PE,0.0,0.0,0.0,401.4,80.05,0,0,0,24196.75
2026-04-16,2026-05-12,23400,PE,153.6,169.85,153.6,169.85,169.85,4,130,65,24196.75
2026-04-16,2026-05-12,23600,PE,0.0,0.0,0.0,668.5,183.0,0,0,0,24196.75
2026-04-16,2026-05-12,23950,PE,0.0,0.0,0.0,312.55,298.35,0,260,0,24196.75
2026-04-16,2026-05-12,25200,PE,0.0,0.0,0.0,1957.15,1044.3,0,0,0,24196.75
2026-04-16,2026-05-12,26300,PE,0.0,0.0,0.0,3020.25,2017.1,0,0,0,24196.75
2026-04-16,2026-05-19,23150,PE,0.0,0.0,0.0,200.5,116.35,0,0,0,24196.75
2026-04-16,2026-05-19,23200,PE,0.0,0.0,0.0,213.15,125.55,0,0,0,24196.75
2026-04-16,2026-05-19,23250,PE,0.0,0.0,0.0,227.5,135.3,0,0,0,24196.75
2026-04-16,2026-05-19,23500,PE,0.0,0.0,0.0,309.6,193.85,0,0,0,24196.75
2026-04-16,2026-05-19,25200,PE,0.0,0.0,0.0,1347.05,1061.35,0,0,0,24196.75
2026-04-16,2026-05-26,21600,PE,0.0,0.0,0.0,3.1,9.5,0,0,0,24196.75
2026-04-16,2026-05-26,22050,PE,0.0,0.0,0.0,7.5,23.95,0,0,0,24196.75
2026-04-16,2026-05-26,22550,PE,110.35,124.9,109.65,112.0,58.55,44,3315,-455,24196.75
2026-04-16,2026-05-26,22700,PE,131.55,151.05,122.2,133.15,133.15,708,42250,455,24196.75
2026-04-16,2026-05-26,22750,PE,138.0,154.45,127.25,140.15,140.15,52,8125,-130,24196.75
2026-04-16,2026-05-26,23450,PE,236.0,280.05,228.45,253.65,253.65,87,6110,585,24196.75
2026-04-16,2026-05-26,23600,PE,286.0,318.0,249.6,285.85,285.85,572,33670,1755,24196.75
2026-04-16,2026-05-26,23950,PE,344.8,416.95,335.75,385.35,385.35,51,7150,1170,24196.75
2026-04-16,2026-05-26,24800,PE,668.05,820.45,644.2,741.95,741.95,331,190645,10075,24196.75
2026-04-16,2026-05-26,25100,PE,831.5,1002.0,812.0,940.45,940.45,82,54665,-260,24196.75
2026-04-16,2026-05-26,25150,PE,863.3,1020.0,848.45,969.65,969.65,18,1495,585,24196.75
2026-04-16,2026-05-26,25900,PE,0.0,0.0,0.0,1570.0,1637.0,0,2990,0,24196.75
2026-04-16,2026-06-30,15000,PE,10.0,11.1,9.1,10.85,10.85,1123,188365,-10855,24196.75
2026-04-16,2026-06-30,19500,PE,0.0,0.0,0.0,0.4,1.05,0,0,0,24196.75
2026-04-16,2026-06-30,20250,PE,0.0,0.0,0.0,67.25,4.9,0,0,0,24196.75
2026-04-16,2026-06-30,20800,PE,0.0,0.0,0.0,132.0,13.05,0,0,0,24196.75
2026-04-16,2026-06-30,21900,PE,0.0,0.0,0.0,392.7,65.6,0,0,0,24196.75
2026-04-16,2026-06-30,22200,PE,154.0,175.95,152.8,160.6,160.6,123,18720,1105,24196.75
2026-04-16,2026-06-30,23750,PE,389.4,419.8,389.4,419.8,441.6,7,4550,-195,24196.75
2026-04-16,2026-06-30,24050,PE,540.0,555.0,516.45,518.9,518.9,21,2080,455,24196.75
2026-04-16,2026-06-30,25550,PE,0.0,0.0,0.0,2835.15,1404.6,0,0,0,24196.75
2026-04-16,2026-06-30,26350,PE,0.0,0.0,0.0,3578.45,2016.05,0,0,0,24196.75
2026-04-16,2026-06-30,28500,PE,0.0,0.0,0.0,3869.6,3963.85,0,12155,0,24196.75
2026-04-16,2026-06-30,29000,PE,4293.0,4460.0,4230.0,4384.8,4384.8,112,253745,-260,24196.75
2026-04-16,2026-09-29,34500,PE,0.0,0.0,0.0,7064.95,9341.0,0,0,0,24196.75
2026-04-16,2026-12-29,16000,PE,58.7,61.8,57.15,58.9,58.9,88,21005,0,24196.75
2026-04-16,2026-12-29,19500,PE,136.7,144.0,135.0,138.25,138.25,68,15665,-1365,24196.75
2026-04-16,2027-03-30,18000,PE,0.0,0.0,0.0,56.65,24.7,0,0,0,24196.75
2026-04-16,2027-06-29,19500,PE,0.0,0.0,0.0,17.3,116.65,0,0,0,24196.75
2026-04-16,2028-06-27,30000,PE,0.0,0.0,0.0,3779.25,3706.1,0,0,0,24196.75
2026-04-16,2029-12-24,16500,PE,0.0,0.0,0.0,10.15,82.65,0,0,0,24196.75
2026-04-16,2026-05-26,21600,CE,0.0,0.0,0.0,1911.2,2753.45,0,195,0,24196.75
2026-04-16,2030-12-31,30000,PE,0.0,0.0,0.0,1450.1,2680.95,0,0,0,24196.75
2026-04-16,2030-06-25,18000,PE,0.0,0.0,0.0,116.65,172.4,0,0,0,24196.75
2026-04-16,2029-06-26,30000,PE,0.0,0.0,0.0,2031.05,3241.2,0,0,0,24196.75
2026-04-16,2029-06-26,25500,PE,0.0,0.0,0.0,624.25,1463.2,0,0,0,24196.75
2026-04-16,2028-12-26,24000,PE,0.0,0.0,0.0,720.0,1057.1,0,3185,0,24196.75
2026-04-16,2028-06-27,33000,PE,0.0,0.0,0.0,3707.8,5614.7,0,0,0,24196.75
2026-04-16,2028-06-27,24000,PE,0.0,0.0,0.0,1692.75,1057.95,0,0,0,24196.75
2026-04-16,2028-06-27,19500,PE,0.0,0.0,0.0,40.05,214.95,0,0,0,24196.75
2026-04-16,2027-12-28,26000,PE,1424.0,1498.0,1424.0,1498.0,1790.25,5,18040,0,24196.75
2026-04-16,2027-12-28,20000,PE,350.0,411.0,320.0,320.0,221.5,20,5490,-65,24196.75
2026-04-16,2027-03-30,16500,PE,0.0,0.0,0.0,13.6,5.3,0,0,0,24196.75
2026-04-16,2026-12-29,29000,PE,3350.0,3557.8,3349.95,3480.0,3480.0,17,202720,65,24196.75
2026-04-16,2026-12-29,21000,PE,234.3,248.8,229.15,233.3,233.3,2136,451110,-8060,24196.75
2026-04-16,2026-09-29,26000,PE,1380.0,1500.0,1339.1,1440.0,1440.0,172,405690,-65,24196.75
2026-04-16,2026-09-29,25000,PE,906.4,1010.55,902.0,956.4,956.4,586,264125,12740,24196.75
2026-04-16,2026-06-30,26550,PE,0.0,0.0,0.0,3768.5,2181.9,0,0,0,24196.75
2026-04-16,2026-06-30,25800,PE,0.0,0.0,0.0,3063.95,1586.65,0,0,0,24196.75
2026-04-16,2026-06-30,25300,PE,996.0,1143.95,982.0,1081.45,1234.0,48,1625,1625,24196.75
2026-04-16,2026-06-30,25050,PE,868.4,868.4,868.35,868.35,1074.45,2,455,130,24196.75
2026-04-16,2026-06-30,25000,PE,860.0,977.25,824.0,921.05,921.05,2229,3512185,38200,24196.75
2026-04-16,2026-06-30,24800,PE,812.0,859.25,807.0,813.5,813.5,38,6110,715,24196.75
2026-04-16,2026-06-30,23900,PE,433.75,503.85,422.0,469.65,469.65,251,12610,-3055,24196.75
2026-04-16,2026-06-30,23650,PE,373.6,407.25,372.75,406.1,406.1,12,2600,520,24196.75
2026-04-16,2026-06-30,23550,PE,354.25,400.85,340.0,379.0,379.0,70,5590,-845,24196.75
2026-04-16,2026-06-30,23100,PE,267.35,306.0,263.0,284.65,284.65,91,7930,1755,24196.75
2026-04-16,2026-06-30,23050,PE,258.65,293.65,255.0,278.0,278.0,41,4810,2015,24196.75
2026-04-16,2026-06-30,22900,PE,241.2,271.75,232.0,252.3,252.3,253,8645,-1950,24196.75
2026-04-16,2026-06-30,19000,PE,35.0,42.95,35.0,37.1,37.1,4060,923135,-11505,24196.75
2026-04-16,2026-05-26,26850,PE,0.0,0.0,0.0,3028.7,2499.6,0,195,0,24196.75
2026-04-16,2026-05-26,26450,PE,0.0,0.0,0.0,2706.35,2125.8,0,260,0,24196.75
2026-04-16,2026-05-26,25950,PE,1568.95,1568.95,1568.95,1568.95,1679.85,2,130,-130,24196.75
2026-04-16,2026-05-26,25300,PE,964.5,1136.55,942.5,1085.45,1085.45,108,11895,2145,24196.75
2026-04-16,2026-05-26,24600,PE,563.25,706.45,552.3,646.35,646.35,316,94640,8645,24196.75
2026-04-16,2026-05-26,24050,PE,368.05,458.85,364.15,419.45,419.45,31,5265,585,24196.75
2026-04-16,2026-05-26,24000,PE,370.0,443.2,344.75,398.5,398.5,21963,1201590,327145,24196.75
2026-04-16,2026-05-26,23550,PE,252.2,297.95,239.45,274.7,274.7,77,5525,2080,24196.75
2026-04-16,2026-05-26,22650,PE,126.85,142.85,119.8,122.05,122.05,34,7735,455,24196.75
2026-04-16,2026-05-26,22100,PE,0.0,0.0,0.0,8.2,26.35,0,0,0,24196.75
2026-04-16,2026-05-26,21700,PE,0.0,0.0,0.0,3.8,11.8,0,0,0,24196.75
2026-04-16,2026-05-26,21200,PE,0.0,0.0,0.0,1.35,3.75,0,0,0,24196.75
2026-04-16,2026-05-26,21050,PE,0.0,0.0,0.0,0.95,2.6,0,0,0,24196.75
2026-04-16,2026-05-26,20650,PE,0.0,0.0,0.0,0.4,0.9,0,0,0,24196.75
2026-04-16,2026-05-26,20150,PE,0.0,0.0,0.0,0.1,0.2,0,0,0,24196.75
2026-04-16,2026-05-19,26450,PE,0.0,0.0,0.0,2479.6,2137.45,0,0,0,24196.75
2026-04-16,2026-05-19,26300,PE,0.0,0.0,0.0,2336.0,1997.4,0,0,0,24196.75
2026-04-16,2026-05-19,24300,PE,446.4,528.0,446.4,485.85,493.9,12,520,520,24196.75
2026-04-16,2026-05-19,24150,PE,370.45,449.8,369.65,409.4,409.4,11,520,520,24196.75
2026-04-16,2026-05-19,23600,PE,263.65,263.65,243.4,254.7,254.7,15,195,195,24196.75
2026-04-16,2026-05-19,23350,PE,0.0,0.0,0.0,258.2,156.55,0,0,0,24196.75
2026-04-16,2026-05-12,26200,PE,0.0,0.0,0.0,2921.8,1922.25,0,0,0,24196.75
2026-04-16,2026-05-12,23500,PE,172.05,222.95,163.25,195.0,195.0,423,17875,1495,24196.75
2026-04-16,2026-05-12,22800,PE,0.0,0.0,0.0,280.05,44.85,0,0,0,24196.75
2026-04-16,2026-05-12,22300,PE,0.0,0.0,0.0,138.85,14.65,0,0,0,24196.75
2026-04-16,2026-05-12,21500,PE,0.0,0.0,0.0,33.05,1.55,0,0,0,24196.75
2026-04-16,2026-05-12,21350,PE,0.0,0.0,0.0,24.05,0.95,0,0,0,24196.75
2026-04-16,2026-05-05,26200,PE,0.0,0.0,0.0,3077.2,1935.2,0,0,0,24196.75
2026-04-16,2026-05-05,26150,PE,0.0,0.0,0.0,3028.15,1886.8,0,0,0,24196.75
2026-04-16,2026-05-05,26050,PE,0.0,0.0,0.0,2930.2,1790.45,0,0,0,24196.75
2026-04-16,2026-05-05,25950,PE,0.0,0.0,0.0,2832.5,1694.9,0,0,0,24196.75
2026-04-16,2026-05-05,23800,PE,190.0,253.85,172.05,218.3,218.3,1477,37440,13455,24196.75
2026-04-16,2026-05-05,23400,PE,116.25,153.2,107.3,130.45,130.45,822,23725,4810,24196.75
2026-04-16,2026-05-05,21450,PE,13.2,15.0,12.1,14.55,0.3,30,910,-715,24196.75
2026-04-16,2026-05-05,21400,PE,12.35,14.25,12.0,12.95,0.25,26,1105,-520,24196.75
2026-04-16,2026-05-05,21000,PE,11.0,12.15,8.55,8.9,8.9,4810,179595,111085,24196.75
2026-04-16,2026-04-28,27500,PE,3150.05,3388.6,3098.0,3292.95,3292.95,444,322010,-1105,24196.75
2026-04-16,2026-04-28,27450,PE,0.0,0.0,0.0,3304.75,3200.9,0,65,0,24196.75
2026-04-16,2026-04-28,26500,PE,2148.7,2351.0,2104.6,2295.0,2295.0,1131,438295,-54990,24196.75
2026-04-16,2026-04-28,25750,PE,1390.25,1581.55,1390.2,1581.55,1513.2,5,2275,0,24196.75
2026-04-16,2026-04-28,25700,PE,1339.95,1566.0,1339.95,1453.0,1464.8,33,45175,-390,24196.75
2026-04-16,2026-04-28,25650,PE,1295.05,1295.05,1270.0,1270.0,1416.65,18,7345,-260,24196.75
2026-04-16,2026-04-21,20450,CE,0.0,0.0,0.0,3268.55,3763.05,0,0,0,24196.75
2026-04-16,2026-04-21,21150,CE,0.0,0.0,0.0,2575.4,3063.6,0,0,0,24196.75
2026-04-16,2026-04-21,22050,CE,0.0,0.0,0.0,2161.0,2164.3,0,650,0,24196.75
2026-04-16,2026-04-21,22400,CE,1955.0,1955.0,1705.0,1787.55,1787.55,35,16835,-585,24196.75
2026-04-16,2026-04-21,22550,CE,1800.0,1805.0,1648.0,1651.05,1651.05,7,650,-65,24196.75
2026-04-16,2026-04-21,22700,CE,1566.65,1683.0,1420.0,1510.7,1510.7,67,31070,-585,24196.75
2026-04-16,2026-04-21,25350,CE,3.65,3.9,1.9,2.05,2.05,157239,716430,392080,24196.75
2026-04-16,2026-04-21,25900,CE,1.0,1.1,0.7,0.75,0.75,31783,517725,-2405,24196.75
2026-04-16,2026-04-28,20800,CE,0.0,0.0,0.0,2180.0,3436.45,0,390,0,24196.75
2026-04-16,2026-04-28,21450,CE,0.0,0.0,0.0,2749.6,2787.7,0,650,0,24196.75
2026-04-16,2026-04-28,21900,CE,2425.0,2425.0,2290.0,2290.0,2338.7,4,17745,0,24196.75
2026-04-16,2026-04-28,21950,CE,0.0,0.0,0.0,1753.8,2288.85,0,1235,0,24196.75
2026-04-16,2026-04-28,24050,CE,478.35,515.65,350.0,393.25,393.25,2073,67080,3965,24196.75
2026-04-16,2026-04-28,25550,CE,10.1,13.45,8.5,9.2,9.2,3626,90675,5005,24196.75
2026-04-16,2026-04-28,25750,CE,7.45,7.65,5.75,6.1,6.1,1349,50115,-12350,24196.75
2026-04-16,2026-04-28,26650,CE,1.85,2.9,1.85,1.9,1.9,76,27820,2145,24196.75
2026-04-16,2026-04-28,26700,CE,2.3,2.7,1.75,1.9,1.9,458,193635,-12545,24196.75
2026-04-16,2026-04-28,26800,CE,2.1,2.5,1.55,1.75,1.75,1326,166140,-35750,24196.75
2026-04-16,2026-04-28,27000,CE,1.9,2.05,1.3,1.5,1.5,9909,1433445,-60645,24196.75
2026-04-16,2026-04-28,27050,CE,2.1,2.1,1.45,1.5,1.5,144,33475,3185,24196.75
2026-04-16,2026-04-28,24200,PE,294.8,357.6,217.15,306.65,306.65,87494,2244840,488475,24196.75
2026-04-16,2026-04-28,24050,PE,192.35,286.5,172.05,242.15,242.15,5900,102245,28340,24196.75
2026-04-16,2026-04-28,22850,PE,44.85,44.85,26.05,32.35,32.35,2400,353990,9230,24196.75
2026-04-16,2026-04-28,22400,PE,20.0,22.85,14.8,16.2,16.2,17052,707915,2665,24196.75
2026-04-16,2026-04-28,22350,PE,16.65,21.4,14.2,15.5,15.5,2426,50245,6500,24196.75
2026-04-16,2026-04-28,22200,PE,15.85,17.75,11.6,12.8,12.8,43330,534690,-444925,24196.75
2026-04-16,2026-04-28,20850,PE,5.7,5.7,3.35,3.65,3.65,46,3575,-390,24196.75
2026-04-16,2026-04-28,20350,PE,3.35,3.55,2.2,2.7,2.7,146,7410,2925,24196.75
2026-04-16,2026-04-21,26550,PE,0.0,0.0,0.0,2794.1,2332.15,0,0,0,24196.75
2026-04-16,2026-04-21,26350,PE,0.0,0.0,0.0,2597.4,2132.3,0,0,0,24196.75
2026-04-16,2026-04-21,26150,PE,0.0,0.0,0.0,2401.8,1932.5,0,0,0,24196.75
2026-04-16,2026-04-21,25900,PE,0.0,0.0,0.0,2030.0,1682.75,0,390,0,24196.75
2026-04-16,2026-04-21,24950,PE,627.05,860.7,583.45,770.8,770.8,317,9750,5655,24196.75
2026-04-16,2026-04-21,22850,PE,8.45,8.45,2.9,3.5,3.5,65965,501215,252525,24196.75
2026-04-16,2026-04-21,22300,PE,3.2,3.55,1.25,1.6,1.6,61219,666380,-246935,24196.75
2026-04-16,2026-04-21,21700,PE,2.25,2.5,1.0,1.3,1.3,17939,536185,21905,24196.75
2026-04-16,2026-04-28,27700,CE,1.45,1.9,0.4,1.1,1.1,2980,489710,-455,24196.75
2026-04-16,2026-05-05,20200,CE,0.0,0.0,0.0,2881.5,4057.75,0,0,0,24196.75
2026-04-16,2026-05-05,20550,CE,0.0,0.0,0.0,2538.65,3708.85,0,0,0,24196.75
2026-04-16,2026-05-05,20800,CE,0.0,0.0,0.0,2296.6,3459.6,0,0,0,24196.75
2026-04-16,2026-04-21,21550,PE,2.2,2.4,1.05,1.25,1.25,2012,17160,-5460,24196.75
2026-04-16,2026-04-21,21150,PE,1.85,2.0,0.8,1.0,1.0,4663,55770,-2080,24196.75
2026-04-16,2026-04-21,20900,PE,1.9,1.9,0.85,1.1,1.1,6763,163735,16445,24196.75
2026-04-16,2026-04-21,20800,PE,1.75,2.0,0.75,1.05,1.05,25040,417170,-326365,24196.75
2026-04-16,2026-04-21,20500,PE,1.1,1.45,0.6,0.95,0.95,36301,1030250,-405990,24196.75
2026-04-16,2026-04-21,20200,PE,0.85,1.2,0.5,0.7,0.7,21342,356005,62855,24196.75
2026-04-16,2030-12-31,28500,CE,0.0,0.0,0.0,5968.3,5116.15,0,0,0,24196.75
2026-04-16,2030-12-31,22500,CE,0.0,0.0,0.0,9536.95,8114.2,0,0,0,24196.75
2026-04-16,2029-12-24,30000,CE,0.0,0.0,0.0,3700.0,3413.55,0,7950,0,24196.75
2026-04-16,2029-12-24,27000,CE,0.0,0.0,0.0,6201.65,4633.0,0,0,0,24196.75
2026-04-16,2029-12-24,25500,CE,0.0,0.0,0.0,6500.6,5357.2,0,0,0,24196.75
2026-04-16,2029-12-24,21000,CE,0.0,0.0,0.0,9463.95,7982.1,0,0,0,24196.75
2026-04-16,2028-12-26,27000,CE,0.0,0.0,0.0,4437.95,3447.8,0,0,0,24196.75
2026-04-16,2028-12-26,22500,CE,0.0,0.0,0.0,7382.9,5882.7,0,0,0,24196.75
2026-04-16,2028-12-26,19500,CE,0.0,0.0,0.0,9716.4,7965.15,0,0,0,24196.75
2026-04-16,2028-06-27,19500,CE,0.0,0.0,0.0,9209.1,7413.0,0,0,0,24196.75
2026-04-16,2027-12-28,27000,CE,1852.0,2157.6,1756.0,1793.45,2173.35,38,14780,1560,24196.75
2026-04-16,2027-06-29,25500,CE,0.0,0.0,0.0,3312.45,2122.4,0,0,0,24196.75
2026-04-16,2026-12-29,25500,CE,1128.05,1130.7,1021.3,1049.6,1049.6,4837,275275,32370,24196.75
2026-04-16,2026-12-29,23000,CE,2829.85,2829.85,2617.0,2660.55,2660.55,491,166590,3250,24196.75
2026-04-16,2026-09-29,28500,CE,57.15,63.2,57.15,59.5,59.5,607,135005,6955,24196.75
2026-04-16,2026-06-30,29000,CE,13.4,13.45,10.75,11.05,11.05,1100,365610,-9070,24196.75
2026-04-16,2026-06-30,26000,CE,157.95,164.65,120.65,132.0,132.0,21420,2771750,-269040,24196.75
2026-04-16,2026-06-30,24600,CE,701.85,719.55,592.0,620.65,620.65,97,12285,975,24196.75
2026-04-16,2026-06-30,24550,CE,726.15,746.2,628.55,658.85,658.85,27,3900,-780,24196.75
2026-04-16,2026-06-30,24300,CE,887.95,904.0,761.5,797.6,797.6,182,13845,-455,24196.75
2026-04-16,2026-06-30,21450,CE,0.0,0.0,0.0,1705.55,3055.65,0,65,0,24196.75
2026-04-16,2026-06-30,16500,CE,0.0,0.0,0.0,9929.2,7907.0,0,0,0,24196.75
2026-04-16,2026-05-26,27250,CE,12.6,12.65,8.6,9.35,9.35,150,25285,260,24196.75
2026-04-16,2026-05-26,26900,CE,16.4,16.4,11.65,13.15,13.15,51,9490,-260,24196.75
2026-04-16,2026-05-26,26450,CE,0.0,0.0,0.0,24.05,52.8,0,2275,0,24196.75
2026-04-16,2026-05-26,26400,CE,27.0,27.9,20.3,23.65,23.65,157,16575,4940,24196.75
2026-04-16,2026-05-26,25700,CE,83.0,87.7,65.0,72.6,72.6,1119,48750,12480,24196.75
2026-04-16,2026-05-26,25400,CE,138.2,150.2,108.85,120.9,120.9,2389,147550,11700,24196.75
2026-04-16,2026-05-26,23850,CE,951.0,970.05,800.4,834.0,834.0,95,45305,390,24196.75
2026-04-16,2026-05-26,23600,CE,1153.0,1160.6,963.25,1008.6,1008.6,128,21320,3770,24196.75
2026-04-16,2026-05-05,21250,CE,0.0,0.0,0.0,1871.35,3011.05,0,0,0,24196.75
2026-04-16,2026-05-05,22050,CE,0.0,0.0,0.0,1180.2,2215.95,0,0,0,24196.75
2026-04-16,2026-05-05,24100,CE,555.0,570.0,412.95,455.35,455.35,1437,101205,32890,24196.75
2026-04-16,2026-05-05,24200,CE,460.0,507.0,358.0,397.65,397.65,3527,112125,35880,24196.75
2026-04-16,2026-05-05,26000,CE,13.5,13.5,10.3,11.25,11.25,3712,136500,28600,24196.75
2026-04-16,2026-05-12,21700,CE,0.0,0.0,0.0,1605.0,2589.25,0,0,0,24196.75
2026-04-16,2026-05-12,21800,CE,0.0,0.0,0.0,1515.85,2490.65,0,0,0,24196.75
2026-04-16,2026-05-12,22350,CE,0.0,0.0,0.0,1059.6,1955.6,0,0,0,24196.75
2026-04-16,2026-05-12,22950,CE,0.0,0.0,0.0,650.5,1401.95,0,0,0,24196.75
2026-04-16,2026-05-12,23350,CE,0.0,0.0,0.0,440.65,1066.8,0,0,0,24196.75
2026-04-16,2026-05-12,24300,CE,500.0,521.85,386.8,417.5,417.5,568,15210,10725,24196.75
2026-04-16,2026-05-12,26300,CE,12.25,14.8,8.4,10.75,10.75,34,1170,1170,24196.75
2026-04-16,2026-05-19,22750,CE,0.0,0.0,0.0,1331.55,1634.85,0,0,0,24196.75
2026-04-16,2026-05-19,23900,CE,0.0,0.0,0.0,554.7,750.9,0,0,0,24196.75
2026-04-16,2026-05-19,24100,CE,705.0,726.9,572.7,601.25,601.25,16,585,585,24196.75
2026-04-16,2026-05-19,24600,CE,416.55,416.55,317.35,341.3,341.3,33,975,975,24196.75
2026-04-16,2026-05-19,25450,CE,0.0,0.0,0.0,92.2,144.9,0,0,0,24196.75
2026-04-16,2026-05-19,25850,CE,0.0,0.0,0.0,51.2,83.5,0,0,0,24196.75
2026-04-16,2026-05-19,25950,CE,0.0,0.0,0.0,43.8,72.15,0,0,0,24196.75
2026-04-16,2026-05-19,26300,CE,0.0,0.0,0.0,24.8,42.1,0,0,0,24196.75
2026-04-16,2026-05-19,26500,CE,20.0,20.0,11.0,11.0,30.35,2,0,0,24196.75
2026-04-16,2026-05-26,20800,CE,0.0,0.0,0.0,2671.55,3539.85,0,65,0,24196.75
2026-04-16,2026-05-26,21100,CE,0.0,0.0,0.0,2049.6,3243.5,0,260,0,24196.75
2026-04-16,2026-05-26,21350,CE,0.0,0.0,0.0,1859.75,2997.65,0,325,0,24196.75
2026-04-16,2026-06-30,21800,PE,0.0,0.0,0.0,360.1,57.6,0,0,0,24196.75
2026-04-16,2026-06-30,22350,PE,172.55,192.95,172.55,176.95,176.95,15,780,780,24196.75
2026-04-16,2030-12-31,24000,PE,0.0,0.0,0.0,353.8,962.45,0,0,0,24196.75
2026-04-16,2030-06-25,15000,PE,0.0,0.0,0.0,29.65,44.05,0,0,0,24196.75
2026-04-16,2029-12-24,34500,PE,0.0,0.0,0.0,3545.6,5294.3,0,0,0,24196.75
2026-04-16,2026-04-28,26700,PE,0.0,0.0,0.0,2440.0,2452.6,0,4160,0,24196.75
2026-04-16,2026-04-28,26800,PE,0.0,0.0,0.0,2525.0,2552.3,0,6565,0,24196.75
2026-04-16,2026-04-28,26900,PE,2640.0,2640.0,2640.0,2640.0,2652.05,4,1300,-260,24196.75
2026-04-16,2026-04-28,27250,PE,0.0,0.0,0.0,3108.15,3001.3,0,65,0,24196.75
2026-04-16,2026-05-05,21250,PE,13.25,15.5,9.3,11.8,11.8,117,7930,4030,24196.75
2026-04-16,2026-05-05,21900,PE,17.95,25.5,17.95,19.25,19.25,185,1690,1690,24196.75
2026-04-16,2026-05-05,24750,PE,0.0,0.0,0.0,810.55,676.3,0,65,0,24196.75
2026-04-16,2026-05-05,25050,PE,0.0,0.0,0.0,1048.9,899.0,0,65,0,24196.75
2026-04-16,2026-05-05,25500,PE,0.0,0.0,0.0,1413.05,1278.8,0,65,0,24196.75
2026-04-16,2026-05-05,25700,PE,0.0,0.0,0.0,2589.6,1460.4,0,0,0,24196.75
2026-04-16,2026-05-05,25900,PE,0.0,0.0,0.0,2783.75,1647.45,0,0,0,24196.75
2026-04-16,2026-05-12,22500,PE,47.95,69.0,47.95,65.35,65.35,47,2665,2665,24196.75
2026-04-16,2026-05-12,22650,PE,0.0,0.0,0.0,230.0,32.75,0,0,0,24196.75
2026-04-16,2026-05-12,24950,PE,0.0,0.0,0.0,1726.6,855.9,0,0,0,24196.75
2026-04-16,2026-05-12,25150,PE,0.0,0.0,0.0,1910.5,1005.35,0,0,0,24196.75
2026-04-16,2026-05-12,25350,PE,0.0,0.0,0.0,2098.25,1164.7,0,0,0,24196.75
2026-04-16,2026-05-12,26050,PE,0.0,0.0,0.0,2774.55,1781.65,0,0,0,24196.75
2026-04-16,2026-05-12,26150,PE,0.0,0.0,0.0,2872.65,1875.15,0,0,0,24196.75
2026-04-16,2026-05-12,26400,PE,0.0,0.0,0.0,3118.85,2112.7,0,0,0,24196.75
2026-04-16,2026-05-19,22950,PE,0.0,0.0,0.0,151.4,84.6,0,0,0,24196.75
2026-04-16,2026-04-21,25850,PE,0.0,0.0,0.0,1788.5,1632.8,0,65,0,24196.75
2026-04-16,2026-04-21,25250,PE,988.4,1062.7,975.05,1062.7,1062.7,82,2015,975,24196.75
2026-04-16,2026-04-21,25200,PE,847.4,1085.95,817.8,1016.15,1016.15,223,12025,-650,24196.75
2026-04-16,2026-04-21,23950,PE,89.45,136.05,59.35,98.4,98.4,376988,931190,439985,24196.75
2026-04-16,2026-04-21,23000,PE,11.85,11.85,4.3,5.05,5.05,697863,8766485,2205710,24196.75
2026-04-16,2026-04-21,22400,PE,3.7,3.95,1.35,1.6,1.6,107095,1011075,-341120,24196.75
2026-04-16,2026-04-21,21300,PE,1.8,2.15,1.0,1.2,1.2,19361,490360,260,24196.75
2026-04-16,2026-04-21,20950,PE,1.65,1.75,0.65,0.9,0.9,1092,23010,6370,24196.75
2026-04-16,2026-04-21,20600,PE,1.65,1.7,0.75,1.0,1.0,13630,231855,39390,24196.75
2026-04-16,2030-12-31,31500,CE,0.0,0.0,0.0,4554.55,3983.05,0,0,0,24196.75
2026-04-16,2030-06-25,31500,CE,0.0,0.0,0.0,3984.8,3439.7,0,0,0,24196.75
2026-04-16,2030-06-25,22500,CE,0.0,0.0,0.0,9012.4,7576.75,0,0,0,24196.75
2026-04-16,2030-06-25,19500,CE,0.0,0.0,0.0,11140.25,9481.75,0,0,0,24196.75
2026-04-16,2029-12-24,24000,CE,0.0,0.0,0.0,7730.0,6158.3,0,0,0,24196.75
2026-04-16,2029-06-26,31500,CE,0.0,0.0,0.0,2878.65,2387.15,0,0,0,24196.75
2026-04-16,2029-06-26,28500,CE,0.0,0.0,0.0,4213.3,3416.95,0,0,0,24196.75
2026-04-16,2026-05-19,23550,PE,0.0,0.0,0.0,328.2,206.2,0,0,0,24196.75
2026-04-16,2026-05-19,24450,PE,503.65,503.65,487.6,487.6,571.95,12,780,780,24196.75
2026-04-16,2028-12-26,31500,CE,0.0,0.0,0.0,2327.6,1865.95,0,0,0,24196.75
2026-04-16,2028-06-27,16500,CE,0.0,0.0,0.0,11752.8,9855.4,0,0,0,24196.75
2026-04-16,2027-12-28,26000,CE,2340.0,2340.0,2269.0,2318.25,2318.25,5,6500,-65,24196.75
2026-04-16,2027-12-28,18000,CE,0.0,0.0,0.0,6285.7,8083.05,0,0,0,24196.75
2026-04-16,2027-06-29,31500,CE,0.0,0.0,0.0,769.15,445.8,0,0,0,24196.75
2026-04-16,2027-06-29,19500,CE,0.0,0.0,0.0,8143.4,6223.3,0,0,0,24196.75
2026-04-16,2027-06-29,19000,CE,0.0,0.0,0.0,7800.0,6654.6,0,75,0,24196.75
2026-04-16,2027-06-29,16500,CE,0.0,0.0,0.0,10867.2,8900.75,0,0,0,24196.75
2026-04-16,2026-12-29,25000,CE,1369.75,1429.95,1302.5,1332.35,1332.35,3722,776595,1255,24196.75
2026-04-16,2026-09-29,26000,CE,481.0,489.9,417.0,436.6,436.6,3454,616935,69140,24196.75
2026-04-16,2026-06-30,26300,CE,0.0,0.0,0.0,33.7,207.1,0,0,0,24196.75
2026-04-16,2026-06-30,26200,CE,0.0,0.0,0.0,37.6,225.3,0,0,0,24196.75
2026-04-16,2026-06-30,25750,CE,214.4,220.7,170.5,183.35,183.35,260,7540,6110,24196.75
2026-04-16,2026-06-30,24800,CE,586.7,604.95,491.45,525.15,525.15,219,27885,2990,24196.75
2026-04-16,2026-06-30,24450,CE,804.65,804.65,680.25,718.7,718.7,23,4290,195,24196.75
2026-04-16,2026-06-30,24000,CE,1049.95,1103.4,937.85,978.95,978.95,4120,1553110,5190,24196.75
2026-04-16,2026-06-30,23600,CE,0.0,0.0,0.0,1318.0,1287.65,0,2795,0,24196.75
2026-04-16,2026-06-30,22550,CE,0.0,0.0,0.0,1950.25,2076.15,0,845,0,24196.75
2026-04-16,2026-06-30,20700,CE,0.0,0.0,0.0,2119.75,3771.5,0,0,0,24196.75
2026-04-16,2026-06-30,20250,CE,0.0,0.0,0.0,2511.35,4209.65,0,0,0,24196.75
2026-04-16,2026-05-26,26700,CE,18.55,18.55,13.6,15.3,15.3,141,28080,-910,24196.75
2026-04-16,2026-05-26,25850,CE,64.55,66.95,51.0,55.55,55.55,128,9620,780,24196.75
2026-04-16,2026-05-26,25750,CE,76.0,79.55,60.35,66.15,66.15,159,7865,2145,24196.75
2026-04-16,2026-05-26,25500,CE,115.5,126.75,91.9,102.15,102.15,14678,904605,43810,24196.75
2026-04-16,2026-05-26,25000,CE,275.0,286.1,211.25,231.8,231.8,19592,1480635,165425,24196.75
2026-04-16,2026-05-26,24150,CE,737.8,752.25,601.4,641.25,641.25,253,6890,3250,24196.75
2026-04-16,2026-05-26,23300,CE,1386.9,1390.4,1242.65,1242.65,1231.85,8,54145,-195,24196.75
2026-04-16,2026-05-26,23150,CE,0.0,0.0,0.0,1453.35,1348.9,0,8320,0,24196.75
2026-04-16,2026-05-26,22800,CE,1825.0,1827.95,1620.0,1675.0,1675.0,41,14560,-1690,24196.75
2026-04-16,2026-05-19,24500,PE,538.65,633.0,501.9,574.1,574.1,193,10920,10920,24196.75
2026-04-16,2026-05-19,25400,PE,0.0,0.0,0.0,1515.15,1215.0,0,0,0,24196.75
2026-04-16,2026-05-19,25850,PE,0.0,0.0,0.0,1914.9,1591.35,0,0,0,24196.75
2026-04-16,2026-05-19,26400,PE,0.0,0.0,0.0,2431.6,2090.55,0,0,0,24196.75
2026-04-16,2026-05-26,23100,PE,183.0,211.0,167.45,186.7,186.7,942,56095,7605,24196.75
2026-04-16,2026-05-26,23300,PE,211.1,248.2,196.5,221.75,221.75,859,80860,1365,24196.75
2026-04-16,2026-05-26,23350,PE,219.9,260.05,205.35,232.1,232.1,98,5070,520,24196.75
2026-04-16,2026-05-26,20500,CE,0.0,0.0,0.0,3850.0,3837.05,0,3120,0,24196.75
2026-04-16,2026-05-26,20200,CE,0.0,0.0,0.0,2489.35,4134.65,0,65,0,24196.75
2026-04-16,2026-05-26,20150,CE,0.0,0.0,0.0,2854.1,4184.3,0,65,0,24196.75
2026-04-16,2026-05-19,26050,CE,0.0,0.0,0.0,37.4,62.1,0,0,0,24196.75
2026-04-16,2026-05-19,25550,CE,0.0,0.0,0.0,80.0,126.9,0,0,0,24196.75
2026-04-16,2026-05-19,25400,CE,112.0,112.0,89.55,89.65,89.65,13,650,650,24196.75
2026-04-16,2026-05-19,24900,CE,0.0,0.0,0.0,190.15,283.25,0,0,0,24196.75
2026-04-16,2026-05-19,24800,CE,333.5,333.5,236.35,255.5,255.5,56,1430,1430,24196.75
2026-04-16,2026-05-26,24350,PE,482.6,582.0,457.0,534.75,534.75,198,7150,2730,24196.75
2026-04-16,2026-05-19,24400,CE,532.2,532.75,408.85,408.85,479.2,27,1365,1365,24196.75
2026-04-16,2026-05-19,24150,CE,0.0,0.0,0.0,436.7,605.5,0,0,0,24196.75
2026-04-16,2026-05-19,23400,CE,0.0,0.0,0.0,847.3,1096.45,0,0,0,24196.75
2026-04-16,2026-05-19,23150,CE,0.0,0.0,0.0,1021.75,1293.3,0,0,0,24196.75
2026-04-16,2026-05-19,22650,CE,0.0,0.0,0.0,1414.7,1724.4,0,0,0,24196.75
2026-04-16,2026-05-19,22350,CE,0.0,0.0,0.0,1675.0,2000.7,0,0,0,24196.75
2026-04-16,2026-05-12,25950,CE,23.0,23.85,21.05,21.05,43.15,6,1820,-390,24196.75
2026-04-16,2026-05-05,26450,CE,8.15,8.15,4.35,6.3,6.3,100,3640,2340,24196.75
2026-04-16,2026-05-05,26200,CE,8.0,8.5,7.3,8.0,8.0,102,3965,1235,24196.75
2026-04-16,2026-05-05,26150,CE,8.8,10.45,7.3,8.15,8.15,61,4355,195,24196.75
2026-04-16,2026-05-05,24850,CE,161.7,169.1,113.15,129.1,129.1,205,9945,1430,24196.75
2026-04-16,2026-05-05,22800,CE,0.0,0.0,0.0,663.95,1490.0,0,0,0,24196.75
2026-04-16,2026-05-05,21950,CE,0.0,0.0,0.0,1260.05,2314.9,0,0,0,24196.75
2026-04-16,2026-05-05,20850,CE,0.0,0.0,0.0,2248.55,3409.75,0,0,0,24196.75
2026-04-16,2026-05-05,20700,CE,0.0,0.0,0.0,2393.05,3559.3,0,0,0,24196.75
2026-04-16,2026-04-28,24950,CE,67.7,75.0,43.15,51.65,51.65,7281,146120,5460,24196.75
2026-04-16,2026-04-28,24400,CE,256.5,292.15,179.35,208.3,208.3,51412,1205945,370565,24196.75
2026-04-16,2026-04-28,24000,CE,543.0,554.7,377.95,423.95,423.95,65770,3726385,-336310,24196.75
2026-04-16,2026-04-28,23250,CE,1174.0,1184.9,988.65,1025.35,1025.35,23,39065,-650,24196.75
2026-04-16,2026-04-28,22450,CE,1825.0,1825.0,1752.0,1819.6,1791.6,19,19630,-715,24196.75
2026-04-16,2026-04-28,21700,CE,0.0,0.0,0.0,2151.0,2538.25,0,6175,0,24196.75
2026-04-16,2026-04-28,21650,CE,2597.95,2597.95,2597.95,2597.95,2588.1,1,650,0,24196.75
2026-04-16,2026-04-28,21550,CE,0.0,0.0,0.0,2668.0,2687.9,0,455,0,24196.75
2026-04-16,2026-04-28,21050,CE,0.0,0.0,0.0,2232.9,3186.95,0,195,0,24196.75
2026-04-16,2026-04-28,20950,CE,0.0,0.0,0.0,2330.05,3286.75,0,260,0,24196.75
2026-04-16,2026-04-21,26450,CE,1.05,1.1,0.45,0.55,0.55,2941,81770,78195,24196.75
2026-04-16,2026-04-21,26350,CE,1.0,1.1,0.5,0.65,0.65,2323,33930,28080,24196.75
2026-04-16,2026-05-26,25400,PE,1050.0,1240.8,1050.0,1225.35,1230.65,15,5915,130,24196.75
2026-04-16,2026-05-26,25650,PE,1231.15,1231.15,1231.15,1231.15,1428.4,3,390,0,24196.75
2026-04-16,2026-05-26,25850,PE,1400.25,1400.25,1400.25,1400.25,1594.5,2,390,65,24196.75
2026-04-16,2026-05-26,26750,PE,0.0,0.0,0.0,2949.4,2405.1,0,130,0,24196.75
2026-04-16,2026-05-26,26800,PE,0.0,0.0,0.0,2331.3,2452.25,0,1105,0,24196.75
2026-04-16,2026-06-30,20400,PE,0.0,0.0,0.0,81.6,6.5,0,0,0,24196.75
2026-04-16,2026-06-30,21100,PE,0.0,0.0,0.0,183.5,21.1,0,0,0,24196.75
2026-04-16,2026-06-30,24000,PE,481.0,538.2,444.3,499.35,499.35,8789,2377620,10615,24196.75
2026-04-16,2026-06-30,24150,PE,562.0,586.05,535.95,558.0,558.0,49,5655,975,24196.75
2026-04-16,2026-06-30,24200,PE,522.05,609.0,506.45,567.45,567.45,322,21450,910,24196.75
2026-04-16,2026-06-30,24400,PE,592.95,685.2,572.55,644.45,644.45,107,6110,1820,24196.75
2026-04-16,2026-06-30,24500,PE,625.0,729.95,606.0,683.1,683.1,2910,131755,28665,24196.75
2026-04-16,2026-06-30,24600,PE,668.9,765.35,650.05,723.5,723.5,97,6630,2405,24196.75
2026-04-16,2026-06-30,24700,PE,696.05,810.1,696.05,773.95,773.95,24,3380,-130,24196.75
2026-04-16,2026-06-30,25250,PE,972.0,972.0,972.0,972.0,1201.15,1,65,65,24196.75
2026-04-16,2026-06-30,25400,PE,1057.95,1233.3,1042.0,1158.2,1158.2,177,2535,2470,24196.75
2026-04-16,2026-09-29,22500,PE,321.9,368.95,298.0,310.7,310.7,1410,403000,2795,24196.75
2026-04-16,2026-12-29,20000,PE,170.05,182.0,167.35,169.5,169.5,2032,494980,-41665,24196.75
2026-04-16,2027-03-30,22500,PE,0.0,0.0,0.0,849.6,493.55,0,0,0,24196.75
2026-04-16,2027-06-29,16500,PE,0.0,0.0,0.0,0.65,11.0,0,0,0,24196.75
2026-04-16,2027-12-28,19000,PE,0.0,0.0,0.0,244.0,131.95,0,1390,0,24196.75
2026-04-16,2027-12-28,24000,PE,887.25,982.75,887.25,945.6,945.6,45,19585,-390,24196.75
2026-04-16,2027-12-28,28500,PE,0.0,0.0,0.0,2601.0,3063.65,0,260,0,24196.75
2026-04-16,2028-06-27,16500,PE,0.0,0.0,0.0,3.8,42.15,0,0,0,24196.75
2026-04-16,2028-06-27,22500,PE,0.0,0.0,0.0,206.95,676.2,0,0,0,24196.75
2026-04-16,2028-12-26,28500,PE,0.0,0.0,0.0,1451.15,2718.25,0,0,0,24196.75
2026-04-16,2028-12-26,31500,PE,0.0,0.0,0.0,2673.4,4287.3,0,0,0,24196.75
2026-04-16,2029-06-26,24000,PE,0.0,0.0,0.0,694.05,1043.5,0,155,0,24196.75
2026-04-16,2029-06-26,27000,PE,0.0,0.0,0.0,1252.35,1971.6,0,0,0,24196.75
2026-04-16,2029-06-26,33000,PE,0.0,0.0,0.0,3022.85,4814.45,0,0,0,24196.75
2026-04-16,2029-12-24,18000,PE,0.0,0.0,0.0,96.5,161.1,0,0,0,24196.75
2026-04-16,2029-12-24,25000,PE,0.0,0.0,0.0,709.7,1273.25,0,290,0,24196.75
2026-04-16,2029-12-24,27000,PE,0.0,0.0,0.0,1177.9,1878.95,0,0,0,24196.75
2026-04-16,2026-04-21,26050,CE,0.85,1.05,0.65,0.7,0.7,9227,139360,12610,24196.75
2026-04-16,2026-04-21,25100,CE,13.45,13.45,4.15,4.9,4.9,366437,3208140,1113255,24196.75
2026-04-16,2026-04-21,24500,CE,120.0,132.8,50.5,65.3,65.3,1542247,6858020,2695745,24196.75
2026-04-16,2026-04-21,24400,CE,155.0,181.5,73.55,95.75,95.75,1753141,6036810,4081480,24196.75
2026-04-16,2026-04-21,24100,CE,343.0,375.5,189.45,235.5,235.5,652990,1479985,406055,24196.75
2026-04-16,2026-04-21,23650,CE,706.05,760.3,499.8,576.5,576.5,1835,76570,-30875,24196.75
2026-04-16,2026-04-21,22800,CE,1580.0,1580.0,1303.5,1422.2,1415.15,32,42705,-260,24196.75
2026-04-16,2026-04-21,22500,CE,1818.0,1878.1,1604.8,1702.75,1702.75,328,110760,-10920,24196.75
2026-04-16,2026-04-21,22300,CE,2027.5,2027.5,1828.2,1921.0,1914.5,23,18850,-650,24196.75
2026-04-16,2026-04-21,21050,CE,0.0,0.0,0.0,2674.1,3163.5,0,0,0,24196.75
2026-04-16,2026-04-21,20950,CE,0.0,0.0,0.0,2772.95,3263.45,0,0,0,24196.75
2026-04-16,2026-04-21,20550,CE,0.0,0.0,0.0,3169.35,3663.1,0,0,0,24196.75
2026-04-16,2026-04-21,20250,CE,0.0,0.0,0.0,3467.1,3962.9,0,0,0,24196.75
2026-04-16,2026-04-28,26050,PE,1879.6,1879.6,1879.6,1879.6,1806.95,1,2210,-65,24196.75
2026-04-16,2026-04-28,25300,PE,957.0,1158.35,924.0,1109.25,1109.25,152,35685,3055,24196.75
2026-04-16,2026-04-28,23450,PE,72.95,112.25,67.95,89.95,89.95,3073,250250,-1040,24196.75
2026-04-16,2026-04-28,23250,PE,52.75,81.5,50.3,63.4,63.4,2241,72150,3120,24196.75
2026-04-16,2026-04-28,23050,PE,35.95,59.55,35.95,44.95,44.95,2952,253175,9750,24196.75
2026-04-16,2026-04-28,21900,PE,12.35,12.6,8.4,8.9,8.9,16409,387010,-95420,24196.75
2026-04-16,2026-04-28,21800,PE,11.0,11.2,7.25,7.85,7.85,19436,452985,142480,24196.75
2026-04-16,2026-04-28,21100,PE,4.65,5.65,4.3,4.8,4.8,2236,61490,21710,24196.75
2026-04-16,2026-04-28,26550,PE,2224.2,2350.85,2224.2,2350.85,2303.15,2,910,-65,24196.75
2026-04-16,2029-06-26,31500,PE,0.0,0.0,0.0,2443.35,3993.1,0,0,0,24196.75
2026-04-16,2029-06-26,28500,PE,0.0,0.0,0.0,1349.1,2565.5,0,0,0,24196.75
2026-04-16,2029-06-26,19500,PE,0.0,0.0,0.0,56.0,268.8,0,0,0,24196.75
2026-04-16,2028-12-26,34500,PE,0.0,0.0,0.0,4281.85,6155.3,0,0,0,24196.75
2026-04-16,2028-12-26,22500,PE,0.0,0.0,0.0,218.8,698.9,0,0,0,24196.75
2026-04-16,2028-12-26,22000,PE,0.0,0.0,0.0,718.0,600.3,0,7240,0,24196.75
2026-04-16,2028-06-27,25500,PE,0.0,0.0,0.0,667.45,1552.2,0,0,0,24196.75
2026-04-16,2027-12-28,23000,PE,747.6,775.0,702.0,775.0,753.35,12,26005,260,24196.75
2026-04-16,2027-12-28,19500,PE,0.0,0.0,0.0,29.25,172.35,0,0,0,24196.75
2026-04-16,2027-06-29,31500,PE,0.0,0.0,0.0,3604.7,5471.5,0,0,0,24196.75
2026-04-16,2027-06-29,22500,PE,0.0,0.0,0.0,153.9,553.3,0,0,0,24196.75
2026-04-16,2027-06-29,21000,PE,305.0,391.8,305.0,379.4,379.4,8,3345,65,24196.75
2026-04-16,2027-03-30,24000,PE,0.0,0.0,0.0,1487.4,933.55,0,0,0,24196.75
2026-04-16,2027-03-30,19500,PE,0.0,0.0,0.0,173.9,84.0,0,0,0,24196.75
2026-04-16,2026-12-29,31500,PE,0.0,0.0,0.0,4059.3,6069.5,0,0,0,24196.75
2026-04-16,2026-12-29,25000,PE,938.85,1019.0,915.4,979.05,979.05,1971,1158995,32175,24196.75
2026-04-16,2026-12-29,24000,PE,687.95,720.0,645.0,685.4,685.4,3062,1102815,22760,24196.75
2026-04-16,2026-12-29,15000,PE,47.05,54.0,47.05,49.75,49.75,286,89620,2470,24196.75
2026-04-16,2026-09-29,25500,PE,1134.6,1228.55,1085.65,1182.2,1182.2,174,71890,-1365,24196.75
2026-04-16,2026-09-29,23000,PE,400.0,419.0,362.15,384.4,384.4,2824,394840,28300,24196.75
2026-04-16,2026-06-30,30000,PE,5200.0,5465.0,5200.0,5330.05,5424.95,39,206225,325,24196.75
2026-04-16,2026-06-30,25650,PE,0.0,0.0,0.0,2926.2,1475.8,0,0,0,24196.75
2026-04-16,2026-06-30,24550,PE,660.0,731.2,654.7,690.85,791.0,14,2600,520,24196.75
2026-04-16,2026-06-30,22550,PE,193.35,216.4,190.25,197.0,142.1,26,2470,-65,24196.75
2026-04-16,2026-06-30,22100,PE,150.45,167.0,146.3,149.4,84.35,38,5395,650,24196.75
2026-04-16,2026-06-30,22050,PE,144.55,161.25,144.55,145.0,145.0,9,3965,0,24196.75
2026-04-16,2026-06-30,22000,PE,140.0,158.95,135.75,143.8,143.8,8169,1055310,-20255,24196.75
2026-04-16,2026-05-26,27250,PE,0.0,0.0,0.0,3698.8,2883.2,0,65,0,24196.75
2026-04-16,2026-05-26,26550,PE,0.0,0.0,0.0,2810.75,2218.1,0,130,0,24196.75
2026-04-16,2026-05-26,26200,PE,1715.25,1847.05,1699.9,1831.15,1831.15,87,19630,4940,24196.75
2026-04-16,2026-05-26,25550,PE,1151.4,1154.95,1120.95,1154.95,1347.9,8,585,390,24196.75
2026-04-16,2026-05-26,24700,PE,610.0,756.5,595.1,700.2,700.2,293,61490,10465,24196.75
2026-04-16,2026-05-26,24250,PE,425.0,536.55,420.8,491.3,491.3,286,8840,3120,24196.75
2026-04-16,2026-05-26,24150,PE,398.95,495.0,389.0,453.45,453.45,165,7475,2080,24196.75
2026-04-16,2026-05-26,23250,PE,204.05,236.55,192.2,212.85,212.85,174,7280,975,24196.75
2026-04-16,2026-05-26,23050,PE,170.05,200.15,162.95,178.95,178.95,135,4745,-130,24196.75
2026-04-16,2026-05-26,21800,PE,0.0,0.0,0.0,4.65,14.55,0,0,0,24196.75
2026-04-16,2026-05-26,21650,PE,0.0,0.0,0.0,3.45,10.6,0,0,0,24196.75
2026-04-16,2026-05-26,21350,PE,0.0,0.0,0.0,1.85,5.4,0,0,0,24196.75
2026-04-16,2026-05-26,20800,PE,0.0,0.0,0.0,0.55,1.35,0,0,0,24196.75
2026-04-16,2026-05-19,26050,PE,0.0,0.0,0.0,2100.0,1768.8,0,0,0,24196.75
2026-04-16,2026-05-19,25600,PE,0.0,0.0,0.0,1689.55,1377.8,0,0,0,24196.75
2026-04-16,2026-04-21,21250,CE,0.0,0.0,0.0,2476.9,2963.7,0,0,0,24196.75
2026-04-16,2026-04-21,21400,CE,0.0,0.0,0.0,2418.35,2813.8,0,65,0,24196.75
2026-04-16,2026-04-21,24850,CE,32.0,33.7,11.7,13.7,13.7,328863,2767050,1911455,24196.75
2026-04-16,2026-04-28,20100,CE,0.0,0.0,0.0,3750.0,4135.15,0,65,0,24196.75
2026-04-16,2026-04-28,20250,CE,0.0,0.0,0.0,2221.65,3985.4,0,65,0,24196.75
2026-04-16,2026-04-28,20650,CE,0.0,0.0,0.0,2380.0,3586.2,0,195,0,24196.75
2026-04-16,2026-04-28,20750,CE,0.0,0.0,0.0,2383.25,3486.35,0,260,0,24196.75
2026-04-16,2026-04-28,21000,CE,3349.9,3384.0,3132.05,3198.05,3198.05,577,788645,-16575,24196.75
2026-04-16,2026-04-28,21300,CE,0.0,0.0,0.0,1979.45,2937.4,0,260,0,24196.75
2026-04-16,2026-04-28,21750,CE,2425.0,2425.0,2425.0,2425.0,2488.35,2,975,-130,24196.75
2026-04-16,2026-04-28,21800,CE,0.0,0.0,0.0,2461.1,2438.45,0,9880,0,24196.75
2026-04-16,2026-04-28,22150,CE,2215.3,2215.35,2073.2,2073.2,2073.2,4,7930,-65,24196.75
2026-04-16,2026-04-28,22200,CE,2178.55,2200.0,1958.2,2017.0,2017.0,43,80990,-1365,24196.75
2026-04-16,2026-04-28,22300,CE,2065.2,2096.95,1839.7,1925.5,1925.5,273,178945,-7735,24196.75
2026-04-16,2026-04-28,23800,CE,669.05,708.6,507.6,560.95,560.95,5242,708110,-54275,24196.75
2026-04-16,2026-04-28,24150,CE,424.95,446.2,294.1,333.55,333.55,11478,157105,27105,24196.75
2026-04-16,2026-04-28,24700,CE,142.0,150.3,86.2,102.4,102.4,34953,894140,206895,24196.75
2026-04-16,2026-04-28,25400,CE,18.1,18.3,11.95,13.65,13.65,16633,435370,54925,24196.75
2026-04-16,2026-04-28,25600,CE,9.5,10.75,7.55,8.05,8.05,13298,382525,79430,24196.75
2026-04-16,2026-04-28,25700,CE,8.7,8.7,6.3,6.65,6.65,13161,385125,16575,24196.75
2026-04-16,2026-04-28,26200,CE,3.7,4.2,2.5,2.75,2.75,6784,521950,89960,24196.75
2026-04-16,2026-04-28,26550,CE,3.0,3.0,2.0,2.2,2.2,151,36465,3510,24196.75
2026-04-16,2026-04-28,26900,CE,2.05,2.35,1.55,1.65,1.65,491,98020,520,24196.75
2026-04-16,2026-04-28,27150,CE,1.85,2.1,1.3,1.5,1.5,27,44655,585,24196.75
2026-04-16,2026-04-28,27650,CE,1.35,1.5,1.05,1.15,1.15,159,70655,-390,24196.75
2026-04-16,2026-05-05,21000,CE,0.0,0.0,0.0,3271.5,3260.2,0,130,0,24196.75
2026-04-16,2026-05-05,23200,CE,1137.7,1137.7,1137.7,1137.7,1129.3,1,1690,0,24196.75
2026-04-16,2026-05-05,23500,CE,998.05,1024.0,821.0,877.45,877.45,250,14365,3705,24196.75
2026-04-16,2026-05-05,24000,CE,602.05,641.95,470.5,516.7,516.7,2355,216645,11505,24196.75
2026-04-16,2026-05-05,24400,CE,349.05,381.0,262.5,295.35,295.35,1950,61880,29250,24196.75
2026-04-16,2026-05-05,24950,CE,130.35,136.25,93.45,103.75,103.75,329,9035,4420,24196.75
2026-04-16,2026-05-05,25150,CE,81.95,85.45,59.0,66.2,66.2,241,7540,715,24196.75
2026-04-16,2026-05-05,25600,CE,30.6,32.1,20.5,23.6,23.6,792,15405,7930,24196.75
2026-04-16,2026-05-12,22250,CE,0.0,0.0,0.0,1137.6,2051.6,0,0,0,24196.75
2026-04-16,2026-05-12,23000,CE,0.0,0.0,0.0,621.4,1358.25,0,0,0,24196.75
2026-04-16,2026-05-12,23950,CE,690.05,690.05,690.05,690.05,644.0,1,260,0,24196.75
2026-04-16,2026-05-12,24000,CE,624.95,723.65,554.0,600.75,600.75,203,9620,1105,24196.75
2026-04-16,2026-05-12,25850,CE,0.0,0.0,0.0,50.0,51.45,0,65,0,24196.75
2026-04-16,2026-05-12,26450,CE,9.45,10.4,9.45,10.4,16.7,11,650,650,24196.75
2026-04-16,2026-05-19,23050,CE,0.0,0.0,0.0,1095.05,1375.9,0,0,0,24196.75
2026-04-16,2026-05-19,23350,CE,0.0,0.0,0.0,880.6,1134.65,0,0,0,24196.75
2026-04-16,2026-05-19,23450,CE,0.0,0.0,0.0,814.7,1058.9,0,0,0,24196.75
2026-04-16,2026-05-19,25050,CE,0.0,0.0,0.0,157.65,238.15,0,0,0,24196.75
2026-04-16,2026-05-19,25800,CE,0.0,0.0,0.0,55.25,89.7,0,0,0,24196.75
2026-04-16,2026-05-26,20450,CE,0.0,0.0,0.0,2246.45,3886.6,0,65,0,24196.75
2026-04-16,2026-05-26,21450,CE,0.0,0.0,0.0,2074.45,2899.7,0,325,0,24196.75
2026-04-16,2026-05-26,21900,CE,0.0,0.0,0.0,1442.2,2463.85,0,260,0,24196.75
2026-04-16,2026-05-26,22600,CE,1999.0,1999.0,1770.2,1819.0,1814.3,8,5460,-130,24196.75
2026-04-16,2026-05-26,22700,CE,1865.0,1870.55,1774.0,1774.0,1774.0,5,12870,-65,24196.75
2026-04-16,2026-05-26,23100,CE,1568.0,1568.0,1393.85,1400.05,1400.05,10,16250,-585,24196.75
2026-04-16,2026-05-26,24400,CE,573.7,594.15,463.8,496.3,496.3,1266,73515,13325,24196.75
2026-04-16,2026-05-26,25900,CE,59.2,61.05,46.3,51.45,51.45,682,29120,8190,24196.75
2026-04-16,2026-05-26,26100,CE,41.85,43.15,32.15,35.85,35.85,406,20930,10010,24196.75
2026-04-16,2026-06-30,20500,CE,0.0,0.0,0.0,4000.7,3965.7,0,12480,0,24196.75
2026-04-16,2026-06-30,22250,CE,0.0,0.0,0.0,2200.0,2331.25,0,390,0,24196.75
2026-04-16,2026-06-30,22800,CE,0.0,0.0,0.0,1720.0,1872.55,0,1495,0,24196.75
2026-04-16,2026-06-30,22900,CE,0.0,0.0,0.0,1290.0,1793.65,0,3250,0,24196.75
2026-04-16,2026-06-30,25500,CE,285.7,296.0,230.0,248.15,248.15,6439,869635,-47775,24196.75
2026-04-16,2026-12-29,21000,CE,4509.0,4509.0,4280.0,4312.95,4312.95,99,29995,2015,24196.75
2026-04-16,2026-12-29,30000,CE,72.65,73.0,67.15,68.95,68.95,1258,563605,-14300,24196.75
2026-04-16,2026-12-29,31000,CE,49.85,49.95,44.0,45.2,45.2,184,121645,-2015,24196.75
2026-04-16,2027-03-30,24000,CE,0.0,0.0,0.0,1492.75,2516.5,0,0,0,24196.75
2026-04-16,2027-03-30,25500,CE,0.0,0.0,0.0,940.2,1737.25,0,0,0,24196.75
2026-04-16,2027-06-29,21000,CE,0.0,0.0,0.0,3061.8,4989.9,0,0,0,24196.75
2026-04-16,2027-06-29,30000,CE,0.0,0.0,0.0,1478.4,685.85,0,0,0,24196.75
2026-04-16,2027-12-28,21000,CE,0.0,0.0,0.0,4902.4,5661.95,0,0,0,24196.75
2026-04-16,2027-12-28,31500,CE,0.0,0.0,0.0,456.95,877.0,0,260,0,24196.75
2026-04-16,2028-12-26,18000,CE,0.0,0.0,0.0,9380.3,9113.2,0,0,0,24196.75
2026-04-16,2028-12-26,28000,CE,2597.7,2699.0,2597.7,2699.0,3026.7,14,5340,390,24196.75
2026-04-16,2029-06-26,30000,CE,0.0,0.0,0.0,5268.4,2864.0,0,0,0,24196.75
2026-04-16,2029-06-26,34500,CE,0.0,0.0,0.0,1895.7,1634.6,0,0,0,24196.75
2026-04-16,2029-12-24,16500,CE,0.0,0.0,0.0,12984.85,11175.55,0,0,0,24196.75
2026-04-16,2029-12-24,18000,CE,0.0,0.0,0.0,11362.4,10062.7,0,0,0,24196.75
2026-04-16,2029-12-24,22500,CE,0.0,0.0,0.0,8486.15,7034.25,0,0,0,24196.75
2026-04-16,2030-06-25,15000,CE,0.0,0.0,0.0,14543.9,12695.1,0,0,0,24196.75
2026-04-16,2030-06-25,24000,CE,0.0,0.0,0.0,8591.55,6718.0,0,0,0,24196.75
2026-04-16,2026-04-21,20450,PE,0.8,1.5,0.6,0.75,0.75,2370,35815,11375,24196.75
2026-04-16,2026-04-21,20650,PE,1.4,1.55,0.7,0.9,0.9,652,10335,-1560,24196.75
2026-04-16,2026-04-21,21200,PE,1.85,2.1,0.95,1.15,1.15,27689,639080,-99060,24196.75
2026-04-16,2026-04-21,21400,PE,2.4,2.4,1.05,1.2,1.2,20035,657540,-4225,24196.75
2026-04-16,2026-04-21,21600,PE,2.55,2.6,1.0,1.25,1.25,23708,901550,31395,24196.75
2026-04-16,2026-04-21,23300,PE,17.0,22.2,10.05,12.35,12.35,436610,3491605,1788930,24196.75
2026-04-16,2026-04-21,23500,PE,32.5,38.2,16.7,23.85,23.85,727871,5314920,1632150,24196.75
2026-04-16,2026-04-21,25350,PE,1121.2,1163.85,1002.1,1163.85,1163.85,31,1625,455,24196.75
2026-04-16,2026-04-21,26050,PE,0.0,0.0,0.0,2304.5,1832.55,0,0,0,24196.75
2026-04-16,2026-04-28,20900,PE,4.8,5.2,4.0,4.35,4.35,2816,75790,20540,24196.75
2026-04-16,2026-04-28,21350,PE,6.05,6.55,5.0,5.2,5.2,265,13975,455,24196.75
2026-04-16,2026-04-28,22650,PE,23.5,32.45,21.4,23.55,23.55,3168,133900,-23075,24196.75
2026-04-16,2026-04-28,23100,PE,53.0,64.5,39.9,48.9,48.9,15581,736125,-58305,24196.75
2026-04-16,2026-04-28,23200,PE,50.4,75.65,46.4,58.0,58.0,20830,798590,4550,24196.75
2026-04-16,2026-04-28,24900,PE,630.95,820.0,591.2,746.45,746.45,477,161525,-715,24196.75
2026-04-16,2026-04-28,24950,PE,798.95,830.2,766.25,797.5,797.5,15,2925,130,24196.75
2026-04-16,2026-04-28,26450,PE,0.0,0.0,0.0,3440.0,2203.55,0,585,0,24196.75
2026-04-16,2026-04-28,27400,PE,3050.0,3050.0,3050.0,3050.0,3151.0,4,1755,0,24196.75
2026-04-16,2026-05-05,20650,PE,0.0,0.0,0.0,9.75,0.05,0,1300,0,24196.75
2026-04-16,2026-05-05,22550,PE,0.0,0.0,0.0,270.3,12.45,0,0,0,24196.75
2026-04-16,2026-05-05,23050,PE,76.6,99.0,70.35,82.05,82.05,261,5265,-4550,24196.75
2026-04-16,2026-05-05,24200,PE,307.0,412.55,282.05,362.7,362.7,4038,130000,35230,24196.75
2026-04-16,2026-05-05,24350,PE,360.95,483.6,335.0,432.5,432.5,356,8320,390,24196.75
2026-04-16,2026-05-05,24600,PE,474.05,626.1,445.0,574.9,574.9,263,9945,6045,24196.75
2026-04-16,2026-05-05,25400,PE,0.0,0.0,0.0,1324.7,1190.55,0,65,0,24196.75
2026-04-16,2026-05-12,21400,PE,0.0,0.0,0.0,26.8,1.15,0,0,0,24196.75
2026-04-16,2026-05-12,21750,PE,0.0,0.0,0.0,54.15,3.35,0,0,0,24196.75
2026-04-16,2026-05-12,22150,PE,0.0,0.0,0.0,109.4,10.05,0,0,0,24196.75
2026-04-16,2026-05-12,23350,PE,0.0,0.0,0.0,524.8,123.6,0,0,0,24196.75
2026-04-16,2026-05-12,24350,PE,414.5,490.0,414.5,467.8,467.8,31,1235,780,24196.75
2026-04-16,2026-05-12,25300,PE,0.0,0.0,0.0,2051.0,1124.0,0,0,0,24196.75
2026-04-16,2026-05-12,25450,PE,0.0,0.0,0.0,2193.3,1247.75,0,0,0,24196.75
2026-04-16,2026-05-12,25500,PE,0.0,0.0,0.0,2241.1,1290.0,0,0,0,24196.75
2026-04-16,2026-05-12,26100,PE,0.0,0.0,0.0,2823.6,1828.3,0,0,0,24196.75
2026-04-16,2026-05-12,26250,PE,0.0,0.0,0.0,2971.0,1969.6,0,0,0,24196.75
2026-04-16,2026-05-12,26500,PE,0.0,0.0,0.0,3217.6,2208.9,0,0,0,24196.75
2026-04-16,2026-05-19,22200,PE,41.1,69.0,41.1,69.0,20.7,7,455,455,24196.75
2026-04-16,2026-05-19,22400,PE,0.0,0.0,0.0,63.45,31.2,0,0,0,24196.75
2026-04-16,2026-05-19,22600,PE,0.0,0.0,0.0,88.75,45.8,0,0,0,24196.75
2026-04-16,2026-05-19,22900,PE,0.0,0.0,0.0,140.85,77.85,0,0,0,24196.75
2026-04-16,2026-05-19,24050,PE,0.0,0.0,0.0,555.35,379.3,0,0,0,24196.75
2026-04-16,2026-05-19,24350,PE,461.05,523.15,453.7,523.15,519.15,14,910,910,24196.75
2026-04-16,2026-05-19,24400,PE,0.0,0.0,0.0,759.2,545.15,0,0,0,24196.75
2026-04-16,2026-05-19,25050,PE,0.0,0.0,0.0,1225.8,950.45,0,0,0,24196.75
2026-04-16,2026-05-19,25350,PE,0.0,0.0,0.0,1472.45,1175.55,0,0,0,24196.75
2026-04-16,2030-12-31,28500,PE,0.0,0.0,0.0,1083.1,2158.75,0,0,0,24196.75
2026-04-16,2030-12-31,15000,PE,0.0,0.0,0.0,4.95,49.95,0,0,0,24196.75
2026-04-16,2030-06-25,16500,PE,0.0,0.0,0.0,12.0,92.2,0,0,0,24196.75
2026-04-16,2029-12-24,15000,PE,0.0,0.0,0.0,22.85,37.4,0,0,0,24196.75
2026-04-16,2026-05-26,23650,CE,1060.0,1063.95,942.2,954.0,978.55,11,3900,-195,24196.75
2026-04-16,2026-05-26,23950,CE,848.65,848.65,727.65,800.0,786.45,15,4095,130,24196.75
2026-04-16,2026-05-26,24100,CE,769.95,787.85,634.3,672.55,672.55,667,48620,3575,24196.75
2026-04-16,2026-05-26,24900,CE,309.8,324.75,242.6,265.25,265.25,1205,82160,26780,24196.75
2026-04-16,2026-05-26,25300,CE,162.1,178.8,130.0,142.7,142.7,1714,69225,6240,24196.75
2026-04-16,2026-05-26,25650,CE,92.55,96.0,71.1,79.75,79.75,197,5655,1105,24196.75
2026-04-16,2026-05-26,25800,CE,68.8,73.35,54.8,60.85,60.85,1869,80145,21255,24196.75
2026-04-16,2026-05-26,22550,CE,0.0,0.0,0.0,1722.0,1858.95,0,845,0,24196.75
2026-04-16,2026-05-26,22450,CE,0.0,0.0,0.0,1322.15,1949.25,0,650,0,24196.75
2026-04-16,2026-05-26,21550,CE,0.0,0.0,0.0,2251.45,2802.1,0,65,0,24196.75
2026-04-16,2026-05-26,21250,CE,0.0,0.0,0.0,1977.6,3095.8,0,260,0,24196.75
2026-04-16,2026-05-26,21150,CE,0.0,0.0,0.0,2008.1,3194.2,0,260,0,24196.75
2026-04-16,2026-05-26,20950,CE,0.0,0.0,0.0,2545.8,3391.55,0,130,0,24196.75
2026-04-16,2026-05-26,20300,CE,0.0,0.0,0.0,2370.05,4035.4,0,65,0,24196.75
2026-04-16,2026-05-19,26000,CE,40.5,40.5,32.7,32.7,66.95,2,130,130,24196.75
2026-04-16,2026-05-19,25100,CE,160.9,160.9,160.9,160.9,160.9,1,65,65,24196.75
2026-04-16,2026-05-19,24550,CE,444.2,447.15,345.4,367.05,367.05,16,910,910,24196.75
2026-04-16,2026-05-19,23800,CE,0.0,0.0,0.0,607.2,814.3,0,0,0,24196.75
2026-04-16,2026-05-19,23600,CE,0.0,0.0,0.0,721.25,949.8,0,0,0,24196.75
2026-04-16,2026-05-19,22950,CE,0.0,0.0,0.0,1171.55,1460.45,0,0,0,24196.75
2026-04-16,2026-05-12,26200,CE,20.95,20.95,14.0,14.95,14.95,45,1430,1430,24196.75
2026-04-16,2026-05-12,26050,CE,19.2,19.2,17.0,17.55,17.55,9,1105,-130,24196.75
2026-04-16,2026-05-12,26000,CE,21.1,23.65,18.25,20.1,20.1,603,40105,13455,24196.75
2026-04-16,2026-05-12,25700,CE,0.0,0.0,0.0,13.7,66.45,0,0,0,24196.75
2026-04-16,2026-06-30,12000,CE,0.0,0.0,0.0,8690.0,12349.65,0,50,0,24196.75
2026-04-16,2026-06-30,15000,CE,0.0,0.0,0.0,5184.4,9387.85,0,0,0,24196.75
2026-04-16,2026-06-30,19500,CE,4958.0,4978.0,4875.0,4920.2,4920.2,119,20735,7605,24196.75
2026-04-16,2026-06-30,21700,CE,0.0,0.0,0.0,1694.65,2823.65,0,65,0,24196.75
2026-04-16,2026-06-30,21750,CE,0.0,0.0,0.0,1465.8,2777.75,0,130,0,24196.75
2026-04-16,2026-06-30,23150,CE,0.0,0.0,0.0,1651.3,1603.3,0,1625,0,24196.75
2026-04-16,2026-06-30,23250,CE,1554.65,1554.65,1554.65,1554.65,1554.65,1,2730,-65,24196.75
2026-04-16,2026-06-30,24350,CE,853.6,877.0,770.7,773.7,773.7,37,4095,1170,24196.75
2026-04-16,2026-06-30,26150,CE,125.8,128.9,97.55,107.15,107.15,180,4290,-715,24196.75
2026-04-16,2026-09-29,18000,CE,0.0,0.0,0.0,7684.05,6702.75,0,0,0,24196.75
2026-04-16,2026-05-12,25150,CE,103.25,112.0,99.4,108.65,156.0,17,975,650,24196.75
2026-04-16,2026-05-12,24750,CE,253.4,253.4,205.0,223.35,223.35,34,1495,1365,24196.75
2026-04-16,2026-05-12,24200,CE,542.25,588.0,437.0,477.1,477.1,159,7345,4030,24196.75
2026-04-16,2026-05-12,23600,CE,0.0,0.0,0.0,936.9,877.25,0,65,0,24196.75
2026-04-16,2026-05-12,23550,CE,0.0,0.0,0.0,900.0,914.75,0,0,0,24196.75
2026-04-16,2026-05-12,23050,CE,0.0,0.0,0.0,593.15,1314.95,0,0,0,24196.75
2026-04-16,2026-05-12,22650,CE,0.0,0.0,0.0,841.6,1673.05,0,0,0,24196.75
2026-04-16,2026-05-12,21950,CE,0.0,0.0,0.0,1385.3,2343.3,0,0,0,24196.75
2026-04-16,2026-05-05,26500,CE,7.4,7.4,4.65,4.9,4.9,724,14755,7670,24196.75
2026-04-16,2026-05-05,25700,CE,21.65,22.05,17.6,18.85,18.85,600,16900,10660,24196.75
2026-04-16,2026-05-05,25250,CE,63.35,66.6,46.05,52.65,52.65,258,7410,2535,24196.75
2026-04-16,2026-05-05,23350,CE,0.0,0.0,0.0,1076.55,1002.75,0,2275,0,24196.75
2026-04-16,2026-05-05,22550,CE,0.0,0.0,0.0,818.2,1727.3,0,0,0,24196.75
2026-04-16,2026-05-05,22300,CE,0.0,0.0,0.0,991.7,1970.05,0,0,0,24196.75
2026-04-16,2026-05-05,21600,CE,0.0,0.0,0.0,1555.7,2662.5,0,0,0,24196.75
2026-04-16,2026-05-05,21550,CE,0.0,0.0,0.0,1599.75,2712.25,0,0,0,24196.75
2026-04-16,2026-05-05,21450,CE,0.0,0.0,0.0,1688.9,2811.8,0,0,0,24196.75
2026-04-16,2026-05-05,21400,CE,0.0,0.0,0.0,1734.05,2861.6,0,0,0,24196.75
2026-04-16,2026-05-05,21150,CE,0.0,0.0,0.0,1964.3,3110.7,0,0,0,24196.75
2026-04-16,2026-04-28,26950,CE,1.8,1.9,1.4,1.75,1.75,105,29770,-455,24196.75
2026-04-16,2026-04-28,26600,CE,2.85,2.85,1.7,2.0,2.0,263,138255,-4160,24196.75
2026-04-16,2026-04-28,26000,CE,5.3,6.5,3.2,3.9,3.9,63891,5148975,162890,24196.75
2026-04-16,2026-04-28,25950,CE,6.35,6.35,4.0,4.25,4.25,720,59800,2860,24196.75
2026-04-16,2026-04-28,25200,CE,29.5,34.05,20.7,24.05,24.05,28027,616525,80210,24196.75
2026-04-16,2026-04-28,24650,CE,151.55,169.9,99.0,116.6,116.6,6738,98150,3575,24196.75
2026-04-16,2026-04-28,24350,CE,298.2,320.0,200.8,230.8,230.8,16379,239915,149370,24196.75
2026-04-16,2026-04-28,22950,CE,1295.65,1312.85,1281.5,1312.7,1303.8,8,36855,-325,24196.75
2026-04-16,2026-04-28,22600,CE,1768.7,1808.0,1555.1,1615.7,1615.7,229,171080,-7345,24196.75
2026-04-16,2026-04-28,22500,CE,1878.0,1905.95,1640.0,1719.1,1719.1,1383,1370785,-30290,24196.75
2026-04-16,2026-04-28,22400,CE,2000.0,2001.0,1740.45,1817.4,1817.4,314,349830,-5265,24196.75
2026-04-16,2026-04-28,21850,CE,0.0,0.0,0.0,2160.45,2388.6,0,2405,0,24196.75
2026-04-16,2026-04-28,20850,CE,0.0,0.0,0.0,2136.2,3386.55,0,390,0,24196.75
2026-04-16,2026-04-28,20600,CE,0.0,0.0,0.0,2033.15,3636.1,0,260,0,24196.75
2026-04-16,2026-04-28,20400,CE,0.0,0.0,0.0,2428.7,3835.7,0,65,0,24196.75
2026-04-16,2026-04-21,26400,CE,1.05,1.15,0.45,0.55,0.55,9220,155805,153725,24196.75
2026-04-16,2026-04-21,23800,CE,574.9,624.0,380.55,448.2,448.2,41250,721825,-208585,24196.75
2026-04-16,2026-09-29,30000,CE,31.85,31.85,27.75,28.65,28.65,536,134790,-4615,24196.75
2026-04-16,2027-03-30,15000,CE,0.0,0.0,0.0,8379.85,10063.9,0,0,0,24196.75
2026-04-16,2027-03-30,16500,CE,0.0,0.0,0.0,6995.9,8655.1,0,0,0,24196.75
2026-04-16,2027-03-30,21000,CE,0.0,0.0,0.0,3217.45,4633.85,0,0,0,24196.75
2026-04-16,2027-03-30,30000,CE,0.0,0.0,0.0,178.4,447.4,0,0,0,24196.75
2026-04-16,2027-12-28,16500,CE,0.0,0.0,0.0,11316.4,9384.6,0,0,0,24196.75
2026-04-16,2028-06-27,31500,CE,0.0,0.0,0.0,1784.8,1357.5,0,0,0,24196.75
2026-04-16,2028-12-26,16500,CE,0.0,0.0,0.0,12176.65,10311.45,0,0,0,24196.75
2026-04-16,2029-06-26,19500,CE,0.0,0.0,0.0,10206.95,8492.5,0,0,0,24196.75
2026-04-16,2029-12-24,19500,CE,0.0,0.0,0.0,10678.8,8994.6,0,0,0,24196.75
2026-04-16,2030-12-31,34500,CE,0.0,0.0,0.0,3406.35,3070.35,0,0,0,24196.75
2026-04-16,2026-04-21,20100,PE,1.0,1.15,0.5,0.65,0.65,49006,1890070,23725,24196.75
2026-04-16,2026-04-21,20300,PE,0.8,1.3,0.5,0.7,0.7,5511,105300,63115,24196.75
2026-04-16,2026-04-21,22100,PE,2.85,3.0,1.2,1.4,1.4,43370,338715,-179660,24196.75
2026-04-16,2026-04-21,22900,PE,6.75,8.2,3.35,3.9,3.9,231470,1640665,159055,24196.75
2026-04-16,2026-04-21,23400,PE,33.0,33.0,12.25,17.4,17.4,396919,2382705,660985,24196.75
2026-04-16,2026-04-21,23800,PE,50.0,90.5,39.15,62.75,62.75,823943,3807050,943215,24196.75
2026-04-16,2026-04-21,24400,PE,250.0,382.0,194.6,307.1,307.1,793658,944905,382200,24196.75
2026-04-16,2026-04-21,25300,PE,960.0,1202.3,921.95,1111.15,1111.15,184,7280,3705,24196.75
2026-04-16,2026-04-28,20100,PE,2.8,2.8,1.8,2.1,2.1,8311,615680,75140,24196.75
2026-04-16,2026-04-28,20200,PE,2.8,3.4,2.2,2.55,2.55,1758,195195,-1690,24196.75
2026-04-16,2026-04-28,20500,PE,5.0,5.0,3.05,3.4,3.4,14107,1483365,111215,24196.75
2026-04-16,2026-04-28,21250,PE,4.15,6.05,4.15,4.8,4.8,214,6370,195,24196.75
2026-04-16,2026-04-28,22900,PE,35.0,47.25,30.15,34.85,34.85,14206,576615,73580,24196.75
2026-04-16,2026-04-28,23650,PE,98.05,155.15,92.25,126.4,126.4,4194,113750,9035,24196.75
2026-04-16,2026-04-28,24300,PE,306.0,409.25,253.0,351.65,351.65,65932,894530,317005,24196.75
2026-04-16,2026-04-28,24350,PE,321.3,435.0,273.05,376.85,376.85,8676,54405,24700,24196.75
2026-04-16,2026-04-28,24750,PE,524.05,698.1,486.5,637.9,637.9,125,8255,1365,24196.75
2026-04-16,2026-04-28,25800,PE,1435.0,1665.0,1435.0,1550.0,1561.8,35,67080,0,24196.75
2026-04-16,2026-04-28,26150,PE,0.0,0.0,0.0,3347.55,1905.75,0,845,0,24196.75
2026-04-16,2026-04-21,23700,CE,668.0,714.3,457.65,531.55,531.55,14941,357305,-106145,24196.75
2026-04-16,2026-04-21,23600,CE,739.2,806.55,541.7,616.05,616.05,6866,232180,-36010,24196.75
2026-04-16,2026-04-21,23200,CE,1170.0,1185.2,909.0,995.2,995.2,721,82615,-13325,24196.75
2026-04-16,2026-04-21,23150,CE,1009.4,1082.7,975.75,1039.55,1039.55,109,8775,0,24196.75
2026-04-16,2026-04-21,22450,CE,0.0,0.0,0.0,1773.45,1764.65,0,845,0,24196.75
2026-04-16,2026-04-21,22150,CE,2225.9,2225.9,2161.1,2161.1,2064.4,2,390,0,24196.75
2026-04-16,2026-04-21,21850,CE,0.0,0.0,0.0,2379.65,2364.15,0,390,0,24196.75
2026-04-16,2026-04-21,21500,CE,2800.0,2800.0,2688.0,2688.0,2713.85,4,1105,-65,24196.75
2026-04-16,2026-04-28,27000,PE,2652.3,2883.15,2602.5,2798.0,2798.0,1622,859170,-53950,24196.75
2026-04-16,2026-04-28,27100,PE,0.0,0.0,0.0,2800.0,2851.6,0,975,0,24196.75
2026-04-16,2026-04-28,27550,PE,0.0,0.0,0.0,3327.8,3300.7,0,260,0,24196.75
2026-04-16,2026-05-05,20200,PE,6.1,7.0,4.3,6.2,6.2,279,4615,455,24196.75
2026-04-16,2026-05-05,20800,PE,8.65,9.5,8.15,9.5,0.05,13,1950,-65,24196.75
2026-04-16,2026-05-05,21550,PE,14.35,17.0,13.55,13.55,0.4,48,910,-910,24196.75
2026-04-16,2026-05-05,21700,PE,21.95,21.95,15.1,15.35,15.35,67,1625,-1300,24196.75
2026-04-16,2026-05-05,21800,PE,17.65,21.05,15.65,18.15,18.15,161,2470,2470,24196.75
2026-04-16,2026-05-05,22300,PE,26.45,29.5,26.45,28.1,28.1,193,8775,8710,24196.75
2026-04-16,2026-05-05,22400,PE,0.0,0.0,0.0,222.95,8.05,0,0,0,24196.75
2026-04-16,2026-05-05,22450,PE,0.0,0.0,0.0,238.0,9.35,0,0,0,24196.75
2026-04-16,2026-05-05,22650,PE,0.0,0.0,0.0,305.5,16.45,0,0,0,24196.75
2026-04-16,2026-05-05,23350,PE,109.1,142.15,100.75,122.6,122.6,146,5590,1690,24196.75
2026-04-16,2026-05-05,23750,PE,174.8,224.7,163.95,208.1,208.1,87,3315,-1040,24196.75
2026-04-16,2026-05-05,24450,PE,390.85,540.0,377.85,493.75,493.75,124,4290,-390,24196.75
2026-04-16,2026-05-05,24650,PE,0.0,0.0,0.0,745.3,608.9,0,65,0,24196.75
2026-04-16,2026-05-05,25550,PE,0.0,0.0,0.0,1576.55,1323.6,0,65,0,24196.75
2026-04-16,2026-05-05,26000,PE,0.0,0.0,0.0,2881.3,1742.55,0,0,0,24196.75
2026-04-16,2026-05-12,21200,PE,17.8,22.15,17.8,18.55,18.55,31,1885,1885,24196.75
2026-04-16,2026-05-12,21550,PE,0.0,0.0,0.0,36.6,1.85,0,0,0,24196.75
2026-04-16,2026-05-12,23050,PE,0.0,0.0,0.0,379.15,73.0,0,0,0,24196.75
2026-04-16,2026-05-12,23700,PE,215.6,269.6,207.0,228.0,211.95,20,1560,715,24196.75
2026-04-16,2026-05-19,22850,PE,0.0,0.0,0.0,130.85,71.5,0,0,0,24196.75
2026-04-16,2026-05-19,23450,PE,0.0,0.0,0.0,291.75,180.2,0,0,0,24196.75
2026-04-16,2026-05-19,23700,PE,0.0,0.0,0.0,388.4,250.55,0,0,0,24196.75
2026-04-16,2026-05-19,23850,PE,0.0,0.0,0.0,455.4,301.3,0,0,0,24196.75
2026-04-16,2026-05-19,23900,PE,309.55,364.5,300.0,337.75,337.75,11,390,390,24196.75
2026-04-16,2026-05-19,24200,PE,375.0,484.5,375.0,441.2,441.2,109,5005,4225,24196.75
2026-04-16,2026-05-19,24550,PE,0.0,0.0,0.0,857.3,627.8,0,0,0,24196.75
2026-04-16,2026-05-19,24600,PE,0.0,0.0,0.0,891.35,656.85,0,0,0,24196.75
2026-04-16,2026-05-19,24850,PE,0.0,0.0,0.0,1072.25,813.05,0,0,0,24196.75
2026-04-16,2026-05-19,26350,PE,0.0,0.0,0.0,2383.75,2043.85,0,0,0,24196.75
2026-04-16,2026-05-26,21750,PE,0.0,0.0,0.0,4.2,13.1,0,0,0,24196.75
2026-04-16,2026-05-26,22350,PE,102.0,112.8,92.0,99.35,99.35,274,11895,5460,24196.75
2026-04-16,2026-05-26,22450,PE,104.85,120.45,100.7,104.65,104.65,56,2600,65,24196.75
2026-04-16,2026-05-26,22500,PE,125.25,127.8,103.0,111.7,111.7,11100,820625,99840,24196.75
2026-04-16,2026-05-26,22600,PE,122.45,139.8,113.75,122.3,122.3,758,60905,7410,24196.75
2026-04-16,2026-05-26,23000,PE,180.0,196.0,156.2,173.1,173.1,20220,1429870,142935,24196.75
2026-04-16,2026-05-26,23200,PE,199.3,230.85,182.3,204.35,204.35,2072,96980,8970,24196.75
2026-04-16,2026-05-26,23800,PE,306.95,378.0,295.1,343.25,343.25,2393,163540,28860,24196.75
2026-04-16,2026-05-26,23850,PE,315.5,387.7,306.7,349.7,349.7,139,54730,3900,24196.75
2026-04-16,2026-05-26,25350,PE,1000.55,1071.0,1000.55,1071.0,1193.55,3,1040,65,24196.75
2026-04-16,2026-05-26,26150,PE,1669.0,1669.0,1669.0,1669.0,1854.75,1,260,0,24196.75
2026-04-16,2026-06-30,20500,PE,0.0,0.0,0.0,92.45,7.8,0,0,0,24196.75
2026-04-16,2026-06-30,21700,PE,0.0,0.0,0.0,329.4,50.4,0,0,0,24196.75
2026-04-16,2026-06-30,21750,PE,0.0,0.0,0.0,344.5,53.9,0,0,0,24196.75
2026-04-16,2026-06-30,23250,PE,296.75,312.45,285.75,308.65,308.65,60,3835,1755,24196.75
2026-04-16,2026-06-30,23350,PE,305.2,325.9,305.2,325.9,314.05,6,3055,325,24196.75
2026-04-16,2026-06-30,23600,PE,355.5,413.0,349.85,391.8,391.8,119,10855,130,24196.75
2026-04-16,2026-06-30,24950,PE,856.75,879.55,856.75,879.55,1013.9,2,650,130,24196.75
2026-04-16,2026-06-30,25600,PE,0.0,0.0,0.0,2880.6,1440.0,0,0,0,24196.75
2026-04-16,2026-06-30,25950,PE,0.0,0.0,0.0,3202.9,1699.05,0,0,0,24196.75
2026-04-16,2026-06-30,31500,PE,0.0,0.0,0.0,4679.25,6902.45,0,0,0,24196.75
2026-04-16,2026-09-29,24000,PE,590.0,651.0,575.0,608.45,608.45,1374,497060,5580,24196.75
2026-04-16,2026-09-29,33000,PE,0.0,0.0,0.0,6552.15,7889.65,0,0,0,24196.75
2026-04-16,2026-12-29,22000,PE,350.0,350.0,318.2,325.65,325.65,4532,684265,-21320,24196.75
2026-04-16,2026-12-29,22500,PE,388.0,416.2,382.5,391.1,391.1,479,402610,2795,24196.75
2026-04-16,2026-12-29,27000,PE,1844.0,2011.05,1820.0,1947.6,1947.6,674,617150,12960,24196.75
2026-04-16,2027-06-29,24000,PE,0.0,0.0,0.0,5056.2,982.9,0,0,0,24196.75
2026-04-16,2027-06-29,27000,PE,0.0,0.0,0.0,6273.45,2348.7,0,0,0,24196.75
2026-04-16,2027-06-29,33000,PE,0.0,0.0,0.0,4691.7,6700.85,0,0,0,24196.75
2026-04-16,2027-12-28,18000,PE,0.0,0.0,0.0,240.85,73.25,0,11550,0,24196.75
2026-04-16,2028-12-26,23000,PE,0.0,0.0,0.0,362.05,808.3,0,375,0,24196.75
2026-04-16,2029-06-26,15000,PE,0.0,0.0,0.0,30.9,30.1,0,0,0,24196.75
2026-04-16,2029-06-26,34500,PE,0.0,0.0,0.0,3889.3,5697.95,0,0,0,24196.75
2026-04-16,2029-12-24,30000,PE,0.0,0.0,0.0,1953.5,3042.05,0,0,0,24196.75
2026-04-16,2030-12-31,19500,PE,0.0,0.0,0.0,67.4,300.3,0,0,0,24196.75
2026-04-16,2026-05-26,22750,CE,1849.75,1900.0,1849.75,1900.0,1682.4,10,2535,520,24196.75
2026-04-16,2026-05-05,25850,CE,16.3,16.3,13.4,15.15,15.15,72,11050,1170,24196.75
2026-04-16,2026-05-05,25950,CE,14.7,14.7,11.2,12.85,12.85,80,3705,845,24196.75
2026-04-16,2026-05-05,26100,CE,10.35,10.95,8.2,8.95,8.95,234,14105,1495,24196.75
2026-04-16,2026-05-12,22550,CE,0.0,0.0,0.0,911.35,1766.15,0,0,0,24196.75
2026-04-16,2026-05-12,23100,CE,0.0,0.0,0.0,565.7,1272.2,0,0,0,24196.75
2026-04-16,2026-05-12,23500,CE,1062.3,1063.9,907.45,973.25,973.25,87,1365,975,24196.75
2026-04-16,2026-05-12,23700,CE,0.0,0.0,0.0,299.45,806.6,0,0,0,24196.75
2026-04-16,2026-05-12,24100,CE,651.45,651.45,500.0,535.3,535.3,80,2795,2795,24196.75
2026-04-16,2026-05-12,26550,CE,14.45,15.0,8.6,10.0,10.0,66,2405,2405,24196.75
2026-04-16,2026-05-19,22200,CE,0.0,0.0,0.0,1810.3,2142.35,0,0,0,24196.75
2026-04-16,2026-05-19,24000,CE,740.0,749.55,648.0,683.85,683.85,34,1690,1690,24196.75
2026-04-16,2026-05-19,24350,CE,533.6,534.6,449.5,483.4,502.9,18,780,780,24196.75
2026-04-16,2026-05-19,25600,CE,0.0,0.0,0.0,74.4,118.6,0,0,0,24196.75
2026-04-16,2026-05-19,26250,CE,35.55,35.55,25.0,25.0,25.0,2,65,65,24196.75
2026-04-16,2026-05-26,20750,CE,0.0,0.0,0.0,2714.0,3589.35,0,65,0,24196.75
2026-04-16,2026-05-26,21750,CE,0.0,0.0,0.0,2453.0,2608.1,0,130,0,24196.75
2026-04-16,2026-05-26,21850,CE,0.0,0.0,0.0,2473.8,2511.8,0,195,0,24196.75
2026-04-16,2026-05-26,22350,CE,0.0,0.0,0.0,1676.65,2040.7,0,845,0,24196.75
2026-04-16,2026-05-26,22650,CE,1751.95,1751.95,1751.95,1751.95,1770.0,1,2080,0,24196.75
2026-04-16,2026-05-26,23400,CE,1300.0,1304.35,1135.0,1160.0,1160.0,36,34905,-1430,24196.75
2026-04-16,2026-05-05,24800,CE,175.0,188.0,125.0,144.1,144.1,1770,50440,24440,24196.75
2026-04-16,2026-05-05,24650,CE,244.95,250.0,173.15,193.4,193.4,124,10530,3510,24196.75
2026-04-16,2026-05-05,24300,CE,415.5,440.95,307.7,343.1,343.1,2392,79105,43810,24196.75
2026-04-16,2026-05-26,24500,CE,500.0,539.75,412.35,443.0,443.0,11960,810290,94315,24196.75
2026-04-16,2026-05-26,24950,CE,293.95,302.0,228.1,242.0,242.0,138,11765,1755,24196.75
2026-04-16,2026-06-30,18000,CE,6400.0,6400.0,6400.0,6400.0,6426.1,1,14865,65,24196.75
2026-04-16,2026-06-30,21850,CE,0.0,0.0,0.0,1442.8,2686.65,0,65,0,24196.75
2026-04-16,2026-06-30,21950,CE,0.0,0.0,0.0,1345.7,2596.35,0,325,0,24196.75
2026-04-16,2026-06-30,22100,CE,0.0,0.0,0.0,1340.85,2462.65,0,455,0,24196.75
2026-04-16,2026-06-30,22600,CE,0.0,0.0,0.0,2150.0,2034.75,0,1560,0,24196.75
2026-04-16,2026-06-30,23200,CE,0.0,0.0,0.0,1627.9,1567.35,0,4485,0,24196.75
2026-04-16,2026-06-30,23300,CE,1465.0,1478.5,1465.0,1478.5,1478.5,2,2860,0,24196.75
2026-04-16,2026-05-05,24150,CE,417.95,457.1,390.0,428.4,428.4,367,14820,7215,24196.75
2026-04-16,2026-05-05,23400,CE,1020.0,1055.0,922.3,929.85,929.85,16,3185,260,24196.75
2026-04-16,2026-05-05,23100,CE,0.0,0.0,0.0,1188.0,1216.65,0,910,0,24196.75
2026-04-16,2026-05-05,22750,CE,0.0,0.0,0.0,1452.15,1536.9,0,1820,0,24196.75
2026-04-16,2026-05-05,22150,CE,0.0,0.0,0.0,1102.65,2117.3,0,0,0,24196.75
2026-04-16,2026-05-05,21900,CE,0.0,0.0,0.0,1300.85,2364.45,0,0,0,24196.75
2026-04-16,2026-05-05,21700,CE,0.0,0.0,0.0,1468.9,2563.05,0,0,0,24196.75
2026-04-16,2026-05-05,21350,CE,0.0,0.0,0.0,1779.5,2911.4,0,0,0,24196.75
2026-04-16,2026-05-05,20900,CE,0.0,0.0,0.0,2200.7,3359.9,0,0,0,24196.75
2026-04-16,2026-05-05,20450,CE,0.0,0.0,0.0,2636.25,3808.55,0,0,0,24196.75
2026-04-16,2026-05-05,20300,CE,0.0,0.0,0.0,2783.2,3958.05,0,0,0,24196.75
2026-04-16,2026-04-28,26300,CE,3.35,3.75,2.25,2.6,2.6,3593,220155,23140,24196.75
2026-04-16,2026-04-28,25650,CE,8.8,9.5,6.9,7.4,7.4,6404,68380,-132860,24196.75
2026-04-16,2026-04-28,25300,CE,24.15,24.8,14.6,17.6,17.6,30663,961155,103415,24196.75
2026-04-16,2026-04-28,24750,CE,112.95,132.05,75.85,89.8,89.8,9268,187525,12415,24196.75
2026-04-16,2026-04-28,23650,CE,800.0,834.55,629.9,670.4,670.4,120,25480,-1170,24196.75
2026-04-16,2026-04-28,23550,CE,884.5,890.45,721.15,758.15,758.15,37,161265,-260,24196.75
2026-04-16,2026-04-28,21600,CE,2556.15,2615.2,2556.15,2615.2,2638.0,12,36790,-780,24196.75
2026-04-16,2026-04-28,21500,CE,2860.95,2880.0,2634.3,2701.0,2701.0,426,137735,-16965,24196.75
2026-04-16,2026-04-28,21400,CE,0.0,0.0,0.0,2593.4,2837.6,0,1040,0,24196.75
2026-04-16,2026-04-28,20700,CE,0.0,0.0,0.0,2133.0,3536.25,0,715,0,24196.75
2026-04-16,2026-04-21,26100,CE,0.85,0.95,0.6,0.65,0.65,28479,547365,-57525,24196.75
2026-04-16,2026-04-21,26000,CE,0.9,1.05,0.7,0.75,0.75,161174,4039490,247520,24196.75
2026-04-16,2026-04-21,24700,CE,55.0,63.85,21.8,27.7,27.7,697750,4386005,2047565,24196.75
2026-04-16,2026-04-21,24300,CE,220.0,238.65,103.4,133.15,133.15,2076710,5826080,3070990,24196.75
2026-04-16,2026-04-21,23850,CE,556.2,579.3,344.1,409.35,409.35,10493,277745,-49985,24196.75
2026-04-16,2026-04-21,23050,CE,1190.0,1265.4,1078.75,1177.85,1166.45,99,5785,-1365,24196.75
2026-04-16,2026-04-21,22200,CE,0.0,0.0,0.0,2040.0,2014.45,0,16315,0,24196.75
2026-04-16,2026-04-21,22100,CE,2200.0,2200.0,2110.0,2110.0,2114.35,3,6890,-65,24196.75
2026-04-16,2026-04-21,21900,CE,0.0,0.0,0.0,2313.5,2314.2,0,520,0,24196.75
2026-04-16,2026-04-21,21800,CE,0.0,0.0,0.0,2404.15,2414.1,0,520,0,24196.75
2026-04-16,2026-06-30,23650,CE,0.0,0.0,0.0,1253.85,1254.9,0,1235,0,24196.75
2026-04-16,2026-06-30,23700,CE,1324.0,1324.0,1150.0,1189.8,1189.8,20,3575,325,24196.75
2026-04-16,2026-06-30,24150,CE,988.6,996.4,853.3,895.65,895.65,29,2730,-325,24196.75
2026-04-16,2026-06-30,24850,CE,562.15,580.15,472.85,499.6,499.6,83,20150,-1690,24196.75
2026-04-16,2026-06-30,26050,CE,134.95,148.35,113.0,122.8,122.8,218,9425,-1690,24196.75
2026-04-16,2026-06-30,31000,CE,6.15,6.15,5.15,5.4,5.4,85,82795,2340,24196.75
2026-04-16,2026-09-29,15000,CE,0.0,0.0,0.0,10499.3,9616.5,0,0,0,24196.75
2026-04-16,2026-09-29,19500,CE,0.0,0.0,0.0,7303.95,5260.95,0,0,0,24196.75
2026-04-16,2026-12-29,15000,CE,0.0,0.0,0.0,5977.65,9841.7,0,0,0,24196.75
2026-04-16,2026-12-29,16500,CE,0.0,0.0,0.0,10405.0,8407.65,0,0,0,24196.75
2026-04-16,2026-12-29,20000,CE,5176.0,5240.0,5082.55,5138.15,5138.15,200,104535,-130,24196.75
2026-04-16,2027-06-29,34500,CE,0.0,0.0,0.0,304.2,176.75,0,0,0,24196.75
2026-04-16,2028-06-27,28500,CE,0.0,0.0,0.0,2990.0,2235.65,0,0,0,24196.75
2026-04-16,2028-12-26,21000,CE,0.0,0.0,0.0,7512.5,6883.6,0,0,0,24196.75
2026-04-16,2028-12-26,28500,CE,0.0,0.0,0.0,3608.65,2831.9,0,0,0,24196.75
2026-04-16,2029-06-26,18000,CE,0.0,0.0,0.0,11678.65,9598.55,0,0,0,24196.75
2026-04-16,2029-06-26,21000,CE,0.0,0.0,0.0,9799.75,7447.15,0,0,0,24196.75
2026-04-16,2029-06-26,22500,CE,0.0,0.0,0.0,7946.5,6473.75,0,0,0,24196.75
2026-04-16,2029-12-24,15000,CE,0.0,0.0,0.0,13369.45,12321.55,0,0,0,24196.75
2026-04-16,2030-12-31,33000,CE,0.0,0.0,0.0,3948.25,3500.9,0,0,0,24196.75
2026-04-16,2026-04-21,20150,PE,1.1,1.25,0.55,0.7,0.7,7591,104000,32370,24196.75
2026-04-16,2026-04-21,21100,PE,1.8,1.95,0.85,1.05,1.05,19078,314860,7280,24196.75
2026-04-16,2029-06-26,21000,PE,0.0,0.0,0.0,320.25,452.2,0,0,0,24196.75
2026-04-16,2028-12-26,26000,PE,1476.6,1476.6,1476.6,1476.6,1685.6,1,6550,0,24196.75
2026-04-16,2028-12-26,25000,PE,1200.0,1215.0,1200.0,1215.0,1348.6,3,5395,60,24196.75
2026-04-16,2028-06-27,27000,PE,0.0,0.0,0.0,2752.35,2162.3,0,0,0,24196.75
2026-04-16,2027-12-28,34500,PE,0.0,0.0,0.0,5258.65,7274.1,0,0,0,24196.75
2026-04-16,2027-12-28,25500,PE,0.0,0.0,0.0,676.05,1579.2,0,0,0,24196.75
2026-04-16,2027-12-28,22000,PE,585.85,585.85,565.0,566.0,525.0,17,14975,-845,24196.75
2026-04-16,2027-03-30,21000,PE,0.0,0.0,0.0,421.3,224.2,0,0,0,24196.75
2026-04-16,2026-12-29,28500,PE,0.0,0.0,0.0,1948.15,3525.65,0,0,0,24196.75
2026-04-16,2026-12-29,25500,PE,1081.05,1205.95,1081.05,1164.25,1164.25,689,252070,4810,24196.75
2026-04-16,2026-09-29,16500,PE,0.0,0.0,0.0,0.05,0.2,0,0,0,24196.75
2026-04-16,2026-06-30,26300,PE,0.0,0.0,0.0,3531.15,1975.3,0,0,0,24196.75
2026-04-16,2026-06-30,26050,PE,0.0,0.0,0.0,3296.15,1776.3,0,0,0,24196.75
2026-04-16,2026-06-30,24100,PE,482.05,570.5,474.0,530.4,530.4,176,19890,-1170,24196.75
2026-04-16,2026-06-30,23950,PE,442.15,493.8,440.0,492.25,492.25,9,3055,-130,24196.75
2026-04-16,2026-06-30,23850,PE,420.0,486.75,420.0,458.75,478.25,46,39065,-2275,24196.75
2026-04-16,2026-06-30,22500,PE,188.8,214.4,182.2,195.25,195.25,3159,350610,31720,24196.75
2026-04-16,2026-04-21,20300,CE,0.0,0.0,0.0,3417.45,3912.9,0,0,0,24196.75
2026-04-16,2026-04-21,20850,CE,0.0,0.0,0.0,2871.95,3363.35,0,0,0,24196.75
2026-04-16,2026-04-21,20900,CE,0.0,0.0,0.0,2822.45,3313.4,0,0,0,24196.75
2026-04-16,2026-04-21,22000,CE,2324.9,2372.25,2101.0,2196.05,2196.05,139,222625,-3640,24196.75
2026-04-16,2026-04-21,23400,CE,954.0,990.75,721.4,804.7,804.7,1655,108680,-10140,24196.75
2026-04-16,2026-04-21,24000,CE,400.0,453.35,245.1,299.5,299.5,323015,2039505,3770,24196.75
2026-04-16,2026-04-21,24200,CE,319.9,319.9,142.15,179.9,179.9,1705574,6114615,1391390,24196.75
2026-04-16,2026-04-21,24800,CE,53.0,53.0,14.0,17.0,17.0,729955,7520500,4136925,24196.75
2026-04-16,2026-04-21,25150,CE,7.45,8.55,3.5,4.05,4.05,128004,1090765,461955,24196.75
2026-04-16,2026-04-21,25450,CE,3.5,3.5,1.55,1.7,1.7,140961,1531595,990925,24196.75
2026-04-16,2026-04-28,20150,CE,0.0,0.0,0.0,5334.1,4085.2,0,0,0,24196.75
2026-04-16,2026-04-28,20900,CE,0.0,0.0,0.0,2092.8,3336.65,0,325,0,24196.75
2026-04-16,2026-04-28,21350,CE,0.0,0.0,0.0,2848.55,2887.5,0,260,0,24196.75
2026-04-16,2026-04-28,22250,CE,2120.0,2120.0,1890.6,1890.6,1990.05,4,26195,-260,24196.75
2026-04-16,2026-04-28,22350,CE,1870.0,1870.0,1835.85,1835.9,1890.7,3,14755,-130,24196.75
2026-04-16,2026-04-28,23050,CE,1155.0,1196.35,1125.75,1196.35,1196.35,14,187720,-455,24196.75
2026-04-16,2026-04-28,23100,CE,1284.8,1333.4,1089.4,1149.85,1149.85,696,286520,-30485,24196.75
2026-04-16,2026-04-28,23700,CE,757.1,793.5,580.0,639.3,639.3,2791,281580,-74555,24196.75
2026-04-16,2026-04-28,23950,CE,550.0,591.3,410.5,457.85,457.85,738,62075,-1170,24196.75
2026-04-16,2026-04-28,24900,CE,80.0,88.0,50.0,59.45,59.45,28438,954915,78390,24196.75
2026-04-16,2026-04-28,25350,CE,19.6,21.15,13.8,15.75,15.75,6134,110110,25415,24196.75
2026-04-16,2026-04-28,25800,CE,6.2,6.9,5.35,5.65,5.65,14145,467870,185185,24196.75
2026-04-16,2026-04-21,21350,PE,1.9,2.15,0.9,1.1,1.1,1817,37895,-11830,24196.75
2026-04-16,2026-04-21,23200,PE,12.0,17.1,8.05,9.0,9.0,430115,4764045,2679430,24196.75
2026-04-16,2026-04-21,23350,PE,26.95,27.0,9.65,14.9,14.9,184110,1021280,412555,24196.75
2026-04-16,2026-04-21,23700,PE,37.5,69.0,29.8,45.65,45.65,547946,3408015,1173965,24196.75
2026-04-16,2026-04-21,24100,PE,132.9,199.0,89.3,149.8,149.8,1163502,2301715,600730,24196.75
2026-04-16,2026-04-21,24150,PE,150.0,224.35,102.3,171.35,171.35,943842,1498965,695695,24196.75
2026-04-16,2026-04-21,24450,PE,253.85,419.6,219.15,341.3,341.3,109364,105040,26000,24196.75
2026-04-16,2026-04-21,24650,PE,405.25,584.85,340.65,500.35,500.35,7577,49595,21905,24196.75
2026-04-16,2026-04-21,25000,PE,675.9,914.3,630.0,813.05,813.05,9331,338650,62140,24196.75
2026-04-16,2026-04-21,25750,PE,0.0,0.0,0.0,1689.75,1533.0,0,65,0,24196.75
2026-04-16,2026-04-28,21700,PE,8.1,10.0,6.55,7.05,7.05,7053,181740,25090,24196.75
2026-04-16,2026-04-28,22250,PE,14.8,18.65,12.15,13.75,13.75,10731,98735,-223275,24196.75
2026-04-16,2026-04-28,22550,PE,24.0,27.25,18.5,20.2,20.2,2747,58110,-30745,24196.75
2026-04-16,2026-04-28,24600,PE,419.4,597.0,393.4,533.2,533.2,4023,321230,-16510,24196.75
2026-04-16,2026-04-28,25500,PE,1182.95,1386.0,1112.0,1303.8,1303.8,1138,758680,6110,24196.75
2026-04-16,2026-04-21,21650,CE,0.0,0.0,0.0,1256.5,2564.0,0,65,0,24196.75
2026-04-16,2026-04-21,21300,CE,0.0,0.0,0.0,2427.75,2913.7,0,0,0,24196.75
2026-04-16,2026-04-21,20400,CE,0.0,0.0,0.0,3318.2,3813.0,0,0,0,24196.75
2026-04-16,2026-04-28,25550,PE,1190.0,1393.1,1169.95,1392.05,1392.05,42,6435,0,24196.75
2026-04-16,2026-04-28,26300,PE,1979.3,2175.4,1976.0,2175.4,2054.45,12,41600,-715,24196.75
2026-04-16,2026-04-28,26600,PE,0.0,0.0,0.0,2330.0,2352.95,0,14690,0,24196.75
2026-04-16,2026-05-05,20850,PE,9.1,10.15,6.3,10.15,10.15,12,1170,-130,24196.75
2026-04-16,2026-05-05,20950,PE,10.25,10.75,9.3,10.1,0.05,18,2080,0,24196.75
2026-04-16,2026-05-05,21200,PE,10.85,12.9,9.3,9.75,9.75,20,1495,-390,24196.75
2026-04-16,2026-05-05,21850,PE,18.55,21.7,17.6,17.6,17.6,138,1235,1235,24196.75
2026-04-16,2026-05-05,23100,PE,80.65,104.3,74.6,88.25,88.25,494,22815,5785,24196.75
2026-04-16,2026-05-05,23250,PE,96.7,123.6,91.6,106.35,106.35,67,4940,1495,24196.75
2026-04-16,2026-05-05,23450,PE,150.25,160.85,113.9,137.3,137.3,156,5590,2275,24196.75
2026-04-16,2026-04-21,20100,CE,3796.6,4302.85,3796.6,4302.85,4112.75,2,65,65,24196.75
2026-04-16,2026-05-05,23650,PE,144.1,200.3,144.1,180.4,180.4,64,5980,1105,24196.75
2026-04-16,2026-05-05,23900,PE,210.95,288.25,195.7,246.5,246.5,1375,30680,7735,24196.75
2026-04-16,2026-05-05,25300,PE,0.0,0.0,0.0,1238.05,1104.3,0,65,0,24196.75
2026-04-16,2026-05-12,22250,PE,0.0,0.0,0.0,128.45,12.95,0,0,0,24196.75
2026-04-16,2026-05-12,22750,PE,0.0,0.0,0.0,262.6,40.45,0,0,0,24196.75
2026-04-16,2026-05-12,23200,PE,135.0,138.85,135.0,135.8,135.8,5,325,325,24196.75
2026-04-16,2026-05-12,24450,PE,0.0,0.0,0.0,1290.15,535.0,0,0,0,24196.75
2026-04-16,2026-05-12,24650,PE,0.0,0.0,0.0,1460.05,653.75,0,0,0,24196.75
2026-04-16,2026-05-12,24850,PE,0.0,0.0,0.0,1636.35,785.45,0,0,0,24196.75
2026-04-16,2026-05-12,24900,PE,0.0,0.0,0.0,1681.3,820.3,0,0,0,24196.75
2026-04-16,2026-05-12,25100,PE,0.0,0.0,0.0,1864.15,967.05,0,0,0,24196.75
2026-04-16,2026-05-12,25750,PE,0.0,0.0,0.0,2482.0,1508.0,0,0,0,24196.75
2026-04-16,2026-05-19,22300,PE,0.0,0.0,0.0,53.2,25.5,0,0,0,24196.75
2026-04-16,2026-05-19,24100,PE,0.0,0.0,0.0,582.25,400.7,0,0,0,24196.75
2026-04-16,2026-05-19,24650,PE,0.0,0.0,0.0,926.05,686.65,0,0,0,24196.75
2026-04-16,2026-05-19,24700,PE,668.85,668.85,668.85,668.85,717.15,8,0,0,24196.75
2026-04-16,2026-05-19,25900,PE,0.0,0.0,0.0,1960.85,1635.2,0,0,0,24196.75
2026-04-16,2026-05-19,25950,PE,0.0,0.0,0.0,2007.0,1679.4,0,0,0,24196.75
2026-04-16,2026-05-19,26150,PE,0.0,0.0,0.0,2193.85,1859.45,0,0,0,24196.75
2026-04-16,2026-05-19,26250,PE,0.0,0.0,0.0,2288.45,1951.15,0,0,0,24196.75
2026-04-16,2026-05-26,20350,PE,0.0,0.0,0.0,0.2,0.4,0,0,0,24196.75
2026-04-16,2026-05-26,20400,PE,0.0,0.0,0.0,0.2,0.45,0,0,0,24196.75
2026-04-16,2026-05-26,20500,PE,30.05,30.05,24.15,24.8,24.8,1823,238940,-9490,24196.75
2026-04-16,2026-05-26,20850,PE,0.0,0.0,0.0,0.6,1.55,0,0,0,24196.75
2026-04-16,2026-05-26,21150,PE,0.0,0.0,0.0,1.2,3.35,0,0,0,24196.75
2026-04-16,2026-05-26,21450,PE,48.75,55.0,47.0,47.85,47.85,174,18655,845,24196.75
2026-04-16,2026-05-26,21850,PE,0.0,0.0,0.0,5.15,16.1,0,0,0,24196.75
2026-04-16,2026-05-26,23650,PE,270.05,325.95,259.2,299.25,299.25,60,5655,260,24196.75
2026-04-16,2026-05-26,23900,PE,336.85,411.9,320.0,371.1,371.1,1200,103805,20280,24196.75
2026-04-16,2026-05-26,25200,PE,895.5,1077.45,874.15,1012.5,1012.5,240,30810,2405,24196.75
2026-04-16,2026-05-26,25250,PE,929.4,1104.0,919.85,1104.0,1117.75,15,1625,0,24196.75
2026-04-16,2026-05-26,26650,PE,0.0,0.0,0.0,2914.5,2311.2,0,130,0,24196.75
2026-04-16,2026-06-30,20100,PE,0.0,0.0,0.0,55.0,3.7,0,0,0,24196.75
2026-04-16,2026-06-30,20550,PE,0.0,0.0,0.0,98.3,8.5,0,0,0,24196.75
2026-04-16,2026-06-30,20700,PE,0.0,0.0,0.0,117.55,11.0,0,0,0,24196.75
2026-04-16,2026-06-30,20750,PE,0.0,0.0,0.0,124.6,12.0,0,0,0,24196.75
2026-04-16,2026-06-30,21250,PE,0.0,0.0,0.0,214.3,26.55,0,0,0,24196.75
2026-04-16,2026-06-30,21300,PE,0.0,0.0,0.0,225.4,28.6,0,0,0,24196.75
2026-04-16,2026-06-30,22150,PE,0.0,0.0,0.0,482.9,89.65,0,0,0,24196.75
2026-04-16,2026-06-30,22250,PE,161.85,179.45,158.95,169.55,169.55,38,6240,-130,24196.75
2026-04-16,2026-06-30,22750,PE,215.1,241.0,215.1,227.95,227.95,27,3835,130,24196.75
2026-04-16,2026-06-30,23450,PE,328.3,354.3,326.65,344.75,343.15,14,4680,390,24196.75
2026-04-16,2026-06-30,23800,PE,400.05,471.0,395.85,441.65,441.65,261,22815,-1235,24196.75
2026-04-16,2026-06-30,24250,PE,587.85,618.7,521.5,591.6,591.6,66,6630,-1040,24196.75
2026-04-16,2026-06-30,25350,PE,1034.05,1034.05,1034.05,1034.05,1267.25,1,65,65,24196.75
2026-04-16,2026-06-30,26100,PE,0.0,0.0,0.0,3342.95,1815.45,0,0,0,24196.75
2026-04-16,2026-09-29,30000,PE,0.0,0.0,0.0,2600.0,5042.35,0,65,0,24196.75
2026-04-16,2026-12-29,14000,PE,38.6,38.6,38.0,38.0,38.0,16,3590,-520,24196.75
2026-04-16,2027-03-30,25500,PE,0.0,0.0,0.0,2330.2,1567.65,0,0,0,24196.75
2026-04-16,2027-06-29,19000,PE,0.0,0.0,0.0,350.0,84.1,0,1070,0,24196.75
2026-04-16,2027-06-29,25500,PE,0.0,0.0,0.0,667.15,1581.9,0,0,0,24196.75
2026-04-16,2027-12-28,17000,PE,0.0,0.0,0.0,62.75,37.5,0,16675,0,24196.75
2026-04-16,2028-06-27,18000,PE,0.0,0.0,0.0,396.75,102.55,0,0,0,24196.75
2026-04-16,2028-06-27,28500,PE,0.0,0.0,0.0,1560.85,2883.1,0,0,0,24196.75
2026-04-16,2028-06-27,34500,PE,0.0,0.0,0.0,4734.1,6673.55,0,0,0,24196.75
2026-04-16,2028-12-26,16500,PE,0.0,0.0,0.0,5.9,57.55,0,0,0,24196.75
2026-04-16,2028-12-26,27000,PE,0.0,0.0,0.0,2520.05,2066.6,0,7250,0,24196.75
2026-04-16,2029-06-26,26000,PE,0.0,0.0,0.0,900.0,1623.0,0,50,0,24196.75
2026-04-16,2029-12-24,19500,PE,0.0,0.0,0.0,61.2,284.25,0,0,0,24196.75
2026-04-16,2029-12-24,23000,PE,0.0,0.0,0.0,950.0,803.9,0,1560,0,24196.75
2026-04-16,2029-12-24,24000,PE,0.0,0.0,0.0,625.5,1021.7,0,0,0,24196.75
2026-04-16,2026-05-05,25550,CE,28.25,29.05,23.1,25.75,25.75,182,7800,3445,24196.75
2026-04-16,2026-04-28,26050,CE,4.65,4.9,3.2,3.5,3.5,488,54275,-3185,24196.75
2026-04-16,2026-04-28,26850,CE,1.95,2.55,1.55,1.65,1.65,61,26000,1105,24196.75
2026-04-16,2026-04-28,27100,CE,1.9,2.05,1.3,1.4,1.4,215,87815,2080,24196.75
2026-04-16,2026-04-28,27350,CE,2.7,2.7,1.05,1.3,1.3,33,28340,-195,24196.75
2026-04-16,2026-05-05,21500,CE,0.0,0.0,0.0,1644.15,2762.0,0,0,0,24196.75
2026-04-16,2026-05-05,22600,CE,0.0,0.0,0.0,785.85,1679.35,0,0,0,24196.75
2026-04-16,2026-05-05,22650,CE,0.0,0.0,0.0,754.25,1631.6,0,0,0,24196.75
2026-04-16,2026-05-05,22850,CE,0.0,0.0,0.0,635.35,1443.45,0,0,0,24196.75
2026-04-16,2026-05-05,23750,CE,786.05,786.05,650.0,650.0,697.2,4,4550,65,24196.75
2026-04-16,2026-05-05,24500,CE,309.85,324.6,221.7,250.45,250.45,6387,127855,27820,24196.75
2026-04-16,2026-05-05,25300,CE,57.25,59.75,40.3,47.05,47.05,969,29510,1430,24196.75
2026-04-16,2026-05-12,21400,CE,0.0,0.0,0.0,1880.75,2886.3,0,0,0,24196.75
2026-04-16,2026-05-12,22000,CE,0.0,0.0,0.0,1342.7,2294.4,0,0,0,24196.75
2026-04-16,2026-05-12,22100,CE,0.0,0.0,0.0,1259.0,2196.85,0,0,0,24196.75
2026-04-16,2026-05-12,22150,CE,0.0,0.0,0.0,1217.95,2148.3,0,0,0,24196.75
2026-04-16,2026-05-12,23450,CE,0.0,0.0,0.0,396.35,988.95,0,0,0,24196.75
2026-04-16,2026-05-12,23850,CE,0.0,0.0,0.0,740.0,706.6,0,0,0,24196.75
2026-04-16,2026-05-12,23900,CE,628.0,630.0,628.0,628.15,674.9,3,455,65,24196.75
2026-04-16,2026-05-12,24500,CE,394.95,404.9,293.0,324.5,324.5,1966,71045,50050,24196.75
2026-04-16,2026-05-12,25050,CE,0.0,0.0,0.0,44.2,180.45,0,0,0,24196.75
2026-04-16,2026-05-12,25100,CE,148.55,150.1,105.85,118.0,118.0,75,2925,2340,24196.75
2026-04-16,2026-05-12,25450,CE,0.0,0.0,0.0,79.95,99.6,0,65,0,24196.75
2026-04-16,2026-05-12,25650,CE,0.0,0.0,0.0,15.1,72.25,0,0,0,24196.75
2026-04-16,2026-05-12,26100,CE,19.9,20.45,16.0,16.2,32.85,34,3900,195,24196.75
2026-04-16,2026-05-12,26250,CE,14.35,16.5,13.5,14.45,14.45,361,11895,11310,24196.75
2026-04-16,2026-05-19,23550,CE,0.0,0.0,0.0,751.65,985.45,0,0,0,24196.75
2026-04-16,2026-05-19,24650,CE,390.25,390.5,298.25,298.25,372.05,11,650,650,24196.75
2026-04-16,2026-05-19,25700,CE,0.0,0.0,0.0,64.25,103.35,0,0,0,24196.75
2026-04-16,2026-05-26,21050,CE,0.0,0.0,0.0,2461.8,3292.8,0,195,0,24196.75
2026-04-16,2026-05-26,21300,CE,0.0,0.0,0.0,1897.15,3046.7,0,260,0,24196.75
2026-04-16,2026-05-26,21650,CE,0.0,0.0,0.0,2231.5,2704.9,0,130,0,24196.75
2026-04-16,2026-05-26,21700,CE,0.0,0.0,0.0,1834.4,2656.45,0,195,0,24196.75
2026-04-16,2026-05-26,22050,CE,0.0,0.0,0.0,1359.6,2321.0,0,390,0,24196.75
2026-04-16,2026-05-26,22150,CE,0.0,0.0,0.0,1290.25,2226.65,0,195,0,24196.75
2026-04-16,2026-05-26,22500,CE,2078.0,2079.35,1864.65,1920.1,1903.95,88,112385,-650,24196.75
2026-04-16,2026-05-26,22900,CE,1640.0,1640.0,1576.4,1601.1,1554.05,24,6890,-910,24196.75
2026-04-16,2026-05-26,24300,CE,650.0,658.5,515.5,552.0,552.0,3067,125645,56290,24196.75
2026-04-16,2026-05-26,24350,CE,604.25,628.25,487.6,524.6,524.6,342,14300,5720,24196.75
2026-04-16,2026-05-26,24850,CE,332.95,345.6,260.6,285.7,285.7,98,20670,585,24196.75
2026-04-16,2026-05-26,25100,CE,240.0,243.4,178.65,196.25,196.25,2195,220155,17225,24196.75
2026-04-16,2026-05-26,25350,CE,157.5,165.8,121.15,133.35,133.35,418,42965,1755,24196.75
2026-04-16,2026-05-26,26000,CE,55.0,55.0,38.65,43.35,43.35,16086,1268605,111605,24196.75
2026-04-16,2026-05-26,26350,CE,44.45,44.45,21.3,25.5,25.5,10,4875,325,24196.75
2026-04-16,2026-05-26,26800,CE,16.05,16.8,12.6,13.65,13.65,64,19435,-2015,24196.75
2026-04-16,2026-05-26,26850,CE,15.0,15.0,12.55,13.3,29.35,32,5655,-2015,24196.75
2026-04-16,2026-05-26,27100,CE,13.7,13.7,9.65,11.5,11.5,131,15795,1950,24196.75
2026-04-16,2026-06-30,19000,CE,5464.0,5494.9,5320.0,5375.45,5375.45,317,653040,-7930,24196.75
2026-04-16,2026-06-30,20450,CE,0.0,0.0,0.0,2334.6,4014.4,0,0,0,24196.75
2026-04-16,2026-06-30,20550,CE,0.0,0.0,0.0,2247.8,3917.05,0,0,0,24196.75
2026-04-16,2026-06-30,20650,CE,0.0,0.0,0.0,2162.15,3819.95,0,0,0,24196.75
2026-04-16,2026-06-30,20900,CE,0.0,0.0,0.0,1953.5,3578.4,0,0,0,24196.75
2026-04-16,2026-06-30,21050,CE,0.0,0.0,0.0,1832.45,3434.45,0,0,0,24196.75
2026-04-16,2026-06-30,21200,CE,0.0,0.0,0.0,1883.6,3291.45,0,65,0,24196.75
2026-04-16,2026-06-30,21250,CE,0.0,0.0,0.0,1848.05,3244.05,0,65,0,24196.75
2026-04-16,2026-06-30,21550,CE,0.0,0.0,0.0,1639.75,2962.35,0,65,0,24196.75
2026-04-16,2026-06-30,22450,CE,0.0,0.0,0.0,1468.75,2159.95,0,780,0,24196.75
2026-04-16,2026-06-30,24050,CE,1039.5,1039.5,944.75,952.7,952.7,6,4225,0,24196.75
2026-04-16,2026-06-30,24750,CE,616.25,632.55,520.0,547.3,547.3,129,9620,4290,24196.75
2026-04-16,2026-06-30,25150,CE,430.55,436.2,351.15,371.85,371.85,86,4160,2210,24196.75
2026-04-16,2026-06-30,25850,CE,189.95,193.15,148.5,160.3,160.3,135,3965,715,24196.75
2026-04-16,2026-06-30,26350,CE,0.0,0.0,0.0,31.85,198.5,0,0,0,24196.75
2026-04-16,2026-06-30,26400,CE,0.0,0.0,0.0,30.15,190.2,0,0,0,24196.75
2026-04-16,2026-06-30,26500,CE,0.0,0.0,0.0,26.95,174.4,0,0,0,24196.75
2026-04-16,2026-06-30,30000,CE,9.7,9.75,8.35,8.6,8.6,413,328725,1955,24196.75
2026-04-16,2026-09-29,27000,CE,209.0,211.95,180.0,186.9,186.9,1809,410865,14950,24196.75
2026-04-16,2026-12-29,18000,CE,0.0,0.0,0.0,6000.0,6981.55,0,130,0,24196.75
2026-04-16,2027-03-30,28500,CE,0.0,0.0,0.0,323.95,731.15,0,0,0,24196.75
2026-04-16,2027-03-30,31500,CE,0.0,0.0,0.0,94.65,264.65,0,0,0,24196.75
2026-04-16,2027-06-29,22500,CE,0.0,0.0,0.0,5539.6,3876.9,0,0,0,24196.75
2026-04-16,2027-06-29,33000,CE,0.0,0.0,0.0,1122.75,283.65,0,0,0,24196.75
2026-04-16,2027-12-28,25500,CE,0.0,0.0,0.0,4013.5,2844.4,0,0,0,24196.75
2026-04-16,2028-06-27,25500,CE,0.0,0.0,0.0,4676.6,3519.95,0,0,0,24196.75
2026-04-16,2028-06-27,30000,CE,0.0,0.0,0.0,2278.45,1751.05,0,0,0,24196.75
2026-04-16,2028-12-26,15000,CE,0.0,0.0,0.0,11381.75,11543.7,0,0,0,24196.75
2026-04-16,2030-06-25,21000,CE,0.0,0.0,0.0,10421.65,8500.05,0,0,0,24196.75
2026-04-16,2026-04-21,20750,PE,1.1,1.65,0.55,0.95,0.95,1129,17485,-3445,24196.75
2026-04-16,2026-04-21,21750,PE,2.85,2.85,1.1,1.3,1.3,20363,124280,-119925,24196.75
2026-04-16,2026-04-21,22450,PE,4.0,4.15,1.45,1.8,1.8,34851,202735,-38610,24196.75
2026-04-16,2026-04-21,24850,PE,548.55,766.55,497.0,673.85,673.85,1741,28535,21580,24196.75
2026-04-16,2026-04-21,25100,PE,788.7,1007.0,725.0,913.9,913.9,335,6630,2340,24196.75
2026-04-16,2026-04-21,25150,PE,884.2,1057.55,866.2,1045.25,939.9,7,520,0,24196.75
2026-04-16,2026-04-21,25500,PE,1135.2,1400.0,1120.0,1300.5,1300.5,248,131885,-1690,24196.75
2026-04-16,2026-04-21,25950,PE,0.0,0.0,0.0,1887.2,1732.7,0,65,0,24196.75
2026-04-16,2026-04-21,26000,PE,1650.0,1892.15,1615.0,1804.4,1804.4,141,86905,65,24196.75
2026-04-16,2026-04-28,20300,PE,3.3,3.3,2.2,2.7,2.7,187,51740,-1040,24196.75
2026-04-16,2026-04-28,20550,PE,2.75,4.7,2.7,3.1,3.1,193,8645,130,24196.75
2026-04-16,2026-04-28,21150,PE,3.9,5.65,3.9,4.65,4.65,112,4160,780,24196.75
2026-04-16,2026-04-28,21300,PE,6.95,7.0,4.65,5.05,5.05,4148,73840,-20410,24196.75
2026-04-16,2026-04-28,21400,PE,7.85,7.85,5.05,5.35,5.35,3515,78065,1040,24196.75
2026-04-16,2026-04-28,21550,PE,5.5,8.4,5.5,6.15,6.15,407,14755,4875,24196.75
2026-04-16,2026-04-28,21750,PE,7.95,10.65,6.0,6.95,6.95,576,20605,3770,24196.75
2026-04-16,2026-05-05,23000,CE,0.0,0.0,0.0,1367.0,1306.05,0,2925,0,24196.75
2026-04-16,2026-05-05,22450,CE,0.0,0.0,0.0,885.15,1823.9,0,0,0,24196.75
2026-04-16,2026-05-05,24750,CE,198.75,207.7,142.95,158.95,158.95,210,10335,2795,24196.75
2026-04-16,2026-05-05,25450,CE,37.5,37.65,28.4,33.25,33.25,164,7865,-65,24196.75
2026-04-16,2026-05-05,25650,CE,23.8,24.2,19.45,21.4,21.4,203,6435,3380,24196.75
2026-04-16,2026-05-05,26250,CE,10.0,10.0,6.9,7.5,7.5,12,910,65,24196.75
2026-04-16,2026-05-05,26550,CE,4.35,6.3,4.2,4.9,4.9,157,4485,4485,24196.75
2026-04-16,2026-05-12,21750,CE,0.0,0.0,0.0,1560.25,2539.95,0,0,0,24196.75
2026-04-16,2026-05-12,22050,CE,0.0,0.0,0.0,1300.6,2245.55,0,0,0,24196.75
2026-04-16,2026-05-12,22700,CE,0.0,0.0,0.0,807.8,1626.95,0,0,0,24196.75
2026-04-16,2026-05-12,24700,CE,293.8,295.2,216.45,235.0,235.0,108,3445,3315,24196.75
2026-04-16,2026-05-12,25200,CE,118.05,119.5,87.0,97.45,97.45,79,2340,2015,24196.75
2026-04-16,2026-05-12,26350,CE,10.8,13.0,10.4,12.8,20.4,41,780,780,24196.75
2026-04-16,2026-05-19,22250,CE,0.0,0.0,0.0,1764.85,2094.9,0,0,0,24196.75
2026-04-16,2026-05-19,22800,CE,0.0,0.0,0.0,1290.75,1590.65,0,0,0,24196.75
2026-04-16,2026-05-19,23200,CE,0.0,0.0,0.0,984.7,1252.8,0,0,0,24196.75
2026-04-16,2026-05-19,23700,CE,0.0,0.0,0.0,662.7,880.65,0,0,0,24196.75
2026-04-16,2026-05-19,23950,CE,0.0,0.0,0.0,529.5,720.3,0,0,0,24196.75
2026-04-16,2026-05-19,24300,CE,545.0,548.9,484.0,491.0,491.0,16,780,780,24196.75
2026-04-16,2026-05-26,20250,CE,0.0,0.0,0.0,2404.65,4085.05,0,65,0,24196.75
2026-04-16,2026-05-26,20650,CE,0.0,0.0,0.0,2799.3,3688.35,0,130,0,24196.75
2026-04-16,2026-05-26,22100,CE,0.0,0.0,0.0,2322.65,2273.7,0,715,0,24196.75
2026-04-16,2026-05-26,22850,CE,0.0,0.0,0.0,1317.45,1596.4,0,1430,0,24196.75
2026-04-16,2026-05-26,23000,CE,1629.0,1660.0,1426.3,1492.45,1492.45,1046,415090,10140,24196.75
2026-04-16,2026-05-26,23800,CE,970.1,1008.85,826.8,874.7,874.7,470,61815,4680,24196.75
2026-04-16,2026-05-26,24200,CE,714.95,723.15,573.0,610.6,610.6,2337,95420,13715,24196.75
2026-04-16,2026-05-26,24450,CE,540.05,563.2,439.95,467.7,467.7,151,10530,3900,24196.75
2026-04-16,2026-05-26,25050,CE,249.95,260.4,194.7,213.45,213.45,312,12545,-650,24196.75
2026-04-16,2026-05-26,26050,CE,45.1,45.35,36.25,39.6,39.6,104,6695,2665,24196.75
2026-04-16,2026-05-26,26500,CE,23.55,23.55,18.0,19.55,19.55,5390,404040,28795,24196.75
2026-04-16,2026-05-26,27000,CE,14.5,14.55,10.75,11.8,11.8,6134,620620,-14040,24196.75
2026-04-16,2026-06-30,20400,CE,0.0,0.0,0.0,2378.4,4063.15,0,0,0,24196.75
2026-04-16,2026-06-30,21000,CE,3600.0,3661.6,3457.7,3502.8,3502.8,445,466635,11570,24196.75
2026-04-16,2026-06-30,21400,CE,0.0,0.0,0.0,1563.55,3102.55,0,0,0,24196.75
2026-04-16,2026-05-05,22400,CE,0.0,0.0,0.0,1775.9,1872.45,0,1105,0,24196.75
2026-04-16,2026-05-05,22100,CE,2095.4,2105.25,2077.3,2077.3,2166.6,7,715,-455,24196.75
2026-04-16,2026-05-05,21650,CE,0.0,0.0,0.0,1512.1,2612.75,0,0,0,24196.75
2026-04-16,2026-06-30,21650,CE,0.0,0.0,0.0,1569.9,2869.7,0,65,0,24196.75
2026-04-16,2026-06-30,22000,CE,2735.0,2735.0,2506.0,2575.55,2575.55,98,117715,390,24196.75
2026-04-16,2026-06-30,22150,CE,0.0,0.0,0.0,1713.15,2418.6,0,325,0,24196.75
2026-04-16,2026-06-30,22850,CE,0.0,0.0,0.0,1612.2,1832.9,0,1365,0,24196.75
2026-04-16,2026-06-30,24200,CE,936.0,973.95,826.55,860.25,860.25,246,15080,3965,24196.75
2026-04-16,2026-06-30,24700,CE,660.0,663.3,544.5,573.45,573.45,139,15600,1365,24196.75
2026-04-16,2026-06-30,25000,CE,480.6,501.0,400.0,427.35,427.35,10963,3314175,-118105,24196.75
2026-04-16,2026-06-30,25250,CE,387.7,393.95,311.5,332.35,332.35,75,4355,1885,24196.75
2026-04-16,2026-06-30,25450,CE,312.75,315.3,248.2,264.25,264.25,108,4550,3445,24196.75
2026-04-16,2026-06-30,27000,CE,42.3,43.95,35.9,39.45,39.45,5218,3142160,30210,24196.75
2026-04-16,2026-09-29,33000,CE,15.0,15.0,13.7,14.05,14.05,35,22230,1105,24196.75
2026-04-16,2027-03-30,22500,CE,0.0,0.0,0.0,2250.35,3489.9,0,0,0,24196.75
2026-04-16,2027-06-29,24000,CE,0.0,0.0,0.0,2639.95,2914.95,0,735,0,24196.75
2026-04-16,2027-12-28,28500,CE,1080.0,1080.0,1080.0,1080.0,1631.05,1,4810,65,24196.75
2026-04-16,2027-12-28,34500,CE,0.0,0.0,0.0,152.0,445.85,0,0,0,24196.75
2026-04-16,2028-06-27,27000,CE,0.0,0.0,0.0,2885.15,2822.45,0,0,0,24196.75
2026-04-16,2026-05-05,20950,CE,0.0,0.0,0.0,2153.0,3310.05,0,0,0,24196.75
2026-04-16,2026-05-05,20650,CE,0.0,0.0,0.0,2441.45,3609.15,0,0,0,24196.75
2026-04-16,2026-05-05,20600,CE,0.0,0.0,0.0,2490.0,3659.0,0,0,0,24196.75
2026-04-16,2026-05-05,20500,CE,0.0,0.0,0.0,2587.4,3758.7,0,0,0,24196.75
2026-04-16,2026-05-05,20100,CE,0.0,0.0,0.0,2979.95,4157.45,0,0,0,24196.75
2026-04-16,2026-04-28,26500,CE,2.75,3.0,1.9,2.1,2.1,10610,1471145,66430,24196.75
2026-04-16,2026-04-28,25900,CE,5.65,6.15,4.5,4.7,4.7,6072,154115,-14300,24196.75
2026-04-16,2026-04-28,25250,CE,26.05,29.0,18.05,20.7,20.7,6261,109915,19240,24196.75
2026-04-16,2026-04-28,24550,CE,204.5,214.35,126.85,148.75,148.75,7466,158275,28795,24196.75
2026-04-16,2026-04-28,24250,CE,360.0,381.15,244.5,280.55,280.55,19230,427440,26455,24196.75
2026-04-16,2026-04-28,23900,CE,599.0,630.95,440.3,496.8,496.8,5523,403780,-42965,24196.75
2026-04-16,2026-04-28,23500,CE,918.1,965.0,735.3,797.35,797.35,9558,1441505,-131040,24196.75
2026-04-16,2026-04-28,23300,CE,1098.95,1148.9,907.45,969.25,969.25,649,221975,-11440,24196.75
2026-04-16,2026-04-28,22850,CE,1550.0,1550.0,1367.0,1409.0,1399.75,46,297310,-390,24196.75
2026-04-16,2026-04-28,21100,CE,0.0,0.0,0.0,2819.0,3137.05,0,455,0,24196.75
2026-04-16,2029-12-24,34500,CE,0.0,0.0,0.0,2377.55,2092.05,0,0,0,24196.75
2026-04-16,2030-12-31,15000,CE,0.0,0.0,0.0,14862.95,13068.1,0,0,0,24196.75
2026-04-16,2030-12-31,21000,CE,0.0,0.0,0.0,10552.5,9013.1,0,0,0,24196.75
2026-04-16,2026-04-21,20400,PE,1.25,1.35,0.6,0.75,0.75,3200,54665,-7020,24196.75
2026-04-16,2026-04-21,26200,CE,0.9,0.9,0.55,0.6,0.6,2828,56940,42900,24196.75
2026-04-16,2026-04-21,26150,CE,0.95,0.95,0.6,0.65,0.65,12964,163280,-83785,24196.75
2026-04-16,2026-04-21,25850,CE,1.05,1.25,0.75,0.85,0.85,14299,204360,63765,24196.75
2026-04-16,2026-04-21,25500,CE,2.1,2.4,1.4,1.5,1.5,512663,8360365,3564470,24196.75
2026-04-16,2026-04-21,20700,PE,1.7,1.8,0.75,1.05,1.05,18001,111150,-55770,24196.75
2026-04-16,2026-04-21,20850,PE,1.15,1.7,0.6,0.9,0.9,1229,10400,-5330,24196.75
2026-04-16,2026-04-21,21500,PE,2.4,2.4,1.05,1.25,1.25,78453,3241875,-142545,24196.75
2026-04-16,2026-04-21,21800,PE,2.45,2.6,1.05,1.25,1.25,41081,670215,-233935,24196.75
2026-04-16,2026-04-21,22700,PE,4.7,5.45,2.25,2.6,2.6,169618,1957930,-19110,24196.75
2026-04-16,2026-04-21,24600,PE,395.7,541.75,307.0,451.8,451.8,52076,169130,48555,24196.75
2026-04-16,2026-04-21,24800,PE,501.2,719.35,455.0,627.85,627.85,11016,76635,20085,24196.75
2026-04-16,2026-04-21,24900,PE,596.4,814.1,540.0,719.1,719.1,5546,34905,13000,24196.75
2026-04-16,2026-04-21,25400,CE,3.0,3.15,1.65,1.85,1.85,291413,2379910,1071590,24196.75
2026-04-16,2026-04-21,25000,CE,12.0,16.8,6.55,7.45,7.45,903709,9752925,1299025,24196.75
2026-04-16,2026-04-21,24650,CE,72.0,78.0,27.05,34.75,34.75,409944,1462110,725920,24196.75
2026-04-16,2026-04-21,23350,CE,888.6,1033.8,773.25,840.7,840.7,68,20150,-455,24196.75
2026-04-16,2026-04-21,22850,CE,1525.75,1525.75,1294.95,1334.8,1334.8,8,5265,-130,24196.75
2026-04-16,2026-04-21,25450,PE,0.0,0.0,0.0,1210.0,1234.35,0,130,0,24196.75
2026-04-16,2026-04-21,26100,PE,1750.0,1915.35,1727.65,1911.25,1911.25,11,1105,390,24196.75
2026-04-16,2026-04-21,26450,PE,0.0,0.0,0.0,2695.65,2232.25,0,0,0,24196.75
2026-04-16,2026-04-28,20700,PE,4.0,4.55,3.15,3.75,3.75,817,28730,520,24196.75
2026-04-16,2026-04-28,20750,PE,5.2,5.2,3.5,3.8,3.8,90,8515,0,24196.75
2026-04-16,2026-04-28,21450,PE,5.15,7.55,5.15,5.55,5.55,601,25675,715,24196.75
2026-04-16,2026-04-28,22000,PE,12.0,14.2,9.4,10.1,10.1,79965,4537975,96785,24196.75
2026-04-16,2026-04-28,22100,PE,12.15,15.8,10.0,10.95,10.95,14960,332800,-9295,24196.75
2026-04-16,2026-04-28,23400,PE,71.9,104.1,62.95,81.95,81.95,25570,559325,-241280,24196.75
2026-04-16,2026-04-28,24100,PE,254.6,309.35,186.0,261.9,261.9,33801,783705,103740,24196.75
2026-04-16,2026-04-28,24450,PE,353.85,490.95,317.65,436.6,436.6,1752,28275,8775,24196.75
2026-04-16,2026-04-28,25900,PE,1520.0,1782.25,1520.0,1782.25,1659.45,20,18980,-65,24196.75
2026-04-16,2026-04-28,26250,PE,0.0,0.0,0.0,1983.0,2004.85,0,4030,0,24196.75
2026-04-16,2026-04-28,26400,PE,2100.0,2200.0,2100.0,2200.0,2200.0,9,24570,-455,24196.75
2026-04-16,2026-04-28,26750,PE,0.0,0.0,0.0,3017.45,2502.45,0,910,0,24196.75
2026-04-16,2026-04-28,27300,PE,0.0,0.0,0.0,3200.0,3051.2,0,520,0,24196.75
2026-04-16,2026-05-05,20700,PE,8.0,9.0,8.0,9.0,9.0,3,2145,0,24196.75
2026-04-16,2026-05-05,21750,PE,18.15,20.55,16.5,16.9,0.9,71,1560,1560,24196.75
2026-04-16,2026-05-05,24100,PE,260.2,364.0,249.45,317.95,317.95,1472,34060,9360,24196.75
2026-04-16,2026-05-05,24850,PE,750.45,750.45,750.45,750.45,750.45,1,65,0,24196.75
2026-04-16,2026-05-05,25000,PE,732.05,927.95,690.05,845.15,845.15,1287,111020,50440,24196.75
2026-04-16,2026-05-05,26100,PE,0.0,0.0,0.0,2979.15,1838.5,0,0,0,24196.75
2026-04-16,2026-05-05,26350,PE,0.0,0.0,0.0,3224.6,2081.3,0,0,0,24196.75
2026-04-16,2026-05-12,21600,PE,0.0,0.0,0.0,40.45,2.15,0,0,0,24196.75
2026-04-16,2026-05-12,21650,PE,0.0,0.0,0.0,44.65,2.5,0,0,0,24196.75
2026-04-16,2026-05-12,22050,PE,0.0,0.0,0.0,92.65,7.75,0,0,0,24196.75
2026-04-16,2026-05-12,22700,PE,0.0,0.0,0.0,245.9,36.45,0,0,0,24196.75
2026-04-16,2026-05-12,22950,PE,100.25,122.0,95.0,105.8,105.8,89,4615,2470,24196.75
2026-04-16,2026-05-12,23250,PE,130.8,159.65,130.8,147.0,147.0,18,260,260,24196.75
2026-04-16,2026-05-12,24000,PE,297.05,370.3,269.25,330.5,330.5,714,14950,-520,24196.75
2026-04-16,2026-05-12,24800,PE,0.0,0.0,0.0,1591.75,751.35,0,0,0,24196.75
2026-04-16,2026-05-12,25550,PE,0.0,0.0,0.0,2289.0,1332.7,0,0,0,24196.75
2026-04-16,2026-05-12,25700,PE,0.0,0.0,0.0,2433.55,1463.55,0,0,0,24196.75
2026-04-16,2026-05-12,25900,PE,0.0,0.0,0.0,2627.9,1643.4,0,0,0,24196.75
2026-04-16,2026-05-12,26350,PE,0.0,0.0,0.0,3069.55,2064.8,0,0,0,24196.75
2026-04-16,2026-05-12,26450,PE,0.0,0.0,0.0,3168.2,2160.7,0,0,0,24196.75
2026-04-16,2026-05-19,22100,PE,0.0,0.0,0.0,36.7,16.7,0,0,0,24196.75
2026-04-16,2026-05-19,22500,PE,0.0,0.0,0.0,75.3,37.95,0,0,0,24196.75
2026-04-16,2026-05-19,22800,PE,0.0,0.0,0.0,121.4,65.6,0,0,0,24196.75
2026-04-16,2026-05-19,23100,PE,0.0,0.0,0.0,187.6,107.65,0,0,0,24196.75
2026-04-16,2026-05-19,24000,PE,325.0,410.0,320.0,365.75,365.75,63,1755,1690,24196.75
2026-04-16,2026-05-19,25150,PE,0.0,0.0,0.0,1306.15,1023.05,0,0,0,24196.75
2026-04-16,2026-05-19,25250,PE,0.0,0.0,0.0,1388.4,1098.25,0,0,0,24196.75
2026-04-16,2026-05-19,25750,PE,0.0,0.0,0.0,1823.9,1504.7,0,0,0,24196.75
2026-04-16,2026-05-19,25800,PE,0.0,0.0,0.0,1869.25,1547.85,0,0,0,24196.75
2026-04-16,2026-05-19,26500,PE,0.0,0.0,0.0,2527.7,2184.55,0,0,0,24196.75
2026-04-16,2026-05-19,26550,PE,0.0,0.0,0.0,2575.95,2231.8,0,0,0,24196.75
2026-04-16,2026-05-26,20600,PE,0.0,0.0,0.0,0.35,0.8,0,0,0,24196.75
2026-04-16,2026-05-26,22000,PE,79.95,84.7,69.2,73.2,73.2,11842,872365,72345,24196.75
2026-04-16,2026-05-26,22200,PE,87.0,100.45,81.75,87.05,87.05,1431,70460,-2730,24196.75
2026-04-16,2026-05-26,24100,PE,385.0,481.5,372.85,436.65,436.65,1144,59020,4225,24196.75
2026-04-16,2026-05-26,24450,PE,496.0,619.25,493.0,578.05,578.05,86,6370,1430,24196.75
2026-04-16,2026-05-26,26700,PE,0.0,0.0,0.0,2477.5,2358.05,0,1040,0,24196.75
2026-04-16,2026-05-26,27100,PE,0.0,0.0,0.0,3531.95,2738.45,0,65,0,24196.75
2026-04-16,2026-05-26,27150,PE,0.0,0.0,0.0,3582.1,2786.6,0,65,0,24196.75
2026-04-16,2026-06-30,20450,PE,0.0,0.0,0.0,86.9,7.1,0,0,0,24196.75
2026-04-16,2026-06-30,21000,PE,92.25,93.85,80.0,83.05,83.05,6002,1487460,-23595,24196.75
2026-04-16,2026-06-30,21350,PE,0.0,0.0,0.0,236.9,30.8,0,0,0,24196.75
2026-04-16,2026-06-30,21550,PE,0.0,0.0,0.0,287.9,41.05,0,0,0,24196.75
2026-04-16,2026-06-30,23200,PE,295.0,325.65,278.25,301.15,301.15,147,11375,3185,24196.75
2026-04-16,2026-06-30,23300,PE,295.0,348.6,287.95,323.85,323.85,135,9230,1235,24196.75
2026-04-16,2026-06-30,26000,PE,1485.0,1657.0,1446.65,1589.55,1589.55,420,2310265,5020,24196.75
2026-04-16,2026-06-30,26450,PE,0.0,0.0,0.0,3673.3,2098.4,0,0,0,24196.75
2026-04-16,2026-06-30,33000,PE,8300.0,8300.0,8300.0,8300.0,8382.9,1,195,65,24196.75
2026-04-16,2026-09-29,21000,PE,167.15,179.15,161.9,166.0,166.0,4643,391625,67210,24196.75
2026-04-16,2026-12-29,16500,PE,0.0,0.0,0.0,0.1,1.65,0,0,0,24196.75
2026-04-16,2026-12-29,18000,PE,98.6,103.7,93.3,95.9,95.9,618,144370,6890,24196.75
2026-04-16,2026-12-29,28000,PE,2540.05,2710.0,2499.95,2681.8,2681.8,549,662660,8805,24196.75
2026-04-16,2027-03-30,30000,PE,0.0,0.0,0.0,5754.5,4517.9,0,0,0,24196.75
2026-04-16,2027-06-29,28500,PE,0.0,0.0,0.0,1807.05,3268.7,0,0,0,24196.75
2026-04-16,2027-12-28,21000,PE,440.0,477.6,440.0,468.85,468.85,8,5185,325,24196.75
2026-04-16,2028-12-26,18000,PE,0.0,0.0,0.0,250.0,126.8,0,75,0,24196.75
2026-04-16,2028-12-26,19500,PE,0.0,0.0,0.0,49.0,246.3,0,0,0,24196.75
2026-04-16,2028-12-26,33000,PE,0.0,0.0,0.0,3315.4,5187.95,0,0,0,24196.75
2026-04-16,2029-06-26,18000,PE,0.0,0.0,0.0,118.45,146.2,0,0,0,24196.75
2026-04-16,2029-12-24,26000,PE,0.0,0.0,0.0,1551.0,1558.2,0,3665,0,24196.75
2026-04-16,2029-12-24,33000,PE,0.0,0.0,0.0,2953.7,4482.8,0,0,0,24196.75
2026-04-16,2030-06-25,27000,PE,0.0,0.0,0.0,1286.05,1787.95,0,0,0,24196.75
2026-04-16,2030-06-25,34500,PE,0.0,0.0,0.0,3237.2,4927.3,0,0,0,24196.75
2026-04-16,2030-12-31,18000,PE,0.0,0.0,0.0,32.3,180.75,0,0,0,24196.75
2026-04-16,2030-12-31,25500,PE,0.0,0.0,0.0,538.25,1299.25,0,0,0,24196.75
2026-04-16,2026-05-05,24250,CE,445.05,472.9,335.35,372.6,372.6,491,20865,4225,24196.75
2026-04-16,2026-05-05,24050,CE,570.0,598.75,445.85,508.0,505.45,92,10855,2990,24196.75
2026-04-16,2026-05-05,23650,CE,846.0,846.0,846.0,846.0,769.6,2,3380,-130,24196.75
2026-04-16,2026-05-05,23150,CE,1273.25,1273.25,1273.25,1273.25,1172.7,1,130,0,24196.75
2026-04-16,2026-04-28,26350,CE,3.2,3.65,2.0,2.7,2.7,340,30810,1040,24196.75
2026-04-16,2026-04-28,26400,CE,2.9,3.65,2.05,2.3,2.3,4442,561470,-8255,24196.75
2026-04-16,2026-05-05,20750,CE,0.0,0.0,0.0,2344.75,3509.45,0,0,0,24196.75
2026-04-16,2026-05-05,22700,CE,1734.55,1734.55,1514.85,1563.5,1563.5,5,1495,-130,24196.75
2026-04-16,2026-05-05,22950,CE,0.0,0.0,0.0,1175.85,1351.45,0,65,0,24196.75
2026-04-16,2026-05-05,23250,CE,1056.7,1056.7,1056.7,1056.7,1086.5,1,1365,65,24196.75
2026-04-16,2026-05-05,23300,CE,1187.95,1187.95,1000.0,1000.0,1044.3,16,2340,195,24196.75
2026-04-16,2026-05-05,23950,CE,662.45,680.0,510.0,547.35,547.35,53,7735,-325,24196.75
2026-04-16,2026-05-05,24350,CE,389.05,412.05,288.8,319.8,319.8,519,23920,13000,24196.75
2026-04-16,2026-05-05,24600,CE,257.2,276.25,184.35,209.65,209.65,1820,40365,13260,24196.75
2026-04-16,2026-05-05,24900,CE,145.5,152.6,101.15,116.15,116.15,1034,24180,9100,24196.75
2026-04-16,2026-05-05,25400,CE,43.25,46.05,32.0,38.4,38.4,664,26715,12805,24196.75
2026-04-16,2026-05-05,26350,CE,5.2,8.45,5.2,6.75,6.75,80,3380,3380,24196.75
2026-04-16,2026-05-12,21450,CE,0.0,0.0,0.0,1834.05,2836.7,0,0,0,24196.75
2026-04-16,2026-05-12,21850,CE,0.0,0.0,0.0,1471.9,2441.45,0,0,0,24196.75
2026-04-16,2026-05-12,22600,CE,0.0,0.0,0.0,876.1,1719.45,0,0,0,24196.75
2026-04-16,2026-05-12,22750,CE,0.0,0.0,0.0,774.75,1581.2,0,0,0,24196.75
2026-04-16,2026-05-12,23150,CE,0.0,0.0,0.0,539.05,1230.0,0,0,0,24196.75
2026-04-16,2026-05-12,24450,CE,388.85,388.85,388.35,388.35,382.75,2,130,130,24196.75
2026-04-16,2026-05-12,24650,CE,297.85,297.85,239.1,253.85,302.3,6,260,260,24196.75
2026-04-16,2026-05-12,24800,CE,238.2,260.7,182.05,201.15,201.15,85,6045,585,24196.75
2026-04-16,2026-05-12,25250,CE,107.6,107.6,82.4,90.7,134.9,9,455,390,24196.75
2026-04-16,2026-05-12,25400,CE,77.65,78.8,57.95,64.75,107.6,41,3250,1430,24196.75
2026-04-16,2026-05-12,25800,CE,31.5,31.5,26.45,29.45,29.45,48,2535,2210,24196.75
2026-04-16,2026-05-12,26400,CE,9.65,12.95,8.35,12.95,18.45,55,325,325,24196.75
2026-04-16,2026-05-19,22500,CE,0.0,0.0,0.0,1542.95,1861.25,0,0,0,24196.75
2026-04-16,2026-05-19,23000,CE,0.0,0.0,0.0,1133.0,1417.95,0,0,0,24196.75
2026-04-16,2026-05-19,23750,CE,0.0,0.0,0.0,634.55,847.1,0,0,0,24196.75
2026-04-16,2026-05-19,24200,CE,630.0,657.8,517.2,552.6,552.6,114,6110,6110,24196.75
2026-04-16,2026-05-19,24250,CE,0.0,0.0,0.0,394.8,552.7,0,0,0,24196.75
2026-04-16,2026-05-19,24500,CE,466.45,474.65,355.25,390.25,390.25,269,12740,12740,24196.75
2026-04-16,2026-05-19,24750,CE,268.7,282.0,259.8,279.25,279.25,9,520,520,24196.75
2026-04-16,2026-05-19,25500,CE,83.6,83.6,66.0,74.05,74.05,16,390,390,24196.75
2026-04-16,2026-05-19,25900,CE,0.0,0.0,0.0,47.4,77.65,0,0,0,24196.75
2026-04-16,2026-05-19,26450,CE,0.0,0.0,0.0,19.2,33.0,0,0,0,24196.75
2026-04-16,2026-05-26,20100,CE,0.0,0.0,0.0,2849.2,4233.9,0,65,0,24196.75
2026-04-16,2026-05-26,20850,CE,0.0,0.0,0.0,2629.3,3490.4,0,195,0,24196.75
2026-04-16,2026-05-26,20900,CE,0.0,0.0,0.0,2587.2,3440.95,0,195,0,24196.75
2026-04-16,2026-05-26,21500,CE,2950.0,2950.0,2780.85,2874.95,2850.9,7,4485,0,24196.75
2026-04-16,2026-05-26,22000,CE,2504.35,2576.35,2225.95,2392.9,2392.9,2095,167375,50180,24196.75
2026-04-16,2026-05-26,22950,CE,1664.35,1664.35,1664.35,1664.35,1512.1,1,6695,0,24196.75
2026-04-16,2026-05-26,23050,CE,1457.95,1457.95,1454.35,1454.35,1429.55,19,2470,-780,24196.75
2026-04-16,2026-05-26,24600,CE,458.0,475.35,363.65,393.55,393.55,1200,142220,3120,24196.75
2026-04-16,2026-05-26,24650,CE,424.2,448.65,341.8,370.25,370.25,122,9555,1170,24196.75
2026-04-16,2026-05-26,26300,CE,31.6,32.25,24.7,27.2,27.2,262,30355,3770,24196.75
2026-04-16,2026-05-26,26650,CE,18.95,18.95,18.5,18.75,18.75,2,9425,65,24196.75
2026-04-16,2026-06-30,21150,CE,0.0,0.0,0.0,1919.45,3339.0,0,65,0,24196.75
2026-04-16,2026-06-30,22050,CE,2400.0,2400.0,2400.0,2400.0,2506.95,1,325,0,24196.75
2026-04-16,2026-06-30,23050,CE,0.0,0.0,0.0,1728.3,1678.25,0,1560,0,24196.75
2026-04-16,2026-06-30,23100,CE,0.0,0.0,0.0,1441.0,1640.55,0,7800,0,24196.75
2026-04-16,2026-06-30,23400,CE,1554.7,1554.7,1554.7,1554.7,1423.25,1,4420,0,24196.75
2026-04-16,2026-06-30,23500,CE,1427.7,1477.15,1281.95,1333.55,1333.55,306,77740,6045,24196.75
2026-04-16,2026-06-30,23900,CE,1166.0,1170.05,1010.25,1054.0,1054.0,53,3900,-780,24196.75
2026-04-16,2026-06-30,24900,CE,534.15,551.65,444.0,480.5,480.5,180,17940,-1040,24196.75
2026-04-16,2026-06-30,25800,CE,201.2,207.95,158.0,169.25,169.25,679,28860,16380,24196.75
2026-04-16,2026-06-30,25950,CE,167.8,170.45,129.9,140.8,140.8,201,6045,-1105,24196.75
2026-04-16,2026-06-30,28500,CE,15.25,15.95,13.1,13.3,13.3,279,71305,-2340,24196.75
2026-04-16,2026-06-30,33000,CE,4.85,4.85,3.3,3.3,0.05,34,46735,0,24196.75
2026-04-16,2026-09-29,31500,CE,22.0,22.0,22.0,22.0,28.8,1,975,0,24196.75
2026-04-16,2026-12-29,16000,CE,0.0,0.0,0.0,6200.0,8885.3,0,50,0,24196.75
2026-04-16,2026-12-29,29000,CE,114.05,117.65,106.05,108.75,108.75,492,380325,-900,24196.75
2026-04-16,2027-03-30,18000,CE,0.0,0.0,0.0,5643.55,7261.1,0,0,0,24196.75
2026-04-16,2027-06-29,27000,CE,0.0,0.0,0.0,1932.5,1497.65,0,0,0,24196.75
2026-04-16,2027-12-28,15000,CE,0.0,0.0,0.0,7931.05,10714.85,0,0,0,24196.75
2026-04-16,2027-12-28,24000,CE,3738.95,3738.95,3600.0,3644.95,3651.55,14,12805,-390,24196.75
2026-04-16,2028-12-26,24000,CE,0.0,0.0,0.0,5850.3,4973.35,0,0,0,24196.75
2026-04-16,2028-12-26,30000,CE,0.0,0.0,0.0,1650.05,2307.25,0,9410,0,24196.75
2026-04-16,2026-04-21,26550,CE,0.7,1.2,0.45,0.5,0.5,30378,443170,421850,24196.75
2026-04-16,2026-04-21,26500,CE,0.7,0.8,0.45,0.5,0.5,31306,596895,489970,24196.75
2026-04-16,2026-04-21,26300,CE,0.8,0.95,0.5,0.6,0.6,9713,163930,151515,24196.75
2026-04-16,2026-04-21,25650,CE,1.3,1.6,0.9,0.95,0.95,38123,815035,66625,24196.75
2026-04-16,2026-04-21,24450,CE,130.0,156.05,61.25,79.4,79.4,546500,1545635,870740,24196.75
2026-04-16,2026-04-21,23750,CE,663.2,667.25,418.5,487.8,487.8,3279,122395,-26845,24196.75
2026-04-16,2026-04-21,22650,CE,0.0,0.0,0.0,1191.9,1564.85,0,1560,0,24196.75
2026-04-16,2026-04-21,21450,CE,2925.85,2925.85,2849.6,2849.6,2763.85,2,65,65,24196.75
2026-04-16,2026-04-21,20800,CE,0.0,0.0,0.0,2921.45,3413.3,0,0,0,24196.75
2026-04-16,2026-04-21,20600,CE,0.0,0.0,0.0,3119.75,3613.15,0,0,0,24196.75
2026-04-16,2026-04-21,20350,CE,0.0,0.0,0.0,3367.85,3862.95,0,0,0,24196.75
2026-04-16,2029-06-26,33000,CE,0.0,0.0,0.0,4179.45,1979.8,0,0,0,24196.75
2026-04-16,2030-06-25,18000,CE,0.0,0.0,0.0,12423.9,10514.3,0,0,0,24196.75
2026-04-16,2030-06-25,28500,CE,0.0,0.0,0.0,5382.85,4549.05,0,0,0,24196.75
2026-04-16,2026-04-21,22600,PE,3.35,4.8,0.05,2.15,2.15,163893,2140060,1009385,24196.75
2026-04-16,2026-04-21,22650,PE,4.3,5.15,2.05,2.45,2.45,62184,369200,-46085,24196.75
2026-04-16,2026-04-21,23100,PE,16.0,16.0,6.05,6.75,6.75,308818,1687270,-345215,24196.75
2026-04-16,2026-04-21,23850,PE,85.0,104.35,45.0,73.25,73.25,328248,1063595,135005,24196.75
2026-04-16,2026-04-21,24000,PE,84.0,154.9,68.2,113.5,113.5,1429334,4167410,1173705,24196.75
2026-04-16,2026-04-21,24250,PE,174.0,281.0,133.3,217.7,217.7,768072,1023945,-343330,24196.75
2026-04-16,2026-04-21,24550,PE,341.6,498.1,275.1,415.1,415.1,25118,87685,24635,24196.75
2026-04-16,2026-04-21,25050,PE,709.95,960.15,690.85,870.85,870.85,68,1365,1040,24196.75
2026-04-16,2026-04-28,20600,PE,3.5,4.35,3.25,3.55,3.55,1424,36465,6500,24196.75
2026-04-16,2026-04-28,20950,PE,4.25,4.75,3.85,4.4,4.4,24,3315,-65,24196.75
2026-04-16,2026-04-28,21650,PE,6.7,9.2,6.1,6.7,6.7,392,18200,1235,24196.75
2026-04-16,2026-04-28,22300,PE,18.7,19.85,12.15,14.4,14.4,26957,821145,-183430,24196.75
2026-04-16,2026-04-28,22700,PE,25.2,34.85,23.05,25.3,25.3,19584,723775,-83330,24196.75
2026-04-16,2026-04-28,22800,PE,28.0,40.75,26.5,29.75,29.75,33840,983320,2860,24196.75
2026-04-16,2026-04-28,23000,PE,28.0,55.7,28.0,42.1,42.1,92571,4353895,-153075,24196.75
2026-04-16,2026-04-28,23350,PE,74.15,95.35,58.45,75.35,75.35,2657,53885,-11440,24196.75
2026-04-16,2026-04-28,23700,PE,111.7,168.35,99.45,138.0,138.0,23815,773630,134485,24196.75
2026-04-16,2026-04-28,23800,PE,141.45,197.55,116.0,163.1,163.1,42308,1247740,312650,24196.75
2026-04-16,2026-04-28,23900,PE,159.85,230.35,136.4,191.75,191.75,29769,1071655,391300,24196.75
2026-04-16,2026-04-28,24000,PE,187.85,266.5,158.15,225.0,225.0,128254,4380350,88660,24196.75
2026-04-16,2026-04-28,24250,PE,265.55,382.0,234.6,325.45,325.45,16504,164060,17745,24196.75
2026-04-16,2026-04-28,24800,PE,550.0,747.0,519.0,671.05,671.05,1569,214240,14625,24196.75
2026-04-16,2026-04-28,25000,PE,700.05,918.55,666.0,839.4,839.4,9184,1922180,-39780,24196.75
2026-04-16,2026-04-28,25200,PE,870.0,1075.0,834.05,1027.45,1027.45,261,64545,-4420,24196.75
2026-04-16,2026-04-28,26200,PE,1825.0,2000.05,1815.6,1976.7,1976.7,136,277290,-2275,24196.75
2026-04-16,2026-04-28,26650,PE,0.0,0.0,0.0,2548.85,2402.75,0,520,0,24196.75
2026-04-16,2026-04-28,24100,CE,464.0,481.75,320.85,362.8,362.8,24268,839800,76960,24196.75
2026-04-16,2030-12-31,22500,PE,0.0,0.0,0.0,219.35,685.35,0,0,0,24196.75
2026-04-16,2026-05-05,20500,PE,7.5,8.45,5.7,6.1,6.1,247,15405,6890,24196.75
2026-04-16,2026-05-05,21500,PE,14.65,17.0,12.15,12.55,12.55,868,31915,14430,24196.75
2026-04-16,2026-05-05,22500,PE,42.65,51.45,37.2,41.05,41.05,2956,109395,9555,24196.75
2026-04-16,2026-05-05,22600,PE,0.0,0.0,0.0,287.5,14.35,0,0,0,24196.75
2026-04-16,2026-05-05,22750,PE,54.35,69.35,49.75,55.8,55.8,1563,36855,31330,24196.75
2026-04-16,2026-05-05,22850,PE,0.0,0.0,0.0,384.95,27.7,0,0,0,24196.75
2026-04-16,2026-05-05,24000,PE,240.25,327.65,221.9,284.55,284.55,7458,221910,9230,24196.75
2026-04-16,2026-05-05,24050,PE,244.25,343.0,243.25,301.05,301.05,114,6565,1105,24196.75
2026-04-16,2026-05-05,24250,PE,325.0,426.4,295.85,382.8,382.8,435,13845,4875,24196.75
2026-04-16,2026-05-05,24550,PE,436.05,588.0,423.7,530.45,545.15,116,3965,3900,24196.75
2026-04-16,2026-05-05,24900,PE,622.0,622.0,622.0,622.0,783.95,4,1040,260,24196.75
2026-04-16,2026-05-05,25800,PE,1520.0,1530.0,1520.0,1530.0,1553.35,2,130,130,24196.75
2026-04-16,2026-05-05,25850,PE,0.0,0.0,0.0,2735.05,1600.25,0,0,0,24196.75
2026-04-16,2026-05-05,26300,PE,0.0,0.0,0.0,3175.4,2032.45,0,0,0,24196.75
2026-04-16,2026-05-12,21250,PE,0.0,0.0,0.0,19.3,0.7,0,0,0,24196.75
2026-04-16,2026-05-12,22200,PE,0.0,0.0,0.0,118.65,11.45,0,0,0,24196.75
2026-04-16,2026-05-12,22400,PE,0.0,0.0,0.0,161.55,18.65,0,0,0,24196.75
2026-04-16,2026-05-12,22450,PE,0.0,0.0,0.0,174.75,20.95,0,0,0,24196.75
2026-04-16,2026-05-12,23550,PE,0.0,0.0,0.0,638.2,170.75,0,0,0,24196.75
2026-04-16,2026-05-12,23750,PE,0.0,0.0,0.0,764.05,227.6,0,0,0,24196.75
2026-04-16,2026-05-12,24100,PE,315.0,404.0,315.0,371.15,371.15,72,4030,2015,24196.75
2026-04-16,2026-05-12,24150,PE,0.0,0.0,0.0,373.45,382.65,0,65,0,24196.75
2026-04-16,2026-05-12,24250,PE,361.05,458.35,361.05,416.05,416.05,21,1300,1040,24196.75
2026-04-16,2026-05-12,24500,PE,451.05,602.95,447.0,549.2,549.2,1415,40755,37830,24196.75
2026-04-16,2026-05-12,24700,PE,0.0,0.0,0.0,1503.55,685.5,0,0,0,24196.75
2026-04-16,2026-05-12,25050,PE,0.0,0.0,0.0,1818.0,930.25,0,0,0,24196.75
2026-04-16,2026-05-12,25950,PE,0.0,0.0,0.0,2676.7,1689.2,0,0,0,24196.75
2026-04-16,2026-05-19,23050,PE,0.0,0.0,0.0,174.35,99.45,0,0,0,24196.75
2026-04-16,2026-05-19,23950,PE,0.0,0.0,0.0,503.8,338.8,0,0,0,24196.75
2026-04-16,2026-05-19,24800,PE,0.0,0.0,0.0,1034.0,780.4,0,0,0,24196.75
2026-04-16,2026-05-19,24900,PE,0.0,0.0,0.0,1109.15,846.4,0,0,0,24196.75
2026-04-16,2026-05-19,25000,PE,0.0,0.0,0.0,850.2,915.1,0,65,0,24196.75
2026-04-16,2026-05-19,25300,PE,0.0,0.0,0.0,1430.25,1136.6,0,0,0,24196.75
2026-04-16,2026-05-19,25450,PE,0.0,0.0,0.0,1558.15,1254.95,0,0,0,24196.75
2026-04-16,2026-05-19,25500,PE,0.0,0.0,0.0,1601.6,1295.45,0,0,0,24196.75
2026-04-16,2026-05-26,20450,PE,0.0,0.0,0.0,0.25,0.5,0,0,0,24196.75
2026-04-16,2026-05-26,20550,PE,0.0,0.0,0.0,0.3,0.65,0,0,0,24196.75
2026-04-16,2026-05-26,21000,PE,39.9,39.9,33.25,33.95,33.95,5767,651105,51480,24196.75
2026-04-16,2026-05-26,22950,PE,155.1,184.75,150.65,165.05,165.05,175,8840,455,24196.75
2026-04-16,2026-05-26,23150,PE,181.8,215.65,177.0,196.7,196.7,56,7215,-130,24196.75
2026-04-16,2026-05-26,23500,PE,260.0,295.8,231.05,264.05,264.05,8864,957320,83070,24196.75
2026-04-16,2026-05-26,23750,PE,290.15,352.7,284.0,327.55,327.55,123,8385,2275,24196.75
2026-04-16,2026-05-26,24500,PE,521.2,658.8,512.15,601.75,601.75,8646,651300,76700,24196.75
2026-04-16,2026-05-26,24550,PE,550.0,633.7,534.65,618.75,618.75,51,3770,260,24196.75
2026-04-16,2026-05-26,24850,PE,680.0,778.3,680.0,778.3,842.4,3,5005,65,24196.75
2026-04-16,2026-05-26,25050,PE,822.65,822.65,791.7,822.0,975.3,5,2015,-130,24196.75
2026-04-16,2030-12-31,16500,PE,0.0,0.0,0.0,13.65,100.1,0,0,0,24196.75
2026-04-16,2026-05-26,26000,PE,1532.6,1751.85,1500.0,1670.0,1670.0,915,225160,45110,24196.75
2026-04-16,2026-05-26,26950,PE,0.0,0.0,0.0,3394.1,2594.75,0,65,0,24196.75
2026-04-16,2026-05-26,27200,PE,0.0,0.0,0.0,2800.0,2834.85,0,325,0,24196.75
2026-04-16,2026-06-30,16000,PE,12.05,13.95,11.25,12.8,12.8,497,205545,2275,24196.75
2026-04-16,2026-06-30,20650,PE,0.0,0.0,0.0,110.85,10.1,0,0,0,24196.75
2026-04-16,2026-06-30,21050,PE,0.0,0.0,0.0,174.0,19.55,0,0,0,24196.75
2026-04-16,2026-06-30,21200,PE,0.0,0.0,0.0,203.65,24.65,0,0,0,24196.75
2026-04-16,2026-06-30,21400,PE,0.0,0.0,0.0,248.8,33.15,0,0,0,24196.75
2026-04-16,2026-06-30,21500,PE,105.0,121.0,104.9,109.35,109.35,2017,204165,-910,24196.75
2026-04-16,2026-06-30,21950,PE,0.0,0.0,0.0,409.75,69.95,0,0,0,24196.75
2026-04-16,2026-06-30,22400,PE,175.35,199.9,174.9,180.7,180.7,62,6240,910,24196.75
2026-04-16,2026-06-30,22450,PE,181.2,203.0,181.2,197.0,127.2,18,2210,-325,24196.75
2026-04-16,2026-06-30,22600,PE,199.45,222.7,193.0,205.3,205.3,64,15145,650,24196.75
2026-04-16,2026-06-30,24650,PE,710.0,770.9,704.7,770.9,843.75,9,1300,520,24196.75
2026-04-16,2026-06-30,24900,PE,784.05,910.0,776.0,910.0,984.3,6,1885,195,24196.75
2026-04-16,2026-06-30,25100,PE,879.95,955.0,879.95,955.0,1105.45,7,3900,0,24196.75
2026-04-16,2026-06-30,25150,PE,921.55,921.55,921.55,921.55,1136.9,1,65,65,24196.75
2026-04-16,2026-06-30,25200,PE,943.95,1079.15,932.0,1072.55,1168.8,33,1105,1040,24196.75
2026-04-16,2026-06-30,25700,PE,0.0,0.0,0.0,2971.95,1512.0,0,0,0,24196.75
2026-04-16,2026-06-30,25750,PE,0.0,0.0,0.0,3017.85,1548.55,0,0,0,24196.75
2026-04-16,2026-06-30,25850,PE,0.0,0.0,0.0,3110.1,1624.1,0,0,0,24196.75
2026-04-16,2026-06-30,26150,PE,0.0,0.0,0.0,3389.85,1854.95,0,0,0,24196.75
2026-04-16,2026-09-29,19500,PE,0.0,0.0,0.0,2.4,18.6,0,0,0,24196.75
2026-04-16,2026-09-29,28500,PE,0.0,0.0,0.0,2027.55,3700.95,0,0,0,24196.75
2026-04-16,2026-09-29,31500,PE,0.0,0.0,0.0,4341.2,6450.7,0,0,0,24196.75
2026-04-16,2026-12-29,12000,PE,22.0,23.55,22.0,22.2,22.2,68,19320,-455,24196.75
2026-04-16,2026-12-29,17000,PE,66.25,74.95,66.25,73.0,73.0,186,91075,-5070,24196.75
2026-04-16,2026-12-29,33000,PE,0.0,0.0,0.0,5263.45,7442.65,0,0,0,24196.75
2026-04-16,2028-06-27,15000,PE,0.0,0.0,0.0,127.2,14.35,0,0,0,24196.75
2026-04-16,2029-12-24,21000,PE,0.0,0.0,0.0,278.8,463.0,0,0,0,24196.75
2026-04-16,2026-04-28,22050,PE,11.65,14.9,9.75,10.55,10.55,9413,72215,-121290,24196.75
2026-04-16,2026-04-28,23950,PE,160.9,247.45,147.0,207.3,207.3,5176,143715,45045,24196.75
2026-04-16,2026-04-28,24400,PE,341.15,466.9,294.95,403.8,403.8,36485,1023425,266955,24196.75
2026-04-16,2026-04-28,24850,PE,596.05,764.3,554.95,714.05,714.05,124,7540,1300,24196.75
2026-04-16,2026-04-28,25100,PE,767.0,980.55,755.0,927.05,927.05,70,34645,-585,24196.75
2026-04-16,2026-04-28,25150,PE,828.05,945.9,828.0,940.3,954.15,14,2990,-65,24196.75
2026-04-16,2026-04-28,25250,PE,925.05,1111.85,925.05,1080.0,1043.0,6,9295,0,24196.75
2026-04-16,2026-04-28,25400,PE,1020.0,1253.65,1020.0,1204.8,1204.8,119,67080,1105,24196.75
2026-04-16,2026-04-28,26000,PE,1650.0,1880.0,1607.0,1792.8,1792.8,880,1686165,-5915,24196.75
2026-04-16,2026-05-05,21050,PE,11.8,12.3,9.25,9.25,9.25,34,1885,195,24196.75
2026-04-16,2026-05-05,22050,PE,20.7,27.55,20.7,22.7,22.7,156,2015,2015,24196.75
2026-04-16,2026-05-05,22150,PE,23.3,32.5,23.3,25.2,25.2,83,2665,2665,24196.75
2026-04-16,2026-05-05,22900,PE,62.45,82.15,60.3,67.55,67.55,336,13000,455,24196.75
2026-04-16,2026-05-05,23000,PE,75.0,94.75,67.0,78.7,78.7,4958,142025,29510,24196.75
2026-04-16,2026-05-05,23200,PE,90.75,122.05,83.35,100.85,100.85,1257,33280,14235,24196.75
2026-04-16,2026-05-05,23300,PE,102.85,134.1,92.95,115.25,115.25,511,18330,6110,24196.75
2026-04-16,2026-05-05,23600,PE,147.35,196.3,135.0,171.0,171.0,758,19565,1235,24196.75
2026-04-16,2026-05-05,24300,PE,391.6,460.4,314.0,408.0,408.0,3337,128635,67080,24196.75
2026-04-16,2026-05-05,26250,PE,0.0,0.0,0.0,3126.3,1983.75,0,0,0,24196.75
2026-04-16,2026-05-05,26400,PE,0.0,0.0,0.0,3273.8,2130.2,0,0,0,24196.75
2026-04-16,2026-05-05,26450,PE,0.0,0.0,0.0,3323.05,2179.25,0,0,0,24196.75
2026-04-16,2026-05-12,21850,PE,0.0,0.0,0.0,65.2,4.5,0,0,0,24196.75
2026-04-16,2026-05-12,21900,PE,0.0,0.0,0.0,71.35,5.15,0,0,0,24196.75
2026-04-16,2026-05-12,22000,PE,0.0,0.0,0.0,85.05,6.8,0,0,0,24196.75
2026-04-16,2026-05-12,22850,PE,0.0,0.0,0.0,298.25,49.65,0,0,0,24196.75
2026-04-16,2026-05-12,23150,PE,0.0,0.0,0.0,424.45,87.6,0,0,0,24196.75
2026-04-16,2026-05-12,23850,PE,0.0,0.0,0.0,282.1,261.35,0,390,0,24196.75
2026-04-16,2026-05-12,23900,PE,302.0,328.2,282.4,304.45,304.45,107,6890,5785,24196.75
2026-04-16,2026-05-12,24400,PE,430.0,537.4,404.0,498.0,498.0,164,9100,6435,24196.75
2026-04-16,2026-05-12,24550,PE,0.0,0.0,0.0,1374.2,592.7,0,0,0,24196.75
2026-04-16,2026-05-19,22450,PE,0.0,0.0,0.0,69.15,34.45,0,0,0,24196.75
2026-04-16,2026-05-19,23000,PE,0.0,0.0,0.0,162.55,91.8,0,0,0,24196.75
2026-04-16,2026-05-19,23300,PE,0.0,0.0,0.0,242.5,145.65,0,0,0,24196.75
2026-04-16,2026-05-19,23750,PE,0.0,0.0,0.0,409.95,266.75,0,0,0,24196.75
2026-04-16,2026-05-26,20200,PE,0.0,0.0,0.0,0.15,0.25,0,0,0,24196.75
2026-04-16,2026-05-26,20900,PE,0.0,0.0,0.0,0.7,1.75,0,0,0,24196.75
2026-04-16,2026-05-26,20950,PE,0.0,0.0,0.0,0.75,2.0,0,0,0,24196.75
2026-04-16,2026-05-26,21250,PE,0.0,0.0,0.0,1.5,4.25,0,0,0,24196.75
2026-04-16,2026-05-26,21550,PE,0.0,0.0,0.0,2.8,8.5,0,0,0,24196.75
2026-04-16,2026-05-26,21900,PE,0.0,0.0,0.0,5.65,17.85,0,0,0,24196.75
2026-04-16,2026-05-26,23700,PE,268.25,346.0,268.25,313.35,313.35,1318,60385,-6955,24196.75
2026-04-16,2026-05-26,24400,PE,500.0,607.0,474.85,559.55,559.55,1461,60450,14040,24196.75
2026-04-16,2026-05-26,24650,PE,583.95,681.9,574.6,668.2,668.2,43,5525,780,24196.75
2026-04-16,2026-05-26,25750,PE,1314.3,1314.3,1314.3,1314.3,1510.6,3,1235,0,24196.75
2026-04-16,2026-05-26,25800,PE,1356.95,1360.0,1355.0,1360.0,1552.35,5,5655,0,24196.75
2026-04-16,2026-05-26,26300,PE,1834.6,1855.75,1790.6,1855.1,1989.1,19,1495,845,24196.75
2026-04-16,2026-06-30,20000,PE,56.3,61.0,52.45,55.15,55.15,3563,1615845,11300,24196.75
2026-04-16,2026-06-30,20300,PE,0.0,0.0,0.0,71.75,5.4,0,0,0,24196.75
2026-04-16,2026-06-30,21450,PE,0.0,0.0,0.0,262.0,35.6,0,0,0,24196.75
2026-04-16,2026-06-30,21600,PE,0.0,0.0,0.0,300.6,44.0,0,0,0,24196.75
2026-04-16,2026-05-12,21450,PE,0.0,0.0,0.0,29.75,1.35,0,0,0,24196.75
2026-04-16,2026-05-05,25200,PE,0.0,0.0,0.0,1171.4,1020.3,0,65,0,24196.75
2026-04-16,2026-04-21,20200,CE,0.0,0.0,0.0,3516.75,4012.85,0,0,0,24196.75
2026-04-16,2026-04-21,20700,CE,0.0,0.0,0.0,3020.55,3513.25,0,0,0,24196.75
2026-04-16,2026-04-21,21600,CE,0.0,0.0,0.0,1252.45,2613.95,0,130,0,24196.75
2026-04-16,2026-04-21,21700,CE,0.0,0.0,0.0,2289.15,2514.05,0,130,0,24196.75
2026-04-16,2026-04-21,23550,CE,763.7,856.1,593.8,661.85,661.85,880,62790,-24180,24196.75
2026-04-16,2026-04-21,24550,CE,94.0,112.0,41.15,53.2,53.2,469708,1639885,907465,24196.75
2026-04-16,2026-04-21,24600,CE,81.0,93.8,33.3,43.3,43.3,886455,3743480,875615,24196.75
2026-04-16,2026-04-21,24750,CE,49.75,52.2,17.75,21.75,21.75,363899,1767090,971945,24196.75
2026-04-16,2026-04-28,20200,CE,0.0,0.0,0.0,3575.0,4035.3,0,1560,0,24196.75
2026-04-16,2026-04-28,20300,CE,0.0,0.0,0.0,2854.0,3935.5,0,65,0,24196.75
2026-04-16,2026-04-28,20450,CE,0.0,0.0,0.0,2343.9,3785.8,0,65,0,24196.75
2026-04-16,2026-04-28,22550,CE,1795.0,1795.0,1600.0,1668.55,1692.8,45,37895,-2535,24196.75
2026-04-16,2026-04-28,22900,CE,1474.4,1515.0,1283.0,1333.8,1333.8,273,258440,-11375,24196.75
2026-04-16,2026-04-28,23200,CE,1193.6,1239.95,990.0,1057.2,1057.2,807,275080,-17940,24196.75
2026-04-16,2026-04-28,23350,CE,1076.5,1109.45,861.0,960.0,936.15,22,22945,-325,24196.75
2026-04-16,2026-04-28,23600,CE,858.0,880.75,654.5,715.6,715.6,1764,203190,-18785,24196.75
2026-04-16,2026-04-28,24300,CE,290.0,350.0,221.55,255.3,255.3,79588,1342835,386815,24196.75
2026-04-16,2026-04-28,24850,CE,93.8,101.1,57.65,68.6,68.6,7650,125320,28080,24196.75
2026-04-16,2026-04-28,25050,CE,53.0,55.0,32.3,38.45,38.45,6810,144690,28340,24196.75
2026-04-16,2026-04-28,25100,CE,41.45,46.65,27.65,32.5,32.5,27486,532025,67665,24196.75
2026-04-16,2026-04-28,25450,CE,13.0,15.7,10.8,11.85,11.85,2685,90870,-3575,24196.75
2026-04-16,2026-04-28,25500,CE,13.2,13.7,9.75,10.55,10.55,56182,2595125,144170,24196.75
2026-04-16,2026-04-28,25850,CE,6.4,6.45,4.8,5.05,5.05,2205,41665,4355,24196.75
2026-04-16,2026-04-28,26100,CE,4.2,4.85,2.85,3.4,3.4,5604,253760,40105,24196.75
2026-04-16,2026-04-28,26750,CE,0.0,0.0,0.0,4.15,0.25,0,18980,0,24196.75
2026-04-16,2026-04-28,27250,CE,2.1,3.5,1.3,1.35,1.35,465,25415,2860,24196.75
2026-04-16,2026-04-28,27400,CE,1.4,2.05,1.2,1.45,1.45,260,123890,-1170,24196.75
2026-04-16,2026-05-05,22200,CE,0.0,0.0,0.0,1954.95,2068.1,0,910,0,24196.75
2026-04-16,2026-05-05,23450,CE,1044.3,1044.3,968.25,968.25,968.25,3,2275,-65,24196.75
2026-04-16,2026-05-05,23700,CE,850.0,865.0,693.0,742.35,732.45,71,8190,-2340,24196.75
2026-04-16,2026-05-05,23800,CE,755.0,790.0,600.0,654.9,654.9,289,21840,4160,24196.75
2026-04-16,2026-05-05,23900,CE,695.0,717.95,540.0,586.0,586.0,247,27105,1040,24196.75
2026-04-16,2026-05-05,25500,CE,38.0,39.95,25.8,29.6,29.6,5374,147420,52325,24196.75
2026-04-16,2026-05-05,25800,CE,16.95,17.5,13.8,15.0,15.0,629,23660,14820,24196.75
2026-04-16,2026-05-05,26300,CE,7.55,7.7,5.4,6.1,6.1,373,11765,9945,24196.75
2026-04-16,2026-05-05,26400,CE,6.9,8.4,5.2,6.15,6.15,385,5330,3575,24196.75
2026-04-16,2026-05-12,21300,CE,0.0,0.0,0.0,1974.9,2985.55,0,0,0,24196.75
2026-04-16,2026-05-12,21650,CE,0.0,0.0,0.0,1650.15,2638.65,0,0,0,24196.75
2026-04-16,2026-05-12,22500,CE,0.0,0.0,0.0,948.3,1813.15,0,0,0,24196.75
2026-04-16,2026-05-12,22850,CE,0.0,0.0,0.0,711.05,1490.75,0,0,0,24196.75
2026-04-16,2026-05-12,23650,CE,0.0,0.0,0.0,317.3,841.55,0,0,0,24196.75
2026-04-16,2026-05-12,23800,CE,744.75,744.75,695.75,720.55,720.55,5,1235,65,24196.75
2026-04-16,2026-05-12,24350,CE,443.4,451.45,385.4,392.55,392.55,11,195,195,24196.75
2026-04-16,2026-05-12,24900,CE,219.1,219.1,152.3,172.05,172.05,90,2730,1950,24196.75
2026-04-16,2026-05-05,25650,PE,0.0,0.0,0.0,2541.3,1414.45,0,0,0,24196.75
2026-04-16,2026-05-12,25500,CE,58.05,64.95,45.9,51.55,51.55,752,28665,15665,24196.75
2026-04-16,2026-05-12,25600,CE,46.15,47.3,39.5,42.9,42.9,222,8060,6890,24196.75
2026-04-16,2026-05-12,26500,CE,9.0,11.0,9.0,10.8,10.8,24,1105,1105,24196.75
2026-04-16,2026-05-19,22400,CE,0.0,0.0,0.0,1630.55,1953.95,0,0,0,24196.75
2026-04-16,2026-05-19,22700,CE,0.0,0.0,0.0,1372.85,1679.45,0,0,0,24196.75
2026-04-16,2026-05-19,23300,CE,0.0,0.0,0.0,914.6,1173.45,0,0,0,24196.75
2026-04-16,2026-05-19,25250,CE,0.0,0.0,0.0,121.35,187.05,0,0,0,24196.75
2026-04-16,2026-05-19,26100,CE,0.0,0.0,0.0,34.5,57.55,0,0,0,24196.75
2026-04-16,2026-05-19,26150,CE,0.0,0.0,0.0,31.8,53.3,0,0,0,24196.75
2026-04-16,2026-05-19,26200,CE,0.0,0.0,0.0,29.3,49.3,0,0,0,24196.75
2026-04-16,2026-05-19,26550,CE,17.5,17.5,10.0,10.0,27.95,14,0,0,24196.75
2026-04-16,2026-05-26,22300,CE,0.0,0.0,0.0,2002.0,2086.8,0,3705,0,24196.75
2026-04-16,2026-05-26,23550,CE,1146.0,1146.0,1072.15,1072.15,1072.15,4,2860,0,24196.75
2026-04-16,2026-05-26,24550,CE,495.35,506.0,401.0,415.3,415.3,160,10530,2080,24196.75
2026-04-16,2026-05-26,24700,CE,409.95,423.05,320.95,346.3,346.3,1256,95355,10660,24196.75
2026-04-16,2026-05-26,24800,CE,357.65,373.75,280.1,304.05,304.05,2000,195455,30290,24196.75
2026-04-16,2026-05-26,25250,CE,190.0,192.65,141.35,156.4,156.4,272,6435,-2990,24196.75
2026-04-16,2026-05-26,25600,CE,100.3,105.0,77.95,87.0,87.0,1889,82290,31395,24196.75
2026-04-16,2026-05-26,26150,CE,37.8,37.8,32.3,33.4,79.7,27,3315,65,24196.75
2026-04-16,2026-05-26,26250,CE,33.9,35.0,27.25,29.5,69.65,61,5590,2275,24196.75
2026-04-16,2026-05-26,26600,CE,20.8,20.8,16.75,17.8,17.8,67,22685,-1040,24196.75
2026-04-16,2026-05-26,27150,CE,12.5,12.7,8.65,10.35,10.35,66,4745,520,24196.75
2026-04-16,2026-06-30,20600,CE,0.0,0.0,0.0,3500.0,3868.45,0,390,0,24196.75
2026-04-16,2026-06-30,21100,CE,0.0,0.0,0.0,1792.85,3386.7,0,0,0,24196.75
2026-04-16,2026-06-30,21350,CE,0.0,0.0,0.0,1777.65,3149.55,0,65,0,24196.75
2026-04-16,2026-06-30,21900,CE,0.0,0.0,0.0,1369.6,2641.4,0,65,0,24196.75
2026-04-16,2026-06-30,22300,CE,0.0,0.0,0.0,1575.0,2287.95,0,520,0,24196.75
2026-04-16,2026-06-30,22750,CE,0.0,0.0,0.0,1979.7,1912.55,0,845,0,24196.75
2026-04-16,2026-06-30,22950,CE,0.0,0.0,0.0,1837.15,1754.8,0,1300,0,24196.75
2026-04-16,2026-06-30,23000,CE,1863.95,1877.6,1672.0,1726.4,1726.4,1204,700915,8125,24196.75
2026-04-16,2026-06-30,23350,CE,0.0,0.0,0.0,1512.9,1458.3,0,2600,0,24196.75
2026-04-16,2026-06-30,24100,CE,1031.95,1040.15,881.65,923.15,923.15,129,14365,5135,24196.75
2026-04-16,2026-06-30,24500,CE,754.7,779.95,640.5,677.2,677.2,3205,325845,53690,24196.75
2026-04-16,2026-06-30,25550,CE,269.35,282.35,220.4,237.2,237.2,354,15275,11180,24196.75
2026-04-16,2026-06-30,25700,CE,220.0,233.0,181.4,195.55,195.55,365,13065,6045,24196.75
2026-04-16,2026-09-29,24000,CE,1581.75,1639.5,1451.2,1497.2,1497.2,424,348920,-845,24196.75
2026-04-16,2026-09-29,25500,CE,714.8,716.15,612.1,637.6,637.6,1851,525200,-55705,24196.75
2026-04-16,2026-12-29,27000,CE,465.0,469.05,418.0,433.9,433.9,2776,856370,33725,24196.75
2026-04-16,2026-12-29,33000,CE,29.0,30.45,26.3,28.45,28.45,73,70135,1365,24196.75
2026-04-16,2027-03-30,19500,CE,0.0,0.0,0.0,4365.4,5907.05,0,0,0,24196.75
2026-04-16,2027-12-28,19500,CE,0.0,0.0,0.0,8684.7,6833.25,0,0,0,24196.75
2026-04-16,2028-06-27,22500,CE,0.0,0.0,0.0,6796.05,5259.1,0,0,0,24196.75
2026-04-16,2029-06-26,25500,CE,0.0,0.0,0.0,5917.35,4772.1,0,0,0,24196.75
2026-04-16,2029-06-26,27000,CE,0.0,0.0,0.0,6570.4,4051.75,0,0,0,24196.75
2026-04-16,2029-12-24,28500,CE,0.0,0.0,0.0,4802.1,3986.4,0,0,0,24196.75
2026-04-16,2030-06-25,25500,CE,0.0,0.0,0.0,7070.45,5926.0,0,0,0,24196.75
2026-04-16,2030-06-25,27000,CE,0.0,0.0,0.0,6972.5,5202.45,0,0,0,24196.75
2026-04-16,2030-12-31,16500,CE,0.0,0.0,0.0,13763.55,12000.4,0,0,0,24196.75
2026-04-16,2030-12-31,30000,CE,0.0,0.0,0.0,5227.2,4520.5,0,0,0,24196.75
2026-04-16,2026-04-21,20550,PE,0.65,1.55,0.65,0.85,0.85,772,5525,-2340,24196.75
2026-04-16,2026-04-21,21000,PE,1.75,1.9,0.85,1.05,1.05,76408,2755090,-812565,24196.75
2026-04-16,2026-04-21,22000,PE,2.35,2.75,1.05,1.4,1.4,192438,3751410,-132405,24196.75
2026-04-16,2026-04-21,22050,PE,3.2,3.2,1.15,1.4,1.4,15906,96850,-39195,24196.75
2026-04-16,2026-04-21,22250,PE,2.95,3.35,1.2,1.55,1.55,17948,175630,-66040,24196.75
2026-04-16,2026-04-21,22350,PE,4.8,4.8,1.3,1.65,1.65,23266,140920,-48945,24196.75
2026-04-16,2026-04-21,22800,PE,5.55,6.6,2.6,3.05,3.05,250796,2599415,572780,24196.75
2026-04-16,2026-04-21,23650,PE,44.0,58.85,25.95,39.2,39.2,242321,789815,233545,24196.75
2026-04-16,2026-04-21,25400,PE,1043.2,1273.5,1021.4,1176.2,1176.2,43,4160,715,24196.75
2026-04-16,2026-04-21,25550,PE,0.0,0.0,0.0,1491.7,1333.7,0,585,0,24196.75
2026-04-16,2026-04-21,25650,PE,1343.75,1550.0,1343.75,1467.65,1467.65,5,1105,0,24196.75
2026-04-16,2026-04-21,26200,PE,0.0,0.0,0.0,2450.6,1982.45,0,0,0,24196.75
2026-04-16,2026-04-21,26300,PE,0.0,0.0,0.0,2548.4,2082.35,0,0,0,24196.75
2026-04-16,2026-04-21,26400,PE,0.0,0.0,0.0,2646.5,2182.25,0,0,0,24196.75
2026-04-16,2026-04-28,20400,PE,3.6,3.6,2.5,2.55,2.55,212,28210,-520,24196.75
2026-04-16,2026-04-28,21500,PE,7.15,7.95,5.15,5.8,5.8,29026,1570075,327080,24196.75
2026-04-16,2026-04-28,21850,PE,9.65,11.85,7.85,8.25,8.25,3466,39910,715,24196.75
2026-04-16,2026-04-28,22450,PE,19.3,24.5,16.05,17.65,17.65,2981,61425,-19500,24196.75
2026-04-16,2026-04-28,22500,PE,24.65,26.25,17.0,18.65,18.65,65923,3607760,18005,24196.75
2026-04-16,2026-04-28,23300,PE,59.5,88.75,54.05,69.4,69.4,26264,608595,-112060,24196.75
2026-04-16,2026-04-28,23550,PE,88.05,132.4,79.5,106.5,106.5,4334,225160,325,24196.75
2026-04-16,2026-04-28,23850,PE,134.05,212.8,125.85,178.1,178.1,5745,175045,20280,24196.75
2026-04-16,2026-04-28,25450,PE,1070.0,1175.0,1070.0,1175.0,1226.8,12,7865,-65,24196.75
2026-04-16,2026-04-28,27050,PE,0.0,0.0,0.0,1896.8,2801.7,0,390,0,24196.75
2026-04-16,2026-04-28,27200,PE,0.0,0.0,0.0,2930.0,2951.4,0,585,0,24196.75
2026-04-16,2026-05-05,20750,PE,0.0,0.0,0.0,11.0,0.05,0,1235,0,24196.75
2026-04-16,2026-05-05,20900,PE,10.5,11.05,9.25,11.05,0.05,13,2015,-260,24196.75
2026-04-16,2026-05-05,21100,PE,10.35,11.85,10.1,10.45,0.1,34,1365,-455,24196.75
2026-04-16,2026-05-05,21350,PE,12.3,14.85,11.0,11.25,11.25,24,1040,-520,24196.75
2026-04-16,2026-05-05,21600,PE,15.2,18.75,14.95,15.8,0.5,44,1365,-780,24196.75
2026-04-16,2030-12-31,34500,PE,0.0,0.0,0.0,2953.45,4584.4,0,0,0,24196.75
2026-04-16,2030-12-31,33000,PE,0.0,0.0,0.0,2387.3,3897.05,0,0,0,24196.75
2026-04-16,2030-12-31,31500,PE,0.0,0.0,0.0,1885.5,3261.35,0,0,0,24196.75
2026-04-16,2030-06-25,33000,PE,0.0,0.0,0.0,3143.9,4180.5,0,0,0,24196.75
2026-04-16,2028-12-26,30000,PE,0.0,0.0,0.0,2352.75,3461.1,0,0,0,24196.75
2026-04-16,2028-06-27,22000,PE,0.0,0.0,0.0,700.0,573.0,0,1170,0,24196.75
2026-04-16,2027-12-28,22500,PE,0.0,0.0,0.0,186.5,631.95,0,0,0,24196.75
2026-04-16,2027-12-28,16500,PE,0.0,0.0,0.0,1.95,25.9,0,0,0,24196.75
2026-04-16,2027-12-28,15000,PE,0.0,0.0,0.0,39.0,7.2,0,625,0,24196.75
2026-04-16,2027-06-29,30000,PE,0.0,0.0,0.0,4562.55,4320.0,0,0,0,24196.75
2026-04-16,2027-03-30,28500,PE,0.0,0.0,0.0,4504.7,3388.25,0,0,0,24196.75
2026-04-16,2027-03-30,27000,PE,0.0,0.0,0.0,3350.65,2392.9,0,0,0,24196.75
2026-04-16,2027-03-30,15000,PE,0.0,0.0,0.0,2.2,0.8,0,0,0,24196.75
2026-04-16,2026-12-29,34500,PE,0.0,0.0,0.0,6630.4,8847.0,0,0,0,24196.75
2026-04-16,2026-09-29,27000,PE,2065.6,2223.9,2021.3,2146.0,2146.0,59,208420,-260,24196.75
2026-04-16,2026-06-30,27000,PE,2320.0,2550.0,2300.0,2475.7,2475.7,225,2505535,-4095,24196.75
2026-04-16,2026-06-30,26500,PE,2000.0,2000.0,2000.0,2000.0,2000.0,6,390,390,24196.75
2026-04-16,2026-06-30,24450,PE,628.9,692.0,624.05,683.45,740.25,26,2535,1170,24196.75
2026-04-16,2026-06-30,24350,PE,592.35,658.25,582.8,655.2,691.6,7,2340,130,24196.75
2026-04-16,2026-06-30,24300,PE,560.05,650.0,539.0,608.85,608.85,341,16055,260,24196.75
2026-04-16,2026-06-30,23400,PE,317.7,364.6,310.0,339.8,339.8,69,10725,1430,24196.75
2026-04-16,2026-06-30,22800,PE,221.7,256.15,218.7,230.2,185.35,57,10335,260,24196.75
2026-04-16,2026-06-30,21150,PE,0.0,0.0,0.0,193.35,22.8,0,0,0,24196.75
2026-04-16,2026-06-30,20600,PE,0.0,0.0,0.0,104.4,9.25,0,0,0,24196.75
2026-04-16,2026-05-26,27050,PE,0.0,0.0,0.0,3501.3,2690.45,0,65,0,24196.75
2026-04-16,2026-05-26,26900,PE,0.0,0.0,0.0,3091.85,2547.1,0,130,0,24196.75
2026-04-16,2026-05-26,26600,PE,0.0,0.0,0.0,2490.0,2264.55,0,1170,0,24196.75
2026-04-16,2026-05-26,26350,PE,1869.9,1959.5,1865.95,1959.5,1959.5,29,1625,1430,24196.75
2026-04-16,2026-05-26,26050,PE,1571.25,1571.25,1571.25,1571.25,1766.65,1,325,-65,24196.75
2026-04-16,2026-05-26,24300,PE,479.9,564.45,438.15,514.7,514.7,3748,100880,51545,24196.75
2026-04-16,2026-05-26,24200,PE,422.4,519.5,404.1,474.05,474.05,2652,118755,19370,24196.75
2026-04-16,2026-05-26,22900,PE,154.45,180.4,143.95,156.4,156.4,846,37245,975,24196.75
2026-04-16,2026-05-26,22850,PE,142.85,170.3,139.7,151.0,151.0,72,4810,1820,24196.75
2026-04-16,2026-05-26,21400,PE,0.0,0.0,0.0,2.05,6.05,0,0,0,24196.75
2026-04-16,2026-05-26,21100,PE,0.0,0.0,0.0,1.05,2.95,0,0,0,24196.75
2026-04-16,2026-05-19,26000,PE,0.0,0.0,0.0,2053.4,1723.95,0,0,0,24196.75
2026-04-16,2026-05-19,25650,PE,0.0,0.0,0.0,1734.0,1419.7,0,0,0,24196.75
2026-04-16,2026-05-19,23650,PE,0.0,0.0,0.0,367.55,235.1,0,0,0,24196.75
2026-04-16,2026-05-19,22350,PE,0.0,0.0,0.0,58.15,28.25,0,0,0,24196.75
2026-04-16,2026-05-12,26550,PE,0.0,0.0,0.0,3267.0,2257.25,0,0,0,24196.75
2026-04-16,2026-05-12,25650,PE,0.0,0.0,0.0,2385.25,1419.55,0,0,0,24196.75
2026-04-16,2026-05-12,24750,PE,0.0,0.0,0.0,1547.45,718.05,0,0,0,24196.75
2026-04-16,2026-05-12,24300,PE,373.05,496.4,364.5,455.45,455.45,550,11895,8385,24196.75
2026-04-16,2026-05-05,21950,PE,19.3,23.4,19.3,20.35,20.35,173,1625,1625,24196.75
2026-04-16,2026-05-05,22100,PE,22.1,29.4,22.1,24.3,24.3,74,2600,2600,24196.75
2026-04-16,2026-05-05,22250,PE,30.6,36.45,23.65,29.1,29.1,221,6240,-780,24196.75
2026-04-16,2026-05-05,22350,PE,0.0,0.0,0.0,208.55,6.95,0,0,0,24196.75
2026-04-16,2026-05-05,22950,PE,0.0,0.0,0.0,429.3,35.4,0,0,0,24196.75
2026-04-16,2026-05-05,23500,PE,140.85,175.0,120.0,147.9,147.9,4209,114465,47775,24196.75
2026-04-16,2026-05-05,24700,PE,525.0,695.0,512.0,637.5,637.5,113,5980,3510,24196.75
2026-04-16,2026-05-12,24200,PE,355.0,454.3,329.1,409.85,409.85,100,5330,975,24196.75
2026-04-16,2026-05-12,24050,PE,0.0,0.0,0.0,974.5,338.75,0,0,0,24196.75
2026-04-16,2026-05-12,23650,PE,204.9,210.1,204.9,210.1,197.1,2,195,130,24196.75
2026-04-16,2026-05-12,23000,PE,104.85,132.65,98.85,113.6,113.6,713,23075,9295,24196.75
2026-04-16,2026-05-12,22900,PE,0.0,0.0,0.0,317.25,54.8,0,0,0,24196.75
2026-04-16,2026-05-12,22600,PE,0.0,0.0,0.0,214.85,29.35,0,0,0,24196.75
2026-04-16,2026-05-12,22100,PE,27.8,50.0,27.8,44.35,44.35,10,455,455,24196.75
2026-04-16,2026-05-12,21700,PE,0.0,0.0,0.0,49.2,2.9,0,0,0,24196.75
2026-04-16,2026-04-21,20650,CE,0.0,0.0,0.0,3070.15,3563.2,0,0,0,24196.75
2026-04-16,2026-06-30,20750,CE,0.0,0.0,0.0,2077.7,3723.1,0,0,0,24196.75
2026-04-16,2026-06-30,20950,CE,0.0,0.0,0.0,1912.8,3530.3,0,0,0,24196.75
2026-04-16,2026-06-30,21800,CE,0.0,0.0,0.0,1444.7,2732.1,0,65,0,24196.75
2026-04-16,2026-06-30,22200,CE,0.0,0.0,0.0,1283.9,2374.75,0,520,0,24196.75
2026-04-16,2026-06-30,22350,CE,1883.4,1883.4,1883.4,1883.4,2245.0,1,650,65,24196.75
2026-04-16,2026-06-30,22500,CE,2300.0,2300.5,2085.85,2136.75,2136.75,77,158275,-1105,24196.75
2026-04-16,2026-06-30,23750,CE,0.0,0.0,0.0,1200.0,1190.9,0,1300,0,24196.75
2026-04-16,2026-06-30,23850,CE,1153.4,1172.65,1153.4,1171.4,1128.85,27,5720,1625,24196.75
2026-04-16,2026-06-30,24250,CE,923.95,929.0,842.0,842.0,900.6,17,8255,-1105,24196.75
2026-04-16,2026-06-30,24400,CE,813.75,839.65,707.65,754.0,823.35,99,13130,-130,24196.75
2026-04-16,2026-06-30,25050,CE,464.75,477.0,386.35,414.15,414.15,70,12155,260,24196.75
2026-04-16,2026-06-30,25200,CE,413.75,413.75,328.7,350.7,350.7,303,16120,9815,24196.75
2026-04-16,2026-06-30,25300,CE,367.15,372.0,294.0,313.4,313.4,298,12350,7670,24196.75
2026-04-16,2026-06-30,25600,CE,266.25,266.25,206.15,221.4,221.4,336,11505,4290,24196.75
2026-04-16,2026-06-30,31500,CE,5.0,5.0,5.0,5.0,5.0,1,7475,65,24196.75
2026-04-16,2026-09-29,16500,CE,0.0,0.0,0.0,10168.85,8158.6,0,0,0,24196.75
2026-04-16,2026-09-29,21000,CE,0.0,0.0,0.0,4967.05,3874.55,0,0,0,24196.75
2026-04-16,2026-09-29,22500,CE,2775.0,2775.0,2583.8,2645.0,2626.0,39,16835,650,24196.75
2026-04-16,2026-12-29,28500,CE,158.0,160.8,145.0,146.5,146.5,192,27885,4225,24196.75
2026-04-16,2027-03-30,27000,CE,0.0,0.0,0.0,565.3,1149.15,0,0,0,24196.75
2026-04-16,2028-06-27,15000,CE,0.0,0.0,0.0,8633.05,11135.2,0,0,0,24196.75
2026-04-16,2028-06-27,24000,CE,0.0,0.0,0.0,3918.85,4333.3,0,0,0,24196.75
2026-04-16,2028-12-26,25500,CE,0.0,0.0,0.0,5309.05,4160.3,0,0,0,24196.75
2026-04-16,2029-06-26,16500,CE,0.0,0.0,0.0,12587.95,10752.2,0,0,0,24196.75
2026-04-16,2029-06-26,24000,CE,0.0,0.0,0.0,8085.35,5581.05,0,0,0,24196.75
2026-04-16,2029-12-24,31500,CE,0.0,0.0,0.0,3429.3,2910.45,0,0,0,24196.75
2026-04-16,2029-12-24,33000,CE,0.0,0.0,0.0,3816.05,2471.85,0,0,0,24196.75
2026-04-16,2030-12-31,25500,CE,0.0,0.0,0.0,7639.65,6492.4,0,0,0,24196.75
2026-04-16,2026-04-21,20350,PE,0.65,1.5,0.6,0.7,0.7,2021,41145,3770,24196.75
2026-04-16,2026-04-21,21850,PE,2.85,2.85,1.1,1.35,1.35,16897,122590,4030,24196.75
2026-04-16,2026-04-21,21900,PE,1.45,2.6,1.05,1.35,1.35,34681,407745,-150475,24196.75
2026-04-16,2026-04-21,22150,PE,2.75,3.2,1.15,1.4,1.4,26557,196820,2795,24196.75
2026-04-16,2026-04-21,22550,PE,5.5,5.5,1.75,2.1,2.1,46609,346580,8320,24196.75
2026-04-16,2026-04-21,23600,PE,39.7,50.9,22.7,33.35,33.35,496549,2912260,396825,24196.75
2026-04-16,2026-04-21,23900,PE,77.6,118.95,51.6,84.6,84.6,667793,2316470,265330,24196.75
2026-04-16,2026-04-21,24050,PE,129.0,176.35,78.15,130.8,130.8,445704,708435,150735,24196.75
2026-04-16,2026-04-21,24300,PE,208.8,312.9,151.7,244.9,244.9,1535625,1869465,604825,24196.75
2026-04-16,2026-04-21,24500,PE,323.0,459.45,246.2,375.85,375.85,273383,957775,313560,24196.75
2026-04-16,2026-04-21,24700,PE,417.95,627.0,376.35,538.1,538.1,22681,225875,147550,24196.75
2026-04-16,2026-04-21,25800,PE,1500.0,1500.0,1500.0,1500.0,1582.9,1,1105,-65,24196.75
2026-04-16,2026-04-28,20150,PE,3.0,3.0,2.1,2.45,2.45,182,17095,-3185,24196.75
2026-04-16,2026-04-28,20250,PE,2.8,3.1,1.8,2.05,2.05,50,5980,65,24196.75
2026-04-16,2026-04-28,21050,PE,5.75,5.75,4.45,4.6,4.6,29,2535,325,24196.75
2026-04-16,2026-04-28,21600,PE,8.05,8.9,6.05,6.4,6.4,6860,178425,-23400,24196.75
2026-04-16,2026-04-28,21950,PE,10.55,13.2,8.8,9.4,9.4,2788,70720,-34580,24196.75
2026-04-16,2026-04-28,22950,PE,34.05,51.0,32.85,38.15,38.15,3663,144625,34320,24196.75
2026-04-16,2026-04-28,24150,PE,216.65,332.15,200.75,283.35,283.35,12032,171990,68965,24196.75
2026-04-16,2026-04-28,24550,PE,400.5,560.0,367.05,497.6,497.6,511,17615,3380,24196.75
2026-04-16,2026-04-28,25050,PE,802.4,949.85,735.0,879.6,879.6,69,4940,1170,24196.75
2026-04-16,2026-04-28,25350,PE,0.0,0.0,0.0,1122.0,1134.0,0,4355,0,24196.75
2026-04-16,2026-04-28,25850,PE,1470.0,1556.0,1470.0,1556.0,1610.55,2,2535,-65,24196.75
2026-04-16,2026-04-28,25950,PE,0.0,0.0,0.0,1688.65,1708.5,0,4095,0,24196.75
2026-04-16,2026-04-28,27150,PE,0.0,0.0,0.0,3220.8,2901.5,0,390,0,24196.75
2026-04-16,2026-05-05,21300,PE,11.55,12.15,10.35,10.35,10.35,48,1170,-1300,24196.75
2026-04-16,2026-05-05,22000,PE,31.55,31.55,20.25,21.1,21.1,4290,104715,24895,24196.75
2026-04-16,2026-05-05,22200,PE,0.0,0.0,0.0,169.7,4.35,0,0,0,24196.75
2026-04-16,2026-05-05,22700,PE,50.4,63.6,45.15,51.6,51.6,1090,43615,12415,24196.75
2026-04-16,2026-05-05,22800,PE,61.0,73.75,52.45,59.65,59.65,1026,26910,14430,24196.75
2026-04-16,2026-05-05,23150,PE,86.35,108.5,79.55,94.55,94.55,65,4875,455,24196.75
2026-04-16,2026-05-05,23550,PE,138.0,183.05,127.65,159.75,159.75,125,5655,4095,24196.75
2026-04-16,2026-05-05,24400,PE,380.0,512.9,354.9,452.85,452.85,1227,31850,15665,24196.75
2026-04-16,2026-05-05,24500,PE,471.15,568.5,398.0,509.1,509.1,2571,46085,4615,24196.75
2026-04-16,2026-05-05,25250,PE,0.0,0.0,0.0,1195.8,1062.0,0,65,0,24196.75
2026-04-16,2029-12-24,22500,PE,0.0,0.0,0.0,225.7,706.4,0,0,0,24196.75
2026-04-16,2030-06-25,25500,PE,0.0,0.0,0.0,568.55,1356.9,0,0,0,24196.75
2026-04-16,2030-06-25,30000,PE,0.0,0.0,0.0,2100.85,2857.1,0,0,0,24196.75
2026-04-16,2026-04-28,20350,CE,0.0,0.0,0.0,2434.15,3885.6,0,65,0,24196.75
2026-04-16,2026-04-28,21200,CE,0.0,0.0,0.0,2016.9,3037.25,0,585,0,24196.75
2026-04-16,2026-04-28,26250,CE,3.75,4.0,2.65,2.8,2.8,307,42185,2795,24196.75
2026-04-16,2026-05-26,22300,PE,96.95,109.2,89.55,94.35,94.35,1265,44330,17745,24196.75
2026-04-16,2026-05-26,22250,PE,94.0,103.15,84.65,90.05,90.05,94,9815,1170,24196.75
2026-04-16,2026-05-26,21950,PE,0.0,0.0,0.0,6.2,19.7,0,0,0,24196.75
2026-04-16,2026-05-26,21300,PE,0.0,0.0,0.0,1.65,4.8,0,0,0,24196.75
2026-04-16,2026-05-26,20750,PE,0.0,0.0,0.0,0.5,1.2,0,0,0,24196.75
2026-04-16,2026-05-26,20700,PE,0.0,0.0,0.0,0.4,1.05,0,0,0,24196.75
2026-04-16,2026-05-26,20250,PE,0.0,0.0,0.0,0.15,0.3,0,0,0,24196.75
2026-04-16,2026-05-26,20100,PE,23.0,24.85,19.1,19.3,19.3,699,102050,9100,24196.75
2026-04-16,2026-05-19,26200,PE,0.0,0.0,0.0,2241.1,1905.15,0,0,0,24196.75
2026-04-16,2026-05-19,24250,PE,0.0,0.0,0.0,667.45,469.5,0,0,0,24196.75
2026-04-16,2026-05-19,23800,PE,0.0,0.0,0.0,432.3,283.65,0,0,0,24196.75
2026-04-16,2026-05-19,23400,PE,0.0,0.0,0.0,274.65,168.05,0,0,0,24196.75
2026-04-16,2026-05-19,22750,PE,0.0,0.0,0.0,112.5,60.1,0,0,0,24196.75
2026-04-16,2026-05-19,22700,PE,0.0,0.0,0.0,104.1,55.0,0,0,0,24196.75
2026-04-16,2026-05-12,25600,PE,0.0,0.0,0.0,2337.05,1375.9,0,0,0,24196.75
2026-04-16,2026-05-12,25000,PE,0.0,0.0,0.0,1772.15,892.2,0,0,0,24196.75
2026-04-16,2026-05-12,24600,PE,0.0,0.0,0.0,1416.9,622.8,0,0,0,24196.75
2026-04-16,2026-05-12,23800,PE,219.0,293.0,219.0,269.05,269.05,48,3120,715,24196.75
2026-04-16,2026-05-12,23450,PE,0.0,0.0,0.0,579.9,145.35,0,0,0,24196.75
2026-04-16,2026-05-12,23300,PE,133.0,176.0,133.0,155.05,155.05,38,1560,1235,24196.75
2026-04-16,2026-05-12,21800,PE,0.0,0.0,0.0,59.45,3.9,0,0,0,24196.75
2026-04-16,2026-05-05,26550,PE,0.0,0.0,0.0,3421.65,2277.6,0,0,0,24196.75
2026-04-16,2026-05-05,25150,PE,0.0,0.0,0.0,1130.0,979.2,0,65,0,24196.75
2026-04-16,2026-05-05,25100,PE,0.0,0.0,0.0,905.15,938.8,0,195,0,24196.75
2026-04-16,2026-05-05,23700,PE,165.15,223.15,154.55,192.45,192.45,416,28990,4290,24196.75
2026-04-16,2026-05-05,21650,PE,15.6,18.3,15.25,15.25,0.6,64,975,-1495,24196.75
2026-04-16,2026-05-05,21150,PE,10.05,12.65,10.05,12.65,0.1,16,1690,130,24196.75
2026-04-16,2026-04-28,27700,PE,3480.0,3480.0,3480.0,3480.0,3480.0,1,9750,65,24196.75
2026-04-16,2026-04-28,26950,PE,0.0,0.0,0.0,4110.0,2701.95,0,975,0,24196.75
2026-04-16,2026-04-28,26850,PE,0.0,0.0,0.0,2718.3,2602.2,0,325,0,24196.75
2026-04-16,2026-04-28,26350,PE,1986.95,2048.15,1960.15,2048.15,2104.15,8,5915,-65,24196.75
2026-04-16,2026-04-28,26100,PE,1802.3,1973.8,1802.3,1855.35,1856.3,6,33475,65,24196.75
2026-04-16,2026-04-28,25600,PE,1226.0,1482.55,1226.0,1420.35,1368.75,19,42445,-260,24196.75
2026-04-16,2026-04-28,24700,PE,486.1,670.25,453.0,594.4,594.4,6538,317070,122200,24196.75
2026-04-16,2026-04-28,24650,PE,449.65,625.05,425.65,575.85,575.85,223,12480,2405,24196.75
2026-04-16,2026-04-28,24500,PE,383.0,530.0,340.5,464.15,464.15,38571,1782430,319995,24196.75
2026-04-16,2026-04-28,23750,PE,133.0,181.85,108.05,147.75,147.75,5855,137085,18590,24196.75
2026-04-16,2026-04-28,23500,PE,90.1,122.6,73.55,98.3,98.3,84910,3283345,-87620,24196.75
2026-04-16,2026-04-28,22750,PE,22.3,37.35,22.3,27.25,27.25,2097,180180,2145,24196.75
2026-04-16,2026-04-28,21000,PE,5.65,5.65,4.1,4.6,4.6,39312,3577015,487045,24196.75
2026-04-16,2026-04-28,20800,PE,4.45,4.8,3.3,3.95,3.95,1686,76895,20020,24196.75
2026-04-16,2026-04-28,20650,PE,4.5,4.95,2.9,3.6,3.6,236,12350,6110,24196.75
2026-04-16,2026-04-21,26500,PE,0.0,0.0,0.0,2744.85,2282.2,0,0,0,24196.75
2026-04-16,2026-04-21,26250,PE,0.0,0.0,0.0,2499.45,2032.4,0,0,0,24196.75
2026-04-16,2026-04-21,25700,PE,1380.7,1419.4,1331.3,1402.5,1483.1,10,260,-195,24196.75
2026-04-16,2026-04-21,24750,PE,487.4,674.2,414.9,586.25,586.25,2975,38025,16640,24196.75
2026-04-16,2026-04-21,23150,PE,14.0,15.15,6.9,7.9,7.9,113750,682370,191555,24196.75
2026-04-16,2026-04-21,23050,PE,16.0,16.0,5.15,5.95,5.95,84466,500110,17290,24196.75
2026-04-16,2026-04-21,22950,PE,12.35,12.35,3.75,4.45,4.45,77099,531570,226200,24196.75
2026-04-16,2026-04-21,22750,PE,4.8,6.1,2.4,2.9,2.9,61029,516230,-12545,24196.75
2026-04-16,2026-04-21,22500,PE,5.25,5.25,1.65,1.95,1.95,353821,4535765,491335,24196.75
2026-04-16,2026-04-21,22200,PE,3.05,3.25,1.2,1.4,1.4,83165,1027520,-302120,24196.75
2026-04-16,2026-04-21,21450,PE,2.15,2.25,0.95,1.15,1.15,2233,38545,-7670,24196.75
2026-04-16,2026-04-21,21050,PE,1.7,1.9,0.8,0.95,0.95,1479,50050,910,24196.75
2026-04-16,2026-04-21,20250,PE,0.8,3.4,0.5,0.75,0.75,1972,23205,2080,24196.75
2026-04-16,2030-12-31,27000,CE,0.0,0.0,0.0,6772.8,5773.5,0,0,0,24196.75
2026-04-16,2030-12-31,24000,CE,0.0,0.0,0.0,8563.3,7273.45,0,0,0,24196.75
2026-04-16,2030-12-31,18000,CE,0.0,0.0,0.0,12674.15,10963.15,0,0,0,24196.75
2026-04-16,2030-06-25,16500,CE,0.0,0.0,0.0,13374.05,11588.7,0,0,0,24196.75
2026-04-16,2029-06-26,15000,CE,0.0,0.0,0.0,13671.85,11939.9,0,0,0,24196.75
2026-04-16,2028-12-26,33000,CE,0.0,0.0,0.0,2477.5,1499.0,0,0,0,24196.75
2026-04-16,2028-06-27,34500,CE,0.0,0.0,0.0,1003.35,795.75,0,0,0,24196.75
2026-04-16,2028-06-27,33000,CE,0.0,0.0,0.0,2004.15,1044.5,0,0,0,24196.75
2026-04-16,2028-06-27,21000,CE,0.0,0.0,0.0,5226.55,6290.45,0,0,0,24196.75
2026-04-16,2027-12-28,30000,CE,640.0,655.0,627.8,631.55,631.55,39,10595,455,24196.75
2026-04-16,2026-12-29,22000,CE,3600.0,3600.0,3410.0,3431.0,3431.0,53,78340,925,24196.75
2026-04-16,2026-12-29,19500,CE,0.0,0.0,0.0,7586.85,5584.8,0,0,0,24196.75
2026-04-16,2026-12-29,19000,CE,0.0,0.0,0.0,5740.0,6044.85,0,8580,0,24196.75
2026-04-16,2026-09-29,34500,CE,0.0,0.0,0.0,30.15,3.05,0,0,0,24196.75
2026-04-16,2026-06-30,28000,CE,21.6,22.95,20.1,20.7,20.7,3134,1513070,-18915,24196.75
2026-04-16,2026-06-30,26550,CE,0.0,0.0,0.0,25.5,166.9,0,0,0,24196.75
2026-04-16,2026-06-30,26450,CE,0.0,0.0,0.0,28.5,182.15,0,0,0,24196.75
2026-04-16,2026-06-30,26250,CE,0.0,0.0,0.0,35.6,216.05,0,0,0,24196.75
2026-04-16,2026-06-30,25900,CE,178.1,182.1,138.85,149.2,149.2,304,10660,975,24196.75
2026-04-16,2026-06-30,25650,CE,243.35,248.2,193.35,207.4,207.4,161,6305,4615,24196.75
2026-04-16,2026-06-30,25350,CE,346.4,352.6,281.75,297.15,297.15,78,3705,2210,24196.75
2026-04-16,2026-06-30,24950,CE,514.1,528.75,428.65,451.6,451.6,98,9555,1885,24196.75
2026-04-16,2026-06-30,24650,CE,670.3,691.0,568.7,580.0,704.55,27,4160,-585,24196.75
2026-04-16,2026-06-30,23950,CE,1131.4,1131.4,981.35,1030.7,1068.8,57,6435,-3055,24196.75
2026-04-16,2026-06-30,23800,CE,1238.55,1248.0,1070.2,1135.35,1135.35,58,5135,-845,24196.75
2026-04-16,2026-06-30,23550,CE,1424.95,1439.25,1316.55,1342.9,1320.85,17,1235,-715,24196.75
2026-04-16,2026-06-30,22700,CE,0.0,0.0,0.0,1867.3,1952.95,0,7345,0,24196.75
2026-04-16,2026-06-30,22650,CE,2131.95,2131.95,2131.95,2131.95,1993.65,1,910,0,24196.75
2026-04-16,2026-06-30,22400,CE,0.0,0.0,0.0,2108.0,2202.3,0,1495,0,24196.75
2026-04-16,2026-06-30,21300,CE,0.0,0.0,0.0,1812.7,3196.75,0,65,0,24196.75
2026-04-16,2026-06-30,20300,CE,0.0,0.0,0.0,2466.8,4160.8,0,0,0,24196.75
2026-04-16,2026-06-30,20100,CE,0.0,0.0,0.0,2646.45,4356.5,0,0,0,24196.75
2026-04-16,2026-05-26,27200,CE,11.5,11.5,8.8,9.25,9.25,153,37440,-975,24196.75
2026-04-16,2026-05-26,25550,CE,109.6,115.45,85.0,94.8,94.8,173,18980,260,24196.75
2026-04-16,2026-05-26,25450,CE,130.5,135.8,101.0,111.35,111.35,198,12220,780,24196.75
2026-04-16,2026-05-26,24750,CE,380.75,389.0,301.0,322.7,322.7,89,10920,1235,24196.75
2026-04-16,2026-05-26,24000,CE,850.0,860.85,690.9,736.85,736.85,8252,942890,37570,24196.75
2026-04-16,2026-05-26,23900,CE,922.0,930.1,759.35,803.1,803.1,220,31525,195,24196.75
2026-04-16,2026-05-26,23750,CE,982.45,1007.0,890.0,910.0,911.9,40,4810,2145,24196.75
2026-04-16,2026-05-26,23350,CE,0.0,0.0,0.0,1256.45,1193.95,0,5200,0,24196.75
2026-04-16,2026-05-26,23200,CE,1420.0,1430.0,1288.0,1315.0,1315.0,77,41015,-390,24196.75
2026-04-16,2026-05-26,21800,CE,0.0,0.0,0.0,2345.0,2559.85,0,520,0,24196.75
2026-04-16,2026-05-26,20400,CE,0.0,0.0,0.0,2287.45,3936.2,0,65,0,24196.75
2026-04-16,2026-05-19,26400,CE,0.0,0.0,0.0,20.9,35.8,0,0,0,24196.75
2026-04-16,2026-05-19,25000,CE,247.95,250.4,171.95,191.6,191.6,154,6305,6305,24196.75
2026-04-16,2026-05-19,24950,CE,0.0,0.0,0.0,178.75,267.55,0,0,0,24196.75
2026-04-16,2026-05-19,24700,CE,365.5,365.95,279.35,305.9,352.9,9,585,585,24196.75
2026-04-16,2026-05-19,22900,CE,0.0,0.0,0.0,1210.75,1503.4,0,0,0,24196.75
2026-04-16,2026-05-19,22850,CE,0.0,0.0,0.0,1250.45,1546.8,0,0,0,24196.75
2026-04-16,2026-05-19,22550,CE,0.0,0.0,0.0,1499.75,1815.35,0,0,0,24196.75
2026-04-16,2026-05-19,22150,CE,0.0,0.0,0.0,1856.1,2189.95,0,0,0,24196.75
2026-04-16,2026-05-12,25750,CE,0.0,0.0,0.0,12.45,61.1,0,0,0,24196.75
2026-04-16,2026-05-12,25000,CE,145.0,184.5,126.5,143.95,143.95,928,38870,23465,24196.75
2026-04-16,2026-05-12,23400,CE,0.0,0.0,0.0,418.1,1027.55,0,0,0,24196.75
2026-04-16,2026-05-12,23300,CE,0.0,0.0,0.0,464.0,1106.7,0,0,0,24196.75
2026-04-16,2026-05-12,23200,CE,0.0,0.0,0.0,513.25,1188.3,0,0,0,24196.75
2026-04-16,2026-05-12,21500,CE,0.0,0.0,0.0,1787.6,2787.1,0,0,0,24196.75
2026-04-16,2026-05-05,26050,CE,10.9,11.65,8.4,9.05,9.05,205,15210,1625,24196.75
2026-04-16,2026-05-05,25750,CE,20.5,20.5,14.35,17.4,17.4,281,14495,8580,24196.75
2026-04-16,2026-05-05,25350,CE,50.05,51.8,36.45,41.1,41.1,173,6630,845,24196.75
2026-04-16,2026-05-05,25200,CE,75.4,76.35,51.75,58.45,58.45,1380,30615,8515,24196.75
2026-04-16,2026-05-05,25050,CE,103.5,109.0,73.85,83.55,83.55,187,9165,2990,24196.75
2026-04-16,2026-05-05,24700,CE,214.25,232.0,153.55,174.4,174.4,1966,92495,20540,24196.75
2026-04-16,2026-05-05,24550,CE,294.0,301.05,204.45,229.9,229.9,239,13780,5720,24196.75
2026-04-16,2026-05-05,22500,CE,0.0,0.0,0.0,851.3,1775.5,0,0,0,24196.75
2026-04-16,2026-05-05,22350,CE,0.0,0.0,0.0,954.85,1921.15,0,0,0,24196.75
2026-04-16,2026-05-05,21800,CE,0.0,0.0,0.0,1383.9,2463.65,0,0,0,24196.75
2026-04-16,2026-05-05,21100,CE,0.0,0.0,0.0,2011.15,3160.55,0,0,0,24196.75
2026-04-16,2026-05-05,20400,CE,0.0,0.0,0.0,2685.15,3858.4,0,0,0,24196.75
2026-04-16,2026-05-05,20350,CE,0.0,0.0,0.0,2734.15,3908.2,0,0,0,24196.75
2026-04-16,2026-05-05,20150,CE,0.0,0.0,0.0,2930.7,4107.6,0,0,0,24196.75
2026-04-16,2026-04-28,27300,CE,1.85,2.05,1.25,1.45,1.45,386,84435,-5785,24196.75
2026-04-16,2026-04-28,26450,CE,3.25,4.7,2.1,2.35,2.35,402,62010,-12415,24196.75
2026-04-16,2026-04-28,26150,CE,4.05,4.25,2.85,3.1,3.1,601,37830,4680,24196.75
2026-04-16,2026-04-28,25000,CE,59.95,64.7,37.3,44.35,44.35,132181,4894630,471380,24196.75
2026-04-16,2026-04-28,24450,CE,240.0,264.0,160.2,186.5,186.5,7711,126100,22750,24196.75
2026-04-16,2026-04-28,23400,CE,1002.45,1054.45,826.0,878.8,878.8,606,165035,-2600,24196.75
2026-04-16,2026-04-28,23150,CE,1219.4,1265.4,1064.1,1110.0,1110.0,11,49790,130,24196.75
2026-04-16,2026-04-28,22800,CE,1579.7,1600.0,1350.75,1447.55,1447.55,455,402415,5005,24196.75
2026-04-16,2026-04-28,22000,CE,2330.0,2399.75,2121.7,2211.45,2211.45,1267,1156415,-40170,24196.75
2026-04-16,2026-04-28,20500,CE,3877.0,3877.0,3645.8,3697.05,3697.05,355,202865,3315,24196.75
2026-04-16,2026-04-21,25950,CE,1.1,1.1,0.7,0.8,0.8,10756,136630,-39715,24196.75
2026-04-16,2026-04-21,25700,CE,1.15,1.4,0.8,0.9,0.9,122949,1708525,-109590,24196.75
2026-04-16,2026-04-21,25250,CE,4.85,5.7,2.5,2.8,2.8,131236,884000,173875,24196.75
2026-04-16,2026-04-21,25200,CE,6.0,6.75,2.95,3.3,3.3,473280,4757220,1653340,24196.75
2026-04-16,2026-04-21,24350,CE,186.0,209.0,87.5,113.6,113.6,1112122,2787070,1971840,24196.75
2026-04-16,2026-04-21,23450,CE,899.7,939.35,687.2,747.05,747.05,163,30290,-65,24196.75
2026-04-16,2026-04-21,23300,CE,1026.05,1089.2,813.0,895.1,895.1,616,119925,-10790,24196.75
2026-04-16,2026-04-21,23250,CE,1064.35,1070.0,874.9,941.2,941.2,55,9945,65,24196.75
2026-04-16,2026-04-21,23000,CE,1345.05,1388.4,1092.5,1187.6,1187.6,1984,455975,-29900,24196.75
2026-04-16,2026-04-21,22750,CE,1580.0,1580.0,1347.9,1347.9,1465.05,42,5005,-1820,24196.75
2026-04-16,2026-04-21,22600,CE,1775.0,1775.0,1503.2,1515.0,1614.8,26,15015,-715,24196.75
2026-04-16,2026-04-21,22350,CE,0.0,0.0,0.0,1874.0,1864.55,0,1105,0,24196.75
2026-04-16,2026-04-21,21950,CE,0.0,0.0,0.0,2029.0,2264.25,0,910,0,24196.75
2026-04-16,2026-05-26,24950,PE,754.45,900.0,726.05,900.0,907.6,16,3185,260,24196.75
2026-04-16,2026-05-26,25500,PE,1125.0,1304.55,1084.7,1246.1,1246.1,512,511550,16965,24196.75
2026-04-16,2026-05-26,25700,PE,1272.35,1449.95,1272.35,1449.95,1469.3,5,1430,65,24196.75
2026-04-16,2026-05-26,26250,PE,1766.55,1766.55,1766.55,1766.55,1944.0,1,195,0,24196.75
2026-04-16,2026-05-26,26500,PE,2070.0,2155.0,2024.25,2125.3,2125.3,69,41535,3900,24196.75
2026-04-16,2026-06-30,14000,PE,6.05,7.75,5.75,7.65,7.65,138,38660,-7020,24196.75
2026-04-16,2026-06-30,20150,PE,0.0,0.0,0.0,58.85,4.05,0,0,0,24196.75
2026-04-16,2026-06-30,20200,PE,0.0,0.0,0.0,62.95,4.5,0,0,0,24196.75
2026-04-16,2026-06-30,20350,PE,0.0,0.0,0.0,76.55,5.95,0,0,0,24196.75
2026-04-16,2026-06-30,22300,PE,0.0,0.0,0.0,543.1,107.1,0,0,0,24196.75
2026-04-16,2026-06-30,22650,PE,204.65,204.65,201.0,201.0,158.35,11,7735,65,24196.75
2026-04-16,2026-06-30,22700,PE,220.0,240.65,206.0,220.0,220.0,82,8450,-975,24196.75
2026-04-16,2026-06-30,22850,PE,232.65,261.6,228.8,236.45,195.05,98,13000,1040,24196.75
2026-04-16,2026-06-30,22950,PE,240.65,276.65,240.65,260.65,260.65,70,4745,910,24196.75
2026-04-16,2026-06-30,23000,PE,273.9,293.55,245.0,268.95,268.95,10729,2073085,169825,24196.75
2026-04-16,2026-06-30,25450,PE,1096.45,1096.45,1096.45,1096.45,1335.1,1,65,65,24196.75
2026-04-16,2026-06-30,25500,PE,1101.25,1281.85,1101.25,1228.65,1228.65,616,637130,15210,24196.75
2026-04-16,2026-06-30,25900,PE,0.0,0.0,0.0,3156.45,1661.9,0,0,0,24196.75
2026-04-16,2026-06-30,26200,PE,0.0,0.0,0.0,3436.85,1894.75,0,0,0,24196.75
2026-04-16,2026-06-30,26400,PE,0.0,0.0,0.0,3625.85,2057.1,0,0,0,24196.75
2026-04-16,2026-06-30,34500,PE,0.0,0.0,0.0,10800.0,9863.75,0,130,0,24196.75
2026-04-16,2026-12-29,23000,PE,470.0,506.0,458.65,474.8,474.8,4179,1205965,88975,24196.75
2026-04-16,2026-12-29,30000,PE,4225.0,4453.45,4211.65,4403.75,4403.75,23,209030,-325,24196.75
2026-04-16,2027-03-30,31500,PE,0.0,0.0,0.0,7066.15,5748.5,0,0,0,24196.75
2026-04-16,2027-12-28,27000,PE,1780.0,1850.0,1749.1,1830.0,1830.0,22,19655,1300,24196.75
2026-04-16,2027-12-28,33000,PE,0.0,0.0,0.0,4155.55,6108.25,0,0,0,24196.75
2026-04-16,2028-06-27,21000,PE,0.0,0.0,0.0,907.2,399.95,0,0,0,24196.75
2026-04-16,2028-12-26,20000,PE,0.0,0.0,0.0,439.9,300.15,0,1100,0,24196.75
2026-04-16,2028-12-26,21000,PE,490.0,490.0,481.05,486.05,432.25,5,6540,130,24196.75
2026-04-16,2028-12-26,25500,PE,0.0,0.0,0.0,648.2,1511.55,0,0,0,24196.75
2026-04-16,2030-06-25,19500,PE,0.0,0.0,0.0,64.95,294.4,0,0,0,24196.75
2026-04-16,2030-06-25,24000,PE,0.0,0.0,0.0,698.15,994.4,0,0,0,24196.75
2026-04-16,2030-06-25,31500,PE,0.0,0.0,0.0,2056.3,3488.9,0,0,0,24196.75
2026-04-16,2026-05-26,24900,PE,720.55,880.2,700.0,815.35,815.35,443,83525,15860,24196.75
2026-04-16,2026-05-26,23400,PE,242.0,270.0,212.8,242.05,242.05,910,50440,-845,24196.75
2026-04-16,2026-04-21,21000,CE,0.0,0.0,0.0,2882.55,3213.5,0,520,0,24196.75
2026-04-16,2026-04-21,21100,CE,0.0,0.0,0.0,2620.0,3113.55,0,130,0,24196.75
2026-04-16,2026-04-21,22900,CE,1465.0,1488.2,1200.0,1290.05,1290.05,47,34255,-1820,24196.75
2026-04-16,2026-04-21,22950,CE,1336.9,1336.9,1186.4,1267.45,1265.75,9,7150,-130,24196.75
2026-04-16,2026-04-21,23950,CE,442.45,493.95,276.0,334.9,334.9,29071,177580,21125,24196.75
2026-04-16,2026-04-21,24250,CE,249.7,270.0,121.6,156.0,156.0,849806,2267265,17030,24196.75
2026-04-16,2026-04-21,24900,CE,19.0,26.6,9.35,10.9,10.9,527170,3856190,1630525,24196.75
2026-04-16,2026-04-21,24950,CE,19.05,21.95,7.85,9.0,9.0,246129,1414790,692510,24196.75
2026-04-16,2026-04-21,25050,CE,12.1,13.45,5.4,6.1,6.1,275685,2390895,1631825,24196.75
2026-04-16,2026-04-21,25550,CE,1.9,2.15,1.15,1.2,1.2,48326,808145,144690,24196.75
2026-04-16,2026-04-21,26250,CE,0.95,1.1,0.5,0.6,0.6,9618,106730,106535,24196.75
2026-04-16,2026-04-28,21250,CE,0.0,0.0,0.0,2000.3,2987.3,0,260,0,24196.75
2026-04-16,2026-04-28,22050,CE,0.0,0.0,0.0,2203.9,2189.15,0,10010,0,24196.75
2026-04-16,2026-04-21,20150,CE,0.0,0.0,0.0,3566.4,4062.8,0,0,0,24196.75
2026-04-16,2026-04-28,22650,CE,0.0,0.0,0.0,1663.0,1594.45,0,64740,0,24196.75
2026-04-16,2026-04-28,22700,CE,1671.7,1700.0,1452.75,1528.95,1528.95,319,372515,-8970,24196.75
2026-04-16,2026-04-28,22750,CE,1579.0,1579.0,1432.85,1478.0,1478.0,6,132340,-195,24196.75
2026-04-16,2026-04-28,23750,CE,703.6,748.1,545.0,597.05,597.05,292,45110,-2080,24196.75
2026-04-16,2026-04-28,24200,CE,370.2,414.15,268.15,306.05,306.05,86185,1748175,329225,24196.75
