date,expiry,strike,opt_type,open,high,low,close,settle,volume,oi,oi_change,underlying
2025-07-24,2025-12-24,31000,CE,17.2,17.95,16.4,17.0,17.0,94,236800,-1875,25062.1
2025-07-24,2029-12-27,31000,CE,0.0,0.0,0.0,4512.25,4078.8,0,0,0,25062.1
2025-07-24,2028-12-28,31000,CE,0.0,0.0,0.0,2968.35,2983.7,0,0,0,25062.1
2025-07-24,2026-03-26,31000,CE,0.0,0.0,0.0,200.35,173.3,0,0,0,25062.1
2025-07-24,2027-12-30,31000,CE,0.0,0.0,0.0,1546.6,1882.1,0,0,0,25062.1
2025-07-24,2029-06-28,31000,CE,0.0,0.0,0.0,4882.55,3533.65,0,0,0,25062.1
2025-07-24,2027-06-24,31000,PE,0.0,0.0,0.0,4436.25,3832.5,0,0,0,25062.1
2025-07-24,2025-12-24,31000,PE,0.0,0.0,0.0,6296.45,5199.25,0,0,0,25062.1
2025-07-24,2029-12-27,31000,PE,0.0,0.0,0.0,2262.75,2665.35,0,0,0,25062.1
2025-07-24,2030-06-25,31000,CE,0.0,0.0,0.0,5167.8,4611.25,0,0,0,25062.1
2025-07-24,2026-03-26,31000,PE,0.0,0.0,0.0,5434.7,4865.55,0,0,0,25062.1
2025-07-24,2026-06-25,31000,CE,0.0,0.0,0.0,507.8,355.85,0,0,0,25062.1
2025-07-24,2028-06-29,31000,PE,0.0,0.0,0.0,3541.95,3281.55,0,0,0,25062.1
2025-07-24,2030-06-25,31000,PE,0.0,0.0,0.0,2424.0,2495.85,0,0,0,25062.1
2025-07-24,2025-07-24,26300,PE,1102.0,1245.9,1102.0,1235.0,25062.1,44,4200,-1950,25062.1
2025-07-24,2025-08-07,23400,CE,0.0,0.0,0.0,2165.65,1719.55,0,0,0,25062.1
2025-07-24,2025-08-07,23400,PE,4.35,6.3,4.15,4.65,4.65,368,28875,5625,25062.1
2025-07-24,2025-07-31,24800,PE,18.95,58.05,18.6,35.4,35.4,333034,4797075,2089200,25062.1
2025-07-24,2025-09-25,24800,CE,879.5,879.5,780.0,788.6,788.6,56,10125,2625,25062.1
2025-07-24,2025-08-21,24800,PE,108.3,151.5,101.35,134.95,134.95,104,5550,2250,25062.1
2025-07-24,2025-08-21,24800,CE,0.0,0.0,0.0,765.2,661.9,0,0,0,25062.1
2025-07-24,2025-07-24,24800,CE,440.25,440.25,220.7,263.6,25062.1,95390,196950,-45075,25062.1
2025-07-24,2025-08-28,24800,CE,678.0,678.05,540.15,563.45,563.45,1981,87300,34800,25062.1
2025-07-24,2025-09-25,24800,PE,207.0,273.3,200.55,253.65,253.65,626,124425,2850,25062.1
2025-07-24,2025-08-14,24800,PE,78.55,128.2,78.2,106.05,106.05,774,43575,15975,25062.1
2025-07-24,2025-08-14,24850,CE,428.5,428.5,427.7,428.05,428.05,6,450,450,25062.1
2025-07-24,2025-07-31,24850,CE,419.85,431.6,266.1,287.65,287.65,5524,67575,28800,25062.1
2025-07-24,2025-09-25,23650,PE,57.15,69.65,56.95,65.3,134.8,38,28350,225,25062.1
2025-07-24,2025-09-25,23650,CE,0.0,0.0,0.0,2402.45,1795.05,0,0,0,25062.1
2025-07-24,2026-12-31,13000,PE,0.0,0.0,0.0,20.3,0.1,0,2025,0,25062.1
2025-07-24,2025-08-07,23650,PE,5.75,6.9,4.8,6.45,9.05,64,19425,1200,25062.1
2025-07-24,2025-08-28,23650,CE,1578.6,1578.6,1578.4,1578.5,1578.5,2,750,150,25062.1
2025-07-24,2025-08-14,23650,PE,0.0,0.0,0.0,10.5,24.0,0,150,0,25062.1
2025-07-24,2025-07-24,23650,CE,0.0,0.0,0.0,1596.55,25062.1,0,75,0,25062.1
2025-07-24,2025-08-21,25000,PE,148.45,224.05,145.35,198.3,198.3,324,28500,14400,25062.1
2025-07-24,2025-08-07,25000,PE,80.0,162.0,80.0,130.05,130.05,27107,606675,173550,25062.1
2025-07-24,2028-12-28,25000,PE,0.0,0.0,0.0,1100.0,968.8,0,3100,0,25062.1
2025-07-24,2028-06-29,25000,CE,0.0,0.0,0.0,3545.15,5157.8,0,0,0,25062.1
2025-07-24,2029-12-27,25000,CE,0.0,0.0,0.0,7196.25,6897.95,0,0,0,25062.1
2025-07-24,2025-08-21,25000,CE,477.0,477.0,362.65,370.25,370.25,139,9675,1575,25062.1
2025-07-24,2025-09-25,25800,CE,316.0,316.0,250.0,260.95,260.95,298,52800,4650,25062.1
2025-07-24,2025-07-31,25800,PE,560.0,753.0,560.0,705.6,705.6,1673,236325,20700,25062.1
2025-07-24,2025-07-24,25000,PE,5.0,41.0,0.05,0.4,25062.1,18653285,10830750,-616875,25062.1
2025-07-24,2025-07-31,25000,PE,40.0,117.5,37.35,83.4,83.4,639886,7671750,603000,25062.1
2025-07-24,2026-03-26,25000,PE,500.5,554.95,498.0,543.5,543.5,219,42600,4050,25062.1
2025-07-24,2027-06-24,25000,PE,0.0,0.0,0.0,5619.05,1006.65,0,0,0,25062.1
2025-07-24,2025-08-07,25000,CE,370.0,370.0,242.05,255.65,255.65,12119,398025,185775,25062.1
2025-07-24,2025-12-24,25000,CE,1302.0,1302.0,1175.0,1197.15,1197.15,1191,1072700,375,25062.1
2025-07-24,2027-12-30,25000,PE,0.0,0.0,0.0,1000.0,1007.25,0,225,0,25062.1
2025-07-24,2025-08-21,25800,PE,0.0,0.0,0.0,828.5,832.8,0,0,0,25062.1
2025-07-24,2027-12-30,25000,CE,0.0,0.0,0.0,4575.0,4526.2,0,75,0,25062.1
2025-07-24,2028-06-29,30000,CE,0.0,0.0,0.0,2278.45,2783.15,0,0,0,25062.1
2025-07-24,2025-08-21,23300,PE,0.0,0.0,0.0,29.6,19.45,0,0,0,25062.1
2025-07-24,2025-09-25,23300,PE,41.1,49.95,40.25,44.8,44.8,251,34425,10875,25062.1
2025-07-24,2025-08-07,23300,PE,4.2,5.3,3.6,3.8,3.8,93,5775,4575,25062.1
2025-07-24,2025-08-14,23300,CE,0.0,0.0,0.0,2210.65,1851.7,0,0,0,25062.1
2025-07-24,2026-03-26,30000,CE,89.9,93.1,85.25,88.85,88.85,57,19200,2325,25062.1
2025-07-24,2025-08-21,23300,CE,0.0,0.0,0.0,1976.5,1888.55,0,0,0,25062.1
2025-07-24,2025-08-28,23300,CE,2030.0,2030.0,2025.0,2025.0,1929.75,2,225,75,25062.1
2025-07-24,2025-09-25,30000,PE,4500.0,4600.0,4500.0,4573.85,4627.0,9,25800,75,25062.1
2025-07-24,2025-12-24,30000,CE,26.05,28.5,25.25,25.9,25.9,851,406550,5775,25062.1
2025-07-24,2030-06-25,30000,CE,0.0,0.0,0.0,5580.35,5012.85,0,0,0,25062.1
2025-07-24,2027-12-30,30000,CE,0.0,0.0,0.0,1877.7,2206.9,0,0,0,25062.1
2025-07-24,2029-12-27,30000,PE,0.0,0.0,0.0,1953.5,2297.45,0,0,0,25062.1
2025-07-24,2028-12-28,30000,PE,0.0,0.0,0.0,2352.75,2616.1,0,0,0,25062.1
2025-07-24,2025-08-07,23300,CE,0.0,0.0,0.0,2260.75,1818.15,0,0,0,25062.1
2025-07-24,2029-06-28,30000,CE,0.0,0.0,0.0,5268.4,3918.65,0,0,0,25062.1
2025-07-24,2026-06-25,30000,PE,0.0,0.0,0.0,5541.2,3809.8,0,0,0,25062.1
2025-07-24,2025-09-25,30000,CE,3.75,4.1,3.25,3.8,3.8,588,305850,-14400,25062.1
2025-07-24,2025-09-25,27400,CE,0.0,0.0,0.0,349.25,108.35,0,0,0,25062.1
2025-07-24,2025-09-25,27400,PE,2029.2,2029.2,2029.2,2029.2,2029.2,1,300,75,25062.1
2025-07-24,2025-07-31,26300,CE,2.0,2.5,1.3,1.5,1.5,73228,2048175,722550,25062.1
2025-07-24,2025-08-28,26300,CE,41.15,42.3,28.0,29.75,29.75,5603,292500,30150,25062.1
2025-07-24,2025-08-07,26300,PE,1165.4,1165.4,1165.35,1165.4,1165.4,2,150,150,25062.1
2025-07-24,2025-08-21,26300,PE,0.0,0.0,0.0,1194.15,1220.8,0,0,0,25062.1
2025-07-24,2025-07-31,26300,PE,1069.0,1215.0,1069.0,1195.5,1195.5,47,17175,2925,25062.1
2025-07-24,2025-08-14,24700,CE,542.6,542.6,542.6,542.6,542.6,1,300,75,25062.1
2025-07-24,2025-08-07,24700,CE,585.05,595.0,457.5,478.85,478.85,489,26550,20025,25062.1
2025-07-24,2026-12-31,12000,PE,0.0,0.0,0.0,20.0,0.05,0,1025,0,25062.1
2025-07-24,2026-06-25,12000,CE,0.0,0.0,0.0,8690.0,13718.45,0,50,0,25062.1
2025-07-24,2026-06-25,28000,CE,0.0,0.0,0.0,1533.95,1003.0,0,0,0,25062.1
2025-07-24,2026-12-31,28000,PE,1844.9,1868.95,1831.0,1868.95,2283.5,4,7200,75,25062.1
2025-07-24,2030-06-25,28000,CE,0.0,0.0,0.0,6483.0,5898.15,0,0,0,25062.1
2025-07-24,2028-06-29,28000,PE,0.0,0.0,0.0,3161.35,1947.95,0,0,0,25062.1
2025-07-24,2029-06-28,28000,CE,0.0,0.0,0.0,6112.6,4786.05,0,0,0,25062.1
2025-07-24,2027-12-30,28000,CE,0.0,0.0,0.0,2639.2,2989.75,0,0,0,25062.1
2025-07-24,2028-12-28,28000,PE,0.0,0.0,0.0,1697.6,1844.15,0,0,0,25062.1
2025-07-24,2029-06-28,28000,PE,0.0,0.0,0.0,1488.1,1744.8,0,0,0,25062.1
2025-07-24,2028-12-28,28000,CE,0.0,0.0,0.0,3636.85,4204.2,0,975,0,25062.1
2025-07-24,2027-12-30,28000,PE,0.0,0.0,0.0,4251.0,2056.05,0,0,0,25062.1
2025-07-24,2025-08-07,26600,CE,2.7,3.95,2.6,2.75,2.75,664,28275,20700,25062.1
2025-07-24,2025-08-21,26600,CE,0.0,0.0,0.0,105.9,63.7,0,0,0,25062.1
2025-07-24,2025-07-24,26600,PE,0.0,0.0,0.0,1460.0,25062.1,0,900,0,25062.1
2025-07-24,2025-09-25,26600,PE,0.0,0.0,0.0,1377.0,1499.1,0,300,0,25062.1
2025-07-24,2025-07-24,23050,PE,0.2,0.25,0.05,0.1,25062.1,332855,1708125,-2745300,25062.1
2025-07-24,2025-09-25,26350,CE,126.7,126.7,114.0,115.5,115.5,55,6000,-750,25062.1
2025-07-24,2028-12-28,22000,PE,0.0,0.0,0.0,521.3,417.55,0,150,0,25062.1
2025-07-24,2029-06-28,24000,CE,0.0,0.0,0.0,8085.35,6923.3,0,0,0,25062.1
2025-07-24,2029-12-27,22000,CE,0.0,0.0,0.0,8865.25,8700.55,0,0,0,25062.1
2025-07-24,2026-12-31,24000,PE,600.0,620.0,600.0,620.0,620.0,5,25200,75,25062.1
2025-07-24,2025-07-31,26800,CE,0.8,1.15,0.75,0.9,0.9,56323,1100475,115275,25062.1
2025-07-24,2025-08-14,26800,PE,0.0,0.0,0.0,1407.6,1668.0,0,0,0,25062.1
2025-07-24,2025-07-24,26550,PE,0.0,0.0,0.0,1390.0,25062.1,0,450,0,25062.1
2025-07-24,2025-09-25,26800,PE,0.0,0.0,0.0,1627.0,1655.7,0,150,0,25062.1
2025-07-24,2027-06-24,18000,PE,0.0,0.0,0.0,48.55,40.55,0,25,0,25062.1
2025-07-24,2025-12-24,18000,CE,0.0,0.0,0.0,7491.7,7517.5,0,20625,0,25062.1
2025-07-24,2025-09-25,24450,CE,0.0,0.0,0.0,1009.3,1189.2,0,150,0,25062.1
2025-07-24,2025-08-07,24450,CE,701.3,701.3,701.3,701.3,756.4,1,75,0,25062.1
2025-07-24,2025-07-31,24450,PE,9.95,17.2,7.6,11.05,11.05,32283,499350,191100,25062.1
2025-07-24,2025-07-24,24450,CE,666.5,675.75,570.2,615.1,25062.1,223,3150,-2475,25062.1
2025-07-24,2025-08-28,24450,CE,845.0,845.0,842.0,842.05,964.05,3,825,150,25062.1
2025-07-24,2025-08-14,24450,PE,45.0,56.3,40.5,49.15,49.15,89,9825,1575,25062.1
2025-07-24,2025-08-21,24450,PE,0.0,0.0,0.0,199.85,175.3,0,0,0,25062.1
2025-07-24,2025-07-31,24450,CE,0.0,0.0,0.0,776.0,675.55,0,14325,0,25062.1
2025-07-24,2025-08-28,27200,PE,0.0,0.0,0.0,1796.35,2017.6,0,300,0,25062.1
2025-07-24,2025-07-24,27200,CE,0.25,0.45,0.05,0.1,25062.1,14464,165525,48525,25062.1
2025-07-24,2028-06-29,23000,CE,0.0,0.0,0.0,4323.1,6400.35,0,0,0,25062.1
2025-07-24,2025-07-31,23550,CE,1590.0,1590.0,1535.0,1546.75,1546.75,14,1650,150,25062.1
2025-07-24,2030-06-25,23000,PE,0.0,0.0,0.0,550.6,544.55,0,0,0,25062.1
2025-07-24,2025-08-21,23550,CE,0.0,0.0,0.0,1746.2,1654.3,0,0,0,25062.1
2025-07-24,2025-08-07,24550,CE,610.05,610.05,608.45,608.45,678.8,2,225,150,25062.1
2025-07-24,2025-12-24,23000,PE,99.5,116.35,97.0,106.75,106.75,3337,1731425,53075,25062.1
2025-07-24,2025-08-28,23000,PE,11.95,13.95,9.5,13.2,13.2,5140,774825,22275,25062.1
2025-07-24,2026-12-31,23000,CE,0.0,0.0,0.0,4490.0,4460.2,0,4875,0,25062.1
2025-07-24,2025-09-25,23000,CE,2480.0,2480.0,2310.0,2346.55,2346.55,457,305925,13800,25062.1
2025-07-24,2025-09-25,23000,PE,28.1,37.9,28.1,34.05,34.05,5422,1617675,139950,25062.1
2025-07-24,2025-08-07,23550,CE,0.0,0.0,0.0,2024.6,1572.6,0,0,0,25062.1
2025-07-24,2025-08-28,25550,CE,224.7,224.7,160.9,164.3,164.3,397,41625,3750,25062.1
2025-07-24,2025-07-31,25550,PE,330.0,510.0,327.75,467.35,467.35,1526,103950,16650,25062.1
2025-07-24,2025-07-31,25550,CE,35.95,35.95,13.7,14.8,14.8,107729,1074750,415350,25062.1
2025-07-24,2025-08-21,25500,PE,361.15,490.5,361.15,453.35,453.35,25,2550,-450,25062.1
2025-07-24,2025-07-31,25500,CE,48.9,48.9,17.35,18.8,18.8,475872,9136725,2684250,25062.1
2025-07-24,2025-07-31,25400,CE,70.3,76.25,27.0,29.25,29.25,391868,5660175,2825700,25062.1
2025-07-24,2025-08-14,24300,PE,0.0,0.0,0.0,118.45,101.55,0,0,0,25062.1
2025-07-24,2025-07-31,24300,PE,6.5,11.4,5.45,7.65,7.65,94970,1942500,594675,25062.1
2025-07-24,2025-08-14,25400,PE,293.25,412.3,291.15,367.9,367.9,124,3375,300,25062.1
2025-07-24,2025-09-25,24900,PE,233.55,302.15,233.45,284.35,284.35,150,42900,3975,25062.1
2025-07-24,2025-07-31,24900,CE,387.1,391.65,229.35,249.95,249.95,37421,608700,200925,25062.1
2025-07-24,2025-07-24,24900,CE,333.25,345.9,129.2,164.5,25062.1,427748,454950,-12375,25062.1
2025-07-24,2025-08-07,24900,PE,65.2,125.75,59.65,98.65,98.65,12568,273975,-2775,25062.1
2025-07-24,2025-07-24,25900,CE,0.4,1.25,0.05,0.1,25062.1,797344,4282650,1757025,25062.1
2025-07-24,2025-08-21,25900,CE,0.0,0.0,0.0,258.55,186.2,0,0,0,25062.1
2025-07-24,2025-07-24,25900,PE,700.0,847.1,700.0,835.9,25062.1,288,9675,-7425,25062.1
2025-07-24,2025-09-25,25900,PE,699.0,757.2,699.0,757.2,757.2,2,10125,0,25062.1
2025-07-24,2025-07-31,25900,PE,656.0,829.05,655.25,801.4,801.4,398,107400,-17925,25062.1
2025-07-24,2027-06-24,29000,CE,0.0,0.0,0.0,1545.2,1943.3,0,0,0,25062.1
2025-07-24,2029-06-28,29000,PE,0.0,0.0,0.0,1746.95,2081.0,0,0,0,25062.1
2025-07-24,2026-12-31,29000,CE,935.0,935.0,885.0,896.9,896.9,34,22200,675,25062.1
2025-07-24,2029-12-27,29000,PE,0.0,0.0,0.0,1669.2,1958.8,0,0,0,25062.1
2025-07-24,2028-12-28,29000,CE,0.0,0.0,0.0,3645.75,3761.05,0,0,0,25062.1
2025-07-24,2028-06-29,29000,PE,0.0,0.0,0.0,3595.9,2352.0,0,0,0,25062.1
2025-07-24,2025-09-25,29000,CE,6.05,6.7,5.5,6.15,6.15,596,662100,-1500,25062.1
2025-07-24,2026-06-25,29000,CE,0.0,0.0,0.0,864.2,723.9,0,0,0,25062.1
2025-07-24,2025-08-14,23800,CE,0.0,0.0,0.0,1745.85,1378.85,0,0,0,25062.1
2025-07-24,2025-12-24,17000,CE,0.0,0.0,0.0,7010.0,8492.0,0,700,0,25062.1
2025-07-24,2025-09-25,17000,CE,8226.0,8226.0,8155.0,8155.0,8155.0,2,169800,0,25062.1
2025-07-24,2025-08-21,23800,CE,0.0,0.0,0.0,1524.2,1428.15,0,0,0,25062.1
2025-07-24,2025-08-07,23350,CE,0.0,0.0,0.0,2213.1,1768.8,0,0,0,25062.1
2025-07-24,2025-07-24,26450,CE,0.45,0.8,0.05,0.1,25062.1,95633,1153725,510975,25062.1
2025-07-24,2025-08-14,26450,CE,0.0,0.0,0.0,186.6,47.3,0,0,0,25062.1
2025-07-24,2025-08-21,26450,PE,0.0,0.0,0.0,1314.85,1348.1,0,0,0,25062.1
2025-07-24,2025-08-28,26450,CE,0.0,0.0,0.0,410.95,119.25,0,0,0,25062.1
2025-07-24,2025-08-07,26450,PE,1311.05,1311.25,1311.05,1311.15,1311.15,2,150,150,25062.1
2025-07-24,2025-09-25,26450,PE,0.0,0.0,0.0,1080.1,1386.7,0,150,0,25062.1
2025-07-24,2025-08-21,26450,CE,0.0,0.0,0.0,130.05,81.7,0,0,0,25062.1
2025-07-24,2025-07-31,26450,PE,1343.75,1344.0,1343.75,1344.0,1359.45,2,1350,150,25062.1
2025-07-24,2025-07-24,26450,PE,0.0,0.0,0.0,1353.0,25062.1,0,75,0,25062.1
2025-07-24,2025-08-14,26450,PE,0.0,0.0,0.0,1127.35,1344.05,0,0,0,25062.1
2025-07-24,2025-08-28,26450,PE,1245.2,1245.2,1245.2,1245.2,1245.2,1,1050,0,25062.1
2025-07-24,2025-08-07,26450,CE,3.5,3.55,3.3,3.45,3.45,30,1875,1875,25062.1
2025-07-24,2025-07-31,26450,CE,1.5,2.0,1.2,1.3,1.3,5689,150075,69300,25062.1
2025-07-24,2030-06-25,25000,CE,0.0,0.0,0.0,8027.0,7430.05,0,0,0,25062.1
2025-07-24,2025-08-07,25800,CE,35.05,35.05,17.65,19.1,19.1,15800,437325,112950,25062.1
2025-07-24,2025-08-21,25800,CE,0.0,0.0,0.0,289.9,213.35,0,0,0,25062.1
2025-07-24,2025-08-28,25000,PE,169.95,255.9,160.8,227.95,227.95,26079,2822700,309450,25062.1
2025-07-24,2029-06-28,25000,CE,0.0,0.0,0.0,7557.7,6340.35,0,0,0,25062.1
2025-07-24,2025-08-14,25000,CE,416.05,422.75,309.3,318.95,318.95,817,42975,18825,25062.1
2025-07-24,2026-06-25,25000,CE,0.0,0.0,0.0,2165.0,2341.25,0,900,0,25062.1
2025-07-24,2025-08-14,25000,PE,116.95,196.55,116.6,166.6,166.6,1616,77850,-3525,25062.1
2025-07-24,2026-03-26,25000,CE,1705.9,1724.75,1640.0,1676.0,1910.85,45,2550,-375,25062.1
2025-07-24,2026-06-25,25000,PE,610.0,660.0,610.0,648.0,648.0,69,12600,1125,25062.1
2025-07-24,2025-07-31,23700,CE,1528.25,1528.25,1377.0,1383.0,1383.0,48,12225,1650,25062.1
2025-07-24,2025-08-14,23700,PE,11.0,17.4,10.95,13.05,13.05,44,4500,1350,25062.1
2025-07-24,2025-07-24,27350,CE,0.3,0.3,0.05,0.05,25062.1,255656,986100,732675,25062.1
2025-07-24,2025-07-31,22250,PE,0.85,0.95,0.65,0.7,0.7,11920,936300,201825,25062.1
2025-07-24,2025-08-07,24550,PE,27.7,48.3,25.0,36.7,36.7,1436,58800,19350,25062.1
2025-07-24,2025-08-28,24550,PE,83.95,122.3,81.65,106.4,106.4,387,29175,6825,25062.1
2025-07-24,2030-06-25,23000,CE,0.0,0.0,0.0,9179.65,8581.7,0,0,0,25062.1
2025-07-24,2025-09-25,23550,PE,61.2,61.2,61.2,61.2,119.25,1,5775,0,25062.1
2025-07-24,2025-08-28,23000,CE,2345.05,2345.05,2160.0,2187.55,2187.55,329,129375,18300,25062.1
2025-07-24,2025-09-25,24550,PE,156.4,198.1,156.4,198.1,352.7,9,4350,-450,25062.1
2025-07-24,2026-12-31,23000,PE,406.05,406.05,406.05,406.05,463.05,1,22475,0,25062.1
2025-07-24,2025-08-28,24550,CE,760.05,771.7,744.85,756.4,756.4,19,2400,-750,25062.1
2025-07-24,2025-08-07,23550,PE,5.65,5.65,5.1,5.1,5.1,12,900,825,25062.1
2025-07-24,2028-12-28,23000,CE,0.0,0.0,0.0,6377.6,6981.5,0,0,0,25062.1
2025-07-24,2025-07-24,23550,CE,1505.0,1540.0,1505.0,1530.0,25062.1,10,525,-225,25062.1
2025-07-24,2027-12-30,23000,PE,0.0,0.0,0.0,700.05,548.35,0,2025,0,25062.1
2025-07-24,2025-09-25,24550,CE,0.0,0.0,0.0,934.6,1122.35,0,450,0,25062.1
2025-07-24,2025-08-14,23550,PE,0.0,0.0,0.0,32.7,18.55,0,0,0,25062.1
2025-07-24,2025-07-24,24550,PE,1.0,1.0,0.05,0.15,25062.1,646896,1596375,278250,25062.1
2025-07-24,2029-12-27,23000,CE,0.0,0.0,0.0,8286.75,8072.6,0,0,0,25062.1
2025-07-24,2025-08-14,23550,CE,0.0,0.0,0.0,1975.05,1611.8,0,0,0,25062.1
2025-07-24,2025-09-25,23550,CE,0.0,0.0,0.0,2487.0,1878.45,0,0,0,25062.1
2025-07-24,2029-12-27,23000,PE,0.0,0.0,0.0,670.0,556.3,0,1875,0,25062.1
2025-07-24,2025-08-28,23550,CE,1765.0,1765.0,1660.0,1660.0,1700.5,7,750,375,25062.1
2025-07-24,2025-12-24,23000,CE,2959.2,2959.2,2750.0,2783.65,2783.65,102,457925,1275,25062.1
2025-07-24,2025-08-21,25550,CE,0.0,0.0,0.0,380.5,294.25,0,0,0,25062.1
2025-07-24,2025-08-28,25550,PE,404.0,543.7,404.0,508.0,508.0,81,23775,-450,25062.1
2025-07-24,2025-07-24,25550,PE,322.2,533.05,317.25,486.85,25062.1,4308,31425,-16125,25062.1
2025-07-24,2025-07-31,25250,CE,137.15,137.15,57.35,61.05,61.05,240952,2662950,1663200,25062.1
2025-07-24,2025-07-31,23800,CE,1455.05,1455.1,1282.0,1289.95,1289.95,49,23925,-2175,25062.1
2025-07-24,2025-07-31,23350,PE,2.3,2.3,1.35,1.75,1.75,3197,47775,450,25062.1
2025-07-24,2025-08-21,23350,PE,0.0,0.0,0.0,34.3,21.85,0,75,0,25062.1
2025-07-24,2025-09-25,23350,CE,0.0,0.0,0.0,2659.3,2049.45,0,0,0,25062.1
2025-07-24,2025-08-21,23350,CE,0.0,0.0,0.0,1929.9,1841.2,0,0,0,25062.1
2025-07-24,2025-08-14,23350,PE,7.7,9.2,6.05,6.8,10.7,24,9750,525,25062.1
2025-07-24,2025-08-28,23350,CE,0.0,0.0,0.0,1993.75,1883.3,0,75,0,25062.1
2025-07-24,2025-07-31,23350,CE,1850.0,1850.0,1850.0,1850.0,1739.1,11,1125,0,25062.1
2025-07-24,2025-08-28,23350,PE,0.0,0.0,0.0,34.0,34.8,0,1875,0,25062.1
2025-07-24,2025-08-21,26000,CE,62.05,62.05,37.65,40.5,40.5,400,10500,9375,25062.1
2025-07-24,2029-06-28,26000,PE,0.0,0.0,0.0,1391.75,1174.8,0,25,0,25062.1
2025-07-24,2026-06-25,26000,CE,0.0,0.0,0.0,1479.95,1804.85,0,3325,0,25062.1
2025-07-24,2025-08-21,26000,PE,912.15,912.15,912.15,912.15,980.55,1,225,75,25062.1
2025-07-24,2026-06-25,26000,PE,0.0,0.0,0.0,906.05,1320.75,0,975,0,25062.1
2025-07-24,2027-06-24,26000,CE,0.0,0.0,0.0,1900.85,3274.0,0,0,0,25062.1
2025-07-24,2025-09-25,26000,PE,730.2,878.6,727.4,844.8,844.8,926,698550,4425,25062.1
2025-07-24,2026-12-31,26000,PE,1080.0,1140.0,1080.0,1127.8,1127.8,27,47100,-75,25062.1
2025-07-24,2028-12-28,26000,CE,0.0,0.0,0.0,4879.7,5204.65,0,0,0,25062.1
2025-07-24,2025-07-31,26000,CE,5.5,5.55,2.7,3.0,3.0,388416,11930475,4870425,25062.1
2025-07-24,2025-07-31,26000,PE,750.0,950.1,739.55,905.2,905.2,4471,1216950,-52800,25062.1
2025-07-24,2026-12-31,26000,CE,0.0,0.0,0.0,2350.0,2596.65,0,5775,0,25062.1
2025-07-24,2030-06-25,26000,PE,0.0,0.0,0.0,1065.5,1075.9,0,0,0,25062.1
2025-07-24,2029-06-28,26000,CE,0.0,0.0,0.0,7052.2,5788.95,0,0,0,25062.1
2025-07-24,2025-07-24,26000,CE,0.35,1.05,0.05,0.1,25062.1,1365223,8461575,1090050,25062.1
2025-07-24,2025-08-14,26000,PE,861.7,874.0,861.7,866.05,866.05,6,450,450,25062.1
2025-07-24,2026-12-31,30000,PE,0.0,0.0,0.0,5003.2,3478.15,0,0,0,25062.1
2025-07-24,2028-06-29,30000,PE,0.0,0.0,0.0,3779.25,2797.15,0,0,0,25062.1
2025-07-24,2029-06-28,30000,PE,0.0,0.0,0.0,2031.05,2450.35,0,0,0,25062.1
2025-07-24,2027-06-24,30000,CE,0.0,0.0,0.0,1478.4,1608.65,0,0,0,25062.1
2025-07-24,2025-07-24,23300,PE,0.3,0.45,0.05,0.1,25062.1,15877,350625,-1875,25062.1
2025-07-24,2028-12-28,30000,CE,0.0,0.0,0.0,3293.05,3354.6,0,0,0,25062.1
2025-07-24,2025-09-25,23300,CE,0.0,0.0,0.0,2703.0,2093.0,0,0,0,25062.1
2025-07-24,2027-06-24,30000,PE,0.0,0.0,0.0,4562.55,3229.35,0,0,0,25062.1
2025-07-24,2027-12-30,30000,PE,0.0,0.0,0.0,4140.9,2996.6,0,0,0,25062.1
2025-07-24,2026-03-26,30000,PE,0.0,0.0,0.0,4604.45,4011.85,0,0,0,25062.1
2025-07-24,2026-06-25,30000,CE,0.0,0.0,0.0,788.0,512.7,0,0,0,25062.1
2025-07-24,2029-12-27,30000,CE,0.0,0.0,0.0,4896.55,4473.75,0,0,0,25062.1
2025-07-24,2025-07-24,23300,CE,1760.0,1775.0,1755.0,1775.0,25062.1,5,75,-300,25062.1
2025-07-24,2025-07-31,23300,PE,2.0,2.1,1.4,1.65,1.65,8518,290100,27975,25062.1
2025-07-24,2026-12-31,30000,CE,0.0,0.0,0.0,1131.45,1064.2,0,0,0,25062.1
2025-07-24,2030-06-25,30000,PE,0.0,0.0,0.0,2100.85,2157.25,0,0,0,25062.1
2025-07-24,2025-08-14,23300,PE,0.0,0.0,0.0,19.75,9.3,0,0,0,25062.1
2025-07-24,2025-08-28,23300,PE,12.9,17.95,12.75,16.9,16.9,221,161850,4800,25062.1
2025-07-24,2025-07-31,23300,CE,1771.85,1825.0,1763.25,1807.1,1807.1,7,4800,150,25062.1
2025-07-24,2025-08-21,26300,CE,0.0,0.0,0.0,158.5,103.65,0,0,0,25062.1
2025-07-24,2025-08-07,26300,CE,0.0,0.0,0.0,243.3,28.0,0,0,0,25062.1
2025-07-24,2025-08-14,26300,CE,0.0,0.0,0.0,223.4,63.6,0,0,0,25062.1
2025-07-24,2025-07-24,26300,CE,0.25,0.9,0.05,0.1,25062.1,193936,1197225,20775,25062.1
2025-07-24,2025-08-14,26300,PE,0.0,0.0,0.0,1015.0,1210.85,0,0,0,25062.1
2025-07-24,2025-09-25,26300,PE,0.0,0.0,0.0,972.65,1276.35,0,150,0,25062.1
2025-07-24,2025-07-31,26600,CE,1.05,1.4,0.95,1.1,1.1,44966,1245375,372900,25062.1
2025-07-24,2025-08-28,26600,PE,1267.2,1397.55,1267.2,1389.75,1389.75,4,1875,75,25062.1
2025-07-24,2025-08-21,26050,CE,0.0,0.0,0.0,216.4,150.85,0,0,0,25062.1
2025-07-24,2025-09-25,24700,PE,185.0,243.7,184.65,227.1,227.1,268,70050,3450,25062.1
2025-07-24,2025-09-25,24700,CE,854.4,875.0,845.7,875.0,1026.15,14,6900,600,25062.1
2025-07-24,2025-07-24,24700,CE,530.2,530.2,318.95,363.1,25062.1,8842,60825,975,25062.1
2025-07-24,2025-08-14,24700,PE,62.15,101.0,61.1,84.9,84.9,585,37050,14475,25062.1
2025-07-24,2025-08-21,24700,CE,0.0,0.0,0.0,829.4,725.5,0,0,0,25062.1
2025-07-24,2025-07-31,23400,CE,1798.4,1798.4,1670.0,1692.75,1689.2,17,12075,75,25062.1
2025-07-24,2025-08-14,23400,CE,0.0,0.0,0.0,2115.75,1755.1,0,0,0,25062.1
2025-07-24,2025-07-31,24250,PE,6.15,10.0,4.95,6.8,6.8,21245,472125,94875,25062.1
2025-07-24,2025-09-25,24250,PE,108.0,143.35,108.0,131.9,131.9,69,17175,2100,25062.1
2025-07-24,2025-08-14,24250,PE,0.0,0.0,0.0,109.8,92.15,0,0,0,25062.1
2025-07-24,2025-09-25,24250,CE,0.0,0.0,0.0,1381.2,1330.25,0,150,0,25062.1
2025-07-24,2025-07-31,24250,CE,845.0,855.25,842.6,842.6,842.6,3,1050,75,25062.1
2025-07-24,2025-08-07,24250,CE,902.85,902.85,902.85,902.85,902.85,1,75,75,25062.1
2025-07-24,2025-08-07,24250,PE,0.0,0.0,0.0,105.55,54.15,0,0,0,25062.1
2025-07-24,2025-08-28,24250,CE,1019.3,1019.3,1019.3,1019.3,1019.3,1,975,-75,25062.1
2025-07-24,2025-08-14,24250,CE,0.0,0.0,0.0,1356.25,987.85,0,0,0,25062.1
2025-07-24,2025-07-24,24250,CE,908.1,908.1,800.9,813.15,25062.1,101,6825,1050,25062.1
2025-07-24,2025-08-21,24250,CE,0.0,0.0,0.0,1153.0,1050.7,0,0,0,25062.1
2025-07-24,2025-08-21,24250,PE,0.0,0.0,0.0,150.55,127.25,0,0,0,25062.1
2025-07-24,2025-08-28,24250,PE,50.55,75.15,48.05,65.55,65.55,58,22575,1575,25062.1
2025-07-24,2025-07-24,24250,PE,0.6,0.8,0.05,0.1,25062.1,206959,1182450,-18600,25062.1
2025-07-24,2025-07-31,25450,PE,239.55,425.6,239.55,373.5,373.5,3769,153525,4425,25062.1
2025-07-24,2025-08-14,25450,PE,404.2,404.2,403.45,403.45,562.35,2,150,150,25062.1
2025-07-24,2025-08-21,25450,CE,0.0,0.0,0.0,421.85,332.1,0,0,0,25062.1
2025-07-24,2025-08-28,25050,CE,470.0,474.0,385.0,397.95,397.95,530,24600,11250,25062.1
2025-07-24,2025-08-07,26850,PE,1708.65,1708.65,1708.65,1708.65,1708.65,1,75,75,25062.1
2025-07-24,2025-09-25,23750,PE,63.85,80.7,63.85,74.95,151.9,24,30225,0,25062.1
2025-07-24,2025-07-24,23750,CE,1340.0,1340.0,1322.95,1323.2,25062.1,7,525,450,25062.1
2025-07-24,2025-08-21,23750,PE,0.0,0.0,0.0,68.3,51.45,0,0,0,25062.1
2025-07-24,2025-08-28,23750,PE,0.0,0.0,0.0,31.75,72.4,0,1275,0,25062.1
2025-07-24,2025-08-14,23750,PE,0.0,0.0,0.0,47.55,30.8,0,225,0,25062.1
2025-07-24,2025-07-31,23750,PE,3.2,3.5,2.35,2.8,2.8,9217,323775,200475,25062.1
2025-07-24,2025-07-31,24950,CE,345.05,345.05,196.0,213.05,213.05,19885,237300,95100,25062.1
2025-07-24,2025-08-07,24950,CE,384.9,384.9,274.6,287.5,287.5,528,14025,2475,25062.1
2025-07-24,2025-08-21,24950,PE,169.5,189.6,169.5,171.4,171.4,5,525,225,25062.1
2025-07-24,2029-12-27,20000,CE,0.0,0.0,0.0,10081.1,10027.65,0,0,0,25062.1
2025-07-24,2028-06-29,20000,PE,0.0,0.0,0.0,400.0,188.9,0,0,0,25062.1
2025-07-24,2025-07-24,24950,CE,281.65,285.1,88.8,114.8,25062.1,683088,579525,38400,25062.1
2025-07-24,2027-12-30,20000,PE,0.0,0.0,0.0,251.9,166.65,0,3950,0,25062.1
2025-07-24,2025-08-21,24950,CE,0.0,0.0,0.0,674.5,572.85,0,0,0,25062.1
2025-07-24,2025-08-07,24800,CE,523.7,523.7,376.25,395.95,395.95,1548,72300,36900,25062.1
2025-07-24,2025-08-28,24800,PE,119.95,185.6,119.95,162.2,162.2,7336,499200,76275,25062.1
2025-07-24,2025-08-14,24800,CE,561.05,562.0,440.0,457.7,457.7,49,2550,1875,25062.1
2025-07-24,2025-08-07,24800,PE,46.95,95.55,46.0,73.05,73.05,14244,324975,106575,25062.1
2025-07-24,2025-07-24,24800,PE,1.4,4.4,0.05,0.15,25062.1,2826640,4514925,-1781925,25062.1
2025-07-24,2025-07-31,24800,CE,475.0,479.15,304.65,332.25,332.25,20422,527700,80850,25062.1
2025-07-24,2025-07-31,25850,CE,9.2,9.2,4.2,4.5,4.5,62260,1089450,45075,25062.1
2025-07-24,2025-08-14,25850,CE,0.0,0.0,0.0,368.6,142.05,0,0,0,25062.1
2025-07-24,2025-09-25,25850,CE,282.4,288.85,280.45,282.85,457.95,18,8400,450,25062.1
2025-07-24,2025-08-07,25850,PE,612.05,612.05,612.05,612.05,811.05,1,75,0,25062.1
2025-07-24,2025-07-31,25850,PE,604.0,763.0,604.0,748.5,748.5,47,92625,375,25062.1
2025-07-24,2025-08-28,25850,CE,114.0,114.0,83.9,86.9,86.9,448,37500,2850,25062.1
2025-07-24,2025-07-24,25650,PE,422.95,631.0,422.3,586.1,25062.1,840,11325,-3525,25062.1
2025-07-24,2025-07-31,25650,PE,416.15,605.2,416.15,557.55,557.55,388,67050,-525,25062.1
2025-07-24,2025-07-24,25650,CE,0.75,1.7,0.05,0.1,25062.1,946464,2868975,-375075,25062.1
2025-07-24,2025-09-25,25650,CE,373.0,373.0,356.5,356.5,535.3,4,5175,-225,25062.1
2025-07-24,2025-08-14,25650,PE,545.5,546.4,545.5,546.0,546.0,4,300,300,25062.1
2025-07-24,2025-08-21,25650,PE,0.0,0.0,0.0,731.55,729.65,0,0,0,25062.1
2025-07-24,2025-08-28,25650,PE,481.45,595.05,478.8,578.85,578.85,47,11325,-450,25062.1
2025-07-24,2025-08-14,25650,CE,0.0,0.0,0.0,451.3,195.1,0,0,0,25062.1
2025-07-24,2025-08-07,25650,PE,555.95,559.15,548.25,559.15,559.15,6,2475,-225,25062.1
2025-07-24,2025-08-07,25250,CE,213.1,213.1,122.55,127.3,127.3,8143,147600,69900,25062.1
2025-07-24,2025-09-25,25250,CE,551.85,579.4,508.0,511.5,511.5,10,4275,150,25062.1
2025-07-24,2025-07-24,24000,PE,0.6,0.65,0.05,0.1,25062.1,775951,5329875,-721350,25062.1
2025-07-24,2027-12-30,24000,CE,0.0,0.0,0.0,3778.95,5136.05,0,0,0,25062.1
2025-07-24,2028-06-29,24000,CE,0.0,0.0,0.0,3918.85,5759.7,0,0,0,25062.1
2025-07-24,2025-12-24,22000,PE,54.4,61.55,54.1,57.25,57.25,1169,1340625,-575,25062.1
2025-07-24,2025-08-21,24000,PE,0.0,0.0,0.0,103.15,82.7,0,0,0,25062.1
2025-07-24,2025-08-21,26800,CE,0.0,0.0,0.0,10.0,45.0,0,225,0,25062.1
2025-07-24,2025-09-25,18000,CE,0.0,0.0,0.0,7255.0,7250.95,0,19125,0,25062.1
2025-07-24,2026-12-31,18000,PE,0.0,0.0,0.0,132.0,23.25,0,5950,0,25062.1
2025-07-24,2025-08-14,26550,PE,0.0,0.0,0.0,1204.9,1434.95,0,0,0,25062.1
2025-07-24,2025-07-24,26550,CE,0.4,0.75,0.05,0.1,25062.1,42739,957000,219150,25062.1
2025-07-24,2025-09-25,26550,CE,90.9,90.9,85.15,87.0,252.55,21,12225,-300,25062.1
2025-07-24,2025-08-14,25300,CE,249.0,249.0,157.15,165.7,165.7,950,30525,7275,25062.1
2025-07-24,2025-07-31,25300,PE,145.05,299.7,133.95,250.9,250.9,98797,1435200,-24225,25062.1
2025-07-24,2025-07-24,25300,PE,80.6,287.95,80.0,235.75,25062.1,1424618,395100,-1728300,25062.1
2025-07-24,2025-08-21,25300,PE,276.05,360.0,260.65,329.15,329.15,86,5025,5025,25062.1
2025-07-24,2025-07-31,25750,CE,14.2,14.2,6.0,6.35,6.35,82191,1289250,769725,25062.1
2025-07-24,2025-08-07,25750,CE,40.05,40.05,21.45,22.45,22.45,3708,100500,18825,25062.1
2025-07-24,2025-07-31,22650,PE,1.4,1.55,0.9,1.1,1.1,585,9750,-6300,25062.1
2025-07-24,2025-07-24,27000,PE,1794.0,1944.5,1794.0,1943.5,25062.1,16,18900,-450,25062.1
2025-07-24,2025-07-24,26950,PE,0.0,0.0,0.0,1687.55,25062.1,0,300,0,25062.1
2025-07-24,2025-12-24,27000,CE,314.05,317.05,275.0,282.55,282.55,3841,2124225,27700,25062.1
2025-07-24,2027-06-24,27000,PE,0.0,0.0,0.0,6273.45,1725.8,0,0,0,25062.1
2025-07-24,2030-06-25,27000,PE,0.0,0.0,0.0,1286.05,1305.35,0,0,0,25062.1
2025-07-24,2025-08-28,27000,PE,1642.3,1820.0,1642.3,1785.45,1785.45,287,117525,14250,25062.1
2025-07-24,2025-08-07,27000,PE,1752.0,1752.0,1752.0,1752.0,1879.35,1,75,0,25062.1
2025-07-24,2030-06-25,27000,CE,0.0,0.0,0.0,6972.5,6381.6,0,0,0,25062.1
2025-07-24,2029-12-27,27000,PE,0.0,0.0,0.0,1177.9,1373.05,0,0,0,25062.1
2025-07-24,2026-12-31,27000,PE,1450.0,1455.2,1450.0,1455.2,1455.2,2,9375,75,25062.1
2025-07-24,2026-06-25,27000,PE,0.0,0.0,0.0,6810.7,1821.5,0,0,0,25062.1
2025-07-24,2025-08-28,27000,CE,9.8,10.45,8.4,8.6,8.6,5992,833550,-13125,25062.1
2025-07-24,2028-12-28,27000,CE,0.0,0.0,0.0,4437.95,4684.85,0,0,0,25062.1
2025-07-24,2025-12-24,27000,PE,1335.05,1492.6,1335.05,1461.15,1461.15,420,789100,850,25062.1
2025-07-24,2025-09-25,27000,CE,50.3,51.65,41.65,42.55,42.55,6486,1130550,-35700,25062.1
2025-07-24,2028-06-29,27000,PE,0.0,0.0,0.0,2752.35,1586.15,0,0,0,25062.1
2025-07-24,2025-07-31,26950,PE,1840.9,1841.4,1840.9,1841.4,1857.05,2,975,150,25062.1
2025-07-24,2025-08-14,26950,CE,0.0,0.0,0.0,96.85,15.95,0,0,0,25062.1
2025-07-24,2025-08-21,24100,PE,0.0,0.0,0.0,120.5,98.75,0,0,0,25062.1
2025-07-24,2025-08-28,24100,CE,1267.0,1267.0,1108.0,1172.4,1230.1,20,2775,975,25062.1
2025-07-24,2025-08-21,24100,CE,0.0,0.0,0.0,1272.05,1171.5,0,0,0,25062.1
2025-07-24,2025-09-25,29000,PE,3437.0,3618.9,3437.0,3596.25,3596.25,66,531075,2700,25062.1
2025-07-24,2027-06-24,29000,PE,0.0,0.0,0.0,4627.1,2674.6,0,0,0,25062.1
2025-07-24,2026-03-26,29000,CE,0.0,0.0,0.0,440.5,437.45,0,0,0,25062.1
2025-07-24,2028-06-29,28000,CE,0.0,0.0,0.0,2596.45,3605.7,0,0,0,25062.1
2025-07-24,2027-06-24,28000,CE,0.0,0.0,0.0,2186.3,2330.45,0,0,0,25062.1
2025-07-24,2025-12-24,28000,CE,117.0,117.65,104.1,105.7,105.7,3591,1516325,28575,25062.1
2025-07-24,2025-09-25,28000,PE,2457.05,2644.0,2452.8,2619.2,2619.2,62,268575,-75,25062.1
2025-07-24,2026-06-25,28000,PE,0.0,0.0,0.0,6532.55,2409.5,0,0,0,25062.1
2025-07-24,2025-09-25,28000,CE,15.5,15.5,13.55,14.05,14.05,1946,862950,6225,25062.1
2025-07-24,2026-12-31,28000,CE,1325.0,1325.0,1260.7,1288.0,1701.3,5,10575,0,25062.1
2025-07-24,2026-03-26,28000,PE,0.0,0.0,0.0,3078.95,2476.3,0,0,0,25062.1
2025-07-24,2026-03-26,28000,CE,0.0,0.0,0.0,634.25,663.5,0,0,0,25062.1
2025-07-24,2027-06-24,28000,PE,0.0,0.0,0.0,5959.35,2172.3,0,0,0,25062.1
2025-07-24,2025-07-24,27050,PE,0.0,0.0,0.0,1787.95,25062.1,0,375,0,25062.1
2025-07-24,2025-09-25,27050,CE,0.0,0.0,0.0,441.3,155.65,0,0,0,25062.1
2025-07-24,2025-09-25,27050,PE,0.0,0.0,0.0,1566.85,1859.75,0,150,0,25062.1
2025-07-24,2025-08-28,27050,CE,10.0,10.0,7.85,7.95,7.95,259,24075,-675,25062.1
2025-07-24,2025-07-31,27050,CE,0.75,0.85,0.7,0.8,0.8,1639,74475,4800,25062.1
2025-07-24,2025-08-07,27050,CE,7.0,7.0,0.2,2.3,2.95,15,2550,150,25062.1
2025-07-24,2025-08-07,27050,PE,1907.45,1907.45,1907.45,1907.45,1907.45,1,75,75,25062.1
2025-07-24,2025-08-28,27050,PE,0.0,0.0,0.0,1653.5,1879.0,0,300,0,25062.1
2025-07-24,2025-07-24,27050,CE,0.3,0.5,0.05,0.1,25062.1,17084,245400,51225,25062.1
2025-07-24,2025-08-14,27050,CE,0.0,0.0,0.0,5.65,12.6,0,75,0,25062.1
2025-07-24,2025-07-31,27050,PE,1939.85,1941.35,1939.85,1941.35,1956.9,2,900,150,25062.1
2025-07-24,2025-08-14,27050,PE,0.0,0.0,0.0,1621.35,1907.25,0,0,0,25062.1
2025-07-24,2025-08-07,26750,CE,3.25,4.3,2.4,2.9,2.9,41,10725,2175,25062.1
2025-07-24,2025-08-07,26750,PE,1609.1,1609.1,1609.1,1609.1,1609.1,1,75,75,25062.1
2025-07-24,2025-07-24,25350,CE,12.9,12.9,0.05,0.15,25062.1,2917405,3514950,-628800,25062.1
2025-07-24,2025-07-24,26650,PE,0.0,0.0,0.0,1643.7,25062.1,0,750,0,25062.1
2025-07-24,2025-07-24,26650,CE,0.4,0.75,0.05,0.1,25062.1,25861,684675,117825,25062.1
2025-07-24,2025-08-28,26650,PE,1439.95,1439.95,1439.95,1439.95,1439.95,1,1425,75,25062.1
2025-07-24,2025-08-14,26650,CE,0.0,0.0,0.0,144.95,31.2,0,0,0,25062.1
2025-07-24,2025-08-07,23250,PE,4.8,5.9,3.6,4.25,4.25,48,3075,1350,25062.1
2025-07-24,2025-08-28,23250,CE,0.0,0.0,0.0,2475.0,1976.45,0,75,0,25062.1
2025-07-24,2025-09-25,23250,PE,44.6,44.95,43.95,44.0,44.0,17,4650,1275,25062.1
2025-07-24,2025-07-31,23250,CE,1945.0,1945.0,1945.0,1945.0,1838.9,2,1125,0,25062.1
2025-07-24,2025-07-31,23250,PE,2.25,2.25,1.3,1.55,1.55,1417,42450,18825,25062.1
2025-07-24,2025-07-31,22600,CE,2485.0,2495.0,2485.0,2492.0,2488.1,48,2700,-2250,25062.1
2025-07-24,2025-08-28,23250,PE,0.0,0.0,0.0,82.45,28.5,0,2400,0,25062.1
2025-07-24,2025-08-21,23250,PE,0.0,0.0,0.0,11.5,17.3,0,375,0,25062.1
2025-07-24,2025-07-24,23250,CE,0.0,0.0,0.0,1697.8,25062.1,0,75,0,25062.1
2025-07-24,2025-08-14,23250,PE,0.0,0.0,0.0,17.75,8.0,0,0,0,25062.1
2025-07-24,2025-07-24,23250,PE,0.7,0.7,0.05,0.1,25062.1,9151,99600,-26250,25062.1
2025-07-24,2025-08-07,23250,CE,0.0,0.0,0.0,2308.55,1867.55,0,0,0,25062.1
2025-07-24,2025-07-31,22600,PE,1.45,1.6,0.8,1.05,1.05,1940,65400,25650,25062.1
2025-07-24,2025-08-14,23250,CE,0.0,0.0,0.0,2258.4,1900.25,0,0,0,25062.1
2025-07-24,2025-08-21,23250,CE,0.0,0.0,0.0,2023.4,1936.15,0,0,0,25062.1
2025-07-24,2025-09-25,23250,CE,0.0,0.0,0.0,2746.95,2136.9,0,0,0,25062.1
2025-07-24,2025-08-21,25050,PE,168.0,227.85,168.0,207.95,207.95,12,1650,75,25062.1
2025-07-24,2025-07-24,25050,CE,163.55,195.15,4.75,15.75,25062.1,14362839,10325625,9186450,25062.1
2025-07-24,2025-07-24,25050,PE,7.9,66.45,0.05,1.35,25062.1,29297640,23525775,18018825,25062.1
2025-07-24,2025-08-07,26500,CE,5.2,5.2,3.05,3.35,3.35,4836,169575,-16350,25062.1
2025-07-24,2025-07-31,26500,PE,1265.0,1445.8,1260.95,1402.25,1402.25,449,895350,-6600,25062.1
2025-07-24,2025-08-21,26500,PE,0.0,0.0,0.0,1356.05,1391.5,0,0,0,25062.1
2025-07-24,2029-06-28,23000,PE,0.0,0.0,0.0,543.65,564.45,0,0,0,25062.1
2025-07-24,2027-12-30,23000,CE,0.0,0.0,0.0,4125.7,5790.75,0,0,0,25062.1
2025-07-24,2025-08-21,24550,PE,0.0,0.0,0.0,226.95,202.2,0,0,0,25062.1
2025-07-24,2025-08-14,24550,PE,45.1,68.3,45.05,61.15,61.15,48,6825,1050,25062.1
2025-07-24,2026-06-25,23000,CE,0.0,0.0,0.0,2645.65,3683.4,0,0,0,25062.1
2025-07-24,2025-07-31,23000,CE,2230.8,2232.35,2050.0,2094.15,2094.15,510,577425,-30000,25062.1
2025-07-24,2028-06-29,23000,PE,0.0,0.0,0.0,1399.25,563.25,0,0,0,25062.1
2025-07-24,2026-06-25,23000,PE,278.0,278.0,278.0,278.0,363.35,1,12100,-75,25062.1
2025-07-24,2025-07-31,23000,PE,1.7,1.95,1.15,1.45,1.45,33263,2592750,216450,25062.1
2025-07-24,2025-07-31,24550,PE,9.95,23.3,9.6,14.65,14.65,41280,593325,103350,25062.1
2025-07-24,2027-06-24,23000,PE,0.0,0.0,0.0,4514.3,516.25,0,0,0,25062.1
2025-07-24,2029-06-28,23000,CE,0.0,0.0,0.0,8636.0,7538.0,0,0,0,25062.1
2025-07-24,2025-08-21,23550,PE,0.0,0.0,0.0,47.85,34.05,0,0,0,25062.1
2025-07-24,2027-06-24,23000,CE,0.0,0.0,0.0,2530.05,5121.55,0,0,0,25062.1
2025-07-24,2025-08-28,23550,PE,23.5,23.5,23.5,23.5,23.5,1,12150,0,25062.1
2025-07-24,2025-08-14,24550,CE,668.35,668.35,668.35,668.35,668.35,1,75,75,25062.1
2025-07-24,2025-08-21,24550,CE,0.0,0.0,0.0,931.15,827.05,0,0,0,25062.1
2025-07-24,2028-12-28,23000,PE,0.0,0.0,0.0,670.0,567.5,0,2925,0,25062.1
2025-07-24,2025-07-31,23550,PE,1.7,2.75,1.7,2.15,2.15,2706,99375,39075,25062.1
2025-07-24,2025-07-31,24550,CE,695.0,695.0,525.95,557.35,557.35,88,9150,1275,25062.1
2025-07-24,2025-07-24,24550,CE,645.35,647.55,470.7,513.65,25062.1,787,6225,-4950,25062.1
2025-07-24,2026-03-26,23000,CE,0.0,0.0,0.0,2782.55,3276.15,0,0,0,25062.1
2025-07-24,2026-03-26,23000,PE,171.0,183.1,170.0,179.8,179.8,74,23025,3600,25062.1
2025-07-24,2025-07-24,23550,PE,0.5,0.5,0.05,0.1,25062.1,20494,307950,66675,25062.1
2025-07-24,2025-08-14,25550,PE,468.5,469.2,468.5,468.95,468.95,7,525,525,25062.1
2025-07-24,2025-09-25,25550,CE,362.25,366.8,362.25,366.8,577.25,4,5400,-150,25062.1
2025-07-24,2025-08-14,25550,CE,0.0,0.0,0.0,497.1,226.8,0,0,0,25062.1
2025-07-24,2025-08-21,25450,PE,0.0,0.0,0.0,612.45,603.15,0,0,0,25062.1
2025-07-24,2025-07-31,23650,CE,1435.0,1455.4,1435.0,1454.9,1440.1,4,2625,150,25062.1
2025-07-24,2025-07-24,23650,PE,0.4,0.7,0.05,0.1,25062.1,22044,239100,-91500,25062.1
2025-07-24,2025-07-31,23650,PE,3.05,3.1,2.1,2.5,2.5,3031,88950,21375,25062.1
2025-07-24,2025-08-07,23650,CE,0.0,0.0,0.0,1931.8,1475.5,0,0,0,25062.1
2025-07-24,2025-08-28,23650,PE,0.0,0.0,0.0,22.95,60.85,0,13050,0,25062.1
2025-07-24,2025-08-14,23650,CE,0.0,0.0,0.0,1882.5,1517.6,0,0,0,25062.1
2025-07-24,2025-08-21,23650,PE,0.0,0.0,0.0,57.35,42.0,0,0,0,25062.1
2025-07-24,2025-08-21,23650,CE,0.0,0.0,0.0,1656.25,1562.7,0,0,0,25062.1
2025-07-24,2029-06-28,25000,PE,0.0,0.0,0.0,852.5,939.7,0,0,0,25062.1
2025-07-24,2025-07-24,25000,CE,240.05,243.7,46.5,65.0,25062.1,4752485,3210525,903675,25062.1
2025-07-24,2027-06-24,25000,CE,0.0,0.0,0.0,2090.05,3833.05,0,0,0,25062.1
2025-07-24,2025-09-25,25000,CE,756.2,762.15,645.1,664.75,664.75,2513,930075,32625,25062.1
2025-07-24,2025-07-31,25000,CE,308.0,315.7,165.25,179.65,179.65,266407,4996950,1614825,25062.1
2025-07-24,2028-06-29,25000,PE,0.0,0.0,0.0,2016.8,992.4,0,0,0,25062.1
2025-07-24,2025-08-28,25800,CE,133.95,134.5,94.35,96.6,96.6,10815,504075,137400,25062.1
2025-07-24,2025-08-28,25800,PE,565.0,731.2,563.45,688.55,688.55,485,125700,13350,25062.1
2025-07-24,2025-08-28,25000,CE,539.05,539.05,414.05,428.85,428.85,16415,2156775,240600,25062.1
2025-07-24,2025-09-25,25000,PE,267.3,346.95,259.95,322.25,322.25,6486,2104275,82800,25062.1
2025-07-24,2030-06-25,25000,PE,0.0,0.0,0.0,869.3,873.35,0,0,0,25062.1
2025-07-24,2026-12-31,25000,CE,2984.85,2985.0,2900.0,2905.85,2905.85,28,26150,400,25062.1
2025-07-24,2025-12-24,25000,PE,395.0,463.8,391.85,441.8,441.8,4217,2346725,-13450,25062.1
2025-07-24,2025-09-25,25800,PE,628.55,733.75,628.55,726.05,943.7,44,14850,2775,25062.1
2025-07-24,2025-08-14,25800,PE,661.0,695.0,661.0,675.75,675.75,5,150,75,25062.1
2025-07-24,2025-07-24,25800,CE,0.6,1.4,0.05,0.1,25062.1,1229118,9169200,4037100,25062.1
2025-07-24,2025-08-07,25800,PE,565.0,701.35,565.0,690.55,690.55,40,10725,300,25062.1
2025-07-24,2025-07-24,24600,CE,621.25,627.6,417.05,463.05,25062.1,2603,14475,-12000,25062.1
2025-07-24,2025-07-31,24600,PE,11.0,27.65,10.75,17.05,17.05,130712,2444925,896850,25062.1
2025-07-24,2030-06-25,22000,PE,0.0,0.0,0.0,425.45,416.95,0,0,0,25062.1
2025-07-24,2027-06-24,24000,PE,0.0,0.0,0.0,5056.2,735.25,0,0,0,25062.1
2025-07-24,2025-12-24,22000,CE,3825.0,3825.0,3660.65,3693.1,3693.1,22,445550,-450,25062.1
2025-07-24,2025-08-28,24000,CE,1407.0,1407.0,1202.85,1233.1,1233.1,811,140775,27525,25062.1
2025-07-24,2028-12-28,24000,CE,0.0,0.0,0.0,5850.3,6353.55,0,0,0,25062.1
2025-07-24,2026-03-26,22000,CE,0.0,0.0,0.0,3481.2,4092.85,0,0,0,25062.1
2025-07-24,2026-12-31,22000,PE,292.0,292.0,292.0,292.0,294.2,9,18325,0,25062.1
2025-07-24,2025-07-31,26200,CE,3.0,4.25,1.5,1.75,1.75,95664,3477000,1407900,25062.1
2025-07-24,2025-08-14,26200,PE,0.0,0.0,0.0,943.25,1124.45,0,0,0,25062.1
2025-07-24,2025-08-07,26200,PE,1063.75,1063.75,1063.75,1063.75,1063.75,1,75,75,25062.1
2025-07-24,2025-08-21,26200,PE,0.0,0.0,0.0,1116.3,1138.45,0,0,0,25062.1
2025-07-24,2025-07-24,26200,PE,975.1,1142.1,975.1,1135.75,25062.1,511,5550,2925,25062.1
2025-07-24,2025-08-07,26550,PE,1410.3,1410.3,1410.3,1410.3,1410.3,1,75,75,25062.1
2025-07-24,2025-07-31,26550,PE,1313.4,1459.05,1313.4,1459.05,1459.05,5,3900,75,25062.1
2025-07-24,2025-07-24,26800,CE,0.35,0.65,0.05,0.1,25062.1,50837,1751025,327300,25062.1
2025-07-24,2025-08-28,24150,PE,45.1,58.0,42.95,55.85,55.85,79,19350,975,25062.1
2025-07-24,2025-07-31,24150,PE,4.9,7.9,4.25,5.65,5.65,16370,287775,98475,25062.1
2025-07-24,2025-08-07,27200,CE,1.55,2.0,1.5,1.6,1.6,187,40575,1050,25062.1
2025-07-24,2025-07-31,27200,CE,0.75,0.95,0.7,0.85,0.85,8667,397275,5925,25062.1
2025-07-24,2025-07-31,27100,PE,1991.15,1991.15,1987.3,1989.45,1989.45,3,900,75,25062.1
2025-07-24,2025-09-25,27100,PE,0.0,0.0,0.0,1609.45,1901.6,0,150,0,25062.1
2025-07-24,2025-08-14,27100,CE,4.2,4.25,2.95,3.75,3.75,125,38175,3750,25062.1
2025-07-24,2025-07-24,27100,PE,0.0,0.0,0.0,1837.9,25062.1,0,300,0,25062.1
2025-07-24,2025-07-31,26200,PE,971.0,1115.0,965.25,1096.0,1096.0,66,31725,1500,25062.1
2025-07-24,2025-08-28,26200,PE,908.5,1050.0,908.5,1043.3,1043.3,41,13800,1200,25062.1
2025-07-24,2025-07-24,26200,CE,0.45,0.9,0.05,0.1,25062.1,448188,2983125,1421775,25062.1
2025-07-24,2025-08-28,26200,CE,52.25,53.15,37.15,38.05,38.05,6933,319575,-14550,25062.1
2025-07-24,2025-09-25,26200,PE,0.0,0.0,0.0,995.0,1205.85,0,1275,0,25062.1
2025-07-24,2025-08-07,26200,CE,8.0,9.85,5.6,6.25,6.25,8209,190650,31800,25062.1
2025-07-24,2025-08-14,26200,CE,0.0,0.0,0.0,251.05,76.85,0,0,0,25062.1
2025-07-24,2025-09-25,26200,CE,179.95,180.0,143.5,145.15,145.15,698,240150,-3900,25062.1
2025-07-24,2025-08-21,26200,CE,0.0,0.0,0.0,180.05,120.85,0,0,0,25062.1
2025-07-24,2025-07-31,26550,CE,1.05,1.5,1.0,1.1,1.1,24454,753750,72975,25062.1
2025-07-24,2025-07-24,26800,PE,0.0,0.0,0.0,1538.9,25062.1,0,525,0,25062.1
2025-07-24,2025-08-21,26550,CE,0.0,0.0,0.0,113.5,69.3,0,0,0,25062.1
2025-07-24,2025-08-07,26800,PE,1657.8,1657.8,1657.8,1657.8,1657.8,1,75,75,25062.1
2025-07-24,2025-08-28,26550,CE,0.0,0.0,0.0,384.05,103.8,0,0,0,25062.1
2025-07-24,2025-08-14,26800,CE,0.0,0.0,0.0,118.9,22.45,0,0,0,25062.1
2025-07-24,2025-08-28,23900,PE,30.0,44.0,28.55,38.65,38.65,2037,268800,3975,25062.1
2025-07-24,2025-09-25,23900,CE,0.0,0.0,0.0,1994.5,1593.35,0,75,0,25062.1
2025-07-24,2025-08-14,23900,CE,0.0,0.0,0.0,1656.45,1288.3,0,0,0,25062.1
2025-07-24,2025-08-07,23900,CE,1239.1,1239.1,1239.1,1239.1,1239.1,1,75,75,25062.1
2025-07-24,2025-07-24,23900,CE,1325.1,1325.15,1138.0,1164.3,25062.1,68,1275,-375,25062.1
2025-07-24,2025-08-14,23900,PE,14.7,20.65,13.95,16.95,16.95,127,5175,825,25062.1
2025-07-24,2025-08-28,23900,CE,1313.0,1338.45,1313.0,1338.45,1338.45,4,1275,75,25062.1
2025-07-24,2025-07-31,23900,PE,3.45,4.65,2.85,3.55,3.55,61320,1079700,197475,25062.1
2025-07-24,2025-08-21,23900,PE,0.0,0.0,0.0,87.85,68.75,0,0,0,25062.1
2025-07-24,2025-08-21,23900,CE,0.0,0.0,0.0,1438.25,1340.6,0,0,0,25062.1
2025-07-24,2025-08-07,23900,PE,8.3,11.9,6.95,9.05,9.05,1103,63750,21000,25062.1
2025-07-24,2025-08-21,25200,PE,215.45,310.0,215.45,275.45,275.45,473,7650,1275,25062.1
2025-07-24,2025-08-14,25200,CE,295.7,295.7,200.0,207.45,207.45,2769,79275,47925,25062.1
2025-07-24,2025-08-14,25200,PE,180.8,288.2,180.75,252.95,252.95,930,38550,10500,25062.1
2025-07-24,2025-07-24,25200,PE,34.4,191.2,25.0,135.55,25062.1,9157879,3674550,-8083275,25062.1
2025-07-24,2025-09-25,25200,PE,329.1,424.05,322.55,398.75,398.75,455,59625,5775,25062.1
2025-07-24,2025-08-07,25200,PE,149.0,261.8,138.45,221.65,221.65,21332,510075,172575,25062.1
2025-07-24,2025-08-28,25200,CE,394.75,413.85,303.8,312.4,312.4,15273,1770375,301050,25062.1
2025-07-24,2025-08-07,25200,CE,233.0,235.1,142.0,148.2,148.2,32920,842775,446925,25062.1
2025-07-24,2025-07-31,25200,PE,98.95,227.55,92.55,180.7,180.7,386724,4275825,649725,25062.1
2025-07-24,2025-08-21,25200,CE,350.3,350.3,253.75,259.75,259.75,300,15600,9600,25062.1
2025-07-24,2025-07-31,25200,CE,170.0,171.2,73.35,77.7,77.7,610721,8099775,4452150,25062.1
2025-07-24,2025-09-25,25200,CE,620.0,628.25,530.0,545.5,545.5,428,59025,6600,25062.1
2025-07-24,2025-07-24,25200,CE,66.0,67.0,0.05,0.25,25062.1,15695331,14034675,4437525,25062.1
2025-07-24,2025-08-28,25200,PE,239.95,345.1,224.15,309.6,309.6,12847,1707675,241875,25062.1
2025-07-24,2025-09-25,23200,PE,38.05,50.25,36.1,41.7,41.7,132,14475,6000,25062.1
2025-07-24,2025-07-31,23200,PE,1.9,2.1,1.2,1.5,1.5,5157,234375,41400,25062.1
2025-07-24,2025-08-14,23200,CE,0.0,0.0,0.0,2306.3,1948.95,0,0,0,25062.1
2025-07-24,2025-08-07,23200,CE,0.0,0.0,0.0,2356.5,1917.1,0,0,0,25062.1
2025-07-24,2025-08-28,23200,CE,1990.0,1990.0,1990.0,1990.0,2023.4,4,4050,300,25062.1
2025-07-24,2025-07-31,23200,CE,1875.0,1902.35,1874.8,1902.35,1888.85,8,39750,-75,25062.1
2025-07-24,2025-08-14,23200,PE,5.55,8.8,5.55,7.1,7.1,116,11775,4350,25062.1
2025-07-24,2025-07-24,23200,CE,1980.0,1980.0,1873.15,1873.15,25062.1,8,225,-75,25062.1
2025-07-24,2025-08-07,23200,PE,4.75,4.95,3.55,4.0,4.0,722,55125,17175,25062.1
2025-07-24,2025-08-21,23200,PE,0.0,0.0,0.0,14.0,15.35,0,75,0,25062.1
2025-07-24,2025-08-28,23200,PE,13.6,16.45,11.2,15.55,15.55,253,121425,1800,25062.1
2025-07-24,2025-07-24,24150,PE,0.7,0.7,0.05,0.1,25062.1,175365,2035500,-302775,25062.1
2025-07-24,2025-09-25,24150,PE,97.2,128.25,95.7,117.85,117.85,61,14325,-2550,25062.1
2025-07-24,2025-09-25,24150,CE,0.0,0.0,0.0,1501.8,1402.5,0,225,0,25062.1
2025-07-24,2025-08-21,24150,PE,0.0,0.0,0.0,129.95,107.6,0,0,0,25062.1
2025-07-24,2025-08-07,24150,CE,999.75,999.75,999.75,999.75,999.75,1,75,75,25062.1
2025-07-24,2025-08-07,25300,PE,200.65,320.95,188.15,281.35,281.35,5446,182625,15675,25062.1
2025-07-24,2025-08-07,25300,CE,195.0,195.0,103.0,107.7,107.7,18528,426600,182100,25062.1
2025-07-24,2025-08-21,26400,PE,0.0,0.0,0.0,1274.1,1305.2,0,0,0,25062.1
2025-07-24,2025-09-25,26400,CE,129.05,132.8,104.0,105.8,105.8,578,73425,12150,25062.1
2025-07-24,2025-09-25,26400,PE,0.0,0.0,0.0,1043.85,1348.75,0,375,0,25062.1
2025-07-24,2025-08-14,26400,CE,0.0,0.0,0.0,199.3,52.3,0,0,0,25062.1
2025-07-24,2025-08-07,26400,CE,4.2,5.25,3.35,3.85,3.85,2592,56475,32250,25062.1
2025-07-24,2025-12-24,19500,CE,0.0,0.0,0.0,5980.0,6058.45,0,1150,0,25062.1
2025-07-24,2025-08-07,27250,CE,2.1,2.1,1.4,1.65,1.65,9,3000,75,25062.1
2025-07-24,2025-08-28,26100,CE,67.45,68.25,47.1,49.2,49.2,4882,257475,9375,25062.1
2025-07-24,2025-08-28,26100,PE,832.5,977.5,832.5,942.0,942.0,28,14175,-75,25062.1
2025-07-24,2025-08-28,27150,CE,0.0,0.0,0.0,251.0,41.85,0,0,0,25062.1
2025-07-24,2025-07-31,27150,PE,0.0,0.0,0.0,1865.65,2056.75,0,3825,0,25062.1
2025-07-24,2025-08-21,25400,CE,0.0,0.0,0.0,443.65,352.3,0,0,0,25062.1
2025-07-24,2025-09-25,24300,PE,115.75,152.05,113.0,141.2,141.2,732,414825,17100,25062.1
2025-07-24,2025-08-07,24300,CE,860.0,860.0,860.0,860.0,879.4,5,375,-225,25062.1
2025-07-24,2025-08-28,25400,CE,293.85,295.0,214.0,220.55,220.55,5897,370425,83925,25062.1
2025-07-24,2025-08-14,24900,PE,93.0,155.95,93.0,134.05,134.05,599,17475,-4650,25062.1
2025-07-24,2025-07-24,24900,PE,2.9,13.15,0.05,0.2,25062.1,6027016,5683425,-911700,25062.1
2025-07-24,2025-08-28,24900,PE,146.95,217.5,141.35,192.05,192.05,4403,262125,22800,25062.1
2025-07-24,2025-07-31,24900,PE,30.15,81.1,26.55,54.7,54.7,296223,3106200,713775,25062.1
2025-07-24,2025-08-28,25750,CE,150.85,150.85,105.0,107.75,107.75,457,41400,10425,25062.1
2025-07-24,2025-07-31,22650,CE,0.0,0.0,0.0,2855.0,2438.15,0,1050,0,25062.1
2025-07-24,2025-08-21,26950,PE,0.0,0.0,0.0,1745.55,1798.45,0,0,0,25062.1
2025-07-24,2025-08-07,27000,CE,3.0,3.0,1.7,1.9,1.9,1154,176850,24825,25062.1
2025-07-24,2025-08-28,26950,PE,0.0,0.0,0.0,1558.75,1787.9,0,300,0,25062.1
2025-07-24,2025-08-14,27000,CE,3.45,4.7,3.45,4.05,4.05,104,17175,3900,25062.1
2025-07-24,2025-08-07,26950,CE,2.9,2.9,2.4,2.4,4.15,15,2400,300,25062.1
2025-07-24,2026-06-25,27000,CE,0.0,0.0,0.0,1352.8,1360.3,0,0,0,25062.1
2025-07-24,2029-06-28,27000,CE,0.0,0.0,0.0,6570.4,5271.0,0,0,0,25062.1
2025-07-24,2029-06-28,27000,PE,0.0,0.0,0.0,1252.35,1443.25,0,0,0,25062.1
2025-07-24,2025-07-31,27000,PE,1760.3,1930.0,1760.3,1897.65,1897.65,375,580950,-7275,25062.1
2025-07-24,2025-09-25,26950,CE,0.0,0.0,0.0,471.2,171.9,0,0,0,25062.1
2025-07-24,2026-03-26,27000,PE,0.0,0.0,0.0,2406.7,1828.95,0,0,0,25062.1
2025-07-24,2025-08-14,27000,PE,0.0,0.0,0.0,1577.85,1859.0,0,0,0,25062.1
2025-07-24,2025-09-25,26950,PE,0.0,0.0,0.0,1479.5,1777.1,0,450,0,25062.1
2025-07-24,2025-07-24,26950,CE,0.35,0.65,0.05,0.1,25062.1,10626,118200,26025,25062.1
2025-07-24,2027-12-30,27000,PE,0.0,0.0,0.0,2492.45,1656.8,0,75,0,25062.1
2025-07-24,2025-07-24,27000,CE,0.3,0.55,0.05,0.1,25062.1,161022,1658925,-689925,25062.1
2025-07-24,2025-07-31,26950,CE,0.75,0.9,0.7,0.8,0.8,3396,114450,1350,25062.1
2025-07-24,2025-09-25,27000,PE,1550.0,1700.15,1537.45,1659.95,1659.95,174,361950,3525,25062.1
2025-07-24,2026-03-26,27000,CE,0.0,0.0,0.0,891.9,976.0,0,0,0,25062.1
2025-07-24,2025-08-28,26950,CE,0.0,0.0,0.0,290.45,57.45,0,0,0,25062.1
2025-07-24,2025-07-31,24100,CE,1121.0,1121.0,966.95,1002.65,1002.65,57,25350,-900,25062.1
2025-07-24,2025-09-25,24100,PE,90.0,125.65,90.0,112.5,112.5,636,366525,16425,25062.1
2025-07-24,2025-08-14,24100,CE,0.0,0.0,0.0,1482.25,1113.1,0,0,0,25062.1
2025-07-24,2025-07-31,24100,PE,4.5,7.1,3.9,5.15,5.15,76604,1456725,597450,25062.1
2025-07-24,2025-09-25,24100,CE,0.0,0.0,0.0,1545.8,1439.75,0,150,0,25062.1
2025-07-24,2025-08-14,25900,CE,46.0,46.0,29.1,30.6,30.6,873,64725,19725,25062.1
2025-07-24,2025-08-21,25900,PE,0.0,0.0,0.0,896.55,905.2,0,0,0,25062.1
2025-07-24,2025-09-25,25900,CE,269.95,269.95,225.6,229.8,229.8,166,26025,-150,25062.1
2025-07-24,2025-08-28,25900,PE,643.0,814.45,643.0,775.8,775.8,197,53925,-1425,25062.1
2025-07-24,2025-08-14,24350,PE,0.0,0.0,0.0,127.7,111.7,0,0,0,25062.1
2025-07-24,2025-07-31,24350,PE,7.9,12.95,6.1,8.7,8.7,35584,761850,496950,25062.1
2025-07-24,2025-09-25,24350,PE,122.55,161.3,122.55,153.4,290.65,29,5175,-1125,25062.1
2025-07-24,2025-08-28,24350,PE,58.6,84.35,53.65,76.6,76.6,162,33375,4650,25062.1
2025-07-24,2025-08-28,24350,CE,928.95,928.95,928.95,928.95,1038.05,1,975,75,25062.1
2025-07-24,2025-08-21,24350,CE,0.0,0.0,0.0,1076.55,973.35,0,0,0,25062.1
2025-07-24,2025-08-14,24350,CE,0.0,0.0,0.0,1274.7,907.7,0,0,0,25062.1
2025-07-24,2025-07-24,24350,CE,830.55,830.55,702.0,713.55,25062.1,191,1650,150,25062.1
2025-07-24,2025-08-07,24350,PE,17.0,28.05,17.0,22.55,22.55,371,35100,1725,25062.1
2025-07-24,2025-08-21,24350,PE,0.0,0.0,0.0,173.55,149.45,0,0,0,25062.1
2025-07-24,2025-07-31,27300,CE,0.75,0.85,0.7,0.8,0.8,2983,285450,3075,25062.1
2025-07-24,2025-08-28,27300,PE,1970.0,1975.0,1970.0,1975.0,2111.1,7,525,225,25062.1
2025-07-24,2025-07-24,27300,CE,0.25,0.45,0.05,0.1,25062.1,95825,390150,225225,25062.1
2025-07-24,2025-09-25,26300,CE,157.15,163.25,121.25,123.65,123.65,652,257775,21750,25062.1
2025-07-24,2025-08-28,26300,PE,1099.4,1132.45,1099.4,1122.7,1230.25,9,6825,-75,25062.1
2025-07-24,2025-08-07,24700,PE,37.05,72.8,34.15,55.1,55.1,10478,270450,88575,25062.1
2025-07-24,2025-07-31,24700,PE,16.6,38.7,14.0,24.2,24.2,186085,2504775,479625,25062.1
2025-07-24,2025-07-24,24700,PE,1.5,1.8,0.05,0.15,25062.1,1956064,6636375,1811925,25062.1
2025-07-24,2025-08-28,23400,PE,13.85,21.5,13.85,20.2,20.2,461,81525,9300,25062.1
2025-07-24,2025-08-28,23400,CE,1736.8,1820.0,1736.8,1820.0,1837.15,2,300,150,25062.1
2025-07-24,2025-08-14,23400,PE,9.0,10.2,7.0,9.6,12.35,54,7425,675,25062.1
2025-07-24,2025-08-28,25350,PE,306.9,420.6,303.0,388.65,388.65,531,37050,6225,25062.1
2025-07-24,2025-07-24,25350,PE,137.0,336.75,120.15,286.4,25062.1,324730,200250,-206100,25062.1
2025-07-24,2025-08-14,25350,CE,190.4,190.4,138.75,142.95,142.95,75,5025,3225,25062.1
2025-07-24,2025-08-07,25350,PE,212.05,363.05,212.05,313.1,313.1,711,24975,-975,25062.1
2025-07-24,2025-07-31,25350,CE,87.95,93.35,34.75,37.65,37.65,195109,1176600,638475,25062.1
2025-07-24,2025-08-21,25350,CE,0.0,0.0,0.0,210.1,373.35,0,450,0,25062.1
2025-07-24,2025-09-25,24750,PE,210.0,271.7,210.0,240.9,240.9,141,7500,5250,25062.1
2025-07-24,2025-09-25,24750,CE,0.0,0.0,0.0,947.35,995.2,0,3675,0,25062.1
2025-07-24,2025-08-21,24750,CE,0.0,0.0,0.0,796.95,693.3,0,0,0,25062.1
2025-07-24,2025-08-28,23450,CE,1770.15,1770.15,1770.15,1770.15,1770.15,1,525,75,25062.1
2025-07-24,2025-07-24,27200,PE,0.0,0.0,0.0,1936.8,25062.1,0,300,0,25062.1
2025-07-24,2025-09-25,27200,PE,0.0,0.0,0.0,1698.0,1986.15,0,150,0,25062.1
2025-07-24,2025-08-28,27200,CE,0.0,0.0,0.0,241.85,38.55,0,0,0,25062.1
2025-07-24,2025-07-31,25600,CE,30.25,30.7,11.05,11.85,11.85,224575,4302075,1298250,25062.1
2025-07-24,2025-09-25,25600,CE,400.0,403.85,337.5,344.35,344.35,152,34800,1125,25062.1
2025-07-24,2025-07-31,25600,PE,366.45,563.55,366.45,513.35,513.35,4907,745500,300,25062.1
2025-07-24,2025-08-28,25600,PE,441.55,584.25,440.0,539.8,539.8,557,118200,7800,25062.1
2025-07-24,2025-08-14,25600,CE,115.3,115.3,70.05,72.55,72.55,1386,62700,28050,25062.1
2025-07-24,2025-08-28,25600,CE,203.45,205.05,141.85,147.4,147.4,6477,418350,87450,25062.1
2025-07-24,2025-07-24,25600,PE,371.95,587.9,368.3,536.2,25062.1,5873,86475,-94125,25062.1
2025-07-24,2025-08-07,25600,CE,70.0,70.5,36.0,38.35,38.35,16158,444750,114900,25062.1
2025-07-24,2025-09-25,25600,PE,511.65,609.85,511.65,598.0,598.0,47,17400,1950,25062.1
2025-07-24,2025-08-21,25600,PE,0.0,0.0,0.0,700.7,696.85,0,0,0,25062.1
2025-07-24,2025-08-14,25600,PE,410.0,496.65,410.0,496.65,496.65,32,2925,1875,25062.1
2025-07-24,2025-08-07,25600,PE,392.95,550.0,392.2,508.95,508.95,616,57075,-9375,25062.1
2025-07-24,2025-07-24,25600,CE,0.95,1.75,0.05,0.1,25062.1,2048599,6917250,-184350,25062.1
2025-07-24,2025-08-21,25600,CE,170.7,170.7,170.7,170.7,170.7,1,75,75,25062.1
2025-07-24,2026-12-31,21000,CE,0.0,0.0,0.0,3356.25,6004.65,0,0,0,25062.1
2025-07-24,2025-08-14,26700,PE,0.0,0.0,0.0,1325.1,1573.9,0,0,0,25062.1
2025-07-24,2025-09-25,21000,CE,4310.0,4310.0,4250.0,4281.75,4281.75,62,427950,2100,25062.1
2025-07-24,2026-12-31,21000,PE,185.0,185.0,185.0,185.0,175.75,1,9525,75,25062.1
2025-07-24,2025-08-28,26700,CE,14.55,15.3,12.15,12.95,12.95,990,151050,-14850,25062.1
2025-07-24,2025-12-24,21000,CE,4421.45,4720.0,4421.45,4617.75,4617.75,20,180000,-375,25062.1
2025-07-24,2028-06-29,21000,CE,0.0,0.0,0.0,5226.55,7791.4,0,0,0,25062.1
2025-07-24,2025-09-25,26050,PE,0.0,0.0,0.0,809.8,1103.75,0,375,0,25062.1
2025-07-24,2025-08-14,26700,CE,0.0,0.0,0.0,135.8,28.0,0,0,0,25062.1
2025-07-24,2030-06-25,29000,PE,0.0,0.0,0.0,1804.05,1845.45,0,0,0,25062.1
2025-07-24,2027-12-30,29000,CE,0.0,0.0,0.0,1932.55,2575.2,0,0,0,25062.1
2025-07-24,2025-12-24,29000,PE,3112.0,3160.9,3037.2,3146.2,3146.2,26,165900,825,25062.1
2025-07-24,2028-06-29,29000,CE,0.0,0.0,0.0,2333.25,3173.85,0,0,0,25062.1
2025-07-24,2025-08-14,23800,PE,0.0,0.0,0.0,52.05,34.7,0,0,0,25062.1
2025-07-24,2027-12-30,17000,PE,0.0,0.0,0.0,94.05,31.1,0,14200,0,25062.1
2025-07-24,2026-12-31,17000,PE,0.0,0.0,0.0,97.05,9.65,0,2850,0,25062.1
2025-07-24,2025-07-24,23800,CE,1400.0,1400.0,1237.05,1274.55,25062.1,46,1275,0,25062.1
2025-07-24,2025-08-14,26650,PE,0.0,0.0,0.0,1284.55,1527.25,0,0,0,25062.1
2025-07-24,2025-08-21,26650,PE,0.0,0.0,0.0,1482.35,1524.05,0,0,0,25062.1
2025-07-24,2025-09-25,26650,CE,0.0,0.0,0.0,242.5,229.3,0,525,0,25062.1
2025-07-24,2025-07-31,26650,PE,1553.3,1553.3,1553.3,1553.3,1557.95,1,1050,75,25062.1
2025-07-24,2025-07-31,26650,CE,0.9,1.3,0.9,1.1,1.1,4462,158025,24975,25062.1
2025-07-24,2025-09-25,26650,PE,0.0,0.0,0.0,1232.65,1537.65,0,75,0,25062.1
2025-07-24,2025-08-28,26650,CE,0.0,0.0,0.0,62.85,90.0,0,225,0,25062.1
2025-07-24,2025-08-21,26650,CE,0.0,0.0,0.0,98.75,58.5,0,0,0,25062.1
2025-07-24,2025-08-07,26650,PE,1509.4,1509.4,1509.4,1509.4,1509.4,1,75,75,25062.1
2025-07-24,2025-08-07,26650,CE,4.2,4.2,2.35,2.75,2.75,18,600,600,25062.1
2025-07-24,2025-09-25,25050,PE,291.75,355.0,291.75,336.25,336.25,10,10650,-300,25062.1
2025-07-24,2025-08-07,25050,CE,329.3,329.3,213.8,225.8,225.8,4055,90975,54975,25062.1
2025-07-24,2025-08-07,25050,PE,100.8,183.35,96.15,149.95,149.95,4160,97425,35175,25062.1
2025-07-24,2025-08-07,27100,CE,2.0,2.5,1.6,1.8,1.8,57,12525,0,25062.1
2025-07-24,2027-12-30,15000,PE,0.0,0.0,0.0,3.05,6.8,0,625,0,25062.1
2025-07-24,2025-08-28,27100,PE,0.0,0.0,0.0,1702.6,1924.95,0,225,0,25062.1
2025-07-24,2025-08-21,26100,CE,0.0,0.0,0.0,204.7,140.25,0,0,0,25062.1
2025-07-24,2025-09-25,26100,PE,0.0,0.0,0.0,1017.4,1137.3,0,900,0,25062.1
2025-07-24,2025-09-25,27150,CE,0.0,0.0,0.0,412.9,140.65,0,0,0,25062.1
2025-07-24,2025-07-24,27150,CE,0.3,0.5,0.05,0.1,25062.1,16748,122025,-29400,25062.1
2025-07-24,2025-08-28,27150,PE,0.0,0.0,0.0,1750.25,1971.15,0,300,0,25062.1
2025-07-24,2025-09-25,27150,PE,0.0,0.0,0.0,1653.55,1943.7,0,675,0,25062.1
2025-07-24,2025-08-28,23150,PE,0.0,0.0,0.0,78.05,23.2,0,2250,0,25062.1
2025-07-24,2025-07-24,25950,PE,773.7,894.35,764.1,887.75,25062.1,659,5025,3525,25062.1
2025-07-24,2026-03-26,29000,PE,0.0,0.0,0.0,3815.05,3210.05,0,0,0,25062.1
2025-07-24,2025-08-07,25750,PE,600.0,655.0,600.0,620.0,731.0,8,300,150,25062.1
2025-07-24,2025-08-28,24100,PE,38.5,60.0,38.3,51.25,51.25,3192,266850,51825,25062.1
2025-07-24,2025-07-24,24100,CE,1082.0,1082.0,952.6,966.0,25062.1,157,4050,-600,25062.1
2025-07-24,2025-08-28,23950,PE,30.3,46.8,30.3,41.45,41.45,95,12525,300,25062.1
2025-07-24,2025-07-31,22500,CE,2738.5,2738.5,2576.55,2595.75,2595.75,342,776100,-8175,25062.1
2025-07-24,2025-08-28,23500,PE,18.0,24.55,16.5,22.0,22.0,7474,669825,21750,25062.1
2025-07-24,2025-08-14,23500,PE,8.25,12.5,6.95,9.05,9.05,107,39600,975,25062.1
2025-07-24,2025-08-21,23500,CE,0.0,0.0,0.0,1791.65,1700.6,0,0,0,25062.1
2025-07-24,2025-09-25,23500,PE,48.9,64.0,48.15,58.25,58.25,2403,198900,30750,25062.1
2025-07-24,2025-09-25,23500,CE,1981.0,1981.0,1974.0,1974.0,1920.65,5,450,375,25062.1
2025-07-24,2025-07-31,22500,PE,1.2,1.35,0.75,0.9,0.9,17099,2309025,332025,25062.1
2025-07-24,2029-06-28,29000,CE,0.0,0.0,0.0,5677.9,4335.8,0,0,0,25062.1
2025-07-24,2027-12-30,29000,PE,0.0,0.0,0.0,4227.5,2503.2,0,0,0,25062.1
2025-07-24,2025-12-24,29000,CE,48.95,48.95,44.15,44.75,44.75,747,756375,8625,25062.1
2025-07-24,2028-12-28,29000,PE,0.0,0.0,0.0,2010.85,2211.8,0,0,0,25062.1
2025-07-24,2029-12-27,29000,CE,0.0,0.0,0.0,5305.8,4898.0,0,0,0,25062.1
2025-07-24,2030-06-25,29000,CE,0.0,0.0,0.0,6019.2,5441.3,0,0,0,25062.1
2025-07-24,2025-08-14,25350,PE,362.5,362.5,329.0,341.3,341.3,20,1425,-75,25062.1
2025-07-24,2025-07-24,24750,CE,478.35,481.25,269.55,313.35,25062.1,7413,53325,4200,25062.1
2025-07-24,2025-08-14,24750,PE,83.05,107.5,83.05,95.85,95.85,34,6075,450,25062.1
2025-07-24,2025-08-07,24750,PE,48.1,83.45,40.0,64.3,64.3,2850,85500,32775,25062.1
2025-07-24,2025-08-14,24750,CE,503.35,503.5,503.35,503.45,503.45,2,150,150,25062.1
2025-07-24,2025-08-07,25450,CE,113.75,113.8,62.8,65.3,65.3,3556,109650,46725,25062.1
2025-07-24,2025-07-31,25450,CE,56.55,59.7,21.5,23.25,23.25,122733,1225275,655275,25062.1
2025-07-24,2025-07-31,24500,PE,9.35,20.35,8.6,12.8,12.8,236571,5257800,771225,25062.1
2025-07-24,2025-08-28,24500,CE,919.95,919.95,770.75,794.25,794.25,2583,288750,59325,25062.1
2025-07-24,2025-08-14,24500,CE,700.0,700.0,697.95,697.95,794.15,67,4875,4875,25062.1
2025-07-24,2025-09-25,24500,CE,1101.1,1110.45,989.4,1013.95,1013.95,144,42750,6600,25062.1
2025-07-24,2025-07-31,25100,PE,68.2,165.95,60.0,124.65,124.65,460331,3957375,492975,25062.1
2025-07-24,2025-08-07,25100,CE,292.0,293.95,186.0,196.7,196.7,18006,466500,194475,25062.1
2025-07-24,2025-07-31,25100,CE,225.0,236.8,113.45,121.9,121.9,452932,5159625,3243900,25062.1
2025-07-24,2025-08-07,25100,PE,113.0,207.15,108.1,170.55,170.55,19233,431475,90375,25062.1
2025-07-24,2025-07-24,23600,CE,1455.0,1455.0,1455.0,1455.0,25062.1,2,600,-150,25062.1
2025-07-24,2025-08-21,23600,CE,0.0,0.0,0.0,1701.05,1608.35,0,0,0,25062.1
2025-07-24,2025-08-28,23600,CE,1650.0,1650.0,1596.0,1630.0,1655.6,9,1575,300,25062.1
2025-07-24,2025-07-31,22250,CE,2835.0,2860.0,2835.0,2839.45,2837.7,9,20175,-600,25062.1
2025-07-24,2025-08-07,25550,PE,355.0,484.2,355.0,462.85,462.85,45,3525,-825,25062.1
2025-07-24,2025-08-21,25500,CE,188.15,191.9,133.6,136.45,136.45,432,25725,3300,25062.1
2025-07-24,2025-08-07,24850,PE,60.1,109.55,53.55,85.15,85.15,3019,119925,7575,25062.1
2025-07-24,2025-08-28,24850,CE,600.0,613.7,511.05,520.35,520.35,66,4200,-75,25062.1
2025-07-24,2025-08-21,24850,CE,0.0,0.0,0.0,600.0,631.35,0,75,0,25062.1
2025-07-24,2025-09-25,24850,PE,272.0,272.0,268.5,269.7,269.7,7,2025,75,25062.1
2025-07-24,2025-09-25,26150,CE,185.0,185.0,157.1,157.55,357.75,33,6150,-225,25062.1
2025-07-24,2025-07-31,26150,PE,1059.9,1059.9,1052.6,1054.9,1054.9,4,4800,-75,25062.1
2025-07-24,2025-07-24,27100,CE,0.25,0.5,0.05,0.1,25062.1,22340,163950,69150,25062.1
2025-07-24,2025-08-14,27100,PE,0.0,0.0,0.0,1665.25,1955.65,0,0,0,25062.1
2025-07-24,2025-08-07,26100,CE,0.0,0.0,0.0,304.25,46.4,0,0,0,25062.1
2025-07-24,2025-08-07,25500,PE,311.1,473.0,305.0,427.2,427.2,2441,96900,8775,25062.1
2025-07-24,2025-09-25,25500,CE,467.0,467.0,380.0,393.1,393.1,4473,515625,128850,25062.1
2025-07-24,2025-08-28,25500,CE,243.6,249.3,178.0,182.05,182.05,24840,2155125,209475,25062.1
2025-07-24,2025-08-28,25500,PE,373.2,518.0,319.1,475.15,475.15,7532,1595850,52125,25062.1
2025-07-24,2025-07-31,26250,CE,1.75,2.7,1.35,1.6,1.6,19072,732075,370650,25062.1
2025-07-24,2025-08-28,26250,CE,43.65,43.65,33.35,34.3,34.3,124,21375,-225,25062.1
2025-07-24,2025-08-07,26250,CE,8.0,8.0,5.1,5.35,5.35,466,42750,3450,25062.1
2025-07-24,2025-08-28,26250,PE,925.7,1068.15,925.7,1064.8,1190.45,5,2025,225,25062.1
2025-07-24,2025-08-21,26250,CE,0.0,0.0,0.0,169.0,112.0,0,0,0,25062.1
2025-07-24,2025-07-31,26250,PE,1155.0,1155.0,1143.95,1152.8,1162.75,16,4200,-600,25062.1
2025-07-24,2025-08-21,26250,PE,0.0,0.0,0.0,1154.95,1179.35,0,0,0,25062.1
2025-07-24,2025-09-25,26250,PE,0.0,0.0,0.0,965.45,1240.9,0,2175,0,25062.1
2025-07-24,2025-09-25,26250,CE,155.5,155.5,131.8,135.35,135.35,79,7275,-1125,25062.1
2025-07-24,2025-08-07,26250,PE,1113.7,1113.7,1111.4,1112.55,1112.55,2,150,150,25062.1
2025-07-24,2025-07-24,23850,PE,0.6,0.7,0.05,0.1,25062.1,49119,332625,-9750,25062.1
2025-07-24,2025-07-31,23850,PE,3.45,4.1,2.65,3.25,3.25,11120,358500,131850,25062.1
2025-07-24,2025-08-07,23850,CE,0.0,0.0,0.0,1281.25,1284.35,0,0,0,25062.1
2025-07-24,2025-08-21,23850,CE,0.0,0.0,0.0,1481.0,1384.15,0,0,0,25062.1
2025-07-24,2025-07-24,25100,PE,12.2,102.5,6.15,35.35,25062.1,22626683,7290225,-5018250,25062.1
2025-07-24,2025-08-28,23450,PE,0.0,0.0,0.0,101.95,42.15,0,1650,0,25062.1
2025-07-24,2025-09-25,26900,PE,0.0,0.0,0.0,1559.0,1736.3,0,750,0,25062.1
2025-07-24,2025-08-14,23450,PE,11.7,11.7,11.7,11.7,14.2,1,75,75,25062.1
2025-07-24,2025-08-07,26900,CE,2.35,2.55,1.9,2.0,2.0,272,8250,2550,25062.1
2025-07-24,2025-08-14,25750,PE,629.35,629.35,629.35,629.35,629.35,1,75,75,25062.1
2025-07-24,2025-07-24,25750,CE,0.7,1.45,0.05,0.1,25062.1,672374,2034900,251700,25062.1
2025-07-24,2025-08-21,25750,PE,0.0,0.0,0.0,795.5,797.65,0,0,0,25062.1
2025-07-24,2025-08-28,27100,CE,0.0,0.0,0.0,260.4,45.35,0,0,0,25062.1
2025-07-24,2025-09-25,27100,CE,0.0,0.0,0.0,426.9,148.0,0,0,0,25062.1
2025-07-24,2026-12-31,15000,PE,0.0,0.0,0.0,25.05,1.1,0,1400,0,25062.1
2025-07-24,2025-08-07,27100,PE,1957.15,1957.15,1957.15,1957.15,1957.15,1,75,75,25062.1
2025-07-24,2026-06-25,15000,PE,0.0,0.0,0.0,20.2,0.1,0,1000,0,25062.1
2025-07-24,2025-07-31,27100,CE,0.75,0.85,0.7,0.8,0.8,4295,147000,29400,25062.1
2025-07-24,2025-09-25,26100,CE,200.0,200.85,168.1,171.4,171.4,404,61950,-2250,25062.1
2025-07-24,2025-08-14,26100,PE,0.0,0.0,0.0,874.05,1040.25,0,0,0,25062.1
2025-07-24,2025-07-31,26100,PE,839.95,1014.05,839.95,1002.45,1002.45,68,23925,-900,25062.1
2025-07-24,2025-07-24,26100,PE,902.0,1043.4,892.0,1035.0,25062.1,36,7200,-1050,25062.1
2025-07-24,2025-08-07,27150,PE,2006.9,2006.9,2006.9,2006.9,2006.9,1,75,75,25062.1
2025-07-24,2025-07-24,27150,PE,0.0,0.0,0.0,1886.95,25062.1,0,300,0,25062.1
2025-07-24,2025-08-28,23050,CE,0.0,0.0,0.0,2213.1,2165.55,0,75,0,25062.1
2025-07-24,2025-08-28,26350,PE,1155.95,1155.95,1155.95,1155.95,1155.95,1,2025,75,25062.1
2025-07-24,2025-08-14,26350,PE,0.0,0.0,0.0,1051.75,1254.8,0,0,0,25062.1
2025-07-24,2025-08-21,26850,PE,0.0,0.0,0.0,1656.4,1705.75,0,0,0,25062.1
2025-07-24,2025-07-31,26850,CE,0.8,1.05,0.75,0.9,0.9,1959,57075,-3825,25062.1
2025-07-24,2025-08-07,26850,CE,0.0,0.0,0.0,3.35,5.7,0,75,0,25062.1
2025-07-24,2025-07-24,26850,CE,0.3,0.6,0.05,0.1,25062.1,27446,273600,32700,25062.1
2025-07-24,2025-09-25,26850,CE,59.65,61.2,52.8,53.1,53.1,190,42150,-3975,25062.1
2025-07-24,2025-09-25,22000,PE,15.2,19.2,15.0,17.65,17.65,4703,1443300,-6975,25062.1
2025-07-24,2027-12-30,24000,PE,0.0,0.0,0.0,900.0,755.4,0,975,0,25062.1
2025-07-24,2025-08-21,24000,CE,0.0,0.0,0.0,1354.15,1255.0,0,0,0,25062.1
2025-07-24,2028-06-29,22000,PE,0.0,0.0,0.0,520.05,406.0,0,100,0,25062.1
2025-07-24,2030-06-25,22000,CE,0.0,0.0,0.0,9790.15,9194.3,0,0,0,25062.1
2025-07-24,2028-06-29,22000,CE,0.0,0.0,0.0,4759.5,7078.95,0,0,0,25062.1
2025-07-24,2030-06-25,24000,CE,0.0,0.0,0.0,8591.55,7992.95,0,0,0,25062.1
2025-07-24,2025-08-07,24000,PE,9.5,14.4,7.6,11.15,11.15,6797,271950,88650,25062.1
2025-07-24,2029-06-28,24000,PE,0.0,0.0,0.0,694.05,736.2,0,25,0,25062.1
2025-07-24,2025-08-14,24000,CE,0.0,0.0,0.0,1568.55,1199.65,0,0,0,25062.1
2025-07-24,2025-08-28,24200,CE,1140.15,1140.15,1033.1,1051.55,1051.55,14,9300,75,25062.1
2025-07-24,2025-07-31,24650,CE,589.85,589.85,431.7,469.3,469.3,173,15825,-150,25062.1
2025-07-24,2025-08-21,24650,PE,0.0,0.0,0.0,108.95,233.25,0,300,0,25062.1
2025-07-24,2025-08-07,24400,CE,745.0,753.95,745.0,745.0,745.0,3,750,75,25062.1
2025-07-24,2025-08-14,24400,CE,805.0,805.0,790.5,790.5,868.75,6,525,375,25062.1
2025-07-24,2025-08-14,24400,PE,0.0,0.0,0.0,116.25,122.6,0,75,0,25062.1
2025-07-24,2025-09-25,24400,PE,124.6,171.9,124.55,159.25,159.25,1018,204900,18300,25062.1
2025-07-24,2025-07-31,25150,PE,84.2,194.35,75.4,150.65,150.65,200410,1231275,275100,25062.1
2025-07-24,2025-08-21,26750,CE,0.0,0.0,0.0,10.0,49.2,0,1500,0,25062.1
2025-07-24,2025-09-25,25300,PE,370.05,466.95,370.05,440.8,440.8,164,24225,2175,25062.1
2025-07-24,2025-07-31,27250,PE,2136.95,2136.95,2136.95,2136.95,2136.95,1,300,75,25062.1
2025-07-24,2025-09-25,27250,PE,0.0,0.0,0.0,1742.75,2028.9,0,150,0,25062.1
2025-07-24,2025-07-31,27250,CE,0.75,0.9,0.7,0.75,0.75,659,38325,1725,25062.1
2025-07-24,2025-08-14,25500,PE,340.0,472.5,340.0,436.9,436.9,218,11475,5700,25062.1
2025-07-24,2025-07-31,25500,PE,288.35,470.0,274.3,418.65,418.65,32782,2309475,96225,25062.1
2025-07-24,2025-07-24,25500,CE,2.4,2.5,0.05,0.15,25062.1,2666341,5947500,-4594500,25062.1
2025-07-24,2025-08-14,26250,CE,0.0,0.0,0.0,236.9,69.95,0,0,0,25062.1
2025-07-24,2025-07-24,26250,CE,0.4,0.9,0.05,0.1,25062.1,141562,435600,107775,25062.1
2025-07-24,2025-07-24,26250,PE,0.0,0.0,0.0,1035.45,25062.1,0,750,0,25062.1
2025-07-24,2025-08-14,26250,PE,0.0,0.0,0.0,978.8,1167.4,0,0,0,25062.1
2025-07-24,2025-07-24,23850,CE,0.0,0.0,0.0,1394.45,25062.1,0,75,0,25062.1
2025-07-24,2025-07-31,23850,CE,1250.0,1250.15,1241.65,1245.9,1245.9,4,1650,150,25062.1
2025-07-24,2025-08-14,23850,CE,0.0,0.0,0.0,1701.0,1333.35,0,0,0,25062.1
2025-07-24,2025-07-24,23150,PE,0.3,0.4,0.05,0.1,25062.1,17829,179250,-12150,25062.1
2025-07-24,2025-07-31,27400,CE,0.75,1.65,0.75,0.95,0.95,47059,2470800,1069050,25062.1
2025-07-24,2025-08-28,27400,CE,6.95,6.95,5.5,6.05,6.05,1041,198825,25875,25062.1
2025-07-24,2025-08-21,23400,CE,0.0,0.0,0.0,1883.55,1794.05,0,0,0,25062.1
2025-07-24,2025-09-25,23400,CE,0.0,0.0,0.0,2615.85,2006.2,0,0,0,25062.1
2025-07-24,2025-09-25,25450,PE,480.0,515.0,480.0,515.0,742.4,2,4050,-75,25062.1
2025-07-24,2025-12-24,20000,CE,5000.0,5677.35,5000.0,5583.85,5583.85,42,191150,-2850,25062.1
2025-07-24,2026-12-31,20000,CE,0.0,0.0,0.0,3704.3,6842.5,0,0,0,25062.1
2025-07-24,2028-06-29,20000,CE,0.0,0.0,0.0,5724.65,8533.6,0,0,0,25062.1
2025-07-24,2026-06-25,20000,CE,0.0,0.0,0.0,3829.5,6205.1,0,0,0,25062.1
2025-07-24,2027-06-24,20000,PE,0.0,0.0,0.0,3034.2,135.3,0,0,0,25062.1
2025-07-24,2025-08-14,25250,PE,222.0,297.0,214.0,281.4,281.4,106,7350,825,25062.1
2025-07-24,2025-08-28,22900,PE,11.0,12.0,10.6,11.85,11.85,49,26775,1200,25062.1
2025-07-24,2025-07-31,22900,PE,1.6,1.8,1.05,1.3,1.3,3360,102525,2775,25062.1
2025-07-24,2025-08-28,22900,CE,0.0,0.0,0.0,2350.2,2309.35,0,75,0,25062.1
2025-07-24,2025-07-31,22900,CE,2208.9,2208.9,2208.9,2208.9,2208.9,1,3975,75,25062.1
2025-07-24,2025-08-21,26550,PE,0.0,0.0,0.0,1397.7,1435.25,0,0,0,25062.1
2025-07-24,2025-08-28,26800,CE,12.9,13.65,10.7,10.95,10.95,1723,229950,16950,25062.1
2025-07-24,2025-08-28,26800,PE,1596.15,1597.95,1596.15,1597.95,1653.5,2,1650,150,25062.1
2025-07-24,2025-08-28,27250,CE,0.0,0.0,0.0,232.95,35.5,0,0,0,25062.1
2025-07-24,2025-09-25,27250,CE,0.0,0.0,0.0,385.9,126.85,0,0,0,25062.1
2025-07-24,2025-08-07,27250,PE,2110.6,2110.6,2110.6,2110.6,2110.6,1,75,75,25062.1
2025-07-24,2025-08-21,26150,CE,0.0,0.0,0.0,192.65,130.25,0,0,0,25062.1
2025-07-24,2025-08-14,26150,CE,0.0,0.0,0.0,265.85,84.3,0,0,0,25062.1
2025-07-24,2025-07-24,24400,CE,812.45,815.95,620.0,661.8,25062.1,735,10425,-8925,25062.1
2025-07-24,2025-08-21,24400,CE,0.0,0.0,0.0,1040.2,935.75,0,0,0,25062.1
2025-07-24,2025-08-07,24400,PE,19.0,34.15,17.4,25.3,25.3,7258,201375,10275,25062.1
2025-07-24,2025-07-31,22950,PE,2.1,2.1,1.1,1.35,1.35,421,10425,-1275,25062.1
2025-07-24,2025-08-28,22950,CE,0.0,0.0,0.0,2304.35,2261.25,0,75,0,25062.1
2025-07-24,2025-07-31,22950,CE,0.0,0.0,0.0,2596.95,2138.5,0,1500,0,25062.1
2025-07-24,2025-08-21,25550,PE,0.0,0.0,0.0,670.55,664.8,0,0,0,25062.1
2025-07-24,2025-08-07,25550,CE,80.25,80.25,42.35,45.65,45.65,3018,75825,34350,25062.1
2025-07-24,2025-07-24,23800,PE,0.5,0.5,0.05,0.1,25062.1,71119,1037700,-435300,25062.1
2025-07-24,2025-09-25,23800,PE,71.35,84.7,58.05,78.8,78.8,288,208125,12825,25062.1
2025-07-24,2025-08-28,23800,CE,1428.5,1428.5,1428.5,1428.5,1479.95,1,2925,0,25062.1
2025-07-24,2025-08-07,26400,PE,1261.3,1261.3,1261.3,1261.3,1261.3,1,75,75,25062.1
2025-07-24,2025-07-24,26400,CE,0.45,0.85,0.05,0.05,25062.1,227700,2203650,873075,25062.1
2025-07-24,2025-08-28,26400,PE,1212.7,1212.7,1212.7,1212.7,1311.35,2,2775,-75,25062.1
2025-07-24,2025-07-31,26400,CE,1.9,2.15,1.15,1.35,1.35,41338,1186275,392850,25062.1
2025-07-24,2025-08-14,26400,PE,0.0,0.0,0.0,1090.35,1299.2,0,0,0,25062.1
2025-07-24,2025-08-21,26400,CE,18.25,18.25,12.5,15.6,15.6,8,1350,75,25062.1
2025-07-24,2025-08-28,26400,CE,33.5,33.5,23.4,24.0,24.0,2935,206400,1575,25062.1
2025-07-24,2025-07-24,26400,PE,1205.65,1347.25,1204.05,1307.15,25062.1,26,375,-900,25062.1
2025-07-24,2025-07-31,26400,PE,1176.0,1306.6,1176.0,1294.75,1294.75,19,10650,-375,25062.1
2025-07-24,2025-07-24,27250,CE,0.3,0.35,0.05,0.1,25062.1,36509,241575,88725,25062.1
2025-07-24,2025-08-28,27250,PE,0.0,0.0,0.0,1844.95,2064.25,0,225,0,25062.1
2025-07-24,2025-07-24,27250,PE,0.0,0.0,0.0,2117.15,25062.1,0,300,0,25062.1
2025-07-24,2025-07-31,22350,CE,0.0,0.0,0.0,2923.2,2737.8,0,4350,0,25062.1
2025-07-24,2025-09-25,24850,CE,0.0,0.0,0.0,871.35,934.95,0,525,0,25062.1
2025-07-24,2025-08-28,25100,PE,200.0,296.3,197.55,266.1,266.1,7583,637650,114900,25062.1
2025-07-24,2025-08-07,26900,PE,1758.3,1758.3,1758.3,1758.3,1758.3,1,75,75,25062.1
2025-07-24,2025-08-14,26900,PE,0.0,0.0,0.0,1491.9,1763.1,0,0,0,25062.1
2025-07-24,2025-07-31,26900,CE,0.8,0.9,0.7,0.85,0.85,59611,1404825,16950,25062.1
2025-07-24,2025-07-31,26900,PE,1682.4,1818.0,1682.4,1810.0,1807.15,50,129225,-2250,25062.1
2025-07-24,2025-09-25,26900,CE,0.0,0.0,0.0,486.75,180.55,0,0,0,25062.1
2025-07-24,2025-08-28,25750,PE,540.1,676.4,540.1,643.9,824.25,27,9375,300,25062.1
2025-07-24,2025-08-14,26850,PE,0.0,0.0,0.0,1449.55,1715.45,0,0,0,25062.1
2025-07-24,2025-08-14,26000,CE,88.1,88.1,21.65,22.95,22.95,840,29250,29250,25062.1
2025-07-24,2025-08-21,24200,PE,0.0,0.0,0.0,139.95,117.1,0,0,0,25062.1
2025-07-24,2025-08-28,24200,PE,44.0,69.4,42.85,59.9,59.9,6027,546300,83475,25062.1
2025-07-24,2025-08-14,24200,PE,23.0,35.0,22.2,28.05,28.05,346,22125,11175,25062.1
2025-07-24,2025-08-21,26150,PE,0.0,0.0,0.0,1079.2,1098.05,0,0,0,25062.1
2025-07-24,2025-08-14,26150,PE,0.0,0.0,0.0,908.35,1082.05,0,0,0,25062.1
2025-07-24,2025-07-24,25150,PE,19.25,145.0,12.55,85.6,25062.1,11869175,2793525,-6658575,25062.1
2025-07-24,2025-08-21,25150,PE,253.35,280.9,246.8,250.9,250.9,33,1800,1500,25062.1
2025-07-24,2025-08-14,25150,CE,310.35,310.35,224.0,235.75,235.75,181,10800,5550,25062.1
2025-07-24,2025-07-24,25150,CE,96.35,110.25,0.05,0.3,25062.1,17270247,10406325,7858650,25062.1
2025-07-24,2025-07-31,25150,CE,191.35,196.05,92.7,98.15,98.15,236140,2182650,1556325,25062.1
2025-07-24,2025-08-07,25150,CE,258.45,263.75,163.05,172.25,172.25,4988,130125,65925,25062.1
2025-07-24,2025-08-14,24450,CE,756.2,756.2,756.2,756.2,756.2,1,75,75,25062.1
2025-07-24,2025-08-28,24450,PE,69.5,104.3,67.45,89.7,89.7,319,30750,-375,25062.1
2025-07-24,2025-07-24,24450,PE,0.75,0.9,0.05,0.1,25062.1,314354,1045425,-547050,25062.1
2025-07-24,2025-08-14,25950,CE,0.0,0.0,0.0,331.6,120.1,0,0,0,25062.1
2025-07-24,2025-09-25,25350,PE,413.95,480.9,410.0,468.0,689.9,47,6600,1350,25062.1
2025-07-24,2025-09-25,26850,PE,0.0,0.0,0.0,1394.9,1695.8,0,150,0,25062.1
2025-07-24,2025-08-14,26850,CE,0.0,0.0,0.0,111.15,20.05,0,0,0,25062.1
2025-07-24,2025-08-28,26850,PE,1610.0,1610.75,1610.0,1610.75,1698.0,3,525,0,25062.1
2025-07-24,2025-09-25,24400,CE,0.0,0.0,0.0,1100.0,1223.45,0,1125,0,25062.1
2025-07-24,2025-08-28,24400,CE,984.5,987.25,850.0,886.0,886.0,41,11025,900,25062.1
2025-07-24,2025-07-24,24400,PE,0.8,0.95,0.05,0.1,25062.1,632844,2352975,-1275525,25062.1
2025-07-24,2025-08-28,22950,PE,12.85,12.85,12.85,12.85,15.1,2,2625,0,25062.1
2025-07-24,2027-06-24,22000,PE,0.0,0.0,0.0,3995.4,347.75,0,0,0,25062.1
2025-07-24,2029-12-27,24000,CE,0.0,0.0,0.0,7730.0,7471.0,0,0,0,25062.1
2025-07-24,2027-12-30,22000,PE,0.0,0.0,0.0,392.0,384.6,0,400,0,25062.1
2025-07-24,2026-06-25,24000,PE,0.0,0.0,0.0,386.8,595.75,0,45000,0,25062.1
2025-07-24,2027-06-24,24000,CE,0.0,0.0,0.0,2300.0,4451.15,0,600,0,25062.1
2025-07-24,2029-06-28,22000,PE,0.0,0.0,0.0,422.0,422.05,0,0,0,25062.1
2025-07-24,2025-09-25,22000,CE,3445.0,3445.0,3275.0,3317.6,3317.6,29,165825,0,25062.1
2025-07-24,2028-12-28,24000,PE,0.0,0.0,0.0,950.0,750.4,0,1575,0,25062.1
2025-07-24,2025-09-25,24000,CE,1545.05,1552.95,1400.0,1424.25,1424.25,189,359400,2250,25062.1
2025-07-24,2025-07-31,24000,CE,1250.05,1250.25,1059.3,1098.75,1098.75,4001,948750,7800,25062.1
2025-07-24,2025-07-24,23950,CE,1205.05,1205.05,1103.6,1103.65,25062.1,27,600,-225,25062.1
2025-07-24,2025-07-24,23950,PE,0.55,0.7,0.05,0.1,25062.1,70020,401775,48675,25062.1
2025-07-24,2025-07-31,24700,CE,553.6,553.6,389.2,418.5,418.5,4522,229875,12000,25062.1
2025-07-24,2025-08-28,24700,CE,749.95,749.95,615.0,639.95,639.95,135,33150,1875,25062.1
2025-07-24,2025-08-28,24700,PE,101.75,157.55,100.2,137.35,137.35,6710,414450,40500,25062.1
2025-07-24,2025-07-24,23400,PE,0.4,0.5,0.05,0.1,25062.1,16102,477525,46425,25062.1
2025-07-24,2025-07-31,23400,PE,2.4,2.4,1.4,1.9,1.9,19912,469350,129000,25062.1
2025-07-24,2025-09-25,23400,PE,45.4,56.1,45.4,52.05,52.05,120,38775,525,25062.1
2025-07-24,2025-08-21,23400,PE,12.8,17.55,10.5,13.45,13.45,39,3075,375,25062.1
2025-07-24,2025-08-28,25450,PE,348.05,484.0,348.05,443.65,443.65,217,13725,-375,25062.1
2025-07-24,2025-09-25,25450,CE,405.3,418.9,405.0,416.0,416.0,19,19350,825,25062.1
2025-07-24,2025-08-14,23750,CE,0.0,0.0,0.0,1791.1,1424.75,0,0,0,25062.1
2025-07-24,2025-08-28,23750,CE,1471.5,1471.5,1471.5,1471.5,1523.25,1,1200,75,25062.1
2025-07-24,2025-08-21,23750,CE,0.0,0.0,0.0,1567.8,1472.6,0,0,0,25062.1
2025-07-24,2025-08-21,26700,CE,0.0,0.0,0.0,91.95,53.7,0,0,0,25062.1
2025-07-24,2025-08-28,26050,CE,75.0,75.0,53.0,54.7,54.7,302,30000,4725,25062.1
2025-07-24,2025-08-14,26050,CE,0.0,0.0,0.0,297.4,100.9,0,0,0,25062.1
2025-07-24,2025-08-28,26050,PE,896.65,896.65,895.95,895.95,1037.6,3,1125,0,25062.1
2025-07-24,2025-09-25,26050,CE,233.3,233.3,169.8,177.0,177.0,30,10800,375,25062.1
2025-07-24,2027-12-30,21000,PE,0.0,0.0,0.0,295.5,259.1,0,725,0,25062.1
2025-07-24,2026-06-25,21000,CE,0.0,0.0,0.0,3881.9,5316.55,0,0,0,25062.1
2025-07-24,2029-06-28,21000,PE,0.0,0.0,0.0,320.25,306.7,0,0,0,25062.1
2025-07-24,2028-12-28,21000,CE,0.0,0.0,0.0,7512.5,8333.3,0,0,0,25062.1
2025-07-24,2025-08-21,25050,CE,390.0,390.0,329.0,339.5,339.5,14,675,600,25062.1
2025-07-24,2025-08-14,25050,PE,137.7,209.95,137.7,184.3,184.3,53,4125,750,25062.1
2025-07-24,2025-07-24,25250,CE,39.8,44.75,0.05,0.2,25062.1,8220094,5727300,26775,25062.1
2025-07-24,2025-08-28,24850,PE,137.05,199.05,136.0,176.95,176.95,292,19950,3600,25062.1
2025-07-24,2025-08-21,24850,PE,0.0,0.0,0.0,223.35,305.15,0,150,0,25062.1
2025-07-24,2025-07-24,24850,CE,377.5,383.25,173.3,214.1,25062.1,66025,92175,-35850,25062.1
2025-07-24,2025-08-07,24850,CE,382.6,385.45,348.85,355.95,355.95,51,6150,750,25062.1
2025-07-24,2025-08-21,24050,PE,0.0,0.0,0.0,111.55,90.45,0,0,0,25062.1
2025-07-24,2025-09-25,24050,PE,86.1,110.0,86.05,102.85,213.1,46,23400,225,25062.1
2025-07-24,2025-07-24,24050,CE,1118.0,1118.0,970.85,1014.65,25062.1,64,525,-75,25062.1
2025-07-24,2025-08-07,24050,PE,15.0,15.95,11.8,11.85,11.85,109,5100,5025,25062.1
2025-07-24,2025-08-07,24050,CE,1092.45,1092.45,1092.45,1092.45,1092.45,1,75,75,25062.1
2025-07-24,2025-08-14,24050,PE,0.0,0.0,0.0,79.9,61.1,0,0,0,25062.1
2025-07-24,2026-06-25,16000,PE,0.0,0.0,0.0,21.0,0.55,0,2275,0,25062.1
2025-07-24,2026-12-31,16000,CE,0.0,0.0,0.0,6200.0,10411.75,0,50,0,25062.1
2025-07-24,2025-12-24,16000,CE,0.0,0.0,0.0,9565.0,9466.7,0,350,0,25062.1
2025-07-24,2025-07-24,27400,PE,2281.75,2411.5,2281.75,2358.15,25062.1,18,3600,75,25062.1
2025-07-24,2025-08-14,24950,PE,106.2,176.2,106.2,149.5,149.5,73,5250,675,25062.1
2025-07-24,2026-03-26,20000,CE,0.0,0.0,0.0,5090.05,5891.35,0,0,0,25062.1
2025-07-24,2029-06-28,20000,PE,0.0,0.0,0.0,236.95,215.8,0,0,0,25062.1
2025-07-24,2028-12-28,20000,PE,0.0,0.0,0.0,358.0,204.85,0,1100,0,25062.1
2025-07-24,2025-08-28,25250,CE,370.0,371.85,279.65,286.05,286.05,843,53775,13575,25062.1
2025-07-24,2025-08-14,25250,CE,261.25,261.25,179.55,184.7,184.7,196,7200,2100,25062.1
2025-07-24,2025-07-31,25250,PE,124.45,260.0,114.0,214.1,214.1,75604,625350,-246300,25062.1
2025-07-24,2025-08-07,23450,CE,0.0,0.0,0.0,2118.45,1670.4,0,0,0,25062.1
2025-07-24,2025-08-14,26900,CE,3.75,5.55,3.7,4.0,17.9,36,1425,1425,25062.1
2025-07-24,2025-08-21,23200,CE,0.0,0.0,0.0,2070.5,1984.0,0,0,0,25062.1
2025-07-24,2025-07-24,23200,PE,0.35,0.45,0.05,0.1,25062.1,18014,369150,-19575,25062.1
2025-07-24,2025-08-21,25350,PE,0.0,0.0,0.0,557.4,544.85,0,0,0,25062.1
2025-07-24,2025-08-21,24750,PE,84.25,115.0,84.25,114.95,267.55,5,750,75,25062.1
2025-07-24,2025-07-31,24750,PE,16.5,46.4,16.0,29.3,29.3,103228,936675,362850,25062.1
2025-07-24,2025-08-07,24750,CE,566.9,566.9,420.45,435.5,435.5,47,2700,225,25062.1
2025-07-24,2025-08-28,25450,CE,265.05,265.05,193.3,200.6,200.6,484,32475,1650,25062.1
2025-07-24,2025-07-24,25450,CE,3.75,4.35,0.05,0.15,25062.1,1647887,2653275,-1111725,25062.1
2025-07-24,2029-12-27,20000,PE,0.0,0.0,0.0,202.3,222.7,0,0,0,25062.1
2025-07-24,2025-08-21,25250,PE,233.95,294.9,228.5,294.9,489.95,23,1275,975,25062.1
2025-07-24,2025-08-07,25250,PE,175.1,289.2,166.5,248.45,248.45,5604,112050,30675,25062.1
2025-07-24,2025-07-31,23950,CE,1188.0,1188.0,1150.0,1153.35,1143.7,20,12150,1125,25062.1
2025-07-24,2025-08-14,23950,PE,0.0,0.0,0.0,67.6,49.1,0,0,0,25062.1
2025-07-24,2025-08-21,24700,PE,82.65,130.0,82.65,112.5,112.5,70,4275,-300,25062.1
2025-07-24,2026-03-26,21000,CE,0.0,0.0,0.0,4255.8,4971.7,0,0,0,25062.1
2025-07-24,2025-08-21,26700,PE,0.0,0.0,0.0,1525.3,1568.95,0,0,0,25062.1
2025-07-24,2025-09-25,26700,PE,0.0,0.0,0.0,1275.15,1576.6,0,2925,0,25062.1
2025-07-24,2025-08-07,26700,CE,3.0,4.0,2.2,2.55,2.55,223,10050,9825,25062.1
2025-07-24,2029-12-27,21000,PE,0.0,0.0,0.0,278.8,310.95,0,0,0,25062.1
2025-07-24,2025-09-25,23200,CE,0.0,0.0,0.0,1990.0,2181.05,0,1200,0,25062.1
2025-07-24,2025-08-14,24950,CE,356.75,365.85,353.1,357.95,357.95,6,225,75,25062.1
2025-07-24,2025-09-25,24950,CE,0.0,0.0,0.0,787.4,876.95,0,450,0,25062.1
2025-07-24,2025-09-25,24950,PE,299.65,318.1,299.65,301.1,301.1,8,9375,-450,25062.1
2025-07-24,2025-08-21,25250,CE,275.35,288.65,231.85,237.6,237.6,23,1350,675,25062.1
2025-07-24,2025-09-25,25250,PE,362.95,443.8,357.85,443.8,639.85,30,9075,1350,25062.1
2025-07-24,2025-07-24,24850,PE,2.5,7.65,0.05,0.2,25062.1,3014403,2935500,-1100100,25062.1
2025-07-24,2025-08-14,24850,PE,103.0,140.1,103.0,122.15,258.7,58,3450,525,25062.1
2025-07-24,2025-08-14,25500,CE,148.0,148.0,92.15,95.75,95.75,1833,65625,17175,25062.1
2025-07-24,2025-08-14,23850,PE,0.0,0.0,0.0,56.85,39.05,0,0,0,25062.1
2025-07-24,2025-08-28,23850,CE,1378.0,1378.0,1378.0,1378.0,1437.1,2,1050,150,25062.1
2025-07-24,2025-08-28,23850,PE,0.0,0.0,0.0,74.05,85.65,0,975,0,25062.1
2025-07-24,2025-08-07,23850,PE,5.95,11.9,5.95,8.55,8.55,93,12075,2250,25062.1
2025-07-24,2025-09-25,23850,PE,68.8,91.1,68.75,83.05,170.55,67,18600,150,25062.1
2025-07-24,2025-08-21,26500,CE,14.9,15.2,12.0,12.25,12.25,112,12225,3525,25062.1
2025-07-24,2025-07-24,26500,CE,0.5,0.85,0.05,0.1,25062.1,533596,6448875,2478825,25062.1
2025-07-24,2025-08-14,26500,PE,0.0,0.0,0.0,1165.85,1389.3,0,0,0,25062.1
2025-07-24,2025-08-07,26500,PE,1260.05,1390.0,1260.05,1371.2,1371.2,5,900,150,25062.1
2025-07-24,2025-09-25,26500,CE,115.05,115.05,89.75,92.2,92.2,5946,678825,73950,25062.1
2025-07-24,2025-07-31,22700,PE,1.75,2.0,0.9,1.2,1.2,2515,102675,60600,25062.1
2025-07-24,2025-07-31,22700,CE,2502.85,2517.25,2410.65,2410.65,2410.65,10,3075,-225,25062.1
2025-07-24,2025-07-24,23050,CE,2083.9,2139.9,2083.9,2139.9,25062.1,8,600,300,25062.1
2025-07-24,2025-08-14,26350,CE,0.0,0.0,0.0,210.45,57.7,0,0,0,25062.1
2025-07-24,2025-08-07,23800,CE,0.0,0.0,0.0,1337.3,1331.65,0,0,0,25062.1
2025-07-24,2025-09-25,23800,CE,0.0,0.0,0.0,1735.0,1672.8,0,150,0,25062.1
2025-07-24,2025-08-07,23800,PE,6.95,9.95,6.4,7.75,7.75,1206,82050,12675,25062.1
2025-07-24,2025-12-24,17000,PE,0.0,0.0,0.0,14.55,0.05,0,41225,0,25062.1
2025-07-24,2025-08-14,23350,CE,0.0,0.0,0.0,2163.1,1803.3,0,0,0,25062.1
2025-07-24,2025-07-24,23350,CE,0.0,0.0,0.0,1755.0,25062.1,0,0,0,25062.1
2025-07-24,2025-08-07,26000,CE,17.85,17.95,10.1,10.6,10.6,22779,727200,190425,25062.1
2025-07-24,2026-03-26,26000,PE,0.0,0.0,0.0,1813.3,1281.9,0,0,0,25062.1
2025-07-24,2025-12-24,26000,CE,707.05,709.95,620.1,637.45,637.45,3035,2013475,-25075,25062.1
2025-07-24,2028-06-29,26000,PE,0.0,0.0,0.0,2370.3,1267.15,0,0,0,25062.1
2025-07-24,2025-08-28,26000,PE,715.65,898.45,715.45,853.7,853.7,4619,656325,78000,25062.1
2025-07-24,2025-08-07,26000,PE,746.0,921.35,746.0,879.85,879.85,61,8625,1950,25062.1
2025-07-24,2025-09-25,26000,CE,249.0,249.3,197.55,201.95,201.95,7354,1161900,129900,25062.1
2025-07-24,2025-12-24,26000,PE,759.1,887.5,754.3,844.5,844.5,2536,1249700,-13825,25062.1
2025-07-24,2025-07-24,26000,PE,767.9,986.0,764.75,936.55,25062.1,1308,40500,-49125,25062.1
2025-07-24,2026-03-26,26000,CE,1110.0,1114.95,1050.0,1057.55,1057.55,40,5325,300,25062.1
2025-07-24,2029-12-27,26000,PE,0.0,0.0,0.0,969.6,1125.25,0,0,0,25062.1
2025-07-24,2030-06-25,26000,CE,0.0,0.0,0.0,7487.55,6892.4,0,0,0,25062.1
2025-07-24,2027-12-30,26000,PE,0.0,0.0,0.0,1100.0,1306.75,0,225,0,25062.1
2025-07-24,2027-12-30,26000,CE,0.0,0.0,0.0,3162.4,3963.95,0,0,0,25062.1
2025-07-24,2025-12-24,30000,PE,3850.0,4097.2,3850.0,4082.1,4082.1,14,18325,375,25062.1
2025-07-24,2025-08-07,23950,PE,0.0,0.0,0.0,65.05,23.6,0,0,0,25062.1
2025-07-24,2025-08-28,26700,PE,1492.7,1492.7,1492.05,1492.05,1565.6,2,1875,0,25062.1
2025-07-24,2026-06-25,21000,PE,155.0,155.0,140.0,150.0,105.9,13,354375,525,25062.1
2025-07-24,2030-06-25,21000,CE,0.0,0.0,0.0,10421.65,9829.1,0,0,0,25062.1
2025-07-24,2026-12-31,16000,PE,0.0,0.0,0.0,23.3,3.55,0,2425,0,25062.1
2025-07-24,2025-07-31,22450,PE,1.45,1.45,0.75,0.9,0.9,530,18075,7575,25062.1
2025-07-24,2025-07-31,22300,CE,2801.9,2801.9,2801.9,2801.9,2801.9,1,28125,0,25062.1
2025-07-24,2025-07-31,22300,PE,0.8,0.9,0.65,0.75,0.75,16718,1132350,148125,25062.1
2025-07-24,2025-08-07,24500,PE,20.0,44.0,20.0,32.45,32.45,17938,448500,46200,25062.1
2025-07-24,2025-09-25,24500,PE,143.7,197.3,143.3,183.05,183.05,10084,959325,341250,25062.1
2025-07-24,2025-07-31,24500,CE,769.85,769.85,569.4,609.45,609.45,5996,646125,66675,25062.1
2025-07-24,2025-08-21,25100,PE,181.3,259.35,178.8,232.7,232.7,118,7800,900,25062.1
2025-07-24,2025-08-14,25100,PE,150.4,235.0,145.35,206.25,206.25,789,46575,16650,25062.1
2025-07-24,2025-07-24,25100,CE,148.75,150.05,0.05,0.6,25062.1,26805944,23568375,19879275,25062.1
2025-07-24,2025-07-31,22750,CE,2366.65,2366.65,2366.65,2366.65,2366.65,6,1125,-225,25062.1
2025-07-24,2025-09-25,23950,PE,77.3,100.0,76.0,96.2,190.95,47,26625,-375,25062.1
2025-07-24,2025-07-24,25800,PE,582.25,783.0,574.45,736.8,25062.1,861,22125,-15000,25062.1
2025-07-24,2029-12-27,25000,PE,0.0,0.0,0.0,785.3,907.35,0,0,0,25062.1
2025-07-24,2025-08-14,25800,CE,66.0,66.0,38.65,40.65,40.65,1218,54225,22275,25062.1
2025-07-24,2025-08-28,23700,PE,22.9,32.0,22.05,28.6,28.6,2873,159450,12600,25062.1
2025-07-24,2025-09-25,23700,PE,59.0,77.25,53.9,67.6,67.6,163,74475,3525,25062.1
2025-07-24,2025-08-28,27350,CE,35.0,35.0,5.95,6.55,6.55,42,2700,2700,25062.1
2025-07-24,2025-08-14,23700,CE,0.0,0.0,0.0,1836.65,1471.0,0,0,0,25062.1
2025-07-24,2025-08-28,23700,CE,1518.55,1518.55,1518.55,1518.55,1566.95,1,1350,75,25062.1
2025-07-24,2025-09-25,23700,CE,0.0,0.0,0.0,1705.0,1753.9,0,75,0,25062.1
2025-07-24,2025-08-21,23700,CE,0.0,0.0,0.0,1611.85,1517.5,0,0,0,25062.1
2025-07-24,2025-08-28,27350,PE,0.0,0.0,0.0,1941.8,2158.2,0,225,0,25062.1
2025-07-24,2025-07-24,23700,CE,1410.0,1410.0,1353.45,1371.95,25062.1,45,900,-1350,25062.1
2025-07-24,2025-08-28,23050,PE,15.7,15.7,10.35,13.6,13.6,37,6600,1875,25062.1
2025-07-24,2025-08-21,26350,PE,0.0,0.0,0.0,1233.85,1262.75,0,0,0,25062.1
2025-07-24,2025-07-31,26350,PE,1244.1,1244.1,1244.1,1244.1,1260.75,1,3225,0,25062.1
2025-07-24,2025-08-07,26350,CE,0.0,0.0,0.0,229.6,24.5,0,0,0,25062.1
2025-07-24,2025-07-24,26700,CE,0.4,0.7,0.05,0.1,25062.1,67029,1840800,71925,25062.1
2025-07-24,2028-12-28,21000,PE,0.0,0.0,0.0,618.05,297.75,0,1250,0,25062.1
2025-07-24,2030-06-25,21000,PE,0.0,0.0,0.0,321.3,311.55,0,0,0,25062.1
2025-07-24,2025-07-31,26700,CE,0.95,1.25,0.85,1.0,1.0,28756,814125,262350,25062.1
2025-07-24,2025-09-25,26700,CE,79.0,89.75,63.5,64.95,64.95,1167,83175,-1725,25062.1
2025-07-24,2027-06-24,21000,PE,0.0,0.0,0.0,500.0,223.1,0,350,0,25062.1
2025-07-24,2025-07-31,26700,PE,1599.2,1599.2,1599.2,1599.2,1607.75,1,7575,0,25062.1
2025-07-24,2025-07-24,26050,PE,955.0,955.0,955.0,955.0,25062.1,1,1725,0,25062.1
2025-07-24,2025-08-14,26050,PE,0.0,0.0,0.0,840.45,999.05,0,0,0,25062.1
2025-07-24,2025-08-28,24750,PE,114.45,170.15,114.0,148.95,148.95,409,29250,2475,25062.1
2025-07-24,2029-12-27,28000,CE,0.0,0.0,0.0,5741.5,5352.15,0,0,0,25062.1
2025-07-24,2030-06-25,28000,PE,0.0,0.0,0.0,1532.2,1562.1,0,0,0,25062.1
2025-07-24,2029-12-27,28000,PE,0.0,0.0,0.0,1411.3,1650.15,0,0,0,25062.1
2025-07-24,2025-12-24,28000,PE,2130.0,2291.6,2127.0,2254.8,2254.8,452,746525,27750,25062.1
2025-07-24,2025-07-31,25050,CE,268.95,268.95,138.0,148.8,148.8,131539,1229850,961800,25062.1
2025-07-24,2025-08-14,24600,CE,671.0,671.0,605.5,605.5,605.5,6,600,375,25062.1
2025-07-24,2025-08-21,24600,CE,0.0,0.0,0.0,896.5,792.4,0,0,0,25062.1
2025-07-24,2025-08-07,26150,CE,0.0,0.0,0.0,288.05,41.05,0,0,0,25062.1
2025-07-24,2025-08-28,26150,CE,54.1,56.65,41.5,42.25,42.25,150,19200,2700,25062.1
2025-07-24,2025-07-31,26150,CE,3.55,3.55,1.7,2.0,2.0,17502,596850,204825,25062.1
2025-07-24,2028-12-28,25000,CE,0.0,0.0,0.0,5350.4,5761.2,0,0,0,25062.1
2025-07-24,2025-07-31,25800,CE,11.4,11.4,5.05,5.35,5.35,162130,3747900,1462725,25062.1
2025-07-24,2026-12-31,25000,PE,814.05,857.7,810.0,830.1,830.1,31,51725,450,25062.1
2025-07-24,2025-07-31,27350,PE,2236.45,2236.45,2235.9,2236.2,2236.2,2,375,150,25062.1
2025-07-24,2025-07-24,23700,PE,0.5,0.5,0.05,0.1,25062.1,41242,625575,-422775,25062.1
2025-07-24,2025-08-07,24600,PE,30.9,56.1,26.1,41.2,41.2,8668,272850,41700,25062.1
2025-07-24,2025-08-21,26800,PE,0.0,0.0,0.0,1612.35,1659.85,0,0,0,25062.1
2025-07-24,2028-12-28,18000,PE,0.0,0.0,0.0,250.0,85.3,0,75,0,25062.1
2025-07-24,2025-09-25,26800,CE,0.0,0.0,0.0,518.95,198.95,0,0,0,25062.1
2025-07-24,2025-08-28,26150,PE,977.45,977.5,977.45,977.5,1112.45,2,2325,75,25062.1
2025-07-24,2025-08-07,26150,PE,1020.65,1020.65,1020.65,1020.65,1020.65,1,75,75,25062.1
2025-07-24,2025-07-31,23050,PE,2.6,2.6,1.2,1.4,1.4,1454,50625,11175,25062.1
2025-07-24,2025-07-31,23050,CE,0.0,0.0,0.0,2430.15,2038.65,0,1425,0,25062.1
2025-07-24,2025-07-31,26350,CE,1.75,2.3,1.25,1.4,1.4,10122,158850,-4125,25062.1
2025-07-24,2025-08-28,24650,PE,97.1,144.8,96.0,126.2,126.2,379,26025,5100,25062.1
2025-07-24,2025-09-25,24650,CE,0.0,0.0,0.0,1022.15,1057.65,0,300,0,25062.1
2025-07-24,2025-09-25,24650,PE,175.5,219.4,175.5,212.9,212.9,11,3150,-525,25062.1
2025-07-24,2025-07-31,24300,CE,966.95,966.95,774.0,798.0,798.0,157,43350,7425,25062.1
2025-07-24,2025-09-25,25400,PE,409.0,503.8,409.0,477.35,477.35,72,53025,3150,25062.1
2025-07-24,2025-08-07,24300,PE,15.65,27.0,14.2,20.2,20.2,3148,60525,39675,25062.1
2025-07-24,2025-08-28,25400,PE,323.5,452.25,322.3,415.85,415.85,2101,309975,31275,25062.1
2025-07-24,2025-08-07,25400,PE,250.0,392.65,245.0,348.75,348.75,2137,74250,30750,25062.1
2025-07-24,2025-08-14,25400,CE,195.0,195.0,122.45,127.05,127.05,645,25350,8625,25062.1
2025-07-24,2025-09-25,27300,PE,0.0,0.0,0.0,1787.8,2071.9,0,150,0,25062.1
2025-07-24,2025-07-31,25050,PE,55.15,139.5,50.5,102.0,102.0,220490,1116675,173175,25062.1
2025-07-24,2025-09-25,25050,CE,628.4,628.4,620.0,622.9,622.9,8,1125,300,25062.1
2025-07-24,2025-07-31,26500,CE,1.25,1.85,1.15,1.3,1.3,150039,6376050,2715525,25062.1
2025-07-24,2025-08-28,26500,PE,1174.0,1350.0,1174.0,1308.1,1308.1,497,282975,12225,25062.1
2025-07-24,2025-08-28,22850,CE,0.0,0.0,0.0,2396.2,2357.6,0,75,0,25062.1
2025-07-24,2025-08-28,27400,PE,2168.55,2168.55,2168.55,2168.55,2168.55,1,1200,75,25062.1
2025-07-24,2025-08-07,24950,PE,74.8,143.05,74.8,112.75,112.75,2353,66975,15000,25062.1
2025-07-24,2026-12-31,20000,PE,0.0,0.0,0.0,241.0,97.75,0,12325,0,25062.1
2025-07-24,2025-07-24,24950,PE,2.65,23.2,0.05,0.2,25062.1,7937558,5285550,151275,25062.1
2025-07-24,2025-12-24,20000,PE,28.25,29.0,26.25,28.15,28.15,857,731475,-20475,25062.1
2025-07-24,2027-06-24,20000,CE,0.0,0.0,0.0,3367.05,7408.9,0,0,0,25062.1
2025-07-24,2025-07-31,22750,PE,1.6,1.6,1.0,1.15,1.15,672,8100,675,25062.1
2025-07-24,2025-08-14,25050,CE,390.8,391.05,282.0,290.95,290.95,86,5250,3600,25062.1
2025-07-24,2025-08-28,25100,CE,470.1,470.1,356.2,368.55,368.55,6086,573600,97200,25062.1
2025-07-24,2025-09-25,25100,PE,297.7,376.0,296.0,356.9,356.9,247,31950,2550,25062.1
2025-07-24,2025-09-25,25100,CE,680.75,693.05,587.05,599.8,599.8,178,25800,3150,25062.1
2025-07-24,2025-07-24,26900,CE,0.35,0.6,0.05,0.1,25062.1,28836,591675,-14325,25062.1
2025-07-24,2025-07-31,23450,CE,1659.25,1659.25,1659.25,1659.25,1659.25,1,1125,75,25062.1
2025-07-24,2025-08-21,26900,PE,0.0,0.0,0.0,1700.8,1751.95,0,0,0,25062.1
2025-07-24,2025-08-21,26900,CE,0.0,0.0,0.0,68.65,37.6,0,0,0,25062.1
2025-07-24,2025-08-14,26500,CE,0.0,0.0,0.0,175.4,42.75,0,0,0,25062.1
2025-07-24,2025-07-24,26500,PE,1301.9,1458.45,1298.75,1436.05,25062.1,58,12225,-2325,25062.1
2025-07-24,2025-08-28,26500,CE,26.0,26.0,19.35,19.8,19.8,8661,1019775,-23325,25062.1
2025-07-24,2025-09-25,26500,PE,1099.95,1254.0,1099.95,1224.65,1224.65,180,93525,1125,25062.1
2025-07-24,2025-07-24,26350,PE,0.0,0.0,0.0,1168.2,25062.1,0,825,0,25062.1
2025-07-24,2025-08-28,24650,CE,680.0,683.35,680.0,683.35,683.35,2,1950,75,25062.1
2025-07-24,2025-08-14,24650,PE,61.0,83.0,57.15,79.0,79.0,40,4350,225,25062.1
2025-07-24,2025-08-14,24650,CE,584.7,584.7,584.0,584.35,584.35,3,225,225,25062.1
2025-07-24,2025-08-07,24650,PE,34.25,64.0,31.85,48.0,48.0,2000,49950,12675,25062.1
2025-07-24,2025-07-24,24650,CE,565.0,574.2,371.15,413.25,25062.1,1517,12675,75,25062.1
2025-07-24,2026-06-25,24000,CE,0.0,0.0,0.0,3040.0,2970.45,0,3675,0,25062.1
2025-07-24,2026-03-26,24000,PE,287.0,318.0,287.0,304.85,304.85,103,29250,4650,25062.1
2025-07-24,2028-06-29,24000,PE,0.0,0.0,0.0,1692.75,758.5,0,0,0,25062.1
2025-07-24,2026-06-25,22000,CE,0.0,0.0,0.0,2722.55,4470.6,0,0,0,25062.1
2025-07-24,2025-07-24,24200,PE,0.8,0.8,0.05,0.1,25062.1,504492,3049500,288225,25062.1
2025-07-24,2025-09-25,24200,CE,0.0,0.0,0.0,1448.35,1366.65,0,150,0,25062.1
2025-07-24,2025-08-14,23600,CE,0.0,0.0,0.0,1928.65,1564.55,0,0,0,25062.1
2025-07-24,2025-08-07,23600,PE,4.5,7.1,4.5,5.75,5.75,757,43200,28125,25062.1
2025-07-24,2025-08-28,23600,PE,20.0,27.75,18.4,25.0,25.0,347,134550,2700,25062.1
2025-07-24,2025-07-31,23600,CE,1625.0,1625.0,1462.9,1486.5,1486.5,11,15075,-150,25062.1
2025-07-24,2026-12-31,14000,PE,0.0,0.0,0.0,28.05,0.3,0,2150,0,25062.1
2025-07-24,2025-07-31,23450,PE,2.8,4.2,1.7,2.05,2.05,4769,140025,110475,25062.1
2025-07-24,2025-09-25,23450,CE,0.0,0.0,0.0,2572.65,1963.25,0,0,0,25062.1
2025-07-24,2025-08-21,23450,CE,0.0,0.0,0.0,1837.45,1747.2,0,0,0,25062.1
2025-07-24,2025-09-25,25750,PE,674.75,674.75,674.75,674.75,674.75,7,5250,375,25062.1
2025-07-24,2025-08-21,25750,CE,0.0,0.0,0.0,306.6,228.0,0,0,0,25062.1
2025-07-24,2025-08-28,25050,PE,191.6,275.25,191.5,245.7,245.7,627,36900,9450,25062.1
2025-07-24,2025-09-25,26350,PE,0.0,0.0,0.0,1006.45,1312.3,0,225,0,25062.1
2025-07-24,2025-08-21,26350,CE,0.0,0.0,0.0,148.5,95.85,0,0,0,25062.1
2025-07-24,2025-07-24,24600,PE,1.0,1.15,0.05,0.1,25062.1,1277811,3944025,-2044350,25062.1
2025-07-24,2025-08-14,24600,PE,50.45,81.35,49.9,67.45,67.45,769,32700,11250,25062.1
2025-07-24,2025-08-14,26550,CE,10.0,10.2,6.75,7.2,7.2,197,30225,6000,25062.1
2025-07-24,2027-12-30,18000,PE,0.0,0.0,0.0,174.95,58.25,0,12200,0,25062.1
2025-07-24,2026-06-25,18000,CE,0.0,0.0,0.0,7400.0,8053.7,0,100,0,25062.1
2025-07-24,2025-08-14,26100,CE,25.1,26.75,16.3,17.15,17.15,489,30825,23025,25062.1
2025-07-24,2025-07-31,26100,CE,3.75,3.85,1.9,2.15,2.15,132932,2432550,950325,25062.1
2025-07-24,2025-07-31,26750,CE,0.8,1.25,0.7,0.95,0.95,2110,57450,-21450,25062.1
2025-07-24,2025-08-14,26750,CE,0.0,0.0,0.0,127.15,25.1,0,0,0,25062.1
2025-07-24,2025-08-14,26750,PE,0.0,0.0,0.0,1366.15,1620.8,0,0,0,25062.1
2025-07-24,2025-08-28,26750,PE,0.0,0.0,0.0,1409.95,1609.4,0,750,0,25062.1
2025-07-24,2025-09-25,26750,CE,70.2,71.25,60.95,61.45,61.45,151,27975,975,25062.1
2025-07-24,2025-09-25,26750,PE,0.0,0.0,0.0,1312.45,1615.95,0,75,0,25062.1
2025-07-24,2025-08-21,26750,PE,0.0,0.0,0.0,1568.65,1614.25,0,0,0,25062.1
2025-07-24,2025-07-24,26750,CE,0.35,0.65,0.05,0.1,25062.1,16516,194475,66600,25062.1
2025-07-24,2025-07-24,24100,PE,0.55,0.65,0.05,0.1,25062.1,205329,1109550,-1232325,25062.1
2025-07-24,2025-07-24,26150,CE,0.45,1.0,0.05,0.15,25062.1,234983,845175,208725,25062.1
2025-07-24,2025-07-24,26150,PE,0.0,0.0,0.0,1045.0,25062.1,0,825,0,25062.1
2025-07-24,2025-07-31,26850,PE,1745.05,1745.05,1745.05,1745.05,1757.25,1,1050,75,25062.1
2025-07-24,2025-08-28,26850,CE,0.0,0.0,0.0,68.7,66.95,0,150,0,25062.1
2025-07-24,2025-07-24,26850,PE,0.0,0.0,0.0,1592.65,25062.1,0,375,0,25062.1
2025-07-24,2025-08-21,26850,CE,8.9,9.9,5.3,6.4,6.4,152,2700,-3075,25062.1
2025-07-24,2025-08-07,26350,PE,1211.95,1211.95,1211.95,1211.95,1211.95,1,75,75,25062.1
2025-07-24,2025-08-28,26350,CE,34.8,34.9,26.6,26.95,26.95,160,18675,-2550,25062.1
2025-07-24,2025-07-24,26350,CE,0.5,0.85,0.05,0.1,25062.1,95671,515550,79500,25062.1
2025-07-24,2025-08-21,24400,PE,0.0,0.0,0.0,186.9,161.6,0,0,0,25062.1
2025-07-24,2025-07-31,24600,CE,667.55,667.6,477.2,509.15,509.15,1827,112125,5325,25062.1
2025-07-24,2025-09-25,24600,CE,0.0,0.0,0.0,986.6,1089.75,0,975,0,25062.1
2025-07-24,2025-08-28,24600,CE,835.45,835.45,692.5,713.75,713.75,141,16725,3225,25062.1
2025-07-24,2027-06-24,22000,CE,0.0,0.0,0.0,2783.5,5842.45,0,0,0,25062.1
2025-07-24,2025-08-28,24000,PE,34.65,51.65,32.7,45.35,45.35,21896,1927875,207075,25062.1
2025-07-24,2026-06-25,22000,PE,0.0,0.0,0.0,220.0,205.25,0,2475,0,25062.1
2025-07-24,2025-08-07,24000,CE,1202.0,1214.0,1112.0,1130.0,1130.0,50,9450,525,25062.1
2025-07-24,2030-06-25,24000,PE,0.0,0.0,0.0,698.15,696.0,0,0,0,25062.1
2025-07-24,2025-08-07,23500,PE,5.05,6.5,4.05,4.85,4.85,3024,160500,6300,25062.1
2025-07-24,2025-07-24,23500,CE,1718.05,1718.05,1556.1,1567.1,25062.1,463,7050,-27300,25062.1
2025-07-24,2025-08-14,23500,CE,0.0,0.0,0.0,2021.75,1659.3,0,0,0,25062.1
2025-07-24,2025-08-21,23500,PE,15.15,19.0,12.25,18.1,18.1,50,2175,2025,25062.1
2025-07-24,2025-08-07,23500,CE,1600.0,1632.0,1600.0,1632.0,1621.45,2,375,-75,25062.1
2025-07-24,2025-07-31,23500,PE,2.25,2.6,1.7,2.05,2.05,70525,2867850,690450,25062.1
2025-07-24,2025-08-28,23500,CE,1825.0,1825.0,1681.1,1706.55,1706.55,72,56175,3150,25062.1
2025-07-24,2025-07-31,23500,CE,1732.0,1732.0,1568.45,1598.4,1598.4,659,281325,8550,25062.1
2025-07-24,2025-07-24,23500,PE,0.4,0.5,0.05,0.1,25062.1,118132,1318650,-1342875,25062.1
2025-07-24,2026-12-31,29000,PE,0.0,0.0,0.0,5042.25,2851.1,0,0,0,25062.1
2025-07-24,2026-06-25,29000,PE,0.0,0.0,0.0,5546.1,3075.7,0,0,0,25062.1
2025-07-24,2025-08-21,23800,PE,0.0,0.0,0.0,74.4,56.8,0,0,0,25062.1
2025-07-24,2025-07-24,25250,PE,52.0,238.95,45.2,185.65,25062.1,2773071,697050,-2374425,25062.1
2025-07-24,2025-08-07,23450,PE,5.75,9.0,4.5,4.9,4.9,82,5700,2550,25062.1
2025-07-24,2025-09-25,23450,PE,48.45,57.8,47.65,56.6,105.15,22,6000,150,25062.1
2025-07-24,2025-08-21,23450,PE,0.0,0.0,0.0,30.25,27.4,0,75,0,25062.1
2025-07-24,2025-07-24,23450,CE,1730.0,1734.0,1610.5,1650.0,25062.1,18,600,-675,25062.1
2025-07-24,2025-08-14,23450,CE,0.0,0.0,0.0,2068.65,1707.1,0,0,0,25062.1
2025-07-24,2025-09-25,25750,CE,321.95,325.45,284.05,285.35,495.55,29,9150,900,25062.1
2025-07-24,2025-07-24,23100,PE,0.25,0.3,0.05,0.1,25062.1,163619,1186875,-1477125,25062.1
2025-07-24,2025-08-07,25950,CE,20.6,20.6,11.5,11.9,11.9,412,17250,-600,25062.1
2025-07-24,2025-07-24,25950,CE,0.3,1.15,0.05,0.1,25062.1,392632,1750725,992175,25062.1
2025-07-24,2025-08-07,25950,PE,834.05,834.55,834.05,834.55,894.3,2,150,150,25062.1
2025-07-24,2025-09-25,25950,CE,250.0,250.0,219.0,219.0,422.5,35,10800,900,25062.1
2025-07-24,2025-08-28,25950,PE,803.25,818.05,803.25,812.1,812.1,3,1425,-75,25062.1
2025-07-24,2025-07-31,25950,PE,750.0,865.0,750.0,861.8,861.8,24,11250,225,25062.1
2025-07-24,2025-12-24,18000,PE,18.6,20.15,17.65,18.9,18.9,103,114375,-1875,25062.1
2025-07-24,2025-08-28,25300,CE,348.55,348.6,254.4,264.5,264.5,10413,738375,151950,25062.1
2025-07-24,2025-07-24,25300,CE,25.3,26.9,0.05,0.15,25062.1,5262119,7399500,654600,25062.1
2025-07-24,2025-08-21,25300,CE,269.95,281.4,200.45,213.45,213.45,245,9300,4800,25062.1
2025-07-24,2025-08-28,25300,PE,278.7,397.05,277.05,363.95,363.95,8703,755775,225825,25062.1
2025-07-24,2025-08-28,26750,CE,13.3,14.55,11.4,12.55,12.55,32,16275,450,25062.1
2025-07-24,2025-08-28,26600,CE,19.95,21.0,14.65,15.85,15.85,1228,203250,-4650,25062.1
2025-07-24,2025-08-07,26600,PE,1459.8,1459.8,1459.8,1459.8,1459.8,1,75,75,25062.1
2025-07-24,2025-08-14,26600,PE,0.0,0.0,0.0,1244.45,1480.95,0,0,0,25062.1
2025-07-24,2025-07-31,22850,PE,1.7,1.7,1.0,1.25,1.25,1037,9900,1125,25062.1
2025-07-24,2025-07-31,27400,PE,2289.4,2289.4,2285.55,2287.4,2287.4,4,13800,0,25062.1
2025-07-24,2025-08-28,22850,PE,0.0,0.0,0.0,15.35,12.05,0,3450,0,25062.1
2025-07-24,2025-07-31,24950,PE,35.15,97.6,32.7,67.15,67.15,143186,880125,102150,25062.1
2025-07-24,2030-06-25,20000,CE,0.0,0.0,0.0,11072.4,10484.2,0,0,0,25062.1
2025-07-24,2028-12-28,20000,CE,0.0,0.0,0.0,8115.5,9051.2,0,0,0,25062.1
2025-07-24,2025-07-31,23950,PE,3.2,5.15,3.05,4.0,4.0,13663,250875,111075,25062.1
2025-07-24,2025-08-28,23950,CE,1293.6,1293.6,1293.25,1293.25,1352.75,3,825,150,25062.1
2025-07-24,2025-08-14,23950,CE,0.0,0.0,0.0,1612.3,1243.75,0,0,0,25062.1
2025-07-24,2025-08-21,23950,CE,0.0,0.0,0.0,1395.95,1297.55,0,0,0,25062.1
2025-07-24,2025-07-31,25350,PE,173.85,338.0,170.65,291.15,291.15,14009,195675,-19650,25062.1
2025-07-24,2025-08-28,25350,CE,317.95,318.0,235.0,239.8,239.8,869,39600,-1125,25062.1
2025-07-24,2025-09-25,25350,CE,486.0,486.0,486.0,486.0,667.95,1,3675,-75,25062.1
2025-07-24,2025-08-07,25350,CE,170.0,170.0,88.4,92.8,92.8,4010,92775,46350,25062.1
2025-07-24,2025-09-25,27350,PE,0.0,0.0,0.0,1833.15,2115.25,0,150,0,25062.1
2025-07-24,2025-07-31,23700,PE,3.15,3.2,2.05,2.6,2.6,40153,934875,23700,25062.1
2025-07-24,2025-08-07,23700,PE,5.25,8.15,5.25,6.45,6.45,656,48300,11475,25062.1
2025-07-24,2025-07-24,23750,PE,0.45,0.7,0.05,0.1,25062.1,26177,301950,-11700,25062.1
2025-07-24,2025-07-31,23750,CE,1385.0,1385.0,1352.0,1352.0,1340.8,4,3225,75,25062.1
2025-07-24,2027-12-30,20000,CE,0.0,0.0,0.0,5333.85,7994.2,0,0,0,25062.1
2025-07-24,2029-06-28,20000,CE,0.0,0.0,0.0,10410.0,9548.7,0,0,0,25062.1
2025-07-24,2025-08-28,24950,PE,158.0,234.45,157.45,208.3,208.3,441,25875,4200,25062.1
2025-07-24,2025-07-31,25650,CE,21.95,21.95,8.9,9.55,9.55,70791,1064625,553725,25062.1
2025-07-24,2025-08-28,25650,CE,184.05,184.05,130.0,133.55,133.55,306,34725,6525,25062.1
2025-07-24,2025-08-07,23350,PE,4.1,5.95,3.35,3.95,3.95,109,12150,1275,25062.1
2025-07-24,2025-07-24,23350,PE,0.25,0.45,0.05,0.1,25062.1,7555,163950,10800,25062.1
2025-07-24,2025-09-25,23350,PE,43.55,54.75,43.55,50.2,50.2,74,31650,2625,25062.1
2025-07-24,2028-06-29,26000,CE,0.0,0.0,0.0,3200.9,4596.65,0,0,0,25062.1
2025-07-24,2027-06-24,26000,PE,0.0,0.0,0.0,6202.2,1337.0,0,0,0,25062.1
2025-07-24,2029-12-27,26000,CE,0.0,0.0,0.0,6686.95,6353.0,0,0,0,25062.1
2025-07-24,2025-08-28,26000,CE,91.0,91.0,60.5,62.35,62.35,32191,2292675,358125,25062.1
2025-07-24,2028-12-28,26000,PE,0.0,0.0,0.0,1160.95,1223.0,0,0,0,25062.1
2025-07-24,2025-07-24,24200,CE,1010.95,1010.95,853.15,861.7,25062.1,206,12000,-3675,25062.1
2025-07-24,2025-07-31,24200,CE,1060.0,1060.0,871.5,895.0,895.0,51,44400,-1275,25062.1
2025-07-24,2025-08-21,24200,CE,0.0,0.0,0.0,1192.1,1090.35,0,0,0,25062.1
2025-07-24,2025-07-24,27400,CE,0.2,0.3,0.05,0.05,25062.1,360137,2063100,-1101450,25062.1
2025-07-24,2025-07-31,22350,PE,0.85,0.95,0.7,0.75,0.75,5227,164250,9375,25062.1
2025-07-24,2025-09-25,26150,PE,860.0,860.0,860.0,860.0,1171.35,6,600,75,25062.1
2025-07-24,2025-08-14,25150,PE,183.25,258.25,176.0,225.45,225.45,178,6150,150,25062.1
2025-07-24,2025-09-25,25150,PE,315.0,374.4,315.0,374.4,374.4,11,7275,150,25062.1
2025-07-24,2025-07-31,22400,PE,1.1,1.25,0.7,0.8,0.8,5276,223875,97875,25062.1
2025-07-24,2025-08-21,25150,CE,358.6,358.65,264.95,282.9,282.9,75,2850,1125,25062.1
2025-07-24,2025-08-28,25150,PE,228.05,318.25,227.4,287.9,287.9,669,44025,7800,25062.1
2025-07-24,2025-08-07,25150,PE,133.65,233.0,126.3,196.05,196.05,5075,117225,37575,25062.1
2025-07-24,2025-07-31,22400,CE,0.0,0.0,0.0,2830.0,2687.9,0,11250,0,25062.1
2025-07-24,2025-09-25,25150,CE,617.4,617.4,572.0,572.0,572.0,2,1950,75,25062.1
2025-07-24,2025-08-28,25150,CE,436.0,436.0,330.0,338.0,338.0,1242,50700,15675,25062.1
2025-07-24,2025-08-21,24450,CE,0.0,0.0,0.0,1003.45,899.7,0,0,0,25062.1
2025-07-24,2025-09-25,24450,PE,137.4,180.9,136.05,173.75,320.6,35,6525,0,25062.1
2025-07-24,2025-08-07,24450,PE,21.75,37.6,19.8,27.75,27.75,1692,62175,31650,25062.1
2025-07-24,2025-08-07,27200,PE,2056.6,2056.6,2056.6,2056.6,2056.6,1,75,75,25062.1
2025-07-24,2025-09-25,27200,CE,0.0,0.0,0.0,399.2,133.6,0,0,0,25062.1
2025-07-24,2025-07-31,27200,PE,2086.05,2087.3,2084.5,2085.85,2085.85,8,825,600,25062.1
2025-07-24,2025-07-31,25750,PE,515.45,677.25,515.45,658.8,658.8,854,45750,1500,25062.1
2025-07-24,2025-08-28,24750,CE,588.0,619.05,578.25,607.0,607.0,56,5175,2625,25062.1
2025-07-24,2025-07-31,24750,CE,519.6,524.4,346.9,375.65,375.65,1022,37875,9225,25062.1
2025-07-24,2025-07-24,24750,PE,1.45,2.75,0.05,0.15,25062.1,1424756,2460225,-502800,25062.1
2025-07-24,2025-07-24,24000,CE,1220.0,1220.0,1022.05,1063.6,25062.1,716,22725,-27375,25062.1
2025-07-24,2025-07-31,24000,PE,4.25,5.85,3.3,4.4,4.4,214092,8347125,2977275,25062.1
2025-07-24,2025-08-14,24000,PE,16.15,24.9,14.85,19.75,19.75,1275,57450,13725,25062.1
2025-07-24,2027-12-30,22000,CE,0.0,0.0,0.0,4499.55,6488.7,0,0,0,25062.1
2025-07-24,2029-12-27,24000,PE,0.0,0.0,0.0,625.5,717.55,0,0,0,25062.1
2025-07-24,2026-12-31,24000,CE,0.0,0.0,0.0,3750.0,3772.8,0,3375,0,25062.1
2025-07-24,2029-12-27,22000,PE,0.0,0.0,0.0,373.65,421.4,0,0,0,25062.1
2025-07-24,2026-12-31,22000,CE,5210.0,5210.0,5050.0,5053.35,5053.35,4,675,150,25062.1
2025-07-24,2025-12-24,24000,PE,195.4,235.15,191.3,218.1,218.1,5189,3208975,26300,25062.1
2025-07-24,2025-09-25,24000,PE,80.65,112.15,75.0,102.0,102.0,7641,2041800,48075,25062.1
2025-07-24,2025-08-28,23800,PE,26.0,37.0,24.6,32.9,32.9,1824,299550,25875,25062.1
2025-07-24,2025-07-31,23800,PE,3.4,3.8,2.35,3.1,3.1,69531,2553900,1243500,25062.1
2025-07-24,2025-09-25,24200,PE,98.5,138.0,98.5,124.35,124.35,1250,463650,19875,25062.1
2025-07-24,2025-07-31,22850,CE,0.0,0.0,0.0,2359.75,2238.4,0,1125,0,25062.1
2025-07-24,2025-07-24,23400,CE,1655.0,1675.0,1655.0,1675.0,25062.1,8,375,-225,25062.1
2025-07-24,2025-08-14,25450,CE,179.25,179.25,107.45,112.5,112.5,135,4725,1050,25062.1
2025-07-24,2025-08-28,25250,PE,255.95,365.35,255.05,334.65,334.65,1083,63975,12975,25062.1
2025-07-24,2025-07-31,24850,PE,24.95,67.0,22.7,44.2,44.2,136848,918300,267900,25062.1
2025-07-24,2025-08-14,24050,CE,0.0,0.0,0.0,1525.2,1156.1,0,0,0,25062.1
2025-07-24,2025-08-21,25100,CE,400.0,400.0,300.7,312.85,312.85,204,8850,3075,25062.1
2025-07-24,2025-08-14,25100,CE,340.0,340.7,247.7,258.75,258.75,672,30750,2025,25062.1
2025-07-24,2025-09-25,24350,CE,0.0,0.0,0.0,1085.9,1258.2,0,150,0,25062.1
2025-07-24,2025-07-24,24350,PE,0.8,0.8,0.05,0.1,25062.1,270377,796200,-322500,25062.1
2025-07-24,2025-07-31,24350,CE,865.0,867.5,747.0,755.25,755.25,42,3750,1725,25062.1
2025-07-24,2025-08-28,23100,CE,2110.0,2110.0,2100.0,2101.4,2101.4,7,525,450,25062.1
2025-07-24,2025-07-24,23100,CE,2090.0,2090.0,1953.8,1970.0,25062.1,44,3225,-1125,25062.1
2025-07-24,2025-07-31,23100,PE,2.6,2.6,1.25,1.45,1.45,6298,147000,58275,25062.1
2025-07-24,2025-09-25,26450,CE,118.0,118.0,97.7,97.7,97.7,38,7875,750,25062.1
2025-07-24,2025-08-21,26100,PE,0.0,0.0,0.0,1041.55,1058.3,0,0,0,25062.1
2025-07-24,2025-08-07,26100,PE,970.15,970.15,968.55,969.5,969.5,5,375,375,25062.1
2025-07-24,2025-07-24,24300,PE,0.8,0.8,0.05,0.15,25062.1,431784,3530250,123225,25062.1
2025-07-24,2025-08-14,24300,CE,0.0,0.0,0.0,1315.2,947.4,0,0,0,25062.1
2025-07-24,2025-07-24,25400,PE,152.85,386.55,152.85,335.3,25062.1,211184,252900,-340950,25062.1
2025-07-24,2025-08-21,24300,CE,0.0,0.0,0.0,1114.45,1011.7,0,0,0,25062.1
2025-07-24,2025-08-21,25400,PE,0.0,0.0,0.0,385.0,573.6,0,300,0,25062.1
2025-07-24,2025-08-21,24300,PE,0.0,0.0,0.0,161.75,138.0,0,75,0,25062.1
2025-07-24,2025-09-25,27300,CE,0.0,0.0,0.0,372.95,120.4,0,0,0,25062.1
2025-07-24,2025-09-25,25550,PE,499.85,572.0,499.85,572.0,572.0,8,5025,-150,25062.1
2025-07-24,2025-07-24,25550,CE,1.5,1.9,0.05,0.1,25062.1,1322937,2754825,-309975,25062.1
2025-07-24,2025-09-25,25500,PE,443.9,574.6,443.9,542.2,542.2,2980,500250,109950,25062.1
2025-07-24,2025-08-07,25500,CE,95.85,99.4,52.65,55.0,55.0,26980,644250,259275,25062.1
2025-07-24,2025-08-07,24200,CE,950.8,950.8,950.8,950.8,950.8,1,75,0,25062.1
2025-07-24,2025-07-31,24200,PE,6.9,8.75,4.7,6.05,6.05,160198,2520225,-339375,25062.1
2025-07-24,2025-08-14,24200,CE,0.0,0.0,0.0,1397.75,1028.95,0,0,0,25062.1
2025-07-24,2025-07-31,26600,PE,1395.45,1533.05,1395.45,1509.4,1509.4,14,10350,-225,25062.1
2025-07-24,2025-09-25,26600,CE,96.2,101.95,75.1,76.95,76.95,1279,86625,-19575,25062.1
2025-07-24,2025-08-14,26600,CE,7.0,7.0,4.8,5.7,5.7,164,23775,2850,25062.1
2025-07-24,2025-08-21,26600,PE,0.0,0.0,0.0,1439.85,1479.45,0,0,0,25062.1
2025-07-24,2025-08-07,26050,CE,0.0,0.0,0.0,321.1,52.3,0,0,0,25062.1
2025-07-24,2026-03-26,21000,PE,64.05,69.2,64.05,68.55,68.55,110,16875,5325,25062.1
2025-07-24,2025-07-31,26050,CE,4.35,4.35,2.2,2.5,2.5,27890,752700,143550,25062.1
2025-07-24,2029-06-28,21000,CE,0.0,0.0,0.0,9799.75,8853.15,0,0,0,25062.1
2025-07-24,2028-06-29,21000,PE,0.0,0.0,0.0,907.2,282.55,0,0,0,25062.1
2025-07-24,2025-09-25,21000,PE,12.4,13.45,11.2,12.4,12.4,514,709500,2175,25062.1
2025-07-24,2025-07-24,26700,PE,0.0,0.0,0.0,1471.0,25062.1,0,975,0,25062.1
2025-07-24,2025-08-07,26700,PE,1559.4,1559.4,1559.4,1559.4,1559.4,1,75,75,25062.1
2025-07-24,2025-08-21,26050,PE,0.0,0.0,0.0,1003.55,1019.1,0,0,0,25062.1
2025-07-24,2027-12-30,19000,PE,0.0,0.0,0.0,299.95,101.6,0,525,0,25062.1
2025-07-24,2025-12-24,19000,CE,0.0,0.0,0.0,6480.0,6544.0,0,7400,0,25062.1
2025-07-24,2027-06-24,19000,CE,0.0,0.0,0.0,7800.0,8239.9,0,75,0,25062.1
2025-07-24,2026-06-25,19000,PE,0.0,0.0,0.0,205.7,20.15,0,250,0,25062.1
2025-07-24,2027-06-24,19000,PE,0.0,0.0,0.0,182.1,76.9,0,600,0,25062.1
2025-07-24,2025-09-25,19000,PE,7.95,8.25,7.25,7.35,7.35,62,162075,1200,25062.1
2025-07-24,2026-12-31,19000,PE,130.05,130.05,130.05,130.05,50.05,2,1725,0,25062.1
2025-07-24,2025-09-25,19000,CE,0.0,0.0,0.0,6725.0,6261.45,0,3750,0,25062.1
2025-07-24,2025-12-24,19000,PE,22.7,24.0,21.65,22.7,22.7,107,153500,-825,25062.1
2025-07-24,2026-12-31,19000,CE,0.0,0.0,0.0,8600.0,7710.65,0,125,0,25062.1
2025-07-24,2026-06-25,19000,CE,0.0,0.0,0.0,5792.0,7121.4,0,100,0,25062.1
2025-07-24,2025-07-31,26750,PE,1641.15,1642.65,1641.15,1642.65,1657.55,2,2775,150,25062.1
2025-07-24,2025-07-24,26750,PE,0.0,0.0,0.0,1488.95,25062.1,0,525,0,25062.1
2025-07-24,2025-07-24,26600,CE,0.4,0.8,0.05,0.1,25062.1,102111,2341650,106650,25062.1
2025-07-24,2025-12-24,21000,PE,35.9,39.75,35.85,37.45,37.45,659,836600,5550,25062.1
2025-07-24,2029-12-27,21000,CE,0.0,0.0,0.0,9463.95,9353.0,0,0,0,25062.1
2025-07-24,2025-07-24,26050,CE,0.6,1.05,0.05,0.1,25062.1,232549,807075,191850,25062.1
2025-07-24,2027-12-30,21000,CE,0.0,0.0,0.0,4902.4,7224.9,0,0,0,25062.1
2025-07-24,2027-06-24,21000,CE,0.0,0.0,0.0,3061.8,6607.25,0,0,0,25062.1
2025-07-24,2025-07-31,26050,PE,844.0,990.0,838.0,956.0,956.0,13,6825,-300,25062.1
2025-07-24,2025-08-07,26050,PE,917.5,917.5,917.5,917.5,917.5,1,75,75,25062.1
2025-07-24,2025-07-31,23900,CE,1320.5,1329.7,1185.0,1190.3,1190.3,20,46200,750,25062.1
2025-07-24,2025-07-24,23900,PE,0.55,0.6,0.05,0.1,25062.1,147768,1084425,-171525,25062.1
2025-07-24,2025-09-25,23900,PE,74.3,104.55,71.45,87.5,87.5,263,154575,1875,25062.1
2025-07-24,2025-07-24,24150,CE,943.1,956.75,902.35,915.2,25062.1,92,1050,150,25062.1
2025-07-24,2025-08-28,24150,CE,1109.05,1109.05,1109.0,1109.0,1190.3,2,450,75,25062.1
2025-07-24,2025-08-14,24150,CE,0.0,0.0,0.0,1439.8,1070.7,0,0,0,25062.1
2025-07-24,2025-08-14,24150,PE,0.0,0.0,0.0,93.9,75.4,0,0,0,25062.1
2025-07-24,2025-08-07,24150,PE,24.3,24.3,10.9,15.15,15.15,169,8325,8250,25062.1
2025-07-24,2025-08-21,24150,CE,0.0,0.0,0.0,1231.8,1130.6,0,0,0,25062.1
2025-07-24,2025-07-31,24150,CE,964.65,973.0,952.55,952.75,950.4,4,1650,75,25062.1
2025-07-24,2025-09-25,25300,CE,569.15,569.15,474.15,482.55,482.55,288,36825,3975,25062.1
2025-07-24,2025-08-14,25300,PE,187.4,343.3,187.4,310.1,310.1,222,5775,1425,25062.1
2025-07-24,2025-07-31,25300,CE,110.0,114.5,44.6,47.8,47.8,438418,5270100,2940225,25062.1
2025-07-24,2025-08-07,25450,PE,285.0,405.1,285.0,383.0,383.0,177,5550,-6225,25062.1
2025-07-24,2025-07-24,25450,PE,223.7,436.6,219.3,386.75,25062.1,28107,37275,-105450,25062.1
2025-07-24,2025-08-07,23750,PE,10.25,10.25,5.05,8.0,12.65,4,150,150,25062.1
2025-07-24,2030-06-25,20000,PE,0.0,0.0,0.0,236.4,226.4,0,0,0,25062.1
2025-07-24,2025-09-25,20000,CE,5473.1,5473.1,5270.0,5270.0,5272.05,9,105825,-300,25062.1
2025-07-24,2025-07-31,24050,PE,4.0,6.3,3.6,4.7,4.7,12368,192900,62700,25062.1
2025-07-24,2025-08-28,24050,PE,37.0,50.9,37.0,48.8,48.8,96,15900,1875,25062.1
2025-07-24,2025-08-21,24050,CE,0.0,0.0,0.0,1312.85,1212.95,0,0,0,25062.1
2025-07-24,2025-07-24,24050,PE,0.7,0.7,0.05,0.15,25062.1,90721,398400,-49200,25062.1
2025-07-24,2025-07-31,24050,CE,1044.95,1044.95,1042.4,1042.45,1046.4,5,3825,375,25062.1
2025-07-24,2025-08-28,24050,CE,1189.9,1189.9,1189.9,1189.9,1270.45,1,375,-75,25062.1
2025-07-24,2025-09-25,24050,CE,0.0,0.0,0.0,1588.5,1477.5,0,150,0,25062.1
2025-07-24,2025-07-31,22450,CE,0.0,0.0,0.0,2661.1,2637.95,0,675,0,25062.1
2025-07-24,2025-07-24,24500,CE,730.0,731.45,518.6,563.7,25062.1,6834,44475,-92850,25062.1
2025-07-24,2025-08-14,24500,PE,42.05,66.0,38.9,52.8,52.8,1983,105375,15975,25062.1
2025-07-24,2025-08-21,24500,PE,0.0,0.0,0.0,212.55,187.85,0,0,0,25062.1
2025-07-24,2025-08-21,24500,CE,0.0,0.0,0.0,966.45,862.45,0,0,0,25062.1
2025-07-24,2025-08-28,24500,PE,70.0,115.05,70.0,99.25,99.25,25245,1760400,-86100,25062.1
2025-07-24,2025-07-24,24500,PE,0.75,0.9,0.05,0.1,25062.1,1211958,5633175,-2791050,25062.1
2025-07-24,2025-08-07,24500,CE,775.0,779.55,629.05,655.2,655.2,209,29175,5700,25062.1
2025-07-24,2025-07-24,26100,CE,0.45,1.0,0.05,0.1,25062.1,377242,3472725,342825,25062.1
2025-07-24,2025-07-31,27150,CE,0.75,0.85,0.7,0.8,0.8,1242,76500,-525,25062.1
2025-07-24,2025-08-07,27150,CE,1.95,2.8,1.35,1.75,1.75,140,4650,825,25062.1
2025-07-24,2025-09-25,24300,CE,0.0,0.0,0.0,1283.0,1293.45,0,300,0,25062.1
2025-07-24,2025-08-14,24900,CE,467.05,467.05,375.65,386.15,386.15,140,5400,2775,25062.1
2025-07-24,2025-08-07,24900,CE,455.2,455.2,306.0,321.4,321.4,2865,126450,86700,25062.1
2025-07-24,2025-08-28,23100,PE,10.8,15.5,10.8,13.95,13.95,51,21225,75,25062.1
2025-07-24,2025-07-31,27300,PE,2090.0,2200.75,2090.0,2200.75,2206.55,6,8250,-375,25062.1
2025-07-24,2025-07-24,27300,PE,0.0,0.0,0.0,2139.0,25062.1,0,225,0,25062.1
2025-07-24,2025-07-31,23100,CE,2110.0,2110.0,1975.0,1996.6,1996.6,23,9000,-225,25062.1
2025-07-24,2025-08-28,27300,CE,0.0,0.0,0.0,224.35,32.7,0,0,0,25062.1
2025-07-24,2025-08-14,23600,PE,12.0,12.0,10.2,10.5,10.5,13,5550,750,25062.1
2025-07-24,2025-07-31,23600,PE,2.8,2.9,1.9,2.2,2.2,38364,960000,597600,25062.1
2025-07-24,2025-09-25,23600,CE,0.0,0.0,0.0,2444.6,1836.55,0,0,0,25062.1
2025-07-24,2025-09-25,23600,PE,53.45,68.1,52.0,62.5,62.5,88,16800,2700,25062.1
2025-07-24,2025-07-24,23600,PE,0.45,0.55,0.05,0.1,25062.1,27144,495300,-152625,25062.1
2025-07-24,2025-08-07,23600,CE,0.0,0.0,0.0,1978.1,1523.95,0,0,0,25062.1
2025-07-24,2025-08-21,23600,PE,13.85,18.8,13.85,15.85,15.85,63,5925,525,25062.1
2025-07-24,2025-07-31,22550,PE,1.25,1.35,0.85,1.1,1.1,2046,78600,66825,25062.1
2025-07-24,2025-08-28,22800,CE,2462.0,2462.0,2370.0,2381.0,2406.0,15,1800,1050,25062.1
2025-07-24,2025-07-31,22550,CE,0.0,0.0,0.0,2548.85,2538.05,0,1125,0,25062.1
2025-07-24,2025-07-31,22800,CE,2400.0,2400.0,2299.35,2299.35,2288.35,8,7950,-450,25062.1
2025-07-24,2025-08-28,22800,PE,8.0,11.4,8.0,10.65,10.65,1936,221250,6225,25062.1
2025-07-24,2025-07-31,22800,PE,2.4,2.4,0.95,1.15,1.15,3970,136350,-3750,25062.1
2025-07-24,2026-06-25,14000,PE,0.0,0.0,0.0,24.0,0.05,0,1225,0,25062.1
2025-07-24,2025-07-24,26900,PE,0.0,0.0,0.0,1637.7,25062.1,0,300,0,25062.1
2025-07-24,2025-08-28,26900,PE,0.0,0.0,0.0,1612.4,1742.8,0,8550,0,25062.1
2025-07-24,2025-07-24,23450,PE,0.6,0.6,0.05,0.1,25062.1,15797,295875,55350,25062.1
2025-07-24,2025-08-28,26900,CE,0.0,0.0,0.0,301.05,62.05,0,0,0,25062.1
2025-07-24,2025-07-24,25500,PE,269.15,485.9,268.55,436.45,25062.1,53902,117675,-415050,25062.1
2025-07-24,2025-08-21,23850,PE,0.0,0.0,0.0,80.9,62.55,0,0,0,25062.1
2025-07-24,2025-09-25,23850,CE,0.0,0.0,0.0,2038.05,1632.9,0,75,0,25062.1
2025-07-24,2025-08-28,23150,CE,0.0,0.0,0.0,2235.0,2070.55,0,225,0,25062.1
2025-07-24,2025-07-24,23150,CE,0.0,0.0,0.0,2040.5,25062.1,0,75,0,25062.1
2025-07-24,2025-08-21,25950,CE,0.0,0.0,0.0,243.9,174.85,0,0,0,25062.1
2025-07-24,2025-08-28,25950,CE,96.15,96.15,68.0,69.45,69.45,294,29250,5175,25062.1
2025-07-24,2025-07-31,25950,CE,6.35,6.35,3.05,3.35,3.35,43978,666000,346125,25062.1
2025-07-24,2025-09-25,27350,CE,0.0,0.0,0.0,361.45,114.25,0,0,0,25062.1
2025-07-24,2025-07-31,27350,CE,0.75,0.9,0.7,0.85,0.85,1425,68400,9000,25062.1
2025-07-24,2025-07-24,27350,PE,0.0,0.0,0.0,2084.0,25062.1,0,300,0,25062.1
2025-07-24,2025-08-21,23700,PE,0.0,0.0,0.0,62.65,46.55,0,0,0,25062.1
2025-07-24,2025-08-07,23700,CE,0.0,0.0,0.0,1885.8,1427.3,0,0,0,25062.1
2025-07-24,2025-09-25,23750,CE,0.0,0.0,0.0,2125.9,1713.15,0,75,0,25062.1
2025-07-24,2025-12-24,16500,PE,0.0,0.0,0.0,13.35,0.05,0,3075,0,25062.1
2025-07-24,2025-08-07,23750,CE,1387.2,1387.2,1387.2,1387.2,1387.2,1,75,0,25062.1
2025-07-24,2026-03-26,20000,PE,0.0,0.0,0.0,95.7,25.6,0,0,0,25062.1
2025-07-24,2025-08-28,24950,CE,554.0,554.0,444.8,456.25,456.25,153,5625,1200,25062.1
2025-07-24,2025-09-25,20000,PE,9.5,11.0,9.5,9.75,9.75,489,494775,-3975,25062.1
2025-07-24,2026-06-25,20000,PE,0.0,0.0,0.0,3159.75,49.1,0,0,0,25062.1
2025-07-24,2025-08-28,25850,PE,720.25,720.25,720.25,720.25,720.25,1,8250,0,25062.1
2025-07-24,2025-08-21,25850,CE,0.0,0.0,0.0,273.9,199.45,0,0,0,25062.1
2025-07-24,2025-09-25,25850,PE,663.0,663.0,663.0,663.0,974.65,1,6600,0,25062.1
2025-07-24,2025-08-14,25850,PE,717.2,717.2,717.2,717.2,717.2,1,75,75,25062.1
2025-07-24,2025-07-24,25850,CE,0.6,1.3,0.05,0.1,25062.1,455043,1693200,413700,25062.1
2025-07-24,2025-08-21,25850,PE,0.0,0.0,0.0,862.2,868.65,0,0,0,25062.1
2025-07-24,2025-08-07,25700,PE,514.5,625.0,491.0,594.8,594.8,170,14175,2400,25062.1
2025-07-24,2025-09-25,25700,CE,356.15,358.2,298.4,303.95,303.95,319,25050,-3825,25062.1
2025-07-24,2025-08-28,25700,PE,499.7,651.55,495.05,615.05,615.05,417,116475,4650,25062.1
2025-07-24,2025-09-25,25700,PE,555.15,650.0,555.15,632.2,632.2,11,12600,-75,25062.1
2025-07-24,2025-08-07,25650,CE,58.05,58.05,30.2,31.75,31.75,3604,99225,60450,25062.1
2025-07-24,2025-08-21,25650,CE,0.0,0.0,0.0,342.15,259.55,0,0,0,25062.1
2025-07-24,2025-09-25,25650,PE,0.0,0.0,0.0,525.2,854.1,0,1725,0,25062.1
2025-07-24,2025-08-07,24200,PE,12.9,21.7,11.15,16.05,16.05,6562,197100,11475,25062.1
2025-07-24,2025-09-25,25400,CE,516.6,516.6,420.65,436.65,436.65,255,31800,8025,25062.1
2025-07-24,2025-07-31,25400,PE,217.65,381.15,204.45,331.45,331.45,28394,1096125,60750,25062.1
2025-07-24,2025-08-28,24300,PE,50.45,81.2,49.85,69.6,69.6,8674,772800,-10800,25062.1
2025-07-24,2025-08-07,25400,CE,131.4,132.95,74.8,77.7,77.7,14830,281550,75300,25062.1
2025-07-24,2025-07-24,24300,CE,908.6,908.6,728.2,767.2,25062.1,397,11325,-4200,25062.1
2025-07-24,2025-07-24,25400,CE,5.75,6.9,0.05,0.15,25062.1,2904487,5019300,-2086425,25062.1
2025-07-24,2025-08-28,24300,CE,1065.9,1073.0,946.5,974.0,974.0,26,4950,675,25062.1
2025-07-24,2025-09-25,24900,CE,815.0,815.0,705.4,727.65,727.65,98,12000,6375,25062.1
2025-07-24,2025-08-21,24900,PE,130.0,172.3,127.85,160.65,160.65,34,3525,-300,25062.1
2025-07-24,2025-08-21,24900,CE,450.0,458.0,440.0,458.0,601.7,13,1875,-525,25062.1
2025-07-24,2025-08-28,24900,CE,605.5,605.55,471.8,493.7,493.7,818,56700,6300,25062.1
2025-07-24,2025-08-14,25900,PE,762.2,762.2,762.2,762.2,762.2,1,75,75,25062.1
2025-07-24,2025-08-28,25900,CE,110.05,110.05,75.6,77.45,77.45,6311,276900,34050,25062.1
2025-07-24,2025-08-07,25900,PE,662.5,832.8,658.45,828.7,852.3,5,375,0,25062.1
2025-07-24,2025-08-07,25900,CE,24.6,24.6,12.85,13.5,13.5,7673,313425,52125,25062.1
2025-07-24,2025-07-31,25900,CE,7.55,7.55,3.6,3.9,3.9,156897,3951150,2350200,25062.1
2025-07-24,2025-08-07,24350,CE,796.1,796.1,796.1,796.1,837.6,1,75,75,25062.1
2025-07-24,2025-08-21,24600,PE,69.4,99.9,66.95,88.2,88.2,350,19125,9450,25062.1
2025-07-24,2025-09-25,24600,PE,161.0,216.95,158.7,201.4,201.4,1594,253575,48300,25062.1
2025-07-24,2025-08-07,26800,CE,2.65,3.05,2.05,2.15,2.15,336,12975,2775,25062.1
2025-07-24,2025-08-28,26550,PE,1340.2,1340.2,1340.2,1340.2,1340.2,1,975,75,25062.1
2025-07-24,2025-09-25,26550,PE,0.0,0.0,0.0,1155.2,1461.95,0,450,0,25062.1
2025-07-24,2025-08-07,26550,CE,3.15,4.15,3.1,3.3,3.3,114,10650,3450,25062.1
2025-07-24,2025-07-31,26800,PE,1660.0,1680.35,1660.0,1680.35,1707.4,2,7875,0,25062.1
2025-07-24,2027-12-30,31000,PE,0.0,0.0,0.0,3950.7,3533.55,0,0,0,25062.1
2025-07-24,2026-12-31,31000,CE,0.0,0.0,0.0,819.15,829.7,0,0,0,25062.1
2025-07-24,2026-06-25,31000,PE,0.0,0.0,0.0,5585.0,4598.25,0,0,0,25062.1
2025-07-24,2028-12-28,31000,PE,0.0,0.0,0.0,2722.7,3056.05,0,0,0,25062.1
2025-07-24,2028-06-29,31000,CE,0.0,0.0,0.0,1955.45,2431.7,0,0,0,25062.1
2025-07-24,2026-12-31,31000,PE,0.0,0.0,0.0,4949.65,4159.5,0,0,0,25062.1
2025-07-24,2029-06-28,31000,PE,0.0,0.0,0.0,2338.75,2851.8,0,0,0,25062.1
2025-07-24,2027-06-24,31000,CE,0.0,0.0,0.0,1151.25,1322.4,0,0,0,25062.1
2025-07-24,2025-07-31,23150,PE,1.5,2.0,1.25,1.5,1.5,1318,20850,825,25062.1
2025-07-24,2025-07-31,23150,CE,1940.0,1940.0,1935.0,1935.0,1938.75,9,1800,300,25062.1
2025-07-24,2025-08-14,25950,PE,0.0,0.0,0.0,775.25,918.55,0,0,0,25062.1
2025-07-24,2025-09-25,25950,PE,0.0,0.0,0.0,782.7,1038.15,0,12600,0,25062.1
2025-07-24,2025-08-21,25950,PE,0.0,0.0,0.0,931.55,943.6,0,0,0,25062.1
2025-07-24,2025-08-14,25750,CE,0.0,0.0,0.0,408.5,166.85,0,0,0,25062.1
2025-07-24,2025-07-24,25750,PE,524.35,733.25,524.35,687.1,25062.1,576,12825,-14700,25062.1
2025-07-24,2028-12-28,27000,PE,0.0,0.0,0.0,1413.85,1514.05,0,0,0,25062.1
2025-07-24,2025-08-07,26950,PE,1808.0,1808.0,1808.0,1808.0,1808.0,1,75,75,25062.1
2025-07-24,2025-07-31,27000,CE,0.7,1.0,0.65,0.85,0.85,101096,5265675,-535725,25062.1
2025-07-24,2029-12-27,27000,CE,0.0,0.0,0.0,6201.65,5837.95,0,0,0,25062.1
2025-07-24,2027-12-30,27000,CE,0.0,0.0,0.0,2889.8,3452.25,0,0,0,25062.1
2025-07-24,2026-12-31,27000,CE,1824.45,1824.45,1750.0,1750.0,2114.5,4,27075,75,25062.1
2025-07-24,2027-06-24,27000,CE,0.0,0.0,0.0,1932.5,2773.4,0,0,0,25062.1
2025-07-24,2025-08-21,26950,CE,0.0,0.0,0.0,63.65,34.3,0,0,0,25062.1
2025-07-24,2025-08-14,26950,PE,0.0,0.0,0.0,1534.7,1810.95,0,0,0,25062.1
2025-07-24,2028-06-29,27000,CE,0.0,0.0,0.0,2885.15,4079.75,0,0,0,25062.1
2025-07-24,2025-08-14,24100,PE,20.0,29.9,18.4,23.65,23.65,414,21375,17400,25062.1
2025-07-24,2025-08-07,24100,PE,12.3,17.25,8.1,13.15,13.15,3945,86325,50925,25062.1
2025-07-24,2025-08-07,24100,CE,1047.7,1047.7,1047.7,1047.7,1047.7,1,75,75,25062.1
2025-07-24,2025-09-25,23950,CE,0.0,0.0,0.0,1955.7,1554.3,0,150,0,25062.1
2025-07-24,2025-08-07,23950,CE,1190.2,1190.2,1190.2,1190.2,1190.2,1,75,75,25062.1
2025-07-24,2025-08-21,23950,PE,0.0,0.0,0.0,95.3,75.45,0,0,0,25062.1
2025-07-24,2025-07-24,25850,PE,658.6,825.8,658.6,788.5,25062.1,121,2475,450,25062.1
2025-07-24,2025-08-07,25850,CE,26.35,26.35,15.0,15.95,15.95,2497,42975,-4050,25062.1
2025-07-24,2025-07-31,25700,PE,451.95,654.8,451.95,610.8,610.8,3143,538650,14850,25062.1
2025-07-24,2025-08-14,25700,CE,81.0,81.0,50.05,53.4,53.4,852,42825,14025,25062.1
2025-07-24,2025-08-28,25700,CE,165.0,169.2,117.4,120.7,120.7,5868,551925,54975,25062.1
2025-07-24,2025-08-21,25700,CE,0.0,0.0,0.0,324.0,243.4,0,0,0,25062.1
2025-07-24,2025-08-21,25700,PE,0.0,0.0,0.0,763.15,763.3,0,0,0,25062.1
2025-07-24,2025-07-24,25700,CE,0.85,2.1,0.05,0.1,25062.1,2560307,7510500,660900,25062.1
2025-07-24,2025-07-24,25700,PE,472.7,680.65,468.9,634.6,25062.1,1781,34125,-18975,25062.1
2025-07-24,2025-08-07,25700,CE,49.75,49.75,25.6,26.85,26.85,11493,305925,102900,25062.1
2025-07-24,2025-08-14,25700,PE,515.0,515.0,515.0,515.0,729.9,1,75,75,25062.1
2025-07-24,2025-07-31,25700,CE,16.0,18.55,7.4,7.75,7.75,179437,3719250,1416150,25062.1
2025-07-24,2025-08-07,24650,CE,527.3,527.3,527.3,527.3,605.05,1,75,75,25062.1
2025-07-24,2025-07-24,24650,PE,1.05,1.25,0.05,0.15,25062.1,1115873,2974200,188700,25062.1
2025-07-24,2025-07-31,24650,PE,13.75,32.6,12.1,20.05,20.05,58577,712125,-53325,25062.1
2025-07-24,2025-08-21,24650,CE,0.0,0.0,0.0,862.6,758.55,0,0,0,25062.1
2025-07-24,2025-07-31,24400,CE,827.0,827.0,663.05,704.95,704.95,242,32775,2325,25062.1
2025-07-24,2025-07-31,24400,PE,7.05,14.75,6.65,9.6,9.6,128242,2572275,449625,25062.1
2025-07-24,2025-08-28,24400,PE,60.55,95.8,58.75,82.4,82.4,5184,398475,24525,25062.1
2025-07-24,2025-08-28,24600,PE,85.85,134.2,85.55,116.3,116.3,5444,423600,20475,25062.1
2025-07-24,2025-08-07,24600,CE,650.0,650.0,540.0,566.3,566.3,130,5550,1725,25062.1
2025-07-24,2025-12-24,24000,CE,2034.25,2050.65,1915.0,1939.9,1939.9,338,931125,2625,25062.1
2025-07-24,2026-03-26,24000,CE,0.0,0.0,0.0,2199.95,2543.8,0,75,0,25062.1
2025-07-24,2029-06-28,22000,CE,0.0,0.0,0.0,9207.9,8182.05,0,0,0,25062.1
2025-07-24,2026-03-26,22000,PE,0.0,0.0,0.0,346.6,146.7,0,0,0,25062.1
2025-07-24,2028-12-28,22000,CE,0.0,0.0,0.0,6932.45,7642.3,0,0,0,25062.1
