date,expiry,strike,opt_type,open,high,low,close,settle,volume,oi,oi_change,underlying
2025-04-30,2025-06-26,22250,PE,0.0,0.0,0.0,190.0,45.95,0,525,0,24334.2
2025-04-30,2025-06-26,21700,PE,87.0,96.55,81.7,92.65,92.65,60,56400,0,24334.2
2025-04-30,2025-06-26,21450,PE,0.0,0.0,0.0,59.85,11.55,0,0,0,24334.2
2025-04-30,2025-06-26,18000,PE,14.0,17.3,14.0,16.65,16.65,440,431025,9825,24334.2
2025-04-30,2025-05-29,25950,PE,0.0,0.0,0.0,1755.85,1544.85,0,150,0,24334.2
2025-04-30,2025-05-29,25750,PE,0.0,0.0,0.0,1565.25,1369.5,0,75,0,24334.2
2025-04-30,2025-05-29,25200,PE,925.55,938.7,839.5,897.45,897.45,99,84450,900,24334.2
2025-04-30,2025-05-29,23650,PE,211.6,232.6,187.35,217.35,217.35,328,49575,-2700,24334.2
2025-04-30,2025-05-29,23550,PE,200.55,211.8,171.8,201.45,201.45,632,34350,-15300,24334.2
2025-04-30,2025-05-29,23300,PE,154.3,172.2,133.4,156.2,156.2,6030,429900,40125,24334.2
2025-04-30,2025-05-29,22950,PE,108.45,129.75,95.0,119.15,119.15,314,20175,3225,24334.2
2025-04-30,2025-05-29,21800,PE,44.7,54.05,38.1,47.9,47.9,2434,381375,-12225,24334.2
2025-04-30,2025-05-29,21250,PE,28.55,35.55,28.25,34.6,34.6,40,4500,-300,24334.2
2025-04-30,2025-05-29,20850,PE,24.35,28.75,24.35,26.7,26.7,24,4275,-375,24334.2
2025-04-30,2025-05-22,23650,PE,0.0,0.0,0.0,321.9,123.95,0,0,0,24334.2
2025-04-30,2025-05-22,22550,PE,0.0,0.0,0.0,60.2,10.1,0,0,0,24334.2
2025-04-30,2025-05-15,25450,PE,0.0,0.0,0.0,1091.45,1093.5,0,675,0,24334.2
2025-04-30,2025-05-15,25400,PE,0.0,0.0,0.0,1044.7,1049.2,0,675,0,24334.2
2025-04-30,2025-05-15,23550,PE,115.0,129.85,101.3,121.1,121.1,90,6000,1500,24334.2
2025-04-30,2025-05-15,23500,PE,102.95,129.75,92.75,116.0,116.0,10410,359475,139575,24334.2
2025-04-30,2025-05-15,23100,PE,63.0,84.65,57.0,72.95,72.95,901,38100,19575,24334.2
2025-04-30,2025-05-15,21850,PE,19.45,20.15,16.7,18.2,18.2,86,6075,4875,24334.2
2025-04-30,2025-05-15,21700,PE,16.5,18.05,13.1,16.2,16.2,272,12750,7500,24334.2
2025-04-30,2025-05-15,21300,PE,10.5,15.75,9.6,13.8,13.8,37,4050,1800,24334.2
2025-04-30,2025-05-08,25800,PE,1459.2,1459.2,1457.35,1458.4,1458.4,7,1050,525,24334.2
2025-04-30,2025-05-08,25550,PE,1210.0,1213.65,1210.0,1212.6,1212.6,7,975,375,24334.2
2025-04-30,2025-05-08,25500,PE,1169.4,1199.55,1100.0,1134.0,1134.0,799,78150,20775,24334.2
2025-04-30,2025-05-08,24900,PE,597.9,652.2,541.0,590.0,590.0,799,46275,16275,24334.2
2025-04-30,2025-05-08,24800,PE,555.6,570.85,459.0,503.15,503.15,3899,132975,55875,24334.2
2025-04-30,2025-05-08,24600,PE,415.4,416.35,324.0,364.5,364.5,15303,329850,157725,24334.2
2025-04-30,2029-12-27,29000,CE,0.0,0.0,0.0,5305.8,5103.05,0,0,0,24334.2
2025-04-30,2029-06-28,27000,CE,0.0,0.0,0.0,6570.4,5419.8,0,0,0,24334.2
2025-04-30,2028-12-28,21000,CE,0.0,0.0,0.0,7512.5,8274.65,0,0,0,24334.2
2025-04-30,2028-06-29,22000,CE,0.0,0.0,0.0,4759.5,7035.9,0,0,0,24334.2
2025-04-30,2025-04-30,21200,CE,0.0,0.0,0.0,2940.0,24334.2,0,0,0,24334.2
2025-04-30,2025-04-30,21800,CE,2540.0,2564.0,2495.0,2564.0,24334.2,11,9150,-300,24334.2
2025-04-30,2025-04-30,22100,CE,2200.0,2265.0,2200.0,2245.0,24334.2,38,7350,-2700,24334.2
2025-04-30,2025-04-30,22350,CE,2026.4,2026.4,2026.4,2026.4,24334.2,4,3375,0,24334.2
2025-04-30,2025-04-30,22400,CE,1925.0,1990.3,1917.0,1983.5,24334.2,53,9075,-3525,24334.2
2025-04-30,2025-04-30,23500,CE,757.9,893.75,757.9,860.6,24334.2,7643,274650,-233175,24334.2
2025-04-30,2025-04-30,24100,CE,234.85,292.6,171.2,262.95,24334.2,233584,1004100,-1366275,24334.2
2025-04-30,2025-04-30,24650,CE,3.8,3.8,0.05,0.1,24334.2,1592017,2512950,-778350,24334.2
2025-04-30,2025-04-30,24700,CE,1.9,2.6,0.05,0.1,24334.2,1673772,5824050,414000,24334.2
2025-04-30,2025-04-30,25900,CE,0.55,0.9,0.05,0.05,24334.2,273607,1245450,-1347075,24334.2
2025-04-30,2025-04-30,26050,CE,0.45,0.6,0.05,0.05,24334.2,95732,1632600,128550,24334.2
2025-04-30,2025-05-08,20600,CE,0.0,0.0,0.0,3593.65,3763.35,0,75,0,24334.2
2025-04-30,2025-05-08,21800,CE,2530.0,2530.0,2530.0,2530.0,2565.05,1,2775,0,24334.2
2025-04-30,2025-05-08,22200,CE,2134.0,2162.9,2125.0,2162.65,2165.65,28,2475,750,24334.2
2025-04-30,2025-05-08,22300,CE,2060.0,2090.0,2060.0,2087.5,2087.5,10,9750,750,24334.2
2025-04-30,2025-05-08,22700,CE,1620.0,1710.0,1620.0,1678.75,1666.75,65,14175,4725,24334.2
2025-04-30,2025-05-08,22850,CE,1530.0,1530.0,1520.1,1525.4,1517.5,6,1500,450,24334.2
2025-04-30,2025-05-08,23300,CE,1051.85,1132.9,1020.25,1114.75,1114.75,2503,224550,172350,24334.2
2025-04-30,2025-05-08,23600,CE,733.45,851.3,733.45,807.05,807.05,1268,98850,24075,24334.2
2025-04-30,2025-05-08,23950,CE,450.75,548.25,450.05,505.75,505.75,814,57000,6150,24334.2
2025-04-30,2025-05-08,24050,CE,389.95,469.05,383.4,442.85,442.85,1785,63675,19500,24334.2
2025-04-30,2025-05-08,24800,CE,58.2,71.0,41.1,54.35,54.35,187922,3051975,1640550,24334.2
2025-04-30,2025-05-08,24900,CE,33.9,49.95,27.15,35.15,35.15,96506,1506900,804375,24334.2
2025-04-30,2025-05-08,25550,CE,4.5,4.5,2.15,2.75,2.75,16509,392925,287025,24334.2
2025-04-30,2025-05-08,25750,CE,2.6,2.9,1.5,1.85,1.85,8263,279225,128925,24334.2
2025-04-30,2025-05-15,21550,CE,0.0,0.0,0.0,2595.95,2841.4,0,75,0,24334.2
2025-04-30,2025-05-15,22050,CE,0.0,0.0,0.0,2088.75,2343.05,0,75,0,24334.2
2025-04-30,2025-05-15,22700,CE,0.0,0.0,0.0,1500.6,1699.6,0,75,0,24334.2
2025-04-30,2025-05-15,23050,CE,0.0,0.0,0.0,1388.85,1361.85,0,450,0,24334.2
2025-04-30,2025-05-15,23400,CE,1040.0,1105.0,1025.0,1086.75,1086.75,41,6450,900,24334.2
2025-04-30,2025-05-15,23550,CE,0.0,0.0,0.0,930.1,911.1,0,900,0,24334.2
2025-04-30,2025-05-15,23650,CE,0.0,0.0,0.0,852.75,828.35,0,300,0,24334.2
2025-04-30,2025-05-15,24450,CE,267.15,313.7,236.3,284.6,284.6,545,18675,-975,24334.2
2025-04-30,2025-05-15,24800,CE,120.2,153.55,101.3,132.55,132.55,6535,226725,83700,24334.2
2025-04-30,2025-05-15,24850,CE,100.7,134.75,94.2,111.35,111.35,563,20325,9825,24334.2
2025-04-30,2025-05-15,25500,CE,22.0,24.05,16.25,18.8,18.8,10709,333525,150000,24334.2
2025-04-30,2025-05-15,25650,CE,14.0,14.0,11.1,12.9,12.9,167,5550,900,24334.2
2025-04-30,2025-05-15,25700,CE,12.6,17.5,9.35,10.5,10.5,2714,60300,11175,24334.2
2025-04-30,2025-05-15,26100,CE,7.8,7.8,3.0,3.35,3.35,3454,126150,60375,24334.2
2025-04-30,2025-05-22,23400,CE,0.0,0.0,0.0,823.65,1102.25,0,0,0,24334.2
2025-04-30,2025-05-22,23650,CE,0.0,0.0,0.0,663.7,900.1,0,0,0,24334.2
2025-04-30,2025-05-22,24850,CE,0.0,0.0,0.0,173.95,230.95,0,0,0,24334.2
2025-04-30,2025-05-22,25100,CE,123.05,123.05,89.85,101.95,101.95,12,750,750,24334.2
2025-04-30,2025-05-22,25400,CE,59.2,61.35,46.9,55.05,55.05,93,9450,2925,24334.2
2025-04-30,2025-05-29,20950,CE,0.0,0.0,0.0,3289.45,3491.65,0,1650,0,24334.2
2025-04-30,2025-05-29,21000,CE,3486.25,3487.1,3383.0,3441.95,3441.95,171,536925,3600,24334.2
2025-04-30,2025-05-29,21100,CE,0.0,0.0,0.0,3092.95,3342.55,0,3000,0,24334.2
2025-04-30,2025-05-29,21450,CE,0.0,0.0,0.0,2804.4,2995.0,0,1425,0,24334.2
2025-04-30,2025-05-29,21650,CE,0.0,0.0,0.0,2615.3,2796.9,0,1950,0,24334.2
2025-04-30,2025-05-29,21850,CE,0.0,0.0,0.0,2422.6,2599.4,0,2400,0,24334.2
2025-04-30,2025-05-29,22200,CE,2261.05,2316.25,2250.8,2265.0,2256.55,18,32100,300,24334.2
2025-04-30,2025-05-29,22450,CE,0.0,0.0,0.0,1853.7,2015.2,0,4050,0,24334.2
2025-04-30,2025-05-29,23400,CE,1210.35,1222.45,1140.45,1170.25,1170.25,63,206025,300,24334.2
2025-04-30,2025-05-29,24100,CE,590.8,681.95,590.4,649.55,649.55,1714,681750,-23325,24334.2
2025-04-30,2025-05-29,25150,CE,129.85,147.0,123.25,136.75,136.75,754,39825,-6525,24334.2
2025-04-30,2025-05-29,25250,CE,105.05,121.0,99.05,109.15,109.15,1044,54525,6825,24334.2
2025-04-30,2025-06-26,20550,CE,0.0,0.0,0.0,3781.5,4000.75,0,375,0,24334.2
2025-04-30,2025-06-26,22400,CE,0.0,0.0,0.0,2001.0,2226.1,0,1950,0,24334.2
2025-04-30,2025-06-26,23200,CE,1538.35,1538.35,1512.1,1530.15,1544.4,8,7500,450,24334.2
2025-04-30,2025-06-26,23750,CE,0.0,0.0,0.0,1189.0,1138.7,0,975,0,24334.2
2025-04-30,2025-06-26,24750,CE,480.0,497.05,463.45,493.3,493.3,22,8400,-375,24334.2
2025-04-30,2025-07-31,22550,CE,0.0,0.0,0.0,2263.6,2300.3,0,0,0,24334.2
2025-04-30,2025-07-31,22650,CE,0.0,0.0,0.0,2182.0,2216.95,0,0,0,24334.2
2025-04-30,2025-07-31,24150,CE,0.0,0.0,0.0,1135.0,1143.45,0,0,0,24334.2
2025-04-30,2025-07-31,25100,CE,0.0,0.0,0.0,673.25,669.65,0,0,0,24334.2
2025-04-30,2025-07-31,25600,CE,388.0,388.0,324.1,325.0,325.0,12,675,675,24334.2
2025-04-30,2025-07-31,25700,CE,0.0,0.0,0.0,462.4,454.55,0,0,0,24334.2
2025-04-30,2025-07-31,25800,CE,0.0,0.0,0.0,432.8,424.5,0,0,0,24334.2
2025-04-30,2025-09-25,17000,CE,0.0,0.0,0.0,10410.55,7791.95,0,0,0,24334.2
2025-04-30,2026-03-26,17000,CE,0.0,0.0,0.0,7789.5,8342.3,0,0,0,24334.2
2025-04-30,2026-03-26,19000,CE,0.0,0.0,0.0,5966.85,6491.5,0,0,0,24334.2
2025-04-30,2026-03-26,27000,CE,0.0,0.0,0.0,891.9,1115.3,0,0,0,24334.2
2025-04-30,2026-06-25,25000,CE,0.0,0.0,0.0,1510.4,2385.0,0,0,0,24334.2
2025-04-30,2025-05-08,24650,PE,439.95,450.35,354.5,403.15,403.15,1701,45150,12525,24334.2
2025-04-30,2025-05-08,26100,PE,1715.35,1800.0,1715.35,1800.0,1800.0,58,4500,3675,24334.2
2025-04-30,2025-05-15,21950,PE,20.5,25.3,20.35,22.3,22.3,50,4350,1350,24334.2
2025-04-30,2025-05-15,22300,PE,29.0,35.2,23.8,31.25,31.25,574,26400,-5025,24334.2
2025-04-30,2025-05-15,23950,PE,188.55,220.0,174.4,195.0,195.0,299,13725,4875,24334.2
2025-04-30,2025-05-15,24600,PE,480.15,481.0,400.0,420.35,420.35,1351,42675,9525,24334.2
2025-04-30,2025-05-15,25500,PE,1100.0,1176.2,1100.0,1143.4,1143.4,28,3075,2100,24334.2
2025-04-30,2025-05-22,23100,PE,0.0,0.0,0.0,155.7,40.65,0,75,0,24334.2
2025-04-30,2025-07-31,26000,PE,0.0,0.0,0.0,1663.7,1597.5,0,0,0,24334.2
2025-04-30,2025-07-31,24550,PE,0.0,0.0,0.0,782.55,726.3,0,0,0,24334.2
2025-04-30,2025-05-29,22200,PE,55.65,72.0,51.4,66.05,66.05,2405,415575,2550,24334.2
2025-04-30,2025-05-29,22050,PE,48.0,62.35,48.0,56.35,56.35,73,11700,150,24334.2
2025-04-30,2025-05-29,21400,PE,38.75,38.75,29.7,34.95,34.95,827,117225,-6825,24334.2
2025-04-30,2025-05-29,21350,PE,0.0,0.0,0.0,31.95,0.7,0,3000,0,24334.2
2025-04-30,2025-05-29,20500,PE,21.95,23.85,18.7,22.5,22.5,8917,2607975,25125,24334.2
2025-04-30,2025-05-22,25500,PE,0.0,0.0,0.0,1564.4,1147.7,0,0,0,24334.2
2025-04-30,2025-05-22,24050,PE,265.0,273.4,261.35,273.4,239.35,4,675,150,24334.2
2025-04-30,2025-05-22,24000,PE,268.0,285.2,234.3,265.7,265.7,684,41025,12375,24334.2
2025-04-30,2025-05-22,22800,PE,0.0,0.0,0.0,93.9,19.7,0,0,0,24334.2
2025-04-30,2025-05-22,22700,PE,0.0,0.0,0.0,79.0,15.2,0,0,0,24334.2
2025-04-30,2025-05-22,22350,PE,0.0,0.0,0.0,40.95,5.6,0,0,0,24334.2
2025-04-30,2025-05-15,25650,PE,0.0,0.0,0.0,1277.7,1275.5,0,150,0,24334.2
2025-04-30,2025-05-15,25000,PE,701.4,750.0,563.05,720.9,720.9,105,26475,3225,24334.2
2025-04-30,2025-05-15,23800,PE,162.0,187.65,139.35,162.55,162.55,4214,155850,50100,24334.2
2025-04-30,2025-05-15,23750,PE,160.05,172.05,131.15,156.55,156.55,143,12900,4500,24334.2
2025-04-30,2025-05-15,22150,PE,25.15,28.85,20.35,28.1,28.1,52,3375,2700,24334.2
2025-04-30,2025-05-15,21200,PE,10.25,13.8,9.4,10.9,10.9,280,13425,10200,24334.2
2025-04-30,2025-05-15,20800,PE,12.6,18.35,6.6,8.15,8.15,264,9300,5250,24334.2
2025-04-30,2025-05-08,26050,PE,0.0,0.0,0.0,1702.3,1679.7,0,675,0,24334.2
2025-04-30,2025-05-08,25300,PE,967.4,1016.65,916.05,997.1,997.1,55,3300,1800,24334.2
2025-04-30,2025-05-08,25100,PE,829.3,829.3,722.0,747.25,747.25,207,25425,8550,24334.2
2025-04-30,2025-05-08,25050,PE,739.95,746.7,714.0,714.0,722.8,14,8550,0,24334.2
2025-04-30,2025-05-08,22800,PE,22.45,27.0,15.8,22.1,22.1,53142,1279350,894975,24334.2
2025-04-30,2025-05-08,21900,PE,7.9,9.3,4.6,5.75,5.75,23964,633375,443700,24334.2
2025-04-30,2025-05-08,21650,PE,5.35,7.1,3.4,4.45,4.45,2988,65925,53625,24334.2
2025-04-30,2025-05-08,21250,PE,6.1,6.1,2.4,3.55,3.55,1004,20175,13725,24334.2
2025-04-30,2025-04-30,25850,PE,1513.35,1513.35,1475.7,1475.7,24334.2,2,675,75,24334.2
2025-04-30,2025-04-30,23750,PE,6.5,6.5,0.05,0.15,24334.2,891128,2454525,1423350,24334.2
2025-04-30,2025-04-30,23300,PE,1.9,1.95,0.05,0.1,24334.2,569864,2767350,-37875,24334.2
2025-04-30,2025-05-15,21750,PE,16.0,17.5,12.8,16.4,16.4,156,9825,5100,24334.2
2025-04-30,2025-05-15,22050,PE,20.4,24.1,20.4,24.1,24.1,2,1875,150,24334.2
2025-04-30,2025-05-15,22400,PE,28.95,39.0,28.5,35.8,35.8,446,15975,-1725,24334.2
2025-04-30,2027-12-30,22000,CE,0.0,0.0,0.0,4499.55,6422.75,0,0,0,24334.2
2025-04-30,2027-12-30,18000,CE,0.0,0.0,0.0,6285.7,9380.5,0,0,0,24334.2
2025-04-30,2027-06-24,29000,CE,0.0,0.0,0.0,1545.2,2079.65,0,0,0,24334.2
2025-04-30,2026-12-31,25000,CE,2560.0,2640.0,2560.0,2640.0,3181.85,5,13400,0,24334.2
2025-04-30,2026-12-31,20000,CE,0.0,0.0,0.0,3704.3,6625.05,0,0,0,24334.2
2025-04-30,2029-12-27,23000,PE,0.0,0.0,0.0,800.0,595.45,0,1875,0,24334.2
2025-04-30,2028-06-29,24000,PE,0.0,0.0,0.0,1692.75,848.8,0,0,0,24334.2
2025-04-30,2027-12-30,17000,PE,0.0,0.0,0.0,110.0,50.05,0,14200,0,24334.2
2025-04-30,2027-06-24,27000,PE,0.0,0.0,0.0,6273.45,1900.05,0,0,0,24334.2
2025-04-30,2027-06-24,25000,PE,0.0,0.0,0.0,5619.05,1167.0,0,0,0,24334.2
2025-04-30,2027-06-24,23000,PE,0.0,0.0,0.0,4514.3,642.5,0,0,0,24334.2
2025-04-30,2026-06-25,28000,PE,0.0,0.0,0.0,6532.55,2712.7,0,0,0,24334.2
2025-04-30,2026-06-25,27000,PE,0.0,0.0,0.0,6810.7,2128.35,0,0,0,24334.2
2025-04-30,2026-06-25,23000,PE,0.0,0.0,0.0,579.95,554.6,0,8100,0,24334.2
2025-04-30,2026-03-26,24000,PE,0.0,0.0,0.0,895.25,787.35,0,0,0,24334.2
2025-04-30,2025-12-24,22000,PE,288.0,308.85,279.35,298.1,298.1,1899,1515850,6775,24334.2
2025-04-30,2025-12-24,17000,PE,51.45,51.45,43.35,48.6,48.6,69,30750,1200,24334.2
2025-04-30,2025-07-31,25850,PE,0.0,0.0,0.0,1556.9,1491.05,0,0,0,24334.2
2025-04-30,2025-07-31,25500,PE,1200.0,1213.55,1103.35,1213.55,1213.55,12,600,300,24334.2
2025-04-30,2025-07-31,25200,PE,0.0,0.0,0.0,1134.0,1071.4,0,0,0,24334.2
2025-04-30,2025-05-22,22650,PE,0.0,0.0,0.0,72.25,13.3,0,0,0,24334.2
2025-04-30,2025-05-22,22500,PE,60.0,69.0,52.5,61.3,61.3,294,22200,10275,24334.2
2025-04-30,2025-05-22,22250,PE,0.0,0.0,0.0,33.4,4.15,0,0,0,24334.2
2025-04-30,2025-05-22,22200,PE,0.0,0.0,0.0,30.1,3.55,0,0,0,24334.2
2025-04-30,2025-05-22,22150,PE,0.0,0.0,0.0,27.05,3.0,0,0,0,24334.2
2025-04-30,2025-05-15,25100,PE,0.0,0.0,0.0,777.8,796.65,0,525,0,24334.2
2025-04-30,2025-05-15,24850,PE,0.0,0.0,0.0,586.4,607.85,0,150,0,24334.2
2025-04-30,2025-05-15,24550,PE,397.95,440.7,383.1,399.4,399.4,242,11175,7350,24334.2
2025-04-30,2025-05-15,23900,PE,183.75,206.75,156.25,178.75,178.75,3690,141900,63375,24334.2
2025-04-30,2025-05-15,23450,PE,103.5,122.1,88.55,107.25,107.25,177,6600,3075,24334.2
2025-04-30,2025-05-15,22650,PE,0.0,0.0,0.0,89.0,4.35,0,675,0,24334.2
2025-04-30,2025-05-15,22550,PE,0.0,0.0,0.0,51.2,3.0,0,1650,0,24334.2
2025-04-30,2025-05-15,21650,PE,14.4,17.45,14.1,17.45,0.05,25,3000,600,24334.2
2025-04-30,2025-05-15,21550,PE,16.65,16.65,12.0,14.15,14.15,31,2625,1650,24334.2
2025-04-30,2025-05-15,21450,PE,0.0,0.0,0.0,14.65,0.05,0,1275,0,24334.2
2025-04-30,2025-05-15,20750,PE,8.0,8.0,7.0,7.05,7.05,48,2775,1725,24334.2
2025-04-30,2025-05-08,25450,PE,1111.85,1160.65,1111.35,1140.55,1140.55,17,1575,525,24334.2
2025-04-30,2025-05-08,25200,PE,930.0,931.05,822.85,863.1,863.1,336,30450,15675,24334.2
2025-04-30,2025-05-08,24150,PE,157.95,195.0,138.3,168.6,168.6,33816,392175,85200,24334.2
2025-04-30,2025-05-08,23550,PE,57.55,75.8,47.1,63.85,63.85,10571,145800,76950,24334.2
2025-04-30,2025-05-08,23200,PE,39.05,46.8,27.3,38.15,38.15,47411,953250,377400,24334.2
2025-04-30,2025-05-08,23150,PE,34.95,44.0,25.65,36.3,36.3,5357,68550,17850,24334.2
2025-04-30,2025-05-08,22250,PE,11.5,12.1,7.05,9.25,9.25,6017,130950,85200,24334.2
2025-04-30,2025-05-08,21800,PE,7.45,8.75,3.95,5.1,5.1,18431,485850,399075,24334.2
2025-04-30,2025-05-08,21400,PE,5.55,5.75,2.45,3.85,3.85,17681,426300,398100,24334.2
2025-04-30,2025-05-08,21300,PE,5.4,5.9,2.45,3.7,3.7,7762,119925,75600,24334.2
2025-04-30,2025-05-08,21150,PE,4.75,4.75,2.3,3.3,3.3,1083,27225,22425,24334.2
2025-04-30,2025-04-30,25700,PE,0.0,0.0,0.0,1345.0,24334.2,0,0,0,24334.2
2025-04-30,2025-04-30,23450,PE,3.8,3.8,0.05,0.15,24334.2,410419,897825,122400,24334.2
2025-04-30,2025-04-30,23150,PE,1.75,1.8,0.05,0.1,24334.2,225215,513600,-185250,24334.2
2025-04-30,2025-04-30,21800,PE,0.8,0.95,0.05,0.1,24334.2,60183,554925,-257400,24334.2
2025-04-30,2025-04-30,21350,PE,0.55,0.7,0.05,0.05,24334.2,19880,177225,84225,24334.2
2025-04-30,2025-04-30,21100,PE,0.7,0.75,0.05,0.1,24334.2,39824,253275,3450,24334.2
2025-04-30,2025-04-30,20950,PE,0.65,0.65,0.05,0.05,24334.2,11591,160950,86925,24334.2
2025-04-30,2025-04-30,20450,PE,0.4,0.5,0.05,0.1,24334.2,263422,935550,-435075,24334.2
2025-04-30,2029-12-27,27000,CE,0.0,0.0,0.0,6201.65,6003.05,0,0,0,24334.2
2025-04-30,2029-12-27,26000,CE,0.0,0.0,0.0,6686.95,6493.75,0,0,0,24334.2
2025-04-30,2029-12-27,24000,CE,0.0,0.0,0.0,7730.0,7555.0,0,0,0,24334.2
2025-04-30,2029-12-27,19000,CE,0.0,0.0,0.0,10714.6,10631.65,0,0,0,24334.2
2025-04-30,2029-12-27,18000,CE,0.0,0.0,0.0,11362.4,11305.8,0,0,0,24334.2
2025-04-30,2029-06-28,18000,CE,0.0,0.0,0.0,11678.65,10852.1,0,0,0,24334.2
2025-04-30,2028-06-29,24000,CE,0.0,0.0,0.0,3918.85,5790.1,0,0,0,24334.2
2025-04-30,2028-06-29,21000,CE,0.0,0.0,0.0,5226.55,7709.2,0,0,0,24334.2
2025-04-30,2028-06-29,19000,CE,0.0,0.0,0.0,6252.25,9140.3,0,0,0,24334.2
2025-04-30,2027-12-30,28000,CE,0.0,0.0,0.0,2639.2,3118.05,0,0,0,24334.2
2025-04-30,2026-06-25,21000,CE,0.0,0.0,0.0,3881.9,5107.75,0,0,0,24334.2
2025-04-30,2026-03-26,18000,CE,0.0,0.0,0.0,6870.7,7410.55,0,0,0,24334.2
2025-04-30,2025-12-24,30000,CE,60.0,68.9,60.0,66.4,66.4,126,98975,1050,24334.2
2025-04-30,2025-12-24,17000,CE,0.0,0.0,0.0,7010.0,8065.35,0,700,0,24334.2
2025-04-30,2025-07-31,25750,CE,0.0,0.0,0.0,447.4,439.35,0,0,0,24334.2
2025-04-30,2025-07-31,24950,CE,0.0,0.0,0.0,735.45,733.3,0,0,0,24334.2
2025-04-30,2025-07-31,24850,CE,0.0,0.0,0.0,779.1,778.05,0,0,0,24334.2
2025-04-30,2025-07-31,24700,CE,711.0,711.0,711.0,711.0,848.6,1,825,75,24334.2
2025-04-30,2025-07-31,23850,CE,0.0,0.0,0.0,1314.5,1327.9,0,0,0,24334.2
2025-04-30,2025-07-31,23500,CE,1518.0,1540.0,1460.0,1500.0,1500.0,103,9600,7500,24334.2
2025-04-30,2025-07-31,23050,CE,0.0,0.0,0.0,1868.6,1896.4,0,0,0,24334.2
2025-04-30,2025-07-31,22800,CE,0.0,0.0,0.0,2061.9,2094.25,0,0,0,24334.2
2025-04-30,2025-07-31,22450,CE,0.0,0.0,0.0,2346.45,2384.8,0,0,0,24334.2
2025-04-30,2025-06-26,28000,CE,16.0,17.85,14.75,16.4,16.4,761,331625,11750,24334.2
2025-04-30,2025-06-26,27000,CE,28.05,31.2,25.35,30.4,30.4,6601,1279850,51450,24334.2
2025-04-30,2025-06-26,25750,CE,0.0,0.0,0.0,201.7,243.7,0,0,0,24334.2
2025-04-30,2025-06-26,24250,CE,757.2,793.05,723.85,762.0,762.0,52,5925,825,24334.2
2025-04-30,2025-06-26,22800,CE,0.0,0.0,0.0,1905.0,1873.95,0,2925,0,24334.2
2025-04-30,2025-04-30,21600,CE,2740.0,2780.0,2715.0,2747.0,24334.2,8,1950,-150,24334.2
2025-04-30,2025-04-30,23200,CE,1057.2,1193.35,1057.2,1178.4,24334.2,2839,95475,-101775,24334.2
2025-04-30,2025-04-30,24250,CE,98.6,145.3,47.75,110.8,24334.2,2775206,1639650,-229575,24334.2
2025-04-30,2025-04-30,24550,CE,7.0,7.0,0.05,0.15,24334.2,3212446,3993975,-226275,24334.2
2025-04-30,2025-04-30,25400,CE,0.75,1.2,0.05,0.05,24334.2,301142,2600775,-447225,24334.2
2025-04-30,2025-04-30,26100,CE,0.5,0.65,0.05,0.05,24334.2,490395,6534825,-4941300,24334.2
2025-04-30,2025-05-08,20750,CE,0.0,0.0,0.0,2643.2,3613.6,0,0,0,24334.2
2025-04-30,2025-05-08,21200,CE,0.0,0.0,0.0,2202.6,3164.2,0,0,0,24334.2
2025-04-30,2025-05-08,22600,CE,1785.0,1806.8,1730.0,1800.15,1800.15,83,19425,5475,24334.2
2025-04-30,2025-05-08,23150,CE,1250.0,1250.0,1189.7,1189.7,1189.7,11,4125,450,24334.2
2025-04-30,2025-05-08,23450,CE,900.0,952.45,886.45,886.6,886.6,50,6600,1650,24334.2
2025-04-30,2025-05-08,24100,CE,343.8,432.15,330.45,405.15,405.15,12841,433950,29400,24334.2
2025-04-30,2025-05-08,24200,CE,300.05,359.1,263.2,334.6,334.6,51100,1140375,350925,24334.2
2025-04-30,2025-05-08,24750,CE,66.9,84.4,50.45,65.0,65.0,48613,558750,262125,24334.2
2025-04-30,2025-05-08,25800,CE,2.5,2.6,1.4,1.65,1.65,52880,2286225,298500,24334.2
2025-04-30,2025-05-08,26100,CE,2.05,2.3,1.15,1.3,1.3,222944,7205775,3589425,24334.2
2025-04-30,2025-05-15,21000,CE,0.0,0.0,0.0,3127.1,3389.9,0,150,0,24334.2
2025-04-30,2025-05-15,21200,CE,0.0,0.0,0.0,1400.9,3190.45,0,0,0,24334.2
2025-04-30,2025-05-15,23200,CE,1255.0,1255.0,1255.0,1255.0,1221.45,1,600,0,24334.2
2025-04-30,2025-05-15,23750,CE,0.0,0.0,0.0,775.45,748.9,0,1275,0,24334.2
2025-04-30,2025-05-15,24000,CE,527.0,610.0,527.0,577.65,577.65,1028,99300,7050,24334.2
2025-04-30,2025-05-22,22500,CE,0.0,0.0,0.0,1539.8,1930.4,0,0,0,24334.2
2025-04-30,2025-05-22,22550,CE,0.0,0.0,0.0,1495.5,1881.9,0,0,0,24334.2
2025-04-30,2025-05-22,22650,CE,0.0,0.0,0.0,1408.15,1785.5,0,0,0,24334.2
2025-04-30,2025-05-22,22850,CE,0.0,0.0,0.0,1239.2,1595.4,0,0,0,24334.2
2025-04-30,2025-05-22,23700,CE,0.0,0.0,0.0,882.75,861.8,0,2325,0,24334.2
2025-04-30,2025-05-22,25500,CE,45.0,50.8,36.65,42.65,42.65,521,33900,2850,24334.2
2025-04-30,2025-05-22,25700,CE,32.35,32.45,25.0,26.95,26.95,47,5925,450,24334.2
2025-04-30,2025-05-29,22100,CE,2330.0,2390.15,2330.0,2388.45,2354.0,15,13650,300,24334.2
2025-04-30,2025-05-29,22150,CE,2328.0,2342.75,2318.0,2342.75,2305.2,59,4500,1500,24334.2
2025-04-30,2025-05-29,22350,CE,0.0,0.0,0.0,1918.25,2111.25,0,2250,0,24334.2
2025-04-30,2025-05-29,22800,CE,1702.05,1756.3,1702.05,1750.65,1750.65,22,121950,-150,24334.2
2025-04-30,2025-05-29,23350,CE,1270.5,1270.5,1270.5,1270.5,1270.5,1,9150,-75,24334.2
2025-04-30,2025-05-29,24050,CE,645.95,710.0,640.0,690.25,690.25,82,33900,-1725,24334.2
2025-04-30,2025-05-29,24250,CE,517.95,577.1,504.35,541.7,541.7,857,79275,-4650,24334.2
2025-04-30,2025-05-29,24350,CE,431.0,514.95,431.0,486.0,486.0,3570,95850,2175,24334.2
2025-04-30,2025-05-29,24550,CE,343.95,395.25,343.05,378.4,378.4,1381,38550,-22275,24334.2
2025-04-30,2025-05-29,24600,CE,340.0,370.45,302.65,348.7,348.7,6067,374325,9825,24334.2
2025-04-30,2025-05-29,24850,CE,193.25,251.65,193.25,229.45,229.45,688,105900,3000,24334.2
2025-04-30,2025-06-26,21150,CE,0.0,0.0,0.0,3212.95,3411.65,0,300,0,24334.2
2025-04-30,2025-06-26,21400,CE,0.0,0.0,0.0,2985.3,3168.4,0,900,0,24334.2
2025-04-30,2025-05-22,23450,CE,0.0,0.0,0.0,790.1,1060.5,0,0,0,24334.2
2025-04-30,2029-12-27,20000,PE,0.0,0.0,0.0,202.3,253.05,0,0,0,24334.2
2025-04-30,2029-06-28,28000,PE,0.0,0.0,0.0,1488.1,1778.4,0,0,0,24334.2
2025-04-30,2029-06-28,18000,PE,0.0,0.0,0.0,118.45,118.4,0,0,0,24334.2
2025-04-30,2028-06-29,25000,PE,0.0,0.0,0.0,2016.8,1087.85,0,0,0,24334.2
2025-04-30,2027-12-30,27000,PE,0.0,0.0,0.0,2492.45,1786.25,0,75,0,24334.2
2025-04-30,2027-12-30,26000,PE,0.0,0.0,0.0,1951.6,1435.7,0,75,0,24334.2
2025-04-30,2027-12-30,18000,PE,0.0,0.0,0.0,130.3,87.35,0,10175,0,24334.2
2025-04-30,2027-06-24,29000,PE,0.0,0.0,0.0,4627.1,2837.6,0,0,0,24334.2
2025-04-30,2027-06-24,17000,PE,0.0,0.0,0.0,1814.75,36.85,0,0,0,24334.2
2025-04-30,2026-12-31,29000,PE,0.0,0.0,0.0,5042.25,3068.0,0,0,0,24334.2
2025-04-30,2026-06-25,29000,PE,0.0,0.0,0.0,5546.1,3362.95,0,0,0,24334.2
2025-04-30,2026-06-25,17000,PE,0.0,0.0,0.0,2627.25,9.65,0,0,0,24334.2
2025-04-30,2026-06-25,16000,PE,0.0,0.0,0.0,21.0,3.3,0,2275,0,24334.2
2025-04-30,2026-06-25,14000,PE,0.0,0.0,0.0,20.05,0.25,0,1075,0,24334.2
2025-04-30,2026-03-26,27000,PE,0.0,0.0,0.0,2406.7,2187.25,0,0,0,24334.2
2025-04-30,2026-03-26,26000,PE,0.0,0.0,0.0,1813.3,1630.7,0,0,0,24334.2
2025-04-30,2026-03-26,20000,PE,0.0,0.0,0.0,95.7,80.7,0,0,0,24334.2
2025-04-30,2025-12-24,21000,PE,199.55,215.0,191.8,207.4,207.4,1441,896925,23475,24334.2
2025-04-30,2025-12-24,19000,PE,104.0,107.9,98.05,102.85,102.85,159,201400,-2850,24334.2
2025-04-30,2025-12-24,15000,PE,20.05,20.05,20.0,20.05,0.05,5,2725,-300,24334.2
2025-04-30,2025-07-31,25800,PE,0.0,0.0,0.0,1522.05,1456.35,0,0,0,24334.2
2025-04-30,2025-07-31,24400,PE,620.0,636.0,600.0,636.0,657.8,12,375,-75,24334.2
2025-04-30,2025-07-31,24100,PE,0.0,0.0,0.0,583.6,533.5,0,0,0,24334.2
2025-04-30,2025-07-31,23050,PE,0.0,0.0,0.0,274.0,224.5,0,225,0,24334.2
2025-04-30,2025-07-31,22700,PE,230.0,245.0,217.05,240.5,240.5,171,33825,12000,24334.2
2025-04-30,2025-06-26,26050,PE,0.0,0.0,0.0,1785.55,1624.0,0,75,0,24334.2
2025-04-30,2025-06-26,25900,PE,0.0,0.0,0.0,1665.05,1504.85,0,75,0,24334.2
2025-04-30,2025-06-26,25550,PE,0.0,0.0,0.0,1377.9,1241.3,0,75,0,24334.2
2025-04-30,2025-06-26,24700,PE,679.0,687.1,632.0,666.8,666.8,92,27000,600,24334.2
2025-04-30,2025-06-26,23350,PE,250.8,275.0,250.8,272.65,272.65,4,5625,-75,24334.2
2025-04-30,2025-06-26,23050,PE,210.0,220.4,206.3,212.4,139.75,36,5775,-1125,24334.2
2025-04-30,2025-06-26,22850,PE,0.0,0.0,0.0,231.1,108.3,0,1800,0,24334.2
2025-04-30,2025-06-26,22550,PE,0.0,0.0,0.0,145.0,71.8,0,1725,0,24334.2
2025-04-30,2025-06-26,22300,PE,126.85,157.25,116.85,131.85,131.85,346,96375,-300,24334.2
2025-04-30,2025-06-26,21800,PE,92.0,107.8,86.35,100.55,100.55,382,97650,-2250,24334.2
2025-04-30,2025-06-26,21350,PE,0.0,0.0,0.0,66.6,9.5,0,8025,0,24334.2
2025-04-30,2025-06-26,20700,PE,0.0,0.0,0.0,19.9,2.4,0,0,0,24334.2
2025-04-30,2025-06-26,17000,PE,10.6,11.9,10.6,11.6,11.6,354,161325,-1425,24334.2
2025-04-30,2025-05-29,25650,PE,0.0,0.0,0.0,1512.6,1284.4,0,75,0,24334.2
2025-04-30,2025-05-29,25250,PE,951.25,951.25,919.95,919.95,919.95,2,750,0,24334.2
2025-04-30,2025-05-29,24600,PE,525.0,564.15,484.3,521.85,521.85,2872,160350,-13350,24334.2
2025-04-30,2025-05-29,24550,PE,509.05,519.0,456.55,490.75,490.75,388,38400,375,24334.2
2025-04-30,2025-05-29,24350,PE,425.9,446.95,378.0,407.45,407.45,4701,157275,22350,24334.2
2025-04-30,2025-05-29,24100,PE,320.0,352.05,293.7,327.15,327.15,5186,761775,16125,24334.2
2025-04-30,2025-05-29,23750,PE,230.75,253.65,208.25,233.75,233.75,420,43500,-3450,24334.2
2025-04-30,2025-05-29,23000,PE,110.05,133.8,100.4,122.9,122.9,39277,4314150,254400,24334.2
2025-04-30,2025-05-29,22750,PE,93.15,107.75,82.4,100.1,100.1,219,18975,2025,24334.2
2025-04-30,2025-05-29,22700,PE,90.6,109.9,77.25,97.55,97.55,2396,313275,600,24334.2
2025-04-30,2025-05-29,22650,PE,85.1,101.8,75.6,90.75,90.75,87,11025,-450,24334.2
2025-04-30,2025-05-29,22550,PE,77.7,94.1,69.85,83.95,83.95,332,25125,4875,24334.2
2025-04-30,2025-05-29,22150,PE,49.35,49.6,49.35,49.55,7.6,6,9300,-150,24334.2
2025-04-30,2025-05-29,22000,PE,49.7,62.6,44.7,56.7,56.7,19690,3385425,233700,24334.2
2025-04-30,2025-05-29,20800,PE,24.55,27.7,20.4,25.55,25.55,766,75675,-7275,24334.2
2025-04-30,2025-05-22,26050,PE,0.0,0.0,0.0,2070.3,1642.15,0,0,0,24334.2
2025-04-30,2025-05-22,25600,PE,0.0,0.0,0.0,1653.8,1233.8,0,0,0,24334.2
2025-04-30,2025-05-22,25000,PE,796.15,796.15,796.15,796.15,753.7,1,75,75,24334.2
2025-04-30,2025-05-22,24550,PE,464.35,488.8,426.75,488.8,488.8,6,75,0,24334.2
2025-04-30,2025-05-22,23750,PE,0.0,0.0,0.0,362.9,148.75,0,0,0,24334.2
2025-04-30,2025-05-22,23350,PE,0.0,0.0,0.0,217.9,69.7,0,0,0,24334.2
2025-04-30,2025-05-15,26100,PE,0.0,0.0,0.0,2013.1,1704.7,0,150,0,24334.2
2025-04-30,2025-05-15,26050,PE,0.0,0.0,0.0,1664.3,1656.1,0,75,0,24334.2
2025-04-30,2025-07-31,24750,PE,0.0,0.0,0.0,882.65,824.1,0,0,0,24334.2
2025-04-30,2025-07-31,24350,PE,592.25,608.8,592.25,593.95,635.95,3,150,150,24334.2
2025-04-30,2025-07-31,24150,PE,0.0,0.0,0.0,603.9,553.05,0,0,0,24334.2
2025-04-30,2025-07-31,23850,PE,0.0,0.0,0.0,600.0,442.55,0,75,0,24334.2
2025-04-30,2025-07-31,23700,PE,415.15,432.3,412.25,432.3,432.3,15,1500,1050,24334.2
2025-04-30,2025-07-31,23000,PE,269.75,296.75,260.05,287.0,287.0,549,61350,9300,24334.2
2025-04-30,2025-07-31,22350,PE,0.0,0.0,0.0,131.75,110.3,0,0,0,24334.2
2025-04-30,2025-06-26,26100,PE,0.0,0.0,0.0,1829.6,1664.5,0,75,0,24334.2
2025-04-30,2025-06-26,25200,PE,942.55,998.25,922.0,992.45,992.45,9,2175,225,24334.2
2025-04-30,2025-06-26,24600,PE,619.0,700.35,590.0,623.7,623.7,297,33600,1575,24334.2
2025-04-30,2025-06-26,23100,PE,212.9,244.05,212.9,226.45,226.45,41,17850,1650,24334.2
2025-04-30,2025-06-26,22800,PE,171.55,198.0,163.75,189.2,189.2,418,71925,225,24334.2
2025-04-30,2025-06-26,22450,PE,0.0,0.0,0.0,179.25,62.15,0,2025,0,24334.2
2025-04-30,2025-06-26,21850,PE,0.0,0.0,0.0,159.95,23.9,0,1800,0,24334.2
2025-04-30,2025-06-26,20400,PE,50.0,51.3,49.65,51.3,51.3,30,7500,-2250,24334.2
2025-04-30,2025-05-29,26100,PE,1730.0,1739.7,1730.0,1734.85,1734.85,4,225,150,24334.2
2025-04-30,2025-05-29,25600,PE,0.0,0.0,0.0,1225.8,1242.55,0,78075,0,24334.2
2025-04-30,2025-05-29,24950,PE,733.05,733.05,676.2,691.35,691.35,41,6900,975,24334.2
2025-04-30,2029-06-28,29000,PE,0.0,0.0,0.0,1746.95,2101.8,0,0,0,24334.2
2025-04-30,2028-12-28,25000,PE,0.0,0.0,0.0,1700.05,1041.0,0,750,0,24334.2
2025-04-30,2028-12-28,24000,PE,0.0,0.0,0.0,914.3,821.45,0,600,0,24334.2
2025-04-30,2028-06-29,21000,PE,0.0,0.0,0.0,907.2,343.8,0,0,0,24334.2
2025-04-30,2027-12-30,28000,PE,0.0,0.0,0.0,4251.0,2181.0,0,0,0,24334.2
2025-04-30,2026-12-31,23000,PE,653.05,683.0,653.05,683.0,683.0,30,22875,-525,24334.2
2025-04-30,2026-12-31,18000,PE,0.0,0.0,0.0,76.1,48.8,0,5175,0,24334.2
2025-04-30,2025-07-31,23200,PE,0.0,0.0,0.0,293.9,257.6,0,0,0,24334.2
2025-04-30,2025-07-31,22800,PE,245.0,258.45,228.45,256.55,256.55,174,30525,12000,24334.2
2025-04-30,2025-07-31,22750,PE,0.0,0.0,0.0,195.7,167.95,0,0,0,24334.2
2025-04-30,2025-07-31,22550,PE,0.0,0.0,0.0,161.3,136.8,0,0,0,24334.2
2025-04-30,2025-06-26,27000,PE,2500.0,2524.7,2400.0,2433.75,2433.75,176,705450,2100,24334.2
2025-04-30,2025-06-26,25650,PE,0.0,0.0,0.0,1457.5,1315.3,0,75,0,24334.2
2025-04-30,2025-06-26,25350,PE,1050.2,1050.2,1049.75,1049.8,1101.25,3,225,150,24334.2
2025-04-30,2025-06-26,25050,PE,0.0,0.0,0.0,836.9,906.85,0,150,0,24334.2
2025-04-30,2025-06-26,25000,PE,876.75,882.15,785.0,828.95,828.95,1886,851125,21975,24334.2
2025-04-30,2025-06-26,24350,PE,522.05,544.0,505.35,520.5,520.5,153,19875,5925,24334.2
2025-04-30,2025-06-26,24250,PE,512.25,595.05,460.2,502.25,502.25,106,13350,2625,24334.2
2025-04-30,2025-06-26,23200,PE,234.75,260.1,218.85,244.9,244.9,328,116100,-3900,24334.2
2025-04-30,2025-06-26,21950,PE,0.0,0.0,0.0,62.1,28.3,0,4125,0,24334.2
2025-04-30,2025-06-26,20900,PE,58.0,68.1,55.35,65.8,65.8,123,10200,3525,24334.2
2025-04-30,2025-06-26,20450,PE,0.0,0.0,0.0,13.15,1.3,0,0,0,24334.2
2025-04-30,2025-06-26,14000,PE,5.5,5.9,5.25,5.55,5.55,8,42575,-150,24334.2
2025-04-30,2025-05-29,25900,PE,1486.0,1486.0,1443.2,1460.25,1460.25,74,208425,5250,24334.2
2025-04-30,2025-05-29,25700,PE,1277.55,1277.55,1277.55,1277.55,1326.7,1,20100,75,24334.2
2025-04-30,2025-05-29,24750,PE,625.05,625.05,563.8,589.8,589.8,158,20625,-750,24334.2
2025-04-30,2025-05-29,22600,PE,78.3,97.35,71.75,87.4,87.4,1584,195600,20100,24334.2
2025-04-30,2025-05-29,22450,PE,76.5,87.85,63.85,77.6,77.6,270,18750,-75,24334.2
2025-04-30,2025-05-29,22350,PE,70.3,76.9,58.6,72.15,72.15,190,9225,-2475,24334.2
2025-04-30,2025-05-29,22100,PE,65.4,65.85,47.8,60.45,60.45,1236,150525,3975,24334.2
2025-04-30,2025-05-29,21550,PE,34.85,43.45,33.85,42.6,42.6,72,6075,-3000,24334.2
2025-04-30,2025-05-29,21300,PE,28.75,37.3,28.65,33.85,33.85,457,89625,-7350,24334.2
2025-04-30,2025-05-29,20900,PE,24.05,29.1,23.05,27.9,27.9,902,66675,-12000,24334.2
2025-04-30,2025-05-29,20750,PE,0.0,0.0,0.0,23.05,0.1,0,3750,0,24334.2
2025-04-30,2025-05-29,20650,PE,19.55,20.1,19.55,20.05,0.05,34,4200,-75,24334.2
2025-04-30,2025-05-29,20600,PE,19.75,24.55,18.95,23.55,23.55,549,51600,-2475,24334.2
2025-04-30,2025-05-29,20550,PE,19.55,25.1,19.55,23.1,23.1,172,11250,3000,24334.2
2025-04-30,2025-05-22,25750,PE,0.0,0.0,0.0,1790.3,1366.5,0,0,0,24334.2
2025-04-30,2025-05-22,25650,PE,0.0,0.0,0.0,1699.0,1277.55,0,0,0,24334.2
2025-04-30,2025-05-22,25200,PE,0.0,0.0,0.0,1305.4,903.15,0,0,0,24334.2
2025-04-30,2025-05-22,24700,PE,0.0,0.0,0.0,620.0,554.5,0,75,0,24334.2
2025-04-30,2025-05-22,24450,PE,402.0,418.0,402.0,416.0,416.0,5,150,75,24334.2
2025-04-30,2025-09-25,18000,PE,0.0,0.0,0.0,3.05,0.75,0,0,0,24334.2
2025-04-30,2025-09-25,21000,PE,148.25,151.95,133.15,146.25,146.25,601,344700,6375,24334.2
2025-04-30,2025-09-25,29000,PE,0.0,0.0,0.0,2125.3,3994.85,0,0,0,24334.2
2025-04-30,2025-12-24,30000,PE,0.0,0.0,0.0,4200.0,4576.25,0,900,0,24334.2
2025-04-30,2026-03-26,18000,PE,0.0,0.0,0.0,16.55,13.8,0,0,0,24334.2
2025-04-30,2026-12-31,13000,PE,0.0,0.0,0.0,20.05,0.35,0,2025,0,24334.2
2025-04-30,2026-12-31,27000,PE,0.0,0.0,0.0,1850.0,2008.6,0,150,0,24334.2
2025-04-30,2028-12-28,21000,PE,0.0,0.0,0.0,618.05,349.2,0,1250,0,24334.2
2025-04-30,2028-12-28,22000,PE,0.0,0.0,0.0,521.3,476.95,0,225,0,24334.2
2025-04-30,2025-04-30,20550,CE,0.0,0.0,0.0,3343.15,24334.2,0,75,0,24334.2
2025-04-30,2025-04-30,20900,CE,3455.0,3455.0,3455.0,3455.0,24334.2,1,150,0,24334.2
2025-04-30,2025-04-30,21850,CE,0.0,0.0,0.0,2528.9,24334.2,0,750,0,24334.2
2025-04-30,2025-04-30,22000,CE,2321.05,2391.05,2265.3,2369.15,24334.2,559,68325,-35925,24334.2
2025-04-30,2025-04-30,22550,CE,1810.0,1844.5,1755.0,1817.95,24334.2,59,5475,-2550,24334.2
2025-04-30,2025-04-30,23250,CE,1103.55,1130.5,1056.15,1104.1,24334.2,134,5850,-7500,24334.2
2025-04-30,2025-04-30,23600,CE,691.45,792.1,660.0,757.0,24334.2,2448,79425,-77475,24334.2
2025-04-30,2025-04-30,24600,CE,3.15,4.0,0.05,0.1,24334.2,2893517,4323750,-2297025,24334.2
2025-04-30,2025-04-30,24750,CE,2.4,2.4,0.05,0.1,24334.2,925868,3033600,367500,24334.2
2025-04-30,2025-04-30,25050,CE,0.95,1.0,0.05,0.1,24334.2,376718,2032575,-35325,24334.2
2025-04-30,2025-04-30,25150,CE,0.65,0.95,0.05,0.05,24334.2,199358,1059150,-706275,24334.2
2025-04-30,2025-05-08,21150,CE,0.0,0.0,0.0,2251.15,3214.15,0,0,0,24334.2
2025-04-30,2025-05-08,21300,CE,0.0,0.0,0.0,2105.85,3064.35,0,0,0,24334.2
2025-04-30,2025-05-08,21500,CE,2845.65,2884.3,2782.45,2835.95,2835.95,157,13725,11400,24334.2
2025-04-30,2025-05-15,22750,PE,41.95,55.7,41.45,51.1,51.1,49,6225,1500,24334.2
2025-04-30,2025-05-15,22350,PE,0.0,0.0,0.0,54.2,1.35,0,1125,0,24334.2
2025-04-30,2025-05-15,22100,PE,20.1,27.5,20.1,25.0,25.0,63,3675,2100,24334.2
2025-04-30,2025-05-15,22000,PE,24.8,25.1,18.0,23.0,23.0,5194,221925,78000,24334.2
2025-04-30,2025-05-15,21000,PE,11.5,11.5,7.75,8.8,8.8,2268,134550,56250,24334.2
2025-04-30,2025-05-15,20650,PE,7.55,9.8,5.55,6.2,6.2,1322,127725,55725,24334.2
2025-04-30,2025-05-08,25850,PE,1501.35,1502.15,1500.8,1501.25,1501.25,7,975,525,24334.2
2025-04-30,2025-05-08,25400,PE,1059.0,1059.0,1030.05,1036.0,1042.6,27,2625,1125,24334.2
2025-04-30,2025-05-08,23300,PE,42.05,54.95,32.0,44.6,44.6,46384,1090350,547800,24334.2
2025-04-30,2025-05-08,21850,PE,9.25,11.0,4.35,5.35,5.35,2685,96600,81675,24334.2
2025-04-30,2025-05-08,21350,PE,5.55,5.6,2.55,3.7,3.7,1483,28200,23625,24334.2
2025-04-30,2025-05-08,21200,PE,4.85,5.1,2.45,3.45,3.45,8026,109500,72975,24334.2
2025-04-30,2025-05-08,20500,PE,3.5,3.5,1.75,2.25,2.25,61788,2170200,1638525,24334.2
2025-04-30,2025-04-30,25550,PE,1177.3,1177.3,1177.3,1177.3,24334.2,2,750,0,24334.2
2025-04-30,2025-04-30,25350,PE,1001.35,1001.35,992.45,1000.95,24334.2,12,300,-525,24334.2
2025-04-30,2025-04-30,24950,PE,632.05,648.05,566.0,616.25,24334.2,219,9300,6300,24334.2
2025-04-30,2025-04-30,24800,PE,492.45,540.3,408.85,448.9,24334.2,7445,60450,-42525,24334.2
2025-04-30,2025-04-30,23650,PE,5.0,5.0,0.05,0.1,24334.2,852248,2582400,1437150,24334.2
2025-04-30,2025-05-22,24350,PE,370.0,400.0,358.15,372.55,372.55,39,2025,600,24334.2
2025-04-30,2025-05-29,23450,CE,1099.95,1183.75,1099.95,1169.9,1169.9,4,14775,-225,24334.2
2025-04-30,2029-12-27,21000,PE,0.0,0.0,0.0,278.8,345.45,0,0,0,24334.2
2025-04-30,2029-12-27,18000,PE,0.0,0.0,0.0,96.5,123.3,0,0,0,24334.2
2025-04-30,2029-06-28,24000,PE,0.0,0.0,0.0,694.05,789.6,0,25,0,24334.2
2025-04-30,2029-06-28,21000,PE,0.0,0.0,0.0,320.25,349.25,0,0,0,24334.2
2025-04-30,2029-06-28,20000,PE,0.0,0.0,0.0,236.95,252.2,0,0,0,24334.2
2025-04-30,2028-12-28,27000,PE,0.0,0.0,0.0,1413.85,1580.7,0,0,0,24334.2
2025-04-30,2028-06-29,27000,PE,0.0,0.0,0.0,2752.35,1681.1,0,0,0,24334.2
2025-04-30,2027-12-30,24000,PE,0.0,0.0,0.0,860.05,869.75,0,825,0,24334.2
2025-04-30,2027-06-24,22000,PE,0.0,0.0,0.0,3995.4,452.7,0,0,0,24334.2
2025-04-30,2027-06-24,18000,PE,0.0,0.0,0.0,48.55,69.2,0,25,0,24334.2
2025-04-30,2026-12-31,15000,PE,0.0,0.0,0.0,25.05,3.85,0,1400,0,24334.2
2025-04-30,2026-12-31,12000,PE,0.0,0.0,0.0,20.05,0.1,0,1100,0,24334.2
2025-04-30,2026-03-26,28000,PE,0.0,0.0,0.0,3078.95,2824.9,0,0,0,24334.2
2025-04-30,2025-12-24,27000,PE,1972.5,2020.0,1955.0,1979.5,1979.5,443,333425,27925,24334.2
2025-04-30,2025-12-24,26000,PE,1409.65,1412.7,1340.0,1392.45,1392.45,563,443400,9150,24334.2
2025-04-30,2025-07-31,24850,PE,0.0,0.0,0.0,935.4,875.85,0,0,0,24334.2
2025-04-30,2025-07-31,23800,PE,443.05,446.7,437.75,440.8,425.75,22,1950,1350,24334.2
2025-04-30,2025-07-31,23650,PE,0.0,0.0,0.0,420.9,377.9,0,0,0,24334.2
2025-04-30,2025-07-31,23500,PE,380.0,394.05,353.25,376.4,376.4,335,49425,14175,24334.2
2025-04-30,2025-07-31,22900,PE,260.0,261.0,248.0,255.0,194.7,88,14550,6600,24334.2
2025-04-30,2025-07-31,22850,PE,0.0,0.0,0.0,214.85,185.45,0,0,0,24334.2
2025-04-30,2025-07-31,22600,PE,208.8,229.0,206.7,229.0,229.0,72,20325,4800,24334.2
2025-04-30,2025-06-26,29000,PE,4425.05,4429.25,4340.0,4386.15,4386.15,45,252900,1425,24334.2
2025-04-30,2025-06-26,25400,PE,1033.4,1078.0,1033.4,1078.0,1135.5,2,1500,75,24334.2
2025-04-30,2025-06-26,24900,PE,754.0,784.0,740.0,775.0,775.0,32,5025,75,24334.2
2025-04-30,2025-06-26,24650,PE,649.0,649.0,649.0,649.0,649.0,1,9225,0,24334.2
2025-04-30,2025-06-26,24500,PE,589.9,620.0,548.45,584.9,584.9,3237,660225,13875,24334.2
2025-04-30,2025-06-26,24300,PE,510.0,538.35,476.1,509.25,509.25,1338,84825,11250,24334.2
2025-04-30,2025-06-26,23000,PE,200.95,229.0,191.05,214.8,214.8,10036,2799550,19500,24334.2
2025-04-30,2025-06-26,22750,PE,0.0,0.0,0.0,156.8,94.8,0,1650,0,24334.2
2025-04-30,2025-06-26,22650,PE,163.3,178.75,160.85,178.75,178.75,14,2850,-450,24334.2
2025-04-30,2025-06-26,22000,PE,107.7,123.7,100.0,115.7,115.7,6803,2357400,24400,24334.2
2025-04-30,2025-05-29,26000,PE,1622.75,1627.55,1529.0,1564.05,1564.05,436,187950,11325,24334.2
2025-04-30,2025-05-29,25150,PE,875.25,875.25,813.3,813.3,890.8,7,900,375,24334.2
2025-04-30,2025-05-29,25100,PE,851.0,859.2,780.0,811.9,811.9,105,17475,75,24334.2
2025-04-30,2025-05-29,25000,PE,816.85,816.85,703.5,750.5,750.5,4938,1227150,36600,24334.2
2025-04-30,2025-05-29,24650,PE,570.8,579.6,504.4,552.2,552.2,235,22350,1575,24334.2
2025-04-30,2025-05-29,23800,PE,250.4,269.95,219.0,244.1,244.1,8520,1141425,61425,24334.2
2025-04-30,2025-05-29,22800,PE,98.55,113.4,83.95,104.75,104.75,4411,437100,-19500,24334.2
2025-04-30,2025-05-29,22400,PE,69.6,83.2,61.0,76.7,76.7,1169,347250,-2325,24334.2
2025-04-30,2025-05-29,22250,PE,60.65,72.3,54.15,67.3,67.3,143,18225,-2175,24334.2
2025-04-30,2025-05-29,21650,PE,40.0,46.4,35.0,43.85,43.85,96,11775,2025,24334.2
2025-04-30,2025-05-22,26100,PE,0.0,0.0,0.0,2117.75,1689.2,0,0,0,24334.2
2025-04-30,2025-05-22,25800,PE,0.0,0.0,0.0,1836.4,1411.55,0,0,0,24334.2
2025-04-30,2025-05-22,25400,PE,0.0,0.0,0.0,1476.45,1063.75,0,0,0,24334.2
2025-04-30,2025-05-22,25300,PE,0.0,0.0,0.0,1390.05,982.15,0,0,0,24334.2
2025-04-30,2025-05-22,25250,PE,0.0,0.0,0.0,1347.5,942.3,0,0,0,24334.2
2025-04-30,2025-05-22,25100,PE,0.0,0.0,0.0,1222.6,827.85,0,0,0,24334.2
2025-04-30,2025-05-22,24650,PE,0.0,0.0,0.0,877.65,524.45,0,0,0,24334.2
2025-04-30,2025-05-22,24500,PE,450.0,474.65,405.0,429.25,429.25,102,6675,1575,24334.2
2025-04-30,2025-05-22,24250,PE,355.9,355.9,312.25,335.25,335.25,28,600,225,24334.2
2025-04-30,2025-05-22,24200,PE,332.05,345.0,292.0,317.15,317.15,168,12825,2250,24334.2
2025-04-30,2025-05-22,23050,PE,0.0,0.0,0.0,140.75,36.25,0,0,0,24334.2
2025-04-30,2025-05-22,22900,PE,0.0,0.0,0.0,75.0,25.35,0,75,0,24334.2
2025-04-30,2025-05-22,22300,PE,0.0,0.0,0.0,37.0,4.85,0,0,0,24334.2
2025-04-30,2025-05-15,25900,PE,0.0,0.0,0.0,1767.4,1511.45,0,75,0,24334.2
2025-04-30,2025-05-15,25750,PE,0.0,0.0,0.0,1374.8,1368.95,0,675,0,24334.2
2025-04-30,2025-05-15,25150,PE,0.0,0.0,0.0,819.45,836.95,0,525,0,24334.2
2025-04-30,2025-05-15,24300,PE,313.15,335.05,268.9,300.15,300.15,7663,210450,97875,24334.2
2025-04-30,2025-05-15,23850,PE,184.3,196.5,150.3,171.85,171.85,882,32625,17100,24334.2
2025-04-30,2025-07-31,25900,PE,0.0,0.0,0.0,1592.15,1526.15,0,0,0,24334.2
2025-04-30,2025-07-31,25700,PE,0.0,0.0,0.0,1453.45,1388.05,0,0,0,24334.2
2025-04-30,2025-07-31,25650,PE,0.0,0.0,0.0,1419.7,1354.5,0,0,0,24334.2
2025-04-30,2025-07-31,24900,PE,0.0,0.0,0.0,962.45,902.4,0,0,0,24334.2
2025-04-30,2025-07-31,24300,PE,565.0,621.55,565.0,611.4,611.4,8,525,300,24334.2
2025-04-30,2025-07-31,24050,PE,0.0,0.0,0.0,611.2,514.4,0,150,0,24334.2
2025-04-30,2025-06-26,26000,PE,1570.05,1608.4,1490.0,1532.05,1532.05,324,816450,5550,24334.2
2025-04-30,2025-06-26,25850,PE,0.0,0.0,0.0,1622.65,1465.9,0,75,0,24334.2
2025-04-30,2025-06-26,25600,PE,1200.0,1200.0,1200.0,1200.0,1277.55,1,450,0,24334.2
2025-04-30,2025-06-26,24400,PE,551.95,574.8,510.0,538.5,538.5,508,44400,6825,24334.2
2025-04-30,2025-06-26,23450,PE,272.0,281.8,271.4,281.8,223.2,25,6225,600,24334.2
2025-04-30,2025-06-26,23400,PE,276.45,294.7,252.0,279.65,279.65,104,26850,1725,24334.2
2025-04-30,2025-06-26,23250,PE,0.0,0.0,0.0,236.9,177.85,0,5700,0,24334.2
2025-04-30,2025-06-26,22900,PE,191.75,214.45,186.9,197.2,197.2,99,24075,-600,24334.2
2025-04-30,2025-06-26,22350,PE,0.0,0.0,0.0,166.3,53.55,0,900,0,24334.2
2025-04-30,2025-06-26,21750,PE,0.0,0.0,0.0,88.1,20.05,0,0,0,24334.2
2025-04-30,2025-06-26,21600,PE,0.0,0.0,0.0,37.35,15.3,0,28275,0,24334.2
2025-04-30,2025-06-26,21550,PE,0.0,0.0,0.0,68.3,13.95,0,0,0,24334.2
2025-04-30,2025-06-26,21250,PE,0.0,0.0,0.0,45.5,7.8,0,0,0,24334.2
2025-04-30,2025-06-26,21050,PE,0.0,0.0,0.0,34.1,5.15,0,0,0,24334.2
2025-04-30,2025-06-26,20600,PE,0.0,0.0,0.0,41.05,1.9,0,150,0,24334.2
2025-04-30,2025-06-26,19000,PE,23.1,26.75,22.8,25.25,25.25,900,473600,8850,24334.2
2025-04-30,2025-05-29,25550,PE,0.0,0.0,0.0,1161.75,1201.2,0,900,0,24334.2
2025-04-30,2025-05-29,24050,PE,318.55,330.05,282.15,308.9,308.9,913,130950,-600,24334.2
2025-04-30,2025-05-29,23900,PE,259.0,295.1,240.75,269.35,269.35,3965,588600,21900,24334.2
2025-04-30,2025-05-29,23500,PE,184.75,205.5,162.05,186.85,186.85,42981,3547350,323400,24334.2
2025-04-30,2025-05-29,23350,PE,159.85,176.45,138.35,164.8,164.8,529,44175,11850,24334.2
2025-04-30,2025-05-29,21900,PE,46.95,57.5,42.0,51.7,51.7,975,343950,375,24334.2
2025-04-30,2025-05-29,21600,PE,39.0,44.95,33.95,42.3,42.3,540,63075,-6300,24334.2
2025-04-30,2025-05-29,21000,PE,26.5,32.0,24.7,29.4,29.4,9871,2772975,59475,24334.2
2025-04-30,2025-05-22,25150,PE,0.0,0.0,0.0,1263.75,864.7,0,0,0,24334.2
2025-04-30,2025-05-22,24750,PE,0.0,0.0,0.0,949.95,585.5,0,0,0,24334.2
2025-04-30,2025-05-22,24600,PE,484.5,494.0,471.05,494.0,495.35,4,150,150,24334.2
2025-04-30,2025-05-22,24150,PE,300.0,300.0,300.0,300.0,277.15,1,525,-75,24334.2
2025-04-30,2025-05-22,23550,PE,0.0,0.0,0.0,284.1,103.15,0,0,0,24334.2
2025-04-30,2025-05-22,23000,PE,99.0,108.0,80.6,101.55,101.55,1109,57900,5625,24334.2
2025-04-30,2025-05-22,22450,PE,0.0,0.0,0.0,49.8,7.55,0,0,0,24334.2
2025-04-30,2025-05-22,22400,PE,0.0,0.0,0.0,45.2,6.55,0,0,0,24334.2
2025-04-30,2025-05-15,25850,PE,0.0,0.0,0.0,1470.9,1463.7,0,525,0,24334.2
2025-04-30,2025-05-15,25700,PE,0.0,0.0,0.0,1320.0,1322.05,0,300,0,24334.2
2025-04-30,2025-05-15,25350,PE,0.0,0.0,0.0,1007.95,1005.45,0,675,0,24334.2
2025-04-30,2025-05-15,24400,PE,368.75,375.8,307.5,330.95,330.95,7329,217875,146775,24334.2
2025-04-30,2025-05-15,23600,PE,128.65,144.4,107.0,124.5,124.5,2078,84750,50175,24334.2
2025-04-30,2025-05-15,22950,PE,54.1,70.55,51.8,62.0,62.0,84,7125,1875,24334.2
2025-04-30,2025-05-15,22800,PE,48.9,60.4,40.2,51.85,51.85,1657,75525,31200,24334.2
2025-04-30,2025-05-15,22250,PE,0.0,0.0,0.0,324.1,0.9,0,0,0,24334.2
2025-04-30,2025-05-15,22200,PE,24.35,31.75,16.6,28.15,28.15,147,14400,3900,24334.2
2025-04-30,2025-05-15,21900,PE,21.0,24.9,17.35,20.55,20.55,160,6300,3075,24334.2
2025-04-30,2025-05-15,21400,PE,16.55,16.55,11.15,13.7,13.7,109,10875,1125,24334.2
2025-04-30,2025-05-15,21050,PE,13.0,13.05,8.1,9.3,9.3,78,3225,2100,24334.2
2025-04-30,2025-05-15,20900,PE,10.8,11.85,6.95,8.75,8.75,109,5100,3300,24334.2
2025-04-30,2025-05-08,25750,PE,0.0,0.0,0.0,1383.7,1382.45,0,450,0,24334.2
2025-04-30,2025-05-08,24700,PE,464.75,487.1,387.75,416.95,416.95,9496,216000,150750,24334.2
2025-04-30,2025-05-08,24250,PE,200.8,230.75,167.9,202.85,202.85,62353,549450,291300,24334.2
2025-04-30,2025-05-08,23950,PE,100.05,138.9,94.2,121.45,121.45,24584,318750,97875,24334.2
2025-04-30,2025-05-08,23350,PE,49.2,57.0,34.7,48.95,48.95,11429,249000,168975,24334.2
2025-04-30,2025-05-08,22850,PE,24.4,28.7,16.95,23.35,23.35,8443,115050,67050,24334.2
2025-04-30,2025-05-08,22100,PE,6.35,10.1,5.6,7.3,7.3,37180,1101225,644175,24334.2
2025-04-30,2025-05-08,20950,PE,2.95,3.6,2.2,3.05,3.05,1360,35625,29250,24334.2
2025-04-30,2025-05-08,20900,PE,4.05,4.05,2.1,2.85,2.85,5735,145950,111975,24334.2
2025-04-30,2025-05-08,20600,PE,3.65,3.65,1.9,2.45,2.45,3398,96675,56325,24334.2
2025-04-30,2025-05-08,20450,PE,2.6,3.7,1.75,2.35,2.35,2979,107475,94500,24334.2
2025-04-30,2025-04-30,26100,PE,1754.8,1754.8,1713.0,1713.0,24334.2,2,300,75,24334.2
2025-04-30,2025-04-30,26000,PE,1694.0,1694.0,1620.0,1667.8,24334.2,93,3450,-3900,24334.2
2025-04-30,2025-04-30,23200,PE,1.9,1.9,0.05,0.1,24334.2,411810,2496600,-368025,24334.2
2025-04-30,2025-04-30,22850,PE,1.0,1.2,0.05,0.1,24334.2,108523,622275,-48000,24334.2
2025-04-30,2025-04-30,20700,PE,0.35,0.7,0.05,0.1,24334.2,117351,309150,-781200,24334.2
2025-04-30,2025-04-30,20500,PE,0.65,0.65,0.05,0.1,24334.2,202221,1221975,-939225,24334.2
2025-04-30,2025-05-08,24850,CE,49.35,59.9,33.05,43.5,43.5,44414,679800,403350,24334.2
2025-04-30,2025-05-08,25100,CE,21.25,23.25,11.25,14.5,14.5,112600,1957725,943500,24334.2
2025-04-30,2025-05-08,25150,CE,17.8,19.4,8.8,11.6,11.6,32044,471675,335550,24334.2
2025-04-30,2025-05-08,25450,CE,5.85,6.25,2.75,3.75,3.75,13910,246600,112050,24334.2
2025-04-30,2025-05-15,20650,CE,0.0,0.0,0.0,3466.6,3738.95,0,75,0,24334.2
2025-04-30,2025-05-15,20900,CE,0.0,0.0,0.0,3163.7,3489.65,0,75,0,24334.2
2025-04-30,2025-05-15,21050,CE,0.0,0.0,0.0,3015.7,3340.05,0,75,0,24334.2
2025-04-30,2025-05-15,21250,CE,0.0,0.0,0.0,2819.75,3140.55,0,150,0,24334.2
2025-04-30,2025-05-15,21700,CE,0.0,0.0,0.0,2449.0,2691.8,0,75,0,24334.2
2025-04-30,2025-05-15,22650,CE,0.0,0.0,0.0,1562.85,1748.6,0,75,0,24334.2
2025-04-30,2025-05-15,24350,CE,330.0,373.85,297.85,347.2,347.2,2454,50325,18450,24334.2
2025-04-30,2025-05-15,24500,CE,265.1,285.95,210.1,262.15,262.15,10372,284025,41325,24334.2
2025-04-30,2025-05-15,26000,CE,6.35,7.8,3.7,4.45,4.45,7094,288825,156375,24334.2
2025-04-30,2025-05-22,22100,CE,0.0,0.0,0.0,1906.95,2322.65,0,0,0,24334.2
2025-04-30,2025-05-22,23900,CE,739.3,739.3,730.0,730.0,716.6,22,525,-1500,24334.2
2025-04-30,2025-05-22,24000,CE,600.0,688.45,600.0,630.4,630.4,75,9450,1050,24334.2
2025-04-30,2025-05-22,24250,CE,0.0,0.0,0.0,478.35,497.3,0,75,0,24334.2
2025-04-30,2025-05-22,24500,CE,370.0,370.0,296.65,344.0,344.0,426,19275,3075,24334.2
2025-04-30,2025-05-22,25600,CE,39.3,41.3,30.0,35.45,35.45,106,9000,1800,24334.2
2025-04-30,2025-05-22,25800,CE,24.5,27.7,20.0,20.85,20.85,46,4800,900,24334.2
2025-04-30,2025-05-29,20800,CE,0.0,0.0,0.0,3435.85,3640.8,0,2100,0,24334.2
2025-04-30,2025-05-29,21400,CE,0.0,0.0,0.0,2849.05,3044.6,0,3450,0,24334.2
2025-04-30,2025-05-29,21550,CE,0.0,0.0,0.0,2708.5,2895.9,0,1350,0,24334.2
2025-04-30,2025-05-29,22300,CE,2183.2,2218.3,2126.65,2127.1,2127.1,56,43275,450,24334.2
2025-04-30,2025-05-29,24400,CE,453.25,484.9,402.15,460.05,460.05,18016,744675,82050,24334.2
2025-04-30,2025-05-29,25500,CE,67.0,72.6,57.05,65.45,65.45,26407,2519550,366750,24334.2
2025-04-30,2025-06-26,18000,CE,6471.0,6471.0,6365.7,6462.0,6522.4,26,96325,-1275,24334.2
2025-04-30,2025-06-26,20000,CE,4469.95,4541.0,4458.75,4488.65,4488.65,88,473400,1575,24334.2
2025-04-30,2025-06-26,21000,CE,3520.0,3583.85,3470.0,3540.6,3540.6,68,334050,1425,24334.2
2025-04-30,2025-06-26,21700,CE,0.0,0.0,0.0,2665.65,2879.4,0,300,0,24334.2
2025-04-30,2025-06-26,21850,CE,0.0,0.0,0.0,2560.25,2736.5,0,750,0,24334.2
2025-04-30,2025-06-26,22550,CE,0.0,0.0,0.0,1928.5,2091.8,0,225,0,24334.2
2025-04-30,2025-06-26,22650,CE,0.0,0.0,0.0,1821.8,2003.7,0,600,0,24334.2
2025-04-30,2025-06-26,22700,CE,0.0,0.0,0.0,2034.7,1960.1,0,1800,0,24334.2
2025-04-30,2025-06-26,23150,CE,0.0,0.0,0.0,1418.55,1584.15,0,525,0,24334.2
2025-04-30,2025-06-26,24100,CE,841.0,905.95,834.65,871.75,871.75,76,33750,3300,24334.2
2025-04-30,2025-06-26,24650,CE,540.0,549.85,513.5,543.75,543.75,59,16800,1200,24334.2
2025-04-30,2025-06-26,24700,CE,481.0,525.0,480.25,515.65,515.65,401,75300,4575,24334.2
2025-04-30,2025-06-26,25650,CE,0.0,0.0,0.0,219.95,267.65,0,0,0,24334.2
2025-04-30,2025-06-26,25900,CE,0.0,0.0,0.0,176.7,209.8,0,0,0,24334.2
2025-04-30,2025-07-31,23650,CE,0.0,0.0,0.0,1443.0,1459.9,0,0,0,24334.2
2025-04-30,2025-07-31,24800,CE,0.0,0.0,0.0,801.55,801.1,0,0,0,24334.2
2025-04-30,2025-07-31,24900,CE,0.0,0.0,0.0,757.05,755.45,0,0,0,24334.2
2025-04-30,2025-07-31,25450,CE,0.0,0.0,0.0,543.1,536.7,0,0,0,24334.2
2025-04-30,2025-07-31,26100,CE,0.0,0.0,0.0,353.85,344.6,0,0,0,24334.2
2025-04-30,2025-09-25,25000,CE,830.05,874.1,776.9,857.45,857.45,1831,548775,-12975,24334.2
2025-04-30,2026-03-26,24000,CE,0.0,0.0,0.0,2170.1,2538.35,0,0,0,24334.2
2025-04-30,2026-03-26,28000,CE,0.0,0.0,0.0,634.25,812.0,0,0,0,24334.2
2025-04-30,2026-06-25,12000,CE,0.0,0.0,0.0,8690.0,13230.5,0,50,0,24334.2
2025-04-30,2026-06-25,26000,CE,1250.0,1250.0,1250.0,1250.0,1893.15,2,2350,0,24334.2
2025-04-30,2026-06-25,27000,CE,0.0,0.0,0.0,1352.8,1479.2,0,0,0,24334.2
2025-04-30,2026-12-31,23000,CE,0.0,0.0,0.0,3890.0,4398.25,0,4950,0,24334.2
2025-04-30,2027-06-24,17000,CE,0.0,0.0,0.0,4464.7,9661.9,0,0,0,24334.2
2025-04-30,2025-04-30,23050,PE,1.5,1.5,0.05,0.1,24334.2,183234,543075,-5325,24334.2
2025-04-30,2025-04-30,22950,PE,1.1,1.15,0.05,0.1,24334.2,114958,472875,-76800,24334.2
2025-04-30,2025-05-15,23250,PE,79.2,96.05,67.0,92.35,92.35,110,6825,2550,24334.2
2025-04-30,2025-04-30,23350,PE,2.9,2.9,0.05,0.1,24334.2,353830,1119675,461025,24334.2
2025-04-30,2025-04-30,22250,PE,1.0,1.0,0.05,0.1,24334.2,32507,175875,-175725,24334.2
2025-04-30,2025-04-30,21900,PE,0.9,0.9,0.05,0.1,24334.2,47893,340725,-222675,24334.2
2025-04-30,2025-04-30,21550,PE,0.95,1.1,0.05,0.1,24334.2,8660,102675,23475,24334.2
2025-04-30,2025-04-30,21300,PE,0.75,0.75,0.05,0.1,24334.2,33494,113325,-47100,24334.2
2025-04-30,2025-04-30,21200,PE,0.9,0.9,0.05,0.1,24334.2,30639,193200,-18300,24334.2
2025-04-30,2025-04-30,21050,PE,0.95,1.0,0.05,0.1,24334.2,15137,53850,3150,24334.2
2025-04-30,2025-04-30,20850,PE,1.4,1.4,0.05,0.1,24334.2,14538,318900,280800,24334.2
2025-04-30,2025-04-30,20600,PE,0.45,0.7,0.05,0.1,24334.2,104577,394875,-745350,24334.2
2025-04-30,2029-06-28,26000,CE,0.0,0.0,0.0,7052.2,5913.25,0,0,0,24334.2
2025-04-30,2029-06-28,17000,CE,0.0,0.0,0.0,12333.1,11565.45,0,0,0,24334.2
2025-04-30,2028-12-28,26000,CE,0.0,0.0,0.0,4879.7,5312.65,0,0,0,24334.2
2025-04-30,2028-12-28,19000,CE,0.0,0.0,0.0,8739.0,9657.55,0,0,0,24334.2
2025-04-30,2028-06-29,26000,CE,0.0,0.0,0.0,3200.9,4689.6,0,0,0,24334.2
2025-04-30,2027-06-24,26000,CE,0.0,0.0,0.0,1900.85,3345.1,0,0,0,24334.2
2025-04-30,2027-06-24,23000,CE,0.0,0.0,0.0,2530.05,5076.0,0,0,0,24334.2
2025-04-30,2026-12-31,26000,CE,2120.0,2120.0,2060.0,2060.0,2667.4,3,3675,150,24334.2
2025-04-30,2026-06-25,17000,CE,0.0,0.0,0.0,4348.25,8613.6,0,0,0,24334.2
2025-04-30,2025-12-24,31000,CE,40.95,44.0,40.5,42.1,42.1,169,85675,5850,24334.2
2025-04-30,2025-12-24,22000,CE,3379.9,3415.7,3335.7,3387.3,3387.3,149,292000,1800,24334.2
2025-04-30,2025-12-24,21000,CE,4115.05,4240.75,4115.05,4216.9,4216.9,141,107150,-7350,24334.2
2025-04-30,2025-12-24,16000,CE,0.0,0.0,0.0,7785.0,9021.4,0,125,0,24334.2
2025-04-30,2025-07-31,25850,CE,0.0,0.0,0.0,418.55,410.05,0,0,0,24334.2
2025-04-30,2025-07-31,25650,CE,0.0,0.0,0.0,477.75,470.15,0,0,0,24334.2
2025-04-30,2025-07-31,25350,CE,0.0,0.0,0.0,578.2,572.5,0,0,0,24334.2
2025-04-30,2025-07-31,25250,CE,0.0,0.0,0.0,614.95,610.05,0,0,0,24334.2
2025-04-30,2025-07-31,24600,CE,0.0,0.0,0.0,896.0,898.05,0,0,0,24334.2
2025-04-30,2025-07-31,23750,CE,0.0,0.0,0.0,1377.9,1393.05,0,0,0,24334.2
2025-04-30,2025-07-31,23700,CE,0.0,0.0,0.0,1375.0,1426.25,0,75,0,24334.2
2025-04-30,2025-07-31,23100,CE,0.0,0.0,0.0,1831.0,1857.9,0,0,0,24334.2
2025-04-30,2025-06-26,26100,CE,0.0,0.0,0.0,147.35,171.6,0,0,0,24334.2
2025-04-30,2025-06-26,25150,CE,314.25,320.05,306.55,320.05,320.05,3,4500,75,24334.2
2025-04-30,2025-06-26,24950,CE,383.4,383.4,383.4,383.4,491.5,1,8925,0,24334.2
2025-04-30,2025-06-26,24450,CE,610.0,656.85,610.0,655.3,719.5,47,9825,1650,24334.2
2025-04-30,2025-06-26,23700,CE,1176.0,1178.55,1130.0,1178.55,1173.0,7,22650,150,24334.2
2025-04-30,2025-06-26,23350,CE,0.0,0.0,0.0,1242.95,1427.9,0,9075,0,24334.2
2025-04-30,2025-06-26,23000,CE,1634.6,1770.0,1634.6,1735.75,1735.75,428,1362100,-825,24334.2
2025-04-30,2025-06-26,22950,CE,0.0,0.0,0.0,1576.1,1747.4,0,900,0,24334.2
2025-04-30,2025-06-26,22200,CE,2362.95,2362.95,2362.95,2362.95,2408.8,1,1575,75,24334.2
2025-04-30,2025-06-26,22050,CE,0.0,0.0,0.0,2350.3,2548.15,0,1125,0,24334.2
2025-04-30,2025-06-26,21950,CE,0.0,0.0,0.0,2450.65,2642.0,0,1050,0,24334.2
2025-04-30,2025-06-26,21750,CE,0.0,0.0,0.0,2621.65,2831.65,0,750,0,24334.2
2025-04-30,2025-06-26,21300,CE,0.0,0.0,0.0,3071.9,3265.5,0,225,0,24334.2
2025-04-30,2025-06-26,20700,CE,0.0,0.0,0.0,3638.75,3853.0,0,225,0,24334.2
2025-04-30,2025-05-29,25950,CE,29.3,32.8,25.9,28.2,28.2,261,15675,4425,24334.2
2025-04-30,2025-05-29,25750,CE,42.55,45.1,36.2,40.5,40.5,998,49125,22500,24334.2
2025-04-30,2025-05-29,25000,CE,155.0,195.0,153.0,179.0,179.0,47927,3496650,480975,24334.2
2025-04-30,2025-05-29,24900,CE,192.3,231.55,190.25,214.05,214.05,9061,427650,230775,24334.2
2025-04-30,2025-05-29,24650,CE,290.0,343.65,287.55,325.45,325.45,929,65025,675,24334.2
2025-04-30,2025-05-29,23900,CE,736.55,830.25,736.55,791.15,791.15,2364,300450,31125,24334.2
2025-04-30,2025-05-29,23500,CE,1070.0,1150.0,1034.15,1123.95,1123.95,1541,1276425,-4275,24334.2
2025-04-30,2025-04-30,20800,CE,0.0,0.0,0.0,3073.6,24334.2,0,75,0,24334.2
2025-04-30,2025-04-30,21950,CE,0.0,0.0,0.0,1927.65,24334.2,0,450,0,24334.2
2025-04-30,2025-04-30,23700,CE,559.1,694.1,559.1,666.15,24334.2,2216,154950,-54600,24334.2
2025-04-30,2025-05-08,21550,CE,0.0,0.0,0.0,2494.4,2814.7,0,825,0,24334.2
2025-04-30,2025-05-08,21700,CE,2655.0,2700.0,2605.0,2626.0,2664.9,8,750,225,24334.2
2025-04-30,2025-05-08,21750,CE,0.0,0.0,0.0,2339.1,2615.0,0,900,0,24334.2
2025-04-30,2025-05-08,22100,CE,2290.0,2290.0,2240.0,2280.0,2265.5,21,2025,1425,24334.2
2025-04-30,2025-05-08,22650,CE,1705.0,1759.85,1705.0,1759.7,1759.7,16,3750,1050,24334.2
2025-04-30,2025-05-08,22800,CE,1530.0,1595.6,1508.85,1559.8,1559.8,120,17850,6900,24334.2
2025-04-30,2025-05-08,22950,CE,1435.0,1450.5,1435.0,1450.5,1450.5,2,2175,150,24334.2
2025-04-30,2025-05-08,23250,CE,1144.0,1176.05,1070.15,1079.4,1079.4,67,5850,3525,24334.2
2025-04-30,2025-05-08,23850,CE,518.3,627.95,518.3,578.95,578.95,356,18375,2625,24334.2
2025-04-30,2025-05-08,25400,CE,8.05,8.05,3.4,4.3,4.3,63309,1540950,660975,24334.2
2025-04-30,2025-05-15,21300,CE,0.0,0.0,0.0,2792.55,3090.7,0,225,0,24334.2
2025-04-30,2025-04-30,21650,PE,0.95,0.95,0.05,0.1,24334.2,13214,47250,-23625,24334.2
2025-04-30,2029-06-28,20000,CE,0.0,0.0,0.0,10410.0,9474.7,0,0,0,24334.2
2025-04-30,2028-06-29,23000,CE,0.0,0.0,0.0,4323.1,6395.15,0,0,0,24334.2
2025-04-30,2028-06-29,20000,CE,0.0,0.0,0.0,5724.65,8411.85,0,0,0,24334.2
2025-04-30,2027-12-30,24000,CE,0.0,0.0,0.0,3778.95,5149.2,0,0,0,24334.2
2025-04-30,2025-04-30,23850,CE,429.95,544.0,419.8,513.55,24334.2,2884,106275,-84150,24334.2
2025-04-30,2025-04-30,23900,CE,427.75,492.8,364.95,458.75,24334.2,15112,514500,-335100,24334.2
2025-04-30,2025-04-30,23950,CE,343.35,442.65,315.85,406.2,24334.2,10135,317625,-152625,24334.2
2025-04-30,2025-04-30,24450,CE,10.0,17.95,0.05,0.45,24334.2,7938473,8489325,1036575,24334.2
2025-04-30,2025-04-30,25350,CE,0.95,1.05,0.05,0.1,24334.2,185863,1098825,8025,24334.2
2025-04-30,2025-04-30,25600,CE,0.5,0.7,0.05,0.1,24334.2,152360,1788075,-476175,24334.2
2025-04-30,2025-04-30,25650,CE,0.5,0.8,0.05,0.1,24334.2,60345,372375,-41550,24334.2
2025-04-30,2025-05-08,20400,CE,0.0,0.0,0.0,2989.15,3963.1,0,0,0,24334.2
2025-04-30,2025-05-08,20550,CE,0.0,0.0,0.0,2840.7,3813.3,0,0,0,24334.2
2025-04-30,2025-05-08,22550,CE,1810.0,1848.8,1788.0,1803.8,1803.8,30,4200,2025,24334.2
2025-04-30,2025-05-08,23900,CE,488.65,592.05,487.0,558.8,558.8,3864,221625,61950,24334.2
2025-04-30,2025-05-08,25650,CE,3.05,3.5,1.8,2.2,2.2,12669,380250,219375,24334.2
2025-04-30,2025-05-08,25950,CE,2.35,2.35,1.3,1.5,1.5,9789,114150,-80550,24334.2
2025-04-30,2025-05-15,21100,CE,0.0,0.0,0.0,3025.1,3290.15,0,75,0,24334.2
2025-04-30,2025-05-15,22200,CE,0.0,0.0,0.0,1945.25,2193.8,0,75,0,24334.2
2025-04-30,2025-05-15,22250,CE,0.0,0.0,0.0,1897.55,2144.1,0,75,0,24334.2
2025-04-30,2025-05-15,22300,CE,0.0,0.0,0.0,1850.0,2094.45,0,75,0,24334.2
2025-04-30,2025-05-15,22400,CE,0.0,0.0,0.0,1775.25,1995.25,0,75,0,24334.2
2025-04-30,2025-05-15,23350,CE,0.0,0.0,0.0,1109.75,1085.0,0,525,0,24334.2
2025-04-30,2025-05-15,23450,CE,0.0,0.0,0.0,1012.7,996.75,0,1500,0,24334.2
2025-04-30,2025-05-15,24150,CE,461.8,506.5,422.3,452.95,452.95,57,6000,75,24334.2
2025-04-30,2025-05-15,25100,CE,60.0,70.75,49.1,59.05,59.05,2904,87825,44250,24334.2
2025-04-30,2025-05-15,25300,CE,31.0,43.05,28.0,33.1,33.1,4504,149175,69525,24334.2
2025-04-30,2025-05-15,25450,CE,21.45,27.15,18.65,21.8,21.8,329,11475,7725,24334.2
2025-04-30,2025-05-15,25550,CE,20.0,24.0,15.45,16.95,16.95,363,12225,2250,24334.2
2025-04-30,2025-05-15,25900,CE,8.25,9.85,5.7,6.25,6.25,2036,83400,25875,24334.2
2025-04-30,2025-05-22,22700,CE,0.0,0.0,0.0,1365.15,1737.6,0,0,0,24334.2
2025-04-30,2025-05-22,22900,CE,0.0,0.0,0.0,1198.25,1548.55,0,0,0,24334.2
2025-04-30,2025-05-22,23300,CE,0.0,0.0,0.0,893.0,1187.6,0,0,0,24334.2
2025-04-30,2025-05-22,24300,CE,414.85,479.95,414.85,460.75,460.75,207,11475,5250,24334.2
2025-04-30,2025-07-31,25950,CE,0.0,0.0,0.0,391.2,382.35,0,0,0,24334.2
2025-04-30,2025-07-31,26050,CE,0.0,0.0,0.0,365.25,356.1,0,0,0,24334.2
2025-04-30,2025-09-25,18000,CE,0.0,0.0,0.0,9482.9,6819.5,0,0,0,24334.2
2025-04-30,2025-09-25,29000,CE,36.6,40.35,35.2,39.85,39.85,356,48000,8850,24334.2
2025-04-30,2025-12-24,24000,CE,1819.95,1918.0,1814.8,1881.35,1881.35,2066,880625,105075,24334.2
2025-04-30,2026-03-26,21000,CE,0.0,0.0,0.0,4255.8,4736.8,0,0,0,24334.2
2025-04-30,2026-03-26,22000,CE,0.0,0.0,0.0,3481.2,3931.1,0,0,0,24334.2
2025-04-30,2026-03-26,26000,CE,0.0,0.0,0.0,1228.35,1499.75,0,0,0,24334.2
2025-04-30,2026-06-25,29000,CE,0.0,0.0,0.0,864.2,863.15,0,0,0,24334.2
2025-04-30,2027-06-24,18000,CE,0.0,0.0,0.0,4066.45,8828.95,0,0,0,24334.2
2025-04-30,2027-06-24,24000,CE,0.0,0.0,0.0,2300.0,4448.5,0,600,0,24334.2
2025-04-30,2027-12-30,21000,CE,0.0,0.0,0.0,4902.4,7117.15,0,0,0,24334.2
2025-04-30,2028-12-28,20000,CE,0.0,0.0,0.0,8115.5,8954.5,0,0,0,24334.2
2025-04-30,2028-12-28,25000,CE,0.0,0.0,0.0,5350.4,5840.9,0,0,0,24334.2
2025-04-30,2028-12-28,29000,CE,0.0,0.0,0.0,3645.75,3933.05,0,0,0,24334.2
2025-04-30,2029-06-28,28000,CE,0.0,0.0,0.0,6112.6,4956.2,0,0,0,24334.2
2025-04-30,2029-12-27,25000,CE,0.0,0.0,0.0,7196.25,7011.55,0,0,0,24334.2
2025-04-30,2025-04-30,20750,PE,0.6,0.75,0.05,0.1,24334.2,18481,223950,177150,24334.2
2025-04-30,2025-04-30,21400,PE,1.05,1.05,0.05,0.1,24334.2,42516,96300,-252525,24334.2
2025-04-30,2025-04-30,21750,PE,0.75,0.85,0.05,0.1,24334.2,36311,94875,-34500,24334.2
2025-04-30,2025-04-30,22000,PE,0.75,0.9,0.05,0.05,24334.2,237807,2468175,-2516775,24334.2
2025-04-30,2025-04-30,22400,PE,0.9,1.5,0.05,0.1,24334.2,67041,294000,-438075,24334.2
2025-04-30,2025-04-30,23400,PE,1.7,1.9,0.05,0.1,24334.2,634402,3336150,1338300,24334.2
2025-04-30,2025-04-30,23850,PE,3.4,5.1,0.05,0.15,24334.2,2198335,2747925,1093275,24334.2
2025-04-30,2025-04-30,24350,PE,69.0,107.0,0.3,2.7,24334.2,30757575,19718400,15133725,24334.2
2025-04-30,2025-04-30,24900,PE,632.95,637.05,508.75,558.95,24334.2,1016,16500,2250,24334.2
2025-04-30,2025-04-30,25800,PE,0.0,0.0,0.0,2416.5,24334.2,0,0,0,24334.2
2025-04-30,2025-05-08,20800,PE,3.9,3.9,2.0,2.8,2.8,3921,128625,53250,24334.2
2025-04-30,2025-05-08,20850,PE,4.7,4.7,1.8,2.85,2.85,903,23250,15825,24334.2
2025-04-30,2025-05-08,22000,PE,15.0,15.0,5.2,6.65,6.65,109446,5023875,2667900,24334.2
2025-04-30,2025-05-08,22400,PE,14.25,14.9,8.65,11.95,11.95,26101,371700,131625,24334.2
2025-04-30,2025-05-08,22450,PE,14.55,16.95,9.55,12.9,12.9,6309,86925,43425,24334.2
2025-04-30,2025-05-08,22650,PE,18.9,21.7,12.6,18.0,18.0,6375,84000,43650,24334.2
2025-04-30,2025-05-08,23050,PE,31.2,41.0,22.55,30.9,30.9,7406,99075,39375,24334.2
2025-04-30,2025-05-08,23600,PE,69.85,83.65,51.0,69.45,69.45,64519,1477875,655950,24334.2
2025-04-30,2025-05-08,24500,PE,339.0,377.7,269.7,299.85,299.85,73246,1600050,829875,24334.2
2025-04-30,2025-04-30,22150,CE,2255.0,2255.0,2255.0,2255.0,24334.2,1,1200,0,24334.2
2025-04-30,2025-04-30,23750,CE,523.55,643.2,513.7,617.2,24334.2,926,137325,-13875,24334.2
2025-04-30,2025-04-30,24000,CE,300.0,392.9,265.5,359.65,24334.2,111319,1138650,-707325,24334.2
2025-04-30,2025-04-30,24350,CE,38.35,58.0,0.05,13.45,24334.2,30818538,20810475,11222850,24334.2
2025-04-30,2025-04-30,25550,CE,0.45,0.8,0.05,0.05,24334.2,226665,1530150,1032600,24334.2
2025-04-30,2025-04-30,25700,CE,0.5,0.7,0.05,0.1,24334.2,137984,1127400,-342900,24334.2
2025-04-30,2025-05-08,21250,CE,0.0,0.0,0.0,2154.15,3114.3,0,0,0,24334.2
2025-04-30,2025-05-08,22000,CE,2349.9,2392.95,2280.05,2374.0,2374.0,263,45750,19125,24334.2
2025-04-30,2025-05-08,22900,CE,1452.0,1500.0,1418.95,1419.25,1419.25,79,34125,3975,24334.2
2025-04-30,2025-05-08,23050,CE,1345.0,1345.0,1268.2,1268.4,1268.4,26,5100,825,24334.2
2025-04-30,2025-05-08,23400,CE,936.05,1034.0,930.45,963.4,963.4,408,57150,15225,24334.2
2025-04-30,2025-05-08,23650,CE,698.25,800.0,697.7,722.6,722.6,142,12375,825,24334.2
2025-04-30,2025-05-08,24700,CE,81.15,98.8,60.7,77.75,77.75,125705,2211450,1396650,24334.2
2025-04-30,2025-05-08,25350,CE,9.0,9.05,3.7,5.4,5.4,19251,227550,103050,24334.2
2025-04-30,2025-05-08,25700,CE,2.75,3.2,1.6,1.9,1.9,50766,1816275,649050,24334.2
2025-04-30,2025-05-15,20700,CE,0.0,0.0,0.0,3417.25,3689.1,0,75,0,24334.2
2025-04-30,2025-05-15,20750,CE,0.0,0.0,0.0,3311.6,3639.25,0,75,0,24334.2
2025-04-30,2025-05-15,21500,CE,0.0,0.0,0.0,2593.85,2891.25,0,300,0,24334.2
2025-04-30,2025-05-15,21650,CE,0.0,0.0,0.0,2498.3,2741.65,0,75,0,24334.2
2025-04-30,2025-05-15,21750,CE,0.0,0.0,0.0,2404.25,2641.95,0,75,0,24334.2
2025-04-30,2025-05-15,21850,CE,0.0,0.0,0.0,2312.1,2542.3,0,75,0,24334.2
2025-04-30,2025-04-30,25400,PE,1090.0,1090.0,1027.15,1032.0,24334.2,74,975,-4425,24334.2
2025-04-30,2025-05-08,20700,PE,3.7,3.7,2.0,2.65,2.65,2492,69825,12975,24334.2
2025-04-30,2025-05-08,22050,PE,7.55,9.6,5.35,6.75,6.75,7824,167250,141525,24334.2
2025-04-30,2025-05-08,23500,PE,49.95,70.0,43.55,58.85,58.85,140137,3406950,1678875,24334.2
2025-04-30,2025-05-08,23650,PE,62.3,99.0,55.7,74.8,74.8,11128,207600,117075,24334.2
2025-04-30,2025-05-08,24850,PE,598.0,610.0,505.0,553.05,553.05,321,12000,3750,24334.2
2025-04-30,2025-05-08,25250,PE,917.0,965.5,902.4,965.25,965.25,45,2850,1725,24334.2
2025-04-30,2025-05-15,21100,PE,13.9,13.9,8.85,9.4,9.4,51,1875,-450,24334.2
2025-04-30,2025-05-15,22450,PE,0.0,0.0,0.0,40.8,2.05,0,600,0,24334.2
2025-04-30,2025-05-15,22900,PE,48.35,67.35,45.65,56.35,56.35,1126,48675,35025,24334.2
2025-04-30,2025-05-15,23050,PE,61.75,76.65,56.9,68.5,68.5,204,8925,3675,24334.2
2025-04-30,2025-05-15,23200,PE,76.75,92.4,60.0,78.6,78.6,1828,70575,38100,24334.2
2025-04-30,2025-05-15,23350,PE,99.65,108.35,79.05,102.3,102.3,315,11175,6000,24334.2
2025-04-30,2025-05-15,24100,PE,243.45,268.4,206.1,230.85,230.85,3584,116025,27675,24334.2
2025-04-30,2025-05-15,24500,PE,399.0,432.95,353.3,378.5,378.5,5046,140850,81525,24334.2
2025-04-30,2025-05-15,24700,PE,492.5,545.7,456.55,506.4,506.4,189,17700,5100,24334.2
2025-04-30,2025-05-15,25050,PE,0.0,0.0,0.0,739.5,757.1,0,225,0,24334.2
2025-04-30,2025-05-15,25250,PE,0.0,0.0,0.0,911.85,919.85,0,675,0,24334.2
2025-04-30,2025-05-15,26000,PE,0.0,0.0,0.0,1614.8,1607.7,0,300,0,24334.2
2025-04-30,2025-05-22,22750,PE,0.0,0.0,0.0,86.2,17.35,0,0,0,24334.2
2025-04-30,2025-05-22,23800,PE,202.0,228.0,179.5,207.2,207.2,57,5025,900,24334.2
2025-04-30,2025-05-22,23850,PE,0.0,0.0,0.0,407.2,174.7,0,0,0,24334.2
2025-04-30,2025-05-22,24850,PE,0.0,0.0,0.0,1025.05,650.15,0,0,0,24334.2
2025-04-30,2025-05-22,24900,PE,0.0,0.0,0.0,1063.4,683.8,0,0,0,24334.2
2025-04-30,2025-05-22,25050,PE,0.0,0.0,0.0,1182.0,789.85,0,0,0,24334.2
2025-04-30,2025-05-15,21800,CE,0.0,0.0,0.0,2612.0,2592.15,0,150,0,24334.2
2025-04-30,2025-05-15,21900,CE,0.0,0.0,0.0,2281.6,2492.45,0,675,0,24334.2
2025-04-30,2025-05-15,22600,CE,1820.0,1825.0,1820.0,1825.0,1797.75,10,900,750,24334.2
2025-04-30,2025-05-15,22750,CE,0.0,0.0,0.0,1470.5,1650.7,0,75,0,24334.2
2025-04-30,2025-05-15,23250,CE,1200.0,1200.0,1185.0,1185.0,1175.5,4,375,75,24334.2
2025-04-30,2025-05-15,24550,CE,227.8,260.7,191.3,227.3,227.3,515,19875,5850,24334.2
2025-04-30,2025-05-15,24900,CE,95.85,120.85,85.35,100.05,100.05,3670,80550,41325,24334.2
2025-04-30,2025-05-22,22450,CE,0.0,0.0,0.0,1584.5,1979.0,0,0,0,24334.2
2025-04-30,2025-05-22,23000,CE,0.0,0.0,0.0,1342.0,1455.85,0,75,0,24334.2
2025-04-30,2025-05-22,23550,CE,0.0,0.0,0.0,725.3,978.9,0,0,0,24334.2
2025-04-30,2025-05-22,23600,CE,0.0,0.0,0.0,970.0,939.1,0,525,0,24334.2
2025-04-30,2025-05-22,23750,CE,0.0,0.0,0.0,605.3,825.25,0,0,0,24334.2
2025-04-30,2025-05-22,24400,CE,395.3,423.9,360.6,400.45,400.45,155,8775,3600,24334.2
2025-04-30,2025-05-22,24750,CE,0.0,0.0,0.0,198.25,265.85,0,0,0,24334.2
2025-04-30,2025-05-15,22700,PE,44.0,53.8,37.2,48.5,48.5,1378,48300,22575,24334.2
2025-04-30,2025-05-15,22850,PE,0.0,0.0,0.0,628.65,8.75,0,0,0,24334.2
2025-04-30,2025-05-15,23000,PE,57.75,75.0,50.15,66.2,66.2,12464,614775,172200,24334.2
2025-04-30,2025-05-15,23700,PE,145.1,170.5,122.4,143.65,143.65,2452,73275,20625,24334.2
2025-04-30,2025-05-15,24050,PE,216.05,240.15,195.35,219.95,219.95,330,9225,-1350,24334.2
2025-04-30,2025-05-15,24200,PE,262.0,302.65,235.0,267.6,267.6,3593,124050,29475,24334.2
2025-04-30,2025-05-15,24250,PE,299.95,315.75,258.0,287.35,287.35,761,21375,4725,24334.2
2025-04-30,2025-05-15,24650,PE,469.05,477.6,431.0,454.05,454.05,134,2400,1725,24334.2
2025-04-30,2025-05-15,24750,PE,0.0,0.0,0.0,519.3,539.15,0,150,0,24334.2
2025-04-30,2025-05-15,25300,PE,0.0,0.0,0.0,961.55,962.35,0,525,0,24334.2
2025-04-30,2025-05-15,25600,PE,0.0,0.0,0.0,1231.05,1229.35,0,525,0,24334.2
2025-04-30,2025-05-22,22850,PE,0.0,0.0,0.0,102.1,22.4,0,0,0,24334.2
2025-04-30,2025-05-22,23300,PE,0.0,0.0,0.0,203.25,62.85,0,0,0,24334.2
2025-04-30,2025-05-22,23450,PE,0.0,0.0,0.0,130.8,85.15,0,0,0,24334.2
2025-04-30,2025-05-22,23500,PE,152.0,174.4,133.4,160.5,160.5,810,36900,12075,24334.2
2025-04-30,2025-05-22,23900,PE,217.45,237.95,214.25,224.05,224.05,58,5625,-300,24334.2
2025-04-30,2025-05-22,24300,PE,372.1,385.55,322.95,353.5,353.5,397,16350,2925,24334.2
2025-04-30,2025-05-29,21200,PE,28.0,34.55,26.5,32.75,32.75,641,66975,-5925,24334.2
2025-04-30,2025-05-29,21500,PE,35.1,42.95,31.45,38.75,38.75,13271,1869375,241275,24334.2
2025-04-30,2025-05-29,21850,PE,23.8,23.8,23.8,23.8,3.35,1,22500,75,24334.2
2025-04-30,2025-05-29,23100,PE,121.35,150.5,111.0,131.5,131.5,2802,160275,-9900,24334.2
2025-04-30,2025-05-29,24000,PE,295.05,324.35,267.05,296.05,296.05,46187,5355900,489825,24334.2
2025-04-30,2025-05-29,24450,PE,469.55,491.8,415.55,445.8,445.8,3395,127500,17775,24334.2
2025-04-30,2025-05-29,24850,PE,668.05,668.05,614.65,638.4,638.4,96,31500,3075,24334.2
2025-04-30,2025-05-29,25350,PE,1031.0,1031.8,1000.8,1000.8,1000.8,3,675,-75,24334.2
2025-04-30,2025-06-26,20500,PE,50.0,56.85,47.5,54.8,54.8,641,161175,8400,24334.2
2025-04-30,2025-06-26,20650,PE,0.0,0.0,0.0,18.35,2.15,0,0,0,24334.2
2025-04-30,2025-06-26,20800,PE,0.0,0.0,0.0,55.0,3.0,0,375,0,24334.2
2025-04-30,2025-06-26,21150,PE,0.0,0.0,0.0,39.45,6.35,0,0,0,24334.2
2025-04-30,2025-06-26,21500,PE,79.05,90.0,73.55,85.25,85.25,1134,351000,-13950,24334.2
2025-04-30,2025-06-26,23650,PE,319.0,319.0,319.0,319.0,276.35,1,3975,75,24334.2
2025-04-30,2025-06-26,23850,PE,366.0,370.95,366.0,370.95,338.3,2,4050,150,24334.2
2025-04-30,2025-06-26,24100,PE,450.05,468.5,413.0,442.3,442.3,321,63375,3450,24334.2
2025-04-30,2025-07-31,22400,PE,0.0,0.0,0.0,138.7,116.5,0,0,0,24334.2
2025-04-30,2025-07-31,22500,PE,214.95,227.25,192.15,215.5,215.5,1418,157575,60225,24334.2
2025-04-30,2025-07-31,22650,PE,0.0,0.0,0.0,177.9,151.75,0,0,0,24334.2
2025-04-30,2025-07-31,23400,PE,350.9,373.95,350.9,359.0,359.0,25,1725,1725,24334.2
2025-04-30,2025-07-31,24000,PE,509.8,521.25,472.0,505.45,505.45,406,73500,8250,24334.2
2025-04-30,2025-07-31,24250,PE,0.0,0.0,0.0,645.85,593.55,0,0,0,24334.2
2025-04-30,2025-07-31,24950,PE,0.0,0.0,0.0,989.95,929.45,0,0,0,24334.2
2025-04-30,2025-07-31,25600,PE,0.0,0.0,0.0,1386.35,1321.4,0,0,0,24334.2
2025-04-30,2026-03-26,22000,PE,0.0,0.0,0.0,346.6,298.2,0,0,0,24334.2
2025-04-30,2026-06-25,21000,PE,275.05,275.05,275.05,275.05,205.1,1,2175,75,24334.2
2025-04-30,2026-06-25,26000,PE,0.0,0.0,0.0,6709.2,1617.0,0,0,0,24334.2
2025-04-30,2026-12-31,14000,PE,21.3,21.3,21.3,21.3,1.25,2,1700,150,24334.2
2025-04-30,2026-12-31,16000,PE,0.0,0.0,0.0,23.3,10.1,0,2425,0,24334.2
2025-04-30,2025-05-22,25250,CE,0.0,0.0,0.0,98.8,124.65,0,0,0,24334.2
2025-04-30,2025-05-22,25350,CE,0.0,0.0,0.0,86.45,105.35,0,975,0,24334.2
2025-04-30,2025-05-22,25650,CE,0.0,0.0,0.0,38.05,61.45,0,75,0,24334.2
2025-04-30,2025-05-29,20450,CE,0.0,0.0,0.0,3703.5,3988.95,0,1125,0,24334.2
2025-04-30,2025-05-29,20750,CE,0.0,0.0,0.0,3420.95,3690.55,0,1050,0,24334.2
2025-04-30,2025-05-29,20900,CE,0.0,0.0,0.0,3338.2,3541.35,0,1725,0,24334.2
2025-04-30,2025-05-29,21150,CE,0.0,0.0,0.0,3095.2,3292.85,0,1875,0,24334.2
2025-04-30,2025-05-29,21300,CE,0.0,0.0,0.0,2945.15,3143.85,0,2625,0,24334.2
2025-04-30,2025-05-29,22050,CE,0.0,0.0,0.0,2185.45,2402.95,0,2025,0,24334.2
2025-04-30,2025-05-29,22250,CE,0.0,0.0,0.0,2009.9,2207.95,0,2100,0,24334.2
2025-04-30,2025-05-29,22600,CE,1885.45,1916.2,1885.45,1902.45,1902.45,14,91275,0,24334.2
2025-04-30,2025-05-29,23200,CE,1324.65,1404.75,1310.0,1339.95,1339.95,153,137625,5100,24334.2
2025-04-30,2025-05-29,23600,CE,969.95,1060.25,969.95,1032.45,1032.45,290,194850,3825,24334.2
2025-04-30,2025-05-29,24950,CE,176.55,211.85,176.55,196.7,196.7,703,85575,13350,24334.2
2025-04-30,2025-05-29,25300,CE,96.85,109.65,86.35,100.75,100.75,9051,442050,87300,24334.2
2025-04-30,2025-05-29,25700,CE,40.4,49.65,38.95,42.9,42.9,7807,386850,-19125,24334.2
2025-04-30,2025-06-26,20900,CE,0.0,0.0,0.0,3449.05,3656.45,0,300,0,24334.2
2025-04-30,2025-06-26,21500,CE,3058.9,3089.6,3058.9,3078.4,3078.4,19,12300,450,24334.2
2025-04-30,2025-06-26,21600,CE,0.0,0.0,0.0,2780.45,2975.3,0,900,0,24334.2
2025-04-30,2025-06-26,22100,CE,0.0,0.0,0.0,2302.5,2501.5,0,375,0,24334.2
2025-04-30,2025-06-26,22350,CE,0.0,0.0,0.0,2082.6,2271.4,0,750,0,24334.2
2025-04-30,2025-06-26,23900,CE,1016.0,1039.0,983.9,1035.4,1035.4,27,8550,-150,24334.2
2025-04-30,2025-06-26,24000,CE,885.15,974.95,884.1,945.4,945.4,2832,1398325,35700,24334.2
2025-04-30,2025-06-26,24300,CE,730.0,772.0,684.6,744.1,744.1,572,71925,1275,24334.2
2025-04-30,2025-06-26,24900,CE,392.05,426.95,386.55,412.3,412.3,237,28875,1050,24334.2
2025-04-30,2025-06-26,25450,CE,211.95,214.45,209.15,211.35,211.35,5,2550,375,24334.2
2025-04-30,2025-06-26,25550,CE,193.0,193.0,186.95,186.95,292.6,5,300,150,24334.2
2025-04-30,2025-06-26,26000,CE,96.55,104.05,80.6,100.35,100.35,8831,1777875,26950,24334.2
2025-04-30,2025-07-31,23950,CE,0.0,0.0,0.0,1252.9,1264.6,0,0,0,24334.2
2025-04-30,2025-07-31,24000,CE,1105.0,1186.15,1105.0,1136.8,1136.8,236,47325,7200,24334.2
2025-04-30,2025-07-31,24250,CE,0.0,0.0,0.0,732.9,1085.65,0,300,0,24334.2
2025-04-30,2025-07-31,24350,CE,0.0,0.0,0.0,1024.25,1029.7,0,0,0,24334.2
2025-04-30,2025-07-31,24550,CE,0.0,0.0,0.0,920.8,923.45,0,0,0,24334.2
2025-04-30,2025-07-31,26000,CE,207.05,215.8,190.9,205.9,205.9,358,42675,9525,24334.2
2025-04-30,2025-09-25,24000,CE,1404.05,1509.95,1404.05,1487.4,1487.4,2013,321975,50100,24334.2
2025-04-30,2025-12-24,19500,CE,0.0,0.0,0.0,4000.0,5700.35,0,1150,0,24334.2
2025-04-30,2025-12-24,29000,CE,99.95,109.8,99.55,108.05,108.05,277,257325,-675,24334.2
2025-04-30,2026-03-26,29000,CE,0.0,0.0,0.0,440.5,580.9,0,0,0,24334.2
2025-04-30,2026-06-25,18000,CE,0.0,0.0,0.0,7400.0,7703.25,0,100,0,24334.2
2025-04-30,2026-12-31,28000,CE,1221.0,1221.0,1144.9,1200.0,1822.85,21,3900,825,24334.2
2025-04-30,2026-12-31,29000,CE,0.0,0.0,0.0,480.0,1487.2,0,450,0,24334.2
2025-04-30,2027-06-24,27000,CE,0.0,0.0,0.0,1932.5,2872.6,0,0,0,24334.2
2025-04-30,2027-12-30,27000,CE,0.0,0.0,0.0,2889.8,3558.9,0,0,0,24334.2
2025-04-30,2028-12-28,17000,CE,0.0,0.0,0.0,10036.4,11120.35,0,0,0,24334.2
2025-04-30,2029-06-28,29000,CE,0.0,0.0,0.0,5677.9,4524.0,0,0,0,24334.2
2025-04-30,2029-12-27,21000,CE,0.0,0.0,0.0,9463.95,9336.0,0,0,0,24334.2
2025-04-30,2025-04-30,20400,PE,0.4,0.6,0.05,0.05,24334.2,512787,4113975,37650,24334.2
2025-04-30,2025-04-30,20550,PE,0.5,0.55,0.05,0.1,24334.2,21430,298125,176550,24334.2
2025-04-30,2025-04-30,22550,PE,0.9,0.9,0.05,0.1,24334.2,53872,226575,2775,24334.2
2025-04-30,2025-04-30,22650,PE,0.95,1.0,0.05,0.1,24334.2,86132,200775,-143775,24334.2
2025-04-30,2025-04-30,22700,PE,1.3,1.3,0.05,0.1,24334.2,206817,1072500,-1747425,24334.2
2025-04-30,2025-04-30,22750,PE,1.8,1.8,0.05,0.1,24334.2,87741,243975,8250,24334.2
2025-04-30,2025-04-30,23100,PE,1.55,1.6,0.05,0.1,24334.2,443753,3385725,862500,24334.2
2025-04-30,2025-04-30,24150,PE,14.95,21.0,0.05,0.25,24334.2,2865315,3127425,272250,24334.2
2025-04-30,2025-04-30,24850,PE,570.0,571.9,458.0,501.95,24334.2,965,17925,5475,24334.2
2025-04-30,2025-04-30,25150,PE,830.0,846.8,795.1,799.75,24334.2,11,675,-75,24334.2
2025-04-30,2025-04-30,25250,PE,893.0,893.0,893.0,893.0,24334.2,1,975,-75,24334.2
2025-04-30,2025-04-30,25950,PE,0.0,0.0,0.0,2561.4,24334.2,0,0,0,24334.2
2025-04-30,2025-05-08,20650,PE,3.45,3.5,1.85,2.55,2.55,798,12900,6300,24334.2
2025-04-30,2025-05-08,21000,PE,4.5,4.5,2.15,3.1,3.1,87210,3344100,2538675,24334.2
2025-04-30,2025-05-08,21050,PE,4.95,4.95,2.2,3.05,3.05,1897,31125,22200,24334.2
2025-04-30,2025-05-08,21450,PE,6.05,6.05,2.85,3.95,3.95,1832,30900,9675,24334.2
2025-04-30,2025-05-08,21500,PE,5.95,6.0,3.0,4.25,4.25,63179,2266425,1669800,24334.2
2025-04-30,2025-05-08,21550,PE,5.0,6.45,3.1,4.3,4.3,2002,45000,22875,24334.2
2025-04-30,2025-05-08,21700,PE,7.05,9.35,3.55,4.75,4.75,17557,365700,311625,24334.2
2025-04-30,2025-05-08,22300,PE,11.9,15.0,7.55,10.15,10.15,37540,714300,411525,24334.2
2025-04-30,2025-05-08,22500,PE,20.0,20.0,10.0,14.1,14.1,98812,2667000,1342200,24334.2
2025-04-30,2025-05-08,22700,PE,17.0,23.9,13.65,19.1,19.1,35935,828975,404475,24334.2
2025-04-30,2025-05-08,22750,PE,20.95,27.55,14.5,21.05,21.05,7769,98250,44775,24334.2
2025-04-30,2025-05-08,22900,PE,24.3,31.85,18.15,25.05,25.05,36159,690675,517500,24334.2
2025-04-30,2025-05-08,23100,PE,39.5,45.0,23.9,34.15,34.15,36099,759150,504225,24334.2
2025-04-30,2025-05-08,23250,PE,38.7,50.0,29.7,41.45,41.45,6977,116625,47400,24334.2
2025-04-30,2025-05-08,23400,PE,52.9,65.0,37.05,50.65,50.65,48593,981000,505875,24334.2
2025-04-30,2025-05-08,23450,PE,64.85,65.85,40.4,55.65,55.65,11781,159900,27675,24334.2
2025-04-30,2025-05-08,23750,PE,78.0,103.45,66.0,88.2,88.2,14803,205875,96750,24334.2
2025-04-30,2025-05-08,23900,PE,120.0,127.5,86.25,110.2,110.2,65279,1177875,505875,24334.2
2025-04-30,2025-05-08,24050,PE,141.95,163.5,113.7,140.95,140.95,22846,351900,163575,24334.2
2025-04-30,2025-05-08,24100,PE,153.95,178.0,125.1,153.25,153.25,86229,1373700,498300,24334.2
2025-04-30,2025-05-29,24200,PE,360.05,389.85,326.15,356.15,356.15,12234,1254225,-15300,24334.2
2025-04-30,2025-06-26,20550,PE,0.0,0.0,0.0,15.55,1.7,0,0,0,24334.2
2025-04-30,2025-06-26,21100,PE,0.0,0.0,0.0,36.7,5.75,0,0,0,24334.2
2025-04-30,2025-06-26,21200,PE,0.0,0.0,0.0,48.75,7.05,0,150,0,24334.2
2025-04-30,2025-06-26,22100,PE,0.0,0.0,0.0,104.2,36.25,0,84000,0,24334.2
2025-04-30,2025-06-26,22150,PE,0.0,0.0,0.0,118.6,39.25,0,375,0,24334.2
2025-04-30,2025-06-26,22700,PE,161.95,197.4,157.4,171.05,171.05,240,39375,-3975,24334.2
2025-04-30,2025-06-26,23150,PE,224.1,242.1,224.1,242.1,242.1,10,3300,300,24334.2
2025-04-30,2025-06-26,24000,PE,418.3,445.0,386.95,417.6,417.6,6746,2086225,68475,24334.2
2025-04-30,2025-06-26,24050,PE,424.9,449.65,424.9,446.75,446.75,3,7350,225,24334.2
2025-04-30,2025-06-26,24950,PE,0.0,0.0,0.0,762.4,846.45,0,1200,0,24334.2
2025-04-30,2025-05-29,24900,PE,713.45,719.55,648.3,674.2,674.2,335,28500,3150,24334.2
2025-04-30,2029-12-27,25000,PE,0.0,0.0,0.0,785.3,943.6,0,0,0,24334.2
2025-04-30,2029-06-28,22000,PE,0.0,0.0,0.0,422.0,469.85,0,0,0,24334.2
2025-04-30,2029-06-28,19000,PE,0.0,0.0,0.0,170.3,176.15,0,0,0,24334.2
2025-04-30,2028-12-28,18000,PE,0.0,0.0,0.0,250.0,111.15,0,75,0,24334.2
2025-04-30,2028-06-29,26000,PE,0.0,0.0,0.0,2370.3,1364.35,0,0,0,24334.2
2025-04-30,2028-06-29,22000,PE,0.0,0.0,0.0,520.05,478.5,0,100,0,24334.2
2025-04-30,2028-06-29,19000,PE,0.0,0.0,0.0,537.45,158.8,0,0,0,24334.2
2025-04-30,2027-12-30,29000,PE,0.0,0.0,0.0,4227.5,2618.7,0,0,0,24334.2
2025-04-30,2027-12-30,23000,PE,0.0,0.0,0.0,899.15,650.45,0,1950,0,24334.2
2025-04-30,2027-12-30,19000,PE,0.0,0.0,0.0,299.95,143.25,0,525,0,24334.2
2025-04-30,2027-06-24,28000,PE,0.0,0.0,0.0,5959.35,2344.1,0,0,0,24334.2
2025-04-30,2027-06-24,24000,PE,0.0,0.0,0.0,5056.2,880.25,0,0,0,24334.2
2025-04-30,2026-12-31,26000,PE,0.0,0.0,0.0,1415.05,1567.35,0,5225,0,24334.2
2025-04-30,2026-12-31,25000,PE,1120.0,1120.0,1120.0,1120.0,1188.15,2,9975,0,24334.2
2025-04-30,2026-06-25,24000,PE,925.05,925.05,925.05,925.05,829.6,1,1500,-75,24334.2
2025-04-30,2026-06-25,18000,PE,0.0,0.0,0.0,3088.05,24.65,0,0,0,24334.2
2025-04-30,2026-06-25,13000,PE,0.0,0.0,0.0,21.6,0.05,0,200,0,24334.2
2025-04-30,2026-03-26,21000,PE,0.0,0.0,0.0,191.35,162.9,0,0,0,24334.2
2025-04-30,2025-12-24,24000,PE,663.6,674.0,632.7,652.4,652.4,3642,1663675,106000,24334.2
2025-04-30,2025-12-24,16500,PE,0.0,0.0,0.0,20.3,0.6,0,2750,0,24334.2
2025-04-30,2025-09-25,20000,PE,92.05,113.35,90.2,98.8,98.8,497,313500,5625,24334.2
2025-04-30,2025-07-31,25950,PE,0.0,0.0,0.0,1627.75,1561.65,0,0,0,24334.2
2025-04-30,2025-07-31,25750,PE,0.0,0.0,0.0,1487.55,1422.0,0,0,0,24334.2
2025-04-30,2025-07-31,25250,PE,0.0,0.0,0.0,1164.1,1101.15,0,0,0,24334.2
2025-04-30,2025-07-31,25000,PE,891.0,915.0,850.0,891.0,891.0,171,29925,9900,24334.2
2025-04-30,2025-07-31,24600,PE,715.0,715.0,697.75,712.15,712.15,9,150,-525,24334.2
2025-04-30,2025-07-31,24450,PE,0.0,0.0,0.0,735.15,680.2,0,0,0,24334.2
2025-04-30,2025-07-31,23450,PE,0.0,0.0,0.0,359.8,321.2,0,0,0,24334.2
2025-04-30,2025-07-31,22450,PE,0.0,0.0,0.0,145.95,123.0,0,0,0,24334.2
2025-04-30,2025-06-26,28000,PE,3539.3,3539.3,3386.1,3413.75,3413.75,60,145425,-1275,24334.2
2025-04-30,2025-06-26,25750,PE,0.0,0.0,0.0,1539.1,1390.3,0,75,0,24334.2
2025-04-30,2025-06-26,25250,PE,0.0,0.0,0.0,1187.95,1034.3,0,75,0,24334.2
2025-04-30,2025-04-30,20400,CE,0.0,0.0,0.0,2957.5,24334.2,0,0,0,24334.2
2025-04-30,2025-04-30,20650,CE,0.0,0.0,0.0,2711.4,24334.2,0,0,0,24334.2
2025-04-30,2025-04-30,21700,CE,2662.0,2662.0,2615.0,2647.0,24334.2,6,2175,-450,24334.2
2025-04-30,2025-04-30,21900,CE,2440.0,2452.35,2440.0,2452.35,24334.2,2,1200,-150,24334.2
2025-04-30,2025-04-30,22250,CE,0.0,0.0,0.0,2090.0,24334.2,0,675,0,24334.2
2025-04-30,2025-04-30,22450,CE,1882.15,1927.0,1882.15,1906.8,24334.2,10,8400,-300,24334.2
2025-04-30,2025-04-30,22600,CE,1700.7,1770.1,1681.75,1751.15,24334.2,96,8925,-2775,24334.2
2025-04-30,2025-04-30,23000,CE,1265.05,1390.95,1263.75,1361.9,24334.2,3375,168750,-118500,24334.2
2025-04-30,2025-04-30,23400,CE,851.2,991.35,851.2,966.35,24334.2,1599,129600,-63525,24334.2
2025-04-30,2025-04-30,24300,CE,54.95,98.9,23.0,60.9,24334.2,12157510,8715300,544950,24334.2
2025-04-30,2025-04-30,25250,CE,0.65,0.95,0.05,0.1,24334.2,204788,1819950,-95025,24334.2
2025-04-30,2025-04-30,25950,CE,0.7,0.8,0.05,0.05,24334.2,40550,356025,-23475,24334.2
2025-04-30,2025-05-08,20900,CE,0.0,0.0,0.0,2495.6,3463.8,0,0,0,24334.2
2025-04-30,2025-05-08,20950,CE,0.0,0.0,0.0,2446.55,3413.85,0,0,0,24334.2
2025-04-30,2025-05-08,21000,CE,3345.0,3365.0,3327.0,3365.0,3363.95,29,2250,1650,24334.2
2025-04-30,2025-05-08,22150,CE,0.0,0.0,0.0,1907.7,2215.55,0,450,0,24334.2
2025-04-30,2025-05-08,22500,CE,1850.0,1905.0,1789.05,1826.35,1826.35,559,64350,39975,24334.2
2025-04-30,2025-05-08,23100,CE,1224.95,1315.0,1224.95,1283.15,1283.15,487,100800,27750,24334.2
2025-04-30,2025-05-08,24250,CE,285.7,324.75,231.5,288.55,288.55,26356,268875,123300,24334.2
2025-04-30,2025-05-08,24400,CE,189.95,232.75,157.95,209.35,209.35,229308,2887725,1422150,24334.2
2025-04-30,2025-05-08,25050,CE,25.5,28.45,14.2,18.3,18.3,37469,561225,336075,24334.2
2025-04-30,2025-05-08,25200,CE,13.95,15.9,7.25,9.7,9.7,131624,3311925,1828725,24334.2
2025-04-30,2025-05-08,25600,CE,3.9,3.9,2.05,2.6,2.6,66467,1898325,1172850,24334.2
2025-04-30,2025-05-08,25850,CE,3.5,3.5,1.3,1.65,1.65,5567,164700,35175,24334.2
2025-04-30,2025-05-08,26000,CE,1.95,2.4,1.25,1.5,1.5,165732,5738550,2943225,24334.2
2025-04-30,2025-05-15,20850,CE,0.0,0.0,0.0,3266.15,3539.5,0,75,0,24334.2
2025-04-30,2025-05-15,22900,CE,0.0,0.0,0.0,1530.2,1505.2,0,225,0,24334.2
2025-04-30,2025-05-15,22950,CE,1435.0,1472.65,1435.0,1472.6,1457.15,3,525,225,24334.2
2025-04-30,2025-05-15,24050,CE,512.95,574.05,512.95,531.95,531.95,28,8250,600,24334.2
2025-04-30,2025-05-15,24700,CE,151.25,192.75,138.35,167.0,167.0,4682,146475,79725,24334.2
2025-04-30,2025-05-15,25050,CE,71.4,82.7,52.25,67.3,67.3,415,10950,2325,24334.2
2025-04-30,2025-05-15,25600,CE,15.05,21.05,11.7,14.5,14.5,2663,78375,22650,24334.2
2025-04-30,2025-05-22,22350,CE,0.0,0.0,0.0,1675.05,2076.7,0,0,0,24334.2
2025-04-30,2025-05-22,23100,CE,0.0,0.0,0.0,1040.5,1364.6,0,0,0,24334.2
2025-04-30,2025-05-22,24900,CE,174.45,174.45,160.45,164.8,164.8,5,2175,225,24334.2
2025-04-30,2025-05-22,25050,CE,120.55,120.55,108.75,111.45,111.45,5,75,0,24334.2
2025-04-30,2025-05-22,25150,CE,0.0,0.0,0.0,114.45,146.65,0,0,0,24334.2
2025-04-30,2025-05-22,25200,CE,93.5,96.35,77.5,86.95,86.95,121,3525,2325,24334.2
2025-04-30,2025-05-22,25850,CE,22.5,22.5,17.5,18.8,18.8,6,1575,75,24334.2
2025-04-30,2025-05-29,20350,CE,0.0,0.0,0.0,3747.75,4088.4,0,975,0,24334.2
2025-04-30,2025-05-29,20550,CE,0.0,0.0,0.0,3605.05,3889.45,0,1125,0,24334.2
2025-04-30,2025-05-29,20600,CE,0.0,0.0,0.0,3789.0,3839.7,0,825,0,24334.2
2025-04-30,2025-05-29,21750,CE,0.0,0.0,0.0,2473.0,2698.05,0,1950,0,24334.2
2025-04-30,2025-05-29,21950,CE,0.0,0.0,0.0,2281.65,2501.0,0,1950,0,24334.2
2025-04-30,2025-05-29,22500,CE,1944.85,2038.0,1933.5,2013.95,2013.95,455,718125,9525,24334.2
2025-04-30,2025-05-29,23550,CE,1040.0,1085.9,1040.0,1085.9,1085.9,3,10425,-225,24334.2
2025-04-30,2025-05-29,23700,CE,893.55,983.6,893.5,950.1,950.1,622,269925,-14700,24334.2
2025-04-30,2025-05-29,23750,CE,853.95,940.0,853.95,928.9,928.9,69,17925,-1200,24334.2
2025-04-30,2025-05-29,23950,CE,718.05,782.35,718.05,747.95,747.95,110,22575,-2850,24334.2
2025-04-30,2025-05-29,24150,CE,575.0,642.7,572.2,617.8,617.8,223,48300,-225,24334.2
2025-04-30,2025-05-29,25200,CE,111.0,133.7,108.0,121.75,121.75,9008,729150,109125,24334.2
2025-04-30,2025-05-29,25400,CE,76.85,89.75,70.65,81.3,81.3,6189,586200,-30450,24334.2
2025-04-30,2025-05-29,25600,CE,56.0,59.75,44.05,52.4,52.4,6004,458325,59700,24334.2
2025-04-30,2025-05-29,25850,CE,33.8,37.95,30.15,31.35,31.35,321,35250,4050,24334.2
2025-04-30,2025-06-26,19000,CE,5415.0,5525.0,5401.25,5457.45,5457.45,16,192675,-600,24334.2
2025-04-30,2025-06-26,23050,CE,0.0,0.0,0.0,1495.45,1664.95,0,750,0,24334.2
2025-04-30,2025-06-26,23550,CE,0.0,0.0,0.0,1244.05,1280.05,0,1950,0,24334.2
2025-04-30,2025-06-26,24050,CE,903.45,927.9,903.45,922.45,944.95,38,2850,-2850,24334.2
2025-04-30,2025-06-26,24350,CE,683.95,729.6,675.65,723.85,723.85,94,13875,4050,24334.2
2025-04-30,2025-06-26,25800,CE,0.0,0.0,0.0,193.05,231.35,0,0,0,24334.2
2025-04-30,2025-06-26,25950,CE,0.0,0.0,0.0,168.95,199.65,0,0,0,24334.2
2025-04-30,2025-07-31,22300,CE,0.0,0.0,0.0,2472.9,2513.65,0,0,0,24334.2
2025-04-30,2025-07-31,22850,CE,0.0,0.0,0.0,2022.55,2054.0,0,0,0,24334.2
2025-04-30,2025-07-31,23350,CE,0.0,0.0,0.0,1649.45,1671.95,0,0,0,24334.2
2025-04-30,2025-07-31,23550,CE,0.0,0.0,0.0,1509.8,1528.5,0,0,0,24334.2
2025-04-30,2025-07-31,23600,CE,0.0,0.0,0.0,1476.2,1494.0,0,0,0,24334.2
2025-04-30,2025-07-31,23900,CE,0.0,0.0,0.0,916.85,1296.05,0,450,0,24334.2
2025-04-30,2025-07-31,24100,CE,1082.45,1103.0,1055.4,1098.9,1173.05,40,1425,-1425,24334.2
2025-04-30,2025-07-31,24750,CE,0.0,0.0,0.0,824.5,824.6,0,0,0,24334.2
2025-04-30,2025-07-31,25050,CE,0.0,0.0,0.0,693.55,690.4,0,0,0,24334.2
2025-04-30,2025-07-31,25200,CE,0.0,0.0,0.0,425.0,629.5,0,7875,0,24334.2
2025-04-30,2025-07-31,25300,CE,0.0,0.0,0.0,596.4,591.05,0,0,0,24334.2
2025-04-30,2025-07-31,25550,CE,0.0,0.0,0.0,509.65,502.6,0,0,0,24334.2
2025-04-30,2025-12-24,19000,CE,0.0,0.0,0.0,5932.85,6167.0,0,6950,0,24334.2
2025-04-30,2025-12-24,26000,CE,703.05,735.6,686.75,715.7,715.7,1555,1224825,29425,24334.2
2025-04-30,2027-12-30,20000,CE,0.0,0.0,0.0,5333.85,7844.7,0,0,0,24334.2
2025-04-30,2028-12-28,18000,CE,0.0,0.0,0.0,9380.3,10380.65,0,0,0,24334.2
2025-04-30,2028-12-28,23000,CE,0.0,0.0,0.0,6377.6,6996.1,0,0,0,24334.2
2025-04-30,2029-06-28,22000,CE,0.0,0.0,0.0,9207.9,8181.15,0,0,0,24334.2
2025-04-30,2029-12-27,22000,CE,0.0,0.0,0.0,8865.25,8718.85,0,0,0,24334.2
2025-04-30,2029-12-27,28000,CE,0.0,0.0,0.0,5741.5,5538.75,0,0,0,24334.2
2025-04-30,2025-04-30,21250,PE,0.65,0.65,0.05,0.1,24334.2,24305,54525,-26100,24334.2
2025-04-30,2025-04-30,21950,PE,0.8,0.85,0.05,0.1,24334.2,48808,68550,-19950,24334.2
2025-04-30,2025-04-30,22150,PE,1.0,1.0,0.05,0.1,24334.2,31667,85275,-95475,24334.2
2025-04-30,2025-04-30,24050,PE,17.0,17.0,0.05,0.2,24334.2,1674901,2014200,-115575,24334.2
2025-04-30,2025-04-30,24100,PE,14.4,16.55,0.05,0.2,24334.2,2971782,4359900,-2244600,24334.2
2025-04-30,2025-04-30,24300,PE,37.9,69.0,0.05,0.4,24334.2,21573801,19689675,8098425,24334.2
2025-04-30,2025-04-30,24600,PE,285.1,345.0,207.15,238.5,24334.2,117526,213525,-86025,24334.2
2025-04-30,2025-04-30,24750,PE,443.0,490.0,358.9,401.95,24334.2,3144,36975,5925,24334.2
2025-04-30,2025-04-30,25100,PE,748.35,794.05,721.95,764.15,24334.2,256,7875,-3825,24334.2
2025-04-30,2025-04-30,25450,PE,0.0,0.0,0.0,1163.95,24334.2,0,825,0,24334.2
2025-04-30,2025-04-30,25500,PE,1230.0,1230.0,1120.45,1144.65,24334.2,551,25200,-28125,24334.2
2025-04-30,2025-04-30,25600,PE,1240.0,1240.0,1225.1,1225.1,24334.2,3,825,0,24334.2
2025-04-30,2025-05-08,21600,PE,6.6,6.9,3.25,4.35,4.35,21725,419775,363000,24334.2
2025-04-30,2025-05-08,23800,PE,85.15,109.95,71.6,93.25,93.25,109351,2452050,1344900,24334.2
2025-04-30,2025-05-08,24000,PE,133.2,149.95,103.55,130.4,130.4,222369,4542375,1753200,24334.2
2025-04-30,2025-05-08,24400,PE,265.55,298.25,224.5,252.65,252.65,170766,2391375,1576950,24334.2
2025-04-30,2025-05-29,25050,PE,0.0,0.0,0.0,758.0,819.75,0,1350,0,24334.2
2025-04-30,2025-05-29,24700,PE,597.5,613.65,531.05,566.8,566.8,2027,133275,66000,24334.2
2025-04-30,2025-05-29,24150,PE,350.45,367.35,311.2,335.95,335.95,800,88950,150,24334.2
2025-04-30,2025-05-29,23700,PE,226.2,243.65,197.4,224.4,224.4,5302,533250,19950,24334.2
2025-04-30,2025-05-29,23450,PE,182.75,194.65,155.0,178.8,178.8,457,35325,600,24334.2
2025-04-30,2025-05-29,23400,PE,170.1,188.1,146.85,170.75,170.75,6157,473850,24300,24334.2
2025-04-30,2025-05-29,23250,PE,149.75,175.65,126.65,147.45,147.45,425,41925,5775,24334.2
2025-04-30,2025-05-29,23150,PE,132.3,150.0,117.4,138.85,138.85,144,22350,4425,24334.2
2025-04-30,2025-05-29,22850,PE,100.9,116.0,87.2,109.25,109.25,409,24150,5325,24334.2
2025-04-30,2025-05-29,21700,PE,39.4,52.0,36.55,44.2,44.2,847,162150,2625,24334.2
2025-04-30,2025-05-29,21050,PE,28.0,31.5,23.05,28.55,28.55,83,7275,-3525,24334.2
2025-04-30,2025-05-29,20950,PE,22.3,29.7,22.3,27.05,27.05,87,9375,-4575,24334.2
2025-04-30,2025-05-29,20400,PE,18.4,22.8,18.4,21.65,21.65,4136,235800,9525,24334.2
2025-04-30,2025-05-22,26000,PE,0.0,0.0,0.0,2023.1,1595.4,0,0,0,24334.2
2025-04-30,2025-05-22,25700,PE,0.0,0.0,0.0,1744.5,1321.8,0,0,0,24334.2
2025-04-30,2025-05-22,24100,PE,285.35,307.5,265.0,284.55,284.55,87,6075,750,24334.2
2025-04-30,2025-05-22,23950,PE,0.0,0.0,0.0,327.95,205.2,0,450,0,24334.2
2025-04-30,2025-05-22,23200,PE,0.0,0.0,0.0,177.2,50.8,0,0,0,24334.2
2025-04-30,2025-05-22,23150,PE,0.0,0.0,0.0,163.7,45.5,0,0,0,24334.2
2025-04-30,2025-05-22,22100,PE,42.75,49.4,38.0,42.6,42.6,179,14175,3225,24334.2
2025-04-30,2025-05-15,25950,PE,0.0,0.0,0.0,3382.4,1559.45,0,0,0,24334.2
2025-04-30,2025-05-15,24350,PE,339.95,354.45,287.2,319.95,319.95,1809,58575,22575,24334.2
2025-04-30,2025-05-15,24150,PE,252.95,275.85,224.25,254.3,254.3,369,19725,5550,24334.2
2025-04-30,2025-05-15,23650,PE,130.0,159.0,115.0,142.4,142.4,61,4200,1650,24334.2
2025-04-30,2025-05-15,23400,PE,96.1,119.0,82.5,100.7,100.7,3056,110850,78075,24334.2
2025-04-30,2025-05-15,21800,PE,19.25,19.85,14.85,18.35,18.35,82,5175,1425,24334.2
2025-04-30,2025-05-15,21350,PE,12.25,16.0,10.45,12.7,12.7,345,7350,1575,24334.2
2025-04-30,2025-05-08,25950,PE,0.0,0.0,0.0,1583.05,1580.35,0,375,0,24334.2
2025-04-30,2025-05-08,25650,PE,1302.0,1303.15,1301.45,1302.05,1302.05,8,1200,600,24334.2
2025-04-30,2025-05-08,24550,PE,375.85,384.4,296.25,333.65,333.65,4058,84750,20550,24334.2
2025-04-30,2025-05-08,23700,PE,70.05,96.5,60.5,80.55,80.55,60915,1755750,1002000,24334.2
2025-04-30,2025-05-08,22950,PE,26.55,35.95,19.3,26.95,26.95,9048,127050,43875,24334.2
2025-04-30,2025-05-08,22550,PE,18.0,18.85,6.45,15.0,15.0,5165,39450,10275,24334.2
2025-04-30,2025-05-08,22350,PE,11.85,18.0,8.2,11.05,11.05,12282,371700,322425,24334.2
2025-04-30,2025-05-08,21950,PE,7.0,9.85,4.6,6.3,6.3,6223,119550,98025,24334.2
2025-04-30,2025-05-08,20550,PE,3.5,3.5,1.6,2.15,2.15,1353,47175,34575,24334.2
2025-04-30,2025-04-30,25650,PE,0.0,0.0,0.0,1321.75,24334.2,0,150,0,24334.2
2025-04-30,2025-04-30,25300,PE,1009.85,1012.35,939.05,966.6,24334.2,69,2925,225,24334.2
2025-04-30,2025-04-30,25050,PE,697.2,741.15,668.5,717.0,24334.2,117,7200,6675,24334.2
2025-04-30,2025-04-30,23950,PE,8.0,8.0,0.05,0.15,24334.2,1200626,2873925,727950,24334.2
2025-04-30,2025-04-30,23600,PE,2.8,3.4,0.05,0.1,24334.2,1379608,5677950,3318000,24334.2
2025-04-30,2025-04-30,23550,PE,3.0,3.05,0.05,0.15,24334.2,614958,1445400,843075,24334.2
2025-04-30,2025-04-30,22800,PE,1.4,1.4,0.05,0.1,24334.2,240576,1400925,-1321575,24334.2
2025-04-30,2025-04-30,22500,PE,0.95,0.95,0.05,0.1,24334.2,339970,1919850,-3165900,24334.2
2025-04-30,2025-04-30,21700,PE,0.6,1.0,0.05,0.1,24334.2,51040,460950,-135675,24334.2
2025-04-30,2025-04-30,21500,PE,0.6,0.65,0.05,0.05,24334.2,95942,1627800,-1486725,24334.2
2025-04-30,2025-05-22,25350,PE,0.0,0.0,0.0,1433.05,1022.6,0,0,0,24334.2
2025-04-30,2025-05-22,25450,PE,0.0,0.0,0.0,1520.2,1105.4,0,0,0,24334.2
2025-04-30,2025-05-22,25550,PE,0.0,0.0,0.0,1608.95,1190.45,0,0,0,24334.2
2025-04-30,2025-05-22,25850,PE,0.0,0.0,0.0,1882.7,1457.0,0,0,0,24334.2
2025-04-30,2025-05-22,25950,PE,0.0,0.0,0.0,1976.1,1548.95,0,0,0,24334.2
2025-04-30,2025-05-29,22300,PE,62.75,76.0,54.9,70.2,70.2,3008,275700,37050,24334.2
2025-04-30,2025-05-29,22900,PE,107.25,124.0,92.05,113.95,113.95,2357,164250,10500,24334.2
2025-04-30,2025-05-29,23600,PE,198.35,224.0,179.75,205.85,205.85,3103,615900,300,24334.2
2025-04-30,2025-05-29,24400,PE,447.95,467.25,396.35,428.8,428.8,21439,816525,179775,24334.2
2025-04-30,2025-05-29,24500,PE,484.0,511.85,437.45,468.1,468.1,33016,2511375,254400,24334.2
2025-04-30,2025-05-29,25500,PE,1170.0,1183.55,1077.05,1120.05,1120.05,516,803025,2250,24334.2
2025-04-30,2025-05-29,25850,PE,0.0,0.0,0.0,1661.75,1456.4,0,150,0,24334.2
2025-04-30,2025-06-26,16000,PE,9.0,9.4,8.0,9.4,9.4,16,51075,-150,24334.2
2025-04-30,2025-06-26,20000,PE,39.9,44.85,37.35,42.75,42.75,3324,1346725,10050,24334.2
2025-04-30,2025-06-26,20750,PE,0.0,0.0,0.0,21.55,2.65,0,0,0,24334.2
2025-04-30,2025-06-26,20850,PE,0.0,0.0,0.0,25.2,3.35,0,0,0,24334.2
2025-04-30,2025-06-26,20950,PE,0.0,0.0,0.0,29.35,4.15,0,0,0,24334.2
2025-04-30,2025-06-26,21300,PE,0.0,0.0,0.0,38.3,8.6,0,150,0,24334.2
2025-04-30,2025-06-26,21400,PE,0.0,0.0,0.0,41.65,10.5,0,75,0,24334.2
2025-04-30,2025-06-26,22200,PE,115.65,130.05,109.95,125.25,125.25,195,140625,1575,24334.2
2025-04-30,2025-06-26,22950,PE,198.7,217.15,198.7,217.15,217.15,6,3075,75,24334.2
2025-04-30,2025-06-26,23300,PE,257.0,278.55,237.05,258.25,258.25,239,48300,5925,24334.2
2025-04-30,2025-06-26,23500,PE,290.0,315.5,270.95,296.45,296.45,7434,1287675,253275,24334.2
2025-04-30,2025-06-26,23600,PE,314.6,333.65,291.7,318.55,318.55,167,27375,5475,24334.2
2025-04-30,2025-06-26,23800,PE,364.95,392.15,334.05,359.0,359.0,481,60225,10425,24334.2
2025-04-30,2025-06-26,25100,PE,870.0,877.65,862.25,862.85,937.85,9,2925,150,24334.2
2025-04-30,2025-07-31,22950,PE,0.0,0.0,0.0,235.35,204.3,0,0,0,24334.2
2025-04-30,2025-07-31,23300,PE,332.0,339.55,332.0,339.55,281.55,5,300,300,24334.2
2025-04-30,2025-07-31,23550,PE,0.0,0.0,0.0,389.5,348.2,0,0,0,24334.2
2025-04-30,2025-07-31,25300,PE,0.0,0.0,0.0,1194.65,1131.3,0,0,0,24334.2
2025-04-30,2025-07-31,25400,PE,0.0,0.0,0.0,1256.9,1192.95,0,0,0,24334.2
2025-04-30,2025-07-31,26100,PE,0.0,0.0,0.0,1737.7,1671.4,0,0,0,24334.2
2025-04-30,2025-09-25,22000,PE,246.5,246.5,210.05,228.3,228.3,974,488100,-5925,24334.2
2025-04-30,2026-12-31,20000,PE,0.0,0.0,0.0,329.0,163.25,0,7625,0,24334.2
2025-04-30,2027-06-24,20000,PE,0.0,0.0,0.0,3034.2,197.5,0,0,0,24334.2
2025-04-30,2027-06-24,21000,PE,0.0,0.0,0.0,500.0,306.15,0,350,0,24334.2
2025-04-30,2027-12-30,15000,PE,0.0,0.0,0.0,43.05,13.1,0,475,0,24334.2
2025-04-30,2028-12-28,20000,PE,0.0,0.0,0.0,316.05,247.7,0,1100,0,24334.2
2025-04-30,2028-12-28,26000,PE,0.0,0.0,0.0,1160.95,1294.1,0,0,0,24334.2
2025-04-30,2028-12-28,29000,PE,0.0,0.0,0.0,2010.85,2258.6,0,0,0,24334.2
2025-04-30,2029-06-28,23000,PE,0.0,0.0,0.0,543.65,616.05,0,0,0,24334.2
2025-04-30,2025-04-30,25000,PE,733.0,740.0,606.25,641.95,24334.2,4603,96600,-90975,24334.2
2025-04-30,2025-04-30,24450,PE,151.65,199.5,57.55,83.0,24334.2,1471799,1284825,517875,24334.2
2025-04-30,2025-04-30,24400,PE,120.0,152.0,12.0,32.1,24334.2,9652104,6187500,2939550,24334.2
2025-04-30,2025-05-15,25200,CE,44.85,53.6,38.0,42.95,42.95,5001,217125,88650,24334.2
2025-04-30,2025-05-15,25150,CE,55.0,61.55,42.1,51.85,51.85,257,9975,4275,24334.2
2025-04-30,2025-05-15,24950,CE,91.1,102.85,72.9,87.8,87.8,293,6750,2175,24334.2
2025-04-30,2025-05-15,24750,CE,140.0,168.0,124.65,144.35,144.35,431,12000,3750,24334.2
2025-04-30,2025-05-15,24100,CE,479.1,536.15,464.0,510.05,510.05,282,31200,-1125,24334.2
2025-04-30,2025-05-15,23100,CE,1314.55,1346.0,1314.55,1346.0,1314.7,4,1500,300,24334.2
2025-04-30,2025-05-15,22550,CE,0.0,0.0,0.0,1632.9,1847.0,0,75,0,24334.2
2025-04-30,2025-05-15,22450,CE,0.0,0.0,0.0,1728.05,1945.75,0,75,0,24334.2
2025-04-30,2025-05-15,22350,CE,0.0,0.0,0.0,1802.85,2044.8,0,75,0,24334.2
2025-04-30,2025-05-15,22100,CE,0.0,0.0,0.0,2250.0,2293.25,0,150,0,24334.2
2025-04-30,2025-05-15,21600,CE,0.0,0.0,0.0,2549.95,2791.5,0,75,0,24334.2
2025-04-30,2025-05-15,21150,CE,0.0,0.0,0.0,2978.05,3240.3,0,150,0,24334.2
2025-04-30,2025-05-08,25500,CE,5.65,5.9,2.55,3.4,3.4,134743,4285425,1951725,24334.2
2025-04-30,2025-05-08,24950,CE,35.6,41.7,21.1,28.55,28.55,31030,419400,243675,24334.2
2025-04-30,2025-05-08,24450,CE,174.2,205.5,137.0,180.25,180.25,49998,492600,179325,24334.2
2025-04-30,2025-05-08,24300,CE,251.5,293.0,206.95,263.65,263.65,201601,2247750,1248750,24334.2
2025-04-30,2025-05-08,24000,CE,449.5,509.6,400.15,480.55,480.55,26409,2243850,137625,24334.2
2025-04-30,2025-05-08,22750,CE,0.0,0.0,0.0,1635.0,1616.95,0,675,0,24334.2
2025-04-30,2025-05-08,22400,CE,1985.0,2000.0,1945.0,1990.1,1990.1,18,4350,1125,24334.2
2025-04-30,2025-05-08,22050,CE,0.0,0.0,0.0,2046.8,2315.4,0,300,0,24334.2
2025-04-30,2025-05-08,21950,CE,0.0,0.0,0.0,2100.6,2415.3,0,600,0,24334.2
2025-04-30,2025-05-08,21400,CE,2960.0,2960.0,2960.0,2960.0,2964.5,1,75,75,24334.2
2025-04-30,2025-05-08,21350,CE,0.0,0.0,0.0,2847.95,3014.45,0,75,0,24334.2
2025-04-30,2025-05-08,20850,CE,0.0,0.0,0.0,2544.75,3513.7,0,0,0,24334.2
2025-04-30,2025-05-08,24450,PE,310.0,325.0,246.6,276.8,276.8,20876,203250,96375,24334.2
2025-04-30,2025-05-08,24750,PE,460.4,526.15,424.75,473.05,473.05,1718,33750,21825,24334.2
2025-04-30,2025-05-08,24950,PE,650.0,666.6,595.75,629.2,629.2,177,17325,3525,24334.2
2025-04-30,2025-05-08,25000,PE,747.2,747.2,625.0,674.45,674.45,4936,367725,104025,24334.2
2025-04-30,2025-05-08,25350,PE,1012.7,1017.3,1012.7,1015.4,1015.4,8,1350,600,24334.2
2025-04-30,2025-05-15,20700,PE,7.65,7.65,6.2,6.85,6.85,128,10575,2775,24334.2
2025-04-30,2025-05-15,22500,PE,36.25,43.95,31.0,39.1,39.1,5041,225975,75825,24334.2
2025-04-30,2025-05-15,22600,PE,36.75,50.3,30.0,42.4,42.4,745,41400,35250,24334.2
2025-04-30,2025-05-15,23150,PE,66.75,86.0,62.9,79.35,79.35,121,7125,2100,24334.2
2025-04-30,2025-05-15,24450,PE,365.0,396.8,332.55,358.4,358.4,306,9300,1350,24334.2
2025-04-30,2025-05-15,24800,PE,545.8,596.9,526.05,550.5,550.5,94,3150,1425,24334.2
2025-04-30,2025-05-15,25550,PE,0.0,0.0,0.0,1187.45,1183.6,0,675,0,24334.2
2025-04-30,2025-05-15,25800,PE,0.0,0.0,0.0,1664.05,1416.15,0,75,0,24334.2
2025-04-30,2025-05-22,22600,PE,0.0,0.0,0.0,66.0,11.6,0,0,0,24334.2
2025-04-30,2025-05-22,22950,PE,0.0,0.0,0.0,112.75,28.6,0,150,0,24334.2
2025-04-30,2025-05-22,23600,PE,168.0,171.05,140.55,160.0,113.2,11,1650,75,24334.2
2025-04-30,2025-05-22,23700,PE,181.65,212.95,179.35,204.7,204.7,12,6450,300,24334.2
2025-04-30,2025-05-29,20350,PE,19.65,23.95,18.4,21.25,21.25,8249,581550,137925,24334.2
2025-04-30,2025-05-29,21150,PE,29.1,33.05,29.1,31.65,31.65,15,3225,75,24334.2
2025-04-30,2025-05-29,21950,PE,53.25,57.9,45.0,52.7,52.7,92,16200,1725,24334.2
2025-04-30,2025-05-29,23050,PE,120.85,140.95,104.55,125.8,125.8,301,17025,2700,24334.2
2025-04-30,2025-05-29,23950,PE,288.45,303.95,253.6,282.55,282.55,591,60825,-1725,24334.2
2025-04-30,2025-06-26,25800,PE,0.0,0.0,0.0,1580.65,1427.4,0,75,0,24334.2
2025-04-30,2029-12-27,28000,PE,0.0,0.0,0.0,1411.3,1662.75,0,0,0,24334.2
2025-04-30,2029-12-27,27000,PE,0.0,0.0,0.0,1177.9,1396.4,0,0,0,24334.2
2025-04-30,2029-12-27,26000,PE,0.0,0.0,0.0,969.6,1156.45,0,0,0,24334.2
2025-04-30,2029-12-27,24000,PE,0.0,0.0,0.0,625.5,756.4,0,0,0,24334.2
2025-04-30,2029-06-28,26000,PE,0.0,0.0,0.0,1391.75,1224.25,0,25,0,24334.2
2025-04-30,2028-12-28,23000,PE,0.0,0.0,0.0,800.0,633.4,0,2925,0,24334.2
2025-04-30,2027-06-24,26000,PE,0.0,0.0,0.0,6202.2,1507.3,0,0,0,24334.2
2025-04-30,2026-12-31,22000,PE,0.0,0.0,0.0,480.1,417.25,0,6025,0,24334.2
2025-04-30,2026-12-31,19000,PE,0.0,0.0,0.0,361.0,92.8,0,1725,0,24334.2
2025-04-30,2026-12-31,17000,PE,0.0,0.0,0.0,97.05,23.45,0,2850,0,24334.2
2025-04-30,2026-03-26,17000,PE,0.0,0.0,0.0,5.5,4.55,0,0,0,24334.2
2025-04-30,2025-12-24,25000,PE,950.2,980.0,930.5,947.3,947.3,1048,620900,4800,24334.2
2025-04-30,2025-12-24,18000,PE,70.9,77.1,69.6,73.55,73.55,145,92975,-75,24334.2
2025-04-30,2025-09-25,25000,PE,919.0,947.1,880.0,910.15,910.15,639,476550,15525,24334.2
2025-04-30,2025-09-25,24000,PE,590.3,597.1,546.85,566.65,566.65,2947,421950,110400,24334.2
2025-04-30,2025-09-25,23000,PE,359.85,378.0,340.0,361.6,361.6,1356,413325,-10350,24334.2
2025-04-30,2025-09-25,17000,PE,0.0,0.0,0.0,18.0,0.1,0,525,0,24334.2
2025-04-30,2025-07-31,26050,PE,0.0,0.0,0.0,1700.0,1633.75,0,0,0,24334.2
2025-04-30,2025-07-31,25550,PE,0.0,0.0,0.0,1353.4,1288.65,0,0,0,24334.2
2025-04-30,2025-07-31,25450,PE,0.0,0.0,0.0,1288.65,1224.45,0,0,0,24334.2
2025-04-30,2025-07-31,25100,PE,0.0,0.0,0.0,1075.1,1013.25,0,0,0,24334.2
2025-04-30,2025-07-31,24700,PE,0.0,0.0,0.0,856.9,798.95,0,0,0,24334.2
2025-04-30,2025-07-31,24200,PE,546.0,561.75,546.0,561.75,573.05,5,975,225,24334.2
2025-04-30,2025-07-31,23950,PE,0.0,0.0,0.0,512.45,477.55,0,75,0,24334.2
2025-04-30,2025-04-30,20450,CE,0.0,0.0,0.0,2908.2,24334.2,0,0,0,24334.2
2025-04-30,2025-04-30,20700,CE,0.0,0.0,0.0,3180.25,24334.2,0,75,0,24334.2
2025-04-30,2025-04-30,21000,CE,3340.0,3357.0,3331.0,3335.0,24334.2,19,3000,-1050,24334.2
2025-04-30,2025-04-30,21550,CE,0.0,0.0,0.0,2629.3,24334.2,0,600,0,24334.2
2025-04-30,2025-04-30,23350,CE,941.55,1030.75,941.55,995.3,24334.2,99,16275,-3750,24334.2
2025-04-30,2025-04-30,24050,CE,225.8,343.1,219.9,311.8,24334.2,32377,216000,-119925,24334.2
2025-04-30,2025-04-30,24150,CE,186.6,243.15,126.55,212.2,24334.2,291140,391050,-273300,24334.2
2025-04-30,2025-04-30,25100,CE,0.6,1.0,0.05,0.1,24334.2,570465,4894575,-655650,24334.2
2025-04-30,2025-04-30,25850,CE,0.55,1.0,0.05,0.1,24334.2,79082,1120875,536025,24334.2
2025-04-30,2025-04-30,26000,CE,0.45,0.6,0.05,0.05,24334.2,371647,4357050,-2238225,24334.2
2025-04-30,2025-05-08,22250,CE,0.0,0.0,0.0,1813.05,2115.7,0,450,0,24334.2
2025-04-30,2025-05-08,24150,CE,311.2,394.0,303.65,359.15,359.15,6109,113400,45600,24334.2
2025-04-30,2025-05-08,24500,CE,140.0,179.5,117.3,156.85,156.85,201591,2652975,873150,24334.2
2025-04-30,2025-05-08,24650,CE,96.2,115.9,73.45,93.3,93.3,45903,600525,315450,24334.2
2025-04-30,2025-05-08,25900,CE,1.7,2.45,1.3,1.5,1.5,25808,1806900,134025,24334.2
2025-04-30,2025-05-08,26050,CE,2.2,2.35,1.25,1.35,1.35,14518,343875,130650,24334.2
2025-04-30,2025-05-15,21950,CE,0.0,0.0,0.0,2229.05,2442.65,0,75,0,24334.2
2025-04-30,2025-05-15,23150,CE,0.0,0.0,0.0,1294.75,1267.85,0,375,0,24334.2
2025-04-30,2025-05-15,23500,CE,949.15,1024.95,905.85,971.75,971.75,81,28275,2625,24334.2
2025-04-30,2025-05-15,23600,CE,918.0,926.0,849.7,904.65,904.65,106,9900,4725,24334.2
2025-04-30,2025-05-15,24300,CE,329.1,404.05,326.55,376.05,376.05,5470,189225,78825,24334.2
2025-04-30,2025-05-15,24400,CE,277.05,342.0,271.55,319.65,319.65,8649,309825,174300,24334.2
2025-04-30,2025-05-15,25800,CE,10.05,10.75,7.15,7.95,7.95,2955,82050,28875,24334.2
2025-04-30,2025-05-22,22150,CE,0.0,0.0,0.0,1860.0,2273.3,0,0,0,24334.2
2025-04-30,2025-05-22,22250,CE,0.0,0.0,0.0,1766.95,2174.8,0,0,0,24334.2
2025-04-30,2025-05-22,24100,CE,545.9,603.3,516.7,554.55,554.55,26,2625,-375,24334.2
2025-04-30,2025-05-22,24550,CE,313.5,332.35,313.5,332.35,332.35,2,525,0,24334.2
2025-04-30,2025-05-22,24800,CE,190.0,217.0,176.8,204.5,204.5,170,12750,4275,24334.2
2025-04-30,2025-05-22,25300,CE,70.6,74.5,66.0,68.95,68.95,35,2025,1125,24334.2
2025-04-30,2025-05-22,25950,CE,20.0,20.0,13.55,13.55,13.55,6,300,150,24334.2
2025-04-30,2025-05-22,26000,CE,15.95,16.25,10.9,13.25,13.25,1450,70050,28800,24334.2
2025-04-30,2025-05-29,20850,CE,0.0,0.0,0.0,3386.85,3591.05,0,1650,0,24334.2
2025-04-30,2025-05-29,21200,CE,0.0,0.0,0.0,3017.65,3243.15,0,3075,0,24334.2
2025-04-30,2025-05-29,21500,CE,2966.6,2994.65,2892.0,2957.05,2957.05,126,258450,5550,24334.2
2025-04-30,2025-05-29,22000,CE,2424.1,2510.5,2414.0,2471.5,2471.5,387,744975,6600,24334.2
2025-04-30,2025-05-29,22850,CE,0.0,0.0,0.0,1668.45,1640.1,0,5325,0,24334.2
2025-04-30,2025-05-29,23100,CE,1372.55,1487.4,1370.3,1433.4,1433.4,75,81975,150,24334.2
2025-04-30,2025-05-29,23250,CE,1280.0,1330.0,1280.0,1280.0,1280.0,7,7800,-75,24334.2
2025-04-30,2025-05-29,24000,CE,675.0,756.95,656.35,731.2,731.2,13638,3216525,-4125,24334.2
2025-04-30,2025-05-29,24200,CE,560.95,614.0,514.2,588.85,588.85,7120,1108200,6225,24334.2
2025-04-30,2025-05-29,24450,CE,390.0,455.0,381.15,438.15,438.15,3841,89100,-8100,24334.2
2025-04-30,2025-05-29,26000,CE,29.9,30.65,22.65,25.45,25.45,25457,1949625,345825,24334.2
2025-04-30,2025-06-26,20400,CE,0.0,0.0,0.0,3924.5,4148.65,0,225,0,24334.2
2025-04-30,2025-06-26,20450,CE,0.0,0.0,0.0,3876.8,4099.35,0,225,0,24334.2
2025-04-30,2025-06-26,20650,CE,0.0,0.0,0.0,3686.25,3902.2,0,225,0,24334.2
2025-04-30,2025-06-26,21550,CE,0.0,0.0,0.0,2836.7,3023.45,0,825,0,24334.2
2025-04-30,2025-06-26,22000,CE,2570.0,2650.0,2543.35,2603.9,2603.9,632,518025,-13500,24334.2
2025-04-30,2025-06-26,22500,CE,2142.6,2193.45,2108.0,2159.95,2159.95,313,167925,2175,24334.2
2025-04-30,2025-06-26,23450,CE,0.0,0.0,0.0,1194.2,1352.6,0,750,0,24334.2
2025-04-30,2025-06-26,23600,CE,1250.0,1256.0,1210.15,1210.15,1243.15,10,5325,225,24334.2
2025-04-30,2025-06-26,25350,CE,246.7,251.0,231.9,244.3,244.3,21,11175,300,24334.2
2025-04-30,2025-07-31,25900,CE,0.0,0.0,0.0,240.0,396.0,0,600,0,24334.2
2025-04-30,2025-04-30,20650,PE,0.6,0.65,0.05,0.05,24334.2,30344,181500,134100,24334.2
2025-04-30,2029-12-27,23000,CE,0.0,0.0,0.0,8286.75,8124.7,0,0,0,24334.2
2025-04-30,2029-06-28,24000,CE,0.0,0.0,0.0,8085.35,6989.75,0,0,0,24334.2
2025-04-30,2028-12-28,28000,CE,0.0,0.0,0.0,4027.15,4358.55,0,0,0,24334.2
2025-04-30,2028-12-28,27000,CE,0.0,0.0,0.0,4437.95,4817.9,0,0,0,24334.2
2025-04-30,2028-06-29,28000,CE,0.0,0.0,0.0,2596.45,3745.7,0,0,0,24334.2
2025-04-30,2027-12-30,29000,CE,0.0,0.0,0.0,1932.55,2720.1,0,0,0,24334.2
2025-04-30,2027-12-30,26000,CE,0.0,0.0,0.0,3162.4,4043.95,0,0,0,24334.2
2025-04-30,2027-12-30,25000,CE,0.0,0.0,0.0,3458.35,4574.75,0,0,0,24334.2
2025-04-30,2027-12-30,17000,CE,0.0,0.0,0.0,6805.5,10178.85,0,0,0,24334.2
2025-04-30,2026-12-31,16000,CE,0.0,0.0,0.0,6200.0,10046.4,0,50,0,24334.2
2025-04-30,2026-06-25,23000,CE,0.0,0.0,0.0,2645.65,3606.65,0,0,0,24334.2
2025-04-30,2026-06-25,22000,CE,0.0,0.0,0.0,2722.55,4325.95,0,0,0,24334.2
2025-04-30,2026-06-25,19000,CE,0.0,0.0,0.0,5792.0,6808.6,0,100,0,24334.2
2025-04-30,2025-12-24,20000,CE,4995.1,5114.15,4995.1,5070.7,5070.7,23,65100,150,24334.2
2025-04-30,2025-09-25,23000,CE,2084.55,2242.25,2084.55,2229.6,2229.6,57,121650,-2625,24334.2
2025-04-30,2025-07-31,25400,CE,0.0,0.0,0.0,560.45,554.4,0,0,0,24334.2
2025-04-30,2025-07-31,25150,CE,0.0,0.0,0.0,653.4,649.35,0,0,0,24334.2
2025-04-30,2025-07-31,23300,CE,0.0,0.0,0.0,1685.2,1707.7,0,0,0,24334.2
2025-04-30,2025-07-31,23200,CE,0.0,0.0,0.0,1757.85,1782.05,0,0,0,24334.2
2025-04-30,2025-07-31,22900,CE,0.0,0.0,0.0,1983.5,2014.05,0,0,0,24334.2
2025-04-30,2025-07-31,22750,CE,0.0,0.0,0.0,2101.6,2134.8,0,0,0,24334.2
2025-04-30,2025-07-31,22700,CE,0.0,0.0,0.0,2141.65,2175.7,0,0,0,24334.2
2025-04-30,2025-06-26,29000,CE,12.45,12.45,11.15,11.65,11.65,424,280575,-2475,24334.2
2025-04-30,2025-06-26,26050,CE,0.0,0.0,0.0,154.3,180.55,0,0,0,24334.2
2025-04-30,2025-06-26,25700,CE,145.5,161.5,140.75,155.65,155.65,247,31800,6150,24334.2
2025-04-30,2025-06-26,25600,CE,169.0,181.5,163.05,167.8,167.8,183,21825,150,24334.2
2025-04-30,2025-06-26,25050,CE,365.4,365.4,347.2,356.15,356.15,42,14400,2625,24334.2
2025-04-30,2025-06-26,24850,CE,418.85,440.7,406.2,435.6,532.35,22,10425,-525,24334.2
2025-04-30,2025-06-26,24800,CE,445.0,473.0,405.35,464.6,464.6,444,59250,-2775,24334.2
2025-04-30,2025-06-26,24550,CE,589.45,610.0,555.0,587.6,587.6,34,14475,-150,24334.2
2025-04-30,2025-06-26,24400,CE,641.0,701.8,631.95,690.05,690.05,431,42150,450,24334.2
2025-04-30,2025-06-26,24150,CE,0.0,0.0,0.0,822.95,885.0,0,4275,0,24334.2
2025-04-30,2025-06-26,23950,CE,949.95,974.2,949.95,973.45,973.45,3,2250,75,24334.2
2025-04-30,2025-06-26,23250,CE,0.0,0.0,0.0,1337.15,1505.1,0,525,0,24334.2
2025-04-30,2025-06-26,22900,CE,1805.45,1806.95,1805.45,1805.45,1789.2,3,1425,75,24334.2
2025-04-30,2025-06-26,21800,CE,0.0,0.0,0.0,2430.0,2784.0,0,900,0,24334.2
2025-04-30,2025-06-26,20950,CE,0.0,0.0,0.0,3401.75,3607.4,0,225,0,24334.2
2025-04-30,2025-06-26,20750,CE,0.0,0.0,0.0,3589.8,3803.8,0,225,0,24334.2
2025-04-30,2025-06-26,20600,CE,0.0,0.0,0.0,3733.85,3951.45,0,225,0,24334.2
2025-04-30,2025-05-29,25900,CE,32.0,35.9,27.1,29.85,29.85,4508,421425,8100,24334.2
2025-04-30,2025-05-29,23800,CE,827.45,904.0,818.6,874.0,874.0,818,340200,-7575,24334.2
2025-04-30,2025-05-29,23650,CE,0.0,0.0,0.0,963.35,967.05,0,14475,0,24334.2
2025-04-30,2025-05-29,23300,CE,1224.95,1314.8,1224.95,1300.7,1300.7,116,126150,900,24334.2
2025-04-30,2025-05-29,22650,CE,1850.0,1867.55,1850.0,1867.35,1867.35,6,11100,300,24334.2
2025-04-30,2025-05-29,21600,CE,2839.0,2868.95,2839.0,2868.95,2846.35,2,7350,75,24334.2
2025-04-30,2025-05-29,21250,CE,0.0,0.0,0.0,2999.05,3193.5,0,1725,0,24334.2
2025-04-30,2025-05-29,21050,CE,0.0,0.0,0.0,3191.95,3392.25,0,1800,0,24334.2
2025-04-30,2025-05-22,26100,CE,13.75,14.0,8.65,9.65,9.65,255,17850,8550,24334.2
2025-04-30,2025-05-22,25750,CE,0.0,0.0,0.0,60.6,50.75,0,75,0,24334.2
2025-04-30,2025-05-22,25550,CE,0.0,0.0,0.0,62.0,73.95,0,0,0,24334.2
2025-04-30,2025-05-22,24950,CE,147.6,153.3,143.8,148.55,148.55,3,450,0,24334.2
2025-04-30,2025-05-22,23950,CE,0.0,0.0,0.0,723.2,682.5,0,75,0,24334.2
2025-04-30,2025-05-22,23850,CE,0.0,0.0,0.0,550.2,751.6,0,0,0,24334.2
2025-04-30,2025-05-22,23150,CE,0.0,0.0,0.0,1002.65,1319.65,0,0,0,24334.2
2025-04-30,2025-05-22,22800,CE,0.0,0.0,0.0,1280.65,1642.5,0,0,0,24334.2
2025-04-30,2025-05-15,25750,CE,12.6,12.6,8.6,9.8,9.8,268,9750,-3075,24334.2
2025-04-30,2025-05-15,25400,CE,27.0,31.65,20.0,25.55,25.55,4198,115950,58050,24334.2
2025-04-30,2025-05-15,25350,CE,27.75,34.7,23.2,30.35,30.35,2954,128775,128025,24334.2
2025-04-30,2025-05-15,25250,CE,42.7,48.25,32.85,39.55,39.55,289,11850,5775,24334.2
2025-04-30,2025-05-15,23850,CE,678.9,678.9,665.95,665.95,674.0,2,1950,0,24334.2
2025-04-30,2025-05-15,23800,CE,696.45,766.25,687.35,749.15,749.15,514,41700,14250,24334.2
2025-04-30,2025-05-15,23300,CE,1145.0,1168.0,1145.0,1159.0,1130.0,48,5175,3300,24334.2
2025-04-30,2025-05-15,22850,CE,0.0,0.0,0.0,1385.65,1553.5,0,75,0,24334.2
2025-04-30,2025-05-15,22150,CE,0.0,0.0,0.0,1992.9,2243.5,0,75,0,24334.2
2025-04-30,2025-05-15,22000,CE,0.0,0.0,0.0,2176.45,2392.85,0,75,0,24334.2
2025-04-30,2025-05-15,20950,CE,0.0,0.0,0.0,3173.1,3439.75,0,75,0,24334.2
2025-04-30,2025-05-08,25300,CE,10.0,11.25,4.7,6.4,6.4,93616,2217675,1408800,24334.2
2025-04-30,2025-05-08,25250,CE,11.0,13.0,5.1,8.0,8.0,35090,569925,357150,24334.2
2025-04-30,2025-05-08,24600,CE,100.6,134.3,87.15,113.75,113.75,150624,2400675,647775,24334.2
2025-04-30,2025-05-08,24550,CE,121.65,156.0,101.6,133.1,133.1,50136,416475,128400,24334.2
2025-04-30,2025-05-08,23700,CE,681.4,765.0,663.35,731.05,731.05,1554,150600,33975,24334.2
2025-04-30,2025-05-08,23550,CE,800.6,897.95,796.1,815.55,815.55,117,15900,450,24334.2
2025-04-30,2025-05-08,23500,CE,824.65,943.25,824.65,904.85,904.85,7453,534225,284475,24334.2
2025-04-30,2025-05-08,23000,CE,1315.0,1421.6,1308.3,1351.15,1351.15,2163,266775,132525,24334.2
2025-04-30,2025-05-08,22350,CE,0.0,0.0,0.0,1717.9,2015.9,0,525,0,24334.2
2025-04-30,2025-05-08,21050,CE,0.0,0.0,0.0,3142.8,3314.0,0,75,0,24334.2
2025-04-30,2025-04-30,25800,CE,0.6,0.7,0.05,0.05,24334.2,158148,2064675,-1155825,24334.2
2025-04-30,2025-04-30,25750,CE,0.65,1.2,0.05,0.1,24334.2,78316,635475,65400,24334.2
2025-04-30,2025-04-30,25450,CE,0.7,0.9,0.05,0.05,24334.2,96100,756525,108600,24334.2
2025-04-30,2025-04-30,25300,CE,0.6,0.85,0.05,0.1,24334.2,434078,3407700,-967725,24334.2
2025-04-30,2025-04-30,25200,CE,0.65,0.9,0.05,0.05,24334.2,542007,5181975,-1486050,24334.2
2025-04-30,2025-04-30,24900,CE,1.25,1.5,0.05,0.1,24334.2,1157405,5052075,692325,24334.2
2025-04-30,2025-04-30,24400,CE,19.2,32.3,0.05,1.5,24334.2,22660361,17354625,2278575,24334.2
2025-04-30,2025-04-30,23300,CE,982.35,1094.0,961.8,1061.3,24334.2,1165,65925,-35100,24334.2
2025-04-30,2025-04-30,23150,CE,1175.0,1243.8,1136.0,1227.65,24334.2,131,3600,-4575,24334.2
2025-04-30,2025-04-30,23100,CE,1190.2,1285.0,1172.7,1252.35,24334.2,677,51825,-19875,24334.2
2025-04-30,2025-04-30,22900,CE,1400.0,1481.55,1399.25,1463.55,24334.2,132,27000,-7500,24334.2
2025-04-30,2025-04-30,22850,CE,1500.0,1530.0,1486.85,1516.75,24334.2,39,4950,-1575,24334.2
2025-04-30,2025-04-30,21750,CE,0.0,0.0,0.0,2433.4,24334.2,0,825,0,24334.2
2025-04-30,2025-04-30,20950,CE,0.0,0.0,0.0,2924.85,24334.2,0,75,0,24334.2
2025-04-30,2025-04-30,20750,CE,0.0,0.0,0.0,3423.25,24334.2,0,75,0,24334.2
2025-04-30,2025-06-26,23550,PE,298.0,298.0,298.0,298.0,249.65,1,4950,75,24334.2
2025-04-30,2025-06-26,23700,PE,339.0,367.35,311.1,333.8,333.8,821,89100,39825,24334.2
2025-04-30,2025-06-26,23750,PE,335.7,357.65,331.7,357.45,357.45,32,4350,975,24334.2
2025-04-30,2025-06-26,23900,PE,389.5,396.25,366.0,375.6,375.6,266,29625,2025,24334.2
2025-04-30,2025-06-26,24150,PE,449.85,473.95,444.0,455.8,455.8,20,31875,0,24334.2
2025-04-30,2025-06-26,24200,PE,481.1,513.95,444.55,479.8,479.8,368,81675,3675,24334.2
2025-04-30,2025-06-26,24800,PE,730.0,750.0,680.0,726.0,726.0,126,17325,525,24334.2
2025-04-30,2025-06-26,25450,PE,1118.3,1120.65,1118.3,1120.65,1120.65,2,0,-75,24334.2
2025-04-30,2025-06-26,25500,PE,1180.0,1200.0,1099.0,1140.65,1140.65,270,53850,4950,24334.2
2025-04-30,2025-07-31,22300,PE,0.0,0.0,0.0,125.1,104.35,0,0,0,24334.2
2025-04-30,2025-07-31,23250,PE,0.0,0.0,0.0,306.45,269.4,0,0,0,24334.2
2025-04-30,2025-07-31,23600,PE,388.0,409.45,380.0,409.45,409.45,18,1575,1275,24334.2
2025-04-30,2025-07-31,23900,PE,470.8,470.9,467.5,467.75,459.85,8,600,600,24334.2
2025-04-30,2025-07-31,24800,PE,0.0,0.0,0.0,908.8,849.75,0,0,0,24334.2
2025-04-30,2025-07-31,25050,PE,0.0,0.0,0.0,1046.3,984.85,0,0,0,24334.2
2025-04-30,2025-07-31,25150,PE,0.0,0.0,0.0,1104.35,1042.1,0,0,0,24334.2
2025-04-30,2025-09-25,27000,PE,0.0,0.0,0.0,1168.15,2321.8,0,0,0,24334.2
2025-04-30,2025-12-24,16000,PE,36.0,38.95,30.05,35.0,0.25,12,2650,-150,24334.2
2025-04-30,2025-12-24,20000,PE,137.35,158.0,136.3,147.2,147.2,697,623050,2850,24334.2
2025-04-30,2025-12-24,28000,PE,2681.75,2752.0,2681.25,2698.2,2698.2,144,335450,3900,24334.2
2025-04-30,2025-12-24,29000,PE,0.0,0.0,0.0,3552.75,3738.4,0,13450,0,24334.2
2025-04-30,2026-03-26,19000,PE,0.0,0.0,0.0,42.6,35.65,0,0,0,24334.2
2025-04-30,2026-03-26,25000,PE,0.0,0.0,0.0,1307.55,1163.05,0,0,0,24334.2
2025-04-30,2026-06-25,15000,PE,0.0,0.0,0.0,20.2,0.95,0,1000,0,24334.2
2025-04-30,2026-06-25,20000,PE,0.0,0.0,0.0,3159.75,111.5,0,0,0,24334.2
2025-04-30,2026-12-31,24000,PE,890.0,899.7,870.0,880.0,872.6,26,18225,1575,24334.2
2025-04-30,2026-12-31,28000,PE,2589.95,2589.95,2379.95,2439.9,2510.05,3,900,150,24334.2
2025-04-30,2027-12-30,21000,PE,0.0,0.0,0.0,440.05,330.8,0,125,0,24334.2
2025-04-30,2028-06-29,17000,PE,0.0,0.0,0.0,283.1,60.8,0,0,0,24334.2
2025-04-30,2028-06-29,18000,PE,0.0,0.0,0.0,396.75,100.95,0,0,0,24334.2
2025-04-30,2028-06-29,20000,PE,0.0,0.0,0.0,400.0,238.4,0,0,0,24334.2
2025-04-30,2028-06-29,23000,PE,0.0,0.0,0.0,1399.25,645.8,0,0,0,24334.2
2025-04-30,2028-06-29,28000,PE,0.0,0.0,0.0,3161.35,2036.55,0,0,0,24334.2
2025-04-30,2029-06-28,17000,PE,0.0,0.0,0.0,79.3,76.2,0,0,0,24334.2
2025-04-30,2029-06-28,25000,PE,0.0,0.0,0.0,852.5,992.45,0,0,0,24334.2
2025-04-30,2029-12-27,17000,PE,0.0,0.0,0.0,62.8,81.2,0,0,0,24334.2
2025-04-30,2025-06-26,21650,PE,0.0,0.0,0.0,368.75,16.75,0,7275,0,24334.2
2025-04-30,2025-06-26,21000,PE,62.85,72.0,60.0,68.5,68.5,3875,1824625,-9450,24334.2
2025-04-30,2025-06-26,15000,PE,6.0,8.0,5.15,7.1,7.1,98,22750,75,24334.2
2025-04-30,2025-05-29,26050,PE,0.0,0.0,0.0,1936.7,1634.75,0,600,0,24334.2
2025-04-30,2025-05-29,25800,PE,1383.2,1450.2,1380.0,1450.2,1450.2,43,23850,-75,24334.2
2025-04-30,2025-05-29,25450,PE,0.0,0.0,0.0,1081.25,1120.1,0,675,0,24334.2
2025-04-30,2025-05-29,25400,PE,1072.9,1093.05,996.5,1031.2,1031.2,117,39750,1350,24334.2
2025-04-30,2025-06-26,17000,CE,7485.8,7485.8,7392.95,7400.05,7400.05,10,198100,-150,24334.2
2025-04-30,2025-05-29,26100,CE,23.0,25.65,19.0,21.2,21.2,7324,404250,30000,24334.2
2025-04-30,2025-05-29,26050,CE,25.1,28.85,22.05,23.8,23.8,284,33375,1425,24334.2
2025-04-30,2025-05-29,25550,CE,58.7,67.65,53.5,59.75,59.75,198,32550,-1350,24334.2
2025-04-30,2025-05-29,23000,CE,1485.35,1586.0,1480.0,1549.35,1549.35,1495,1265100,39900,24334.2
2025-04-30,2025-05-29,22750,CE,0.0,0.0,0.0,1569.4,1732.25,0,8700,0,24334.2
2025-04-30,2025-05-29,22700,CE,1780.0,1853.0,1780.0,1853.0,1853.0,35,268725,0,24334.2
2025-04-30,2025-05-29,22550,CE,0.0,0.0,0.0,1943.25,1919.95,0,6225,0,24334.2
2025-04-30,2025-05-29,20400,CE,0.0,0.0,0.0,3800.0,4038.65,0,1200,0,24334.2
2025-04-30,2025-05-22,26050,CE,15.2,15.2,10.25,10.6,10.6,87,5550,825,24334.2
2025-04-30,2025-05-22,25900,CE,19.0,23.45,16.25,18.05,18.05,126,13875,1575,24334.2
2025-04-30,2025-05-22,25450,CE,76.55,76.55,47.4,54.7,88.5,11,1350,375,24334.2
2025-04-30,2025-05-22,24700,CE,249.6,253.1,209.65,240.1,240.1,84,3375,-2250,24334.2
2025-04-30,2025-05-22,24650,CE,250.0,250.0,250.0,250.0,250.0,1,75,0,24334.2
2025-04-30,2025-05-22,24200,CE,490.0,524.2,488.4,524.2,525.75,12,3750,375,24334.2
2025-04-30,2025-05-22,24150,CE,0.0,0.0,0.0,404.55,555.2,0,0,0,24334.2
2025-04-30,2025-05-22,24050,CE,591.4,611.95,591.4,606.0,617.0,3,375,75,24334.2
2025-04-30,2025-05-22,23350,CE,0.0,0.0,0.0,857.95,1144.65,0,0,0,24334.2
2025-04-30,2025-05-22,23200,CE,0.0,0.0,0.0,966.35,1275.15,0,0,0,24334.2
2025-04-30,2025-05-22,23050,CE,0.0,0.0,0.0,1079.0,1410.05,0,0,0,24334.2
2025-04-30,2025-05-22,22950,CE,0.0,0.0,0.0,1157.9,1502.0,0,0,0,24334.2
2025-04-30,2025-05-22,22750,CE,0.0,0.0,0.0,1322.65,1689.95,0,0,0,24334.2
2025-04-30,2025-05-22,22600,CE,0.0,0.0,0.0,1451.6,1833.6,0,0,0,24334.2
2025-04-30,2025-05-22,22200,CE,0.0,0.0,0.0,1813.3,2224.0,0,0,0,24334.2
2025-04-30,2025-05-15,26050,CE,7.25,7.8,3.3,3.9,3.9,768,20775,13200,24334.2
2025-04-30,2025-05-15,25850,CE,8.15,8.95,5.9,7.55,7.55,134,10425,4425,24334.2
2025-04-30,2025-05-15,25000,CE,75.5,92.8,63.05,76.4,76.4,12801,487275,153600,24334.2
2025-04-30,2025-05-15,24200,CE,392.75,466.4,381.0,437.15,437.15,1560,59100,10125,24334.2
2025-04-30,2025-05-15,23700,CE,780.0,841.1,780.0,824.1,824.1,122,11100,8100,24334.2
2025-04-30,2025-05-15,21450,CE,0.0,0.0,0.0,2646.3,2941.1,0,225,0,24334.2
2025-04-30,2025-05-15,21400,CE,0.0,0.0,0.0,2736.2,2990.95,0,150,0,24334.2
2025-04-30,2025-05-15,21350,CE,0.0,0.0,0.0,2780.05,3040.85,0,150,0,24334.2
2025-04-30,2025-05-15,20800,CE,0.0,0.0,0.0,1762.95,3589.35,0,0,0,24334.2
2025-04-30,2025-05-08,25000,CE,30.05,34.85,17.35,23.3,23.3,240031,4758075,1460475,24334.2
2025-04-30,2025-05-08,24350,CE,226.5,262.1,183.65,235.4,235.4,140391,951675,604725,24334.2
2025-04-30,2025-05-08,23350,CE,1035.0,1073.25,977.6,982.1,982.1,69,6900,3075,24334.2
2025-04-30,2025-05-08,23200,CE,1130.65,1222.0,1125.3,1190.55,1190.55,245,56175,15000,24334.2
2025-04-30,2025-05-08,22450,CE,1906.0,1910.35,1905.0,1910.35,1910.35,11,825,450,24334.2
2025-04-30,2025-05-08,21850,CE,0.0,0.0,0.0,2204.65,2515.15,0,600,0,24334.2
2025-04-30,2025-05-08,21650,CE,0.0,0.0,0.0,2396.35,2714.85,0,525,0,24334.2
2025-04-30,2025-05-08,21450,CE,0.0,0.0,0.0,1962.0,2914.55,0,0,0,24334.2
2025-04-30,2025-05-08,21100,CE,0.0,0.0,0.0,2299.85,3264.05,0,0,0,24334.2
2025-04-30,2025-05-08,20500,CE,0.0,0.0,0.0,2890.15,3863.25,0,0,0,24334.2
2025-04-30,2025-05-08,20450,CE,0.0,0.0,0.0,2939.65,3913.15,0,0,0,24334.2
2025-04-30,2025-04-30,24800,CE,1.8,1.95,0.05,0.1,24334.2,1842833,4709325,-1343550,24334.2
2025-04-30,2025-04-30,23550,CE,726.75,828.3,714.1,811.4,24334.2,268,30900,-14925,24334.2
2025-04-30,2025-04-30,22950,CE,1392.1,1400.65,1392.1,1400.65,24334.2,4,9975,-225,24334.2
2025-04-30,2025-04-30,22650,CE,1666.0,1700.2,1666.0,1700.2,24334.2,2,750,-75,24334.2
2025-04-30,2025-04-30,22200,CE,2180.0,2180.0,2115.0,2174.0,24334.2,30,8400,-1500,24334.2
2025-04-30,2025-04-30,22050,CE,2304.0,2341.65,2304.0,2341.65,24334.2,60,450,-4200,24334.2
2025-04-30,2025-04-30,21650,CE,0.0,0.0,0.0,2532.75,24334.2,0,525,0,24334.2
2025-04-30,2025-04-30,21450,CE,0.0,0.0,0.0,2718.2,24334.2,0,675,0,24334.2
2025-04-30,2025-04-30,21300,CE,0.0,0.0,0.0,2873.05,24334.2,0,300,0,24334.2
2025-04-30,2025-04-30,21100,CE,0.0,0.0,0.0,3324.1,24334.2,0,75,0,24334.2
2025-04-30,2025-04-30,20500,CE,0.0,0.0,0.0,3850.0,24334.2,0,825,0,24334.2
2025-04-30,2025-06-26,24600,CE,516.05,580.9,516.05,572.2,572.2,308,47700,3450,24334.2
2025-04-30,2025-06-26,25100,CE,304.05,341.0,304.0,333.4,333.4,325,81450,4800,24334.2
2025-04-30,2025-06-26,25250,CE,276.1,279.9,268.15,277.95,277.95,10,5100,375,24334.2
2025-04-30,2025-06-26,25500,CE,195.45,209.5,179.75,202.4,202.4,3507,750825,36375,24334.2
2025-04-30,2025-04-30,25500,CE,0.6,0.9,0.05,0.05,24334.2,870845,6469950,-674250,24334.2
2025-04-30,2025-04-30,24500,CE,10.9,10.9,0.05,0.2,24334.2,6806700,11814375,-4642350,24334.2
2025-04-30,2025-04-30,23800,CE,480.05,593.35,462.9,561.8,24334.2,6252,135825,-159975,24334.2
2025-04-30,2025-04-30,23650,CE,629.3,734.45,614.35,716.4,24334.2,339,25125,-16350,24334.2
2025-04-30,2025-04-30,23050,CE,1297.0,1329.1,1265.95,1329.1,24334.2,8,6525,-600,24334.2
2025-04-30,2025-04-30,22800,CE,1473.2,1579.75,1473.2,1557.2,24334.2,276,16200,-14700,24334.2
2025-04-30,2025-04-30,22700,CE,1648.15,1688.85,1589.55,1671.0,24334.2,178,16425,-6225,24334.2
2025-04-30,2025-04-30,22300,CE,2000.0,2081.5,2000.0,2056.6,24334.2,31,3900,-600,24334.2
2025-04-30,2025-04-30,21500,CE,2825.0,2875.0,2805.0,2868.45,24334.2,161,7875,-10500,24334.2
2025-04-30,2025-04-30,21250,CE,0.0,0.0,0.0,2926.8,24334.2,0,150,0,24334.2
2025-04-30,2025-04-30,21150,CE,0.0,0.0,0.0,3026.1,24334.2,0,150,0,24334.2
2025-04-30,2025-04-30,20600,CE,0.0,0.0,0.0,3281.55,24334.2,0,75,0,24334.2
2025-04-30,2025-05-22,23500,CE,1016.8,1060.0,1016.8,1028.1,1028.1,12,675,300,24334.2
2025-04-30,2025-05-22,24350,CE,439.25,441.8,389.0,410.9,410.9,62,1500,825,24334.2
2025-04-30,2025-05-22,25000,CE,119.95,148.1,117.95,137.2,137.2,1033,46350,3825,24334.2
2025-04-30,2025-05-29,20500,CE,3936.55,3951.0,3885.55,3908.75,3908.75,46,133350,3150,24334.2
2025-04-30,2025-05-29,21350,CE,0.0,0.0,0.0,2900.5,3094.2,0,1350,0,24334.2
2025-04-30,2025-05-29,21700,CE,2802.75,2802.75,2741.05,2741.05,2747.45,5,3825,75,24334.2
2025-04-30,2025-05-29,22900,CE,1621.75,1649.0,1582.65,1583.0,1583.0,28,177675,-300,24334.2
2025-04-30,2025-05-29,22950,CE,1553.7,1595.8,1553.7,1595.8,1549.35,4,6300,-225,24334.2
2025-04-30,2025-05-29,23150,CE,1422.75,1422.75,1422.75,1422.75,1372.6,1,3150,-75,24334.2
2025-04-30,2025-05-22,23250,PE,0.0,0.0,0.0,189.35,56.55,0,0,0,24334.2
2025-04-30,2025-05-22,23400,PE,137.45,149.45,122.35,136.5,136.5,29,1500,750,24334.2
2025-04-30,2025-05-22,24400,PE,390.0,422.9,358.2,381.2,381.2,173,11175,2625,24334.2
2025-04-30,2025-05-22,24800,PE,0.0,0.0,0.0,841.1,617.35,0,150,0,24334.2
2025-04-30,2025-05-22,24950,PE,0.0,0.0,0.0,1102.35,718.35,0,0,0,24334.2
2025-04-30,2025-05-22,25900,PE,0.0,0.0,0.0,1929.3,1502.8,0,0,0,24334.2
2025-04-30,2025-05-29,20450,PE,18.35,22.75,18.1,22.0,22.0,185,11625,2925,24334.2
2025-04-30,2025-05-29,20700,PE,22.4,26.15,21.15,24.4,24.4,416,14250,-3975,24334.2
2025-04-30,2025-05-29,21100,PE,26.2,32.4,26.05,29.95,29.95,284,39225,-11475,24334.2
2025-04-30,2025-05-29,21450,PE,30.85,40.15,30.85,36.95,36.95,76,7350,-2475,24334.2
2025-04-30,2025-05-29,21750,PE,22.85,22.85,22.85,22.85,2.5,1,1125,75,24334.2
2025-04-30,2025-05-29,22500,PE,76.7,90.2,66.0,82.9,82.9,15898,2771850,25200,24334.2
2025-04-30,2025-05-29,23200,PE,140.0,157.0,120.9,146.05,146.05,3793,560775,32175,24334.2
2025-04-30,2025-05-29,23850,PE,257.0,279.3,229.05,257.6,257.6,537,58800,-825,24334.2
2025-04-30,2025-05-29,24250,PE,382.55,405.0,341.7,376.65,376.65,1875,104100,-27600,24334.2
2025-04-30,2025-05-29,24300,PE,370.65,425.0,359.5,391.2,391.2,22222,1144425,132375,24334.2
2025-04-30,2025-05-29,24800,PE,648.95,667.1,584.85,622.3,622.3,1444,98175,15375,24334.2
2025-04-30,2025-05-29,25300,PE,986.9,1001.5,924.5,930.65,930.65,35,21900,1350,24334.2
2025-04-30,2025-06-26,21900,PE,99.05,108.5,98.0,105.1,105.1,57,98625,1875,24334.2
2025-04-30,2025-06-26,22050,PE,0.0,0.0,0.0,201.0,33.4,0,150,0,24334.2
2025-04-30,2025-06-26,22600,PE,151.0,168.5,151.0,161.4,161.4,96,84225,-75,24334.2
2025-04-30,2025-06-26,23950,PE,378.0,396.75,378.0,396.75,372.65,3,2625,150,24334.2
2025-04-30,2025-06-26,24750,PE,686.8,686.8,676.4,676.4,732.6,2,5250,0,24334.2
2025-04-30,2025-06-26,24850,PE,750.35,750.35,718.9,718.9,788.35,2,2700,0,24334.2
2025-04-30,2025-06-26,25700,PE,0.0,0.0,0.0,1498.05,1352.55,0,75,0,24334.2
2025-04-30,2025-06-26,25950,PE,0.0,0.0,0.0,1707.9,1544.15,0,75,0,24334.2
2025-04-30,2025-07-31,23100,PE,284.0,299.0,284.0,299.0,299.0,5,675,0,24334.2
2025-04-30,2025-07-31,23150,PE,291.0,301.0,291.0,301.0,246.2,2,300,150,24334.2
2025-04-30,2025-07-31,23350,PE,0.0,0.0,0.0,332.75,295.0,0,0,0,24334.2
2025-04-30,2025-07-31,23750,PE,445.35,445.35,445.35,445.35,445.35,2,150,0,24334.2
2025-04-30,2025-07-31,24500,PE,665.0,699.6,628.7,668.65,668.65,222,26625,3975,24334.2
2025-04-30,2025-07-31,24650,PE,0.0,0.0,0.0,831.65,774.3,0,0,0,24334.2
2025-04-30,2025-07-31,25350,PE,0.0,0.0,0.0,1225.55,1161.95,0,0,0,24334.2
2025-04-30,2025-09-25,19000,PE,60.15,71.25,59.15,67.8,67.8,103,99375,1425,24334.2
2025-04-30,2025-09-25,26000,PE,1451.7,1470.0,1393.95,1417.95,1417.95,405,92175,23775,24334.2
2025-04-30,2025-09-25,28000,PE,0.0,0.0,0.0,4400.0,3122.75,0,75,0,24334.2
2025-04-30,2025-12-24,23000,PE,435.3,461.15,421.0,444.1,444.1,2197,1448650,-18225,24334.2
2025-04-30,2026-03-26,23000,PE,0.0,0.0,0.0,577.8,503.05,0,0,0,24334.2
2025-04-30,2026-03-26,29000,PE,0.0,0.0,0.0,3815.05,3534.75,0,0,0,24334.2
2025-04-30,2026-06-25,19000,PE,0.0,0.0,0.0,205.7,55.3,0,250,0,24334.2
2025-04-30,2026-06-25,22000,PE,0.0,0.0,0.0,391.05,348.6,0,1800,0,24334.2
2025-04-30,2026-06-25,25000,PE,0.0,0.0,0.0,1800.0,1183.6,0,75,0,24334.2
2025-04-30,2026-12-31,21000,PE,384.1,398.15,384.1,392.3,392.3,9,6950,0,24334.2
2025-04-30,2027-06-24,19000,PE,0.0,0.0,0.0,201.05,120.65,0,525,0,24334.2
2025-04-30,2027-12-30,20000,PE,0.0,0.0,0.0,460.0,222.75,0,3950,0,24334.2
2025-04-30,2027-12-30,25000,PE,0.0,0.0,0.0,1546.4,1130.9,0,75,0,24334.2
2025-04-30,2028-12-28,17000,PE,0.0,0.0,0.0,66.15,69.45,0,0,0,24334.2
2025-04-30,2029-12-27,22000,PE,0.0,0.0,0.0,373.65,458.95,0,0,0,24334.2
2025-04-30,2025-06-26,22750,CE,0.0,0.0,0.0,1737.2,1916.85,0,375,0,24334.2
2025-04-30,2025-06-26,21900,CE,0.0,0.0,0.0,2437.35,2689.15,0,1050,0,24334.2
2025-04-30,2025-06-26,21450,CE,0.0,0.0,0.0,2919.95,3120.0,0,750,0,24334.2
2025-04-30,2025-05-29,20700,CE,0.0,0.0,0.0,3526.8,3740.25,0,1200,0,24334.2
2025-04-30,2025-05-22,24450,CE,260.45,385.25,260.45,376.85,376.85,30,375,-150,24334.2
2025-04-30,2025-05-15,21600,PE,14.0,18.45,13.3,15.35,15.35,126,8175,3000,24334.2
2025-04-30,2025-05-15,20850,PE,9.9,9.9,7.95,9.8,9.8,27,2325,-225,24334.2
2025-04-30,2025-05-08,26000,PE,1620.0,1701.0,1615.0,1650.3,1650.3,26,4650,1125,24334.2
2025-04-30,2025-05-08,25900,PE,1539.0,1541.6,1539.0,1541.6,1530.7,19,1875,1425,24334.2
2025-04-30,2025-05-08,25600,PE,1328.25,1328.25,1223.85,1268.8,1268.8,4,675,150,24334.2
2025-04-30,2025-05-08,25150,PE,809.0,859.5,809.0,832.85,832.85,26,3000,1725,24334.2
2025-04-30,2025-05-08,24350,PE,221.7,274.05,204.15,233.9,233.9,138258,1114200,658800,24334.2
2025-04-30,2025-05-08,24200,PE,180.0,211.7,151.9,182.05,182.05,140825,2024925,600375,24334.2
2025-04-30,2025-05-08,22600,PE,12.65,20.0,11.8,16.3,16.3,44904,1289025,885075,24334.2
2025-04-30,2025-05-08,22150,PE,10.5,10.8,6.05,7.75,7.75,5343,114300,68175,24334.2
2025-04-30,2025-05-08,21750,PE,5.95,7.45,3.7,4.85,4.85,2524,76350,57675,24334.2
2025-04-30,2025-05-08,20400,PE,3.3,3.3,1.6,2.0,2.0,78153,2229525,1725000,24334.2
2025-04-30,2025-04-30,25750,PE,0.0,0.0,0.0,1397.45,24334.2,0,600,0,24334.2
2025-04-30,2025-04-30,24500,PE,180.0,247.2,107.25,134.3,24334.2,985795,818400,-492675,24334.2
2025-04-30,2025-04-30,24250,PE,25.0,43.55,0.1,0.3,24334.2,7585992,5812875,1274775,24334.2
2025-04-30,2025-04-30,24200,PE,20.0,29.4,0.05,0.25,24334.2,5623362,6893100,-2265225,24334.2
2025-04-30,2025-04-30,23900,PE,4.7,6.2,0.05,0.15,24334.2,1651357,5764200,1409325,24334.2
2025-04-30,2025-04-30,23250,PE,1.55,2.1,0.05,0.1,24334.2,297662,1270725,477825,24334.2
2025-04-30,2025-04-30,23000,PE,1.5,1.5,0.05,0.1,24334.2,985965,9284625,1314450,24334.2
2025-04-30,2025-04-30,21600,PE,0.9,0.9,0.05,0.1,24334.2,57675,255450,-601200,24334.2
2025-04-30,2025-04-30,21450,PE,0.7,0.85,0.05,0.1,24334.2,13397,383550,306300,24334.2
2025-04-30,2025-04-30,21150,PE,0.7,0.8,0.05,0.1,24334.2,37283,289350,208200,24334.2
2025-04-30,2025-04-30,21000,PE,0.5,0.5,0.05,0.05,24334.2,232521,1778550,-2338650,24334.2
2025-04-30,2029-06-28,25000,CE,0.0,0.0,0.0,7557.7,6437.0,0,0,0,24334.2
2025-04-30,2029-06-28,21000,CE,0.0,0.0,0.0,9799.75,8816.2,0,0,0,24334.2
2025-04-30,2029-06-28,19000,CE,0.0,0.0,0.0,11036.95,10154.2,0,0,0,24334.2
2025-04-30,2027-12-30,19000,CE,0.0,0.0,0.0,5794.9,8600.8,0,0,0,24334.2
2025-04-30,2027-06-24,28000,CE,0.0,0.0,0.0,2186.3,2451.4,0,0,0,24334.2
2025-04-30,2027-06-24,21000,CE,0.0,0.0,0.0,3061.8,6470.15,0,0,0,24334.2
2025-04-30,2026-12-31,17000,CE,0.0,0.0,0.0,4955.1,9166.1,0,0,0,24334.2
2025-04-30,2026-06-25,24000,CE,0.0,0.0,0.0,2240.0,2956.3,0,1200,0,24334.2
2025-04-30,2025-12-24,27000,CE,360.0,393.5,360.0,382.7,382.7,1500,683075,10100,24334.2
2025-04-30,2025-07-31,25500,CE,341.9,362.5,333.0,350.55,350.55,112,6225,2475,24334.2
2025-04-30,2025-07-31,24400,CE,850.0,850.0,850.0,850.0,850.0,1,450,75,24334.2
2025-04-30,2025-07-31,24300,CE,929.0,952.35,926.7,935.0,935.0,6,1125,0,24334.2
2025-04-30,2025-07-31,23800,CE,0.0,0.0,0.0,1346.0,1360.25,0,0,0,24334.2
2025-04-30,2025-07-31,22950,CE,0.0,0.0,0.0,1944.85,1974.5,0,0,0,24334.2
2025-04-30,2025-07-31,22600,CE,0.0,0.0,0.0,2222.65,2258.45,0,0,0,24334.2
2025-04-30,2025-07-31,22350,CE,0.0,0.0,0.0,2430.45,2470.45,0,0,0,24334.2
2025-04-30,2025-06-26,30000,CE,10.3,10.5,9.75,10.2,10.2,3020,2056575,104475,24334.2
2025-04-30,2025-05-08,23800,CE,584.55,676.6,568.65,633.4,633.4,3012,270525,46650,24334.2
2025-04-30,2025-05-08,23750,CE,628.6,712.0,622.45,641.2,641.2,131,16950,5250,24334.2
2025-04-30,2025-05-08,21900,CE,2455.0,2468.15,2452.0,2468.15,2468.15,4,675,75,24334.2
2025-04-30,2025-05-08,21600,CE,2750.0,2794.3,2741.0,2790.55,2790.55,15,26250,975,24334.2
2025-04-30,2025-05-08,20800,CE,0.0,0.0,0.0,2593.95,3563.65,0,0,0,24334.2
2025-04-30,2025-05-08,20700,CE,0.0,0.0,0.0,2692.5,3663.5,0,0,0,24334.2
2025-04-30,2025-05-08,20650,CE,0.0,0.0,0.0,2741.85,3713.45,0,0,0,24334.2
2025-04-30,2025-04-30,25000,CE,1.0,1.25,0.05,0.1,24334.2,1660681,9619650,-2324925,24334.2
2025-04-30,2025-04-30,24950,CE,0.85,1.4,0.05,0.1,24334.2,485340,2014050,12825,24334.2
2025-04-30,2025-04-30,24850,CE,1.4,1.8,0.05,0.1,24334.2,1594822,3934500,1596375,24334.2
2025-04-30,2025-04-30,23450,CE,855.25,927.8,834.0,912.85,24334.2,134,18525,-3450,24334.2
2025-04-30,2025-04-30,22750,CE,1600.0,1600.0,1586.25,1590.65,24334.2,8,6150,-375,24334.2
2025-04-30,2025-04-30,22500,CE,1800.0,1885.95,1770.0,1861.9,24334.2,837,76425,-45825,24334.2
2025-04-30,2025-04-30,21400,CE,2910.0,2966.0,2910.0,2966.0,24334.2,2,675,0,24334.2
2025-04-30,2025-04-30,21350,CE,0.0,0.0,0.0,2823.45,24334.2,0,300,0,24334.2
2025-04-30,2025-04-30,21050,CE,0.0,0.0,0.0,2825.4,24334.2,0,75,0,24334.2
2025-04-30,2025-04-30,20850,CE,0.0,0.0,0.0,2515.6,24334.2,0,0,0,24334.2
2025-04-30,2025-04-30,24200,CE,123.95,194.0,83.65,164.5,24334.2,1482808,2161725,-616500,24334.2
2025-04-30,2025-04-30,23700,PE,4.2,4.2,0.05,0.15,24334.2,1167459,5402400,2043225,24334.2
2025-04-30,2025-04-30,23500,PE,2.45,2.45,0.05,0.1,24334.2,1521085,8250825,2393925,24334.2
2025-04-30,2025-04-30,22350,PE,1.1,1.15,0.05,0.1,24334.2,74134,181575,-174225,24334.2
2025-04-30,2025-04-30,22300,PE,0.95,0.95,0.05,0.05,24334.2,79792,592200,-729750,24334.2
2025-04-30,2025-04-30,22100,PE,0.85,0.85,0.05,0.1,24334.2,73028,224100,-396150,24334.2
2025-04-30,2025-04-30,22050,PE,0.55,0.7,0.05,0.1,24334.2,26712,91275,-11325,24334.2
2025-04-30,2025-04-30,20900,PE,0.7,0.7,0.05,0.1,24334.2,29646,753375,-173250,24334.2
2025-04-30,2029-12-27,20000,CE,0.0,0.0,0.0,10081.1,9974.25,0,0,0,24334.2
2025-04-30,2028-12-28,24000,CE,0.0,0.0,0.0,5850.3,6402.75,0,0,0,24334.2
2025-04-30,2028-12-28,22000,CE,0.0,0.0,0.0,6932.45,7620.95,0,0,0,24334.2
2025-04-30,2028-06-29,29000,CE,0.0,0.0,0.0,2333.25,3331.05,0,0,0,24334.2
2025-04-30,2028-06-29,27000,CE,0.0,0.0,0.0,2885.15,4198.3,0,0,0,24334.2
2025-04-30,2028-06-29,25000,CE,0.0,0.0,0.0,3545.15,5221.1,0,0,0,24334.2
2025-04-30,2028-06-29,18000,CE,0.0,0.0,0.0,6809.35,9890.5,0,0,0,24334.2
2025-04-30,2027-12-30,23000,CE,0.0,0.0,0.0,4125.7,5765.55,0,0,0,24334.2
2025-04-30,2027-06-24,25000,CE,0.0,0.0,0.0,2090.05,3870.0,0,0,0,24334.2
2025-04-30,2027-06-24,22000,CE,0.0,0.0,0.0,2783.5,5751.5,0,0,0,24334.2
2025-04-30,2027-06-24,20000,CE,0.0,0.0,0.0,3367.05,7226.75,0,0,0,24334.2
2025-04-30,2027-06-24,19000,CE,0.0,0.0,0.0,7800.0,8015.15,0,75,0,24334.2
2025-04-30,2026-12-31,27000,CE,0.0,0.0,0.0,1560.1,2215.05,0,21075,0,24334.2
2025-04-30,2026-12-31,24000,CE,3230.0,3230.0,3230.0,3230.0,3759.9,2,3000,-150,24334.2
2025-04-30,2026-12-31,18000,CE,0.0,0.0,0.0,4501.45,8297.85,0,0,0,24334.2
2025-04-30,2026-06-25,28000,CE,0.0,0.0,0.0,1533.95,1138.2,0,0,0,24334.2
2025-04-30,2026-03-26,25000,CE,0.0,0.0,0.0,1652.55,1973.05,0,0,0,24334.2
2025-04-30,2026-03-26,23000,CE,0.0,0.0,0.0,2782.55,3195.0,0,0,0,24334.2
2025-04-30,2026-03-26,20000,CE,0.0,0.0,0.0,5090.05,5595.55,0,0,0,24334.2
2025-04-30,2025-12-24,23000,CE,2568.3,2634.6,2549.05,2605.85,2605.85,192,462925,-6000,24334.2
2025-04-30,2025-09-25,28000,CE,62.95,69.7,61.45,68.3,68.3,856,188625,-1800,24334.2
2025-04-30,2025-09-25,27000,CE,151.4,176.85,151.1,171.9,171.9,1593,116550,-3225,24334.2
2025-04-30,2025-09-25,22000,CE,2988.0,3051.0,2988.0,3030.6,3030.6,23,47400,75,24334.2
2025-04-30,2025-09-25,20000,CE,0.0,0.0,0.0,3501.35,4889.0,0,300,0,24334.2
2025-04-30,2025-09-25,19000,CE,0.0,0.0,0.0,8559.0,5849.65,0,0,0,24334.2
2025-04-30,2025-07-31,25000,CE,536.05,582.2,530.0,562.05,562.05,440,94350,6000,24334.2
2025-04-30,2025-07-31,24650,CE,0.0,0.0,0.0,871.7,873.15,0,0,0,24334.2
2025-04-30,2025-07-31,24500,CE,790.0,861.5,785.25,827.75,827.75,134,23850,375,24334.2
2025-04-30,2025-07-31,24450,CE,0.0,0.0,0.0,971.65,975.65,0,0,0,24334.2
2025-04-30,2025-07-31,24050,CE,0.0,0.0,0.0,1110.0,1203.1,0,75,0,24334.2
2025-04-30,2025-07-31,23400,CE,0.0,0.0,0.0,1613.15,1635.7,0,0,0,24334.2
2025-04-30,2025-07-31,23250,CE,0.0,0.0,0.0,1721.35,1744.65,0,0,0,24334.2
2025-04-30,2025-07-31,22400,CE,0.0,0.0,0.0,2388.3,2427.5,0,0,0,24334.2
2025-04-30,2025-06-26,23500,CE,1303.0,1350.0,1266.05,1328.6,1328.6,445,586875,-3225,24334.2
2025-04-30,2025-06-26,23400,CE,1384.0,1384.0,1384.0,1384.0,1384.0,1,3975,-75,24334.2
2025-04-30,2025-06-26,22450,CE,0.0,0.0,0.0,1988.9,2181.05,0,825,0,24334.2
2025-04-30,2025-06-26,22150,CE,0.0,0.0,0.0,2257.7,2455.05,0,600,0,24334.2
2025-04-30,2025-06-26,21250,CE,0.0,0.0,0.0,3118.9,3314.15,0,225,0,24334.2
2025-04-30,2025-06-26,21200,CE,0.0,0.0,0.0,3165.9,3362.9,0,225,0,24334.2
2025-04-30,2025-05-29,25650,CE,47.55,54.0,44.25,47.55,47.55,187,29325,825,24334.2
2025-04-30,2025-05-29,25450,CE,70.95,80.8,65.5,73.4,73.4,346,38550,1875,24334.2
2025-04-30,2025-05-29,25100,CE,130.75,162.55,130.75,149.05,149.05,4567,283500,10875,24334.2
2025-04-30,2025-05-29,25050,CE,155.0,177.7,147.9,162.6,162.6,684,33600,-3975,24334.2
2025-04-30,2025-05-29,24700,CE,260.15,320.0,260.15,299.5,299.5,6443,394800,11850,24334.2
2025-04-30,2025-05-29,24300,CE,473.4,547.75,464.35,520.65,520.65,14232,1082925,194325,24334.2
2025-04-30,2025-05-29,23850,CE,794.05,861.25,785.0,818.9,818.9,50,19125,-300,24334.2
2025-04-30,2025-05-29,23050,CE,0.0,0.0,0.0,1250.3,1460.1,0,4875,0,24334.2
2025-04-30,2025-05-29,22400,CE,2095.0,2102.6,2026.25,2028.15,2028.15,7,45075,150,24334.2
2025-04-30,2025-05-29,21900,CE,0.0,0.0,0.0,2271.1,2550.2,0,4500,0,24334.2
2025-04-30,2025-05-29,21800,CE,2650.0,2650.0,2650.0,2650.0,2648.7,2,6600,150,24334.2
2025-04-30,2025-05-29,20650,CE,0.0,0.0,0.0,3512.45,3790.0,0,1425,0,24334.2
2025-04-30,2025-05-22,24600,CE,288.0,305.8,254.35,275.35,275.35,44,4050,1050,24334.2
2025-04-30,2025-05-22,23800,CE,0.0,0.0,0.0,814.75,787.45,0,75,0,24334.2
2025-04-30,2025-05-22,23250,CE,0.0,0.0,0.0,928.8,1231.1,0,0,0,24334.2
2025-04-30,2025-05-22,22400,CE,0.0,0.0,0.0,1629.6,2027.8,0,0,0,24334.2
2025-04-30,2025-05-22,22300,CE,0.0,0.0,0.0,1720.85,2125.7,0,0,0,24334.2
2025-04-30,2025-05-15,25950,CE,7.4,7.4,5.1,6.05,6.05,121,7650,-750,24334.2
2025-04-30,2025-05-15,24650,CE,172.65,221.65,156.6,182.85,182.85,547,16800,4950,24334.2
2025-04-30,2025-05-15,24600,CE,190.05,238.0,177.15,211.2,211.2,15786,678225,515325,24334.2
2025-04-30,2025-05-15,24250,CE,398.0,433.0,352.4,382.8,382.8,588,27075,10500,24334.2
2025-04-30,2025-05-15,23950,CE,602.0,646.1,600.7,646.1,646.1,3,3225,75,24334.2
2025-04-30,2025-05-15,23900,CE,600.0,682.65,600.0,662.4,662.4,280,15975,10650,24334.2
2025-04-30,2025-05-15,23000,CE,1410.0,1463.65,1400.0,1428.65,1428.65,17,20925,675,24334.2
2025-04-30,2025-05-15,22800,CE,1591.9,1630.0,1591.9,1628.0,1602.0,13,1950,225,24334.2
2025-04-30,2025-05-15,22500,CE,1921.4,1940.0,1785.05,1930.0,1896.35,36,3075,2550,24334.2
2025-04-30,2025-05-29,24500,CE,389.95,424.4,348.95,403.75,403.75,39575,3988275,10125,24334.2
2025-04-30,2025-05-29,24750,CE,251.95,294.45,250.25,281.4,281.4,1025,69525,3000,24334.2
2025-04-30,2025-05-29,24800,CE,235.95,273.05,215.5,254.65,254.65,8209,638475,29175,24334.2
2025-04-30,2025-05-29,25350,CE,83.05,99.25,80.85,90.6,90.6,557,43275,4350,24334.2
2025-04-30,2025-05-29,25800,CE,33.25,41.55,32.0,36.2,36.2,7407,378075,25575,24334.2
2025-04-30,2025-06-26,20500,CE,0.0,0.0,0.0,3826.85,4050.0,0,225,0,24334.2
2025-04-30,2025-06-26,20800,CE,0.0,0.0,0.0,3543.8,3754.65,0,225,0,24334.2
2025-04-30,2025-06-26,20850,CE,0.0,0.0,0.0,3496.4,3705.55,0,225,0,24334.2
2025-04-30,2025-06-26,21050,CE,0.0,0.0,0.0,3307.3,3509.45,0,225,0,24334.2
2025-04-30,2025-06-26,21350,CE,0.0,0.0,0.0,3025.0,3216.9,0,225,0,24334.2
2025-04-30,2025-06-26,21650,CE,0.0,0.0,0.0,2751.8,2927.3,0,900,0,24334.2
2025-04-30,2025-06-26,22250,CE,0.0,0.0,0.0,2175.5,2362.75,0,600,0,24334.2
2025-04-30,2025-06-26,22300,CE,0.0,0.0,0.0,2120.15,2317.0,0,1650,0,24334.2
2025-04-30,2025-06-26,22600,CE,0.0,0.0,0.0,1861.45,2047.55,0,3450,0,24334.2
2025-04-30,2025-06-26,22850,CE,0.0,0.0,0.0,1642.9,1831.4,0,375,0,24334.2
2025-04-30,2025-06-26,23300,CE,1470.0,1477.1,1470.0,1477.1,1477.1,2,12375,75,24334.2
2025-04-30,2025-06-26,23650,CE,1184.3,1205.5,1184.3,1205.5,1207.8,2,750,-75,24334.2
2025-04-30,2025-06-26,23800,CE,1063.0,1117.55,1036.0,1064.0,1064.0,68,19500,-3750,24334.2
2025-04-30,2025-06-26,24200,CE,777.0,828.75,765.0,801.9,801.9,108,45300,300,24334.2
2025-04-30,2025-06-26,24500,CE,570.05,643.95,565.1,624.45,624.45,3707,577350,7275,24334.2
2025-04-30,2025-06-26,25000,CE,341.05,384.35,333.3,371.95,371.95,7162,1370825,-5025,24334.2
2025-04-30,2025-06-26,25200,CE,265.1,303.0,263.25,295.25,295.25,1153,98475,32550,24334.2
2025-04-30,2025-06-26,25300,CE,263.9,268.9,189.05,261.25,261.25,671,69675,3075,24334.2
2025-04-30,2025-06-26,25400,CE,220.5,236.6,208.8,229.8,229.8,104,30750,-75,24334.2
2025-04-30,2025-06-26,25850,CE,118.7,126.3,118.0,126.3,126.3,42,2250,1875,24334.2
2025-04-30,2025-07-31,22500,CE,0.0,0.0,0.0,2304.9,2342.4,0,0,0,24334.2
2025-04-30,2025-07-31,23000,CE,0.0,0.0,0.0,1950.0,1935.3,0,225,0,24334.2
2025-04-30,2025-07-31,23150,CE,0.0,0.0,0.0,1793.75,1819.8,0,0,0,24334.2
2025-04-30,2025-07-31,23450,CE,0.0,0.0,0.0,1578.25,1599.85,0,0,0,24334.2
2025-04-30,2025-07-31,24200,CE,0.0,0.0,0.0,1106.6,1114.3,0,0,0,24334.2
2025-04-30,2025-09-25,21000,CE,0.0,0.0,0.0,3690.0,3952.85,0,750,0,24334.2
2025-04-30,2025-09-25,26000,CE,384.5,425.2,384.5,412.1,412.1,444,299625,2400,24334.2
2025-04-30,2025-12-24,18000,CE,0.0,0.0,0.0,6825.0,7112.2,0,10200,0,24334.2
2025-04-30,2025-12-24,25000,CE,1199.75,1256.8,1164.95,1230.15,1230.15,1698,1053475,-9600,24334.2
2025-04-30,2025-12-24,28000,CE,176.6,224.0,176.6,193.05,193.05,965,468775,14925,24334.2
2025-04-30,2026-06-25,20000,CE,0.0,0.0,0.0,3829.5,5939.5,0,0,0,24334.2
2025-04-30,2026-12-31,19000,CE,0.0,0.0,0.0,8600.0,7448.2,0,125,0,24334.2
2025-04-30,2026-12-31,21000,CE,0.0,0.0,0.0,3356.25,5836.85,0,0,0,24334.2
2025-04-30,2026-12-31,22000,CE,0.0,0.0,0.0,3362.2,5091.8,0,150,0,24334.2
2025-04-30,2028-06-29,17000,CE,0.0,0.0,0.0,7393.45,10658.35,0,0,0,24334.2
2025-04-30,2029-06-28,23000,CE,0.0,0.0,0.0,8636.0,7571.75,0,0,0,24334.2
2025-04-30,2029-12-27,17000,CE,0.0,0.0,0.0,12022.3,11994.35,0,0,0,24334.2
2025-04-30,2025-04-30,20800,PE,0.9,0.9,0.05,0.1,24334.2,76562,311100,-776475,24334.2
2025-04-30,2025-04-30,21850,PE,0.9,0.95,0.05,0.05,24334.2,33514,95550,27075,24334.2
2025-04-30,2025-04-30,22200,PE,0.85,0.85,0.05,0.1,24334.2,59651,578025,-383775,24334.2
2025-04-30,2025-04-30,22450,PE,1.2,1.2,0.05,0.1,24334.2,48150,141750,-190500,24334.2
2025-04-30,2025-04-30,22600,PE,0.85,0.9,0.05,0.1,24334.2,114953,524250,-517500,24334.2
2025-04-30,2025-04-30,22900,PE,1.7,1.7,0.05,0.1,24334.2,199991,1317375,-281925,24334.2
2025-04-30,2025-04-30,23800,PE,5.0,5.0,0.05,0.15,24334.2,1882989,5428275,598800,24334.2
2025-04-30,2025-04-30,24000,PE,6.8,9.7,0.05,0.2,24334.2,2811573,6686700,-4315425,24334.2
2025-04-30,2025-04-30,24550,PE,225.0,297.1,157.0,187.6,24334.2,133725,266025,43650,24334.2
2025-04-30,2025-04-30,24650,PE,384.5,394.95,258.0,292.45,24334.2,14878,76050,34350,24334.2
2025-04-30,2025-04-30,24700,PE,435.2,442.8,307.75,342.85,24334.2,19094,89700,525,24334.2
2025-04-30,2025-04-30,25200,PE,911.65,911.65,811.0,823.65,24334.2,166,3075,-6300,24334.2
2025-04-30,2025-04-30,25900,PE,1557.5,1557.5,1548.0,1548.05,24334.2,19,225,-1275,24334.2
2025-04-30,2025-04-30,26050,PE,0.0,0.0,0.0,2658.5,24334.2,0,0,0,24334.2
2025-04-30,2025-05-08,20750,PE,2.75,3.45,1.9,2.6,2.6,567,15525,1875,24334.2
2025-04-30,2025-05-08,21100,PE,4.85,5.5,2.4,3.25,3.25,5957,116775,92025,24334.2
2025-04-30,2025-05-08,22200,PE,10.15,13.6,6.4,8.55,8.55,44082,1124400,628800,24334.2
2025-04-30,2025-05-08,23000,PE,40.0,40.0,21.0,29.2,29.2,150550,3826425,2022450,24334.2
2025-04-30,2025-05-08,23850,PE,100.0,119.0,78.85,101.7,101.7,22915,422250,148875,24334.2
2025-04-30,2025-05-08,24300,PE,230.15,251.65,184.85,217.45,217.45,281368,2978025,1638225,24334.2
2025-04-30,2025-05-08,25700,PE,1330.0,1330.0,1330.0,1330.0,1333.25,1,525,0,24334.2
2025-04-30,2025-05-15,21500,PE,15.0,17.85,10.6,13.7,13.7,1288,76050,43200,24334.2
2025-04-30,2025-05-15,23300,PE,91.6,110.0,72.5,92.25,92.25,1653,64200,28425,24334.2
2025-04-30,2025-05-15,24000,PE,214.3,230.65,182.45,206.35,206.35,10779,415050,143925,24334.2
2025-04-30,2025-05-15,24900,PE,619.0,623.0,594.95,601.65,601.65,41,3000,2925,24334.2
2025-04-30,2025-05-15,24950,PE,0.0,0.0,0.0,654.25,681.6,0,225,0,24334.2
2025-04-30,2025-05-15,25200,PE,0.0,0.0,0.0,862.0,878.05,0,600,0,24334.2
2025-04-30,2027-12-30,22000,PE,0.0,0.0,0.0,329.0,472.05,0,25,0,24334.2
2025-04-30,2028-06-29,29000,PE,0.0,0.0,0.0,3595.9,2429.95,0,0,0,24334.2
2025-04-30,2028-12-28,19000,PE,0.0,0.0,0.0,158.0,169.4,0,0,0,24334.2
2025-04-30,2028-12-28,28000,PE,0.0,0.0,0.0,1697.6,1902.7,0,0,0,24334.2
2025-04-30,2029-06-28,27000,PE,0.0,0.0,0.0,1252.35,1486.4,0,0,0,24334.2
2025-04-30,2029-12-27,19000,PE,0.0,0.0,0.0,142.25,179.8,0,0,0,24334.2
2025-04-30,2029-12-27,29000,PE,0.0,0.0,0.0,1669.2,1957.7,0,0,0,24334.2
2025-04-30,2025-06-26,23850,CE,1033.8,1064.95,1010.3,1059.15,1071.85,60,3900,1500,24334.2
2025-04-30,2025-06-26,23100,CE,1645.0,1650.0,1645.0,1645.0,1624.35,3,2325,225,24334.2
2025-04-30,2025-06-26,21100,CE,0.0,0.0,0.0,3260.1,3460.55,0,225,0,24334.2
2025-04-30,2025-06-26,25300,PE,995.0,995.0,971.0,971.0,1067.5,7,750,150,24334.2
2025-04-30,2025-06-26,25150,PE,0.0,0.0,0.0,1070.1,969.45,0,225,0,24334.2
2025-04-30,2025-06-26,24550,PE,593.55,610.25,500.05,554.1,554.1,35,14550,600,24334.2
2025-04-30,2025-06-26,24450,PE,548.35,562.8,538.9,558.8,579.7,47,21900,1275,24334.2
2025-04-30,2025-06-26,22500,PE,149.9,169.55,138.05,158.85,158.85,4002,1040850,3075,24334.2
2025-04-30,2025-06-26,22400,PE,135.0,156.55,130.6,142.8,142.8,31,83700,-900,24334.2
