timestamp,y_true,p_call,p_put,p_skip,signal
2026-01-01 09:15:00,2,0.10892985,0.20874389,0.68232626,2
2026-01-01 09:20:00,2,0.10640721,0.21087329,0.6827195,2
2026-01-01 09:25:00,2,0.13870595,0.16217631,0.6991177,2
2026-01-01 09:30:00,2,0.14071007,0.2034436,0.6558463,2
2026-01-01 09:35:00,2,0.12500039,0.21799468,0.65700495,2
2026-01-01 09:40:00,2,0.13654006,0.19064046,0.67281944,2
2026-01-01 09:45:00,2,0.15292686,0.19801174,0.64906144,2
2026-01-01 09:50:00,2,0.13684765,0.16689837,0.696254,2
2026-01-01 09:55:00,2,0.16864832,0.2723813,0.5589704,1
2026-01-01 10:00:00,2,0.13345584,0.16509685,0.7014473,2
2026-01-01 10:05:00,2,0.110419214,0.18959445,0.6999864,2
2026-01-01 10:10:00,2,0.11182867,0.1894309,0.6987404,2
2026-01-01 10:15:00,2,0.11966453,0.18506762,0.69526786,2
2026-01-01 10:20:00,2,0.1017148,0.17284004,0.72544515,2
2026-01-01 10:25:00,2,0.08455305,0.16194357,0.7535033,2
2026-01-01 10:30:00,2,0.0664664,0.11442146,0.8191122,2
2026-01-01 10:35:00,2,0.14253981,0.23870796,0.6187522,2
2026-01-01 10:40:00,2,0.14354903,0.2545492,0.60190177,1
2026-01-01 10:45:00,2,0.1449955,0.2031249,0.6518796,2
2026-01-01 10:50:00,2,0.15718037,0.19938897,0.64343065,2
2026-01-01 10:55:00,2,0.15592131,0.21817552,0.6259031,2
2026-01-01 11:00:00,2,0.14777772,0.23764125,0.614581,2
2026-01-01 11:05:00,2,0.12789676,0.20889534,0.66320795,2
2026-01-01 11:10:00,2,0.14412372,0.2113096,0.64456666,2
2026-01-01 11:15:00,2,0.13693,0.20346391,0.65960604,2
2026-01-01 11:20:00,2,0.12975714,0.18442619,0.68581665,2
2026-01-01 11:25:00,2,0.1320313,0.19168241,0.6762863,2
2026-01-01 11:30:00,2,0.1296791,0.20286438,0.6674565,2
2026-01-01 11:35:00,2,0.12514366,0.1676975,0.7071588,2
2026-01-01 11:40:00,2,0.11793686,0.101435155,0.78062797,2
2026-01-01 11:45:00,2,0.09115877,0.10579953,0.8030417,2
2026-01-01 11:50:00,2,0.11022714,0.20335506,0.68641776,2
2026-01-01 11:55:00,1,0.09961272,0.18176214,0.7186251,2
2026-01-01 12:00:00,2,0.11312438,0.19972067,0.68715495,2
2026-01-01 12:05:00,2,0.096777424,0.114098184,0.7891244,2
2026-01-01 12:10:00,2,0.105298854,0.075688384,0.81901276,2
2026-01-01 12:15:00,2,0.1131863,0.20527203,0.6815416,2
2026-01-01 12:20:00,2,0.091009595,0.18492149,0.72406894,2
2026-01-01 12:25:00,2,0.09174267,0.17262101,0.7356363,2
2026-01-01 12:30:00,2,0.100580946,0.15908779,0.7403313,2
2026-01-01 12:35:00,2,0.1231689,0.23804551,0.6387856,2
2026-01-01 12:40:00,2,0.118122086,0.21280771,0.6690702,2
2026-01-01 12:45:00,2,0.12036422,0.20453976,0.67509604,2
2026-01-01 12:50:00,2,0.11959904,0.20683666,0.6735643,2
2026-01-01 12:55:00,2,0.11719902,0.19019818,0.6926028,2
2026-01-01 13:00:00,2,0.115687646,0.18702345,0.69728893,2
2026-01-01 13:05:00,1,0.112130836,0.17190751,0.7159617,2
2026-01-01 13:10:00,2,0.11003853,0.16036128,0.72960025,2
2026-01-01 13:15:00,2,0.119699605,0.1698451,0.7104553,2
2026-01-01 13:20:00,2,0.14313628,0.25683743,0.60002625,1
2026-01-01 13:25:00,2,0.15878515,0.2095645,0.6316504,2
2026-01-01 13:30:00,2,0.14291203,0.21087001,0.64621794,2
2026-01-01 13:35:00,2,0.10746857,0.15447448,0.73805696,2
2026-01-01 13:40:00,2,0.10564998,0.15596244,0.7383876,2
2026-01-01 13:45:00,2,0.09982446,0.15645254,0.74372303,2
2026-01-01 13:50:00,2,0.09890865,0.15364155,0.74744976,2
2026-01-01 13:55:00,2,0.10089004,0.15263665,0.7464733,2
2026-01-01 14:00:00,2,0.10506894,0.14788274,0.7470483,2
2026-01-01 14:05:00,2,0.11352141,0.17174305,0.71473557,2
2026-01-01 14:10:00,2,0.100864515,0.13729876,0.76183665,2
2026-01-01 14:15:00,2,0.094544396,0.12313146,0.7823242,2
2026-01-01 14:20:00,2,0.124152996,0.16866834,0.70717865,2
2026-01-01 14:25:00,2,0.08677032,0.11995036,0.79327935,2
2026-01-01 14:30:00,2,0.09421117,0.12100502,0.7847838,2
2026-01-01 14:35:00,2,0.08989475,0.1231172,0.7869881,2
2026-01-01 14:40:00,2,0.08895797,0.12356341,0.7874786,2
2026-01-01 14:45:00,2,0.09370193,0.13483427,0.7714638,2
2026-01-01 14:50:00,2,0.09284517,0.1331395,0.77401537,2
2026-01-01 14:55:00,2,0.0022858712,0.0022780867,0.995436,2
2026-01-01 15:00:00,2,0.0023779145,0.0024619994,0.99516004,2
2026-01-01 15:05:00,2,0.0022803575,0.0023228722,0.9953968,2
2026-01-01 15:10:00,2,0.08915436,0.13920602,0.7716396,2
2026-01-01 15:15:00,2,0.08589512,0.14639397,0.76771086,2
2026-01-01 15:20:00,2,0.08036043,0.1049472,0.8146924,2
2026-01-01 15:25:00,2,0.08421124,0.15517195,0.76061684,2
2026-01-02 09:15:00,2,0.028992407,0.08315501,0.8878526,2
2026-01-02 09:20:00,2,0.027325114,0.09594446,0.8767304,2
2026-01-02 09:25:00,2,0.014469829,0.0050349934,0.9804952,2
2026-01-02 09:30:00,0,0.112930685,0.16888131,0.71818805,2
2026-01-02 09:35:00,2,0.019512441,0.005234873,0.97525275,2
2026-01-02 09:40:00,2,0.013537937,0.0023096106,0.9841524,2
2026-01-02 09:45:00,2,0.011474804,0.0020294664,0.9864957,2
2026-01-02 09:50:00,2,0.013469272,0.0020787204,0.984452,2
2026-01-02 09:55:00,2,0.035274323,0.003945156,0.9607805,2
2026-01-02 10:00:00,2,0.041212633,0.005409714,0.95337766,2
2026-01-02 10:05:00,2,0.092312165,0.1092087,0.79847914,2
2026-01-02 10:10:00,2,0.09531869,0.07302902,0.8316523,2
2026-01-02 10:15:00,2,0.10343467,0.08090156,0.8156638,2
2026-01-02 10:20:00,2,0.102741994,0.07988509,0.81737286,2
2026-01-02 10:25:00,2,0.0884138,0.08903421,0.82255197,2
2026-01-02 10:30:00,2,0.079081304,0.09796635,0.82295233,2
2026-01-02 10:35:00,2,0.1691596,0.13924326,0.69159716,2
2026-01-02 10:40:00,2,0.15854506,0.12560168,0.7158533,2
2026-01-02 10:45:00,2,0.151099,0.1220469,0.7268541,2
2026-01-02 10:50:00,2,0.15319033,0.12403912,0.7227706,2
2026-01-02 10:55:00,2,0.13595876,0.12072618,0.7433151,2
2026-01-02 11:00:00,2,0.13013017,0.11677721,0.7530926,2
2026-01-02 11:05:00,2,0.13233484,0.11743406,0.75023115,2
2026-01-02 11:10:00,2,0.12764765,0.122932844,0.74941945,2
2026-01-02 11:15:00,2,0.12560861,0.10959471,0.7647967,2
2026-01-02 11:20:00,2,0.10522449,0.09941468,0.79536086,2
2026-01-02 11:25:00,2,0.1351797,0.011313801,0.85350657,2
2026-01-02 11:30:00,2,0.15068395,0.009917643,0.83939844,2
2026-01-02 11:35:00,2,0.13492453,0.009210632,0.8558649,2
2026-01-02 11:40:00,2,0.14894748,0.009127417,0.8419251,2
2026-01-02 11:45:00,2,0.13659622,0.008503789,0.8549,2
2026-01-02 11:50:00,2,0.14860761,0.008479556,0.84291285,2
2026-01-02 11:55:00,2,0.13121918,0.098921545,0.76985925,2
2026-01-02 12:00:00,2,0.13941617,0.098171316,0.76241255,2
2026-01-02 12:05:00,2,0.119985305,0.09173519,0.78827953,2
2026-01-02 12:10:00,2,0.12941404,0.09670938,0.77387655,2
2026-01-02 12:15:00,0,0.13217044,0.09842641,0.76940316,2
2026-01-02 12:20:00,2,0.14625786,0.10107158,0.7526705,2
2026-01-02 12:25:00,2,0.13330042,0.08531551,0.78138405,2
2026-01-02 12:30:00,2,0.20697708,0.009653161,0.7833698,2
2026-01-02 12:35:00,2,0.14681411,0.09134247,0.76184344,2
2026-01-02 12:40:00,2,0.13113211,0.09316826,0.7756996,2
2026-01-02 12:45:00,2,0.14776778,0.113420404,0.7388118,2
2026-01-02 12:50:00,2,0.12240516,0.09716613,0.7804287,2
2026-01-02 12:55:00,2,0.12117285,0.09396169,0.78486544,2
2026-01-02 13:00:00,2,0.11784678,0.09392451,0.7882287,2
2026-01-02 13:05:00,2,0.10363968,0.09769822,0.7986621,2
2026-01-02 13:10:00,2,0.10966338,0.102846295,0.7874903,2
2026-01-02 13:15:00,2,0.09802076,0.10386793,0.7981113,2
2026-01-02 13:20:00,2,0.118937664,0.009670157,0.87139213,2
2026-01-02 13:25:00,2,0.117101066,0.09193566,0.79096323,2
2026-01-02 13:30:00,2,0.109534286,0.10187538,0.7885903,2
2026-01-02 13:35:00,2,0.089302905,0.07597089,0.8347262,2
2026-01-02 13:40:00,2,0.099053465,0.076466866,0.82447964,2
2026-01-02 13:45:00,2,0.10380248,0.07599675,0.82020074,2
2026-01-02 13:50:00,2,0.10747032,0.07730654,0.81522316,2
2026-01-02 13:55:00,2,0.110897765,0.081272975,0.80782926,2
2026-01-02 14:00:00,2,0.10561382,0.083596885,0.81078935,2
2026-01-02 14:05:00,2,0.10899955,0.07501351,0.815987,2
2026-01-02 14:10:00,2,0.08886915,0.07421302,0.8369178,2
2026-01-02 14:15:00,2,0.096519604,0.07692367,0.82655674,2
2026-01-02 14:20:00,2,0.12423854,0.008957155,0.8668043,2
2026-01-02 14:25:00,1,0.101432964,0.074754536,0.82381254,2
2026-01-02 14:30:00,2,0.150639,0.15575999,0.6936011,2
2026-01-02 14:35:00,2,0.017789898,0.18275192,0.79945815,2
2026-01-02 14:40:00,2,0.015646994,0.1726642,0.8116888,2
2026-01-02 14:45:00,2,0.014364221,0.15943426,0.82620156,2
2026-01-02 14:50:00,0,0.1211131,0.1209815,0.75790536,2
2026-01-02 14:55:00,2,0.09280366,0.07869655,0.82849973,2
2026-01-02 15:00:00,2,0.095033765,0.07651035,0.82845587,2
2026-01-02 15:05:00,2,0.02533953,0.0043857964,0.9702747,2
2026-01-02 15:10:00,2,0.02451907,0.0036969366,0.97178406,2
2026-01-02 15:15:00,2,0.02181171,0.0039097555,0.9742785,2
2026-01-02 15:20:00,2,0.018820124,0.0034190256,0.9777608,2
2026-01-02 15:25:00,2,0.018281436,0.0032883636,0.9784303,2
2026-01-05 09:15:00,2,0.024702046,0.0057919812,0.969506,2
2026-01-05 09:20:00,2,0.1769389,0.24799587,0.57506526,2
2026-01-05 09:25:00,2,0.16202767,0.24728602,0.5906863,2
2026-01-05 09:30:00,2,0.012418559,0.06679764,0.92078376,2
2026-01-05 09:35:00,2,0.1634125,0.18839775,0.6481897,2
2026-01-05 09:40:00,2,0.17640202,0.23047228,0.5931257,2
2026-01-05 09:45:00,2,0.1407132,0.19329214,0.66599464,2
2026-01-05 09:50:00,2,0.13030598,0.19289862,0.67679536,2
2026-01-05 09:55:00,2,0.15926082,0.20755686,0.63318235,2
2026-01-05 10:00:00,0,0.17588961,0.23093013,0.59318024,2
2026-01-05 10:05:00,2,0.18614917,0.17827587,0.63557494,2
2026-01-05 10:10:00,2,0.1031854,0.12361738,0.77319723,2
2026-01-05 10:15:00,2,0.025087615,0.006330111,0.9685823,2
2026-01-05 10:20:00,2,0.014738504,0.0037528723,0.9815087,2
2026-01-05 10:25:00,2,0.12128432,0.14076567,0.73795,2
2026-01-05 10:30:00,2,0.10565882,0.12657048,0.7677707,2
2026-01-05 10:35:00,2,0.20543054,0.19566621,0.59890324,2
2026-01-05 10:40:00,2,0.21299559,0.24002111,0.5469833,2
2026-01-05 10:45:00,2,0.20826164,0.22181903,0.56991935,2
2026-01-05 10:50:00,2,0.17474613,0.20190099,0.6233529,2
2026-01-05 10:55:00,2,0.17118791,0.2000317,0.6287804,2
2026-01-05 11:00:00,2,0.1575105,0.17801438,0.66447514,2
2026-01-05 11:05:00,1,0.15437302,0.19205596,0.653571,2
2026-01-05 11:10:00,1,0.15574564,0.20260231,0.641652,2
2026-01-05 11:15:00,1,0.1305663,0.20526424,0.6641695,2
2026-01-05 11:20:00,2,0.17654741,0.25445774,0.5689949,1
2026-01-05 11:25:00,2,0.15855515,0.23134391,0.6101009,2
2026-01-05 11:30:00,2,0.15439792,0.21622619,0.62937593,2
2026-01-05 11:35:00,2,0.14015241,0.22258297,0.63726455,2
2026-01-05 11:40:00,2,0.11996247,0.19296972,0.6870678,2
2026-01-05 11:45:00,2,0.09262249,0.18275537,0.72462213,2
2026-01-05 11:50:00,2,0.125149,0.20881452,0.6660365,2
2026-01-05 11:55:00,2,0.0024850045,0.0028257195,0.99468935,2
2026-01-05 12:00:00,2,0.0030508898,0.002875535,0.99407357,2
2026-01-05 12:05:00,2,0.0029958787,0.0027329526,0.99427116,2
2026-01-05 12:10:00,2,0.0024330877,0.002741444,0.9948255,2
2026-01-05 12:15:00,2,0.0020163644,0.002269058,0.9957146,2
2026-01-05 12:20:00,2,0.002214852,0.0023493615,0.9954358,2
2026-01-05 12:25:00,2,0.0023233984,0.0026086287,0.99506795,2
2026-01-05 12:30:00,2,0.0023224158,0.0023833269,0.9952943,2
2026-01-05 12:35:00,2,0.002365159,0.0024199926,0.9952148,2
2026-01-05 12:40:00,2,0.0021747092,0.0022129708,0.99561226,2
2026-01-05 12:45:00,2,0.0021509342,0.0020866084,0.9957625,2
2026-01-05 12:50:00,2,0.00199569,0.0020018525,0.9960025,2
2026-01-05 12:55:00,2,0.0021618265,0.0020018849,0.99583626,2
2026-01-05 13:00:00,2,0.0020023617,0.0017379823,0.9962597,2
2026-01-05 13:05:00,2,0.0032415737,0.0020261062,0.99473226,2
2026-01-05 13:10:00,2,0.06522882,0.00469482,0.93007636,2
2026-01-05 13:15:00,2,0.04608639,0.0045626136,0.949351,2
2026-01-05 13:20:00,2,0.0038352853,0.0025667846,0.993598,2
2026-01-05 13:25:00,2,0.09410605,0.0050618146,0.9008321,2
2026-01-05 13:30:00,2,0.06780526,0.003951356,0.9282434,2
2026-01-05 13:35:00,2,0.078319795,0.0038807108,0.9177995,2
2026-01-05 13:40:00,1,0.09826019,0.12675944,0.7749803,2
2026-01-05 13:45:00,2,0.12822133,0.06748451,0.80429417,2
2026-01-05 13:50:00,2,0.11831143,0.05813134,0.8235572,2
2026-01-05 13:55:00,2,0.005094093,0.03576533,0.9591406,2
2026-01-05 14:00:00,2,0.003979791,0.032447223,0.963573,2
2026-01-05 14:05:00,2,0.0038919519,0.034477185,0.9616309,2
2026-01-05 14:10:00,2,0.0051349504,0.055326022,0.93953896,2
2026-01-05 14:15:00,2,0.005451396,0.05439922,0.94014937,2
2026-01-05 14:20:00,2,0.008190541,0.07609784,0.91571164,2
2026-01-05 14:25:00,2,0.006107574,0.060079023,0.9338134,2
2026-01-05 14:30:00,2,0.09675389,0.21810213,0.68514395,2
2026-01-05 14:35:00,0,0.10287689,0.19092976,0.7061933,2
2026-01-05 14:40:00,2,0.11815407,0.25059056,0.6312553,1
2026-01-05 14:45:00,2,0.09849944,0.206645,0.6948555,2
2026-01-05 14:50:00,2,0.13476399,0.24119927,0.6240368,2
2026-01-05 14:55:00,2,0.10220867,0.17220847,0.72558284,2
2026-01-05 15:00:00,2,0.141828,0.22174215,0.63642985,2
2026-01-05 15:05:00,2,0.11962612,0.24157645,0.6387974,2
2026-01-05 15:10:00,2,0.11563968,0.23070829,0.653652,2
2026-01-05 15:15:00,2,0.11252679,0.2272614,0.66021186,2
2026-01-05 15:20:00,2,0.10943959,0.22160883,0.6689516,2
2026-01-05 15:25:00,2,0.112679206,0.20755483,0.679766,2
2026-01-06 09:15:00,2,0.007368368,0.06617381,0.9264579,2
2026-01-06 09:20:00,2,0.006388527,0.05848024,0.93513125,2
2026-01-06 09:25:00,2,0.004794094,0.05089977,0.9443062,2
2026-01-06 09:30:00,2,0.2292617,0.29010233,0.4806359,1
2026-01-06 09:35:00,2,0.19447024,0.28363848,0.5218913,1
2026-01-06 09:40:00,0,0.18923381,0.23735823,0.57340795,2
2026-01-06 09:45:00,2,0.16541667,0.2643461,0.5702372,1
2026-01-06 09:50:00,2,0.14974402,0.20451798,0.645738,2
2026-01-06 09:55:00,2,0.18163663,0.20978324,0.6085801,2
2026-01-06 10:00:00,2,0.17452171,0.19461943,0.6308589,2
2026-01-06 10:05:00,2,0.13162705,0.18078026,0.6875927,2
2026-01-06 10:10:00,2,0.140253,0.16993605,0.689811,2
2026-01-06 10:15:00,2,0.15290691,0.23705985,0.6100332,2
2026-01-06 10:20:00,2,0.10670753,0.16798517,0.7253073,2
2026-01-06 10:25:00,2,0.09691017,0.16785963,0.7352302,2
2026-01-06 10:30:00,2,0.09634286,0.1659503,0.73770684,2
2026-01-06 10:35:00,2,0.20308839,0.31554303,0.48136863,1
2026-01-06 10:40:00,2,0.18574993,0.2933356,0.5209145,1
2026-01-06 10:45:00,2,0.16051188,0.28304636,0.5564417,1
2026-01-06 10:50:00,2,0.15649734,0.2592438,0.58425885,1
2026-01-06 10:55:00,2,0.16961445,0.26833516,0.56205034,1
2026-01-06 11:00:00,1,0.15805689,0.2651088,0.57683426,1
2026-01-06 11:05:00,1,0.12912908,0.20999734,0.66087353,2
2026-01-06 11:10:00,2,0.16572216,0.26528785,0.56899005,1
2026-01-06 11:15:00,2,0.0076617296,0.074503735,0.9178346,2
2026-01-06 11:20:00,2,0.0067697354,0.07256912,0.92066115,2
2026-01-06 11:25:00,2,0.18146664,0.31319973,0.5053336,1
2026-01-06 11:30:00,0,0.18057202,0.30146646,0.5179615,1
2026-01-06 11:35:00,2,0.17262523,0.2980748,0.5293,1
2026-01-06 11:40:00,2,0.16573822,0.29360032,0.54066145,1
2026-01-06 11:45:00,2,0.15895858,0.29057887,0.55046254,1
2026-01-06 11:50:00,1,0.17007023,0.30000293,0.52992684,1
2026-01-06 11:55:00,2,0.18528967,0.31540287,0.49930745,1
2026-01-06 12:00:00,2,0.1732524,0.3064079,0.5203397,1
2026-01-06 12:05:00,2,0.19640447,0.3190975,0.48449805,1
2026-01-06 12:10:00,2,0.17908739,0.31827503,0.50263757,1
2026-01-06 12:15:00,2,0.15580945,0.28564698,0.55854356,1
2026-01-06 12:20:00,2,0.18132536,0.27401662,0.544658,1
2026-01-06 12:25:00,2,0.1541703,0.2673393,0.5784904,1
2026-01-06 12:30:00,2,0.1411528,0.24706964,0.61177754,2
2026-01-06 12:35:00,2,0.13093245,0.24030437,0.6287632,2
2026-01-06 12:40:00,2,0.13204455,0.23785968,0.6300958,2
2026-01-06 12:45:00,2,0.12944444,0.22028501,0.6502706,2
2026-01-06 12:50:00,2,0.10924591,0.18802834,0.70272577,2
2026-01-06 12:55:00,2,0.10493279,0.15420544,0.7408618,2
2026-01-06 13:00:00,2,0.11642702,0.16322619,0.72034675,2
2026-01-06 13:05:00,2,0.12524365,0.1768109,0.6979454,2
2026-01-06 13:10:00,2,0.11504464,0.19233803,0.6926173,2
2026-01-06 13:15:00,2,0.10069759,0.20562504,0.69367737,2
2026-01-06 13:20:00,2,0.09250988,0.20461291,0.7028772,2
2026-01-06 13:25:00,2,0.102424845,0.21248432,0.68509084,2
2026-01-06 13:30:00,2,0.11521927,0.24061723,0.64416355,2
2026-01-06 13:35:00,2,0.0958307,0.17017928,0.73399,2
2026-01-06 13:40:00,2,0.08362063,0.14775744,0.7686219,2
2026-01-06 13:45:00,2,0.08828981,0.13097951,0.78073066,2
2026-01-06 13:50:00,2,0.11971369,0.23343572,0.6468506,2
2026-01-06 13:55:00,2,0.10002138,0.175308,0.7246706,2
2026-01-06 14:00:00,2,0.11571145,0.20636252,0.67792606,2
2026-01-06 14:05:00,2,0.016194832,0.2454588,0.7383464,2
2026-01-06 14:10:00,2,0.012121285,0.20599696,0.7818817,2
2026-01-06 14:15:00,2,0.0116004255,0.20250997,0.78588957,2
2026-01-06 14:20:00,2,0.09978548,0.20709766,0.69311684,2
2026-01-06 14:25:00,2,0.09466991,0.17818163,0.7271485,2
2026-01-06 14:30:00,2,0.09494257,0.17092203,0.73413545,2
2026-01-06 14:35:00,2,0.116240606,0.2168186,0.6669408,2
2026-01-06 14:40:00,2,0.07985824,0.14957389,0.77056783,2
2026-01-06 14:45:00,2,0.09229942,0.13005131,0.7776492,2
2026-01-06 14:50:00,2,0.11002676,0.14684303,0.74313027,2
2026-01-06 14:55:00,2,0.09130926,0.12278736,0.7859034,2
2026-01-06 15:00:00,2,0.027327565,0.0056632548,0.9670091,2
2026-01-06 15:05:00,2,0.038382977,0.0075171753,0.95409983,2
2026-01-06 15:10:00,2,0.12700732,0.1693356,0.70365703,2
2026-01-06 15:15:00,2,0.03616198,0.008427983,0.95541,2
2026-01-06 15:20:00,2,0.03175428,0.0066209626,0.9616248,2
2026-01-06 15:25:00,2,0.124945335,0.14546667,0.729588,2
2026-01-07 09:15:00,2,0.009959115,0.080936,0.9091049,2
2026-01-07 09:20:00,2,0.15734118,0.25091058,0.59174824,1
2026-01-07 09:25:00,2,0.1561442,0.24859048,0.5952653,2
2026-01-07 09:30:00,2,0.16638118,0.2750648,0.55855405,1
2026-01-07 09:35:00,2,0.13100623,0.23483957,0.6341542,2
2026-01-07 09:40:00,2,0.18043584,0.24610095,0.5734632,2
2026-01-07 09:45:00,2,0.15668269,0.25769874,0.58561856,1
2026-01-07 09:50:00,0,0.14972815,0.25284547,0.5974264,1
2026-01-07 09:55:00,2,0.1533868,0.24725966,0.59935355,2
2026-01-07 10:00:00,2,0.13920923,0.23515223,0.62563854,2
2026-01-07 10:05:00,2,0.14681102,0.18140368,0.67178524,2
2026-01-07 10:10:00,2,0.11646627,0.15804797,0.7254858,2
2026-01-07 10:15:00,2,0.16068704,0.19675614,0.6425568,2
2026-01-07 10:20:00,2,0.1597358,0.21150093,0.6287633,2
2026-01-07 10:25:00,2,0.1506505,0.22639097,0.62295854,2
2026-01-07 10:30:00,2,0.10743118,0.16786821,0.72470057,2
2026-01-07 10:35:00,0,0.19773814,0.29892215,0.5033397,1
2026-01-07 10:40:00,2,0.18044907,0.25714755,0.56240344,1
2026-01-07 10:45:00,0,0.18108377,0.2524421,0.56647414,1
2026-01-07 10:50:00,2,0.19478312,0.21960673,0.58561015,2
2026-01-07 10:55:00,2,0.19634002,0.22539005,0.57826996,2
2026-01-07 11:00:00,1,0.16657443,0.23190962,0.60151595,2
2026-01-07 11:05:00,1,0.19661407,0.22103883,0.58234704,2
2026-01-07 11:10:00,2,0.16218053,0.29762724,0.54019225,1
2026-01-07 11:15:00,2,0.15557103,0.24852951,0.59589946,2
2026-01-07 11:20:00,2,0.15469833,0.28822416,0.5570775,1
2026-01-07 11:25:00,2,0.16162856,0.2780263,0.5603452,1
2026-01-07 11:30:00,2,0.1650221,0.24243231,0.59254557,2
2026-01-07 11:35:00,1,0.15312976,0.2551717,0.5916985,1
2026-01-07 11:40:00,2,0.14568625,0.2702021,0.58411163,1
2026-01-07 11:45:00,2,0.14861253,0.2847228,0.5666647,1
2026-01-07 11:50:00,2,0.1750676,0.2873997,0.5375327,1
2026-01-07 11:55:00,2,0.006409698,0.0039628553,0.9896275,2
2026-01-07 12:00:00,2,0.043438405,0.0056340396,0.9509275,2
2026-01-07 12:05:00,2,0.039490562,0.005482077,0.95502734,2
2026-01-07 12:10:00,2,0.030886868,0.0049909027,0.96412224,2
2026-01-07 12:15:00,2,0.045981854,0.0049494784,0.94906867,2
2026-01-07 12:20:00,2,0.02553218,0.0037271443,0.9707407,2
2026-01-07 12:25:00,2,0.037826877,0.003860655,0.95831245,2
2026-01-07 12:30:00,2,0.0026003597,0.00264857,0.99475104,2
2026-01-07 12:35:00,2,0.002557347,0.002803705,0.994639,2
2026-01-07 12:40:00,2,0.11086407,0.080531955,0.80860394,2
2026-01-07 12:45:00,2,0.08440849,0.07987024,0.83572125,2
2026-01-07 12:50:00,2,0.08519907,0.10425572,0.8105452,2
2026-01-07 12:55:00,2,0.11992043,0.20742603,0.67265356,2
2026-01-07 13:00:00,2,0.091190174,0.16899334,0.73981655,2
2026-01-07 13:05:00,2,0.09446366,0.17248428,0.7330521,2
2026-01-07 13:10:00,1,0.10371778,0.1757572,0.720525,2
2026-01-07 13:15:00,1,0.099277414,0.17883882,0.7218838,2
2026-01-07 13:20:00,2,0.10295424,0.18733215,0.7097136,2
2026-01-07 13:25:00,2,0.09106066,0.09260108,0.8163383,2
2026-01-07 13:30:00,2,0.07225393,0.075238675,0.8525074,2
2026-01-07 13:35:00,2,0.08869307,0.15896958,0.75233734,2
2026-01-07 13:40:00,2,0.0885395,0.16439942,0.747061,2
2026-01-07 13:45:00,2,0.088840924,0.15942854,0.7517305,2
2026-01-07 13:50:00,2,0.08112752,0.15427826,0.76459426,2
2026-01-07 13:55:00,2,0.0847595,0.13142659,0.78381395,2
2026-01-07 14:00:00,2,0.08915689,0.14015837,0.7706847,2
2026-01-07 14:05:00,2,0.08252446,0.13505384,0.78242165,2
2026-01-07 14:10:00,2,0.094521865,0.14271545,0.76276267,2
2026-01-07 14:15:00,2,0.085974656,0.14220262,0.77182275,2
2026-01-07 14:20:00,2,0.08737394,0.13082117,0.7818049,2
2026-01-07 14:25:00,2,0.087965995,0.11674218,0.79529184,2
2026-01-07 14:30:00,2,0.0880965,0.1295013,0.7824022,2
2026-01-07 14:35:00,2,0.08378192,0.11880304,0.7974151,2
2026-01-07 14:40:00,2,0.0025055183,0.0027875234,0.9947069,2
2026-01-07 14:45:00,2,0.0024778731,0.0023948909,0.9951272,2
2026-01-07 14:50:00,2,0.0034896063,0.0037176434,0.9927927,2
2026-01-07 14:55:00,2,0.0028968698,0.002932695,0.9941704,2
2026-01-07 15:00:00,2,0.0050378614,0.026417429,0.96854466,2
2026-01-07 15:05:00,2,0.004976233,0.065269075,0.9297546,2
2026-01-07 15:10:00,2,0.033154067,0.07109582,0.89575016,2
2026-01-07 15:15:00,2,0.12004666,0.16219398,0.7177594,2
2026-01-07 15:20:00,2,0.10838747,0.14437936,0.7472332,2
2026-01-07 15:25:00,2,0.11663456,0.1483833,0.7349822,2
2026-01-08 09:15:00,1,0.16714592,0.2988452,0.5340089,1
2026-01-08 09:20:00,2,0.13607801,0.28270197,0.58122003,1
2026-01-08 09:25:00,2,0.103664525,0.07010315,0.8262323,2
2026-01-08 09:30:00,2,0.096990354,0.073711485,0.82929814,2
2026-01-08 09:35:00,2,0.17914064,0.26463383,0.5562255,1
2026-01-08 09:40:00,2,0.13823111,0.20799486,0.653774,2
2026-01-08 09:45:00,2,0.16201462,0.24273604,0.5952493,2
2026-01-08 09:50:00,2,0.15337439,0.24537373,0.60125184,2
2026-01-08 09:55:00,2,0.12903659,0.21617146,0.6547919,2
2026-01-08 10:00:00,2,0.1868503,0.2682588,0.5448909,1
2026-01-08 10:05:00,2,0.14928453,0.19496708,0.6557484,2
2026-01-08 10:10:00,2,0.12047241,0.2027799,0.67674774,2
2026-01-08 10:15:00,2,0.005205993,0.045249015,0.94954497,2
2026-01-08 10:20:00,2,0.0044651367,0.03731382,0.958221,2
2026-01-08 10:25:00,2,0.087591924,0.14350154,0.76890653,2
2026-01-08 10:30:00,2,0.072201446,0.1221294,0.8056692,2
2026-01-08 10:35:00,2,0.009762998,0.07070997,0.91952705,2
2026-01-08 10:40:00,2,0.009177019,0.076448604,0.9143744,2
2026-01-08 10:45:00,2,0.0072166724,0.062170018,0.93061334,2
2026-01-08 10:50:00,2,0.006278938,0.060478907,0.9332422,2
2026-01-08 10:55:00,2,0.0057883468,0.055743817,0.9384678,2
2026-01-08 11:00:00,2,0.005150244,0.05654705,0.9383027,2
2026-01-08 11:05:00,2,0.0045898636,0.048775043,0.9466351,2
2026-01-08 11:10:00,1,0.0118907355,0.24682748,0.7412818,2
2026-01-08 11:15:00,1,0.010613041,0.243644,0.7457429,2
2026-01-08 11:20:00,2,0.009450916,0.29766363,0.69288546,2
2026-01-08 11:25:00,2,0.008911393,0.31370264,0.6773859,2
2026-01-08 11:30:00,2,0.008451156,0.30154967,0.6899992,2
2026-01-08 11:35:00,2,0.14382015,0.27059853,0.58558136,1
2026-01-08 11:40:00,1,0.014118047,0.31841198,0.66747,2
2026-01-08 11:45:00,1,0.013620062,0.34944436,0.6369356,1
2026-01-08 11:50:00,1,0.012159259,0.3485747,0.639266,1
2026-01-08 11:55:00,2,0.008489733,0.40868843,0.5828218,1
2026-01-08 12:00:00,2,0.007916948,0.41521734,0.57686573,1
2026-01-08 12:05:00,2,0.0099753905,0.43745536,0.55256927,1
2026-01-08 12:10:00,2,0.04392034,0.40264845,0.5534312,1
2026-01-08 12:15:00,2,0.021123094,0.40841016,0.57046676,1
2026-01-08 12:20:00,2,0.01836147,0.44615927,0.53547925,1
2026-01-08 12:25:00,2,0.17549215,0.36606967,0.45843822,1
2026-01-08 12:30:00,2,0.05481834,0.4439884,0.5011932,1
2026-01-08 12:35:00,2,0.17641322,0.42329574,0.40029106,1
2026-01-08 12:40:00,2,0.16822092,0.425149,0.40663007,1
2026-01-08 12:45:00,2,0.16858049,0.43228775,0.3991318,1
2026-01-08 12:50:00,2,0.16593261,0.42846245,0.40560493,1
2026-01-08 12:55:00,2,0.036727663,0.4701297,0.49314266,1
2026-01-08 13:00:00,2,0.14416865,0.3907233,0.465108,1
2026-01-08 13:05:00,2,0.13683571,0.3827202,0.4804441,1
2026-01-08 13:10:00,1,0.12864065,0.38923085,0.4821285,1
2026-01-08 13:15:00,2,0.12463137,0.37507284,0.50029576,1
2026-01-08 13:20:00,2,0.12035894,0.35176137,0.5278797,1
2026-01-08 13:25:00,2,0.009935134,0.4176764,0.57238847,1
2026-01-08 13:30:00,2,0.13654615,0.34349805,0.5199558,1
2026-01-08 13:35:00,2,0.09783894,0.26058426,0.6415768,1
2026-01-08 13:40:00,2,0.09961941,0.26360497,0.6367756,1
2026-01-08 13:45:00,2,0.11700308,0.3376952,0.54530174,1
2026-01-08 13:50:00,2,0.0949695,0.2954361,0.60959435,1
2026-01-08 13:55:00,2,0.11923908,0.29264766,0.5881133,1
2026-01-08 14:00:00,2,0.12637474,0.33251604,0.5411092,1
2026-01-08 14:05:00,2,0.12599076,0.35468167,0.5193276,1
2026-01-08 14:10:00,2,0.11323844,0.27984065,0.6069209,1
2026-01-08 14:15:00,2,0.12148047,0.24773027,0.6307892,2
2026-01-08 14:20:00,2,0.1331324,0.31465518,0.55221236,1
2026-01-08 14:25:00,2,0.12261534,0.37571496,0.5016697,1
2026-01-08 14:30:00,2,0.13991416,0.35315317,0.5069327,1
2026-01-08 14:35:00,2,0.12968706,0.2824127,0.5879002,1
2026-01-08 14:40:00,2,0.12882991,0.285339,0.5858311,1
2026-01-08 14:45:00,1,0.1298216,0.2987253,0.57145315,1
2026-01-08 14:50:00,1,0.11763,0.30776498,0.57460505,1
2026-01-08 14:55:00,1,0.10945304,0.28979203,0.6007549,1
2026-01-08 15:00:00,2,0.01050269,0.41653022,0.57296705,1
2026-01-08 15:05:00,2,0.009205909,0.35188854,0.6389056,1
2026-01-08 15:10:00,2,0.12291033,0.2762695,0.6008202,1
2026-01-08 15:15:00,2,0.03186618,0.2936194,0.6745145,2
2026-01-08 15:20:00,2,0.12050967,0.20147383,0.6780165,2
2026-01-08 15:25:00,2,0.012194555,0.23331334,0.7544921,2
2026-01-09 09:15:00,1,0.30963033,0.24878642,0.44158322,2
2026-01-09 09:20:00,2,0.301122,0.32721752,0.3716605,2
2026-01-09 09:25:00,2,0.23747218,0.30493012,0.4575977,1
2026-01-09 09:30:00,0,0.24679713,0.4199975,0.33320534,1
2026-01-09 09:35:00,0,0.2703984,0.35831618,0.37128538,1
2026-01-09 09:40:00,2,0.3168745,0.35467532,0.3284502,2
2026-01-09 09:45:00,2,0.2978009,0.29803455,0.40416455,2
2026-01-09 09:50:00,2,0.29299852,0.33533832,0.3716632,2
2026-01-09 09:55:00,2,0.21844208,0.28918925,0.49236873,1
2026-01-09 10:00:00,2,0.28640297,0.3477122,0.36588484,1
2026-01-09 10:05:00,2,0.24844486,0.3473524,0.4042028,1
2026-01-09 10:10:00,2,0.20588948,0.35584414,0.43826634,1
2026-01-09 10:15:00,2,0.18963034,0.3220249,0.4883448,1
2026-01-09 10:20:00,2,0.21832,0.31675664,0.46492344,1
2026-01-09 10:25:00,2,0.23627497,0.25831458,0.5054105,2
2026-01-09 10:30:00,2,0.20874187,0.29978734,0.49147084,1
2026-01-09 10:35:00,2,0.29929054,0.3746736,0.32603583,1
2026-01-09 10:40:00,1,0.30420774,0.38279504,0.3129972,1
2026-01-09 10:45:00,1,0.31070548,0.37603718,0.31325734,1
2026-01-09 10:50:00,2,0.29821217,0.37884527,0.32294258,1
2026-01-09 10:55:00,2,0.22088058,0.37561786,0.40350157,1
2026-01-09 11:00:00,2,0.00856036,0.077828005,0.9136116,2
2026-01-09 11:05:00,1,0.28852427,0.34717992,0.36429584,1
2026-01-09 11:10:00,2,0.007190348,0.054683577,0.9381261,2
2026-01-09 11:15:00,2,0.008832753,0.06475191,0.92641526,2
2026-01-09 11:20:00,2,0.009383125,0.06872774,0.92188907,2
2026-01-09 11:25:00,1,0.26727855,0.31210694,0.4206145,2
2026-01-09 11:30:00,2,0.0867612,0.17148891,0.7417499,2
2026-01-09 11:35:00,2,0.007845335,0.06521642,0.9269383,2
2026-01-09 11:40:00,2,0.00657683,0.07338811,0.920035,2
2026-01-09 11:45:00,2,0.006350138,0.076094754,0.9175551,2
2026-01-09 11:50:00,2,0.006631295,0.075935155,0.91743356,2
2026-01-09 11:55:00,2,0.007251127,0.082354255,0.9103946,2
2026-01-09 12:00:00,2,0.21770297,0.34106258,0.44123444,1
2026-01-09 12:05:00,2,0.012801724,0.11823137,0.86896694,2
2026-01-09 12:10:00,1,0.015865013,0.5427652,0.44136974,1
2026-01-09 12:15:00,1,0.19580069,0.41492566,0.38927367,1
2026-01-09 12:20:00,1,0.014573697,0.5401934,0.445233,1
2026-01-09 12:25:00,1,0.009535931,0.53951716,0.45094687,1
2026-01-09 12:30:00,1,0.011632329,0.5408246,0.44754308,1
2026-01-09 12:35:00,2,0.007992595,0.6318926,0.36011472,1
2026-01-09 12:40:00,2,0.007619137,0.629573,0.36280784,1
2026-01-09 12:45:00,2,0.0064637386,0.5991434,0.39439285,1
2026-01-09 12:50:00,2,0.19322044,0.48533458,0.321445,1
2026-01-09 12:55:00,2,0.019221319,0.56471086,0.41606787,1
2026-01-09 13:00:00,2,0.01969823,0.5668687,0.4134331,1
2026-01-09 13:05:00,2,0.017644716,0.57656443,0.40579084,1
2026-01-09 13:10:00,2,0.19065729,0.46385008,0.3454927,1
2026-01-09 13:15:00,2,0.1573639,0.490047,0.35258913,1
2026-01-09 13:20:00,2,0.15887442,0.49457416,0.3465514,1
2026-01-09 13:25:00,1,0.15312518,0.46649125,0.38038355,1
2026-01-09 13:30:00,2,0.14309825,0.5275791,0.32932264,1
2026-01-09 13:35:00,1,0.15305693,0.4589724,0.3879707,1
2026-01-09 13:40:00,2,0.1514888,0.43961078,0.40890038,1
2026-01-09 13:45:00,2,0.15397944,0.44064647,0.40537414,1
2026-01-09 13:50:00,2,0.13607253,0.45859316,0.40533426,1
2026-01-09 13:55:00,2,0.165008,0.43137366,0.40361837,1
2026-01-09 14:00:00,2,0.15625708,0.40375316,0.43998972,1
2026-01-09 14:05:00,2,0.1615699,0.38578928,0.4526408,1
2026-01-09 14:10:00,2,0.07352007,0.4548851,0.4715948,1
2026-01-09 14:15:00,2,0.13519827,0.43052262,0.43427914,1
2026-01-09 14:20:00,2,0.12255391,0.37737402,0.50007206,1
2026-01-09 14:25:00,2,0.009823035,0.49498987,0.49518716,1
2026-01-09 14:30:00,2,0.120104514,0.33820695,0.5416885,1
2026-01-09 14:35:00,2,0.1298837,0.32694206,0.5431742,1
2026-01-09 14:40:00,2,0.1823743,0.4065774,0.41104826,1
2026-01-09 14:45:00,2,0.13589154,0.35681283,0.5072956,1
2026-01-09 14:50:00,2,0.13296136,0.35227475,0.5147639,1
2026-01-09 14:55:00,2,0.13522963,0.39811036,0.46666002,1
2026-01-09 15:00:00,2,0.13838328,0.48919943,0.3724173,1
2026-01-09 15:05:00,2,0.13996257,0.41271293,0.4473245,1
2026-01-09 15:10:00,2,0.16320044,0.25858277,0.5782168,1
2026-01-09 15:15:00,2,0.13388607,0.35511547,0.5109985,1
2026-01-09 15:20:00,2,0.16216604,0.3343581,0.50347584,1
2026-01-09 15:25:00,2,0.1828254,0.32844937,0.4887252,1
2026-01-12 09:15:00,1,0.029517952,0.46443838,0.5060436,1
2026-01-12 09:20:00,2,0.017852828,0.5014044,0.48074275,1
2026-01-12 09:25:00,2,0.01222338,0.48089644,0.50688016,1
2026-01-12 09:30:00,2,0.25743082,0.41883716,0.32373196,1
2026-01-12 09:35:00,2,0.30016905,0.36427712,0.3355538,1
2026-01-12 09:40:00,2,0.25993854,0.43020007,0.30986136,1
2026-01-12 09:45:00,2,0.2868792,0.33072868,0.38239214,2
2026-01-12 09:50:00,2,0.25762048,0.38787842,0.3545011,1
2026-01-12 09:55:00,2,0.2707866,0.42392585,0.3052876,1
2026-01-12 10:00:00,2,0.30077544,0.35723406,0.3419905,1
2026-01-12 10:05:00,2,0.2374183,0.377223,0.38535875,1
2026-01-12 10:10:00,2,0.21614799,0.368684,0.41516805,1
2026-01-12 10:15:00,2,0.24977694,0.38027018,0.36995292,1
2026-01-12 10:20:00,2,0.21481384,0.28694353,0.49824262,1
2026-01-12 10:25:00,2,0.2314975,0.35764664,0.41085583,1
2026-01-12 10:30:00,2,0.2026979,0.3629149,0.4343872,1
2026-01-12 10:35:00,2,0.29228273,0.41619658,0.29152068,1
2026-01-12 10:40:00,2,0.2880597,0.43584117,0.27609912,1
2026-01-12 10:45:00,2,0.29335436,0.44596174,0.26068395,1
2026-01-12 10:50:00,2,0.2803542,0.4346585,0.2849873,1
2026-01-12 10:55:00,2,0.28026378,0.43168393,0.28805232,1
2026-01-12 11:00:00,1,0.2533707,0.44533888,0.30129048,1
2026-01-12 11:05:00,1,0.17381702,0.4775849,0.34859806,1
2026-01-12 11:10:00,1,0.0145083675,0.5475184,0.43797326,1
2026-01-12 11:15:00,1,0.013085793,0.58314455,0.40376967,1
2026-01-12 11:20:00,1,0.012645952,0.58594155,0.40141246,1
2026-01-12 11:25:00,1,0.012313422,0.57396317,0.4137234,1
2026-01-12 11:30:00,2,0.010589273,0.621054,0.36835673,1
2026-01-12 11:35:00,2,0.010750717,0.54248804,0.44676122,1
2026-01-12 11:40:00,2,0.012008408,0.53476506,0.45322648,1
2026-01-12 11:45:00,2,0.18366086,0.44779384,0.3685453,1
2026-01-12 11:50:00,0,0.16651176,0.42291796,0.4105703,1
2026-01-12 11:55:00,0,0.12393474,0.45802352,0.41804177,1
2026-01-12 12:00:00,0,0.13795057,0.46637994,0.39566952,1
2026-01-12 12:05:00,0,0.15208954,0.5055212,0.3423893,1
2026-01-12 12:10:00,0,0.47270718,0.033361383,0.49393147,0
2026-01-12 12:15:00,0,0.488352,0.028019382,0.4836286,0
2026-01-12 12:20:00,0,0.50251335,0.025112862,0.47237378,0
2026-01-12 12:25:00,0,0.49691465,0.02149858,0.48158678,0
2026-01-12 12:30:00,2,0.47418517,0.016710866,0.50910395,0
2026-01-12 12:35:00,0,0.49220642,0.019338705,0.48845485,0
2026-01-12 12:40:00,2,0.49292976,0.014090159,0.49298006,0
2026-01-12 12:45:00,2,0.49551117,0.019866962,0.48462188,0
2026-01-12 12:50:00,2,0.47437668,0.014905652,0.51071763,0
2026-01-12 12:55:00,2,0.4836701,0.03223851,0.48409146,0
2026-01-12 13:00:00,2,0.3566933,0.40846786,0.2348389,1
2026-01-12 13:05:00,2,0.5170358,0.026523395,0.45644084,0
2026-01-12 13:10:00,2,0.5370068,0.019646011,0.44334716,0
2026-01-12 13:15:00,0,0.4300109,0.31016117,0.25982794,0
2026-01-12 13:20:00,0,0.43800166,0.29081687,0.2711814,0
2026-01-12 13:25:00,0,0.39313465,0.33999076,0.26687464,0
2026-01-12 13:30:00,2,0.55657285,0.019968731,0.4234584,0
2026-01-12 13:35:00,2,0.3648781,0.18210828,0.45301366,0
2026-01-12 13:40:00,2,0.34013215,0.24290593,0.41696194,0
2026-01-12 13:45:00,2,0.32554954,0.17715313,0.49729732,0
2026-01-12 13:50:00,2,0.32781905,0.15766688,0.5145141,0
2026-01-12 13:55:00,2,0.33132324,0.19792283,0.47075397,0
2026-01-12 14:00:00,2,0.32610065,0.25439906,0.4195003,0
2026-01-12 14:05:00,2,0.31892708,0.19541758,0.48565534,2
2026-01-12 14:10:00,2,0.2565511,0.23117371,0.5122752,2
2026-01-12 14:15:00,2,0.2988394,0.22103098,0.48012963,2
2026-01-12 14:20:00,2,0.38796306,0.14823791,0.463799,0
2026-01-12 14:25:00,2,0.32935867,0.17517099,0.49547037,0
2026-01-12 14:30:00,0,0.26572853,0.29535267,0.43891874,2
2026-01-12 14:35:00,0,0.33120248,0.25543305,0.41336444,0
2026-01-12 14:40:00,0,0.28928456,0.17943828,0.5312772,2
2026-01-12 14:45:00,2,0.26024503,0.15294434,0.5868106,2
2026-01-12 14:50:00,2,0.07458124,0.0070028463,0.9184159,2
2026-01-12 14:55:00,2,0.050048992,0.0035219109,0.9464291,2
2026-01-12 15:00:00,2,0.34796166,0.18324035,0.46879798,0
2026-01-12 15:05:00,2,0.3285869,0.17149149,0.49992162,0
2026-01-12 15:10:00,2,0.27279946,0.21304527,0.51415527,2
2026-01-12 15:15:00,2,0.27705228,0.17562887,0.5473188,2
2026-01-12 15:20:00,2,0.28361878,0.15795782,0.5584234,2
2026-01-12 15:25:00,2,0.22884625,0.1177757,0.653378,2
2026-01-13 09:15:00,2,0.04431641,0.009945759,0.9457378,2
2026-01-13 09:20:00,2,0.06672217,0.014256054,0.9190217,2
2026-01-13 09:25:00,2,0.29357693,0.36166453,0.34475857,1
2026-01-13 09:30:00,2,0.28553447,0.40678588,0.3076797,1
2026-01-13 09:35:00,2,0.25540194,0.40607882,0.33851928,1
2026-01-13 09:40:00,2,0.25792673,0.38249537,0.35957786,1
2026-01-13 09:45:00,2,0.2710746,0.41790664,0.31101876,1
2026-01-13 09:50:00,2,0.2603392,0.40657297,0.33308783,1
2026-01-13 09:55:00,2,0.23584138,0.3857991,0.3783595,1
2026-01-13 10:00:00,2,0.28838205,0.3784895,0.3331285,1
2026-01-13 10:05:00,2,0.22562324,0.36942565,0.40495107,1
2026-01-13 10:10:00,0,0.22649583,0.39277953,0.3807246,1
2026-01-13 10:15:00,0,0.19874002,0.40776992,0.39349008,1
2026-01-13 10:20:00,2,0.19416334,0.38584808,0.41998857,1
2026-01-13 10:25:00,2,0.21774343,0.41715324,0.36510327,1
2026-01-13 10:30:00,2,0.22639604,0.40381122,0.3697927,1
2026-01-13 10:35:00,2,0.28153774,0.45917296,0.25928932,1
2026-01-13 10:40:00,2,0.28724506,0.45529944,0.25745544,1
2026-01-13 10:45:00,2,0.29764727,0.442186,0.26016673,1
2026-01-13 10:50:00,2,0.2938793,0.43616572,0.269955,1
2026-01-13 10:55:00,2,0.30393198,0.42644906,0.26961893,1
2026-01-13 11:00:00,2,0.29865372,0.42584682,0.2754995,1
2026-01-13 11:05:00,2,0.32557738,0.3929642,0.2814584,1
2026-01-13 11:10:00,2,0.3266084,0.36893868,0.30445296,2
2026-01-13 11:15:00,2,0.34014386,0.37549058,0.28436556,2
2026-01-13 11:20:00,0,0.31509927,0.386409,0.29849175,1
2026-01-13 11:25:00,2,0.33990327,0.3674189,0.29267785,2
2026-01-13 11:30:00,1,0.34766555,0.35022888,0.3021056,2
2026-01-13 11:35:00,1,0.34340727,0.32969546,0.3268973,2
2026-01-13 11:40:00,1,0.30258757,0.39409497,0.30331743,1
2026-01-13 11:45:00,1,0.2690135,0.3979649,0.3330216,1
2026-01-13 11:50:00,2,0.30799738,0.40834,0.28366265,1
2026-01-13 11:55:00,1,0.2950185,0.39087367,0.31410784,1
2026-01-13 12:00:00,2,0.034880802,0.48435628,0.48076296,1
2026-01-13 12:05:00,1,0.03203279,0.4571161,0.51085114,1
2026-01-13 12:10:00,2,0.009044808,0.066421576,0.9245336,2
2026-01-13 12:15:00,2,0.24497557,0.41839445,0.33662996,1
2026-01-13 12:20:00,2,0.011157662,0.08033432,0.908508,2
2026-01-13 12:25:00,1,0.27117893,0.38030422,0.34851685,1
2026-01-13 12:30:00,2,0.24647595,0.3499771,0.40354696,1
2026-01-13 12:35:00,1,0.2696588,0.34417266,0.3861685,1
2026-01-13 12:40:00,1,0.25886273,0.37814635,0.3629909,1
2026-01-13 12:45:00,2,0.016577616,0.07998264,0.90343976,2
2026-01-13 12:50:00,2,0.009107647,0.055909783,0.93498254,2
2026-01-13 12:55:00,2,0.008154817,0.04849961,0.94334555,2
2026-01-13 13:00:00,2,0.0067553977,0.049098145,0.94414645,2
2026-01-13 13:05:00,2,0.012641169,0.075496525,0.9118623,2
2026-01-13 13:10:00,2,0.24112003,0.38993213,0.36894783,1
2026-01-13 13:15:00,2,0.27120465,0.36849204,0.36030328,1
2026-01-13 13:20:00,2,0.21836364,0.41580883,0.36582753,1
2026-01-13 13:25:00,2,0.26248267,0.37037605,0.36714128,1
2026-01-13 13:30:00,2,0.21972471,0.40445805,0.3758172,1
2026-01-13 13:35:00,2,0.13527183,0.31128955,0.5534386,1
2026-01-13 13:40:00,2,0.15996194,0.3752866,0.46475142,1
2026-01-13 13:45:00,2,0.14171368,0.3473751,0.5109112,1
2026-01-13 13:50:00,2,0.15274708,0.39430544,0.45294747,1
2026-01-13 13:55:00,2,0.13564216,0.34821764,0.5161402,1
2026-01-13 14:00:00,2,0.15500727,0.34394822,0.5010445,1
2026-01-13 14:05:00,1,0.12949842,0.2950897,0.5754119,1
2026-01-13 14:10:00,2,0.009178301,0.08110068,0.90972096,2
2026-01-13 14:15:00,2,0.17393105,0.31798476,0.50808424,1
2026-01-13 14:20:00,2,0.0062387665,0.048192877,0.9455684,2
2026-01-13 14:25:00,2,0.0049039708,0.055929407,0.9391666,2
2026-01-13 14:30:00,0,0.19468696,0.38473827,0.42057478,1
2026-01-13 14:35:00,0,0.18810627,0.400696,0.41119772,1
2026-01-13 14:40:00,2,0.16557789,0.34781915,0.48660302,1
2026-01-13 14:45:00,2,0.19067416,0.3873816,0.42194423,1
2026-01-13 14:50:00,2,0.04115923,0.015195968,0.9436448,2
2026-01-13 14:55:00,2,0.18753518,0.385673,0.42679188,1
2026-01-13 15:00:00,2,0.2211539,0.46197048,0.3168756,1
2026-01-13 15:05:00,2,0.04340918,0.012629906,0.94396096,2
2026-01-13 15:10:00,2,0.056263763,0.017163415,0.9265728,2
2026-01-13 15:15:00,2,0.21158731,0.40797704,0.38043565,1
2026-01-13 15:20:00,2,0.21435481,0.37659037,0.40905482,1
2026-01-13 15:25:00,2,0.19857195,0.37507358,0.42635444,1
2026-01-14 09:15:00,0,0.29173404,0.40141302,0.3068529,1
2026-01-14 09:20:00,2,0.29553857,0.32640058,0.37806082,2
2026-01-14 09:25:00,2,0.27374697,0.256171,0.47008213,2
2026-01-14 09:30:00,1,0.2847081,0.25147128,0.46382064,2
2026-01-14 09:35:00,2,0.2602435,0.2533421,0.48641443,2
2026-01-14 09:40:00,2,0.25825846,0.31205413,0.42968738,1
2026-01-14 09:45:00,2,0.27193114,0.3213174,0.40675142,2
2026-01-14 09:50:00,2,0.29633594,0.25206807,0.45159596,2
2026-01-14 09:55:00,2,0.34723616,0.26465717,0.3881067,0
2026-01-14 10:00:00,2,0.28414485,0.30048496,0.4153702,2
2026-01-14 10:05:00,2,0.24185379,0.3263242,0.431822,1
2026-01-14 10:10:00,2,0.21464637,0.2404182,0.54493546,2
2026-01-14 10:15:00,2,0.22440247,0.29263154,0.48296598,1
2026-01-14 10:20:00,2,0.20597422,0.28049633,0.5135295,1
2026-01-14 10:25:00,2,0.19375478,0.23709728,0.56914794,2
2026-01-14 10:30:00,2,0.20861562,0.25587878,0.53550565,2
2026-01-14 10:35:00,0,0.3256781,0.31903225,0.35528967,2
2026-01-14 10:40:00,0,0.37042758,0.34159866,0.2879738,2
2026-01-14 10:45:00,0,0.32922328,0.33544827,0.33532843,2
2026-01-14 10:50:00,0,0.32738575,0.28111157,0.3915027,2
2026-01-14 10:55:00,2,0.28222215,0.25803787,0.45973992,2
2026-01-14 11:00:00,2,0.2655617,0.27844104,0.45599723,2
2026-01-14 11:05:00,2,0.31678638,0.27661628,0.40659735,2
2026-01-14 11:10:00,0,0.35361,0.28880617,0.35758385,0
2026-01-14 11:15:00,2,0.08096983,0.017062228,0.901968,2
2026-01-14 11:20:00,0,0.36350995,0.24844135,0.3880487,0
2026-01-14 11:25:00,2,0.089395635,0.16774392,0.7428605,2
2026-01-14 11:30:00,2,0.10722154,0.17093661,0.7218419,2
2026-01-14 11:35:00,2,0.1140672,0.18345901,0.7024738,2
2026-01-14 11:40:00,2,0.35383812,0.25852254,0.38763937,0
2026-01-14 11:45:00,2,0.10158645,0.16814202,0.73027146,2
2026-01-14 11:50:00,2,0.2886214,0.25564548,0.45573315,2
2026-01-14 11:55:00,1,0.28304544,0.25657693,0.46037757,2
2026-01-14 12:00:00,2,0.09210202,0.215044,0.692854,2
2026-01-14 12:05:00,2,0.27482715,0.2808753,0.44429755,2
2026-01-14 12:10:00,2,0.27327943,0.29353434,0.43318623,2
2026-01-14 12:15:00,2,0.28293917,0.23431249,0.4827483,2
2026-01-14 12:20:00,2,0.2710276,0.23006484,0.49890757,2
2026-01-14 12:25:00,2,0.0046372805,0.004722341,0.9906404,2
2026-01-14 12:30:00,2,0.004283932,0.004368596,0.9913475,2
2026-01-14 12:35:00,2,0.0042793797,0.004229372,0.99149126,2
2026-01-14 12:40:00,2,0.004233717,0.0041674054,0.99159884,2
2026-01-14 12:45:00,2,0.004024288,0.0043543195,0.9916214,2
2026-01-14 12:50:00,2,0.0043632262,0.00447607,0.9911607,2
2026-01-14 12:55:00,2,0.0040640268,0.0041675386,0.9917685,2
2026-01-14 13:00:00,2,0.00600737,0.0047143437,0.9892783,2
2026-01-14 13:05:00,2,0.0037622734,0.0040450078,0.9921927,2
2026-01-14 13:10:00,2,0.003613713,0.0035410963,0.99284524,2
2026-01-14 13:15:00,2,0.0039573177,0.0038062015,0.99223644,2
2026-01-14 13:20:00,2,0.13887377,0.008640367,0.85248584,2
2026-01-14 13:25:00,2,0.08648458,0.0072183223,0.9062971,2
2026-01-14 13:30:00,2,0.1578328,0.008441656,0.8337256,2
2026-01-14 13:35:00,2,0.1627013,0.007997744,0.82930094,2
2026-01-14 13:40:00,2,0.24635279,0.06938688,0.6842603,2
2026-01-14 13:45:00,2,0.19717935,0.073396556,0.7294241,2
2026-01-14 13:50:00,2,0.31486747,0.054811228,0.6303213,2
2026-01-14 13:55:00,2,0.005620034,0.036363315,0.95801663,2
2026-01-14 14:00:00,2,0.006690129,0.044131342,0.9491785,2
2026-01-14 14:05:00,2,0.012268205,0.07956801,0.9081638,2
2026-01-14 14:10:00,1,0.17162375,0.2646726,0.56370366,1
2026-01-14 14:15:00,2,0.19058323,0.26957762,0.53983915,1
2026-01-14 14:20:00,2,0.008287424,0.06723545,0.9244771,2
2026-01-14 14:25:00,0,0.21256627,0.28414148,0.50329226,1
2026-01-14 14:30:00,0,0.19433856,0.25261223,0.5530492,1
2026-01-14 14:35:00,0,0.22483054,0.2787935,0.49637598,1
2026-01-14 14:40:00,2,0.20706758,0.30860645,0.48432598,1
2026-01-14 14:45:00,2,0.24112616,0.29977438,0.45909944,1
2026-01-14 14:50:00,2,0.22053623,0.24104078,0.538423,2
2026-01-14 14:55:00,2,0.22413376,0.3242793,0.45158696,1
2026-01-14 15:00:00,2,0.24117078,0.31854212,0.4402871,1
2026-01-14 15:05:00,2,0.2298913,0.3384296,0.43167904,1
2026-01-14 15:10:00,2,0.2448161,0.32007617,0.43510768,1
2026-01-14 15:15:00,2,0.21438009,0.27941656,0.50620335,1
2026-01-14 15:20:00,2,0.22935589,0.2856539,0.4849902,1
2026-01-14 15:25:00,2,0.21391399,0.25996816,0.52611786,2
2026-01-16 09:15:00,2,0.049946766,0.012374328,0.93767893,2
2026-01-16 09:20:00,2,0.1997712,0.3253518,0.47487703,1
2026-01-16 09:25:00,2,0.1948362,0.30413356,0.5010302,1
2026-01-16 09:30:00,2,0.18912105,0.37851217,0.43236682,1
2026-01-16 09:35:00,0,0.19075508,0.34116578,0.46807912,1
2026-01-16 09:40:00,2,0.22130546,0.28459567,0.49409893,1
2026-01-16 09:45:00,2,0.17678772,0.21640596,0.6068063,2
2026-01-16 09:50:00,2,0.16130523,0.16910592,0.6695888,2
2026-01-16 09:55:00,0,0.18288307,0.22622171,0.59089524,2
2026-01-16 10:00:00,0,0.18495348,0.20219171,0.61285484,2
2026-01-16 10:05:00,0,0.13349955,0.13638191,0.7301186,2
2026-01-16 10:10:00,2,0.019800693,0.0036313545,0.9765679,2
2026-01-16 10:15:00,2,0.020632096,0.00344567,0.9759222,2
2026-01-16 10:20:00,2,0.018422583,0.0029971993,0.97858024,2
2026-01-16 10:25:00,2,0.021960935,0.0023488146,0.97569025,2
2026-01-16 10:30:00,2,0.030029852,0.002576962,0.9673932,2
2026-01-16 10:35:00,2,0.05451297,0.004212955,0.94127405,2
2026-01-16 10:40:00,2,0.40464163,0.2146799,0.38067847,0
2026-01-16 10:45:00,2,0.12812318,0.009232343,0.86264443,2
2026-01-16 10:50:00,2,0.42834482,0.22107455,0.35058063,0
2026-01-16 10:55:00,2,0.4188769,0.23671345,0.34440964,0
2026-01-16 11:00:00,2,0.4168904,0.25261292,0.33049667,0
2026-01-16 11:05:00,2,0.34970188,0.23926687,0.4110313,0
2026-01-16 11:10:00,2,0.341222,0.27248248,0.38629553,0
2026-01-16 11:15:00,2,0.33931822,0.2829808,0.37770098,0
2026-01-16 11:20:00,2,0.3279618,0.29152045,0.38051778,2
2026-01-16 11:25:00,2,0.27867597,0.3094064,0.4119176,2
2026-01-16 11:30:00,2,0.303214,0.31141445,0.3853715,2
2026-01-16 11:35:00,2,0.29611015,0.30068204,0.40320787,2
2026-01-16 11:40:00,2,0.30893,0.30643398,0.38463604,2
2026-01-16 11:45:00,2,0.26623002,0.302389,0.431381,2
2026-01-16 11:50:00,2,0.26432887,0.325326,0.4103452,1
2026-01-16 11:55:00,2,0.013818138,0.10806652,0.87811536,2
2026-01-16 12:00:00,0,0.26018673,0.30301932,0.43679395,2
2026-01-16 12:05:00,2,0.23795366,0.26107582,0.50097054,2
2026-01-16 12:10:00,1,0.23012266,0.23890209,0.5309753,2
2026-01-16 12:15:00,1,0.24835655,0.2710586,0.48058483,2
2026-01-16 12:20:00,1,0.22995989,0.27216002,0.49788007,2
2026-01-16 12:25:00,2,0.016761078,0.11061869,0.8726202,2
2026-01-16 12:30:00,2,0.36166075,0.31939948,0.3189398,2
2026-01-16 12:35:00,2,0.35153773,0.31753644,0.33092585,2
2026-01-16 12:40:00,2,0.35770354,0.31260863,0.32968783,2
2026-01-16 12:45:00,1,0.32809344,0.32304248,0.34886408,2
2026-01-16 12:50:00,1,0.33435526,0.32426617,0.34137857,2
2026-01-16 12:55:00,1,0.3545579,0.3148154,0.33062673,2
2026-01-16 13:00:00,2,0.24974795,0.13160846,0.6186436,2
2026-01-16 13:05:00,2,0.25269356,0.13854201,0.60876447,2
2026-01-16 13:10:00,2,0.26067385,0.101189524,0.6381366,2
2026-01-16 13:15:00,2,0.24628861,0.11098641,0.642725,2
2026-01-16 13:20:00,2,0.32111174,0.090354234,0.58853406,0
2026-01-16 13:25:00,2,0.23536226,0.13749915,0.6271386,2
2026-01-16 13:30:00,2,0.23503062,0.13331757,0.6316518,2
2026-01-16 13:35:00,2,0.15423112,0.12637962,0.71938926,2
2026-01-16 13:40:00,2,0.01204479,0.074690156,0.91326505,2
2026-01-16 13:45:00,2,0.21320763,0.30779377,0.47899857,1
2026-01-16 13:50:00,2,0.014769303,0.08716894,0.89806175,2
2026-01-16 13:55:00,2,0.011471117,0.06850329,0.9200255,2
2026-01-16 14:00:00,2,0.012392261,0.072897114,0.91471064,2
2026-01-16 14:05:00,2,0.008575679,0.058024716,0.9333996,2
2026-01-16 14:10:00,2,0.22195143,0.32578555,0.45226306,1
2026-01-16 14:15:00,2,0.19324681,0.27126783,0.5354854,1
2026-01-16 14:20:00,2,0.1819974,0.28573975,0.5322629,1
2026-01-16 14:25:00,2,0.20721507,0.32385486,0.46893004,1
2026-01-16 14:30:00,2,0.20217317,0.3174993,0.48032746,1
2026-01-16 14:35:00,2,0.17574893,0.3436732,0.4805779,1
2026-01-16 14:40:00,2,0.16992347,0.28132856,0.54874796,1
2026-01-16 14:45:00,2,0.18983637,0.31308103,0.49708268,1
2026-01-16 14:50:00,2,0.19395417,0.32464477,0.481401,1
2026-01-16 14:55:00,2,0.18695195,0.2920449,0.5210031,1
2026-01-16 15:00:00,2,0.17873159,0.30011824,0.5211502,1
2026-01-16 15:05:00,2,0.16195527,0.28170386,0.5563409,1
2026-01-16 15:10:00,2,0.16750795,0.2704785,0.56201357,1
2026-01-16 15:15:00,2,0.16043326,0.25864077,0.580926,1
2026-01-16 15:20:00,2,0.1577096,0.24648258,0.5958078,2
2026-01-16 15:25:00,2,0.17216891,0.2597155,0.56811565,1
2026-01-19 09:15:00,2,0.0070963325,0.06110404,0.9317996,2
2026-01-19 09:20:00,2,0.0061977785,0.04868621,0.94511604,2
2026-01-19 09:25:00,2,0.004270876,0.04866359,0.9470655,2
2026-01-19 09:30:00,2,0.0496339,0.1655571,0.78480905,2
2026-01-19 09:35:00,2,0.0075854403,0.06608116,0.9263334,2
2026-01-19 09:40:00,2,0.010729183,0.13167335,0.85759753,2
2026-01-19 09:45:00,2,0.008988145,0.11712747,0.87388444,2
2026-01-19 09:50:00,2,0.009865784,0.14150575,0.8486284,2
2026-01-19 09:55:00,2,0.018981112,0.43454254,0.54647636,1
2026-01-19 10:00:00,2,0.014460439,0.4677177,0.51782185,1
2026-01-19 10:05:00,2,0.019248554,0.37894434,0.6018071,1
2026-01-19 10:10:00,2,0.01550347,0.4583983,0.5260982,1
2026-01-19 10:15:00,2,0.12264019,0.30842632,0.5689335,1
2026-01-19 10:20:00,2,0.13312496,0.29400092,0.5728741,1
2026-01-19 10:25:00,2,0.015069006,0.48261678,0.5023142,1
2026-01-19 10:30:00,2,0.015852975,0.45552588,0.5286212,1
2026-01-19 10:35:00,2,0.020482754,0.528853,0.45066422,1
2026-01-19 10:40:00,0,0.2549086,0.4290358,0.31605563,1
2026-01-19 10:45:00,0,0.23573744,0.40706885,0.35719368,1
2026-01-19 10:50:00,0,0.2037137,0.42230064,0.37398562,1
2026-01-19 10:55:00,2,0.22109121,0.4325305,0.34637833,1
2026-01-19 11:00:00,1,0.21994199,0.44812277,0.33193526,1
2026-01-19 11:05:00,1,0.23178427,0.4263814,0.34183437,1
2026-01-19 11:10:00,2,0.22645748,0.4245915,0.348951,1
2026-01-19 11:15:00,2,0.19290653,0.42941073,0.37768272,1
2026-01-19 11:20:00,2,0.20081781,0.42524624,0.3739359,1
2026-01-19 11:25:00,0,0.19647902,0.4019663,0.40155473,1
2026-01-19 11:30:00,2,0.18346417,0.38829204,0.42824376,1
2026-01-19 11:35:00,2,0.1975238,0.3412405,0.4612357,1
2026-01-19 11:40:00,2,0.2115825,0.33423066,0.45418686,1
2026-01-19 11:45:00,2,0.1952156,0.32859862,0.47618586,1
2026-01-19 11:50:00,1,0.19015288,0.329482,0.4803651,1
2026-01-19 11:55:00,2,0.17329355,0.3703952,0.45631126,1
2026-01-19 12:00:00,0,0.17273122,0.3876204,0.4396484,1
2026-01-19 12:05:00,2,0.15998507,0.37957495,0.46043995,1
2026-01-19 12:10:00,2,0.17295952,0.34993118,0.47710928,1
2026-01-19 12:15:00,2,0.20232393,0.31721747,0.4804586,1
2026-01-19 12:20:00,2,0.17103527,0.3863307,0.44263408,1
2026-01-19 12:25:00,2,0.16534191,0.37852925,0.45612878,1
2026-01-19 12:30:00,2,0.14562619,0.37597334,0.47840047,1
2026-01-19 12:35:00,0,0.16631676,0.35689348,0.47678974,1
2026-01-19 12:40:00,0,0.15244213,0.35955837,0.48799944,1
2026-01-19 12:45:00,0,0.14907284,0.35573137,0.49519575,1
2026-01-19 12:50:00,2,0.18935959,0.34599978,0.4646406,1
2026-01-19 12:55:00,2,0.18149726,0.3086483,0.5098545,1
2026-01-19 13:00:00,2,0.17794426,0.30816594,0.51388985,1
2026-01-19 13:05:00,2,0.18011406,0.3007838,0.5191021,1
2026-01-19 13:10:00,2,0.1794053,0.38866514,0.43192953,1
2026-01-19 13:15:00,2,0.18564591,0.3526891,0.46166503,1
2026-01-19 13:20:00,0,0.16904202,0.37004334,0.4609146,1
2026-01-19 13:25:00,2,0.1717494,0.35633588,0.47191468,1
2026-01-19 13:30:00,0,0.20861995,0.30807194,0.48330808,1
2026-01-19 13:35:00,0,0.14988077,0.21020137,0.6399179,2
2026-01-19 13:40:00,0,0.16448452,0.2782771,0.5572384,1
2026-01-19 13:45:00,0,0.17109919,0.24638292,0.58251786,2
2026-01-19 13:50:00,2,0.033371508,0.008084683,0.95854384,2
2026-01-19 13:55:00,2,0.037975296,0.008496174,0.9535285,2
2026-01-19 14:00:00,2,0.030674182,0.007299178,0.96202666,2
2026-01-19 14:05:00,2,0.0308866,0.0071458314,0.9619675,2
2026-01-19 14:10:00,2,0.1914876,0.2929624,0.51554996,1
2026-01-19 14:15:00,2,0.19649225,0.2197042,0.58380353,2
2026-01-19 14:20:00,2,0.17630813,0.20491831,0.6187736,2
2026-01-19 14:25:00,2,0.19426078,0.28272364,0.5230156,1
2026-01-19 14:30:00,2,0.17531843,0.22531018,0.59937143,2
2026-01-19 14:35:00,2,0.17512009,0.19235843,0.63252145,2
2026-01-19 14:40:00,2,0.19880481,0.19563662,0.6055586,2
2026-01-19 14:45:00,2,0.18068986,0.18029468,0.6390155,2
2026-01-19 14:50:00,2,0.20167355,0.19929424,0.5990322,2
2026-01-19 14:55:00,2,0.2921576,0.024825187,0.6830172,2
2026-01-19 15:00:00,2,0.22532892,0.24238737,0.5322837,2
2026-01-19 15:05:00,2,0.18502471,0.2713287,0.5436466,1
2026-01-19 15:10:00,2,0.16436902,0.25148195,0.58414906,1
2026-01-19 15:15:00,2,0.1889569,0.2840994,0.52694374,1
2026-01-19 15:20:00,2,0.022484278,0.2960282,0.6814875,2
2026-01-19 15:25:00,2,0.008993486,0.06145544,0.92955106,2
2026-01-20 09:15:00,2,0.009001089,0.069539204,0.92145973,2
2026-01-20 09:20:00,2,0.006942574,0.04407335,0.948984,2
2026-01-20 09:25:00,2,0.005271256,0.034620617,0.96010816,2
2026-01-20 09:30:00,2,0.006280549,0.048498895,0.94522053,2
2026-01-20 09:35:00,2,0.0051078205,0.034723956,0.96016824,2
2026-01-20 09:40:00,2,0.00621502,0.062221546,0.9315635,2
2026-01-20 09:45:00,2,0.0061098817,0.06202356,0.9318666,2
2026-01-20 09:50:00,2,0.004926073,0.040725045,0.95434886,2
2026-01-20 09:55:00,2,0.1764131,0.3600715,0.46351534,1
2026-01-20 10:00:00,2,0.1591106,0.33968014,0.5012092,1
2026-01-20 10:05:00,2,0.14430562,0.29336774,0.56232667,1
2026-01-20 10:10:00,2,0.1605034,0.3134948,0.52600175,1
2026-01-20 10:15:00,2,0.16932993,0.298277,0.5323931,1
2026-01-20 10:20:00,2,0.17398772,0.29182673,0.5341855,1
2026-01-20 10:25:00,2,0.15992163,0.25519648,0.58488184,1
2026-01-20 10:30:00,2,0.1531132,0.2584106,0.58847624,1
2026-01-20 10:35:00,2,0.28793913,0.36521882,0.34684205,1
2026-01-20 10:40:00,2,0.28824136,0.36678082,0.34497786,1
2026-01-20 10:45:00,2,0.26331225,0.36125836,0.37542936,1
2026-01-20 10:50:00,2,0.23461612,0.4014048,0.36397907,1
2026-01-20 10:55:00,2,0.23457193,0.39711308,0.36831498,1
2026-01-20 11:00:00,2,0.21458574,0.4047025,0.38071176,1
2026-01-20 11:05:00,2,0.0118711265,0.09230385,0.8958251,2
2026-01-20 11:10:00,2,0.009767984,0.08876539,0.90146655,2
2026-01-20 11:15:00,2,0.19367224,0.37827286,0.42805484,1
2026-01-20 11:20:00,2,0.18053071,0.3717642,0.44770512,1
2026-01-20 11:25:00,2,0.15766443,0.36907917,0.4732564,1
2026-01-20 11:30:00,2,0.15133461,0.33684605,0.51181936,1
2026-01-20 11:35:00,2,0.14758885,0.33041885,0.52199227,1
2026-01-20 11:40:00,2,0.13246654,0.3281058,0.53942764,1
2026-01-20 11:45:00,2,0.12279653,0.29501003,0.5821935,1
2026-01-20 11:50:00,1,0.13893783,0.2659004,0.5951618,1
2026-01-20 11:55:00,1,0.15063432,0.3547001,0.49466556,1
2026-01-20 12:00:00,2,0.16937035,0.3867891,0.44384047,1
2026-01-20 12:05:00,2,0.00910129,0.10453775,0.886361,2
2026-01-20 12:10:00,2,0.16496128,0.33270353,0.5023352,1
2026-01-20 12:15:00,2,0.15070578,0.30196708,0.54732716,1
2026-01-20 12:20:00,2,0.011750672,0.098687604,0.8895617,2
2026-01-20 12:25:00,2,0.16902569,0.34121543,0.4897589,1
2026-01-20 12:30:00,2,0.1724577,0.30572155,0.5218207,1
2026-01-20 12:35:00,2,0.16490535,0.29628122,0.5388134,1
2026-01-20 12:40:00,2,0.006466004,0.049336582,0.9441975,2
2026-01-20 12:45:00,2,0.17005444,0.30022812,0.52971745,1
2026-01-20 12:50:00,2,0.1372087,0.2864291,0.5763622,1
2026-01-20 12:55:00,2,0.14519317,0.30156592,0.55324095,1
2026-01-20 13:00:00,2,0.15868944,0.2828682,0.55844235,1
2026-01-20 13:05:00,2,0.14550719,0.27977744,0.5747154,1
2026-01-20 13:10:00,2,0.14783052,0.27967197,0.5724975,1
2026-01-20 13:15:00,1,0.13517013,0.27699643,0.58783346,1
2026-01-20 13:20:00,1,0.137806,0.32872203,0.53347194,1
2026-01-20 13:25:00,1,0.13133857,0.3057423,0.56291914,1
2026-01-20 13:30:00,1,0.013538755,0.3297781,0.65668315,2
2026-01-20 13:35:00,2,0.010948839,0.34579816,0.64325297,1
2026-01-20 13:40:00,2,0.007869617,0.3327899,0.6593405,2
2026-01-20 13:45:00,2,0.007334418,0.3184282,0.6742374,2
2026-01-20 13:50:00,2,0.008048693,0.3342249,0.65772635,2
2026-01-20 13:55:00,2,0.009629679,0.32506385,0.66530645,2
2026-01-20 14:00:00,2,0.14909069,0.3283667,0.5225426,1
2026-01-20 14:05:00,2,0.011331116,0.41036943,0.5782994,1
2026-01-20 14:10:00,2,0.013885039,0.35584337,0.6302716,1
2026-01-20 14:15:00,2,0.014569492,0.3780631,0.6073674,1
2026-01-20 14:20:00,2,0.12503251,0.3154044,0.55956304,1
2026-01-20 14:25:00,1,0.12839861,0.35641983,0.51518154,1
2026-01-20 14:30:00,1,0.114848964,0.3086883,0.5764627,1
2026-01-20 14:35:00,2,0.1408289,0.35137215,0.50779897,1
2026-01-20 14:40:00,1,0.12708037,0.37820175,0.49471784,1
2026-01-20 14:45:00,1,0.12467409,0.29989994,0.575426,1
2026-01-20 14:50:00,1,0.014262309,0.41891623,0.56682146,1
2026-01-20 14:55:00,1,0.008914566,0.436692,0.5543934,1
2026-01-20 15:00:00,2,0.0072411527,0.48623392,0.506525,1
2026-01-20 15:05:00,2,0.007392337,0.4468979,0.5457098,1
2026-01-20 15:10:00,2,0.0057749413,0.3641645,0.63006055,1
2026-01-20 15:15:00,2,0.005188634,0.33852613,0.6562853,2
2026-01-20 15:20:00,2,0.004447482,0.30283448,0.6927181,2
2026-01-20 15:25:00,2,0.23085025,0.37778074,0.39136901,1
2026-01-21 09:15:00,2,0.44881263,0.3458524,0.20533496,0
2026-01-21 09:20:00,2,0.49444398,0.30400118,0.20155478,0
2026-01-21 09:25:00,2,0.050519157,0.5854347,0.3640462,1
2026-01-21 09:30:00,1,0.45780548,0.31106806,0.23112644,0
2026-01-21 09:35:00,2,0.49997634,0.31639847,0.18362516,0
2026-01-21 09:40:00,2,0.4826572,0.3063781,0.21096472,0
2026-01-21 09:45:00,2,0.47551727,0.32453245,0.19995026,0
2026-01-21 09:50:00,2,0.47126582,0.33708224,0.19165197,0
2026-01-21 09:55:00,2,0.04273201,0.641482,0.315786,1
2026-01-21 10:00:00,2,0.04186082,0.59792364,0.36021554,1
2026-01-21 10:05:00,1,0.037031528,0.54969394,0.4132745,1
2026-01-21 10:10:00,1,0.044859864,0.49588406,0.45925608,1
2026-01-21 10:15:00,1,0.024821451,0.48087648,0.4943021,1
2026-01-21 10:20:00,2,0.016058424,0.52288985,0.46105176,1
2026-01-21 10:25:00,1,0.013937285,0.46663186,0.5194308,1
2026-01-21 10:30:00,1,0.014476748,0.38768062,0.5978426,1
2026-01-21 10:35:00,1,0.021291671,0.52331173,0.45539656,1
2026-01-21 10:40:00,1,0.015265854,0.59300816,0.391726,1
2026-01-21 10:45:00,1,0.012722247,0.5600572,0.4272205,1
2026-01-21 10:50:00,2,0.012603953,0.5437503,0.44364575,1
2026-01-21 10:55:00,2,0.03007431,0.59736115,0.37256458,1
2026-01-21 11:00:00,2,0.033948474,0.52655166,0.43949986,1
2026-01-21 11:05:00,2,0.042559065,0.51384425,0.44359663,1
2026-01-21 11:10:00,1,0.47764277,0.32927534,0.19308184,0
2026-01-21 11:15:00,1,0.4493401,0.36990002,0.18075994,0
2026-01-21 11:20:00,2,0.45070165,0.37609616,0.17320216,0
2026-01-21 11:25:00,2,0.45644227,0.38138264,0.16217506,0
2026-01-21 11:30:00,2,0.46352986,0.38515782,0.1513124,0
2026-01-21 11:35:00,2,0.43276912,0.4049171,0.1623138,2
2026-01-21 11:40:00,0,0.4317614,0.4017,0.16653861,2
2026-01-21 11:45:00,0,0.42932814,0.39170828,0.17896353,2
2026-01-21 11:50:00,0,0.4722406,0.35860473,0.16915469,0
2026-01-21 11:55:00,0,0.3968451,0.43279,0.17036484,2
2026-01-21 12:00:00,0,0.6342572,0.033690687,0.33205214,0
2026-01-21 12:05:00,0,0.6278688,0.03393655,0.3381947,0
2026-01-21 12:10:00,2,0.6352326,0.026114484,0.3386529,0
2026-01-21 12:15:00,0,0.62334555,0.025455343,0.35119912,0
2026-01-21 12:20:00,0,0.6111623,0.023913974,0.3649237,0
2026-01-21 12:25:00,0,0.44334692,0.40758914,0.14906394,2
2026-01-21 12:30:00,0,0.47720945,0.349989,0.17280154,0
2026-01-21 12:35:00,0,0.60014343,0.026677398,0.37317917,0
2026-01-21 12:40:00,0,0.6082686,0.02010973,0.3716217,0
2026-01-21 12:45:00,2,0.5933916,0.016027082,0.3905813,0
2026-01-21 12:50:00,2,0.56672996,0.015999949,0.41727003,0
2026-01-21 12:55:00,2,0.5929818,0.015821354,0.39119685,0
2026-01-21 13:00:00,2,0.5674253,0.015465589,0.4171091,0
2026-01-21 13:05:00,1,0.464759,0.37005758,0.16518337,0
2026-01-21 13:10:00,1,0.49297717,0.32567465,0.18134815,0
2026-01-21 13:15:00,1,0.48259288,0.33020142,0.18720572,0
2026-01-21 13:20:00,2,0.4744372,0.3406874,0.1848754,0
2026-01-21 13:25:00,2,0.47078103,0.33840153,0.19081748,0
2026-01-21 13:30:00,2,0.48595908,0.35367543,0.1603655,0
2026-01-21 13:35:00,1,0.41291034,0.3336957,0.25339395,0
2026-01-21 13:40:00,1,0.35531464,0.34942353,0.29526186,2
2026-01-21 13:45:00,1,0.34429955,0.3478674,0.307833,2
2026-01-21 13:50:00,2,0.36094716,0.3637055,0.2753473,2
2026-01-21 13:55:00,2,0.33666328,0.28710955,0.37622717,2
2026-01-21 14:00:00,2,0.28853363,0.3223986,0.38906774,2
2026-01-21 14:05:00,2,0.015912578,0.09240768,0.8916797,2
2026-01-21 14:10:00,2,0.013933695,0.083273046,0.9027933,2
2026-01-21 14:15:00,2,0.34731922,0.36957195,0.2831088,2
2026-01-21 14:20:00,2,0.34190503,0.3751346,0.28296039,2
2026-01-21 14:25:00,2,0.32681006,0.3347285,0.33846146,2
2026-01-21 14:30:00,2,0.31304544,0.38777882,0.2991757,1
2026-01-21 14:35:00,2,0.2860154,0.36102092,0.35296366,1
2026-01-21 14:40:00,2,0.31179023,0.3758624,0.3123474,1
2026-01-21 14:45:00,2,0.27718404,0.31389326,0.40892267,2
2026-01-21 14:50:00,2,0.2933126,0.35133004,0.35535735,1
2026-01-21 14:55:00,2,0.2859648,0.3587933,0.35524195,1
2026-01-21 15:00:00,2,0.30608794,0.3659525,0.32795957,1
2026-01-21 15:05:00,2,0.30443057,0.32044768,0.3751217,2
2026-01-21 15:10:00,2,0.26489884,0.34904695,0.38605425,1
2026-01-21 15:15:00,2,0.24744087,0.3040249,0.44853416,1
2026-01-21 15:20:00,2,0.23484701,0.30985957,0.45529342,1
2026-01-21 15:25:00,2,0.2853773,0.3193034,0.3953193,2
2026-01-22 09:15:00,2,0.04971045,0.2677336,0.682556,2
2026-01-22 09:20:00,2,0.043695223,0.19843246,0.75787234,2
2026-01-22 09:25:00,2,0.02831732,0.005204377,0.9664783,2
2026-01-22 09:30:00,2,0.02458125,0.0042879772,0.9711307,2
2026-01-22 09:35:00,2,0.034235794,0.0047126436,0.9610516,2
2026-01-22 09:40:00,2,0.049997054,0.0053250273,0.94467795,2
2026-01-22 09:45:00,2,0.035106797,0.003470152,0.961423,2
2026-01-22 09:50:00,2,0.07704339,0.012812186,0.9101444,2
2026-01-22 09:55:00,2,0.335541,0.031335417,0.6331236,0
2026-01-22 10:00:00,2,0.26668796,0.39110482,0.3422072,1
2026-01-22 10:05:00,2,0.20866403,0.37205133,0.41928467,1
2026-01-22 10:10:00,1,0.24997921,0.3647656,0.3852552,1
2026-01-22 10:15:00,2,0.2761025,0.3658028,0.35809472,1
2026-01-22 10:20:00,1,0.2197847,0.35046273,0.4297526,1
2026-01-22 10:25:00,2,0.33710188,0.30921182,0.3536863,2
2026-01-22 10:30:00,2,0.35028347,0.3911167,0.25859982,2
2026-01-22 10:35:00,2,0.41710684,0.39956158,0.18333161,2
2026-01-22 10:40:00,1,0.3760503,0.4091952,0.21475449,2
2026-01-22 10:45:00,1,0.39586428,0.40815848,0.1959772,2
2026-01-22 10:50:00,1,0.37147287,0.41186598,0.21666108,2
2026-01-22 10:55:00,2,0.014124692,0.06074451,0.92513084,2
2026-01-22 11:00:00,2,0.020405412,0.1070274,0.8725672,2
2026-01-22 11:05:00,2,0.01642782,0.10172731,0.88184494,2
2026-01-22 11:10:00,2,0.013196792,0.07351237,0.9132908,2
2026-01-22 11:15:00,2,0.012491211,0.07737174,0.9101371,2
2026-01-22 11:20:00,2,0.3041978,0.47540754,0.22039467,1
2026-01-22 11:25:00,1,0.29969227,0.47231552,0.22799224,1
2026-01-22 11:30:00,1,0.30386502,0.47311148,0.22302349,1
2026-01-22 11:35:00,1,0.30005258,0.46377495,0.23617248,1
2026-01-22 11:40:00,2,0.3265172,0.40931135,0.26417148,1
2026-01-22 11:45:00,2,0.3284588,0.43888807,0.2326531,1
2026-01-22 11:50:00,0,0.32759708,0.4081315,0.26427135,1
2026-01-22 11:55:00,0,0.3139965,0.111247286,0.5747562,2
2026-01-22 12:00:00,0,0.32548803,0.42956442,0.24494755,1
2026-01-22 12:05:00,2,0.2979182,0.4390053,0.2630765,1
2026-01-22 12:10:00,2,0.0055672843,0.0067506274,0.98768204,2
2026-01-22 12:15:00,2,0.0053579863,0.0063886014,0.98825336,2
2026-01-22 12:20:00,2,0.006232031,0.007773746,0.9859942,2
2026-01-22 12:25:00,2,0.007942402,0.01320152,0.97885615,2
2026-01-22 12:30:00,2,0.006192688,0.012688928,0.9811183,2
2026-01-22 12:35:00,2,0.0062775826,0.007536462,0.9861859,2
2026-01-22 12:40:00,2,0.006399149,0.0081239715,0.9854769,2
2026-01-22 12:45:00,2,0.0058749304,0.0076154894,0.9865096,2
2026-01-22 12:50:00,2,0.006472965,0.0074416134,0.9860854,2
2026-01-22 12:55:00,2,0.009687849,0.007743301,0.98256886,2
2026-01-22 13:00:00,2,0.006790945,0.006782812,0.98642623,2
2026-01-22 13:05:00,2,0.009051088,0.0072090374,0.9837399,2
2026-01-22 13:10:00,2,0.08269394,0.008090047,0.90921605,2
2026-01-22 13:15:00,2,0.00623691,0.005783644,0.9879794,2
2026-01-22 13:20:00,2,0.005854907,0.0055055106,0.9886396,2
2026-01-22 13:25:00,2,0.11590119,0.0077977926,0.87630105,2
2026-01-22 13:30:00,2,0.005472905,0.0062716235,0.9882555,2
2026-01-22 13:35:00,2,0.0046885777,0.0054019294,0.9899095,2
2026-01-22 13:40:00,2,0.0048357216,0.0060077705,0.9891565,2
2026-01-22 13:45:00,2,0.0045651286,0.0059531587,0.9894817,2
2026-01-22 13:50:00,2,0.0044310465,0.007052074,0.9885169,2
2026-01-22 13:55:00,2,0.0043645715,0.006001739,0.9896337,2
2026-01-22 14:00:00,2,0.0048005637,0.006603017,0.9885964,2
2026-01-22 14:05:00,2,0.0046594976,0.0067007462,0.9886397,2
2026-01-22 14:10:00,2,0.008974776,0.0075314045,0.9834938,2
2026-01-22 14:15:00,2,0.0066113654,0.00609915,0.9872895,2
2026-01-22 14:20:00,2,0.004817934,0.007271506,0.9879105,2
2026-01-22 14:25:00,2,0.0047233314,0.0070066997,0.9882699,2
2026-01-22 14:30:00,2,0.007614869,0.33116844,0.6612167,2
2026-01-22 14:35:00,2,0.008239461,0.34209225,0.6496683,1
2026-01-22 14:40:00,2,0.0074263997,0.35032442,0.64224917,1
2026-01-22 14:45:00,1,0.00648791,0.33998382,0.6535283,2
2026-01-22 14:50:00,2,0.0053694444,0.009301985,0.9853286,2
2026-01-22 14:55:00,2,0.0049656453,0.012739977,0.9822943,2
2026-01-22 15:00:00,2,0.0056814156,0.008346701,0.98597187,2
2026-01-22 15:05:00,2,0.0053131464,0.009161591,0.9855253,2
2026-01-22 15:10:00,2,0.0060413424,0.008554516,0.9854042,2
2026-01-22 15:15:00,2,0.006192603,0.009738589,0.9840688,2
2026-01-22 15:20:00,2,0.006282746,0.011732768,0.98198444,2
2026-01-22 15:25:00,2,0.008015403,0.08709146,0.9048931,2
2026-01-23 09:15:00,2,0.008078784,0.0067378404,0.9851834,2
2026-01-23 09:20:00,2,0.009014381,0.010587555,0.980398,2
2026-01-23 09:25:00,2,0.0055977567,0.008541463,0.9858608,2
2026-01-23 09:30:00,2,0.006851495,0.006778334,0.9863702,2
2026-01-23 09:35:00,2,0.0060876026,0.00629719,0.9876152,2
2026-01-23 09:40:00,2,0.0065383855,0.0056311726,0.98783046,2
2026-01-23 09:45:00,2,0.007062752,0.0063322657,0.986605,2
2026-01-23 09:50:00,2,0.0060295076,0.004860472,0.98911,2
2026-01-23 09:55:00,2,0.0059289024,0.005168756,0.9889023,2
2026-01-23 10:00:00,2,0.005887064,0.0053367335,0.98877615,2
2026-01-23 10:05:00,2,0.0055974685,0.0049412353,0.98946124,2
2026-01-23 10:10:00,2,0.0044738385,0.0033283657,0.9921978,2
2026-01-23 10:15:00,2,0.006122379,0.0046149204,0.98926264,2
2026-01-23 10:20:00,2,0.00435549,0.0036444257,0.9920001,2
2026-01-23 10:25:00,2,0.004987,0.0043876516,0.9906254,2
2026-01-23 10:30:00,2,0.0052787983,0.004490384,0.99023086,2
2026-01-23 10:35:00,2,0.0057642455,0.004350734,0.989885,2
2026-01-23 10:40:00,2,0.0058436133,0.0044149384,0.98974144,2
2026-01-23 10:45:00,2,0.005809527,0.004661738,0.9895287,2
2026-01-23 10:50:00,2,0.005566449,0.0045169666,0.9899166,2
2026-01-23 10:55:00,2,0.0050542806,0.0042025656,0.9907431,2
2026-01-23 11:00:00,2,0.0059391367,0.004727488,0.98933333,2
2026-01-23 11:05:00,2,0.004695664,0.004025821,0.99127847,2
2026-01-23 11:10:00,2,0.0039205505,0.0038484875,0.99223095,2
2026-01-23 11:15:00,2,0.004179863,0.0041052136,0.9917149,2
2026-01-23 11:20:00,2,0.0038292953,0.003861072,0.9923097,2
2026-01-23 11:25:00,2,0.0033888447,0.0035694903,0.99304163,2
2026-01-23 11:30:00,2,0.005359799,0.0039534965,0.9906867,2
2026-01-23 11:35:00,2,0.101205744,0.007922725,0.8908716,2
2026-01-23 11:40:00,2,0.11212836,0.007303784,0.88056785,2
2026-01-23 11:45:00,2,0.17888987,0.007670812,0.81343925,2
2026-01-23 11:50:00,2,0.0691372,0.007380548,0.92348224,2
2026-01-23 11:55:00,1,0.21753831,0.37475643,0.40770525,1
2026-01-23 12:00:00,2,0.22205304,0.37849906,0.3994479,1
2026-01-23 12:05:00,2,0.2752504,0.107696265,0.61705333,2
2026-01-23 12:10:00,2,0.01100509,0.07222887,0.91676605,2
2026-01-23 12:15:00,2,0.22287372,0.39057162,0.38655466,1
2026-01-23 12:20:00,2,0.23587362,0.37637988,0.3877465,1
2026-01-23 12:25:00,2,0.23384453,0.398336,0.3678195,1
2026-01-23 12:30:00,2,0.24346262,0.42261907,0.3339183,1
2026-01-23 12:35:00,2,0.20356634,0.4199263,0.3765074,1
2026-01-23 12:40:00,2,0.22206263,0.41730398,0.36063343,1
2026-01-23 12:45:00,2,0.25872493,0.44584098,0.29543412,1
2026-01-23 12:50:00,1,0.25435147,0.4314786,0.31417,1
2026-01-23 12:55:00,2,0.24948426,0.44598982,0.30452594,1
2026-01-23 13:00:00,1,0.267727,0.40522882,0.3270442,1
2026-01-23 13:05:00,1,0.25622243,0.41110197,0.33267555,1
2026-01-23 13:10:00,1,0.2519864,0.40937212,0.3386414,1
2026-01-23 13:15:00,2,0.006925429,0.05593257,0.93714195,2
2026-01-23 13:20:00,2,0.0058712666,0.045326255,0.9488024,2
2026-01-23 13:25:00,2,0.0048165685,0.041488167,0.95369524,2
2026-01-23 13:30:00,2,0.004541839,0.03665798,0.9588002,2
2026-01-23 13:35:00,2,0.003056392,0.033806458,0.9631372,2
2026-01-23 13:40:00,2,0.007821581,0.4056787,0.58649975,1
2026-01-23 13:45:00,2,0.008423253,0.42821616,0.5633606,1
2026-01-23 13:50:00,2,0.010104214,0.38162905,0.6082668,1
2026-01-23 13:55:00,2,0.008773432,0.40298507,0.5882415,1
2026-01-23 14:00:00,2,0.11853824,0.39904988,0.48241186,1
2026-01-23 14:05:00,2,0.1230363,0.36790165,0.50906205,1
2026-01-23 14:10:00,2,0.14497852,0.41753364,0.4374878,1
2026-01-23 14:15:00,2,0.015813017,0.49967232,0.48451462,1
2026-01-23 14:20:00,2,0.012645738,0.4613773,0.52597696,1
2026-01-23 14:25:00,2,0.19025092,0.46482563,0.3449234,1
2026-01-23 14:30:00,1,0.17022288,0.47402525,0.3557519,1
2026-01-23 14:35:00,2,0.1794242,0.46200562,0.35857016,1
2026-01-23 14:40:00,2,0.18363014,0.47106534,0.34530452,1
2026-01-23 14:45:00,2,0.1888981,0.46940526,0.34169668,1
2026-01-23 14:50:00,1,0.19078329,0.47513366,0.3340831,1
2026-01-23 14:55:00,1,0.1892345,0.47399908,0.3367664,1
2026-01-23 15:00:00,2,0.2043129,0.44132102,0.35436606,1
2026-01-23 15:05:00,2,0.15636303,0.44829792,0.395339,1
2026-01-23 15:10:00,2,0.1648756,0.37717077,0.4579536,1
2026-01-23 15:15:00,2,0.19060543,0.40931097,0.40008357,1
2026-01-23 15:20:00,2,0.16965736,0.3448074,0.48553523,1
2026-01-23 15:25:00,2,0.17920057,0.41514593,0.40565345,1
2026-01-27 09:15:00,2,0.38538647,0.3919114,0.22270216,2
2026-01-27 09:20:00,2,0.017610302,0.5086446,0.4737451,1
2026-01-27 09:25:00,2,0.018422326,0.5982852,0.38329244,1
2026-01-27 09:30:00,0,0.38896266,0.39221457,0.21882279,2
2026-01-27 09:35:00,0,0.35917556,0.43124464,0.20957975,1
2026-01-27 09:40:00,2,0.3920487,0.31205922,0.29589206,0
2026-01-27 09:45:00,2,0.43910956,0.02761272,0.53327775,0
2026-01-27 09:50:00,2,0.37733498,0.34311947,0.27954555,2
2026-01-27 09:55:00,2,0.36101708,0.39804688,0.240936,2
2026-01-27 10:00:00,0,0.3644914,0.3964797,0.23902893,2
2026-01-27 10:05:00,0,0.34535965,0.4112777,0.24336258,1
2026-01-27 10:10:00,2,0.43543196,0.32130313,0.24326491,0
2026-01-27 10:15:00,1,0.45919907,0.24646656,0.29433444,0
2026-01-27 10:20:00,1,0.43020457,0.23298995,0.33680546,0
2026-01-27 10:25:00,1,0.44234046,0.3382222,0.21943733,0
2026-01-27 10:30:00,1,0.37401506,0.33625114,0.28973383,2
2026-01-27 10:35:00,1,0.46378735,0.35372463,0.18248804,0
2026-01-27 10:40:00,1,0.52765673,0.35801208,0.1143312,0
2026-01-27 10:45:00,1,0.5067387,0.35309896,0.14016232,0
2026-01-27 10:50:00,0,0.4620388,0.37458837,0.1633729,0
2026-01-27 10:55:00,2,0.05872672,0.55082655,0.39044672,1
2026-01-27 11:00:00,0,0.497294,0.36599815,0.13670784,0
2026-01-27 11:05:00,2,0.53270125,0.32644954,0.1408492,0
2026-01-27 11:10:00,0,0.45156115,0.33617562,0.21226323,0
2026-01-27 11:15:00,2,0.38161466,0.39835283,0.22003256,2
2026-01-27 11:20:00,0,0.37901187,0.41615248,0.20483562,2
2026-01-27 11:25:00,0,0.39365634,0.41484988,0.19149382,2
2026-01-27 11:30:00,0,0.39263996,0.4158402,0.19151986,2
2026-01-27 11:35:00,2,0.35222298,0.44372374,0.20405325,1
2026-01-27 11:40:00,2,0.55876523,0.028154356,0.4130804,0
2026-01-27 11:45:00,2,0.39107382,0.43748286,0.1714433,2
2026-01-27 11:50:00,0,0.38330814,0.43356985,0.18312204,1
2026-01-27 11:55:00,2,0.35821342,0.46089774,0.18088885,1
2026-01-27 12:00:00,2,0.36667117,0.4604886,0.17284025,1
2026-01-27 12:05:00,2,0.37715095,0.4217561,0.20109294,2
2026-01-27 12:10:00,2,0.39818338,0.41074857,0.19106808,2
2026-01-27 12:15:00,2,0.40995848,0.40564173,0.18439978,2
2026-01-27 12:20:00,1,0.4256592,0.37214953,0.20219126,0
2026-01-27 12:25:00,2,0.40822923,0.39985916,0.19191161,2
2026-01-27 12:30:00,1,0.4141221,0.3952566,0.19062126,2
2026-01-27 12:35:00,2,0.41634077,0.3940753,0.18958394,2
2026-01-27 12:40:00,2,0.41853186,0.37355086,0.20791726,2
2026-01-27 12:45:00,2,0.46023127,0.33954284,0.20022583,0
2026-01-27 12:50:00,2,0.4418935,0.35331362,0.20479292,0
2026-01-27 12:55:00,2,0.38837978,0.36425638,0.2473638,2
2026-01-27 13:00:00,2,0.4218777,0.3630111,0.21511124,0
2026-01-27 13:05:00,2,0.38630235,0.37650016,0.23719747,2
2026-01-27 13:10:00,0,0.35830936,0.38081768,0.26087293,2
2026-01-27 13:15:00,2,0.33350888,0.36100554,0.30548564,2
2026-01-27 13:20:00,1,0.36229497,0.35933238,0.27837265,2
2026-01-27 13:25:00,1,0.35857874,0.35989204,0.28152922,2
2026-01-27 13:30:00,1,0.35845196,0.3915753,0.24997269,2
2026-01-27 13:35:00,2,0.20561866,0.14787838,0.646503,2
2026-01-27 13:40:00,2,0.3262561,0.3520054,0.32173848,2
2026-01-27 13:45:00,1,0.2970987,0.35877845,0.3441229,1
2026-01-27 13:50:00,2,0.33308417,0.32055214,0.34636366,2
2026-01-27 13:55:00,2,0.299431,0.37008086,0.33048815,1
2026-01-27 14:00:00,2,0.3624482,0.30838656,0.32916528,0
2026-01-27 14:05:00,2,0.32563117,0.36454108,0.3098278,2
2026-01-27 14:10:00,2,0.2919487,0.3906614,0.3173899,1
2026-01-27 14:15:00,2,0.26163694,0.3500045,0.38835856,1
2026-01-27 14:20:00,0,0.29849336,0.37165415,0.32985246,1
2026-01-27 14:25:00,0,0.27891478,0.34758717,0.37349802,1
2026-01-27 14:30:00,0,0.28854397,0.33617604,0.37527996,2
2026-01-27 14:35:00,0,0.2358252,0.35485318,0.40932158,1
2026-01-27 14:40:00,0,0.26471353,0.34680945,0.38847703,1
2026-01-27 14:45:00,2,0.06679543,0.245232,0.68797255,2
2026-01-27 14:50:00,2,0.05403747,0.1415027,0.80445987,2
2026-01-27 14:55:00,2,0.07261244,0.18135463,0.74603295,2
2026-01-27 15:00:00,2,0.28972232,0.3471039,0.36317375,1
2026-01-27 15:05:00,2,0.08930867,0.23778939,0.6729019,2
2026-01-27 15:10:00,2,0.034712788,0.008276559,0.9570106,2
2026-01-27 15:15:00,2,0.030705195,0.0060794232,0.96321535,2
2026-01-27 15:20:00,2,0.032384794,0.005488618,0.9621266,2
2026-01-27 15:25:00,2,0.032507643,0.0045685144,0.9629238,2
2026-01-28 09:15:00,2,0.03172887,0.0040634107,0.9642077,2
2026-01-28 09:20:00,2,0.02577744,0.003412553,0.97081,2
2026-01-28 09:25:00,2,0.04695377,0.0030915586,0.9499547,2
2026-01-28 09:30:00,2,0.11660628,0.015332229,0.86806154,2
2026-01-28 09:35:00,2,0.09940861,0.013997707,0.8865937,2
2026-01-28 09:40:00,2,0.25556192,0.33095706,0.413481,1
2026-01-28 09:45:00,2,0.2450563,0.3474066,0.40753716,1
2026-01-28 09:50:00,2,0.24330881,0.35769826,0.39899296,1
2026-01-28 09:55:00,1,0.2658484,0.3240462,0.41010538,1
2026-01-28 10:00:00,2,0.26808923,0.3505098,0.38140097,1
2026-01-28 10:05:00,2,0.28261322,0.35897976,0.35840702,1
2026-01-28 10:10:00,2,0.2537545,0.36618853,0.38005695,1
2026-01-28 10:15:00,2,0.21730319,0.35152015,0.43117663,1
2026-01-28 10:20:00,2,0.2044742,0.30321392,0.49231192,1
2026-01-28 10:25:00,2,0.21055977,0.31604636,0.47339383,1
2026-01-28 10:30:00,2,0.20797017,0.30825913,0.48377064,1
2026-01-28 10:35:00,2,0.31338635,0.33166882,0.3549448,2
2026-01-28 10:40:00,2,0.34435415,0.3418093,0.31383654,2
2026-01-28 10:45:00,0,0.34327978,0.35699806,0.29972216,2
2026-01-28 10:50:00,0,0.3228147,0.33293575,0.34424958,2
2026-01-28 10:55:00,0,0.3418493,0.3097536,0.3483971,2
2026-01-28 11:00:00,2,0.35448846,0.2937734,0.35173815,0
2026-01-28 11:05:00,2,0.34919965,0.28509137,0.36570895,0
2026-01-28 11:10:00,2,0.35710192,0.24266012,0.40023804,0
2026-01-28 11:15:00,2,0.3249032,0.25580835,0.41928852,0
2026-01-28 11:20:00,2,0.43201497,0.02124335,0.54674166,0
2026-01-28 11:25:00,2,0.44539547,0.023469789,0.5311348,0
2026-01-28 11:30:00,2,0.43379748,0.023241568,0.54296094,0
2026-01-28 11:35:00,2,0.2943085,0.35630935,0.34938213,1
2026-01-28 11:40:00,0,0.28337836,0.3647026,0.351919,1
2026-01-28 11:45:00,2,0.27314398,0.34573257,0.3811235,1
2026-01-28 11:50:00,2,0.23972124,0.30867112,0.4516076,1
2026-01-28 11:55:00,2,0.25423416,0.2790929,0.46667296,2
2026-01-28 12:00:00,1,0.2515304,0.24477199,0.5036976,2
2026-01-28 12:05:00,1,0.25662908,0.3150066,0.42836437,1
2026-01-28 12:10:00,1,0.22532289,0.2970626,0.4776145,1
2026-01-28 12:15:00,2,0.23543508,0.3150545,0.44951048,1
2026-01-28 12:20:00,2,0.24470066,0.3679347,0.38736466,1
2026-01-28 12:25:00,2,0.01166318,0.10357451,0.88476235,2
2026-01-28 12:30:00,2,0.22673033,0.3634428,0.40982684,1
2026-01-28 12:35:00,2,0.20620927,0.34470102,0.44908974,1
2026-01-28 12:40:00,2,0.21182428,0.3835458,0.4046299,1
2026-01-28 12:45:00,2,0.010816437,0.11390058,0.875283,2
2026-01-28 12:50:00,2,0.011517848,0.12830307,0.8601791,2
2026-01-28 12:55:00,2,0.0111156525,0.101186946,0.8876974,2
2026-01-28 13:00:00,2,0.18967357,0.3720935,0.43823293,1
2026-01-28 13:05:00,2,0.013124948,0.14019006,0.846685,2
2026-01-28 13:10:00,1,0.16440593,0.33736092,0.49823314,1
2026-01-28 13:15:00,1,0.16341098,0.37065545,0.4659336,1
2026-01-28 13:20:00,2,0.01454211,0.12868503,0.85677284,2
2026-01-28 13:25:00,2,0.015420871,0.12973583,0.8548433,2
2026-01-28 13:30:00,2,0.012219736,0.12798403,0.8597962,2
2026-01-28 13:35:00,2,0.00819224,0.08651771,0.90529007,2
2026-01-28 13:40:00,2,0.0066768057,0.051951285,0.94137186,2
2026-01-28 13:45:00,2,0.0070138914,0.05326964,0.93971646,2
2026-01-28 13:50:00,2,0.22870287,0.3608514,0.4104457,1
2026-01-28 13:55:00,2,0.18553045,0.29060665,0.5238629,1
2026-01-28 14:00:00,2,0.19359727,0.29223606,0.51416665,1
2026-01-28 14:05:00,2,0.21776439,0.29558173,0.4866539,1
2026-01-28 14:10:00,2,0.22750306,0.33416626,0.43833065,1
2026-01-28 14:15:00,2,0.2037804,0.32521453,0.47100508,1
2026-01-28 14:20:00,2,0.2052941,0.30710134,0.4876046,1
2026-01-28 14:25:00,2,0.1960965,0.3013181,0.5025854,1
2026-01-28 14:30:00,0,0.18743199,0.35268354,0.4598844,1
2026-01-28 14:35:00,0,0.18938407,0.33201554,0.47860038,1
2026-01-28 14:40:00,0,0.1500586,0.32966664,0.52027476,1
2026-01-28 14:45:00,2,0.03567076,0.012865981,0.9514632,2
2026-01-28 14:50:00,2,0.02972507,0.010707252,0.9595677,2
2026-01-28 14:55:00,2,0.028585317,0.008529513,0.96288514,2
2026-01-28 15:00:00,2,0.028306758,0.008045913,0.96364737,2
2026-01-28 15:05:00,2,0.036787067,0.008441225,0.9547717,2
2026-01-28 15:10:00,2,0.038678765,0.007290391,0.9540308,2
2026-01-28 15:15:00,2,0.03177627,0.005983648,0.9622401,2
2026-01-28 15:20:00,2,0.024233662,0.0054967883,0.97026956,2
2026-01-28 15:25:00,2,0.04800472,0.00913012,0.94286513,2
2026-01-29 09:15:00,2,0.29501918,0.37700105,0.32797974,1
2026-01-29 09:20:00,1,0.25278106,0.34980017,0.39741877,1
2026-01-29 09:25:00,1,0.24952492,0.35148743,0.3989877,1
2026-01-29 09:30:00,1,0.24633755,0.33745372,0.41620874,1
2026-01-29 09:35:00,2,0.013617544,0.06489857,0.9214839,2
2026-01-29 09:40:00,2,0.01093721,0.056796737,0.932266,2
2026-01-29 09:45:00,2,0.21505405,0.4120258,0.3729201,1
2026-01-29 09:50:00,2,0.009731439,0.059080478,0.9311881,2
2026-01-29 09:55:00,2,0.014646084,0.10825965,0.8770943,2
2026-01-29 10:00:00,2,0.2486424,0.42464843,0.32670918,1
2026-01-29 10:05:00,2,0.044847917,0.17894742,0.77620465,2
2026-01-29 10:10:00,2,0.20042892,0.40679792,0.3927732,1
2026-01-29 10:15:00,2,0.19649662,0.37984854,0.42365488,1
2026-01-29 10:20:00,2,0.22738607,0.4004657,0.3721482,1
2026-01-29 10:25:00,2,0.20304954,0.42311415,0.3738363,1
2026-01-29 10:30:00,2,0.21202898,0.39958304,0.38838795,1
2026-01-29 10:35:00,0,0.28810436,0.46372265,0.24817304,1
2026-01-29 10:40:00,0,0.31531355,0.44108215,0.2436043,1
2026-01-29 10:45:00,0,0.29477265,0.43320122,0.2720261,1
2026-01-29 10:50:00,0,0.29043147,0.44958743,0.25998107,1
2026-01-29 10:55:00,0,0.26347724,0.47588274,0.26064008,1
2026-01-29 11:00:00,0,0.27457026,0.44486395,0.2805658,1
2026-01-29 11:05:00,0,0.25355208,0.47837004,0.26807788,1
2026-01-29 11:10:00,2,0.25246343,0.4100273,0.3375093,1
2026-01-29 11:15:00,2,0.095005155,0.33053303,0.5744618,1
2026-01-29 11:20:00,1,0.07814432,0.3271288,0.59472686,1
2026-01-29 11:25:00,2,0.24963531,0.3391787,0.41118604,1
2026-01-29 11:30:00,2,0.31373966,0.4344253,0.2518351,1
2026-01-29 11:35:00,2,0.31413478,0.41688323,0.268982,1
2026-01-29 11:40:00,2,0.30287823,0.3975929,0.2995289,1
2026-01-29 11:45:00,2,0.28950587,0.41803876,0.29245535,1
2026-01-29 11:50:00,0,0.31855592,0.4187741,0.26266995,1
2026-01-29 11:55:00,2,0.30639413,0.40772748,0.2858784,1
2026-01-29 12:00:00,2,0.28267696,0.3926789,0.32464415,1
2026-01-29 12:05:00,2,0.31674054,0.3541717,0.3290878,2
2026-01-29 12:10:00,2,0.015461505,0.0242801,0.9602584,2
2026-01-29 12:15:00,2,0.014959961,0.022722425,0.9623176,2
2026-01-29 12:20:00,2,0.01692342,0.026315425,0.9567611,2
2026-01-29 12:25:00,2,0.004547069,0.005119235,0.99033374,2
2026-01-29 12:30:00,2,0.0054171714,0.007696207,0.98688656,2
2026-01-29 12:35:00,2,0.0046357317,0.0047250674,0.9906392,2
2026-01-29 12:40:00,0,0.23784433,0.33646774,0.42568794,1
2026-01-29 12:45:00,0,0.28139162,0.3352971,0.38331124,1
2026-01-29 12:50:00,2,0.0800499,0.235112,0.6848381,2
2026-01-29 12:55:00,0,0.29108518,0.33428463,0.3746302,2
2026-01-29 13:00:00,2,0.07845282,0.20874098,0.7128062,2
2026-01-29 13:05:00,2,0.07360777,0.2155993,0.71079296,2
2026-01-29 13:10:00,2,0.103202194,0.014309064,0.8824887,2
2026-01-29 13:15:00,0,0.29731914,0.35882553,0.34385535,1
2026-01-29 13:20:00,0,0.27244377,0.3193832,0.40817305,2
2026-01-29 13:25:00,0,0.30627716,0.34971628,0.3440066,2
2026-01-29 13:30:00,2,0.10722604,0.014828567,0.8779454,2
2026-01-29 13:35:00,2,0.03120216,0.0048107714,0.9639871,2
2026-01-29 13:40:00,2,0.03447998,0.0025953196,0.9629247,2
2026-01-29 13:45:00,2,0.034564402,0.002421518,0.9630141,2
2026-01-29 13:50:00,2,0.03148012,0.0024421366,0.9660778,2
2026-01-29 13:55:00,2,0.2378019,0.005986577,0.7562116,2
2026-01-29 14:00:00,2,0.30102336,0.0122614065,0.68671525,2
2026-01-29 14:05:00,2,0.27603722,0.22902873,0.49493408,2
2026-01-29 14:10:00,2,0.34567595,0.16217244,0.49215162,0
2026-01-29 14:15:00,0,0.27427155,0.19569331,0.5300352,2
2026-01-29 14:20:00,0,0.22893555,0.1347678,0.63629663,2
2026-01-29 14:25:00,2,0.2911934,0.10371021,0.60509646,2
2026-01-29 14:30:00,2,0.3263716,0.009214159,0.6644142,2
2026-01-29 14:35:00,2,0.2711091,0.101159655,0.6277312,2
2026-01-29 14:40:00,2,0.24536486,0.108137235,0.6464979,2
2026-01-29 14:45:00,2,0.2839842,0.010447997,0.70556784,2
2026-01-29 14:50:00,2,0.23581947,0.113069676,0.6511108,2
2026-01-29 14:55:00,2,0.23536083,0.12605327,0.63858587,2
2026-01-29 15:00:00,2,0.2679441,0.21426648,0.5177894,2
2026-01-29 15:05:00,2,0.27208647,0.21166627,0.5162473,2
2026-01-29 15:10:00,2,0.2441052,0.22771755,0.52817726,2
2026-01-29 15:15:00,2,0.2530831,0.20631917,0.54059774,2
2026-01-29 15:20:00,2,0.22170885,0.20464973,0.57364136,2
2026-01-29 15:25:00,2,0.22874685,0.19138679,0.5798664,2
2026-01-30 09:15:00,2,0.02408977,0.45576918,0.52014107,1
2026-01-30 09:20:00,2,0.023418086,0.43739212,0.5391898,1
2026-01-30 09:25:00,2,0.023341822,0.44051117,0.536147,1
2026-01-30 09:30:00,2,0.03612495,0.43067664,0.53319836,1
2026-01-30 09:35:00,2,0.30485514,0.30115637,0.3939885,2
2026-01-30 09:40:00,2,0.2171766,0.32476467,0.45805877,1
2026-01-30 09:45:00,2,0.17260447,0.30495864,0.5224369,1
2026-01-30 09:50:00,2,0.16697039,0.2704907,0.56253886,1
2026-01-30 09:55:00,2,0.25128537,0.34720916,0.40150547,1
2026-01-30 10:00:00,2,0.26209903,0.34266078,0.39524016,1
2026-01-30 10:05:00,2,0.22827373,0.29296887,0.47875735,1
2026-01-30 10:10:00,2,0.22540076,0.24199364,0.5326056,2
2026-01-30 10:15:00,2,0.18643612,0.2065521,0.6070118,2
2026-01-30 10:20:00,2,0.23546873,0.2619267,0.50260454,2
2026-01-30 10:25:00,2,0.17061512,0.21535565,0.6140292,2
2026-01-30 10:30:00,2,0.18415123,0.25235656,0.56349224,1
2026-01-30 10:35:00,2,0.34918466,0.284075,0.36674038,0
2026-01-30 10:40:00,2,0.31960306,0.27489054,0.4055064,2
2026-01-30 10:45:00,2,0.32904357,0.2792962,0.39166027,2
2026-01-30 10:50:00,1,0.29716015,0.24961673,0.45322317,2
2026-01-30 10:55:00,1,0.2825195,0.24817792,0.46930254,2
2026-01-30 11:00:00,1,0.26419714,0.23045613,0.5053467,2
2026-01-30 11:05:00,2,0.07038645,0.12528466,0.80432886,2
2026-01-30 11:10:00,2,0.009576951,0.074515685,0.9159074,2
2026-01-30 11:15:00,2,0.009918521,0.07285996,0.9172215,2
2026-01-30 11:20:00,2,0.22338742,0.323044,0.4535686,1
2026-01-30 11:25:00,2,0.23138398,0.32614282,0.44247317,1
2026-01-30 11:30:00,2,0.013341552,0.12263571,0.8640228,2
2026-01-30 11:35:00,2,0.21775366,0.33786175,0.44438463,1
2026-01-30 11:40:00,2,0.2078875,0.31013358,0.48197892,1
2026-01-30 11:45:00,2,0.23318847,0.34450597,0.4223056,1
2026-01-30 11:50:00,2,0.24793296,0.35969353,0.3923735,1
2026-01-30 11:55:00,0,0.25465938,0.37842652,0.36691412,1
2026-01-30 12:00:00,2,0.26004857,0.3688348,0.37111664,1
2026-01-30 12:05:00,0,0.24951066,0.3686525,0.3818369,1
2026-01-30 12:10:00,2,0.32393017,0.2767211,0.39934868,2
2026-01-30 12:15:00,2,0.29666212,0.33760652,0.36573136,2
2026-01-30 12:20:00,2,0.36644924,0.24812588,0.3854249,0
2026-01-30 12:25:00,2,0.3289471,0.30556592,0.36548695,2
2026-01-30 12:30:00,2,0.33842292,0.28584296,0.37573418,0
2026-01-30 12:35:00,2,0.34121627,0.28754744,0.3712363,0
2026-01-30 12:40:00,2,0.34038037,0.29388413,0.36573547,2
2026-01-30 12:45:00,2,0.28768176,0.2989659,0.41335237,2
2026-01-30 12:50:00,1,0.30428398,0.28063184,0.41508412,2
2026-01-30 12:55:00,1,0.3050858,0.26821032,0.4267039,2
2026-01-30 13:00:00,1,0.27977693,0.35237074,0.36785233,1
2026-01-30 13:05:00,2,0.016208418,0.08303356,0.900758,2
2026-01-30 13:10:00,2,0.23013039,0.35150066,0.4183689,1
2026-01-30 13:15:00,2,0.009924664,0.067404516,0.9226708,2
2026-01-30 13:20:00,2,0.0084166,0.06674226,0.92484117,2
2026-01-30 13:25:00,2,0.010508503,0.07749853,0.91199297,2
2026-01-30 13:30:00,0,0.2095011,0.29970402,0.49079487,1
2026-01-30 13:35:00,0,0.13515502,0.21650957,0.64833546,2
2026-01-30 13:40:00,0,0.14404674,0.19987287,0.65608037,2
2026-01-30 13:45:00,0,0.2085894,0.2418489,0.54956174,2
2026-01-30 13:50:00,2,0.033925314,0.008809647,0.957265,2
2026-01-30 13:55:00,2,0.02052924,0.005665508,0.9738053,2
2026-01-30 14:00:00,2,0.03147606,0.0067273756,0.9617966,2
2026-01-30 14:05:00,2,0.025208393,0.0051147523,0.9696769,2
2026-01-30 14:10:00,2,0.055287912,0.0112079,0.9335042,2
2026-01-30 14:15:00,2,0.050623037,0.0100505315,0.93932647,2
2026-01-30 14:20:00,2,0.23116063,0.20383438,0.565005,2
2026-01-30 14:25:00,2,0.24547529,0.25216764,0.50235707,2
2026-01-30 14:30:00,2,0.23671345,0.28014258,0.48314402,2
2026-01-30 14:35:00,2,0.2591492,0.21603829,0.5248126,2
2026-01-30 14:40:00,0,0.26960117,0.2706449,0.45975396,2
2026-01-30 14:45:00,1,0.30481517,0.20617403,0.48901075,2
2026-01-30 14:50:00,1,0.22422323,0.16155067,0.61422616,2
2026-01-30 14:55:00,1,0.28474662,0.20256342,0.51268995,2
2026-01-30 15:00:00,2,0.29914814,0.3140622,0.38678968,2
2026-01-30 15:05:00,2,0.24651437,0.28053954,0.47294614,2
2026-01-30 15:10:00,2,0.2356947,0.24583212,0.51847315,2
2026-01-30 15:15:00,2,0.2638106,0.2721355,0.46405393,2
2026-01-30 15:20:00,2,0.24254578,0.24156311,0.5158911,2
2026-01-30 15:25:00,2,0.2544075,0.27761146,0.46798098,2
2026-02-03 09:15:00,1,0.17008485,0.2031686,0.62674654,2
2026-02-03 09:20:00,2,0.16210671,0.18513823,0.652755,2
2026-02-03 09:25:00,2,0.15958188,0.0103224,0.8300957,2
2026-02-03 09:30:00,2,0.22954252,0.012295432,0.758162,2
2026-02-03 09:35:00,2,0.20015809,0.013304826,0.7865371,2
2026-02-03 09:40:00,2,0.29236934,0.012066827,0.6955638,2
2026-02-03 09:45:00,2,0.290427,0.014154219,0.6954188,2
2026-02-03 09:50:00,1,0.50797564,0.22392656,0.2680978,0
2026-02-03 09:55:00,2,0.51936483,0.22326577,0.2573694,0
2026-02-03 10:00:00,0,0.4928444,0.24875547,0.25840014,0
2026-02-03 10:05:00,0,0.5508917,0.18930297,0.25980535,0
2026-02-03 10:10:00,0,0.45448413,0.23461124,0.31090465,0
2026-02-03 10:15:00,0,0.38600266,0.22241558,0.39158177,0
2026-02-03 10:20:00,2,0.3668543,0.21290983,0.4202359,0
2026-02-03 10:25:00,2,0.34611633,0.22202557,0.43185812,0
2026-02-03 10:30:00,2,0.51907736,0.017575566,0.4633471,0
2026-02-03 10:35:00,2,0.5502236,0.017843079,0.43193334,0
2026-02-03 10:40:00,2,0.47094512,0.2624308,0.26662415,0
2026-02-03 10:45:00,0,0.5013206,0.27326053,0.22541888,0
2026-02-03 10:50:00,2,0.43609363,0.29901132,0.26489508,0
2026-02-03 10:55:00,2,0.4076765,0.31491005,0.27741346,0
2026-02-03 11:00:00,2,0.4376712,0.28235325,0.27997547,0
2026-02-03 11:05:00,2,0.43414268,0.3010436,0.26481372,0
2026-02-03 11:10:00,0,0.43788362,0.29894578,0.26317057,0
2026-02-03 11:15:00,0,0.40412426,0.31657463,0.2793011,0
2026-02-03 11:20:00,0,0.4867982,0.27245054,0.24075128,0
2026-02-03 11:25:00,0,0.43460682,0.21724933,0.34814385,0
2026-02-03 11:30:00,2,0.57823336,0.01526301,0.4065036,0
2026-02-03 11:35:00,2,0.576089,0.021398252,0.40251273,0
2026-02-03 11:40:00,2,0.54546106,0.016862907,0.43767604,0
2026-02-03 11:45:00,2,0.41223925,0.30194768,0.28581303,0
2026-02-03 11:50:00,2,0.40899777,0.28821364,0.3027886,0
2026-02-03 11:55:00,2,0.42601454,0.25797477,0.31601062,0
2026-02-03 12:00:00,2,0.38823602,0.30065086,0.3111131,0
2026-02-03 12:05:00,2,0.38191754,0.3230134,0.29506907,0
2026-02-03 12:10:00,1,0.4390196,0.2421823,0.31879812,0
2026-02-03 12:15:00,1,0.4076994,0.27529085,0.3170097,0
2026-02-03 12:20:00,2,0.41893497,0.24734898,0.33371603,0
2026-02-03 12:25:00,2,0.40351683,0.29905543,0.29742774,0
2026-02-03 12:30:00,2,0.3818842,0.3096768,0.30843902,0
2026-02-03 12:35:00,2,0.40414456,0.30510005,0.2907554,0
2026-02-03 12:40:00,2,0.31262806,0.30994883,0.37742305,2
2026-02-03 12:45:00,2,0.33963183,0.30035475,0.36001346,2
2026-02-03 12:50:00,2,0.32807523,0.27968848,0.39223626,2
2026-02-03 12:55:00,2,0.31772435,0.29672337,0.38555232,2
2026-02-03 13:00:00,2,0.32408807,0.27485803,0.40105394,2
2026-02-03 13:05:00,2,0.35504836,0.30305883,0.3418928,0
2026-02-03 13:10:00,2,0.2822516,0.3082467,0.4095017,2
2026-02-03 13:15:00,1,0.27092382,0.28104717,0.44802898,2
2026-02-03 13:20:00,2,0.2507896,0.25251865,0.49669167,2
2026-02-03 13:25:00,0,0.3687467,0.33105615,0.30019712,2
2026-02-03 13:30:00,2,0.038803183,0.411611,0.5495858,1
2026-02-03 13:35:00,0,0.2770851,0.29338098,0.42953393,2
2026-02-03 13:40:00,2,0.22823603,0.2655796,0.50618434,2
2026-02-03 13:45:00,2,0.19074085,0.23490793,0.57435125,2
2026-02-03 13:50:00,2,0.21846338,0.25372037,0.52781624,2
2026-02-03 13:55:00,2,0.27386338,0.27965525,0.4464814,2
2026-02-03 14:00:00,2,0.27305305,0.28671724,0.44022965,2
2026-02-03 14:05:00,2,0.22884387,0.27256155,0.49859455,2
2026-02-03 14:10:00,2,0.2393567,0.2741112,0.48653206,2
2026-02-03 14:15:00,2,0.23691088,0.21354167,0.54954743,2
2026-02-03 14:20:00,2,0.2292002,0.19651648,0.5742833,2
2026-02-03 14:25:00,2,0.17340568,0.16463442,0.6619599,2
2026-02-03 14:30:00,2,0.26374656,0.25505078,0.48120266,2
2026-02-03 14:35:00,2,0.1944372,0.18237633,0.62318647,2
2026-02-03 14:40:00,0,0.22378851,0.23088986,0.5453216,2
2026-02-03 14:45:00,1,0.20021786,0.22448537,0.5752968,2
2026-02-03 14:50:00,1,0.17688565,0.2254167,0.5976977,2
2026-02-03 14:55:00,1,0.2175427,0.23959309,0.5428642,2
2026-02-03 15:00:00,2,0.056354973,0.09186618,0.85177886,2
2026-02-03 15:05:00,2,0.012306012,0.060951736,0.9267423,2
2026-02-03 15:10:00,2,0.03942269,0.10034546,0.8602319,2
2026-02-03 15:15:00,2,0.27517512,0.29366347,0.4311614,2
2026-02-03 15:20:00,2,0.23437883,0.20979497,0.5558262,2
2026-02-03 15:25:00,2,0.2712565,0.24053277,0.48821074,2
2026-02-04 09:15:00,0,0.3836344,0.37052083,0.24584474,2
2026-02-04 09:20:00,2,0.31045577,0.38713497,0.3024093,1
2026-02-04 09:25:00,2,0.33349994,0.41301382,0.25348625,1
2026-02-04 09:30:00,2,0.33365747,0.4052026,0.26113996,1
2026-02-04 09:35:00,2,0.3276378,0.4234981,0.24886416,1
2026-02-04 09:40:00,2,0.3367428,0.33731687,0.3259403,2
2026-02-04 09:45:00,2,0.29007253,0.30618635,0.40374115,2
2026-02-04 09:50:00,2,0.3562583,0.3727811,0.27096063,2
2026-02-04 09:55:00,2,0.3353478,0.32814437,0.33650783,2
2026-02-04 10:00:00,2,0.31749806,0.30427262,0.37822935,2
2026-02-04 10:05:00,1,0.29601252,0.275132,0.42885545,2
2026-02-04 10:10:00,2,0.3738047,0.22316615,0.40302914,0
2026-02-04 10:15:00,2,0.3457324,0.25436124,0.3999064,0
2026-02-04 10:20:00,2,0.3506006,0.2686417,0.38075772,0
2026-02-04 10:25:00,2,0.3273574,0.2321376,0.440505,0
2026-02-04 10:30:00,2,0.37357634,0.26499963,0.361424,0
2026-02-04 10:35:00,2,0.47879735,0.29780686,0.22339581,0
2026-02-04 10:40:00,2,0.39312616,0.327936,0.27893785,0
2026-02-04 10:45:00,2,0.36489117,0.32822597,0.30688283,2
2026-02-04 10:50:00,2,0.38463664,0.328407,0.28695637,0
2026-02-04 10:55:00,2,0.38885236,0.31440115,0.29674643,0
2026-02-04 11:00:00,1,0.34368145,0.34807166,0.30824694,2
2026-02-04 11:05:00,1,0.35043773,0.35854927,0.291013,2
2026-02-04 11:10:00,1,0.38032034,0.33403885,0.28564078,2
2026-02-04 11:15:00,2,0.048323773,0.4180416,0.53363466,1
2026-02-04 11:20:00,2,0.041605588,0.443125,0.5152694,1
2026-02-04 11:25:00,2,0.041254144,0.43324876,0.5254971,1
2026-02-04 11:30:00,2,0.3251342,0.3802411,0.29462475,1
2026-02-04 11:35:00,2,0.31394377,0.34660655,0.33944964,2
2026-02-04 11:40:00,2,0.29052058,0.3432998,0.3661796,1
2026-02-04 11:45:00,2,0.30578482,0.35515565,0.3390595,2
2026-02-04 11:50:00,2,0.28157178,0.35212174,0.36630648,1
2026-02-04 11:55:00,2,0.23361519,0.33181083,0.434574,1
2026-02-04 12:00:00,2,0.27903736,0.34638968,0.3745729,1
2026-02-04 12:05:00,2,0.28855565,0.30712187,0.40432245,2
2026-02-04 12:10:00,2,0.2742838,0.24814548,0.4775707,2
2026-02-04 12:15:00,2,0.2910974,0.28950837,0.4193942,2
2026-02-04 12:20:00,2,0.27446616,0.3012075,0.42432627,2
2026-02-04 12:25:00,2,0.31914428,0.27704355,0.4038122,2
2026-02-04 12:30:00,2,0.30258393,0.30133802,0.39607808,2
2026-02-04 12:35:00,2,0.3070236,0.27574325,0.41723317,2
2026-02-04 12:40:00,1,0.29417887,0.29262102,0.41320008,2
2026-02-04 12:45:00,2,0.29670408,0.3202802,0.38301572,2
2026-02-04 12:50:00,2,0.27505955,0.31387702,0.41106346,2
2026-02-04 12:55:00,0,0.31286654,0.32581133,0.36132208,2
2026-02-04 13:00:00,2,0.28637323,0.30544785,0.40817887,2
2026-02-04 13:05:00,2,0.26670876,0.2723412,0.46095002,2
2026-02-04 13:10:00,2,0.20904501,0.26918346,0.52177155,1
2026-02-04 13:15:00,0,0.2140629,0.29132655,0.49461055,1
2026-02-04 13:20:00,2,0.24281725,0.2565709,0.50061184,2
2026-02-04 13:25:00,2,0.21539459,0.23600292,0.54860246,2
2026-02-04 13:30:00,2,0.2700509,0.03695165,0.69299746,2
2026-02-04 13:35:00,2,0.18325926,0.027435232,0.7893055,2
2026-02-04 13:40:00,2,0.027567245,0.008881816,0.9635509,2
2026-02-04 13:45:00,2,0.15457918,0.16142112,0.6839997,2
2026-02-04 13:50:00,2,0.038073335,0.010664959,0.9512617,2
2026-02-04 13:55:00,2,0.17876287,0.1762336,0.6450035,2
2026-02-04 14:00:00,0,0.21474813,0.22760913,0.55764276,2
2026-02-04 14:05:00,0,0.17534545,0.17925298,0.64540154,2
2026-02-04 14:10:00,2,0.11506357,0.12295547,0.76198095,2
2026-02-04 14:15:00,2,0.031321198,0.008882835,0.95979595,2
2026-02-04 14:20:00,2,0.06083508,0.017770944,0.92139405,2
2026-02-04 14:25:00,2,0.17591459,0.22938187,0.59470356,2
2026-02-04 14:30:00,2,0.1641149,0.24130683,0.59457827,2
2026-02-04 14:35:00,2,0.044249423,0.012220783,0.9435298,2
2026-02-04 14:40:00,2,0.05093021,0.014653954,0.9344158,2
2026-02-04 14:45:00,2,0.2097664,0.2736079,0.51662564,1
2026-02-04 14:50:00,2,0.18164136,0.23260874,0.5857499,2
2026-02-04 14:55:00,2,0.18425745,0.27948457,0.53625804,1
2026-02-04 15:00:00,2,0.20668836,0.27781576,0.51549584,1
2026-02-04 15:05:00,2,0.17695299,0.25780958,0.56523746,1
2026-02-04 15:10:00,2,0.15780297,0.21988198,0.62231505,2
2026-02-04 15:15:00,2,0.20926143,0.26572672,0.52501184,1
2026-02-04 15:20:00,2,0.12794244,0.1149671,0.7570904,2
2026-02-04 15:25:00,2,0.17007834,0.10174069,0.728181,2
2026-02-05 09:15:00,2,0.12912472,0.094761245,0.776114,2
2026-02-05 09:20:00,2,0.15022029,0.061555423,0.78822434,2
2026-02-05 09:25:00,2,0.0059391023,0.041642882,0.95241797,2
2026-02-05 09:30:00,2,0.007476023,0.059168722,0.9333553,2
2026-02-05 09:35:00,2,0.0057759294,0.04328144,0.9509426,2
2026-02-05 09:40:00,2,0.0043383744,0.025945269,0.96971637,2
2026-02-05 09:45:00,2,0.003718021,0.028275209,0.96800673,2
2026-02-05 09:50:00,2,0.0046616457,0.02866994,0.96666837,2
2026-02-05 09:55:00,2,0.008349427,0.06843332,0.9232173,2
2026-02-05 10:00:00,2,0.0078086243,0.063293986,0.92889744,2
2026-02-05 10:05:00,2,0.006741992,0.05127975,0.9419782,2
2026-02-05 10:10:00,2,0.15689227,0.3153675,0.5277403,1
2026-02-05 10:15:00,2,0.1295229,0.25614834,0.61432874,1
2026-02-05 10:20:00,1,0.15473154,0.26824713,0.5770213,1
2026-02-05 10:25:00,2,0.16598667,0.3177654,0.5162479,1
2026-02-05 10:30:00,2,0.1843667,0.31640995,0.49922332,1
2026-02-05 10:35:00,2,0.2955577,0.36806378,0.3363785,1
2026-02-05 10:40:00,2,0.2572023,0.39322105,0.34957668,1
2026-02-05 10:45:00,2,0.24313907,0.3898386,0.36702228,1
2026-02-05 10:50:00,0,0.24310394,0.36180434,0.3950917,1
2026-02-05 10:55:00,0,0.26130468,0.37560695,0.3630884,1
2026-02-05 11:00:00,2,0.23530953,0.39591554,0.36877495,1
2026-02-05 11:05:00,2,0.23205179,0.37692058,0.39102757,1
2026-02-05 11:10:00,2,0.22100325,0.38876787,0.3902289,1
2026-02-05 11:15:00,2,0.23295464,0.41380876,0.35323662,1
2026-02-05 11:20:00,0,0.19762298,0.39208043,0.41029662,1
2026-02-05 11:25:00,2,0.20909822,0.3757613,0.41514045,1
2026-02-05 11:30:00,2,0.19189931,0.3884851,0.41961557,1
2026-02-05 11:35:00,1,0.21504271,0.372313,0.41264427,1
2026-02-05 11:40:00,2,0.2240212,0.35246706,0.42351168,1
2026-02-05 11:45:00,2,0.2515785,0.42180267,0.32661885,1
2026-02-05 11:50:00,2,0.1885073,0.37320545,0.43828723,1
2026-02-05 11:55:00,2,0.18114941,0.35228726,0.4665633,1
2026-02-05 12:00:00,1,0.1877157,0.36418834,0.448096,1
2026-02-05 12:05:00,2,0.1914871,0.40058705,0.40792587,1
2026-02-05 12:10:00,2,0.2100748,0.36710304,0.4228222,1
2026-02-05 12:15:00,2,0.17768033,0.32434553,0.49797413,1
2026-02-05 12:20:00,2,0.20520248,0.32790712,0.46689036,1
2026-02-05 12:25:00,2,0.17265062,0.36278492,0.46456447,1
2026-02-05 12:30:00,2,0.20794141,0.3971657,0.39489284,1
2026-02-05 12:35:00,2,0.1711116,0.36864486,0.4602435,1
2026-02-05 12:40:00,2,0.17271721,0.34593758,0.48134515,1
2026-02-05 12:45:00,2,0.15097973,0.34515348,0.5038668,1
2026-02-05 12:50:00,2,0.15338045,0.3783848,0.46823475,1
2026-02-05 12:55:00,2,0.16580021,0.3978622,0.43633762,1
2026-02-05 13:00:00,2,0.15110983,0.3829125,0.4659777,1
2026-02-05 13:05:00,2,0.15116823,0.34569257,0.50313926,1
2026-02-05 13:10:00,1,0.1671013,0.35735315,0.47554553,1
2026-02-05 13:15:00,2,0.1521013,0.33790243,0.5099963,1
2026-02-05 13:20:00,2,0.15775523,0.30030075,0.54194397,1
2026-02-05 13:25:00,0,0.19215833,0.36436608,0.4434756,1
2026-02-05 13:30:00,2,0.1745392,0.37125832,0.4542025,1
2026-02-05 13:35:00,2,0.13892923,0.28689802,0.5741728,1
2026-02-05 13:40:00,2,0.14778277,0.28376928,0.56844795,1
2026-02-05 13:45:00,2,0.1342796,0.25343007,0.6122903,1
2026-02-05 13:50:00,1,0.13466096,0.29593334,0.56940573,1
2026-02-05 13:55:00,1,0.1388323,0.26142958,0.5997381,1
2026-02-05 14:00:00,2,0.13091658,0.31504726,0.5540362,1
2026-02-05 14:05:00,2,0.007931772,0.05994185,0.9321264,2
2026-02-05 14:10:00,2,0.1432288,0.28410888,0.5726623,1
2026-02-05 14:15:00,2,0.12942716,0.26579776,0.6047751,1
2026-02-05 14:20:00,0,0.14692555,0.2846676,0.5684069,1
2026-02-05 14:25:00,2,0.15141504,0.32277533,0.52580965,1
2026-02-05 14:30:00,2,0.14203866,0.30274802,0.55521333,1
2026-02-05 14:35:00,2,0.13667761,0.274684,0.58863837,1
2026-02-05 14:40:00,2,0.13810055,0.28839386,0.5735056,1
2026-02-05 14:45:00,0,0.14229251,0.31204355,0.54566395,1
2026-02-05 14:50:00,2,0.14493574,0.27826414,0.5768001,1
2026-02-05 14:55:00,2,0.1290278,0.23946078,0.63151145,2
2026-02-05 15:00:00,2,0.03336558,0.011537947,0.95509654,2
2026-02-05 15:05:00,2,0.1657943,0.3447569,0.4894488,1
2026-02-05 15:10:00,2,0.16290222,0.29464397,0.54245377,1
2026-02-05 15:15:00,2,0.1598737,0.3560006,0.4841257,1
2026-02-05 15:20:00,2,0.16558698,0.33250615,0.5019069,1
2026-02-05 15:25:00,2,0.15632544,0.3128437,0.53083086,1
2026-02-06 09:15:00,2,0.25994584,0.38702542,0.3530287,1
2026-02-06 09:20:00,2,0.045024384,0.1506535,0.80432206,2
2026-02-06 09:25:00,2,0.009537318,0.054244217,0.93621844,2
2026-02-06 09:30:00,2,0.007919161,0.044752095,0.9473287,2
2026-02-06 09:35:00,2,0.0076435115,0.039934084,0.9524224,2
2026-02-06 09:40:00,2,0.0048893173,0.03255497,0.96255577,2
2026-02-06 09:45:00,2,0.23988672,0.2763696,0.48374364,2
2026-02-06 09:50:00,2,0.17540452,0.19967332,0.6249222,2
2026-02-06 09:55:00,2,0.21729703,0.21047679,0.57222617,2
2026-02-06 10:00:00,2,0.22715111,0.29899663,0.47385228,1
2026-02-06 10:05:00,2,0.20686267,0.2572755,0.53586185,1
2026-02-06 10:10:00,2,0.006285961,0.06495984,0.92875415,2
2026-02-06 10:15:00,2,0.20666087,0.2703414,0.52299774,1
2026-02-06 10:20:00,2,0.17134576,0.24271573,0.5859385,2
2026-02-06 10:25:00,2,0.21758181,0.33177158,0.4506466,1
2026-02-06 10:30:00,2,0.17318845,0.30046615,0.52634543,1
2026-02-06 10:35:00,1,0.27437976,0.36356178,0.3620585,1
2026-02-06 10:40:00,2,0.28890136,0.36165258,0.34944606,1
2026-02-06 10:45:00,0,0.28437755,0.37283573,0.34278667,1
2026-02-06 10:50:00,0,0.28986418,0.36367238,0.34646347,1
2026-02-06 10:55:00,0,0.25183597,0.39730027,0.35086375,1
2026-02-06 11:00:00,0,0.28763562,0.3680215,0.3443429,1
2026-02-06 11:05:00,0,0.29653308,0.33662635,0.36684057,2
2026-02-06 11:10:00,2,0.3165891,0.27345097,0.40996,2
2026-02-06 11:15:00,0,0.28694695,0.26843983,0.4446132,2
2026-02-06 11:20:00,0,0.3626737,0.028801426,0.60852486,0
2026-02-06 11:25:00,0,0.22930868,0.29514962,0.47554165,1
2026-02-06 11:30:00,2,0.06544888,0.013648486,0.9209026,2
2026-02-06 11:35:00,2,0.051886983,0.0110000465,0.937113,2
2026-02-06 11:40:00,2,0.07908016,0.016405256,0.90451455,2
2026-02-06 11:45:00,2,0.066469744,0.01361402,0.9199163,2
2026-02-06 11:50:00,2,0.22086021,0.21877077,0.56036896,2
2026-02-06 11:55:00,2,0.111188985,0.02300351,0.8658075,2
2026-02-06 12:00:00,2,0.29663017,0.4005642,0.30280563,1
2026-02-06 12:05:00,1,0.32175398,0.38967994,0.28856608,1
2026-02-06 12:10:00,1,0.315722,0.37456787,0.30971014,1
2026-02-06 12:15:00,1,0.31497222,0.37024453,0.31478328,1
2026-02-06 12:20:00,2,0.38111186,0.34391004,0.27497813,2
2026-02-06 12:25:00,1,0.33385003,0.3562549,0.30989504,2
2026-02-06 12:30:00,2,0.01861312,0.086142525,0.89524436,2
2026-02-06 12:35:00,2,0.37760982,0.34680602,0.27558416,2
2026-02-06 12:40:00,2,0.35270137,0.3445547,0.30274394,2
2026-02-06 12:45:00,2,0.35069337,0.35449994,0.2948067,2
2026-02-06 12:50:00,2,0.015249092,0.07585559,0.90889525,2
2026-02-06 12:55:00,2,0.35416842,0.34580988,0.30002174,2
2026-02-06 13:00:00,2,0.3314734,0.3385163,0.3300103,2
2026-02-06 13:05:00,2,0.3243721,0.36693063,0.30869722,2
2026-02-06 13:10:00,2,0.31077716,0.335149,0.35407388,2
2026-02-06 13:15:00,2,0.26811683,0.34733972,0.3845434,1
2026-02-06 13:20:00,2,0.24507476,0.35594842,0.3989768,1
2026-02-06 13:25:00,2,0.23695402,0.36404836,0.3989976,1
2026-02-06 13:30:00,0,0.24916814,0.3848282,0.3660036,1
2026-02-06 13:35:00,0,0.19123243,0.26957935,0.5391882,1
2026-02-06 13:40:00,0,0.21579945,0.2998294,0.48437122,1
2026-02-06 13:45:00,2,0.21103342,0.2767304,0.51223624,1
2026-02-06 13:50:00,2,0.056215543,0.2607844,0.683,2
2026-02-06 13:55:00,2,0.06964739,0.28615013,0.64420253,1
2026-02-06 14:00:00,2,0.07618903,0.29985017,0.6239608,1
2026-02-06 14:05:00,2,0.052254535,0.2449681,0.7027773,2
2026-02-06 14:10:00,2,0.20170256,0.27462828,0.5236692,1
2026-02-06 14:15:00,2,0.21166523,0.2813905,0.5069443,1
2026-02-06 14:20:00,2,0.20799947,0.3235462,0.46845433,1
2026-02-06 14:25:00,0,0.20556344,0.26050273,0.5339338,1
2026-02-06 14:30:00,2,0.20667815,0.24731602,0.54600585,2
2026-02-06 14:35:00,2,0.17090411,0.23130424,0.5977916,2
2026-02-06 14:40:00,2,0.044607222,0.17312144,0.7822714,2
2026-02-06 14:45:00,0,0.199456,0.29253128,0.5080127,1
2026-02-06 14:50:00,0,0.16521256,0.22866297,0.60612446,2
2026-02-06 14:55:00,2,0.032930944,0.00820172,0.9588674,2
2026-02-06 15:00:00,2,0.021592712,0.0048977537,0.97350955,2
2026-02-06 15:05:00,2,0.02668637,0.005813794,0.96749985,2
2026-02-06 15:10:00,2,0.027319923,0.004443141,0.9682369,2
2026-02-06 15:15:00,2,0.03960755,0.006257874,0.9541346,2
2026-02-06 15:20:00,2,0.028022004,0.0042896983,0.96768826,2
2026-02-06 15:25:00,2,0.22479022,0.30515298,0.47005674,1
2026-02-09 09:15:00,2,0.055718582,0.0133941565,0.9308873,2
2026-02-09 09:20:00,2,0.044892572,0.011198076,0.94390935,2
2026-02-09 09:25:00,2,0.0518493,0.008759256,0.9393915,2
2026-02-09 09:30:00,2,0.084687,0.013515143,0.90179783,2
2026-02-09 09:35:00,2,0.21466917,0.30107993,0.48425093,1
2026-02-09 09:40:00,2,0.23661798,0.35272464,0.41065738,1
2026-02-09 09:45:00,2,0.32872123,0.02771488,0.6435639,0
2026-02-09 09:50:00,2,0.3069809,0.026004674,0.6670145,2
2026-02-09 09:55:00,2,0.2847791,0.024663111,0.6905578,2
2026-02-09 10:00:00,2,0.24473505,0.020949066,0.7343159,2
2026-02-09 10:05:00,2,0.16372183,0.23481706,0.6014611,2
2026-02-09 10:10:00,2,0.1350737,0.20441863,0.6605076,2
2026-02-09 10:15:00,2,0.1633834,0.22212812,0.6144885,2
2026-02-09 10:20:00,2,0.15993366,0.20422278,0.6358436,2
2026-02-09 10:25:00,2,0.12924658,0.18826385,0.6824896,2
2026-02-09 10:30:00,2,0.116785415,0.15390387,0.72931075,2
2026-02-09 10:35:00,0,0.3467133,0.025057355,0.6282293,0
2026-02-09 10:40:00,2,0.34348676,0.022354335,0.6341589,0
2026-02-09 10:45:00,2,0.3473696,0.028985929,0.6236445,0
2026-02-09 10:50:00,2,0.36732,0.025926426,0.6067536,0
2026-02-09 10:55:00,2,0.3025521,0.018823516,0.6786244,2
2026-02-09 11:00:00,2,0.21533932,0.22583364,0.5588271,2
2026-02-09 11:05:00,2,0.2077366,0.23141363,0.5608498,2
2026-02-09 11:10:00,2,0.21558975,0.21053012,0.57388014,2
2026-02-09 11:15:00,2,0.26120773,0.020599565,0.71819264,2
2026-02-09 11:20:00,2,0.2654362,0.017616607,0.71694714,2
2026-02-09 11:25:00,2,0.16990276,0.1869342,0.643163,2
2026-02-09 11:30:00,2,0.17839918,0.19536214,0.6262387,2
2026-02-09 11:35:00,1,0.1880532,0.1870489,0.6248979,2
2026-02-09 11:40:00,2,0.17250475,0.1896401,0.6378552,2
2026-02-09 11:45:00,2,0.17548276,0.22226246,0.60225475,2
2026-02-09 11:50:00,2,0.1880989,0.2590015,0.5528996,1
2026-02-09 11:55:00,2,0.14921372,0.23986174,0.61092454,2
2026-02-09 12:00:00,2,0.13877836,0.21458445,0.6466372,2
2026-02-09 12:05:00,2,0.13470925,0.17589928,0.68939143,2
2026-02-09 12:10:00,2,0.12175876,0.18780264,0.69043857,2
2026-02-09 12:15:00,2,0.123560034,0.18831755,0.68812245,2
2026-02-09 12:20:00,2,0.11290526,0.17239432,0.71470046,2
2026-02-09 12:25:00,2,0.12166876,0.18451567,0.6938155,2
2026-02-09 12:30:00,2,0.13163616,0.20443752,0.6639263,2
2026-02-09 12:35:00,2,0.13151295,0.20698015,0.6615069,2
2026-02-09 12:40:00,2,0.11930273,0.20071426,0.679983,2
2026-02-09 12:45:00,2,0.12531492,0.20001978,0.6746653,2
2026-02-09 12:50:00,2,0.018285038,0.25546923,0.72624576,2
2026-02-09 12:55:00,2,0.12712257,0.198578,0.6742994,2
2026-02-09 13:00:00,2,0.107729815,0.16571741,0.7265527,2
2026-02-09 13:05:00,2,0.12595351,0.1684077,0.7056388,2
2026-02-09 13:10:00,2,0.13243294,0.19081026,0.6767568,2
2026-02-09 13:15:00,2,0.12404891,0.17236541,0.7035856,2
2026-02-09 13:20:00,2,0.10937894,0.17271815,0.7179029,2
2026-02-09 13:25:00,2,0.12537801,0.208643,0.66597897,2
2026-02-09 13:30:00,2,0.13455482,0.19739349,0.6680517,2
2026-02-09 13:35:00,2,0.10234608,0.1453429,0.75231105,2
2026-02-09 13:40:00,2,0.116123766,0.15300563,0.7308706,2
2026-02-09 13:45:00,2,0.10744662,0.13988607,0.7526673,2
2026-02-09 13:50:00,2,0.098253354,0.14116338,0.7605832,2
2026-02-09 13:55:00,2,0.09432207,0.12991665,0.77576125,2
2026-02-09 14:00:00,2,0.107072756,0.15096869,0.74195856,2
2026-02-09 14:05:00,2,0.105865195,0.14186239,0.7522724,2
2026-02-09 14:10:00,2,0.08989385,0.13253246,0.7775737,2
2026-02-09 14:15:00,2,0.085854776,0.121547505,0.7925978,2
2026-02-09 14:20:00,2,0.09112792,0.11563404,0.79323804,2
2026-02-09 14:25:00,2,0.08325874,0.11317286,0.8035684,2
2026-02-09 14:30:00,2,0.08905166,0.123551734,0.78739655,2
2026-02-09 14:35:00,2,0.082607284,0.13201517,0.78537756,2
2026-02-09 14:40:00,2,0.08811097,0.13991833,0.7719707,2
2026-02-09 14:45:00,2,0.097761884,0.15247077,0.7497673,2
2026-02-09 14:50:00,2,0.117292784,0.1835745,0.6991327,2
2026-02-09 14:55:00,2,0.100623615,0.13872674,0.7606497,2
2026-02-09 15:00:00,2,0.06620336,0.08026765,0.853529,2
2026-02-09 15:05:00,2,0.028115494,0.007068967,0.96481556,2
2026-02-09 15:10:00,2,0.10945312,0.15279458,0.7377523,2
2026-02-09 15:15:00,2,0.09746084,0.15084837,0.7516908,2
2026-02-09 15:20:00,2,0.103150815,0.14607494,0.75077426,2
2026-02-09 15:25:00,2,0.09979548,0.15038405,0.74982053,2
2026-02-10 09:15:00,2,0.03838489,0.0081840055,0.95343107,2
2026-02-10 09:20:00,2,0.036889788,0.0089755235,0.9541347,2
2026-02-10 09:25:00,2,0.036455803,0.005813904,0.95773023,2
2026-02-10 09:30:00,2,0.024675794,0.0038154377,0.97150874,2
2026-02-10 09:35:00,2,0.024912156,0.003391753,0.97169614,2
2026-02-10 09:40:00,2,0.21103878,0.008721234,0.78023994,2
2026-02-10 09:45:00,2,0.23217174,0.010707783,0.7571205,2
2026-02-10 09:50:00,2,0.169217,0.23811679,0.5926662,2
2026-02-10 09:55:00,2,0.27737454,0.016171252,0.7064543,2
2026-02-10 10:00:00,2,0.23079972,0.01339431,0.75580597,2
2026-02-10 10:05:00,2,0.19882488,0.014835105,0.78634,2
2026-02-10 10:10:00,2,0.12003153,0.1341472,0.74582124,2
2026-02-10 10:15:00,2,0.24601819,0.01080084,0.74318093,2
2026-02-10 10:20:00,2,0.17551722,0.010900829,0.81358194,2
2026-02-10 10:25:00,2,0.1881837,0.01313397,0.7986824,2
2026-02-10 10:30:00,2,0.18211125,0.007843074,0.8100457,2
2026-02-10 10:35:00,2,0.1988823,0.16756214,0.63355553,2
2026-02-10 10:40:00,2,0.19431162,0.18696336,0.618725,2
2026-02-10 10:45:00,2,0.17968054,0.20816316,0.61215633,2
2026-02-10 10:50:00,2,0.17238249,0.20196387,0.6256536,2
2026-02-10 10:55:00,2,0.15475103,0.18780017,0.6574488,2
2026-02-10 11:00:00,2,0.15805186,0.16090032,0.68104786,2
2026-02-10 11:05:00,2,0.1381724,0.14037266,0.7214549,2
2026-02-10 11:10:00,2,0.12890607,0.16169994,0.709394,2
2026-02-10 11:15:00,2,0.12230496,0.15795018,0.7197448,2
2026-02-10 11:20:00,2,0.12488343,0.16735543,0.70776117,2
2026-02-10 11:25:00,2,0.1111936,0.151776,0.7370304,2
2026-02-10 11:30:00,2,0.09495192,0.136956,0.7680921,2
2026-02-10 11:35:00,2,0.10453964,0.14258201,0.7528783,2
2026-02-10 11:40:00,2,0.09383989,0.13417217,0.771988,2
2026-02-10 11:45:00,2,0.09738436,0.15129493,0.75132066,2
2026-02-10 11:50:00,2,0.10453067,0.121471114,0.7739982,2
2026-02-10 11:55:00,2,0.09308838,0.104642436,0.8022692,2
2026-02-10 12:00:00,2,0.09110442,0.10369966,0.80519587,2
2026-02-10 12:05:00,2,0.11383629,0.14214152,0.74402225,2
2026-02-10 12:10:00,2,0.11066264,0.110791594,0.7785458,2
2026-02-10 12:15:00,2,0.10761678,0.1015531,0.79083014,2
2026-02-10 12:20:00,2,0.10562352,0.12936498,0.7650115,2
2026-02-10 12:25:00,2,0.0966335,0.122857675,0.7805088,2
2026-02-10 12:30:00,0,0.08817089,0.122613415,0.7892157,2
2026-02-10 12:35:00,2,0.09653494,0.11724557,0.7862195,2
2026-02-10 12:40:00,2,0.10221945,0.098295316,0.7994852,2
2026-02-10 12:45:00,2,0.16705853,0.011056684,0.82188475,2
2026-02-10 12:50:00,2,0.107213795,0.10215042,0.7906358,2
2026-02-10 12:55:00,2,0.10753932,0.10202956,0.7904311,2
2026-02-10 13:00:00,2,0.12209002,0.1307774,0.7471326,2
2026-02-10 13:05:00,1,0.13745955,0.12331152,0.7392289,2
2026-02-10 13:10:00,1,0.120003834,0.11652277,0.76347345,2
2026-02-10 13:15:00,1,0.17758156,0.2702606,0.5521579,1
2026-02-10 13:20:00,2,0.023775259,0.3460824,0.6301424,1
2026-02-10 13:25:00,2,0.18017836,0.29251716,0.5273045,1
2026-02-10 13:30:00,2,0.022687502,0.3770085,0.60030395,1
2026-02-10 13:35:00,2,0.022368565,0.26735356,0.7102779,2
2026-02-10 13:40:00,2,0.13207221,0.2095598,0.65836805,2
2026-02-10 13:45:00,2,0.023770733,0.28078285,0.69544643,2
2026-02-10 13:50:00,2,0.11543885,0.19104022,0.69352096,2
2026-02-10 13:55:00,2,0.16318431,0.24813834,0.5886773,2
2026-02-10 14:00:00,2,0.02235252,0.2971408,0.6805067,2
2026-02-10 14:05:00,2,0.18515351,0.27546364,0.5393828,1
2026-02-10 14:10:00,2,0.16075633,0.22896922,0.61027443,2
2026-02-10 14:15:00,2,0.15737492,0.22873612,0.6138889,2
2026-02-10 14:20:00,2,0.16707742,0.2378405,0.59508204,2
2026-02-10 14:25:00,2,0.1411652,0.2235802,0.6352546,2
2026-02-10 14:30:00,2,0.13324217,0.21530314,0.65145475,2
2026-02-10 14:35:00,2,0.13651522,0.22499163,0.6384931,2
2026-02-10 14:40:00,2,0.12733251,0.23894086,0.6337266,2
2026-02-10 14:45:00,2,0.12280455,0.22219802,0.65499747,2
2026-02-10 14:50:00,2,0.10157925,0.189092,0.7093287,2
2026-02-10 14:55:00,2,0.11341768,0.17919691,0.7073854,2
2026-02-10 15:00:00,2,0.14030558,0.18885198,0.6708424,2
2026-02-10 15:05:00,2,0.11510014,0.16923104,0.71566886,2
2026-02-10 15:10:00,2,0.1493224,0.2796132,0.5710644,1
2026-02-10 15:15:00,2,0.15654162,0.30755705,0.53590137,1
2026-02-10 15:20:00,2,0.15011576,0.26414734,0.58573693,1
2026-02-10 15:25:00,2,0.14038074,0.252985,0.60663426,1
2026-02-11 09:15:00,2,0.054797947,0.015388586,0.9298135,2
2026-02-11 09:20:00,1,0.15479101,0.26314148,0.5820675,1
2026-02-11 09:25:00,2,0.14621115,0.22204381,0.63174504,2
2026-02-11 09:30:00,2,0.14873268,0.3554795,0.49578777,1
2026-02-11 09:35:00,2,0.1565322,0.28893644,0.5545314,1
2026-02-11 09:40:00,2,0.14156151,0.25895724,0.5994812,1
2026-02-11 09:45:00,2,0.12057913,0.22248065,0.6569402,2
2026-02-11 09:50:00,2,0.14099896,0.26726058,0.5917405,1
2026-02-11 09:55:00,2,0.11862192,0.21840091,0.66297716,2
2026-02-11 10:00:00,2,0.17486762,0.26910073,0.5560317,1
2026-02-11 10:05:00,2,0.08546481,0.17357032,0.74096483,2
2026-02-11 10:10:00,0,0.11542535,0.20380202,0.6807726,2
2026-02-11 10:15:00,2,0.103129886,0.2072419,0.68962824,2
2026-02-11 10:20:00,2,0.075565726,0.13941033,0.7850239,2
2026-02-11 10:25:00,2,0.07644246,0.16386338,0.75969416,2
2026-02-11 10:30:00,2,0.081184134,0.17981811,0.73899776,2
2026-02-11 10:35:00,2,0.16053994,0.2827885,0.5566716,1
2026-02-11 10:40:00,2,0.16675526,0.2933995,0.5398453,1
2026-02-11 10:45:00,2,0.16086723,0.27489984,0.56423295,1
2026-02-11 10:50:00,2,0.15424834,0.30053204,0.5452196,1
2026-02-11 10:55:00,2,0.15907824,0.2889227,0.5519991,1
2026-02-11 11:00:00,2,0.17178044,0.26182574,0.56639385,1
2026-02-11 11:05:00,2,0.15513152,0.31963864,0.5252298,1
2026-02-11 11:10:00,2,0.16819982,0.25582555,0.57597464,1
2026-02-11 11:15:00,2,0.14368385,0.24049665,0.61581945,2
2026-02-11 11:20:00,2,0.16806777,0.23853995,0.59339225,2
2026-02-11 11:25:00,2,0.14285557,0.22649843,0.630646,2
2026-02-11 11:30:00,2,0.14933881,0.22727114,0.6233901,2
2026-02-11 11:35:00,2,0.1505064,0.21755242,0.63194114,2
2026-02-11 11:40:00,2,0.13918085,0.22567677,0.6351424,2
2026-02-11 11:45:00,2,0.13228719,0.20886901,0.6588438,2
2026-02-11 11:50:00,2,0.13726881,0.22956188,0.6331693,2
2026-02-11 11:55:00,2,0.13753405,0.25797996,0.604486,1
2026-02-11 12:00:00,2,0.13373406,0.22334531,0.6429206,2
2026-02-11 12:05:00,2,0.14311866,0.27141455,0.5854668,1
2026-02-11 12:10:00,2,0.0026533867,0.002947388,0.99439925,2
2026-02-11 12:15:00,2,0.0028737946,0.0028571768,0.994269,2
2026-02-11 12:20:00,2,0.0033776995,0.0030239008,0.99359846,2
2026-02-11 12:25:00,2,0.002679335,0.002787205,0.9945334,2
2026-02-11 12:30:00,2,0.0066855513,0.0041537946,0.9891607,2
2026-02-11 12:35:00,2,0.05000905,0.0051746336,0.9448163,2
2026-02-11 12:40:00,2,0.055938166,0.005894969,0.9381669,2
2026-02-11 12:45:00,2,0.0039828545,0.0032669746,0.99275017,2
2026-02-11 12:50:00,2,0.00255711,0.0026062545,0.9948367,2
2026-02-11 12:55:00,2,0.13352178,0.24531561,0.6211626,2
2026-02-11 13:00:00,2,0.15593481,0.272845,0.57122016,1
2026-02-11 13:05:00,2,0.14410877,0.24416065,0.6117306,2
2026-02-11 13:10:00,2,0.12503901,0.22435407,0.65060693,2
2026-02-11 13:15:00,2,0.1303509,0.22090732,0.64874184,2
2026-02-11 13:20:00,0,0.119285665,0.20709155,0.6736228,2
2026-02-11 13:25:00,2,0.11737585,0.18900163,0.6936225,2
2026-02-11 13:30:00,2,0.10243826,0.18877102,0.7087907,2
2026-02-11 13:35:00,2,0.02889674,0.10296918,0.8681341,2
2026-02-11 13:40:00,2,0.10347975,0.15251637,0.7440039,2
2026-02-11 13:45:00,2,0.09736794,0.17360903,0.72902304,2
2026-02-11 13:50:00,2,0.096584834,0.16131507,0.7421001,2
2026-02-11 13:55:00,2,0.0021491887,0.0022944976,0.9955563,2
2026-02-11 14:00:00,2,0.002189786,0.0022962943,0.99551386,2
2026-02-11 14:05:00,2,0.002111429,0.002168513,0.9957201,2
2026-02-11 14:10:00,2,0.0026376343,0.0027845157,0.9945779,2
2026-02-11 14:15:00,2,0.0025180853,0.0027909211,0.99469095,2
2026-02-11 14:20:00,2,0.0026531653,0.0026914356,0.9946554,2
2026-02-11 14:25:00,2,0.002379465,0.0023570086,0.99526346,2
2026-02-11 14:30:00,2,0.0023752076,0.0022642093,0.99536055,2
2026-02-11 14:35:00,2,0.0023315882,0.0021792713,0.9954892,2
2026-02-11 14:40:00,2,0.00219578,0.0021457658,0.9956585,2
2026-02-11 14:45:00,2,0.0021448256,0.002258868,0.99559635,2
2026-02-11 14:50:00,2,0.002328067,0.0022414417,0.99543047,2
2026-02-11 14:55:00,2,0.002353993,0.002388622,0.9952573,2
2026-02-11 15:00:00,2,0.002968369,0.0032288092,0.9938028,2
2026-02-11 15:05:00,2,0.0023705787,0.0024246091,0.9952048,2
2026-02-11 15:10:00,2,0.0022562062,0.0023547804,0.995389,2
2026-02-11 15:15:00,2,0.0020144505,0.0021504846,0.99583507,2
2026-02-11 15:20:00,2,0.0020395538,0.0021095746,0.9958509,2
2026-02-11 15:25:00,2,0.0019303807,0.0019529604,0.99611664,2
2026-02-12 09:15:00,2,0.12479335,0.009152568,0.8660541,2
2026-02-12 09:20:00,2,0.08697269,0.0070108008,0.9060166,2
2026-02-12 09:25:00,2,0.10730952,0.06413979,0.82855064,2
2026-02-12 09:30:00,2,0.09377633,0.059158217,0.84706545,2
2026-02-12 09:35:00,2,0.08918272,0.07405273,0.8367645,2
2026-02-12 09:40:00,2,0.0059616407,0.061236177,0.9328022,2
2026-02-12 09:45:00,2,0.0070935627,0.067545146,0.9253613,2
2026-02-12 09:50:00,2,0.07481492,0.17926027,0.74592483,2
2026-02-12 09:55:00,2,0.08690786,0.19447432,0.7186178,2
2026-02-12 10:00:00,2,0.09594291,0.19090277,0.7131543,2
2026-02-12 10:05:00,2,0.111760154,0.1909748,0.6972651,2
2026-02-12 10:10:00,2,0.112419635,0.18283837,0.7047421,2
2026-02-12 10:15:00,2,0.10621798,0.15479438,0.7389876,2
2026-02-12 10:20:00,2,0.10525342,0.14280306,0.7519435,2
2026-02-12 10:25:00,2,0.10182783,0.17183535,0.72633684,2
2026-02-12 10:30:00,2,0.10420434,0.16400942,0.73178625,2
2026-02-12 10:35:00,2,0.17791459,0.27806824,0.54401714,1
2026-02-12 10:40:00,2,0.18732297,0.2941581,0.518519,1
2026-02-12 10:45:00,2,0.17895427,0.2902426,0.5308031,1
2026-02-12 10:50:00,2,0.17365156,0.26617253,0.5601759,1
2026-02-12 10:55:00,2,0.14071637,0.20585692,0.65342665,2
2026-02-12 11:00:00,2,0.13812016,0.18170923,0.6801706,2
2026-02-12 11:05:00,2,0.14816539,0.19532062,0.656514,2
2026-02-12 11:10:00,2,0.14216234,0.19263639,0.66520125,2
2026-02-12 11:15:00,2,0.006955616,0.051111795,0.9419326,2
2026-02-12 11:20:00,2,0.006496199,0.05089498,0.94260883,2
2026-02-12 11:25:00,2,0.005226324,0.046794374,0.9479793,2
2026-02-12 11:30:00,2,0.005282635,0.040595133,0.9541222,2
2026-02-12 11:35:00,2,0.005047791,0.03750449,0.9574477,2
2026-02-12 11:40:00,2,0.13228284,0.21313012,0.65458703,2
2026-02-12 11:45:00,2,0.11670437,0.19313344,0.6901622,2
2026-02-12 11:50:00,2,0.007124728,0.06084598,0.93202925,2
2026-02-12 11:55:00,2,0.13514099,0.21834886,0.6465101,2
2026-02-12 12:00:00,2,0.124987856,0.23338312,0.64162904,2
2026-02-12 12:05:00,2,0.13198806,0.22273771,0.6452742,2
2026-02-12 12:10:00,2,0.11633203,0.18743527,0.6962327,2
2026-02-12 12:15:00,2,0.117721304,0.18902531,0.6932534,2
2026-02-12 12:20:00,2,0.12516524,0.18266039,0.6921744,2
2026-02-12 12:25:00,2,0.12937784,0.19260709,0.67801505,2
2026-02-12 12:30:00,2,0.13528956,0.19256826,0.67214215,2
2026-02-12 12:35:00,2,0.13338156,0.18788368,0.6787348,2
2026-02-12 12:40:00,2,0.122395925,0.17266881,0.70493525,2
2026-02-12 12:45:00,2,0.13457787,0.18140133,0.6840208,2
2026-02-12 12:50:00,2,0.10242305,0.12483452,0.7727424,2
2026-02-12 12:55:00,2,0.10577069,0.120175734,0.7740536,2
2026-02-12 13:00:00,2,0.09707134,0.12493186,0.7779968,2
2026-02-12 13:05:00,2,0.106636606,0.12784085,0.76552254,2
2026-02-12 13:10:00,2,0.119202815,0.19373403,0.68706316,2
2026-02-12 13:15:00,2,0.15973993,0.22043242,0.6198277,2
2026-02-12 13:20:00,2,0.1623336,0.21474166,0.62292475,2
2026-02-12 13:25:00,2,0.16894421,0.23823367,0.59282213,2
2026-02-12 13:30:00,1,0.16132703,0.262974,0.5756989,1
2026-02-12 13:35:00,1,0.14030875,0.18360436,0.67608684,2
2026-02-12 13:40:00,2,0.1322602,0.23830333,0.62943643,2
2026-02-12 13:45:00,2,0.14615823,0.25793943,0.5959023,1
2026-02-12 13:50:00,2,0.13478224,0.22609442,0.6391233,2
2026-02-12 13:55:00,2,0.113925226,0.20705622,0.67901856,2
2026-02-12 14:00:00,2,0.13162684,0.2243758,0.6439974,2
2026-02-12 14:05:00,2,0.11969433,0.21606113,0.6642446,2
2026-02-12 14:10:00,2,0.10404545,0.19205564,0.7038989,2
2026-02-12 14:15:00,2,0.005748957,0.036872376,0.9573786,2
2026-02-12 14:20:00,2,0.11883641,0.20478354,0.67638004,2
2026-02-12 14:25:00,2,0.110378325,0.19288136,0.6967403,2
2026-02-12 14:30:00,1,0.11691192,0.19553827,0.6875498,2
2026-02-12 14:35:00,1,0.13456413,0.24596651,0.6194694,2
2026-02-12 14:40:00,2,0.13822918,0.2302026,0.6315682,2
2026-02-12 14:45:00,0,0.101265065,0.07651975,0.8222152,2
2026-02-12 14:50:00,0,0.14999604,0.26640177,0.5836022,1
2026-02-12 14:55:00,2,0.1284219,0.23467535,0.63690275,2
2026-02-12 15:00:00,2,0.2030641,0.29614255,0.50079334,1
2026-02-12 15:05:00,2,0.19977643,0.2999601,0.50026345,1
2026-02-12 15:10:00,2,0.17425904,0.27867082,0.54707015,1
2026-02-12 15:15:00,2,0.17452902,0.26556987,0.5599011,1
2026-02-12 15:20:00,2,0.16475768,0.2657276,0.56951475,1
2026-02-12 15:25:00,2,0.16491756,0.26857373,0.5665087,1
2026-02-13 09:15:00,2,0.13619316,0.1086508,0.75515604,2
2026-02-13 09:20:00,2,0.10652558,0.096979715,0.79649466,2
2026-02-13 09:25:00,2,0.003459462,0.055195693,0.9413448,2
2026-02-13 09:30:00,2,0.0029910887,0.037078783,0.9599302,2
2026-02-13 09:35:00,2,0.002670179,0.03419984,0.96313,2
2026-02-13 09:40:00,2,0.00478576,0.077267595,0.9179467,2
2026-02-13 09:45:00,2,0.0029157256,0.06975956,0.9273247,2
2026-02-13 09:50:00,2,0.0052477797,0.09246516,0.90228707,2
2026-02-13 09:55:00,2,0.0039616767,0.073855914,0.9221824,2
2026-02-13 10:00:00,2,0.00442385,0.083321355,0.9122548,2
2026-02-13 10:05:00,2,0.003351054,0.056532055,0.9401168,2
2026-02-13 10:10:00,2,0.008956396,0.2744608,0.71658283,2
2026-02-13 10:15:00,2,0.01199182,0.28890026,0.6991079,2
2026-02-13 10:20:00,2,0.09999272,0.1547393,0.745268,2
2026-02-13 10:25:00,2,0.09109393,0.13518575,0.7737204,2
2026-02-13 10:30:00,2,0.12906715,0.1918669,0.67906594,2
2026-02-13 10:35:00,2,0.20965803,0.29170445,0.49863753,1
2026-02-13 10:40:00,2,0.20843063,0.33465335,0.456916,1
2026-02-13 10:45:00,2,0.21013114,0.32411397,0.46575496,1
2026-02-13 10:50:00,2,0.20676212,0.3290765,0.4641614,1
2026-02-13 10:55:00,2,0.22508428,0.30817342,0.46674234,1
2026-02-13 11:00:00,2,0.19778338,0.33859232,0.46362427,1
2026-02-13 11:05:00,2,0.1871841,0.34617105,0.46664488,1
2026-02-13 11:10:00,2,0.18494481,0.3301774,0.4848778,1
2026-02-13 11:15:00,2,0.19182236,0.38569078,0.42248693,1
2026-02-13 11:20:00,2,0.18543345,0.36792937,0.44663718,1
2026-02-13 11:25:00,2,0.17500113,0.35480717,0.47019175,1
2026-02-13 11:30:00,2,0.17641343,0.3597291,0.46385747,1
2026-02-13 11:35:00,2,0.18140922,0.36294833,0.45564243,1
2026-02-13 11:40:00,2,0.18199216,0.35883322,0.45917463,1
2026-02-13 11:45:00,2,0.17815797,0.32568312,0.4961589,1
2026-02-13 11:50:00,2,0.18815695,0.32101914,0.49082386,1
2026-02-13 11:55:00,2,0.1927705,0.32086453,0.48636502,1
2026-02-13 12:00:00,2,0.19249345,0.29447624,0.5130303,1
2026-02-13 12:05:00,2,0.20561887,0.29579294,0.4985882,1
2026-02-13 12:10:00,2,0.20718728,0.25809568,0.5347171,1
2026-02-13 12:15:00,0,0.20525165,0.2808495,0.51389885,1
2026-02-13 12:20:00,2,0.2943862,0.026033847,0.6795799,2
2026-02-13 12:25:00,2,0.35361266,0.028436959,0.6179503,0
2026-02-13 12:30:00,2,0.38698423,0.02737861,0.5856372,0
2026-02-13 12:35:00,1,0.25219062,0.32214907,0.4256603,1
2026-02-13 12:40:00,1,0.2294083,0.3073756,0.46321613,1
2026-02-13 12:45:00,1,0.23528825,0.3489915,0.41572025,1
2026-02-13 12:50:00,2,0.22292905,0.33997065,0.43710026,1
2026-02-13 12:55:00,0,0.2441161,0.30862308,0.4472608,1
2026-02-13 13:00:00,0,0.2281169,0.30030063,0.47158253,1
2026-02-13 13:05:00,2,0.20855196,0.33401597,0.45743212,1
2026-02-13 13:10:00,1,0.23133235,0.2849965,0.4836711,1
2026-02-13 13:15:00,1,0.24648276,0.24283087,0.5106864,2
2026-02-13 13:20:00,2,0.22872463,0.3082542,0.46302122,1
2026-02-13 13:25:00,2,0.21180016,0.29614606,0.49205375,1
2026-02-13 13:30:00,2,0.23430762,0.30733088,0.45836148,1
2026-02-13 13:35:00,2,0.17032906,0.23504548,0.5946254,2
2026-02-13 13:40:00,2,0.17041415,0.24215145,0.58743435,2
2026-02-13 13:45:00,2,0.1472844,0.22516587,0.6275497,2
2026-02-13 13:50:00,2,0.006709803,0.07948738,0.91380286,2
2026-02-13 13:55:00,2,0.15664981,0.23833737,0.60501283,2
2026-02-13 14:00:00,2,0.16044398,0.23300327,0.6065528,2
2026-02-13 14:05:00,2,0.17617884,0.28388295,0.5399382,1
2026-02-13 14:10:00,2,0.16503152,0.24174915,0.5932193,2
2026-02-13 14:15:00,2,0.13738817,0.21753222,0.6450797,2
2026-02-13 14:20:00,2,0.16843224,0.26692945,0.5646383,1
2026-02-13 14:25:00,2,0.14698225,0.24808504,0.6049327,2
2026-02-13 14:30:00,2,0.17183228,0.29712912,0.5310386,1
2026-02-13 14:35:00,2,0.17098439,0.30214682,0.5268688,1
2026-02-13 14:40:00,2,0.14849927,0.27724677,0.5742539,1
2026-02-13 14:45:00,2,0.13789299,0.27571994,0.5863871,1
2026-02-13 14:50:00,1,0.14152256,0.28022966,0.5782478,1
2026-02-13 14:55:00,1,0.14088118,0.2500273,0.6090915,1
2026-02-13 15:00:00,2,0.15787746,0.35010704,0.49201554,1
2026-02-13 15:05:00,2,0.013032088,0.42287025,0.5640977,1
2026-02-13 15:10:00,2,0.008414349,0.4454743,0.54611135,1
2026-02-13 15:15:00,2,0.11858609,0.35518086,0.526233,1
2026-02-13 15:20:00,2,0.010464857,0.483835,0.5057001,1
2026-02-13 15:25:00,2,0.008395516,0.5118122,0.47979224,1
2026-02-16 09:15:00,0,0.28241622,0.40422508,0.31335872,1
2026-02-16 09:20:00,2,0.2364581,0.35024202,0.4132999,1
2026-02-16 09:25:00,2,0.22979334,0.37083867,0.39936802,1
2026-02-16 09:30:00,1,0.30221468,0.33300948,0.36477587,2
2026-02-16 09:35:00,2,0.25488192,0.38444653,0.36067155,1
2026-02-16 09:40:00,2,0.30450234,0.38778862,0.30770907,1
2026-02-16 09:45:00,0,0.27190295,0.4078462,0.32025087,1
2026-02-16 09:50:00,0,0.28352958,0.40201887,0.31445158,1
2026-02-16 09:55:00,0,0.28594613,0.3549447,0.35910916,1
2026-02-16 10:00:00,2,0.3297416,0.32343516,0.34682328,2
2026-02-16 10:05:00,2,0.27953166,0.31090677,0.40956157,2
2026-02-16 10:10:00,2,0.3327085,0.22619945,0.44109204,0
2026-02-16 10:15:00,2,0.29928637,0.21764888,0.4830647,2
2026-02-16 10:20:00,2,0.3038316,0.28071722,0.41545117,2
2026-02-16 10:25:00,2,0.2674137,0.26949462,0.4630917,2
2026-02-16 10:30:00,2,0.2812096,0.259168,0.4596224,2
2026-02-16 10:35:00,2,0.41864836,0.32959267,0.25175902,0
2026-02-16 10:40:00,2,0.3987498,0.3329451,0.26830512,0
2026-02-16 10:45:00,2,0.36596474,0.33198535,0.3020499,2
2026-02-16 10:50:00,2,0.3625481,0.33095124,0.30650067,2
2026-02-16 10:55:00,2,0.349897,0.33064276,0.3194602,2
2026-02-16 11:00:00,2,0.35048828,0.31036952,0.33914223,2
2026-02-16 11:05:00,2,0.319603,0.28743806,0.3929589,2
2026-02-16 11:10:00,2,0.30872163,0.26831976,0.42295864,2
2026-02-16 11:15:00,2,0.28572142,0.2876881,0.4265904,2
2026-02-16 11:20:00,2,0.29118198,0.2627834,0.44603464,2
2026-02-16 11:25:00,2,0.30306923,0.34139636,0.35553443,2
2026-02-16 11:30:00,2,0.29502514,0.34170717,0.3632677,2
2026-02-16 11:35:00,2,0.27932632,0.32511774,0.3955559,2
2026-02-16 11:40:00,2,0.2737737,0.30788603,0.4183403,2
2026-02-16 11:45:00,2,0.2995899,0.3322594,0.3681507,2
2026-02-16 11:50:00,0,0.2535926,0.33188874,0.41451865,1
2026-02-16 11:55:00,2,0.310251,0.26499036,0.42475864,2
2026-02-16 12:00:00,0,0.29059994,0.2591298,0.45027027,2
2026-02-16 12:05:00,2,0.28771123,0.25737098,0.45491782,2
2026-02-16 12:10:00,0,0.28292754,0.26137468,0.45569775,2
2026-02-16 12:15:00,2,0.105717205,0.20762354,0.6866593,2
2026-02-16 12:20:00,2,0.10987947,0.2028497,0.6872708,2
2026-02-16 12:25:00,2,0.107992195,0.19384903,0.69815874,2
2026-02-16 12:30:00,1,0.08441035,0.2530329,0.6625567,2
2026-02-16 12:35:00,2,0.2978112,0.28778434,0.41440445,2
2026-02-16 12:40:00,2,0.1239149,0.022731414,0.85335374,2
2026-02-16 12:45:00,2,0.27789447,0.35814548,0.36396006,1
2026-02-16 12:50:00,2,0.3084368,0.31144848,0.38011476,2
2026-02-16 12:55:00,2,0.313211,0.32852486,0.35826418,2
2026-02-16 13:00:00,2,0.37132305,0.29393175,0.33474526,0
2026-02-16 13:05:00,2,0.33172008,0.2835872,0.38469273,2
2026-02-16 13:10:00,2,0.2995386,0.27399525,0.42646608,2
2026-02-16 13:15:00,2,0.2836608,0.2884295,0.42790973,2
2026-02-16 13:20:00,2,0.29286003,0.28729528,0.41984472,2
2026-02-16 13:25:00,2,0.25614142,0.2795494,0.4643092,2
2026-02-16 13:30:00,2,0.27810103,0.2582635,0.46363544,2
2026-02-16 13:35:00,2,0.17145741,0.19884036,0.62970227,2
2026-02-16 13:40:00,2,0.15719295,0.18695045,0.6558566,2
2026-02-16 13:45:00,2,0.19330388,0.18568504,0.6210111,2
2026-02-16 13:50:00,2,0.20327641,0.21689442,0.57982916,2
2026-02-16 13:55:00,2,0.003744481,0.0044162907,0.99183923,2
2026-02-16 14:00:00,2,0.004201008,0.004699493,0.99109954,2
2026-02-16 14:05:00,2,0.0036430813,0.004256396,0.99210054,2
2026-02-16 14:10:00,2,0.004401141,0.0047780564,0.9908208,2
2026-02-16 14:15:00,2,0.003632453,0.0039429287,0.9924246,2
2026-02-16 14:20:00,2,0.003641376,0.0042665764,0.99209213,2
2026-02-16 14:25:00,2,0.006381038,0.072618805,0.9210001,2
2026-02-16 14:30:00,2,0.0056735445,0.049435172,0.94489133,2
2026-02-16 14:35:00,2,0.009002376,0.07934208,0.9116555,2
2026-02-16 14:40:00,2,0.052522693,0.14829203,0.7991853,2
2026-02-16 14:45:00,2,0.035086695,0.10584373,0.8590695,2
2026-02-16 14:50:00,0,0.20204432,0.18405548,0.6139002,2
2026-02-16 14:55:00,2,0.044304933,0.005853345,0.94984174,2
2026-02-16 15:00:00,2,0.026833296,0.0031403191,0.97002643,2
2026-02-16 15:05:00,2,0.02171242,0.0027557786,0.9755318,2
2026-02-16 15:10:00,2,0.046524547,0.0047521195,0.9487233,2
2026-02-16 15:15:00,2,0.0660579,0.008569944,0.9253722,2
2026-02-16 15:20:00,2,0.05969637,0.006943631,0.93336004,2
2026-02-16 15:25:00,2,0.19919437,0.16525598,0.6355496,2
2026-02-17 09:15:00,2,0.25017798,0.28955194,0.46027008,2
2026-02-17 09:20:00,2,0.011773931,0.0629914,0.9252347,2
2026-02-17 09:25:00,0,0.22891504,0.28934926,0.48173568,1
2026-02-17 09:30:00,2,0.22961546,0.29475507,0.47562945,1
2026-02-17 09:35:00,0,0.21300428,0.26357624,0.52341944,1
2026-02-17 09:40:00,2,0.17889246,0.27133214,0.54977536,1
2026-02-17 09:45:00,2,0.13755332,0.20292866,0.65951806,2
2026-02-17 09:50:00,2,0.17287125,0.28077078,0.5463579,1
2026-02-17 09:55:00,2,0.18815814,0.25932094,0.55252093,1
2026-02-17 10:00:00,2,0.18356979,0.23747285,0.5789574,2
2026-02-17 10:05:00,2,0.16523273,0.19511427,0.639653,2
2026-02-17 10:10:00,0,0.12568152,0.18186961,0.69244885,2
2026-02-17 10:15:00,2,0.035925724,0.113841735,0.8502326,2
2026-02-17 10:20:00,2,0.028766729,0.080931686,0.89030164,2
2026-02-17 10:25:00,1,0.030263111,0.08191943,0.88781744,2
2026-02-17 10:30:00,1,0.06388622,0.113754146,0.8223597,2
2026-02-17 10:35:00,1,0.27268666,0.32082528,0.40648806,2
2026-02-17 10:40:00,2,0.29877183,0.37928125,0.32194695,1
2026-02-17 10:45:00,2,0.29977128,0.3720517,0.32817706,1
2026-02-17 10:50:00,2,0.24905351,0.3653877,0.38555875,1
2026-02-17 10:55:00,2,0.23568504,0.35842133,0.40589365,1
2026-02-17 11:00:00,2,0.23290652,0.33726653,0.42982697,1
2026-02-17 11:05:00,2,0.22177637,0.33888605,0.43933758,1
2026-02-17 11:10:00,2,0.18739742,0.31682304,0.4957795,1
2026-02-17 11:15:00,0,0.19647363,0.33614996,0.46737644,1
2026-02-17 11:20:00,0,0.18756235,0.30384177,0.5085959,1
2026-02-17 11:25:00,0,0.16978759,0.27185804,0.5583544,1
2026-02-17 11:30:00,2,0.058340903,0.19930893,0.74235016,2
2026-02-17 11:35:00,2,0.07041801,0.20306113,0.7265209,2
2026-02-17 11:40:00,2,0.106826894,0.017705271,0.8754679,2
2026-02-17 11:45:00,2,0.063072,0.011477743,0.92545027,2
2026-02-17 11:50:00,2,0.050552834,0.00996905,0.93947816,2
2026-02-17 11:55:00,2,0.25276747,0.26511082,0.48212177,2
2026-02-17 12:00:00,2,0.26232928,0.26292387,0.47474685,2
2026-02-17 12:05:00,2,0.2467249,0.25860402,0.49467105,2
2026-02-17 12:10:00,2,0.27523085,0.25904727,0.4657219,2
2026-02-17 12:15:00,2,0.24786913,0.24052896,0.5116019,2
2026-02-17 12:20:00,2,0.05985938,0.012767214,0.9273734,2
2026-02-17 12:25:00,2,0.26014036,0.23898882,0.5008708,2
2026-02-17 12:30:00,2,0.23844668,0.23253712,0.5290162,2
2026-02-17 12:35:00,2,0.24926287,0.22710285,0.52363425,2
2026-02-17 12:40:00,2,0.22377528,0.23305386,0.54317087,2
2026-02-17 12:45:00,1,0.20155677,0.20435172,0.59409153,2
2026-02-17 12:50:00,2,0.06246418,0.011061909,0.9264739,2
2026-02-17 12:55:00,2,0.23304462,0.23276202,0.53419334,2
2026-02-17 13:00:00,2,0.24068378,0.28271288,0.4766033,2
2026-02-17 13:05:00,2,0.32837725,0.23578532,0.4358375,0
2026-02-17 13:10:00,2,0.29172584,0.28353423,0.42473996,2
2026-02-17 13:15:00,2,0.27713242,0.2841839,0.4386837,2
2026-02-17 13:20:00,2,0.28438807,0.27163863,0.44397324,2
2026-02-17 13:25:00,2,0.27668026,0.2608503,0.46246943,2
2026-02-17 13:30:00,2,0.29840314,0.2610573,0.4405396,2
2026-02-17 13:35:00,2,0.2552064,0.21387805,0.53091556,2
2026-02-17 13:40:00,1,0.2229325,0.19017245,0.58689505,2
2026-02-17 13:45:00,2,0.20597802,0.21841712,0.57560486,2
2026-02-17 13:50:00,2,0.20752902,0.22291958,0.5695514,2
2026-02-17 13:55:00,2,0.012491651,0.071348555,0.91615975,2
2026-02-17 14:00:00,2,0.23047788,0.23149204,0.5380301,2
2026-02-17 14:05:00,2,0.20865883,0.23109369,0.5602475,2
2026-02-17 14:10:00,2,0.012391207,0.06886883,0.9187399,2
2026-02-17 14:15:00,2,0.25146684,0.30535802,0.44317514,1
2026-02-17 14:20:00,2,0.20528764,0.26270017,0.53201216,1
2026-02-17 14:25:00,0,0.2462696,0.30927083,0.44445962,1
2026-02-17 14:30:00,2,0.23021123,0.27767202,0.49211672,2
2026-02-17 14:35:00,2,0.22342332,0.24183974,0.53473693,2
2026-02-17 14:40:00,2,0.23414154,0.23290583,0.5329526,2
2026-02-17 14:45:00,2,0.23005249,0.23954909,0.5303984,2
2026-02-17 14:50:00,2,0.22193605,0.22348803,0.55457586,2
2026-02-17 14:55:00,2,0.24828196,0.24840651,0.5033116,2
2026-02-17 15:00:00,2,0.25524268,0.2971073,0.44765005,2
2026-02-17 15:05:00,2,0.26123822,0.21393813,0.52482367,2
2026-02-17 15:10:00,2,0.29132175,0.22024573,0.48843247,2
2026-02-17 15:15:00,2,0.26193082,0.20782256,0.5302466,2
2026-02-17 15:20:00,2,0.25672215,0.19529217,0.5479857,2
2026-02-17 15:25:00,2,0.21322006,0.21318558,0.5735944,2
2026-02-18 09:15:00,2,0.2412007,0.29705447,0.4617448,1
2026-02-18 09:20:00,2,0.18780668,0.2991126,0.5130808,1
2026-02-18 09:25:00,2,0.19205216,0.2827534,0.5251944,1
2026-02-18 09:30:00,2,0.18380743,0.2884174,0.52777517,1
2026-02-18 09:35:00,2,0.17719083,0.26466116,0.55814797,1
2026-02-18 09:40:00,1,0.16886818,0.2311542,0.5999776,2
2026-02-18 09:45:00,1,0.17915179,0.27759498,0.5432532,1
2026-02-18 09:50:00,2,0.21152128,0.26133808,0.5271406,2
2026-02-18 09:55:00,2,0.15240702,0.06594694,0.781646,2
2026-02-18 10:00:00,2,0.12511915,0.062216435,0.8126644,2
2026-02-18 10:05:00,2,0.14131801,0.06319623,0.79548573,2
2026-02-18 10:10:00,2,0.11960679,0.05778312,0.8226101,2
2026-02-18 10:15:00,2,0.18881857,0.27455932,0.5366221,1
2026-02-18 10:20:00,2,0.11876897,0.18369378,0.69753724,2
2026-02-18 10:25:00,2,0.16823475,0.25525397,0.57651126,1
2026-02-18 10:30:00,2,0.112037614,0.19969831,0.6882641,2
2026-02-18 10:35:00,0,0.26109415,0.32773137,0.41117442,1
2026-02-18 10:40:00,0,0.25076482,0.3357906,0.41344458,1
2026-02-18 10:45:00,0,0.19166692,0.32171097,0.48662207,1
2026-02-18 10:50:00,2,0.18972233,0.30065784,0.50961983,1
2026-02-18 10:55:00,2,0.004332805,0.005362034,0.9903052,2
2026-02-18 11:00:00,2,0.003339201,0.0048579318,0.9918029,2
2026-02-18 11:05:00,2,0.0032252495,0.0036992976,0.9930755,2
2026-02-18 11:10:00,2,0.0038077396,0.0037261478,0.9924661,2
2026-02-18 11:15:00,2,0.0036239335,0.0034603255,0.99291575,2
2026-02-18 11:20:00,2,0.0032556658,0.0031951612,0.99354917,2
2026-02-18 11:25:00,2,0.0033917353,0.0031388772,0.99346936,2
2026-02-18 11:30:00,2,0.0042949375,0.004892219,0.99081284,2
2026-02-18 11:35:00,2,0.0035174408,0.00329049,0.993192,2
2026-02-18 11:40:00,2,0.0032641839,0.0033283976,0.99340737,2
2026-02-18 11:45:00,2,0.0027940988,0.002846573,0.9943593,2
2026-02-18 11:50:00,2,0.002920638,0.0027390085,0.9943403,2
2026-02-18 11:55:00,2,0.0029031292,0.0025943196,0.99450254,2
2026-02-18 12:00:00,2,0.00283821,0.0026261897,0.99453557,2
2026-02-18 12:05:00,2,0.0027054346,0.002884058,0.99441046,2
2026-02-18 12:10:00,2,0.0031504685,0.0031413762,0.99370813,2
2026-02-18 12:15:00,2,0.0030384723,0.003015107,0.9939465,2
2026-02-18 12:20:00,2,0.0034963856,0.0042067394,0.9922969,2
2026-02-18 12:25:00,2,0.0030985877,0.002920107,0.9939813,2
2026-02-18 12:30:00,2,0.0031621046,0.0030555525,0.99378234,2
2026-02-18 12:35:00,2,0.0054075904,0.054685585,0.9399068,2
2026-02-18 12:40:00,2,0.16266663,0.18940996,0.64792335,2
2026-02-18 12:45:00,2,0.16692774,0.21393578,0.61913645,2
2026-02-18 12:50:00,2,0.16427065,0.19640261,0.6393268,2
2026-02-18 12:55:00,2,0.15636861,0.20570832,0.63792306,2
2026-02-18 13:00:00,2,0.15935686,0.21781538,0.62282777,2
2026-02-18 13:05:00,2,0.18647115,0.23024319,0.5832857,2
2026-02-18 13:10:00,2,0.17831862,0.22069936,0.600982,2
2026-02-18 13:15:00,2,0.15334514,0.20194817,0.6447067,2
2026-02-18 13:20:00,2,0.12429715,0.112684235,0.76301867,2
2026-02-18 13:25:00,2,0.17281719,0.25079784,0.57638496,1
2026-02-18 13:30:00,2,0.15846743,0.23233868,0.60919386,2
2026-02-18 13:35:00,2,0.12938154,0.21927662,0.65134186,2
2026-02-18 13:40:00,2,0.12612586,0.18825363,0.6856205,2
2026-02-18 13:45:00,2,0.15018183,0.18686831,0.66294986,2
2026-02-18 13:50:00,0,0.20730916,0.28310746,0.50958335,1
2026-02-18 13:55:00,0,0.18095729,0.24481449,0.5742282,2
2026-02-18 14:00:00,0,0.14624533,0.20236331,0.6513913,2
2026-02-18 14:05:00,0,0.15421031,0.1676465,0.6781432,2
2026-02-18 14:10:00,2,0.1323602,0.16966903,0.69797075,2
2026-02-18 14:15:00,2,0.022025732,0.0065230997,0.97145116,2
2026-02-18 14:20:00,2,0.016275797,0.0059561245,0.9777681,2
2026-02-18 14:25:00,2,0.030004356,0.0071167704,0.9628788,2
2026-02-18 14:30:00,2,0.15042192,0.18544604,0.66413206,2
2026-02-18 14:35:00,2,0.13974883,0.19697468,0.6632765,2
2026-02-18 14:40:00,2,0.14471929,0.20262717,0.6526535,2
2026-02-18 14:45:00,0,0.14648126,0.2031129,0.6504058,2
2026-02-18 14:50:00,2,0.034951642,0.009810581,0.9552378,2
2026-02-18 14:55:00,2,0.029484533,0.007276702,0.9632387,2
2026-02-18 15:00:00,2,0.0366408,0.0047196713,0.95863956,2
2026-02-18 15:05:00,2,0.028349182,0.0038377554,0.9678131,2
2026-02-18 15:10:00,2,0.03081751,0.003298616,0.9658839,2
2026-02-18 15:15:00,2,0.046136297,0.005795466,0.9480682,2
2026-02-18 15:20:00,2,0.04804042,0.0070124893,0.94494706,2
2026-02-18 15:25:00,2,0.19232841,0.1436976,0.66397405,2
2026-02-19 09:15:00,2,0.24979109,0.030050445,0.72015846,2
2026-02-19 09:20:00,2,0.2350639,0.03350813,0.731428,2
2026-02-19 09:25:00,2,0.1781992,0.2788856,0.54291517,1
2026-02-19 09:30:00,2,0.15927185,0.22765338,0.6130748,2
2026-02-19 09:35:00,2,0.23914444,0.29568243,0.4651731,1
2026-02-19 09:40:00,2,0.18273604,0.23371267,0.5835513,2
2026-02-19 09:45:00,2,0.21032658,0.27872103,0.51095235,1
2026-02-19 09:50:00,2,0.19147052,0.2774807,0.53104883,1
2026-02-19 09:55:00,2,0.20150118,0.25368592,0.5448129,1
2026-02-19 10:00:00,2,0.17534676,0.28210485,0.54254836,1
2026-02-19 10:05:00,2,0.16907673,0.25248462,0.5784387,1
2026-02-19 10:10:00,2,0.18325597,0.2764197,0.54032433,1
2026-02-19 10:15:00,2,0.15379979,0.2492362,0.596964,2
2026-02-19 10:20:00,2,0.15231729,0.2580716,0.5896111,1
2026-02-19 10:25:00,2,0.13160452,0.26046607,0.60792947,1
2026-02-19 10:30:00,2,0.006614209,0.03576264,0.9576231,2
2026-02-19 10:35:00,2,0.009347455,0.05185246,0.9388001,2
2026-02-19 10:40:00,2,0.27765423,0.371355,0.35099074,1
2026-02-19 10:45:00,2,0.25356543,0.35929668,0.38713786,1
2026-02-19 10:50:00,2,0.2529614,0.36017945,0.38685912,1
2026-02-19 10:55:00,2,0.22024086,0.38100109,0.39875805,1
2026-02-19 11:00:00,1,0.21951108,0.37430555,0.40618342,1
2026-02-19 11:05:00,1,0.23728766,0.36480775,0.39790463,1
2026-02-19 11:10:00,1,0.04705,0.16011293,0.7928371,2
2026-02-19 11:15:00,2,0.010627166,0.05830056,0.93107224,2
2026-02-19 11:20:00,2,0.008590116,0.053263705,0.93814623,2
2026-02-19 11:25:00,2,0.009998438,0.07615745,0.9138441,2
2026-02-19 11:30:00,2,0.009465076,0.07295575,0.9175792,2
2026-02-19 11:35:00,2,0.009817962,0.07001045,0.92017156,2
2026-02-19 11:40:00,2,0.008049008,0.060705453,0.93124557,2
2026-02-19 11:45:00,2,0.0062379115,0.048873596,0.94488853,2
2026-02-19 11:50:00,2,0.0055112205,0.047818273,0.9466705,2
2026-02-19 11:55:00,2,0.0060008313,0.04929547,0.9447037,2
2026-02-19 12:00:00,2,0.006200249,0.05037947,0.94342023,2
2026-02-19 12:05:00,2,0.00563725,0.043506138,0.95085657,2
2026-02-19 12:10:00,2,0.0032016488,0.03774386,0.95905447,2
2026-02-19 12:15:00,2,0.003547638,0.050181817,0.9462705,2
2026-02-19 12:20:00,1,0.20371331,0.33655253,0.4597342,1
2026-02-19 12:25:00,1,0.2026308,0.3622262,0.43514296,1
2026-02-19 12:30:00,1,0.021326669,0.3971922,0.58148116,1
2026-02-19 12:35:00,2,0.015612993,0.4292234,0.5551636,1
2026-02-19 12:40:00,2,0.011626767,0.4715568,0.51681644,1
2026-02-19 12:45:00,2,0.012930138,0.4475508,0.5395191,1
2026-02-19 12:50:00,2,0.02453797,0.42020747,0.5552545,1
2026-02-19 12:55:00,0,0.25809255,0.3818035,0.3601039,1
2026-02-19 13:00:00,2,0.23992188,0.37959087,0.38048726,1
2026-02-19 13:05:00,2,0.20198937,0.48206627,0.3159443,1
2026-02-19 13:10:00,2,0.21010481,0.40441063,0.38548458,1
2026-02-19 13:15:00,2,0.2533161,0.4205945,0.32608938,1
2026-02-19 13:20:00,1,0.24640214,0.44561505,0.3079828,1
2026-02-19 13:25:00,2,0.24051991,0.4406734,0.31880674,1
2026-02-19 13:30:00,2,0.29703927,0.42132607,0.28163466,1
2026-02-19 13:35:00,2,0.19791706,0.38665715,0.41542578,1
2026-02-19 13:40:00,1,0.1728545,0.32673025,0.50041527,1
2026-02-19 13:45:00,1,0.20020862,0.3683731,0.4314183,1
2026-02-19 13:50:00,2,0.2145571,0.37960693,0.40583596,1
2026-02-19 13:55:00,2,0.01731464,0.41509226,0.5675931,1
2026-02-19 14:00:00,2,0.014833113,0.38022575,0.6049411,1
2026-02-19 14:05:00,2,0.22061473,0.35693592,0.42244932,1
2026-02-19 14:10:00,2,0.19787817,0.29178682,0.510335,1
2026-02-19 14:15:00,1,0.19718435,0.36452302,0.43829262,1
2026-02-19 14:20:00,2,0.18288136,0.34030026,0.4768184,1
2026-02-19 14:25:00,2,0.1706409,0.32237417,0.50698495,1
2026-02-19 14:30:00,1,0.2024391,0.32076374,0.47679722,1
2026-02-19 14:35:00,1,0.1781356,0.25032914,0.5715352,1
2026-02-19 14:40:00,2,0.018113246,0.251017,0.73086977,2
2026-02-19 14:45:00,2,0.018065458,0.24770677,0.7342278,2
2026-02-19 14:50:00,1,0.17070384,0.16583328,0.6634629,2
2026-02-19 14:55:00,1,0.18178864,0.16820434,0.650007,2
2026-02-19 15:00:00,2,0.0028581526,0.032086413,0.9650554,2
2026-02-19 15:05:00,2,0.0021258327,0.032156676,0.96571743,2
2026-02-19 15:10:00,2,0.0010316055,0.036566366,0.96240205,2
2026-02-19 15:15:00,2,0.0008342055,0.030514283,0.9686515,2
2026-02-19 15:20:00,2,0.00092766545,0.03324743,0.96582496,2
2026-02-19 15:25:00,2,0.0014804521,0.04211379,0.95640576,2
2026-02-20 09:15:00,2,0.37753183,0.39464095,0.22782716,2
2026-02-20 09:20:00,2,0.36403865,0.3994916,0.2364697,2
2026-02-20 09:25:00,2,0.024729464,0.523595,0.45167556,1
2026-02-20 09:30:00,2,0.39802185,0.34020245,0.26177576,0
2026-02-20 09:35:00,2,0.3087492,0.35551828,0.33573252,2
2026-02-20 09:40:00,2,0.30218536,0.3643281,0.3334866,1
2026-02-20 09:45:00,2,0.30335903,0.34672627,0.3499147,2
2026-02-20 09:50:00,2,0.33797643,0.33614695,0.3258766,2
2026-02-20 09:55:00,2,0.30002046,0.3186679,0.38131166,2
2026-02-20 10:00:00,2,0.3332352,0.32226127,0.3445035,2
2026-02-20 10:05:00,0,0.30671284,0.35503465,0.33825248,2
2026-02-20 10:10:00,0,0.27371123,0.3432965,0.3829923,1
2026-02-20 10:15:00,2,0.38442016,0.29054302,0.32503682,0
2026-02-20 10:20:00,2,0.35007796,0.23710462,0.41281748,0
2026-02-20 10:25:00,0,0.31905693,0.2673543,0.4135888,2
2026-02-20 10:30:00,2,0.051401336,0.008020391,0.94057834,2
2026-02-20 10:35:00,2,0.100211285,0.011503972,0.8882848,2
2026-02-20 10:40:00,2,0.076300055,0.010457611,0.9132424,2
2026-02-20 10:45:00,2,0.14941004,0.018267792,0.8323222,2
2026-02-20 10:50:00,2,0.1590273,0.020134356,0.8208384,2
2026-02-20 10:55:00,2,0.37378934,0.3575533,0.26865736,2
2026-02-20 11:00:00,2,0.39679408,0.3364642,0.26674175,0
2026-02-20 11:05:00,2,0.35883504,0.3658231,0.27534187,2
2026-02-20 11:10:00,0,0.41153917,0.32556865,0.26289216,0
2026-02-20 11:15:00,2,0.4124064,0.30322444,0.28436914,0
2026-02-20 11:20:00,0,0.40349695,0.31469545,0.28180763,0
2026-02-20 11:25:00,2,0.42430815,0.31082365,0.2648682,0
2026-02-20 11:30:00,2,0.40589,0.30497342,0.28913656,0
2026-02-20 11:35:00,2,0.3823731,0.28441688,0.33321002,0
2026-02-20 11:40:00,2,0.333154,0.2946818,0.37216425,2
2026-02-20 11:45:00,2,0.38152644,0.34730107,0.27117255,2
2026-02-20 11:50:00,2,0.36215258,0.34166592,0.2961815,2
2026-02-20 11:55:00,2,0.37489173,0.3348749,0.29023334,2
2026-02-20 12:00:00,0,0.36867496,0.33564842,0.29567665,2
2026-02-20 12:05:00,0,0.3575338,0.32516575,0.3173004,2
2026-02-20 12:10:00,0,0.35314146,0.30578038,0.34107816,2
2026-02-20 12:15:00,2,0.09181556,0.01543529,0.8927491,2
2026-02-20 12:20:00,2,0.08445879,0.015447183,0.90009403,2
2026-02-20 12:25:00,2,0.08618802,0.014929074,0.8988829,2
2026-02-20 12:30:00,2,0.16270766,0.030310236,0.8069821,2
2026-02-20 12:35:00,2,0.31384343,0.33777177,0.34838483,2
2026-02-20 12:40:00,2,0.35697904,0.33599544,0.30702546,2
2026-02-20 12:45:00,2,0.36782387,0.34418207,0.28799406,2
2026-02-20 12:50:00,1,0.3373496,0.3361449,0.32650548,2
2026-02-20 12:55:00,1,0.42104143,0.31780615,0.2611524,0
2026-02-20 13:00:00,1,0.43455192,0.32552,0.23992799,0
2026-02-20 13:05:00,2,0.020540873,0.10393065,0.87552845,2
2026-02-20 13:10:00,2,0.014010778,0.082540266,0.903449,2
2026-02-20 13:15:00,2,0.012695798,0.086906314,0.90039784,2
2026-02-20 13:20:00,2,0.015036599,0.09124058,0.8937228,2
2026-02-20 13:25:00,2,0.34925628,0.35100412,0.29973954,2
2026-02-20 13:30:00,2,0.3445674,0.3194597,0.3359729,2
2026-02-20 13:35:00,2,0.2901464,0.29318082,0.41667274,2
2026-02-20 13:40:00,2,0.28046876,0.2937831,0.42574817,2
2026-02-20 13:45:00,2,0.253751,0.27232787,0.4739211,2
2026-02-20 13:50:00,0,0.26228374,0.25427654,0.4834397,2
2026-02-20 13:55:00,2,0.30781022,0.25581416,0.43637562,2
2026-02-20 14:00:00,0,0.28339598,0.24455558,0.47204846,2
2026-02-20 14:05:00,2,0.3038526,0.25652263,0.4396248,2
2026-02-20 14:10:00,2,0.25841087,0.20966743,0.53192174,2
2026-02-20 14:15:00,2,0.07742041,0.15138875,0.7711908,2
2026-02-20 14:20:00,2,0.28964895,0.25724697,0.4531041,2
2026-02-20 14:25:00,0,0.26629996,0.2623867,0.47131333,2
2026-02-20 14:30:00,0,0.23952088,0.25933778,0.5011413,2
2026-02-20 14:35:00,2,0.2771011,0.2536542,0.46924472,2
2026-02-20 14:40:00,2,0.32210743,0.23678726,0.44110534,0
2026-02-20 14:45:00,2,0.044909686,0.008827953,0.94626236,2
2026-02-20 14:50:00,1,0.32038534,0.2519922,0.42762253,0
2026-02-20 14:55:00,1,0.25756726,0.223534,0.5188987,2
2026-02-20 15:00:00,2,0.31727445,0.3043384,0.37838712,2
2026-02-20 15:05:00,2,0.30851433,0.28835306,0.4031326,2
2026-02-20 15:10:00,2,0.25446966,0.27007112,0.47545922,2
2026-02-20 15:15:00,2,0.27275282,0.26759455,0.45965257,2
2026-02-20 15:20:00,2,0.29914132,0.30275393,0.3981048,2
2026-02-20 15:25:00,2,0.2849884,0.2886129,0.42639872,2
2026-02-23 09:15:00,2,0.04889913,0.15437888,0.796722,2
2026-02-23 09:20:00,2,0.03751001,0.1059901,0.8564999,2
2026-02-23 09:25:00,2,0.020170216,0.0042255926,0.97560424,2
2026-02-23 09:30:00,2,0.051381662,0.008956403,0.9396619,2
2026-02-23 09:35:00,2,0.2359577,0.33656985,0.42747244,1
2026-02-23 09:40:00,2,0.1810459,0.3493209,0.46963325,1
2026-02-23 09:45:00,2,0.04845453,0.011919824,0.93962556,2
2026-02-23 09:50:00,2,0.187205,0.407358,0.40543702,1
2026-02-23 09:55:00,2,0.19668457,0.37018353,0.43313187,1
2026-02-23 10:00:00,2,0.16750684,0.3211772,0.51131594,1
2026-02-23 10:05:00,2,0.15027396,0.26876724,0.5809588,1
2026-02-23 10:10:00,2,0.18831833,0.29638755,0.51529413,1
2026-02-23 10:15:00,2,0.1907956,0.24087273,0.56833166,2
2026-02-23 10:20:00,2,0.16697058,0.21264426,0.6203851,2
2026-02-23 10:25:00,1,0.1858659,0.2716978,0.5424363,1
2026-02-23 10:30:00,1,0.15912916,0.24603988,0.594831,2
2026-02-23 10:35:00,2,0.29436132,0.36198288,0.3436558,1
2026-02-23 10:40:00,2,0.020964796,0.0912251,0.8878101,2
2026-02-23 10:45:00,2,0.016061313,0.0977916,0.88614714,2
2026-02-23 10:50:00,2,0.2636213,0.40275645,0.33362225,1
2026-02-23 10:55:00,0,0.23640494,0.3903349,0.3732602,1
2026-02-23 11:00:00,2,0.2165447,0.37167543,0.41177985,1
2026-02-23 11:05:00,2,0.25832358,0.40435243,0.337324,1
2026-02-23 11:10:00,1,0.2077474,0.38674256,0.40550998,1
2026-02-23 11:15:00,2,0.24599145,0.38447842,0.36953014,1
2026-02-23 11:20:00,2,0.24608123,0.4010758,0.35284302,1
2026-02-23 11:25:00,2,0.24309489,0.39996338,0.35694176,1
2026-02-23 11:30:00,2,0.23474026,0.38865575,0.376604,1
2026-02-23 11:35:00,2,0.21871404,0.3918333,0.38945267,1
2026-02-23 11:40:00,2,0.18215588,0.3902348,0.4276093,1
2026-02-23 11:45:00,2,0.25159308,0.40635288,0.34205404,1
2026-02-23 11:50:00,2,0.23132841,0.4277765,0.34089515,1
2026-02-23 11:55:00,2,0.21379137,0.39341024,0.39279842,1
2026-02-23 12:00:00,2,0.20797187,0.38942328,0.4026049,1
2026-02-23 12:05:00,2,0.17882296,0.38228586,0.43889114,1
2026-02-23 12:10:00,2,0.0035606893,0.004497636,0.9919417,2
2026-02-23 12:15:00,2,0.0035644325,0.004762792,0.9916728,2
2026-02-23 12:20:00,2,0.0036745283,0.0049078027,0.99141765,2
2026-02-23 12:25:00,2,0.0035881496,0.0045594433,0.99185246,2
2026-02-23 12:30:00,2,0.0035265724,0.0048291376,0.9916443,2
2026-02-23 12:35:00,2,0.0029631697,0.004066087,0.99297076,2
2026-02-23 12:40:00,2,0.0038855306,0.0066167,0.9894978,2
2026-02-23 12:45:00,2,0.0031225858,0.004329922,0.99254745,2
2026-02-23 12:50:00,2,0.0033584759,0.0043809596,0.99226063,2
2026-02-23 12:55:00,2,0.004962988,0.004930992,0.99010605,2
2026-02-23 13:00:00,2,0.004439996,0.0043743253,0.9911857,2
2026-02-23 13:05:00,2,0.0035050812,0.004379246,0.9921157,2
2026-02-23 13:10:00,2,0.0050314963,0.004562777,0.99040574,2
2026-02-23 13:15:00,2,0.0036407902,0.004476839,0.9918824,2
2026-02-23 13:20:00,2,0.0027855353,0.003998811,0.9932156,2
2026-02-23 13:25:00,2,0.0029008589,0.004539358,0.9925598,2
2026-02-23 13:30:00,2,0.0034756092,0.0050334586,0.9914909,2
2026-02-23 13:35:00,2,0.0033642137,0.0046619726,0.9919739,2
2026-02-23 13:40:00,2,0.003748697,0.0048424476,0.9914089,2
2026-02-23 13:45:00,2,0.0034918173,0.0047013066,0.99180686,2
2026-02-23 13:50:00,2,0.0031898024,0.0041590785,0.99265116,2
2026-02-23 13:55:00,2,0.0034282021,0.004619758,0.991952,2
2026-02-23 14:00:00,2,0.007963649,0.0060053673,0.98603094,2
2026-02-23 14:05:00,2,0.004725884,0.00524672,0.99002737,2
2026-02-23 14:10:00,2,0.0040816404,0.004500977,0.99141747,2
2026-02-23 14:15:00,2,0.0036333674,0.0042671454,0.9920995,2
2026-02-23 14:20:00,2,0.0027519683,0.0035913764,0.9936566,2
2026-02-23 14:25:00,2,0.0038929807,0.008196449,0.9879105,2
2026-02-23 14:30:00,2,0.006874994,0.19346935,0.7996557,2
2026-02-23 14:35:00,2,0.0048761433,0.0062199533,0.98890394,2
2026-02-23 14:40:00,2,0.0048503764,0.0057030283,0.9894465,2
2026-02-23 14:45:00,2,0.0054265605,0.010497634,0.98407584,2
2026-02-23 14:50:00,2,0.004859654,0.0058129057,0.98932743,2
2026-02-23 14:55:00,0,0.19567539,0.34796858,0.45635608,1
2026-02-23 15:00:00,2,0.22493063,0.32089317,0.45417616,1
2026-02-23 15:05:00,2,0.23772988,0.29163116,0.47063893,1
2026-02-23 15:10:00,2,0.23410462,0.2624059,0.5034895,2
2026-02-23 15:15:00,2,0.19815122,0.2693056,0.53254324,1
2026-02-23 15:20:00,2,0.17860937,0.25255305,0.5688376,1
2026-02-23 15:25:00,2,0.20255706,0.29965267,0.4977903,1
2026-02-24 09:15:00,2,0.008502488,0.053799838,0.9376977,2
2026-02-24 09:20:00,2,0.006859532,0.048482798,0.9446576,2
2026-02-24 09:25:00,2,0.0060023046,0.03227249,0.96172523,2
2026-02-24 09:30:00,2,0.005446371,0.029511496,0.9650422,2
2026-02-24 09:35:00,2,0.005222952,0.028571257,0.9662058,2
2026-02-24 09:40:00,2,0.0042729615,0.036813237,0.95891386,2
2026-02-24 09:45:00,2,0.008626113,0.07328695,0.91808695,2
2026-02-24 09:50:00,2,0.008543685,0.06809295,0.9233633,2
2026-02-24 09:55:00,2,0.0066238334,0.068261616,0.9251146,2
2026-02-24 10:00:00,2,0.007355594,0.078742415,0.91390204,2
2026-02-24 10:05:00,2,0.0077902894,0.06953048,0.9226792,2
2026-02-24 10:10:00,2,0.0039438135,0.037156694,0.9588995,2
2026-02-24 10:15:00,2,0.13235606,0.29156074,0.5760832,1
2026-02-24 10:20:00,2,0.006273314,0.05923245,0.93449426,2
2026-02-24 10:25:00,2,0.1305022,0.26132146,0.60817635,1
2026-02-24 10:30:00,2,0.115017064,0.2359488,0.64903414,2
2026-02-24 10:35:00,1,0.19199787,0.3468276,0.4611745,1
2026-02-24 10:40:00,1,0.18406408,0.41862643,0.39730948,1
2026-02-24 10:45:00,2,0.02109713,0.4466487,0.53225416,1
2026-02-24 10:50:00,2,0.014792071,0.448816,0.5363919,1
2026-02-24 10:55:00,2,0.04012539,0.43133634,0.5285383,1
2026-02-24 11:00:00,0,0.16324398,0.40210354,0.43465245,1
2026-02-24 11:05:00,2,0.13924927,0.3974918,0.46325895,1
2026-02-24 11:10:00,2,0.15471444,0.3703565,0.47492903,1
2026-02-24 11:15:00,2,0.14916816,0.3802856,0.47054628,1
2026-02-24 11:20:00,2,0.16310328,0.38122967,0.45566705,1
2026-02-24 11:25:00,2,0.19012944,0.36533448,0.44453612,1
2026-02-24 11:30:00,2,0.17154934,0.37750632,0.45094436,1
2026-02-24 11:35:00,1,0.19115323,0.36483926,0.44400755,1
2026-02-24 11:40:00,1,0.16095382,0.39187327,0.44717288,1
2026-02-24 11:45:00,1,0.17355351,0.38343066,0.4430158,1
2026-02-24 11:50:00,1,0.15965979,0.40133855,0.43900168,1
2026-02-24 11:55:00,2,0.17892455,0.39635247,0.42472303,1
2026-02-24 12:00:00,1,0.017258622,0.4075209,0.57522047,1
2026-02-24 12:05:00,1,0.017108805,0.39821804,0.58467317,1
2026-02-24 12:10:00,1,0.16940285,0.44482982,0.38576737,1
2026-02-24 12:15:00,1,0.0123956585,0.45489326,0.5327111,1
2026-02-24 12:20:00,2,0.01247858,0.48868015,0.4988413,1
2026-02-24 12:25:00,2,0.013798727,0.4725339,0.5136674,1
2026-02-24 12:30:00,1,0.016098278,0.4522518,0.53164995,1
2026-02-24 12:35:00,1,0.017742898,0.4469169,0.53534025,1
2026-02-24 12:40:00,2,0.012298276,0.5062715,0.48143026,1
2026-02-24 12:45:00,2,0.008741619,0.57017934,0.42107904,1
2026-02-24 12:50:00,2,0.013922192,0.5301879,0.45588994,1
2026-02-24 12:55:00,2,0.016027886,0.5093415,0.4746306,1
2026-02-24 13:00:00,2,0.16681083,0.46293,0.37025923,1
2026-02-24 13:05:00,2,0.13459696,0.4471264,0.41827664,1
2026-02-24 13:10:00,1,0.13086505,0.4420679,0.427067,1
2026-02-24 13:15:00,1,0.13397576,0.4583615,0.40766266,1
2026-02-24 13:20:00,2,0.13700883,0.44001746,0.4229737,1
2026-02-24 13:25:00,2,0.008900672,0.49710742,0.49399194,1
2026-02-24 13:30:00,2,0.008108909,0.5546309,0.4372602,1
2026-02-24 13:35:00,2,0.18281657,0.4336088,0.38357466,1
2026-02-24 13:40:00,0,0.14889571,0.4319159,0.41918832,1
2026-02-24 13:45:00,2,0.15327857,0.3984504,0.4482711,1
2026-02-24 13:50:00,0,0.13436192,0.3639506,0.50168747,1
2026-02-24 13:55:00,2,0.15228866,0.4513821,0.39632922,1
2026-02-24 14:00:00,0,0.13316816,0.45171458,0.41511732,1
2026-02-24 14:05:00,2,0.13867992,0.46588326,0.39543685,1
2026-02-24 14:10:00,1,0.19381419,0.3634792,0.44270667,1
2026-02-24 14:15:00,1,0.20706756,0.36749855,0.4254339,1
2026-02-24 14:20:00,2,0.1885099,0.43102396,0.3804662,1
2026-02-24 14:25:00,2,0.16821595,0.3884455,0.44333857,1
2026-02-24 14:30:00,2,0.1755947,0.41317758,0.41122776,1
2026-02-24 14:35:00,2,0.19404733,0.39787528,0.40807745,1
2026-02-24 14:40:00,0,0.20585729,0.40242133,0.39172134,1
2026-02-24 14:45:00,2,0.20490743,0.4218583,0.37323427,1
2026-02-24 14:50:00,2,0.19242637,0.3921493,0.4154243,1
2026-02-24 14:55:00,2,0.19974159,0.30141342,0.49884504,1
2026-02-24 15:00:00,2,0.19090068,0.41035676,0.39874253,1
2026-02-24 15:05:00,2,0.19768462,0.40653202,0.39578336,1
2026-02-24 15:10:00,2,0.183092,0.3511008,0.46580723,1
2026-02-24 15:15:00,2,0.19618395,0.31892675,0.48488924,1
2026-02-24 15:20:00,2,0.18152334,0.27811298,0.54036367,1
2026-02-24 15:25:00,2,0.11605087,0.13734774,0.7466014,2
2026-02-25 09:15:00,2,0.032089893,0.0062953066,0.9616148,2
2026-02-25 09:20:00,2,0.025599059,0.0057463394,0.96865463,2
2026-02-25 09:25:00,2,0.024648901,0.0028800352,0.972471,2
2026-02-25 09:30:00,2,0.03170422,0.0029273857,0.9653684,2
2026-02-25 09:35:00,2,0.048165143,0.0059740203,0.94586086,2
2026-02-25 09:40:00,2,0.05620169,0.010970173,0.9328281,2
2026-02-25 09:45:00,2,0.044139814,0.006705686,0.94915444,2
2026-02-25 09:50:00,2,0.05007944,0.0077649774,0.94215554,2
2026-02-25 09:55:00,0,0.20960665,0.011240493,0.7791529,2
2026-02-25 10:00:00,2,0.21570554,0.010806072,0.7734884,2
2026-02-25 10:05:00,2,0.15991111,0.007845854,0.832243,2
2026-02-25 10:10:00,2,0.17120422,0.0061802687,0.82261544,2
2026-02-25 10:15:00,2,0.21950354,0.007880893,0.77261555,2
2026-02-25 10:20:00,2,0.20855722,0.009833993,0.7816088,2
2026-02-25 10:25:00,2,0.20020562,0.010208157,0.7895862,2
2026-02-25 10:30:00,2,0.18728429,0.008133239,0.8045825,2
2026-02-25 10:35:00,2,0.33841667,0.018100526,0.6434828,0
2026-02-25 10:40:00,2,0.24293694,0.2731331,0.48393,2
2026-02-25 10:45:00,2,0.23670976,0.29928184,0.46400842,1
2026-02-25 10:50:00,2,0.22684482,0.27655086,0.49660435,2
2026-02-25 10:55:00,2,0.21696898,0.3005848,0.48244616,1
2026-02-25 11:00:00,2,0.19865862,0.28770718,0.5136342,1
2026-02-25 11:05:00,2,0.19654655,0.2434889,0.5599646,2
2026-02-25 11:10:00,2,0.20474254,0.2484212,0.54683626,2
2026-02-25 11:15:00,2,0.19859444,0.26977813,0.5316274,1
2026-02-25 11:20:00,2,0.18247047,0.2609195,0.55661,1
2026-02-25 11:25:00,1,0.18182488,0.23721324,0.5809618,2
2026-02-25 11:30:00,2,0.19145237,0.255284,0.55326366,1
2026-02-25 11:35:00,2,0.17890026,0.22758579,0.59351397,2
2026-02-25 11:40:00,2,0.19667327,0.27584,0.52748674,1
2026-02-25 11:45:00,2,0.19084576,0.22013956,0.58901465,2
2026-02-25 11:50:00,2,0.19484657,0.25527024,0.5498832,1
2026-02-25 11:55:00,2,0.21722484,0.30087528,0.48189986,1
2026-02-25 12:00:00,2,0.21411158,0.28236464,0.50352377,1
2026-02-25 12:05:00,2,0.20021702,0.28450632,0.5152767,1
2026-02-25 12:10:00,2,0.20809954,0.2985116,0.49338883,1
2026-02-25 12:15:00,1,0.20160891,0.28241983,0.51597124,1
2026-02-25 12:20:00,1,0.22511779,0.28635857,0.48852366,1
2026-02-25 12:25:00,1,0.21577375,0.29498565,0.48924065,1
2026-02-25 12:30:00,2,0.012721646,0.09145964,0.89581877,2
2026-02-25 12:35:00,2,0.011517351,0.087108366,0.9013743,2
2026-02-25 12:40:00,2,0.010519592,0.064967185,0.9245133,2
2026-02-25 12:45:00,2,0.008943597,0.05767619,0.9333802,2
2026-02-25 12:50:00,2,0.009990825,0.085285515,0.9047237,2
2026-02-25 12:55:00,2,0.008730885,0.06023087,0.93103826,2
2026-02-25 13:00:00,2,0.0078441445,0.066879064,0.9252769,2
2026-02-25 13:05:00,2,0.008566977,0.07825234,0.91318065,2
2026-02-25 13:10:00,2,0.012503895,0.20087758,0.7866185,2
2026-02-25 13:15:00,2,0.28012857,0.41555834,0.30431306,1
2026-02-25 13:20:00,2,0.01633594,0.20533156,0.77833253,2
2026-02-25 13:25:00,2,0.035559546,0.4249971,0.5394434,1
2026-02-25 13:30:00,2,0.03442114,0.41505554,0.5505233,1
2026-02-25 13:35:00,2,0.22885783,0.2966225,0.4745196,1
2026-02-25 13:40:00,2,0.18610151,0.27763584,0.53626263,1
2026-02-25 13:45:00,2,0.17871925,0.29496825,0.5263125,1
2026-02-25 13:50:00,1,0.14721163,0.2819762,0.57081217,1
2026-02-25 13:55:00,2,0.15675542,0.2864653,0.5567793,1
2026-02-25 14:00:00,2,0.02398391,0.37424797,0.6017681,1
2026-02-25 14:05:00,2,0.01795767,0.3965987,0.5854437,1
2026-02-25 14:10:00,2,0.18545328,0.3419567,0.47259003,1
2026-02-25 14:15:00,2,0.21395229,0.33582398,0.4502237,1
2026-02-25 14:20:00,2,0.22298196,0.32988703,0.447131,1
2026-02-25 14:25:00,2,0.23472296,0.31979764,0.4454794,1
2026-02-25 14:30:00,2,0.22765884,0.3398354,0.4325058,1
2026-02-25 14:35:00,2,0.19992769,0.28055006,0.51952225,1
2026-02-25 14:40:00,2,0.23447743,0.33749962,0.42802295,1
2026-02-25 14:45:00,0,0.23024766,0.36319754,0.40655485,1
2026-02-25 14:50:00,2,0.22195144,0.35414982,0.42389882,1
2026-02-25 14:55:00,2,0.2266657,0.33713597,0.4361983,1
2026-02-25 15:00:00,2,0.2901904,0.2978868,0.41192278,2
2026-02-25 15:05:00,2,0.24928546,0.30651987,0.44419464,1
2026-02-25 15:10:00,2,0.19499013,0.29920807,0.5058018,1
2026-02-25 15:15:00,2,0.19031683,0.27825132,0.53143185,1
2026-02-25 15:20:00,2,0.17966992,0.28212738,0.5382027,1
2026-02-25 15:25:00,2,0.1885513,0.29580534,0.51564336,1
2026-02-26 09:15:00,2,0.046954025,0.017743045,0.935303,2
2026-02-26 09:20:00,0,0.23044348,0.3770394,0.39251715,1
2026-02-26 09:25:00,0,0.18416965,0.3901801,0.42565027,1
2026-02-26 09:30:00,2,0.18004571,0.37550232,0.444452,1
2026-02-26 09:35:00,2,0.17560543,0.27265808,0.5517365,1
2026-02-26 09:40:00,2,0.029963158,0.008150421,0.96188647,2
2026-02-26 09:45:00,2,0.031780034,0.007963253,0.96025676,2
2026-02-26 09:50:00,0,0.20657021,0.37811753,0.4153123,1
2026-02-26 09:55:00,2,0.16268067,0.32885596,0.5084634,1
2026-02-26 10:00:00,2,0.19085419,0.28813756,0.52100825,1
2026-02-26 10:05:00,2,0.16270411,0.21018742,0.62710845,2
2026-02-26 10:10:00,2,0.17724803,0.183893,0.638859,2
2026-02-26 10:15:00,2,0.14576982,0.16701913,0.68721104,2
2026-02-26 10:20:00,2,0.15437202,0.25936243,0.58626556,1
2026-02-26 10:25:00,2,0.18750134,0.29085633,0.5216424,1
2026-02-26 10:30:00,2,0.18011367,0.28822646,0.53165984,1
2026-02-26 10:35:00,2,0.27361012,0.35986078,0.36652914,1
2026-02-26 10:40:00,2,0.24936049,0.34458697,0.40605256,1
2026-02-26 10:45:00,1,0.24847198,0.28850082,0.46302724,2
2026-02-26 10:50:00,2,0.22716224,0.3388302,0.43400756,1
2026-02-26 10:55:00,2,0.26629034,0.33353812,0.40017152,1
2026-02-26 11:00:00,2,0.23241466,0.39171028,0.37587503,1
2026-02-26 11:05:00,0,0.2305082,0.35324267,0.41624913,1
2026-02-26 11:10:00,2,0.22225325,0.37515986,0.40258694,1
2026-02-26 11:15:00,2,0.19629051,0.33458835,0.46912116,1
2026-02-26 11:20:00,1,0.1904622,0.29814494,0.51139283,1
2026-02-26 11:25:00,1,0.22005434,0.38921863,0.39072704,1
2026-02-26 11:30:00,1,0.21799698,0.39640597,0.38559705,1
2026-02-26 11:35:00,1,0.23426546,0.3944257,0.37130883,1
2026-02-26 11:40:00,2,0.010363453,0.05151836,0.9381182,2
2026-02-26 11:45:00,2,0.26219627,0.39842662,0.33937714,1
2026-02-26 11:50:00,2,0.25333354,0.36977974,0.37688673,1
2026-02-26 11:55:00,2,0.014416003,0.06846238,0.91712165,2
2026-02-26 12:00:00,2,0.26635197,0.38687477,0.34677324,1
2026-02-26 12:05:00,1,0.24050443,0.36235324,0.39714232,1
2026-02-26 12:10:00,1,0.27630195,0.36528945,0.35840863,1
2026-02-26 12:15:00,2,0.2649853,0.35812354,0.37689114,1
2026-02-26 12:20:00,2,0.009623265,0.07795394,0.9124228,2
2026-02-26 12:25:00,2,0.01061395,0.07609146,0.91329455,2
2026-02-26 12:30:00,2,0.2722644,0.3987027,0.32903293,1
2026-02-26 12:35:00,2,0.26994544,0.3826859,0.34736863,1
2026-02-26 12:40:00,1,0.23155762,0.40252817,0.36591417,1
2026-02-26 12:45:00,2,0.24331246,0.39627996,0.36040762,1
2026-02-26 12:50:00,2,0.2582472,0.4045555,0.33719727,1
2026-02-26 12:55:00,2,0.012393043,0.08810791,0.8994991,2
2026-02-26 13:00:00,1,0.25965923,0.4100756,0.33026516,1
2026-02-26 13:05:00,2,0.26398623,0.4081499,0.32786384,1
2026-02-26 13:10:00,2,0.23378375,0.37404746,0.3921688,1
2026-02-26 13:15:00,2,0.24237955,0.40608722,0.3515332,1
2026-02-26 13:20:00,2,0.237838,0.39331436,0.36884764,1
2026-02-26 13:25:00,2,0.22003385,0.39915714,0.38080898,1
2026-02-26 13:30:00,2,0.21708995,0.40601534,0.3768947,1
2026-02-26 13:35:00,2,0.14269623,0.31521583,0.542088,1
2026-02-26 13:40:00,2,0.13652089,0.3318366,0.53164256,1
2026-02-26 13:45:00,2,0.16643049,0.36402547,0.46954408,1
2026-02-26 13:50:00,2,0.16612875,0.3416216,0.49224964,1
2026-02-26 13:55:00,2,0.16018012,0.31675097,0.52306885,1
2026-02-26 14:00:00,2,0.17919596,0.38014475,0.44065925,1
2026-02-26 14:05:00,2,0.20349641,0.36499435,0.4315093,1
2026-02-26 14:10:00,2,0.1954326,0.3277027,0.4768647,1
2026-02-26 14:15:00,2,0.19321254,0.3337593,0.47302812,1
2026-02-26 14:20:00,0,0.18001084,0.38088983,0.43909928,1
2026-02-26 14:25:00,0,0.18864633,0.35161597,0.45973772,1
2026-02-26 14:30:00,0,0.24151586,0.32040194,0.43808222,1
2026-02-26 14:35:00,0,0.2197539,0.26920813,0.51103795,2
2026-02-26 14:40:00,2,0.036684345,0.009448379,0.95386726,2
2026-02-26 14:45:00,2,0.046128172,0.011847229,0.94202465,2
2026-02-26 14:50:00,2,0.08743095,0.019497318,0.89307165,2
2026-02-26 14:55:00,2,0.22230253,0.3089308,0.46876663,1
2026-02-26 15:00:00,2,0.24969894,0.37920234,0.37109867,1
2026-02-26 15:05:00,2,0.23636736,0.3226544,0.44097817,1
2026-02-26 15:10:00,2,0.22662702,0.34604794,0.42732507,1
2026-02-26 15:15:00,2,0.22936304,0.29959676,0.47104016,1
2026-02-26 15:20:00,2,0.2188643,0.2702665,0.5108692,1
2026-02-26 15:25:00,2,0.23294942,0.28690323,0.48014733,1
2026-02-27 09:15:00,2,0.011560771,0.064166985,0.92427224,2
2026-02-27 09:20:00,2,0.008743466,0.059868537,0.93138796,2
2026-02-27 09:25:00,2,0.0069126473,0.037289742,0.95579755,2
2026-02-27 09:30:00,2,0.00592003,0.033337396,0.96074265,2
2026-02-27 09:35:00,1,0.19741155,0.3739991,0.4285893,1
2026-02-27 09:40:00,2,0.007205933,0.060842533,0.9319516,2
2026-02-27 09:45:00,2,0.0047945515,0.0390962,0.9561092,2
2026-02-27 09:50:00,2,0.00472178,0.034482896,0.96079534,2
2026-02-27 09:55:00,2,0.004436722,0.045492154,0.9500711,2
2026-02-27 10:00:00,2,0.004268982,0.046181206,0.9495498,2
2026-02-27 10:05:00,2,0.004097054,0.046326123,0.9495768,2
2026-02-27 10:10:00,2,0.009834152,0.30415136,0.68601453,2
2026-02-27 10:15:00,2,0.009752349,0.32350212,0.6667455,2
2026-02-27 10:20:00,2,0.012894594,0.30639738,0.68070805,2
2026-02-27 10:25:00,2,0.07796086,0.21591887,0.7061203,2
2026-02-27 10:30:00,2,0.08349,0.23353297,0.682977,2
2026-02-27 10:35:00,1,0.1525069,0.40500864,0.4424844,1
2026-02-27 10:40:00,2,0.16427246,0.41261578,0.42311174,1
2026-02-27 10:45:00,2,0.15275821,0.40728635,0.43995547,1
2026-02-27 10:50:00,0,0.15962724,0.40088943,0.43948337,1
2026-02-27 10:55:00,0,0.16310714,0.3905762,0.44631666,1
2026-02-27 11:00:00,2,0.15256003,0.40134424,0.44609576,1
2026-02-27 11:05:00,2,0.14432298,0.3941955,0.46148157,1
2026-02-27 11:10:00,1,0.15161632,0.38147536,0.46690834,1
2026-02-27 11:15:00,1,0.1510991,0.40031207,0.44858882,1
2026-02-27 11:20:00,1,0.14779446,0.40021363,0.4519919,1
2026-02-27 11:25:00,2,0.15884207,0.392029,0.44912896,1
2026-02-27 11:30:00,2,0.015161275,0.43239596,0.5524428,1
2026-02-27 11:35:00,2,0.014662786,0.4019863,0.58335096,1
2026-02-27 11:40:00,2,0.16208796,0.41986117,0.41805086,1
2026-02-27 11:45:00,2,0.1529912,0.3608607,0.4861481,1
2026-02-27 11:50:00,2,0.14804976,0.3845739,0.46737635,1
2026-02-27 11:55:00,1,0.14814182,0.39536172,0.45649645,1
2026-02-27 12:00:00,1,0.15142183,0.40200984,0.44656825,1
2026-02-27 12:05:00,2,0.16461973,0.4270948,0.40828553,1
2026-02-27 12:10:00,2,0.15298013,0.41090193,0.43611792,1
2026-02-27 12:15:00,2,0.14896244,0.39518484,0.45585278,1
2026-02-27 12:20:00,2,0.015150187,0.42168522,0.5631646,1
2026-02-27 12:25:00,1,0.18431123,0.4460878,0.369601,1
2026-02-27 12:30:00,2,0.17979933,0.44541946,0.3747812,1
2026-02-27 12:35:00,2,0.19238305,0.4061506,0.40146634,1
2026-02-27 12:40:00,2,0.1818572,0.4118611,0.4062817,1
2026-02-27 12:45:00,2,0.18202426,0.43658864,0.3813871,1
2026-02-27 12:50:00,2,0.17099628,0.41850296,0.4105008,1
2026-02-27 12:55:00,2,0.16926165,0.39718068,0.43355766,1
2026-02-27 13:00:00,2,0.15797515,0.38689432,0.45513052,1
2026-02-27 13:05:00,2,0.14589389,0.41322327,0.44088283,1
2026-02-27 13:10:00,2,0.14471121,0.35457534,0.50071347,1
2026-02-27 13:15:00,2,0.14112063,0.32031754,0.5385618,1
2026-02-27 13:20:00,2,0.14747253,0.31733042,0.5351971,1
2026-02-27 13:25:00,2,0.14076322,0.3237939,0.5354429,1
2026-02-27 13:30:00,0,0.13772921,0.3145014,0.5477694,1
2026-02-27 13:35:00,2,0.11724747,0.30452383,0.57822865,1
2026-02-27 13:40:00,0,0.10833634,0.27956626,0.61209744,1
2026-02-27 13:45:00,2,0.04054089,0.0100336885,0.9494254,2
2026-02-27 13:50:00,2,0.13522652,0.26752064,0.59725285,1
2026-02-27 13:55:00,2,0.042000484,0.008853228,0.9491463,2
2026-02-27 14:00:00,2,0.15167673,0.3246972,0.5236261,1
2026-02-27 14:05:00,2,0.15771306,0.28191814,0.5603688,1
2026-02-27 14:10:00,1,0.16620882,0.32353923,0.51025194,1
2026-02-27 14:15:00,2,0.14242834,0.29204732,0.56552434,1
2026-02-27 14:20:00,2,0.13579816,0.30130017,0.56290174,1
2026-02-27 14:25:00,2,0.16684543,0.33334264,0.49981195,1
2026-02-27 14:30:00,2,0.13943206,0.30798057,0.5525874,1
2026-02-27 14:35:00,2,0.13066486,0.32109824,0.5482369,1
2026-02-27 14:40:00,2,0.12397566,0.28583702,0.59018725,1
2026-02-27 14:45:00,1,0.120998494,0.2726817,0.6063198,1
2026-02-27 14:50:00,1,0.10419532,0.25239366,0.643411,1
2026-02-27 14:55:00,1,0.11672855,0.2699367,0.6133347,1
2026-02-27 15:00:00,2,0.105566464,0.069788866,0.8246447,2
2026-02-27 15:05:00,2,0.09225946,0.08041313,0.8273274,2
2026-02-27 15:10:00,2,0.0032263226,0.07013163,0.92664206,2
2026-02-27 15:15:00,2,0.0036591587,0.0704059,0.925935,2
2026-02-27 15:20:00,2,0.0037780425,0.06732099,0.92890096,2
2026-02-27 15:25:00,2,0.0058092885,0.10016004,0.89403075,2
2026-03-02 09:15:00,2,0.006921457,0.12775771,0.86532086,2
2026-03-02 09:20:00,2,0.006464497,0.13547654,0.858059,2
2026-03-02 09:25:00,2,0.014103694,0.6421982,0.34369808,1
2026-03-02 09:30:00,2,0.37794188,0.4290345,0.19302367,1
2026-03-02 09:35:00,1,0.027494125,0.5646546,0.40785128,1
2026-03-02 09:40:00,2,0.34244534,0.4225889,0.23496579,1
2026-03-02 09:45:00,1,0.0830752,0.6074058,0.30951902,1
2026-03-02 09:50:00,2,0.021789256,0.67910683,0.2991039,1
2026-03-02 09:55:00,1,0.3275132,0.4466401,0.22584671,1
2026-03-02 10:00:00,2,0.28993562,0.5147393,0.1953251,1
2026-03-02 10:05:00,2,0.3193293,0.40720794,0.2734628,1
2026-03-02 10:10:00,2,0.3343927,0.39124292,0.2743644,1
2026-03-02 10:15:00,2,0.10089242,0.5153184,0.3837892,1
2026-03-02 10:20:00,2,0.037421662,0.52209747,0.4404809,1
2026-03-02 10:25:00,1,0.029219484,0.5001419,0.47063857,1
2026-03-02 10:30:00,1,0.31014797,0.35449475,0.3353573,2
2026-03-02 10:35:00,1,0.043428633,0.5901152,0.36645618,1
2026-03-02 10:40:00,2,0.033415817,0.6289546,0.33762956,1
2026-03-02 10:45:00,2,0.035792537,0.6448206,0.3193869,1
2026-03-02 10:50:00,0,0.120679244,0.5536585,0.32566229,1
2026-03-02 10:55:00,2,0.41829276,0.38138857,0.20031866,2
2026-03-02 11:00:00,2,0.35864136,0.40664127,0.23471735,2
2026-03-02 11:05:00,1,0.36882198,0.39942667,0.23175138,2
2026-03-02 11:10:00,1,0.32288852,0.40675166,0.27035978,1
2026-03-02 11:15:00,1,0.33849278,0.40875277,0.25275445,1
2026-03-02 11:20:00,2,0.34734586,0.42157206,0.23108211,1
2026-03-02 11:25:00,2,0.02222068,0.6192887,0.35849068,1
2026-03-02 11:30:00,2,0.029247617,0.60318214,0.36757028,1
2026-03-02 11:35:00,2,0.29845595,0.3987312,0.3028129,1
2026-03-02 11:40:00,1,0.2684152,0.39821956,0.3333653,1
2026-03-02 11:45:00,1,0.28991526,0.4064371,0.3036477,1
2026-03-02 11:50:00,1,0.2744145,0.47877526,0.24681017,1
2026-03-02 11:55:00,1,0.018114515,0.648612,0.3332735,1
2026-03-02 12:00:00,1,0.017087013,0.6533661,0.3295469,1
2026-03-02 12:05:00,1,0.017460529,0.63033026,0.35220915,1
2026-03-02 12:10:00,2,0.012490508,0.62165403,0.3658555,1
2026-03-02 12:15:00,2,0.013473081,0.60889965,0.37762722,1
2026-03-02 12:20:00,1,0.013239735,0.5856035,0.4011568,1
2026-03-02 12:25:00,1,0.02273292,0.5446988,0.4325683,1
2026-03-02 12:30:00,1,0.022775432,0.5128347,0.4643899,1
2026-03-02 12:35:00,2,0.01363439,0.57693654,0.40942907,1
2026-03-02 12:40:00,2,0.013227113,0.56685126,0.41992164,1
2026-03-02 12:45:00,2,0.01591936,0.56991816,0.41416246,1
2026-03-02 12:50:00,2,0.026747819,0.5479411,0.42531112,1
2026-03-02 12:55:00,2,0.02878187,0.49658707,0.47463107,1
2026-03-02 13:00:00,2,0.028570479,0.5194267,0.45200282,1
2026-03-02 13:05:00,2,0.024449876,0.5143946,0.46115553,1
2026-03-02 13:10:00,1,0.025106542,0.5520122,0.42288125,1
2026-03-02 13:15:00,2,0.24027818,0.46278667,0.2969351,1
2026-03-02 13:20:00,1,0.024438452,0.55854,0.4170215,1
2026-03-02 13:25:00,2,0.018046016,0.5576342,0.42431983,1
2026-03-02 13:30:00,2,0.016976375,0.56020266,0.422821,1
2026-03-02 13:35:00,1,0.014246828,0.4381895,0.5475636,1
2026-03-02 13:40:00,1,0.01766705,0.44905323,0.5332797,1
2026-03-02 13:45:00,2,0.011776903,0.3695876,0.6186355,1
2026-03-02 13:50:00,2,0.009288223,0.46321404,0.5274977,1
2026-03-02 13:55:00,2,0.008100872,0.5228586,0.4690405,1
2026-03-02 14:00:00,0,0.43812272,0.35507622,0.2068011,0
2026-03-02 14:05:00,0,0.34425628,0.46185943,0.19388422,1
2026-03-02 14:10:00,2,0.5269557,0.0255483,0.44749597,0
2026-03-02 14:15:00,2,0.5195707,0.03038402,0.45004526,0
2026-03-02 14:20:00,0,0.55005676,0.028934412,0.4210088,0
2026-03-02 14:25:00,0,0.35224584,0.42623815,0.22151598,1
2026-03-02 14:30:00,0,0.42651334,0.31491986,0.25856674,0
2026-03-02 14:35:00,0,0.53339714,0.029692832,0.43691,0
2026-03-02 14:40:00,2,0.5296383,0.02061735,0.4497444,0
2026-03-02 14:45:00,2,0.54112065,0.02235957,0.43651983,0
2026-03-02 14:50:00,2,0.47423807,0.02003966,0.5057223,0
2026-03-02 14:55:00,0,0.41619617,0.34585902,0.23794481,0
2026-03-02 15:00:00,2,0.43834117,0.32787937,0.23377945,0
2026-03-02 15:05:00,2,0.4363584,0.3231397,0.24050185,0
2026-03-02 15:10:00,2,0.43426237,0.022272829,0.54346484,0
2026-03-02 15:15:00,2,0.407355,0.021126827,0.5715182,0
2026-03-02 15:20:00,2,0.38720995,0.3464089,0.26638117,2
2026-03-02 15:25:00,2,0.37481004,0.34860054,0.27658942,2
2026-03-04 09:15:00,1,0.035552453,0.52338725,0.44106027,1
2026-03-04 09:20:00,2,0.03356606,0.41345748,0.5529764,1
2026-03-04 09:25:00,2,0.020632597,0.5403564,0.439011,1
2026-03-04 09:30:00,2,0.022137308,0.510887,0.4669757,1
2026-03-04 09:35:00,2,0.023517732,0.5093357,0.46714655,1
2026-03-04 09:40:00,1,0.024898252,0.47566178,0.49943998,1
2026-03-04 09:45:00,1,0.028273249,0.54952323,0.42220348,1
2026-03-04 09:50:00,2,0.024613472,0.58083797,0.39454857,1
2026-03-04 09:55:00,2,0.017197788,0.56547767,0.41732457,1
2026-03-04 10:00:00,2,0.016900213,0.65574163,0.32735816,1
2026-03-04 10:05:00,2,0.3605117,0.39421347,0.24527486,2
2026-03-04 10:10:00,2,0.28908417,0.38210297,0.3288129,1
2026-03-04 10:15:00,2,0.40648282,0.3319457,0.26157153,0
2026-03-04 10:20:00,2,0.45683992,0.3260918,0.21706825,0
2026-03-04 10:25:00,2,0.37751463,0.38182402,0.2406614,2
2026-03-04 10:30:00,2,0.3339936,0.40399733,0.26200905,1
2026-03-04 10:35:00,2,0.3857959,0.4163405,0.19786364,2
2026-03-04 10:40:00,2,0.3621436,0.43818703,0.19966935,1
2026-03-04 10:45:00,2,0.35438764,0.4528155,0.19279684,1
2026-03-04 10:50:00,0,0.388852,0.42407578,0.18707223,2
2026-03-04 10:55:00,0,0.40233785,0.40969318,0.18796897,2
2026-03-04 11:00:00,2,0.41949224,0.40431386,0.17619392,2
2026-03-04 11:05:00,1,0.38958684,0.40838155,0.20203155,2
2026-03-04 11:10:00,1,0.44117904,0.37561592,0.18320508,0
2026-03-04 11:15:00,1,0.37720272,0.44937855,0.17341875,1
2026-03-04 11:20:00,1,0.39276817,0.42589277,0.18133907,2
2026-03-04 11:25:00,2,0.40753478,0.4340633,0.158402,2
2026-03-04 11:30:00,2,0.39110693,0.44194308,0.16694999,1
2026-03-04 11:35:00,2,0.40384433,0.41145352,0.1847022,2
2026-03-04 11:40:00,2,0.39072415,0.42132655,0.18794931,2
2026-03-04 11:45:00,2,0.3892282,0.4084531,0.20231874,2
2026-03-04 11:50:00,0,0.3758765,0.43357652,0.19054699,1
2026-03-04 11:55:00,2,0.34998792,0.4176794,0.23233272,1
2026-03-04 12:00:00,2,0.3958904,0.3828782,0.22123136,2
2026-03-04 12:05:00,2,0.34413314,0.40371868,0.2521482,1
2026-03-04 12:10:00,2,0.38707352,0.3709203,0.24200614,2
2026-03-04 12:15:00,2,0.3657672,0.40069303,0.23353975,2
2026-03-04 12:20:00,2,0.3457141,0.40571877,0.24856718,1
2026-03-04 12:25:00,2,0.34684148,0.42219463,0.23096392,1
2026-03-04 12:30:00,2,0.32110533,0.40596673,0.27292794,1
2026-03-04 12:35:00,2,0.32932246,0.4033649,0.26731265,1
2026-03-04 12:40:00,0,0.34574082,0.35602394,0.2982353,2
2026-03-04 12:45:00,0,0.3221729,0.37805808,0.29976898,1
2026-03-04 12:50:00,0,0.29801077,0.3856895,0.31629968,1
2026-03-04 12:55:00,0,0.51994365,0.032209244,0.4478471,0
2026-03-04 13:00:00,0,0.5012689,0.031744335,0.46698675,0
2026-03-04 13:05:00,0,0.4516983,0.034251105,0.5140506,0
2026-03-04 13:10:00,2,0.07322315,0.011931816,0.914845,2
2026-03-04 13:15:00,2,0.32831648,0.38617614,0.28550732,1
2026-03-04 13:20:00,2,0.11727906,0.018671906,0.864049,2
2026-03-04 13:25:00,2,0.36196747,0.3709458,0.2670867,2
2026-03-04 13:30:00,2,0.4034613,0.36886165,0.22767708,2
2026-03-04 13:35:00,2,0.30631262,0.35557127,0.33811614,2
2026-03-04 13:40:00,2,0.3140914,0.28653264,0.39937595,2
2026-03-04 13:45:00,2,0.32389867,0.3422386,0.33386275,2
2026-03-04 13:50:00,0,0.2957589,0.31823847,0.38600266,2
2026-03-04 13:55:00,0,0.30820438,0.33707565,0.35471997,2
2026-03-04 14:00:00,0,0.309181,0.27563858,0.41518041,2
2026-03-04 14:05:00,2,0.08356097,0.008578434,0.9078606,2
2026-03-04 14:10:00,2,0.047316276,0.006310819,0.9463729,2
2026-03-04 14:15:00,2,0.044232216,0.0057923486,0.94997543,2
2026-03-04 14:20:00,2,0.3143887,0.3150354,0.3705759,2
2026-03-04 14:25:00,0,0.2987702,0.38252726,0.31870255,1
2026-03-04 14:30:00,0,0.2984336,0.40601853,0.2955479,1
2026-03-04 14:35:00,0,0.26278535,0.40204433,0.3351703,1
2026-03-04 14:40:00,2,0.06908076,0.009501437,0.92141783,2
2026-03-04 14:45:00,2,0.0844133,0.009992483,0.9055942,2
2026-03-04 14:50:00,2,0.061125968,0.009152905,0.9297211,2
2026-03-04 14:55:00,2,0.107329816,0.014973835,0.87769634,2
2026-03-04 15:00:00,2,0.39249334,0.3669189,0.24058782,2
2026-03-04 15:05:00,2,0.40313202,0.31327295,0.283595,0
2026-03-04 15:10:00,2,0.32140014,0.26311177,0.41548812,0
2026-03-04 15:15:00,2,0.33421573,0.27154034,0.39424396,0
2026-03-04 15:20:00,2,0.3372474,0.3032513,0.35950127,2
2026-03-04 15:25:00,2,0.33163399,0.3094903,0.35887578,2
2026-03-05 09:15:00,2,0.30348682,0.43988898,0.25662422,1
2026-03-05 09:20:00,2,0.09790435,0.023303533,0.87879217,2
2026-03-05 09:25:00,2,0.27591947,0.47917816,0.24490242,1
2026-03-05 09:30:00,2,0.27562562,0.4538565,0.27051795,1
2026-03-05 09:35:00,0,0.27577353,0.4038671,0.3203594,1
2026-03-05 09:40:00,2,0.30295578,0.41646206,0.28058216,1
2026-03-05 09:45:00,2,0.27753,0.4133532,0.3091168,1
2026-03-05 09:50:00,2,0.07072043,0.011949288,0.9173303,2
2026-03-05 09:55:00,2,0.29564962,0.3159912,0.38835922,2
2026-03-05 10:00:00,2,0.3094122,0.40418917,0.2863986,1
2026-03-05 10:05:00,1,0.2731203,0.37843654,0.34844315,1
2026-03-05 10:10:00,2,0.28470865,0.36957356,0.3457178,1
2026-03-05 10:15:00,2,0.24322718,0.3342914,0.4224814,1
2026-03-05 10:20:00,0,0.24070035,0.3483785,0.41092113,1
2026-03-05 10:25:00,0,0.28208038,0.39362842,0.32429123,1
2026-03-05 10:30:00,0,0.2541766,0.34670117,0.3991222,1
2026-03-05 10:35:00,2,0.36258498,0.38620666,0.2512084,2
2026-03-05 10:40:00,2,0.32985815,0.34529096,0.32485092,2
2026-03-05 10:45:00,2,0.38145092,0.34789655,0.27065247,2
2026-03-05 10:50:00,2,0.38044035,0.34916052,0.27039912,2
2026-03-05 10:55:00,1,0.31222755,0.29002035,0.3977521,2
2026-03-05 11:00:00,2,0.3618457,0.38092235,0.25723198,2
2026-03-05 11:05:00,2,0.36317962,0.38209933,0.25472105,2
2026-03-05 11:10:00,1,0.36232373,0.3812508,0.25642544,2
2026-03-05 11:15:00,1,0.38836986,0.35915244,0.2524777,2
2026-03-05 11:20:00,1,0.38141507,0.37871,0.23987497,2
2026-03-05 11:25:00,2,0.41397148,0.3659745,0.22005402,2
2026-03-05 11:30:00,1,0.38014677,0.39926615,0.2205871,2
2026-03-05 11:35:00,2,0.41581094,0.37080288,0.21338613,2
2026-03-05 11:40:00,2,0.42441732,0.3513984,0.22418429,0
2026-03-05 11:45:00,2,0.41231474,0.31549126,0.272194,0
2026-03-05 11:50:00,2,0.402615,0.37159294,0.22579198,2
2026-03-05 11:55:00,0,0.38486332,0.37285545,0.24228124,2
2026-03-05 12:00:00,2,0.3865335,0.361719,0.25174746,2
2026-03-05 12:05:00,0,0.3775545,0.36028934,0.26215613,2
2026-03-05 12:10:00,0,0.32090127,0.38365293,0.29544586,1
2026-03-05 12:15:00,0,0.34091887,0.38788182,0.2711993,2
2026-03-05 12:20:00,0,0.35919467,0.3839155,0.25688982,2
2026-03-05 12:25:00,2,0.32480258,0.39927256,0.27592486,1
2026-03-05 12:30:00,2,0.32895702,0.38387337,0.28716958,1
2026-03-05 12:35:00,2,0.3523972,0.35902488,0.28857788,2
2026-03-05 12:40:00,2,0.35130253,0.37147683,0.2772206,2
2026-03-05 12:45:00,2,0.34073362,0.41363552,0.24563083,1
2026-03-05 12:50:00,2,0.3695395,0.36287856,0.2675819,2
2026-03-05 12:55:00,2,0.3520701,0.34118524,0.30674466,2
2026-03-05 13:00:00,2,0.3508153,0.39572608,0.25345865,2
2026-03-05 13:05:00,2,0.37345985,0.34608978,0.28045034,2
2026-03-05 13:10:00,2,0.016853623,0.027091134,0.95605516,2
2026-03-05 13:15:00,2,0.01745163,0.023734115,0.9588142,2
2026-03-05 13:20:00,2,0.017126475,0.02490678,0.95796674,2
2026-03-05 13:25:00,2,0.005505316,0.0064512533,0.9880434,2
2026-03-05 13:30:00,2,0.006293539,0.0057207327,0.9879857,2
2026-03-05 13:35:00,2,0.0063871187,0.0052504893,0.9883624,2
2026-03-05 13:40:00,2,0.0060537253,0.00523186,0.9887144,2
2026-03-05 13:45:00,2,0.00632876,0.005477305,0.98819387,2
2026-03-05 13:50:00,2,0.012819326,0.005923098,0.98125756,2
2026-03-05 13:55:00,2,0.15991686,0.008956741,0.8311264,2
2026-03-05 14:00:00,2,0.1464071,0.0092190225,0.8443739,2
2026-03-05 14:05:00,0,0.23745243,0.009146811,0.75340074,2
2026-03-05 14:10:00,0,0.13137636,0.007712915,0.8609107,2
2026-03-05 14:15:00,0,0.19145617,0.0075402874,0.8010035,2
2026-03-05 14:20:00,2,0.0053714006,0.0056614284,0.9889671,2
2026-03-05 14:25:00,2,0.0042694327,0.0061870916,0.98954344,2
2026-03-05 14:30:00,2,0.005578223,0.0062014847,0.98822033,2
2026-03-05 14:35:00,2,0.00706998,0.012643064,0.980287,2
2026-03-05 14:40:00,2,0.010504946,0.19735712,0.792138,2
2026-03-05 14:45:00,2,0.006325822,0.11795449,0.87571967,2
2026-03-05 14:50:00,1,0.0068207886,0.15061691,0.8425623,2
2026-03-05 14:55:00,2,0.034243695,0.0074302843,0.958326,2
2026-03-05 15:00:00,2,0.32452786,0.3908655,0.2846066,1
2026-03-05 15:05:00,2,0.25344485,0.46195135,0.28460371,1
2026-03-05 15:10:00,2,0.35610908,0.43679178,0.20709912,1
2026-03-05 15:15:00,2,0.33236364,0.45208177,0.2155546,1
2026-03-05 15:20:00,2,0.3065204,0.44346228,0.2500173,1
2026-03-05 15:25:00,2,0.29065165,0.47789106,0.23145728,1
2026-03-06 09:15:00,0,0.46973765,0.26840368,0.26185867,0
2026-03-06 09:20:00,2,0.40968645,0.35763845,0.2326751,0
2026-03-06 09:25:00,2,0.34348783,0.34910223,0.30741,2
2026-03-06 09:30:00,2,0.37355965,0.32574835,0.30069196,2
2026-03-06 09:35:00,2,0.36230934,0.35771516,0.2799755,2
2026-03-06 09:40:00,1,0.28194726,0.32362878,0.39442393,2
2026-03-06 09:45:00,2,0.3286483,0.33797362,0.3333781,2
2026-03-06 09:50:00,2,0.33367935,0.3178678,0.3484529,2
2026-03-06 09:55:00,2,0.3260292,0.3273554,0.3466153,2
2026-03-06 10:00:00,2,0.34934413,0.33693066,0.3137252,2
2026-03-06 10:05:00,2,0.30370456,0.3370133,0.35928217,2
2026-03-06 10:10:00,2,0.23553053,0.2481706,0.5162989,2
2026-03-06 10:15:00,1,0.23297271,0.25977433,0.50725293,2
2026-03-06 10:20:00,1,0.22358395,0.24174999,0.53466606,2
2026-03-06 10:25:00,2,0.0060828784,0.004133283,0.9897838,2
2026-03-06 10:30:00,2,0.007866257,0.0046866415,0.9874471,2
2026-03-06 10:35:00,2,0.007884784,0.0049462137,0.987169,2
2026-03-06 10:40:00,2,0.008057054,0.0049014334,0.9870415,2
2026-03-06 10:45:00,0,0.24534848,0.007257396,0.7473941,2
2026-03-06 10:50:00,2,0.0118031055,0.0060959966,0.9821009,2
2026-03-06 10:55:00,2,0.012500258,0.005355533,0.98214424,2
2026-03-06 11:00:00,2,0.005677524,0.0042125904,0.99010986,2
2026-03-06 11:05:00,2,0.006390929,0.004545789,0.9890633,2
2026-03-06 11:10:00,2,0.0069026407,0.0047243247,0.9883731,2
2026-03-06 11:15:00,2,0.0066268607,0.004860001,0.98851305,2
2026-03-06 11:20:00,2,0.0067051216,0.005225887,0.988069,2
2026-03-06 11:25:00,2,0.0067569586,0.00443005,0.988813,2
2026-03-06 11:30:00,2,0.00616725,0.0045761736,0.98925656,2
2026-03-06 11:35:00,2,0.005423707,0.0042698896,0.9903064,2
2026-03-06 11:40:00,2,0.0057289796,0.004998897,0.9892721,2
2026-03-06 11:45:00,2,0.0060814405,0.004798883,0.98911965,2
2026-03-06 11:50:00,2,0.005379896,0.0046395008,0.98998064,2
2026-03-06 11:55:00,2,0.0050340863,0.004468905,0.990497,2
2026-03-06 12:00:00,2,0.0047516427,0.004398964,0.9908494,2
2026-03-06 12:05:00,2,0.004564058,0.0042107506,0.9912252,2
2026-03-06 12:10:00,2,0.004356059,0.004060084,0.9915838,2
2026-03-06 12:15:00,2,0.004947801,0.004408424,0.9906438,2
2026-03-06 12:20:00,2,0.004660689,0.0043234443,0.9910158,2
2026-03-06 12:25:00,2,0.016303351,0.006330548,0.9773661,2
2026-03-06 12:30:00,2,0.004763878,0.004272708,0.9909634,2
2026-03-06 12:35:00,2,0.0061713853,0.004388229,0.9894404,2
2026-03-06 12:40:00,2,0.004288768,0.0037793235,0.99193186,2
2026-03-06 12:45:00,2,0.003992434,0.0036426382,0.992365,2
2026-03-06 12:50:00,2,0.004173385,0.0037137126,0.9921129,2
2026-03-06 12:55:00,2,0.0037940668,0.0038610175,0.9923449,2
2026-03-06 13:00:00,2,0.004155734,0.0038612331,0.991983,2
2026-03-06 13:05:00,2,0.0040976135,0.0038229832,0.99207944,2
2026-03-06 13:10:00,2,0.003830353,0.004023539,0.9921461,2
2026-03-06 13:15:00,2,0.0033252975,0.0034814817,0.9931932,2
2026-03-06 13:20:00,2,0.0035360504,0.003815851,0.9926481,2
2026-03-06 13:25:00,2,0.003259385,0.0038425347,0.9928981,2
2026-03-06 13:30:00,2,0.00406416,0.0039294446,0.99200636,2
2026-03-06 13:35:00,2,0.005160599,0.00508387,0.9897556,2
2026-03-06 13:40:00,2,0.004531445,0.0044990974,0.9909695,2
2026-03-06 13:45:00,2,0.007538912,0.0051888726,0.9872722,2
2026-03-06 13:50:00,2,0.00838488,0.005192828,0.9864223,2
2026-03-06 13:55:00,2,0.15401883,0.0070531326,0.8389281,2
2026-03-06 14:00:00,2,0.0084483,0.005726418,0.98582524,2
2026-03-06 14:05:00,2,0.00495343,0.0042849095,0.9907617,2
2026-03-06 14:10:00,2,0.004832765,0.0043125097,0.99085474,2
2026-03-06 14:15:00,2,0.005235116,0.005995951,0.98876894,2
2026-03-06 14:20:00,2,0.0039604628,0.0043976908,0.9916419,2
2026-03-06 14:25:00,2,0.0043776766,0.0041738395,0.99144846,2
2026-03-06 14:30:00,2,0.0051693334,0.0045871763,0.9902435,2
2026-03-06 14:35:00,2,0.0054828827,0.004473159,0.990044,2
2026-03-06 14:40:00,2,0.15807626,0.07859816,0.76332563,2
2026-03-06 14:45:00,2,0.18239976,0.07406199,0.7435383,2
2026-03-06 14:50:00,1,0.32283005,0.36779317,0.30937675,2
2026-03-06 14:55:00,2,0.009647661,0.0853228,0.9050296,2
2026-03-06 15:00:00,2,0.0049666082,0.04745551,0.94757795,2
2026-03-06 15:05:00,2,0.0054394794,0.046825282,0.9477352,2
2026-03-06 15:10:00,2,0.0032730459,0.045253426,0.9514735,2
2026-03-06 15:15:00,2,0.004071564,0.0522225,0.943706,2
2026-03-06 15:20:00,2,0.009995923,0.112827286,0.87717676,2
2026-03-06 15:25:00,2,0.23479584,0.4223564,0.34284773,1
2026-03-09 09:15:00,2,0.013943043,0.5068997,0.4791573,1
2026-03-09 09:20:00,2,0.014553421,0.4665929,0.51885366,1
2026-03-09 09:25:00,2,0.009317035,0.53860265,0.4520803,1
2026-03-09 09:30:00,2,0.011141722,0.55535054,0.43350774,1
2026-03-09 09:35:00,2,0.012579361,0.5614079,0.4260127,1
2026-03-09 09:40:00,2,0.010340295,0.6286045,0.36105525,1
2026-03-09 09:45:00,2,0.014103872,0.66364753,0.32224858,1
2026-03-09 09:50:00,2,0.01633893,0.65344,0.3302211,1
2026-03-09 09:55:00,2,0.014249485,0.6632299,0.32252058,1
2026-03-09 10:00:00,2,0.012408003,0.71859014,0.2690018,1
2026-03-09 10:05:00,2,0.19969822,0.4171974,0.3831044,1
2026-03-09 10:10:00,2,0.28342062,0.44269365,0.2738857,1
2026-03-09 10:15:00,2,0.031566385,0.62292963,0.345504,1
2026-03-09 10:20:00,2,0.031105647,0.63766026,0.33123404,1
2026-03-09 10:25:00,2,0.27820805,0.48093274,0.24085912,1
2026-03-09 10:30:00,2,0.022873776,0.62869483,0.34843138,1
2026-03-09 10:35:00,0,0.33092642,0.50328106,0.1657925,1
2026-03-09 10:40:00,0,0.3231791,0.50005496,0.17676593,1
2026-03-09 10:45:00,0,0.35102198,0.47480178,0.17417628,1
2026-03-09 10:50:00,2,0.40143058,0.4677207,0.13084877,1
2026-03-09 10:55:00,1,0.43106183,0.4452321,0.123706035,2
2026-03-09 11:00:00,2,0.41110265,0.4578031,0.13109425,2
2026-03-09 11:05:00,2,0.42241764,0.44164953,0.13593282,2
2026-03-09 11:10:00,0,0.43761635,0.43752357,0.12486003,2
2026-03-09 11:15:00,0,0.40481532,0.47251362,0.122671075,1
2026-03-09 11:20:00,0,0.39370897,0.47147262,0.13481835,1
2026-03-09 11:25:00,2,0.4334839,0.43558002,0.13093607,2
2026-03-09 11:30:00,2,0.37467918,0.4768646,0.14845622,1
2026-03-09 11:35:00,2,0.42105168,0.42550656,0.15344182,2
2026-03-09 11:40:00,2,0.3871649,0.48284048,0.12999457,1
2026-03-09 11:45:00,2,0.3544476,0.5110516,0.13450077,1
2026-03-09 11:50:00,1,0.36679292,0.490617,0.14259008,1
2026-03-09 11:55:00,1,0.3603913,0.49296495,0.14664379,1
2026-03-09 12:00:00,1,0.33552796,0.51447195,0.1500001,1
2026-03-09 12:05:00,2,0.3728093,0.4799679,0.14722277,1
2026-03-09 12:10:00,2,0.49437636,0.370666,0.13495763,0
2026-03-09 12:15:00,2,0.47396368,0.37524822,0.15078814,0
2026-03-09 12:20:00,2,0.47125947,0.37214518,0.15659541,0
2026-03-09 12:25:00,2,0.45604596,0.37382823,0.17012586,0
2026-03-09 12:30:00,2,0.44862062,0.38317308,0.16820636,0
2026-03-09 12:35:00,0,0.4341826,0.38931948,0.17649788,2
2026-03-09 12:40:00,0,0.45375717,0.37166417,0.1745787,0
2026-03-09 12:45:00,0,0.47927532,0.355146,0.1655787,0
2026-03-09 12:50:00,2,0.46544313,0.37145796,0.16309887,0
2026-03-09 12:55:00,1,0.4766104,0.34961206,0.17377761,0
2026-03-09 13:00:00,1,0.4833016,0.32806605,0.18863232,0
2026-03-09 13:05:00,1,0.45523563,0.38418257,0.16058178,0
2026-03-09 13:10:00,2,0.4593264,0.36432093,0.17635268,0
2026-03-09 13:15:00,0,0.45409933,0.36742857,0.17847206,0
2026-03-09 13:20:00,0,0.44930834,0.3828289,0.16786276,0
2026-03-09 13:25:00,0,0.4524724,0.38649437,0.16103327,0
2026-03-09 13:30:00,1,0.4884657,0.35943195,0.15210241,0
2026-03-09 13:35:00,2,0.36056992,0.3818004,0.25762966,2
2026-03-09 13:40:00,2,0.35349554,0.38695762,0.25954688,2
2026-03-09 13:45:00,2,0.36992434,0.3682033,0.26187238,2
2026-03-09 13:50:00,2,0.36832762,0.3870536,0.24461874,2
2026-03-09 13:55:00,2,0.37295076,0.359853,0.26719624,2
2026-03-09 14:00:00,2,0.38769805,0.34463656,0.26766542,2
2026-03-09 14:05:00,2,0.36586425,0.35238022,0.2817555,2
2026-03-09 14:10:00,2,0.37508398,0.33863422,0.28628182,2
2026-03-09 14:15:00,0,0.34404102,0.34714854,0.3088104,2
2026-03-09 14:20:00,0,0.36427101,0.3040583,0.33167073,0
2026-03-09 14:25:00,0,0.36314622,0.31738117,0.31947264,2
2026-03-09 14:30:00,0,0.37585074,0.33072153,0.2934277,2
2026-03-09 14:35:00,0,0.31416073,0.29091784,0.39492148,2
2026-03-09 14:40:00,2,0.10381837,0.22620365,0.66997796,2
2026-03-09 14:45:00,2,0.12073141,0.24943747,0.62983114,2
2026-03-09 14:50:00,2,0.08541481,0.19016676,0.7244184,2
2026-03-09 14:55:00,2,0.09013513,0.18585627,0.72400856,2
2026-03-09 15:00:00,2,0.081160344,0.2031395,0.71570015,2
2026-03-09 15:05:00,2,0.1458254,0.24326907,0.6109055,2
2026-03-09 15:10:00,2,0.09288618,0.008272983,0.8988408,2
2026-03-09 15:15:00,2,0.11524508,0.013936111,0.8708188,2
2026-03-09 15:20:00,2,0.3774288,0.32419512,0.29837608,0
2026-03-09 15:25:00,2,0.38808116,0.3052424,0.30667645,0
2026-03-10 09:15:00,2,0.12028069,0.015901944,0.86381733,2
2026-03-10 09:20:00,2,0.11211048,0.016900327,0.87098914,2
2026-03-10 09:25:00,2,0.13061018,0.015018864,0.85437095,2
2026-03-10 09:30:00,2,0.3897659,0.35085338,0.25938076,2
2026-03-10 09:35:00,2,0.39523464,0.34849513,0.25627023,2
2026-03-10 09:40:00,1,0.3941529,0.37863797,0.22720915,2
2026-03-10 09:45:00,2,0.35926875,0.42617527,0.21455596,1
2026-03-10 09:50:00,2,0.3325786,0.40246668,0.26495466,1
2026-03-10 09:55:00,0,0.3974054,0.34483927,0.25775537,0
2026-03-10 10:00:00,0,0.3967294,0.37670586,0.22656475,2
2026-03-10 10:05:00,2,0.34218553,0.39190397,0.26591048,2
2026-03-10 10:10:00,2,0.35648742,0.3888417,0.25467086,2
2026-03-10 10:15:00,2,0.5825263,0.030996773,0.38647687,0
2026-03-10 10:20:00,2,0.3964303,0.39910316,0.2044665,2
2026-03-10 10:25:00,0,0.34588572,0.41577742,0.23833685,1
2026-03-10 10:30:00,2,0.43838367,0.35208017,0.20953614,0
2026-03-10 10:35:00,2,0.44001767,0.38893935,0.1710429,0
2026-03-10 10:40:00,2,0.4873335,0.3452905,0.16737597,0
2026-03-10 10:45:00,2,0.4736841,0.34817737,0.1781385,0
2026-03-10 10:50:00,0,0.42561027,0.42390716,0.15048258,2
2026-03-10 10:55:00,0,0.44304144,0.41104433,0.1459142,2
2026-03-10 11:00:00,2,0.44195446,0.40523165,0.15281388,2
2026-03-10 11:05:00,2,0.5157251,0.3230371,0.1612378,0
2026-03-10 11:10:00,2,0.48534626,0.3157008,0.19895294,0
2026-03-10 11:15:00,0,0.43400154,0.4041755,0.16182299,2
2026-03-10 11:20:00,2,0.5204676,0.30622688,0.17330559,0
2026-03-10 11:25:00,2,0.4853079,0.33450046,0.18019162,0
2026-03-10 11:30:00,1,0.5072612,0.27140564,0.22133316,0
2026-03-10 11:35:00,2,0.6249396,0.023191318,0.35186905,0
2026-03-10 11:40:00,1,0.45769107,0.29590148,0.2464074,0
2026-03-10 11:45:00,2,0.42643934,0.386913,0.1866476,2
2026-03-10 11:50:00,2,0.38670185,0.40774778,0.2055504,2
2026-03-10 11:55:00,1,0.39270014,0.41551384,0.19178607,2
2026-03-10 12:00:00,1,0.37282526,0.4300571,0.19711763,1
2026-03-10 12:05:00,1,0.38099685,0.41331926,0.20568389,2
2026-03-10 12:10:00,2,0.37501982,0.4255334,0.1994468,1
2026-03-10 12:15:00,1,0.384606,0.43003887,0.18535513,2
2026-03-10 12:20:00,2,0.040668033,0.5444,0.414932,1
2026-03-10 12:25:00,2,0.39979702,0.40869465,0.19150835,2
2026-03-10 12:30:00,0,0.38297215,0.4126458,0.20438202,2
2026-03-10 12:35:00,0,0.39560774,0.43120554,0.1731867,2
2026-03-10 12:40:00,2,0.052100316,0.56627494,0.38162476,1
2026-03-10 12:45:00,0,0.37324694,0.4269731,0.19977996,1
2026-03-10 12:50:00,2,0.384257,0.4129914,0.2027516,2
2026-03-10 12:55:00,2,0.39331084,0.4141338,0.19255541,2
2026-03-10 13:00:00,2,0.42422044,0.37914497,0.19663456,2
2026-03-10 13:05:00,2,0.41444987,0.3890396,0.1965105,2
2026-03-10 13:10:00,2,0.4005859,0.39387372,0.20554039,2
2026-03-10 13:15:00,2,0.3989638,0.38909385,0.2119424,2
2026-03-10 13:20:00,0,0.39448348,0.4115207,0.19399583,2
2026-03-10 13:25:00,0,0.4104675,0.37377447,0.21575798,2
2026-03-10 13:30:00,2,0.4147774,0.35092124,0.23430139,0
2026-03-10 13:35:00,2,0.105492614,0.013292229,0.88121516,2
2026-03-10 13:40:00,2,0.36061144,0.34067062,0.29871792,2
2026-03-10 13:45:00,2,0.31064835,0.3314036,0.357948,2
2026-03-10 13:50:00,0,0.3300411,0.36189052,0.30806836,2
2026-03-10 13:55:00,0,0.28456217,0.33321992,0.38221788,2
2026-03-10 14:00:00,2,0.2997728,0.35671505,0.34351212,1
2026-03-10 14:05:00,2,0.4883193,0.03326859,0.47841206,0
2026-03-10 14:10:00,2,0.5181234,0.01749109,0.4643855,0
2026-03-10 14:15:00,1,0.39689752,0.3639267,0.23917572,2
2026-03-10 14:20:00,2,0.3725823,0.36682087,0.26059687,2
2026-03-10 14:25:00,2,0.37083393,0.36104617,0.26811987,2
2026-03-10 14:30:00,0,0.40485412,0.36552748,0.22961837,2
2026-03-10 14:35:00,0,0.37536538,0.38490373,0.23973091,2
2026-03-10 14:40:00,0,0.3562316,0.38747323,0.25629523,2
2026-03-10 14:45:00,2,0.3978005,0.3478628,0.25433668,2
2026-03-10 14:50:00,2,0.40669632,0.34320307,0.25010055,0
2026-03-10 14:55:00,2,0.37160093,0.35664392,0.27175516,2
2026-03-10 15:00:00,2,0.40543997,0.35057932,0.2439807,0
2026-03-10 15:05:00,2,0.38673684,0.34201762,0.2712455,2
2026-03-10 15:10:00,2,0.37140593,0.3434352,0.2851589,2
2026-03-10 15:15:00,2,0.39222348,0.3095527,0.29822382,0
2026-03-10 15:20:00,2,0.55122703,0.023941908,0.42483103,0
2026-03-10 15:25:00,2,0.41292518,0.30960324,0.2774716,0
2026-03-11 09:15:00,1,0.45311138,0.32625595,0.22063266,0
2026-03-11 09:20:00,1,0.42393693,0.34818172,0.22788137,0
2026-03-11 09:25:00,1,0.4089261,0.3272068,0.26386705,0
2026-03-11 09:30:00,2,0.40236643,0.34238496,0.25524855,0
2026-03-11 09:35:00,1,0.037418056,0.4626249,0.49995703,1
2026-03-11 09:40:00,2,0.012108352,0.073554784,0.91433686,2
2026-03-11 09:45:00,2,0.3369835,0.37261257,0.29040393,2
2026-03-11 09:50:00,2,0.009550902,0.059814814,0.93063426,2
2026-03-11 09:55:00,2,0.011880082,0.079385005,0.90873486,2
2026-03-11 10:00:00,2,0.020460352,0.11647496,0.86306465,2
2026-03-11 10:05:00,2,0.009143749,0.04846355,0.9423927,2
2026-03-11 10:10:00,2,0.006163454,0.041305453,0.9525311,2
2026-03-11 10:15:00,2,0.012999673,0.092482686,0.8945177,2
2026-03-11 10:20:00,2,0.014584404,0.11077637,0.8746392,2
2026-03-11 10:25:00,2,0.012527288,0.09317507,0.89429766,2
2026-03-11 10:30:00,2,0.01450422,0.10761787,0.8778779,2
2026-03-11 10:35:00,2,0.0105024725,0.051007956,0.93848956,2
2026-03-11 10:40:00,2,0.009178837,0.044608634,0.9462125,2
2026-03-11 10:45:00,2,0.017793477,0.1015376,0.8806689,2
2026-03-11 10:50:00,2,0.017829273,0.10860869,0.873562,2
2026-03-11 10:55:00,1,0.42385244,0.35959485,0.21655267,0
2026-03-11 11:00:00,1,0.3655267,0.39850077,0.23597251,2
2026-03-11 11:05:00,1,0.432809,0.34719694,0.21999405,0
2026-03-11 11:10:00,1,0.04282461,0.39605507,0.5611203,1
2026-03-11 11:15:00,1,0.01946311,0.3448998,0.6356371,1
2026-03-11 11:20:00,2,0.014766692,0.32640094,0.6588324,2
2026-03-11 11:25:00,2,0.4206458,0.38134286,0.19801131,2
2026-03-11 11:30:00,2,0.022006424,0.50648445,0.47150913,1
2026-03-11 11:35:00,2,0.033955865,0.52619165,0.4398525,1
2026-03-11 11:40:00,1,0.41739804,0.36095583,0.22164612,0
2026-03-11 11:45:00,2,0.026937973,0.5263637,0.44669837,1
2026-03-11 11:50:00,2,0.033164542,0.51216024,0.4546752,1
2026-03-11 11:55:00,2,0.020273015,0.5112163,0.46851072,1
2026-03-11 12:00:00,2,0.3928205,0.38861656,0.21856299,2
2026-03-11 12:05:00,2,0.40925398,0.37706104,0.21368495,2
2026-03-11 12:10:00,2,0.42532307,0.38123038,0.19344652,2
2026-03-11 12:15:00,1,0.35972953,0.4129699,0.22730061,1
2026-03-11 12:20:00,1,0.3641975,0.41688228,0.2189202,1
2026-03-11 12:25:00,2,0.34961197,0.421612,0.22877605,1
2026-03-11 12:30:00,2,0.36424777,0.42778492,0.20796733,1
2026-03-11 12:35:00,2,0.025327617,0.53529274,0.4393797,1
2026-03-11 12:40:00,1,0.406334,0.4016604,0.19200559,2
2026-03-11 12:45:00,1,0.37674463,0.41017556,0.21307981,2
2026-03-11 12:50:00,2,0.40100107,0.39557338,0.20342556,2
2026-03-11 12:55:00,1,0.36421615,0.39436734,0.24141657,2
2026-03-11 13:00:00,1,0.34110054,0.44413182,0.21476762,1
2026-03-11 13:05:00,2,0.38228512,0.4033134,0.2144015,2
2026-03-11 13:10:00,2,0.0129257925,0.62426835,0.36280587,1
2026-03-11 13:15:00,0,0.317368,0.4733227,0.20930931,1
2026-03-11 13:20:00,2,0.35814995,0.44968593,0.1921641,1
2026-03-11 13:25:00,2,0.36184564,0.44345146,0.19470288,1
2026-03-11 13:30:00,1,0.35958508,0.47290078,0.16751415,1
2026-03-11 13:35:00,2,0.29221097,0.4440137,0.26377532,1
2026-03-11 13:40:00,2,0.28496417,0.4100848,0.30495095,1
2026-03-11 13:45:00,2,0.2802257,0.42228764,0.29748666,1
2026-03-11 13:50:00,2,0.28692454,0.43537694,0.27769852,1
2026-03-11 13:55:00,2,0.27503705,0.44811228,0.2768507,1
2026-03-11 14:00:00,1,0.26570448,0.43903086,0.29526463,1
2026-03-11 14:05:00,1,0.26740783,0.41254,0.32005224,1
2026-03-11 14:10:00,0,0.2888466,0.33065727,0.38049608,2
2026-03-11 14:15:00,2,0.018517632,0.5106982,0.47078416,1
2026-03-11 14:20:00,2,0.016089492,0.48889366,0.49501684,1
2026-03-11 14:25:00,1,0.3572139,0.38685334,0.25593272,2
2026-03-11 14:30:00,2,0.3428293,0.3953841,0.26178658,1
2026-03-11 14:35:00,2,0.3309679,0.3705037,0.29852837,2
2026-03-11 14:40:00,1,0.3217029,0.34548262,0.33281446,2
2026-03-11 14:45:00,1,0.3204509,0.31067517,0.36887386,2
2026-03-11 14:50:00,1,0.32603207,0.31595182,0.35801607,2
2026-03-11 14:55:00,2,0.07524659,0.37434664,0.5504068,1
2026-03-11 15:00:00,2,0.24143845,0.23058675,0.52797484,2
2026-03-11 15:05:00,2,0.0758562,0.05990963,0.8642342,2
2026-03-11 15:10:00,2,0.0030591283,0.04464884,0.952292,2
2026-03-11 15:15:00,2,0.065768905,0.04961707,0.884614,2
2026-03-11 15:20:00,2,0.063803434,0.046705253,0.88949126,2
2026-03-11 15:25:00,2,0.0033727102,0.04332985,0.9532975,2
2026-03-12 09:15:00,2,0.010914201,0.5251283,0.4639575,1
2026-03-12 09:20:00,1,0.01243911,0.55367553,0.4338854,1
2026-03-12 09:25:00,2,0.010177228,0.5627436,0.42707917,1
2026-03-12 09:30:00,2,0.010363617,0.5670211,0.4226153,1
2026-03-12 09:35:00,2,0.010220378,0.5276754,0.46210426,1
2026-03-12 09:40:00,2,0.018566431,0.5079347,0.4734989,1
2026-03-12 09:45:00,0,0.23917066,0.3798424,0.380987,1
2026-03-12 09:50:00,2,0.28881353,0.30860448,0.402582,2
2026-03-12 09:55:00,1,0.3593136,0.32402915,0.31665722,2
2026-03-12 10:00:00,1,0.36739185,0.32047355,0.31213456,2
2026-03-12 10:05:00,2,0.3277986,0.40804067,0.26416072,1
2026-03-12 10:10:00,0,0.32628846,0.43227524,0.2414363,1
2026-03-12 10:15:00,0,0.33546996,0.39707202,0.26745805,1
2026-03-12 10:20:00,0,0.34360707,0.37806463,0.27832824,2
2026-03-12 10:25:00,2,0.41459942,0.33574262,0.24965799,0
2026-03-12 10:30:00,2,0.38671064,0.36044592,0.2528435,2
2026-03-12 10:35:00,2,0.43321943,0.3888509,0.17792965,2
2026-03-12 10:40:00,0,0.4929339,0.34559357,0.16147253,0
2026-03-12 10:45:00,0,0.5124675,0.31990066,0.16763188,0
2026-03-12 10:50:00,0,0.50474024,0.34864295,0.14661683,0
2026-03-12 10:55:00,2,0.56657475,0.2822589,0.15116638,0
2026-03-12 11:00:00,2,0.65310526,0.020921677,0.32597303,0
2026-03-12 11:05:00,1,0.52110356,0.32689586,0.15200056,0
2026-03-12 11:10:00,1,0.5427497,0.3175027,0.13974762,0
2026-03-12 11:15:00,2,0.5690527,0.32180104,0.10914631,0
2026-03-12 11:20:00,2,0.55226666,0.31756768,0.1301657,0
2026-03-12 11:25:00,2,0.5189618,0.33834922,0.142689,0
2026-03-12 11:30:00,2,0.5327151,0.33349228,0.13379264,0
2026-03-12 11:35:00,2,0.5247227,0.33270046,0.14257684,0
2026-03-12 11:40:00,0,0.5144668,0.32924005,0.15629311,0
2026-03-12 11:45:00,0,0.5238445,0.33250552,0.14364998,0
2026-03-12 11:50:00,2,0.5272557,0.32317483,0.14956945,0
2026-03-12 11:55:00,2,0.53572464,0.30978498,0.15449037,0
2026-03-12 12:00:00,2,0.53038764,0.2981484,0.171464,0
2026-03-12 12:05:00,0,0.529569,0.3196911,0.15073994,0
2026-03-12 12:10:00,2,0.5649824,0.27527836,0.15973924,0
2026-03-12 12:15:00,2,0.50190246,0.3272384,0.17085916,0
2026-03-12 12:20:00,1,0.554577,0.27577394,0.16964902,0
2026-03-12 12:25:00,1,0.5429979,0.28837883,0.16862331,0
2026-03-12 12:30:00,2,0.51501715,0.31487817,0.17010465,0
2026-03-12 12:35:00,2,0.5275711,0.30424395,0.168185,0
2026-03-12 12:40:00,2,0.51134866,0.31274313,0.17590821,0
2026-03-12 12:45:00,2,0.49610755,0.32059136,0.18330112,0
2026-03-12 12:50:00,1,0.51609915,0.30915138,0.17474946,0
2026-03-12 12:55:00,2,0.49513173,0.31343785,0.19143045,0
2026-03-12 13:00:00,2,0.48084262,0.327624,0.19153336,0
2026-03-12 13:05:00,0,0.5153619,0.31042227,0.17421582,0
2026-03-12 13:10:00,0,0.50537074,0.30290517,0.19172409,0
2026-03-12 13:15:00,0,0.49819645,0.30244893,0.19935466,0
2026-03-12 13:20:00,0,0.5331616,0.2708478,0.19599064,0
2026-03-12 13:25:00,0,0.5059916,0.2751624,0.21884601,0
2026-03-12 13:30:00,2,0.1435183,0.009984952,0.8464968,2
2026-03-12 13:35:00,2,0.083488025,0.0076304898,0.9088815,2
2026-03-12 13:40:00,1,0.46050778,0.29109496,0.2483972,0
2026-03-12 13:45:00,1,0.4075912,0.3243798,0.268029,0
2026-03-12 13:50:00,1,0.40123397,0.3142351,0.2845309,0
2026-03-12 13:55:00,2,0.42187694,0.28508866,0.2930344,0
2026-03-12 14:00:00,2,0.4084001,0.3039009,0.28769898,0
2026-03-12 14:05:00,2,0.43973383,0.30630943,0.2539567,0
2026-03-12 14:10:00,2,0.410366,0.29993108,0.28970295,0
2026-03-12 14:15:00,2,0.39140028,0.29355678,0.31504297,0
2026-03-12 14:20:00,2,0.37299544,0.31926626,0.30773833,0
2026-03-12 14:25:00,1,0.3776381,0.32398674,0.2983752,0
2026-03-12 14:30:00,1,0.3805001,0.284755,0.33474493,0
2026-03-12 14:35:00,1,0.35111105,0.31394464,0.33494434,2
2026-03-12 14:40:00,1,0.42711383,0.27154016,0.30134594,0
2026-03-12 14:45:00,2,0.41593242,0.28494495,0.2991227,0
2026-03-12 14:50:00,2,0.30740967,0.09969092,0.59289944,2
2026-03-12 14:55:00,2,0.2750565,0.13126019,0.59368336,2
2026-03-12 15:00:00,2,0.37730047,0.34342837,0.27927116,2
2026-03-12 15:05:00,2,0.34883004,0.3138131,0.3373569,2
2026-03-12 15:10:00,2,0.36165547,0.3475956,0.29074895,2
2026-03-12 15:15:00,2,0.35488158,0.34605145,0.29906696,2
2026-03-12 15:20:00,2,0.32098004,0.34963438,0.32938558,2
2026-03-12 15:25:00,2,0.35498172,0.32554227,0.31947598,2
2026-03-13 09:15:00,2,0.006337432,0.07469153,0.918971,2
2026-03-13 09:20:00,2,0.005119099,0.06263253,0.9322484,2
2026-03-13 09:25:00,2,0.0094806645,0.12371589,0.8668034,2
2026-03-13 09:30:00,2,0.009667201,0.12458901,0.8657438,2
2026-03-13 09:35:00,2,0.01174564,0.1370544,0.8512,2
2026-03-13 09:40:00,1,0.013152414,0.48950645,0.49734113,1
2026-03-13 09:45:00,1,0.0094056735,0.46839115,0.52220315,1
2026-03-13 09:50:00,2,0.008782435,0.45016134,0.5410562,1
2026-03-13 09:55:00,2,0.00784785,0.4895002,0.502652,1
2026-03-13 10:00:00,1,0.010464409,0.603145,0.38639057,1
2026-03-13 10:05:00,2,0.007633151,0.5402017,0.45216516,1
2026-03-13 10:10:00,2,0.0075095603,0.53903186,0.4534586,1
2026-03-13 10:15:00,2,0.008676946,0.52354187,0.46778116,1
2026-03-13 10:20:00,2,0.009441037,0.5392559,0.45130304,1
2026-03-13 10:25:00,2,0.21142176,0.4605651,0.3280132,1
2026-03-13 10:30:00,2,0.18504219,0.4850021,0.3299558,1
2026-03-13 10:35:00,0,0.29250082,0.49340335,0.21409586,1
2026-03-13 10:40:00,0,0.29979277,0.5143836,0.18582357,1
2026-03-13 10:45:00,0,0.32540777,0.5024111,0.1721811,1
2026-03-13 10:50:00,1,0.2976617,0.5312068,0.17113149,1
2026-03-13 10:55:00,1,0.27681386,0.54139906,0.18178707,1
2026-03-13 11:00:00,1,0.28601095,0.51927936,0.19470972,1
2026-03-13 11:05:00,2,0.2952439,0.5213789,0.18337718,1
2026-03-13 11:10:00,0,0.33700845,0.47817272,0.1848188,1
2026-03-13 11:15:00,0,0.30097324,0.5226311,0.17639567,1
2026-03-13 11:20:00,0,0.29584518,0.5318525,0.17230232,1
2026-03-13 11:25:00,0,0.3598888,0.46491575,0.17519546,1
2026-03-13 11:30:00,2,0.34494478,0.48671076,0.16834448,1
2026-03-13 11:35:00,2,0.35683993,0.45929143,0.18386866,1
2026-03-13 11:40:00,1,0.3648623,0.42994523,0.2051925,1
2026-03-13 11:45:00,1,0.34614703,0.4706196,0.18323332,1
2026-03-13 11:50:00,1,0.31549588,0.5082573,0.17624682,1
2026-03-13 11:55:00,1,0.31133834,0.5094052,0.1792565,1
2026-03-13 12:00:00,1,0.27790016,0.5402539,0.18184596,1
2026-03-13 12:05:00,1,0.23877592,0.5890168,0.17220731,1
2026-03-13 12:10:00,1,0.31685564,0.51383525,0.16930908,1
2026-03-13 12:15:00,1,0.25781462,0.53252375,0.2096616,1
2026-03-13 12:20:00,1,0.014422576,0.6525079,0.33306953,1
2026-03-13 12:25:00,1,0.012937529,0.6652418,0.3218207,1
2026-03-13 12:30:00,2,0.0123772435,0.6750529,0.3125699,1
2026-03-13 12:35:00,2,0.011796973,0.646698,0.34150505,1
2026-03-13 12:40:00,2,0.011790356,0.663834,0.32437566,1
2026-03-13 12:45:00,2,0.3678804,0.478347,0.15377258,1
2026-03-13 12:50:00,1,0.030234445,0.6811362,0.2886294,1
2026-03-13 12:55:00,1,0.3480546,0.48712787,0.16481751,1
2026-03-13 13:00:00,1,0.028745608,0.6624694,0.308785,1
2026-03-13 13:05:00,1,0.01701511,0.6361034,0.3468815,1
2026-03-13 13:10:00,2,0.012443699,0.58938396,0.39817232,1
2026-03-13 13:15:00,2,0.012406447,0.60221577,0.38537773,1
2026-03-13 13:20:00,2,0.010909028,0.5740872,0.41500378,1
2026-03-13 13:25:00,1,0.3878114,0.45570454,0.15648405,1
2026-03-13 13:30:00,2,0.36343586,0.4543726,0.18219154,1
2026-03-13 13:35:00,2,0.020103728,0.5297626,0.45013365,1
2026-03-13 13:40:00,1,0.33696425,0.42173952,0.2412962,1
2026-03-13 13:45:00,2,0.31585473,0.44145328,0.24269202,1
2026-03-13 13:50:00,0,0.28677,0.4670402,0.24618976,1
2026-03-13 13:55:00,2,0.01493958,0.5645668,0.42049363,1
2026-03-13 14:00:00,0,0.37845257,0.39939705,0.22215043,2
2026-03-13 14:05:00,0,0.31369635,0.45577142,0.23053215,1
2026-03-13 14:10:00,2,0.27884313,0.4974568,0.22370009,1
2026-03-13 14:15:00,2,0.31275514,0.47076812,0.21647675,1
2026-03-13 14:20:00,2,0.31543866,0.47057408,0.21398726,1
2026-03-13 14:25:00,2,0.30524796,0.47962052,0.21513152,1
2026-03-13 14:30:00,1,0.3370318,0.48373058,0.17923759,1
2026-03-13 14:35:00,1,0.33294103,0.48762745,0.1794315,1
2026-03-13 14:40:00,1,0.2735232,0.51778495,0.2086918,1
2026-03-13 14:45:00,1,0.30020687,0.5018935,0.1978996,1
2026-03-13 14:50:00,1,0.320859,0.48053625,0.19860482,1
2026-03-13 14:55:00,2,0.28168607,0.513398,0.20491597,1
2026-03-13 15:00:00,2,0.3213446,0.48262647,0.19602887,1
2026-03-13 15:05:00,2,0.28982133,0.47769964,0.23247907,1
2026-03-13 15:10:00,2,0.31057847,0.49299398,0.1964276,1
2026-03-13 15:15:00,2,0.30667838,0.46283844,0.23048322,1
2026-03-13 15:20:00,2,0.2742643,0.41784313,0.30789256,1
2026-03-13 15:25:00,2,0.28131738,0.45183656,0.266846,1
2026-03-16 09:15:00,0,0.48914403,0.36141568,0.14944027,0
2026-03-16 09:20:00,0,0.51139754,0.3367601,0.15184242,0
2026-03-16 09:25:00,0,0.4569219,0.38146502,0.16161312,0
2026-03-16 09:30:00,2,0.47341388,0.3589171,0.16766906,0
2026-03-16 09:35:00,2,0.5131154,0.31240672,0.17447783,0
2026-03-16 09:40:00,1,0.50156045,0.31027418,0.18816532,0
2026-03-16 09:45:00,1,0.46757808,0.33091927,0.20150268,0
2026-03-16 09:50:00,1,0.4513948,0.3671254,0.18147978,0
2026-03-16 09:55:00,2,0.4810528,0.3627702,0.15617698,0
2026-03-16 10:00:00,1,0.44055095,0.3646192,0.19482985,0
2026-03-16 10:05:00,1,0.43570083,0.31365335,0.2506458,0
2026-03-16 10:10:00,1,0.46326485,0.29691252,0.23982264,0
2026-03-16 10:15:00,2,0.01785484,0.06597458,0.9161706,2
2026-03-16 10:20:00,2,0.013063071,0.051525004,0.935412,2
2026-03-16 10:25:00,2,0.009224949,0.05154523,0.9392298,2
2026-03-16 10:30:00,2,0.015130975,0.098010555,0.88685846,2
2026-03-16 10:35:00,1,0.43694878,0.36741254,0.19563873,0
2026-03-16 10:40:00,2,0.437792,0.34676072,0.21544726,0
2026-03-16 10:45:00,2,0.021594377,0.10402094,0.8743847,2
2026-03-16 10:50:00,2,0.007171803,0.060033843,0.9327944,2
2026-03-16 10:55:00,0,0.49741998,0.3521062,0.15047374,0
2026-03-16 11:00:00,0,0.46176574,0.36774358,0.17049071,0
2026-03-16 11:05:00,0,0.442116,0.3803374,0.17754658,0
2026-03-16 11:10:00,0,0.448394,0.38097546,0.17063051,0
2026-03-16 11:15:00,2,0.18939263,0.025096511,0.78551084,2
2026-03-16 11:20:00,2,0.22644153,0.028263127,0.7452953,2
2026-03-16 11:25:00,1,0.49514407,0.35711348,0.14774242,0
2026-03-16 11:30:00,1,0.4015191,0.26777864,0.3307023,0
2026-03-16 11:35:00,2,0.49352464,0.37681368,0.12966168,0
2026-03-16 11:40:00,2,0.5178703,0.3509543,0.13117544,0
2026-03-16 11:45:00,2,0.48934543,0.37337095,0.13728358,0
2026-03-16 11:50:00,2,0.50550205,0.3600992,0.13439876,0
2026-03-16 11:55:00,2,0.5433966,0.3201376,0.13646583,0
2026-03-16 12:00:00,2,0.5279023,0.34666777,0.12542996,0
2026-03-16 12:05:00,0,0.48863596,0.35311434,0.15824965,0
2026-03-16 12:10:00,2,0.51900893,0.33705106,0.14394,0
2026-03-16 12:15:00,1,0.5068678,0.3320917,0.16104047,0
2026-03-16 12:20:00,1,0.45843482,0.32617977,0.2153854,0
2026-03-16 12:25:00,1,0.5344351,0.29879296,0.16677195,0
2026-03-16 12:30:00,1,0.54552644,0.30262777,0.15184578,0
2026-03-16 12:35:00,1,0.52120227,0.3243255,0.15447225,0
2026-03-16 12:40:00,2,0.010813789,0.006641128,0.982545,2
2026-03-16 12:45:00,2,0.04984626,0.009186794,0.9409669,2
2026-03-16 12:50:00,2,0.01744123,0.0067670313,0.9757917,2
2026-03-16 12:55:00,2,0.011590111,0.005705693,0.9827042,2
2026-03-16 13:00:00,2,0.0124678705,0.0061363154,0.9813958,2
2026-03-16 13:05:00,2,0.014821059,0.006577037,0.97860193,2
2026-03-16 13:10:00,2,0.012486849,0.0062203086,0.9812928,2
2026-03-16 13:15:00,2,0.0109435255,0.0059685158,0.98308796,2
2026-03-16 13:20:00,2,0.011443552,0.0057125287,0.9828439,2
2026-03-16 13:25:00,2,0.012409734,0.006332855,0.98125744,2
2026-03-16 13:30:00,2,0.014054611,0.006607599,0.9793378,2
2026-03-16 13:35:00,2,0.010492247,0.0058318223,0.9836759,2
2026-03-16 13:40:00,2,0.011356122,0.0060994015,0.9825445,2
2026-03-16 13:45:00,2,0.0109499,0.0060478933,0.98300225,2
2026-03-16 13:50:00,2,0.010580528,0.0059774504,0.983442,2
2026-03-16 13:55:00,2,0.008998859,0.0048864884,0.9861146,2
2026-03-16 14:00:00,2,0.007894132,0.0042131273,0.9878927,2
2026-03-16 14:05:00,2,0.008464152,0.0046545533,0.98688126,2
2026-03-16 14:10:00,2,0.009838416,0.0073847366,0.9827769,2
2026-03-16 14:15:00,2,0.013800369,0.28833467,0.69786495,2
2026-03-16 14:20:00,2,0.0087068565,0.15734066,0.8339525,2
2026-03-16 14:25:00,2,0.009571444,0.29669842,0.6937302,2
2026-03-16 14:30:00,2,0.0074503557,0.25999802,0.73255163,2
2026-03-16 14:35:00,2,0.0062940684,0.21262608,0.7810799,2
2026-03-16 14:40:00,2,0.04646808,0.004477291,0.9490546,2
2026-03-16 14:45:00,2,0.04042989,0.0039247554,0.9556453,2
2026-03-16 14:50:00,2,0.06550575,0.007605813,0.9268884,2
2026-03-16 14:55:00,2,0.09053558,0.007448581,0.9020158,2
2026-03-16 15:00:00,2,0.3781416,0.3475053,0.27435312,2
2026-03-16 15:05:00,2,0.14697783,0.018341037,0.83468115,2
2026-03-16 15:10:00,2,0.16387458,0.015640527,0.8204849,2
2026-03-16 15:15:00,2,0.46875307,0.2812594,0.24998759,0
2026-03-16 15:20:00,2,0.45848328,0.27213022,0.26938647,0
2026-03-16 15:25:00,2,0.44691494,0.25125837,0.30182666,0
2026-03-17 09:15:00,2,0.38427895,0.4003825,0.21533859,2
2026-03-17 09:20:00,0,0.41509357,0.3545794,0.23032704,0
2026-03-17 09:25:00,0,0.42351067,0.3646677,0.21182163,0
2026-03-17 09:30:00,0,0.38886234,0.391939,0.2191986,2
2026-03-17 09:35:00,0,0.39050898,0.3852847,0.22420634,2
2026-03-17 09:40:00,0,0.38393787,0.3114914,0.30457073,0
2026-03-17 09:45:00,2,0.10147061,0.0087040365,0.88982534,2
2026-03-17 09:50:00,2,0.09619654,0.008263346,0.89554006,2
2026-03-17 09:55:00,0,0.5169785,0.016481847,0.46653968,0
2026-03-17 10:00:00,0,0.52910334,0.014044063,0.45685264,0
2026-03-17 10:05:00,0,0.4930569,0.012168442,0.49477464,0
2026-03-17 10:10:00,2,0.5528371,0.010265758,0.43689722,0
2026-03-17 10:15:00,2,0.5352173,0.00941642,0.45536625,0
2026-03-17 10:20:00,2,0.5587028,0.009513698,0.4317835,0
2026-03-17 10:25:00,2,0.4915532,0.3136605,0.19478627,0
2026-03-17 10:30:00,0,0.45635623,0.33137104,0.21227273,0
2026-03-17 10:35:00,0,0.52574503,0.332095,0.14216,0
2026-03-17 10:40:00,0,0.4902016,0.35556033,0.1542381,0
2026-03-17 10:45:00,2,0.53607893,0.30358106,0.16033998,0
2026-03-17 10:50:00,1,0.51063573,0.2978375,0.19152677,0
2026-03-17 10:55:00,1,0.5058528,0.3028887,0.19125845,0
2026-03-17 11:00:00,1,0.50187653,0.31306845,0.185055,0
2026-03-17 11:05:00,1,0.48569807,0.35561454,0.1586874,0
2026-03-17 11:10:00,1,0.52967256,0.3328305,0.13749692,0
2026-03-17 11:15:00,1,0.48083445,0.3627947,0.1563708,0
2026-03-17 11:20:00,1,0.05809435,0.53475505,0.40715066,1
2026-03-17 11:25:00,2,0.018314421,0.08358595,0.89809966,2
2026-03-17 11:30:00,2,0.018226288,0.06878531,0.9129884,2
2026-03-17 11:35:00,2,0.47498685,0.3667045,0.15830863,0
2026-03-17 11:40:00,0,0.46104178,0.3795351,0.15942316,0
2026-03-17 11:45:00,2,0.44897234,0.3800247,0.17100292,0
2026-03-17 11:50:00,0,0.42762786,0.4068997,0.16547239,2
2026-03-17 11:55:00,2,0.4038272,0.41669187,0.17948093,2
2026-03-17 12:00:00,1,0.44032562,0.38124147,0.17843299,0
2026-03-17 12:05:00,1,0.3763229,0.43178648,0.19189069,1
2026-03-17 12:10:00,1,0.41057673,0.40806034,0.18136296,2
2026-03-17 12:15:00,0,0.48694617,0.36037746,0.15267639,0
2026-03-17 12:20:00,0,0.47223416,0.3680746,0.15969121,0
2026-03-17 12:25:00,0,0.45052814,0.36572674,0.18374507,0
2026-03-17 12:30:00,0,0.44850755,0.3777368,0.17375566,0
2026-03-17 12:35:00,0,0.44061318,0.375487,0.18389983,0
2026-03-17 12:40:00,0,0.42107192,0.40421027,0.17471781,2
2026-03-17 12:45:00,2,0.110693395,0.3851556,0.504151,1
2026-03-17 12:50:00,0,0.4509227,0.37831053,0.17076679,0
2026-03-17 12:55:00,0,0.4450053,0.37711674,0.17787793,0
2026-03-17 13:00:00,2,0.120038286,0.32961303,0.55034864,1
2026-03-17 13:05:00,2,0.11021541,0.30421913,0.58556545,1
2026-03-17 13:10:00,2,0.11526502,0.20498241,0.6797526,2
2026-03-17 13:15:00,2,0.10327281,0.15450995,0.74221724,2
2026-03-17 13:20:00,1,0.1885142,0.20359516,0.6078906,2
2026-03-17 13:25:00,2,0.17086296,0.23235111,0.5967859,2
2026-03-17 13:30:00,2,0.18584052,0.27039263,0.54376686,1
2026-03-17 13:35:00,0,0.42290005,0.28853202,0.28856793,0
2026-03-17 13:40:00,2,0.42570227,0.29534388,0.27895382,0
2026-03-17 13:45:00,2,0.4066337,0.28788015,0.30548617,0
2026-03-17 13:50:00,2,0.40745434,0.28858885,0.3039568,0
2026-03-17 13:55:00,0,0.39589748,0.28739852,0.31670403,0
2026-03-17 14:00:00,2,0.41064218,0.27047622,0.31888154,0
2026-03-17 14:05:00,2,0.3914506,0.25954926,0.34900016,0
2026-03-17 14:10:00,2,0.06713333,0.0044584316,0.92840827,2
2026-03-17 14:15:00,2,0.4620641,0.2733031,0.2646328,0
2026-03-17 14:20:00,0,0.45111927,0.28303984,0.26584092,0
2026-03-17 14:25:00,0,0.42183688,0.30813774,0.2700254,0
2026-03-17 14:30:00,2,0.42313904,0.2789461,0.29791483,0
2026-03-17 14:35:00,0,0.45095718,0.23450893,0.31453383,0
2026-03-17 14:40:00,0,0.44387344,0.2646309,0.2914956,0
2026-03-17 14:45:00,2,0.45292854,0.22359037,0.32348105,0
2026-03-17 14:50:00,2,0.08782814,0.0061518666,0.90602,2
2026-03-17 14:55:00,2,0.5788209,0.008365743,0.4128134,0
2026-03-17 15:00:00,2,0.5223096,0.2641387,0.2135517,0
2026-03-17 15:05:00,2,0.5090849,0.2623541,0.228561,0
2026-03-17 15:10:00,2,0.5006548,0.26676548,0.23257971,0
2026-03-17 15:15:00,2,0.5197258,0.28420123,0.19607295,0
2026-03-17 15:20:00,2,0.49103126,0.2812688,0.22769995,0
2026-03-17 15:25:00,2,0.44652396,0.2799979,0.27347818,0
2026-03-18 09:15:00,2,0.58135355,0.020764703,0.39788178,0
2026-03-18 09:20:00,2,0.46520117,0.33684382,0.19795501,0
2026-03-18 09:25:00,2,0.5283662,0.21366341,0.25797033,0
2026-03-18 09:30:00,2,0.45411533,0.19426212,0.35162255,0
2026-03-18 09:35:00,2,0.48276407,0.220432,0.29680395,0
2026-03-18 09:40:00,2,0.48988742,0.21551909,0.29459345,0
2026-03-18 09:45:00,1,0.4530484,0.20903552,0.33791614,0
2026-03-18 09:50:00,1,0.41341296,0.27985045,0.30673656,0
2026-03-18 09:55:00,2,0.41359386,0.31537616,0.27102998,0
2026-03-18 10:00:00,0,0.42625344,0.3546369,0.21910971,0
2026-03-18 10:05:00,0,0.35780287,0.35853225,0.28366485,2
2026-03-18 10:10:00,0,0.32056466,0.35709786,0.32233745,2
2026-03-18 10:15:00,2,0.4008917,0.27711487,0.32199347,0
2026-03-18 10:20:00,2,0.38721743,0.20647366,0.4063089,0
2026-03-18 10:25:00,2,0.35934937,0.2430836,0.39756703,0
2026-03-18 10:30:00,2,0.3762311,0.24268673,0.38108218,0
2026-03-18 10:35:00,0,0.46869576,0.2740688,0.2572355,0
2026-03-18 10:40:00,0,0.47606328,0.29135904,0.23257768,0
2026-03-18 10:45:00,0,0.5302664,0.21597873,0.25375485,0
2026-03-18 10:50:00,2,0.5849513,0.017936204,0.39711252,0
2026-03-18 10:55:00,2,0.61418164,0.014395726,0.37142265,0
2026-03-18 11:00:00,2,0.59901196,0.014663314,0.38632473,0
2026-03-18 11:05:00,2,0.55144346,0.1993876,0.24916895,0
2026-03-18 11:10:00,2,0.5867043,0.016184194,0.39711145,0
2026-03-18 11:15:00,2,0.56994903,0.017081412,0.41296956,0
2026-03-18 11:20:00,2,0.54993135,0.01437019,0.43569842,0
2026-03-18 11:25:00,0,0.5559515,0.01372968,0.43031883,0
2026-03-18 11:30:00,2,0.51560956,0.23576182,0.24862857,0
2026-03-18 11:35:00,2,0.5802098,0.013748451,0.40604174,0
2026-03-18 11:40:00,2,0.6090944,0.012891315,0.37801427,0
2026-03-18 11:45:00,2,0.501176,0.25460267,0.24422134,0
2026-03-18 11:50:00,2,0.62678045,0.017785225,0.35543433,0
2026-03-18 11:55:00,1,0.4451498,0.28902286,0.26582733,0
2026-03-18 12:00:00,2,0.44040847,0.31264347,0.24694812,0
2026-03-18 12:05:00,2,0.4717802,0.3008769,0.22734293,0
2026-03-18 12:10:00,2,0.4538354,0.30916834,0.23699625,0
2026-03-18 12:15:00,2,0.41497466,0.31219164,0.2728337,0
2026-03-18 12:20:00,2,0.42640537,0.30499572,0.26859894,0
2026-03-18 12:25:00,2,0.43491188,0.31510803,0.24998009,0
2026-03-18 12:30:00,2,0.418195,0.28888592,0.29291904,0
2026-03-18 12:35:00,2,0.42189783,0.31457847,0.26352364,0
2026-03-18 12:40:00,2,0.4113269,0.29655847,0.29211462,0
2026-03-18 12:45:00,2,0.3857302,0.30854514,0.30572465,0
2026-03-18 12:50:00,2,0.4449729,0.31636763,0.23865947,0
2026-03-18 12:55:00,0,0.44336858,0.30627713,0.25035426,0
2026-03-18 13:00:00,2,0.40968743,0.2904504,0.29986224,0
2026-03-18 13:05:00,0,0.46641,0.2923146,0.24127543,0
2026-03-18 13:10:00,2,0.47202227,0.27246383,0.25551394,0
2026-03-18 13:15:00,0,0.46631238,0.2943595,0.2393281,0
2026-03-18 13:20:00,2,0.5683808,0.18396308,0.24765615,0
2026-03-18 13:25:00,2,0.56865704,0.21890664,0.21243632,0
2026-03-18 13:30:00,2,0.59752965,0.17359035,0.22888,0
2026-03-18 13:35:00,2,0.53860307,0.015121264,0.44627562,0
2026-03-18 13:40:00,2,0.51718104,0.0116417315,0.47117722,0
2026-03-18 13:45:00,2,0.44569272,0.1930338,0.36127353,0
2026-03-18 13:50:00,2,0.49037167,0.17648537,0.333143,0
2026-03-18 13:55:00,2,0.44417033,0.22387001,0.33195966,0
2026-03-18 14:00:00,2,0.44637018,0.250126,0.3035038,0
2026-03-18 14:05:00,2,0.40283507,0.22641975,0.37074518,0
2026-03-18 14:10:00,2,0.40325394,0.25687307,0.33987302,0
2026-03-18 14:15:00,1,0.4400062,0.22322205,0.3367718,0
2026-03-18 14:20:00,1,0.40994737,0.19908187,0.39097074,0
2026-03-18 14:25:00,1,0.4078837,0.24526854,0.3468477,0
2026-03-18 14:30:00,2,0.4320973,0.27494034,0.29296237,0
2026-03-18 14:35:00,2,0.41951942,0.23837139,0.34210914,0
2026-03-18 14:40:00,2,0.3891451,0.27874315,0.33211175,0
2026-03-18 14:45:00,2,0.42100617,0.24079053,0.3382033,0
2026-03-18 14:50:00,2,0.4153734,0.25694928,0.32767734,0
2026-03-18 14:55:00,2,0.36241642,0.21840017,0.41918337,0
2026-03-18 15:00:00,2,0.35753074,0.23834014,0.4041291,0
2026-03-18 15:05:00,2,0.33643776,0.22147556,0.44208673,0
2026-03-18 15:10:00,2,0.33072376,0.21568659,0.4535896,0
2026-03-18 15:15:00,2,0.35175106,0.23669305,0.4115559,0
2026-03-18 15:20:00,2,0.012947518,0.08875701,0.89829546,2
2026-03-18 15:25:00,2,0.35901812,0.27188003,0.36910185,0
2026-03-19 09:15:00,2,0.009865211,0.096582085,0.89355266,2
2026-03-19 09:20:00,2,0.0100195,0.09121791,0.8987626,2
2026-03-19 09:25:00,1,0.018734707,0.5028023,0.478463,1
2026-03-19 09:30:00,1,0.020026637,0.5148936,0.46507978,1
2026-03-19 09:35:00,2,0.016552841,0.50826925,0.4751779,1
2026-03-19 09:40:00,1,0.014487131,0.61664796,0.36886492,1
2026-03-19 09:45:00,2,0.013103753,0.62602943,0.36086684,1
2026-03-19 09:50:00,2,0.013146415,0.63368976,0.3531638,1
2026-03-19 09:55:00,2,0.012260038,0.652849,0.3348909,1
2026-03-19 10:00:00,1,0.017974077,0.6426656,0.3393603,1
2026-03-19 10:05:00,2,0.015896663,0.50653654,0.47756678,1
2026-03-19 10:10:00,2,0.014303935,0.5607429,0.42495316,1
2026-03-19 10:15:00,2,0.014325822,0.55402774,0.43164644,1
2026-03-19 10:20:00,0,0.29399383,0.34881863,0.35718754,1
2026-03-19 10:25:00,0,0.25332427,0.38844457,0.35823116,1
2026-03-19 10:30:00,2,0.24723908,0.34749755,0.40526333,1
2026-03-19 10:35:00,1,0.3487781,0.39657837,0.2546436,2
2026-03-19 10:40:00,1,0.31295198,0.44591048,0.24113753,1
2026-03-19 10:45:00,1,0.3604887,0.42735115,0.21216018,1
2026-03-19 10:50:00,1,0.40424532,0.36312708,0.23262757,2
2026-03-19 10:55:00,1,0.4065306,0.40055192,0.19291753,2
2026-03-19 11:00:00,1,0.3934133,0.4167257,0.189861,2
2026-03-19 11:05:00,2,0.3645878,0.45200413,0.18340811,1
2026-03-19 11:10:00,2,0.023209235,0.65074193,0.32604885,1
2026-03-19 11:15:00,2,0.021954913,0.6568686,0.3211765,1
2026-03-19 11:20:00,2,0.36887255,0.42538583,0.2057416,1
2026-03-19 11:25:00,2,0.39463022,0.4033368,0.20203304,2
2026-03-19 11:30:00,2,0.35642162,0.40991873,0.23365964,1
2026-03-19 11:35:00,2,0.3838394,0.39253706,0.22362357,2
2026-03-19 11:40:00,2,0.37458587,0.41483626,0.21057783,2
2026-03-19 11:45:00,2,0.3578235,0.4193602,0.22281624,1
2026-03-19 11:50:00,2,0.36588284,0.4008841,0.23323306,2
2026-03-19 11:55:00,0,0.3538275,0.41301256,0.23315996,1
2026-03-19 12:00:00,0,0.29647523,0.46897614,0.23454867,1
2026-03-19 12:05:00,2,0.31469738,0.454793,0.23050962,1
2026-03-19 12:10:00,2,0.39991358,0.38108304,0.21900344,2
2026-03-19 12:15:00,1,0.40340683,0.374873,0.22172019,2
2026-03-19 12:20:00,2,0.3956677,0.39267197,0.2116603,2
2026-03-19 12:25:00,2,0.38702148,0.38736385,0.2256147,2
2026-03-19 12:30:00,2,0.39331666,0.39787522,0.20880812,2
2026-03-19 12:35:00,2,0.3998516,0.3894742,0.21067417,2
2026-03-19 12:40:00,0,0.3701983,0.4254099,0.20439179,1
2026-03-19 12:45:00,1,0.45360485,0.35117638,0.19521879,0
2026-03-19 12:50:00,1,0.41764838,0.35588312,0.22646847,0
2026-03-19 12:55:00,1,0.417883,0.3618749,0.2202421,0
2026-03-19 13:00:00,1,0.39948606,0.38551894,0.214995,2
2026-03-19 13:05:00,1,0.39230636,0.4003282,0.20736548,2
2026-03-19 13:10:00,1,0.025509438,0.63293797,0.34155262,1
2026-03-19 13:15:00,1,0.02418985,0.60718095,0.3686292,1
2026-03-19 13:20:00,2,0.017032214,0.61385155,0.36911625,1
2026-03-19 13:25:00,2,0.014085762,0.6455119,0.34040233,1
2026-03-19 13:30:00,2,0.015342807,0.6129743,0.37168288,1
2026-03-19 13:35:00,2,0.29402003,0.35050002,0.35547993,1
2026-03-19 13:40:00,1,0.3177829,0.3605669,0.32165012,2
2026-03-19 13:45:00,1,0.30255017,0.37767258,0.3197772,1
2026-03-19 13:50:00,1,0.27309754,0.33589408,0.39100835,1
2026-03-19 13:55:00,1,0.019902239,0.61485916,0.3652386,1
2026-03-19 14:00:00,2,0.0100924885,0.6136985,0.37620905,1
2026-03-19 14:05:00,2,0.009130339,0.60087484,0.38999483,1
2026-03-19 14:10:00,2,0.009643677,0.567896,0.4224603,1
2026-03-19 14:15:00,2,0.24286297,0.45759213,0.2995449,1
2026-03-19 14:20:00,1,0.2714321,0.44585705,0.2827108,1
2026-03-19 14:25:00,2,0.014750555,0.59405655,0.39119294,1
2026-03-19 14:30:00,1,0.25801757,0.4355117,0.3064707,1
2026-03-19 14:35:00,1,0.043320037,0.57576054,0.38091937,1
2026-03-19 14:40:00,1,0.26583117,0.46747708,0.2666917,1
2026-03-19 14:45:00,1,0.012181711,0.6004961,0.3873222,1
2026-03-19 14:50:00,1,0.008076994,0.53112364,0.4607994,1
2026-03-19 14:55:00,2,0.008343524,0.4568879,0.5347686,1
2026-03-19 15:00:00,2,0.017851498,0.61945814,0.36269033,1
2026-03-19 15:05:00,2,0.014657678,0.5937351,0.39160725,1
2026-03-19 15:10:00,2,0.35920262,0.418861,0.22193633,1
2026-03-19 15:15:00,2,0.30374134,0.42344537,0.2728133,1
2026-03-19 15:20:00,2,0.2629777,0.45429134,0.28273097,1
2026-03-19 15:25:00,2,0.25222856,0.48582298,0.26194853,1
2026-03-20 09:15:00,0,0.6261252,0.018171338,0.3557035,0
2026-03-20 09:20:00,2,0.68328714,0.027943976,0.28876892,0
2026-03-20 09:25:00,2,0.6659631,0.013018398,0.3210185,0
2026-03-20 09:30:00,2,0.59345627,0.013030959,0.3935128,0
2026-03-20 09:35:00,2,0.5930911,0.2618881,0.14502089,0
2026-03-20 09:40:00,2,0.47231063,0.3298645,0.19782487,0
2026-03-20 09:45:00,2,0.43398058,0.3496638,0.21635562,0
2026-03-20 09:50:00,2,0.43013808,0.37653592,0.19332592,0
2026-03-20 09:55:00,2,0.43097156,0.35098815,0.21804032,0
2026-03-20 10:00:00,2,0.4406422,0.3543511,0.20500666,0
2026-03-20 10:05:00,2,0.43311507,0.3224717,0.24441323,0
2026-03-20 10:10:00,2,0.38021183,0.3596828,0.2601054,2
2026-03-20 10:15:00,0,0.38778278,0.38271108,0.22950613,2
2026-03-20 10:20:00,0,0.3987353,0.33351412,0.26775056,0
2026-03-20 10:25:00,2,0.33252388,0.32929876,0.33817738,2
2026-03-20 10:30:00,2,0.36395466,0.30698305,0.3290623,0
2026-03-20 10:35:00,0,0.44337663,0.32815307,0.22847025,0
2026-03-20 10:40:00,2,0.45169333,0.30388027,0.2444264,0
2026-03-20 10:45:00,1,0.42905536,0.301169,0.26977563,0
2026-03-20 10:50:00,2,0.09948236,0.012363363,0.88815427,2
2026-03-20 10:55:00,2,0.47617477,0.33404514,0.18978006,0
2026-03-20 11:00:00,0,0.512926,0.31987205,0.16720198,0
2026-03-20 11:05:00,0,0.47888494,0.338367,0.18274808,0
2026-03-20 11:10:00,0,0.4972787,0.32226497,0.1804564,0
2026-03-20 11:15:00,2,0.5011735,0.30072433,0.19810219,0
2026-03-20 11:20:00,1,0.5037972,0.26420084,0.232002,0
2026-03-20 11:25:00,1,0.51220477,0.3149692,0.172826,0
2026-03-20 11:30:00,1,0.48820445,0.3407663,0.17102925,0
2026-03-20 11:35:00,1,0.48750338,0.3312794,0.18121727,0
2026-03-20 11:40:00,1,0.50963265,0.31158304,0.17878433,0
2026-03-20 11:45:00,1,0.48116902,0.32417187,0.19465916,0
2026-03-20 11:50:00,1,0.5512859,0.27743626,0.17127779,0
2026-03-20 11:55:00,2,0.5184954,0.29542634,0.1860783,0
2026-03-20 12:00:00,2,0.026254732,0.10822765,0.8655176,2
2026-03-20 12:05:00,2,0.024600513,0.1083793,0.86702013,2
2026-03-20 12:10:00,1,0.5069289,0.31138816,0.18168296,0
2026-03-20 12:15:00,2,0.44911844,0.11479005,0.43609148,0
2026-03-20 12:20:00,0,0.4743355,0.08727413,0.43839037,0
2026-03-20 12:25:00,0,0.41630554,0.105300985,0.4783935,0
2026-03-20 12:30:00,0,0.3891833,0.1823785,0.42843822,0
2026-03-20 12:35:00,0,0.4314012,0.38987076,0.17872806,2
2026-03-20 12:40:00,2,0.41413736,0.38746536,0.19839732,2
2026-03-20 12:45:00,0,0.41001737,0.38704693,0.20293568,2
2026-03-20 12:50:00,2,0.3815782,0.4121791,0.20624273,2
2026-03-20 12:55:00,2,0.46767667,0.3479172,0.18440609,0
2026-03-20 13:00:00,2,0.47110903,0.3331433,0.1957477,0
2026-03-20 13:05:00,2,0.4459461,0.3453561,0.20869784,0
2026-03-20 13:10:00,0,0.47762412,0.31954843,0.20282741,0
2026-03-20 13:15:00,2,0.4789359,0.32533553,0.1957286,0
2026-03-20 13:20:00,0,0.47026908,0.32630402,0.2034269,0
2026-03-20 13:25:00,1,0.45717525,0.3287606,0.21406414,0
2026-03-20 13:30:00,1,0.49219638,0.3001546,0.20764904,0
2026-03-20 13:35:00,1,0.37053034,0.25941268,0.370057,0
2026-03-20 13:40:00,2,0.027797481,0.023372814,0.9488297,2
2026-03-20 13:45:00,2,0.026438126,0.022804422,0.95075744,2
2026-03-20 13:50:00,2,0.021680022,0.022718636,0.95560133,2
2026-03-20 13:55:00,2,0.42726633,0.27794692,0.29478678,0
2026-03-20 14:00:00,1,0.4314854,0.29440522,0.27410942,0
2026-03-20 14:05:00,1,0.41265535,0.2834271,0.30391762,0
2026-03-20 14:10:00,1,0.42984405,0.2951185,0.2750374,0
2026-03-20 14:15:00,2,0.40269086,0.30278897,0.29452017,0
2026-03-20 14:20:00,1,0.41560304,0.29960984,0.28478715,0
2026-03-20 14:25:00,1,0.40035245,0.28013578,0.3195118,0
2026-03-20 14:30:00,1,0.40442115,0.33116975,0.26440907,0
2026-03-20 14:35:00,1,0.41404337,0.3081933,0.27776337,0
2026-03-20 14:40:00,2,0.0106429765,0.05338037,0.9359766,2
2026-03-20 14:45:00,2,0.011947936,0.08621795,0.9018342,2
2026-03-20 14:50:00,2,0.011342886,0.06358949,0.92506766,2
2026-03-20 14:55:00,2,0.010819069,0.09754864,0.8916323,2
2026-03-20 15:00:00,2,0.39458632,0.39085278,0.21456088,2
2026-03-20 15:05:00,2,0.3735391,0.39524162,0.23121932,2
2026-03-20 15:10:00,2,0.41450456,0.37188816,0.21360725,2
2026-03-20 15:15:00,2,0.39027667,0.3561496,0.25357378,2
2026-03-20 15:20:00,2,0.39758894,0.38944122,0.21296987,2
2026-03-20 15:25:00,2,0.38779977,0.37762377,0.23457646,2
2026-03-23 09:15:00,2,0.007345249,0.061865192,0.9307896,2
2026-03-23 09:20:00,2,0.008261828,0.0675922,0.924146,2
2026-03-23 09:25:00,2,0.005668097,0.0852555,0.9090764,2
2026-03-23 09:30:00,2,0.0057655997,0.08708346,0.9071509,2
2026-03-23 09:35:00,2,0.0066473577,0.09799261,0.89536005,2
2026-03-23 09:40:00,2,0.0057348474,0.11696817,0.8772969,2
2026-03-23 09:45:00,2,0.0042465497,0.092069395,0.903684,2
2026-03-23 09:50:00,2,0.003846866,0.06519678,0.9309563,2
2026-03-23 09:55:00,2,0.009338472,0.5303456,0.46031588,1
2026-03-23 10:00:00,1,0.008511825,0.6545632,0.33692497,1
2026-03-23 10:05:00,1,0.007915303,0.59231824,0.39976645,1
2026-03-23 10:10:00,1,0.008669375,0.45485482,0.5364758,1
2026-03-23 10:15:00,2,0.011533542,0.4492498,0.53921664,1
2026-03-23 10:20:00,2,0.010805366,0.44830742,0.54088724,1
2026-03-23 10:25:00,2,0.010181086,0.44515556,0.5446633,1
2026-03-23 10:30:00,2,0.01065662,0.49828777,0.49105558,1
2026-03-23 10:35:00,1,0.022982972,0.597941,0.37907606,1
2026-03-23 10:40:00,1,0.023284204,0.6561883,0.3205275,1
2026-03-23 10:45:00,2,0.023800177,0.63848376,0.33771607,1
2026-03-23 10:50:00,2,0.020873407,0.66363585,0.31549075,1
2026-03-23 10:55:00,2,0.027058069,0.6657739,0.307168,1
2026-03-23 11:00:00,2,0.030061997,0.6484289,0.32150912,1
2026-03-23 11:05:00,2,0.32970095,0.52801794,0.14228113,1
2026-03-23 11:10:00,2,0.37563774,0.4756048,0.1487575,1
2026-03-23 11:15:00,2,0.37736553,0.4853171,0.13731734,1
2026-03-23 11:20:00,2,0.36100847,0.5011357,0.13785587,1
2026-03-23 11:25:00,1,0.29677442,0.5713263,0.13189925,1
2026-03-23 11:30:00,2,0.36719564,0.5017986,0.13100572,1
2026-03-23 11:35:00,2,0.3409252,0.52910596,0.12996887,1
2026-03-23 11:40:00,0,0.34739265,0.525202,0.12740542,1
2026-03-23 11:45:00,2,0.36708698,0.4970515,0.1358615,1
2026-03-23 11:50:00,2,0.3525961,0.5209244,0.12647954,1
2026-03-23 11:55:00,2,0.29471865,0.5711675,0.13411383,1
2026-03-23 12:00:00,2,0.2797635,0.5922013,0.12803528,1
2026-03-23 12:05:00,1,0.27657565,0.5970434,0.1263809,1
2026-03-23 12:10:00,1,0.280102,0.5915208,0.12837714,1
2026-03-23 12:15:00,2,0.2872398,0.58510303,0.12765713,1
2026-03-23 12:20:00,2,0.012523507,0.7692194,0.2182571,1
2026-03-23 12:25:00,0,0.32141423,0.55312276,0.12546296,1
2026-03-23 12:30:00,0,0.32632437,0.53430057,0.13937508,1
2026-03-23 12:35:00,2,0.30473515,0.5721463,0.12311855,1
2026-03-23 12:40:00,1,0.31228524,0.5534795,0.13423523,1
2026-03-23 12:45:00,1,0.30267948,0.5656897,0.13163084,1
2026-03-23 12:50:00,2,0.33101183,0.54084754,0.12814063,1
2026-03-23 12:55:00,2,0.34244302,0.51177895,0.14577799,1
2026-03-23 13:00:00,2,0.2879907,0.5286264,0.18338291,1
2026-03-23 13:05:00,2,0.37276077,0.48918325,0.13805597,1
2026-03-23 13:10:00,2,0.40954825,0.44197693,0.14847483,2
2026-03-23 13:15:00,0,0.4206473,0.43050382,0.14884889,2
2026-03-23 13:20:00,2,0.44638547,0.41581795,0.13779652,2
2026-03-23 13:25:00,0,0.4556966,0.39609835,0.14820509,0
2026-03-23 13:30:00,0,0.44518661,0.414838,0.13997541,2
2026-03-23 13:35:00,0,0.3149372,0.41768613,0.2673767,1
2026-03-23 13:40:00,0,0.59343815,0.038222637,0.36833918,0
2026-03-23 13:45:00,0,0.5795017,0.03382746,0.38667086,0
2026-03-23 13:50:00,0,0.5771946,0.041821487,0.38098392,0
2026-03-23 13:55:00,0,0.58369356,0.040541932,0.37576452,0
2026-03-23 14:00:00,2,0.56893134,0.029434111,0.4016345,0
2026-03-23 14:05:00,2,0.6159225,0.045500603,0.33857685,0
2026-03-23 14:10:00,2,0.4025482,0.4251909,0.17226091,2
2026-03-23 14:15:00,2,0.6500783,0.033977047,0.31594464,0
2026-03-23 14:20:00,1,0.38250816,0.4387901,0.17870168,1
2026-03-23 14:25:00,2,0.42804694,0.40375015,0.16820295,2
2026-03-23 14:30:00,0,0.44836217,0.39729205,0.1543458,0
2026-03-23 14:35:00,0,0.4510137,0.40928876,0.13969758,2
2026-03-23 14:40:00,2,0.42535138,0.41010997,0.16453864,2
2026-03-23 14:45:00,1,0.42220795,0.38130504,0.19648705,2
2026-03-23 14:50:00,1,0.40805963,0.42514142,0.16679895,2
2026-03-23 14:55:00,1,0.3971214,0.38024986,0.2226288,2
2026-03-23 15:00:00,2,0.4390487,0.33347836,0.2274729,0
2026-03-23 15:05:00,2,0.39684182,0.39717242,0.20598575,2
2026-03-23 15:10:00,2,0.30545005,0.43852264,0.25602737,1
2026-03-23 15:15:00,2,0.3134813,0.3370987,0.34942004,2
2026-03-23 15:20:00,2,0.30612385,0.338387,0.35548913,2
2026-03-23 15:25:00,2,0.35293186,0.36352083,0.28354728,2
2026-03-24 09:15:00,2,0.14944912,0.0152154025,0.83533543,2
2026-03-24 09:20:00,2,0.12909186,0.015959911,0.85494816,2
2026-03-24 09:25:00,2,0.0926475,0.012834107,0.8945184,2
2026-03-24 09:30:00,2,0.15590505,0.017153058,0.82694185,2
2026-03-24 09:35:00,2,0.44037953,0.29277602,0.26684454,0
2026-03-24 09:40:00,2,0.46399269,0.2785199,0.2574874,0
2026-03-24 09:45:00,2,0.44107366,0.29826048,0.26066583,0
2026-03-24 09:50:00,1,0.38800207,0.36786085,0.24413712,2
2026-03-24 09:55:00,1,0.37372813,0.401715,0.22455688,2
2026-03-24 10:00:00,2,0.4884712,0.25657028,0.25495854,0
2026-03-24 10:05:00,0,0.5027649,0.2486105,0.24862464,0
2026-03-24 10:10:00,2,0.49870446,0.27486375,0.22643174,0
2026-03-24 10:15:00,1,0.51529235,0.28376806,0.20093963,0
2026-03-24 10:20:00,1,0.4866644,0.27493286,0.23840271,0
2026-03-24 10:25:00,1,0.43724075,0.30571532,0.25704396,0
2026-03-24 10:30:00,2,0.5346114,0.24880661,0.216582,0
2026-03-24 10:35:00,0,0.5980664,0.25405058,0.14788297,0
2026-03-24 10:40:00,1,0.54640603,0.33259374,0.12100023,0
2026-03-24 10:45:00,2,0.52343243,0.3462352,0.1303324,0
2026-03-24 10:50:00,2,0.5621311,0.31616926,0.121699624,0
2026-03-24 10:55:00,0,0.59027326,0.26901475,0.14071201,0
2026-03-24 11:00:00,0,0.5547638,0.31402868,0.13120748,0
2026-03-24 11:05:00,0,0.5353713,0.32925728,0.13537145,0
2026-03-24 11:10:00,0,0.49449825,0.35743442,0.14806733,0
2026-03-24 11:15:00,0,0.491175,0.36851963,0.14030537,0
2026-03-24 11:20:00,0,0.55622846,0.32115084,0.122620665,0
2026-03-24 11:25:00,0,0.555288,0.3109258,0.13378623,0
2026-03-24 11:30:00,2,0.48317233,0.35189533,0.16493228,0
2026-03-24 11:35:00,2,0.45592064,0.36065665,0.18342265,0
2026-03-24 11:40:00,0,0.4958495,0.33876544,0.16538511,0
2026-03-24 11:45:00,0,0.4883463,0.3555474,0.15610634,0
2026-03-24 11:50:00,2,0.46107566,0.35523447,0.18368982,0
2026-03-24 11:55:00,2,0.15124361,0.015568831,0.8331875,2
2026-03-24 12:00:00,1,0.4908642,0.34363672,0.16549905,0
2026-03-24 12:05:00,0,0.46157297,0.37755436,0.16087264,0
2026-03-24 12:10:00,0,0.46788973,0.36929703,0.16281319,0
2026-03-24 12:15:00,0,0.46437293,0.36979395,0.16583316,0
2026-03-24 12:20:00,2,0.1433224,0.012310311,0.84436727,2
2026-03-24 12:25:00,0,0.48194665,0.39872387,0.119329505,0
2026-03-24 12:30:00,2,0.18638034,0.016481386,0.7971383,2
2026-03-24 12:35:00,2,0.10083955,0.011371513,0.8877889,2
2026-03-24 12:40:00,2,0.1461564,0.01276886,0.84107476,2
2026-03-24 12:45:00,2,0.11101126,0.007523596,0.8814651,2
2026-03-24 12:50:00,2,0.12962717,0.008028172,0.8623447,2
2026-03-24 12:55:00,2,0.61044824,0.025232915,0.36431888,0
2026-03-24 13:00:00,0,0.51434135,0.3424055,0.14325318,0
2026-03-24 13:05:00,0,0.5010304,0.37292466,0.12604497,0
2026-03-24 13:10:00,0,0.58004564,0.25323167,0.16672269,0
2026-03-24 13:15:00,0,0.5805046,0.24255893,0.17693654,0
2026-03-24 13:20:00,0,0.6034573,0.22102734,0.17551538,0
2026-03-24 13:25:00,0,0.70425177,0.010615498,0.28513277,0
2026-03-24 13:30:00,2,0.6841278,0.009287098,0.3065851,0
2026-03-24 13:35:00,2,0.6430419,0.011913204,0.34504482,0
2026-03-24 13:40:00,2,0.66732055,0.008445425,0.32423404,0
2026-03-24 13:45:00,2,0.55158585,0.2777141,0.17069998,0
2026-03-24 13:50:00,2,0.5146203,0.2776026,0.20777708,0
2026-03-24 13:55:00,2,0.49336395,0.27025104,0.23638506,0
2026-03-24 14:00:00,2,0.53908485,0.2470572,0.213858,0
2026-03-24 14:05:00,2,0.5184611,0.26199728,0.21954161,0
2026-03-24 14:10:00,1,0.5228479,0.19497988,0.2821722,0
2026-03-24 14:15:00,1,0.5293274,0.23998438,0.23068821,0
2026-03-24 14:20:00,1,0.5518669,0.26487046,0.18326266,0
2026-03-24 14:25:00,1,0.48083472,0.31058097,0.20858437,0
2026-03-24 14:30:00,1,0.48589894,0.30150142,0.21259964,0
2026-03-24 14:35:00,2,0.05150415,0.46483198,0.48366386,1
2026-03-24 14:40:00,2,0.4620434,0.33507383,0.20288275,0
2026-03-24 14:45:00,2,0.42612466,0.30022106,0.27365428,0
2026-03-24 14:50:00,2,0.13064775,0.26029882,0.6090534,1
2026-03-24 14:55:00,2,0.43628627,0.3255143,0.23819946,0
2026-03-24 15:00:00,2,0.46316707,0.29864308,0.23818988,0
2026-03-24 15:05:00,2,0.43442225,0.31992847,0.24564928,0
2026-03-24 15:10:00,2,0.4351883,0.30933583,0.25547594,0
2026-03-24 15:15:00,2,0.4516069,0.29283375,0.25555933,0
2026-03-24 15:20:00,2,0.3560481,0.3011608,0.34279108,0
2026-03-24 15:25:00,2,0.37822455,0.3173952,0.30438027,0
2026-03-25 09:15:00,2,0.07601135,0.0066207484,0.9173679,2
2026-03-25 09:20:00,2,0.0746299,0.006589414,0.9187807,2
2026-03-25 09:25:00,2,0.07280701,0.0034891565,0.92370385,2
2026-03-25 09:30:00,2,0.06483621,0.003193897,0.9319699,2
2026-03-25 09:35:00,2,0.1069051,0.0041616564,0.88893324,2
2026-03-25 09:40:00,2,0.64608294,0.008159759,0.34575725,0
2026-03-25 09:45:00,2,0.5848045,0.0075857653,0.40760976,0
2026-03-25 09:50:00,2,0.5715272,0.007828709,0.42064407,0
2026-03-25 09:55:00,2,0.58057004,0.00789658,0.41153336,0
2026-03-25 10:00:00,2,0.5903566,0.008610289,0.40103313,0
2026-03-25 10:05:00,2,0.58777446,0.008216928,0.40400866,0
2026-03-25 10:10:00,2,0.47023755,0.007343011,0.52241945,0
2026-03-25 10:15:00,2,0.53303325,0.009988881,0.45697787,0
2026-03-25 10:20:00,2,0.54920757,0.0152277695,0.43556467,0
2026-03-25 10:25:00,0,0.4903281,0.008500279,0.5011716,0
2026-03-25 10:30:00,0,0.5147977,0.010062528,0.47513977,0
2026-03-25 10:35:00,0,0.65551186,0.009777353,0.3347108,0
2026-03-25 10:40:00,2,0.6435206,0.0069963764,0.349483,0
2026-03-25 10:45:00,0,0.635201,0.0075183124,0.3572807,0
2026-03-25 10:50:00,0,0.6388181,0.0067531927,0.35442868,0
2026-03-25 10:55:00,0,0.6591156,0.008421233,0.33246312,0
2026-03-25 11:00:00,0,0.64403063,0.006785302,0.34918404,0
2026-03-25 11:05:00,2,0.6263485,0.005918879,0.36773258,0
2026-03-25 11:10:00,2,0.6167863,0.005142631,0.37807107,0
2026-03-25 11:15:00,2,0.6418418,0.0067064627,0.3514517,0
2026-03-25 11:20:00,1,0.60287416,0.20469007,0.19243579,0
2026-03-25 11:25:00,1,0.5994265,0.20563847,0.19493498,0
2026-03-25 11:30:00,2,0.59213,0.21436226,0.19350775,0
2026-03-25 11:35:00,0,0.6137524,0.24364252,0.14260505,0
2026-03-25 11:40:00,0,0.5851671,0.25914863,0.15568423,0
2026-03-25 11:45:00,2,0.5686237,0.27198836,0.1593879,0
2026-03-25 11:50:00,2,0.6176373,0.1747321,0.20763062,0
2026-03-25 11:55:00,0,0.60073733,0.22074881,0.1785139,0
2026-03-25 12:00:00,0,0.62194294,0.18572971,0.1923274,0
2026-03-25 12:05:00,0,0.572749,0.22707394,0.20017707,0
2026-03-25 12:10:00,2,0.6634612,0.0076432,0.32889557,0
2026-03-25 12:15:00,2,0.6558263,0.007678493,0.33649525,0
2026-03-25 12:20:00,2,0.6509417,0.13203582,0.21702243,0
2026-03-25 12:25:00,2,0.60873055,0.18772876,0.20354071,0
2026-03-25 12:30:00,2,0.65471107,0.010624019,0.33466494,0
2026-03-25 12:35:00,1,0.6140666,0.1932555,0.19267789,0
2026-03-25 12:40:00,1,0.6465985,0.16150244,0.19189899,0
2026-03-25 12:45:00,2,0.6210034,0.20096572,0.17803091,0
2026-03-25 12:50:00,2,0.58514243,0.2684316,0.14642598,0
2026-03-25 12:55:00,2,0.57950956,0.269239,0.15125147,0
2026-03-25 13:00:00,2,0.5877625,0.2471675,0.16507003,0
2026-03-25 13:05:00,2,0.58344746,0.2610355,0.15551707,0
2026-03-25 13:10:00,2,0.5633623,0.24547352,0.19116423,0
2026-03-25 13:15:00,0,0.5674398,0.26352054,0.16903967,0
2026-03-25 13:20:00,0,0.53519404,0.26968992,0.19511601,0
2026-03-25 13:25:00,2,0.5244412,0.25369877,0.22186004,0
2026-03-25 13:30:00,2,0.54057246,0.25675157,0.20267601,0
2026-03-25 13:35:00,2,0.45288977,0.20034467,0.34676558,0
2026-03-25 13:40:00,2,0.4325376,0.17030422,0.39715818,0
2026-03-25 13:45:00,2,0.4821203,0.14884336,0.36903626,0
2026-03-25 13:50:00,2,0.47869232,0.21607025,0.30523738,0
2026-03-25 13:55:00,1,0.4309949,0.19259629,0.37640885,0
2026-03-25 14:00:00,1,0.48118547,0.18896943,0.32984513,0
2026-03-25 14:05:00,1,0.47294205,0.20757695,0.319481,0
2026-03-25 14:10:00,1,0.48331147,0.2191691,0.29751942,0
2026-03-25 14:15:00,1,0.42358756,0.2542051,0.32220727,0
2026-03-25 14:20:00,2,0.04368645,0.42323464,0.5330789,1
2026-03-25 14:25:00,2,0.052946724,0.37791747,0.5691358,1
2026-03-25 14:30:00,2,0.06789777,0.40954506,0.52255714,1
2026-03-25 14:35:00,2,0.06961076,0.40910774,0.5212815,1
2026-03-25 14:40:00,2,0.46070233,0.26463076,0.27466694,0
2026-03-25 14:45:00,2,0.45462003,0.26442164,0.2809583,0
2026-03-25 14:50:00,2,0.42888066,0.2969704,0.2741489,0
2026-03-25 14:55:00,1,0.40944338,0.239596,0.3509606,0
2026-03-25 15:00:00,2,0.47052816,0.2879771,0.24149479,0
2026-03-25 15:05:00,2,0.437213,0.28771403,0.27507302,0
2026-03-25 15:10:00,2,0.015360824,0.0961111,0.8885281,2
2026-03-25 15:15:00,2,0.012348459,0.063877486,0.923774,2
2026-03-25 15:20:00,2,0.44048062,0.25674424,0.30277517,0
2026-03-25 15:25:00,2,0.41346872,0.25579315,0.33073813,0
2026-03-27 09:15:00,2,0.007143647,0.049860694,0.9429956,2
2026-03-27 09:20:00,2,0.00864895,0.087715045,0.903636,2
2026-03-27 09:25:00,2,0.013216247,0.551842,0.43494174,1
2026-03-27 09:30:00,2,0.013911258,0.45581007,0.5302787,1
2026-03-27 09:35:00,2,0.011214393,0.49596265,0.49282295,1
2026-03-27 09:40:00,1,0.016782913,0.61125964,0.37195748,1
2026-03-27 09:45:00,2,0.015004706,0.6325968,0.3523985,1
2026-03-27 09:50:00,2,0.012688461,0.5832976,0.40401393,1
2026-03-27 09:55:00,2,0.010096149,0.5698072,0.4200967,1
2026-03-27 10:00:00,1,0.21686175,0.5368141,0.24632414,1
2026-03-27 10:05:00,2,0.16971831,0.53525585,0.2950259,1
2026-03-27 10:10:00,2,0.011754298,0.5337722,0.45447353,1
2026-03-27 10:15:00,2,0.015887067,0.47761798,0.50649494,1
2026-03-27 10:20:00,2,0.245566,0.45188278,0.30255124,1
2026-03-27 10:25:00,2,0.229685,0.40025884,0.37005615,1
2026-03-27 10:30:00,2,0.27369985,0.4318793,0.29442087,1
2026-03-27 10:35:00,1,0.33711547,0.4576952,0.2051894,1
2026-03-27 10:40:00,2,0.3641174,0.47326702,0.16261554,1
2026-03-27 10:45:00,2,0.38470027,0.4263088,0.18899088,2
2026-03-27 10:50:00,2,0.01879499,0.6213329,0.3598721,1
2026-03-27 10:55:00,2,0.40104824,0.4384829,0.16046879,2
2026-03-27 11:00:00,2,0.3635298,0.46108866,0.17538156,1
2026-03-27 11:05:00,1,0.36417612,0.44195533,0.19386858,1
2026-03-27 11:10:00,1,0.36501545,0.44808632,0.18689823,1
2026-03-27 11:15:00,1,0.42020178,0.41066656,0.16913171,2
2026-03-27 11:20:00,2,0.35542512,0.43313965,0.2114352,1
2026-03-27 11:25:00,2,0.021032356,0.65704656,0.32192105,1
2026-03-27 11:30:00,2,0.03542421,0.64059955,0.32397622,1
2026-03-27 11:35:00,2,0.38566604,0.43921068,0.17512333,1
2026-03-27 11:40:00,2,0.37230948,0.4429191,0.18477137,1
2026-03-27 11:45:00,2,0.3651444,0.4335025,0.20135312,1
2026-03-27 11:50:00,2,0.33594298,0.4514754,0.21258159,1
2026-03-27 11:55:00,2,0.3657035,0.43347433,0.2008222,1
2026-03-27 12:00:00,1,0.37675872,0.4482916,0.1749497,1
2026-03-27 12:05:00,2,0.34596914,0.4672178,0.186813,1
2026-03-27 12:10:00,0,0.33240435,0.4635623,0.20403336,1
2026-03-27 12:15:00,2,0.01920953,0.65260166,0.3281888,1
2026-03-27 12:20:00,0,0.35253045,0.44226778,0.20520176,1
2026-03-27 12:25:00,2,0.34147972,0.46818718,0.19033313,1
2026-03-27 12:30:00,2,0.33666635,0.47731388,0.18601975,1
2026-03-27 12:35:00,2,0.33055732,0.4664205,0.2030222,1
2026-03-27 12:40:00,2,0.341749,0.45429873,0.2039522,1
2026-03-27 12:45:00,1,0.35110003,0.44576627,0.20313372,1
2026-03-27 12:50:00,1,0.3632125,0.45344493,0.18334259,1
2026-03-27 12:55:00,2,0.34892598,0.45576063,0.19531342,1
2026-03-27 13:00:00,0,0.3631572,0.43992275,0.19692001,1
2026-03-27 13:05:00,0,0.3674933,0.41956672,0.21293996,1
2026-03-27 13:10:00,2,0.36388725,0.45319554,0.18291715,1
2026-03-27 13:15:00,1,0.403936,0.4400169,0.15604709,2
2026-03-27 13:20:00,1,0.36822543,0.47250324,0.15927131,1
2026-03-27 13:25:00,2,0.38733968,0.45617107,0.1564893,1
2026-03-27 13:30:00,2,0.37336716,0.43734565,0.18928714,1
2026-03-27 13:35:00,2,0.29188296,0.42207673,0.28604037,1
2026-03-27 13:40:00,2,0.30911914,0.45564744,0.23523346,1
2026-03-27 13:45:00,2,0.28059137,0.4178998,0.30150878,1
2026-03-27 13:50:00,2,0.28774402,0.453273,0.25898296,1
2026-03-27 13:55:00,2,0.28937614,0.46469256,0.2459313,1
2026-03-27 14:00:00,2,0.27814502,0.41981906,0.3020359,1
2026-03-27 14:05:00,2,0.27122563,0.4450944,0.28368,1
2026-03-27 14:10:00,2,0.30459446,0.4161972,0.27920827,1
2026-03-27 14:15:00,1,0.018873163,0.47720757,0.50391924,1
2026-03-27 14:20:00,1,0.017796056,0.4675371,0.51466686,1
2026-03-27 14:25:00,1,0.017391901,0.49179828,0.4908099,1
2026-03-27 14:30:00,2,0.014113457,0.45284826,0.5330383,1
2026-03-27 14:35:00,2,0.013218533,0.41151673,0.57526475,1
2026-03-27 14:40:00,2,0.026180165,0.45915064,0.51466924,1
2026-03-27 14:45:00,2,0.25910658,0.30822176,0.43267164,2
2026-03-27 14:50:00,1,0.28735566,0.33521226,0.3774321,2
2026-03-27 14:55:00,1,0.020138629,0.29717213,0.68268925,2
2026-03-27 15:00:00,2,0.0033127973,0.048637252,0.94805,2
2026-03-27 15:05:00,2,0.0027794477,0.04791725,0.9493033,2
2026-03-27 15:10:00,2,0.0026666007,0.04715252,0.9501808,2
2026-03-27 15:15:00,2,0.0043474277,0.045943983,0.9497086,2
2026-03-27 15:20:00,2,0.0031229388,0.044011526,0.95286554,2
2026-03-27 15:25:00,2,0.061760135,0.04140396,0.896836,2
2026-03-30 09:15:00,2,0.011647202,0.61867326,0.3696795,1
2026-03-30 09:20:00,2,0.011120219,0.61974937,0.3691304,1
2026-03-30 09:25:00,2,0.020807967,0.64563525,0.33355677,1
2026-03-30 09:30:00,1,0.4349385,0.37412202,0.19093952,0
2026-03-30 09:35:00,1,0.44799232,0.35610077,0.19590688,0
2026-03-30 09:40:00,1,0.5424691,0.29170364,0.16582727,0
2026-03-30 09:45:00,2,0.43120077,0.4072705,0.16152872,2
2026-03-30 09:50:00,2,0.4113631,0.43665704,0.15197991,2
2026-03-30 09:55:00,2,0.38386145,0.4530039,0.16313457,1
2026-03-30 10:00:00,1,0.48526618,0.33578312,0.17895077,0
2026-03-30 10:05:00,1,0.41265368,0.39745563,0.18989067,2
2026-03-30 10:10:00,1,0.4399215,0.37283015,0.18724836,0
2026-03-30 10:15:00,1,0.042384394,0.62033784,0.3372777,1
2026-03-30 10:20:00,2,0.036553647,0.60299015,0.36045617,1
2026-03-30 10:25:00,2,0.027632473,0.5897859,0.38258168,1
2026-03-30 10:30:00,2,0.028747877,0.55380434,0.4174478,1
2026-03-30 10:35:00,1,0.054310188,0.64189196,0.30379787,1
2026-03-30 10:40:00,1,0.03754241,0.66621375,0.29624382,1
2026-03-30 10:45:00,1,0.56413007,0.31865013,0.11721979,0
2026-03-30 10:50:00,1,0.038504213,0.6876405,0.27385533,1
2026-03-30 10:55:00,2,0.03113181,0.68314487,0.28572333,1
2026-03-30 11:00:00,1,0.50863564,0.3697276,0.12163673,0
2026-03-30 11:05:00,2,0.039373536,0.6666115,0.29401505,1
2026-03-30 11:10:00,2,0.03589151,0.6735031,0.29060534,1
2026-03-30 11:15:00,0,0.40275833,0.43393436,0.16330734,2
2026-03-30 11:20:00,0,0.41881186,0.43107203,0.15011612,2
2026-03-30 11:25:00,2,0.035710637,0.66743034,0.29685906,1
2026-03-30 11:30:00,1,0.41653854,0.4420649,0.14139654,2
2026-03-30 11:35:00,1,0.39260304,0.46943006,0.13796695,1
2026-03-30 11:40:00,2,0.42518952,0.44996932,0.12484117,2
2026-03-30 11:45:00,0,0.40882447,0.45300373,0.13817178,2
2026-03-30 11:50:00,0,0.39094594,0.47690183,0.13215226,1
2026-03-30 11:55:00,0,0.3606034,0.4926079,0.14678875,1
2026-03-30 12:00:00,2,0.4422995,0.43500176,0.122698754,2
2026-03-30 12:05:00,1,0.43449405,0.45054328,0.11496271,2
2026-03-30 12:10:00,1,0.47449517,0.39878625,0.12671852,0
2026-03-30 12:15:00,1,0.46652234,0.41616836,0.11730933,0
2026-03-30 12:20:00,0,0.48240826,0.41834328,0.09924848,0
2026-03-30 12:25:00,0,0.48693657,0.40072426,0.11233913,0
2026-03-30 12:30:00,2,0.48382762,0.39419982,0.12197256,0
2026-03-30 12:35:00,1,0.49815857,0.39466992,0.10717144,0
2026-03-30 12:40:00,1,0.48674324,0.3842104,0.12904637,0
2026-03-30 12:45:00,1,0.48236743,0.3913954,0.1262372,0
2026-03-30 12:50:00,2,0.4822771,0.40248206,0.11524092,0
2026-03-30 12:55:00,2,0.4855022,0.3788842,0.13561359,0
2026-03-30 13:00:00,2,0.48563847,0.3819566,0.13240488,0
2026-03-30 13:05:00,2,0.4923274,0.37226367,0.13540897,0
2026-03-30 13:10:00,1,0.45447704,0.39093468,0.15458831,0
2026-03-30 13:15:00,2,0.45159265,0.391827,0.15658036,0
2026-03-30 13:20:00,2,0.44188482,0.3914173,0.16669792,0
2026-03-30 13:25:00,2,0.39891145,0.42504597,0.17604257,2
2026-03-30 13:30:00,1,0.4447469,0.39440507,0.16084798,0
2026-03-30 13:35:00,1,0.35883015,0.38769057,0.25347924,2
2026-03-30 13:40:00,1,0.36922732,0.36612466,0.26464796,2
2026-03-30 13:45:00,2,0.014372987,0.111771494,0.8738555,2
2026-03-30 13:50:00,2,0.008724461,0.0811192,0.91015637,2
2026-03-30 13:55:00,2,0.01638365,0.12993681,0.8536795,2
2026-03-30 14:00:00,1,0.4082693,0.39338875,0.1983419,2
2026-03-30 14:05:00,1,0.39888528,0.3741319,0.22698283,2
2026-03-30 14:10:00,1,0.3340895,0.36391234,0.30199817,2
2026-03-30 14:15:00,2,0.072651386,0.16281347,0.7645351,2
2026-03-30 14:20:00,2,0.007146221,0.08026567,0.91258806,2
2026-03-30 14:25:00,2,0.006703071,0.06748019,0.9258168,2
2026-03-30 14:30:00,2,0.0054897,0.05841958,0.93609065,2
2026-03-30 14:35:00,2,0.006030538,0.071314365,0.92265517,2
2026-03-30 14:40:00,2,0.011559263,0.13135009,0.8570906,2
2026-03-30 14:45:00,2,0.010554014,0.12560667,0.8638393,2
2026-03-30 14:50:00,2,0.007691867,0.08046986,0.91183823,2
2026-03-30 14:55:00,2,0.008914742,0.100258626,0.89082664,2
2026-03-30 15:00:00,2,0.003742636,0.046894204,0.9493632,2
2026-03-30 15:05:00,2,0.0052817506,0.070250265,0.92446804,2
2026-03-30 15:10:00,2,0.42786834,0.36407602,0.20805562,0
2026-03-30 15:15:00,2,0.3846548,0.3652116,0.25013357,2
2026-03-30 15:20:00,2,0.34935004,0.43569013,0.21495984,1
2026-03-30 15:25:00,2,0.32246238,0.48019725,0.19734044,1
