timestamp,y_true,p_call,p_put,p_skip,signal
2026-04-01 09:15:00,2,0.003974925151065389,0.0,0.9960250748489347,2
2026-04-01 09:20:00,2,0.0,0.0,1.0,2
2026-04-01 09:25:00,2,0.17097965954840488,0.0001164805950947252,0.8289038598565003,2
2026-04-01 09:30:00,0,0.3239172729848705,0.00012513098778736434,0.6759575960273422,2
2026-04-01 09:35:00,0,0.2614678323062097,0.00011397422795939292,0.7384181934658308,2
2026-04-01 09:40:00,0,0.2912762883000155,0.00011252159953730056,0.7086111901004473,2
2026-04-01 09:45:00,0,0.29962675967967456,0.00011574743162275298,0.7002574928887026,2
2026-04-01 09:50:00,2,0.23445189667885918,0.00011590118620749296,0.7654322021349333,2
2026-04-01 09:55:00,2,0.2912762883000155,0.00011252159953730056,0.7086111901004473,2
2026-04-01 10:00:00,2,0.2599588188789949,0.00011331644669876832,0.7399278646743063,2
2026-04-01 10:05:00,2,0.2912762883000155,0.00011252159953730056,0.7086111901004473,2
2026-04-01 10:10:00,1,0.23515243994972684,0.08286229986957931,0.6819852601806939,2
2026-04-01 10:15:00,1,0.22285185284339806,0.08613150756310942,0.6910166395934926,2
2026-04-01 10:20:00,2,0.2141184555632193,0.12032586498165382,0.665555679455127,2
2026-04-01 10:25:00,2,0.2510898173612284,0.12661126349024138,0.6222989191485301,2
2026-04-01 10:30:00,2,0.19773699979482362,0.13453602662258662,0.6677269735825897,2
2026-04-01 10:35:00,1,0.2107517542134972,0.15686044916229894,0.6323877966242039,2
2026-04-01 10:40:00,1,0.2623934841962018,0.1474556325417894,0.5901508832620087,2
2026-04-01 10:45:00,1,0.27465137101212883,0.13223756851949262,0.5931110604683786,2
2026-04-01 10:50:00,2,0.26100233767514897,0.1519756157054943,0.5870220466193568,2
2026-04-01 10:55:00,2,0.292671877123111,0.14091397855460475,0.5664141443222843,2
2026-04-01 11:00:00,2,0.3051015547130143,0.13843773695654638,0.5564607083304393,2
2026-04-01 11:05:00,2,0.256050622649538,0.19769468336729334,0.5462546939831686,2
2026-04-01 11:10:00,0,0.26899742172721686,0.19425424316772325,0.5367483351050599,2
2026-04-01 11:15:00,0,0.22909578309682813,0.21744959262451558,0.5534546242786563,2
2026-04-01 11:20:00,0,0.20802362225048235,0.21459355042868986,0.5773828273208278,2
2026-04-01 11:25:00,2,0.18183404607687384,0.21147414685373422,0.606691807069392,2
2026-04-01 11:30:00,1,0.18566144150138192,0.24728998581720874,0.5670485726814094,2
2026-04-01 11:35:00,1,0.17951884099290794,0.21207256581455192,0.60840859319254,2
2026-04-01 11:40:00,1,0.22306215548293243,0.18882946046488502,0.5881083840521826,2
2026-04-01 11:45:00,0,0.33760342239839986,0.14332903825295404,0.5190675393486461,0
2026-04-01 11:50:00,0,0.3051015547130143,0.13843773695654638,0.5564607083304393,2
2026-04-01 11:55:00,0,0.256050622649538,0.19769468336729334,0.5462546939831686,2
2026-04-01 12:00:00,2,0.27707473776054053,0.1613342019947963,0.5615910602446632,2
2026-04-01 12:05:00,2,0.26707919803943886,0.155514030739036,0.5774067712215252,2
2026-04-01 12:10:00,1,0.050786250467999235,0.002078801794417006,0.9471349477375838,2
2026-04-01 12:15:00,2,0.2738027067157995,0.17123817429272234,0.5549591189914782,2
2026-04-01 12:20:00,2,0.27088409742095615,0.1577295355170938,0.57138636706195,2
2026-04-01 12:25:00,2,0.27460384274299293,0.16881324955585375,0.5565829077011533,2
2026-04-01 12:30:00,0,0.26478262480518266,0.16277563661454578,0.5724417385802716,2
2026-04-01 12:35:00,0,0.24537726820528719,0.16128018156679522,0.5933425502279177,2
2026-04-01 12:40:00,0,0.24783529057219136,0.1562008553359857,0.595963854091823,2
2026-04-01 12:45:00,2,0.19402810385269162,0.15967331270509608,0.6462985834422124,2
2026-04-01 12:50:00,2,0.056154084798607326,0.016297236350891964,0.9275486788505006,2
2026-04-01 12:55:00,0,0.2352577602723495,0.14135104880820665,0.623391190919444,2
2026-04-01 13:00:00,1,0.2541233918365786,0.12814093403304672,0.6177356741303747,2
2026-04-01 13:05:00,1,0.21440404408959438,0.14124164075834453,0.6443543151520611,2
2026-04-01 13:10:00,2,0.026410794264864507,0.00012113235694815928,0.9734680733781873,2
2026-04-01 13:15:00,1,0.2880262362027529,0.1545504277227478,0.5574233360744992,2
2026-04-01 13:20:00,1,0.318244126468184,0.11657056348375888,0.565185310048057,2
2026-04-01 13:25:00,1,0.2880262362027529,0.1545504277227478,0.5574233360744992,2
2026-04-01 13:30:00,2,0.0,0.0021128955906293658,0.9978871044093706,2
2026-04-01 13:35:00,2,0.0,0.0021060919495495926,0.9978939080504504,2
2026-04-01 13:40:00,2,0.0,0.002107086382809268,0.9978929136171907,2
2026-04-01 13:45:00,2,0.0,0.007589041883462213,0.9924109581165378,2
2026-04-01 13:50:00,2,0.0,0.007589041883462213,0.9924109581165378,2
2026-04-01 13:55:00,2,0.0,0.005013319421342162,0.9949866805786579,2
2026-04-01 14:00:00,2,0.13300771582590465,0.21467255200359897,0.6523197321704964,2
2026-04-01 14:05:00,2,0.0794892031692855,0.18763105218727846,0.7328797446434361,2
2026-04-01 14:10:00,2,0.09644159429327241,0.19147281433052227,0.7120855913762053,2
2026-04-01 14:15:00,1,0.12150284793571292,0.17513595123438147,0.7033612008299056,2
2026-04-01 14:20:00,1,0.1258131901028759,0.17978866418444692,0.6943981457126772,2
2026-04-01 14:25:00,1,0.13277038954420053,0.1728896700563054,0.6943399403994941,2
2026-04-01 14:30:00,1,0.21615891722776653,0.14239768780218948,0.641443394970044,2
2026-04-01 14:35:00,2,0.0,0.002107086382809268,0.9978929136171907,2
2026-04-01 14:40:00,2,0.0,0.0021060919495495926,0.9978939080504504,2
2026-04-01 14:45:00,2,0.0,0.001735556287581185,0.9982644437124188,2
2026-04-01 14:50:00,2,0.13017314772555635,0.20369812176422092,0.6661287305102227,2
2026-04-01 14:55:00,2,0.0,0.016129574246446454,0.9838704257535537,2
2026-04-01 15:00:00,2,0.15182876322476474,0.18825532737383321,0.6599159094014021,2
2026-04-01 15:05:00,2,0.11787427873935542,0.17511525975700226,0.7070104615036422,2
2026-04-01 15:10:00,2,0.16802887262562322,0.18284437267255396,0.6491267547018229,2
2026-04-01 15:15:00,2,0.15895666564764613,0.17297224791373542,0.6680710864386185,2
2026-04-01 15:20:00,2,0.11780546876283068,0.1683455275649017,0.7138490036722676,2
2026-04-01 15:25:00,2,0.12150284793571292,0.17513595123438147,0.7033612008299056,2
2026-04-02 09:15:00,2,0.0,0.0001234204268179169,0.9998765795731821,2
2026-04-02 09:20:00,2,0.0,0.0001234204268179169,0.9998765795731821,2
2026-04-02 09:25:00,2,0.0,0.016129574246446454,0.9838704257535537,2
2026-04-02 09:30:00,2,0.0,0.010884219119120356,0.9891157808808796,2
2026-04-02 09:35:00,2,0.0,0.023989614885331027,0.9760103851146691,2
2026-04-02 09:40:00,1,0.0,0.2610530233169057,0.7389469766830942,2
2026-04-02 09:45:00,2,0.0,0.24967974643555174,0.7503202535644481,2
2026-04-02 09:50:00,1,0.0,0.20410615314823702,0.795893846851763,2
2026-04-02 09:55:00,2,0.0,0.2072691094763936,0.7927308905236065,2
2026-04-02 10:00:00,2,0.0,0.27290945800902194,0.7270905419909782,2
2026-04-02 10:05:00,2,0.0,0.2072691094763936,0.7927308905236065,2
2026-04-02 10:10:00,2,0.07539041367978028,0.21510119199930453,0.7095083943209153,2
2026-04-02 10:15:00,2,0.0,0.3219475265718851,0.6780524734281149,2
2026-04-02 10:20:00,2,0.0,0.25583660037441547,0.7441633996255845,2
2026-04-02 10:25:00,2,0.07401420206100039,0.18729724775075757,0.7386885501882421,2
2026-04-02 10:30:00,2,0.08038645170720073,0.21393891361622075,0.7056746346765784,2
2026-04-02 10:35:00,2,0.11446286398188027,0.25790003689150465,0.627637099126615,1
2026-04-02 10:40:00,0,0.10501456770457172,0.296845031923948,0.5981404003714803,1
2026-04-02 10:45:00,0,0.1880377105205493,0.24656838480014384,0.565393904679307,2
2026-04-02 10:50:00,2,0.13705899322257445,0.2476451314469628,0.6152958753304627,2
2026-04-02 10:55:00,2,0.12247881193310842,0.3175442016665161,0.5599769864003755,1
2026-04-02 11:00:00,2,0.13851135384513838,0.30593965436503706,0.5555489917898245,1
2026-04-02 11:05:00,1,0.13851135384513838,0.30593965436503706,0.5555489917898245,1
2026-04-02 11:10:00,2,0.13971734451434006,0.30860340977757555,0.5516792457080844,1
2026-04-02 11:15:00,2,0.15785799474701925,0.31772300688568644,0.5244189983672942,1
2026-04-02 11:20:00,0,0.15126829057998065,0.30445981660005045,0.5442718928199689,1
2026-04-02 11:25:00,2,0.1235731924691004,0.3114462788455555,0.5649805286853441,1
2026-04-02 11:30:00,0,0.10065246291892042,0.3064272677122242,0.5929202693688553,1
2026-04-02 11:35:00,2,0.10017283917172667,0.28315890158684326,0.61666825924143,1
2026-04-02 11:40:00,0,0.11324706884867924,0.29411451031236285,0.5926384208389579,1
2026-04-02 11:45:00,0,0.12083286030350605,0.30423395132536213,0.5749331883711318,1
2026-04-02 11:50:00,2,0.116398560935899,0.2930692365732815,0.5905322024908195,1
2026-04-02 11:55:00,2,0.2673098585493787,0.001986327873081388,0.7307038135775399,2
2026-04-02 12:00:00,2,0.15785799474701925,0.31772300688568644,0.5244189983672942,1
2026-04-02 12:05:00,2,0.1338790811205948,0.31655744612791026,0.5495634727514949,1
2026-04-02 12:10:00,0,0.12361184553065839,0.31123090276893256,0.5651572517004091,1
2026-04-02 12:15:00,0,0.13851135384513838,0.30593965436503706,0.5555489917898245,1
2026-04-02 12:20:00,0,0.17078521298277005,0.2691472228660797,0.5600675641511502,1
2026-04-02 12:25:00,0,0.26857105748896354,0.0019956995985418433,0.7294332429124946,2
2026-04-02 12:30:00,0,0.26648577282808145,0.001980204251427835,0.7315340229204906,2
2026-04-02 12:35:00,2,0.292148726932009,0.00011285862728145021,0.7077384144407096,2
2026-04-02 12:40:00,2,0.28619359920769544,0.00011055812935592562,0.7136958426629486,2
2026-04-02 12:45:00,0,0.3023496578511308,0.00011679930185708484,0.6975335428470121,2
2026-04-02 12:50:00,0,0.2440928315252327,0.2333793552354981,0.5225278132392692,2
2026-04-02 12:55:00,2,0.26107898597215107,0.001600971738010929,0.737320042289838,2
2026-04-02 13:00:00,0,0.3012365482554127,0.0016370493941851804,0.6971264023504021,2
2026-04-02 13:05:00,0,0.3245176270935068,0.0001253629078141774,0.6753570099986791,2
2026-04-02 13:10:00,0,0.2451771678070226,0.22532047159677168,0.5295023605962058,2
2026-04-02 13:15:00,0,0.23401665739436986,0.001972097898218231,0.764011244707412,2
2026-04-02 13:20:00,0,0.23445189667885918,0.00011590118620749296,0.7654322021349333,2
2026-04-02 13:25:00,0,0.28545425206683167,0.00011027251557188278,0.7144354754175963,2
2026-04-02 13:30:00,0,0.23445189667885918,0.00011590118620749296,0.7654322021349333,2
2026-04-02 13:35:00,2,0.21920639997143607,0.00011348997965485959,0.780680110048909,2
2026-04-02 13:40:00,2,0.28545425206683167,0.00011027251557188278,0.7144354754175963,2
2026-04-02 13:45:00,0,0.3023496578511308,0.00011679930185708484,0.6975335428470121,2
2026-04-02 13:50:00,0,0.3023496578511308,0.00011679930185708484,0.6975335428470121,2
2026-04-02 13:55:00,0,0.292148726932009,0.00011285862728145021,0.7077384144407096,2
2026-04-02 14:00:00,0,0.2920018680414942,0.00011280189490078358,0.7078853300636051,2
2026-04-02 14:05:00,0,0.28439193182216227,0.00010986213553769362,0.7154982060423,2
2026-04-02 14:10:00,0,0.2920018680414942,0.00011280189490078358,0.7078853300636051,2
2026-04-02 14:15:00,0,0.2861991913687463,9.10205058469157e-05,0.7137097881254068,2
2026-04-02 14:20:00,2,0.28622524373521724,0.0,0.7137747562647828,2
2026-04-02 14:25:00,2,0.29763255223374385,0.0,0.7023674477662563,2
2026-04-02 14:30:00,2,0.2599882798270482,0.0,0.7400117201729517,2
2026-04-02 14:35:00,0,0.35199878891490843,0.0801828194475509,0.5678183916375407,0
2026-04-02 14:40:00,0,0.3051015547130143,0.13843773695654638,0.5564607083304393,2
2026-04-02 14:45:00,0,0.26100233767514897,0.1519756157054943,0.5870220466193568,2
2026-04-02 14:50:00,0,0.2387234408696796,0.1287019314884708,0.6325746276418496,2
2026-04-02 14:55:00,0,0.269423401723434,0.09299598517206464,0.6375806131045014,2
2026-04-02 15:00:00,2,0.23401665739436986,0.001972097898218231,0.764011244707412,2
2026-04-02 15:05:00,2,0.2169373586926353,0.00011231522632374932,0.782950326081041,2
2026-04-02 15:10:00,2,0.19869181663667118,0.00011464257103622296,0.8011935407922925,2
2026-04-02 15:15:00,2,0.33289351500209946,0.05150202484148619,0.6156044601564143,0
2026-04-02 15:20:00,2,0.2551882291307821,0.06520276786879509,0.6796090030004228,2
2026-04-02 15:25:00,2,0.23515243994972684,0.08286229986957931,0.6819852601806939,2
2026-04-06 09:15:00,2,0.39354952517964376,0.16501909074385573,0.44143138407650045,0
2026-04-06 09:20:00,0,0.4259911205489718,0.14231602063136584,0.43169285881966246,0
2026-04-06 09:25:00,2,0.35944475399750486,0.09695220013591802,0.5436030458665772,0
2026-04-06 09:30:00,1,0.2880262362027529,0.1545504277227478,0.5574233360744992,2
2026-04-06 09:35:00,1,0.3221090650473036,0.13675093154507978,0.5411400034076166,0
2026-04-06 09:40:00,1,0.43930730098409776,0.11550542746484317,0.4451872715510591,0
2026-04-06 09:45:00,2,0.3719534323318138,0.07426609683930167,0.5537804708288845,0
2026-04-06 09:50:00,0,0.3603256543022727,0.09473907816578692,0.5449352675319403,0
2026-04-06 09:55:00,0,0.36873073953707436,0.07362263775444522,0.5576466227084804,0
2026-04-06 10:00:00,0,0.27088409742095615,0.1577295355170938,0.57138636706195,2
2026-04-06 10:05:00,2,0.20535382439609337,0.12138569196739976,0.6732604836365068,2
2026-04-06 10:10:00,2,0.16465643448820383,0.12316997728833622,0.71217358822346,2
2026-04-06 10:15:00,2,0.22417682381036996,0.10731594070506292,0.6685072354845671,2
2026-04-06 10:20:00,2,0.18431128477976744,0.10858842621799694,0.7071002890022355,2
2026-04-06 10:25:00,2,0.23602328126578376,0.10567727642579487,0.6582994423084214,2
2026-04-06 10:30:00,2,0.20573290942668437,0.12160977106058488,0.6726573195127307,2
2026-04-06 10:35:00,1,0.2454985573776721,0.16415667739139644,0.5903447652309315,2
2026-04-06 10:40:00,2,0.2880262362027529,0.1545504277227478,0.5574233360744992,2
2026-04-06 10:45:00,1,0.26775582059053565,0.16745640839030942,0.5647877710191549,2
2026-04-06 10:50:00,1,0.31938139907114926,0.1355929049520432,0.5450256959768075,2
2026-04-06 10:55:00,1,0.25044999018808495,0.14074382157925394,0.6088061882326611,2
2026-04-06 11:00:00,0,0.37816046548390925,0.102000345603437,0.5198391889126538,0
2026-04-06 11:05:00,0,0.3243091360012484,0.12225596429959587,0.5534348996991558,0
2026-04-06 11:10:00,0,0.2548479462328447,0.1704083011341145,0.5747437526330408,2
2026-04-06 11:15:00,2,0.19421818458864853,0.18455130956624827,0.6212305058451032,2
2026-04-06 11:20:00,2,0.2667378440786348,0.19262250802622763,0.5406396478951375,2
2026-04-06 11:25:00,2,0.17173920847891722,0.18688185754583267,0.6413789339752501,2
2026-04-06 11:30:00,0,0.254004581160561,0.17315365840860758,0.5728417604308313,2
2026-04-06 11:35:00,0,0.1733362772819122,0.20159118794231531,0.6250725347757725,2
2026-04-06 11:40:00,0,0.21282872721460316,0.21955041313148235,0.5676208596539145,2
2026-04-06 11:45:00,0,0.2036783089560926,0.19354057256635882,0.6027811184775486,2
2026-04-06 11:50:00,2,0.2182116509091656,0.15997873112435015,0.6218096179664842,2
2026-04-06 11:55:00,2,0.17110664226330008,0.20213490936098596,0.626758448375714,2
2026-04-06 12:00:00,2,0.254004581160561,0.17315365840860758,0.5728417604308313,2
2026-04-06 12:05:00,0,0.2258295095683934,0.1974446745654187,0.5767258158661879,2
2026-04-06 12:10:00,0,0.23688015350034586,0.14747043023066,0.6156494162689942,2
2026-04-06 12:15:00,2,0.2623934841962018,0.1474556325417894,0.5901508832620087,2
2026-04-06 12:20:00,1,0.04992989911736857,0.16722382823250065,0.7828462726501307,2
2026-04-06 12:25:00,2,0.012302639092134554,0.0001226645337099886,0.9875746963741555,2
2026-04-06 12:30:00,0,0.2880262362027529,0.1545504277227478,0.5574233360744992,2
2026-04-06 12:35:00,0,0.22306215548293243,0.18882946046488502,0.5881083840521826,2
2026-04-06 12:40:00,0,0.19421818458864853,0.18455130956624827,0.6212305058451032,2
2026-04-06 12:45:00,2,0.01230414837475764,0.0,0.9876958516252424,2
2026-04-06 12:50:00,2,0.005069012984113992,0.0,0.994930987015886,2
2026-04-06 12:55:00,2,0.003965991343353173,0.0,0.9960340086566469,2
2026-04-06 13:00:00,0,0.35944475399750486,0.09695220013591802,0.5436030458665772,0
2026-04-06 13:05:00,2,0.01230414837475764,0.0,0.9876958516252424,2
2026-04-06 13:10:00,2,0.0,0.0,1.0,2
2026-04-06 13:15:00,2,0.005069012984113992,0.0,0.994930987015886,2
2026-04-06 13:20:00,2,0.003973052706483318,0.0,0.9960269472935166,2
2026-04-06 13:25:00,2,0.2614678323062097,0.00011397422795939292,0.7384181934658308,2
2026-04-06 13:30:00,2,0.20579081664208507,0.0001139139827029894,0.794095269375212,2
2026-04-06 13:35:00,2,0.17478694623382784,0.04768769500369604,0.7775253587624761,2
2026-04-06 13:40:00,2,0.2141028174783387,0.0474637045140831,0.7384334780075782,2
2026-04-06 13:45:00,0,0.2438058633842197,0.034170559285407784,0.7220235773303726,2
2026-04-06 13:50:00,2,0.19513342365343114,0.033576175389452914,0.771290400957116,2
2026-04-06 13:55:00,0,0.20223207871163174,0.04451908785335554,0.7532488334350128,2
2026-04-06 14:00:00,2,0.21016426137551403,0.015348626163597829,0.7744871124608881,2
2026-04-06 14:05:00,0,0.19419700985833047,0.044967481335522856,0.7608355088061466,2
2026-04-06 14:10:00,2,0.22375104085165815,0.0019747718182495295,0.7742741873300923,2
2026-04-06 14:15:00,2,0.20841981366651516,0.001966697731758416,0.7896134886017264,2
2026-04-06 14:20:00,2,0.22466602328385915,0.007158329489374126,0.7681756472267668,2
2026-04-06 14:25:00,2,0.2244284522984707,0.02277445638010435,0.752797091321425,2
2026-04-06 14:30:00,2,0.20951989442350996,0.015301567032831462,0.7751785385436587,2
2026-04-06 14:35:00,2,0.21173025630852418,0.022972051703337087,0.7652976919881388,2
2026-04-06 14:40:00,2,0.23430055994783008,0.015281537586983102,0.7504179024651869,2
2026-04-06 14:45:00,0,0.17311031484057798,0.004783999547938756,0.8221056856114832,2
2026-04-06 14:50:00,0,0.22466602328385915,0.007158329489374126,0.7681756472267668,2
2026-04-06 14:55:00,0,0.22310813141710287,0.02264047341131186,0.7542513951715853,2
2026-04-06 15:00:00,2,0.22813126544581713,0.0,0.7718687345541829,2
2026-04-06 15:05:00,2,0.18800768019880282,0.0,0.8119923198011972,2
2026-04-06 15:10:00,2,0.21849718082849026,0.0,0.7815028191715098,2
2026-04-06 15:15:00,2,0.23540314357349743,0.004720689537493914,0.7598761668890087,2
2026-04-06 15:20:00,2,0.18722819679239958,0.00200062387701556,0.8107711793305847,2
2026-04-06 15:25:00,2,0.22314309271777175,0.004686480209572244,0.772170427072656,2
2026-04-07 09:15:00,2,0.00392035067962863,0.2077410401970394,0.7883386091233319,2
2026-04-07 09:20:00,2,0.0,0.23514226387563833,0.7648577361243616,2
2026-04-07 09:25:00,1,0.19669090186566138,0.1618646332991386,0.6414444648352001,2
2026-04-07 09:30:00,1,0.2510898173612284,0.12661126349024138,0.6222989191485301,2
2026-04-07 09:35:00,2,0.23810510691794343,0.14306183375408602,0.6188330593279706,2
2026-04-07 09:40:00,0,0.236825205396693,0.20048033545952543,0.5626944591437816,2
2026-04-07 09:45:00,0,0.2258295095683934,0.1974446745654187,0.5767258158661879,2
2026-04-07 09:50:00,0,0.21282872721460316,0.21955041313148235,0.5676208596539145,2
2026-04-07 09:55:00,2,0.14211465833928272,0.20090163039736658,0.6569837112633508,2
2026-04-07 10:00:00,2,0.15895666564764613,0.17297224791373542,0.6680710864386185,2
2026-04-07 10:05:00,2,0.13778854969942397,0.13775693372180176,0.7244545165787742,2
2026-04-07 10:10:00,2,0.17798407633832236,0.10486070217857792,0.7171552214830996,2
2026-04-07 10:15:00,2,0.17866171238530296,0.08498364982110092,0.7363546377935962,2
2026-04-07 10:20:00,2,0.2409277706288832,0.0870935322229992,0.6719786971481175,2
2026-04-07 10:25:00,2,0.15485205018955178,0.08435120492686002,0.7607967448835882,2
2026-04-07 10:30:00,2,0.17798407633832236,0.10486070217857792,0.7171552214830996,2
2026-04-07 10:35:00,1,0.24469325419711319,0.16361819807882802,0.5916885477240588,2
2026-04-07 10:40:00,1,0.20758183944501815,0.18149058027555892,0.610927580279423,2
2026-04-07 10:45:00,1,0.26100233767514897,0.1519756157054943,0.5870220466193568,2
2026-04-07 10:50:00,2,0.3651212870505774,0.13737473654195734,0.49750397640746524,0
2026-04-07 10:55:00,2,0.4110668683629694,0.17236428076292887,0.4165688508741017,0
2026-04-07 11:00:00,0,0.34299708133978635,0.19302790842287354,0.4639750102373401,0
2026-04-07 11:05:00,0,0.2818269384212503,0.2035189715788914,0.5146540899998584,2
2026-04-07 11:10:00,0,0.2969190617270252,0.18076372683038985,0.5223172114425849,2
2026-04-07 11:15:00,0,0.25386203039166516,0.19600488840033287,0.5501330812080019,2
2026-04-07 11:20:00,2,0.21282872721460316,0.21955041313148235,0.5676208596539145,2
2026-04-07 11:25:00,1,0.16903459964298218,0.19968712509200617,0.6312782752650116,2
2026-04-07 11:30:00,1,0.2223332127420294,0.18821238642928045,0.5894544008286902,2
2026-04-07 11:35:00,2,0.26051215514899223,0.15356827092321648,0.5859195739277914,2
2026-04-07 11:40:00,0,0.2880262362027529,0.1545504277227478,0.5574233360744992,2
2026-04-07 11:45:00,0,0.292671877123111,0.14091397855460475,0.5664141443222843,2
2026-04-07 11:50:00,2,0.2623934841962018,0.1474556325417894,0.5901508832620087,2
2026-04-07 11:55:00,1,0.027143806722111356,0.0869249028000216,0.8859312904778671,2
2026-04-07 12:00:00,2,0.27460384274299293,0.16881324955585375,0.5565829077011533,2
2026-04-07 12:05:00,1,0.26100233767514897,0.1519756157054943,0.5870220466193568,2
2026-04-07 12:10:00,2,0.2880262362027529,0.1545504277227478,0.5574233360744992,2
2026-04-07 12:15:00,2,0.2880262362027529,0.1545504277227478,0.5574233360744992,2
2026-04-07 12:20:00,0,0.3221090650473036,0.13675093154507978,0.5411400034076166,0
2026-04-07 12:25:00,0,0.2454985573776721,0.16415667739139644,0.5903447652309315,2
2026-04-07 12:30:00,2,0.20168212968299243,0.18284181350249246,0.6154760568145151,2
2026-04-07 12:35:00,2,0.1960725267170818,0.16449964120747293,0.6394278320754453,2
2026-04-07 12:40:00,1,0.22734295433656407,0.169920714557692,0.6027363311057439,2
2026-04-07 12:45:00,2,0.2615330427351528,0.14697209561139335,0.5914948616534538,2
2026-04-07 12:50:00,1,0.2723828803871814,0.1530693113210613,0.5745478082917573,2
2026-04-07 12:55:00,0,0.292671877123111,0.14091397855460475,0.5664141443222843,2
2026-04-07 13:00:00,0,0.2541233918365786,0.12814093403304672,0.6177356741303747,2
2026-04-07 13:05:00,0,0.2905425579032571,0.1559006470646663,0.5535567950320766,2
2026-04-07 13:10:00,2,0.0,0.0,1.0,2
2026-04-07 13:15:00,2,0.0,0.0,1.0,2
2026-04-07 13:20:00,2,0.0,0.0,1.0,2
2026-04-07 13:25:00,2,0.0,0.0,1.0,2
2026-04-07 13:30:00,2,0.0,0.10221829512161094,0.8977817048783892,2
2026-04-07 13:35:00,2,0.0,0.033952924166493086,0.966047075833507,2
2026-04-07 13:40:00,1,0.012695851814434323,0.034944335617835554,0.9523598125677302,2
2026-04-07 13:45:00,2,0.24048428232586752,0.0869332146194768,0.6725825030546556,2
2026-04-07 13:50:00,2,0.15896480244075425,0.1189123957841761,0.7221228017750696,2
2026-04-07 13:55:00,0,0.30990928893385794,0.12486139717251064,0.5652293138936315,2
2026-04-07 14:00:00,2,0.18249160740332632,0.1210851775146082,0.6964232150820654,2
2026-04-07 14:05:00,2,0.21440404408959438,0.14124164075834453,0.6443543151520611,2
2026-04-07 14:10:00,2,0.20901639005388148,0.14221028257748494,0.6487733273686336,2
2026-04-07 14:15:00,0,0.21615891722776653,0.14239768780218948,0.641443394970044,2
2026-04-07 14:20:00,2,0.1839503675456195,0.14094024387914464,0.675109388575236,2
2026-04-07 14:25:00,2,0.16297153583290339,0.13586356026716306,0.7011649038999335,2
2026-04-07 14:30:00,2,0.17934313579637923,0.1326166104355687,0.6880402537680522,2
2026-04-07 14:35:00,0,0.21615891722776653,0.14239768780218948,0.641443394970044,2
2026-04-07 14:40:00,0,0.15896480244075425,0.1189123957841761,0.7221228017750696,2
2026-04-07 14:45:00,0,0.17901661600624855,0.08316601015131775,0.7378173738424337,2
2026-04-07 14:50:00,0,0.155253438249026,0.04775475612581361,0.7969918056251605,2
2026-04-07 14:55:00,2,0.2599588188789949,0.00011331644669876832,0.7399278646743063,2
2026-04-07 15:00:00,2,0.21847246661247613,0.00011310999949922891,0.7814144233880246,2
2026-04-07 15:05:00,2,0.21920639997143607,0.00011348997965485959,0.780680110048909,2
2026-04-07 15:10:00,2,0.23260840900656715,0.0459472976900953,0.7214442933033375,2
2026-04-07 15:15:00,2,0.21847246661247613,0.00011310999949922891,0.7814144233880246,2
2026-04-07 15:20:00,2,0.2169373586926353,0.00011231522632374932,0.782950326081041,2
2026-04-07 15:25:00,2,0.23230730942387134,0.00011484101049426754,0.7675778495656344,2
2026-04-08 09:15:00,2,0.23230730942387134,0.00011484101049426754,0.7675778495656344,2
2026-04-08 09:20:00,0,0.293483598917081,0.00011337429552143796,0.7064030267873976,2
2026-04-08 09:25:00,0,0.23445189667885918,0.00011590118620749296,0.7654322021349333,2
2026-04-08 09:30:00,0,0.2599588188789949,0.00011331644669876832,0.7399278646743063,2
2026-04-08 09:35:00,2,0.20540208717004296,0.0,0.7945979128299571,2
2026-04-08 09:40:00,2,0.2288311188960568,0.0,0.7711688811039431,2
2026-04-08 09:45:00,2,0.2578135681277515,0.0,0.7421864318722485,2
2026-04-08 09:50:00,2,0.292148726932009,0.00011285862728145021,0.7077384144407096,2
2026-04-08 09:55:00,2,0.28619359920769544,0.00011055812935592562,0.7136958426629486,2
2026-04-08 10:00:00,2,0.23445189667885918,0.00011590118620749296,0.7654322021349333,2
2026-04-08 10:05:00,2,0.1831076877199965,0.00011477655977759046,0.8167775357202258,2
2026-04-08 10:10:00,0,0.1503997194805336,0.00011733473675217519,0.8494829457827141,2
2026-04-08 10:15:00,2,0.11565785857151102,0.00011849312960513144,0.8842236482988838,2
2026-04-08 10:20:00,0,0.11645753303260332,0.00011931240752303908,0.8834231545598736,2
2026-04-08 10:25:00,0,0.11565785857151102,0.00011849312960513144,0.8842236482988838,2
2026-04-08 10:30:00,2,0.11174398844075109,0.00011901754962192796,0.888136994009627,2
2026-04-08 10:35:00,0,0.17097965954840488,0.0001164805950947252,0.8289038598565003,2
2026-04-08 10:40:00,0,0.1831076877199965,0.00011477655977759046,0.8167775357202258,2
2026-04-08 10:45:00,0,0.17097965954840488,0.0001164805950947252,0.8289038598565003,2
2026-04-08 10:50:00,0,0.18312870660293692,0.0,0.8168712933970631,2
2026-04-08 10:55:00,2,0.17099957768097415,0.0,0.8290004223190259,2
2026-04-08 11:00:00,2,0.20540208717004296,0.0,0.7945979128299571,2
2026-04-08 11:05:00,2,0.21849718082849026,0.0,0.7815028191715098,2
2026-04-08 11:10:00,2,0.18312870660293692,0.0,0.8168712933970631,2
2026-04-08 11:15:00,2,0.15041736866288863,0.0,0.8495826313371114,2
2026-04-08 11:20:00,2,0.17099957768097415,0.0,0.8290004223190259,2
2026-04-08 11:25:00,2,0.207205919473483,0.04788023779126813,0.7449138427352487,2
2026-04-08 11:30:00,2,0.21289460300170515,0.04496203635077384,0.7421433606475208,2
2026-04-08 11:35:00,2,0.2177748837386273,0.06230603282196103,0.7199190834394117,2
2026-04-08 11:40:00,1,0.15627400073943057,0.06203620108499343,0.781689798175576,2
2026-04-08 11:45:00,1,0.13052640376493044,0.05500656580467914,0.8144670304303904,2
2026-04-08 11:50:00,0,0.22484911971200358,0.14081896889157608,0.6343319113964203,2
2026-04-08 11:55:00,0,0.21018031834751927,0.15914655198109265,0.6306731296713881,2
2026-04-08 12:00:00,2,0.16437938731241342,0.15547967893419096,0.6801409337533956,2
2026-04-08 12:05:00,2,0.15896480244075425,0.1189123957841761,0.7221228017750696,2
2026-04-08 12:10:00,2,0.18204982100921172,0.14981591543037379,0.6681342635604145,2
2026-04-08 12:15:00,1,0.19524389552109458,0.11919637357762011,0.6855597309012852,2
2026-04-08 12:20:00,1,0.15785653488013704,0.11808336477366675,0.7240601003461963,2
2026-04-08 12:25:00,2,0.2352577602723495,0.14135104880820665,0.623391190919444,2
2026-04-08 12:30:00,0,0.25386203039166516,0.19600488840033287,0.5501330812080019,2
2026-04-08 12:35:00,0,0.19421818458864853,0.18455130956624827,0.6212305058451032,2
2026-04-08 12:40:00,0,0.12390590325224722,0.19222280001915873,0.683871296728594,2
2026-04-08 12:45:00,2,0.14529092745883393,0.15161747525262653,0.7030915972885395,2
2026-04-08 12:50:00,2,0.15477313521289493,0.1310627236345139,0.7141641411525912,2
2026-04-08 12:55:00,2,0.15732867840929873,0.08437034975889306,0.7583009718318082,2
2026-04-08 13:00:00,2,0.17854844291625693,0.10221280484491445,0.7192387522388286,2
2026-04-08 13:05:00,0,0.18249160740332632,0.1210851775146082,0.6964232150820654,2
2026-04-08 13:10:00,0,0.11897452294374913,0.08510728750895385,0.7959181895472971,2
2026-04-08 13:15:00,2,0.1552662761326118,0.08457684260725434,0.760156881260134,2
2026-04-08 13:20:00,0,0.13495965228702883,0.08165490322879213,0.783385444484179,2
2026-04-08 13:25:00,2,0.17097965954840488,0.0001164805950947252,0.8289038598565003,2
2026-04-08 13:30:00,2,0.1552662761326118,0.08457684260725434,0.760156881260134,2
2026-04-08 13:35:00,2,0.14795855440677544,0.00011543025539883668,0.8519260153378256,2
2026-04-08 13:40:00,2,0.1525731488163548,0.07018867999488632,0.7772381711887588,2
2026-04-08 13:45:00,2,0.11923039782228638,0.08313965565054361,0.7976299465271699,2
2026-04-08 13:50:00,2,0.1553501348466527,0.08462252223218866,0.7600273429211588,2
2026-04-08 13:55:00,1,0.10248186204650941,0.08161700352562812,0.8159011344278625,2
2026-04-08 14:00:00,2,0.12934226279997574,0.0821851529404691,0.7884725842595552,2
2026-04-08 14:05:00,2,0.11897452294374913,0.08510728750895385,0.7959181895472971,2
2026-04-08 14:10:00,0,0.15526858032700502,0.10475762380403048,0.7399737958689646,2
2026-04-08 14:15:00,2,0.09947014317771019,0.08366515187865797,0.8168647049436318,2
2026-04-08 14:20:00,2,0.09734295795274567,0.08537688054326983,0.8172801615039844,2
2026-04-08 14:25:00,2,0.08524623572388285,0.08396616827503103,0.8307875960010861,2
2026-04-08 14:30:00,2,0.08478786381638194,0.08140878427643367,0.8338033519071844,2
2026-04-08 14:35:00,2,0.07874111335319833,0.06344165547094079,0.8578172311758608,2
2026-04-08 14:40:00,2,0.09894691937615611,0.08112647189816392,0.81992660872568,2
2026-04-08 14:45:00,2,0.11897452294374913,0.08510728750895385,0.7959181895472971,2
2026-04-08 14:50:00,2,0.11496300716932385,0.08549480096373097,0.7995421918669452,2
2026-04-08 14:55:00,2,0.07704770379044436,0.10092563690389926,0.8220266593056565,2
2026-04-08 15:00:00,2,0.13650862237269515,0.10197067694367762,0.7615207006836273,2
2026-04-08 15:05:00,2,0.10216637522619951,0.0812084905338131,0.8166251342399873,2
2026-04-08 15:10:00,2,0.10339437658087822,0.06241061037324008,0.8341950130458817,2
2026-04-08 15:15:00,2,0.11264939925707083,0.06201360514657231,0.8253369955963568,2
2026-04-08 15:20:00,2,0.10099773731049176,0.04872557296130214,0.8502766897282062,2
2026-04-08 15:25:00,2,0.07718955326564095,0.08189613858857235,0.8409143081457867,2
2026-04-09 09:15:00,1,0.012137891721258114,0.2066185083680258,0.7812435999107161,2
2026-04-09 09:20:00,1,0.003879019419038392,0.167931517474246,0.8281894631067157,2
2026-04-09 09:25:00,1,0.1537059013916481,0.1301589842925727,0.7161351143157791,2
2026-04-09 09:30:00,1,0.19524389552109458,0.11919637357762011,0.6855597309012852,2
2026-04-09 09:35:00,1,0.1839503675456195,0.14094024387914464,0.675109388575236,2
2026-04-09 09:40:00,1,0.00395290357579273,0.18578183542435792,0.8102652609998493,2
2026-04-09 09:45:00,2,0.0039666395859263865,0.11990957003055251,0.8761237903835212,2
2026-04-09 09:50:00,2,0.0,0.16672825065168584,0.833271749348314,2
2026-04-09 09:55:00,2,0.0,0.16798446505835954,0.8320155349416405,2
2026-04-09 10:00:00,0,0.236825205396693,0.20048033545952543,0.5626944591437816,2
2026-04-09 10:05:00,0,0.1918867637688091,0.18233593119494548,0.6257773050362454,2
2026-04-09 10:10:00,2,0.11940178661936023,0.1477703872997353,0.7328278260809045,2
2026-04-09 10:15:00,2,0.16936127233901685,0.11744245832271405,0.7131962693382692,2
2026-04-09 10:20:00,2,0.17739029701542985,0.08437887828315975,0.7382308247014102,2
2026-04-09 10:25:00,2,0.25002309360578157,0.08412352455416146,0.6658533818400569,2
2026-04-09 10:30:00,2,0.17478720995958597,0.05375083732563609,0.7714619527147779,2
2026-04-09 10:35:00,2,0.37226716412706157,0.06473793319315567,0.5629949026797827,0
2026-04-09 10:40:00,2,0.37548478266529095,0.06547711831813763,0.5590380990165715,0
2026-04-09 10:45:00,0,0.281908690796253,0.08938873411727771,0.6287025750864692,2
2026-04-09 10:50:00,0,0.33465412041498216,0.05835705852718059,0.6069888210578372,0
2026-04-09 10:55:00,0,0.36054882316538883,0.07198899509713376,0.5674621817374774,0
2026-04-09 11:00:00,2,0.2990690339871817,0.07687218562844247,0.6240587803843758,2
2026-04-09 11:05:00,2,0.27275939987053355,0.0941474606275641,0.6330931395019024,2
2026-04-09 11:10:00,2,0.35944475399750486,0.09695220013591802,0.5436030458665772,0
2026-04-09 11:15:00,0,0.36873073953707436,0.07362263775444522,0.5576466227084804,0
2026-04-09 11:20:00,2,0.2880262362027529,0.1545504277227478,0.5574233360744992,2
2026-04-09 11:25:00,2,0.2685360589977262,0.15090753705675353,0.5805564039455202,2
2026-04-09 11:30:00,0,0.26775582059053565,0.16745640839030942,0.5647877710191549,2
2026-04-09 11:35:00,0,0.2685219119539347,0.1650743707047095,0.5664037173413558,2
2026-04-09 11:40:00,2,0.2182116509091656,0.15997873112435015,0.6218096179664842,2
2026-04-09 11:45:00,2,0.1584133087735803,0.1492896863146563,0.6922970049117634,2
2026-04-09 11:50:00,2,0.23713035532174748,0.16849699714492267,0.5943726475333299,2
2026-04-09 11:55:00,2,0.20758183944501815,0.18149058027555892,0.610927580279423,2
2026-04-09 12:00:00,2,0.2738027067157995,0.17123817429272234,0.5549591189914782,2
2026-04-09 12:05:00,1,0.19421818458864853,0.18455130956624827,0.6212305058451032,2
2026-04-09 12:10:00,2,0.28163760718801595,0.15112238811147255,0.5672400047005115,2
2026-04-09 12:15:00,2,0.2755574488013617,0.13267382166214445,0.591768729536494,2
2026-04-09 12:20:00,2,0.2785352393682771,0.13410755120326437,0.5873572094284586,2
2026-04-09 12:25:00,2,0.2738027067157995,0.17123817429272234,0.5549591189914782,2
2026-04-09 12:30:00,1,0.28607785784427003,0.13773912793219123,0.5761830142235387,2
2026-04-09 12:35:00,1,0.2846837669735526,0.09260375022121406,0.6227124828052334,2
2026-04-09 12:40:00,2,0.269423401723434,0.09299598517206464,0.6375806131045014,2
2026-04-09 12:45:00,2,0.0,0.0001234204268179169,0.9998765795731821,2
2026-04-09 12:50:00,2,0.2846837669735526,0.09260375022121406,0.6227124828052334,2
2026-04-09 12:55:00,2,0.269423401723434,0.09299598517206464,0.6375806131045014,2
2026-04-09 13:00:00,1,0.269423401723434,0.09299598517206464,0.6375806131045014,2
2026-04-09 13:05:00,1,0.2551882291307821,0.06520276786879509,0.6796090030004228,2
2026-04-09 13:10:00,1,0.2642427136040288,0.08890790080845852,0.6468493855875127,2
2026-04-09 13:15:00,2,0.0,0.00012357086185075196,0.9998764291381492,2
2026-04-09 13:20:00,2,0.0,0.0001234204268179169,0.9998765795731821,2
2026-04-09 13:25:00,2,0.0,0.0001234204268179169,0.9998765795731821,2
2026-04-09 13:30:00,1,0.2568772820203243,0.09285915766620013,0.6502635603134755,2
2026-04-09 13:35:00,2,0.0,0.0001234204268179169,0.9998765795731821,2
2026-04-09 13:40:00,2,0.0,0.0001234204268179169,0.9998765795731821,2
2026-04-09 13:45:00,2,0.0,0.0001234204268179169,0.9998765795731821,2
2026-04-09 13:50:00,2,0.11732056639441532,0.10394764479935667,0.778731788806228,2
2026-04-09 13:55:00,2,0.17776853273744458,0.08242656960624065,0.7398048976563147,2
2026-04-09 14:00:00,1,0.11732056639441532,0.10394764479935667,0.778731788806228,2
2026-04-09 14:05:00,1,0.13052521201485906,0.1322659777919883,0.7372088101931527,2
2026-04-09 14:10:00,1,0.1569119717074488,0.062289456873359385,0.7807985714191918,2
2026-04-09 14:15:00,2,0.0,0.0001234204268179169,0.9998765795731821,2
2026-04-09 14:20:00,2,0.0,0.0001234204268179169,0.9998765795731821,2
2026-04-09 14:25:00,2,0.0,0.11883407878978415,0.8811659212102158,2
2026-04-09 14:30:00,2,0.0,0.11857575166469295,0.881424248335307,2
2026-04-09 14:35:00,2,0.0,0.11883407878978415,0.8811659212102158,2
2026-04-09 14:40:00,2,0.15493617990169156,0.09193308599975893,0.7531307340985495,2
2026-04-09 14:45:00,2,0.11922239225500149,0.0852845984509559,0.7954930092940427,2
2026-04-09 14:50:00,0,0.11266484237294386,0.10377619170219819,0.7835589659248579,2
2026-04-09 14:55:00,0,0.13495075241755158,0.08376164093141886,0.7812876066510297,2
2026-04-09 15:00:00,2,0.1839503675456195,0.14094024387914464,0.675109388575236,2
2026-04-09 15:05:00,2,0.15895666564764613,0.17297224791373542,0.6680710864386185,2
2026-04-09 15:10:00,2,0.14304516260519554,0.13211406733892772,0.7248407700558768,2
2026-04-09 15:15:00,2,0.15896480244075425,0.1189123957841761,0.7221228017750696,2
2026-04-09 15:20:00,2,0.11694906364536442,0.10068270572193996,0.7823682306326957,2
2026-04-09 15:25:00,2,0.17995920561791798,0.08560082576245763,0.7344399686196244,2
2026-04-10 09:15:00,2,0.0,0.0,1.0,2
2026-04-10 09:20:00,2,0.02637452592758599,0.00012096601325046208,0.9735045080591636,2
2026-04-10 09:25:00,2,0.012302639092134554,0.0001226645337099886,0.9875746963741555,2
2026-04-10 09:30:00,2,0.005069012984113992,0.0,0.994930987015886,2
2026-04-10 09:35:00,2,0.012302639092134554,0.0001226645337099886,0.9875746963741555,2
2026-04-10 09:40:00,0,0.15272836216919494,0.00011730239935672202,0.8471543354314482,2
2026-04-10 09:45:00,2,0.1503997194805336,0.00011733473675217519,0.8494829457827141,2
2026-04-10 09:50:00,2,0.11174398844075109,0.00011901754962192796,0.888136994009627,2
2026-04-10 09:55:00,2,0.1263828829701971,0.0,0.873617117029803,2
2026-04-10 10:00:00,0,0.16481572050901103,0.00011734665259947244,0.8350669328383894,2
2026-04-10 10:05:00,0,0.15432909569627895,0.11726444218340161,0.7284064621203195,2
2026-04-10 10:10:00,2,0.11477698352952216,0.0001186111581775884,0.8851044053123003,2
2026-04-10 10:15:00,2,0.09585499588056477,0.0,0.9041450041194351,2
2026-04-10 10:20:00,2,0.09568826679585717,0.0,0.9043117332041427,2
2026-04-10 10:25:00,2,0.11656600306210535,0.0020358111863052726,0.8813981857515893,2
2026-04-10 10:30:00,2,0.10292297600718625,0.00012019947833545788,0.8969568245144782,2
2026-04-10 10:35:00,2,0.22516929279804807,0.08702719047727057,0.6878035167246814,2
2026-04-10 10:40:00,2,0.2677467831652857,0.098640260145389,0.6336129566893253,2
2026-04-10 10:45:00,2,0.2409277706288832,0.0870935322229992,0.6719786971481175,2
2026-04-10 10:50:00,0,0.2387234408696796,0.1287019314884708,0.6325746276418496,2
2026-04-10 10:55:00,2,0.18181960578578768,0.1206392970913516,0.6975410971228607,2
2026-04-10 11:00:00,2,0.15477313521289493,0.1310627236345139,0.7141641411525912,2
2026-04-10 11:05:00,2,0.15896480244075425,0.1189123957841761,0.7221228017750696,2
2026-04-10 11:10:00,1,0.15526858032700502,0.10475762380403048,0.7399737958689646,2
2026-04-10 11:15:00,2,0.16025145098147756,0.13570179090269782,0.7040467581158246,2
2026-04-10 11:20:00,2,0.13610393933861334,0.10463290607493834,0.7592631545864483,2
2026-04-10 11:25:00,2,0.25552920938313606,0.11116931913091536,0.6333014714859486,2
2026-04-10 11:30:00,1,0.12070039201252264,0.14079781590618837,0.738501792081289,2
2026-04-10 11:35:00,2,0.16105874122244546,0.17253992686367015,0.6664013319138844,2
2026-04-10 11:40:00,2,0.16486929722051555,0.15296270354178737,0.6821679992376971,2
2026-04-10 11:45:00,0,0.21910284467169988,0.1443370408783885,0.6365601144499116,2
2026-04-10 11:50:00,0,0.16486929722051555,0.15296270354178737,0.6821679992376971,2
2026-04-10 11:55:00,2,0.1537059013916481,0.1301589842925727,0.7161351143157791,2
2026-04-10 12:00:00,2,0.13618594139567916,0.13140485804830368,0.7324092005560172,2
2026-04-10 12:05:00,2,0.13748091332407655,0.13265436736390324,0.7298647193120202,2
2026-04-10 12:10:00,2,0.18181960578578768,0.1206392970913516,0.6975410971228607,2
2026-04-10 12:15:00,2,0.18181960578578768,0.1206392970913516,0.6975410971228607,2
2026-04-10 12:20:00,2,0.15642533164301328,0.13724985283199903,0.7063248155249876,2
2026-04-10 12:25:00,2,0.23363523440277006,0.12595874884282154,0.6404060167544083,2
2026-04-10 12:30:00,2,0.2352577602723495,0.14135104880820665,0.623391190919444,2
2026-04-10 12:35:00,2,0.1799969232027521,0.13310005837682176,0.6869030184204261,2
2026-04-10 12:40:00,2,0.16236734348335952,0.13535986664191935,0.7022727898747212,2
2026-04-10 12:45:00,2,0.19739047948721516,0.10951249108422426,0.6930970294285606,2
2026-04-10 12:50:00,2,0.20290849633634303,0.13366878907553467,0.6634227145881223,2
2026-04-10 12:55:00,2,0.1584133087735803,0.1492896863146563,0.6922970049117634,2
2026-04-10 13:00:00,2,0.11931339687991738,0.11905460184474717,0.7616320012753355,2
2026-04-10 13:05:00,2,0.11454393295953712,0.1473728527285571,0.7380832143119057,2
2026-04-10 13:10:00,2,0.15477313521289493,0.1310627236345139,0.7141641411525912,2
2026-04-10 13:15:00,2,0.13610393933861334,0.10463290607493834,0.7592631545864483,2
2026-04-10 13:20:00,2,0.1404770556136777,0.1181943047894752,0.741328639596847,2
2026-04-10 13:25:00,2,0.11703523521096093,0.10612690191346717,0.7768378628755719,2
2026-04-10 13:30:00,2,0.11072152337738515,0.12800381701272823,0.7612746596098865,2
2026-04-10 13:35:00,2,0.07114428003996827,0.07107775362163614,0.8577779663383956,2
2026-04-10 13:40:00,2,0.07205695569562351,0.07100791399639066,0.8569351303079857,2
2026-04-10 13:45:00,2,0.09894691937615611,0.08112647189816392,0.81992660872568,2
2026-04-10 13:50:00,2,0.07777509157616798,0.08465195211240116,0.8375729563114309,2
2026-04-10 13:55:00,2,0.0,0.0,1.0,2
2026-04-10 14:00:00,1,0.09967576964893363,0.07080372277841167,0.8295205075726548,2
2026-04-10 14:05:00,1,0.09224490484221759,0.06251172914988679,0.8452433660078956,2
2026-04-10 14:10:00,1,0.1370586064602914,0.11866438092156864,0.74427701261814,2
2026-04-10 14:15:00,1,0.19773699979482362,0.13453602662258662,0.6677269735825897,2
2026-04-10 14:20:00,2,0.0,0.002107086382809268,0.9978929136171907,2
2026-04-10 14:25:00,2,0.0,0.0021128955906293658,0.9978871044093706,2
2026-04-10 14:30:00,2,0.0,0.005015345246678047,0.994984654753322,2
2026-04-10 14:35:00,2,0.13851297791220638,0.1717448357514759,0.6897421863363177,2
2026-04-10 14:40:00,2,0.12197338005719739,0.17430152632338428,0.7037250936194183,2
2026-04-10 14:45:00,0,0.12052335802827044,0.14915843220401565,0.7303182097677139,2
2026-04-10 14:50:00,0,0.11946635038196662,0.1328518636985283,0.7476817859195051,2
2026-04-10 14:55:00,0,0.11524022445723937,0.11598819467186915,0.7687715808708915,2
2026-04-10 15:00:00,2,0.10216637522619951,0.0812084905338131,0.8166251342399873,2
2026-04-10 15:05:00,2,0.0,0.0163063151700338,0.9836936848299661,2
2026-04-10 15:10:00,2,0.0,0.0,1.0,2
2026-04-10 15:15:00,2,0.003965991343353173,0.0,0.9960340086566469,2
2026-04-10 15:20:00,2,0.003965991343353173,0.0,0.9960340086566469,2
2026-04-10 15:25:00,2,0.11313606714177825,0.05439442185093839,0.8324695110072833,2
2026-04-15 10:05:00,2,0.0,0.0,1.0,2
2026-04-15 10:10:00,2,0.13224544585817954,0.00011755898768322839,0.8676369951541373,2
2026-04-15 10:15:00,2,0.13226099432678257,0.0,0.8677390056732174,2
2026-04-15 10:20:00,2,0.12918159815028696,0.00011797406223770497,0.8707004277874755,2
2026-04-15 10:25:00,2,0.13224544585817954,0.00011755898768322839,0.8676369951541373,2
2026-04-15 10:30:00,2,0.10235985782732128,0.0,0.8976401421726786,2
2026-04-15 10:35:00,2,0.1652758397862415,0.00011728200404429084,0.8346068782097142,2
2026-04-15 10:40:00,2,0.17097965954840488,0.0001164805950947252,0.8289038598565003,2
2026-04-15 10:45:00,2,0.15464633539710404,0.00011877549091836957,0.8452348891119776,2
2026-04-15 10:50:00,1,0.1224282027586993,0.17495147380406514,0.7026203234372356,2
2026-04-15 10:55:00,1,0.11618715191883361,0.13032654360836826,0.7534863044727982,2
2026-04-15 11:00:00,1,0.11971773436405275,0.08563893669285202,0.7946433289430953,2
2026-04-15 11:05:00,2,0.21502069764277762,0.08100923246675587,0.7039700698904665,2
2026-04-15 11:10:00,2,0.1592133432092042,0.10823245109627402,0.7325542056945217,2
2026-04-15 11:15:00,2,0.09483728485135093,0.12930762445885902,0.7758550906897901,2
2026-04-15 11:20:00,2,0.07094810607222658,0.1351917995386832,0.7938600943890901,2
2026-04-15 11:25:00,2,0.0914413839533868,0.11676954970389364,0.7917890663427196,2
2026-04-15 11:30:00,0,0.07607439265283994,0.11549924352637919,0.808426363820781,2
2026-04-15 11:35:00,0,0.049693297471443285,0.12951534070304785,0.8207913618255088,2
2026-04-15 11:40:00,2,0.050126780350629105,0.14539441979470316,0.8044787998546677,2
2026-04-15 11:45:00,2,0.07043477001333162,0.16516450287266984,0.7644007271139984,2
2026-04-15 11:50:00,2,0.0699279823389889,0.16525454855380622,0.7648174691072049,2
2026-04-15 11:55:00,2,0.07156235321620195,0.14285378434144028,0.7855838624423577,2
2026-04-15 12:00:00,2,0.05501537405328841,0.13610757910672852,0.8088770468399831,2
2026-04-15 12:05:00,2,0.05472199607909772,0.1172394837807821,0.8280385201401202,2
2026-04-15 12:10:00,2,0.05452770424194695,0.11682322201545009,0.8286490737426029,2
2026-04-15 12:15:00,2,0.07151137652653101,0.1297181139944137,0.7987705094790554,2
2026-04-15 12:20:00,2,0.05512829451818048,0.14399360392047053,0.800878101561349,2
2026-04-15 12:25:00,2,0.06949706172026868,0.12780704431321221,0.8026958939665191,2
2026-04-15 12:30:00,2,0.07132556433845899,0.11609289097330135,0.8125815446882396,2
2026-04-15 12:35:00,2,0.05412157504057955,0.11595310796025753,0.8299253169991629,2
2026-04-15 12:40:00,2,0.05511513774720767,0.10730865253799117,0.8375762097148012,2
2026-04-15 12:45:00,2,0.07700076965473454,0.13028691185464572,0.7927123184906198,2
2026-04-15 12:50:00,2,0.07724413486507839,0.14545403358452702,0.7773018315503947,2
2026-04-15 12:55:00,2,0.09360366160648181,0.17118228041392244,0.7352140579795957,2
2026-04-15 13:00:00,0,0.0922660858501076,0.16873612324151263,0.7389977909083798,2
2026-04-15 13:05:00,2,0.07195960959690564,0.1427926606057388,0.7852477297973555,2
2026-04-15 13:10:00,1,0.07027525259162647,0.13390967549191032,0.7958150719164633,2
2026-04-15 13:15:00,2,0.05452770424194695,0.11682322201545009,0.8286490737426029,2
2026-04-15 13:20:00,2,0.11780546876283068,0.1683455275649017,0.7138490036722676,2
2026-04-15 13:25:00,2,0.10197195795336718,0.12926324001791606,0.7687648020287167,2
2026-04-15 13:30:00,2,0.07933301810147571,0.17249391421840415,0.74817306768012,2
2026-04-15 13:35:00,2,0.10263416273593416,0.116740391345127,0.7806254459189388,2
2026-04-15 13:40:00,2,0.07070289597815912,0.11576776842902521,0.8135293355928157,2
2026-04-15 13:45:00,2,0.07219863251200359,0.13096476249423383,0.7968366049937625,2
2026-04-15 13:50:00,2,0.08542295462471719,0.08980588065691293,0.8247711647183699,2
2026-04-15 13:55:00,2,0.07147725609373155,0.10330273219105669,0.8252200117152118,2
2026-04-15 14:00:00,2,0.0505978051659308,0.08482928317084326,0.864572911663226,2
2026-04-15 14:05:00,2,0.07718962150559962,0.08401471487651235,0.838795663617888,2
2026-04-15 14:10:00,2,0.07025167982617,0.10001868395740057,0.8297296362164294,2
2026-04-15 14:15:00,2,0.05497570076732398,0.08443811729016201,0.860586181942514,2
2026-04-15 14:20:00,2,0.0915424316558972,0.10623341361888153,0.8022241547252214,2
2026-04-15 14:25:00,2,0.05497570076732398,0.08443811729016201,0.860586181942514,2
2026-04-15 14:30:00,2,0.05070626810107586,0.08286749645340394,0.8664262354455201,2
2026-04-15 14:35:00,2,0.058957018365421936,0.08214725676857958,0.8588957248659984,2
2026-04-15 14:40:00,2,0.045585796220089715,0.06359633963555783,0.8908178641443524,2
2026-04-15 14:45:00,2,0.045585796220089715,0.06359633963555783,0.8908178641443524,2
2026-04-15 14:50:00,2,0.055093003708026514,0.08248456145116409,0.8624224348408095,2
2026-04-15 14:55:00,2,0.0,0.0,1.0,2
2026-04-15 15:00:00,2,0.07132556433845899,0.11609289097330135,0.8125815446882396,2
2026-04-15 15:05:00,2,0.07132556433845899,0.11609289097330135,0.8125815446882396,2
2026-04-15 15:10:00,2,0.07108245860893922,0.10334665535729992,0.8255708860337608,2
2026-04-15 15:15:00,2,0.07197725019137691,0.08448926078540146,0.8435334890232217,2
2026-04-15 15:20:00,2,0.054700244144010236,0.10650085861193853,0.8387988972440513,2
2026-04-15 15:25:00,2,0.07688456409880434,0.10607955272320721,0.8170358831779884,2
2026-04-16 09:15:00,2,0.0,0.0,1.0,2
2026-04-16 09:20:00,2,0.0,0.0,1.0,2
2026-04-16 09:25:00,2,0.14795855440677544,0.00011543025539883668,0.8519260153378256,2
2026-04-16 09:30:00,2,0.1554376938261689,0.11810679236189904,0.7264555138119321,2
2026-04-16 09:35:00,2,0.10412886922278772,0.16962095651880432,0.726250174258408,2
2026-04-16 09:40:00,2,0.13009623176788532,0.10503569294912021,0.7648680752829945,2
2026-04-16 09:45:00,2,0.07554453258754797,0.164256603816054,0.7601988635963981,2
2026-04-16 09:50:00,2,0.0922660858501076,0.16873612324151263,0.7389977909083798,2
2026-04-16 09:55:00,2,0.1594692297740963,0.13992061316306975,0.7006101570628339,2
2026-04-16 10:00:00,2,0.07702684946796778,0.1450448758212359,0.7779282747107963,2
2026-04-16 10:05:00,2,0.06973442762458283,0.1647971380025539,0.7654684343728633,2
2026-04-16 10:10:00,2,0.09620261947315836,0.1459776777514808,0.7578197027753608,2
2026-04-16 10:15:00,2,0.07724413486507839,0.14545403358452702,0.7773018315503947,2
2026-04-16 10:20:00,2,0.05422033111883447,0.129461075464299,0.8163185934168665,2
2026-04-16 10:25:00,2,0.07702684946796778,0.1450448758212359,0.7779282747107963,2
2026-04-16 10:30:00,2,0.05018358960390999,0.11735998387626492,0.8324564265198251,2
2026-04-16 10:35:00,2,0.1224282027586993,0.17495147380406514,0.7026203234372356,2
2026-04-16 10:40:00,2,0.1224282027586993,0.17495147380406514,0.7026203234372356,2
2026-04-16 10:45:00,2,0.12052335802827044,0.14915843220401565,0.7303182097677139,2
2026-04-16 10:50:00,2,0.15404335970921107,0.13515987613877137,0.7107967641520174,2
2026-04-16 10:55:00,2,0.18485928028934928,0.13669556434747684,0.6784451553631738,2
2026-04-16 11:00:00,2,0.12052335802827044,0.14915843220401565,0.7303182097677139,2
2026-04-16 11:05:00,1,0.12052335802827044,0.14915843220401565,0.7303182097677139,2
2026-04-16 11:10:00,2,0.12070039201252264,0.14079781590618837,0.738501792081289,2
2026-04-16 11:15:00,2,0.10315286154132727,0.16803108660343224,0.7288160518552405,2
2026-04-16 11:20:00,2,0.1856049421971882,0.16219991369324763,0.6521951441095643,2
2026-04-16 11:25:00,1,0.15866576420724732,0.17265569701061906,0.6686785387821337,2
2026-04-16 11:30:00,1,0.1224282027586993,0.17495147380406514,0.7026203234372356,2
2026-04-16 11:35:00,1,0.1799969232027521,0.13310005837682176,0.6869030184204261,2
2026-04-16 11:40:00,2,0.0,0.002107086382809268,0.9978929136171907,2
2026-04-16 11:45:00,2,0.0,0.0021128955906293658,0.9978871044093706,2
2026-04-16 11:50:00,2,0.0,0.0021128955906293658,0.9978871044093706,2
2026-04-16 11:55:00,2,0.0,0.002107086382809268,0.9978929136171907,2
2026-04-16 12:00:00,2,0.0,0.001735556287581185,0.9982644437124188,2
2026-04-16 12:05:00,2,0.0,0.001735556287581185,0.9982644437124188,2
2026-04-16 12:10:00,2,0.0,0.016151990972585864,0.9838480090274141,2
2026-04-16 12:15:00,2,0.0,0.01627556512378902,0.983724434876211,2
2026-04-16 12:20:00,2,0.0,0.005013319421342162,0.9949866805786579,2
2026-04-16 12:25:00,2,0.0,0.005015345246678047,0.994984654753322,2
2026-04-16 12:30:00,2,0.0,0.0021060919495495926,0.9978939080504504,2
2026-04-16 12:35:00,1,0.28533341592775135,0.09848759219494244,0.6161789918773062,2
2026-04-16 12:40:00,2,0.0,0.0021128955906293658,0.9978871044093706,2
2026-04-16 12:45:00,2,0.0,0.0021128955906293658,0.9978871044093706,2
2026-04-16 12:50:00,2,0.0,0.0021128955906293658,0.9978871044093706,2
2026-04-16 12:55:00,2,0.23688015350034586,0.14747043023066,0.6156494162689942,2
2026-04-16 13:00:00,2,0.1918867637688091,0.18233593119494548,0.6257773050362454,2
2026-04-16 13:05:00,2,0.2880262362027529,0.1545504277227478,0.5574233360744992,2
2026-04-16 13:10:00,2,0.2510898173612284,0.12661126349024138,0.6222989191485301,2
2026-04-16 13:15:00,2,0.19421818458864853,0.18455130956624827,0.6212305058451032,2
2026-04-16 13:20:00,2,0.2880262362027529,0.1545504277227478,0.5574233360744992,2
2026-04-16 13:25:00,2,0.2352577602723495,0.14135104880820665,0.623391190919444,2
2026-04-16 13:30:00,0,0.19402810385269162,0.15967331270509608,0.6462985834422124,2
2026-04-16 13:35:00,0,0.0959162153339536,0.11734699622821351,0.7867367884378329,2
2026-04-16 13:40:00,0,0.07702684946796778,0.1450448758212359,0.7779282747107963,2
2026-04-16 13:45:00,2,0.05414209223464058,0.13394708713045028,0.811910820634909,2
2026-04-16 13:50:00,2,0.08631631602201723,0.16984210934528343,0.7438415746326992,2
2026-04-16 13:55:00,2,0.1024247610934133,0.11650220915466966,0.7810730297519171,2
2026-04-16 14:00:00,2,0.12390590325224722,0.19222280001915873,0.683871296728594,2
2026-04-16 14:05:00,2,0.07759761361393447,0.1687206213326441,0.7536817650534214,2
2026-04-16 14:10:00,2,0.09670327746517343,0.13830930450438825,0.7649874180304382,2
2026-04-16 14:15:00,0,0.10168825555823816,0.12890360888469812,0.7694081355570638,2
2026-04-16 14:20:00,0,0.08466895750581711,0.1442836585779295,0.7710473839162533,2
2026-04-16 14:25:00,0,0.07702583899408914,0.1478690241383709,0.7751051368675399,2
2026-04-16 14:30:00,2,0.0,0.0001234204268179169,0.9998765795731821,2
2026-04-16 14:35:00,2,0.0,0.00012357086185075196,0.9998764291381492,2
2026-04-16 14:40:00,2,0.003972562829255457,0.0001232999569983645,0.9959041372137462,2
2026-04-16 14:45:00,2,0.0,0.0,1.0,2
2026-04-16 14:50:00,2,0.0,0.0,1.0,2
2026-04-16 14:55:00,1,0.10228246674950442,0.08340386850533775,0.8143136647451578,2
2026-04-16 15:00:00,2,0.11765185932484891,0.10424117491871764,0.7781069657564335,2
2026-04-16 15:05:00,2,0.1427856584498579,0.05484321370489548,0.8023711278452467,2
2026-04-16 15:10:00,2,0.11570376820383496,0.06180014675743278,0.8224960850387323,2
2026-04-16 15:15:00,2,0.003974434812012541,0.00012335805938802348,0.9959022071285996,2
2026-04-16 15:20:00,2,0.0,0.00012357086185075196,0.9998764291381492,2
2026-04-16 15:25:00,2,0.0,0.00012379172741325574,0.9998762082725867,2
2026-04-17 09:15:00,2,0.11488914883987371,0.2290733114812093,0.656037539678917,2
2026-04-17 09:20:00,2,0.12197338005719739,0.17430152632338428,0.7037250936194183,2
2026-04-17 09:25:00,1,0.09116427641693678,0.13443048848019507,0.7744052351028682,2
2026-04-17 09:30:00,2,0.1438173852775096,0.17068735659235276,0.6854952581301377,2
2026-04-17 09:35:00,2,0.12150284793571292,0.17513595123438147,0.7033612008299056,2
2026-04-17 09:40:00,2,0.17162659052882182,0.18386111274025735,0.6445122967309208,2
2026-04-17 09:45:00,2,0.10009941882123205,0.14318063815528168,0.7567199430234863,2
2026-04-17 09:50:00,2,0.09547049163161614,0.0837345908822347,0.8207949174861492,2
2026-04-17 09:55:00,2,0.07804510723444714,0.11849126272554317,0.8034636300400098,2
2026-04-17 10:00:00,2,0.1355013890171413,0.08410341172048288,0.780395199262376,2
2026-04-17 10:05:00,2,0.07874111335319833,0.06344165547094079,0.8578172311758608,2
2026-04-17 10:10:00,2,0.0,0.0,1.0,2
2026-04-17 10:15:00,2,0.0,0.0,1.0,2
2026-04-17 10:20:00,2,0.0,0.0,1.0,2
2026-04-17 10:25:00,2,0.0,0.0,1.0,2
2026-04-17 10:30:00,2,0.1024247610934133,0.11650220915466966,0.7810730297519171,2
2026-04-17 10:35:00,2,0.22775487227674682,0.14273784429585568,0.6295072834273975,2
2026-04-17 10:40:00,2,0.1960725267170818,0.16449964120747293,0.6394278320754453,2
2026-04-17 10:45:00,2,0.15795385338929807,0.15175705119146637,0.6902890954192357,2
2026-04-17 10:50:00,2,0.15404335970921107,0.13515987613877137,0.7107967641520174,2
2026-04-17 10:55:00,2,0.13114158399424727,0.1376941085826257,0.731164307423127,2
2026-04-17 11:00:00,0,0.1416113860980913,0.14947512223734474,0.708913491664564,2
2026-04-17 11:05:00,2,0.1042747351644879,0.13696025912125592,0.7587650057142563,2
2026-04-17 11:10:00,2,0.09103700381057599,0.12955967474570287,0.779403321443721,2
2026-04-17 11:15:00,2,0.10197195795336718,0.12926324001791606,0.7687648020287167,2
2026-04-17 11:20:00,2,0.09578199814041148,0.0840078048316483,0.8202101970279402,2
2026-04-17 11:25:00,2,0.09213509732003292,0.08434662592537645,0.8235182767545907,2
2026-04-17 11:30:00,2,0.09183424683711851,0.08407120728600923,0.8240945458768723,2
2026-04-17 11:35:00,2,0.012515073932507477,0.05632751595500034,0.9311574101124922,2
2026-04-17 11:40:00,2,0.0,0.002107086382809268,0.9978929136171907,2
2026-04-17 11:45:00,2,0.0,0.0,1.0,2
2026-04-17 11:50:00,1,0.0,0.007589041883462213,0.9924109581165378,2
2026-04-17 11:55:00,2,0.0,0.0,1.0,2
2026-04-17 12:00:00,2,0.0,0.0,1.0,2
2026-04-17 12:05:00,2,0.0,0.0,1.0,2
2026-04-17 12:10:00,2,0.0,0.0,1.0,2
2026-04-17 12:15:00,2,0.0,0.0,1.0,2
2026-04-17 12:20:00,2,0.0,0.0,1.0,2
2026-04-17 12:25:00,2,0.0,0.0,1.0,2
2026-04-17 12:30:00,2,0.0,0.0,1.0,2
2026-04-17 12:35:00,2,0.0,0.0,1.0,2
2026-04-17 12:40:00,2,0.0,0.0,1.0,2
2026-04-17 12:45:00,2,0.0,0.0,1.0,2
2026-04-17 12:50:00,2,0.0,0.0,1.0,2
2026-04-17 12:55:00,2,0.0,0.0,1.0,2
2026-04-17 13:00:00,2,0.0,0.0,1.0,2
2026-04-17 13:05:00,2,0.0,0.0,1.0,2
2026-04-17 13:10:00,2,0.0,0.0,1.0,2
2026-04-17 13:15:00,2,0.0,0.0,1.0,2
2026-04-17 13:20:00,2,0.0,0.0,1.0,2
2026-04-17 13:25:00,2,0.0,0.0,1.0,2
2026-04-17 13:30:00,2,0.0,0.0,1.0,2
2026-04-17 13:35:00,2,0.0,0.0,1.0,2
2026-04-17 13:40:00,2,0.0,0.0,1.0,2
2026-04-17 13:45:00,2,0.0,0.0001234204268179169,0.9998765795731821,2
2026-04-17 13:50:00,2,0.0,0.0,1.0,2
2026-04-17 13:55:00,2,0.0,0.0,1.0,2
2026-04-17 14:00:00,2,0.0,0.0,1.0,2
2026-04-17 14:05:00,2,0.0,0.0001234204268179169,0.9998765795731821,2
2026-04-17 14:10:00,2,0.0,0.0,1.0,2
2026-04-17 14:15:00,2,0.0,0.0001234204268179169,0.9998765795731821,2
2026-04-17 14:20:00,2,0.0,0.0017334468254313422,0.9982665531745686,2
2026-04-17 14:25:00,2,0.0,0.0,1.0,2
2026-04-17 14:30:00,2,0.0,0.0,1.0,2
2026-04-17 14:35:00,2,0.0,0.0,1.0,2
2026-04-17 14:40:00,2,0.0,0.0050223943749183,0.9949776056250818,2
2026-04-17 14:45:00,2,0.0,0.0021137518775561186,0.9978862481224439,2
2026-04-17 14:50:00,2,0.0,0.0050223943749183,0.9949776056250818,2
2026-04-17 14:55:00,2,0.0,0.0,1.0,2
2026-04-17 15:00:00,2,0.0,0.0,1.0,2
2026-04-17 15:05:00,2,0.0,0.0,1.0,2
2026-04-17 15:10:00,2,0.0,0.0,1.0,2
2026-04-17 15:15:00,2,0.0,0.0,1.0,2
2026-04-17 15:20:00,2,0.0,0.0,1.0,2
2026-04-17 15:25:00,2,0.0,0.0,1.0,2
2026-04-20 09:15:00,2,0.16508586100943312,0.22129081880510715,0.6136233201854597,2
2026-04-20 09:20:00,2,0.003974434812012541,0.00012335805938802348,0.9959022071285996,2
2026-04-20 09:25:00,1,0.12052335802827044,0.14915843220401565,0.7303182097677139,2
2026-04-20 09:30:00,1,0.11488914883987371,0.2290733114812093,0.656037539678917,2
2026-04-20 09:35:00,2,0.11970786753486848,0.1873217956491468,0.6929703368159847,2
2026-04-20 09:40:00,2,0.1812211192367866,0.2107613090580202,0.6080175717051932,2
2026-04-20 09:45:00,0,0.09254134254687632,0.1465690323126018,0.760889625140522,2
2026-04-20 09:50:00,0,0.1158412716003237,0.23654026608104198,0.6476184623186344,2
2026-04-20 09:55:00,0,0.13017314772555635,0.20369812176422092,0.6661287305102227,2
2026-04-20 10:00:00,2,0.09644159429327241,0.19147281433052227,0.7120855913762053,2
2026-04-20 10:05:00,2,0.0706050854028846,0.12984473092036963,0.7995501836767457,2
2026-04-20 10:10:00,2,0.07769490322200942,0.13146140036041526,0.7908436964175753,2
2026-04-20 10:15:00,2,0.09103700381057599,0.12955967474570287,0.779403321443721,2
2026-04-20 10:20:00,2,0.07057136452450374,0.10340351709350978,0.8260251183819863,2
2026-04-20 10:25:00,2,0.05570700378980857,0.07225904248525555,0.8720339537249359,2
2026-04-20 10:30:00,2,0.0,0.0,1.0,2
2026-04-20 10:35:00,2,0.0,0.0,1.0,2
2026-04-20 10:40:00,2,0.0,0.0,1.0,2
2026-04-20 10:45:00,2,0.13177456820454642,0.13353199617639555,0.7346934356190579,2
2026-04-20 10:50:00,2,0.15404335970921107,0.13515987613877137,0.7107967641520174,2
2026-04-20 10:55:00,2,0.13114158399424727,0.1376941085826257,0.731164307423127,2
2026-04-20 11:00:00,2,0.11787427873935542,0.17511525975700226,0.7070104615036422,2
2026-04-20 11:05:00,0,0.18204982100921172,0.14981591543037379,0.6681342635604145,2
2026-04-20 11:10:00,0,0.13277038954420053,0.1728896700563054,0.6943399403994941,2
2026-04-20 11:15:00,0,0.09730246119689512,0.17048372402985404,0.7322138147732509,2
2026-04-20 11:20:00,2,0.004049516918810262,0.050336564570681794,0.9456139185105079,2
2026-04-20 11:25:00,2,0.003986174848519107,0.03507698894636481,0.9609368362051162,2
2026-04-20 11:30:00,2,0.11282147058147109,0.1304315406336544,0.7567469887848746,2
2026-04-20 11:35:00,2,0.09142027423863182,0.13480798187533746,0.7737717438860309,2
2026-04-20 11:40:00,2,0.07769490322200942,0.13146140036041526,0.7908436964175753,2
2026-04-20 11:45:00,2,0.00403105063421007,0.05647768087676097,0.939491268489029,2
2026-04-20 11:50:00,2,0.07700076965473454,0.13028691185464572,0.7927123184906198,2
2026-04-20 11:55:00,1,0.07682162802759562,0.10356372879366539,0.8196146431787389,2
2026-04-20 12:00:00,1,0.09203716821733468,0.10140309614014084,0.8065597356425246,2
2026-04-20 12:05:00,2,0.10377963116612514,0.104815340634355,0.79140502819952,2
2026-04-20 12:10:00,0,0.11524022445723937,0.11598819467186915,0.7687715808708915,2
2026-04-20 12:15:00,0,0.13136712010540816,0.11944702584958097,0.7491858540450108,2
2026-04-20 12:20:00,2,0.09103700381057599,0.12955967474570287,0.779403321443721,2
2026-04-20 12:25:00,2,0.0,0.0,1.0,2
2026-04-20 12:30:00,2,0.0,0.0,1.0,2
2026-04-20 12:35:00,2,0.0,0.0,1.0,2
2026-04-20 12:40:00,2,0.0,0.0,1.0,2
2026-04-20 12:45:00,2,0.0,0.0,1.0,2
2026-04-20 12:50:00,2,0.0,0.0,1.0,2
2026-04-20 12:55:00,2,0.0,0.0,1.0,2
2026-04-20 13:00:00,2,0.0,0.0,1.0,2
2026-04-20 13:05:00,2,0.049724075094103905,0.0,0.9502759249058962,2
2026-04-20 13:10:00,2,0.06989293908886467,0.0,0.9301070609111353,2
2026-04-20 13:15:00,2,0.054584876682627154,0.0,0.9454151233173729,2
2026-04-20 13:20:00,2,0.11479059897541453,0.0,0.8852094010245856,2
2026-04-20 13:25:00,2,0.11778142402288747,0.016058579928907857,0.8661599960482047,2
2026-04-20 13:30:00,2,0.10384827001578623,0.04857107519742011,0.8475806547867937,2
2026-04-20 13:35:00,2,0.08614446866993133,0.016033242605145905,0.8978222887249228,2
2026-04-20 13:40:00,2,0.0727611886815992,0.16960527279458293,0.7576335385238179,2
2026-04-20 13:45:00,2,0.07875946268544345,0.17124683171605917,0.7499937055984973,2
2026-04-20 13:50:00,2,0.07717976151360048,0.1678120848105771,0.7550081536758223,2
2026-04-20 13:55:00,2,0.04933535540120853,0.1430988649929152,0.8075657796058763,2
2026-04-20 14:00:00,2,0.07138560120396768,0.1449708516483094,0.7836435471477229,2
2026-04-20 14:05:00,0,0.10392535374774958,0.13173943322325504,0.7643352130289954,2
2026-04-20 14:10:00,0,0.045263986920966746,0.08530586093814338,0.8694301521408897,2
2026-04-20 14:15:00,0,0.027143806722111356,0.0869249028000216,0.8859312904778671,2
2026-04-20 14:20:00,2,0.043964229887004,0.12880562033645143,0.8272301497765445,2
2026-04-20 14:25:00,1,0.018273046838691142,0.10368262132175862,0.8780443318395502,2
2026-04-20 14:30:00,2,0.0589631980106303,0.13743729306238667,0.803599508926983,2
2026-04-20 14:35:00,2,0.07748676723928936,0.1358483790766476,0.7866648536840629,2
2026-04-20 14:40:00,2,0.07093154070271546,0.11614214757090832,0.8129263117263762,2
2026-04-20 14:45:00,2,0.09348803744509393,0.14720938191360922,0.7593025806412967,2
2026-04-20 14:50:00,2,0.07057136452450374,0.10340351709350978,0.8260251183819863,2
2026-04-20 14:55:00,2,0.05452770424194695,0.11682322201545009,0.8286490737426029,2
2026-04-20 15:00:00,2,0.05018358960390999,0.11735998387626492,0.8324564265198251,2
2026-04-20 15:05:00,2,0.09103700381057599,0.12955967474570287,0.779403321443721,2
2026-04-20 15:10:00,2,0.09894691937615611,0.08112647189816392,0.81992660872568,2
2026-04-20 15:15:00,2,0.08632451691619057,0.004940007154641023,0.9087354759291685,2
2026-04-20 15:20:00,2,0.07259143320167502,0.0020966080812291846,0.9253119587170958,2
2026-04-20 15:25:00,2,0.05127972554620298,0.02413408695663495,0.924586187497162,2
2026-04-21 09:15:00,2,0.004049516918810262,0.050336564570681794,0.9456139185105079,2
2026-04-21 09:20:00,2,0.07192912739657771,0.14520608329364748,0.7828647893097748,2
2026-04-21 09:25:00,2,0.07238216010210066,0.1842629089970951,0.7433549309008042,2
2026-04-21 09:30:00,2,0.07067275795798693,0.1474604085666409,0.7818668334753722,2
2026-04-21 09:35:00,2,0.05412157504057955,0.11595310796025753,0.8299253169991629,2
2026-04-21 09:40:00,2,0.07157007734813153,0.08966827373347235,0.838761648918396,2
2026-04-21 09:45:00,2,0.0,0.02428901005619177,0.9757109899438082,2
2026-04-21 09:50:00,2,0.0025225854722500923,0.02428560571195361,0.9731918088157964,2
2026-04-21 09:55:00,2,0.0,0.0243470231588667,0.9756529768411333,2
2026-04-21 10:00:00,2,0.0,0.010899426660296226,0.9891005733397039,2
2026-04-21 10:05:00,2,0.0,0.0021128955906293658,0.9978871044093706,2
2026-04-21 10:10:00,2,0.003986146729488795,0.0242499723521292,0.9717638809183821,2
2026-04-21 10:15:00,2,0.05102376983601024,0.034734873248113265,0.9142413569158764,2
2026-04-21 10:20:00,2,0.045647207056752105,0.03493166872171094,0.9194211242215369,2
2026-04-21 10:25:00,2,0.05102376983601024,0.034734873248113265,0.9142413569158764,2
2026-04-21 10:30:00,2,0.0,0.005015345246678047,0.994984654753322,2
2026-04-21 10:35:00,2,0.003992802704940478,0.0351353118386777,0.9608718854563818,2
2026-04-21 10:40:00,2,0.012418224373686584,0.002110706264075937,0.9854710693622375,2
2026-04-21 10:45:00,0,0.07219863251200359,0.13096476249423383,0.7968366049937625,2
2026-04-21 10:50:00,2,0.0,0.0001234204268179169,0.9998765795731821,2
2026-04-21 10:55:00,2,0.0,0.0,1.0,2
2026-04-21 11:00:00,2,0.0,0.0,1.0,2
2026-04-21 11:05:00,2,0.0025095023672682894,0.0001232607604804121,0.9973672368722513,2
2026-04-21 11:10:00,2,0.0,0.0,1.0,2
2026-04-21 11:15:00,1,0.09464497099481974,0.1290454106262135,0.7763096183789668,2
2026-04-21 11:20:00,2,0.10228246674950442,0.08340386850533775,0.8143136647451578,2
2026-04-21 11:25:00,2,0.11571957543756597,0.10341893259735103,0.780861491965083,2
2026-04-21 11:30:00,2,0.1552662761326118,0.08457684260725434,0.760156881260134,2
2026-04-21 11:35:00,2,0.0959162153339536,0.11734699622821351,0.7867367884378329,2
2026-04-21 11:40:00,2,0.07769490322200942,0.13146140036041526,0.7908436964175753,2
2026-04-21 11:45:00,2,0.07607439265283994,0.11549924352637919,0.808426363820781,2
2026-04-21 11:50:00,2,0.09176583607685607,0.1040522239444208,0.804181939978723,2
2026-04-21 11:55:00,0,0.08554447256133409,0.09178373804561442,0.8226717893930515,2
2026-04-21 12:00:00,2,0.0713081494058553,0.08435643858262942,0.8443354120115152,2
2026-04-21 12:05:00,2,0.07197725019137691,0.08448926078540146,0.8435334890232217,2
2026-04-21 12:10:00,2,0.0,0.0,1.0,2
2026-04-21 12:15:00,2,0.0,0.0,1.0,2
2026-04-21 12:20:00,2,0.07804361002482121,0.07173786230253816,0.8502185276726405,2
2026-04-21 12:25:00,2,0.09894691937615611,0.08112647189816392,0.81992660872568,2
2026-04-21 12:30:00,2,0.10215031128203297,0.0813529550455086,0.8164967336724583,2
2026-04-21 12:35:00,2,0.10216637522619951,0.0812084905338131,0.8166251342399873,2
2026-04-21 12:40:00,2,0.10249803044611545,0.08147211170787749,0.816029857846007,2
2026-04-21 12:45:00,2,0.11866417082360943,0.11840678398302985,0.7629290451933606,2
2026-04-21 12:50:00,2,0.10305258229240362,0.11721631925710671,0.7797310984504897,2
2026-04-21 12:55:00,2,0.1177093514434138,0.13089800319507466,0.7513926453615116,2
2026-04-21 13:00:00,2,0.1816533620080565,0.08640668165334496,0.7319399563385985,2
2026-04-21 13:05:00,2,0.11732056639441532,0.10394764479935667,0.778731788806228,2
2026-04-21 13:10:00,2,0.07219863251200359,0.13096476249423383,0.7968366049937625,2
2026-04-21 13:15:00,0,0.07700076965473454,0.13028691185464572,0.7927123184906198,2
2026-04-21 13:20:00,2,0.10377963116612514,0.104815340634355,0.79140502819952,2
2026-04-21 13:25:00,2,0.07237663020043482,0.08445290033869396,0.8431704694608713,2
2026-04-21 13:30:00,2,0.0,0.0,1.0,2
2026-04-21 13:35:00,2,0.07718955326564095,0.08189613858857235,0.8409143081457867,2
2026-04-21 13:40:00,2,0.10108448936346738,0.08502299167360836,0.8138925189629242,2
2026-04-21 13:45:00,2,0.05497570076732398,0.08443811729016201,0.860586181942514,2
2026-04-21 13:50:00,2,0.0513668726089141,0.055676117304336276,0.8929570100867497,2
2026-04-21 13:55:00,2,0.05570700378980857,0.07225904248525555,0.8720339537249359,2
2026-04-21 14:00:00,2,0.07777509157616798,0.08465195211240116,0.8375729563114309,2
2026-04-21 14:05:00,0,0.07804361002482121,0.07173786230253816,0.8502185276726405,2
2026-04-21 14:10:00,0,0.055093003708026514,0.08248456145116409,0.8624224348408095,2
2026-04-21 14:15:00,2,0.05508420516402294,0.08263109185278829,0.8622847029831887,2
2026-04-21 14:20:00,2,0.07235008437120433,0.0553337125344916,0.872316203094304,2
2026-04-21 14:25:00,1,0.07804361002482121,0.07173786230253816,0.8502185276726405,2
2026-04-21 14:30:00,2,0.05570700378980857,0.07225904248525555,0.8720339537249359,2
2026-04-21 14:35:00,2,0.07090947799063223,0.06291127087721074,0.866179251132157,2
2026-04-21 14:40:00,0,0.07735349518583097,0.08207007676606319,0.8405764280481058,2
2026-04-21 14:45:00,2,0.05070626810107586,0.08286749645340394,0.8664262354455201,2
2026-04-21 14:50:00,2,0.027085199828741555,0.05607602243383034,0.9168387777374281,2
2026-04-21 14:55:00,2,0.027089367356784404,0.05593078334858471,0.9169798492946308,2
2026-04-21 15:00:00,2,0.0,0.0021128955906293658,0.9978871044093706,2
2026-04-21 15:05:00,2,0.0,0.00012357086185075196,0.9998764291381492,2
2026-04-21 15:10:00,2,0.0,0.00012357086185075196,0.9998764291381492,2
2026-04-21 15:15:00,2,0.0,0.00012379172741325574,0.9998762082725867,2
2026-04-21 15:20:00,2,0.0,0.00012379172741325574,0.9998762082725867,2
2026-04-21 15:25:00,2,0.0,0.001739474582925062,0.9982605254170749,2
2026-04-22 09:15:00,2,0.0,0.0021128955906293658,0.9978871044093706,2
2026-04-22 09:20:00,2,0.0,0.0021060919495495926,0.9978939080504504,2
2026-04-22 09:25:00,2,0.0,0.0001234204268179169,0.9998765795731821,2
2026-04-22 09:30:00,2,0.0,0.001735556287581185,0.9982644437124188,2
2026-04-22 09:35:00,2,0.0,0.001735556287581185,0.9982644437124188,2
2026-04-22 09:40:00,2,0.0,0.0001234204268179169,0.9998765795731821,2
2026-04-22 09:45:00,2,0.0,0.0001234204268179169,0.9998765795731821,2
2026-04-22 09:50:00,2,0.0,0.0001234204268179169,0.9998765795731821,2
2026-04-22 09:55:00,2,0.0,0.1451159634527364,0.8548840365472635,2
2026-04-22 10:00:00,2,0.0,0.1804152179875902,0.8195847820124098,2
2026-04-22 10:05:00,2,0.0,0.13234314547175421,0.8676568545282457,2
2026-04-22 10:10:00,2,0.0,0.1638832130201828,0.8361167869798172,2
2026-04-22 10:15:00,2,0.0,0.13037856757192867,0.8696214324280713,2
2026-04-22 10:20:00,2,0.0,0.13037856757192867,0.8696214324280713,2
2026-04-22 10:25:00,2,0.0,0.10488623395798728,0.8951137660420128,2
2026-04-22 10:30:00,2,0.0,0.0855618443084766,0.9144381556915234,2
2026-04-22 10:35:00,0,0.055140738758119326,0.18367094978009274,0.7611883114617879,2
2026-04-22 10:40:00,0,0.05425330756232254,0.16646285605738828,0.7792838363802893,2
2026-04-22 10:45:00,2,0.07238216010210066,0.1842629089970951,0.7433549309008042,2
2026-04-22 10:50:00,2,0.07082624446615295,0.1650949459644489,0.7640788095693981,2
2026-04-22 10:55:00,2,0.07697524901777654,0.16736741294814875,0.7556573380340746,2
2026-04-22 11:00:00,2,0.09620261947315836,0.1459776777514808,0.7578197027753608,2
2026-04-22 11:05:00,2,0.1042747351644879,0.13696025912125592,0.7587650057142563,2
2026-04-22 11:10:00,2,0.09504184289973132,0.1342706417294117,0.770687515370857,2
2026-04-22 11:15:00,2,0.07702684946796778,0.1450448758212359,0.7779282747107963,2
2026-04-22 11:20:00,2,0.06996007405877638,0.16405137477791004,0.7659885511633137,2
2026-04-22 11:25:00,2,0.0862958017762881,0.14705595022051846,0.7666482480031935,2
2026-04-22 11:30:00,1,0.07219863251200359,0.13096476249423383,0.7968366049937625,2
2026-04-22 11:35:00,2,0.09849301550217056,0.12878538261415234,0.772721601883677,2
2026-04-22 11:40:00,2,0.0952215457849394,0.1298315520319918,0.7749469021830688,2
2026-04-22 11:45:00,0,0.10389426311549364,0.16923879437086786,0.7268669425136385,2
2026-04-22 11:50:00,2,0.07722116351304713,0.1679021052473628,0.75487673123959,2
2026-04-22 11:55:00,2,0.07138560120396768,0.1449708516483094,0.7836435471477229,2
2026-04-22 12:00:00,1,0.05472199607909772,0.1172394837807821,0.8280385201401202,2
2026-04-22 12:05:00,2,0.07700076965473454,0.13028691185464572,0.7927123184906198,2
2026-04-22 12:10:00,2,0.08515905570390493,0.1303974921794873,0.7844434521166077,2
2026-04-22 12:15:00,2,0.09686712493578843,0.1368493142681704,0.7662835607960413,2
2026-04-22 12:20:00,2,0.09464497099481974,0.1290454106262135,0.7763096183789668,2
2026-04-22 12:25:00,2,0.07082624446615295,0.1650949459644489,0.7640788095693981,2
2026-04-22 12:30:00,2,0.06942722045241341,0.13403181885626123,0.7965409606913255,2
2026-04-22 12:35:00,2,0.07722116351304713,0.1679021052473628,0.75487673123959,2
2026-04-22 12:40:00,2,0.07082955083085342,0.13663690569617273,0.792533543472974,2
2026-04-22 12:45:00,0,0.07697524901777654,0.16736741294814875,0.7556573380340746,2
2026-04-22 12:50:00,2,0.07027525259162647,0.13390967549191032,0.7958150719164633,2
2026-04-22 12:55:00,2,0.0706050854028846,0.12984473092036963,0.7995501836767457,2
2026-04-22 13:00:00,2,0.07173802044131143,0.13012923489015982,0.7981327446685287,2
2026-04-22 13:05:00,1,0.07219863251200359,0.13096476249423383,0.7968366049937625,2
2026-04-22 13:10:00,2,0.07219863251200359,0.13096476249423383,0.7968366049937625,2
2026-04-22 13:15:00,2,0.08631631602201723,0.16984210934528343,0.7438415746326992,2
2026-04-22 13:20:00,2,0.0,0.005013319421342162,0.9949866805786579,2
2026-04-22 13:25:00,2,0.08515905570390493,0.1303974921794873,0.7844434521166077,2
2026-04-22 13:30:00,2,0.07138560120396768,0.1449708516483094,0.7836435471477229,2
2026-04-22 13:35:00,2,0.06990651883425596,0.11535620118890107,0.8147372799768431,2
2026-04-22 13:40:00,2,0.05497570076732398,0.08443811729016201,0.860586181942514,2
2026-04-22 13:45:00,2,0.0505978051659308,0.08482928317084326,0.864572911663226,2
2026-04-22 13:50:00,2,0.07704770379044436,0.10092563690389926,0.8220266593056565,2
2026-04-22 13:55:00,1,0.07292847955379016,0.08509682750567904,0.8419746929405307,2
2026-04-22 14:00:00,2,0.07700076965473454,0.13028691185464572,0.7927123184906198,2
2026-04-22 14:05:00,2,0.07147725609373155,0.10330273219105669,0.8252200117152118,2
2026-04-22 14:10:00,2,0.07151137652653101,0.1297181139944137,0.7987705094790554,2
2026-04-22 14:15:00,2,0.07178195226032649,0.14490897521147347,0.7833090725282,2
2026-04-22 14:20:00,2,0.06931731323923448,0.1638114088689449,0.7668712778918205,2
2026-04-22 14:25:00,2,0.0706050854028846,0.12984473092036963,0.7995501836767457,2
2026-04-22 14:30:00,2,0.049808111404922875,0.11648188576238301,0.8337100028326943,2
2026-04-22 14:35:00,2,0.05414209223464058,0.13394708713045028,0.811910820634909,2
2026-04-22 14:40:00,2,0.07108245860893922,0.10334665535729992,0.8255708860337608,2
2026-04-22 14:45:00,1,0.055516853010912665,0.091010954732296,0.8534721922567913,2
2026-04-22 14:50:00,1,0.0505978051659308,0.08482928317084326,0.864572911663226,2
2026-04-22 14:55:00,1,0.045263986920966746,0.08530586093814338,0.8694301521408897,2
2026-04-22 15:00:00,2,0.07769490322200942,0.13146140036041526,0.7908436964175753,2
2026-04-22 15:05:00,2,0.018300836270511264,0.01630367193240352,0.9653954917970852,2
2026-04-22 15:10:00,2,0.050343115514474,0.10699174834004181,0.8426651361454841,2
2026-04-22 15:15:00,2,0.0,0.002107086382809268,0.9978929136171907,2
2026-04-22 15:20:00,2,0.0,0.001735556287581185,0.9982644437124188,2
2026-04-22 15:25:00,2,0.0,0.0017334468254313422,0.9982665531745686,2
2026-04-23 09:15:00,2,0.0,0.001735556287581185,0.9982644437124188,2
2026-04-23 09:20:00,2,0.0,0.0021023417585820806,0.9978976582414179,2
2026-04-23 09:25:00,2,0.0,0.002107086382809268,0.9978929136171907,2
2026-04-23 09:30:00,2,0.0,0.002107086382809268,0.9978929136171907,2
2026-04-23 09:35:00,2,0.0,0.002107086382809268,0.9978929136171907,2
2026-04-23 09:40:00,0,0.07722116351304713,0.1679021052473628,0.75487673123959,2
2026-04-23 09:45:00,2,0.07016729446254204,0.11489078324514605,0.814941922292312,2
2026-04-23 09:50:00,2,0.09176583607685607,0.1040522239444208,0.804181939978723,2
2026-04-23 09:55:00,2,0.07237663020043482,0.08445290033869396,0.8431704694608713,2
2026-04-23 10:00:00,2,0.08515905570390493,0.1303974921794873,0.7844434521166077,2
2026-04-23 10:05:00,2,0.09183424683711851,0.08407120728600923,0.8240945458768723,2
2026-04-23 10:10:00,2,0.10393718745831357,0.08475317218168114,0.8113096403600052,2
2026-04-23 10:15:00,1,0.09145305244209304,0.0837222364597194,0.8248247110981876,2
2026-04-23 10:20:00,1,0.09244183337924304,0.06264518197732993,0.8449129846434271,2
2026-04-23 10:25:00,1,0.09298096519648634,0.05503112141393617,0.8519879133895776,2
2026-04-23 10:30:00,2,0.08542295462471719,0.08980588065691293,0.8247711647183699,2
2026-04-23 10:35:00,1,0.0,0.16798446505835954,0.8320155349416405,2
2026-04-23 10:40:00,2,0.0,0.2072691094763936,0.7927308905236065,2
2026-04-23 10:45:00,2,0.0,0.2610530233169057,0.7389469766830942,2
2026-04-23 10:50:00,2,0.0,0.25706600820141984,0.7429339917985803,2
2026-04-23 10:55:00,1,0.14330083989489129,0.2025784863336495,0.6541206737714592,2
2026-04-23 11:00:00,1,0.09678963903926553,0.18410464163700668,0.7191057193237277,2
2026-04-23 11:05:00,1,0.1224282027586993,0.17495147380406514,0.7026203234372356,2
2026-04-23 11:10:00,2,0.0,0.25706600820141984,0.7429339917985803,2
2026-04-23 11:15:00,2,0.0,0.25583660037441547,0.7441633996255845,2
2026-04-23 11:20:00,2,0.0,0.255701379661337,0.744298620338663,2
2026-04-23 11:25:00,2,0.0954772027265377,0.21372374850525247,0.6907990487682097,2
2026-04-23 11:30:00,2,0.10930661184755731,0.2011029035843444,0.6895904845680982,2
2026-04-23 11:35:00,2,0.09381746309825069,0.17157328036294967,0.7346092565387996,2
2026-04-23 11:40:00,2,0.0,0.25583660037441547,0.7441633996255845,2
2026-04-23 11:45:00,2,0.07217457900886311,0.16823789417734072,0.7595875268137963,2
2026-04-23 11:50:00,2,0.07345880032436466,0.19339576002811562,0.7331454396475199,2
2026-04-23 11:55:00,2,0.08649822889519211,0.18477212925315747,0.7287296418516503,2
2026-04-23 12:00:00,2,0.10389426311549364,0.16923879437086786,0.7268669425136385,2
2026-04-23 12:05:00,2,0.07043477001333162,0.16516450287266984,0.7644007271139984,2
2026-04-23 12:10:00,1,0.07875946268544345,0.17124683171605917,0.7499937055984973,2
2026-04-23 12:15:00,1,0.09667344075161578,0.14669210109298217,0.756634458155402,2
2026-04-23 12:20:00,1,0.09227781692512378,0.1489993074760378,0.7587228755988384,2
2026-04-23 12:25:00,2,0.12390590325224722,0.19222280001915873,0.683871296728594,2
2026-04-23 12:30:00,2,0.1245143899736156,0.1571001664151833,0.7183854436112012,2
2026-04-23 12:35:00,2,0.1086285251999453,0.17695068127763225,0.7144207935224224,2
2026-04-23 12:40:00,2,0.09275456745998788,0.16864532075871327,0.7386001117812988,2
2026-04-23 12:45:00,2,0.11537775122819587,0.1484456478887585,0.7361766008830456,2
2026-04-23 12:50:00,2,0.07717976151360048,0.1678120848105771,0.7550081536758223,2
2026-04-23 12:55:00,2,0.07724413486507839,0.14545403358452702,0.7773018315503947,2
2026-04-23 13:00:00,0,0.10343281404770983,0.1358544329196196,0.7607127530326707,2
2026-04-23 13:05:00,0,0.09142027423863182,0.13480798187533746,0.7737717438860309,2
2026-04-23 13:10:00,0,0.08513626462227591,0.1367471160780487,0.7781166192996753,2
2026-04-23 13:15:00,2,0.19115358485309328,0.00011601341117066482,0.8087304017357361,2
2026-04-23 13:20:00,2,0.17097965954840488,0.0001164805950947252,0.8289038598565003,2
2026-04-23 13:25:00,2,0.21847246661247613,0.00011310999949922891,0.7814144233880246,2
2026-04-23 13:30:00,1,0.13105778819711617,0.14528078345864395,0.7236614283442399,2
2026-04-23 13:35:00,2,0.11282147058147109,0.1304315406336544,0.7567469887848746,2
2026-04-23 13:40:00,2,0.10002556838334115,0.10420549339722823,0.7957689382194306,2
2026-04-23 13:45:00,2,0.1024247610934133,0.11650220915466966,0.7810730297519171,2
2026-04-23 13:50:00,2,0.07700076965473454,0.13028691185464572,0.7927123184906198,2
2026-04-23 13:55:00,1,0.07769490322200942,0.13146140036041526,0.7908436964175753,2
2026-04-23 14:00:00,1,0.09103700381057599,0.12955967474570287,0.779403321443721,2
2026-04-23 14:05:00,2,0.07813262437776351,0.10780153265136876,0.8140658429708677,2
2026-04-23 14:10:00,2,0.07292847955379016,0.08509682750567904,0.8419746929405307,2
2026-04-23 14:15:00,2,0.0776112277022899,0.09016169398195392,0.8322270783157563,2
2026-04-23 14:20:00,2,0.09079664446157183,0.1338883798244469,0.7753149757139813,2
2026-04-23 14:25:00,2,0.07269434339025203,0.0627904127390909,0.864515243870657,2
2026-04-23 14:30:00,2,0.0,0.0021023417585820806,0.9978976582414179,2
2026-04-23 14:35:00,2,0.0,0.0021060919495495926,0.9978939080504504,2
2026-04-23 14:40:00,2,0.0,0.001735556287581185,0.9982644437124188,2
2026-04-23 14:45:00,2,0.07729607965846343,0.11735405853120527,0.8053498618103312,2
2026-04-23 14:50:00,2,0.07109574669003103,0.11571882880568803,0.813185424504281,2
2026-04-23 14:55:00,2,0.07108245860893922,0.10334665535729992,0.8255708860337608,2
2026-04-23 15:00:00,2,0.07697524901777654,0.16736741294814875,0.7556573380340746,2
2026-04-23 15:05:00,2,0.10069195478474086,0.13810871773753824,0.761199327477721,2
2026-04-23 15:10:00,2,0.1024247610934133,0.11650220915466966,0.7810730297519171,2
2026-04-23 15:15:00,2,0.07682162802759562,0.10356372879366539,0.8196146431787389,2
2026-04-23 15:20:00,2,0.10168825555823816,0.12890360888469812,0.7694081355570638,2
2026-04-23 15:25:00,2,0.05594260236113393,0.03488907773882766,0.9091683199000383,2
2026-04-24 09:15:00,2,0.05603433388308086,0.024159783782387145,0.9198058823345321,2
2026-04-24 09:20:00,2,0.05072376429196412,0.0049407160081958845,0.9443355196998401,2
2026-04-24 09:25:00,2,0.0,0.0001234204268179169,0.9998765795731821,2
2026-04-24 09:30:00,2,0.0,0.0001234204268179169,0.9998765795731821,2
2026-04-24 09:35:00,2,0.0,0.0001234204268179169,0.9998765795731821,2
2026-04-24 09:40:00,2,0.0,0.0001234204268179169,0.9998765795731821,2
2026-04-24 09:45:00,2,0.0,0.0001234204268179169,0.9998765795731821,2
2026-04-24 09:50:00,2,0.0,0.0001234204268179169,0.9998765795731821,2
2026-04-24 09:55:00,2,0.0,0.0001234204268179169,0.9998765795731821,2
2026-04-24 10:00:00,2,0.0,0.016129574246446454,0.9838704257535537,2
2026-04-24 10:05:00,2,0.0,0.005013319421342162,0.9949866805786579,2
2026-04-24 10:10:00,2,0.049661601672882395,0.1805655790635011,0.7697728192636165,2
2026-04-24 10:15:00,2,0.0,0.0348384249970698,0.9651615750029302,2
2026-04-24 10:20:00,2,0.0,0.023989614885331027,0.9760103851146691,2
2026-04-24 10:25:00,2,0.0,0.1804152179875902,0.8195847820124098,2
2026-04-24 10:30:00,1,0.05425330756232254,0.16646285605738828,0.7792838363802893,2
2026-04-24 10:35:00,2,0.12575351584694677,0.21100300141921682,0.6632434827338364,2
2026-04-24 10:40:00,2,0.0,0.2213342032294895,0.7786657967705106,2
2026-04-24 10:45:00,2,0.0,0.21121076801228617,0.7887892319877138,2
2026-04-24 10:50:00,2,0.12390590325224722,0.19222280001915873,0.683871296728594,2
2026-04-24 10:55:00,2,0.14227059128681824,0.17640397095719867,0.6813254377559831,2
2026-04-24 11:00:00,2,0.12367379422662374,0.19186271510275055,0.6844634906706257,2
2026-04-24 11:05:00,2,0.05154954846936662,0.2113243125350675,0.7371261389955659,2
2026-04-24 11:10:00,2,0.0,0.25583660037441547,0.7441633996255845,2
2026-04-24 11:15:00,2,0.11488914883987371,0.2290733114812093,0.656037539678917,2
2026-04-24 11:20:00,2,0.07567385359557194,0.21590989247952647,0.7084162539249015,2
2026-04-24 11:25:00,2,0.07567385359557194,0.21590989247952647,0.7084162539249015,2
2026-04-24 11:30:00,1,0.07256811916160673,0.2650712083566625,0.6623606724817307,2
2026-04-24 11:35:00,1,0.07567385359557194,0.21590989247952647,0.7084162539249015,2
2026-04-24 11:40:00,1,0.09644159429327241,0.19147281433052227,0.7120855913762053,2
2026-04-24 11:45:00,2,0.0,0.25706600820141984,0.7429339917985803,2
2026-04-24 11:50:00,2,0.0,0.25583660037441547,0.7441633996255845,2
2026-04-24 11:55:00,2,0.0,0.2204367531932427,0.7795632468067574,2
2026-04-24 12:00:00,0,0.07892682513434823,0.18630358155963145,0.7347695933060203,2
2026-04-24 12:05:00,2,0.05141190471921122,0.1944754206424697,0.7541126746383191,2
2026-04-24 12:10:00,1,0.05628682195378878,0.21139026163140648,0.7323229164148047,2
2026-04-24 12:15:00,1,0.07137277117738917,0.206453433637234,0.7221737951853768,2
2026-04-24 12:20:00,2,0.11778171040737631,0.18995886718806826,0.6922594224045554,2
2026-04-24 12:25:00,2,0.0,0.25583660037441547,0.7441633996255845,2
2026-04-24 12:30:00,2,0.07892682513434823,0.18630358155963145,0.7347695933060203,2
2026-04-24 12:35:00,2,0.10446958025772903,0.19056442753247152,0.7049659922097995,2
2026-04-24 12:40:00,0,0.11970786753486848,0.1873217956491468,0.6929703368159847,2
2026-04-24 12:45:00,2,0.0794892031692855,0.18763105218727846,0.7328797446434361,2
2026-04-24 12:50:00,1,0.07343775684120725,0.18695013642442335,0.7396121067343695,2
2026-04-24 12:55:00,1,0.10024013428500994,0.19066786676103323,0.7090919989539568,2
2026-04-24 13:00:00,2,0.14227059128681824,0.17640397095719867,0.6813254377559831,2
2026-04-24 13:05:00,2,0.10486215635572446,0.17081544624888623,0.7243223973953893,2
2026-04-24 13:10:00,2,0.10951329632166308,0.2014831628126374,0.6890035408656995,2
2026-04-24 13:15:00,2,0.09680550082950888,0.19219530558709133,0.7109991935833998,2
2026-04-24 13:20:00,1,0.09821567502506838,0.172083766745603,0.7297005582293286,2
2026-04-24 13:25:00,1,0.0719680040880757,0.16875982722305263,0.7592721686888716,2
2026-04-24 13:30:00,2,0.10552815309873267,0.14887341413088667,0.7455984327703807,2
2026-04-24 13:35:00,2,0.0,0.16798446505835954,0.8320155349416405,2
2026-04-24 13:40:00,2,0.0,0.17978116598325586,0.8202188340167441,2
2026-04-24 13:45:00,2,0.07087249377405923,0.14505095553340674,0.7840765506925339,2
2026-04-24 13:50:00,2,0.06990651883425596,0.11535620118890107,0.8147372799768431,2
2026-04-24 13:55:00,2,0.07132556433845899,0.11609289097330135,0.8125815446882396,2
2026-04-24 14:00:00,2,0.05499661719269153,0.10165976386599666,0.8433436189413117,2
2026-04-24 14:05:00,2,0.07690409388480833,0.14234649664798352,0.7807494094672083,2
2026-04-24 14:10:00,0,0.07109574669003103,0.11571882880568803,0.813185424504281,2
2026-04-24 14:15:00,0,0.07126052794203429,0.16840363443749606,0.7603358376204696,2
2026-04-24 14:20:00,0,0.0713237016085202,0.1815683964154768,0.747107901976003,2
2026-04-24 14:25:00,0,0.054363970791006834,0.16680239880482645,0.7788336304041669,2
2026-04-24 14:30:00,2,0.13224544585817954,0.00011755898768322839,0.8676369951541373,2
2026-04-24 14:35:00,2,0.10292297600718625,0.00012019947833545788,0.8969568245144782,2
2026-04-24 14:40:00,2,0.11174398844075109,0.00011901754962192796,0.888136994009627,2
2026-04-24 14:45:00,2,0.11678981762621334,0.00011965283783968786,0.8830905295359469,2
2026-04-24 14:50:00,2,0.15464633539710404,0.00011877549091836957,0.8452348891119776,2
2026-04-24 14:55:00,2,0.04971813899773871,0.000119380729635766,0.9501624802726256,2
2026-04-24 15:00:00,2,0.0,0.0001234204268179169,0.9998765795731821,2
2026-04-24 15:05:00,2,0.0,0.0001234204268179169,0.9998765795731821,2
2026-04-24 15:10:00,2,0.0,0.0001234204268179169,0.9998765795731821,2
2026-04-24 15:15:00,2,0.0,0.0001234204268179169,0.9998765795731821,2
2026-04-24 15:20:00,2,0.0,0.0001234204268179169,0.9998765795731821,2
2026-04-24 15:25:00,2,0.0,0.0001234204268179169,0.9998765795731821,2
2026-04-27 09:15:00,2,0.003973052706483318,0.0,0.9960269472935166,2
2026-04-27 09:20:00,2,0.0,0.0,1.0,2
2026-04-27 09:25:00,2,0.21847246661247613,0.00011310999949922891,0.7814144233880246,2
2026-04-27 09:30:00,0,0.16297153583290339,0.13586356026716306,0.7011649038999335,2
2026-04-27 09:35:00,0,0.11488620232614882,0.13761948737235558,0.7474943103014955,2
2026-04-27 09:40:00,0,0.12672447907363102,0.00011830694027319332,0.8731572139860957,2
2026-04-27 09:45:00,2,0.17097965954840488,0.0001164805950947252,0.8289038598565003,2
2026-04-27 09:50:00,2,0.1263679730614536,0.00011797411479386974,0.8735140528237526,2
2026-04-27 09:55:00,2,0.17099957768097415,0.0,0.8290004223190259,2
2026-04-27 10:00:00,2,0.17097965954840488,0.0001164805950947252,0.8289038598565003,2
2026-04-27 10:05:00,2,0.1528071683200485,0.00011736292610138093,0.8470754687538501,2
2026-04-27 10:10:00,2,0.12934226279997574,0.0821851529404691,0.7884725842595552,2
2026-04-27 10:15:00,2,0.1177648397973608,0.023648275979676045,0.8585868842229631,2
2026-04-27 10:20:00,1,0.09859903538181682,0.08084124218845161,0.8205597224297315,2
2026-04-27 10:25:00,2,0.09145305244209304,0.0837222364597194,0.8248247110981876,2
2026-04-27 10:30:00,0,0.12111897520960073,0.12085626381030418,0.7580247609800951,2
2026-04-27 10:35:00,0,0.1924410729273115,0.1583672829074062,0.6491916441652824,2
2026-04-27 10:40:00,0,0.17790670611187182,0.14198404695498634,0.6801092469331418,2
2026-04-27 10:45:00,2,0.15477313521289493,0.1310627236345139,0.7141641411525912,2
2026-04-27 10:50:00,1,0.15477313521289493,0.1310627236345139,0.7141641411525912,2
2026-04-27 10:55:00,2,0.18249160740332632,0.1210851775146082,0.6964232150820654,2
2026-04-27 11:00:00,2,0.18249160740332632,0.1210851775146082,0.6964232150820654,2
2026-04-27 11:05:00,0,0.2615330427351528,0.14697209561139335,0.5914948616534538,2
2026-04-27 11:10:00,1,0.20965241304326285,0.14779907510149828,0.6425485118552389,2
2026-04-27 11:15:00,1,0.15683020321972435,0.13074375017672588,0.7124260466035498,2
2026-04-27 11:20:00,1,0.19669090186566138,0.1618646332991386,0.6414444648352001,2
2026-04-27 11:25:00,1,0.2601509809302481,0.1514798903926721,0.5883691286770799,2
2026-04-27 11:30:00,2,0.2454985573776721,0.16415667739139644,0.5903447652309315,2
2026-04-27 11:35:00,0,0.2615330427351528,0.14697209561139335,0.5914948616534538,2
2026-04-27 11:40:00,0,0.1918867637688091,0.18233593119494548,0.6257773050362454,2
2026-04-27 11:45:00,2,0.16903459964298218,0.19968712509200617,0.6312782752650116,2
2026-04-27 11:50:00,2,0.17173920847891722,0.18688185754583267,0.6413789339752501,2
2026-04-27 11:55:00,2,0.12017410352429829,0.15162401443289597,0.7282018820428058,2
2026-04-27 12:00:00,2,0.16297153583290339,0.13586356026716306,0.7011649038999335,2
2026-04-27 12:05:00,2,0.1621750936413197,0.1400865966174727,0.6977383097412077,2
2026-04-27 12:10:00,2,0.1537059013916481,0.1301589842925727,0.7161351143157791,2
2026-04-27 12:15:00,0,0.1196350380589675,0.1709600055820027,0.7094049563590298,2
2026-04-27 12:20:00,0,0.13778854969942397,0.13775693372180176,0.7244545165787742,2
2026-04-27 12:25:00,2,0.11373498707724294,0.1314876460302929,0.7547773668924642,2
2026-04-27 12:30:00,2,0.012413686517690101,0.06397241794340142,0.9236138955389084,2
2026-04-27 12:35:00,2,0.027085199828741555,0.05607602243383034,0.9168387777374281,2
2026-04-27 12:40:00,2,0.11832133891364541,0.09219779112698236,0.7894808699593723,2
2026-04-27 12:45:00,2,0.1159560933731329,0.10363030938769932,0.7804135972391678,2
2026-04-27 12:50:00,2,0.13009623176788532,0.10503569294912021,0.7648680752829945,2
2026-04-27 12:55:00,0,0.1411050879097865,0.08383189500819521,0.7750630170820184,2
2026-04-27 13:00:00,2,0.02694459506383019,0.007605370305188419,0.9654500346309813,2
2026-04-27 13:05:00,2,0.0025095023672682894,0.0001232607604804121,0.9973672368722513,2
2026-04-27 13:10:00,2,0.0,0.0001234204268179169,0.9998765795731821,2
2026-04-27 13:15:00,2,0.0025095023672682894,0.0001232607604804121,0.9973672368722513,2
2026-04-27 13:20:00,2,0.0,0.0001234204268179169,0.9998765795731821,2
2026-04-27 13:25:00,2,0.005068388367291933,0.00012322257291824153,0.9948083890597899,2
2026-04-27 13:30:00,2,0.003973052706483318,0.0,0.9960269472935166,2
2026-04-27 13:35:00,2,0.0,0.0,1.0,2
2026-04-27 13:40:00,2,0.0,0.0,1.0,2
2026-04-27 13:45:00,2,0.10059014246717513,0.05469894893198521,0.8447109086008397,2
2026-04-27 13:50:00,2,0.003973052706483318,0.0,0.9960269472935166,2
2026-04-27 13:55:00,2,0.012287868730808386,0.0017235371433042142,0.9859885941258874,2
2026-04-27 14:00:00,2,0.018063724338886263,0.0017158746085797216,0.980220401052534,2
2026-04-27 14:05:00,2,0.09576594705709059,0.04817706085024591,0.8560569920926634,2
2026-04-27 14:10:00,2,0.0,0.0,1.0,2
2026-04-27 14:15:00,1,0.06981435307368075,0.04572228219032537,0.8844633647359939,2
2026-04-27 14:20:00,2,0.08637742668268295,0.04649057384944578,0.8671319994678712,2
2026-04-27 14:25:00,2,0.0786325587734719,0.0490899177452327,0.8722775234812954,2
2026-04-27 14:30:00,2,0.0,0.002107086382809268,0.9978929136171907,2
2026-04-27 14:35:00,0,0.09183424683711851,0.08407120728600923,0.8240945458768723,2
2026-04-27 14:40:00,2,0.07205695569562351,0.07100791399639066,0.8569351303079857,2
2026-04-27 14:45:00,2,0.07269434339025203,0.0627904127390909,0.864515243870657,2
2026-04-27 14:50:00,1,0.07327700839170868,0.05527842212112792,0.8714445694871634,2
2026-04-27 14:55:00,2,0.07327700839170868,0.05527842212112792,0.8714445694871634,2
2026-04-27 15:00:00,2,0.10393718745831357,0.08475317218168114,0.8113096403600052,2
2026-04-27 15:05:00,2,0.11430933192684116,0.08039992278094797,0.8052907452922108,2
2026-04-27 15:10:00,2,0.10216637522619951,0.0812084905338131,0.8166251342399873,2
2026-04-27 15:15:00,2,0.11739985319539875,0.08186321228784316,0.800736934516758,2
2026-04-27 15:20:00,2,0.09058034326247542,0.09979802110558403,0.8096216356319405,2
2026-04-27 15:25:00,2,0.07088257701691371,0.08110622894331361,0.8480111940397727,2
2026-04-28 09:15:00,2,0.10700735879713613,0.18923382606774808,0.7037588151351157,2
2026-04-28 09:20:00,2,0.1051733247453418,0.14837284146995594,0.7464538337847022,2
2026-04-28 09:25:00,2,0.10197195795336718,0.12926324001791606,0.7687648020287167,2
2026-04-28 09:30:00,2,0.10059240512447162,0.1362848325032453,0.763122762372283,2
2026-04-28 09:35:00,2,0.11373498707724294,0.1314876460302929,0.7547773668924642,2
2026-04-28 09:40:00,2,0.09183424683711851,0.08407120728600923,0.8240945458768723,2
2026-04-28 09:45:00,2,0.10426119143867073,0.13216515289089595,0.7635736556704332,2
2026-04-28 09:50:00,2,0.11188331725477174,0.11606228700483785,0.7720543957403904,2
2026-04-28 09:55:00,2,0.0,0.0,1.0,2
2026-04-28 10:00:00,2,0.0,0.0,1.0,2
2026-04-28 10:05:00,2,0.0,0.0,1.0,2
2026-04-28 10:10:00,2,0.07269434339025203,0.0627904127390909,0.864515243870657,2
2026-04-28 10:15:00,2,0.05615843669124427,0.04947390909164149,0.8943676542171142,2
2026-04-28 10:20:00,2,0.0,0.0,1.0,2
2026-04-28 10:25:00,2,0.07223002001655306,0.04863147527297423,0.8791385047104726,2
2026-04-28 10:30:00,2,0.0786325587734719,0.0490899177452327,0.8722775234812954,2
2026-04-28 10:35:00,0,0.11732056639441532,0.10394764479935667,0.778731788806228,2
2026-04-28 10:40:00,0,0.11872849473474546,0.11847096837329664,0.7628005368919578,2
2026-04-28 10:45:00,2,0.11219653966902157,0.11638720863418345,0.7714162516967951,2
2026-04-28 10:50:00,2,0.07682162802759562,0.10356372879366539,0.8196146431787389,2
2026-04-28 10:55:00,2,0.085539783484821,0.1175280337654342,0.7969321827497449,2
2026-04-28 11:00:00,1,0.11897452294374913,0.08510728750895385,0.7959181895472971,2
2026-04-28 11:05:00,1,0.11834644211349414,0.11808974443787724,0.7635638134486287,2
2026-04-28 11:10:00,1,0.1199335418088212,0.10626277716355777,0.7738036810276211,2
2026-04-28 11:15:00,1,0.19436100079462337,0.08506492151378976,0.7205740776915868,2
2026-04-28 11:20:00,1,0.21355904838760817,0.08045855485480989,0.7059823967575819,2
2026-04-28 11:25:00,2,0.0,0.002107086382809268,0.9978929136171907,2
2026-04-28 11:30:00,2,0.0,0.002107086382809268,0.9978929136171907,2
2026-04-28 11:35:00,2,0.125573887259722,0.17944669734876773,0.6949794153915103,2
2026-04-28 11:40:00,1,0.12197338005719739,0.17430152632338428,0.7037250936194183,2
2026-04-28 11:45:00,1,0.1438173852775096,0.17068735659235276,0.6854952581301377,2
2026-04-28 11:50:00,1,0.16387813186131048,0.14155767841425979,0.6945641897244298,2
2026-04-28 11:55:00,2,0.0,0.0021128955906293658,0.9978871044093706,2
2026-04-28 12:00:00,2,0.0,0.0021060919495495926,0.9978939080504504,2
2026-04-28 12:05:00,2,0.0,0.0021060919495495926,0.9978939080504504,2
2026-04-28 12:10:00,1,0.10389426311549364,0.16923879437086786,0.7268669425136385,2
2026-04-28 12:15:00,2,0.0,0.010884219119120356,0.9891157808808796,2
2026-04-28 12:20:00,2,0.0,0.0021128955906293658,0.9978871044093706,2
2026-04-28 12:25:00,2,0.0,0.005013319421342162,0.9949866805786579,2
2026-04-28 12:30:00,2,0.0,0.0021128955906293658,0.9978871044093706,2
2026-04-28 12:35:00,2,0.0,0.010884219119120356,0.9891157808808796,2
2026-04-28 12:40:00,1,0.09730246119689512,0.17048372402985404,0.7322138147732509,2
2026-04-28 12:45:00,2,0.10315286154132727,0.16803108660343224,0.7288160518552405,2
2026-04-28 12:50:00,2,0.13500569701615542,0.1552175699870751,0.7097767329967695,2
2026-04-28 12:55:00,2,0.1845157317447479,0.13644152483097793,0.6790427434242742,2
2026-04-28 13:00:00,2,0.1245143899736156,0.1571001664151833,0.7183854436112012,2
2026-04-28 13:05:00,2,0.12197338005719739,0.17430152632338428,0.7037250936194183,2
2026-04-28 13:10:00,2,0.1245143899736156,0.1571001664151833,0.7183854436112012,2
2026-04-28 13:15:00,1,0.10389426311549364,0.16923879437086786,0.7268669425136385,2
2026-04-28 13:20:00,1,0.07892682513434823,0.18630358155963145,0.7347695933060203,2
2026-04-28 13:25:00,2,0.16217762805265123,0.15046542236270946,0.6873569495846393,2
2026-04-28 13:30:00,2,0.1845157317447479,0.13644152483097793,0.6790427434242742,2
2026-04-28 13:35:00,2,0.10486215635572446,0.17081544624888623,0.7243223973953893,2
2026-04-28 13:40:00,2,0.11691039941849284,0.16851632993971172,0.7145732706417953,2
2026-04-28 13:45:00,2,0.10476782075259637,0.14780077835626496,0.7474314008911386,2
2026-04-28 13:50:00,2,0.09916722890582193,0.12966695610147153,0.7711658149927065,2
2026-04-28 13:55:00,2,0.10389426311549364,0.16923879437086786,0.7268669425136385,2
2026-04-28 14:00:00,2,0.11624935318718103,0.13039631445805255,0.7533543323547665,2
2026-04-28 14:05:00,2,0.0997304488939294,0.12958588553674874,0.7706836655693218,2
2026-04-28 14:10:00,2,0.10486215635572446,0.17081544624888623,0.7243223973953893,2
2026-04-28 14:15:00,2,0.10486215635572446,0.17081544624888623,0.7243223973953893,2
2026-04-28 14:20:00,2,0.07722116351304713,0.1679021052473628,0.75487673123959,2
2026-04-28 14:25:00,0,0.11610378839073986,0.1673536692118216,0.7165425423974385,2
2026-04-28 14:30:00,2,0.09730246119689512,0.17048372402985404,0.7322138147732509,2
2026-04-28 14:35:00,2,0.07875946268544345,0.17124683171605917,0.7499937055984973,2
2026-04-28 14:40:00,2,0.0922660858501076,0.16873612324151263,0.7389977909083798,2
2026-04-28 14:45:00,1,0.07759761361393447,0.1687206213326441,0.7536817650534214,2
2026-04-28 14:50:00,1,0.07285289344875648,0.1321515596011853,0.7949955469500581,2
2026-04-28 14:55:00,1,0.10376547087563008,0.13629136297059063,0.7599431661537792,2
2026-04-28 15:00:00,2,0.15895666564764613,0.17297224791373542,0.6680710864386185,2
2026-04-28 15:05:00,2,0.10486215635572446,0.17081544624888623,0.7243223973953893,2
2026-04-28 15:10:00,2,0.0,0.13647403862385357,0.8635259613761463,2
2026-04-28 15:15:00,2,0.0,0.16637795340901765,0.8336220465909823,2
2026-04-28 15:20:00,2,0.09051642451211504,0.14336192218539612,0.7661216533024887,2
2026-04-28 15:25:00,2,0.10285180197199194,0.10387825180545084,0.7932699462225571,2
2026-04-29 09:15:00,2,0.17097965954840488,0.0001164805950947252,0.8289038598565003,2
2026-04-29 09:20:00,2,0.13639688182186802,0.1776119809232095,0.6859911372549224,2
2026-04-29 09:25:00,0,0.1503997194805336,0.00011733473675217519,0.8494829457827141,2
2026-04-29 09:30:00,0,0.13716962572388264,0.13235400814549586,0.7304763661306215,2
2026-04-29 09:35:00,0,0.07769490322200942,0.13146140036041526,0.7908436964175753,2
2026-04-29 09:40:00,2,0.0,0.0,1.0,2
2026-04-29 09:45:00,2,0.0,0.0,1.0,2
2026-04-29 09:50:00,2,0.0,0.0,1.0,2
2026-04-29 09:55:00,2,0.0,0.0,1.0,2
2026-04-29 10:00:00,2,0.0,0.0,1.0,2
2026-04-29 10:05:00,2,0.0,0.0,1.0,2
2026-04-29 10:10:00,0,0.07114540286281609,0.0,0.9288545971371839,2
2026-04-29 10:15:00,0,0.054584876682627154,0.0,0.9454151233173729,2
2026-04-29 10:20:00,2,0.07114540286281609,0.0,0.9288545971371839,2
2026-04-29 10:25:00,2,0.07114540286281609,0.0,0.9288545971371839,2
2026-04-29 10:30:00,2,0.11479059897541453,0.0,0.8852094010245856,2
2026-04-29 10:35:00,0,0.20579081664208507,0.0001139139827029894,0.794095269375212,2
2026-04-29 10:40:00,0,0.20579081664208507,0.0001139139827029894,0.794095269375212,2
2026-04-29 10:45:00,2,0.20579081664208507,0.0001139139827029894,0.794095269375212,2
2026-04-29 10:50:00,2,0.17099957768097415,0.0,0.8290004223190259,2
2026-04-29 10:55:00,2,0.19869181663667118,0.00011464257103622296,0.8011935407922925,2
2026-04-29 11:00:00,2,0.23230730942387134,0.00011484101049426754,0.7675778495656344,2
2026-04-29 11:05:00,2,0.1831076877199965,0.00011477655977759046,0.8167775357202258,2
2026-04-29 11:10:00,2,0.17097965954840488,0.0001164805950947252,0.8289038598565003,2
2026-04-29 11:15:00,2,0.21724271564833725,0.04815977755366464,0.7345975067979982,2
2026-04-29 11:20:00,2,0.1751426619114739,0.04778474607706924,0.7770725920114568,2
2026-04-29 11:25:00,2,0.17770499271321738,0.06257199846304551,0.7597230088237371,2
2026-04-29 11:30:00,2,0.15751141492929546,0.05460918373812024,0.7878794013325843,2
2026-04-29 11:35:00,2,0.15744956018230824,0.034284866572826735,0.8082655732448649,2
2026-04-29 11:40:00,2,0.17518122262227956,0.08122690229720368,0.7435918750805167,2
2026-04-29 11:45:00,2,0.17723117368514385,0.062405161262561085,0.7603636650522951,2
2026-04-29 11:50:00,2,0.1525731488163548,0.07018867999488632,0.7772381711887588,2
2026-04-29 11:55:00,2,0.14109536342124737,0.06299937008726476,0.7959052664914879,2
2026-04-29 12:00:00,0,0.15718706860428303,0.054496732916284006,0.7883161984794329,2
2026-04-29 12:05:00,0,0.1180013256512778,0.05457218725161086,0.8274264870971114,2
2026-04-29 12:10:00,2,0.15254376069830308,0.061509938033739796,0.7859463012679572,2
2026-04-29 12:15:00,0,0.17097965954840488,0.0001164805950947252,0.8289038598565003,2
2026-04-29 12:20:00,0,0.2053787358533309,0.00011368587843376917,0.7945075782682354,2
2026-04-29 12:25:00,2,0.1831076877199965,0.00011477655977759046,0.8167775357202258,2
2026-04-29 12:30:00,2,0.17776807200836922,0.0,0.8222319279916308,2
2026-04-29 12:35:00,2,0.17099957768097415,0.0,0.8290004223190259,2
2026-04-29 12:40:00,2,0.21920639997143607,0.00011348997965485959,0.780680110048909,2
2026-04-29 12:45:00,2,0.1831076877199965,0.00011477655977759046,0.8167775357202258,2
2026-04-29 12:50:00,2,0.18798623019472466,0.00011409110550955446,0.8118996786997659,2
2026-04-29 12:55:00,2,0.15495215745964755,0.03374105356359448,0.8113067889767579,2
2026-04-29 13:00:00,2,0.15081075377683892,0.04711943686082317,0.802069809362338,2
2026-04-29 13:05:00,2,0.15674213815045623,0.04821266869470174,0.795045193154842,2
2026-04-29 13:10:00,2,0.15445366781794256,0.03363250673225368,0.8119138254498037,2
2026-04-29 13:15:00,2,0.15242213667806412,0.03371331304899616,0.8138645502729397,2
2026-04-29 13:20:00,1,0.21173025630852418,0.022972051703337087,0.7652976919881388,2
2026-04-29 13:25:00,1,0.1651377245731377,0.03333436444109613,0.8015279109857661,2
2026-04-29 13:30:00,1,0.11719507763617404,0.04580972335566159,0.8369951990081644,2
2026-04-29 13:35:00,2,0.0040423596500643024,0.08760358006557545,0.9083540602843602,2
2026-04-29 13:40:00,2,0.0,0.10488623395798728,0.8951137660420128,2
2026-04-29 13:45:00,1,0.0,0.13234314547175421,0.8676568545282457,2
2026-04-29 13:50:00,1,0.0,0.13234314547175421,0.8676568545282457,2
2026-04-29 13:55:00,1,0.0,0.13234314547175421,0.8676568545282457,2
2026-04-29 14:00:00,2,0.0,0.16798446505835954,0.8320155349416405,2
2026-04-29 14:05:00,2,0.0,0.1475263100031736,0.8524736899968264,2
2026-04-29 14:10:00,1,0.0,0.16637795340901765,0.8336220465909823,2
2026-04-29 14:15:00,2,0.0,0.13647403862385357,0.8635259613761463,2
2026-04-29 14:20:00,2,0.0952215457849394,0.1298315520319918,0.7749469021830688,2
2026-04-29 14:25:00,2,0.0,0.13234314547175421,0.8676568545282457,2
2026-04-29 14:30:00,2,0.07173088451138468,0.1036692894700673,0.8245998260185479,2
2026-04-29 14:35:00,2,0.09145305244209304,0.0837222364597194,0.8248247110981876,2
2026-04-29 14:40:00,1,0.0718241671046718,0.08430956682932406,0.8438662660660041,2
2026-04-29 14:45:00,2,0.10339437658087822,0.06241061037324008,0.8341950130458817,2
2026-04-29 14:50:00,2,0.0786325587734719,0.0490899177452327,0.8722775234812954,2
2026-04-29 14:55:00,2,0.11313606714177825,0.05439442185093839,0.8324695110072833,2
2026-04-29 15:00:00,2,0.08629637102040422,0.06292136952215427,0.8507822594574416,2
2026-04-29 15:05:00,2,0.0781448302233229,0.054988059723243055,0.866867110053434,2
2026-04-29 15:10:00,2,0.09686493704792823,0.05492550284317702,0.8482095601088947,2
2026-04-29 15:15:00,2,0.0,0.0021060919495495926,0.9978939080504504,2
2026-04-29 15:20:00,2,0.0,0.002107086382809268,0.9978929136171907,2
2026-04-29 15:25:00,2,0.085539783484821,0.1175280337654342,0.7969321827497449,2
2026-04-30 09:15:00,2,0.0,0.1451159634527364,0.8548840365472635,2
2026-04-30 09:20:00,2,0.0,0.16672825065168584,0.833271749348314,2
2026-04-30 09:25:00,2,0.0,0.17978116598325586,0.8202188340167441,2
2026-04-30 09:30:00,2,0.0,0.203463118107628,0.7965368818923722,2
2026-04-30 09:35:00,2,0.0,0.17978116598325586,0.8202188340167441,2
2026-04-30 09:40:00,1,0.0,0.18771178216350967,0.8122882178364904,2
2026-04-30 09:45:00,1,0.0,0.18771178216350967,0.8122882178364904,2
2026-04-30 09:50:00,1,0.0,0.18771178216350967,0.8122882178364904,2
2026-04-30 09:55:00,1,0.0,0.16672825065168584,0.833271749348314,2
2026-04-30 10:00:00,2,0.0,0.1451159634527364,0.8548840365472635,2
2026-04-30 10:05:00,2,0.0,0.16637795340901765,0.8336220465909823,2
2026-04-30 10:10:00,2,0.0,0.11857575166469295,0.881424248335307,2
2026-04-30 10:15:00,2,0.0,0.17978116598325586,0.8202188340167441,2
2026-04-30 10:20:00,2,0.0,0.1451159634527364,0.8548840365472635,2
2026-04-30 10:25:00,2,0.0,0.13234314547175421,0.8676568545282457,2
2026-04-30 10:30:00,2,0.0,0.11657997764171552,0.8834200223582844,2
2026-04-30 10:35:00,1,0.07330869307372602,0.18551191618059473,0.7411793907456792,2
2026-04-30 10:40:00,1,0.11488914883987371,0.2290733114812093,0.656037539678917,2
2026-04-30 10:45:00,2,0.0,0.25035900536618544,0.7496409946338145,2
2026-04-30 10:50:00,2,0.0,0.2072691094763936,0.7927308905236065,2
2026-04-30 10:55:00,1,0.0,0.25035900536618544,0.7496409946338145,2
2026-04-30 11:00:00,2,0.0,0.2550334028534742,0.7449665971465259,2
2026-04-30 11:05:00,2,0.09706990984940221,0.21728899054051165,0.685641099610086,2
2026-04-30 11:10:00,2,0.0,0.20769919725114286,0.7923008027488572,2
2026-04-30 11:15:00,0,0.12197338005719739,0.17430152632338428,0.7037250936194183,2
2026-04-30 11:20:00,0,0.11787427873935542,0.17511525975700226,0.7070104615036422,2
2026-04-30 11:25:00,2,0.07567385359557194,0.21590989247952647,0.7084162539249015,2
2026-04-30 11:30:00,2,0.05588889883195062,0.20989582527997036,0.734215275888079,2
2026-04-30 11:35:00,2,0.05802517008165981,0.22317264096861125,0.7188021889497289,2
2026-04-30 11:40:00,2,0.09706990984940221,0.21728899054051165,0.685641099610086,2
2026-04-30 11:45:00,2,0.051810241604492956,0.21239300856052196,0.735796749834985,2
2026-04-30 11:50:00,0,0.09924193028229028,0.21283420576764342,0.6879238639500663,2
2026-04-30 11:55:00,0,0.0723923288704315,0.20778265351485561,0.719825017614713,2
2026-04-30 12:00:00,0,0.07471905501277212,0.21613292031461892,0.709148024672609,2
2026-04-30 12:05:00,0,0.07256811916160673,0.2650712083566625,0.6623606724817307,2
2026-04-30 12:10:00,2,0.22007100171913102,0.00011393761090453223,0.7798150606699645,2
2026-04-30 12:15:00,0,0.17162659052882182,0.18386111274025735,0.6445122967309208,2
2026-04-30 12:20:00,2,0.22042389297113413,0.001605411287972784,0.7779706957408931,2
2026-04-30 12:25:00,2,0.2360491883642101,0.001989226380003741,0.7619615852557863,2
2026-04-30 12:30:00,2,0.26107898597215107,0.001600971738010929,0.737320042289838,2
2026-04-30 12:35:00,0,0.17891201169644386,0.21135569484323333,0.6097322934603228,2
2026-04-30 12:40:00,0,0.13300771582590465,0.21467255200359897,0.6523197321704964,2
2026-04-30 12:45:00,2,0.2244383696464499,0.001980838013645358,0.7735807923399047,2
2026-04-30 12:50:00,2,0.2188079131370187,0.0019311449851956003,0.7792609418777857,2
2026-04-30 12:55:00,2,0.19079838210308742,0.0019740038956082263,0.8072276140013044,2
2026-04-30 13:00:00,2,0.14227059128681824,0.17640397095719867,0.6813254377559831,2
2026-04-30 13:05:00,0,0.20016336984851754,0.0019687841700187516,0.7978678459814638,2
2026-04-30 13:10:00,2,0.018694258058876798,0.00012192023169432365,0.9811838217094289,2
2026-04-30 13:15:00,0,0.12390590325224722,0.19222280001915873,0.683871296728594,2
2026-04-30 13:20:00,2,0.012302639092134554,0.0001226645337099886,0.9875746963741555,2
2026-04-30 13:25:00,2,0.018694258058876798,0.00012192023169432365,0.9811838217094289,2
2026-04-30 13:30:00,2,0.01806750471307254,0.00012199810132238117,0.9818104971856051,2
2026-04-30 13:35:00,2,0.0,0.00012357086185075196,0.9998764291381492,2
2026-04-30 13:40:00,2,0.0,0.0,1.0,2
2026-04-30 13:45:00,2,0.0,0.0,1.0,2
2026-04-30 13:50:00,2,0.0,0.0,1.0,2
2026-04-30 13:55:00,2,0.1263679730614536,0.00011797411479386974,0.8735140528237526,2
2026-04-30 14:00:00,2,0.17097965954840488,0.0001164805950947252,0.8289038598565003,2
2026-04-30 14:05:00,2,0.1503997194805336,0.00011733473675217519,0.8494829457827141,2
2026-04-30 14:10:00,2,0.11940178661936023,0.1477703872997353,0.7328278260809045,2
2026-04-30 14:15:00,0,0.13147423157859944,0.1332276540735603,0.7352981143478403,2
2026-04-30 14:20:00,0,0.10630422060786293,0.1499682482229055,0.7437275311692316,2
2026-04-30 14:25:00,0,0.10486215635572446,0.17081544624888623,0.7243223973953893,2
2026-04-30 14:30:00,2,0.09226472563989498,0.11782094715469132,0.7899143272054135,2
2026-04-30 14:35:00,2,0.11565785857151102,0.00011849312960513144,0.8842236482988838,2
2026-04-30 14:40:00,2,0.11565785857151102,0.00011849312960513144,0.8842236482988838,2
2026-04-30 14:45:00,1,0.15477313521289493,0.1310627236345139,0.7141641411525912,2
2026-04-30 14:50:00,1,0.11072152337738515,0.12800381701272823,0.7612746596098865,2
2026-04-30 14:55:00,1,0.11312165487418471,0.13077858007190024,0.756099765053915,2
2026-04-30 15:00:00,2,0.16189430206783456,0.14157545925460963,0.6965302386775558,2
2026-04-30 15:05:00,2,0.12063111140104903,0.13899608825242432,0.7403728003465266,2
2026-04-30 15:10:00,2,0.07769490322200942,0.13146140036041526,0.7908436964175753,2
2026-04-30 15:15:00,2,0.07185845979839198,0.1350593286193929,0.7930822115822151,2
2026-04-30 15:20:00,2,0.09103700381057599,0.12955967474570287,0.779403321443721,2
2026-04-30 15:25:00,2,0.07702684946796778,0.1450448758212359,0.7779282747107963,2
