timestamp,y_true,p_call,p_put,p_skip,signal
2025-04-01 09:15:00,2,0.03691549331949547,0.039979369862362626,0.9231051368181419,2
2025-04-01 09:20:00,2,0.0571428654519958,0.056504567450097645,0.8863525670979066,2
2025-04-01 09:25:00,0,0.3240107880043945,0.30128138284439093,0.37470782915121453,2
2025-04-01 09:30:00,2,0.30149948746327915,0.2895515645120069,0.40894894802471404,2
2025-04-01 09:35:00,2,0.3067884045536713,0.28184503112918496,0.41136656431714363,2
2025-04-01 09:40:00,2,0.30221495726960046,0.27825111349124665,0.4195339292391529,2
2025-04-01 09:45:00,1,0.3208716835016673,0.25922391778885273,0.4199043987094799,0
2025-04-01 09:50:00,1,0.3404273942059646,0.30706488540283183,0.3525077203912036,2
2025-04-01 09:55:00,1,0.3251385022356584,0.30366309056199164,0.37119840720235,2
2025-04-01 10:00:00,2,0.3395536923439853,0.32011704744318925,0.3403292602128254,2
2025-04-01 10:05:00,1,0.3121508650692012,0.3224672322199089,0.3653819027108899,2
2025-04-01 10:10:00,1,0.27719000482310246,0.33172401088654796,0.3910859842903495,1
2025-04-01 10:15:00,1,0.2617872258081206,0.3240279904598877,0.41418478373199163,1
2025-04-01 10:20:00,2,0.03394711379617272,0.04179765257202028,0.9242552336318071,2
2025-04-01 10:25:00,2,0.029920375890807174,0.039965265954717576,0.9301143581544752,2
2025-04-01 10:30:00,2,0.027331071783906105,0.03925348072972059,0.9334154474863733,2
2025-04-01 10:35:00,2,0.056178514659353695,0.06121825557607598,0.8826032297645703,2
2025-04-01 10:40:00,2,0.05586574915670428,0.07257526058547815,0.8715589902578176,2
2025-04-01 10:45:00,2,0.04939838053037689,0.06670789227241872,0.8838937271972043,2
2025-04-01 10:50:00,2,0.040837825052330676,0.05888067932395024,0.9002814956237191,2
2025-04-01 10:55:00,2,0.03128924626237567,0.15802534964862885,0.8106854040889955,2
2025-04-01 11:00:00,2,0.030407353227340783,0.14526019756070946,0.8243324492119497,2
2025-04-01 11:05:00,2,0.028420062090583256,0.1380895344062798,0.833490403503137,2
2025-04-01 11:10:00,2,0.01433211091813935,0.5880859786983557,0.397581910383505,1
2025-04-01 11:15:00,1,0.015789651936328124,0.6160828572628585,0.3681274908008134,1
2025-04-01 11:20:00,1,0.0312826440825118,0.5834224674446424,0.3852948884728459,1
2025-04-01 11:25:00,1,0.033403003696272464,0.6076260861273974,0.3589709101763301,1
2025-04-01 11:30:00,2,0.01472849136838951,0.6091479843686207,0.37612352426298984,1
2025-04-01 11:35:00,1,0.013232278860608657,0.5987485421806429,0.38801917895874843,1
2025-04-01 11:40:00,2,0.013603179487995299,0.6243979104290176,0.36199891008298707,1
2025-04-01 11:45:00,1,0.013918729206728854,0.6225983123711074,0.3634829584221638,1
2025-04-01 11:50:00,2,0.012288728141380628,0.6059907406730605,0.3817205311855589,1
2025-04-01 11:55:00,2,0.013622967818044271,0.6200357023206525,0.3663413298613032,1
2025-04-01 12:00:00,2,0.012868346217157408,0.6220636267056013,0.36506802707724123,1
2025-04-01 12:05:00,2,0.2042097870754447,0.4777289966988994,0.3180612162256559,1
2025-04-01 12:10:00,2,0.2360265020276639,0.4859694563226589,0.27800404164967724,1
2025-04-01 12:15:00,2,0.24035582732398103,0.4881993071146322,0.27144486556138675,1
2025-04-01 12:20:00,0,0.2702364988973334,0.4753785816795083,0.2543849194231583,1
2025-04-01 12:25:00,2,0.25113558380598033,0.4844819770806322,0.26438243911338755,1
2025-04-01 12:30:00,2,0.23489300679847314,0.5052770402949666,0.2598299529065603,1
2025-04-01 12:35:00,1,0.2523485867790285,0.4713146449902922,0.2763367682306793,1
2025-04-01 12:40:00,1,0.2450928573442053,0.5008563720333309,0.2540507706224638,1
2025-04-01 12:45:00,1,0.23539721684097561,0.5164097108694521,0.24819307228957238,1
2025-04-01 12:50:00,1,0.22703794666711463,0.5215813051144955,0.25138074821838985,1
2025-04-01 12:55:00,2,0.2204539761545615,0.5275725247405667,0.2519734991048717,1
2025-04-01 13:00:00,2,0.1846543573181671,0.5151734943788077,0.30017214830302513,1
2025-04-01 13:05:00,1,0.20179770444278483,0.5148279650115067,0.2833743305457084,1
2025-04-01 13:10:00,1,0.21717831860396558,0.5134267830514905,0.2693948983445439,1
2025-04-01 13:15:00,2,0.21697857222143674,0.5102396428218671,0.27278178495669614,1
2025-04-01 13:20:00,2,0.07393419076839937,0.5791929180779435,0.3468728911536572,1
2025-04-01 13:25:00,2,0.013353482594758144,0.6152432012229312,0.3714033161823107,1
2025-04-01 13:30:00,2,0.22583102267374577,0.49588952158052474,0.2782794557457293,1
2025-04-01 13:35:00,2,0.157045159944399,0.43769677928839656,0.4052580607672045,1
2025-04-01 13:40:00,2,0.16323816113067566,0.43986839998795274,0.3968934388813717,1
2025-04-01 13:45:00,2,0.16830773321654477,0.46092800088585945,0.3707642658975958,1
2025-04-01 13:50:00,2,0.16305263325388444,0.43933550004175825,0.39761186670435733,1
2025-04-01 13:55:00,2,0.17300828861109976,0.46706699940330326,0.35992471198559695,1
2025-04-01 14:00:00,1,0.18698578211275432,0.45812583224371095,0.3548883856435347,1
2025-04-01 14:05:00,2,0.17994480728675602,0.47203280760698907,0.34802238510625494,1
2025-04-01 14:10:00,2,0.15857645195215997,0.4229639479659009,0.4184596000819391,1
2025-04-01 14:15:00,2,0.16368822719256373,0.4571599274510815,0.37915184535635477,1
2025-04-01 14:20:00,2,0.1635722065884662,0.44777405470308296,0.3886537387084508,1
2025-04-01 14:25:00,2,0.15710453345324243,0.43298174752940355,0.4099137190173541,1
2025-04-01 14:30:00,2,0.1701672092687627,0.438892250511241,0.39094054021999647,1
2025-04-01 14:35:00,2,0.16865970698607716,0.43688049792745015,0.3944597950864727,1
2025-04-01 14:40:00,2,0.16091774372700332,0.4363377699181875,0.40274448635480914,1
2025-04-01 14:45:00,2,0.16595721327991492,0.4270404575500584,0.4070023291700267,1
2025-04-01 14:50:00,2,0.1623895294961306,0.4475686624895388,0.3900418080143307,1
2025-04-01 14:55:00,2,0.17555778798714314,0.408156380668694,0.41628583134416275,1
2025-04-01 15:00:00,2,0.15833779473605206,0.42856875578912046,0.41309344947482746,1
2025-04-01 15:05:00,2,0.1899201139743193,0.39871938518547784,0.4113605008402028,1
2025-04-01 15:10:00,2,0.17896815082175888,0.3260535056398333,0.49497834353840775,1
2025-04-01 15:15:00,2,0.17508628627223413,0.340753642123564,0.48416007160420177,1
2025-04-01 15:20:00,2,0.15875616713881952,0.3584335836736839,0.4828102491874967,1
2025-04-01 15:25:00,2,0.1844546071623495,0.31874716673623604,0.4967982261014146,1
2025-04-02 09:15:00,0,0.27884565966910596,0.30826268666705553,0.4128916536638385,2
2025-04-02 09:20:00,0,0.2715505659332155,0.3761396287783416,0.3523098052884429,1
2025-04-02 09:25:00,2,0.4536808591919713,0.025688799258897867,0.5206303415491308,0
2025-04-02 09:30:00,2,0.41824114086200104,0.020296656041556626,0.5614622030964423,0
2025-04-02 09:35:00,2,0.5172884561754449,0.028935646331415554,0.45377589749313946,0
2025-04-02 09:40:00,2,0.330122872593532,0.35897400980474553,0.31090311760172246,2
2025-04-02 09:45:00,2,0.31736050448238207,0.3765660527691476,0.3060734427484703,1
2025-04-02 09:50:00,2,0.28878001621844446,0.37162874540754276,0.33959123837401284,1
2025-04-02 09:55:00,2,0.31810852018926733,0.36191391815039253,0.31997756166034025,2
2025-04-02 10:00:00,2,0.2838567655613903,0.36137673617416327,0.35476649826444634,1
2025-04-02 10:05:00,2,0.2670053735968715,0.34648511646815916,0.3865095099349694,1
2025-04-02 10:10:00,2,0.23855092304962613,0.3084229500187219,0.4530261269316521,1
2025-04-02 10:15:00,2,0.24401795709873494,0.2855850611258786,0.4703969817753864,2
2025-04-02 10:20:00,2,0.24200964756096618,0.31430276471683494,0.4436875877221989,1
2025-04-02 10:25:00,2,0.23032926025689188,0.23721577302548577,0.5324549667176224,2
2025-04-02 10:30:00,2,0.20620402296441173,0.20788264369927642,0.5859133333363118,2
2025-04-02 10:35:00,0,0.31908532158367675,0.2794766197354989,0.40143805868082433,2
2025-04-02 10:40:00,0,0.3267477096424218,0.3074795578394546,0.36577273251812364,2
2025-04-02 10:45:00,2,0.195210095426123,0.1550202582085332,0.6497696463653437,2
2025-04-02 10:50:00,2,0.049500101374321766,0.04463746154021939,0.9058624370854589,2
2025-04-02 10:55:00,2,0.05511300589352488,0.04746134573234757,0.8974256483741275,2
2025-04-02 11:00:00,2,0.06441932771620953,0.06050346824714991,0.8750772040366406,2
2025-04-02 11:05:00,2,0.3529264674689199,0.28591495314224735,0.3611585793888328,0
2025-04-02 11:10:00,1,0.3301845675747189,0.28712420722997417,0.3826912251953069,2
2025-04-02 11:15:00,2,0.34418150247468643,0.34421271224692584,0.3116057852783878,2
2025-04-02 11:20:00,2,0.33544281451426416,0.3319799072370425,0.33257727824869326,2
2025-04-02 11:25:00,2,0.3332217370203893,0.3630758889275313,0.3037023740520794,2
2025-04-02 11:30:00,2,0.3283617219536679,0.3367551921053667,0.33488308594096544,2
2025-04-02 11:35:00,1,0.32010036445022866,0.3158863712212497,0.36401326432852166,2
2025-04-02 11:40:00,2,0.35035630794909567,0.36361683162515934,0.28602686042574493,2
2025-04-02 11:45:00,1,0.3567170589981213,0.3192326795400122,0.32405026146186644,2
2025-04-02 11:50:00,2,0.34339101761963325,0.36711703042298593,0.28949195195738087,2
2025-04-02 11:55:00,0,0.3387843592130585,0.36037470941002164,0.30084093137691986,2
2025-04-02 12:00:00,0,0.3355545579347368,0.35294546162862717,0.31149998043663596,2
2025-04-02 12:05:00,2,0.3357756349176847,0.33242377712387716,0.33180058795843814,2
2025-04-02 12:10:00,2,0.3213949327753342,0.2926452968519448,0.38595977037272095,2
2025-04-02 12:15:00,2,0.3040535373670302,0.26679080250129067,0.4291556601316792,2
2025-04-02 12:20:00,2,0.3155257842663653,0.2530895486427098,0.431384667090925,2
2025-04-02 12:25:00,2,0.3418584761738858,0.2928027955106024,0.3653387283155118,2
2025-04-02 12:30:00,2,0.32935903458626287,0.27857471539247414,0.39206625002126294,0
2025-04-02 12:35:00,2,0.32674836894328857,0.30165212682753434,0.37159950422917715,2
2025-04-02 12:40:00,2,0.02119846327309004,0.024153584976262365,0.9546479517506476,2
2025-04-02 12:45:00,2,0.02292645332093994,0.023319431750377644,0.9537541149286825,2
2025-04-02 12:50:00,2,0.03552517866996942,0.02654745424758772,0.937927367082443,2
2025-04-02 12:55:00,2,0.03873246268436621,0.028731766060614537,0.9325357712550192,2
2025-04-02 13:00:00,2,0.031542563922512354,0.02948272824452069,0.938974707832967,2
2025-04-02 13:05:00,2,0.02448053643670003,0.02877484455709782,0.9467446190062022,2
2025-04-02 13:10:00,2,0.2850958046667254,0.24561979030143047,0.46928440503184415,2
2025-04-02 13:15:00,2,0.2830413572546441,0.23769020514919367,0.4792684375961622,2
2025-04-02 13:20:00,2,0.2887851728044711,0.2482218271674524,0.4629930000280766,2
2025-04-02 13:25:00,2,0.018065665713675436,0.02501729070601851,0.956917043580306,2
2025-04-02 13:30:00,2,0.018268507408826233,0.024484676854791308,0.9572468157363825,2
2025-04-02 13:35:00,2,0.01536705368891135,0.018254976892968275,0.9663779694181203,2
2025-04-02 13:40:00,2,0.017845100603760156,0.017197480722978803,0.964957418673261,2
2025-04-02 13:45:00,2,0.018809289707350355,0.017507488118143167,0.9636832221745064,2
2025-04-02 13:50:00,2,0.022286084722640268,0.018599770029735726,0.959114145247624,2
2025-04-02 13:55:00,2,0.23827791415951044,0.23609730162994913,0.5256247842105405,2
2025-04-02 14:00:00,2,0.20956249087751116,0.20598336990467403,0.5844541392178147,2
2025-04-02 14:05:00,2,0.21968774000338392,0.20268936889245576,0.5776228911041603,2
2025-04-02 14:10:00,2,0.23980995098911964,0.2506084698897614,0.5095815791211189,2
2025-04-02 14:15:00,2,0.24129236038269605,0.21210331993299691,0.5466043196843071,2
2025-04-02 14:20:00,2,0.2335907811500348,0.20444572908110203,0.5619634897688632,2
2025-04-02 14:25:00,2,0.21618342564426302,0.18631676068024647,0.5974998136754904,2
2025-04-02 14:30:00,2,0.2063773720717874,0.18134381864200283,0.6122788092862097,2
2025-04-02 14:35:00,2,0.23245012454645772,0.2121668543000263,0.555383021153516,2
2025-04-02 14:40:00,2,0.014775347520889414,0.02268188578275446,0.9625427666963561,2
2025-04-02 14:45:00,2,0.015135315264138643,0.018784231222840054,0.9660804535130213,2
2025-04-02 14:50:00,2,0.01719013555703836,0.019703872165408493,0.963105992277553,2
2025-04-02 14:55:00,2,0.01529502803617921,0.021459067251867588,0.9632459047119531,2
2025-04-02 15:00:00,2,0.008095667387036468,0.1490564195433938,0.8428479130695699,2
2025-04-02 15:05:00,2,0.015811762764262317,0.034059668597515316,0.9501285686382224,2
2025-04-02 15:10:00,2,0.013998797834759517,0.0376213741745977,0.9483798279906428,2
2025-04-02 15:15:00,2,0.01697012338983813,0.021570153150768805,0.9614597234593931,2
2025-04-02 15:20:00,2,0.016832478338699376,0.022684137348559674,0.960483384312741,2
2025-04-02 15:25:00,2,0.1917392913177119,0.15538114760104146,0.6528795610812466,2
2025-04-03 09:15:00,2,0.2972311469162187,0.022569462148341917,0.6801993909354394,2
2025-04-03 09:20:00,2,0.24736868448530716,0.18369000544913766,0.5689413100655552,2
2025-04-03 09:25:00,2,0.2906444417724365,0.27523297659274804,0.4341225816348156,2
2025-04-03 09:30:00,2,0.32068907608584857,0.2900755276536909,0.3892353962604605,2
2025-04-03 09:35:00,2,0.3334923804917876,0.295269002577225,0.37123861693098736,2
2025-04-03 09:40:00,2,0.297135165051904,0.2981828279098508,0.4046820070382452,2
2025-04-03 09:45:00,2,0.28296595389406365,0.31026620552389955,0.4067678405820369,2
2025-04-03 09:50:00,2,0.2901178194311177,0.2874715816167319,0.42241059895215033,2
2025-04-03 09:55:00,0,0.28657465133795507,0.31048813224898353,0.40293721641306146,2
2025-04-03 10:00:00,2,0.30421992133468095,0.2880548530915748,0.4077252255737442,2
2025-04-03 10:05:00,2,0.23740337106719817,0.26335126055332936,0.4992453683794725,2
2025-04-03 10:10:00,2,0.2297426828883447,0.24082826501819865,0.5294290520934567,2
2025-04-03 10:15:00,2,0.25200616490734085,0.25369956282619993,0.49429427226645917,2
2025-04-03 10:20:00,2,0.27518603478997133,0.2203465401069249,0.5044674251031037,2
2025-04-03 10:25:00,2,0.22837326083762208,0.1916442498100657,0.5799824893523122,2
2025-04-03 10:30:00,2,0.2534442771864444,0.19474716044582424,0.5518085623677312,2
2025-04-03 10:35:00,2,0.3585539529783814,0.2734687839933661,0.36797726302825257,0
2025-04-03 10:40:00,2,0.3911386786413821,0.279510852718517,0.3293504686401009,0
2025-04-03 10:45:00,2,0.3843724969386142,0.28775905716829814,0.32786844589308767,0
2025-04-03 10:50:00,2,0.3614347014001787,0.26897220637609187,0.36959309222372944,0
2025-04-03 10:55:00,2,0.35229475593818815,0.25403225846122474,0.39367298560058706,0
2025-04-03 11:00:00,2,0.380562549220927,0.2993342111322362,0.32010323964683673,0
2025-04-03 11:05:00,2,0.3426105591931539,0.27607839421931585,0.3813110465875302,0
2025-04-03 11:10:00,2,0.32334459831249124,0.27162283972594486,0.4050325619615638,0
2025-04-03 11:15:00,2,0.35215712510577785,0.29579672276128366,0.3520461521329386,0
2025-04-03 11:20:00,2,0.34564333778453965,0.282453176417478,0.3719034857979824,0
2025-04-03 11:25:00,2,0.3226083645499382,0.2811191923832165,0.39627244306684534,2
2025-04-03 11:30:00,2,0.32433196450975926,0.2758558658203397,0.39981216966990096,2
2025-04-03 11:35:00,2,0.32121709301897916,0.2619659863238012,0.41681692065721965,0
2025-04-03 11:40:00,2,0.3121438511067389,0.24964615908890053,0.43820998980436054,2
2025-04-03 11:45:00,2,0.3156123717906855,0.2408417610863898,0.4435458671229247,2
2025-04-03 11:50:00,2,0.30087525295356676,0.21743300568631665,0.4816917413601166,2
2025-04-03 11:55:00,2,0.2866839341677764,0.2181655398765373,0.49515052595568626,2
2025-04-03 12:00:00,2,0.2883090811051377,0.21631020832073605,0.4953807105741263,2
2025-04-03 12:05:00,2,0.27792493907298654,0.20374585995159009,0.5183292009754233,2
2025-04-03 12:10:00,2,0.28539588391641396,0.21873065723142104,0.495873458852165,2
2025-04-03 12:15:00,2,0.26253600611330596,0.20611890722187667,0.5313450866648173,2
2025-04-03 12:20:00,2,0.2731992422666615,0.21840204876884806,0.5083987089644905,2
2025-04-03 12:25:00,2,0.27859432725556293,0.23755448619836586,0.4838511865460713,2
2025-04-03 12:30:00,2,0.2641001622133313,0.23279834077348116,0.5031014970131875,2
2025-04-03 12:35:00,2,0.25602134203361576,0.22104178657246196,0.5229368713939223,2
2025-04-03 12:40:00,2,0.27843886414999913,0.2642780929895514,0.4572830428604496,2
2025-04-03 12:45:00,2,0.1521375162188007,0.1341224976565626,0.7137399861246367,2
2025-04-03 12:50:00,2,0.26857334309940417,0.27110593785899867,0.4603207190415971,2
2025-04-03 12:55:00,2,0.26872866622258035,0.22989145572519715,0.5013798780522225,2
2025-04-03 13:00:00,2,0.27122883178399815,0.2601352531930875,0.46863591502291435,2
2025-04-03 13:05:00,2,0.27198759948729584,0.2497315889280876,0.4782808115846166,2
2025-04-03 13:10:00,2,0.2688022146144909,0.26193177657587813,0.469266008809631,2
2025-04-03 13:15:00,2,0.2636489785236762,0.2591173064467439,0.47723371502957995,2
2025-04-03 13:20:00,2,0.2598435326228879,0.2652085040008451,0.4749479633762669,2
2025-04-03 13:25:00,2,0.2671901338971622,0.23946785908092325,0.4933420070219147,2
2025-04-03 13:30:00,2,0.2566387323270207,0.20710636179424882,0.5362549058787304,2
2025-04-03 13:35:00,2,0.21728395798373343,0.1743777698579162,0.6083382721583503,2
2025-04-03 13:40:00,2,0.215134150477046,0.19090130174694878,0.5939645477760053,2
2025-04-03 13:45:00,2,0.21468902233830817,0.1678355388310678,0.6174754388306241,2
2025-04-03 13:50:00,2,0.21331538882989598,0.1789580339345037,0.6077265772356003,2
2025-04-03 13:55:00,2,0.21710034729770755,0.19244652842803583,0.5904531242742567,2
2025-04-03 14:00:00,2,0.21770959114351526,0.18599551084705498,0.5962948980094297,2
2025-04-03 14:05:00,2,0.21745868745829125,0.1900061940116669,0.5925351185300418,2
2025-04-03 14:10:00,2,0.2149288550760027,0.2008018665912985,0.5842692783326988,2
2025-04-03 14:15:00,2,0.22625560997406055,0.1878137478940565,0.585930642131883,2
2025-04-03 14:20:00,2,0.22005710476725035,0.1898731942313727,0.590069701001377,2
2025-04-03 14:25:00,2,0.23232449707681718,0.20434812916433417,0.5633273737588486,2
2025-04-03 14:30:00,2,0.23922141802808253,0.22717762695848545,0.5336009550134321,2
2025-04-03 14:35:00,2,0.22460998611758753,0.23334241841373546,0.542047595468677,2
2025-04-03 14:40:00,2,0.22197457796652093,0.2223272509334357,0.5556981711000434,2
2025-04-03 14:45:00,2,0.22452304108671148,0.23618132762657543,0.5392956312867131,2
2025-04-03 14:50:00,2,0.2198194382202448,0.2348456279242882,0.545334933855467,2
2025-04-03 14:55:00,2,0.2181304258616957,0.22819383360051293,0.5536757405377913,2
2025-04-03 15:00:00,2,0.23235110796767258,0.23468298672257437,0.5329659053097531,2
2025-04-03 15:05:00,2,0.21431427104439624,0.21019502611479363,0.5754907028408102,2
2025-04-03 15:10:00,2,0.21657939626898506,0.22133950018202098,0.562081103548994,2
2025-04-03 15:15:00,2,0.21397334041150903,0.22947050478718858,0.5565561548013024,2
2025-04-03 15:20:00,2,0.21896071977784975,0.20664538063554383,0.5743938995866064,2
2025-04-03 15:25:00,2,0.22383647395344058,0.25041320701838277,0.5257503190281766,2
2025-04-04 09:15:00,2,0.024976283106241084,0.03731790468906197,0.9377058122046971,2
2025-04-04 09:20:00,2,0.026731192200022538,0.0435015171108498,0.9297672906891276,2
2025-04-04 09:25:00,2,0.017532823143317635,0.5168118301391081,0.46565534671757425,1
2025-04-04 09:30:00,1,0.3156283705273216,0.38570631874746836,0.2986653107252101,1
2025-04-04 09:35:00,1,0.30879574093361944,0.3816347667923227,0.30956949227405783,1
2025-04-04 09:40:00,1,0.019993810929850232,0.5262073645075164,0.4537988245626334,1
2025-04-04 09:45:00,1,0.015061815604541775,0.5221059777554004,0.46283220664005775,1
2025-04-04 09:50:00,2,0.013319472285569851,0.5042358106030507,0.48244471711137943,1
2025-04-04 09:55:00,1,0.011915776046797694,0.5119087985909113,0.4761754253622909,1
2025-04-04 10:00:00,2,0.012102137026816784,0.5132757091344984,0.4746221538386848,1
2025-04-04 10:05:00,1,0.01114080823776437,0.4751597741987028,0.5136994175635328,1
2025-04-04 10:10:00,2,0.010156865733324399,0.44443531478750464,0.5454078194791709,1
2025-04-04 10:15:00,1,0.034051308623157875,0.4654720843663126,0.5004766070105295,1
2025-04-04 10:20:00,2,0.013708627056514247,0.45442832331895827,0.5318630496245274,1
2025-04-04 10:25:00,2,0.009963645631121102,0.4265696921208402,0.5634666622480387,1
2025-04-04 10:30:00,2,0.010263429333272626,0.45108720619926684,0.5386493644674605,1
2025-04-04 10:35:00,2,0.29107153451040835,0.38572709303642466,0.3232013724531668,1
2025-04-04 10:40:00,0,0.2951227161887083,0.3911463639925659,0.31373091981872575,1
2025-04-04 10:45:00,0,0.2939767755429546,0.3899437666173005,0.31607945783974495,1
2025-04-04 10:50:00,0,0.2668371884473176,0.4164655894250941,0.3166972221275883,1
2025-04-04 10:55:00,2,0.2596796444663154,0.4580139185106895,0.28230643702299496,1
2025-04-04 11:00:00,2,0.2540905651395443,0.4309962138921107,0.31491322096834495,1
2025-04-04 11:05:00,1,0.26678226778041336,0.4593568277488688,0.2738609044707179,1
2025-04-04 11:10:00,2,0.2898553677157867,0.46018967000959476,0.2499549622746187,1
2025-04-04 11:15:00,2,0.2745937459595788,0.4904616535334626,0.23494460050695856,1
2025-04-04 11:20:00,2,0.28236194242452894,0.4691978950503832,0.24844016252508774,1
2025-04-04 11:25:00,1,0.28881284749452896,0.4795578825136338,0.23162926999183725,1
2025-04-04 11:30:00,1,0.31412407857232544,0.4240187351737028,0.26185718625397186,1
2025-04-04 11:35:00,2,0.2987260969353246,0.47353096411140166,0.22774293895327377,1
2025-04-04 11:40:00,2,0.28619582683430855,0.4682664235289145,0.24553774963677696,1
2025-04-04 11:45:00,2,0.276708475135311,0.47261970159674555,0.2506718232679435,1
2025-04-04 11:50:00,2,0.2611366719801434,0.48469958795391566,0.254163740065941,1
2025-04-04 11:55:00,2,0.2896410689429999,0.46889020047224184,0.24146873058475823,1
2025-04-04 12:00:00,0,0.2393627810598205,0.48863449282975047,0.272002726110429,1
2025-04-04 12:05:00,0,0.2483297933673007,0.5022028116659754,0.24946739496672396,1
2025-04-04 12:10:00,2,0.2356643238507735,0.5058553855721969,0.2584802905770296,1
2025-04-04 12:15:00,2,0.2579130182464302,0.48478082978622516,0.25730615196734474,1
2025-04-04 12:20:00,1,0.2333645960431322,0.5237114919147396,0.24292391204212804,1
2025-04-04 12:25:00,2,0.22534579730366552,0.5045664466244694,0.27008775607186497,1
2025-04-04 12:30:00,2,0.21285426314834624,0.5152183815764599,0.27192735527519385,1
2025-04-04 12:35:00,2,0.20162902864934718,0.5092451222252531,0.2891258491253998,1
2025-04-04 12:40:00,2,0.19261212221078575,0.5366864122525639,0.2707014655366504,1
2025-04-04 12:45:00,2,0.1921195034985488,0.5114065698534022,0.29647392664804917,1
2025-04-04 12:50:00,0,0.1854911494548848,0.5319614886979885,0.28254736184712664,1
2025-04-04 12:55:00,1,0.1852750927676271,0.5503599949900367,0.26436491224233616,1
2025-04-04 13:00:00,2,0.1903843180434796,0.541343882026108,0.26827179993041245,1
2025-04-04 13:05:00,2,0.2187034912099059,0.4960025634907294,0.28529394529936475,1
2025-04-04 13:10:00,2,0.19465205401835914,0.4937793190507612,0.3115686269308797,1
2025-04-04 13:15:00,2,0.1998389484842383,0.48910819992460985,0.31105285159115187,1
2025-04-04 13:20:00,2,0.19787588788674904,0.5079405937819285,0.2941835183313224,1
2025-04-04 13:25:00,1,0.20056604740132603,0.493980495382416,0.3054534572162579,1
2025-04-04 13:30:00,1,0.1980105832473198,0.502266854393859,0.2997225623588213,1
2025-04-04 13:35:00,1,0.16481328576189602,0.4916206733388964,0.3435660408992075,1
2025-04-04 13:40:00,2,0.008534268732956365,0.5953970643648687,0.3960686669021749,1
2025-04-04 13:45:00,2,0.00934478875914794,0.5783301745815365,0.4123250366593156,1
2025-04-04 13:50:00,2,0.02462252101136832,0.5680945812800824,0.40728289770854914,1
2025-04-04 13:55:00,2,0.009265732221070215,0.560983819779331,0.42975044799959894,1
2025-04-04 14:00:00,2,0.008036031949638147,0.5857766858819935,0.4061872821683684,1
2025-04-04 14:05:00,2,0.16216675430987917,0.47546857446749563,0.3623646712226252,1
2025-04-04 14:10:00,2,0.1631422527266948,0.497719052476368,0.33913869479693715,1
2025-04-04 14:15:00,2,0.16666018228124058,0.44494439252011664,0.38839542519864284,1
2025-04-04 14:20:00,2,0.18113680119639602,0.48770523361325085,0.33115796519035323,1
2025-04-04 14:25:00,2,0.167559953784024,0.46509587843807015,0.3673441677779059,1
2025-04-04 14:30:00,2,0.14384505793757005,0.4620196349810065,0.3941353070814234,1
2025-04-04 14:35:00,2,0.14113398331789134,0.44752599195486936,0.41134002472723935,1
2025-04-04 14:40:00,2,0.007746544390870595,0.5580186646280233,0.434234790981106,1
2025-04-04 14:45:00,2,0.007315338235002645,0.565317005423777,0.4273676563412203,1
2025-04-04 14:50:00,2,0.007768775143584985,0.542594094001723,0.4496371308546919,1
2025-04-04 14:55:00,2,0.007219701820842335,0.527849650182844,0.4649306479963136,1
2025-04-04 15:00:00,2,0.1785420034028896,0.4634198889301604,0.35803810766695,1
2025-04-04 15:05:00,2,0.188842063627597,0.4146239403169246,0.3965339960554783,1
2025-04-04 15:10:00,2,0.19310493300025006,0.38563525682821864,0.42125981017153136,1
2025-04-04 15:15:00,2,0.16937102286297223,0.42358654214320896,0.4070424349938188,1
2025-04-04 15:20:00,2,0.1836733064221863,0.39038910017738054,0.4259375934004331,1
2025-04-04 15:25:00,2,0.20662533488796914,0.3869176654115712,0.4064569997004596,1
2025-04-07 09:15:00,2,0.03685888767284934,0.5838442193286694,0.3792968929984813,1
2025-04-07 09:20:00,2,0.04043445339467794,0.5789203771621518,0.3806451694431701,1
2025-04-07 09:25:00,2,0.04337176046266799,0.5808981954517597,0.37573004408557226,1
2025-04-07 09:30:00,1,0.04239531907701632,0.5748533362799444,0.38275134464303934,1
2025-04-07 09:35:00,2,0.04456846323473572,0.5721058919711017,0.3833256447941626,1
2025-04-07 09:40:00,1,0.042892346516771235,0.6007643567180952,0.35634329676513343,1
2025-04-07 09:45:00,1,0.03966130988528991,0.6079255578602221,0.3524131322544881,1
2025-04-07 09:50:00,1,0.039869779048910314,0.6078911380739539,0.3522390828771359,1
2025-04-07 09:55:00,1,0.04255402255511694,0.6044887690243801,0.352957208420503,1
2025-04-07 10:00:00,1,0.03743961001820002,0.6169498644410376,0.34561052554076244,1
2025-04-07 10:05:00,1,0.03358613913324418,0.6193975092195778,0.3470163516471779,1
2025-04-07 10:10:00,2,0.03900454945790921,0.6235647486174518,0.337430701924639,1
2025-04-07 10:15:00,2,0.04021748553509176,0.6234340210388072,0.33634849342610096,1
2025-04-07 10:20:00,2,0.04202275339982714,0.6298463879688162,0.32813085863135677,1
2025-04-07 10:25:00,2,0.49072836343293447,0.28819479412882654,0.221076842438239,0
2025-04-07 10:30:00,0,0.536016516772858,0.2873731511388911,0.17661033208825103,0
2025-04-07 10:35:00,0,0.5873369887406947,0.2799095566209013,0.132753454638404,0
2025-04-07 10:40:00,1,0.5635802435871461,0.3092737055042474,0.12714605090860653,0
2025-04-07 10:45:00,1,0.5382158060863089,0.3115110992275983,0.15027309468609282,0
2025-04-07 10:50:00,1,0.6222942842785916,0.26286496703791207,0.11484074868349631,0
2025-04-07 10:55:00,2,0.599386585448569,0.2867603636347541,0.11385305091667695,0
2025-04-07 11:00:00,2,0.528174920202347,0.33906526747394683,0.13275981232370612,0
2025-04-07 11:05:00,1,0.5319184306270728,0.33062555608591176,0.1374560132870155,0
2025-04-07 11:10:00,0,0.5708369609792314,0.30518214404559907,0.12398089497516941,0
2025-04-07 11:15:00,0,0.563493185286174,0.3178099223046826,0.11869689240914344,0
2025-04-07 11:20:00,0,0.526429781982173,0.34562382222459165,0.12794639579323527,0
2025-04-07 11:25:00,2,0.5368549232861443,0.3390493778089002,0.12409569890495543,0
2025-04-07 11:30:00,1,0.5557939644736078,0.3118664134645361,0.132339622061856,0
2025-04-07 11:35:00,1,0.6022584807282328,0.28205054144052205,0.1156909778312451,0
2025-04-07 11:40:00,1,0.5757115829309943,0.30081001950559294,0.12347839756341282,0
2025-04-07 11:45:00,1,0.5438327922147842,0.32378282455476076,0.13238438323045504,0
2025-04-07 11:50:00,1,0.4986699786738842,0.35288863139242416,0.14844138993369158,0
2025-04-07 11:55:00,1,0.5401355836097234,0.3288525920309529,0.13101182435932365,0
2025-04-07 12:00:00,1,0.4866122332883811,0.34422943875723505,0.16915832795438376,0
2025-04-07 12:05:00,1,0.08363729344590098,0.6340906828637081,0.2822720236903909,1
2025-04-07 12:10:00,1,0.041677962836035476,0.6378969135661902,0.3204251235977744,1
2025-04-07 12:15:00,1,0.03838933533442249,0.6246753572719314,0.3369353073936461,1
2025-04-07 12:20:00,2,0.03710404060938841,0.6210048586334367,0.3418911007571748,1
2025-04-07 12:25:00,2,0.0359468351019984,0.6182783788293139,0.3457747860686877,1
2025-04-07 12:30:00,2,0.033782218184655446,0.6666297141944171,0.2995880676209275,1
2025-04-07 12:35:00,0,0.5409564947218153,0.3336057570082754,0.12543774826990942,0
2025-04-07 12:40:00,1,0.5295658214055224,0.3261631107588819,0.1442710678355956,0
2025-04-07 12:45:00,1,0.5208127190099916,0.3538909337345424,0.125296347255466,0
2025-04-07 12:50:00,2,0.5750309415305753,0.30512788306419114,0.11984117540523347,0
2025-04-07 12:55:00,2,0.5293581164439289,0.3487773082208576,0.12186457533521344,0
2025-04-07 13:00:00,1,0.5146040185554691,0.35520327931352375,0.13019270213100706,0
2025-04-07 13:05:00,2,0.555391637922605,0.319764843241922,0.12484351883547289,0
2025-04-07 13:10:00,0,0.5611888670369471,0.3178443904618752,0.12096674250117759,0
2025-04-07 13:15:00,0,0.5669545917976928,0.3091399033015676,0.12390550490073957,0
2025-04-07 13:20:00,0,0.5101515526436785,0.3578288247325829,0.13201962262373862,0
2025-04-07 13:25:00,0,0.5326889547313068,0.33074969708397617,0.13656134818471705,0
2025-04-07 13:30:00,0,0.5286839628008474,0.3306999103866792,0.14061612681247346,0
2025-04-07 13:35:00,0,0.5143936435765175,0.260026780700428,0.2255795757230544,0
2025-04-07 13:40:00,2,0.4637052627819143,0.2591459818363691,0.2771487553817166,0
2025-04-07 13:45:00,0,0.4458891869678266,0.3429364495957558,0.21117436343641754,0
2025-04-07 13:50:00,0,0.6753048908090029,0.040985502600351664,0.2837096065906454,0
2025-04-07 13:55:00,2,0.45981586611544,0.3244704523604079,0.21571368152415205,0
2025-04-07 14:00:00,2,0.6920079035157767,0.03065791379319109,0.2773341826910323,0
2025-04-07 14:05:00,2,0.659570171456193,0.027406498592677287,0.3130233299511297,0
2025-04-07 14:10:00,2,0.4621007277079949,0.31744018495956244,0.22045908733244263,0
2025-04-07 14:15:00,0,0.3977997857477376,0.33612496440044226,0.2660752498518201,0
2025-04-07 14:20:00,2,0.3681698139634795,0.2843521668769502,0.3474780191595704,0
2025-04-07 14:25:00,2,0.32557621454851937,0.2786809612165291,0.39574282423495155,2
2025-04-07 14:30:00,2,0.0906934585562286,0.08904525322786433,0.820261288215907,2
2025-04-07 14:35:00,2,0.43223617842171314,0.3522631802715507,0.2155006413067363,0
2025-04-07 14:40:00,0,0.3844230736655598,0.3767131145103649,0.23886381182407534,2
2025-04-07 14:45:00,0,0.3913926667586711,0.37597231700316036,0.23263501623816837,2
2025-04-07 14:50:00,0,0.4200205426324173,0.3491286069781257,0.23085085038945702,0
2025-04-07 14:55:00,0,0.4029674994486637,0.35187728785132344,0.24515521270001286,0
2025-04-07 15:00:00,2,0.07409301882028285,0.06678485518439227,0.8591221259953248,2
2025-04-07 15:05:00,2,0.06552991497598709,0.04647619864211798,0.8879938863818949,2
2025-04-07 15:10:00,2,0.07087921821272801,0.05795065992844026,0.8711701218588316,2
2025-04-07 15:15:00,2,0.08339391143833512,0.06563562787501877,0.8509704606866461,2
2025-04-07 15:20:00,2,0.060252276862519306,0.04218730642226741,0.8975604167152134,2
2025-04-07 15:25:00,2,0.0620537607918279,0.04662168195039328,0.8913245572577787,2
2025-04-08 09:15:00,2,0.08246196856956038,0.09812427793994319,0.8194137534904965,2
2025-04-08 09:20:00,2,0.0812958156582134,0.08915075458191993,0.8295534297598668,2
2025-04-08 09:25:00,2,0.18989423616259377,0.07108081619849568,0.7390249476389105,2
2025-04-08 09:30:00,2,0.17555563486911555,0.07510603848442905,0.7493383266464553,2
2025-04-08 09:35:00,2,0.22971486768308236,0.09528023059270543,0.6750049017242122,2
2025-04-08 09:40:00,2,0.6626605445666036,0.038953901240840166,0.2983855541925562,0
2025-04-08 09:45:00,2,0.6872825373643937,0.03755881501589468,0.2751586476197117,0
2025-04-08 09:50:00,1,0.4509098547138187,0.3309057271108597,0.21818441817532155,0
2025-04-08 09:55:00,2,0.4458223214047747,0.34291058445251515,0.21126709414271025,0
2025-04-08 10:00:00,2,0.461509598488858,0.32130432454132374,0.21718607696981826,0
2025-04-08 10:05:00,2,0.41031961762107005,0.3276649126913405,0.2620154696875895,0
2025-04-08 10:10:00,0,0.38608395588074285,0.3841046621569113,0.22981138196234582,2
2025-04-08 10:15:00,2,0.3521689768275903,0.3995994176647557,0.2482316055076539,2
2025-04-08 10:20:00,1,0.34787816329193955,0.38730478744301816,0.26481704926504235,2
2025-04-08 10:25:00,1,0.35467152979599215,0.3473709219848354,0.2979575482191724,2
2025-04-08 10:30:00,1,0.3668946015074813,0.40872045365425586,0.22438494483826282,2
2025-04-08 10:35:00,0,0.3775618822671634,0.4821218518751296,0.1403162658577069,1
2025-04-08 10:40:00,0,0.34795316939967563,0.49559319562963633,0.15645363497068798,1
2025-04-08 10:45:00,0,0.2846816282364532,0.5300176508785718,0.18530072088497498,1
2025-04-08 10:50:00,0,0.4238231768225789,0.4497774165803618,0.12639940659705934,2
2025-04-08 10:55:00,0,0.43600461881775765,0.42405724640926895,0.1399381347729734,2
2025-04-08 11:00:00,2,0.4266125153551429,0.4319168640111683,0.1414706206336888,2
2025-04-08 11:05:00,2,0.5416531082069735,0.07891912929506757,0.37942776249795895,0
2025-04-08 11:10:00,1,0.43646611978116356,0.41027737837766676,0.15325650184116973,2
2025-04-08 11:15:00,1,0.4230470792464246,0.44389062942621055,0.13306229132736486,2
2025-04-08 11:20:00,2,0.42816783757680593,0.4403440387909296,0.13148812363226448,2
2025-04-08 11:25:00,2,0.43600699197891807,0.44264985796629114,0.12134315005479084,2
2025-04-08 11:30:00,0,0.435785189328181,0.43219261956249033,0.13202219110932872,2
2025-04-08 11:35:00,0,0.4520374115122009,0.41008841776658417,0.13787417072121502,2
2025-04-08 11:40:00,0,0.41456233220929817,0.45394416473584703,0.1314935030548548,2
2025-04-08 11:45:00,0,0.44499121294718147,0.39793715036488636,0.15707163668793206,2
2025-04-08 11:50:00,0,0.4161799384656654,0.4295275851632022,0.15429247637113228,2
2025-04-08 11:55:00,0,0.4263472766850179,0.41161603905318433,0.16203668426179776,2
2025-04-08 12:00:00,0,0.4350052909111585,0.40415882458935243,0.16083588449948913,2
2025-04-08 12:05:00,0,0.4329278232974238,0.3200211615213319,0.24705101518124425,0
2025-04-08 12:10:00,2,0.09112232717071007,0.06674425326822288,0.842133419561067,2
2025-04-08 12:15:00,0,0.4813433746035711,0.33950131167451847,0.17915531372191051,0
2025-04-08 12:20:00,2,0.21463825268999379,0.1268385378277895,0.6585232094822168,2
2025-04-08 12:25:00,2,0.09342750942552322,0.07021623323999371,0.836356257334483,2
2025-04-08 12:30:00,2,0.09298722389472258,0.06645408419949178,0.8405586919057856,2
2025-04-08 12:35:00,2,0.1111703953574141,0.08122724623142033,0.8076023584111656,2
2025-04-08 12:40:00,2,0.12801308283940682,0.060553988670244766,0.8114329284903485,2
2025-04-08 12:45:00,2,0.14743076045853393,0.08463916545807651,0.7679300740833894,2
2025-04-08 12:50:00,2,0.12389305882616398,0.0587269152838562,0.8173800258899798,2
2025-04-08 12:55:00,2,0.6559393053726706,0.01998601559199621,0.3240746790353332,0
2025-04-08 13:00:00,2,0.5575941971040062,0.25025197419300793,0.19215382870298603,0
2025-04-08 13:05:00,0,0.5429878247243417,0.2772015284397257,0.17981064683593267,0
2025-04-08 13:10:00,2,0.5576225255295668,0.2059418220995776,0.23643565237085562,0
2025-04-08 13:15:00,2,0.5422240406750356,0.22623196274303364,0.23154399658193078,0
2025-04-08 13:20:00,1,0.5673573019241938,0.2116296551542315,0.22101304292157475,0
2025-04-08 13:25:00,2,0.7096984531923028,0.023108713547104875,0.2671928332605921,0
2025-04-08 13:30:00,1,0.5138316583824285,0.2712676565986181,0.2149006850189534,0
2025-04-08 13:35:00,1,0.4504286364129119,0.3205527228734942,0.2290186407135939,0
2025-04-08 13:40:00,1,0.470328781153283,0.33128515030483136,0.19838606854188573,0
2025-04-08 13:45:00,2,0.44843822348859524,0.3535798350562078,0.19798194145519685,0
2025-04-08 13:50:00,2,0.04477894188750074,0.599723217838517,0.3554978402739822,1
2025-04-08 13:55:00,0,0.440209956987616,0.3609969878417038,0.1987930551706801,0
2025-04-08 14:00:00,0,0.43909702621628793,0.34026687285690443,0.22063610092680772,0
2025-04-08 14:05:00,0,0.4041055242672925,0.3670590430643946,0.22883543266831288,2
2025-04-08 14:10:00,0,0.40307656408116604,0.3375551833023999,0.2593682526164341,0
2025-04-08 14:15:00,1,0.4044707055128014,0.32480940184205453,0.27071989264514396,0
2025-04-08 14:20:00,1,0.41461325200540067,0.3154622474070421,0.26992450058755724,0
2025-04-08 14:25:00,1,0.43153536982086865,0.2920546074560521,0.2764100227230793,0
2025-04-08 14:30:00,1,0.4353017080529999,0.33390077273200125,0.23079751921499897,0
2025-04-08 14:35:00,2,0.4461320417798109,0.32914611954125667,0.22472183867893247,0
2025-04-08 14:40:00,2,0.3980245984091384,0.35369200326209066,0.24828339832877083,2
2025-04-08 14:45:00,2,0.412538075854075,0.34215402771872583,0.2453078964271991,0
2025-04-08 14:50:00,1,0.4078845554259628,0.35005695332402276,0.24205849125001438,0
2025-04-08 14:55:00,1,0.40800516179120316,0.3224677590929193,0.2695270791158776,0
2025-04-08 15:00:00,2,0.4137036080019683,0.3321595028056677,0.25413688919236394,0
2025-04-08 15:05:00,2,0.41516789922395597,0.32937333111383615,0.25545876966220793,0
2025-04-08 15:10:00,2,0.4186629289884251,0.30586972066463747,0.27546735034693737,0
2025-04-08 15:15:00,2,0.4042870169087519,0.2984421279896395,0.2972708551016085,0
2025-04-08 15:20:00,2,0.371075470739236,0.3298920355271795,0.2990324937335844,2
2025-04-08 15:25:00,2,0.3431934863310861,0.3364779680575913,0.3203285456113226,2
2025-04-09 09:15:00,2,0.3853841914213301,0.04016291746217822,0.5744528911164917,0
2025-04-09 09:20:00,2,0.3838846181923395,0.0439999533216121,0.5721154284860483,0
2025-04-09 09:25:00,0,0.3167831966243142,0.04341688352398575,0.6397999198517,2
2025-04-09 09:30:00,2,0.34961556138386074,0.3649923197828827,0.2853921188332565,2
2025-04-09 09:35:00,2,0.32319571527308927,0.04611727548680535,0.6306870092401053,0
2025-04-09 09:40:00,1,0.3641049020321532,0.37557739273583673,0.26031770523201003,2
2025-04-09 09:45:00,2,0.3407892753491855,0.406030538784743,0.25318018586607144,1
2025-04-09 09:50:00,2,0.37723257180368464,0.388149996038921,0.23461743215739445,2
2025-04-09 09:55:00,2,0.3634668677423528,0.37855007034925664,0.2579830619083906,2
2025-04-09 10:00:00,2,0.37637787127471567,0.37473863292731885,0.2488834957979654,2
2025-04-09 10:05:00,2,0.39425033232187406,0.3411387313082857,0.2646109363698401,0
2025-04-09 10:10:00,2,0.3212507733713289,0.4108696232321002,0.26787960339657085,1
2025-04-09 10:15:00,2,0.3560276015833513,0.37541239110098096,0.2685600073156678,2
2025-04-09 10:20:00,2,0.32273192695814346,0.351759502455027,0.3255085705868295,2
2025-04-09 10:25:00,2,0.34376155871928166,0.3761445005574321,0.2800939407232863,2
2025-04-09 10:30:00,2,0.31170400374660795,0.36801658369985546,0.3202794125535367,1
2025-04-09 10:35:00,2,0.39837218003163577,0.37872290856499674,0.2229049114033676,2
2025-04-09 10:40:00,2,0.40538160354935293,0.38272416603939174,0.2118942304112554,2
2025-04-09 10:45:00,1,0.37365745268496303,0.4052822786813425,0.22106026863369455,2
2025-04-09 10:50:00,1,0.39097025393101553,0.37245809672792757,0.23657164934105684,2
2025-04-09 10:55:00,2,0.3826238051080968,0.3717636723034914,0.24561252258841174,2
2025-04-09 11:00:00,0,0.36107215543100746,0.38819851687334767,0.25072932769564493,2
2025-04-09 11:05:00,0,0.32719728902673934,0.37649063901186675,0.296312071961394,2
2025-04-09 11:10:00,0,0.3342098640212764,0.38421229257526257,0.281577843403461,1
2025-04-09 11:15:00,0,0.34972998038765474,0.37171326356931533,0.2785567560430299,2
2025-04-09 11:20:00,0,0.3345082707795941,0.362748256707753,0.30274347251265293,2
2025-04-09 11:25:00,0,0.3119530605755043,0.3821952426206661,0.3058516968038296,1
2025-04-09 11:30:00,2,0.32690783821256403,0.36076282529548204,0.31232933649195393,2
2025-04-09 11:35:00,2,0.3118296701858878,0.3675670600990821,0.32060326971503017,1
2025-04-09 11:40:00,2,0.3224479681598057,0.3313581617203331,0.3461938701198612,2
2025-04-09 11:45:00,2,0.34636529017287765,0.3540390007236623,0.29959570910346,2
2025-04-09 11:50:00,2,0.34045506398749675,0.329424198048412,0.33012073796409114,2
2025-04-09 11:55:00,2,0.33219876879592364,0.3499936312289942,0.3178075999750821,2
2025-04-09 12:00:00,2,0.33155243333044776,0.3450738709694464,0.3233736957001058,2
2025-04-09 12:05:00,2,0.3413025596773636,0.32601252150456894,0.3326849188180674,2
2025-04-09 12:10:00,2,0.308454028099885,0.33529638629836067,0.35624958560175435,2
2025-04-09 12:15:00,2,0.31013985925760007,0.33252676954429045,0.35733337119810954,2
2025-04-09 12:20:00,2,0.314316117116463,0.33534412144753556,0.3503397614360013,2
2025-04-09 12:25:00,2,0.3044150395651014,0.3284085277167744,0.36717643271812417,2
2025-04-09 12:30:00,2,0.3342221655441618,0.32260350550332106,0.3431743289525171,2
2025-04-09 12:35:00,2,0.3290827814560328,0.350834394961718,0.3200828235822492,2
2025-04-09 12:40:00,2,0.3367586725257374,0.3301855907311176,0.33305573674314504,2
2025-04-09 12:45:00,2,0.31996871049395975,0.3400136693769432,0.340017620129097,2
2025-04-09 12:50:00,2,0.32843204295679057,0.3438402523368053,0.32772770470640405,2
2025-04-09 12:55:00,2,0.3081152725067028,0.3527536093806178,0.3391311181126794,2
2025-04-09 13:00:00,2,0.32153890595671397,0.3698503150877849,0.30861077895550115,2
2025-04-09 13:05:00,2,0.3196160223221104,0.3454754797508869,0.33490849792700267,2
2025-04-09 13:10:00,2,0.3000588550726315,0.3318024529380986,0.3681386919892698,2
2025-04-09 13:15:00,2,0.306220194380865,0.3543774142671231,0.33940239135201195,2
2025-04-09 13:20:00,2,0.3427098802316168,0.3505731089153348,0.3067170108530484,2
2025-04-09 13:25:00,2,0.3313889204716506,0.33716701706438007,0.3314440624639694,2
2025-04-09 13:30:00,2,0.3542399180907576,0.33952477685939414,0.3062353050498482,2
2025-04-09 13:35:00,2,0.24626770978943033,0.31420281281690027,0.4395294773936694,1
2025-04-09 13:40:00,2,0.23689990957108958,0.3077627740503128,0.4553373163785977,1
2025-04-09 13:45:00,2,0.21993409663938712,0.32389160719589927,0.4561742961647136,1
2025-04-09 13:50:00,2,0.2273874717882093,0.31193391911731405,0.4606786090944768,1
2025-04-09 13:55:00,2,0.2356150194841402,0.29385384369719403,0.47053113681866565,1
2025-04-09 14:00:00,2,0.21275758897311858,0.29870440788164615,0.48853800314523543,1
2025-04-09 14:05:00,2,0.20056338039179353,0.29646405862276826,0.5029725609854383,1
2025-04-09 14:10:00,2,0.195680107845231,0.28056459128300604,0.5237553008717629,1
2025-04-09 14:15:00,2,0.187677230794838,0.26799544416002147,0.5443273250451405,1
2025-04-09 14:20:00,2,0.18234646377513672,0.25811418500196937,0.559539351222894,1
2025-04-09 14:25:00,2,0.1835975555595704,0.25840469283737744,0.5579977516030521,1
2025-04-09 14:30:00,2,0.18664544889438703,0.25610229516977867,0.5572522559358343,1
2025-04-09 14:35:00,2,0.19040641028090177,0.24839054796998317,0.5612030417491151,2
2025-04-09 14:40:00,2,0.18619204893490635,0.24977862662088346,0.5640293244442102,2
2025-04-09 14:45:00,2,0.1826907681714908,0.26057139841210797,0.5567378334164012,1
2025-04-09 14:50:00,2,0.19006826614541414,0.2525819118381513,0.5573498220164346,1
2025-04-09 14:55:00,2,0.20449568029174187,0.2573423256472095,0.5381619940610486,1
2025-04-09 15:00:00,2,0.03386775602952344,0.03548679158031473,0.9306454523901619,2
2025-04-09 15:05:00,2,0.19316792746633032,0.2626384957052866,0.5441935768283831,1
2025-04-09 15:10:00,2,0.18708767970032456,0.2556949457526229,0.5572173745470526,1
2025-04-09 15:15:00,2,0.19887957306284373,0.25961080101784345,0.5415096259193127,1
2025-04-09 15:20:00,2,0.19787977428459672,0.24216670673368904,0.5599535189817142,2
2025-04-09 15:25:00,2,0.03115253719300543,0.18005222137206153,0.7887952414349331,2
2025-04-11 09:15:00,2,0.04322860029382107,0.23284752490548516,0.7239238748006938,2
2025-04-11 09:20:00,2,0.03897839365950082,0.20319105606274607,0.7578305502777531,2
2025-04-11 09:25:00,2,0.07030891273373166,0.06531104069889974,0.8643800465673687,2
2025-04-11 09:30:00,2,0.06170163814783691,0.04804603000082715,0.8902523318513359,2
2025-04-11 09:35:00,2,0.05719034053345499,0.04018282426513791,0.9026268352014071,2
2025-04-11 09:40:00,2,0.3142232664703928,0.02420173420021968,0.6615749993293875,2
2025-04-11 09:45:00,2,0.345225573448205,0.025844869405541426,0.6289295571462536,0
2025-04-11 09:50:00,2,0.3371997369202768,0.02563704008657431,0.6371632229931488,0
2025-04-11 09:55:00,2,0.6837825301829518,0.027579645177376412,0.2886378246396718,0
2025-04-11 10:00:00,2,0.6563352400843876,0.02646633168939317,0.31719842822621924,0
2025-04-11 10:05:00,2,0.4898697036151151,0.15353319844777122,0.3565970979371138,0
2025-04-11 10:10:00,2,0.6300153411940773,0.02341413299915547,0.34657052580676717,0
2025-04-11 10:15:00,2,0.42607655738103295,0.2467004545751429,0.3272229880438242,0
2025-04-11 10:20:00,1,0.4165332926954853,0.2765229741368358,0.30694373316767887,0
2025-04-11 10:25:00,2,0.3424562801650638,0.2558202737075215,0.4017234461274147,0
2025-04-11 10:30:00,2,0.39814885344326445,0.26182528225158275,0.3400258643051528,0
2025-04-11 10:35:00,0,0.4700785891406906,0.3607555040995072,0.16916590675980211,0
2025-04-11 10:40:00,0,0.5072326867029703,0.31859682252018934,0.17417049077684046,0
2025-04-11 10:45:00,0,0.46539941970363213,0.3428641000031091,0.19173648029325882,0
2025-04-11 10:50:00,0,0.4664332597306678,0.3322527545058962,0.20131398576343612,0
2025-04-11 10:55:00,0,0.4652032237328333,0.31703473225832085,0.21776204400884575,0
2025-04-11 11:00:00,2,0.4745516643341452,0.3001567982697174,0.2252915373961375,0
2025-04-11 11:05:00,0,0.4681751649111043,0.288096319161279,0.24372851592761682,0
2025-04-11 11:10:00,0,0.5201027498490446,0.24940803938060468,0.23048921077035064,0
2025-04-11 11:15:00,0,0.5036471401626266,0.29360496884957993,0.20274789098779353,0
2025-04-11 11:20:00,0,0.5409687876157258,0.21015496271118708,0.24887624967308708,0
2025-04-11 11:25:00,2,0.5445543089564666,0.14837732168713638,0.30706836935639703,0
2025-04-11 11:30:00,2,0.6604598023113951,0.017909972729216333,0.3216302249593885,0
2025-04-11 11:35:00,2,0.6904300892434144,0.01591248281127622,0.29365742794530936,0
2025-04-11 11:40:00,2,0.5596329251428501,0.19732856242377914,0.24303851243337077,0
2025-04-11 11:45:00,2,0.564719110833335,0.16836004758765835,0.26692084157900664,0
2025-04-11 11:50:00,2,0.5294807525217214,0.252861834472601,0.21765741300567762,0
2025-04-11 11:55:00,0,0.5258954367100629,0.2264974602785325,0.24760710301140465,0
2025-04-11 12:00:00,0,0.504105700586293,0.2229495120643269,0.27294478734938,0
2025-04-11 12:05:00,0,0.5075573569729973,0.2242016693799101,0.26824097364709254,0
2025-04-11 12:10:00,2,0.6858718843388966,0.020212376702793366,0.29391573895830997,0
2025-04-11 12:15:00,2,0.685394081063009,0.024414530998774824,0.29019138793821625,0
2025-04-11 12:20:00,1,0.5256442673354514,0.21986174087112925,0.25449399179341936,0
2025-04-11 12:25:00,2,0.5285348464201974,0.17194394667630103,0.2995212069035016,0
2025-04-11 12:30:00,2,0.49705094468384636,0.24205800531415678,0.2608910500019968,0
2025-04-11 12:35:00,0,0.5081198388275422,0.2534381130592692,0.23844204811318853,0
2025-04-11 12:40:00,2,0.5128097214584804,0.24023443352260945,0.24695584501891024,0
2025-04-11 12:45:00,2,0.5061937353319818,0.22172643563184644,0.2720798290361718,0
2025-04-11 12:50:00,2,0.510492619966991,0.21336299064121972,0.2761443893917894,0
2025-04-11 12:55:00,2,0.5014923089088982,0.25327923934494895,0.24522845174615282,0
2025-04-11 13:00:00,2,0.5299077829147889,0.20024323527683896,0.2698489818083721,0
2025-04-11 13:05:00,2,0.5166426559137195,0.1922358455024462,0.2911214985838343,0
2025-04-11 13:10:00,1,0.4964801994618427,0.21413945552802546,0.2893803450101319,0
2025-04-11 13:15:00,1,0.5039209386026768,0.2554506157908539,0.24062844560646926,0
2025-04-11 13:20:00,2,0.46626884947284325,0.2545999289034925,0.2791312216236643,0
2025-04-11 13:25:00,2,0.5029461615241856,0.25809000937194565,0.2389638291038687,0
2025-04-11 13:30:00,2,0.0876060201419978,0.5327855270221792,0.3796084528358231,1
2025-04-11 13:35:00,1,0.4215978870593724,0.23671888890056647,0.341683224040061,0
2025-04-11 13:40:00,1,0.3932488799994805,0.23266093198031731,0.3740901880202023,0
2025-04-11 13:45:00,1,0.404459074992604,0.2627273817923409,0.33281354321505524,0
2025-04-11 13:50:00,1,0.0414619347385494,0.454756377016067,0.5037816882453835,1
2025-04-11 13:55:00,1,0.37390353498012746,0.26503193970252775,0.3610645253173448,0
2025-04-11 14:00:00,2,0.03377187196469679,0.4909571409220474,0.4752709871132558,1
2025-04-11 14:05:00,2,0.4132127200970263,0.3012330157466486,0.285554264156325,0
2025-04-11 14:10:00,2,0.03260670497948678,0.4648031297331974,0.5025901652873158,1
2025-04-11 14:15:00,2,0.030913381793362428,0.4459906018890958,0.5230960163175418,1
2025-04-11 14:20:00,2,0.041613612315953084,0.40995953399686463,0.5484268536871824,1
2025-04-11 14:25:00,2,0.04866780545754516,0.09997771020295002,0.8513544843395048,2
2025-04-11 14:30:00,0,0.36038952615700753,0.34159214824162804,0.2980183256013643,2
2025-04-11 14:35:00,0,0.3365776815749621,0.33205789101797784,0.33136442740706,2
2025-04-11 14:40:00,2,0.36723829557203364,0.321008768064907,0.3117529363630594,2
2025-04-11 14:45:00,2,0.3553823988433475,0.3170166479707143,0.3276009531859382,2
2025-04-11 14:50:00,2,0.35788406813333745,0.28211453262033526,0.3600013992463272,0
2025-04-11 14:55:00,2,0.37323963242024266,0.29473135965479513,0.3320290079249623,0
2025-04-11 15:00:00,2,0.35795316901962043,0.26508545811920875,0.3769613728611708,0
2025-04-11 15:05:00,2,0.3540555829329465,0.27837116080858076,0.3675732562584728,0
2025-04-11 15:10:00,2,0.3515880679566661,0.2774089173380095,0.3710030147053244,0
2025-04-11 15:15:00,2,0.3667175559393812,0.2998961796574674,0.33338626440315133,0
2025-04-11 15:20:00,2,0.3492427410440009,0.27663944852497746,0.3741178104310216,0
2025-04-11 15:25:00,2,0.36437340943627233,0.25226219999063776,0.38336439057308996,0
2025-04-15 09:15:00,2,0.07410651779065287,0.086424195861656,0.8394692863476911,2
2025-04-15 09:20:00,2,0.06158759664556079,0.07110725497294311,0.8673051483814961,2
2025-04-15 09:25:00,2,0.06983503927570947,0.05682787557939082,0.8733370851448997,2
2025-04-15 09:30:00,2,0.08197235557331696,0.06424439995133087,0.8537832444753521,2
2025-04-15 09:35:00,2,0.08095482133659329,0.0633180779853265,0.8557271006780802,2
2025-04-15 09:40:00,2,0.3795997407997109,0.029350304236451574,0.5910499549638375,0
2025-04-15 09:45:00,2,0.36900023044029573,0.031029632328008587,0.5999701372316958,0
2025-04-15 09:50:00,2,0.34592920378081665,0.024402109009290664,0.6296686872098927,0
2025-04-15 09:55:00,2,0.6016242527244244,0.028170047238388084,0.3702057000371874,0
2025-04-15 10:00:00,2,0.5811970694639456,0.026710845357720035,0.3920920851783344,0
2025-04-15 10:05:00,2,0.46546839725157374,0.022461378697355927,0.5120702240510704,0
2025-04-15 10:10:00,2,0.4267139615994396,0.020754430676290618,0.5525316077242698,0
2025-04-15 10:15:00,2,0.4467541824229464,0.026103754538341323,0.5271420630387124,0
2025-04-15 10:20:00,2,0.394050519323187,0.021909165071421773,0.5840403156053912,0
2025-04-15 10:25:00,2,0.34155465416956005,0.021062335334635675,0.6373830104958043,0
2025-04-15 10:30:00,2,0.3562245924610193,0.022376232941862084,0.6213991745971187,0
2025-04-15 10:35:00,2,0.5570110380180439,0.03240016794482559,0.4105887940371305,0
2025-04-15 10:40:00,2,0.5540122170567512,0.02995895975401598,0.4160288231892328,0
2025-04-15 10:45:00,2,0.5151776829515509,0.030212983725921072,0.4546093333225281,0
2025-04-15 10:50:00,2,0.30688554463877915,0.27456930519293843,0.4185451501682825,2
2025-04-15 10:55:00,2,0.3431272531375093,0.18198045393104678,0.474892292931444,0
2025-04-15 11:00:00,2,0.4632931267166158,0.024339058547613906,0.5123678147357702,0
2025-04-15 11:05:00,2,0.2998274898725706,0.20630807725061545,0.49386443287681403,2
2025-04-15 11:10:00,2,0.30463073746427444,0.26913567066511807,0.42623359187060755,2
2025-04-15 11:15:00,2,0.2847874278832128,0.2545832527887219,0.4606293193280652,2
2025-04-15 11:20:00,2,0.27126090862775026,0.23632097456896453,0.49241811680328523,2
2025-04-15 11:25:00,2,0.29190810803033423,0.21126310965516956,0.4968287823144962,2
2025-04-15 11:30:00,2,0.2869640650569436,0.23589778608891201,0.47713814885414435,2
2025-04-15 11:35:00,2,0.29401500945031445,0.21685800288136112,0.48912698766832446,2
2025-04-15 11:40:00,2,0.2909686171211576,0.23559859150885312,0.4734327913699892,2
2025-04-15 11:45:00,2,0.30065454092170535,0.2497258970259401,0.4496195620523546,2
2025-04-15 11:50:00,2,0.2939853963526743,0.2302398264240193,0.47577477722330636,2
2025-04-15 11:55:00,2,0.32393314018633507,0.19267162205963193,0.48339523775403315,0
2025-04-15 12:00:00,2,0.30665657916804534,0.1929483834228518,0.5003950374091028,2
2025-04-15 12:05:00,2,0.4427964014914062,0.020399173922268834,0.5368044245863249,0
2025-04-15 12:10:00,2,0.44181693025189306,0.017950660043847128,0.5402324097042598,0
2025-04-15 12:15:00,2,0.45560441235611376,0.018699767158407803,0.5256958204854784,0
2025-04-15 12:20:00,2,0.45879133608873685,0.018525097856978572,0.5226835660542846,0
2025-04-15 12:25:00,2,0.4472820144808924,0.01840310858235504,0.5343148769367525,0
2025-04-15 12:30:00,2,0.43875271368227503,0.01761588010908499,0.5436314062086399,0
2025-04-15 12:35:00,2,0.4460697019803375,0.01935634583317515,0.5345739521864873,0
2025-04-15 12:40:00,2,0.40805319717434585,0.04969267830157909,0.5422541245240751,0
2025-04-15 12:45:00,2,0.44785506937547853,0.024365483349301043,0.5277794472752203,0
2025-04-15 12:50:00,2,0.3051362256355954,0.20469816486089631,0.4901656095035083,2
2025-04-15 12:55:00,2,0.31228308764160667,0.19202088785112684,0.49569602450726646,2
2025-04-15 13:00:00,2,0.3269502682782171,0.1543168804815939,0.518732851240189,0
2025-04-15 13:05:00,2,0.31254175287883085,0.18732893531466754,0.5001293118065017,2
2025-04-15 13:10:00,2,0.30948173078778046,0.1987361374411029,0.4917821317711166,2
2025-04-15 13:15:00,2,0.3068121595599727,0.21263691622442615,0.48055092421560114,2
2025-04-15 13:20:00,2,0.30491630778452133,0.21429134315151888,0.4807923490639597,2
2025-04-15 13:25:00,2,0.2964039437929237,0.20184522661086288,0.5017508295962134,2
2025-04-15 13:30:00,2,0.285232023766799,0.21022562566409506,0.5045423505691059,2
2025-04-15 13:35:00,2,0.23563797857162266,0.1942401249880832,0.5701218964402941,2
2025-04-15 13:40:00,2,0.2341919010575889,0.1811356960577436,0.5846724028846674,2
2025-04-15 13:45:00,2,0.22928490572347307,0.2000330553088119,0.570682038967715,2
2025-04-15 13:50:00,2,0.22783288356351214,0.18627105922591536,0.5858960572105725,2
2025-04-15 13:55:00,2,0.21612582797161764,0.18358765561317208,0.6002865164152102,2
2025-04-15 14:00:00,2,0.21898602383869784,0.19069081711678537,0.5903231590445168,2
2025-04-15 14:05:00,2,0.04483782890350013,0.2969458108379769,0.6582163602585229,2
2025-04-15 14:10:00,2,0.21185525415407222,0.18110197368489372,0.6070427721610341,2
2025-04-15 14:15:00,2,0.20609527917891293,0.1692591878041203,0.6246455330169667,2
2025-04-15 14:20:00,2,0.20503492796513795,0.16575089463572074,0.6292141773991413,2
2025-04-15 14:25:00,2,0.22027847959327101,0.2075231730765205,0.5721983473302085,2
2025-04-15 14:30:00,2,0.1968787366687087,0.22805897774775352,0.5750622855835379,2
2025-04-15 14:35:00,2,0.2092489136974783,0.2316106739948161,0.5591404123077056,2
2025-04-15 14:40:00,2,0.019099760082869895,0.3660411020955298,0.6148591378216003,1
2025-04-15 14:45:00,2,0.21767751857140577,0.2011242193528579,0.5811982620757363,2
2025-04-15 14:50:00,2,0.21221739822723126,0.20142757505732142,0.5863550267154473,2
2025-04-15 14:55:00,2,0.21101095235124948,0.2288871132633557,0.5601019343853949,2
2025-04-15 15:00:00,2,0.21482467190850296,0.21336671308595728,0.5718086150055398,2
2025-04-15 15:05:00,2,0.21475408533030696,0.2000331059110815,0.5852128087586115,2
2025-04-15 15:10:00,2,0.20684783151713118,0.1907613858289427,0.6023907826539261,2
2025-04-15 15:15:00,2,0.2191461772792035,0.17563025284193537,0.6052235698788611,2
2025-04-15 15:20:00,2,0.30241765671691756,0.018677972675484763,0.6789043706075978,2
2025-04-15 15:25:00,2,0.3203134446881421,0.019465330852314618,0.6602212244595433,2
2025-04-16 09:15:00,2,0.025070063998665626,0.45712128400748014,0.5178086519938543,1
2025-04-16 09:20:00,2,0.24950745474389815,0.2998257234562397,0.45066682179986206,1
2025-04-16 09:25:00,2,0.2548198634864314,0.2677033316587551,0.47747680485481353,2
2025-04-16 09:30:00,2,0.2220085853660639,0.23566508228906746,0.5423263323448686,2
2025-04-16 09:35:00,2,0.23260888804620442,0.24852041699910205,0.5188706949546935,2
2025-04-16 09:40:00,2,0.226319052695064,0.20944155498753378,0.5642393923174023,2
2025-04-16 09:45:00,2,0.25290791777659916,0.23970984417814517,0.5073822380452557,2
2025-04-16 09:50:00,2,0.22947841657521206,0.20197127803515313,0.5685503053896348,2
2025-04-16 09:55:00,2,0.24672456572636342,0.22738395065758796,0.5258914836160485,2
2025-04-16 10:00:00,1,0.2231521975704899,0.1939055462131473,0.5829422562163628,2
2025-04-16 10:05:00,1,0.18125813619047088,0.2090450475489982,0.609696816260531,2
2025-04-16 10:10:00,1,0.18427036205529718,0.19834547015072834,0.6173841677939745,2
2025-04-16 10:15:00,2,0.2832822775290783,0.27726143640289397,0.4394562860680278,2
2025-04-16 10:20:00,2,0.04028659697089595,0.033840934334601294,0.9258724686945027,2
2025-04-16 10:25:00,2,0.2571827171386393,0.27283648019581647,0.4699808026655443,2
2025-04-16 10:30:00,2,0.13750231280035097,0.14127934301672915,0.7212183441829199,2
2025-04-16 10:35:00,2,0.3624431438964182,0.3102830937475173,0.32727376235606453,0
2025-04-16 10:40:00,2,0.3353653041802704,0.3174514771080482,0.34718321871168145,2
2025-04-16 10:45:00,1,0.29885551015632605,0.31880859796122824,0.3823358918824458,2
2025-04-16 10:50:00,2,0.3341100254138057,0.3299168567982613,0.335973117787933,2
2025-04-16 10:55:00,0,0.35644998409180384,0.32797268797975143,0.31557732792844473,2
2025-04-16 11:00:00,0,0.3559098535866371,0.32376022190391124,0.32032992450945164,2
2025-04-16 11:05:00,0,0.32515771193470017,0.3185510963646927,0.3562911917006072,2
2025-04-16 11:10:00,2,0.28622903495512425,0.31758462223200684,0.3961863428128688,2
2025-04-16 11:15:00,2,0.2875713759684007,0.3247897974159067,0.3876388266156926,2
2025-04-16 11:20:00,2,0.28633804885894576,0.2973055451664905,0.4163564059745638,2
2025-04-16 11:25:00,2,0.30663807094872575,0.29627272575064856,0.3970892033006257,2
2025-04-16 11:30:00,2,0.2974503846008372,0.29347848436845536,0.4090711310307074,2
2025-04-16 11:35:00,2,0.3092773767083954,0.2977055755175846,0.39301704777401997,2
2025-04-16 11:40:00,2,0.29009935834898615,0.29999490715698357,0.4099057344940302,2
2025-04-16 11:45:00,2,0.26165009595016564,0.27880887862698434,0.45954102542284997,2
2025-04-16 11:50:00,2,0.28148383096585833,0.2942235016704063,0.42429266736373544,2
2025-04-16 11:55:00,2,0.29065437705741115,0.2720658335343695,0.4372797894082194,2
2025-04-16 12:00:00,2,0.2714998648572742,0.26787769238714065,0.46062244275558517,2
2025-04-16 12:05:00,2,0.25303185712514986,0.25329627190964094,0.4936718709652092,2
2025-04-16 12:10:00,2,0.25202813088895054,0.2665626109234142,0.48140925818763536,2
2025-04-16 12:15:00,2,0.2466068288074551,0.2500313290848894,0.5033618421076556,2
2025-04-16 12:20:00,2,0.20670331255773974,0.21957630692167784,0.5737203805205824,2
2025-04-16 12:25:00,2,0.24508240698217332,0.24610209145951573,0.508815501558311,2
2025-04-16 12:30:00,2,0.2302787124702088,0.23156094580169567,0.5381603417280955,2
2025-04-16 12:35:00,2,0.22552820436392307,0.23209700413705597,0.542374791499021,2
2025-04-16 12:40:00,2,0.05058892551658765,0.1659625715787695,0.7834485029046429,2
2025-04-16 12:45:00,2,0.2304545105799728,0.21631830927755719,0.55322718014247,2
2025-04-16 12:50:00,2,0.22602133648634298,0.21158865598143195,0.562390007532225,2
2025-04-16 12:55:00,2,0.017606141668870888,0.017539410001838885,0.9648544483292902,2
2025-04-16 13:00:00,2,0.016352241588670435,0.01654060093869708,0.9671071574726324,2
2025-04-16 13:05:00,2,0.017620608782820426,0.016497678769842133,0.9658817124473376,2
2025-04-16 13:10:00,2,0.01524289608738607,0.019172278921229562,0.9655848249913844,2
2025-04-16 13:15:00,2,0.026180841663576787,0.020729421797821564,0.9530897365386017,2
2025-04-16 13:20:00,2,0.05244725631428627,0.018005635269721938,0.9295471084159919,2
2025-04-16 13:25:00,2,0.35866169707636136,0.030022539823608703,0.6113157631000299,0
2025-04-16 13:30:00,2,0.3566134314067032,0.02979535185103911,0.6135912167422577,0
2025-04-16 13:35:00,2,0.25282115460087573,0.267552902555137,0.4796259428439873,2
2025-04-16 13:40:00,0,0.2275404418607862,0.25754586195251267,0.5149136961867011,2
2025-04-16 13:45:00,0,0.22758686413948576,0.2624783699822623,0.509934765878252,2
2025-04-16 13:50:00,0,0.1949810792025197,0.25544590935991573,0.5495730114375645,1
2025-04-16 13:55:00,2,0.03372479391871193,0.041601145174881136,0.924674060906407,2
2025-04-16 14:00:00,2,0.03336598708338883,0.0392570722740495,0.9273769406425617,2
2025-04-16 14:05:00,2,0.030513725979678403,0.03391127447298908,0.9355749995473326,2
2025-04-16 14:10:00,2,0.029082683883481123,0.023665278750755428,0.9472520373657635,2
2025-04-16 14:15:00,2,0.028658441684661487,0.02379006269303821,0.9475514956223002,2
2025-04-16 14:20:00,2,0.2612660597973121,0.1985413100653954,0.5401926301372925,2
2025-04-16 14:25:00,2,0.24078842867499087,0.18568240100905614,0.5735291703159531,2
2025-04-16 14:30:00,2,0.26532123538552027,0.23094456364072227,0.5037342009737574,2
2025-04-16 14:35:00,2,0.2571330129009577,0.20617688564784992,0.5366901014511924,2
2025-04-16 14:40:00,2,0.2535259024662588,0.20322716107259764,0.5432469364611435,2
2025-04-16 14:45:00,2,0.2076354982207576,0.1582129153933103,0.634151586385932,2
2025-04-16 14:50:00,2,0.026064055287644824,0.02261627051347225,0.9513196741988829,2
2025-04-16 14:55:00,2,0.027023924813627854,0.022127598970191387,0.9508484762161807,2
2025-04-16 15:00:00,2,0.024717138736971397,0.019151469942853935,0.9561313913201746,2
2025-04-16 15:05:00,2,0.02328827243959652,0.01953221163408892,0.9571795159263146,2
2025-04-16 15:10:00,2,0.24278687334068497,0.17154419929740386,0.5856689273619112,2
2025-04-16 15:15:00,2,0.22305573944669269,0.14707525391794224,0.6298690066353652,2
2025-04-16 15:20:00,2,0.028715850783659628,0.025193255276744295,0.9460908939395961,2
2025-04-16 15:25:00,2,0.26075696480426086,0.19833491529623026,0.5409081198995088,2
2025-04-17 09:15:00,2,0.04600984504339446,0.040755334767058726,0.9132348201895467,2
2025-04-17 09:20:00,2,0.04716628239539811,0.03915846862791285,0.9136752489766892,2
2025-04-17 09:25:00,2,0.04284312437576607,0.030971538495694263,0.9261853371285397,2
2025-04-17 09:30:00,2,0.04284337690903888,0.035307042171753435,0.9218495809192077,2
2025-04-17 09:35:00,0,0.3176333406932189,0.27683156304300915,0.4055350962637719,2
2025-04-17 09:40:00,2,0.3137232010555252,0.27351672945247296,0.4127600694920017,2
2025-04-17 09:45:00,2,0.33204511440568707,0.25204061291220187,0.415914272682111,0
2025-04-17 09:50:00,1,0.3480662309246557,0.24436006750504113,0.4075737015703031,0
2025-04-17 09:55:00,1,0.35663121416733684,0.25814217795524785,0.38522660787741525,0
2025-04-17 10:00:00,2,0.3735127222668642,0.27442897328028565,0.3520583044528501,0
2025-04-17 10:05:00,2,0.38686305742291693,0.2912526994883535,0.3218842430887296,0
2025-04-17 10:10:00,2,0.29086742691820405,0.27755234238925003,0.431580230692546,2
2025-04-17 10:15:00,0,0.28905526305099105,0.3148492415420464,0.3960954954069626,2
2025-04-17 10:20:00,2,0.3035657364741947,0.31603225302383603,0.3804020105019693,2
2025-04-17 10:25:00,2,0.272601966313082,0.2976341447986029,0.4297638888883151,2
2025-04-17 10:30:00,2,0.2426215319487488,0.2553653715418591,0.5020130965093921,2
2025-04-17 10:35:00,2,0.3454438342703349,0.2929338092639305,0.36162235646573454,0
2025-04-17 10:40:00,2,0.363938321099872,0.2782067312732664,0.35785494762686165,0
2025-04-17 10:45:00,2,0.1107126089767958,0.10075065347921852,0.7885367375439858,2
2025-04-17 10:50:00,2,0.39200113288208677,0.29114192816337403,0.31685693895453915,0
2025-04-17 10:55:00,0,0.4103308831182388,0.3140159669085065,0.27565314997325463,0
2025-04-17 11:00:00,0,0.4410192936667412,0.322814680142361,0.23616602619089788,0
2025-04-17 11:05:00,0,0.4154996329436651,0.2957630919217724,0.28873727513456254,0
2025-04-17 11:10:00,0,0.3752346202268818,0.2619705315137521,0.36279484825936603,0
2025-04-17 11:15:00,2,0.07340735030430075,0.05888391663424518,0.867708733061454,2
2025-04-17 11:20:00,2,0.2550373371799162,0.14030183981943667,0.604660823000647,2
2025-04-17 11:25:00,2,0.05034364577076843,0.15591977629825102,0.7937365779309806,2
2025-04-17 11:30:00,2,0.05193723833537001,0.15572319834351855,0.7923395633211114,2
2025-04-17 11:35:00,2,0.05010489325284205,0.1537463388150221,0.7961487679321358,2
2025-04-17 11:40:00,2,0.06547202713705662,0.038273201278318236,0.8962547715846251,2
2025-04-17 11:45:00,2,0.062054224559443635,0.038541942976921824,0.8994038324636345,2
2025-04-17 11:50:00,2,0.08081531730526692,0.04871577692126247,0.8704689057734706,2
2025-04-17 11:55:00,2,0.07920377916190567,0.045819681324923006,0.8749765395131712,2
2025-04-17 12:00:00,2,0.0795005819091363,0.04826932520703946,0.8722300928838244,2
2025-04-17 12:05:00,2,0.06567416164370737,0.03797836961820384,0.8963474687380887,2
2025-04-17 12:10:00,2,0.06094901296886395,0.035334852056123425,0.9037161349750126,2
2025-04-17 12:15:00,2,0.05833154984202801,0.03499715622525838,0.9066712939327135,2
2025-04-17 12:20:00,2,0.06589216700408851,0.0364764064872394,0.8976314265086721,2
2025-04-17 12:25:00,2,0.06295754222623957,0.03160435511402294,0.9054381026597375,2
2025-04-17 12:30:00,2,0.06084489699053416,0.028768811449599512,0.9103862915598664,2
2025-04-17 12:35:00,2,0.08378582113949416,0.05145648175716221,0.8647576971033436,2
2025-04-17 12:40:00,2,0.0897283809433714,0.03136774733987397,0.8789038717167547,2
2025-04-17 12:45:00,2,0.08342151657476167,0.02798390667179251,0.8885945767534458,2
2025-04-17 12:50:00,2,0.07383385538464525,0.026606800347394387,0.8995593442679604,2
2025-04-17 12:55:00,0,0.6086387961445247,0.016110887505395195,0.37525031635008005,0
2025-04-17 13:00:00,0,0.5847516056491349,0.015591824185322173,0.399656570165543,0
2025-04-17 13:05:00,0,0.589193323061042,0.013288257524692983,0.397518419414265,0
2025-04-17 13:10:00,2,0.5759543160406895,0.010884301205824124,0.41316138275348635,0
2025-04-17 13:15:00,2,0.5761070719421809,0.012088285437427624,0.4118046426203915,0
2025-04-17 13:20:00,0,0.5972447643735963,0.012828653896163049,0.38992658173024064,0
2025-04-17 13:25:00,0,0.6196026314553468,0.01712575511384893,0.36327161343080433,0
2025-04-17 13:30:00,0,0.6192864360899928,0.01640131800948794,0.3643122459005192,0
2025-04-17 13:35:00,0,0.4822196721781683,0.008892512422175938,0.5088878153996558,0
2025-04-17 13:40:00,0,0.4631792122651895,0.00761993397640563,0.5292008537584049,0
2025-04-17 13:45:00,2,0.47105005992075993,0.007660650170158701,0.5212892899090813,0
2025-04-17 13:50:00,2,0.46121748948302344,0.007115377060155068,0.5316671334568215,0
2025-04-17 13:55:00,2,0.4267903002461732,0.007079312785593937,0.5661303869682328,0
2025-04-17 14:00:00,2,0.4660673825069244,0.008878414140235212,0.5250542033528404,0
2025-04-17 14:05:00,2,0.4310643618426542,0.008691585502113483,0.5602440526552324,0
2025-04-17 14:10:00,2,0.4518301943368273,0.1848420329351262,0.36332777272804645,0
2025-04-17 14:15:00,0,0.45610668228488244,0.2015886980004316,0.34230461971468595,0
2025-04-17 14:20:00,0,0.431640286203983,0.19935027404242026,0.3690094397535967,0
2025-04-17 14:25:00,2,0.43745670276726323,0.2057867606868697,0.3567565365458671,0
2025-04-17 14:30:00,2,0.5623360329952414,0.014488497819518371,0.42317546918524024,0
2025-04-17 14:35:00,2,0.519853296918493,0.011299233260799344,0.46884746982070763,0
2025-04-17 14:40:00,2,0.5267830000804012,0.014324754100978323,0.4588922458186203,0
2025-04-17 14:45:00,2,0.5627221650321492,0.014409696036320876,0.4228681389315299,0
2025-04-17 14:50:00,2,0.4274520623030398,0.12982931776794882,0.4427186199290114,0
2025-04-17 14:55:00,2,0.44231103069260647,0.13756708943815296,0.42012187986924054,0
2025-04-17 15:00:00,2,0.4519491272057756,0.1436054447319242,0.4044454280623002,0
2025-04-17 15:05:00,2,0.38175714841708314,0.15144471355426561,0.46679813802865117,0
2025-04-17 15:10:00,2,0.41216877882945835,0.142019239090242,0.44581198208029976,0
2025-04-17 15:15:00,2,0.39138745433831107,0.13873930215337332,0.4698732435083156,0
2025-04-17 15:20:00,2,0.3726011102109992,0.13106459632226186,0.49633429346673896,0
2025-04-17 15:25:00,2,0.41262063670111804,0.1636438554783072,0.4237355078205748,0
2025-04-21 09:15:00,2,0.45440331915344506,0.03718491870964671,0.5084117621369082,0
2025-04-21 09:20:00,0,0.4535332581275816,0.03537572906125128,0.5110910128111671,0
2025-04-21 09:25:00,0,0.46556073873066556,0.038014788089064735,0.4964244731802698,0
2025-04-21 09:30:00,2,0.4489783732462119,0.02460237946525854,0.5264192472885295,0
2025-04-21 09:35:00,2,0.442528153084438,0.017313563873883994,0.540158283041678,0
2025-04-21 09:40:00,2,0.42114888062741584,0.014108631696483487,0.5647424876761006,0
2025-04-21 09:45:00,0,0.35660411618832427,0.26612057609388484,0.3772753077177909,0
2025-04-21 09:50:00,0,0.49593522996716044,0.023618630246732417,0.4804461397861072,0
2025-04-21 09:55:00,2,0.45681458776746575,0.01785026261941193,0.5253351496131223,0
2025-04-21 10:00:00,2,0.5073494634245573,0.016218657600009286,0.4764318789754334,0
2025-04-21 10:05:00,2,0.43035601070620094,0.014600220098989584,0.5550437691948095,0
2025-04-21 10:10:00,2,0.3026330952256647,0.2066298958480082,0.49073700892632716,2
2025-04-21 10:15:00,2,0.2940792035611558,0.2372981206750703,0.46862267576377387,2
2025-04-21 10:20:00,2,0.2533107441679531,0.281350863118713,0.4653383927133339,2
2025-04-21 10:25:00,2,0.28393264945364693,0.17318257000584558,0.5428847805405076,2
2025-04-21 10:30:00,2,0.24041419096259256,0.108450869452375,0.6511349395850325,2
2025-04-21 10:35:00,0,0.3730694241356008,0.2410084809183674,0.3859220949460318,0
2025-04-21 10:40:00,0,0.39934525457932224,0.19356009460919257,0.40709465081148516,0
2025-04-21 10:45:00,0,0.3972031257245449,0.15979230123807708,0.44300457303737795,0
2025-04-21 10:50:00,2,0.5499251944653274,0.017006768492572186,0.4330680370421003,0
2025-04-21 10:55:00,2,0.5365581539493084,0.014728377535018036,0.44871346851567345,0
2025-04-21 11:00:00,0,0.5616672098904193,0.01840793547210173,0.419924854637479,0
2025-04-21 11:05:00,0,0.5387858118629567,0.0189950532783371,0.44221913485870623,0
2025-04-21 11:10:00,2,0.5006770179587253,0.017173142562696055,0.4821498394785787,0
2025-04-21 11:15:00,2,0.5135152041765414,0.015226315372113702,0.47125848045134483,0
2025-04-21 11:20:00,2,0.5280877336343438,0.021115824926213847,0.45079644143944236,0
2025-04-21 11:25:00,2,0.5279552926503718,0.019575924203216712,0.45246878314641154,0
2025-04-21 11:30:00,2,0.3787666386561712,0.21481460278729955,0.4064187585565292,0
2025-04-21 11:35:00,2,0.388563246245269,0.20566155668516276,0.4057751970695682,0
2025-04-21 11:40:00,0,0.36481453248244733,0.24754126116985467,0.38764420634769803,0
2025-04-21 11:45:00,0,0.38254238000938423,0.21010128662047609,0.40735633337013977,0
2025-04-21 11:50:00,2,0.40206744967649816,0.17693512722378577,0.42099742309971616,0
2025-04-21 11:55:00,2,0.5377942538917352,0.023576050135456602,0.4386296959728084,0
2025-04-21 12:00:00,0,0.5257581901987638,0.02267256217360186,0.4515692476276344,0
2025-04-21 12:05:00,0,0.5282835854036857,0.018666959397178325,0.45304945519913586,0
2025-04-21 12:10:00,0,0.5282104489785744,0.01670039892213706,0.45508915209928846,0
2025-04-21 12:15:00,2,0.5410146594960636,0.015792244836615198,0.44319309566732107,0
2025-04-21 12:20:00,2,0.5265063557876901,0.015378350635839368,0.45811529357647046,0
2025-04-21 12:25:00,2,0.561721846669612,0.023343393155425655,0.4149347601749623,0
2025-04-21 12:30:00,2,0.5363856995299799,0.016980511778005313,0.44663378869201475,0
2025-04-21 12:35:00,2,0.5219736424077039,0.014900310613639377,0.4631260469786567,0
2025-04-21 12:40:00,2,0.41180706190835226,0.16097053769443267,0.42722240039721493,0
2025-04-21 12:45:00,2,0.5537062917946203,0.019888183890252153,0.4264055243151275,0
2025-04-21 12:50:00,2,0.3882718475076995,0.1972440468108796,0.41448410568142086,0
2025-04-21 12:55:00,2,0.39166714156749893,0.19198368421027853,0.4163491742222225,0
2025-04-21 13:00:00,2,0.39533229113208773,0.19525300728731204,0.4094147015806003,0
2025-04-21 13:05:00,2,0.538902981136808,0.019460477741870204,0.4416365411213217,0
2025-04-21 13:10:00,2,0.4292089975578102,0.200440060478889,0.3703509419633007,0
2025-04-21 13:15:00,2,0.44911297611124096,0.2380920790574324,0.3127949448313267,0
2025-04-21 13:20:00,2,0.45266265495512653,0.2204560394992261,0.3268813055456473,0
2025-04-21 13:25:00,1,0.4256985959104207,0.25190813740100293,0.3223932666885765,0
2025-04-21 13:30:00,2,0.4115104623550663,0.2549015469482645,0.3335879906966693,0
2025-04-21 13:35:00,2,0.3228462370746465,0.19830194836943185,0.4788518145559216,0
2025-04-21 13:40:00,2,0.03941409160575204,0.4183865998401124,0.5421993085541356,1
2025-04-21 13:45:00,2,0.3949938794664819,0.2286723346886376,0.3763337858448806,0
2025-04-21 13:50:00,2,0.40463505315043863,0.18657353441861232,0.40879141243094913,0
2025-04-21 13:55:00,2,0.3918121711910859,0.20973747350443764,0.39845035530447653,0
2025-04-21 14:00:00,2,0.38833189879314156,0.21246373748408476,0.39920436372277374,0
2025-04-21 14:05:00,2,0.3651115780523605,0.1937105293071074,0.441177892640532,0
2025-04-21 14:10:00,2,0.3458464029255788,0.26431197674875645,0.3898416203256648,0
2025-04-21 14:15:00,2,0.32650420959731885,0.23762947320051644,0.43586631720216473,0
2025-04-21 14:20:00,2,0.33253895264709143,0.22613403322330433,0.4413270141296043,0
2025-04-21 14:25:00,2,0.3403932062780076,0.2526498057045823,0.40695698801741,0
2025-04-21 14:30:00,2,0.3258593376467686,0.24043692785001997,0.4337037345032115,0
2025-04-21 14:35:00,2,0.31601113645798595,0.23688996761914646,0.44709889592286756,2
2025-04-21 14:40:00,2,0.31304577757243507,0.21580831867090458,0.4711459037566604,2
2025-04-21 14:45:00,1,0.30241312043112695,0.18606507813178738,0.5115218014370857,2
2025-04-21 14:50:00,2,0.2894627004165913,0.17787158332751127,0.5326657162558974,2
2025-04-21 14:55:00,1,0.26177275773427633,0.15621149678557936,0.5820157454801443,2
2025-04-21 15:00:00,2,0.18737644627683656,0.1414463815655981,0.6711771721575653,2
2025-04-21 15:05:00,2,0.15869183067924342,0.1250401815478035,0.716267987772953,2
2025-04-21 15:10:00,2,0.1644195400998077,0.132576940668424,0.7030035192317684,2
2025-04-21 15:15:00,2,0.1641669285952929,0.12280056812654169,0.7130325032781655,2
2025-04-21 15:20:00,2,0.15708553293963218,0.11928068015750731,0.7236337869028605,2
2025-04-21 15:25:00,2,0.16142113140134748,0.12350977431527994,0.7150690942833726,2
2025-04-22 09:15:00,2,0.0527306037261672,0.03961486563504888,0.9076545306387839,2
2025-04-22 09:20:00,0,0.30423871882610476,0.3483499461191797,0.34741133505471555,2
2025-04-22 09:25:00,0,0.270742165862273,0.3525224016928402,0.3767354324448867,1
2025-04-22 09:30:00,2,0.2821647464730756,0.3300994493409376,0.3877358041859868,2
2025-04-22 09:35:00,2,0.19617224574388983,0.20284302711025964,0.6009847271458505,2
2025-04-22 09:40:00,2,0.2396914181586726,0.2716876651702636,0.4886209166710638,2
2025-04-22 09:45:00,2,0.2421047685884414,0.27551279557991315,0.4823824358316455,2
2025-04-22 09:50:00,0,0.2810266272733128,0.37601712829766304,0.34295624442902417,1
2025-04-22 09:55:00,2,0.27113407499324427,0.3410065243213944,0.3878594006853613,1
2025-04-22 10:00:00,2,0.24394043106904628,0.288410027968909,0.46764954096204475,2
2025-04-22 10:05:00,2,0.1976498989901528,0.23190669265219668,0.5704434083576504,2
2025-04-22 10:10:00,2,0.1574720835839422,0.1866252187072879,0.6559026977087699,2
2025-04-22 10:15:00,2,0.15142958013082417,0.17798638282446233,0.6705840370447135,2
2025-04-22 10:20:00,2,0.12896463382930157,0.1469195569672595,0.724115809203439,2
2025-04-22 10:25:00,2,0.18335840692109148,0.2302616663028961,0.5863799267760124,2
2025-04-22 10:30:00,2,0.17310374123866193,0.19014882360476515,0.6367474351565728,2
2025-04-22 10:35:00,2,0.04975819996406098,0.04539234115771464,0.9048494588782244,2
2025-04-22 10:40:00,2,0.1310614691262625,0.037818218499474386,0.8311203123742631,2
2025-04-22 10:45:00,2,0.28545311436960363,0.22552132635371894,0.4890255592766774,2
2025-04-22 10:50:00,2,0.13974522251264948,0.041600487103896494,0.818654290383454,2
2025-04-22 10:55:00,2,0.44037922553942277,0.027339816866676258,0.5322809575939009,0
2025-04-22 11:00:00,2,0.47517521226178977,0.024593450526241328,0.5002313372119689,0
2025-04-22 11:05:00,1,0.3227169056351718,0.20039634685544874,0.4768867475093795,0
2025-04-22 11:10:00,2,0.3710388303959601,0.13378049562924818,0.4951806739747917,0
2025-04-22 11:15:00,1,0.29461818707977894,0.2447082209588766,0.4606735919613445,2
2025-04-22 11:20:00,2,0.32206955062438897,0.35300867125813273,0.3249217781174783,2
2025-04-22 11:25:00,2,0.315187729808331,0.3650707762523794,0.3197414939392896,2
2025-04-22 11:30:00,2,0.029832539375248403,0.5705372740142035,0.3996301866105481,1
2025-04-22 11:35:00,2,0.3406564001347371,0.35549129963994974,0.3038523002253131,2
2025-04-22 11:40:00,2,0.30291286400234607,0.33445340013710995,0.36263373586054404,2
2025-04-22 11:45:00,2,0.27626873880958924,0.31103843224339084,0.41269282894701986,2
2025-04-22 11:50:00,2,0.28878802025543393,0.3081447354393054,0.4030672443052607,2
2025-04-22 11:55:00,2,0.2866858875674438,0.2900548937838008,0.4232592186487555,2
2025-04-22 12:00:00,2,0.3052556545470437,0.30953888683430236,0.385205458618654,2
2025-04-22 12:05:00,2,0.30917465216777273,0.34120319641430336,0.3496221514179238,2
2025-04-22 12:10:00,2,0.3102957654427819,0.3236549930046435,0.36604924155257457,2
2025-04-22 12:15:00,2,0.31084100194970005,0.3658805043636745,0.32327849368662553,1
2025-04-22 12:20:00,2,0.2979645067577583,0.34604703347318316,0.3559884597690585,2
2025-04-22 12:25:00,2,0.2817859624444522,0.3540636843663072,0.3641503531892406,1
2025-04-22 12:30:00,2,0.28744573888607755,0.35149320320383287,0.36106105791008963,1
2025-04-22 12:35:00,2,0.2837804935662525,0.34526505943556945,0.370954446998178,1
2025-04-22 12:40:00,2,0.2750999754765271,0.34251650390247035,0.3823835206210025,1
2025-04-22 12:45:00,2,0.2944532733209696,0.3267935513485845,0.3787531753304458,2
2025-04-22 12:50:00,2,0.28773758405525807,0.32422078770421525,0.38804162824052657,2
2025-04-22 12:55:00,2,0.2808527738543292,0.3318874084844135,0.3872598176612574,1
2025-04-22 13:00:00,2,0.26649492628803323,0.3177773702859756,0.41572770342599114,1
2025-04-22 13:05:00,2,0.07448466037802719,0.06286283212855853,0.8626525074934143,2
2025-04-22 13:10:00,2,0.26142265367054734,0.30678575597806546,0.43179159035138714,2
2025-04-22 13:15:00,2,0.24974576067011092,0.2959266095710548,0.45432762975883434,2
2025-04-22 13:20:00,2,0.25375782052677126,0.28451829034670134,0.46172388912652745,2
2025-04-22 13:25:00,2,0.2363975199592814,0.2793485856259199,0.4842538944147987,2
2025-04-22 13:30:00,2,0.2509986981386035,0.2807811406205151,0.4682201612408813,2
2025-04-22 13:35:00,2,0.18619286841727054,0.23595095602145752,0.577856175561272,2
2025-04-22 13:40:00,2,0.18066246833303273,0.23348491451356468,0.5858526171534026,2
2025-04-22 13:45:00,2,0.18348365332721053,0.22667672369856054,0.5898396229742289,2
2025-04-22 13:50:00,2,0.19805701199050196,0.23966437175253885,0.5622786162569592,2
2025-04-22 13:55:00,2,0.17668231192277653,0.207139074746589,0.6161786133306345,2
2025-04-22 14:00:00,2,0.16121807830911847,0.20362789630361258,0.6351540253872691,2
2025-04-22 14:05:00,2,0.16067886147160934,0.20154267258224945,0.6377784659461412,2
2025-04-22 14:10:00,2,0.01297425434028576,0.013197925612952695,0.9738278200467615,2
2025-04-22 14:15:00,2,0.014024692790413651,0.012692506447040147,0.9732828007625461,2
2025-04-22 14:20:00,2,0.01314323071758049,0.012109002033425232,0.9747477672489943,2
2025-04-22 14:25:00,2,0.011252617624141056,0.011203108284424983,0.9775442740914339,2
2025-04-22 14:30:00,2,0.01391718217333784,0.011583465123116398,0.9744993527035457,2
2025-04-22 14:35:00,2,0.011677375174232086,0.010440821883217445,0.9778818029425504,2
2025-04-22 14:40:00,2,0.012998870811118734,0.011534027060459173,0.9754671021284221,2
2025-04-22 14:45:00,2,0.19391361252381684,0.005620434555571829,0.8004659529206114,2
2025-04-22 14:50:00,2,0.019072690136711597,0.015690875464069148,0.9652364343992194,2
2025-04-22 14:55:00,2,0.23191537125714515,0.2689077625674051,0.4991768661754498,2
2025-04-22 15:00:00,2,0.19828653289309148,0.24135564052164085,0.5603578265852677,2
2025-04-22 15:05:00,2,0.21827088350663273,0.24024743473415647,0.5414816817592109,2
2025-04-22 15:10:00,2,0.24017775421507803,0.26900130297578057,0.4908209428091414,2
2025-04-22 15:15:00,2,0.22782552288232105,0.262075896171035,0.510098580946644,2
2025-04-22 15:20:00,2,0.2271925187302049,0.25947826382047856,0.5133292174493165,2
2025-04-22 15:25:00,2,0.036490095518709735,0.03838270929141807,0.9251271951898722,2
2025-04-23 09:15:00,2,0.04102318053645971,0.07649645929575319,0.8824803601677871,2
2025-04-23 09:20:00,2,0.03337662675910172,0.0457160905115361,0.9209072827293622,2
2025-04-23 09:25:00,2,0.03655745905316565,0.05538455106525143,0.908057989881583,2
2025-04-23 09:30:00,0,0.269036830934889,0.3212064260666571,0.4097567429984539,1
2025-04-23 09:35:00,0,0.22762948581065096,0.32087893996607986,0.4514915742232692,1
2025-04-23 09:40:00,2,0.2408618085283663,0.30889719944772204,0.45024099202391166,1
2025-04-23 09:45:00,2,0.06517306365519396,0.0665102335277016,0.8683167028171044,2
2025-04-23 09:50:00,1,0.21776674343090474,0.2766153240746628,0.5056179324944324,1
2025-04-23 09:55:00,1,0.21714198178430308,0.3200248658840493,0.4628331523316477,1
2025-04-23 10:00:00,1,0.24986558937508688,0.3654062214723329,0.3847281891525802,1
2025-04-23 10:05:00,2,0.22439452685203537,0.343010247595775,0.4325952255521897,1
2025-04-23 10:10:00,2,0.2900972388526923,0.3539321629965039,0.3559705981508039,1
2025-04-23 10:15:00,2,0.2654836478454705,0.38765691564931976,0.3468594365052098,1
2025-04-23 10:20:00,2,0.24491720611334378,0.37322545553823344,0.3818573383484229,1
2025-04-23 10:25:00,1,0.26267761924896305,0.3732284222872186,0.3640939584638183,1
2025-04-23 10:30:00,1,0.2925863762465684,0.35656717833343243,0.3508464454199992,1
2025-04-23 10:35:00,1,0.3479020225906663,0.39713714089330376,0.2549608365160299,2
2025-04-23 10:40:00,2,0.34674805093461863,0.39976137534211936,0.2534905737232621,1
2025-04-23 10:45:00,2,0.07689822250868836,0.07080966283224906,0.8522921146590625,2
2025-04-23 10:50:00,2,0.06433036821752011,0.0582974072369695,0.8773722245455103,2
2025-04-23 10:55:00,0,0.35819084964979425,0.40063284036391184,0.241176309986294,2
2025-04-23 11:00:00,0,0.3336777615868383,0.4268591542871475,0.23946308412601425,1
2025-04-23 11:05:00,2,0.30314347737846054,0.42223106590052595,0.27462545672101346,1
2025-04-23 11:10:00,2,0.2929900020319217,0.4112954342785631,0.29571456368951526,1
2025-04-23 11:15:00,2,0.2920167801742955,0.42550187223075125,0.2824813475949533,1
2025-04-23 11:20:00,2,0.35211344966387403,0.4068741980671873,0.24101235226893863,1
2025-04-23 11:25:00,0,0.3358364058959873,0.3980258083433905,0.2661377857606221,1
2025-04-23 11:30:00,0,0.31098696724239483,0.3959783308891701,0.29303470186843505,1
2025-04-23 11:35:00,0,0.3239732667125557,0.39076219415216007,0.2852645391352842,1
2025-04-23 11:40:00,1,0.29993777804225974,0.3984579503458257,0.30160427161191455,1
2025-04-23 11:45:00,1,0.2782473029081924,0.35638349407508707,0.3653692030167205,1
2025-04-23 11:50:00,1,0.3227624316708038,0.39644618340724713,0.2807913849219491,1
2025-04-23 11:55:00,2,0.034052735690705015,0.030128124425527786,0.9358191398837672,2
2025-04-23 12:00:00,2,0.029429892186142642,0.028507860637066746,0.9420622471767905,2
2025-04-23 12:05:00,2,0.034102993873602494,0.0313835631163239,0.9345134430100737,2
2025-04-23 12:10:00,2,0.028841513792380948,0.02774724727726115,0.9434112389303578,2
2025-04-23 12:15:00,2,0.030959840474656265,0.027289290977586082,0.9417508685477577,2
2025-04-23 12:20:00,2,0.02588592098630298,0.025904818935548145,0.9482092600781489,2
2025-04-23 12:25:00,2,0.028595750481522842,0.02534158101158052,0.9460626685068966,2
2025-04-23 12:30:00,2,0.020728541686299673,0.023188990057557382,0.956082468256143,2
2025-04-23 12:35:00,2,0.022875365542518265,0.023512935675222807,0.9536116987822588,2
2025-04-23 12:40:00,2,0.019533027136832273,0.024312918265300302,0.9561540545978673,2
2025-04-23 12:45:00,2,0.017917335059312357,0.022302033926898567,0.959780631013789,2
2025-04-23 12:50:00,2,0.017145542420379627,0.024252391306466857,0.9586020662731536,2
2025-04-23 12:55:00,2,0.016864279301810454,0.02793589795489637,0.9551998227432932,2
2025-04-23 13:00:00,2,0.00782541766187128,0.19518203274274604,0.7969925495953828,2
2025-04-23 13:05:00,2,0.017809290972740855,0.02394927205186671,0.9582414369753923,2
2025-04-23 13:10:00,2,0.021390068007513842,0.02768501379253452,0.9509249181999516,2
2025-04-23 13:15:00,2,0.02054735139373997,0.024290719705544084,0.9551619289007159,2
2025-04-23 13:20:00,2,0.018298642761713512,0.02515413905387167,0.9565472181844148,2
2025-04-23 13:25:00,2,0.01642472374747695,0.024570590757325983,0.959004685495197,2
2025-04-23 13:30:00,2,0.01937582251440865,0.024715618551909894,0.9559085589336815,2
2025-04-23 13:35:00,2,0.012620326566386559,0.020384898620057584,0.9669947748135558,2
2025-04-23 13:40:00,2,0.014115179238779231,0.03518708776677002,0.9506977329944508,2
2025-04-23 13:45:00,2,0.01374522811598164,0.021171970313618158,0.9650828015704002,2
2025-04-23 13:50:00,2,0.006105616509881294,0.15951034006086434,0.8343840434292544,2
2025-04-23 13:55:00,2,0.022648064032787473,0.1237107888182201,0.8536411471489925,2
2025-04-23 14:00:00,2,0.022976928717292115,0.1279703618788351,0.8490527094038727,2
2025-04-23 14:05:00,2,0.022387203108956272,0.1279985553586543,0.8496142415323894,2
2025-04-23 14:10:00,2,0.025436254983366477,0.027206749475721024,0.9473569955409125,2
2025-04-23 14:15:00,2,0.02654854262452287,0.02749086960146284,0.9459605877740144,2
2025-04-23 14:20:00,2,0.02587067650506551,0.02648658609995878,0.9476427373949757,2
2025-04-23 14:25:00,2,0.02536081164868675,0.02493041459638379,0.9497087737549293,2
2025-04-23 14:30:00,2,0.024828726094764858,0.02423564985559781,0.9509356240496373,2
2025-04-23 14:35:00,2,0.12784242616629338,0.1119611381595042,0.7601964356742024,2
2025-04-23 14:40:00,2,0.2475362191257033,0.2536255762075788,0.4988382046667178,2
2025-04-23 14:45:00,0,0.22274095643101935,0.2123642031386959,0.5648948404302848,2
2025-04-23 14:50:00,2,0.2020921456761382,0.17694783770087408,0.6209600166229878,2
2025-04-23 14:55:00,2,0.02919677786521716,0.02886059389396255,0.9419426282408202,2
2025-04-23 15:00:00,2,0.024442617680759088,0.02204583952998427,0.9535115427892566,2
2025-04-23 15:05:00,2,0.023268021863132978,0.021562049986282358,0.9551699281505847,2
2025-04-23 15:10:00,2,0.024347201264394873,0.02113200777503816,0.954520790960567,2
2025-04-23 15:15:00,2,0.042897991418345015,0.03950656366591146,0.9175954449157435,2
2025-04-23 15:20:00,2,0.21989737886321695,0.18176724151561055,0.5983353796211724,2
2025-04-23 15:25:00,2,0.26158199111663705,0.26992881513268774,0.4684891937506752,2
2025-04-24 09:15:00,2,0.03314741959892873,0.03029115547328761,0.9365614249277837,2
2025-04-24 09:20:00,2,0.031193592912889,0.02713565695058431,0.9416707501365267,2
2025-04-24 09:25:00,2,0.029490530833462467,0.025246961429562256,0.9452625077369753,2
2025-04-24 09:30:00,1,0.276583688022475,0.24519413046163552,0.4782221815158894,2
2025-04-24 09:35:00,2,0.2865721814591015,0.31682274018771156,0.3966050783531868,2
2025-04-24 09:40:00,2,0.25555142964172567,0.33433910330611166,0.4101094670521626,1
2025-04-24 09:45:00,2,0.26383435746276873,0.31604270604441825,0.420122936492813,1
2025-04-24 09:50:00,2,0.27419752525983226,0.33756223281042697,0.3882402419297408,1
2025-04-24 09:55:00,2,0.26604063087501084,0.32796223091804805,0.4059971382069411,1
2025-04-24 10:00:00,2,0.24926813965083994,0.31721819798768086,0.4335136623614792,1
2025-04-24 10:05:00,2,0.239810224133572,0.2965552597527526,0.4636345161136753,1
2025-04-24 10:10:00,2,0.2613162450193866,0.28685125351717466,0.4518325014634386,2
2025-04-24 10:15:00,2,0.24500765933077973,0.25494691036797096,0.5000454303012494,2
2025-04-24 10:20:00,2,0.2032608908197593,0.241252164763173,0.5554869444170677,2
2025-04-24 10:25:00,2,0.19255571731653306,0.2173523297363147,0.5900919529471522,2
2025-04-24 10:30:00,2,0.19391698341793154,0.22209105313975672,0.5839919634423117,2
2025-04-24 10:35:00,2,0.31040436879420946,0.2955827734704469,0.39401285773534367,2
2025-04-24 10:40:00,2,0.29476343524053616,0.3024446556421037,0.4027919091173602,2
2025-04-24 10:45:00,2,0.27515736001337254,0.2994582771600627,0.42538436282656483,2
2025-04-24 10:50:00,2,0.2773588774502869,0.29693404944692886,0.4257070731027841,2
2025-04-24 10:55:00,2,0.26961550842008647,0.2946383544122593,0.4357461371676543,2
2025-04-24 11:00:00,2,0.2508162926778593,0.28374332763265836,0.46544037968948243,2
2025-04-24 11:05:00,2,0.23837066713167598,0.271741562999349,0.48988776986897503,2
2025-04-24 11:10:00,2,0.24815094091779816,0.268819981868784,0.4830290772134178,2
2025-04-24 11:15:00,2,0.24377789263390676,0.25668989490853966,0.4995322124575536,2
2025-04-24 11:20:00,2,0.25988435592356796,0.2603168402484629,0.4797988038279692,2
2025-04-24 11:25:00,2,0.22052859305691572,0.006390106941763048,0.7730813000013212,2
2025-04-24 11:30:00,2,0.02434911411866907,0.018385568185775303,0.9572653176955557,2
2025-04-24 11:35:00,2,0.021953333950444475,0.017677172326106265,0.9603694937234492,2
2025-04-24 11:40:00,2,0.020877418406416364,0.015737832564771573,0.9633847490288121,2
2025-04-24 11:45:00,2,0.01701735678816973,0.014801777737122157,0.9681808654747082,2
2025-04-24 11:50:00,2,0.016891744221806858,0.014582503736345358,0.9685257520418479,2
2025-04-24 11:55:00,2,0.020691897188375406,0.014978277968691767,0.9643298248429328,2
2025-04-24 12:00:00,2,0.018871989572725463,0.01425519486078147,0.966872815566493,2
2025-04-24 12:05:00,2,0.017119903630844903,0.01410003747049881,0.9687800588986564,2
2025-04-24 12:10:00,2,0.019017435488315228,0.013780761956057333,0.9672018025556275,2
2025-04-24 12:15:00,2,0.014508564148562459,0.013490313716930782,0.9720011221345067,2
2025-04-24 12:20:00,2,0.01668452337482354,0.013668582190129746,0.9696468944350467,2
2025-04-24 12:25:00,2,0.020176356445809583,0.014411444887985727,0.9654121986662046,2
2025-04-24 12:30:00,2,0.020538550421798515,0.013627178413008745,0.9658342711651927,2
2025-04-24 12:35:00,2,0.020937341903426495,0.013859498222549584,0.9652031598740239,2
2025-04-24 12:40:00,2,0.017051953999169076,0.013532145360267596,0.9694159006405634,2
2025-04-24 12:45:00,2,0.014338036440741764,0.01506734204069827,0.9705946215185599,2
2025-04-24 12:50:00,2,0.01581098271035307,0.013578037954448395,0.9706109793351985,2
2025-04-24 12:55:00,2,0.015630364537523925,0.012997179772007199,0.9713724556904689,2
2025-04-24 13:00:00,2,0.015581928920174728,0.013577711213127978,0.9708403598666974,2
2025-04-24 13:05:00,2,0.016920275868918817,0.013082275440365282,0.9699974486907158,2
2025-04-24 13:10:00,2,0.01889756598956935,0.01415971231994314,0.9669427216904876,2
2025-04-24 13:15:00,2,0.018879046462732803,0.014120349890773357,0.9670006036464939,2
2025-04-24 13:20:00,2,0.017609178079807504,0.013641204869537609,0.9687496170506549,2
2025-04-24 13:25:00,2,0.01851136642045412,0.014309151961688495,0.9671794816178574,2
2025-04-24 13:30:00,2,0.01859180745801844,0.014009936892603046,0.9673982556493785,2
2025-04-24 13:35:00,2,0.1302964447702451,0.004833861697891578,0.8648696935318633,2
2025-04-24 13:40:00,2,0.014781934570607521,0.01166575683725394,0.9735523085921385,2
2025-04-24 13:45:00,2,0.014946964088390342,0.011689825144422997,0.9733632107671867,2
2025-04-24 13:50:00,2,0.015483920017287937,0.011630335373830696,0.9728857446088812,2
2025-04-24 13:55:00,2,0.015019279713513734,0.01145768345161061,0.9735230368348757,2
2025-04-24 14:00:00,2,0.013788426791712107,0.011175274425118197,0.9750362987831697,2
2025-04-24 14:05:00,2,0.013720670550162212,0.010577774731897601,0.9757015547179402,2
2025-04-24 14:10:00,2,0.014994945168671576,0.011322884762149234,0.9736821700691793,2
2025-04-24 14:15:00,2,0.013290929459221041,0.011026113826659507,0.9756829567141194,2
2025-04-24 14:20:00,2,0.013030644433993108,0.011395555396350636,0.9755738001696562,2
2025-04-24 14:25:00,2,0.01405301881395461,0.011117097865640416,0.974829883320405,2
2025-04-24 14:30:00,2,0.015423770319923133,0.011515176554345447,0.9730610531257314,2
2025-04-24 14:35:00,2,0.07270482410808843,0.006167485051837447,0.9211276908400741,2
2025-04-24 14:40:00,2,0.015896138200742354,0.01222630873204875,0.9718775530672088,2
2025-04-24 14:45:00,2,0.01543364236111354,0.011745289514377118,0.9728210681245094,2
2025-04-24 14:50:00,2,0.16359902089584097,0.005102367179968985,0.8312986119241901,2
2025-04-24 14:55:00,2,0.1864916009226996,0.02241178896597276,0.7910966101113277,2
2025-04-24 15:00:00,2,0.20490658673621143,0.22256154276215198,0.5725318705016367,2
2025-04-24 15:05:00,2,0.1894602644293375,0.20829140952606365,0.6022483260445988,2
2025-04-24 15:10:00,2,0.1803433484762585,0.20154549873219307,0.6181111527915484,2
2025-04-24 15:15:00,2,0.1772550179163274,0.19405897700711405,0.6286860050765585,2
2025-04-24 15:20:00,2,0.18972138406977826,0.19178498083875212,0.6184936350914697,2
2025-04-24 15:25:00,2,0.19101817467313226,0.20439259593807374,0.604589229388794,2
2025-04-25 09:15:00,2,0.03290930858142352,0.27367405113131105,0.6934166402872654,2
2025-04-25 09:20:00,1,0.18544960719679845,0.34635356699439074,0.4681968258088107,1
2025-04-25 09:25:00,2,0.04047453503163016,0.07962221079110074,0.879903254177269,2
2025-04-25 09:30:00,1,0.24891630145537935,0.38865443551600243,0.3624292630286183,1
2025-04-25 09:35:00,1,0.3305314655319604,0.344688715293027,0.3247798191750126,2
2025-04-25 09:40:00,1,0.31673270800030606,0.3727810929250188,0.3104861990746751,1
2025-04-25 09:45:00,2,0.32005715585001493,0.038345638405403226,0.6415972057445818,0
2025-04-25 09:50:00,2,0.32100738181623456,0.03563005704343317,0.6433625611403323,0
2025-04-25 09:55:00,2,0.04054744996676287,0.04337440896661587,0.9160781410666212,2
2025-04-25 10:00:00,2,0.039394245936154,0.0452168215368208,0.9153889325270251,2
2025-04-25 10:05:00,2,0.048996798521142505,0.05443159359340482,0.8965716078854528,2
2025-04-25 10:10:00,1,0.29486767444259865,0.4084869833313981,0.2966453422260032,1
2025-04-25 10:15:00,1,0.26243798601260276,0.3625180424805505,0.3750439715068467,1
2025-04-25 10:20:00,2,0.0998173787274877,0.11145667941851871,0.7887259418539937,2
2025-04-25 10:25:00,2,0.03991160414335267,0.05095621813834195,0.9091321777183053,2
2025-04-25 10:30:00,2,0.04179412414724114,0.055035265639026804,0.903170610213732,2
2025-04-25 10:35:00,1,0.3989000493337344,0.4087048314938618,0.1923951191724039,2
2025-04-25 10:40:00,1,0.37930059272216265,0.40610901009038314,0.21459039718745412,2
2025-04-25 10:45:00,1,0.40850209099787577,0.3918328405426595,0.19966506845946475,2
2025-04-25 10:50:00,2,0.1191951130195774,0.1395339996041678,0.7412708873762548,2
2025-04-25 10:55:00,2,0.03721764598861837,0.5607101711017639,0.4020721829096177,1
2025-04-25 11:00:00,2,0.02322723383694082,0.5811487531899404,0.3956240129731187,1
2025-04-25 11:05:00,1,0.37930348352928817,0.42976141379103794,0.1909351026796739,1
2025-04-25 11:10:00,1,0.34935961111974323,0.4622933567111383,0.18834703216911847,1
2025-04-25 11:15:00,2,0.047987130129487306,0.6383455596636566,0.3136673102068562,1
2025-04-25 11:20:00,2,0.20266244504851558,0.5507148861695506,0.2466226687819339,1
2025-04-25 11:25:00,2,0.3036742668456611,0.5039622056509168,0.1923635275034221,1
2025-04-25 11:30:00,1,0.2075462834668846,0.5512173578185893,0.24123635871452623,1
2025-04-25 11:35:00,1,0.2930393139828771,0.4846218900979677,0.22233879591915526,1
2025-04-25 11:40:00,1,0.29256385865189355,0.4865100605484536,0.22092608079965284,1
2025-04-25 11:45:00,2,0.0905530964187242,0.6136437403250729,0.29580316325620304,1
2025-04-25 11:50:00,0,0.23730293800850097,0.5439406525385598,0.21875640945293917,1
2025-04-25 11:55:00,0,0.23606685172361758,0.5308969527830174,0.233036195493365,1
2025-04-25 12:00:00,0,0.2529369470365161,0.5100142920986971,0.23704876086478693,1
2025-04-25 12:05:00,0,0.23871988812445893,0.4974157644094493,0.2638643474660918,1
2025-04-25 12:10:00,2,0.23825608320895678,0.5608722633309845,0.20087165346005867,1
2025-04-25 12:15:00,2,0.24993265747633575,0.5569706739088571,0.1930966686148073,1
2025-04-25 12:20:00,0,0.2578088621843433,0.5559510615109519,0.18624007630470482,1
2025-04-25 12:25:00,2,0.25780794074941693,0.5556186923770633,0.1865733668735197,1
2025-04-25 12:30:00,2,0.26581667497770967,0.5274556176206837,0.2067277074016067,1
2025-04-25 12:35:00,2,0.5399615053798047,0.08306765844787058,0.3769708361723247,0
2025-04-25 12:40:00,0,0.27289693151403627,0.5458811014939144,0.18122196699204926,1
2025-04-25 12:45:00,0,0.28186413275553907,0.519013228097843,0.19912263914661793,1
2025-04-25 12:50:00,0,0.2538104221260595,0.5166506615068649,0.2295389163670756,1
2025-04-25 12:55:00,2,0.14378780651238032,0.1211379382489634,0.7350742552386562,2
2025-04-25 13:00:00,2,0.14783593005410806,0.11948391134938827,0.7326801585965037,2
2025-04-25 13:05:00,2,0.15283284382957762,0.0992420926849755,0.747925063485447,2
2025-04-25 13:10:00,2,0.064409243744055,0.09502442795521925,0.8405663283007258,2
2025-04-25 13:15:00,2,0.06105696367378888,0.08783245473266744,0.8511105815935437,2
2025-04-25 13:20:00,2,0.0674659795369317,0.09066030289365176,0.8418737175694166,2
2025-04-25 13:25:00,0,0.3572290204363136,0.433243359657785,0.2095276199059015,1
2025-04-25 13:30:00,2,0.07890333498923348,0.11034202160096018,0.8107546434098064,2
2025-04-25 13:35:00,0,0.31026464321646696,0.4156470713172501,0.27408828546628283,1
2025-04-25 13:40:00,2,0.05156740038460484,0.067989263769827,0.8804433358455681,2
2025-04-25 13:45:00,2,0.03856715242676247,0.05253429483094952,0.908898552742288,2
2025-04-25 13:50:00,2,0.03590528173561233,0.049096377902204835,0.9149983403621827,2
2025-04-25 13:55:00,2,0.03441843468835426,0.04344326451971877,0.9221383007919269,2
2025-04-25 14:00:00,2,0.23332854093163055,0.2905144547253853,0.4761570043429842,1
2025-04-25 14:05:00,0,0.30029656234036833,0.4226023448128525,0.27710109284677914,1
2025-04-25 14:10:00,2,0.2715054643218913,0.457509607702346,0.27098492797576273,1
2025-04-25 14:15:00,1,0.3116420320664789,0.35610927246289303,0.3322486954706282,2
2025-04-25 14:20:00,1,0.29635661993261064,0.3638658587368806,0.33977752133050876,1
2025-04-25 14:25:00,1,0.3069879768069183,0.3805646453448255,0.31244737784825627,1
2025-04-25 14:30:00,2,0.30387451381908354,0.40032938882767893,0.2957960973532375,1
2025-04-25 14:35:00,2,0.28000775482764256,0.427277960740585,0.29271428443177255,1
2025-04-25 14:40:00,2,0.2767807695230685,0.4040208417079483,0.31919838876898315,1
2025-04-25 14:45:00,2,0.29595401996038884,0.39490992623687665,0.30913605380273446,1
2025-04-25 14:50:00,2,0.27558203067618703,0.37578736312391325,0.3486306061998997,1
2025-04-25 14:55:00,2,0.28270131623296385,0.39024896817719,0.32704971558984613,1
2025-04-25 15:00:00,2,0.2794216566422768,0.3795055590234286,0.34107278433429455,1
2025-04-25 15:05:00,2,0.27189539469140245,0.3868880399108239,0.3412165653977737,1
2025-04-25 15:10:00,2,0.2832885026729121,0.3805287104167776,0.3361827869103102,1
2025-04-25 15:15:00,2,0.24579432068896964,0.37941395873394435,0.37479172057708593,1
2025-04-25 15:20:00,2,0.2548782532454168,0.04101407676310236,0.704107669991481,2
2025-04-25 15:25:00,2,0.22287502520127644,0.04393609226839002,0.7331888825303335,2
2025-04-28 09:15:00,0,0.2534371265146957,0.3278781187724198,0.41868475471288447,1
2025-04-28 09:20:00,0,0.26111622541238805,0.40753012239047404,0.3313536521971379,1
2025-04-28 09:25:00,0,0.26125479302380333,0.3712732739275209,0.3674719330486758,1
2025-04-28 09:30:00,2,0.202345971669899,0.2403308828839392,0.5573231454461618,2
2025-04-28 09:35:00,2,0.03827533118632591,0.1816381553937315,0.7800865134199426,2
2025-04-28 09:40:00,0,0.32266820396062196,0.35297601196042633,0.32435578407895166,2
2025-04-28 09:45:00,0,0.3333936689352674,0.2991800679058822,0.3674262631588504,2
2025-04-28 09:50:00,0,0.3133898812917069,0.2864276973161565,0.4001824213921365,2
2025-04-28 09:55:00,2,0.18784258739202309,0.14854387569432947,0.6636135369136474,2
2025-04-28 10:00:00,2,0.15476373557212966,0.11648797797543241,0.728748286452438,2
2025-04-28 10:05:00,2,0.03419683603086411,0.032211965288846255,0.9335911986802896,2
2025-04-28 10:10:00,2,0.028189844856424163,0.020275285356486948,0.9515348697870889,2
2025-04-28 10:15:00,2,0.02642708263904241,0.01723408069491919,0.9563388366660384,2
2025-04-28 10:20:00,2,0.2945717495909331,0.23946738014943791,0.46596087025962896,2
2025-04-28 10:25:00,2,0.2809107316280203,0.25263161049749766,0.46645765787448196,2
2025-04-28 10:30:00,2,0.25048651349700507,0.2108129761305507,0.5387005103724443,2
2025-04-28 10:35:00,2,0.3464662835380331,0.25250442978121146,0.40102928668075555,0
2025-04-28 10:40:00,0,0.36128851238984555,0.30201203661181625,0.33669945099833826,0
2025-04-28 10:45:00,2,0.3427147974670048,0.2538888065448973,0.4033963959880979,0
2025-04-28 10:50:00,2,0.3478480933769858,0.22783406560493785,0.42431784101807635,0
2025-04-28 10:55:00,1,0.3245255345048151,0.2110160692885957,0.4644583962065892,0
2025-04-28 11:00:00,1,0.34706757192516274,0.23457284029168657,0.4183595877831507,0
2025-04-28 11:05:00,1,0.3468262786725048,0.23797885783109993,0.41519486349639523,0
2025-04-28 11:10:00,2,0.3862350738447869,0.35330370132002853,0.2604612248351844,2
2025-04-28 11:15:00,0,0.40154817933449927,0.3348253251899365,0.2636264954755642,0
2025-04-28 11:20:00,0,0.3837890557821863,0.3465167244327058,0.2696942197851078,2
2025-04-28 11:25:00,0,0.384478693144955,0.3149376049426486,0.30058370191239636,0
2025-04-28 11:30:00,2,0.35539309644664474,0.2769863797176319,0.3676205238357234,0
2025-04-28 11:35:00,2,0.3461403787864719,0.26286889609568276,0.3909907251178454,0
2025-04-28 11:40:00,2,0.34758402124958626,0.2578736777602901,0.3945423009901236,0
2025-04-28 11:45:00,2,0.3559658682090855,0.269730094504253,0.37430403728666145,0
2025-04-28 11:50:00,2,0.3638746506079697,0.2703886953122555,0.36573665407977485,0
2025-04-28 11:55:00,2,0.36272758921931175,0.2714267253448281,0.3658456854358601,0
2025-04-28 12:00:00,0,0.34837173822566125,0.25328844232217984,0.3983398194521589,0
2025-04-28 12:05:00,0,0.361607819970258,0.2719191157593907,0.36647306427035126,0
2025-04-28 12:10:00,0,0.3713744407168056,0.23176216846941802,0.39686339081377636,0
2025-04-28 12:15:00,2,0.08116380879238683,0.033080650965956825,0.8857555402416564,2
2025-04-28 12:20:00,2,0.08337365280276135,0.04432675071200359,0.8722995964852351,2
2025-04-28 12:25:00,2,0.5041424606997217,0.01696508323637644,0.4788924560639019,0
2025-04-28 12:30:00,2,0.4851956091863039,0.017483733489340823,0.4973206573243554,0
2025-04-28 12:35:00,2,0.5117617435298037,0.019875238816280824,0.4683630176539154,0
2025-04-28 12:40:00,2,0.5408169024516893,0.02438315446702727,0.4347999430812834,0
2025-04-28 12:45:00,2,0.5240369878892591,0.02788562715995458,0.4480773849507864,0
2025-04-28 12:50:00,2,0.5237846831634831,0.02678287544033836,0.4494324413961784,0
2025-04-28 12:55:00,2,0.5248577829318268,0.020152308879550523,0.4549899081886226,0
2025-04-28 13:00:00,2,0.4161596946861554,0.21100406575669914,0.3728362395571453,0
2025-04-28 13:05:00,2,0.41355463572355095,0.2011095096028028,0.3853358546736463,0
2025-04-28 13:10:00,2,0.3988288075820635,0.21313630200035205,0.38803489041758443,0
2025-04-28 13:15:00,2,0.389703363369668,0.24449822709427818,0.36579840953605375,0
2025-04-28 13:20:00,2,0.37043981530366593,0.22323279791256123,0.40632738678377284,0
2025-04-28 13:25:00,2,0.3781635414842605,0.21706771133211644,0.40476874718362293,0
2025-04-28 13:30:00,2,0.3727665070518276,0.2126737180615131,0.4145597748866593,0
2025-04-28 13:35:00,2,0.3094337295132997,0.18029079909367343,0.5102754713930269,2
2025-04-28 13:40:00,2,0.29543821482291405,0.15946383018395038,0.5450979549931356,2
2025-04-28 13:45:00,2,0.2740786204009978,0.15654552037044847,0.5693758592285538,2
2025-04-28 13:50:00,2,0.2976389381914779,0.18907053551786088,0.5132905262906612,2
2025-04-28 13:55:00,2,0.2720125510185412,0.17631081255599151,0.5516766364254673,2
2025-04-28 14:00:00,2,0.26157878927496336,0.17629290085837265,0.562128309866664,2
2025-04-28 14:05:00,2,0.2567224356401929,0.1654299294825205,0.5778476348772866,2
2025-04-28 14:10:00,1,0.2589413841205769,0.12143334725104739,0.6196252686283756,2
2025-04-28 14:15:00,2,0.2870858436475474,0.19617722777915061,0.516736928573302,2
2025-04-28 14:20:00,2,0.2661257164725737,0.22528772761152333,0.508586555915903,2
2025-04-28 14:25:00,1,0.2844397668208258,0.22327104917744084,0.4922891840017333,2
2025-04-28 14:30:00,2,0.24292508433295884,0.22470092325168697,0.5323739924153541,2
2025-04-28 14:35:00,2,0.030234314192594675,0.04144485734372042,0.9283208284636849,2
2025-04-28 14:40:00,2,0.03146692805278806,0.030785715006478698,0.9377473569407333,2
2025-04-28 14:45:00,2,0.03738844364175076,0.036302719099352156,0.926308837258897,2
2025-04-28 14:50:00,2,0.282915823580176,0.23608108004370115,0.48100309637612293,2
2025-04-28 14:55:00,2,0.24471888148056936,0.22678204456612042,0.5284990739533103,2
2025-04-28 15:00:00,2,0.26347372753898407,0.2252584064960414,0.5112678659649745,2
2025-04-28 15:05:00,2,0.263835539823023,0.23117682905217377,0.5049876311248034,2
2025-04-28 15:10:00,2,0.25677105492838836,0.20955729756528277,0.5336716475063288,2
2025-04-28 15:15:00,2,0.23952426932586865,0.1913809338618491,0.5690947968122823,2
2025-04-28 15:20:00,2,0.25270742437286475,0.20991151986013398,0.5373810557670012,2
2025-04-28 15:25:00,2,0.2640651058654121,0.25347356526950726,0.48246132886508053,2
2025-04-29 09:15:00,2,0.026288467663215097,0.03848877974279103,0.9352227525939938,2
2025-04-29 09:20:00,2,0.02127842559380194,0.029618256541284166,0.9491033178649138,2
2025-04-29 09:25:00,1,0.19966020753063873,0.31876039825138813,0.48157939421797297,1
2025-04-29 09:30:00,2,0.03395012493969128,0.043300586146720894,0.9227492889135879,2
2025-04-29 09:35:00,2,0.23837077381818025,0.4156737678673393,0.3459554583144804,1
2025-04-29 09:40:00,0,0.3148820449405759,0.39042914987042693,0.2946888051889971,1
2025-04-29 09:45:00,0,0.3101984373024605,0.39544726875739167,0.2943542939401478,1
2025-04-29 09:50:00,2,0.2892999036587412,0.42511062413260087,0.2855894722086578,1
2025-04-29 09:55:00,2,0.27772412389402445,0.43024608428269845,0.29202979182327715,1
2025-04-29 10:00:00,1,0.25564368326189507,0.41874401462590655,0.3256123021121983,1
2025-04-29 10:05:00,2,0.2781401509754975,0.4437642577507044,0.278095591273798,1
2025-04-29 10:10:00,2,0.2717640040295152,0.3978329812166814,0.33040301475380335,1
2025-04-29 10:15:00,2,0.3114268125453071,0.3768273021232444,0.31174588533144854,1
2025-04-29 10:20:00,2,0.2476644722307737,0.40190482697161095,0.35043070079761546,1
2025-04-29 10:25:00,2,0.28359465561343433,0.36258184853812453,0.35382349584844114,1
2025-04-29 10:30:00,2,0.2387887070938842,0.35284939689418127,0.40836189601193457,1
2025-04-29 10:35:00,2,0.2901344129662302,0.4186045735934479,0.29126101344032185,1
2025-04-29 10:40:00,2,0.3053739826255595,0.3713789542109091,0.3232470631635315,1
2025-04-29 10:45:00,2,0.2514311088249127,0.3861864765932344,0.3623824145818528,1
2025-04-29 10:50:00,0,0.28405825781197536,0.3704705710473487,0.3454711711406758,1
2025-04-29 10:55:00,2,0.026120505873077883,0.02395922791008529,0.9499202662168369,2
2025-04-29 11:00:00,2,0.019434321477586686,0.02750431420253076,0.9530613643198826,2
2025-04-29 11:05:00,2,0.015714514477774166,0.027403997111260417,0.9568814884109655,2
2025-04-29 11:10:00,2,0.019550666800752365,0.02730994828835252,0.9531393849108951,2
2025-04-29 11:15:00,2,0.01959852257617084,0.025533699044363454,0.9548677783794657,2
2025-04-29 11:20:00,2,0.01813883089955927,0.023489215555942296,0.9583719535444984,2
2025-04-29 11:25:00,2,0.017192112466714527,0.022513904694710502,0.9602939828385749,2
2025-04-29 11:30:00,2,0.017866165926932086,0.022337132690431333,0.9597967013826365,2
2025-04-29 11:35:00,2,0.016678122752054828,0.021259408178581712,0.9620624690693634,2
2025-04-29 11:40:00,2,0.014429415056839465,0.019867281190690422,0.96570330375247,2
2025-04-29 11:45:00,2,0.020150317420449527,0.022493409118747577,0.9573562734608029,2
2025-04-29 11:50:00,2,0.027921055114774745,0.024719431985665397,0.9473595128995599,2
2025-04-29 11:55:00,2,0.03178561269075587,0.022518988316383676,0.9456953989928605,2
2025-04-29 12:00:00,2,0.023974816900161695,0.02445477928667392,0.9515704038131644,2
2025-04-29 12:05:00,2,0.02332935594683518,0.022048694384792823,0.954621949668372,2
2025-04-29 12:10:00,2,0.022623935896882445,0.021874716509513132,0.9555013475936045,2
2025-04-29 12:15:00,2,0.02228913853892273,0.022053325587286364,0.9556575358737909,2
2025-04-29 12:20:00,2,0.021665385122762934,0.02002052248907017,0.9583140923881669,2
2025-04-29 12:25:00,2,0.020296485762197,0.020458833646759433,0.9592446805910436,2
2025-04-29 12:30:00,2,0.018249083686175418,0.02230063321342088,0.9594502831004036,2
2025-04-29 12:35:00,2,0.017118437043253495,0.023140902315120233,0.9597406606416263,2
2025-04-29 12:40:00,2,0.014247458288351666,0.020516616845556928,0.9652359248660913,2
2025-04-29 12:45:00,2,0.014306927206779781,0.02098557491082259,0.9647074978823976,2
2025-04-29 12:50:00,2,0.006628614129521937,0.17347481235505194,0.8198965735154261,2
2025-04-29 12:55:00,2,0.005863451776826425,0.16471668870941675,0.8294198595137567,2
2025-04-29 13:00:00,2,0.0056614778636184925,0.1751666523919741,0.8191718697444074,2
2025-04-29 13:05:00,2,0.013758909164373688,0.021680823674708184,0.964560267160918,2
2025-04-29 13:10:00,2,0.01347331983162937,0.022239170619286847,0.9642875095490837,2
2025-04-29 13:15:00,2,0.014910033890427287,0.023577383701694835,0.961512582407878,2
2025-04-29 13:20:00,2,0.013365294751265364,0.022109413316083407,0.9645252919326512,2
2025-04-29 13:25:00,2,0.014320455563425268,0.02435453411448859,0.9613250103220862,2
2025-04-29 13:30:00,2,0.013135640697153735,0.023034919202454495,0.9638294401003917,2
2025-04-29 13:35:00,2,0.0103261166802686,0.017470018097345982,0.9722038652223854,2
2025-04-29 13:40:00,2,0.012515368613299988,0.01903956813992853,0.9684450632467715,2
2025-04-29 13:45:00,2,0.010611061763553569,0.01778085536816046,0.971608082868286,2
2025-04-29 13:50:00,2,0.011368313958345828,0.017787876866072465,0.9708438091755818,2
2025-04-29 13:55:00,2,0.011105340120340573,0.016812229596932342,0.972082430282727,2
2025-04-29 14:00:00,2,0.009514728080829097,0.01626757962027125,0.9742176922988997,2
2025-04-29 14:05:00,2,0.009744468148810222,0.016575364779111562,0.9736801670720782,2
2025-04-29 14:10:00,2,0.00936351403789407,0.016704977129657548,0.9739315088324485,2
2025-04-29 14:15:00,2,0.009448623519816601,0.015960923770215265,0.9745904527099681,2
2025-04-29 14:20:00,2,0.010521069992058284,0.016334043716295286,0.9731448862916463,2
2025-04-29 14:25:00,2,0.01369015564122618,0.017196163631599634,0.9691136807271741,2
2025-04-29 14:30:00,2,0.015012747407001351,0.016260441105570688,0.9687268114874279,2
2025-04-29 14:35:00,2,0.011996348125162575,0.016763807952329332,0.9712398439225081,2
2025-04-29 14:40:00,2,0.009377667575115515,0.01548470829999251,0.975137624124892,2
2025-04-29 14:45:00,2,0.009557252489356908,0.013813542920540458,0.9766292045901026,2
2025-04-29 14:50:00,2,0.01104457441987265,0.015304366615978228,0.973651058964149,2
2025-04-29 14:55:00,2,0.01397279084662139,0.015594213449116491,0.9704329957042621,2
2025-04-29 15:00:00,2,0.13816896308009236,0.007290629330306703,0.8545404075896009,2
2025-04-29 15:05:00,2,0.05858689199888238,0.008634729057569106,0.9327783789435484,2
2025-04-29 15:10:00,2,0.11644308465465622,0.005357486527718381,0.8781994288176254,2
2025-04-29 15:15:00,2,0.014426757562356151,0.0171647805999289,0.968408461837715,2
2025-04-29 15:20:00,2,0.015414084439936205,0.017966005752094293,0.9666199098079696,2
2025-04-29 15:25:00,2,0.017252543255129246,0.018047358246985314,0.9647000984978854,2
2025-04-30 09:15:00,2,0.17356144812144222,0.00895224542316038,0.8174863064553973,2
2025-04-30 09:20:00,0,0.16790264689971673,0.006982388172782102,0.8251149649275011,2
2025-04-30 09:25:00,2,0.22265666277870705,0.32243544543911645,0.45490789178217644,1
2025-04-30 09:30:00,0,0.20365642976009793,0.2980249273731511,0.49831864286675087,1
2025-04-30 09:35:00,2,0.2079095508235288,0.2724754501175756,0.5196149990588956,1
2025-04-30 09:40:00,2,0.21675159018125625,0.31310669775420663,0.4701417120645372,1
2025-04-30 09:45:00,2,0.2030624413712265,0.22567122681404342,0.5712663318147301,2
2025-04-30 09:50:00,2,0.042401966657857434,0.06325003461640606,0.8943479987257366,2
2025-04-30 09:55:00,2,0.22024994577197055,0.33965976733357606,0.44009028689445334,1
2025-04-30 10:00:00,2,0.2123832068812228,0.3272846389351355,0.46033215418364176,1
2025-04-30 10:05:00,2,0.17902282893434776,0.2829963277892061,0.5379808432764462,1
2025-04-30 10:10:00,2,0.013549193021235298,0.01886661076393453,0.9675841962148303,2
2025-04-30 10:15:00,2,0.011279168622927927,0.016295411056354934,0.9724254203207171,2
2025-04-30 10:20:00,2,0.011061996254015506,0.0170331583474719,0.9719048453985126,2
2025-04-30 10:25:00,2,0.015541350079838362,0.01725332879819442,0.9672053211219673,2
2025-04-30 10:30:00,2,0.04929099892062048,0.009424330283690281,0.9412846707956892,2
2025-04-30 10:35:00,2,0.15179788298612637,0.010326338062396584,0.837875778951477,2
2025-04-30 10:40:00,2,0.26982541533643584,0.34527057526645577,0.3849040093971084,1
2025-04-30 10:45:00,0,0.2509530312377828,0.3272776777958216,0.42176929096639565,1
2025-04-30 10:50:00,2,0.2351591729781112,0.32601765529629484,0.43882317172559404,1
2025-04-30 10:55:00,2,0.23465466014638886,0.3399499229034649,0.4253954169501463,1
2025-04-30 11:00:00,2,0.21733739079492673,0.310261804334322,0.4724008048707512,1
2025-04-30 11:05:00,2,0.2540820449552389,0.3376975744455182,0.408220380599243,1
2025-04-30 11:10:00,2,0.24191902531007592,0.32237351353694715,0.435707461152977,1
2025-04-30 11:15:00,1,0.2665164122911353,0.32969185735047557,0.4037917303583892,1
2025-04-30 11:20:00,2,0.2582582314888478,0.35956635426939343,0.38217541424175877,1
2025-04-30 11:25:00,2,0.023710098486148107,0.02259749934236285,0.953692402171489,2
2025-04-30 11:30:00,2,0.02401013657619262,0.021741818326335212,0.9542480450974722,2
2025-04-30 11:35:00,2,0.022777948426937616,0.021954397815660463,0.9552676537574019,2
2025-04-30 11:40:00,2,0.01949780132277014,0.01884976071653474,0.961652437960695,2
2025-04-30 11:45:00,2,0.020493879169984772,0.020878427101823437,0.9586276937281918,2
2025-04-30 11:50:00,2,0.01710039077815535,0.019928833016519786,0.9629707762053249,2
2025-04-30 11:55:00,2,0.015157289254527574,0.02046039609320524,0.9643823146522672,2
2025-04-30 12:00:00,2,0.014221180184350896,0.020887092331227885,0.9648917274844213,2
2025-04-30 12:05:00,2,0.013452926028389331,0.01887503235137232,0.9676720416202383,2
2025-04-30 12:10:00,2,0.013115546131050265,0.016370411163275807,0.970514042705674,2
2025-04-30 12:15:00,2,0.012596112916112536,0.015739483666385043,0.9716644034175024,2
2025-04-30 12:20:00,2,0.011320355748992338,0.015542798299466419,0.9731368459515413,2
2025-04-30 12:25:00,2,0.01195636189124097,0.016387990991880094,0.971655647116879,2
2025-04-30 12:30:00,2,0.006350638037729543,0.1264716028457329,0.8671777591165376,2
2025-04-30 12:35:00,2,0.01140775831698316,0.0157586306780014,0.9728336110050154,2
2025-04-30 12:40:00,2,0.011365572885662948,0.016015357447457135,0.9726190696668798,2
2025-04-30 12:45:00,2,0.011446977314821747,0.01496856863055063,0.9735844540546276,2
2025-04-30 12:50:00,2,0.010477371724206262,0.01447900526048474,0.975043623015309,2
2025-04-30 12:55:00,2,0.014522266847759797,0.015752062996764064,0.9697256701554761,2
2025-04-30 13:00:00,2,0.01627971326622051,0.016405072802299147,0.9673152139314805,2
2025-04-30 13:05:00,2,0.016015385233320092,0.01652089549328653,0.9674637192733934,2
2025-04-30 13:10:00,2,0.016283756733417566,0.015694252535551713,0.9680219907310308,2
2025-04-30 13:15:00,2,0.016190442920318435,0.014998892606240223,0.9688106644734414,2
2025-04-30 13:20:00,2,0.013773039238648378,0.01370276277638953,0.972524197984962,2
2025-04-30 13:25:00,2,0.014349682089108595,0.014245733898143705,0.9714045840127477,2
2025-04-30 13:30:00,2,0.01272710530966188,0.014412528805815648,0.9728603658845225,2
2025-04-30 13:35:00,2,0.008761611566519648,0.012099350796228484,0.9791390376372517,2
2025-04-30 13:40:00,2,0.007921750364113543,0.012537812600470493,0.9795404370354159,2
2025-04-30 13:45:00,2,0.008194967663093296,0.010449307293218208,0.9813557250436885,2
2025-04-30 13:50:00,2,0.010370961500702386,0.01091380141819716,0.9787152370811003,2
2025-04-30 13:55:00,2,0.009373012979112185,0.011101632733194458,0.9795253542876934,2
2025-04-30 14:00:00,2,0.009035443886869884,0.011315308995275782,0.9796492471178544,2
2025-04-30 14:05:00,2,0.010791567499176211,0.010916777609267033,0.9782916548915569,2
2025-04-30 14:10:00,2,0.010073448649687426,0.01086356255820758,0.9790629887921051,2
2025-04-30 14:15:00,2,0.010177960160175534,0.010577549219588967,0.9792444906202356,2
2025-04-30 14:20:00,2,0.010141396610585184,0.010288086092311497,0.9795705172971034,2
2025-04-30 14:25:00,2,0.009969502982754072,0.010621509104022164,0.9794089879132237,2
2025-04-30 14:30:00,2,0.015276683146008233,0.010550190977204204,0.9741731258767876,2
2025-04-30 14:35:00,2,0.010174066593669396,0.011759052741679075,0.9780668806646515,2
2025-04-30 14:40:00,2,0.00942880064615605,0.011298879758526064,0.9792723195953178,2
2025-04-30 14:45:00,2,0.010152947530489188,0.01418066587587698,0.9756663865936338,2
2025-04-30 14:50:00,2,0.0047616360213217045,0.11649320675857955,0.8787451572200987,2
2025-04-30 14:55:00,2,0.011796007908728263,0.020380460208606628,0.9678235318826651,2
2025-04-30 15:00:00,2,0.012216978955955608,0.02130848861202993,0.9664745324320143,2
2025-04-30 15:05:00,2,0.0056113797032378825,0.11386793399688902,0.8805206862998731,2
2025-04-30 15:10:00,2,0.01629955378644462,0.02195091810520445,0.961749528108351,2
2025-04-30 15:15:00,2,0.022954466836591518,0.019340631193171674,0.9577049019702367,2
2025-04-30 15:20:00,2,0.2275960832680469,0.006587521132695647,0.7658163955992574,2
2025-04-30 15:25:00,2,0.3209795883241599,0.0348490701150275,0.6441713415608126,0
2025-05-02 09:15:00,0,0.3328097533287135,0.3334865428675549,0.3337037038037315,2
2025-05-02 09:20:00,0,0.33685834530495984,0.3439885454695688,0.31915310922547135,2
2025-05-02 09:25:00,2,0.05145064546195535,0.20905297450878646,0.7394963800292582,2
2025-05-02 09:30:00,2,0.04534420707498809,0.19893407167674088,0.755721721248271,2
2025-05-02 09:35:00,2,0.04240793777542812,0.18305768246756343,0.7745343797570086,2
2025-05-02 09:40:00,2,0.05508269661226716,0.18411631220366576,0.7608009911840671,2
2025-05-02 09:45:00,2,0.04769404578803521,0.16900143580918975,0.783304518402775,2
2025-05-02 09:50:00,2,0.04282813459492914,0.15715345707971565,0.8000184083253552,2
2025-05-02 09:55:00,2,0.040478937391143034,0.14149153187844674,0.8180295307304103,2
2025-05-02 10:00:00,2,0.04990979688646459,0.15933841121512862,0.7907517918984068,2
2025-05-02 10:05:00,2,0.03405061607525926,0.13271362139088114,0.8332357625338596,2
2025-05-02 10:10:00,1,0.025261025558475394,0.06613193829527003,0.9086070361462545,2
2025-05-02 10:15:00,1,0.2660379710198558,0.20769030875680378,0.5262717202233403,2
2025-05-02 10:20:00,2,0.2562350955053257,0.19981098738433004,0.5439539171103442,2
2025-05-02 10:25:00,2,0.26445167712450063,0.2674920872977623,0.4680562355777372,2
2025-05-02 10:30:00,2,0.2576511528964098,0.29487406636674146,0.44747478073684877,2
2025-05-02 10:35:00,1,0.3864124631091013,0.3306654417557001,0.28292209513519856,0
2025-05-02 10:40:00,1,0.36729001294768804,0.37488842850325477,0.25782155854905714,2
2025-05-02 10:45:00,1,0.36853412306140304,0.3755707874434115,0.2558950894951854,2
2025-05-02 10:50:00,2,0.5025288436366999,0.049441511502408435,0.4480296448608917,0
2025-05-02 10:55:00,2,0.453079289458769,0.312507244034839,0.2344134665063921,0
2025-05-02 11:00:00,2,0.486717321156284,0.04986017522019241,0.46342250362352355,0
2025-05-02 11:05:00,1,0.3858831461433924,0.3806346269513332,0.2334822269052743,2
2025-05-02 11:10:00,1,0.40514095471540934,0.367305669324338,0.2275533759602527,2
2025-05-02 11:15:00,2,0.45800253035305033,0.046450897694331854,0.4955465719526178,0
2025-05-02 11:20:00,2,0.48257446879860827,0.04044778850956151,0.4769777426918303,0
2025-05-02 11:25:00,2,0.4554637086370225,0.054348222961552076,0.49018806840142526,0
2025-05-02 11:30:00,2,0.44964812958583067,0.0436302578081769,0.5067216126059925,0
2025-05-02 11:35:00,2,0.44619330389735307,0.05855745382552913,0.49524924227711775,0
2025-05-02 11:40:00,2,0.3344519241886723,0.054620592096266095,0.6109274837150616,0
2025-05-02 11:45:00,2,0.3065862745957293,0.057881015916511284,0.6355327094877593,2
2025-05-02 11:50:00,1,0.3609313925336851,0.40885093684947926,0.23021767061683568,2
2025-05-02 11:55:00,1,0.3396800684430366,0.40211092949179905,0.25820900206516423,1
2025-05-02 12:00:00,1,0.33954805876260064,0.3981962915859069,0.2622556496514925,1
2025-05-02 12:05:00,2,0.07304255149704131,0.0632760307344051,0.8636814177685536,2
2025-05-02 12:10:00,2,0.0627110353639529,0.06110779771521654,0.8761811669208305,2
2025-05-02 12:15:00,2,0.061637306797215144,0.057611965351574666,0.8807507278512102,2
2025-05-02 12:20:00,2,0.06346928693899596,0.05788196401236096,0.8786487490486431,2
2025-05-02 12:25:00,2,0.058215601791414766,0.05652547791976431,0.8852589202888209,2
2025-05-02 12:30:00,2,0.062345332183604635,0.056994057835241536,0.8806606099811538,2
2025-05-02 12:35:00,2,0.2011829366322401,0.23465228132915042,0.5641647820386094,2
2025-05-02 12:40:00,2,0.3612036671235772,0.4079461498080943,0.23085018306832844,2
2025-05-02 12:45:00,2,0.3467530202196248,0.41484249868971895,0.23840448109065626,1
2025-05-02 12:50:00,2,0.35556240387376686,0.4089305951849414,0.23550700094129176,1
2025-05-02 12:55:00,2,0.3702485938047458,0.3892768083815589,0.24047459781369523,2
2025-05-02 13:00:00,0,0.38053848236009113,0.39856150182094924,0.22090001581895974,2
2025-05-02 13:05:00,0,0.3547656445043612,0.4092331728052197,0.23600118269041906,1
2025-05-02 13:10:00,0,0.35476324079778143,0.39856020692703525,0.24667655227518334,2
2025-05-02 13:15:00,0,0.33917410707088935,0.39972338975985033,0.2611025031692603,1
2025-05-02 13:20:00,2,0.14064827210682476,0.18228899691336112,0.6770627309798142,2
2025-05-02 13:25:00,2,0.062225572960238444,0.10383789424743196,0.8339365327923297,2
2025-05-02 13:30:00,2,0.06753783133584337,0.09274932592188055,0.8397128427422761,2
2025-05-02 13:35:00,2,0.038651043298711336,0.055852468674044746,0.9054964880272439,2
2025-05-02 13:40:00,2,0.04393532416718236,0.05294524214062805,0.9031194336921896,2
2025-05-02 13:45:00,2,0.040371328415610516,0.0492592241959819,0.9103694473884076,2
2025-05-02 13:50:00,2,0.03851081590111693,0.04713422396520181,0.9143549601336813,2
2025-05-02 13:55:00,2,0.297354004394013,0.3564988330594551,0.3461471625465319,1
2025-05-02 14:00:00,2,0.3019967428889169,0.31166685629050417,0.386336400820579,2
2025-05-02 14:05:00,1,0.27312975600483763,0.2913550717967906,0.43551517219837177,2
2025-05-02 14:10:00,1,0.29349326655836927,0.35564178235558114,0.3508649510860497,1
2025-05-02 14:15:00,1,0.28231744481967475,0.3600334823677151,0.3576490728126101,1
2025-05-02 14:20:00,2,0.32002529735795016,0.3353515817732788,0.344623120868771,2
2025-05-02 14:25:00,2,0.25966174034834866,0.03612671895386597,0.7042115406977852,2
2025-05-02 14:30:00,0,0.25485011655040446,0.036467107829581256,0.7086827756200144,2
2025-05-02 14:35:00,0,0.30446455297506414,0.3479044338319444,0.34763101319299144,2
2025-05-02 14:40:00,0,0.2896618649266027,0.351392550835828,0.3589455842375694,1
2025-05-02 14:45:00,2,0.28479264332726884,0.3536450109696688,0.3615623457030623,1
2025-05-02 14:50:00,2,0.2680240031450124,0.32307054404971625,0.4089054528052714,1
2025-05-02 14:55:00,2,0.24661848035640405,0.3058192594881764,0.4475622601554195,1
2025-05-02 15:00:00,2,0.30958813713359434,0.33021282894815146,0.3601990339182542,2
2025-05-02 15:05:00,2,0.2976886026407751,0.32868908794856566,0.3736223094106593,2
2025-05-02 15:10:00,2,0.02290242308008909,0.027288867559807327,0.9498087093601036,2
2025-05-02 15:15:00,2,0.03599702427562407,0.029000718596860823,0.9350022571275152,2
2025-05-02 15:20:00,2,0.028891773621957915,0.0253627301439084,0.9457454962341337,2
2025-05-02 15:25:00,2,0.02656075099101901,0.021843763970796105,0.9515954850381848,2
2025-05-05 09:15:00,2,0.009487562579952678,0.20712956432315333,0.783382873096894,2
2025-05-05 09:20:00,2,0.007636207224963839,0.2111778395850093,0.7811859531900269,2
2025-05-05 09:25:00,2,0.012526790535397566,0.22493744588017855,0.7625357635844239,2
2025-05-05 09:30:00,2,0.035157022001715464,0.05273536367694498,0.9121076143213396,2
2025-05-05 09:35:00,2,0.029635710530004734,0.049927011826196466,0.9204372776437987,2
2025-05-05 09:40:00,0,0.20730956022456842,0.3022260797402052,0.4904643600352265,1
2025-05-05 09:45:00,2,0.2007364580376935,0.26762230489871375,0.5316412370635927,1
2025-05-05 09:50:00,2,0.029171213544238524,0.1466602556752433,0.8241685307805182,2
2025-05-05 09:55:00,2,0.024000592484347216,0.10395043097893006,0.8720489765367228,2
2025-05-05 10:00:00,2,0.24519663169962397,0.26602873289767515,0.488774635402701,2
2025-05-05 10:05:00,2,0.20830699652834203,0.20983154229121836,0.5818614611804396,2
2025-05-05 10:10:00,2,0.22303717869280337,0.2399787902861744,0.5369840310210222,2
2025-05-05 10:15:00,2,0.20810538037179344,0.2029658466059008,0.5889287730223058,2
2025-05-05 10:20:00,2,0.19052031940220243,0.24546682997078192,0.5640128506270157,2
2025-05-05 10:25:00,0,0.19061804921787606,0.23095089214802642,0.5784310586340975,2
2025-05-05 10:30:00,2,0.15505609894194416,0.13406151638494326,0.7108823846731126,2
2025-05-05 10:35:00,2,0.05124982403172781,0.04607947438141228,0.9026707015868599,2
2025-05-05 10:40:00,2,0.038027795865915266,0.034620819625527835,0.9273513845085569,2
2025-05-05 10:45:00,2,0.04365383945561508,0.042079751207169565,0.9142664093372154,2
2025-05-05 10:50:00,2,0.31032731163987426,0.30322747242771947,0.38644521593240627,2
2025-05-05 10:55:00,2,0.327329783709174,0.3442159774156141,0.3284542388752119,2
2025-05-05 11:00:00,2,0.30212976784179985,0.34819741418958966,0.34967281796861044,2
2025-05-05 11:05:00,2,0.2913015548298804,0.34356312790132076,0.3651353172687988,1
2025-05-05 11:10:00,2,0.27785883087072616,0.3320917021806499,0.39004946694862386,1
2025-05-05 11:15:00,2,0.2994454055910963,0.3491628313175904,0.3513917630913133,2
2025-05-05 11:20:00,1,0.2804098744655559,0.3223111368913186,0.39727898864312566,2
2025-05-05 11:25:00,2,0.29244088033739335,0.3564328596426596,0.3511262600199472,1
2025-05-05 11:30:00,1,0.2725746058071063,0.32371250832381543,0.40371288586907816,1
2025-05-05 11:35:00,1,0.3006576143232632,0.35738592780208894,0.3419564578746479,1
2025-05-05 11:40:00,2,0.2923904545787743,0.34881899271840366,0.35879055270282195,1
2025-05-05 11:45:00,2,0.2961446573188251,0.34877225639023207,0.3550830862909429,1
2025-05-05 11:50:00,2,0.07457901332630046,0.06255711295112334,0.8628638737225761,2
2025-05-05 11:55:00,2,0.29800048997354744,0.36178855948089483,0.3402109505455577,1
2025-05-05 12:00:00,2,0.27961030989626084,0.35443025223156266,0.3659594378721765,1
2025-05-05 12:05:00,2,0.2721752825169567,0.34426376347091026,0.3835609540121331,1
2025-05-05 12:10:00,2,0.2584804961604705,0.3243426137740796,0.41717689006544995,1
2025-05-05 12:15:00,2,0.2888527644715027,0.34438903721129316,0.3667581983172042,1
2025-05-05 12:20:00,2,0.26870201165558555,0.3343120452125731,0.3969859431318415,1
2025-05-05 12:25:00,2,0.2543933332445346,0.3236754287452577,0.42193123801020777,1
2025-05-05 12:30:00,2,0.24297362050478574,0.3121429924947461,0.44488338700046814,1
2025-05-05 12:35:00,2,0.25319361582197897,0.31102783229900516,0.43577855187901593,1
2025-05-05 12:40:00,2,0.020166616889457627,0.021620674059360755,0.9582127090511817,2
2025-05-05 12:45:00,2,0.020012472801263587,0.02108848575587258,0.9588990414428639,2
2025-05-05 12:50:00,2,0.018375536693896185,0.024433829470616085,0.9571906338354877,2
2025-05-05 12:55:00,2,0.015308445279548263,0.023152368111140822,0.961539186609311,2
2025-05-05 13:00:00,2,0.016509731002515054,0.020188169965200908,0.963302099032284,2
2025-05-05 13:05:00,2,0.01890578158731194,0.01854602847078312,0.962548189941905,2
2025-05-05 13:10:00,2,0.01914549894959519,0.017684412806834995,0.9631700882435698,2
2025-05-05 13:15:00,2,0.02393027168017313,0.021380639919341554,0.9546890884004853,2
2025-05-05 13:20:00,2,0.02233637975866791,0.02055828413324885,0.9571053361080833,2
2025-05-05 13:25:00,2,0.017465941437650265,0.01787302863166989,0.9646610299306799,2
2025-05-05 13:30:00,2,0.017232504182034664,0.02062178991913278,0.9621457058988326,2
2025-05-05 13:35:00,2,0.010887129512374,0.015483026308282397,0.9736298441793436,2
2025-05-05 13:40:00,2,0.010203916903064289,0.015652612268146595,0.974143470828789,2
2025-05-05 13:45:00,2,0.011040708769932121,0.015059298630908923,0.9738999925991589,2
2025-05-05 13:50:00,2,0.010235253004010302,0.016374260603939664,0.97339048639205,2
2025-05-05 13:55:00,2,0.01125896020010751,0.019698724262296703,0.9690423155375959,2
2025-05-05 14:00:00,2,0.011869533131246576,0.01468268080606356,0.9734477860626899,2
2025-05-05 14:05:00,2,0.006468763027454366,0.08994442371250908,0.9035868132600364,2
2025-05-05 14:10:00,2,0.17859431890911887,0.19826018318308042,0.6231454979078007,2
2025-05-05 14:15:00,2,0.18253541538510218,0.21510094477786662,0.6023636398370312,2
2025-05-05 14:20:00,2,0.1728165220542165,0.2145363512765043,0.6126471266692792,2
2025-05-05 14:25:00,2,0.01270067029078237,0.012698859930899182,0.9746004697783184,2
2025-05-05 14:30:00,2,0.012154898367085602,0.017532577651349992,0.9703125239815643,2
2025-05-05 14:35:00,2,0.011649614049526025,0.015104745603708152,0.9732456403467659,2
2025-05-05 14:40:00,2,0.013155347971417214,0.016012522441695428,0.9708321295868872,2
2025-05-05 14:45:00,2,0.012578713492742314,0.016250363663968977,0.9711709228432888,2
2025-05-05 14:50:00,2,0.012313756393611559,0.015670608932251206,0.9720156346741372,2
2025-05-05 14:55:00,2,0.01371518111730964,0.01640363040963684,0.9698811884730535,2
2025-05-05 15:00:00,2,0.01775662142530918,0.018138855111232463,0.9641045234634583,2
2025-05-05 15:05:00,2,0.01739984766024991,0.016907870101486717,0.9656922822382633,2
2025-05-05 15:10:00,2,0.02134258193295379,0.01476026606511121,0.9638971520019349,2
2025-05-05 15:15:00,2,0.014587769795547769,0.0164470368357052,0.9689651933687471,2
2025-05-05 15:20:00,2,0.011224089938238868,0.013841676494554974,0.9749342335672061,2
2025-05-05 15:25:00,2,0.014938091069501034,0.014335061494484927,0.9707268474360141,2
2025-05-06 09:15:00,2,0.021142044330183643,0.020464969738208154,0.9583929859316083,2
2025-05-06 09:20:00,2,0.021868568331278544,0.01699705569564469,0.9611343759730767,2
2025-05-06 09:25:00,2,0.11745055196595586,0.007546532338642057,0.8750029156954021,2
2025-05-06 09:30:00,2,0.018432258006265148,0.023462241943627535,0.9581055000501073,2
2025-05-06 09:35:00,2,0.018403394406442793,0.018874931240549873,0.9627216743530073,2
2025-05-06 09:40:00,2,0.017892442483437104,0.02095054063661503,0.9611570168799479,2
2025-05-06 09:45:00,2,0.02034315762129916,0.018911207876469157,0.9607456345022316,2
2025-05-06 09:50:00,2,0.21328088074916207,0.007131386066702456,0.7795877331841354,2
2025-05-06 09:55:00,2,0.22785803389452083,0.006116568577461825,0.7660253975280173,2
2025-05-06 10:00:00,2,0.034191722426081435,0.021800237267228937,0.9440080403066896,2
2025-05-06 10:05:00,2,0.11626188167486813,0.00807193988332255,0.8756661784418094,2
2025-05-06 10:10:00,2,0.18616153807952676,0.006259684974545081,0.8075787769459282,2
2025-05-06 10:15:00,2,0.18098340604899554,0.00515649681664857,0.8138600971343558,2
2025-05-06 10:20:00,2,0.1787083101098951,0.004745533138001775,0.8165461567521032,2
2025-05-06 10:25:00,2,0.018051272554455763,0.016236468417870267,0.9657122590276739,2
2025-05-06 10:30:00,2,0.016945222142613424,0.016431140318515516,0.9666236375388709,2
2025-05-06 10:35:00,2,0.02714971924891051,0.024814187598371337,0.9480360931527181,2
2025-05-06 10:40:00,2,0.02063567973992406,0.02153843427776473,0.9578258859823112,2
2025-05-06 10:45:00,2,0.024075293391226892,0.020695813451479275,0.9552288931572939,2
2025-05-06 10:50:00,2,0.02441350231006263,0.02042746424860465,0.9551590334413327,2
2025-05-06 10:55:00,2,0.022174014159314335,0.021380633707930533,0.9564453521327552,2
2025-05-06 11:00:00,2,0.024711665567516826,0.02066777527295778,0.9546205591595255,2
2025-05-06 11:05:00,2,0.023905231938779126,0.020445021376737458,0.9556497466844835,2
2025-05-06 11:10:00,2,0.023442209478743207,0.020062197417248146,0.9564955931040086,2
2025-05-06 11:15:00,2,0.024539173235391676,0.019639321266648146,0.9558215054979603,2
2025-05-06 11:20:00,2,0.021059537287988823,0.01823799128903067,0.9607024714229805,2
2025-05-06 11:25:00,2,0.02163788906516817,0.016631733646315563,0.9617303772885164,2
2025-05-06 11:30:00,2,0.03315020547838151,0.01405682155456392,0.9527929729670547,2
2025-05-06 11:35:00,2,0.182246258570743,0.0055515314988152055,0.8122022099304418,2
2025-05-06 11:40:00,2,0.2664596238113061,0.03335778606562127,0.7001825901230726,2
2025-05-06 11:45:00,2,0.23627704833644644,0.31231987715516946,0.45140307450838413,1
2025-05-06 11:50:00,2,0.24081749841881078,0.31674907450156314,0.4424334270796261,1
2025-05-06 11:55:00,2,0.022751978835387474,0.022403988156597963,0.9548440330080145,2
2025-05-06 12:00:00,2,0.02482747223615343,0.02439299174807407,0.9507795360157725,2
2025-05-06 12:05:00,2,0.021754976284278957,0.02313296531772338,0.9551120583979976,2
2025-05-06 12:10:00,2,0.01752306299158599,0.02241312899401733,0.9600638080143967,2
2025-05-06 12:15:00,2,0.017093996805180322,0.025772492730314376,0.9571335104645052,2
2025-05-06 12:20:00,2,0.018010904120447487,0.02132897745833603,0.9606601184212165,2
2025-05-06 12:25:00,2,0.018746108851290525,0.020975013520509456,0.9602788776282,2
2025-05-06 12:30:00,2,0.020228795454278387,0.02167297307891167,0.9580982314668101,2
2025-05-06 12:35:00,2,0.020521455533497972,0.02093921724298235,0.9585393272235196,2
2025-05-06 12:40:00,2,0.019381917326662067,0.02014680693354746,0.9604712757397904,2
2025-05-06 12:45:00,2,0.020469448594846163,0.019801718644363423,0.9597288327607906,2
2025-05-06 12:50:00,2,0.018879248504708086,0.017617769785664275,0.9635029817096277,2
2025-05-06 12:55:00,2,0.01960341552512024,0.017947769033555883,0.9624488154413239,2
2025-05-06 13:00:00,2,0.17440655030509206,0.006995985260830131,0.8185974644340778,2
2025-05-06 13:05:00,2,0.02190373923072442,0.020791651408203705,0.9573046093610719,2
2025-05-06 13:10:00,2,0.01940740406456399,0.01955961225252936,0.9610329836829067,2
2025-05-06 13:15:00,2,0.017392786360494433,0.019364954251304585,0.963242259388201,2
2025-05-06 13:20:00,2,0.020297402518280074,0.019617609086330125,0.9600849883953898,2
2025-05-06 13:25:00,2,0.018056322640866405,0.01967852149625235,0.9622651558628812,2
2025-05-06 13:30:00,2,0.01766274852806272,0.019862352658097823,0.9624748988138394,2
2025-05-06 13:35:00,2,0.01250828570880325,0.016981190671743633,0.9705105236194531,2
2025-05-06 13:40:00,2,0.01251111998906365,0.016037717924572013,0.9714511620863643,2
2025-05-06 13:45:00,2,0.0121358317897696,0.01656288376895235,0.9713012844412781,2
2025-05-06 13:50:00,2,0.012499430390162266,0.020073354402993265,0.9674272152068444,2
2025-05-06 13:55:00,2,0.005549416476931043,0.10970421326659127,0.8847463702564777,2
2025-05-06 14:00:00,2,0.015684583877039863,0.018381800794538824,0.9659336153284213,2
2025-05-06 14:05:00,2,0.014460996091697874,0.015832047132371442,0.9697069567759307,2
2025-05-06 14:10:00,2,0.013420408320658397,0.014569665422676353,0.9720099262566653,2
2025-05-06 14:15:00,2,0.013378709853998421,0.013584771423987506,0.9730365187220141,2
2025-05-06 14:20:00,2,0.18318576293585323,0.006817769863803326,0.8099964672003435,2
2025-05-06 14:25:00,2,0.017295807623877824,0.017672325235925122,0.9650318671401972,2
2025-05-06 14:30:00,2,0.014993254268590167,0.016807646015655167,0.9681990997157547,2
2025-05-06 14:35:00,2,0.014249265113082115,0.015485480339246778,0.970265254547671,2
2025-05-06 14:40:00,2,0.015897413021317933,0.017627669200423784,0.9664749177782583,2
2025-05-06 14:45:00,2,0.018750705106496655,0.019040027052875334,0.9622092678406281,2
2025-05-06 14:50:00,2,0.01871149709161635,0.017680604886589613,0.9636078980217941,2
2025-05-06 14:55:00,2,0.19520826484790318,0.28204558822851505,0.5227461469235818,1
2025-05-06 15:00:00,2,0.20484601917861028,0.2838080099133297,0.51134597090806,1
2025-05-06 15:05:00,2,0.1873256899704517,0.24522195676995234,0.567452353259596,2
2025-05-06 15:10:00,2,0.19776982229715023,0.26901556799030524,0.5332146097125445,1
2025-05-06 15:15:00,2,0.21773110707242904,0.3370915772480506,0.44517731567952035,1
2025-05-06 15:20:00,2,0.2005071862884231,0.3145342896670987,0.48495852404447837,1
2025-05-06 15:25:00,2,0.15957051371702372,0.03777128802200716,0.8026581982609691,2
2025-05-07 09:15:00,0,0.36534134245831884,0.312339881638169,0.32231877590351216,0
2025-05-07 09:20:00,0,0.32557360539055225,0.31508465632405935,0.3593417382853884,2
2025-05-07 09:25:00,2,0.3918740742852617,0.24992537350788427,0.3582005522068541,0
2025-05-07 09:30:00,2,0.05773281783057288,0.050090312138049084,0.892176870031378,2
2025-05-07 09:35:00,1,0.4004941624911607,0.31855539716166836,0.2809504403471709,0
2025-05-07 09:40:00,1,0.39343418766204835,0.3257395992004325,0.2808262131375191,0
2025-05-07 09:45:00,2,0.4048027331902877,0.3573194828668586,0.23787778394285358,2
2025-05-07 09:50:00,2,0.3888985708650093,0.34639254816977716,0.2647088809652135,2
2025-05-07 09:55:00,1,0.3894434951494649,0.3653730248223185,0.24518348002821655,2
2025-05-07 10:00:00,1,0.37738653380286213,0.3685077011229942,0.2541057650741437,2
2025-05-07 10:05:00,0,0.3686211565541325,0.3663424555353041,0.2650363879105634,2
2025-05-07 10:10:00,2,0.28536134122983425,0.41786973226444835,0.29676892650571735,1
2025-05-07 10:15:00,0,0.19094579295205735,0.4025840689227164,0.4064701381252263,1
2025-05-07 10:20:00,2,0.33507943019978664,0.3612113286674299,0.30370924113278347,2
2025-05-07 10:25:00,2,0.34203995504671647,0.35868440689045195,0.2992756380628316,2
2025-05-07 10:30:00,2,0.3472583299906909,0.3482550617321538,0.3044866082771552,2
2025-05-07 10:35:00,1,0.3813485797389897,0.37882927056999366,0.23982214969101653,2
2025-05-07 10:40:00,2,0.3972903203779364,0.3526800596015813,0.2500296200204824,2
2025-05-07 10:45:00,2,0.3896788671092675,0.3381920133672927,0.2721291195234397,0
2025-05-07 10:50:00,2,0.40177252169564126,0.3710580978660025,0.22716938043835616,2
2025-05-07 10:55:00,0,0.38757135528528985,0.35357907197463295,0.2588495727400771,2
2025-05-07 11:00:00,0,0.4005976914425388,0.3510668051335866,0.2483355034238746,2
2025-05-07 11:05:00,0,0.3959582164114935,0.32674328893280985,0.2772984946556966,0
2025-05-07 11:10:00,0,0.4054677241842735,0.2963644418855754,0.29816783393015106,0
2025-05-07 11:15:00,0,0.4148611168379067,0.2651270034545333,0.32001187970755995,0
2025-05-07 11:20:00,2,0.3682377558420228,0.249334097549896,0.3824281466080813,0
2025-05-07 11:25:00,2,0.37815011891156075,0.2438510328262258,0.3779988482622134,0
2025-05-07 11:30:00,2,0.5370132474094811,0.0252523643805793,0.43773438820993965,0
2025-05-07 11:35:00,1,0.41519991042057147,0.2536415219557562,0.33115856762367235,0
2025-05-07 11:40:00,1,0.3949681586919333,0.2643235463511784,0.3407082949568882,0
2025-05-07 11:45:00,2,0.40810820455211066,0.3280127504347446,0.26387904501314485,0
2025-05-07 11:50:00,2,0.3911899114088228,0.3356786830305474,0.27313140556062976,0
2025-05-07 11:55:00,2,0.38300295803902096,0.3289251191858661,0.28807192277511295,0
2025-05-07 12:00:00,2,0.3568246583626706,0.33921329806745487,0.30396204356987455,2
2025-05-07 12:05:00,2,0.3784274364038001,0.3286122930100447,0.29296027058615526,2
2025-05-07 12:10:00,2,0.3587327010726025,0.311603783318999,0.3296635156083985,2
2025-05-07 12:15:00,2,0.38007653904625815,0.31457223563979514,0.3053512253139468,0
2025-05-07 12:20:00,2,0.37558910815021745,0.31383959772332504,0.3105712941264575,0
2025-05-07 12:25:00,2,0.36615701649745525,0.302297986080914,0.33154499742163074,0
2025-05-07 12:30:00,2,0.37425783432031756,0.28375764811530757,0.3419845175643749,0
2025-05-07 12:35:00,2,0.3721214169954222,0.3039405003117564,0.32393808269282126,0
2025-05-07 12:40:00,2,0.3660870803112726,0.2899360065117209,0.34397691317700657,0
2025-05-07 12:45:00,1,0.3587742468137592,0.27557106250939845,0.3656546906768424,0
2025-05-07 12:50:00,1,0.3539949330416886,0.28522739625943827,0.3607776706988731,0
2025-05-07 12:55:00,2,0.327554868462965,0.3034788184696611,0.3689663130673738,2
2025-05-07 13:00:00,2,0.35091492512979927,0.3177638555571939,0.3313212193130068,2
2025-05-07 13:05:00,2,0.33268310455076416,0.30783837586189094,0.35947851958734495,2
2025-05-07 13:10:00,2,0.3334660101761849,0.28472827189571975,0.38180571792809537,2
2025-05-07 13:15:00,2,0.3041768071223658,0.29639289658072776,0.3994302962969065,2
2025-05-07 13:20:00,2,0.30843197354333013,0.28346204289542515,0.4081059835612448,2
2025-05-07 13:25:00,2,0.2954568785236037,0.29238580350527665,0.41215731797111965,2
2025-05-07 13:30:00,2,0.289495476558958,0.29975900687595425,0.41074551656508784,2
2025-05-07 13:35:00,2,0.23106493766278727,0.25502758128659125,0.5139074810506216,2
2025-05-07 13:40:00,2,0.22539044912382583,0.24807836708438954,0.5265311837917847,2
2025-05-07 13:45:00,0,0.2222631180320472,0.2393639907817837,0.5383728911861692,2
2025-05-07 13:50:00,0,0.2241028340104738,0.23516694607195615,0.54073021991757,2
2025-05-07 13:55:00,0,0.2435302156033568,0.2081597985055438,0.5483099858910994,2
2025-05-07 14:00:00,2,0.038702223994217605,0.04112041232128308,0.9201773636844993,2
2025-05-07 14:05:00,2,0.03427863167746301,0.033681177083683664,0.9320401912388534,2
2025-05-07 14:10:00,2,0.036059016273202626,0.03416053710135621,0.9297804466254411,2
2025-05-07 14:15:00,2,0.2892202740052093,0.2508610804492667,0.4599186455455241,2
2025-05-07 14:20:00,0,0.3073914947790116,0.2869042869993827,0.4057042182216057,2
2025-05-07 14:25:00,2,0.3083100742065384,0.2658704368507673,0.42581948894269434,2
2025-05-07 14:30:00,2,0.2903259609130006,0.22248928727481912,0.48718475181218035,2
2025-05-07 14:35:00,2,0.2744009739517062,0.2203425647449517,0.5052564613033421,2
2025-05-07 14:40:00,2,0.2803280010107042,0.192816342240918,0.5268556567483778,2
2025-05-07 14:45:00,2,0.2775220894951037,0.20539634638768406,0.5170815641172123,2
2025-05-07 14:50:00,2,0.29559113925605623,0.23517863306862166,0.46923022767532213,2
2025-05-07 14:55:00,2,0.31368942508714137,0.25871048273152203,0.42760009218133654,2
2025-05-07 15:00:00,2,0.2963401342922044,0.21880449175365482,0.4848553739541408,2
2025-05-07 15:05:00,2,0.27774714246595433,0.22156112469232994,0.5006917328417158,2
2025-05-07 15:10:00,2,0.2930248431562699,0.21236666485112343,0.49460849199260676,2
2025-05-07 15:15:00,2,0.2934410267885105,0.21469433377154673,0.4918646394399427,2
2025-05-07 15:20:00,2,0.28386058789774854,0.2058755666355643,0.5102638454666872,2
2025-05-07 15:25:00,2,0.2877309684994674,0.21124465988901292,0.5010243716115197,2
2025-05-08 09:15:00,2,0.22251616347071665,0.31369595262255473,0.4637878839067285,1
2025-05-08 09:20:00,2,0.1905543029697875,0.3112583542701821,0.49818734276003035,1
2025-05-08 09:25:00,2,0.20601800548715454,0.3183457657463187,0.47563622876652684,1
2025-05-08 09:30:00,2,0.20183193347276504,0.30365965562333463,0.49450841090390035,1
2025-05-08 09:35:00,2,0.19436373892870612,0.3209585803840938,0.4846776806872002,1
2025-05-08 09:40:00,2,0.1829696368548369,0.28476548437493304,0.53226487877023,1
2025-05-08 09:45:00,2,0.2014194934260506,0.27472310368347735,0.5238574028904721,1
2025-05-08 09:50:00,2,0.18015864885971586,0.2710232949081476,0.5488180562321366,1
2025-05-08 09:55:00,2,0.18620145786455938,0.2763313388707261,0.5374672032647145,1
2025-05-08 10:00:00,2,0.1783160148958343,0.27994369295305693,0.5417402921511087,1
2025-05-08 10:05:00,2,0.16432194541895856,0.24073069816385467,0.5949473564171868,2
2025-05-08 10:10:00,2,0.149578975070389,0.24025653734178656,0.6101644875878244,2
2025-05-08 10:15:00,2,0.14801077818023034,0.22126473033644872,0.6307244914833209,2
2025-05-08 10:20:00,2,0.14363164553570007,0.2284447836374067,0.6279235708268932,2
2025-05-08 10:25:00,2,0.13342343504866827,0.2037808045271221,0.6627957604242096,2
2025-05-08 10:30:00,2,0.13152466494574275,0.19515491715843666,0.6733204178958205,2
2025-05-08 10:35:00,2,0.23193857014135708,0.29590625462095577,0.47215517523768713,1
2025-05-08 10:40:00,2,0.21948613484916343,0.28461891309511606,0.4958949520557205,1
2025-05-08 10:45:00,2,0.21964282555791292,0.2905588862366499,0.4897982882054371,1
2025-05-08 10:50:00,2,0.2129020227116435,0.27770519009687283,0.5093927871914836,1
2025-05-08 10:55:00,2,0.21582169984615404,0.2706665343125146,0.5135117658413313,1
2025-05-08 11:00:00,2,0.2130650036292173,0.2658760105322833,0.5210589858384993,1
2025-05-08 11:05:00,2,0.2044802227225427,0.259370475876864,0.5361493014005932,1
2025-05-08 11:10:00,2,0.20688259070806417,0.24658846698549167,0.5465289423064442,2
2025-05-08 11:15:00,2,0.20008640101073571,0.24539854982711215,0.5545150491621521,2
2025-05-08 11:20:00,2,0.1937856432613928,0.2290224254944912,0.577191931244116,2
2025-05-08 11:25:00,2,0.18998699273391445,0.20731893555764083,0.6026940717084447,2
2025-05-08 11:30:00,2,0.19805805022505393,0.21816810526811076,0.5837738445068353,2
2025-05-08 11:35:00,2,0.1951433934276345,0.21767127798736902,0.5871853285849965,2
2025-05-08 11:40:00,2,0.1928171372170248,0.21711705933540673,0.5900658034475684,2
2025-05-08 11:45:00,2,0.20591113460058008,0.22639342453798403,0.567695440861436,2
2025-05-08 11:50:00,2,0.20539545448216037,0.22576010641362584,0.5688444391042138,2
2025-05-08 11:55:00,2,0.20342497573743573,0.22009993870246267,0.5764750855601016,2
2025-05-08 12:00:00,2,0.20324236544579477,0.2203308990160263,0.5764267355381789,2
2025-05-08 12:05:00,2,0.20515134162923004,0.23080139635702174,0.5640472620137482,2
2025-05-08 12:10:00,2,0.20694987157135386,0.21698457156252696,0.5760655568661192,2
2025-05-08 12:15:00,2,0.21035036429801307,0.22528633129380576,0.564363304408181,2
2025-05-08 12:20:00,2,0.21086003722986188,0.21834253658261674,0.5707974261875214,2
2025-05-08 12:25:00,2,0.20654238343426262,0.22197195550768192,0.5714856610580554,2
2025-05-08 12:30:00,2,0.21155420802379207,0.22028312908884942,0.5681626628873585,2
2025-05-08 12:35:00,2,0.20193932512178758,0.21619323488770692,0.5818674399905055,2
2025-05-08 12:40:00,2,0.21479676569837156,0.22791690380327154,0.557286330498357,2
2025-05-08 12:45:00,2,0.21312437981438606,0.2236396421902971,0.5632359779953169,2
2025-05-08 12:50:00,2,0.2016405536054085,0.22598096875370005,0.5723784776408913,2
2025-05-08 12:55:00,2,0.1940107721509869,0.22739693743920378,0.5785922904098093,2
2025-05-08 13:00:00,2,0.20743657060684462,0.23888119844420438,0.5536822309489511,2
2025-05-08 13:05:00,2,0.03741351885344592,0.04241936326333615,0.9201671178832179,2
2025-05-08 13:10:00,2,0.03503405722713801,0.033263912107528874,0.9317020306653331,2
2025-05-08 13:15:00,2,0.033354904613516534,0.033098722891078784,0.9335463724954047,2
2025-05-08 13:20:00,2,0.03482554420273303,0.034577373151807665,0.9305970826454593,2
2025-05-08 13:25:00,2,0.03504898743100849,0.04198754558048083,0.9229634669885106,2
2025-05-08 13:30:00,2,0.20575260205254398,0.2987827093998666,0.4954646885475895,1
2025-05-08 13:35:00,2,0.026593583001243117,0.03526356138653976,0.9381428556122172,2
2025-05-08 13:40:00,2,0.013945040947158345,0.29716082171580804,0.6888941373370336,2
2025-05-08 13:45:00,2,0.2062723960429431,0.2991854580348121,0.4945421459222449,1
2025-05-08 13:50:00,2,0.20234483557596536,0.3213989283495047,0.47625623607453,1
2025-05-08 13:55:00,2,0.01613414515351159,0.42606246591436076,0.5578033889321277,1
2025-05-08 14:00:00,2,0.19738693867517698,0.305466826504885,0.497146234819938,1
2025-05-08 14:05:00,2,0.1991927153437313,0.30579788171827826,0.4950094029379903,1
2025-05-08 14:10:00,2,0.015086167883360535,0.4321747386297222,0.5527390934869173,1
2025-05-08 14:15:00,2,0.22056583553229853,0.33622744511310054,0.44320671935460093,1
2025-05-08 14:20:00,2,0.1976563323600494,0.30785891887042843,0.49448474876952225,1
2025-05-08 14:25:00,2,0.1983620958765653,0.29122980736669657,0.5104080967567381,1
2025-05-08 14:30:00,2,0.20534422014648931,0.29886534303001777,0.49579043682349305,1
2025-05-08 14:35:00,1,0.1804660261540351,0.27196567191840215,0.5475683019275628,1
2025-05-08 14:40:00,1,0.187992021782156,0.28203974977831836,0.5299682284395256,1
2025-05-08 14:45:00,1,0.2069274739536579,0.34543635981749354,0.44763616622884866,1
2025-05-08 14:50:00,2,0.016381031493534374,0.505916755804883,0.4777022127015826,1
2025-05-08 14:55:00,2,0.015348305975271728,0.5273297881734945,0.4573219058512338,1
2025-05-08 15:00:00,2,0.2535399100114629,0.43172025579182016,0.3147398341967171,1
2025-05-08 15:05:00,2,0.24098391414904052,0.41559368376975536,0.3434224020812042,1
2025-05-08 15:10:00,2,0.2713297690205276,0.37440438433513745,0.3542658466443349,1
2025-05-08 15:15:00,2,0.27894513539652727,0.41794946190017557,0.3031054027032972,1
2025-05-08 15:20:00,2,0.017033482128036813,0.581205260832289,0.4017612570396742,1
2025-05-08 15:25:00,2,0.013483389311595706,0.5669278858604861,0.4195887248279182,1
2025-05-09 09:15:00,1,0.03055078303651108,0.5364147702339298,0.4330344467295592,1
2025-05-09 09:20:00,2,0.02527230121981187,0.5758875022672216,0.3988401965129664,1
2025-05-09 09:25:00,2,0.02517685481062553,0.5958990017584049,0.3789241434309696,1
2025-05-09 09:30:00,2,0.02330066423083911,0.5734655642698793,0.40323377149928163,1
2025-05-09 09:35:00,1,0.027512634656605167,0.6001744181640664,0.37231294717932845,1
2025-05-09 09:40:00,1,0.02773799730688701,0.6184056553212094,0.3538563473719037,1
2025-05-09 09:45:00,1,0.0301387267983056,0.6078593109829675,0.3620019622187268,1
2025-05-09 09:50:00,1,0.02458007461713697,0.5902311653484128,0.3851887600344502,1
2025-05-09 09:55:00,2,0.025078937601026096,0.5704889121031828,0.40443215029579116,1
2025-05-09 10:00:00,2,0.02200169902510292,0.5722374425546262,0.405760858420271,1
2025-05-09 10:05:00,2,0.019553928866798864,0.5831181128125358,0.3973279583206653,1
2025-05-09 10:10:00,2,0.43748249990701504,0.329506827975453,0.23301067211753182,0
2025-05-09 10:15:00,2,0.43210293488511187,0.3424351636194322,0.22546190149545609,0
2025-05-09 10:20:00,1,0.4235163949271709,0.3471903974479885,0.22929320762484065,0
2025-05-09 10:25:00,2,0.4199986409317438,0.34615911436542723,0.23384224470282888,0
2025-05-09 10:30:00,2,0.3756166221792412,0.37655097279746275,0.24783240502329595,2
2025-05-09 10:35:00,1,0.4708494623599762,0.37402236652902143,0.15512817111100244,0
2025-05-09 10:40:00,2,0.4759495910708766,0.36444943644615774,0.15960097248296568,0
2025-05-09 10:45:00,2,0.4370069559667629,0.3937077267402925,0.16928531729294466,2
2025-05-09 10:50:00,2,0.03566372968173515,0.6882707317798934,0.2760655385383714,1
2025-05-09 10:55:00,0,0.3974690335282747,0.4053317415446547,0.1971992249270706,2
2025-05-09 11:00:00,2,0.4309448834776673,0.37902719270387136,0.19002792381846123,0
2025-05-09 11:05:00,0,0.4368575897978342,0.3661830638925367,0.19695934630962908,0
2025-05-09 11:10:00,0,0.4181041844741965,0.38559130309302586,0.19630451243277755,2
2025-05-09 11:15:00,0,0.410434075604349,0.38232615671747167,0.20723976767817934,2
2025-05-09 11:20:00,0,0.42169522877954996,0.3745512894014151,0.2037534818190349,2
2025-05-09 11:25:00,2,0.7078026788591968,0.035355769285841644,0.25684155185496155,0
2025-05-09 11:30:00,2,0.7277004186679679,0.04346441306104822,0.2288351682709838,0
2025-05-09 11:35:00,1,0.47775806820526745,0.3561145756555601,0.16612735613917243,0
2025-05-09 11:40:00,2,0.43567758647110777,0.38958434053125424,0.17473807299763797,2
2025-05-09 11:45:00,2,0.4203592817381723,0.4146880816056102,0.16495263665621748,2
2025-05-09 11:50:00,2,0.4211225792804134,0.4043615590724402,0.17451586164714641,2
2025-05-09 11:55:00,2,0.42818609628006243,0.39931620299022746,0.17249770072971007,2
2025-05-09 12:00:00,2,0.4074692664585812,0.42107801154904406,0.17145272199237463,2
2025-05-09 12:05:00,2,0.41810515050700275,0.39999036177352265,0.18190448771947457,2
2025-05-09 12:10:00,2,0.438424029577649,0.3673160069864616,0.1942599634358894,0
2025-05-09 12:15:00,2,0.42128260972744025,0.38764072646093184,0.19107666381162783,2
2025-05-09 12:20:00,2,0.42846692254382884,0.37039544432287264,0.20113763313329847,0
2025-05-09 12:25:00,1,0.4252573109759597,0.35912888254226705,0.21561380648177314,0
2025-05-09 12:30:00,2,0.39243097184106257,0.4043417015408982,0.20322732661803922,2
2025-05-09 12:35:00,0,0.369531099144178,0.39182827870611253,0.23864062214970955,2
2025-05-09 12:40:00,0,0.35302539357823537,0.4007177985445256,0.24625680787723894,2
2025-05-09 12:45:00,2,0.3987717454327234,0.3735717678975396,0.22765648666973698,2
2025-05-09 12:50:00,1,0.42827187373018794,0.33047075758223027,0.24125736868758188,0
2025-05-09 12:55:00,1,0.42785209386668577,0.34744890439618625,0.22469900173712787,0
2025-05-09 13:00:00,2,0.3983006936094791,0.38527503635045657,0.21642427004006437,2
2025-05-09 13:05:00,2,0.36627636824842635,0.40946561787635594,0.2242580138752177,2
2025-05-09 13:10:00,1,0.3695362553319435,0.404433122253107,0.2260306224149496,2
2025-05-09 13:15:00,1,0.39416109489415274,0.36607249994910757,0.23976640515673966,2
2025-05-09 13:20:00,2,0.35416532473826057,0.4375466063767066,0.20828806888503273,1
2025-05-09 13:25:00,2,0.31936103651763126,0.4512776019249768,0.22936136155739198,1
2025-05-09 13:30:00,2,0.3674181539212809,0.4340139376330548,0.19856790844566433,1
2025-05-09 13:35:00,0,0.2840889079916443,0.39632214045468994,0.3195889515536657,1
2025-05-09 13:40:00,2,0.2978846765996934,0.4070993902663278,0.2950159331339788,1
2025-05-09 13:45:00,2,0.3052564092391975,0.39238117496864106,0.3023624157921614,1
2025-05-09 13:50:00,2,0.37086555718680714,0.3314727629032847,0.29766167990990816,2
2025-05-09 13:55:00,2,0.30545423748567435,0.40357815611765746,0.29096760639666824,1
2025-05-09 14:00:00,2,0.33727397214283233,0.37462575534619647,0.2881002725109712,2
2025-05-09 14:05:00,2,0.33179187855217274,0.35503522959187195,0.31317289185595526,2
2025-05-09 14:10:00,1,0.344745293705592,0.35371756330807513,0.30153714298633283,2
2025-05-09 14:15:00,2,0.3669796258374556,0.3482502477670301,0.28477012639551436,2
2025-05-09 14:20:00,2,0.3160642797703213,0.42028003325983376,0.26365568696984487,1
2025-05-09 14:25:00,2,0.2831878468024429,0.4150254708412212,0.30178668235633577,1
2025-05-09 14:30:00,2,0.31356559763895037,0.4048219926885893,0.2816124096724604,1
2025-05-09 14:35:00,2,0.29654517192011076,0.3854813772661597,0.31797345081372963,1
2025-05-09 14:40:00,0,0.31346188330980396,0.3596732942780094,0.32686482241218645,2
2025-05-09 14:45:00,2,0.33784123739707134,0.31828754900587836,0.34387121359705036,2
2025-05-09 14:50:00,2,0.34863921649456325,0.33739632658539676,0.31396445692004,2
2025-05-09 14:55:00,2,0.34377268154999285,0.27800160716236616,0.3782257112876409,0
2025-05-09 15:00:00,2,0.3380782348942243,0.36668477611204536,0.29523698899373046,2
2025-05-09 15:05:00,2,0.33652354354687064,0.3416282645711396,0.3218481918819898,2
2025-05-09 15:10:00,2,0.30981360311362843,0.3223601266218549,0.36782627026451664,2
2025-05-09 15:15:00,2,0.33602177368336306,0.27478695140817444,0.38919127490846245,0
2025-05-09 15:20:00,2,0.3303960169467786,0.27722289577376397,0.39238108727945736,0
2025-05-09 15:25:00,2,0.06450955544890637,0.05837305125419408,0.8771173932968996,2
2025-05-12 09:15:00,2,0.053685259108255515,0.04472080731208839,0.9015939335796561,2
2025-05-12 09:20:00,2,0.05054247418403972,0.040668362985757836,0.9087891628302025,2
2025-05-12 09:25:00,2,0.0754094492153973,0.0282516806985821,0.8963388700860205,2
2025-05-12 09:30:00,2,0.07369206928801157,0.0276481468771086,0.8986597838348798,2
2025-05-12 09:35:00,2,0.08640893223644268,0.031664648329202905,0.8819264194343543,2
2025-05-12 09:40:00,0,0.6363274101437559,0.018138730014995424,0.3455338598412487,0
2025-05-12 09:45:00,0,0.5945135333677679,0.014544630102115031,0.39094183653011716,0
2025-05-12 09:50:00,2,0.634700468974112,0.012576196509749152,0.35272333451613863,0
2025-05-12 09:55:00,2,0.657746717038198,0.012215311101042604,0.33003797186075945,0
2025-05-12 10:00:00,2,0.6749990516307027,0.015817506725049724,0.3091834416442476,0
2025-05-12 10:05:00,0,0.5650697147116294,0.016355198818138687,0.4185750864702319,0
2025-05-12 10:10:00,2,0.5758589529974119,0.016521193476602105,0.407619853525986,0
2025-05-12 10:15:00,2,0.5725472816213618,0.01631723860133955,0.41113547977729853,0
2025-05-12 10:20:00,2,0.5285704904109387,0.01101254651963609,0.46041696306942526,0
2025-05-12 10:25:00,2,0.5567669024022485,0.016573071802065728,0.42666002579568585,0
2025-05-12 10:30:00,2,0.5588652405154227,0.01898935584274252,0.42214540364183467,0
2025-05-12 10:35:00,2,0.7015511531115424,0.026903164002335413,0.27154568288612213,0
2025-05-12 10:40:00,2,0.6790165803095876,0.023357066589661506,0.2976263531007511,0
2025-05-12 10:45:00,2,0.5057768432467464,0.2200261911162283,0.27419696563702517,0
2025-05-12 10:50:00,2,0.486720321896794,0.20313421792481318,0.3101454601783928,0
2025-05-12 10:55:00,0,0.5022510827402298,0.22780278526767186,0.26994613199209844,0
2025-05-12 11:00:00,2,0.4856347228984978,0.22161296719858808,0.29275230990291407,0
2025-05-12 11:05:00,2,0.6628365306125006,0.02128265439918004,0.3158808149883193,0
2025-05-12 11:10:00,0,0.4469361749481593,0.21555559157006932,0.33750823348177134,0
2025-05-12 11:15:00,0,0.4555933539608952,0.2052945013251507,0.33911214471395407,0
2025-05-12 11:20:00,2,0.6242233061981065,0.01848129031335936,0.3572954034885341,0
2025-05-12 11:25:00,2,0.6425226098917178,0.017519794109879017,0.33995759599840314,0
2025-05-12 11:30:00,2,0.6275915432071577,0.015876923376975858,0.35653153341586635,0
2025-05-12 11:35:00,2,0.4792248322517486,0.19258444580899775,0.32819072193925375,0
2025-05-12 11:40:00,2,0.4684430407038878,0.17750835176483026,0.3540486075312819,0
2025-05-12 11:45:00,2,0.4597082577093423,0.19175855057309965,0.34853319171755803,0
2025-05-12 11:50:00,2,0.4963740433031445,0.1724974632888125,0.33112849340804296,0
2025-05-12 11:55:00,2,0.46796214725364005,0.1988174187197342,0.3332204340266259,0
2025-05-12 12:00:00,2,0.4711633069994176,0.18776833729856385,0.34106835570201854,0
2025-05-12 12:05:00,2,0.475165557416001,0.18780406084070284,0.337030381743296,0
2025-05-12 12:10:00,2,0.4445633741329133,0.17632680036224185,0.3791098255048449,0
2025-05-12 12:15:00,0,0.42285982225736773,0.18689412319652124,0.3902460545461111,0
2025-05-12 12:20:00,0,0.42745315027496394,0.21978521457645808,0.35276163514857795,0
2025-05-12 12:25:00,0,0.40915076579987786,0.21482784999957621,0.3760213842005459,0
2025-05-12 12:30:00,2,0.6700463400796351,0.012855128222875167,0.31709853169748964,0
2025-05-12 12:35:00,2,0.6480920216688232,0.011786597926131298,0.3401213804050455,0
2025-05-12 12:40:00,2,0.6752303709188516,0.015501763509141923,0.3092678655720065,0
2025-05-12 12:45:00,2,0.5095926117041829,0.19432263175069786,0.29608475654511923,0
2025-05-12 12:50:00,2,0.5032335444449632,0.19846362100218148,0.2983028345528553,0
2025-05-12 12:55:00,2,0.6675594118063676,0.015153387977077033,0.3172872002165552,0
2025-05-12 13:00:00,2,0.4951406160108127,0.21870425577846384,0.2861551282107234,0
2025-05-12 13:05:00,2,0.5154585282119788,0.17078066350857293,0.3137608082794483,0
2025-05-12 13:10:00,0,0.4983059744063627,0.20267044813436777,0.2990235774592696,0
2025-05-12 13:15:00,0,0.5284532679880771,0.16500029154100734,0.3065464404709155,0
2025-05-12 13:20:00,0,0.6443258087231757,0.014551640778177728,0.34112255049864654,0
2025-05-12 13:25:00,0,0.6329445501401816,0.013973400447660544,0.353082049412158,0
2025-05-12 13:30:00,2,0.6218478292146388,0.010523198093908958,0.3676289726914523,0
2025-05-12 13:35:00,2,0.4785169831406105,0.007944537883526892,0.5135384789758627,0
2025-05-12 13:40:00,2,0.4556991389826707,0.008178871637317826,0.5361219893800114,0
2025-05-12 13:45:00,2,0.45774923543147006,0.009435393479792041,0.532815371088738,0
2025-05-12 13:50:00,2,0.34270914533991803,0.10563243259897806,0.5516584220611038,0
2025-05-12 13:55:00,0,0.46902676065549853,0.012853763148856062,0.5181194761956455,0
2025-05-12 14:00:00,0,0.4357443651405208,0.011636878801334702,0.5526187560581445,0
2025-05-12 14:05:00,0,0.3230938486749427,0.12365052032114242,0.5532556310039148,0
2025-05-12 14:10:00,0,0.45257707630875005,0.00836603294915113,0.5390568907420988,0
2025-05-12 14:15:00,2,0.4675089492456408,0.008136095917675201,0.5243549548366839,0
2025-05-12 14:20:00,2,0.42791963077572603,0.007449972617413264,0.5646303966068607,0
2025-05-12 14:25:00,2,0.40495823763334265,0.006669232418188041,0.5883725299484692,0
2025-05-12 14:30:00,2,0.358859298987253,0.12571502646643398,0.5154256745463129,0
2025-05-12 14:35:00,2,0.3602040289393512,0.16821941010464717,0.4715765609560015,0
2025-05-12 14:40:00,0,0.36836438053399767,0.19310427837508642,0.4385313410909159,0
2025-05-12 14:45:00,0,0.3865160744750266,0.15618246329713473,0.4573014622278387,0
2025-05-12 14:50:00,2,0.41399133287394957,0.0836596247022116,0.5023490424238388,0
2025-05-12 14:55:00,2,0.49677483261715866,0.007189928120939528,0.4960352392619018,0
2025-05-12 15:00:00,2,0.25698971168375384,0.06039447736330597,0.6826158109529401,2
2025-05-12 15:05:00,2,0.20099285500529152,0.0578385137932637,0.7411686312014448,2
2025-05-12 15:10:00,2,0.23196292069369634,0.05159115892750877,0.716445920378795,2
2025-05-12 15:15:00,2,0.3307593682412216,0.004888411998665635,0.6643522197601127,2
2025-05-12 15:20:00,2,0.29763465894972657,0.005522201010244319,0.696843140040029,2
2025-05-12 15:25:00,2,0.23585755914554402,0.05397928082033358,0.7101631600341223,2
2025-05-13 09:15:00,1,0.4230534845607435,0.3297045696789247,0.24724194576033184,0
2025-05-13 09:20:00,2,0.045702136451522796,0.6305427423622565,0.32375512118622063,1
2025-05-13 09:25:00,2,0.04029647968008519,0.6048966269538517,0.35480689336606314,1
2025-05-13 09:30:00,1,0.04103560810939134,0.6607626299201371,0.29820176197047155,1
2025-05-13 09:35:00,1,0.4998846301509269,0.3272723955085923,0.17284297434048104,0
2025-05-13 09:40:00,2,0.47263720311309726,0.3516019884744404,0.17576080841246228,0
2025-05-13 09:45:00,2,0.04332070657924271,0.6292732885310551,0.3274060048897022,1
2025-05-13 09:50:00,2,0.4530446332253402,0.36726720563288895,0.17968816114177086,0
2025-05-13 09:55:00,0,0.45844603137152806,0.35771627233355763,0.1838376962949144,0
2025-05-13 10:00:00,0,0.4218468742811629,0.36928770127078436,0.20886542444805278,0
2025-05-13 10:05:00,2,0.43283065481786065,0.3306173685651326,0.23655197661700672,0
2025-05-13 10:10:00,1,0.3904339407763234,0.42045005146402403,0.1891160077596526,2
2025-05-13 10:15:00,1,0.39667864708105005,0.42363784742231464,0.1796835054966354,2
2025-05-13 10:20:00,1,0.35473259942832897,0.44233841189786616,0.20292898867380496,1
2025-05-13 10:25:00,0,0.31725754640545284,0.46097307648491664,0.22176937710963052,1
2025-05-13 10:30:00,0,0.2831560396044735,0.5038148322026533,0.21302912819287306,1
2025-05-13 10:35:00,0,0.3650220049957674,0.49294820054362554,0.1420297944606069,1
2025-05-13 10:40:00,0,0.37683740920577663,0.47550640762613017,0.14765618316809304,1
2025-05-13 10:45:00,0,0.3825241688970104,0.4835509203869231,0.1339249107160665,1
2025-05-13 10:50:00,2,0.3807842950596225,0.4673931620566124,0.15182254288376504,1
2025-05-13 10:55:00,1,0.3922008038222358,0.4248531147311798,0.18294608144658436,2
2025-05-13 11:00:00,2,0.4368656733504215,0.37663450974211926,0.1864998169074593,0
2025-05-13 11:05:00,2,0.42392257007861406,0.43665386848177323,0.13942356143961282,2
2025-05-13 11:10:00,0,0.4318260142911956,0.42972959022913204,0.1384443954796724,2
2025-05-13 11:15:00,2,0.4165231290264527,0.42335888588138193,0.16011798509216527,2
2025-05-13 11:20:00,2,0.42390301989184853,0.4354110792206961,0.14068590088745525,2
2025-05-13 11:25:00,1,0.42483175064342976,0.3977734098202602,0.17739483953630983,2
2025-05-13 11:30:00,1,0.43567718753511325,0.39055866701140185,0.17376414545348495,2
2025-05-13 11:35:00,2,0.43826303209750445,0.4244026091221382,0.13733435878035755,2
2025-05-13 11:40:00,2,0.43473486667736394,0.4213242267183103,0.14394090660432568,2
2025-05-13 11:45:00,2,0.4356560527830474,0.4208339901165702,0.1435099571003824,2
2025-05-13 11:50:00,2,0.4219055062335718,0.42046373150015603,0.15763076226627212,2
2025-05-13 11:55:00,0,0.4148212187780582,0.4270725382027932,0.15810624301914863,2
2025-05-13 12:00:00,2,0.41496376709089644,0.4281858942133929,0.15685033869571055,2
2025-05-13 12:05:00,1,0.4177017407810567,0.4127966114945198,0.1695016477244235,2
2025-05-13 12:10:00,1,0.42543778927692427,0.39425167888206436,0.18031053184101137,2
2025-05-13 12:15:00,1,0.42872892145640223,0.40438655991996214,0.16688451862363557,2
2025-05-13 12:20:00,1,0.43647509084669833,0.3960344680836558,0.167490441069646,2
2025-05-13 12:25:00,1,0.4317689891960011,0.39100790185346534,0.17722310895053348,2
2025-05-13 12:30:00,2,0.40644038049721865,0.09001732237341982,0.5035422971293615,0
2025-05-13 12:35:00,2,0.4077422696199041,0.08697567107723593,0.50528205930286,0
2025-05-13 12:40:00,2,0.0861775469624264,0.07958322365226518,0.8342392293853085,2
2025-05-13 12:45:00,1,0.3743630619840226,0.42450636860989854,0.20113056940607885,1
2025-05-13 12:50:00,2,0.09006767038093237,0.07860138103898891,0.8313309485800787,2
2025-05-13 12:55:00,2,0.07655180607610669,0.07435676024061504,0.8490914336832783,2
2025-05-13 13:00:00,1,0.39740708639137035,0.4207406801649257,0.18185223344370388,2
2025-05-13 13:05:00,2,0.40439494281533184,0.40855712211240935,0.18704793507225873,2
2025-05-13 13:10:00,1,0.390648796691576,0.4220770128302614,0.1872741904781627,2
2025-05-13 13:15:00,2,0.08687866810103032,0.09328884616939498,0.8198324857295747,2
2025-05-13 13:20:00,2,0.39020749330552135,0.4090746474794744,0.20071785921500435,2
2025-05-13 13:25:00,2,0.31455909694395895,0.4381859583885421,0.24725494466749884,1
2025-05-13 13:30:00,2,0.3694252014877657,0.4079027170490597,0.22267208146317455,2
2025-05-13 13:35:00,2,0.284310068853651,0.4110161771488925,0.3046737539974565,1
2025-05-13 13:40:00,2,0.2528768512391596,0.4192096580358912,0.327913490724949,1
2025-05-13 13:45:00,2,0.25349642381115955,0.40595561771404887,0.34054795847479147,1
2025-05-13 13:50:00,2,0.26843071276666536,0.41424521613339904,0.3173240710999356,1
2025-05-13 13:55:00,2,0.25671385136278757,0.4274315241940518,0.3158546244431606,1
2025-05-13 14:00:00,1,0.2723220245846819,0.4166343627510581,0.31104361266426,1
2025-05-13 14:05:00,2,0.2510302925283431,0.3865191853854543,0.3624505220862026,1
2025-05-13 14:10:00,2,0.2524870284003946,0.41855582315717876,0.32895714844242663,1
2025-05-13 14:15:00,2,0.07319059245513466,0.11808530815588993,0.8087240993889754,2
2025-05-13 14:20:00,2,0.27625630686168795,0.4126074267701286,0.3111362663681836,1
2025-05-13 14:25:00,2,0.2519857609282057,0.42664044903767123,0.3213737900341231,1
2025-05-13 14:30:00,2,0.253572422640393,0.4245435069224021,0.3218840704372049,1
2025-05-13 14:35:00,2,0.2661206496544456,0.41647615844955727,0.31740319189599714,1
2025-05-13 14:40:00,2,0.27029650683360745,0.3974039466923475,0.33229954647404497,1
2025-05-13 14:45:00,1,0.29606460795840794,0.4093694064106636,0.29456598563092845,1
2025-05-13 14:50:00,1,0.2796238680570528,0.3814729980543652,0.33890313388858206,1
2025-05-13 14:55:00,1,0.28820214128101285,0.40633725334986437,0.30546060536912284,1
2025-05-13 15:00:00,2,0.2830696260857325,0.44596697807809527,0.27096339583617224,1
2025-05-13 15:05:00,2,0.27397870272046004,0.40453462160310905,0.32148667567643086,1
2025-05-13 15:10:00,2,0.26269137771807044,0.41395232013991073,0.3233563021420188,1
2025-05-13 15:15:00,2,0.2815820720446198,0.40101797590514404,0.31739995205023613,1
2025-05-13 15:20:00,2,0.2864897371713514,0.396785341460067,0.3167249213685815,1
2025-05-13 15:25:00,2,0.27726627207338134,0.3980940661231674,0.3246396618034512,1
2025-05-14 09:15:00,2,0.18716271777730453,0.18906464695103145,0.623772635271664,2
2025-05-14 09:20:00,2,0.05180490154318844,0.046107333603588235,0.9020877648532233,2
2025-05-14 09:25:00,2,0.045957623058809315,0.03789098778195733,0.9161513891592333,2
2025-05-14 09:30:00,0,0.33490609368530844,0.37067916010305946,0.29441474621163216,2
2025-05-14 09:35:00,2,0.33703147301683106,0.3209215662703715,0.34204696071279744,2
2025-05-14 09:40:00,2,0.05450551383869476,0.0397808215731309,0.9057136645881743,2
2025-05-14 09:45:00,2,0.05724256129973952,0.041495939150434924,0.9012614995498255,2
2025-05-14 09:50:00,2,0.3572544242281486,0.3183333339321409,0.3244122418397104,2
2025-05-14 09:55:00,2,0.3323921023182293,0.24393297938147548,0.4236749183002952,0
2025-05-14 10:00:00,2,0.30334306636280645,0.2320417075494667,0.4646152260877269,2
2025-05-14 10:05:00,2,0.26018162985576593,0.18818019339784223,0.5516381767463918,2
2025-05-14 10:10:00,2,0.1469466715649083,0.08101862756966033,0.7720347008654315,2
2025-05-14 10:15:00,2,0.04039286955385989,0.026018776314301995,0.933588354131838,2
2025-05-14 10:20:00,2,0.029575648136075116,0.01748603977206631,0.9529383120918586,2
2025-05-14 10:25:00,2,0.2764436919754675,0.18447046942604003,0.5390858385984926,2
2025-05-14 10:30:00,2,0.2675711136143821,0.2452886518616063,0.4871402345240117,2
2025-05-14 10:35:00,2,0.3780047282002578,0.2758127479699342,0.3461825238298079,0
2025-05-14 10:40:00,1,0.3512388712669766,0.2806490903008315,0.36811203843219187,0
2025-05-14 10:45:00,1,0.35842744564750834,0.31477108005413534,0.32680147429835626,2
2025-05-14 10:50:00,2,0.34445733228032493,0.3183294668600433,0.33721320085963186,2
2025-05-14 10:55:00,2,0.3686928574963115,0.33814454951665607,0.29316259298703246,2
2025-05-14 11:00:00,2,0.3525172612250691,0.334154962129701,0.31332777664522976,2
2025-05-14 11:05:00,2,0.3433306501758975,0.3372734931066731,0.3193958567174295,2
2025-05-14 11:10:00,2,0.3329656200335699,0.32512078226634433,0.3419135977000858,2
2025-05-14 11:15:00,2,0.3219824908851339,0.32408732254515865,0.3539301865697073,2
2025-05-14 11:20:00,2,0.3121908297637685,0.3059407165655938,0.3818684536706377,2
2025-05-14 11:25:00,1,0.31246291358912853,0.2981087344113431,0.3894283519995283,2
2025-05-14 11:30:00,1,0.32313510643917154,0.3183291188028148,0.3585357747580136,2
2025-05-14 11:35:00,1,0.3321608082529717,0.3259842885536315,0.34185490319339684,2
2025-05-14 11:40:00,1,0.34540058669480445,0.3302324985188738,0.3243669147863218,2
2025-05-14 11:45:00,2,0.3988397611718793,0.03662636170657608,0.5645338771215446,0
2025-05-14 11:50:00,2,0.3623310031940365,0.03613891566717858,0.6015300811387849,0
2025-05-14 11:55:00,2,0.3573313649647377,0.3381912776950301,0.3044773573402321,2
2025-05-14 12:00:00,2,0.33681387029318327,0.3378768725105386,0.325309257196278,2
2025-05-14 12:05:00,2,0.33867615039390536,0.32765601776496867,0.3336678318411259,2
2025-05-14 12:10:00,2,0.30720966984876896,0.3285385917154431,0.36425173843578806,2
2025-05-14 12:15:00,2,0.3012727454916289,0.3300892272551303,0.36863802725324085,2
2025-05-14 12:20:00,1,0.31270304506048263,0.32824463667409015,0.3590523182654272,2
2025-05-14 12:25:00,1,0.3239187912189113,0.32970847173969786,0.34637273704139077,2
2025-05-14 12:30:00,1,0.32285847253190036,0.33942423172772485,0.33771729574037473,2
2025-05-14 12:35:00,2,0.3601104788931926,0.039951439305989454,0.599938081800818,0
2025-05-14 12:40:00,2,0.1980857763250042,0.2171194703592301,0.5847947533157658,2
2025-05-14 12:45:00,2,0.06568549497008323,0.05381719781110122,0.8804973072188156,2
2025-05-14 12:50:00,2,0.07557885654882988,0.05866924248227141,0.8657519009688989,2
2025-05-14 12:55:00,2,0.07704300929837474,0.06504544082278393,0.8579115498788413,2
2025-05-14 13:00:00,2,0.3755558197701493,0.3923818031499429,0.2320623770799077,2
2025-05-14 13:05:00,2,0.3288849456728788,0.40761350935572666,0.26350154497139466,1
2025-05-14 13:10:00,2,0.3574148357478417,0.3832532197186648,0.2593319445334935,2
2025-05-14 13:15:00,2,0.4038716118846216,0.37681008991236375,0.21931829820301466,2
2025-05-14 13:20:00,2,0.37579611174424876,0.37203024118395167,0.2521736470717997,2
2025-05-14 13:25:00,2,0.37331354985096094,0.38065094736208405,0.24603550278695502,2
2025-05-14 13:30:00,2,0.35829595081000776,0.36462328156422774,0.27708076762576456,2
2025-05-14 13:35:00,2,0.2995453868779326,0.32693958302802456,0.3735150300940428,2
2025-05-14 13:40:00,2,0.29584089597275726,0.3353164662644431,0.3688426377627997,2
2025-05-14 13:45:00,2,0.2942021394445881,0.3385186145724751,0.3672792459829367,2
2025-05-14 13:50:00,2,0.27136381663535425,0.2961096821390076,0.4325265012256381,2
2025-05-14 13:55:00,2,0.26622391577593624,0.32232824993332326,0.4114478342907406,1
2025-05-14 14:00:00,2,0.28126590699480547,0.3397034438701439,0.3790306491350507,1
2025-05-14 14:05:00,2,0.25685617366473407,0.31454605245390693,0.428597773881359,1
2025-05-14 14:10:00,2,0.2508750452228371,0.32948733030020927,0.4196376244769537,1
2025-05-14 14:15:00,1,0.24242888268837368,0.3189627359151334,0.43860838139649294,1
2025-05-14 14:20:00,1,0.24630201689142733,0.2990222880010537,0.454675695107519,1
2025-05-14 14:25:00,2,0.26787140670374776,0.3411158330856924,0.39101276021055975,1
2025-05-14 14:30:00,0,0.24899348947090513,0.36701851858288476,0.38398799194621014,1
2025-05-14 14:35:00,0,0.23946420849134445,0.3412254415473345,0.41931034996132105,1
2025-05-14 14:40:00,2,0.33010332632514705,0.35685587137195085,0.31304080230290215,2
2025-05-14 14:45:00,2,0.28279487162375905,0.3505351202098536,0.36667000816638723,1
2025-05-14 14:50:00,0,0.29426717033537003,0.33349807649406793,0.37223475317056204,2
2025-05-14 14:55:00,0,0.2956157997509555,0.326012157136333,0.3783720431127115,2
2025-05-14 15:00:00,2,0.10343254876659848,0.10548391071486253,0.7910835405185389,2
2025-05-14 15:05:00,2,0.039722435280661925,0.05085904744414816,0.9094185172751899,2
2025-05-14 15:10:00,2,0.04737151326413933,0.04599004518359415,0.9066384415522666,2
2025-05-14 15:15:00,2,0.30167415961285926,0.28784392469564746,0.41048191569149334,2
2025-05-14 15:20:00,2,0.25552162364156705,0.21577136579377618,0.5287070105646567,2
2025-05-14 15:25:00,2,0.04651198573391495,0.044844226215112644,0.9086437880509723,2
2025-05-15 09:15:00,2,0.27028753320325777,0.3537273833927818,0.37598508340396036,1
2025-05-15 09:20:00,1,0.2681351265074705,0.33800387229783135,0.3938610011946981,1
2025-05-15 09:25:00,1,0.25613059721713805,0.3448424413369925,0.3990269614458695,1
2025-05-15 09:30:00,1,0.2519584647952006,0.35269620315605654,0.39534533204874284,1
2025-05-15 09:35:00,2,0.03468424550932364,0.041289258852597974,0.9240264956380784,2
2025-05-15 09:40:00,2,0.034528771147170886,0.042517586104123734,0.9229536427487053,2
2025-05-15 09:45:00,2,0.046810412845566314,0.05603669867750615,0.8971528884769274,2
2025-05-15 09:50:00,2,0.05533709065134423,0.06042138721962028,0.8842415221290354,2
2025-05-15 09:55:00,2,0.2788925761485453,0.4171960164908779,0.3039114073605768,1
2025-05-15 10:00:00,2,0.04974236392630215,0.05610342184631053,0.8941542142273874,2
2025-05-15 10:05:00,2,0.04176322463463566,0.05000111422775239,0.908235661137612,2
2025-05-15 10:10:00,2,0.3037986359206801,0.3841403758459383,0.3120609882333815,1
2025-05-15 10:15:00,0,0.297437490765452,0.40002880977168553,0.3025336994628625,1
2025-05-15 10:20:00,0,0.30439610405122375,0.38628762757614543,0.3093162683726309,1
2025-05-15 10:25:00,0,0.2913014748517184,0.3912838517668058,0.3174146733814757,1
2025-05-15 10:30:00,0,0.3413640299387167,0.35550281871120887,0.30313315135007446,2
2025-05-15 10:35:00,2,0.07762108162993187,0.08427133585524199,0.8381075825148262,2
2025-05-15 10:40:00,2,0.09776607971843099,0.08533421921585399,0.816899701065715,2
2025-05-15 10:45:00,2,0.11224261654335828,0.10296870590835536,0.7847886775482863,2
2025-05-15 10:50:00,2,0.45017250689237637,0.34486262131271156,0.20496487179491202,0
2025-05-15 10:55:00,2,0.09504013898535206,0.07179837567153809,0.8331614853431097,2
2025-05-15 11:00:00,1,0.4386394104923739,0.363252162989103,0.19810842651852315,0
2025-05-15 11:05:00,1,0.44601945505266677,0.37474482048869456,0.17923572445863878,0
2025-05-15 11:10:00,0,0.4600287757181286,0.39021232501747294,0.1497588992643984,0
2025-05-15 11:15:00,1,0.4407374837765912,0.4112964073932015,0.14796610883020722,2
2025-05-15 11:20:00,2,0.44534765516661823,0.4016662874227817,0.1529860574106002,2
2025-05-15 11:25:00,2,0.43614633225460175,0.3979235088002648,0.1659301589451334,2
2025-05-15 11:30:00,2,0.4403912828652509,0.38151750880828544,0.1780912083264636,0
2025-05-15 11:35:00,2,0.41717202750494,0.38642800676398376,0.19639996573107635,2
2025-05-15 11:40:00,2,0.39349065849900566,0.39957264864802017,0.20693669285297414,2
2025-05-15 11:45:00,2,0.4152747934604282,0.381701815791804,0.20302339074776773,2
2025-05-15 11:50:00,0,0.38140685737596375,0.3763029903079035,0.24229015231613277,2
2025-05-15 11:55:00,0,0.398277869184565,0.3828981163787941,0.21882401443664096,2
2025-05-15 12:00:00,0,0.40486939052391135,0.35654779612372417,0.23858281335236434,2
2025-05-15 12:05:00,1,0.3684496760663524,0.3807413607280031,0.25080896320564466,2
2025-05-15 12:10:00,1,0.43443765363560644,0.3555679938928484,0.20999435247154521,0
2025-05-15 12:15:00,1,0.4457075685130942,0.35800665315088437,0.19628577833602143,0
2025-05-15 12:20:00,0,0.4765286249688572,0.344271508514879,0.17919986651626382,0
2025-05-15 12:25:00,2,0.4676927629975453,0.3534966748960042,0.17881056210645033,0
2025-05-15 12:30:00,2,0.42247156186744816,0.3790724898472844,0.19845594828526733,2
2025-05-15 12:35:00,2,0.436382968351926,0.39093399430507253,0.17268303734300147,2
2025-05-15 12:40:00,0,0.4595788508002605,0.378749584778332,0.16167156442140737,0
2025-05-15 12:45:00,0,0.4412850625654873,0.3750512037153462,0.18366373371916647,0
2025-05-15 12:50:00,0,0.4512283729309421,0.37298922317943006,0.17578240388962785,0
2025-05-15 12:55:00,0,0.42448744411785716,0.35781053580453104,0.21770202007761183,0
2025-05-15 13:00:00,0,0.4416978139626623,0.3094623124327806,0.24883987360455723,0
2025-05-15 13:05:00,2,0.10498651135762735,0.07701205184713729,0.8180014367952354,2
2025-05-15 13:10:00,2,0.0722654648799927,0.04474948895767381,0.8829850461623335,2
2025-05-15 13:15:00,2,0.08858989508425238,0.05209272156361755,0.85931738335213,2
2025-05-15 13:20:00,2,0.09425639203157554,0.05803083770359454,0.8477127702648299,2
2025-05-15 13:25:00,2,0.0973799219191842,0.03885253418834521,0.8637675438924705,2
2025-05-15 13:30:00,2,0.10447328087571676,0.0349660240768993,0.860560695047384,2
2025-05-15 13:35:00,2,0.06764635898654232,0.020673914933488288,0.9116797260799695,2
2025-05-15 13:40:00,0,0.5706983308620286,0.010038245870384477,0.4192634232675869,0
2025-05-15 13:45:00,0,0.622182513977023,0.009661084942335717,0.3681564010806414,0
2025-05-15 13:50:00,2,0.5800388192004412,0.008935230678108898,0.41102595012145,0
2025-05-15 13:55:00,2,0.5790623107439087,0.008375432719128993,0.4125622565369623,0
2025-05-15 14:00:00,0,0.601513522183009,0.008729095359227059,0.3897573824577639,0
2025-05-15 14:05:00,0,0.5780356863502233,0.010225401631188081,0.4117389120185887,0
2025-05-15 14:10:00,2,0.5806344398912638,0.00900802934862511,0.4103575307601111,0
2025-05-15 14:15:00,2,0.5682999844164004,0.008589434989201164,0.4231105805943985,0
2025-05-15 14:20:00,2,0.571914629590899,0.01176954548902903,0.416315824920072,0
2025-05-15 14:25:00,2,0.53275454880581,0.01007015840679774,0.4571752927873923,0
2025-05-15 14:30:00,2,0.516171763933423,0.19364111861583644,0.2901871174507405,0
2025-05-15 14:35:00,2,0.48705275615823296,0.186745937998037,0.32620130584373,0
2025-05-15 14:40:00,2,0.4758698959983773,0.15869312311937173,0.36543698088225096,0
2025-05-15 14:45:00,2,0.444387732105748,0.18390568393476023,0.37170658395949185,0
2025-05-15 14:50:00,2,0.40422470385698006,0.17863849580317562,0.41713680033984435,0
2025-05-15 14:55:00,2,0.44300424011823497,0.20111480245317578,0.35588095742858933,0
2025-05-15 15:00:00,2,0.4125418699539679,0.17177061522160458,0.41568751482442756,0
2025-05-15 15:05:00,2,0.3763212983303702,0.16313635003144336,0.4605423516381863,0
2025-05-15 15:10:00,2,0.4266114236126183,0.21040503766915497,0.36298353871822686,0
2025-05-15 15:15:00,2,0.41010622154833615,0.1923694809146822,0.39752429753698165,0
2025-05-15 15:20:00,2,0.399736726067467,0.1854004303428776,0.41486284358965536,0
2025-05-15 15:25:00,2,0.3937627204213842,0.2055848666238773,0.40065241295473847,0
2025-05-16 09:15:00,2,0.23442450686821847,0.3235010195624812,0.44207447356930046,1
2025-05-16 09:20:00,2,0.18447949763909752,0.3320008341070989,0.48351966825380355,1
2025-05-16 09:25:00,2,0.2809012109076644,0.3222303473908772,0.39686844170145835,2
2025-05-16 09:30:00,2,0.30137209735353326,0.35549286737132874,0.3431350352751381,1
2025-05-16 09:35:00,2,0.26870934960730647,0.34237007057057445,0.38892057982211903,1
2025-05-16 09:40:00,2,0.28885041668043315,0.36380765141255994,0.3473419319070069,1
2025-05-16 09:45:00,2,0.27360137494120146,0.35019090682408244,0.37620771823471605,1
2025-05-16 09:50:00,2,0.28543833423611153,0.3476719695950405,0.366889696168848,1
2025-05-16 09:55:00,2,0.3089084181363389,0.3419331211537638,0.3491584607098973,2
2025-05-16 10:00:00,2,0.28949102180056524,0.3387196695984533,0.37178930860098147,2
2025-05-16 10:05:00,2,0.26371178330061834,0.31129629482351273,0.424991921875869,2
2025-05-16 10:10:00,2,0.24617134509184463,0.32998427582147344,0.4238443790866819,1
2025-05-16 10:15:00,2,0.2291592631335704,0.32382463333969413,0.4470161035267354,1
2025-05-16 10:20:00,2,0.28038023410929575,0.34733713713030756,0.37228262876039675,1
2025-05-16 10:25:00,2,0.24458714718247238,0.33059539554815104,0.4248174572693766,1
2025-05-16 10:30:00,2,0.21430743393962168,0.29250923649091537,0.4931833295694629,1
2025-05-16 10:35:00,2,0.3386658378845589,0.3777816934997168,0.2835524686157244,2
2025-05-16 10:40:00,2,0.3137727121495739,0.37367181383936576,0.3125554740110603,1
2025-05-16 10:45:00,2,0.2890035735964283,0.3605768821673805,0.3504195442361912,1
2025-05-16 10:50:00,1,0.29169861292452653,0.35105471422035983,0.3572466728551136,1
2025-05-16 10:55:00,1,0.28588371787658046,0.33334019639251194,0.3807760857309075,2
2025-05-16 11:00:00,2,0.31446314377546036,0.3472881036508775,0.3382487525736621,2
2025-05-16 11:05:00,2,0.06478575980347857,0.06153774649611221,0.8736764937004091,2
2025-05-16 11:10:00,2,0.30454458355791464,0.3466370146151721,0.34881840182691326,2
2025-05-16 11:15:00,2,0.27748274393101774,0.3417795841984101,0.3807376718705721,1
2025-05-16 11:20:00,2,0.2887125660767236,0.33348670140758907,0.3778007325156873,2
2025-05-16 11:25:00,2,0.313034100130293,0.33488330629614355,0.3520825935735634,2
2025-05-16 11:30:00,2,0.2728854085632903,0.3251256084614175,0.4019889829752922,1
2025-05-16 11:35:00,2,0.27859663489270303,0.3106635006652211,0.41073986444207594,2
2025-05-16 11:40:00,2,0.289977793327677,0.319806576016436,0.39021563065588694,2
2025-05-16 11:45:00,2,0.2747246067191121,0.3158975864198064,0.40937780686108155,2
2025-05-16 11:50:00,2,0.290688819435844,0.32411586030625356,0.3851953202579024,2
2025-05-16 11:55:00,2,0.28554786622875816,0.30108758207734054,0.4133645516939012,2
2025-05-16 12:00:00,2,0.2556776297115444,0.29077536706847706,0.45354700321997854,2
2025-05-16 12:05:00,2,0.24603163150680993,0.29201735975280446,0.4619510087403856,2
2025-05-16 12:10:00,2,0.25875719952174203,0.26971227047654195,0.47153053000171596,2
2025-05-16 12:15:00,0,0.2375477020040804,0.26242755169782567,0.5000247462980939,2
2025-05-16 12:20:00,2,0.21826064467275497,0.24376557372042135,0.5379737816068237,2
2025-05-16 12:25:00,2,0.015467872625110514,0.014030033119843584,0.970502094255046,2
2025-05-16 12:30:00,2,0.015180048114794805,0.0169372030840086,0.9678827488011965,2
2025-05-16 12:35:00,2,0.015219409159843988,0.0141868264587282,0.9705937643814279,2
2025-05-16 12:40:00,2,0.012862663109410219,0.015404532029549316,0.9717328048610405,2
2025-05-16 12:45:00,2,0.01592072101439772,0.016280181585141437,0.9677990974004609,2
2025-05-16 12:50:00,2,0.014474378085839186,0.014879624094073719,0.970645997820087,2
2025-05-16 12:55:00,2,0.01913224936520682,0.017760901418696646,0.9631068492160966,2
2025-05-16 13:00:00,2,0.017192711532792015,0.016328907419219715,0.9664783810479883,2
2025-05-16 13:05:00,2,0.0169271585633729,0.01702075305271104,0.9660520883839161,2
2025-05-16 13:10:00,2,0.21517135816054558,0.23727120815876776,0.5475574336806867,2
2025-05-16 13:15:00,2,0.1988724852490727,0.2354403956896069,0.5656871190613204,2
2025-05-16 13:20:00,2,0.19642701871524262,0.2257866217200115,0.5777863595647459,2
2025-05-16 13:25:00,1,0.03432546063096181,0.1852712651734437,0.7804032741955945,2
2025-05-16 13:30:00,2,0.23717931965451902,0.2657829374836075,0.4970377428618736,2
2025-05-16 13:35:00,2,0.1776456325993623,0.20400212755630653,0.6183522398443312,2
2025-05-16 13:40:00,2,0.19865019518415974,0.2506642566016645,0.5506855482141757,1
2025-05-16 13:45:00,2,0.1866416139465486,0.23811832494679833,0.5752400611066532,2
2025-05-16 13:50:00,2,0.18424578104820788,0.21831482725346912,0.597439391698323,2
2025-05-16 13:55:00,2,0.18299883728822455,0.22517006213277926,0.5918311005789962,2
2025-05-16 14:00:00,2,0.1768897947319706,0.20448392525872036,0.6186262800093091,2
2025-05-16 14:05:00,2,0.17352962877625022,0.1984578353877952,0.6280125358359546,2
2025-05-16 14:10:00,2,0.19016160481745017,0.225378264653933,0.5844601305286168,2
2025-05-16 14:15:00,2,0.21314971854056752,0.25700532309766366,0.5298449583617688,2
2025-05-16 14:20:00,2,0.18695343640980822,0.22034454410482043,0.5927020194853714,2
2025-05-16 14:25:00,2,0.19823850592860495,0.2503215047567393,0.5514399893146557,1
2025-05-16 14:30:00,2,0.19137952439455613,0.24785728597346526,0.5607631896319786,2
2025-05-16 14:35:00,2,0.19548786109083496,0.23111858267557103,0.573393556233594,2
2025-05-16 14:40:00,2,0.1753305186408117,0.2107227614717104,0.613946719887478,2
2025-05-16 14:45:00,2,0.1843024085870078,0.2144266822099816,0.6012709092030106,2
2025-05-16 14:50:00,2,0.17932090448068008,0.2085763005271428,0.6121027949921771,2
2025-05-16 14:55:00,2,0.1695248609226908,0.20151810581285107,0.6289570332644581,2
2025-05-16 15:00:00,2,0.176331654067879,0.20511698105528006,0.6185513648768409,2
2025-05-16 15:05:00,2,0.1493517767243417,0.15966970563508426,0.6909785176405742,2
2025-05-16 15:10:00,2,0.17464108384058818,0.184818858086117,0.6405400580732948,2
2025-05-16 15:15:00,2,0.16828533048745015,0.1757375123213266,0.6559771571912233,2
2025-05-16 15:20:00,2,0.16355078145366136,0.17649356175691625,0.6599556567894224,2
2025-05-16 15:25:00,2,0.16645820882845833,0.17970147821663895,0.6538403129549027,2
2025-05-19 09:15:00,2,0.19369509947493638,0.2914660197344847,0.5148388807905789,1
2025-05-19 09:20:00,1,0.026968499215255997,0.15595781834026287,0.8170736824444812,2
2025-05-19 09:25:00,2,0.20676280410795417,0.3063217834115328,0.486915412480513,1
2025-05-19 09:30:00,2,0.20280720060349627,0.2740787530256419,0.5231140463708619,1
2025-05-19 09:35:00,2,0.2671865199447871,0.3323608936985471,0.4004525863566658,1
2025-05-19 09:40:00,2,0.25100963020368416,0.31901918521446104,0.42997118458185485,1
2025-05-19 09:45:00,2,0.22175798595567928,0.3070444693586028,0.47119754468571784,1
2025-05-19 09:50:00,2,0.21959564820749067,0.3204351003080572,0.45996925148445206,1
2025-05-19 09:55:00,2,0.212475347271533,0.2985925830858311,0.4889320696426359,1
2025-05-19 10:00:00,2,0.20635093162136448,0.29129317748496997,0.5023558908936655,1
2025-05-19 10:05:00,2,0.15810675281263076,0.19918690249593785,0.6427063446914315,2
2025-05-19 10:10:00,2,0.14819093320465612,0.19661768356110368,0.6551913832342403,2
2025-05-19 10:15:00,2,0.17363563795417944,0.20428658173744665,0.6220777803083738,2
2025-05-19 10:20:00,2,0.1498585291614499,0.16529468165428451,0.6848467891842657,2
2025-05-19 10:25:00,2,0.17681989298226541,0.2788366418897626,0.5443434651279719,1
2025-05-19 10:30:00,2,0.14544139092216135,0.23175349815981175,0.6228051109180268,2
2025-05-19 10:35:00,0,0.26932725439874106,0.3157745615514249,0.4148981840498341,2
2025-05-19 10:40:00,2,0.024266814563461983,0.01882595259418274,0.9569072328423552,2
2025-05-19 10:45:00,2,0.020797261613273943,0.019301764512960555,0.9599009738737655,2
2025-05-19 10:50:00,2,0.014295668826805184,0.02059977033053598,0.9651045608426587,2
2025-05-19 10:55:00,2,0.013125066133077125,0.019809521188104324,0.9670654126788185,2
2025-05-19 11:00:00,2,0.01305926672686438,0.022461154504697795,0.9644795787684377,2
2025-05-19 11:05:00,2,0.012817690903099673,0.020933321103575837,0.9662489879933245,2
2025-05-19 11:10:00,2,0.016808046525195047,0.019195768273109988,0.9639961852016949,2
2025-05-19 11:15:00,2,0.014298452391406423,0.01726467189484717,0.9684368757137465,2
2025-05-19 11:20:00,2,0.01643315563460256,0.017782400614776043,0.9657844437506213,2
2025-05-19 11:25:00,2,0.0155464958111642,0.016811624930286293,0.9676418792585495,2
2025-05-19 11:30:00,2,0.022432270602273867,0.019983556565687524,0.9575841728320387,2
2025-05-19 11:35:00,2,0.018937521459174506,0.018425271575676486,0.9626372069651491,2
2025-05-19 11:40:00,2,0.01862780602092881,0.01714094677685972,0.9642312472022114,2
2025-05-19 11:45:00,2,0.021181315979149223,0.017234704897749104,0.9615839791231017,2
2025-05-19 11:50:00,2,0.017066704761537592,0.018483560837433435,0.964449734401029,2
2025-05-19 11:55:00,2,0.023499822072711077,0.020166011105493094,0.9563341668217957,2
2025-05-19 12:00:00,2,0.03269428743271559,0.020603972308702444,0.9467017402585819,2
2025-05-19 12:05:00,2,0.02373876929327354,0.01925124533638567,0.9570099853703409,2
2025-05-19 12:10:00,2,0.026393631228931694,0.021200159960397095,0.9524062088106711,2
2025-05-19 12:15:00,2,0.02504234809881068,0.02269746524415541,0.952260186657034,2
2025-05-19 12:20:00,2,0.017971824051777687,0.020605678695467644,0.9614224972527546,2
2025-05-19 12:25:00,2,0.016919044281457143,0.019288625399508832,0.9637923303190339,2
2025-05-19 12:30:00,2,0.017570195607989135,0.019369978988227725,0.9630598254037831,2
2025-05-19 12:35:00,2,0.01996309462270099,0.018640204688686147,0.9613967006886129,2
2025-05-19 12:40:00,2,0.01640253431668795,0.016592985356432607,0.9670044803268796,2
2025-05-19 12:45:00,2,0.016054912379695793,0.016875961668540503,0.9670691259517638,2
2025-05-19 12:50:00,2,0.014410457021628175,0.01634352388389209,0.9692460190944797,2
2025-05-19 12:55:00,2,0.013102110985970404,0.013914372987538733,0.9729835160264908,2
2025-05-19 13:00:00,2,0.01712363659407465,0.016183395834933768,0.9666929675709917,2
2025-05-19 13:05:00,2,0.027445411375336324,0.01667412640620277,0.955880462218461,2
2025-05-19 13:10:00,2,0.23340471439473173,0.045702684526174764,0.7208926010790935,2
2025-05-19 13:15:00,2,0.19977821858398878,0.2593910659875199,0.5408307154284914,1
2025-05-19 13:20:00,2,0.2015376237489764,0.26146571567049126,0.5369966605805323,1
2025-05-19 13:25:00,2,0.20937055512897781,0.27322960116511774,0.5173998437059045,1
2025-05-19 13:30:00,2,0.22557906690211324,0.2968327396003057,0.477588193497581,1
2025-05-19 13:35:00,2,0.15998795269004024,0.22853291814515211,0.6114791291648076,2
2025-05-19 13:40:00,2,0.16974288135583615,0.2570091793633485,0.5732479392808154,1
2025-05-19 13:45:00,2,0.16755568370697874,0.2569617228263822,0.5754825934666391,1
2025-05-19 13:50:00,1,0.16325727109621394,0.24076457442197094,0.5959781544818152,2
2025-05-19 13:55:00,1,0.16465214215269552,0.25288328338821137,0.582464574459093,1
2025-05-19 14:00:00,2,0.025711047889586173,0.03171405867018648,0.9425748934402274,2
2025-05-19 14:05:00,2,0.02307357736025166,0.028629386382435416,0.948297036257313,2
2025-05-19 14:10:00,2,0.02290553040328981,0.03242863784768537,0.9446658317490247,2
2025-05-19 14:15:00,2,0.1933745003887662,0.3088298965226407,0.49779560308859316,1
2025-05-19 14:20:00,2,0.18614733521703608,0.28850126494237455,0.5253513998405894,1
2025-05-19 14:25:00,2,0.15729859291353487,0.2794292085942512,0.563272198492214,1
2025-05-19 14:30:00,2,0.18197842492876284,0.27854627564710616,0.5394752994241311,1
2025-05-19 14:35:00,2,0.18181285893077184,0.27810947199349234,0.5400776690757358,1
2025-05-19 14:40:00,2,0.1877285291129609,0.28401750629178424,0.5282539645952549,1
2025-05-19 14:45:00,2,0.016993851902305908,0.4408871709050824,0.5421189771926118,1
2025-05-19 14:50:00,2,0.014208131215791567,0.40916102282717787,0.5766308459570306,1
2025-05-19 14:55:00,2,0.03512918587547146,0.3720374500336975,0.592833364090831,1
2025-05-19 15:00:00,2,0.20143671259838553,0.28713048758260007,0.5114327998190143,1
2025-05-19 15:05:00,2,0.19843387217419275,0.2766135480068705,0.5249525798189367,1
2025-05-19 15:10:00,2,0.18512398275970013,0.2639918859130124,0.5508841313272874,1
2025-05-19 15:15:00,2,0.18857677264530484,0.2593115201131703,0.5521117072415248,1
2025-05-19 15:20:00,2,0.18159714890955359,0.25944510279518407,0.5589577482952623,1
2025-05-19 15:25:00,2,0.19406337833605047,0.3104105516734514,0.49552606999049814,1
2025-05-20 09:15:00,2,0.23515069513041473,0.3125816752049414,0.4522676296646439,1
2025-05-20 09:20:00,2,0.21888417502896668,0.38408807881754614,0.3970277461534871,1
2025-05-20 09:25:00,2,0.20777686526764177,0.3658614391256373,0.42636169560672094,1
2025-05-20 09:30:00,2,0.21971736574762826,0.36095932275301773,0.41932331149935403,1
2025-05-20 09:35:00,1,0.20253532461891785,0.3776579785830156,0.41980669679806654,1
2025-05-20 09:40:00,2,0.19905531756350678,0.35311469132940543,0.4478299911070878,1
2025-05-20 09:45:00,2,0.18765333451616295,0.3471864565686865,0.4651602089151506,1
2025-05-20 09:50:00,2,0.031391426907556655,0.0545259185318139,0.9140826545606295,2
2025-05-20 09:55:00,2,0.23211813487756522,0.3756296475204336,0.3922522176020013,1
2025-05-20 10:00:00,2,0.21649790115314554,0.36040008433774673,0.4231020145091077,1
2025-05-20 10:05:00,2,0.21152409130116104,0.34935985554429133,0.4391160531545476,1
2025-05-20 10:10:00,2,0.188069563915955,0.31033150328033027,0.5015989328037147,1
2025-05-20 10:15:00,2,0.2108677733169104,0.32469961254244517,0.46443261414064446,1
2025-05-20 10:20:00,2,0.17517100057951135,0.29588060168291497,0.5289483977375736,1
2025-05-20 10:25:00,2,0.1781499406821114,0.298499046446005,0.5233510128718836,1
2025-05-20 10:30:00,0,0.1615409907582156,0.2759214158386595,0.5625375934031249,1
2025-05-20 10:35:00,2,0.2890105443304429,0.36331869362829683,0.3476707620412604,1
2025-05-20 10:40:00,2,0.26653775501186344,0.3376283335540833,0.3958339114340532,1
2025-05-20 10:45:00,2,0.12348026827273167,0.14806486342967667,0.7284548682975915,2
2025-05-20 10:50:00,2,0.30283467180470003,0.37054270926426625,0.32662261893103384,1
2025-05-20 10:55:00,2,0.28126260289920746,0.3641133628125627,0.35462403428822975,1
2025-05-20 11:00:00,1,0.29620825416708474,0.37975581522414675,0.32403593060876845,1
2025-05-20 11:05:00,1,0.2787463729345697,0.3719848441201047,0.34926878294532565,1
2025-05-20 11:10:00,1,0.3067435447672313,0.3774096588984989,0.31584679633426965,1
2025-05-20 11:15:00,2,0.29939222611336125,0.39455879925486675,0.3060489746317719,1
2025-05-20 11:20:00,2,0.28091857377410384,0.3805669454384258,0.3385144807874705,1
2025-05-20 11:25:00,2,0.28305970437271843,0.3498172054553026,0.3671230901719789,1
2025-05-20 11:30:00,1,0.28479069452378625,0.3610183747343282,0.3541909307418855,1
2025-05-20 11:35:00,2,0.33036368777130765,0.07776271537964399,0.5918735968490485,0
2025-05-20 11:40:00,2,0.2911071827178459,0.03461241047165684,0.6742804068104973,2
2025-05-20 11:45:00,2,0.27493178470278,0.03576007030984392,0.689308144987376,2
2025-05-20 11:50:00,2,0.3114387139991782,0.036787650649192837,0.6517736353516289,2
2025-05-20 11:55:00,2,0.3032482700018787,0.039407249503031726,0.6573444804950896,2
2025-05-20 12:00:00,2,0.26977720756820833,0.36519617167200213,0.3650266207597895,1
2025-05-20 12:05:00,1,0.2747411372077592,0.353659864120844,0.37159899867139673,1
2025-05-20 12:10:00,2,0.29596332213035437,0.3885224235046929,0.31551425436495273,1
2025-05-20 12:15:00,2,0.2821446954074726,0.3757610744641704,0.3420942301283571,1
2025-05-20 12:20:00,2,0.27743411073457963,0.37367406432108924,0.3488918249443312,1
2025-05-20 12:25:00,2,0.2743655608183371,0.37295216114241025,0.3526822780392527,1
2025-05-20 12:30:00,1,0.27448950901518543,0.37078843006272544,0.3547220609220892,1
2025-05-20 12:35:00,1,0.2688936842936042,0.3654509747040121,0.3656553410023837,1
2025-05-20 12:40:00,1,0.2735208002534874,0.3736745647939823,0.3528046349525301,1
2025-05-20 12:45:00,2,0.31407658879104444,0.04095710080969577,0.6449663103992597,2
2025-05-20 12:50:00,2,0.3346017652645499,0.04194370677619175,0.6234545279592585,0
2025-05-20 12:55:00,2,0.043837700180087265,0.05324495855044901,0.9029173412694637,2
2025-05-20 13:00:00,2,0.0429705984937304,0.05020546688146977,0.9068239346247998,2
2025-05-20 13:05:00,2,0.042953051443489286,0.051568098452813994,0.9054788501036968,2
2025-05-20 13:10:00,2,0.03953708970276368,0.051637292799227824,0.9088256174980084,2
2025-05-20 13:15:00,2,0.03867046838857523,0.05679769265583496,0.9045318389555899,2
2025-05-20 13:20:00,2,0.04325577737315346,0.0558361544156151,0.9009080682112314,2
2025-05-20 13:25:00,2,0.045014690580512134,0.057332502624906655,0.8976528067945811,2
2025-05-20 13:30:00,2,0.0479047965149719,0.06110091633427119,0.8909942871507568,2
2025-05-20 13:35:00,2,0.0235121409943004,0.037023558155689376,0.9394643008500102,2
2025-05-20 13:40:00,2,0.022915107130592156,0.04709145867545089,0.9299934341939569,2
2025-05-20 13:45:00,2,0.20880581336969814,0.3825898983551095,0.40860428827519224,1
2025-05-20 13:50:00,1,0.19032390779095196,0.35182623680256914,0.4578498554064789,1
2025-05-20 13:55:00,2,0.16824479624427582,0.3810122207653863,0.4507429829903379,1
2025-05-20 14:00:00,1,0.013267479004056544,0.46337260484737486,0.5233599161485686,1
2025-05-20 14:05:00,1,0.011754761827360408,0.45634740528085177,0.5318978328917879,1
2025-05-20 14:10:00,1,0.01132739420224729,0.5003670605265419,0.48830554527121073,1
2025-05-20 14:15:00,2,0.008756714444943995,0.4754275643481058,0.5158157212069502,1
2025-05-20 14:20:00,2,0.007955177532763417,0.49299745087231833,0.49904737159491824,1
2025-05-20 14:25:00,1,0.006896395742129662,0.46922560482182507,0.5238779994360452,1
2025-05-20 14:30:00,2,0.007541351035302572,0.4552821813146422,0.5371764676500552,1
2025-05-20 14:35:00,2,0.007624181363730776,0.4580028537424364,0.5343729648938329,1
2025-05-20 14:40:00,2,0.0069823725239972125,0.4730427205469187,0.519974906929084,1
2025-05-20 14:45:00,2,0.04565789593462738,0.4494472189061345,0.5048948851592381,1
2025-05-20 14:50:00,2,0.0077802718089836605,0.460087171692132,0.5321325564988842,1
2025-05-20 14:55:00,2,0.007514720205042636,0.460925849780512,0.5315594300144454,1
2025-05-20 15:00:00,2,0.007897076507003022,0.4687926964429738,0.5233102270500232,1
2025-05-20 15:05:00,2,0.1340466682213396,0.3915999906847426,0.47435334109391786,1
2025-05-20 15:10:00,2,0.1450236558213903,0.4322077737223004,0.4227685704563093,1
2025-05-20 15:15:00,2,0.1263627093839618,0.45552068221421377,0.4181166084018245,1
2025-05-20 15:20:00,2,0.14290949525379723,0.4149339353495466,0.4421565693966562,1
2025-05-20 15:25:00,2,0.20189321190193027,0.458898530944764,0.33920825715330566,1
2025-05-21 09:15:00,0,0.2650758907830247,0.37702914628212486,0.3578949629348504,1
2025-05-21 09:20:00,0,0.27327831787343926,0.37895214857449844,0.3477695335520622,1
2025-05-21 09:25:00,0,0.2690327028464549,0.374818709476565,0.35614858767698016,1
2025-05-21 09:30:00,0,0.46125197158928655,0.03489977495648049,0.5038482534542329,0
2025-05-21 09:35:00,0,0.4451535966086661,0.0268225803148482,0.5280238230764857,0
2025-05-21 09:40:00,2,0.42655635668602554,0.028848788810121276,0.5445948545038533,0
2025-05-21 09:45:00,2,0.501756552990035,0.021760325524934343,0.47648312148503064,0
2025-05-21 09:50:00,2,0.43762542437305324,0.01967863907049967,0.5426959365564472,0
2025-05-21 09:55:00,0,0.35412940669299314,0.2769646307498851,0.3689059625571218,0
2025-05-21 10:00:00,0,0.48161988144589984,0.03609539279539668,0.4822847257587034,0
2025-05-21 10:05:00,0,0.4698560146251963,0.020809803603855277,0.5093341817709485,0
2025-05-21 10:10:00,2,0.3823929526295458,0.014953644312151891,0.6026534030583023,0
2025-05-21 10:15:00,2,0.4285136470955373,0.014340637747262042,0.5571457151572007,0
2025-05-21 10:20:00,2,0.3641457533529907,0.011613206956283236,0.624241039690726,0
2025-05-21 10:25:00,2,0.40028027406967875,0.014916356860893194,0.5848033690694281,0
2025-05-21 10:30:00,2,0.3428712525370404,0.013715169327075113,0.6434135781358845,0
2025-05-21 10:35:00,2,0.5541961780018373,0.017089886963311995,0.4287139350348507,0
2025-05-21 10:40:00,2,0.5794461729738464,0.02633245527592221,0.39422137175023125,0
2025-05-21 10:45:00,2,0.5541403451491839,0.023198762011017494,0.4226608928397987,0
2025-05-21 10:50:00,2,0.4311241445745792,0.22356275639377116,0.34531309903164964,0
2025-05-21 10:55:00,2,0.4227351421693098,0.25163953538219913,0.32562532244849113,0
2025-05-21 11:00:00,0,0.4307893840031134,0.3120365508326441,0.2571740651642426,0
2025-05-21 11:05:00,1,0.45777669494581685,0.2684320372146575,0.27379126783952557,0
2025-05-21 11:10:00,1,0.4175655508613666,0.31107783723960153,0.2713566118990319,0
2025-05-21 11:15:00,1,0.4222559119010762,0.27145097374313054,0.30629311435579326,0
2025-05-21 11:20:00,2,0.41630150160451346,0.34538458208563805,0.23831391630984847,0
2025-05-21 11:25:00,2,0.3930895896251824,0.3473304971061492,0.2595799132686683,2
2025-05-21 11:30:00,1,0.4081683079542226,0.35126623823578346,0.24056545380999397,0
2025-05-21 11:35:00,1,0.3964937632784357,0.3607159539017323,0.2427902828198321,2
2025-05-21 11:40:00,1,0.4115737574194408,0.3367663700879941,0.25165987249256516,0
2025-05-21 11:45:00,1,0.34118226392782536,0.3464616620809988,0.3123560739911758,2
2025-05-21 11:50:00,1,0.4109414111114805,0.33635034259762087,0.2527082462908986,0
2025-05-21 11:55:00,1,0.3881034756713795,0.3361083212768526,0.27578820305176793,0
2025-05-21 12:00:00,2,0.07823580335133874,0.05914498638323994,0.8626192102654213,2
2025-05-21 12:05:00,2,0.06950736176610413,0.053793957218555795,0.87669868101534,2
2025-05-21 12:10:00,2,0.057572609726124026,0.06541579628814628,0.8770115939857297,2
2025-05-21 12:15:00,2,0.05856068795248057,0.06621194282557526,0.8752273692219442,2
2025-05-21 12:20:00,0,0.3546452522231617,0.43246244384754573,0.21289230392929265,1
2025-05-21 12:25:00,0,0.3624103724749587,0.42506546945598156,0.2125241580690597,1
2025-05-21 12:30:00,2,0.346095965713047,0.42892206600852845,0.22498196827842462,1
2025-05-21 12:35:00,1,0.3441144005514821,0.4207333728271358,0.2351522266213821,1
2025-05-21 12:40:00,2,0.3648261436146275,0.42064478057842164,0.21452907580695085,1
2025-05-21 12:45:00,2,0.38204958287707697,0.41505391411071657,0.20289650301220652,2
2025-05-21 12:50:00,0,0.3887022676648556,0.41245518273557025,0.19884254959957418,2
2025-05-21 12:55:00,0,0.3859748937170497,0.4161179831076124,0.19790712317533804,2
2025-05-21 13:00:00,0,0.35135958420878616,0.4117640472442616,0.2368763685469522,1
2025-05-21 13:05:00,0,0.3577044328405124,0.4191830148338764,0.2231125523256111,1
2025-05-21 13:10:00,1,0.35931172225329916,0.3669156547535099,0.2737726229931909,2
2025-05-21 13:15:00,1,0.3617851103950037,0.34272959156904337,0.2954852980359529,2
2025-05-21 13:20:00,1,0.37757464060638196,0.35683729064416814,0.2655880687494499,2
2025-05-21 13:25:00,2,0.39409559078295875,0.38594701158504635,0.21995739763199487,2
2025-05-21 13:30:00,2,0.37249933347999953,0.3842357112575062,0.2432649552624942,2
2025-05-21 13:35:00,2,0.3154391572049003,0.3764920116803964,0.30806883111470323,1
2025-05-21 13:40:00,2,0.31926491565956716,0.37070477833892124,0.3100303060015117,1
2025-05-21 13:45:00,1,0.30819214089287533,0.36118161998960807,0.33062623911751665,1
2025-05-21 13:50:00,2,0.2865238404218605,0.34107631257061793,0.3723998470075216,1
2025-05-21 13:55:00,2,0.2888554525080556,0.3389725175235388,0.3721720299684056,1
2025-05-21 14:00:00,0,0.3323069875784115,0.34633188984594765,0.32136112257564087,2
2025-05-21 14:05:00,0,0.3074817128813568,0.33741648917808653,0.35510179794055663,2
2025-05-21 14:10:00,2,0.28146741721253077,0.3231183745459927,0.3954142082414766,2
2025-05-21 14:15:00,2,0.26456920481507573,0.30139697054171405,0.4340338246432101,2
2025-05-21 14:20:00,2,0.29460245654304307,0.31211989922769084,0.3932776442292661,2
2025-05-21 14:25:00,2,0.24853536657798653,0.2710609817414855,0.48040365168052795,2
2025-05-21 14:30:00,2,0.24193626925852826,0.2571765174401938,0.500887213301278,2
2025-05-21 14:35:00,2,0.25708126512252655,0.26573408346090494,0.4771846514165685,2
2025-05-21 14:40:00,2,0.02423988179448963,0.022465854655654906,0.9532942635498555,2
2025-05-21 14:45:00,2,0.020591839270125027,0.02035162797796137,0.9590565327519135,2
2025-05-21 14:50:00,2,0.0192868629373555,0.02251910926393461,0.9581940277987098,2
2025-05-21 14:55:00,2,0.017413411125766172,0.018651902594074347,0.9639346862801594,2
2025-05-21 15:00:00,2,0.017040283117417725,0.020984083163984677,0.9619756337185976,2
2025-05-21 15:05:00,2,0.014469362249551577,0.019720785424248797,0.9658098523261996,2
2025-05-21 15:10:00,2,0.018390622369009957,0.020828775082407762,0.9607806025485823,2
2025-05-21 15:15:00,2,0.01633694775707194,0.018828711039284133,0.964834341203644,2
2025-05-21 15:20:00,2,0.02044574129371289,0.020941831726476394,0.9586124269798108,2
2025-05-21 15:25:00,2,0.017936210297151523,0.017334499439253737,0.9647292902635947,2
2025-05-22 09:15:00,2,0.31966198916609706,0.006658236331327893,0.673679774502575,2
2025-05-22 09:20:00,2,0.35855409179600406,0.006328484418080845,0.6351174237859152,0
2025-05-22 09:25:00,2,0.2824712950731039,0.03639535521970102,0.6811333497071951,2
2025-05-22 09:30:00,2,0.29963935626764476,0.03530173634562998,0.6650589073867251,2
2025-05-22 09:35:00,2,0.2903306871613896,0.04354100848432116,0.6661283043542893,2
2025-05-22 09:40:00,2,0.04753227179919902,0.06388489388220889,0.8885828343185921,2
2025-05-22 09:45:00,2,0.03952742708996332,0.05607144007393465,0.9044011328361019,2
2025-05-22 09:50:00,2,0.22847477283528497,0.37250389521089716,0.39902133195381795,1
2025-05-22 09:55:00,2,0.30422959027642205,0.3808372243617948,0.3149331853617832,1
2025-05-22 10:00:00,2,0.3151978388003119,0.37831318789952834,0.30648897330015984,1
2025-05-22 10:05:00,2,0.30293056215694586,0.39564948337973466,0.3014199544633196,1
2025-05-22 10:10:00,2,0.2843792842725039,0.3687538297892996,0.3468668859381964,1
2025-05-22 10:15:00,2,0.2696760038400816,0.3547777858048769,0.3755462103550415,1
2025-05-22 10:20:00,2,0.26144110522328334,0.3583392403533769,0.3802196544233397,1
2025-05-22 10:25:00,2,0.27903149316631887,0.4074098303886712,0.3135586764450099,1
2025-05-22 10:30:00,2,0.26568591249020906,0.36710774048778894,0.3672063470220019,1
2025-05-22 10:35:00,2,0.3518944755188532,0.4165684375942108,0.23153708688693586,1
2025-05-22 10:40:00,2,0.3360676675641199,0.4254886525934607,0.23844367984241951,1
2025-05-22 10:45:00,2,0.32770090350568964,0.4253969980932237,0.24690209840108662,1
2025-05-22 10:50:00,2,0.3045343041958338,0.43267710725153924,0.26278858855262704,1
2025-05-22 10:55:00,2,0.3163321416084943,0.41727245452493056,0.2663954038665751,1
2025-05-22 11:00:00,2,0.3124510228409169,0.4340073160351604,0.2535416611239227,1
2025-05-22 11:05:00,2,0.32763796258209354,0.4047710618874839,0.2675909755304226,1
2025-05-22 11:10:00,2,0.302876158291973,0.4215531410353322,0.2755707006726947,1
2025-05-22 11:15:00,2,0.30545618429217475,0.4010714005910906,0.29347241511673455,1
2025-05-22 11:20:00,1,0.2962493293735491,0.43121010387845166,0.2725405667479993,1
2025-05-22 11:25:00,1,0.2964600288767915,0.4062772311863225,0.297262739936886,1
2025-05-22 11:30:00,2,0.28088216859907766,0.4197427311829241,0.2993751002179981,1
2025-05-22 11:35:00,2,0.022056610460663813,0.6129309806605976,0.3650124088787387,1
2025-05-22 11:40:00,2,0.030648493799038192,0.6013545082802335,0.3679969979207282,1
2025-05-22 11:45:00,2,0.2793724126849112,0.4549598965166871,0.26566769079840175,1
2025-05-22 11:50:00,2,0.3454143121410009,0.39768805116617995,0.25689763669281906,1
2025-05-22 11:55:00,2,0.31596284871200914,0.41125987693706895,0.27277727435092197,1
2025-05-22 12:00:00,1,0.3341840696722705,0.3953541462409359,0.27046178408679367,1
2025-05-22 12:05:00,1,0.2895223130069916,0.4615601965997136,0.24891749039329478,1
2025-05-22 12:10:00,2,0.2809842285546612,0.4475479676751541,0.27146780377018453,1
2025-05-22 12:15:00,2,0.2858009893500599,0.457758728539683,0.2564402821102571,1
2025-05-22 12:20:00,2,0.25874368533741965,0.476683241662076,0.2645730730005043,1
2025-05-22 12:25:00,2,0.2531927755227409,0.4623690786316347,0.28443814584562455,1
2025-05-22 12:30:00,1,0.26933780709059296,0.46282056516785197,0.26784162774155523,1
2025-05-22 12:35:00,1,0.2657726208478607,0.4489781924296601,0.28524918672247923,1
2025-05-22 12:40:00,1,0.2585927810707679,0.4421593882974281,0.29924783063180416,1
2025-05-22 12:45:00,2,0.018626419487435642,0.6243574543879435,0.3570161261246209,1
2025-05-22 12:50:00,2,0.01827035403279256,0.6100107184422143,0.371718927524993,1
2025-05-22 12:55:00,2,0.02037841553186531,0.613789284022215,0.3658323004459198,1
2025-05-22 13:00:00,2,0.019569185763499145,0.6038191984972671,0.3766116157392338,1
2025-05-22 13:05:00,2,0.01818832651813234,0.580309757314911,0.40150191616695663,1
2025-05-22 13:10:00,2,0.267611286189203,0.45821752129194393,0.2741711925188529,1
2025-05-22 13:15:00,2,0.2554778281371115,0.46225242983112924,0.28226974203175914,1
2025-05-22 13:20:00,2,0.27383112313203806,0.4445012497869855,0.2816676270809763,1
2025-05-22 13:25:00,1,0.274417349142316,0.428990902855976,0.29659174800170807,1
2025-05-22 13:30:00,1,0.2740491809071033,0.42827554932898193,0.2976752697639147,1
2025-05-22 13:35:00,2,0.20636786034961913,0.4076025965619002,0.3860295430884807,1
2025-05-22 13:40:00,2,0.20092194828417279,0.4455144754433421,0.353563576272485,1
2025-05-22 13:45:00,2,0.19395828611238847,0.42603999516636315,0.3800017187212483,1
2025-05-22 13:50:00,2,0.190855597892712,0.4245915373671324,0.3845528647401556,1
2025-05-22 13:55:00,2,0.18434875244800195,0.4240100447698214,0.3916412027821766,1
2025-05-22 14:00:00,1,0.20229389702529296,0.38839631627401683,0.4093097867006903,1
2025-05-22 14:05:00,1,0.1849871949790223,0.42614440605735654,0.3888683989636212,1
2025-05-22 14:10:00,1,0.2008264649031479,0.38376204591261487,0.41541148918423715,1
2025-05-22 14:15:00,2,0.06857430980008741,0.5251832646817662,0.40624242551814643,1
2025-05-22 14:20:00,2,0.013065102198766027,0.5591295453977398,0.42780535240349404,1
2025-05-22 14:25:00,0,0.1892598912452332,0.4278032415534705,0.3829368672012964,1
2025-05-22 14:30:00,0,0.1865273342767987,0.45474160382557016,0.35873106189763104,1
2025-05-22 14:35:00,0,0.241748899339802,0.44969134497842067,0.3085597556817773,1
2025-05-22 14:40:00,0,0.3312985268011294,0.35876150781296956,0.30993996538590096,2
2025-05-22 14:45:00,2,0.5213146072391812,0.06249146478917068,0.4161939279716481,0
2025-05-22 14:50:00,0,0.3358064529948964,0.3687655224799359,0.2954280245251677,2
2025-05-22 14:55:00,2,0.6270327029224294,0.031571939758499895,0.3413953573190706,0
2025-05-22 15:00:00,2,0.36298738474146636,0.380765224506361,0.2562473907521725,2
2025-05-22 15:05:00,2,0.568873109576821,0.05113009682135984,0.37999679360181915,0
2025-05-22 15:10:00,2,0.3593075503538506,0.34315300196270837,0.29753944768344104,2
2025-05-22 15:15:00,2,0.3945609402539333,0.29929051032660076,0.3061485494194659,0
2025-05-22 15:20:00,2,0.43644598216290525,0.22691504129495368,0.3366389765421411,0
2025-05-22 15:25:00,2,0.5408833085275102,0.03255579628677154,0.4265608951857182,0
2025-05-23 09:15:00,0,0.25583473360995396,0.3467130449984467,0.3974522213915994,1
2025-05-23 09:20:00,0,0.4172744113354124,0.019147823534129083,0.5635777651304585,0
2025-05-23 09:25:00,0,0.41117038760658964,0.018641160261825964,0.5701884521315844,0
2025-05-23 09:30:00,0,0.4045861688325471,0.017236861503001525,0.5781769696644513,0
2025-05-23 09:35:00,0,0.4369432330783151,0.016818353425221182,0.5462384134964636,0
2025-05-23 09:40:00,2,0.4578768680224616,0.013950061482667303,0.528173070494871,0
2025-05-23 09:45:00,2,0.4610739184576986,0.013050357883619516,0.5258757236586818,0
2025-05-23 09:50:00,2,0.4793778306767908,0.012875174610540361,0.5077469947126689,0
2025-05-23 09:55:00,2,0.46053333405126756,0.013048407453422957,0.5264182584953095,0
2025-05-23 10:00:00,2,0.4959987077145824,0.012951837264727466,0.4910494550206901,0
2025-05-23 10:05:00,2,0.42128015667580015,0.012205558571413831,0.566514284752786,0
2025-05-23 10:10:00,2,0.397588500640013,0.012158067641987475,0.5902534317179996,0
2025-05-23 10:15:00,2,0.3159861432710242,0.20381798229974749,0.4801958744292283,2
2025-05-23 10:20:00,2,0.2801905062753505,0.22635463639668663,0.49345485732796285,2
2025-05-23 10:25:00,2,0.2986908039644542,0.2229154372549647,0.4783937587805811,2
2025-05-23 10:30:00,0,0.2791411553414842,0.25735362881144686,0.46350521584706894,2
2025-05-23 10:35:00,0,0.4205225329460053,0.27064877680145955,0.30882869025253523,0
2025-05-23 10:40:00,0,0.4312156099989028,0.2069163363462323,0.36186805365486485,0
2025-05-23 10:45:00,2,0.581272903811014,0.015586864463796464,0.40314023172518937,0
2025-05-23 10:50:00,2,0.5620607426381239,0.01622266310950226,0.4217165942523738,0
2025-05-23 10:55:00,2,0.5826601217646271,0.01555039886971604,0.4017894793656568,0
2025-05-23 11:00:00,2,0.5827461610522845,0.01560304301252869,0.4016507959351868,0
2025-05-23 11:05:00,2,0.586807686530737,0.018423748346127932,0.3947685651231351,0
2025-05-23 11:10:00,2,0.6176606611081303,0.01652666575922154,0.3658126731326481,0
2025-05-23 11:15:00,2,0.4824031028590523,0.23014406528750433,0.28745283185344334,0
2025-05-23 11:20:00,2,0.4440665526930431,0.24626970543176097,0.3096637418751958,0
2025-05-23 11:25:00,2,0.4832801197535891,0.21114786692604945,0.3055720133203615,0
2025-05-23 11:30:00,1,0.48497192641700665,0.19852480871110667,0.3165032648718867,0
2025-05-23 11:35:00,1,0.4664861661179883,0.2304471983450454,0.3030666355369663,0
2025-05-23 11:40:00,1,0.45892084395469246,0.22166386619861772,0.3194152898466899,0
2025-05-23 11:45:00,0,0.43941103210996146,0.31806916515700695,0.2425198027330317,0
2025-05-23 11:50:00,2,0.4628322930347392,0.28189082970610646,0.2552768772591544,0
2025-05-23 11:55:00,2,0.4348846035763919,0.30268251068939717,0.26243288573421103,0
2025-05-23 12:00:00,2,0.44185053929101625,0.27498537629752207,0.2831640844114616,0
2025-05-23 12:05:00,0,0.4270662401692308,0.2842709089990741,0.2886628508316951,0
2025-05-23 12:10:00,0,0.4327824970638677,0.29526798703665164,0.27194951589948074,0
2025-05-23 12:15:00,0,0.4071423441967152,0.28256202969347816,0.31029562610980665,0
2025-05-23 12:20:00,2,0.44624785972952924,0.25678585164015866,0.29696628863031216,0
2025-05-23 12:25:00,2,0.43581450882651956,0.24713774001421476,0.31704775115926576,0
2025-05-23 12:30:00,2,0.4621543822211582,0.2207507474777253,0.31709487030111644,0
2025-05-23 12:35:00,2,0.45382759296996533,0.2215338018452237,0.3246386051848109,0
2025-05-23 12:40:00,2,0.434371311647374,0.24761031875346223,0.3180183695991637,0
2025-05-23 12:45:00,2,0.4190716069044821,0.2118787821091735,0.36904961098634437,0
2025-05-23 12:50:00,2,0.41699724146197653,0.21198563312067026,0.37101712541735327,0
2025-05-23 12:55:00,2,0.40448527796495826,0.23445159373197233,0.36106312830306947,0
2025-05-23 13:00:00,2,0.3958107254309631,0.2208609206172117,0.3833283539518252,0
2025-05-23 13:05:00,2,0.3964692498053906,0.2190480677430633,0.3844826824515461,0
2025-05-23 13:10:00,2,0.3916184640146509,0.23862562745397728,0.3697559085313719,0
2025-05-23 13:15:00,2,0.39211818177598906,0.22515141332991104,0.3827304048940998,0
2025-05-23 13:20:00,2,0.38648910260908875,0.21144208397062011,0.40206881342029116,0
2025-05-23 13:25:00,1,0.379311018147206,0.22921402541802458,0.3914749564347694,0
2025-05-23 13:30:00,1,0.38046780721304985,0.2297010646711014,0.3898311281158488,0
2025-05-23 13:35:00,2,0.29910859947300944,0.18636162195906722,0.5145297785679234,2
2025-05-23 13:40:00,2,0.3202260045038455,0.2537355840945678,0.42603841140158666,0
2025-05-23 13:45:00,0,0.33404416366777256,0.2504164296190351,0.41553940671319234,0
2025-05-23 13:50:00,2,0.3346164792145212,0.2343245708199732,0.43105894996550553,0
2025-05-23 13:55:00,2,0.2992492037063746,0.2054577737919788,0.49529302250164664,2
2025-05-23 14:00:00,2,0.30419330424371543,0.1864269263081859,0.5093797694480987,2
2025-05-23 14:05:00,2,0.29729501378317885,0.2008866560952762,0.501818330121545,2
2025-05-23 14:10:00,2,0.3128694150888574,0.2228979602882742,0.46423262462286835,2
2025-05-23 14:15:00,2,0.31484841620596804,0.2183138951297776,0.4668376886642544,2
2025-05-23 14:20:00,2,0.31118647963360935,0.2194222373019102,0.4693912830644803,2
2025-05-23 14:25:00,1,0.2870863613720238,0.20825898755214206,0.5046546510758341,2
2025-05-23 14:30:00,2,0.2734768386368898,0.20457173962617106,0.5219514217369391,2
2025-05-23 14:35:00,1,0.297792526917468,0.23179078248493415,0.4704166905975978,2
2025-05-23 14:40:00,2,0.24784880580100688,0.0243527091269355,0.7277984850720575,2
2025-05-23 14:45:00,2,0.2933872963542111,0.23046783574879784,0.476144867896991,2
2025-05-23 14:50:00,2,0.25224963372076425,0.026302435595313065,0.7214479306839228,2
2025-05-23 14:55:00,2,0.29590481183797485,0.23292282933151223,0.47117235883051295,2
2025-05-23 15:00:00,2,0.27845252139650034,0.22214989157622642,0.4993975870272732,2
2025-05-23 15:05:00,2,0.2707126514302709,0.2282863384480272,0.5010010101217018,2
2025-05-23 15:10:00,2,0.26515801660920785,0.22255693569432677,0.5122850476964654,2
2025-05-23 15:15:00,2,0.2598712360319395,0.21354053956945934,0.5265882243986012,2
2025-05-23 15:20:00,2,0.2639715175764914,0.2120484874218961,0.5239799950016125,2
2025-05-23 15:25:00,2,0.27658731538417464,0.21543811573042165,0.5079745688854037,2
2025-05-26 09:15:00,2,0.029966444795045115,0.15420137556573654,0.8158321796392184,2
2025-05-26 09:20:00,2,0.026799076049672816,0.1394929110206908,0.8337080129296364,2
2025-05-26 09:25:00,2,0.032135580517385305,0.026034749579370884,0.9418296699032438,2
2025-05-26 09:30:00,2,0.02606004079738582,0.02260378237632964,0.9513361768262845,2
2025-05-26 09:35:00,2,0.026788251342093967,0.022704921330399475,0.9505068273275066,2
2025-05-26 09:40:00,2,0.02719406149462508,0.019455824658149195,0.9533501138472257,2
2025-05-26 09:45:00,2,0.03221377447100001,0.022868251513359777,0.9449179740156403,2
2025-05-26 09:50:00,2,0.02842037282162553,0.019964349144187432,0.9516152780341871,2
2025-05-26 09:55:00,2,0.028396622596862972,0.020902683987236242,0.9507006934159007,2
2025-05-26 10:00:00,2,0.04302253909117064,0.03951479864743831,0.9174626622613911,2
2025-05-26 10:05:00,2,0.027330665003989535,0.02756541392101908,0.9451039210749915,2
2025-05-26 10:10:00,2,0.15060434554139757,0.024118728082774488,0.825276926375828,2
2025-05-26 10:15:00,1,0.24103937200776254,0.23488710042620742,0.52407352756603,2
2025-05-26 10:20:00,1,0.24323704350477549,0.22501013534959194,0.5317528211456326,2
2025-05-26 10:25:00,2,0.2728873691255338,0.3447534855798778,0.3823591452945885,1
2025-05-26 10:30:00,2,0.13799961862694524,0.1790486417531254,0.6829517396199293,2
2025-05-26 10:35:00,2,0.07578090069903802,0.06545740676280348,0.8587616925381585,2
2025-05-26 10:40:00,2,0.36880589260914415,0.3869814257274675,0.24421268166338844,2
2025-05-26 10:45:00,2,0.35525060484056953,0.3947007366003218,0.2500486585591087,2
2025-05-26 10:50:00,2,0.34379220921301895,0.3712878278771888,0.28491996290979216,2
2025-05-26 10:55:00,2,0.3303605260785767,0.38028768456887535,0.289351789352548,2
2025-05-26 11:00:00,0,0.33071116066126527,0.377026428928987,0.2922624104097478,2
2025-05-26 11:05:00,0,0.33149814689148677,0.3706104343598257,0.29789141874868746,2
2025-05-26 11:10:00,2,0.32516814012867795,0.3618723496595728,0.3129595102117493,2
2025-05-26 11:15:00,2,0.3213158625278049,0.3374992522573141,0.341184885214881,2
2025-05-26 11:20:00,1,0.34324940050997876,0.34237110454345104,0.31437949494657025,2
2025-05-26 11:25:00,2,0.35752188323997064,0.33519454577730484,0.30728357098272446,2
2025-05-26 11:30:00,2,0.32053041039047014,0.32949225518099196,0.3499773344285379,2
2025-05-26 11:35:00,0,0.3322180281100752,0.3384829112163838,0.32929906067354103,2
2025-05-26 11:40:00,0,0.3247951062804795,0.33008680806288027,0.3451180856566402,2
2025-05-26 11:45:00,0,0.3106881599202443,0.3208138901749056,0.3684979499048501,2
2025-05-26 11:50:00,2,0.2957741784706027,0.30906700394866854,0.3951588175807287,2
2025-05-26 11:55:00,2,0.3098161889841854,0.2942710887236849,0.3959127222921297,2
2025-05-26 12:00:00,2,0.3010197771448353,0.2611520352505212,0.4378281876046433,2
2025-05-26 12:05:00,2,0.3110525699889008,0.3072061879834535,0.3817412420276457,2
2025-05-26 12:10:00,2,0.29010683617537086,0.2990708529022909,0.4108223109223383,2
2025-05-26 12:15:00,2,0.29471266614079145,0.3098679082995592,0.3954194255596494,2
2025-05-26 12:20:00,2,0.28434149476774434,0.3187180091776067,0.396940496054649,2
2025-05-26 12:25:00,1,0.30757954734271337,0.2636248686960723,0.4287955839612143,2
2025-05-26 12:30:00,1,0.2942417084470025,0.2698736829135108,0.43588460863948664,2
2025-05-26 12:35:00,1,0.290129285675998,0.2683182392919262,0.4415524750320758,2
2025-05-26 12:40:00,2,0.34510038478818633,0.3334609273448836,0.3214386878669301,2
2025-05-26 12:45:00,2,0.31083943098055067,0.33315963680984695,0.35600093220960244,2
2025-05-26 12:50:00,0,0.3202282711256089,0.3316388861643672,0.3481328427100238,2
2025-05-26 12:55:00,2,0.3166930458162841,0.33748730711392355,0.34581964706979235,2
2025-05-26 13:00:00,2,0.28225963159583506,0.3174653833522513,0.40027498505191367,2
2025-05-26 13:05:00,2,0.27604418037424633,0.26759556493064546,0.45636025469510827,2
2025-05-26 13:10:00,2,0.02022697869988892,0.0186682455401228,0.9611047757599882,2
2025-05-26 13:15:00,2,0.02032974140920799,0.018653039107424395,0.9610172194833676,2
2025-05-26 13:20:00,2,0.02194329962976075,0.019774101894700122,0.9582825984755392,2
2025-05-26 13:25:00,2,0.020935097489973208,0.018788206293049725,0.960276696216977,2
2025-05-26 13:30:00,2,0.01888549949615003,0.016854671004296513,0.9642598294995535,2
2025-05-26 13:35:00,2,0.011742314792278503,0.014008900952942415,0.9742487842547791,2
2025-05-26 13:40:00,2,0.011343978765841135,0.017060913324752472,0.9715951079094065,2
2025-05-26 13:45:00,2,0.010161025581198751,0.015618999936182489,0.9742199744826189,2
2025-05-26 13:50:00,2,0.010464244955965719,0.014038460559666947,0.9754972944843674,2
2025-05-26 13:55:00,2,0.014873483193145052,0.015774841698513585,0.9693516751083413,2
2025-05-26 14:00:00,2,0.013716353646982617,0.014587610562136814,0.9716960357908806,2
2025-05-26 14:05:00,2,0.013328139333200312,0.015513860062855975,0.9711580006039436,2
2025-05-26 14:10:00,2,0.011650197255188214,0.01411220340279799,0.9742375993420138,2
2025-05-26 14:15:00,2,0.01222041378354062,0.0145338499746035,0.9732457362418558,2
2025-05-26 14:20:00,2,0.015066052457272423,0.016319284064497796,0.9686146634782298,2
2025-05-26 14:25:00,2,0.01358005328784738,0.014574229108711416,0.9718457176034412,2
2025-05-26 14:30:00,2,0.012132912811414112,0.0165137603562157,0.9713533268323702,2
2025-05-26 14:35:00,2,0.011681423507528899,0.01510046591322164,0.9732181105792496,2
2025-05-26 14:40:00,2,0.011250945676806609,0.01457650372248461,0.9741725506007088,2
2025-05-26 14:45:00,2,0.013415451884564911,0.01422277488750693,0.972361773227928,2
2025-05-26 14:50:00,2,0.011518554706559346,0.015349450741095231,0.9731319945523453,2
2025-05-26 14:55:00,2,0.011704726889076988,0.0157683034269564,0.9725269696839666,2
2025-05-26 15:00:00,2,0.012646269970434264,0.01674016311910756,0.9706135669104583,2
2025-05-26 15:05:00,2,0.011499899244704402,0.014633389614920148,0.9738667111403754,2
2025-05-26 15:10:00,2,0.010977501518736995,0.015306895719634162,0.9737156027616289,2
2025-05-26 15:15:00,2,0.011110385892625842,0.013939515730924456,0.9749500983764497,2
2025-05-26 15:20:00,2,0.010768635610755114,0.013456683837180811,0.9757746805520641,2
2025-05-26 15:25:00,2,0.01067314585963227,0.013277146903537925,0.9760497072368298,2
2025-05-27 09:15:00,2,0.29810773806421653,0.006693045736932143,0.6951992161988513,2
2025-05-27 09:20:00,2,0.36965306969014894,0.007113306110851873,0.6232336241989992,0
2025-05-27 09:25:00,2,0.2600888987043108,0.03845646242226028,0.701454638873429,2
2025-05-27 09:30:00,2,0.31037955949660045,0.043664032408522464,0.6459564080948771,2
2025-05-27 09:35:00,2,0.2956077252659469,0.04890123737161683,0.6554910373624363,2
2025-05-27 09:40:00,2,0.047242972923544777,0.058395575367629265,0.894361451708826,2
2025-05-27 09:45:00,2,0.04147047396719953,0.050975512609943235,0.9075540134228572,2
2025-05-27 09:50:00,2,0.04082713187031814,0.048734559245723744,0.910438308883958,2
2025-05-27 09:55:00,2,0.035609531335851756,0.04954142656169251,0.9148490421024558,2
2025-05-27 10:00:00,2,0.03920501424010452,0.05247359352435159,0.9083213922355438,2
2025-05-27 10:05:00,2,0.07171184727028097,0.10467852708281042,0.8236096256469085,2
2025-05-27 10:10:00,2,0.01847684230199953,0.5196814688680282,0.46184168882997234,1
2025-05-27 10:15:00,2,0.01577575166797414,0.5130963942264557,0.4711278541055702,1
2025-05-27 10:20:00,2,0.014217102277121819,0.458434093585037,0.5273488041378411,1
2025-05-27 10:25:00,2,0.01371745823783048,0.5175713870941834,0.46871115466798613,1
2025-05-27 10:30:00,2,0.22321511707205074,0.3786306470113923,0.3981542359165569,1
2025-05-27 10:35:00,2,0.28981621733016344,0.442024374166822,0.26815940850301456,1
2025-05-27 10:40:00,2,0.29791751780969167,0.4613101376119937,0.2407723445783148,1
2025-05-27 10:45:00,0,0.2943636918960475,0.43417261082919484,0.27146369727475766,1
2025-05-27 10:50:00,0,0.29436773680162626,0.43307218138745207,0.27256008181092173,1
2025-05-27 10:55:00,0,0.2885109590043938,0.44826636149992993,0.26322267949567624,1
2025-05-27 11:00:00,0,0.6056216684228689,0.04100203548897222,0.3533762960881589,0
2025-05-27 11:05:00,0,0.6979279093498179,0.05067177393078775,0.2514003167193944,0
2025-05-27 11:10:00,0,0.696622615022526,0.044702447204239604,0.2586749377732344,0
2025-05-27 11:15:00,0,0.6853335992991266,0.03960757358314883,0.2750588271177245,0
2025-05-27 11:20:00,0,0.6523892589519303,0.03306285519309969,0.31454788585497,0
2025-05-27 11:25:00,2,0.6511369645074748,0.025270836163027683,0.3235921993294975,0
2025-05-27 11:30:00,2,0.6840726068419926,0.03156109500388069,0.28436629815412684,0
2025-05-27 11:35:00,2,0.7198456484319697,0.05346103155409004,0.22669332001394024,0
2025-05-27 11:40:00,2,0.4438101326073583,0.38085757080777494,0.17533229658486682,0
2025-05-27 11:45:00,0,0.4567769449474894,0.3996417465562136,0.1435813084962971,0
2025-05-27 11:50:00,2,0.4375359852288211,0.403233936012256,0.15923007875892284,2
2025-05-27 11:55:00,2,0.44271863365335834,0.37942838562892106,0.17785298071772063,0
2025-05-27 12:00:00,2,0.4448682175530509,0.37110624807878917,0.18402553436815997,0
2025-05-27 12:05:00,1,0.44373592064860135,0.36881684987553287,0.18744722947586584,0
2025-05-27 12:10:00,1,0.4528162843240183,0.3431902739062634,0.20399344176971837,0
2025-05-27 12:15:00,1,0.4573003054928081,0.362084940848002,0.18061475365919,0
2025-05-27 12:20:00,1,0.45116580439409804,0.370295394313558,0.17853880129234403,0
2025-05-27 12:25:00,2,0.17112189181778908,0.14731437743300646,0.6815637307492044,2
2025-05-27 12:30:00,1,0.4498734613839666,0.37211381762542256,0.17801272099061066,0
2025-05-27 12:35:00,2,0.4220242653776432,0.38855837910150043,0.1894173555208564,2
2025-05-27 12:40:00,1,0.4369107693633614,0.371990950224375,0.1910982804122637,0
2025-05-27 12:45:00,1,0.4312791505728151,0.37945797014817895,0.189262879279006,0
2025-05-27 12:50:00,1,0.4152635501500568,0.3876505555256793,0.19708589432426393,2
2025-05-27 12:55:00,2,0.08836767124526711,0.07972533050502247,0.8319069982497104,2
2025-05-27 13:00:00,2,0.08238898238625485,0.07264694873303795,0.8449640688807072,2
2025-05-27 13:05:00,2,0.3974603808253145,0.39756037311210524,0.20497924606258022,2
2025-05-27 13:10:00,2,0.37332462129183164,0.4108670109700955,0.21580836773807296,2
2025-05-27 13:15:00,2,0.3493843612127651,0.414648827250197,0.23596681153703786,1
2025-05-27 13:20:00,2,0.1557923325595196,0.1457297473320883,0.698477920108392,2
2025-05-27 13:25:00,2,0.3763885255462405,0.38804064912018527,0.23557082533357418,2
2025-05-27 13:30:00,2,0.3519478103979402,0.3947932941315681,0.2532588954704917,2
2025-05-27 13:35:00,2,0.2548242599376015,0.3679086645210499,0.3772670755413486,1
2025-05-27 13:40:00,1,0.26730513410085904,0.35102700053377817,0.38166786536536274,1
2025-05-27 13:45:00,1,0.2856267718265973,0.3669476261403893,0.3474256020330134,1
2025-05-27 13:50:00,1,0.2882704042542427,0.37293672115354193,0.33879287459221524,1
2025-05-27 13:55:00,2,0.27162834311759065,0.03920920896569539,0.689162447916714,2
2025-05-27 14:00:00,2,0.27682956393822505,0.04216604181879527,0.6810043942429796,2
2025-05-27 14:05:00,2,0.25504426685126524,0.04210047957387554,0.7028552535748592,2
2025-05-27 14:10:00,2,0.044754126483404086,0.05285833571400059,0.9023875378025953,2
2025-05-27 14:15:00,2,0.03777922194174746,0.05251565678123329,0.9097051212770193,2
2025-05-27 14:20:00,2,0.04485147668848345,0.05793082118596515,0.8972177021255514,2
2025-05-27 14:25:00,2,0.03325349862325428,0.04861600046241726,0.9181305009143285,2
2025-05-27 14:30:00,0,0.28142261611070357,0.4099695096882089,0.30860787420108754,1
2025-05-27 14:35:00,2,0.27750302275967376,0.3991494102690907,0.3233475669712356,1
2025-05-27 14:40:00,0,0.24814072460604056,0.40590461040977777,0.3459546649841816,1
2025-05-27 14:45:00,2,0.24991403773216697,0.4143406448975494,0.3357453173702836,1
2025-05-27 14:50:00,0,0.24115003907102134,0.4015824660283652,0.3572674949006133,1
2025-05-27 14:55:00,2,0.260508743574552,0.3889456932745547,0.3505455631508933,1
2025-05-27 15:00:00,2,0.2419621755458608,0.3615049278106176,0.39653289664352165,1
2025-05-27 15:05:00,2,0.0443066086315617,0.07747706012419522,0.8782163312442429,2
2025-05-27 15:10:00,2,0.2622036957453765,0.3212249895941861,0.41657131466043734,1
2025-05-27 15:15:00,2,0.2638419647842321,0.3364581479958785,0.39969988721988936,1
2025-05-27 15:20:00,2,0.266680696119866,0.3436419440477719,0.3896773598323621,1
2025-05-27 15:25:00,2,0.267423000179495,0.3148141330103848,0.41776286681012015,2
2025-05-28 09:15:00,1,0.26746925841105373,0.3673407866163038,0.36518995497264245,1
2025-05-28 09:20:00,2,0.2743635730545488,0.36968102504679573,0.3559554018986555,1
2025-05-28 09:25:00,2,0.3295480449357231,0.3202930717572954,0.35015888330698147,2
2025-05-28 09:30:00,2,0.2804100507529385,0.31972835990231807,0.3998615893447435,2
2025-05-28 09:35:00,2,0.3252842663749598,0.3407984400542597,0.3339172935707805,2
2025-05-28 09:40:00,2,0.3161839783109645,0.3577947535294572,0.3260212681595783,2
2025-05-28 09:45:00,2,0.3317604409235467,0.3588769869087041,0.3093625721677492,2
2025-05-28 09:50:00,2,0.32107525735682496,0.3696373376449976,0.30928740499817753,2
2025-05-28 09:55:00,2,0.31077820641000486,0.3518142127587694,0.33740758083122574,2
2025-05-28 10:00:00,2,0.3059346635859082,0.35405115837845713,0.34001417803563466,2
2025-05-28 10:05:00,2,0.2710980681191427,0.32239369708099436,0.40650823479986287,1
2025-05-28 10:10:00,2,0.24381831694698758,0.3149123961160397,0.4412692869369727,1
2025-05-28 10:15:00,2,0.25664704648525166,0.31978176455682045,0.42357118895792784,1
2025-05-28 10:20:00,2,0.2514087648047565,0.3155596685720511,0.4330315666231924,1
2025-05-28 10:25:00,2,0.2120033622032274,0.30206333296182203,0.48593330483495056,1
2025-05-28 10:30:00,2,0.19795755582496352,0.28616320293828457,0.5158792412367519,1
2025-05-28 10:35:00,0,0.3109415210438188,0.3556090116421221,0.33344946731405917,2
2025-05-28 10:40:00,0,0.29970329275372687,0.3422667759034055,0.35802993134286765,2
2025-05-28 10:45:00,2,0.3464776175596598,0.34727305450768703,0.3062493279326532,2
2025-05-28 10:50:00,2,0.3199637405478737,0.3448516165177758,0.33518464293435046,2
2025-05-28 10:55:00,2,0.32122114138849056,0.3359802750382699,0.34279858357323956,2
2025-05-28 11:00:00,1,0.30968688415617673,0.3110916384297384,0.37922147741408485,2
2025-05-28 11:05:00,1,0.3099152561144527,0.33212808299179797,0.35795666089374933,2
2025-05-28 11:10:00,2,0.3066983580858031,0.35318807159414567,0.34011357032005124,2
2025-05-28 11:15:00,2,0.29878040659094757,0.3477389968983676,0.35348059651068475,2
2025-05-28 11:20:00,2,0.31231215135047463,0.3578982989460917,0.3297895497034337,2
2025-05-28 11:25:00,2,0.287887132541436,0.34753791760474667,0.36457494985381733,1
2025-05-28 11:30:00,2,0.2897348677199974,0.34693274650965705,0.36333238577034555,1
2025-05-28 11:35:00,0,0.2729960219022002,0.3396993151936252,0.3873046629041746,1
2025-05-28 11:40:00,2,0.26637034236505286,0.3347740544538926,0.3988556031810546,1
2025-05-28 11:45:00,2,0.2474128162481287,0.3287817802354341,0.42380540351643725,1
2025-05-28 11:50:00,2,0.2631533396138424,0.3016133640128352,0.4352332963733225,2
2025-05-28 11:55:00,2,0.023267940716856197,0.021546871557169937,0.9551851877259738,2
2025-05-28 12:00:00,2,0.023532774696998736,0.020736179416046482,0.9557310458869547,2
2025-05-28 12:05:00,2,0.0251084521376205,0.021263522604288192,0.9536280252580913,2
2025-05-28 12:10:00,2,0.020010558471601887,0.015971946997502345,0.9640174945308957,2
2025-05-28 12:15:00,2,0.019346313624352237,0.016109258011293346,0.9645444283643544,2
2025-05-28 12:20:00,2,0.016352382928208953,0.015376813663969957,0.9682708034078211,2
2025-05-28 12:25:00,2,0.014983694454619516,0.015621546247022862,0.9693947592983575,2
2025-05-28 12:30:00,2,0.010084211603722446,0.07406718971279314,0.9158485986834843,2
2025-05-28 12:35:00,2,0.008389252511525936,0.1017440745138488,0.8898666729746252,2
2025-05-28 12:40:00,2,0.007206312223152453,0.12329294818584201,0.8695007395910055,2
2025-05-28 12:45:00,2,0.008142751170520598,0.1717796883241397,0.8200775605053396,2
2025-05-28 12:50:00,2,0.00855451843394028,0.17331476688957714,0.8181307146764826,2
2025-05-28 12:55:00,2,0.2628557061997568,0.28928866842937373,0.44785562537086954,2
2025-05-28 13:00:00,1,0.0416959374353515,0.2100916884134759,0.7482123741511726,2
2025-05-28 13:05:00,1,0.26182950400447635,0.2991204270012995,0.43905006899422416,2
2025-05-28 13:10:00,2,0.2757802602667392,0.31356645833612645,0.41065328139713436,2
2025-05-28 13:15:00,2,0.2749013164115653,0.3169077723486437,0.408190911239791,2
2025-05-28 13:20:00,2,0.26918965801358247,0.30598078743925633,0.42482955454716115,2
2025-05-28 13:25:00,2,0.2707852156539925,0.3085360233595735,0.42067876098643403,2
2025-05-28 13:30:00,2,0.2693231010503832,0.31016575658667395,0.42051114236294274,2
2025-05-28 13:35:00,2,0.2119497841151341,0.25869823357193944,0.5293519823129265,2
2025-05-28 13:40:00,2,0.20257762146843086,0.2549242721731508,0.5424981063584184,1
2025-05-28 13:45:00,2,0.20579285930420557,0.2645044874431821,0.5297026532526122,1
2025-05-28 13:50:00,2,0.19329071063480502,0.2561128351880531,0.5505964541771419,1
2025-05-28 13:55:00,2,0.1852261683799745,0.2549264545489645,0.559847377071061,1
2025-05-28 14:00:00,2,0.184203448261861,0.24714591086787321,0.5686506408702657,2
2025-05-28 14:05:00,2,0.1926301526195374,0.24690177620277484,0.5604680711776878,2
2025-05-28 14:10:00,2,0.1822640019080267,0.23497401026033726,0.5827619878316361,2
2025-05-28 14:15:00,2,0.18722430790503408,0.2264064532104766,0.5863692388844893,2
2025-05-28 14:20:00,2,0.1901184300195135,0.22625276627404223,0.5836288037064442,2
2025-05-28 14:25:00,2,0.19603150415149967,0.24483140183763136,0.559137094010869,2
2025-05-28 14:30:00,2,0.1918040422357972,0.2251543682936913,0.5830415894705114,2
2025-05-28 14:35:00,2,0.20568289206194842,0.2524412231494601,0.5418758847885914,2
2025-05-28 14:40:00,2,0.18494283948138474,0.22690863072321624,0.588148529795399,2
2025-05-28 14:45:00,2,0.17901544386136098,0.21534829018724974,0.6056362659513892,2
2025-05-28 14:50:00,2,0.18575976696353266,0.22509611489667986,0.5891441181397874,2
2025-05-28 14:55:00,2,0.1773061153491493,0.20960243977788118,0.6130914448729695,2
2025-05-28 15:00:00,2,0.22849761123915963,0.03894995691798968,0.7325524318428507,2
2025-05-28 15:05:00,2,0.18685851696554098,0.2508123124584659,0.5623291705759932,1
2025-05-28 15:10:00,2,0.16617268076740094,0.025837955117696088,0.807989364114903,2
2025-05-28 15:15:00,2,0.15681308721034107,0.024169291686768315,0.8190176211028906,2
2025-05-28 15:20:00,2,0.14911112847526492,0.02780752697264224,0.8230813445520929,2
2025-05-28 15:25:00,2,0.1583187387157305,0.22659577101479103,0.6150854902694786,2
2025-05-29 09:15:00,2,0.03081404454647152,0.23973054103679672,0.7294554144167318,2
2025-05-29 09:20:00,2,0.2319867323126291,0.39790094943682086,0.37011231825054997,1
2025-05-29 09:25:00,2,0.1989458778140371,0.3799862903756426,0.4210678318103203,1
2025-05-29 09:30:00,2,0.2031460708758544,0.40359136103915944,0.3932625680849861,1
2025-05-29 09:35:00,2,0.20845508768810636,0.4045555480086131,0.3869893643032805,1
2025-05-29 09:40:00,2,0.1861281261093239,0.3836586039300569,0.4302132699606191,1
2025-05-29 09:45:00,2,0.19559048611395968,0.3776815852327549,0.42672792865328546,1
2025-05-29 09:50:00,2,0.1917734470480784,0.3620570024853361,0.4461695504665855,1
2025-05-29 09:55:00,2,0.1853643530172387,0.34072799084056077,0.47390765614220065,1
2025-05-29 10:00:00,2,0.20635147396538192,0.3527285590064361,0.44091996702818204,1
2025-05-29 10:05:00,2,0.19625876350316626,0.33434832977001067,0.4693929067268232,1
2025-05-29 10:10:00,2,0.18751945778879336,0.3289076138408852,0.48357292837032156,1
2025-05-29 10:15:00,2,0.18519111339781372,0.3108500636720882,0.5039588229300982,1
2025-05-29 10:20:00,1,0.16536212624852417,0.28375102870151464,0.5508868450499612,1
2025-05-29 10:25:00,2,0.18011364349749556,0.2969136778370868,0.5229726786654177,1
2025-05-29 10:30:00,2,0.17690020146939653,0.298354888096609,0.5247449104339946,1
2025-05-29 10:35:00,2,0.06109581852796421,0.05566788417487031,0.8832362972971655,2
2025-05-29 10:40:00,2,0.05094463832827842,0.04788275948598674,0.9011726021857348,2
2025-05-29 10:45:00,1,0.28437754696629947,0.3739318831748305,0.34169056985887003,1
2025-05-29 10:50:00,1,0.272601311343524,0.36129784203386917,0.3661008466226068,1
2025-05-29 10:55:00,2,0.2903577315355129,0.34935200832538277,0.36029026013910437,1
2025-05-29 11:00:00,2,0.05923031820106037,0.052627914739793204,0.8881417670591464,2
2025-05-29 11:05:00,2,0.31811454248953674,0.3711491122936808,0.3107363452167825,1
2025-05-29 11:10:00,2,0.27996611497300267,0.3840683020746877,0.33596558295230966,1
2025-05-29 11:15:00,2,0.051282983169527514,0.05380954169547696,0.8949074751349956,2
2025-05-29 11:20:00,2,0.2906237990317231,0.39342378362711233,0.3159524173411647,1
2025-05-29 11:25:00,2,0.29049427968857533,0.38382068019317483,0.3256850401182499,1
2025-05-29 11:30:00,2,0.2788400067658707,0.3754617294666339,0.34569826376749546,1
2025-05-29 11:35:00,2,0.29011519009750136,0.37137590531111325,0.3385089045913855,1
2025-05-29 11:40:00,2,0.29905494107971775,0.3651818207334703,0.33576323818681203,1
2025-05-29 11:45:00,2,0.2904333599251641,0.36503160704963566,0.3445350330252002,1
2025-05-29 11:50:00,2,0.27298802839769165,0.3580687004697402,0.36894327113256814,1
2025-05-29 11:55:00,2,0.024420138494862437,0.021853848460318535,0.9537260130448191,2
2025-05-29 12:00:00,2,0.023484272354128675,0.022188933380452223,0.9543267942654191,2
2025-05-29 12:05:00,2,0.02340261670075161,0.020890707055922258,0.9557066762433262,2
2025-05-29 12:10:00,2,0.023205632689439322,0.0192324854626779,0.9575618818478828,2
2025-05-29 12:15:00,2,0.022282747890303517,0.018213565316489055,0.9595036867932075,2
2025-05-29 12:20:00,2,0.02096384386270314,0.018431677716975084,0.9606044784203218,2
2025-05-29 12:25:00,2,0.02206632070204872,0.02059908968649112,0.9573345896114601,2
2025-05-29 12:30:00,2,0.021118850213732804,0.019123744508459196,0.9597574052778081,2
2025-05-29 12:35:00,0,0.2946523840745045,0.006899303232648203,0.6984483126928472,2
2025-05-29 12:40:00,2,0.03673356834153158,0.027308207163835647,0.9359582244946328,2
2025-05-29 12:45:00,2,0.032842600674885626,0.027843501425406803,0.9393138978997077,2
2025-05-29 12:50:00,2,0.02951287774705998,0.02660169072665276,0.9438854315262871,2
2025-05-29 12:55:00,2,0.02765515140438408,0.03815346545309199,0.934191383142524,2
2025-05-29 13:00:00,2,0.02755889731358552,0.03269696719320707,0.9397441354932073,2
2025-05-29 13:05:00,2,0.02782603914114608,0.0339697991639452,0.9382041616949087,2
2025-05-29 13:10:00,2,0.026803518584321617,0.03336930702864796,0.9398271743870305,2
2025-05-29 13:15:00,2,0.028456629809076074,0.027209400617762353,0.9443339695731616,2
2025-05-29 13:20:00,2,0.02696835207970501,0.029574522102275617,0.9434571258180193,2
2025-05-29 13:25:00,2,0.026599333695057892,0.031172168378594562,0.9422284979263476,2
2025-05-29 13:30:00,2,0.026375902527546253,0.029773986366773485,0.9438501111056802,2
2025-05-29 13:35:00,2,0.01826793737118616,0.01960977657081372,0.962122286058,2
2025-05-29 13:40:00,2,0.017460800683556273,0.019544825666470155,0.9629943736499735,2
2025-05-29 13:45:00,2,0.018167454137051266,0.017310141370994347,0.9645224044919544,2
2025-05-29 13:50:00,2,0.016820624357403047,0.017864417947020216,0.9653149576955767,2
2025-05-29 13:55:00,2,0.018878198798990668,0.018145358795318773,0.9629764424056906,2
2025-05-29 14:00:00,2,0.02162514439081486,0.019146707224024145,0.9592281483851609,2
2025-05-29 14:05:00,2,0.020713978530886967,0.01664098863083115,0.962645032838282,2
2025-05-29 14:10:00,2,0.019628719964878118,0.017138665018943615,0.9632326150161782,2
2025-05-29 14:15:00,2,0.01925904831448042,0.018024072515927792,0.9627168791695917,2
2025-05-29 14:20:00,2,0.016760934269864834,0.017705121768764136,0.965533943961371,2
2025-05-29 14:25:00,2,0.017157473231745293,0.019002785679722786,0.9638397410885319,2
2025-05-29 14:30:00,2,0.018034269408060202,0.02227074853193927,0.9596949820600006,2
2025-05-29 14:35:00,2,0.014720930180816284,0.018947096613683472,0.9663319732055002,2
2025-05-29 14:40:00,2,0.014409601242699098,0.019119925442836815,0.966470473314464,2
2025-05-29 14:45:00,2,0.017871071313289404,0.019470000213209413,0.9626589284735012,2
2025-05-29 14:50:00,2,0.015299453111246487,0.017879228917662457,0.966821317971091,2
2025-05-29 14:55:00,2,0.014394327845265013,0.01876044175096109,0.9668452304037738,2
2025-05-29 15:00:00,2,0.00827401134609638,0.2175468861887768,0.7741791024651268,2
2025-05-29 15:05:00,2,0.007573432714666973,0.23088297769443805,0.7615435895908951,2
2025-05-29 15:10:00,2,0.005905943313689197,0.22077289097525152,0.7733211657110594,2
2025-05-29 15:15:00,2,0.0054621726739856385,0.17667575113064163,0.8178620761953727,2
2025-05-29 15:20:00,2,0.005521237295677806,0.19093671103887164,0.8035420516654507,2
2025-05-29 15:25:00,2,0.02899672541521826,0.11528476212022307,0.8557185124645588,2
2025-05-30 09:15:00,2,0.2608437456507736,0.31079981714892213,0.42835643720030425,2
2025-05-30 09:20:00,1,0.28012486873990877,0.23883087596771918,0.481044255292372,2
2025-05-30 09:25:00,2,0.25209005029263803,0.2640858727492392,0.48382407695812263,2
2025-05-30 09:30:00,2,0.2717359644927844,0.313143538701466,0.4151204968057496,2
2025-05-30 09:35:00,2,0.25236474294342176,0.29769002472206557,0.44994523233451267,2
2025-05-30 09:40:00,2,0.2369703394383101,0.3126468355640693,0.45038282499762067,1
2025-05-30 09:45:00,2,0.2643640782492106,0.31826178342449263,0.4173741383262967,1
2025-05-30 09:50:00,2,0.2286761951704406,0.3144578189080755,0.456865985921484,1
2025-05-30 09:55:00,2,0.21258951398663734,0.29020903527493086,0.4972014507384318,1
2025-05-30 10:00:00,2,0.22749246254216768,0.3166032586147041,0.45590427884312806,1
2025-05-30 10:05:00,1,0.20223602365985188,0.2770046647095415,0.5207593116306066,1
2025-05-30 10:10:00,2,0.014052329160474504,0.01397915279800526,0.9719685180415202,2
2025-05-30 10:15:00,2,0.0483450670362457,0.008334142338602446,0.9433207906251518,2
2025-05-30 10:20:00,2,0.13228706221487094,0.004243669290825073,0.863469268494304,2
2025-05-30 10:25:00,2,0.018570483428055774,0.014240347326097231,0.9671891692458471,2
2025-05-30 10:30:00,2,0.13337437462437057,0.004634168200778389,0.8619914571748512,2
2025-05-30 10:35:00,2,0.23069423852765658,0.006085626782449468,0.7632201346898939,2
2025-05-30 10:40:00,2,0.29690243910193354,0.030773029171916686,0.6723245317261498,2
2025-05-30 10:45:00,0,0.32442848220153714,0.02996444052163425,0.6456070772768285,0
2025-05-30 10:50:00,2,0.2989097425448616,0.32404195629382915,0.37704830116130933,2
2025-05-30 10:55:00,2,0.2777533735219442,0.33669643251016573,0.3855501939678901,1
2025-05-30 11:00:00,2,0.27603812115254467,0.3238902283642384,0.40007165048321686,2
2025-05-30 11:05:00,2,0.2945008475741615,0.31381209368200563,0.39168705874383297,2
2025-05-30 11:10:00,2,0.30151078090007954,0.3209385910870199,0.37755062801290057,2
2025-05-30 11:15:00,2,0.29043934147966977,0.31931858594026497,0.3902420725800652,2
2025-05-30 11:20:00,2,0.27132078866522313,0.3210908443147337,0.40758836702004314,2
2025-05-30 11:25:00,2,0.021485969033754167,0.022065800762471555,0.9564482302037743,2
2025-05-30 11:30:00,2,0.022708065813812,0.021342234747372492,0.9559496994388155,2
2025-05-30 11:35:00,2,0.025010081423035225,0.019873147564216546,0.9551167710127482,2
2025-05-30 11:40:00,2,0.02599043178370634,0.01924700343804735,0.9547625647782463,2
2025-05-30 11:45:00,2,0.024140571694410858,0.018651789342237355,0.9572076389633518,2
2025-05-30 11:50:00,2,0.022558595798115453,0.01933695504703286,0.9581044491548517,2
2025-05-30 11:55:00,2,0.02276203706547653,0.01883667011359114,0.9584012928209323,2
2025-05-30 12:00:00,2,0.028743125108692903,0.020361273600863324,0.9508956012904437,2
2025-05-30 12:05:00,2,0.024431617519698613,0.01899529362444311,0.9565730888558583,2
2025-05-30 12:10:00,2,0.02400420581666228,0.01971615157013078,0.956279642613207,2
2025-05-30 12:15:00,2,0.02630399798916397,0.021689732701799927,0.952006269309036,2
2025-05-30 12:20:00,2,0.020975877548865044,0.019668369436910964,0.959355753014224,2
2025-05-30 12:25:00,2,0.02186967526551645,0.020328633582230537,0.957801691152253,2
2025-05-30 12:30:00,2,0.02512097117113279,0.01984377786537502,0.9550352509634923,2
2025-05-30 12:35:00,2,0.02620974895251754,0.01962763937535961,0.9541626116721228,2
2025-05-30 12:40:00,2,0.260853289996613,0.29935378036995347,0.4397929296334335,2
2025-05-30 12:45:00,2,0.2559880574998671,0.2998374981883593,0.4441744443117737,2
2025-05-30 12:50:00,2,0.23379373050197846,0.26053637227735554,0.5056698972206659,2
2025-05-30 12:55:00,2,0.017690063381490356,0.01567370286344576,0.9666362337550639,2
2025-05-30 13:00:00,2,0.01595619294637592,0.019865587517632302,0.9641782195359919,2
2025-05-30 13:05:00,2,0.018231272488600493,0.01608931668221838,0.9656794108291811,2
2025-05-30 13:10:00,2,0.017149900479482384,0.01582996162277199,0.9670201378977455,2
2025-05-30 13:15:00,2,0.016774237772343766,0.01583734031419485,0.9673884219134613,2
2025-05-30 13:20:00,2,0.01714870746263489,0.015471777495378647,0.9673795150419864,2
2025-05-30 13:25:00,2,0.01913318350862765,0.01806176179590402,0.9628050546954683,2
2025-05-30 13:30:00,2,0.01676648473340666,0.017723757013195795,0.9655097582533976,2
2025-05-30 13:35:00,2,0.012360931476452253,0.017887188291288946,0.9697518802322588,2
2025-05-30 13:40:00,2,0.01320770285469636,0.015345540505223413,0.9714467566400803,2
2025-05-30 13:45:00,2,0.014285099252623149,0.01492210557588679,0.97079279517149,2
2025-05-30 13:50:00,2,0.013552900776685755,0.01598538124152593,0.9704617179817883,2
2025-05-30 13:55:00,2,0.00870781634971693,0.1154626566797292,0.8758295269705538,2
2025-05-30 14:00:00,2,0.015426277702981179,0.017750339149442528,0.9668233831475763,2
2025-05-30 14:05:00,2,0.01619315924768265,0.018838647099590992,0.9649681936527263,2
2025-05-30 14:10:00,2,0.017914850201626267,0.017716337619059448,0.9643688121793144,2
2025-05-30 14:15:00,2,0.017046790511935136,0.01880522806107946,0.9641479814269854,2
2025-05-30 14:20:00,2,0.015411067210518112,0.01805825730345131,0.9665306754860307,2
2025-05-30 14:25:00,2,0.013961341805036751,0.016504877703918123,0.9695337804910451,2
2025-05-30 14:30:00,2,0.013169019300251045,0.01775832754038649,0.9690726531593624,2
2025-05-30 14:35:00,2,0.014393985787286095,0.016571009887047308,0.9690350043256666,2
2025-05-30 14:40:00,2,0.18685515421526777,0.25843298698131123,0.554711858803421,1
2025-05-30 14:45:00,2,0.18285703982831863,0.24216652166437147,0.57497643850731,2
2025-05-30 14:50:00,2,0.18482769971004032,0.2330789748208875,0.5820933254690722,2
2025-05-30 14:55:00,2,0.016427179666450544,0.016759647372168195,0.9668131729613814,2
2025-05-30 15:00:00,2,0.11984926433051364,0.008954033806043355,0.871196701863443,2
2025-05-30 15:05:00,2,0.021017267392017543,0.020533083666568617,0.9584496489414138,2
2025-05-30 15:10:00,2,0.02198851260322405,0.020964641265374055,0.9570468461314019,2
2025-05-30 15:15:00,2,0.0217363374559871,0.020968553082913916,0.9572951094610991,2
2025-05-30 15:20:00,2,0.022979083681974065,0.020784260512508018,0.956236655805518,2
2025-05-30 15:25:00,2,0.02860343759342712,0.026060718878087377,0.9453358435284855,2
2025-06-02 09:15:00,2,0.2817507344556283,0.008994374205997413,0.7092548913383743,2
2025-06-02 09:20:00,2,0.2920086220319405,0.0084824525520652,0.6995089254159943,2
2025-06-02 09:25:00,2,0.032072367137021975,0.04968615744472649,0.9182414754182515,2
2025-06-02 09:30:00,2,0.03355670483681282,0.04903003743743327,0.9174132577257539,2
2025-06-02 09:35:00,2,0.03063235340014981,0.047636321353439336,0.9217313252464109,2
2025-06-02 09:40:00,2,0.028052092489852964,0.048124628139091366,0.9238232793710556,2
2025-06-02 09:45:00,2,0.25323498171510206,0.3655214703642019,0.3812435479206961,1
2025-06-02 09:50:00,2,0.2313871935193292,0.32381475231515217,0.4447980541655187,1
2025-06-02 09:55:00,2,0.24977330780532367,0.3735876836127724,0.376639008581904,1
2025-06-02 10:00:00,2,0.2794014868096003,0.38582792295400037,0.3347705902363994,1
2025-06-02 10:05:00,2,0.21025878836001125,0.33300706128715246,0.45673415035283643,1
2025-06-02 10:10:00,2,0.22601541804989117,0.35756927788061516,0.4164153040694936,1
2025-06-02 10:15:00,2,0.20693469346839188,0.37764060810053107,0.415424698431077,1
2025-06-02 10:20:00,0,0.23025628443642643,0.34880049077008546,0.4209432247934881,1
2025-06-02 10:25:00,2,0.2042315302914929,0.30685348537954554,0.48891498432896163,1
2025-06-02 10:30:00,0,0.20507844311135204,0.29134502265156803,0.5035765342370799,1
2025-06-02 10:35:00,2,0.3302090560073927,0.34757779530379435,0.32221314868881296,2
2025-06-02 10:40:00,2,0.3027801352468139,0.3587746980261694,0.33844516672701674,1
2025-06-02 10:45:00,2,0.32273191528805656,0.3420045001456762,0.3352635845662673,2
2025-06-02 10:50:00,2,0.3310457992069921,0.35927091211087087,0.30968328868213707,2
2025-06-02 10:55:00,2,0.32798778407777146,0.3364585283747295,0.3355536875474991,2
2025-06-02 11:00:00,2,0.3353742315112481,0.3215369498736727,0.3430888186150791,2
2025-06-02 11:05:00,2,0.3285599678611421,0.31392280291949726,0.35751722921936063,2
2025-06-02 11:10:00,2,0.33760143209146415,0.31782209977127596,0.34457646813725995,2
2025-06-02 11:15:00,2,0.3659156228245421,0.3042938803128665,0.32979049686259143,0
2025-06-02 11:20:00,2,0.3548059855774422,0.30410048294367,0.3410935314788878,0
2025-06-02 11:25:00,2,0.33104173314307694,0.334333210133086,0.3346250567238371,2
2025-06-02 11:30:00,2,0.3308571554485924,0.3203296369058728,0.3488132076455348,2
2025-06-02 11:35:00,2,0.3179469123922003,0.34346882227014497,0.3385842653376547,2
2025-06-02 11:40:00,0,0.3243509325347083,0.33659387276035324,0.33905519470493845,2
2025-06-02 11:45:00,0,0.3316385999038176,0.3027900816931772,0.3655713184030052,2
2025-06-02 11:50:00,2,0.3206408578159527,0.30386479376008324,0.37549434842396406,2
2025-06-02 11:55:00,2,0.317658974100189,0.2916417780640926,0.39069924783571847,2
2025-06-02 12:00:00,2,0.05808834605827682,0.07019796375942722,0.871713690182296,2
2025-06-02 12:05:00,2,0.3278325793902319,0.30450898047397285,0.3676584401357952,2
2025-06-02 12:10:00,2,0.05958007152786393,0.06818448947004181,0.8722354390020942,2
2025-06-02 12:15:00,2,0.05509333800910518,0.05845880757183183,0.886447854419063,2
2025-06-02 12:20:00,2,0.06477029602694141,0.06954251980654948,0.865687184166509,2
2025-06-02 12:25:00,2,0.08559641898968527,0.09387382810991288,0.8205297529004019,2
2025-06-02 12:30:00,2,0.06430066225839148,0.05674947460793958,0.878949863133669,2
2025-06-02 12:35:00,2,0.06290103773728876,0.04989305569089679,0.8872059065718144,2
2025-06-02 12:40:00,2,0.06663158427276634,0.0583590556528341,0.8750093600743996,2
2025-06-02 12:45:00,2,0.06195356192215111,0.04971828037657797,0.8883281577012709,2
2025-06-02 12:50:00,2,0.0614239600384065,0.05098114665037228,0.8875948933112212,2
2025-06-02 12:55:00,2,0.39977132200344123,0.3362451715642172,0.26398350643234153,0
2025-06-02 13:00:00,2,0.41846014394871306,0.31991648393093525,0.2616233721203518,0
2025-06-02 13:05:00,2,0.3752663905621375,0.32635115476338444,0.29838245467447805,2
2025-06-02 13:10:00,2,0.3685146749526407,0.32157650246110936,0.30990882258624997,2
2025-06-02 13:15:00,2,0.37083397921785727,0.3008368857164707,0.3283291350656721,0
2025-06-02 13:20:00,2,0.3508811532918711,0.26531967464015127,0.38379917206797776,0
2025-06-02 13:25:00,2,0.3500122963966759,0.2907686230526433,0.3592190805506808,0
2025-06-02 13:30:00,2,0.3576765820251818,0.3007683584476567,0.3415550595271614,0
2025-06-02 13:35:00,2,0.29355101008937523,0.2203609432168634,0.4860880466937614,2
2025-06-02 13:40:00,2,0.27978891913487347,0.19000309294329212,0.5302079879218343,2
2025-06-02 13:45:00,2,0.28756970733669446,0.20698379224362598,0.5054465004196795,2
2025-06-02 13:50:00,2,0.2812446654012469,0.20165317089346835,0.5171021637052847,2
2025-06-02 13:55:00,2,0.3041848526924359,0.23919559759724546,0.45661954971031865,2
2025-06-02 14:00:00,2,0.28115564988846375,0.23393366564046314,0.48491068447107316,2
2025-06-02 14:05:00,2,0.3019477622284584,0.26475806730274914,0.4332941704687924,2
2025-06-02 14:10:00,2,0.28702272561434045,0.24466476221428426,0.4683125121713753,2
2025-06-02 14:15:00,2,0.2742375245842414,0.253330959127257,0.4724315162885016,2
2025-06-02 14:20:00,2,0.2697362803960167,0.26018138543204333,0.47008233417194006,2
2025-06-02 14:25:00,1,0.26077246147920147,0.24872042293163113,0.4905071155891675,2
2025-06-02 14:30:00,2,0.2764229958879807,0.3018965397526938,0.4216804643593256,2
2025-06-02 14:35:00,2,0.25441518543667707,0.2799176445814194,0.46566716998190355,2
2025-06-02 14:40:00,0,0.2603061792892407,0.2727688244981855,0.4669249962125738,2
2025-06-02 14:45:00,0,0.25790910123671384,0.2757681036667298,0.4663227950965564,2
2025-06-02 14:50:00,0,0.25972576483701937,0.24654835852673088,0.49372587663624967,2
2025-06-02 14:55:00,2,0.27363543527676326,0.20162672687224095,0.5247378378509958,2
2025-06-02 15:00:00,2,0.041064493235054136,0.0346152743315617,0.9243202324333842,2
2025-06-02 15:05:00,2,0.04387850386598586,0.033813514564313946,0.9223079815697001,2
2025-06-02 15:10:00,2,0.32196537855936275,0.240646930332777,0.4373876911078602,0
2025-06-02 15:15:00,2,0.3123241538503577,0.242246022691332,0.44542982345831034,2
2025-06-02 15:20:00,2,0.2923930814140556,0.2803369902878072,0.42726992829813715,2
2025-06-02 15:25:00,2,0.29981996727172844,0.2924753488433746,0.407704683884897,2
2025-06-03 09:15:00,1,0.3217402904067701,0.39387202113795927,0.2843876884552706,1
2025-06-03 09:20:00,2,0.3201185227554049,0.37747796373020615,0.302403513514389,1
2025-06-03 09:25:00,2,0.04444596903430329,0.048145572328689566,0.907408458637007,2
2025-06-03 09:30:00,2,0.052085382162476136,0.05487625779790377,0.89303836003962,2
2025-06-03 09:35:00,2,0.3389525276280432,0.40634420214175826,0.25470327023019856,1
2025-06-03 09:40:00,2,0.31866936085077807,0.4097614783361546,0.2715691608130673,1
2025-06-03 09:45:00,2,0.30504627937001594,0.40731616220402794,0.28763755842595606,1
2025-06-03 09:50:00,2,0.3237582899277258,0.41421121848345543,0.2620304915888188,1
2025-06-03 09:55:00,2,0.30285000827553354,0.41468710390705593,0.2824628878174106,1
2025-06-03 10:00:00,0,0.2866954156671837,0.41337428269246435,0.29993030164035195,1
2025-06-03 10:05:00,0,0.2254337841374992,0.3690746836851634,0.4054915321773375,1
2025-06-03 10:10:00,0,0.24628741883827635,0.3722423403890528,0.3814702407726709,1
2025-06-03 10:15:00,2,0.28289439946872763,0.3313448093770071,0.3857607911542653,2
2025-06-03 10:20:00,2,0.042720365665226176,0.06133223589233893,0.8959473984424349,2
2025-06-03 10:25:00,1,0.3020437785424306,0.35288286706429817,0.3450733543932712,1
2025-06-03 10:30:00,1,0.2727082016572786,0.33970024942188864,0.3875915489208328,1
2025-06-03 10:35:00,2,0.37601305079045805,0.42703643382611506,0.19695051538342684,1
2025-06-03 10:40:00,2,0.3692569821932593,0.42215221205123427,0.20859080575550631,1
2025-06-03 10:45:00,2,0.35077302185879267,0.4317380525222148,0.21748892561899263,1
2025-06-03 10:50:00,1,0.33720475178189785,0.41539131821550324,0.24740393000259903,1
2025-06-03 10:55:00,1,0.34776960383750904,0.4340863633187311,0.21814403284375972,1
2025-06-03 11:00:00,1,0.33381917348904705,0.4207924062956646,0.24538842021528842,1
2025-06-03 11:05:00,1,0.3289666276903212,0.4293981756810401,0.24163519662863858,1
2025-06-03 11:10:00,0,0.31100483918855415,0.049262654176364405,0.6397325066350814,2
2025-06-03 11:15:00,0,0.3461678278077223,0.40519551691804356,0.2486366552742341,1
2025-06-03 11:20:00,2,0.3214403278680391,0.4126896743713987,0.2658699977605622,1
2025-06-03 11:25:00,1,0.32392447286952253,0.41732089322331617,0.25875463390716136,1
2025-06-03 11:30:00,1,0.3244749987853935,0.40020586492033017,0.27531913629427623,1
2025-06-03 11:35:00,2,0.3426921089728302,0.4144296089221818,0.24287828210498796,1
2025-06-03 11:40:00,0,0.31998646091433774,0.4261741968746113,0.2538393422110509,1
2025-06-03 11:45:00,0,0.31204617278092583,0.42760679340808055,0.2603470338109936,1
2025-06-03 11:50:00,2,0.3206635111625161,0.42800954698757326,0.2513269418499105,1
2025-06-03 11:55:00,2,0.031169588769966505,0.031991508040684,0.9368389031893495,2
2025-06-03 12:00:00,2,0.029795361987972474,0.03637650276073867,0.9338281352512888,2
2025-06-03 12:05:00,2,0.03578815170667338,0.034417967008438737,0.9297938812848879,2
2025-06-03 12:10:00,2,0.033359399872081766,0.031568773847310626,0.9350718262806076,2
2025-06-03 12:15:00,2,0.044174764865762835,0.0341687980001881,0.9216564371340491,2
2025-06-03 12:20:00,2,0.038399290114641084,0.029753192187462512,0.9318475176978964,2
2025-06-03 12:25:00,2,0.030374152683333308,0.028003563772302353,0.9416222835443643,2
2025-06-03 12:30:00,2,0.02459545248175138,0.029401906133508016,0.9460026413847407,2
2025-06-03 12:35:00,2,0.02718985702634027,0.033964630375981394,0.9388455125976783,2
2025-06-03 12:40:00,2,0.02463749084608065,0.02875321422131172,0.9466092949326076,2
2025-06-03 12:45:00,2,0.03532158617213351,0.03106038223486496,0.9336180315930016,2
2025-06-03 12:50:00,2,0.34096857431068756,0.008117049740804247,0.6509143759485081,2
2025-06-03 12:55:00,2,0.3128993949936441,0.00869579437169255,0.6784048106346633,2
2025-06-03 13:00:00,2,0.054843783518587735,0.030987501387101914,0.9141687150943103,2
2025-06-03 13:05:00,2,0.3129500780826913,0.008518510203933323,0.6785314117133754,2
2025-06-03 13:10:00,2,0.04664649038984736,0.03275366878265806,0.9205998408274946,2
2025-06-03 13:15:00,2,0.04116495697526103,0.0347835703951101,0.9240514726296288,2
2025-06-03 13:20:00,2,0.04343752038669666,0.03492194643133728,0.9216405331819661,2
2025-06-03 13:25:00,2,0.03945551404769461,0.032601283074338835,0.9279432028779666,2
2025-06-03 13:30:00,2,0.03083968749109446,0.03696090365066804,0.9321994088582376,2
2025-06-03 13:35:00,2,0.020340944241071166,0.02750373073564243,0.9521553250232865,2
2025-06-03 13:40:00,2,0.027868701402826837,0.024575626267542658,0.9475556723296306,2
2025-06-03 13:45:00,2,0.022855743530985153,0.02050904546843393,0.9566352110005809,2
2025-06-03 13:50:00,2,0.01953120528750164,0.02205067060160202,0.9584181241108964,2
2025-06-03 13:55:00,2,0.0170816677125829,0.02524895939834363,0.9576693728890735,2
2025-06-03 14:00:00,2,0.01613118947292344,0.024272877247037205,0.9595959332800394,2
2025-06-03 14:05:00,2,0.015289557638799956,0.023103254601518644,0.9616071877596815,2
2025-06-03 14:10:00,2,0.014728579991366954,0.025769525316535584,0.9595018946920973,2
2025-06-03 14:15:00,2,0.016369954897195255,0.022326516021425526,0.9613035290813793,2
2025-06-03 14:20:00,2,0.01635640710450988,0.022692938908219492,0.9609506539872705,2
2025-06-03 14:25:00,2,0.017907528588948795,0.023672489746300984,0.9584199816647502,2
2025-06-03 14:30:00,2,0.016804572459980186,0.02787691552760904,0.9553185120124108,2
2025-06-03 14:35:00,2,0.016776555815245654,0.027517866205044726,0.9557055779797096,2
2025-06-03 14:40:00,2,0.015995043053026528,0.023764405098971386,0.9602405518480019,2
2025-06-03 14:45:00,2,0.01766877384597213,0.02289393091800453,0.9594372952360233,2
2025-06-03 14:50:00,2,0.017705244983997927,0.02409464928800467,0.9582001057279973,2
2025-06-03 14:55:00,2,0.016603936773769895,0.022084223381584205,0.961311839844646,2
2025-06-03 15:00:00,2,0.022058583457975747,0.022279139333921665,0.9556622772081026,2
2025-06-03 15:05:00,2,0.024697773262774732,0.01803646784970299,0.9572657588875222,2
2025-06-03 15:10:00,2,0.11720564375986801,0.008089727180552835,0.8747046290595792,2
2025-06-03 15:15:00,2,0.01706525263353622,0.019511895821704896,0.9634228515447589,2
2025-06-03 15:20:00,2,0.021849257650753184,0.022452969311768236,0.9556977730374786,2
2025-06-03 15:25:00,2,0.016464292627823836,0.020598978861871713,0.9629367285103044,2
2025-06-04 09:15:00,2,0.019543708197172733,0.024682972505637037,0.9557733192971903,2
2025-06-04 09:20:00,2,0.014509946243107698,0.026279814474829927,0.9592102392820625,2
2025-06-04 09:25:00,2,0.01838538640794994,0.023826279378028916,0.9577883342140212,2
2025-06-04 09:30:00,2,0.018386758365457993,0.0213500068397448,0.9602632347947971,2
2025-06-04 09:35:00,2,0.017817722202642584,0.021225474693164728,0.9609568031041927,2
2025-06-04 09:40:00,2,0.015934585153151402,0.018732041303940853,0.9653333735429077,2
2025-06-04 09:45:00,2,0.0177231978325627,0.01940874595783585,0.9628680562096015,2
2025-06-04 09:50:00,2,0.0177379902532643,0.019574452069370436,0.9626875576773652,2
2025-06-04 09:55:00,2,0.01397764826824682,0.021146878010177707,0.9648754737215753,2
2025-06-04 10:00:00,2,0.012304915987083446,0.01917009117629357,0.9685249928366229,2
2025-06-04 10:05:00,2,0.012003441290995655,0.016561549456999697,0.9714350092520047,2
2025-06-04 10:10:00,2,0.010208433628688696,0.01456726595583737,0.9752243004154738,2
2025-06-04 10:15:00,2,0.010301927926370013,0.015121650840117106,0.9745764212335128,2
2025-06-04 10:20:00,2,0.005366388088807196,0.10557216062458784,0.889061451286605,2
2025-06-04 10:25:00,2,0.00957169342331266,0.014030090787281537,0.9763982157894059,2
2025-06-04 10:30:00,2,0.008932896456344788,0.015877925246860717,0.9751891782967945,2
2025-06-04 10:35:00,2,0.01639639009691454,0.023172342539058255,0.9604312673640273,2
2025-06-04 10:40:00,2,0.017185430302390003,0.025006896147148516,0.9578076735504616,2
2025-06-04 10:45:00,2,0.018940458124791316,0.022180770014451512,0.9588787718607572,2
2025-06-04 10:50:00,2,0.01853506279265195,0.020136387313718626,0.9613285498936294,2
2025-06-04 10:55:00,2,0.017611033002677846,0.020497830417508123,0.961891136579814,2
2025-06-04 11:00:00,2,0.016820101110080414,0.018792925883609757,0.9643869730063098,2
2025-06-04 11:05:00,2,0.015894509556212806,0.018820153650782333,0.9652853367930049,2
2025-06-04 11:10:00,2,0.016259304843823687,0.017059357549528403,0.966681337606648,2
2025-06-04 11:15:00,2,0.015727334189027775,0.016188875850296942,0.9680837899606752,2
2025-06-04 11:20:00,2,0.012716612139664069,0.016343842930606384,0.9709395449297297,2
2025-06-04 11:25:00,2,0.013279042744193352,0.015408332736222444,0.9713126245195843,2
2025-06-04 11:30:00,2,0.01184078207146466,0.014598259504982187,0.9735609584235533,2
2025-06-04 11:35:00,2,0.011055317014273938,0.01513223695818346,0.9738124460275427,2
2025-06-04 11:40:00,2,0.012348102468652937,0.014423580678754195,0.9732283168525929,2
2025-06-04 11:45:00,2,0.013083368125280801,0.014305253446219943,0.9726113784284993,2
2025-06-04 11:50:00,2,0.012510620139478634,0.014063972895202555,0.9734254069653188,2
2025-06-04 11:55:00,2,0.011709815316421,0.01452725646209485,0.9737629282214842,2
2025-06-04 12:00:00,2,0.011593860183355646,0.01423105144725905,0.9741750883693853,2
2025-06-04 12:05:00,2,0.01175976977215318,0.01677630848161468,0.9714639217462321,2
2025-06-04 12:10:00,2,0.011301407407561965,0.02307953612624713,0.965619056466191,2
2025-06-04 12:15:00,2,0.011243409689746483,0.016221785931058445,0.972534804379195,2
2025-06-04 12:20:00,2,0.011176366907068587,0.016322317478431082,0.9725013156145003,2
2025-06-04 12:25:00,2,0.012826280920941211,0.014520842860576129,0.9726528762184826,2
2025-06-04 12:30:00,2,0.01298245542234497,0.014054176994007593,0.9729633675836474,2
2025-06-04 12:35:00,2,0.012924861881830195,0.014643184247577752,0.972431953870592,2
2025-06-04 12:40:00,2,0.011595880480663555,0.014770452439772628,0.9736336670795639,2
2025-06-04 12:45:00,2,0.011501408495267991,0.013891430576120817,0.9746071609286112,2
2025-06-04 12:50:00,2,0.01182943247393185,0.01403922826962308,0.974131339256445,2
2025-06-04 12:55:00,2,0.0108217913995093,0.013371653525707437,0.9758065550747832,2
2025-06-04 13:00:00,2,0.007407910907393667,0.08497556937016332,0.9076165197224431,2
2025-06-04 13:05:00,2,0.012769062724613945,0.014821250970387667,0.9724096863049985,2
2025-06-04 13:10:00,2,0.013146017166980934,0.014317863553507308,0.9725361192795117,2
2025-06-04 13:15:00,2,0.012957457879780667,0.014580496169217031,0.9724620459510023,2
2025-06-04 13:20:00,2,0.01358156950559822,0.013870730034302866,0.972547700460099,2
2025-06-04 13:25:00,2,0.011988266437932604,0.013748183365678351,0.974263550196389,2
2025-06-04 13:30:00,2,0.011244063052356052,0.013715410401197276,0.9750405265464466,2
2025-06-04 13:35:00,2,0.009108171800532833,0.010968533458258973,0.9799232947412082,2
2025-06-04 13:40:00,2,0.008879296061440311,0.010257957581512113,0.9808627463570475,2
2025-06-04 13:45:00,2,0.008758230366680044,0.012259521655526911,0.978982247977793,2
2025-06-04 13:50:00,2,0.005432502391104316,0.05156109215337512,0.9430064054555206,2
2025-06-04 13:55:00,2,0.004499756514521513,0.07352096382569724,0.9219792796597812,2
2025-06-04 14:00:00,2,0.008584699466010834,0.01229890191934023,0.9791163986146489,2
2025-06-04 14:05:00,2,0.005505836376442544,0.07052864440313152,0.9239655192204258,2
2025-06-04 14:10:00,2,0.009557040179084883,0.013180220947155256,0.9772627388737599,2
2025-06-04 14:15:00,2,0.009695387016350667,0.012709330697936434,0.9775952822857129,2
2025-06-04 14:20:00,2,0.009758415734308034,0.011906715476190337,0.9783348687895017,2
2025-06-04 14:25:00,2,0.16254837162015043,0.16813168318830307,0.6693199451915465,2
2025-06-04 14:30:00,2,0.16323665179338837,0.14487506571397504,0.6918882824926366,2
2025-06-04 14:35:00,2,0.16148291239099874,0.15461741452084318,0.683899673088158,2
2025-06-04 14:40:00,2,0.15727725825948535,0.15158759940528316,0.6911351423352315,2
2025-06-04 14:45:00,2,0.15563767936844666,0.1543591894020397,0.6900031312295136,2
2025-06-04 14:50:00,2,0.1500883972276265,0.14929709301102426,0.7006145097613493,2
2025-06-04 14:55:00,2,0.1643245357512432,0.12577690367558217,0.7098985605731746,2
2025-06-04 15:00:00,2,0.02409093275293769,0.020489474687831816,0.9554195925592306,2
2025-06-04 15:05:00,2,0.17954195585346513,0.15184986569635106,0.6686081784501838,2
2025-06-04 15:10:00,2,0.16590755800400325,0.18271060373133605,0.6513818382646607,2
2025-06-04 15:15:00,2,0.16262844235303553,0.19237913010583638,0.6449924275411281,2
2025-06-04 15:20:00,2,0.1676718509693364,0.19385307717298206,0.6384750718576816,2
2025-06-04 15:25:00,2,0.16986844639577928,0.18524947318786833,0.6448820804163524,2
2025-06-05 09:15:00,0,0.18078714676580257,0.2721541885166054,0.5470586647175921,1
2025-06-05 09:20:00,2,0.03007807234647859,0.04309322941020312,0.9268286982433181,2
2025-06-05 09:25:00,2,0.026006962618193463,0.02250151088597841,0.9514915264958282,2
2025-06-05 09:30:00,2,0.023885198280788507,0.019117121626154088,0.9569976800930574,2
2025-06-05 09:35:00,2,0.02343236324458828,0.017487470966720958,0.9590801657886908,2
2025-06-05 09:40:00,2,0.29159419649031276,0.010799832698728109,0.6976059708109591,2
2025-06-05 09:45:00,2,0.2787226595538758,0.010593591477166233,0.7106837489689579,2
2025-06-05 09:50:00,2,0.27243952236965496,0.010931923282691675,0.7166285543476533,2
2025-06-05 09:55:00,2,0.35219287396877963,0.012226213338600665,0.6355809126926197,0
2025-06-05 10:00:00,2,0.3250758501660597,0.01329234195099049,0.6616318078829498,2
2025-06-05 10:05:00,2,0.23840662271546834,0.17028135571481043,0.5913120215697213,2
2025-06-05 10:10:00,2,0.18268965100177642,0.16037327890518815,0.6569370700930354,2
2025-06-05 10:15:00,2,0.17009939374651148,0.19751838493232862,0.6323822213211598,2
2025-06-05 10:20:00,2,0.17772279635734958,0.16036929018172963,0.6619079134609208,2
2025-06-05 10:25:00,2,0.15775764073926074,0.1897915649754847,0.6524507942852545,2
2025-06-05 10:30:00,2,0.1565307512511081,0.1936162436713479,0.649853005077544,2
2025-06-05 10:35:00,1,0.23923774946964876,0.27030960596211356,0.49045264456823773,2
2025-06-05 10:40:00,2,0.24291909512138157,0.26970100302259314,0.48737990185602537,2
2025-06-05 10:45:00,2,0.27065952959550266,0.29838405655664335,0.4309564138478539,2
2025-06-05 10:50:00,2,0.27437019702118254,0.2917612346891051,0.43386856828971226,2
2025-06-05 10:55:00,2,0.25871380969058755,0.29875111288783246,0.4425350774215799,2
2025-06-05 11:00:00,2,0.2534846947797089,0.29473829861093004,0.4517770066093611,2
2025-06-05 11:05:00,0,0.24352772141394846,0.29144565816408535,0.46502662042196624,2
2025-06-05 11:10:00,0,0.2264788867798574,0.281266070369244,0.4922550428508985,1
2025-06-05 11:15:00,2,0.2075740410659918,0.253106161290409,0.5393197976435992,2
2025-06-05 11:20:00,2,0.2570676526287894,0.2013506371482014,0.5415817102230092,2
2025-06-05 11:25:00,2,0.26564610067531086,0.17945679121815766,0.5548971081065316,2
2025-06-05 11:30:00,2,0.2608717154670721,0.17976035146724956,0.5593679330656783,2
2025-06-05 11:35:00,2,0.24415858437873092,0.20503325788163546,0.5508081577396337,2
2025-06-05 11:40:00,2,0.22218686389368963,0.2064981908184689,0.5713149452878414,2
2025-06-05 11:45:00,0,0.2211910908746925,0.25074638562210044,0.528062523503207,2
2025-06-05 11:50:00,0,0.23592246405857054,0.1978045005337728,0.5662730354076566,2
2025-06-05 11:55:00,0,0.2595881171356303,0.2049480821486823,0.5354638007156876,2
2025-06-05 12:00:00,0,0.45868890683345576,0.02002776907799344,0.5212833240885508,0
2025-06-05 12:05:00,0,0.4641777194341209,0.018403931163648624,0.5174183494022305,0
2025-06-05 12:10:00,2,0.5200925315530306,0.011617429323293717,0.46829003912367567,0
2025-06-05 12:15:00,2,0.5925445290476404,0.018310898663363474,0.38914457228899607,0
2025-06-05 12:20:00,2,0.5754615384313195,0.021699603827378674,0.40283885774130185,0
2025-06-05 12:25:00,2,0.42783858169281624,0.2624488743171365,0.30971254399004716,0
2025-06-05 12:30:00,2,0.4115265656541608,0.2904807857408068,0.29799264860503244,0
2025-06-05 12:35:00,2,0.4149528026696936,0.2862098829173619,0.2988373144129445,0
2025-06-05 12:40:00,2,0.40400029286966127,0.2935085319342525,0.30249117519608615,0
2025-06-05 12:45:00,2,0.3956532710704949,0.29695802419178025,0.3073887047377249,0
2025-06-05 12:50:00,1,0.3906269467059987,0.26601731758063096,0.3433557357133704,0
2025-06-05 12:55:00,2,0.3850424036719584,0.34059785264686404,0.2743597436811776,2
2025-06-05 13:00:00,2,0.36659088200115136,0.3009655995270068,0.3324435184718418,0
2025-06-05 13:05:00,2,0.3726711710968313,0.3226571502804554,0.3046716786227132,0
2025-06-05 13:10:00,2,0.37302406987497205,0.30323187477749675,0.3237440553475311,0
2025-06-05 13:15:00,1,0.3682649482092222,0.2993554818955721,0.3323795698952057,0
2025-06-05 13:20:00,1,0.3615795557281279,0.2953572487144938,0.34306319555737835,0
2025-06-05 13:25:00,1,0.3829189015208245,0.2915846954717855,0.32549640300738997,0
2025-06-05 13:30:00,2,0.02972449753437873,0.5451715472143722,0.42510395525124905,1
2025-06-05 13:35:00,2,0.28665285349454805,0.29351987885171027,0.4198272676537417,2
2025-06-05 13:40:00,2,0.024762830959900915,0.4752050225196735,0.5000321465204256,1
2025-06-05 13:45:00,1,0.30002445230736574,0.29842583716218024,0.401549710530454,2
2025-06-05 13:50:00,2,0.26953039019029834,0.2896279247884418,0.4408416850212598,2
2025-06-05 13:55:00,2,0.27298311547018145,0.28509173951151734,0.4419251450183012,2
2025-06-05 14:00:00,2,0.042146757189008954,0.041053518776851136,0.9167997240341399,2
2025-06-05 14:05:00,2,0.03717805200939829,0.03803523542348264,0.9247867125671192,2
2025-06-05 14:10:00,2,0.07025443025131706,0.07532809806610662,0.8544174716825763,2
2025-06-05 14:15:00,2,0.06302129516420017,0.07009131704732278,0.8668873877884771,2
2025-06-05 14:20:00,2,0.03674961540680552,0.039574197593720786,0.9236761869994738,2
2025-06-05 14:25:00,2,0.284297830669692,0.3034005829083791,0.4123015864219288,2
2025-06-05 14:30:00,2,0.2764423645333412,0.2877791211383291,0.4357785143283298,2
2025-06-05 14:35:00,2,0.27592212970158664,0.2762861901671434,0.4477916801312701,2
2025-06-05 14:40:00,2,0.2946678518564872,0.274482600432832,0.43084954771068074,2
2025-06-05 14:45:00,2,0.2699614353344847,0.2356433053791262,0.49439525928638917,2
2025-06-05 14:50:00,2,0.301005031920269,0.298022325664213,0.40097264241551794,2
2025-06-05 14:55:00,2,0.26980264725217856,0.2939832182802528,0.43621413446756857,2
2025-06-05 15:00:00,2,0.2796371479295615,0.30055316377713825,0.4198096882933003,2
2025-06-05 15:05:00,2,0.27093148828551844,0.27538921971259633,0.45367929200188517,2
2025-06-05 15:10:00,2,0.2806823186204241,0.2598022337606993,0.4595154476188767,2
2025-06-05 15:15:00,2,0.256387343144632,0.21708215251885918,0.5265305043365087,2
2025-06-05 15:20:00,2,0.19482927034385603,0.18399021205969743,0.6211805175964465,2
2025-06-05 15:25:00,2,0.2581141778398588,0.2182115057796568,0.5236743163804843,2
2025-06-06 09:15:00,2,0.16879421511798395,0.23712296547873787,0.5940828194032781,2
2025-06-06 09:20:00,1,0.17162368188726582,0.23784441930672479,0.5905318988060094,2
2025-06-06 09:25:00,2,0.014840207244238814,0.014770963877355613,0.9703888288784056,2
2025-06-06 09:30:00,2,0.1273834929343608,0.005314858517297118,0.867301648548342,2
2025-06-06 09:35:00,2,0.12543052072945315,0.005122775755622907,0.8694467035149239,2
2025-06-06 09:40:00,2,0.12384305115291111,0.004769040299191125,0.8713879085478978,2
2025-06-06 09:45:00,2,0.019700800575882214,0.016177475053614936,0.9641217243705028,2
2025-06-06 09:50:00,2,0.014721455058473634,0.013692803024739542,0.9715857419167869,2
2025-06-06 09:55:00,2,0.14153050950199692,0.21127139366434683,0.6471980968336563,2
2025-06-06 10:00:00,0,0.2339729381694723,0.21795943903675158,0.5480676227937761,2
2025-06-06 10:05:00,2,0.04175390277517277,0.1994517859447306,0.7587943112800967,2
2025-06-06 10:10:00,0,0.2798093258378857,0.3387691505168276,0.3814215236452867,1
2025-06-06 10:15:00,0,0.2592910986791434,0.30273121328134367,0.4379776880395129,2
2025-06-06 10:20:00,0,0.2722454475901608,0.2923395247605004,0.43541502764933887,2
2025-06-06 10:25:00,2,0.035615919968270564,0.1201088831752359,0.8442751968564935,2
2025-06-06 10:30:00,2,0.03226072865389408,0.113272017733694,0.8544672536124119,2
2025-06-06 10:35:00,2,0.04982980674814926,0.16034852613627829,0.7898216671155724,2
2025-06-06 10:40:00,2,0.05908128909899353,0.03304702479191378,0.9078716861090926,2
2025-06-06 10:45:00,2,0.057478082738064505,0.03201614686317298,0.9105057703987626,2
2025-06-06 10:50:00,2,0.06452871566931451,0.0358189744593212,0.8996523098713642,2
2025-06-06 10:55:00,2,0.05079579526596955,0.02790316205196854,0.921301042682062,2
2025-06-06 11:00:00,2,0.04745519338415462,0.02567889962308288,0.9268659069927624,2
2025-06-06 11:05:00,2,0.04260754593383635,0.0227574995827354,0.9346349544834283,2
2025-06-06 11:10:00,2,0.04072025729370145,0.01925670290902046,0.940023039797278,2
2025-06-06 11:15:00,2,0.042739796906956166,0.020771658618813096,0.9364885444742308,2
2025-06-06 11:20:00,2,0.05368877071189738,0.031388136284738216,0.9149230930033644,2
2025-06-06 11:25:00,0,0.421946419656227,0.018684637929446593,0.5593689424143263,0
2025-06-06 11:30:00,0,0.3987095308862101,0.01735474358557803,0.5839357255282119,0
2025-06-06 11:35:00,0,0.3873468147719795,0.01722401750123529,0.5954291677267852,0
2025-06-06 11:40:00,0,0.4831904591445499,0.01177696299473149,0.5050325778607185,0
2025-06-06 11:45:00,2,0.46839495265372966,0.015022144949002158,0.5165829023972682,0
2025-06-06 11:50:00,2,0.4677021644940754,0.0128914736180971,0.5194063618878275,0
2025-06-06 11:55:00,2,0.48031627856336967,0.011355744351739628,0.5083279770848906,0
2025-06-06 12:00:00,2,0.489239970478416,0.017851100724593935,0.49290892879699,0
2025-06-06 12:05:00,2,0.4955994026494435,0.015573826408434447,0.488826770942122,0
2025-06-06 12:10:00,2,0.38934876545000385,0.17297060254486613,0.43768063200513013,0
2025-06-06 12:15:00,2,0.4001806054442135,0.18770936250443054,0.41211003205135605,0
2025-06-06 12:20:00,2,0.38456604117995385,0.20073334496281098,0.4147006138572353,0
2025-06-06 12:25:00,2,0.3601244558912156,0.20620060918039754,0.4336749349283868,0
2025-06-06 12:30:00,2,0.348274467135569,0.19174563125640015,0.45997990160803104,0
2025-06-06 12:35:00,2,0.3761461815506352,0.2041887968280166,0.4196650216213481,0
2025-06-06 12:40:00,2,0.35493292331141624,0.19814654902023848,0.4469205276683454,0
2025-06-06 12:45:00,2,0.32817446857774735,0.1973726423066047,0.47445288911564787,0
2025-06-06 12:50:00,2,0.3189498403327445,0.19405646462009105,0.48699369504716455,2
2025-06-06 12:55:00,2,0.31373262582390565,0.19060551348602792,0.4956618606900664,2
2025-06-06 13:00:00,2,0.3213954367683201,0.18509791825386382,0.49350664497781604,0
2025-06-06 13:05:00,2,0.3377044280688549,0.18934031357782682,0.47295525835331836,0
2025-06-06 13:10:00,2,0.32953234538559073,0.18889884224691927,0.48156881236748994,0
2025-06-06 13:15:00,2,0.3312026712622402,0.1905040640011106,0.47829326473664924,0
2025-06-06 13:20:00,2,0.34885835917985947,0.16929078886946802,0.48185085195067245,0
2025-06-06 13:25:00,2,0.33377519597701244,0.1605691117651471,0.5056556922578405,0
2025-06-06 13:30:00,2,0.3143654524602982,0.15195753916983679,0.533677008369865,2
2025-06-06 13:35:00,2,0.29718969020972885,0.04729001916604526,0.6555202906242259,2
2025-06-06 13:40:00,2,0.278315868798555,0.12823940442518067,0.5934447267762644,2
2025-06-06 13:45:00,2,0.29249259709832,0.14551397656384565,0.5619934263378343,2
2025-06-06 13:50:00,2,0.2754651443852433,0.12758866192086082,0.5969461936938959,2
2025-06-06 13:55:00,2,0.2958792019794795,0.1171862390312458,0.5869345589892747,2
2025-06-06 14:00:00,2,0.282875285079683,0.1093699668448148,0.6077547480755022,2
2025-06-06 14:05:00,0,0.29465881191504567,0.12303233956016243,0.5823088485247919,2
2025-06-06 14:10:00,2,0.2796452041635947,0.11673939192164227,0.603615403914763,2
2025-06-06 14:15:00,2,0.29167199491203044,0.10110184310034058,0.607226161987629,2
2025-06-06 14:20:00,2,0.4075894961269059,0.012023836786868752,0.5803866670862253,0
2025-06-06 14:25:00,2,0.38303462424246504,0.011169606011214939,0.60579576974632,0
2025-06-06 14:30:00,2,0.2758158569368869,0.12742908785369145,0.5967550552094216,2
2025-06-06 14:35:00,2,0.26351520025804326,0.15238347522332563,0.5841013245186311,2
2025-06-06 14:40:00,2,0.25465756995967664,0.1575745269471366,0.5877679030931867,2
2025-06-06 14:45:00,2,0.27366504312617074,0.13342201463931463,0.5929129422345147,2
2025-06-06 14:50:00,2,0.24936011369333308,0.13647135925504625,0.6141685270516207,2
2025-06-06 14:55:00,2,0.27411720345139945,0.11717070141247594,0.6087120951361247,2
2025-06-06 15:00:00,2,0.2536661604231309,0.13399989379103794,0.6123339457858311,2
2025-06-06 15:05:00,2,0.2947513776336917,0.09458886142630836,0.61065976094,2
2025-06-06 15:10:00,2,0.2478839621226227,0.12210591484016657,0.6300101230372107,2
2025-06-06 15:15:00,2,0.24836400760578456,0.12343331602310295,0.6282026763711125,2
2025-06-06 15:20:00,2,0.25997479863541856,0.10582244831561981,0.6342027530489616,2
2025-06-06 15:25:00,2,0.25694522859406255,0.11142473588528955,0.6316300355206479,2
2025-06-09 09:15:00,2,0.33022796558672546,0.027264766748158073,0.6425072676651165,0
2025-06-09 09:20:00,2,0.27733304557786426,0.02722653752995682,0.6954404168921788,2
2025-06-09 09:25:00,2,0.30797545147207467,0.027816731298102377,0.6642078172298229,2
2025-06-09 09:30:00,2,0.30294315649696785,0.029522070222031578,0.6675347732810006,2
2025-06-09 09:35:00,2,0.2612485545389837,0.027911681474303444,0.7108397639867128,2
2025-06-09 09:40:00,2,0.26875972914931007,0.02269779527025712,0.7085424755804328,2
2025-06-09 09:45:00,2,0.2678573561676334,0.02558557504862793,0.7065570687837387,2
2025-06-09 09:50:00,2,0.1624120303060699,0.1715806715756606,0.6660072981182696,2
2025-06-09 09:55:00,2,0.24107062479827637,0.029349767897982864,0.7295796073037407,2
2025-06-09 10:00:00,2,0.25321070164398585,0.02397578069708939,0.7228135176589249,2
2025-06-09 10:05:00,2,0.13271168760513158,0.1787325200299546,0.6885557923649138,2
2025-06-09 10:10:00,2,0.1824954521694133,0.01808378918351383,0.7994207586470728,2
2025-06-09 10:15:00,2,0.11095673413009423,0.1307556890834975,0.7582875767864082,2
2025-06-09 10:20:00,2,0.17040185979955721,0.01785613012545668,0.811742010074986,2
2025-06-09 10:25:00,2,0.16274321778220852,0.016017435061103306,0.8212393471566881,2
2025-06-09 10:30:00,2,0.14777026755814254,0.013467298040300732,0.8387624344015567,2
2025-06-09 10:35:00,2,0.1644303777542204,0.19437561286633107,0.6411940093794486,2
2025-06-09 10:40:00,2,0.28062784295601456,0.023509191982110475,0.6958629650618751,2
2025-06-09 10:45:00,2,0.27130515197427174,0.020300225879380792,0.7083946221463474,2
2025-06-09 10:50:00,2,0.24605138818733913,0.01824791104541152,0.7357007007672492,2
2025-06-09 10:55:00,2,0.1563737680820672,0.17130101743918727,0.6723252144787455,2
2025-06-09 11:00:00,2,0.15850398990984477,0.14968626702435095,0.6918097430658042,2
2025-06-09 11:05:00,2,0.1557851279701988,0.1871091015424634,0.6571057704873378,2
2025-06-09 11:10:00,2,0.1629542803051397,0.18995269102400006,0.6470930286708603,2
2025-06-09 11:15:00,2,0.16321453120199517,0.17946059589435776,0.6573248729036472,2
2025-06-09 11:20:00,2,0.15535289217885276,0.17321757572438493,0.6714295320967624,2
2025-06-09 11:25:00,2,0.16141025276457516,0.21190131806148058,0.6266884291739442,2
2025-06-09 11:30:00,2,0.15191533274048563,0.1861052486963359,0.6619794185631784,2
2025-06-09 11:35:00,2,0.1497764472484838,0.17508064953886782,0.6751429032126485,2
2025-06-09 11:40:00,2,0.16545197853131652,0.21127052453416587,0.6232774969345176,2
2025-06-09 11:45:00,2,0.1572112847361607,0.20741436870366284,0.6353743465601766,2
2025-06-09 11:50:00,2,0.15646350858152372,0.21368290067248638,0.6298535907459899,2
2025-06-09 11:55:00,2,0.15544848105965425,0.20135382991704157,0.6431976890233042,2
2025-06-09 12:00:00,2,0.15617141391597056,0.19663919488689438,0.647189391197135,2
2025-06-09 12:05:00,2,0.1530919545060943,0.1978112068299494,0.6490968386639563,2
2025-06-09 12:10:00,2,0.1507090985411137,0.17225061107673317,0.6770402903821531,2
2025-06-09 12:15:00,2,0.1399671331625819,0.1775322219445028,0.6825006448929152,2
2025-06-09 12:20:00,2,0.15792338279508827,0.18859907494435862,0.6534775422605531,2
2025-06-09 12:25:00,2,0.14362468326990324,0.1740461846528483,0.6823291320772484,2
2025-06-09 12:30:00,2,0.14603616991357352,0.1537734302274061,0.7001903998590203,2
2025-06-09 12:35:00,2,0.1486050898254425,0.16578866958360794,0.6856062405909495,2
2025-06-09 12:40:00,2,0.15238945569627238,0.1724770423412809,0.6751335019624467,2
2025-06-09 12:45:00,2,0.16794683901768218,0.18127769968110297,0.6507754613012149,2
2025-06-09 12:50:00,2,0.16635883416217578,0.17796621522176823,0.655674950616056,2
2025-06-09 12:55:00,2,0.16812938299678976,0.18500581666818372,0.6468648003350266,2
2025-06-09 13:00:00,2,0.17033203245877515,0.18839316781731413,0.6412747997239108,2
2025-06-09 13:05:00,2,0.1600539327655418,0.17663648829550616,0.663309578938952,2
2025-06-09 13:10:00,2,0.1588087527456321,0.17701860689415932,0.6641726403602086,2
2025-06-09 13:15:00,2,0.16978505631171045,0.18960085460511417,0.6406140890831754,2
2025-06-09 13:20:00,2,0.17160167922462713,0.19300895850408645,0.6353893622712864,2
2025-06-09 13:25:00,2,0.16725505345283975,0.17750575554034373,0.6552391910068165,2
2025-06-09 13:30:00,2,0.17036574719510036,0.189490449622782,0.6401438031821176,2
2025-06-09 13:35:00,2,0.12297534309614853,0.13398218761342828,0.7430424692904232,2
2025-06-09 13:40:00,2,0.11759531485546186,0.12988460066095417,0.752520084483584,2
2025-06-09 13:45:00,2,0.11243830578268395,0.13167973221785953,0.7558819619994566,2
2025-06-09 13:50:00,2,0.11351107854149312,0.1319790981343879,0.7545098233241191,2
2025-06-09 13:55:00,2,0.11934088099483896,0.13626893405495438,0.7443901849502066,2
2025-06-09 14:00:00,2,0.1313051135567906,0.1396394631488003,0.7290554232944091,2
2025-06-09 14:05:00,2,0.13368922507191397,0.1437426293085452,0.7225681456195409,2
2025-06-09 14:10:00,2,0.01568502833386894,0.02150542487274168,0.9628095467933894,2
2025-06-09 14:15:00,2,0.126341660769328,0.1624074853485266,0.7112508538821454,2
2025-06-09 14:20:00,2,0.02815327782051291,0.036344958054727185,0.9355017641247598,2
2025-06-09 14:25:00,2,0.12402802891053934,0.16011168024141806,0.7158602908480427,2
2025-06-09 14:30:00,2,0.10909129627461522,0.15154421734910775,0.739364486376277,2
2025-06-09 14:35:00,2,0.1113960432774442,0.1578610229029946,0.7307429338195611,2
2025-06-09 14:40:00,2,0.11251756158730328,0.14598637307271992,0.7414960653399767,2
2025-06-09 14:45:00,2,0.11630281430504913,0.15793155508720133,0.7257656306077496,2
2025-06-09 14:50:00,2,0.12153630582510623,0.14960349938803183,0.7288601947868619,2
2025-06-09 14:55:00,2,0.12049785467237623,0.14822008065545755,0.7312820646721663,2
2025-06-09 15:00:00,2,0.10794898790144034,0.13900866252515387,0.7530423495734059,2
2025-06-09 15:05:00,2,0.10441073879466735,0.1384535737725781,0.7571356874327546,2
2025-06-09 15:10:00,2,0.09361150420549096,0.12731352436348795,0.779074971431021,2
2025-06-09 15:15:00,2,0.09680137304055732,0.12758036863808436,0.7756182583213583,2
2025-06-09 15:20:00,2,0.09449469281892905,0.1171813556906363,0.7883239514904347,2
2025-06-09 15:25:00,2,0.09593431626330208,0.1338707260207548,0.770194957715943,2
2025-06-10 09:15:00,2,0.02402205138229012,0.15487998058527017,0.8210979680324396,2
2025-06-10 09:20:00,2,0.015583977183273773,0.11984460724810483,0.8645714155686214,2
2025-06-10 09:25:00,2,0.18385152399712426,0.26437597841694227,0.5517724975859335,1
2025-06-10 09:30:00,2,0.19709249304503498,0.33425224040253404,0.46865526655243095,1
2025-06-10 09:35:00,2,0.1936473948086836,0.31411309599653253,0.4922395091947838,1
2025-06-10 09:40:00,2,0.19628842175316458,0.29353824166332226,0.5101733365835132,1
2025-06-10 09:45:00,2,0.18652623132540144,0.2765046533677753,0.5369691153068232,1
2025-06-10 09:50:00,2,0.17940263059411732,0.2660213031626346,0.5545760662432481,1
2025-06-10 09:55:00,2,0.16108291487454793,0.24312363082690286,0.5957934542985491,2
2025-06-10 10:00:00,2,0.1794331108949767,0.23787977314339043,0.5826871159616329,2
2025-06-10 10:05:00,2,0.1512502849545416,0.19741166178996056,0.6513380532554978,2
2025-06-10 10:10:00,2,0.020454924887233127,0.026222427399902708,0.9533226477128642,2
2025-06-10 10:15:00,2,0.015574198906970973,0.020785564956648354,0.9636402361363807,2
2025-06-10 10:20:00,2,0.12417201167353033,0.18837563728416598,0.6874523510423038,2
2025-06-10 10:25:00,2,0.12315314191244209,0.19950426422100226,0.6773425938665556,2
2025-06-10 10:30:00,2,0.11138986407910048,0.16995055820048133,0.7186595777204181,2
2025-06-10 10:35:00,1,0.18120866669420793,0.24767748232220566,0.5711138509835865,2
2025-06-10 10:40:00,1,0.1738712195064284,0.2377352152815935,0.5883935652119782,2
2025-06-10 10:45:00,1,0.1777970995216186,0.2529824110153878,0.5692204894629936,1
2025-06-10 10:50:00,2,0.2130870991309643,0.307209086139247,0.47970381472978874,1
2025-06-10 10:55:00,2,0.21680886131669158,0.2994672908794901,0.48372384780381833,1
2025-06-10 11:00:00,2,0.20655165580464732,0.2955712763071578,0.49787706788819486,1
2025-06-10 11:05:00,2,0.1941934906101629,0.27892365339616265,0.5268828559936745,1
2025-06-10 11:10:00,2,0.17596092515582903,0.2675997551037445,0.5564393197404264,1
2025-06-10 11:15:00,2,0.17547623648770694,0.2675528830400589,0.5569708804722341,1
2025-06-10 11:20:00,2,0.17609938404886494,0.26922803759382086,0.5546725783573142,1
2025-06-10 11:25:00,2,0.17460897828651908,0.26050004976737035,0.5648909719461105,1
2025-06-10 11:30:00,2,0.1783939245783982,0.25214718911384687,0.569458886307755,1
2025-06-10 11:35:00,2,0.18004756250851486,0.23482534859183998,0.5851270888996452,2
2025-06-10 11:40:00,2,0.14662170874322356,0.20600264280438296,0.6473756484523935,2
2025-06-10 11:45:00,2,0.14112425079089622,0.17450070493335193,0.6843750442757519,2
2025-06-10 11:50:00,2,0.13712010560488133,0.1691017254204843,0.6937781689746343,2
2025-06-10 11:55:00,2,0.02796662174497789,0.0359227063412098,0.9361106719138124,2
2025-06-10 12:00:00,2,0.029975941294143212,0.037564482178763195,0.9324595765270935,2
2025-06-10 12:05:00,2,0.15109471956307965,0.1868693305111253,0.6620359499257951,2
2025-06-10 12:10:00,2,0.16305549299765396,0.20697479511720604,0.62996971188514,2
2025-06-10 12:15:00,2,0.1647265602775638,0.22488160820179331,0.6103918315206429,2
2025-06-10 12:20:00,2,0.16555956049968856,0.2380696396538007,0.5963707998465106,2
2025-06-10 12:25:00,2,0.16472195100494025,0.21727852255284447,0.6179995264422153,2
2025-06-10 12:30:00,2,0.16165553500011087,0.2023525395201628,0.6359919254797264,2
2025-06-10 12:35:00,2,0.14641660986174726,0.18916302755829176,0.664420362579961,2
2025-06-10 12:40:00,2,0.1418743655060696,0.18612361193629168,0.6720020225576387,2
2025-06-10 12:45:00,2,0.15068107620815818,0.19232831983067927,0.6569906039611626,2
2025-06-10 12:50:00,2,0.14581952682426771,0.1858248963228349,0.6683555768528975,2
2025-06-10 12:55:00,2,0.14642706782550477,0.18755327113053927,0.6660196610439559,2
2025-06-10 13:00:00,2,0.14685353097124715,0.18032705690506848,0.6728194121236842,2
2025-06-10 13:05:00,2,0.16160214073459958,0.2049259573716861,0.6334719018937144,2
2025-06-10 13:10:00,2,0.16136939382933413,0.20058248598266307,0.6380481201880027,2
2025-06-10 13:15:00,2,0.1644734922351262,0.20783526338843114,0.6276912443764426,2
2025-06-10 13:20:00,2,0.16656522496034437,0.2004668128625661,0.6329679621770895,2
2025-06-10 13:25:00,2,0.011023286089314781,0.01084423230621663,0.9781324816044685,2
2025-06-10 13:30:00,2,0.009870457005140106,0.010842287458536059,0.9792872555363238,2
2025-06-10 13:35:00,2,0.0071100578402360105,0.00974081962898812,0.9831491225307758,2
2025-06-10 13:40:00,2,0.008762018666953407,0.009325100205497207,0.9819128811275495,2
2025-06-10 13:45:00,2,0.008279822252056212,0.008987816539662652,0.9827323612082811,2
2025-06-10 13:50:00,2,0.007616742812248817,0.009342657974289346,0.9830405992134618,2
2025-06-10 13:55:00,2,0.0090071328563915,0.00980627967999912,0.9811865874636093,2
2025-06-10 14:00:00,2,0.00898237197921509,0.009392750695859008,0.9816248773249259,2
2025-06-10 14:05:00,2,0.008406554788908312,0.00885810256158448,0.9827353426495071,2
2025-06-10 14:10:00,2,0.00895074958640372,0.009021447687727299,0.9820278027258691,2
2025-06-10 14:15:00,2,0.009099080719748102,0.009297480703913162,0.9816034385763387,2
2025-06-10 14:20:00,2,0.009070329524242507,0.00929805438966146,0.9816316160860961,2
2025-06-10 14:25:00,2,0.009079468757720442,0.009123422641239881,0.9817971086010396,2
2025-06-10 14:30:00,2,0.009488965811165425,0.00935272435698613,0.9811583098318485,2
2025-06-10 14:35:00,2,0.008943803120648915,0.00917596020829762,0.9818802366710535,2
2025-06-10 14:40:00,2,0.08504919018273668,0.004937556678301759,0.9100132531389615,2
2025-06-10 14:45:00,2,0.07625640044607758,0.004629064921300952,0.9191145346326214,2
2025-06-10 14:50:00,2,0.07938339633087094,0.00463425159629641,0.9159823520728326,2
2025-06-10 14:55:00,2,0.0900534922038629,0.004270669855440974,0.9056758379406961,2
2025-06-10 15:00:00,2,0.09886771196814129,0.004152074266801398,0.8969802137650574,2
2025-06-10 15:05:00,2,0.012555609848191165,0.013675280625054138,0.9737691095267547,2
2025-06-10 15:10:00,2,0.14582713971966316,0.20979468694866313,0.6443781733316737,2
2025-06-10 15:15:00,2,0.13905834870791384,0.19427111118718382,0.6666705401049025,2
2025-06-10 15:20:00,2,0.14603144848277466,0.2042267909715741,0.6497417605456512,2
2025-06-10 15:25:00,2,0.14998615081565597,0.23327448152410243,0.6167393676602416,2
2025-06-11 09:15:00,2,0.15055423565807782,0.20700151650026213,0.6424442478416601,2
2025-06-11 09:20:00,2,0.12950753281943705,0.2151684788276828,0.6553239883528802,2
2025-06-11 09:25:00,2,0.11587922887644253,0.16260768302073852,0.721513088102819,2
2025-06-11 09:30:00,2,0.11424122940435956,0.15883051895764744,0.726928251637993,2
2025-06-11 09:35:00,2,0.13534540869730682,0.23048328858896222,0.634171302713731,2
2025-06-11 09:40:00,2,0.11233613702067359,0.18084953914143798,0.7068143238378884,2
2025-06-11 09:45:00,2,0.12563640336310955,0.18692020169842402,0.6874433949384665,2
2025-06-11 09:50:00,2,0.1123883841062775,0.16353633702894538,0.7240752788647772,2
2025-06-11 09:55:00,2,0.09955185689970104,0.13591377080568884,0.7645343722946101,2
2025-06-11 10:00:00,2,0.07832853655732304,0.1089905171369784,0.8126809463056985,2
2025-06-11 10:05:00,2,0.011153845133904198,0.06634596287556943,0.9225001919905264,2
2025-06-11 10:10:00,2,0.08682188568012059,0.12132868166585266,0.7918494326540267,2
2025-06-11 10:15:00,2,0.08514070239322521,0.10461916627466737,0.8102401313321075,2
2025-06-11 10:20:00,2,0.09223093060799194,0.130532307741078,0.7772367616509301,2
2025-06-11 10:25:00,2,0.07899885042391148,0.1111181841800249,0.8098829653960635,2
2025-06-11 10:30:00,2,0.08284311928480469,0.11038095083586957,0.8067759298793258,2
2025-06-11 10:35:00,0,0.13191304186664177,0.16462767905749356,0.7034592790758647,2
2025-06-11 10:40:00,2,0.025047934772290607,0.09096177606637221,0.8839902891613373,2
2025-06-11 10:45:00,2,0.051930124558466614,0.1286539904168358,0.8194158850246975,2
2025-06-11 10:50:00,2,0.15726654527734488,0.1618316980192086,0.6809017567034465,2
2025-06-11 10:55:00,2,0.12621527738324176,0.12556261385298553,0.7482221087637727,2
2025-06-11 11:00:00,2,0.1498320336184768,0.16364069739822693,0.6865272689832963,2
2025-06-11 11:05:00,2,0.05119995029747206,0.054227333593103264,0.8945727161094246,2
2025-06-11 11:10:00,2,0.024742419656504797,0.02325455337927548,0.9520030269642197,2
2025-06-11 11:15:00,2,0.029236210988878845,0.025007605916051848,0.9457561830950691,2
2025-06-11 11:20:00,2,0.029551262672325416,0.02587842536956874,0.9445703119581058,2
2025-06-11 11:25:00,2,0.17131983448845955,0.16803130880758466,0.6606488567039559,2
2025-06-11 11:30:00,2,0.029080562269379058,0.02816538106825969,0.9427540566623612,2
2025-06-11 11:35:00,2,0.02263103288468495,0.02330925880099191,0.9540597083143232,2
2025-06-11 11:40:00,2,0.1435653870834763,0.1431831224573058,0.7132514904592179,2
2025-06-11 11:45:00,2,0.14670050980997376,0.13258267582167702,0.7207168143683492,2
2025-06-11 11:50:00,2,0.023110553860110013,0.01764197711530387,0.9592474690245862,2
2025-06-11 11:55:00,2,0.030512733413164447,0.018758989524635308,0.9507282770622003,2
2025-06-11 12:00:00,2,0.0280612672036416,0.018023204089662626,0.9539155287066957,2
2025-06-11 12:05:00,2,0.028866953511475363,0.0199438156274791,0.9511892308610455,2
2025-06-11 12:10:00,2,0.16475841140167577,0.12033203303311367,0.7149095555652105,2
2025-06-11 12:15:00,2,0.14941759732758078,0.11299275749020482,0.7375896451822145,2
2025-06-11 12:20:00,2,0.2285492975701766,0.015449305080698831,0.7560013973491246,2
2025-06-11 12:25:00,2,0.15731254057394314,0.12174701880752471,0.720940440618532,2
2025-06-11 12:30:00,2,0.16077209718801144,0.14269114851396314,0.6965367542980254,2
2025-06-11 12:35:00,0,0.16221640983073954,0.16350818276555157,0.674275407403709,2
2025-06-11 12:40:00,2,0.14958904592516942,0.13445940121207256,0.715951552862758,2
2025-06-11 12:45:00,2,0.16012436541549496,0.12316422556841827,0.7167114090160868,2
2025-06-11 12:50:00,2,0.16704358394727975,0.10469125062337803,0.7282651654293422,2
2025-06-11 12:55:00,2,0.16165119998479574,0.12460434132672923,0.713744458688475,2
2025-06-11 13:00:00,2,0.1704587791490187,0.1298977879083623,0.6996434329426191,2
2025-06-11 13:05:00,2,0.16689871581839175,0.13029021426254928,0.7028110699190591,2
2025-06-11 13:10:00,1,0.16608584856568298,0.13506177829694338,0.6988523731373737,2
2025-06-11 13:15:00,1,0.16173106768262938,0.13701637462493468,0.7012525576924359,2
2025-06-11 13:20:00,1,0.16752182909657157,0.1446354721100034,0.6878426987934251,2
2025-06-11 13:25:00,2,0.021031668377451133,0.20766564235568147,0.7713026892668674,2
2025-06-11 13:30:00,1,0.021139759552951304,0.19062742083063802,0.7882328196164107,2
2025-06-11 13:35:00,1,0.015351933523716346,0.1415258527914901,0.8431222136847936,2
2025-06-11 13:40:00,2,0.01777397675782701,0.02131515619987722,0.9609108670422958,2
2025-06-11 13:45:00,2,0.01953288538851231,0.02568464190201242,0.9547824727094754,2
2025-06-11 13:50:00,2,0.019002516024708288,0.02473141109823064,0.956266072877061,2
2025-06-11 13:55:00,2,0.1681122723962752,0.2313188044776545,0.6005689231260702,2
2025-06-11 14:00:00,2,0.14716140292360438,0.21197774063217312,0.6408608564442225,2
2025-06-11 14:05:00,0,0.11748562386072166,0.1819969185463991,0.7005174575928792,2
2025-06-11 14:10:00,2,0.15299924977805762,0.20991607110408067,0.6370846791178617,2
2025-06-11 14:15:00,2,0.13843905504836557,0.20647279066902752,0.655088154282607,2
2025-06-11 14:20:00,2,0.13148860016594568,0.1939678546920465,0.6745435451420078,2
2025-06-11 14:25:00,2,0.1397948025718217,0.2017002022499193,0.658504995178259,2
2025-06-11 14:30:00,2,0.1378996685244645,0.20377454530702555,0.65832578616851,2
2025-06-11 14:35:00,2,0.137373239844164,0.20179913217811501,0.660827627977721,2
2025-06-11 14:40:00,2,0.14135791990105,0.20562401673047997,0.6530180633684701,2
2025-06-11 14:45:00,2,0.12162108204021775,0.17360032878953965,0.7047785891702426,2
2025-06-11 14:50:00,2,0.13073659672778062,0.169657222512345,0.6996061807598745,2
2025-06-11 14:55:00,2,0.12376765391443804,0.16976606759520466,0.7064662784903574,2
2025-06-11 15:00:00,2,0.11712314352854705,0.16728917831043522,0.7155876781610178,2
2025-06-11 15:05:00,2,0.11001154783988222,0.1630288271104926,0.7269596250496252,2
2025-06-11 15:10:00,2,0.11034669722195271,0.1679688588316019,0.7216844439464454,2
2025-06-11 15:15:00,2,0.11129402182675073,0.17616894681848125,0.712537031354768,2
2025-06-11 15:20:00,2,0.12085455429636756,0.18668686637410586,0.6924585793295265,2
2025-06-11 15:25:00,2,0.11754667353351762,0.18491608138357524,0.6975372450829072,2
2025-06-12 09:15:00,2,0.14984063241363854,0.1782350078993256,0.6719243596870359,2
2025-06-12 09:20:00,2,0.0736987067264207,0.0847434928106799,0.8415578004628994,2
2025-06-12 09:25:00,1,0.08866437452009424,0.1027641561710824,0.8085714693088234,2
2025-06-12 09:30:00,2,0.015062899319035648,0.01967318834756812,0.9652639123333963,2
2025-06-12 09:35:00,2,0.15874346283871116,0.2776889228156696,0.5635676143456193,1
2025-06-12 09:40:00,2,0.16149691918026665,0.23119016602349624,0.6073129147962371,2
2025-06-12 09:45:00,2,0.18139432154958152,0.24340899058481497,0.5751966878656034,2
2025-06-12 09:50:00,2,0.17128637842190408,0.2450745615903367,0.5836390599877592,2
2025-06-12 09:55:00,2,0.16713087827920284,0.2416168459134577,0.5912522758073395,2
2025-06-12 10:00:00,2,0.020594147996254312,0.024739310711796875,0.9546665412919488,2
2025-06-12 10:05:00,2,0.17746057332980783,0.23451014588370514,0.5880292807864871,2
2025-06-12 10:10:00,2,0.15817131253316613,0.2331791828841402,0.6086495045826937,2
2025-06-12 10:15:00,2,0.15713785533806743,0.23086478845456904,0.6119973562073635,2
2025-06-12 10:20:00,2,0.16385905608845114,0.23211396560430192,0.6040269783072469,2
2025-06-12 10:25:00,1,0.13977912688583383,0.20663921254182901,0.6535816605723372,2
2025-06-12 10:30:00,2,0.14037805927016733,0.21203353303987688,0.6475884076899558,2
2025-06-12 10:35:00,1,0.2226779480742658,0.2618118388257722,0.515510213099962,2
2025-06-12 10:40:00,2,0.034295532280497545,0.035592885007145726,0.9301115827123567,2
2025-06-12 10:45:00,2,0.2634830419131447,0.2987957264997775,0.4377212315870778,2
2025-06-12 10:50:00,2,0.23698912614433887,0.2957351538508858,0.4672757200047754,1
2025-06-12 10:55:00,2,0.2300745104943144,0.28688153214621753,0.48304395735946803,1
2025-06-12 11:00:00,2,0.24260559516763822,0.2914729598133161,0.46592144501904564,2
2025-06-12 11:05:00,2,0.23397008932023006,0.28507105236160457,0.48095885831816554,1
2025-06-12 11:10:00,2,0.037812127487164116,0.04310692925397777,0.919080943258858,2
2025-06-12 11:15:00,2,0.23956607459570053,0.3216479502546461,0.43878597514965345,1
2025-06-12 11:20:00,1,0.2383865616243056,0.2986975082219178,0.4629159301537766,1
2025-06-12 11:25:00,1,0.25028945646970496,0.3023861605160022,0.4473243830142927,1
2025-06-12 11:30:00,2,0.2627671460244893,0.32550662956700127,0.4117262244085094,1
2025-06-12 11:35:00,2,0.06864030384839528,0.08358683048184538,0.8477728656697593,2
2025-06-12 11:40:00,2,0.25686747172532864,0.3278355374627217,0.4152969908119497,1
2025-06-12 11:45:00,2,0.24900051788537816,0.32527225577463525,0.42572722633998644,1
2025-06-12 11:50:00,2,0.2503650299840976,0.3209194876841953,0.42871548233170714,1
2025-06-12 11:55:00,2,0.24581520564321852,0.31045609140694197,0.4437287029498395,1
2025-06-12 12:00:00,2,0.05437785709046877,0.05982750695726377,0.8857946359522674,2
2025-06-12 12:05:00,2,0.24598416497172546,0.32279600379916046,0.43121983122911417,1
2025-06-12 12:10:00,2,0.21993721140920383,0.33699386365355793,0.4430689249372382,1
2025-06-12 12:15:00,2,0.2188859042459099,0.33985430931281285,0.4412597864412773,1
2025-06-12 12:20:00,2,0.2278430868711467,0.33143116637937703,0.44072574674947623,1
2025-06-12 12:25:00,2,0.22172352751255103,0.3180668964532156,0.4602095760342333,1
2025-06-12 12:30:00,2,0.24398812406622422,0.3153087976685518,0.44070307826522404,1
2025-06-12 12:35:00,2,0.24352586095113857,0.3559154924161746,0.4005586466326868,1
2025-06-12 12:40:00,2,0.25039208204287633,0.308872429424463,0.4407354885326607,1
2025-06-12 12:45:00,1,0.25201348668479484,0.2891600062017868,0.4588265071134183,2
2025-06-12 12:50:00,1,0.25099478546897813,0.29705008035724456,0.4519551341737772,2
2025-06-12 12:55:00,2,0.24997196552715695,0.361199951486656,0.3888280829861871,1
2025-06-12 13:00:00,2,0.25030479582536147,0.3615299667819726,0.3881652373926659,1
2025-06-12 13:05:00,2,0.23966378151969747,0.35627414322238077,0.4040620752579218,1
2025-06-12 13:10:00,1,0.2339360910188509,0.3255338080237546,0.4405301009573945,1
2025-06-12 13:15:00,1,0.22462791463306028,0.31305537576937037,0.4623167095975693,1
2025-06-12 13:20:00,1,0.23233554079829696,0.3161962851665631,0.45146817403514,1
2025-06-12 13:25:00,2,0.03624339038811509,0.042895377414954125,0.9208612321969308,2
2025-06-12 13:30:00,2,0.039126649728728626,0.042262543909209804,0.9186108063620617,2
2025-06-12 13:35:00,2,0.02042006501290383,0.029253552749625832,0.9503263822374702,2
2025-06-12 13:40:00,2,0.016363581574789274,0.029648308877319982,0.9539881095478908,2
2025-06-12 13:45:00,2,0.01191811571999053,0.026974416631774994,0.9611074676482344,2
2025-06-12 13:50:00,2,0.018293966646221106,0.03280329674586583,0.9489027366079131,2
2025-06-12 13:55:00,2,0.016150081258205187,0.03629763926549638,0.9475522794762985,2
2025-06-12 14:00:00,2,0.014429898105672356,0.037788896631540565,0.9477812052627871,2
2025-06-12 14:05:00,2,0.01050255587652474,0.03009636158890666,0.9594010825345686,2
2025-06-12 14:10:00,2,0.009085208063548957,0.49763926160845967,0.4932755303279914,1
2025-06-12 14:15:00,0,0.16329990888380588,0.41454151806080003,0.42215857305539406,1
2025-06-12 14:20:00,2,0.16703058131419282,0.39240495517984375,0.44056446350596346,1
2025-06-12 14:25:00,2,0.1523940838809291,0.40339672267541626,0.4442091934436547,1
2025-06-12 14:30:00,2,0.17923344436699015,0.36301235624743416,0.45775419938557566,1
2025-06-12 14:35:00,2,0.18717648465364764,0.3888978357793237,0.42392567956702865,1
2025-06-12 14:40:00,2,0.1921478050938223,0.3477435556096997,0.46010863929647805,1
2025-06-12 14:45:00,2,0.16812553352318652,0.3358654122194934,0.4960090542573201,1
2025-06-12 14:50:00,2,0.1434725746534039,0.2903161317597112,0.5662112935868849,1
2025-06-12 14:55:00,2,0.15434123829694868,0.2885770486864473,0.557081713016604,1
2025-06-12 15:00:00,2,0.1439039441589667,0.30664351058332134,0.549452545257712,1
2025-06-12 15:05:00,2,0.13633085199151965,0.25725785306057675,0.6064112949479036,1
2025-06-12 15:10:00,2,0.13085418541559793,0.233726669968488,0.6354191446159141,2
2025-06-12 15:15:00,2,0.10978615226185715,0.19700399179424102,0.6932098559439018,2
2025-06-12 15:20:00,2,0.05555734636311146,0.11117733419729868,0.8332653194395898,2
2025-06-12 15:25:00,2,0.0478554366876366,0.11239713243279612,0.8397474308795673,2
2025-06-13 09:15:00,2,0.022134427168920414,0.4996663759349482,0.47819919689613133,1
2025-06-13 09:20:00,2,0.022472081771982122,0.5086213510431751,0.4689065671848428,1
2025-06-13 09:25:00,2,0.02081036320164814,0.4805131762290597,0.4986764605692922,1
2025-06-13 09:30:00,2,0.01988805422708435,0.5088424642088831,0.4712694815640326,1
2025-06-13 09:35:00,2,0.060777793034882004,0.4294897224808888,0.5097324844842293,1
2025-06-13 09:40:00,2,0.01914581436346936,0.4646910750568694,0.5161631105796612,1
2025-06-13 09:45:00,2,0.020572977381528006,0.5134751853392134,0.46595183727925854,1
2025-06-13 09:50:00,2,0.3215596054007466,0.29071542598696887,0.3877249686122846,2
2025-06-13 09:55:00,2,0.29321082464187753,0.2902616234456055,0.41652755191251695,2
2025-06-13 10:00:00,2,0.28585388134145656,0.3237661523693807,0.39037996628916277,2
2025-06-13 10:05:00,2,0.23258361245270123,0.25310634385249114,0.5143100436948077,2
2025-06-13 10:10:00,2,0.25361925218230996,0.29771146217018335,0.4486692856475067,2
2025-06-13 10:15:00,0,0.22536085622678412,0.30020257297139286,0.474436570801823,1
2025-06-13 10:20:00,2,0.2688671024720526,0.26776260097446053,0.463370296553487,2
2025-06-13 10:25:00,2,0.23709576947847516,0.23494471185269253,0.5279595186688323,2
2025-06-13 10:30:00,2,0.2539576115667424,0.2441923200723505,0.5018500683609071,2
2025-06-13 10:35:00,2,0.36365456741851016,0.3196350706023833,0.3167103619791065,2
2025-06-13 10:40:00,2,0.3592234540073924,0.3286731231093254,0.31210342288328224,2
2025-06-13 10:45:00,2,0.38712469156220614,0.32033243259038546,0.2925428758474084,0
2025-06-13 10:50:00,2,0.3878093734449888,0.2816617739076822,0.330528852647329,0
2025-06-13 10:55:00,2,0.3870804209582858,0.2922060176727913,0.3207135613689229,0
2025-06-13 11:00:00,1,0.3884026019826982,0.2739770093714378,0.337620388645864,0
2025-06-13 11:05:00,2,0.37915826183340956,0.29323057360004967,0.32761116456654066,0
2025-06-13 11:10:00,2,0.3833139396609947,0.31935895608273823,0.297327104256267,0
2025-06-13 11:15:00,2,0.3711842374165201,0.3029412968331641,0.3258744657503158,0
2025-06-13 11:20:00,0,0.3621827504029158,0.3021309708720122,0.335686278725072,0
2025-06-13 11:25:00,2,0.37511300076789766,0.2797993981673314,0.345087601064771,0
2025-06-13 11:30:00,2,0.40923656184096835,0.25347760633503363,0.3372858318239981,0
2025-06-13 11:35:00,2,0.4109379508005771,0.22947769336047222,0.35958435583895065,0
2025-06-13 11:40:00,2,0.3821771525662518,0.26357493521309816,0.35424791222065005,0
2025-06-13 11:45:00,2,0.38372266644555375,0.2612770770402374,0.35500025651420875,0
2025-06-13 11:50:00,2,0.387973237980187,0.25701378736714514,0.3550129746526679,0
2025-06-13 11:55:00,2,0.3776826083127657,0.2530024341631041,0.36931495752413024,0
2025-06-13 12:00:00,0,0.37137481125513166,0.23116643022748212,0.39745875851738616,0
2025-06-13 12:05:00,0,0.3650935275628061,0.25008343869877575,0.38482303373841825,0
2025-06-13 12:10:00,2,0.3821462571228722,0.22808081926174645,0.38977292361538146,0
2025-06-13 12:15:00,2,0.6097997400814416,0.023462127929275413,0.36673813198928296,0
2025-06-13 12:20:00,2,0.43256415954056804,0.22467840755386184,0.3427574329055702,0
2025-06-13 12:25:00,2,0.4133406897184973,0.23353482496286465,0.35312448531863794,0
2025-06-13 12:30:00,2,0.38474061038963464,0.26461635682269613,0.3506430327876693,0
2025-06-13 12:35:00,2,0.37256433953872836,0.25924025649896904,0.3681954039623026,0
2025-06-13 12:40:00,2,0.35588464037369844,0.25637095091648715,0.38774440870981436,0
2025-06-13 12:45:00,2,0.3542202887503569,0.2653000075229743,0.38047970372666884,0
2025-06-13 12:50:00,2,0.3486160360010686,0.26983497572569526,0.38154898827323613,0
2025-06-13 12:55:00,2,0.3249762225193019,0.25737816850420003,0.4176456089764981,0
2025-06-13 13:00:00,2,0.32267197450137497,0.25836069057736116,0.4189673349212639,0
2025-06-13 13:05:00,2,0.3072798155202448,0.2456152731968044,0.4471049112829509,2
2025-06-13 13:10:00,2,0.3036541348348984,0.21886895305977652,0.47747691210532506,2
2025-06-13 13:15:00,0,0.3080279296308929,0.21941749721132586,0.47255457315778104,2
2025-06-13 13:20:00,0,0.3473763594128644,0.19821788948948213,0.4544057510976536,0
2025-06-13 13:25:00,0,0.3514780803066503,0.2065220946014783,0.4419998250918715,0
2025-06-13 13:30:00,2,0.10813867327427096,0.06648734179536642,0.8253739849303625,2
2025-06-13 13:35:00,2,0.044593234559570455,0.029309844939969305,0.9260969205004602,2
2025-06-13 13:40:00,2,0.03688937937406177,0.024280688979351248,0.938829931646587,2
2025-06-13 13:45:00,2,0.042331925330341504,0.02682743461440696,0.9308406400552515,2
2025-06-13 13:50:00,2,0.31763841261009085,0.20982816360079512,0.472533423789114,2
2025-06-13 13:55:00,2,0.2756023797411702,0.25852449999624927,0.46587312026258054,2
2025-06-13 14:00:00,2,0.280473681505056,0.2330223888507461,0.4865039296441977,2
2025-06-13 14:05:00,2,0.2686520605266572,0.2306242726782816,0.5007236667950612,2
2025-06-13 14:10:00,2,0.26949984209853906,0.2363455536765251,0.49415460422493596,2
2025-06-13 14:15:00,2,0.2652065422619374,0.21818085136687862,0.516612606371184,2
2025-06-13 14:20:00,2,0.26448651129632106,0.21618343895875164,0.5193300497449272,2
2025-06-13 14:25:00,2,0.2614406573765534,0.2040390439559789,0.5345202986674678,2
2025-06-13 14:30:00,1,0.2583003525617528,0.2069512408236867,0.5347484066145605,2
2025-06-13 14:35:00,1,0.25045284964096604,0.19634389043329667,0.5532032599257374,2
2025-06-13 14:40:00,2,0.052803746902496694,0.04571393146486132,0.901482321632642,2
2025-06-13 14:45:00,2,0.03101640817655888,0.02932028437833704,0.9396633074451041,2
2025-06-13 14:50:00,2,0.02815308833463104,0.027148929125638262,0.9446979825397307,2
2025-06-13 14:55:00,2,0.026879273877944303,0.028593045950656846,0.944527680171399,2
2025-06-13 15:00:00,2,0.2936045345095253,0.22833164682516,0.47806381866531483,2
2025-06-13 15:05:00,2,0.2594522271722036,0.19611355332264957,0.5444342195051469,2
2025-06-13 15:10:00,2,0.24210260461618907,0.18704925870281638,0.5708481366809945,2
2025-06-13 15:15:00,2,0.2642239228989337,0.19160752970584297,0.5441685473952234,2
2025-06-13 15:20:00,2,0.24814423637069644,0.18436141958216656,0.5674943440471371,2
2025-06-13 15:25:00,2,0.2522540241949283,0.18341689394556054,0.5643290818595111,2
2025-06-16 09:15:00,2,0.028725101544127756,0.15691267713976956,0.8143622213161027,2
2025-06-16 09:20:00,2,0.025440607104931175,0.13305669671483822,0.8415026961802307,2
2025-06-16 09:25:00,2,0.03989215022468423,0.06226071597927435,0.8978471337960413,2
2025-06-16 09:30:00,1,0.21750568723517993,0.33163380969186257,0.4508605030729574,1
2025-06-16 09:35:00,2,0.2011017125739361,0.32801038532632537,0.4708879020997385,1
2025-06-16 09:40:00,2,0.19317325806200564,0.3111271869177738,0.4956995550202206,1
2025-06-16 09:45:00,2,0.24401364181935292,0.3377711464217117,0.4182152117589355,1
2025-06-16 09:50:00,0,0.232940336578083,0.3513229932334173,0.41573667018849964,1
2025-06-16 09:55:00,2,0.19369066877760377,0.3413906877274888,0.4649186434949074,1
2025-06-16 10:00:00,0,0.18726021685935146,0.33836404571870377,0.4743757374219448,1
2025-06-16 10:05:00,2,0.1823270658368135,0.2956316396441029,0.5220412945190837,1
2025-06-16 10:10:00,0,0.1431412048170448,0.23708729732053682,0.6197714978624184,2
2025-06-16 10:15:00,0,0.16626319173538906,0.2150258810927157,0.6187109271718951,2
2025-06-16 10:20:00,0,0.14094629359294283,0.15540062457035883,0.7036530818366984,2
2025-06-16 10:25:00,2,0.021664868345639826,0.02131949335425056,0.9570156383001097,2
2025-06-16 10:30:00,2,0.02422295202886465,0.02293028698670082,0.9528467609844345,2
2025-06-16 10:35:00,2,0.03721471990784202,0.03180601627841502,0.930979263813743,2
2025-06-16 10:40:00,2,0.040076423508289355,0.027166268827984452,0.9327573076637261,2
2025-06-16 10:45:00,2,0.04866824201565987,0.034946817340882536,0.9163849406434577,2
2025-06-16 10:50:00,2,0.04559391128839138,0.032634498772290466,0.9217715899393181,2
2025-06-16 10:55:00,2,0.04643527658636603,0.031188333167941628,0.9223763902456924,2
2025-06-16 11:00:00,2,0.04667345081039518,0.031209523068120432,0.9221170261214844,2
2025-06-16 11:05:00,2,0.04740152456861724,0.02900901576855906,0.9235894596628237,2
2025-06-16 11:10:00,2,0.061684660278021705,0.03938106306426236,0.898934276657716,2
2025-06-16 11:15:00,2,0.06454176403494692,0.03943574986200961,0.8960224861030435,2
2025-06-16 11:20:00,0,0.3817930321428928,0.24740441897163282,0.3708025488854744,0
2025-06-16 11:25:00,0,0.3777093554941125,0.23672973991110013,0.38556090459478726,0
2025-06-16 11:30:00,0,0.37583939974277414,0.23699113805067182,0.38716946220655396,0
2025-06-16 11:35:00,2,0.3674263972955036,0.18721347376219602,0.4453601289423005,0
2025-06-16 11:40:00,2,0.36896310457302134,0.1742664009789199,0.45677049444805873,0
2025-06-16 11:45:00,2,0.502307743125284,0.022952708319106938,0.47473954855560896,0
2025-06-16 11:50:00,2,0.37326915439865227,0.2181075334568372,0.4086233121445105,0
2025-06-16 11:55:00,0,0.3455777644931786,0.24593645856221089,0.4084857769446104,0
2025-06-16 12:00:00,2,0.33965939335681816,0.24185161162795396,0.41848899501522796,0
2025-06-16 12:05:00,2,0.3499007235242111,0.23517106085580497,0.41492821561998394,0
2025-06-16 12:10:00,1,0.3989462245484278,0.17183998553669574,0.42921378991487646,0
2025-06-16 12:15:00,0,0.36892177925954495,0.2211409190431818,0.40993730169727316,0
2025-06-16 12:20:00,0,0.34925919000525923,0.2004818662456871,0.4502589437490537,0
2025-06-16 12:25:00,0,0.34342646348526507,0.23059648757059326,0.4259770489441417,0
2025-06-16 12:30:00,2,0.4632465935752595,0.12935542720504734,0.40739797921969323,0
2025-06-16 12:35:00,2,0.5682558947893142,0.015618010759178345,0.41612609445150756,0
2025-06-16 12:40:00,2,0.40628038895083934,0.16192359638010517,0.43179601466905554,0
2025-06-16 12:45:00,2,0.3920119984721983,0.17947705533631197,0.42851094619148966,0
2025-06-16 12:50:00,2,0.38734204707064457,0.19831361720194965,0.41434433572740575,0
2025-06-16 12:55:00,2,0.39007205738995254,0.21330609591596109,0.39662184669408623,0
2025-06-16 13:00:00,2,0.3906314360435717,0.19283015523797448,0.41653840871845393,0
2025-06-16 13:05:00,2,0.4060226712763996,0.17798603381226996,0.41599129491133036,0
2025-06-16 13:10:00,2,0.39953528327531607,0.18446592380324203,0.4159987929214418,0
2025-06-16 13:15:00,2,0.39659243013257944,0.1845151343768261,0.41889243549059446,0
2025-06-16 13:20:00,2,0.36377362998180346,0.17837581205903794,0.45785055795915847,0
2025-06-16 13:25:00,2,0.3564781097868285,0.16269916537496937,0.4808227248382021,0
2025-06-16 13:30:00,2,0.3534562674334112,0.17103649603503457,0.47550723653155436,0
2025-06-16 13:35:00,2,0.38170418658514316,0.011970281636224961,0.6063255317786319,0
2025-06-16 13:40:00,2,0.2797498233340844,0.12599962684217786,0.5942505498237378,2
2025-06-16 13:45:00,2,0.2674391233540393,0.13219606394893033,0.6003648126970303,2
2025-06-16 13:50:00,2,0.2676361595004778,0.1443684023007829,0.5879954381987392,2
2025-06-16 13:55:00,2,0.2662642649512271,0.14682716912131444,0.5869085659274584,2
2025-06-16 14:00:00,2,0.28133067098842485,0.12532675511154912,0.593342573900026,2
2025-06-16 14:05:00,2,0.44956780154325787,0.01283604245136082,0.5375961560053814,0
2025-06-16 14:10:00,2,0.4200105355586153,0.010130329168935843,0.5698591352724489,0
2025-06-16 14:15:00,2,0.29942915583089247,0.09932490142343986,0.6012459427456678,2
2025-06-16 14:20:00,2,0.28553348136856505,0.11274380689296395,0.6017227117384711,2
2025-06-16 14:25:00,2,0.26239236619129264,0.13706461945092077,0.6005430143577866,2
2025-06-16 14:30:00,2,0.24385685935696932,0.13067602805172185,0.6254671125913088,2
2025-06-16 14:35:00,2,0.24987934934383754,0.14512090138546677,0.6049997492706958,2
2025-06-16 14:40:00,2,0.24579970992116654,0.14565099102784748,0.6085492990509861,2
2025-06-16 14:45:00,2,0.24047406940487046,0.1342837960616612,0.6252421345334684,2
2025-06-16 14:50:00,2,0.2538536082572649,0.12126273439435371,0.6248836573483814,2
2025-06-16 14:55:00,2,0.24738150359171757,0.10979079689656114,0.6428276995117213,2
2025-06-16 15:00:00,2,0.2470095474968866,0.10755247397127812,0.6454379785318353,2
2025-06-16 15:05:00,2,0.2586777361109802,0.10089168299873538,0.6404305808902845,2
2025-06-16 15:10:00,2,0.27788059230416134,0.09420746290635737,0.6279119447894813,2
2025-06-16 15:15:00,2,0.2807356483880254,0.08249175940369656,0.6367725922082781,2
2025-06-16 15:20:00,2,0.25560139783153774,0.11949908370704912,0.6248995184614131,2
2025-06-16 15:25:00,2,0.259771015242406,0.11740201204549186,0.6228269727121021,2
2025-06-17 09:15:00,2,0.018900481534814554,0.3915440542192186,0.5895554642459668,1
2025-06-17 09:20:00,2,0.015887240282962234,0.4095014046473463,0.5746113550696915,1
2025-06-17 09:25:00,2,0.014223564557950687,0.3894583432740775,0.5963180921679718,1
2025-06-17 09:30:00,2,0.01807107372104495,0.4339194086536392,0.5480095176253158,1
2025-06-17 09:35:00,2,0.22339126487707842,0.2813855515725207,0.49522318355040096,1
2025-06-17 09:40:00,2,0.016321180090044827,0.4493957091830144,0.5342831107269407,1
2025-06-17 09:45:00,2,0.014560733853616635,0.4070773954486536,0.5783618706977298,1
2025-06-17 09:50:00,2,0.01434114712300531,0.4239824387284038,0.5616764141485909,1
2025-06-17 09:55:00,2,0.19352854040606482,0.2823944133644702,0.5240770462294649,1
2025-06-17 10:00:00,2,0.03476156220871859,0.41056609857239473,0.5546723392188866,1
2025-06-17 10:05:00,2,0.016394254600246547,0.33243201923524757,0.651173726164506,2
2025-06-17 10:10:00,2,0.010730043752776645,0.3213802362349737,0.6678897200122497,2
2025-06-17 10:15:00,2,0.16153702318904165,0.2476255600793168,0.5908374167316416,2
2025-06-17 10:20:00,2,0.12422612773393862,0.2142384145128497,0.6615354577532115,2
2025-06-17 10:25:00,2,0.13384473801720875,0.21413818943403481,0.6520170725487564,2
2025-06-17 10:30:00,2,0.14611242794574814,0.2036839340772897,0.6502036379769622,2
2025-06-17 10:35:00,2,0.23626980590113564,0.27593426219968664,0.48779593189917764,2
2025-06-17 10:40:00,1,0.2285855947014859,0.2663577400318886,0.5050566652666255,2
2025-06-17 10:45:00,2,0.236415130456685,0.32762531686102053,0.4359595526822944,1
2025-06-17 10:50:00,2,0.22019808225789322,0.3051551894352066,0.47464672830690025,1
2025-06-17 10:55:00,2,0.21461042187026574,0.3123169359961209,0.4730726421336134,1
2025-06-17 11:00:00,2,0.21030614967251382,0.30183311256961204,0.4878607377578742,1
2025-06-17 11:05:00,2,0.19994371905140917,0.2935645807447145,0.5064917002038763,1
2025-06-17 11:10:00,2,0.1882855722622632,0.27117656571474613,0.5405378620229907,1
2025-06-17 11:15:00,2,0.19620444103786036,0.2851950134049024,0.5186005455572372,1
2025-06-17 11:20:00,2,0.21046006459605426,0.26014218708601494,0.5293977483179307,2
2025-06-17 11:25:00,2,0.1889446656291151,0.2276155768863469,0.583439757484538,2
2025-06-17 11:30:00,2,0.18518482526378313,0.22009949171854729,0.5947156830176695,2
2025-06-17 11:35:00,2,0.1767943600826655,0.2102036064160319,0.6130020335013026,2
2025-06-17 11:40:00,1,0.17651270229398788,0.1988527296140305,0.6246345680919816,2
2025-06-17 11:45:00,2,0.18281833455296714,0.22512080835494258,0.5920608570920902,2
2025-06-17 11:50:00,2,0.18654760881222007,0.26160600916400034,0.5518463820237796,1
2025-06-17 11:55:00,2,0.17662592743261166,0.2552663370546803,0.568107735512708,1
2025-06-17 12:00:00,2,0.16862306131464172,0.24934279954261346,0.5820341391427448,2
2025-06-17 12:05:00,2,0.17404801489147093,0.24969137907500977,0.5762606060335194,2
2025-06-17 12:10:00,2,0.2243789420212123,0.11756727866721693,0.6580537793115708,2
2025-06-17 12:15:00,2,0.1762272137412162,0.2580573457079654,0.5657154405508183,1
2025-06-17 12:20:00,2,0.17908415897115662,0.2507599175968569,0.5701559234319864,1
2025-06-17 12:25:00,2,0.174094758372276,0.24946058621434214,0.5764446554133819,2
2025-06-17 12:30:00,2,0.16830461040207378,0.24397315454544768,0.5877222350524786,2
2025-06-17 12:35:00,2,0.20624159687382967,0.05604802003040788,0.7377103830957624,2
2025-06-17 12:40:00,2,0.1846994305606364,0.030689806538746166,0.7846107629006174,2
2025-06-17 12:45:00,2,0.17765112789527507,0.02849793568671556,0.7938509364180094,2
2025-06-17 12:50:00,2,0.1982369137204095,0.0311116780714427,0.7706514082081478,2
2025-06-17 12:55:00,2,0.03532029519056741,0.03886654769309718,0.9258131571163355,2
2025-06-17 13:00:00,2,0.03353891104416175,0.0370110309714996,0.9294500579843387,2
2025-06-17 13:05:00,2,0.2145630557817699,0.3184598475120675,0.4669770967061625,1
2025-06-17 13:10:00,2,0.20447850921907385,0.31400509576188584,0.48151639501904037,1
2025-06-17 13:15:00,2,0.19950819129183045,0.30197284522744133,0.49851896348072827,1
2025-06-17 13:20:00,2,0.20716720724912804,0.31573504376968586,0.4770977489811861,1
2025-06-17 13:25:00,2,0.20675461802763942,0.3171389095059479,0.4761064724664126,1
2025-06-17 13:30:00,2,0.2006775917252091,0.2880013028072572,0.5113211054675337,1
2025-06-17 13:35:00,2,0.14720899669720192,0.22432925024826425,0.6284617530545338,2
2025-06-17 13:40:00,2,0.1500197692045061,0.20891896997197917,0.6410612608235147,2
2025-06-17 13:45:00,2,0.15095511418297136,0.22161266841094024,0.6274322174060885,2
2025-06-17 13:50:00,2,0.14409045493019756,0.20016286473724718,0.6557466803325552,2
2025-06-17 13:55:00,2,0.14774040149017398,0.1960158792095348,0.6562437193002912,2
2025-06-17 14:00:00,2,0.15292730356199927,0.1999765584512846,0.6470961379867161,2
2025-06-17 14:05:00,2,0.13744365796310035,0.17281197420814676,0.6897443678287528,2
2025-06-17 14:10:00,2,0.15344089563472088,0.18521470734183706,0.661344397023442,2
2025-06-17 14:15:00,2,0.024628364593843908,0.037438993648707314,0.9379326417574487,2
2025-06-17 14:20:00,2,0.0248007467805782,0.0372107204570374,0.9379885327623845,2
2025-06-17 14:25:00,2,0.14289137242857994,0.19086492453331325,0.6662437030381069,2
2025-06-17 14:30:00,2,0.14487796975839745,0.1858521008076359,0.6692699294339667,2
2025-06-17 14:35:00,2,0.1532607460811979,0.23979081905560098,0.606948434863201,2
2025-06-17 14:40:00,2,0.15584813139852463,0.20784940420595988,0.6363024643955155,2
2025-06-17 14:45:00,2,0.14536835207508703,0.20746416148149116,0.6471674864434218,2
2025-06-17 14:50:00,2,0.15099476063146094,0.2114147297214853,0.6375905096470538,2
2025-06-17 14:55:00,2,0.14643360640905898,0.19688757940617657,0.6566788141847644,2
2025-06-17 15:00:00,2,0.16670052765415594,0.25617276639753195,0.5771267059483122,1
2025-06-17 15:05:00,2,0.1707109983144512,0.24051976009867737,0.5887692415868715,2
2025-06-17 15:10:00,2,0.15522520708228132,0.2357273878643831,0.6090474050533355,2
2025-06-17 15:15:00,2,0.17962805639750293,0.2816729909438658,0.5386989526586312,1
2025-06-17 15:20:00,2,0.17771497101775738,0.2681247376667863,0.5541602913154563,1
2025-06-17 15:25:00,2,0.169889477288695,0.27629182230305704,0.5538187004082479,1
2025-06-18 09:15:00,0,0.19749120146541704,0.24511298637228757,0.5573958121622954,2
2025-06-18 09:20:00,0,0.1854651080021043,0.19111418054955973,0.623420711448336,2
2025-06-18 09:25:00,2,0.023585360475098106,0.025931419351809606,0.9504832201730923,2
2025-06-18 09:30:00,2,0.02661350666428634,0.026069713756066884,0.9473167795796468,2
2025-06-18 09:35:00,2,0.026464970152366128,0.024648499957824095,0.9488865298898098,2
2025-06-18 09:40:00,2,0.022186924335754355,0.020598413947710708,0.9572146617165349,2
2025-06-18 09:45:00,2,0.029776819506231816,0.030737299409213437,0.9394858810845548,2
2025-06-18 09:50:00,2,0.23160249032142274,0.20503453162167834,0.5633629780568988,2
2025-06-18 09:55:00,2,0.21191440726723632,0.22122236342529344,0.5668632293074702,2
2025-06-18 10:00:00,2,0.2055125552902641,0.20709103416826555,0.5873964105414704,2
2025-06-18 10:05:00,2,0.17678292024613138,0.20817954897032864,0.6150375307835401,2
2025-06-18 10:10:00,2,0.15650799190351836,0.16453188012198447,0.6789601279744972,2
2025-06-18 10:15:00,1,0.15823666936113934,0.17458729998266245,0.6671760306561982,2
2025-06-18 10:20:00,2,0.18604904310056516,0.23746297907644517,0.5764879778229897,2
2025-06-18 10:25:00,2,0.16031065601180622,0.21277510372829989,0.6269142402598938,2
2025-06-18 10:30:00,2,0.21203599593438435,0.1031945742278464,0.6847694298377692,2
2025-06-18 10:35:00,1,0.297088778401733,0.29992795512414433,0.40298326647412275,2
2025-06-18 10:40:00,1,0.2782638366791121,0.2958642297200732,0.4258719336008147,2
2025-06-18 10:45:00,2,0.31724175429794443,0.29813345135633385,0.3846247943457217,2
2025-06-18 10:50:00,2,0.054228317317248906,0.04252638291523531,0.9032452997675158,2
2025-06-18 10:55:00,2,0.3076375298038854,0.3114852871347053,0.3808771830614094,2
2025-06-18 11:00:00,2,0.311552087527093,0.29761079172119753,0.3908371207517094,2
2025-06-18 11:05:00,2,0.30427714703833664,0.30272660440866617,0.3929962485529972,2
2025-06-18 11:10:00,1,0.2931109189790343,0.30160816251037864,0.4052809185105871,2
2025-06-18 11:15:00,2,0.060176236732267074,0.058313797176548415,0.8815099660911846,2
2025-06-18 11:20:00,2,0.04032396290879438,0.03902649690227933,0.9206495401889262,2
2025-06-18 11:25:00,2,0.03560122706595474,0.04058197170781868,0.9238168012262266,2
2025-06-18 11:30:00,2,0.035900134227808723,0.04273425653502813,0.9213656092371632,2
2025-06-18 11:35:00,2,0.304968551152374,0.3220723067601581,0.3729591420874679,2
2025-06-18 11:40:00,1,0.2609848715691106,0.32807667575560184,0.41093845267528745,1
2025-06-18 11:45:00,2,0.25582028792744543,0.3263792617495436,0.4178004503230109,1
2025-06-18 11:50:00,0,0.2705892328860141,0.33850847592011085,0.3909022911938751,1
2025-06-18 11:55:00,2,0.022936908317073224,0.4801986411937217,0.49686445048920513,1
2025-06-18 12:00:00,2,0.2622447129126633,0.33859273209729446,0.39916255499004216,1
2025-06-18 12:05:00,1,0.2628064998753634,0.3387864940801747,0.39840700604446183,1
2025-06-18 12:10:00,1,0.265356081936635,0.32756885515505985,0.40707506290830514,1
2025-06-18 12:15:00,1,0.2753471428953233,0.32694077171547076,0.39771208538920594,1
2025-06-18 12:20:00,2,0.285365205621114,0.35126857434936054,0.3633662200295255,1
2025-06-18 12:25:00,2,0.24205355874534626,0.35355667155788545,0.40438976969676826,1
2025-06-18 12:30:00,2,0.24156318816552758,0.3536716280438356,0.4047651837906368,1
2025-06-18 12:35:00,2,0.24799983022373223,0.3425431285547344,0.4094570412215334,1
2025-06-18 12:40:00,2,0.24787194645433114,0.34099840842509804,0.41112964512057093,1
2025-06-18 12:45:00,2,0.023011402480950127,0.5037693979839493,0.4732191995351006,1
2025-06-18 12:50:00,2,0.24923078293629458,0.34048459924314434,0.4102846178205612,1
2025-06-18 12:55:00,0,0.23648492644980632,0.3459575712300291,0.4175575023201647,1
2025-06-18 13:00:00,2,0.2531175513300494,0.354831962481498,0.39205048618845256,1
2025-06-18 13:05:00,2,0.2481885516518708,0.3297711886112909,0.4220402597368383,1
2025-06-18 13:10:00,2,0.2396608873800618,0.3023981822668597,0.4579409303530785,1
2025-06-18 13:15:00,2,0.23183544648165308,0.32702440918755094,0.4411401443307959,1
2025-06-18 13:20:00,2,0.23533762005018688,0.3189997422630693,0.4456626376867437,1
2025-06-18 13:25:00,2,0.24113912358047432,0.2981632069752259,0.46069766944429974,1
2025-06-18 13:30:00,1,0.24576569610128432,0.2832999532861636,0.4709343506125522,2
2025-06-18 13:35:00,1,0.19618816272868408,0.23411598579841345,0.5696958514729026,2
2025-06-18 13:40:00,2,0.18808343954200427,0.28719507644263026,0.5247214840153654,1
2025-06-18 13:45:00,2,0.18097826730171002,0.2903352652183393,0.5286864674799507,1
2025-06-18 13:50:00,2,0.11968104377572046,0.274427478695006,0.6058914775292734,1
2025-06-18 13:55:00,2,0.17624566256647647,0.26149621193610867,0.5622581254974148,1
2025-06-18 14:00:00,2,0.16763709326134757,0.27153899169279017,0.5608239150458623,1
2025-06-18 14:05:00,2,0.16716037188914828,0.25683583937039384,0.5760037887404579,1
2025-06-18 14:10:00,2,0.16155232642756392,0.25064338263717306,0.587804290935263,1
2025-06-18 14:15:00,2,0.11852020704494187,0.2577302436440302,0.623749549311028,1
2025-06-18 14:20:00,2,0.013785610069464964,0.3571612237304576,0.6290531662000775,1
2025-06-18 14:25:00,2,0.172285245440658,0.28172796537103806,0.5459867891883039,1
2025-06-18 14:30:00,2,0.198262077293097,0.26906127301714805,0.5326766496897549,1
2025-06-18 14:35:00,2,0.18683281393657794,0.2639283732829592,0.5492388127804628,1
2025-06-18 14:40:00,2,0.18794952394507064,0.25465113125396927,0.5573993448009601,1
2025-06-18 14:45:00,2,0.21788128120399625,0.24429307691072757,0.5378256418852762,2
2025-06-18 14:50:00,2,0.2111913043566177,0.24089500752651663,0.5479136881168657,2
2025-06-18 14:55:00,2,0.06079837331430454,0.07196177798217689,0.8672398487035186,2
2025-06-18 15:00:00,2,0.23448305975172914,0.26011589367175514,0.5054010465765157,2
2025-06-18 15:05:00,2,0.21366867717070998,0.2391097655837708,0.5472215572455192,2
2025-06-18 15:10:00,2,0.21445585499415065,0.2426488571432642,0.5428952878625851,2
2025-06-18 15:15:00,2,0.21404033862481595,0.24320139948011926,0.5427582618950648,2
2025-06-18 15:20:00,2,0.20196366137534189,0.2592232823661954,0.5388130562584628,1
2025-06-18 15:25:00,2,0.18578974503518358,0.26572546639230965,0.5484847885725067,1
2025-06-19 09:15:00,2,0.026940059402656227,0.030325027156844278,0.9427349134404994,2
2025-06-19 09:20:00,2,0.2245745487613593,0.2563484778991889,0.5190769733394518,2
2025-06-19 09:25:00,2,0.18337928075950125,0.21209353675780318,0.6045271824826955,2
2025-06-19 09:30:00,2,0.19358423218471724,0.22036710573555904,0.5860486620797237,2
2025-06-19 09:35:00,2,0.17885723515201124,0.18472776522010895,0.6364149996278798,2
2025-06-19 09:40:00,2,0.1652064340005332,0.16919740863827987,0.6655961573611868,2
2025-06-19 09:45:00,2,0.2121554462233013,0.23753695553915236,0.5503075982375464,2
2025-06-19 09:50:00,2,0.1974595801865061,0.264389538162219,0.5381508816512749,1
2025-06-19 09:55:00,2,0.2107706843933952,0.21535545726300148,0.5738738583436033,2
2025-06-19 10:00:00,2,0.21581828324934899,0.2875129321791012,0.49666878457154984,1
2025-06-19 10:05:00,2,0.17830044632411085,0.24570441225031428,0.575995141425575,2
2025-06-19 10:10:00,2,0.14329637691275643,0.1804644828007615,0.6762391402864821,2
2025-06-19 10:15:00,2,0.1406221918160079,0.18101669663689468,0.6783611115470974,2
2025-06-19 10:20:00,2,0.13150610011857036,0.17617598370308785,0.6923179161783418,2
2025-06-19 10:25:00,2,0.12085091934910967,0.16043551198262687,0.7187135686682634,2
2025-06-19 10:30:00,2,0.18016611285377984,0.23582254808088615,0.584011339065334,2
2025-06-19 10:35:00,2,0.22881473241077863,0.2733978888115525,0.49778737877766893,2
2025-06-19 10:40:00,2,0.23826549630931207,0.2866093952863651,0.47512510840432287,2
2025-06-19 10:45:00,2,0.23138050938208696,0.28750230503555463,0.48111718558235833,1
2025-06-19 10:50:00,2,0.22786979462572227,0.27624917352222705,0.49588103185205074,2
2025-06-19 10:55:00,2,0.2443534618430039,0.28807359370000074,0.46757294445699543,2
2025-06-19 11:00:00,2,0.23108111779653442,0.27809547470839363,0.4908234074950719,2
2025-06-19 11:05:00,2,0.23632396350671037,0.2730334267296578,0.49064260976363167,2
2025-06-19 11:10:00,2,0.22924975397120187,0.26349649248180523,0.5072537535469929,2
2025-06-19 11:15:00,2,0.22340588853464663,0.27184528620454773,0.5047488252608057,2
2025-06-19 11:20:00,2,0.21356835192358575,0.2369908618747836,0.5494407862016306,2
2025-06-19 11:25:00,2,0.21385512060974812,0.24447835176170832,0.5416665276285435,2
2025-06-19 11:30:00,2,0.19985672037469673,0.23119049976125663,0.5689527798640467,2
2025-06-19 11:35:00,2,0.21254605929545606,0.25191679498833786,0.535537145716206,2
2025-06-19 11:40:00,2,0.21228820607596438,0.2592426017321074,0.5284691921919281,2
2025-06-19 11:45:00,2,0.206224860630982,0.24442116906372416,0.5493539703052939,2
2025-06-19 11:50:00,2,0.19377632391406924,0.2448278376163309,0.5613958384695998,2
2025-06-19 11:55:00,2,0.2009118218386937,0.23949768869441734,0.559590489466889,2
2025-06-19 12:00:00,2,0.19893419683787386,0.22665365456706946,0.5744121485950567,2
2025-06-19 12:05:00,2,0.20572102373090834,0.21885884174405795,0.5754201345250337,2
2025-06-19 12:10:00,2,0.2027595464642669,0.22035458845677988,0.5768858650789532,2
2025-06-19 12:15:00,2,0.19917112483583194,0.21176339008352352,0.5890654850806446,2
2025-06-19 12:20:00,2,0.19317559620438424,0.20704023354012754,0.5997841702554882,2
2025-06-19 12:25:00,2,0.1977992723514926,0.20947093489962565,0.5927297927488817,2
2025-06-19 12:30:00,2,0.19934984001707212,0.21016302583301555,0.5904871341499124,2
2025-06-19 12:35:00,2,0.2052151434344165,0.2204205771919848,0.5743642793735988,2
2025-06-19 12:40:00,2,0.09564843958367601,0.11198730976920407,0.7923642506471199,2
2025-06-19 12:45:00,2,0.032232277321527426,0.031163457696837246,0.9366042649816352,2
2025-06-19 12:50:00,2,0.20333680882336988,0.25571837555317434,0.5409448156234558,1
2025-06-19 12:55:00,2,0.19361044683837147,0.24291713843153198,0.5634724147300965,2
2025-06-19 13:00:00,2,0.19694966985776546,0.24396332035231227,0.5590870097899222,2
2025-06-19 13:05:00,2,0.2096408336574814,0.2284891364377522,0.5618700299047664,2
2025-06-19 13:10:00,2,0.21174611968144305,0.25815454479875843,0.5300993355197985,2
2025-06-19 13:15:00,2,0.2204622795259999,0.2592620636514179,0.5202756568225821,2
2025-06-19 13:20:00,2,0.2191111285484443,0.26213614525014417,0.5187527262014116,2
2025-06-19 13:25:00,2,0.2178297418984412,0.26350629868950953,0.5186639594120493,2
2025-06-19 13:30:00,2,0.21953531442398275,0.26702632109787416,0.5134383644781431,2
2025-06-19 13:35:00,2,0.154261313600843,0.19930990803849602,0.646428778360661,2
2025-06-19 13:40:00,2,0.15973533732668166,0.19898135474615924,0.641283307927159,2
2025-06-19 13:45:00,0,0.15620003852887285,0.19128573662404771,0.6525142248470794,2
2025-06-19 13:50:00,0,0.1489708784541533,0.17537463528881728,0.6756544862570294,2
2025-06-19 13:55:00,2,0.14038320320855274,0.15049024667473282,0.7091265501167144,2
2025-06-19 14:00:00,2,0.02336051006939148,0.11771314059206255,0.858926349338546,2
2025-06-19 14:05:00,2,0.022207733742581774,0.10460010533889635,0.8731921609185218,2
2025-06-19 14:10:00,2,0.020245839295119177,0.09591480299438013,0.8838393577105007,2
2025-06-19 14:15:00,2,0.02057641817166933,0.08981272505412845,0.8896108567742022,2
2025-06-19 14:20:00,2,0.13458944231497105,0.145677487965786,0.719733069719243,2
2025-06-19 14:25:00,2,0.18208439492038425,0.22197555657042078,0.5959400485091949,2
2025-06-19 14:30:00,2,0.17304267667853182,0.19886311490169717,0.628094208419771,2
2025-06-19 14:35:00,2,0.1673082235915147,0.21765370008621346,0.6150380763222719,2
2025-06-19 14:40:00,2,0.19154853755421564,0.25371350126440373,0.5547379611813806,1
2025-06-19 14:45:00,2,0.1645077270861551,0.22676222257179887,0.6087300503420461,2
2025-06-19 14:50:00,2,0.1561983418187825,0.20260851489150233,0.6411931432897151,2
2025-06-19 14:55:00,2,0.15338596057533488,0.20926235740152183,0.6373516820231433,2
2025-06-19 15:00:00,2,0.1618649158646943,0.22256503489847024,0.6155700492368356,2
2025-06-19 15:05:00,2,0.16584556043978418,0.2286575074109935,0.6054969321492223,2
2025-06-19 15:10:00,2,0.051848589993496064,0.011756926704278659,0.9363944833022253,2
2025-06-19 15:15:00,2,0.12170523952631035,0.0063522157920347065,0.871942544681655,2
2025-06-19 15:20:00,2,0.13009408108362122,0.0060514063892007025,0.863854512527178,2
2025-06-19 15:25:00,2,0.15935940267905027,0.023657128748730258,0.8169834685722194,2
2025-06-20 09:15:00,2,0.21014591335245453,0.2351818141289666,0.5546722725185789,2
2025-06-20 09:20:00,2,0.20902286016364044,0.3137625302908819,0.4772146095454777,1
2025-06-20 09:25:00,0,0.19854186321876927,0.3346126714291747,0.466845465352056,1
2025-06-20 09:30:00,0,0.1992257510183172,0.3223798913226001,0.47839435765908284,1
2025-06-20 09:35:00,2,0.17605064336559192,0.2883278953763198,0.5356214612580883,1
2025-06-20 09:40:00,2,0.17521568435806936,0.1734386761454049,0.6513456394965257,2
2025-06-20 09:45:00,2,0.024801410422003862,0.10450568601313316,0.870692903564863,2
2025-06-20 09:50:00,2,0.2243068086709437,0.22926989988431515,0.5464232914447412,2
2025-06-20 09:55:00,0,0.20909135028815234,0.24793707236662843,0.5429715773452192,2
2025-06-20 10:00:00,0,0.1823344916726885,0.18923313675951628,0.6284323715677952,2
2025-06-20 10:05:00,0,0.1480531647295782,0.13628366306941858,0.7156631722010033,2
2025-06-20 10:10:00,2,0.016437388154791767,0.06442568310305224,0.919136928742156,2
2025-06-20 10:15:00,2,0.01865178415826672,0.06950962038648516,0.911838595455248,2
2025-06-20 10:20:00,2,0.017029136774609988,0.05570021523544946,0.9272706479899405,2
2025-06-20 10:25:00,2,0.019925415772317434,0.012146106813123567,0.967928477414559,2
2025-06-20 10:30:00,2,0.019186905742637893,0.01144173506234933,0.9693713591950127,2
2025-06-20 10:35:00,2,0.04784323120555068,0.035151479775035806,0.9170052890194135,2
2025-06-20 10:40:00,2,0.05053703944536766,0.041173878569918596,0.9082890819847137,2
2025-06-20 10:45:00,2,0.04662021093355199,0.03911983401560006,0.914259955050848,2
2025-06-20 10:50:00,2,0.04206763482404564,0.028940936010399453,0.928991429165555,2
2025-06-20 10:55:00,2,0.3525946950390165,0.24207821394223877,0.40532709101874476,0
2025-06-20 11:00:00,2,0.32093385625659643,0.20963204632894925,0.4694340974144544,0
2025-06-20 11:05:00,2,0.2902492721213297,0.1931357483967733,0.5166149794818968,2
2025-06-20 11:10:00,2,0.30516767850046056,0.13971298176828031,0.555119339731259,2
2025-06-20 11:15:00,2,0.3319893480030256,0.19376380765088783,0.4742468443460867,0
2025-06-20 11:20:00,0,0.3308107430196603,0.1790239953681134,0.49016526161222634,0
2025-06-20 11:25:00,2,0.32879002135332586,0.18467673315401673,0.4865332454926574,0
2025-06-20 11:30:00,2,0.31535795619315954,0.15701662870238917,0.5276254151044514,2
2025-06-20 11:35:00,2,0.45405626493832807,0.017883004194817184,0.5280607308668548,0
2025-06-20 11:40:00,2,0.35511346309427133,0.18540292547436196,0.4594836114313666,0
2025-06-20 11:45:00,2,0.3277179449402648,0.15147634342168453,0.5208057116380506,0
2025-06-20 11:50:00,2,0.32225899293904225,0.13765283019897373,0.540088176861984,0
2025-06-20 11:55:00,2,0.33212554461117905,0.16099439599859328,0.5068800593902276,0
2025-06-20 12:00:00,2,0.31244321253561225,0.16090698160661848,0.5266498058577693,2
2025-06-20 12:05:00,1,0.33839304302330453,0.1480094453673431,0.5135975116093524,0
2025-06-20 12:10:00,1,0.341738795052218,0.129758290359629,0.528502914588153,0
2025-06-20 12:15:00,1,0.34208908354248374,0.1774095284555151,0.48050138800200115,0
2025-06-20 12:20:00,2,0.3350851012072397,0.22846841774305254,0.4364464810497077,0
2025-06-20 12:25:00,2,0.33354701224703237,0.2513469423506119,0.4151060454023558,0
2025-06-20 12:30:00,2,0.029656850438623483,0.4326323637286681,0.5377107858327084,1
2025-06-20 12:35:00,0,0.34713616562981264,0.2561462293131168,0.3967176050570705,0
2025-06-20 12:40:00,2,0.31452217055056503,0.24705575096395035,0.4384220784854846,2
2025-06-20 12:45:00,2,0.349251124992705,0.18943659699218163,0.46131227801511343,0
2025-06-20 12:50:00,2,0.3272650571049904,0.17708636885039644,0.49564857404461327,0
2025-06-20 12:55:00,2,0.3127639392410758,0.1838657655857,0.5033702951732242,2
2025-06-20 13:00:00,0,0.30663746227376004,0.17935647147699565,0.5140060662492443,2
2025-06-20 13:05:00,2,0.3285774006244241,0.17303003486978008,0.4983925645057959,0
2025-06-20 13:10:00,0,0.3041849700367932,0.185184068607486,0.5106309613557208,2
2025-06-20 13:15:00,2,0.057277659960227094,0.024813292716779158,0.9179090473229936,2
2025-06-20 13:20:00,2,0.3409910739883496,0.18909698675704423,0.46991193925460617,0
2025-06-20 13:25:00,2,0.33193793888752515,0.1592907137928689,0.5087713473196059,0
2025-06-20 13:30:00,2,0.3345446343591719,0.17130239298718025,0.4941529726536477,0
2025-06-20 13:35:00,2,0.24506089026037664,0.14846034542540054,0.6064787643142229,2
2025-06-20 13:40:00,2,0.24468736730855875,0.15514096610121025,0.6001716665902309,2
2025-06-20 13:45:00,2,0.24498843514444213,0.1447901387622481,0.6102214260933099,2
2025-06-20 13:50:00,2,0.24365110891533098,0.13012768042868572,0.6262212106559832,2
2025-06-20 13:55:00,2,0.26478503808175385,0.17699155298316388,0.5582234089350823,2
2025-06-20 14:00:00,2,0.24710764677901717,0.1586448207390438,0.594247532481939,2
2025-06-20 14:05:00,2,0.24648465647331794,0.14371168405589418,0.609803659470788,2
2025-06-20 14:10:00,2,0.24634022866767719,0.13099448528047397,0.6226652860518488,2
2025-06-20 14:15:00,2,0.24685387485500054,0.13312415611814793,0.6200219690268515,2
2025-06-20 14:20:00,2,0.2604222496149046,0.1178824413168989,0.6216953090681964,2
2025-06-20 14:25:00,2,0.24238184948417762,0.17191217467543785,0.5857059758403845,2
2025-06-20 14:30:00,2,0.21846057845520128,0.16805621304305862,0.6134832085017401,2
2025-06-20 14:35:00,2,0.22879240943389167,0.1359044524992177,0.6353031380668906,2
2025-06-20 14:40:00,2,0.23436128313712387,0.12825974922789699,0.6373789676349791,2
2025-06-20 14:45:00,0,0.24431302164910584,0.12792747521659467,0.6277595031342995,2
2025-06-20 14:50:00,0,0.24296814371598022,0.14112209397949604,0.6159097623045238,2
2025-06-20 14:55:00,0,0.2332921539318571,0.12969656300222657,0.6370112830659164,2
2025-06-20 15:00:00,2,0.36837560455294355,0.009460091937481187,0.6221643035095753,0
2025-06-20 15:05:00,2,0.33881146513650046,0.008736560639360484,0.652451974224139,2
2025-06-20 15:10:00,2,0.4102622284385543,0.007065712058218322,0.5826720595032273,0
2025-06-20 15:15:00,2,0.37127238769292825,0.0065709131326850915,0.6221566991743867,0
2025-06-20 15:20:00,2,0.35249252427793193,0.007328334476768775,0.6401791412452993,0
2025-06-20 15:25:00,2,0.1676998194792243,0.0973634119272829,0.7349367685934928,2
2025-06-23 09:15:00,1,0.02010874681223241,0.47063849258106194,0.5092527606067058,1
2025-06-23 09:20:00,1,0.01721191123848653,0.49576931178069833,0.48701877698081525,1
2025-06-23 09:25:00,1,0.016685907523770804,0.4515149518922936,0.5317991405839355,1
2025-06-23 09:30:00,2,0.015775500607443663,0.43243938808610816,0.5517851113064481,1
2025-06-23 09:35:00,2,0.018104145312270625,0.449451369106682,0.5324444855810475,1
2025-06-23 09:40:00,2,0.014220193011101343,0.4232184806671705,0.5625613263217282,1
2025-06-23 09:45:00,2,0.014987986418233814,0.4512543202279137,0.5337576933538525,1
2025-06-23 09:50:00,2,0.014310121616996803,0.4530447471454171,0.5326451312375862,1
2025-06-23 09:55:00,2,0.013178841353095123,0.4490717734008837,0.5377493852460211,1
2025-06-23 10:00:00,2,0.012901843132408398,0.4329933398813863,0.5541048169862054,1
2025-06-23 10:05:00,2,0.16122445379102712,0.28184320357937404,0.5569323426295988,1
2025-06-23 10:10:00,2,0.15147276790030514,0.25921753038854245,0.5893097017111524,1
2025-06-23 10:15:00,2,0.12506069514668328,0.249265713608606,0.6256735912447108,2
2025-06-23 10:20:00,2,0.1453823907308437,0.24435610596432283,0.6102615033048335,2
2025-06-23 10:25:00,2,0.13831876543898075,0.21960709183104862,0.6420741427299705,2
2025-06-23 10:30:00,2,0.1350195770624225,0.20208352703808424,0.6628968958994933,2
2025-06-23 10:35:00,2,0.24409590456135394,0.28950826848625605,0.46639582695238996,2
2025-06-23 10:40:00,2,0.25768810989189156,0.29085455918837055,0.45145733091973783,2
2025-06-23 10:45:00,2,0.23947220134517755,0.2777472983303506,0.4827805003244718,2
2025-06-23 10:50:00,2,0.2807260067101208,0.3097937169703605,0.4094802763195186,2
2025-06-23 10:55:00,2,0.26734475436388877,0.28034214333404633,0.45231310230206495,2
2025-06-23 11:00:00,2,0.2671841767972822,0.29248599779114887,0.44032982541156884,2
2025-06-23 11:05:00,0,0.2768969178372821,0.2864531600191022,0.43664992214361575,2
2025-06-23 11:10:00,2,0.2765755555174649,0.2559207805816037,0.4675036639009314,2
2025-06-23 11:15:00,0,0.26600706711126576,0.25225585343668044,0.48173707945205385,2
2025-06-23 11:20:00,2,0.2748674705882978,0.2539636156110289,0.4711689138006732,2
2025-06-23 11:25:00,2,0.2561291600634827,0.228375157810633,0.5154956821258844,2
2025-06-23 11:30:00,2,0.04310486056892661,0.04378422001337019,0.9131109194177032,2
2025-06-23 11:35:00,2,0.04139499052316178,0.04330026546971599,0.9153047440071221,2
2025-06-23 11:40:00,2,0.03607326479013003,0.039981260377955304,0.9239454748319146,2
2025-06-23 11:45:00,2,0.2691659150781298,0.24364611111521298,0.4871879738066571,2
2025-06-23 11:50:00,2,0.2779448507954504,0.30204841015356193,0.4200067390509877,2
2025-06-23 11:55:00,2,0.25820420075521505,0.2701295662543827,0.4716662329904023,2
2025-06-23 12:00:00,2,0.24029971896382807,0.2641388456079,0.49556143542827197,2
2025-06-23 12:05:00,2,0.24519918382500197,0.2313253988407536,0.5234754173342444,2
2025-06-23 12:10:00,2,0.018115972633167887,0.016601679337022057,0.96528234802981,2
2025-06-23 12:15:00,2,0.016833702711228745,0.0166319074301706,0.9665343898586006,2
2025-06-23 12:20:00,2,0.01738593656758523,0.016569941397720403,0.9660441220346944,2
2025-06-23 12:25:00,2,0.015314421628865881,0.013877822298956632,0.9708077560721775,2
2025-06-23 12:30:00,2,0.014894427812418726,0.01333362846913619,0.9717719437184452,2
2025-06-23 12:35:00,2,0.013967279504751256,0.013305729541859795,0.9727269909533889,2
2025-06-23 12:40:00,2,0.014205516720384963,0.015000913139897435,0.9707935701397177,2
2025-06-23 12:45:00,2,0.01612572130887795,0.01483561304076008,0.9690386656503621,2
2025-06-23 12:50:00,2,0.014462851220898723,0.013167170835168475,0.9723699779439328,2
2025-06-23 12:55:00,2,0.014032070524007177,0.013195096778894477,0.9727728326970984,2
2025-06-23 13:00:00,2,0.013006136960160045,0.012522433507889633,0.9744714295319502,2
2025-06-23 13:05:00,2,0.012981805501854266,0.012424680256756514,0.9745935142413893,2
2025-06-23 13:10:00,2,0.012982957027177404,0.014108772862182513,0.9729082701106401,2
2025-06-23 13:15:00,2,0.006620407875448574,0.09857165117034278,0.8948079409542087,2
2025-06-23 13:20:00,2,0.008979711677540386,0.13479919341530208,0.8562210949071575,2
2025-06-23 13:25:00,2,0.007688911795218415,0.12563781254555667,0.8666732756592249,2
2025-06-23 13:30:00,2,0.008472700047834677,0.1340288136802372,0.8574984862719283,2
2025-06-23 13:35:00,2,0.006450519278587619,0.09772798972504107,0.8958214909963713,2
2025-06-23 13:40:00,2,0.030693727102233056,0.09805176145577055,0.8712545114419963,2
2025-06-23 13:45:00,2,0.06959526198675646,0.12982431573666825,0.8005804222765754,2
2025-06-23 13:50:00,2,0.03765284372249573,0.10929116981919434,0.85305598645831,2
2025-06-23 13:55:00,2,0.03392323964957204,0.028683913659517692,0.9373928466909103,2
2025-06-23 14:00:00,2,0.027186092127000013,0.018364861258260347,0.9544490466147397,2
2025-06-23 14:05:00,1,0.25304039503807774,0.1766800357240099,0.5702795692379125,2
2025-06-23 14:10:00,2,0.2435445784475976,0.19108429833486607,0.5653711232175364,2
2025-06-23 14:15:00,2,0.23459646723093408,0.19204853141746114,0.5733550013516048,2
2025-06-23 14:20:00,2,0.22445743449991626,0.2090079551038558,0.5665346103962279,2
2025-06-23 14:25:00,2,0.2197643593439385,0.2042859816561989,0.5759496589998626,2
2025-06-23 14:30:00,2,0.21762049687291732,0.21821047841808405,0.5641690247089987,2
2025-06-23 14:35:00,2,0.22210490095486987,0.21719010509545353,0.5607049939496765,2
2025-06-23 14:40:00,2,0.21905309921136115,0.21394883628322434,0.5669980645054145,2
2025-06-23 14:45:00,2,0.22044362390700492,0.2200557072113541,0.5595006688816411,2
2025-06-23 14:50:00,2,0.21774384573083455,0.20810630311017794,0.5741498511589875,2
2025-06-23 14:55:00,2,0.20056964725062407,0.20461146092747162,0.5948188918219044,2
2025-06-23 15:00:00,2,0.19671200149481077,0.19122737352677457,0.6120606249784147,2
2025-06-23 15:05:00,2,0.20700838726467155,0.19174544001239696,0.6012461727229315,2
2025-06-23 15:10:00,2,0.19301013138600334,0.19148027473179474,0.6155095938822019,2
2025-06-23 15:15:00,2,0.1845867548563352,0.17524038363161812,0.6401728615120467,2
2025-06-23 15:20:00,2,0.022921640068683777,0.018916480318299005,0.9581618796130172,2
2025-06-23 15:25:00,2,0.024270862615652918,0.019933775171471643,0.9557953622128754,2
2025-06-24 09:15:00,2,0.033702262437357106,0.031564139371233854,0.9347335981914091,2
2025-06-24 09:20:00,2,0.026925554067047372,0.027140619973078473,0.9459338259598742,2
2025-06-24 09:25:00,2,0.029579056540459905,0.036602769828406934,0.9338181736311331,2
2025-06-24 09:30:00,2,0.02524640756101011,0.028459837791314665,0.9462937546476752,2
2025-06-24 09:35:00,2,0.2185651059539968,0.28332102656514696,0.49811386748085623,1
2025-06-24 09:40:00,2,0.21919119959819083,0.2707052912146544,0.5101035091871547,1
2025-06-24 09:45:00,0,0.2274059346589821,0.31082308840258105,0.46177097693843683,1
2025-06-24 09:50:00,2,0.22161265864109272,0.27530892976280436,0.5030784115961029,1
2025-06-24 09:55:00,2,0.2455101141184059,0.25570329263006514,0.498786593251529,2
2025-06-24 10:00:00,2,0.22376118563747865,0.22911207588194055,0.5471267384805808,2
2025-06-24 10:05:00,2,0.18665871731718756,0.17700632667364238,0.63633495600917,2
2025-06-24 10:10:00,2,0.2947094868535653,0.013814009573585884,0.6914765035728488,2
2025-06-24 10:15:00,2,0.2678198916080717,0.012613628515009492,0.7195664798769188,2
2025-06-24 10:20:00,2,0.2389213615165652,0.16070217190130676,0.600376466582128,2
2025-06-24 10:25:00,2,0.2258212948312715,0.10083594276854396,0.6733427624001845,2
2025-06-24 10:30:00,2,0.19703884076967715,0.18738250478818144,0.6155786544421414,2
2025-06-24 10:35:00,2,0.2532648487592107,0.24042729077294708,0.5063078604678423,2
2025-06-24 10:40:00,2,0.2816409361918866,0.26481791411588435,0.4535411496922291,2
2025-06-24 10:45:00,0,0.2658758606826933,0.2825345025666306,0.45158963675067615,2
2025-06-24 10:50:00,0,0.27602597782515886,0.2686229160479776,0.4553511061268636,2
2025-06-24 10:55:00,0,0.26727131966116513,0.24071097367165303,0.492017706667182,2
2025-06-24 11:00:00,2,0.27481653921442695,0.18895046317976757,0.5362329976058056,2
2025-06-24 11:05:00,2,0.46542285498274466,0.017146634036435016,0.5174305109808204,0
2025-06-24 11:10:00,0,0.330127141505878,0.1583983637455034,0.5114744947486186,0
2025-06-24 11:15:00,2,0.3486392180802999,0.20903081436140272,0.4423299675582973,0
2025-06-24 11:20:00,2,0.4158375641163355,0.04376343637727435,0.5403989995063901,0
2025-06-24 11:25:00,2,0.474349703253141,0.014549580353987655,0.5111007163928712,0
2025-06-24 11:30:00,2,0.4695396283016694,0.01934130046313656,0.511119071235194,0
2025-06-24 11:35:00,2,0.35372938121960895,0.195272177069375,0.4509984417110161,0
2025-06-24 11:40:00,2,0.33280267124550045,0.1493111614514764,0.5178861673030232,0
2025-06-24 11:45:00,2,0.32834793694597975,0.17751052061379624,0.49414154244022407,0
2025-06-24 11:50:00,0,0.32112164245313624,0.1733915372258692,0.5054868203209946,0
2025-06-24 11:55:00,0,0.41536513484998683,0.0252220129693639,0.5594128521806493,0
2025-06-24 12:00:00,2,0.42597304784589163,0.018386731115273038,0.5556402210388354,0
2025-06-24 12:05:00,2,0.4343958492208922,0.013868256051130129,0.5517358947279777,0
2025-06-24 12:10:00,2,0.458180938682079,0.014207541579625078,0.5276115197382959,0
2025-06-24 12:15:00,2,0.35243356208263416,0.192535282191502,0.4550311557258638,0
2025-06-24 12:20:00,1,0.3242528839602326,0.16793487823588188,0.5078122378038855,0
2025-06-24 12:25:00,1,0.33713726949049416,0.21025293584412733,0.45260979466537854,0
2025-06-24 12:30:00,1,0.32653023092207195,0.2024422763582391,0.4710274927196888,0
2025-06-24 12:35:00,2,0.384749141315217,0.27102059221792607,0.3442302664668569,0
2025-06-24 12:40:00,2,0.031941617377727265,0.5726085300499115,0.3954498525723612,1
2025-06-24 12:45:00,2,0.40090020241777796,0.3414806629263197,0.2576191346559023,0
2025-06-24 12:50:00,1,0.38292674272965455,0.3065496952866652,0.3105235619836803,0
2025-06-24 12:55:00,1,0.37967432627361475,0.33765799595386287,0.2826676777725223,2
2025-06-24 13:00:00,1,0.39604998996632823,0.33812425520711736,0.2658257548265545,0
2025-06-24 13:05:00,1,0.37393126926261994,0.34008551645238744,0.2859832142849926,2
2025-06-24 13:10:00,1,0.3755122763728019,0.3696619083799579,0.25482581524724024,2
2025-06-24 13:15:00,1,0.3812520619485075,0.35368716031722136,0.26506077773427117,2
2025-06-24 13:20:00,2,0.057439498549700395,0.07166942950387792,0.8708910719464218,2
2025-06-24 13:25:00,2,0.12464469652779345,0.14852293057853352,0.7268323728936731,2
2025-06-24 13:30:00,2,0.05305263052175186,0.07746154087540932,0.8694858286028389,2
2025-06-24 13:35:00,2,0.03152341744855575,0.055858114223750976,0.9126184683276933,2
2025-06-24 13:40:00,2,0.015591482827976184,0.4825124240484223,0.5018960931236015,1
2025-06-24 13:45:00,2,0.01479920349249855,0.48440492137003843,0.500795875137463,1
2025-06-24 13:50:00,1,0.2664878859109674,0.38857563933678907,0.34493647475224354,1
2025-06-24 13:55:00,1,0.2623453207174559,0.3761587498691696,0.36149592941337444,1
2025-06-24 14:00:00,2,0.020208608702389646,0.5517741681468393,0.4280172231507712,1
2025-06-24 14:05:00,2,0.08944828835966534,0.47317364281269086,0.4373780688276438,1
2025-06-24 14:10:00,2,0.25667638692272315,0.39643845980301096,0.34688515327426594,1
2025-06-24 14:15:00,2,0.2458601934025992,0.38504743784855155,0.36909236874884915,1
2025-06-24 14:20:00,0,0.26249762891388445,0.39515493316116423,0.3423474379249512,1
2025-06-24 14:25:00,2,0.23645971904017815,0.37715137466966603,0.3863889062901558,1
2025-06-24 14:30:00,2,0.24394251057767535,0.37883686820215473,0.37722062122016986,1
2025-06-24 14:35:00,2,0.22307252694906593,0.3570795728465997,0.4198479002043344,1
2025-06-24 14:40:00,2,0.24197056136731934,0.37116038709625043,0.3868690515364303,1
2025-06-24 14:45:00,2,0.23879236527906686,0.3807757699462648,0.3804318647746683,1
2025-06-24 14:50:00,2,0.214139647113834,0.3523185069852127,0.43354184590095335,1
2025-06-24 14:55:00,2,0.23849515515149894,0.37808772285240266,0.38341712199609845,1
2025-06-24 15:00:00,2,0.22414899435621674,0.3744707614770652,0.401380244166718,1
2025-06-24 15:05:00,2,0.21965514502506725,0.35618867610782784,0.4241561788671049,1
2025-06-24 15:10:00,2,0.19305325437058724,0.3383419398258537,0.4686048058035592,1
2025-06-24 15:15:00,2,0.20357019813001712,0.304002842307547,0.4924269595624358,1
2025-06-24 15:20:00,2,0.2230335999078248,0.2613388047405036,0.5156275953516717,2
2025-06-24 15:25:00,2,0.22449723674642202,0.2494848263298434,0.5260179369237346,2
2025-06-25 09:15:00,2,0.31792565093334235,0.026485982115838587,0.655588366950819,2
2025-06-25 09:20:00,2,0.32345712126591974,0.031216064464867733,0.6453268142692125,0
2025-06-25 09:25:00,2,0.2957433967263304,0.026993313212615194,0.6772632900610546,2
2025-06-25 09:30:00,2,0.2632953000121221,0.020023764964494806,0.7166809350233831,2
2025-06-25 09:35:00,2,0.2592998216670435,0.023028708140675914,0.7176714701922806,2
2025-06-25 09:40:00,2,0.22803246681719874,0.018683562127478688,0.7532839710553225,2
2025-06-25 09:45:00,2,0.25387940323028124,0.02386177592677075,0.7222588208429481,2
2025-06-25 09:50:00,2,0.23365527986384307,0.019149958462068715,0.7471947616740882,2
2025-06-25 09:55:00,2,0.06292900935487672,0.0182071594194288,0.9188638312256946,2
2025-06-25 10:00:00,2,0.0719452038840354,0.02139258178565704,0.9066622143303076,2
2025-06-25 10:05:00,2,0.07443743393949288,0.028752093969959296,0.8968104720905478,2
2025-06-25 10:10:00,2,0.14824985593481546,0.20088642082645597,0.6508637232387285,2
2025-06-25 10:15:00,2,0.14750140556217106,0.14934418586315487,0.7031544085746739,2
2025-06-25 10:20:00,2,0.11823570936979537,0.11119760064602234,0.7705666899841823,2
2025-06-25 10:25:00,2,0.07187120297293453,0.06085484000361633,0.8672739570234491,2
2025-06-25 10:30:00,2,0.11703952817283074,0.11333246491837622,0.769628006908793,2
2025-06-25 10:35:00,2,0.03761799039348568,0.03263292407050996,0.9297490855360044,2
2025-06-25 10:40:00,2,0.20449384406860674,0.20247070459939076,0.5930354513320025,2
2025-06-25 10:45:00,2,0.19973976539780858,0.20363733877487936,0.5966228958273121,2
2025-06-25 10:50:00,2,0.19524755094837323,0.1752462050904117,0.6295062439612151,2
2025-06-25 10:55:00,2,0.2000089986659613,0.19156853712102986,0.6084224642130088,2
2025-06-25 11:00:00,2,0.19141857689176206,0.17839074491418722,0.6301906781940508,2
2025-06-25 11:05:00,2,0.18392469241091533,0.16615429540587962,0.649921012183205,2
2025-06-25 11:10:00,2,0.18566476871110726,0.19045488629994298,0.6238803449889498,2
2025-06-25 11:15:00,2,0.18841240271602747,0.17800059167806503,0.6335870056059075,2
2025-06-25 11:20:00,2,0.17925540849176763,0.17184295662300453,0.6489016348852278,2
2025-06-25 11:25:00,2,0.1713765082960802,0.15785597750854707,0.6707675141953726,2
2025-06-25 11:30:00,2,0.16780527532399503,0.14876389434970805,0.6834308303262969,2
2025-06-25 11:35:00,2,0.1749532519520739,0.15650814870554303,0.668538599342383,2
2025-06-25 11:40:00,2,0.16623312826191616,0.15563026707111124,0.6781366046669726,2
2025-06-25 11:45:00,2,0.15687998042980247,0.15162746358661564,0.691492555983582,2
2025-06-25 11:50:00,2,0.15826657733283153,0.1493794802753459,0.6923539423918226,2
2025-06-25 11:55:00,2,0.16185360945401464,0.1454453168733163,0.6927010736726691,2
2025-06-25 12:00:00,2,0.19709574421727358,0.17561338870731738,0.6272908670754092,2
2025-06-25 12:05:00,2,0.17612870281606752,0.17613058175577964,0.6477407154281529,2
2025-06-25 12:10:00,2,0.163790779458548,0.1831534505863552,0.6530557699550968,2
2025-06-25 12:15:00,2,0.03151606982959116,0.027989946445651146,0.9404939837247578,2
2025-06-25 12:20:00,2,0.17754438929912716,0.1801961565084236,0.6422594541924491,2
2025-06-25 12:25:00,2,0.150311603048835,0.16285332442653624,0.6868350725246287,2
2025-06-25 12:30:00,2,0.15561914583842085,0.1610069312314023,0.6833739229301768,2
2025-06-25 12:35:00,2,0.1637782018466223,0.1597657281490628,0.6764560700043148,2
2025-06-25 12:40:00,2,0.17518141240608395,0.17703366908277043,0.6477849185111456,2
2025-06-25 12:45:00,0,0.19195510142671746,0.2206299569112035,0.5874149416620791,2
2025-06-25 12:50:00,0,0.16525262865165127,0.1858509635669381,0.6488964077814107,2
2025-06-25 12:55:00,2,0.011675786721920796,0.013166017994227362,0.975158195283852,2
2025-06-25 13:00:00,2,0.010347857787724141,0.014061746180764336,0.9755903960315115,2
2025-06-25 13:05:00,2,0.010919578437481899,0.01413954568811965,0.9749408758743985,2
2025-06-25 13:10:00,2,0.023348257402847884,0.09216843095077336,0.8844833116463787,2
2025-06-25 13:15:00,2,0.17382492494822974,0.15805795837254916,0.6681171166792211,2
2025-06-25 13:20:00,2,0.026700081711331657,0.10172949672519799,0.8715704215634704,2
2025-06-25 13:25:00,2,0.02579099454274734,0.08946490995770477,0.8847440954995478,2
2025-06-25 13:30:00,2,0.21425572660416273,0.17177778672058025,0.613966486675257,2
2025-06-25 13:35:00,2,0.15123494642314114,0.12787876368659143,0.7208862898902674,2
2025-06-25 13:40:00,2,0.02413111404918921,0.0703667064264259,0.9055021795243849,2
2025-06-25 13:45:00,2,0.145764164013581,0.128399155621409,0.72583668036501,2
2025-06-25 13:50:00,2,0.16175735327539273,0.15028894946894425,0.687953697255663,2
2025-06-25 13:55:00,2,0.15854260302727363,0.15021655413790638,0.6912408428348199,2
2025-06-25 14:00:00,2,0.16031415853196918,0.15622887178243622,0.6834569696855947,2
2025-06-25 14:05:00,2,0.15685646531771738,0.13543004147149518,0.7077134932107876,2
2025-06-25 14:10:00,2,0.1298957339900728,0.11647294541845711,0.7536313205914701,2
2025-06-25 14:15:00,2,0.12372695249741364,0.10919027116591627,0.7670827763366701,2
2025-06-25 14:20:00,2,0.12040867659402392,0.10134407108657105,0.7782472523194052,2
2025-06-25 14:25:00,2,0.11859422864359731,0.10336258910484435,0.7780431822515584,2
2025-06-25 14:30:00,2,0.18198576169952507,0.17243530672488175,0.6455789315755932,2
2025-06-25 14:35:00,2,0.1460147431811296,0.14804201764308553,0.7059432391757847,2
2025-06-25 14:40:00,2,0.14523938603399117,0.1396971006062957,0.7150635133597131,2
2025-06-25 14:45:00,2,0.18067515322012037,0.19704348935621568,0.622281357423664,2
2025-06-25 14:50:00,2,0.15517486762802832,0.15610233242852228,0.6887227999434493,2
2025-06-25 14:55:00,2,0.010138712073455559,0.010759189023422112,0.9791020989031224,2
2025-06-25 15:00:00,2,0.009020452688525488,0.011905022669789787,0.9790745246416847,2
2025-06-25 15:05:00,2,0.009931629571362288,0.011318982104776415,0.9787493883238614,2
2025-06-25 15:10:00,2,0.009564464141408179,0.01139222538904612,0.9790433104695458,2
2025-06-25 15:15:00,2,0.009469216040977555,0.01146457601616361,0.9790662079428589,2
2025-06-25 15:20:00,2,0.009394453376575098,0.009990661849206666,0.9806148847742181,2
2025-06-25 15:25:00,2,0.009954411690589368,0.009672987047347512,0.9803726012620632,2
2025-06-26 09:15:00,2,0.0055151073126048725,0.09144608337960901,0.9030388093077861,2
2025-06-26 09:20:00,2,0.0050193508344949745,0.10452525276323518,0.8904553964022699,2
2025-06-26 09:25:00,2,0.016519363022034196,0.06283428738075475,0.920646349597211,2
2025-06-26 09:30:00,2,0.018412450063796736,0.07102319661423928,0.9105643533219641,2
2025-06-26 09:35:00,2,0.02164042670951553,0.0889117536578201,0.8894478196326644,2
2025-06-26 09:40:00,2,0.025100891102172056,0.025592668361045907,0.949306440536782,2
2025-06-26 09:45:00,2,0.020201664423945904,0.013814861689613211,0.9659834738864409,2
2025-06-26 09:50:00,2,0.017902294991456326,0.011823461707517743,0.970274243301026,2
2025-06-26 09:55:00,2,0.023014332652880307,0.011097631243370522,0.9658880361037492,2
2025-06-26 10:00:00,2,0.026430616814497543,0.012081588686245603,0.9614877944992568,2
2025-06-26 10:05:00,2,0.20209588377247356,0.13385643488748644,0.66404768134004,2
2025-06-26 10:10:00,2,0.23125393212247594,0.1738153072461582,0.5949307606313659,2
2025-06-26 10:15:00,2,0.21951988114249282,0.19361009531162196,0.5868700235458852,2
2025-06-26 10:20:00,2,0.2047582409198016,0.20061318689342703,0.5946285721867715,2
2025-06-26 10:25:00,1,0.1885677183659275,0.18897038989501494,0.6224618917390575,2
2025-06-26 10:30:00,2,0.19045922440453447,0.20026174062279456,0.6092790349726709,2
2025-06-26 10:35:00,1,0.27822922490295443,0.25352197232003565,0.46824880277700986,2
2025-06-26 10:40:00,2,0.10661967298686605,0.1081790767990704,0.7852012502140635,2
2025-06-26 10:45:00,2,0.30987200321360603,0.33354011721399485,0.3565878795723991,2
2025-06-26 10:50:00,2,0.2872447808697465,0.3488192171462133,0.3639360019840403,1
2025-06-26 10:55:00,2,0.2984058940707116,0.3222959422594722,0.3792981636698162,2
2025-06-26 11:00:00,2,0.3172184386185488,0.3137025244486597,0.36907903693279154,2
2025-06-26 11:05:00,2,0.2933537160368551,0.3298834997873544,0.3767627841757906,2
2025-06-26 11:10:00,2,0.28563416886850074,0.3158890360832334,0.3984767950482659,2
2025-06-26 11:15:00,0,0.3042154483854093,0.33084760542784747,0.36493694618674327,2
2025-06-26 11:20:00,2,0.2897041214508609,0.3124157688721239,0.39788010967701515,2
2025-06-26 11:25:00,2,0.29828127161385465,0.2986414949276043,0.40307723345854113,2
2025-06-26 11:30:00,2,0.30650569716653675,0.28620920046426684,0.4072851023691965,2
2025-06-26 11:35:00,2,0.3121398433524389,0.2977829821916655,0.39007717445589557,2
2025-06-26 11:40:00,0,0.3209446492413971,0.3192474512933805,0.35980789946522246,2
2025-06-26 11:45:00,0,0.3051652090057398,0.3001276816208136,0.39470710937344655,2
2025-06-26 11:50:00,0,0.27523597952959095,0.30352612963683734,0.42123789083357177,2
2025-06-26 11:55:00,0,0.2715476362686807,0.27634977266747773,0.4521025910638416,2
2025-06-26 12:00:00,2,0.3129375763825467,0.23846060514402098,0.44860181847343217,2
2025-06-26 12:05:00,2,0.3358325597577556,0.2641148967455643,0.40005254349668,0
2025-06-26 12:10:00,2,0.3127264743220081,0.2170480533615323,0.47022547231645956,2
2025-06-26 12:15:00,2,0.32687414847145857,0.21585307704796594,0.4572727744805755,0
2025-06-26 12:20:00,2,0.30898701468871176,0.18987421711335842,0.5011387681979299,2
2025-06-26 12:25:00,2,0.24240459191050423,0.14844631822646268,0.6091490898630331,2
2025-06-26 12:30:00,2,0.3169522471581988,0.21600757916295663,0.4670401736788446,2
2025-06-26 12:35:00,1,0.2908514592365312,0.19579006706824767,0.5133584736952211,2
2025-06-26 12:40:00,1,0.2985331561826939,0.215092835784906,0.4863740080324001,2
2025-06-26 12:45:00,2,0.32492383201588443,0.28697463370025433,0.38810153428386124,2
2025-06-26 12:50:00,2,0.3268684309228257,0.28653242494777253,0.38659914412940183,2
2025-06-26 12:55:00,2,0.2852700349486102,0.2955751392015379,0.4191548258498519,2
2025-06-26 13:00:00,0,0.30017767953466773,0.25163071023167544,0.44819161023365683,2
2025-06-26 13:05:00,0,0.2882971186144154,0.2712851096095079,0.44041777177607655,2
2025-06-26 13:10:00,2,0.3018306516090828,0.23779683155617065,0.4603725168347465,2
2025-06-26 13:15:00,2,0.31689592758562773,0.17750111709221186,0.5056029553221604,2
2025-06-26 13:20:00,2,0.3598246384643723,0.26334335984754415,0.3768320016880835,0
2025-06-26 13:25:00,0,0.3480390689284235,0.2800724886390701,0.37188844243250646,0
2025-06-26 13:30:00,0,0.32535592843589944,0.2695246991798809,0.4051193723842196,0
2025-06-26 13:35:00,0,0.2526149822781365,0.1722345203635382,0.5751504973583254,2
2025-06-26 13:40:00,0,0.23506612165199717,0.1378310627697712,0.6271028155782317,2
2025-06-26 13:45:00,2,0.029936207722270063,0.019653166626320405,0.9504106256514095,2
2025-06-26 13:50:00,2,0.0255305706403119,0.014521764067938415,0.9599476652917496,2
2025-06-26 13:55:00,2,0.026583114238242462,0.013478431875064163,0.9599384538866933,2
2025-06-26 14:00:00,2,0.03089284454452177,0.014606155690367733,0.9545009997651105,2
2025-06-26 14:05:00,0,0.31188950292389095,0.1731620481050152,0.5149484489710939,2
2025-06-26 14:10:00,2,0.08447349065208118,0.015254678011175868,0.9002718313367429,2
2025-06-26 14:15:00,2,0.07337696329871303,0.013172931540162068,0.9134501051611249,2
2025-06-26 14:20:00,2,0.3097601634848783,0.11485268603217273,0.575387150482949,2
2025-06-26 14:25:00,2,0.30316210697548035,0.10960534215648328,0.5872325508680364,2
2025-06-26 14:30:00,2,0.3210084651875103,0.12410994200972207,0.5548815928027676,0
2025-06-26 14:35:00,2,0.2981311098476979,0.12118223420972803,0.5806866559425741,2
2025-06-26 14:40:00,0,0.3036748065246196,0.11828859454157478,0.5780365989338055,2
2025-06-26 14:45:00,0,0.3057073850761745,0.16377375161361032,0.5305188633102151,2
2025-06-26 14:50:00,0,0.3083934616711784,0.11776747604221297,0.5738390622866085,2
2025-06-26 14:55:00,2,0.38567460518041785,0.009546371383524512,0.6047790234360576,0
2025-06-26 15:00:00,2,0.3626529126329568,0.007931878119759983,0.6294152092472832,0
2025-06-26 15:05:00,2,0.39651232082311977,0.010365195501691073,0.5931224836751892,0
2025-06-26 15:10:00,2,0.3246833059978986,0.10592493947418817,0.5693917545279132,0
2025-06-26 15:15:00,2,0.2964617232546431,0.1102259921958845,0.5933122845494725,2
2025-06-26 15:20:00,2,0.3152810738292129,0.10734184198235691,0.5773770841884303,2
2025-06-26 15:25:00,2,0.3224252689831701,0.1618108978497809,0.5157638331670491,0
2025-06-27 09:15:00,2,0.35184740249599494,0.025985169348354466,0.6221674281556506,0
2025-06-27 09:20:00,2,0.19265895975019554,0.23297839446992816,0.5743626457798764,2
2025-06-27 09:25:00,2,0.2697346043899309,0.2688402557879162,0.4614251398221529,2
2025-06-27 09:30:00,2,0.2118789979474081,0.2767947885922236,0.5113262134603683,1
2025-06-27 09:35:00,2,0.18186506471851674,0.26591200039945356,0.5522229348820297,1
2025-06-27 09:40:00,2,0.22721048495308596,0.2584850758447945,0.5143044392021195,2
2025-06-27 09:45:00,2,0.21004381309158707,0.2619233244988631,0.5280328624095498,1
2025-06-27 09:50:00,2,0.18850174921934273,0.24169769124158322,0.5698005595390742,2
2025-06-27 09:55:00,2,0.21352296157981127,0.2799982258740839,0.5064788125461048,1
2025-06-27 10:00:00,2,0.17949847707162553,0.24516756922084754,0.5753339537075268,2
2025-06-27 10:05:00,2,0.14071482110828215,0.20426210135894116,0.6550230775327767,2
2025-06-27 10:10:00,2,0.12923929719242283,0.19326248643320074,0.6774982163743763,2
2025-06-27 10:15:00,2,0.11990748337393832,0.16595948637177718,0.7141330302542844,2
2025-06-27 10:20:00,2,0.11482133535056673,0.1845493433023612,0.7006293213470721,2
2025-06-27 10:25:00,2,0.11525922550798481,0.18951662288903834,0.6952241516029769,2
2025-06-27 10:30:00,2,0.11321073019971252,0.17681346259965874,0.7099758072006288,2
2025-06-27 10:35:00,0,0.20935009821439288,0.2890061171571368,0.5016437846284703,1
2025-06-27 10:40:00,0,0.1945568152470975,0.23833307044352756,0.567110114309375,2
2025-06-27 10:45:00,2,0.19667701219145958,0.2068372781149429,0.5964857096935975,2
2025-06-27 10:50:00,2,0.2127238361213841,0.14783056762111968,0.6394455962574963,2
2025-06-27 10:55:00,2,0.2890493534042371,0.021563089183576266,0.6893875574121867,2
2025-06-27 11:00:00,2,0.19198602796536562,0.1605597495909429,0.6474542224436916,2
2025-06-27 11:05:00,2,0.2859064226532893,0.02758793196841474,0.6865056453782961,2
2025-06-27 11:10:00,2,0.270887139771792,0.04240201414542566,0.6867108460827822,2
2025-06-27 11:15:00,2,0.1958350560394011,0.18510801714027353,0.6190569268203254,2
2025-06-27 11:20:00,2,0.19562091352928257,0.14750278911964224,0.6568762973510752,2
2025-06-27 11:25:00,2,0.17051013381113644,0.16288686032254207,0.6666030058663216,2
2025-06-27 11:30:00,2,0.1717305568854922,0.1691419699522894,0.6591274731622183,2
2025-06-27 11:35:00,2,0.1663452405920674,0.13327975083959093,0.7003750085683416,2
2025-06-27 11:40:00,2,0.1545040922476278,0.12799410441169148,0.7175018033406807,2
2025-06-27 11:45:00,2,0.1514587902127994,0.1473530294724659,0.7011881803147347,2
2025-06-27 11:50:00,2,0.15501511253894512,0.13134258578020017,0.7136423016808547,2
2025-06-27 11:55:00,2,0.15776315960976264,0.14010936559267884,0.7021274747975584,2
2025-06-27 12:00:00,2,0.16063188339345935,0.13692865939723267,0.702439457209308,2
2025-06-27 12:05:00,2,0.16173358990606926,0.14038830858356377,0.697878101510367,2
2025-06-27 12:10:00,2,0.15247485153060075,0.14373169073753791,0.7037934577318613,2
2025-06-27 12:15:00,2,0.27780355106863414,0.013888512354511037,0.7083079365768548,2
2025-06-27 12:20:00,2,0.16807259243319292,0.14739315335005473,0.6845342542167523,2
2025-06-27 12:25:00,2,0.17171269678477583,0.13634746559054933,0.6919398376246748,2
2025-06-27 12:30:00,2,0.16518880189691984,0.1498356546180281,0.6849755434850522,2
2025-06-27 12:35:00,2,0.2759762366439283,0.016422985523022023,0.7076007778330496,2
2025-06-27 12:40:00,2,0.30410020269157184,0.016281360969702355,0.6796184363387258,2
2025-06-27 12:45:00,2,0.2935871149107022,0.015673288482530866,0.690739596606767,2
2025-06-27 12:50:00,2,0.29751245582158276,0.012963666924580574,0.6895238772538367,2
2025-06-27 12:55:00,2,0.21441160436571807,0.10468617230491371,0.6809022233293682,2
2025-06-27 13:00:00,2,0.2065827246524478,0.1763992686367493,0.6170180067108029,2
2025-06-27 13:05:00,2,0.18518811644115935,0.18001537409129534,0.6347965094675453,2
2025-06-27 13:10:00,2,0.17710797949123314,0.19498100701955962,0.6279110134892073,2
2025-06-27 13:15:00,2,0.17185478090635267,0.20832709878720618,0.6198181203064412,2
2025-06-27 13:20:00,2,0.18023288855472858,0.20876410924791858,0.6110030021973529,2
2025-06-27 13:25:00,2,0.1965534021907243,0.1572530238392874,0.6461935739699883,2
2025-06-27 13:30:00,2,0.16797712024607656,0.1573774463638386,0.6746454333900848,2
2025-06-27 13:35:00,2,0.13292709949006046,0.1275604027757254,0.7395124977342142,2
2025-06-27 13:40:00,2,0.1373362897207296,0.13029212091292988,0.7323715893663406,2
2025-06-27 13:45:00,2,0.13061253005001094,0.12368592263196039,0.7457015473180286,2
2025-06-27 13:50:00,2,0.12945179460265818,0.13858318133798683,0.731965024059355,2
2025-06-27 13:55:00,2,0.1376916583662936,0.11653966376538126,0.745768677868325,2
2025-06-27 14:00:00,2,0.1309617734180914,0.11445266439119496,0.7545855621907137,2
2025-06-27 14:05:00,2,0.13178114643359393,0.11489824343143815,0.753320610134968,2
2025-06-27 14:10:00,2,0.13610133412177264,0.10695210014187759,0.7569465657363497,2
2025-06-27 14:15:00,2,0.13518369298596164,0.13480063973806714,0.7300156672759713,2
2025-06-27 14:20:00,2,0.13289071539594285,0.14312374981008588,0.7239855347939713,2
2025-06-27 14:25:00,2,0.12674807335871768,0.13817593428746497,0.7350759923538173,2
2025-06-27 14:30:00,2,0.12728330549795308,0.13964152377907177,0.7330751707229751,2
2025-06-27 14:35:00,2,0.12760065386457586,0.12857469699737092,0.7438246491380531,2
2025-06-27 14:40:00,2,0.12589489048385147,0.11999952535326644,0.7541055841628822,2
2025-06-27 14:45:00,2,0.11688505152191538,0.1177670244489884,0.7653479240290961,2
2025-06-27 14:50:00,2,0.12220975771703839,0.1212187485660211,0.7565714937169405,2
2025-06-27 14:55:00,2,0.12201371081951724,0.12422879426627376,0.753757494914209,2
2025-06-27 15:00:00,2,0.04222865337788968,0.03216009258956748,0.9256112540325427,2
2025-06-27 15:05:00,2,0.14702425996240806,0.149253424689598,0.7037223153479939,2
2025-06-27 15:10:00,2,0.13835296746843248,0.14023171242968388,0.7214153201018836,2
2025-06-27 15:15:00,2,0.14510781621634777,0.11584505327024877,0.7390471305134034,2
2025-06-27 15:20:00,2,0.14529373716232388,0.13382708019623782,0.7208791826414384,2
2025-06-27 15:25:00,2,0.1505345927611043,0.15059146119540093,0.6988739460434948,2
2025-06-30 09:15:00,2,0.19569945243040507,0.23988304648481792,0.564417501084777,2
2025-06-30 09:20:00,2,0.16174774064227043,0.23023837735944275,0.6080138819982868,2
2025-06-30 09:25:00,2,0.16368129802110512,0.2281718410294869,0.608146860949408,2
2025-06-30 09:30:00,2,0.19484797740530074,0.2454120658479775,0.5597399567467217,2
2025-06-30 09:35:00,2,0.19312858373176237,0.22854199175575873,0.5783294245124789,2
2025-06-30 09:40:00,2,0.14572622162480878,0.20574666597820912,0.6485271123969822,2
2025-06-30 09:45:00,2,0.021778109009233396,0.023458793778082635,0.954763097212684,2
2025-06-30 09:50:00,2,0.019079477390306045,0.022172680080625336,0.9587478425290686,2
2025-06-30 09:55:00,2,0.017990431126425004,0.022732306056591177,0.9592772628169839,2
2025-06-30 10:00:00,2,0.18558998928149964,0.2410134954346058,0.5733965152838946,2
2025-06-30 10:05:00,2,0.1530905838197566,0.21954290818199268,0.6273665079982507,2
2025-06-30 10:10:00,2,0.1463478028770026,0.20407689208826718,0.6495753050347302,2
2025-06-30 10:15:00,2,0.12650560084436857,0.17565610983586746,0.6978382893197639,2
2025-06-30 10:20:00,2,0.16163871581433456,0.21297455835084303,0.6253867258348224,2
2025-06-30 10:25:00,2,0.14137852019544908,0.19513852653158736,0.6634829532729636,2
2025-06-30 10:30:00,2,0.13500168632705176,0.1965383876268765,0.6684599260460716,2
2025-06-30 10:35:00,2,0.2255128210004708,0.26721091898427846,0.5072762600152508,2
2025-06-30 10:40:00,2,0.18820196843811754,0.2640327244612426,0.5477653071006399,1
2025-06-30 10:45:00,2,0.040604482850031084,0.33671490057664916,0.6226806165733197,1
2025-06-30 10:50:00,2,0.21802089487884296,0.2680278420124964,0.5139512631086607,1
2025-06-30 10:55:00,2,0.2096505624491182,0.2602280916658315,0.5301213458850502,1
2025-06-30 11:00:00,2,0.21555270288903855,0.2518856327307922,0.5325616643801693,2
2025-06-30 11:05:00,2,0.19252657850865043,0.24278203714561047,0.5646913843457392,2
2025-06-30 11:10:00,2,0.2031309004233021,0.25229244685646973,0.5445766527202281,2
2025-06-30 11:15:00,2,0.18994517427411625,0.2399836761085852,0.5700711496172987,2
2025-06-30 11:20:00,2,0.18608580380763526,0.24598466174264674,0.567929534449718,2
2025-06-30 11:25:00,2,0.1762656704624383,0.24247406705620886,0.5812602624813529,2
2025-06-30 11:30:00,2,0.16407854002718555,0.23136994552797013,0.6045515144448443,2
2025-06-30 11:35:00,2,0.17049619517588,0.2359445592147844,0.5935592456093356,2
2025-06-30 11:40:00,2,0.15960661120378622,0.21437040495306894,0.6260229838431448,2
2025-06-30 11:45:00,2,0.1500867291831862,0.19654831517300672,0.6533649556438071,2
2025-06-30 11:50:00,2,0.15614187240604488,0.18349122976994808,0.660366897824007,2
2025-06-30 11:55:00,2,0.15983566714271166,0.2022376168690428,0.6379267159882456,2
2025-06-30 12:00:00,0,0.15774205402977967,0.18261658145599685,0.6596413645142235,2
2025-06-30 12:05:00,2,0.15447279375793496,0.18799368777376324,0.6575335184683018,2
2025-06-30 12:10:00,2,0.05388315171717941,0.06095824186364356,0.8851586064191771,2
2025-06-30 12:15:00,2,0.026494642844226923,0.02857414418298758,0.9449312129727855,2
2025-06-30 12:20:00,1,0.1279908280896176,0.13534748258921836,0.736661689321164,2
2025-06-30 12:25:00,1,0.17897002325369155,0.22405108348957273,0.5969788932567357,2
2025-06-30 12:30:00,2,0.1733546615772117,0.24597899167554205,0.5806663467472463,2
2025-06-30 12:35:00,2,0.18242919244621283,0.25231688003500274,0.5652539275187844,1
2025-06-30 12:40:00,2,0.14880607310375465,0.23794032572740859,0.6132536011688368,2
2025-06-30 12:45:00,1,0.18701685298119433,0.2531565646132503,0.5598265824055554,1
2025-06-30 12:50:00,1,0.18244252952362455,0.245711828404028,0.5718456420723474,2
2025-06-30 12:55:00,2,0.02905628691302378,0.03143153840356145,0.9395121746834146,2
2025-06-30 13:00:00,2,0.03257306456508685,0.03290197745825503,0.934524957976658,2
2025-06-30 13:05:00,2,0.029070314874019895,0.03156970386634105,0.939359981259639,2
2025-06-30 13:10:00,2,0.026193103730577604,0.03135898166985646,0.9424479145995659,2
2025-06-30 13:15:00,2,0.0267702830665938,0.031024889050729827,0.9422048278826763,2
2025-06-30 13:20:00,2,0.03070631711336488,0.03302706215509134,0.9362666207315438,2
2025-06-30 13:25:00,2,0.19375767786794124,0.28675257339558935,0.5194897487364695,1
2025-06-30 13:30:00,1,0.19352630562551,0.28733737524716146,0.5191363191273286,1
2025-06-30 13:35:00,2,0.01916153535367193,0.03174959883893588,0.9490888658073922,2
2025-06-30 13:40:00,2,0.05643513352599311,0.26335595154901364,0.6802089149249932,2
2025-06-30 13:45:00,2,0.013192400672866362,0.28137455612262097,0.7054330432045127,2
2025-06-30 13:50:00,2,0.012278912720304742,0.26766273204313296,0.7200583552365624,2
2025-06-30 13:55:00,2,0.14916777947687626,0.2387048260237483,0.6121273944993755,2
2025-06-30 14:00:00,2,0.14763085072638205,0.26327067258763864,0.5890984766859794,1
2025-06-30 14:05:00,2,0.15126742917624547,0.24272192341147195,0.6060106474122825,2
2025-06-30 14:10:00,2,0.1591316149368736,0.25353062740417753,0.5873377576589489,1
2025-06-30 14:15:00,2,0.15395849804608916,0.2541142265920992,0.5919272753618117,1
2025-06-30 14:20:00,2,0.16057093160667818,0.26084567958137,0.5785833888119518,1
2025-06-30 14:25:00,2,0.15999990963533914,0.2604117190713969,0.579588371293264,1
2025-06-30 14:30:00,2,0.1713173638313763,0.2550634069462644,0.5736192292223593,1
2025-06-30 14:35:00,2,0.15932302670428009,0.2545927207215987,0.5860842525741212,1
2025-06-30 14:40:00,2,0.16620972807015258,0.25061560350213846,0.583174668427709,1
2025-06-30 14:45:00,2,0.17189780027902152,0.23078545631052091,0.5973167434104576,2
2025-06-30 14:50:00,2,0.18307898519579194,0.23967391950416111,0.5772470953000469,2
2025-06-30 14:55:00,2,0.16711037707271514,0.2148885721074502,0.6180010508198347,2
2025-06-30 15:00:00,2,0.17776513811481767,0.1887146490347721,0.6335202128504104,2
2025-06-30 15:05:00,2,0.23968563902370657,0.03389298463926043,0.7264213763370331,2
2025-06-30 15:10:00,2,0.2320359175080619,0.022800635086043613,0.7451634474058946,2
2025-06-30 15:15:00,2,0.18229299252797712,0.20297668740041083,0.614730320071612,2
2025-06-30 15:20:00,2,0.1761379125100464,0.19166328295679763,0.632198804533156,2
2025-06-30 15:25:00,2,0.18103646648333835,0.21585035438887146,0.6031131791277903,2
