timestamp,y_true,p_call,p_put,p_skip,signal
2025-04-01 09:15:00,2,0.010905794407804358,0.01691759568031741,0.9721766099118783,2
2025-04-01 09:20:00,2,0.011692314590165658,0.013795609955443539,0.9745120754543908,2
2025-04-01 09:25:00,0,0.1327367606323669,0.12082533037449264,0.7464379089931404,2
2025-04-01 09:30:00,2,0.12159026406109391,0.1114626814639401,0.7669470544749659,2
2025-04-01 09:35:00,2,0.11871114371032064,0.09930638778116882,0.7819824685085106,2
2025-04-01 09:40:00,2,0.11487545211491092,0.09879221266419864,0.7863323352208905,2
2025-04-01 09:45:00,1,0.14704570183121207,0.0841821483917493,0.7687721497770387,2
2025-04-01 09:50:00,1,0.19028495734895684,0.10114732567690272,0.7085677169741404,2
2025-04-01 09:55:00,1,0.1581084583335309,0.10057516061740311,0.741316381049066,2
2025-04-01 10:00:00,2,0.18613665888744693,0.1251111860937225,0.6887521550188306,2
2025-04-01 10:05:00,1,0.16854065120204217,0.1083753165186566,0.7230840322793013,2
2025-04-01 10:10:00,1,0.11951151477952437,0.11073639958661824,0.7697520856338573,2
2025-04-01 10:15:00,1,0.10703671173118207,0.12041549387528379,0.7725477943935342,2
2025-04-01 10:20:00,2,0.010045012547185733,0.01701090230955931,0.9729440851432549,2
2025-04-01 10:25:00,2,0.010700574335537819,0.01100937120699798,0.9782900544574642,2
2025-04-01 10:30:00,2,0.009076716266487182,0.010420672877023873,0.9805026108564889,2
2025-04-01 10:35:00,2,0.01070951774895695,0.014303055231780814,0.9749874270192622,2
2025-04-01 10:40:00,2,0.012412983732639831,0.018875560463539297,0.9687114558038209,2
2025-04-01 10:45:00,2,0.010765906847323998,0.01743218872013316,0.9718019044325429,2
2025-04-01 10:50:00,2,0.013405838409776336,0.014573198394697276,0.9720209631955264,2
2025-04-01 10:55:00,2,0.010454350591935176,0.020637946688002787,0.968907702720062,2
2025-04-01 11:00:00,2,0.009735796866031378,0.01774756553927738,0.9725166375946912,2
2025-04-01 11:05:00,2,0.008024610452179755,0.015483196718331524,0.9764921928294887,2
2025-04-01 11:10:00,2,0.008502113436951312,0.1997423737440393,0.7917555128190095,2
2025-04-01 11:15:00,1,0.010631432305743005,0.23357697958120105,0.7557915881130559,2
2025-04-01 11:20:00,1,0.011856058115551566,0.23001242810179218,0.7581315137826562,2
2025-04-01 11:25:00,1,0.012911528093237302,0.23298884552082746,0.7540996263859352,2
2025-04-01 11:30:00,2,0.012054155149864163,0.23392436183807935,0.7540214830120565,2
2025-04-01 11:35:00,1,0.012054155149864163,0.22643821649623794,0.761507628353898,2
2025-04-01 11:40:00,2,0.01181773149639075,0.2504524556598169,0.7377298128437924,2
2025-04-01 11:45:00,1,0.011864436907035819,0.24992821389854447,0.7382073491944197,2
2025-04-01 11:50:00,2,0.012252543981843323,0.2533588033355093,0.7343886526826473,2
2025-04-01 11:55:00,2,0.014313025338146162,0.25670500918841893,0.7289819654734349,2
2025-04-01 12:00:00,2,0.010833800339552044,0.2701108962237524,0.7190553034366955,2
2025-04-01 12:05:00,2,0.08427924511935701,0.24257660368416759,0.6731441511964754,2
2025-04-01 12:10:00,2,0.09628451442961715,0.2421534660390633,0.6615620195313195,2
2025-04-01 12:15:00,2,0.08646488616440579,0.26155382943668637,0.6519812843989079,2
2025-04-01 12:20:00,0,0.12350109229672579,0.26666774962882955,0.6098311580744447,1
2025-04-01 12:25:00,2,0.10986915079464199,0.2537105752718991,0.636420273933459,1
2025-04-01 12:30:00,2,0.09962932851720148,0.2631836323044331,0.6371870391783654,1
2025-04-01 12:35:00,1,0.10722834680431405,0.2619561182702841,0.6308155349254019,1
2025-04-01 12:40:00,1,0.11910038358546024,0.268215103233741,0.6126845131807988,1
2025-04-01 12:45:00,1,0.11547109266016678,0.27016304792554374,0.6143658594142895,1
2025-04-01 12:50:00,1,0.1066343681871501,0.2771991446012866,0.6161664872115633,1
2025-04-01 12:55:00,2,0.09592688100292981,0.2872724641639207,0.6168006548331495,1
2025-04-01 13:00:00,2,0.06818525294173007,0.27311116533562135,0.6587035817226486,2
2025-04-01 13:05:00,1,0.08157450699512844,0.26165152026369765,0.656773972741174,2
2025-04-01 13:10:00,1,0.09369650975707328,0.27010628146499593,0.6361972087779308,1
2025-04-01 13:15:00,2,0.08021798858219545,0.28425935123892104,0.6355226601788835,1
2025-04-01 13:20:00,2,0.03845861893559868,0.28525371406527,0.6762876669991313,2
2025-04-01 13:25:00,2,0.013713190921998304,0.25162342990340675,0.734663379174595,2
2025-04-01 13:30:00,2,0.10429739428348697,0.26976761912160274,0.6259349865949103,1
2025-04-01 13:35:00,2,0.04739073864081186,0.20189630993706006,0.7507129514221281,2
2025-04-01 13:40:00,2,0.0518346126357311,0.22471444173215954,0.7234509456321093,2
2025-04-01 13:45:00,2,0.05101970451219347,0.2421017514840127,0.7068785440037939,2
2025-04-01 13:50:00,2,0.04780304037301034,0.23280135220235154,0.7193956074246382,2
2025-04-01 13:55:00,2,0.04955761282447087,0.24547367206587997,0.7049687151096491,2
2025-04-01 14:00:00,1,0.060431751574893194,0.22958156578682995,0.7099866826382768,2
2025-04-01 14:05:00,2,0.059796010966289795,0.2500686568158087,0.6901353322179016,2
2025-04-01 14:10:00,2,0.052115250127018606,0.19098528305234214,0.7568994668206392,2
2025-04-01 14:15:00,2,0.05055568508139391,0.23189104722652765,0.7175532676920784,2
2025-04-01 14:20:00,2,0.057639019378377204,0.21396451824140422,0.7283964623802187,2
2025-04-01 14:25:00,2,0.04768239859401098,0.19625400165037554,0.7560635997556133,2
2025-04-01 14:30:00,2,0.05084616875184903,0.22694379727718705,0.7222100339709638,2
2025-04-01 14:35:00,2,0.050806925907464245,0.23304075443488298,0.7161523196576528,2
2025-04-01 14:40:00,2,0.04320571339417189,0.22471072099416337,0.7320835656116648,2
2025-04-01 14:45:00,2,0.04766697651263654,0.20070035458045865,0.7516326689069048,2
2025-04-01 14:50:00,2,0.04766934181162326,0.22943683952740745,0.7228938186609694,2
2025-04-01 14:55:00,2,0.05000856520247986,0.19201926546596004,0.7579721693315601,2
2025-04-01 15:00:00,2,0.04792494739061631,0.19967552008848843,0.7523995325208952,2
2025-04-01 15:05:00,2,0.053815279321640194,0.19550338177642432,0.7506813389019354,2
2025-04-01 15:10:00,2,0.04894666925648104,0.16539974124796308,0.7856535894955559,2
2025-04-01 15:15:00,2,0.05044942013438409,0.17443178543432306,0.775118794431293,2
2025-04-01 15:20:00,2,0.049581986069077,0.18173460066387864,0.7686834132670444,2
2025-04-01 15:25:00,2,0.05136679498403529,0.16369382267489388,0.7849393823410709,2
2025-04-02 09:15:00,0,0.12151412949547996,0.1685886652539343,0.7098972052505859,2
2025-04-02 09:20:00,0,0.1511578307473767,0.16795091569061005,0.6808912535620133,2
2025-04-02 09:25:00,2,0.22211457342297203,0.01164077529638134,0.7662446512806467,2
2025-04-02 09:30:00,2,0.19696439829818924,0.005116166390805264,0.7979194353110055,2
2025-04-02 09:35:00,2,0.22838672382737524,0.01142874269321264,0.7601845334794122,2
2025-04-02 09:40:00,2,0.18512260358101648,0.18332257257699824,0.6315548238419854,2
2025-04-02 09:45:00,2,0.18723629113357212,0.17982937356870968,0.6329343352977183,2
2025-04-02 09:50:00,2,0.15142244847532946,0.1788873331505111,0.6696902183741595,2
2025-04-02 09:55:00,2,0.15959769162444465,0.17800534965365045,0.6623969587219048,2
2025-04-02 10:00:00,2,0.13179013303756082,0.167414203122367,0.7007956638400722,2
2025-04-02 10:05:00,2,0.10911104579358853,0.15356484494988723,0.7373241092565243,2
2025-04-02 10:10:00,2,0.08099080804059428,0.1079074019248274,0.8111017900345783,2
2025-04-02 10:15:00,2,0.08270147002504626,0.12541562909185913,0.7918829008830947,2
2025-04-02 10:20:00,2,0.09639834251484367,0.1335533155074,0.7700483419777564,2
2025-04-02 10:25:00,2,0.08228826703459582,0.06740350082813845,0.8503082321372657,2
2025-04-02 10:30:00,2,0.058880375279106174,0.0481138976303914,0.8930057270905024,2
2025-04-02 10:35:00,0,0.17025801779434863,0.11906538698661509,0.7106765952190363,2
2025-04-02 10:40:00,0,0.19598363703334232,0.1332302947021105,0.6707860682645472,2
2025-04-02 10:45:00,2,0.0947380474436204,0.0457715313475278,0.8594904212088518,2
2025-04-02 10:50:00,2,0.016741503515462018,0.012047066532087657,0.9712114299524504,2
2025-04-02 10:55:00,2,0.0179854128696431,0.01200382849077647,0.9700107586395805,2
2025-04-02 11:00:00,2,0.0225676232646434,0.013407200767531007,0.9640251759678257,2
2025-04-02 11:05:00,2,0.21134382926134487,0.1082698738097952,0.6803862969288599,2
2025-04-02 11:10:00,1,0.2000760532578908,0.10612669819437869,0.6937972485477305,2
2025-04-02 11:15:00,2,0.20232915260457587,0.16786093323494397,0.6298099141604802,2
2025-04-02 11:20:00,2,0.19275993315127005,0.16174950757282647,0.6454905592759035,2
2025-04-02 11:25:00,2,0.20500284482311704,0.17924802023044495,0.615749134946438,2
2025-04-02 11:30:00,2,0.18301599945720226,0.16389161328702678,0.653092387255771,2
2025-04-02 11:35:00,1,0.16841385560813588,0.14984349412160955,0.6817426502702546,2
2025-04-02 11:40:00,2,0.2231150343083025,0.17617041754237553,0.600714548149322,2
2025-04-02 11:45:00,1,0.21281973781933,0.13407838187361998,0.6531018803070501,2
2025-04-02 11:50:00,2,0.21539252253912067,0.16872627718543798,0.6158812002754414,2
2025-04-02 11:55:00,0,0.223794313932959,0.15373972150262138,0.6224659645644196,2
2025-04-02 12:00:00,0,0.2107709616893842,0.16845953685991832,0.6207695014506975,2
2025-04-02 12:05:00,2,0.1907598037568992,0.154525936058384,0.6547142601847168,2
2025-04-02 12:10:00,2,0.1824205434116713,0.10444622046604211,0.7131332361222866,2
2025-04-02 12:15:00,2,0.17949501361699555,0.08502776081154008,0.7354772255714644,2
2025-04-02 12:20:00,2,0.18510760049291475,0.06863601990595793,0.7462563796011273,2
2025-04-02 12:25:00,2,0.19692780726679102,0.11018943938999864,0.6928827533432104,2
2025-04-02 12:30:00,2,0.1922426828448937,0.08420386890864776,0.7235534482464585,2
2025-04-02 12:35:00,2,0.17995849308177564,0.11161012316658785,0.7084313837516365,2
2025-04-02 12:40:00,2,0.004485148356423124,0.004496272912895507,0.9910185787306813,2
2025-04-02 12:45:00,2,0.004807538476434236,0.004494770275275712,0.9906976912482901,2
2025-04-02 12:50:00,2,0.005417103619279001,0.010560930840379448,0.9840219655403416,2
2025-04-02 12:55:00,2,0.010408569653631348,0.009892772328508456,0.9796986580178602,2
2025-04-02 13:00:00,2,0.0046149171580141535,0.010637971964042158,0.9847471108779438,2
2025-04-02 13:05:00,2,0.004484668253828127,0.004498207760862455,0.9910171239853094,2
2025-04-02 13:10:00,2,0.1561259699467095,0.06048963017027797,0.7833843998830126,2
2025-04-02 13:15:00,2,0.14009531959480567,0.05727539716150065,0.8026292832436936,2
2025-04-02 13:20:00,2,0.16315476296718662,0.058814032414514716,0.7780312046182987,2
2025-04-02 13:25:00,2,0.004773065072204607,0.011616382903408239,0.9836105520243872,2
2025-04-02 13:30:00,2,0.004773065072193484,0.011616382903409416,0.9836105520243971,2
2025-04-02 13:35:00,2,0.004484573727868228,0.004500553054906249,0.9910148732172255,2
2025-04-02 13:40:00,2,0.004484771818679775,0.004496211339146295,0.991019016842174,2
2025-04-02 13:45:00,2,0.008719448913979102,0.00474213560701649,0.9865384154790044,2
2025-04-02 13:50:00,2,0.009719597413859958,0.004839645182673248,0.9854407574034668,2
2025-04-02 13:55:00,2,0.12617436507815663,0.05089613462842637,0.822929500293417,2
2025-04-02 14:00:00,2,0.08986403949455053,0.04119211281760072,0.8689438476878488,2
2025-04-02 14:05:00,2,0.10186552112920771,0.045993650954221116,0.8521408279165712,2
2025-04-02 14:10:00,2,0.10412667122274309,0.0763285477127162,0.8195447810645408,2
2025-04-02 14:15:00,2,0.1168559781413225,0.04671760943977749,0.8364264124189,2
2025-04-02 14:20:00,2,0.11338536807938271,0.045767303358984726,0.8408473285616327,2
2025-04-02 14:25:00,2,0.0955216254676158,0.0409781374088739,0.8635002371235103,2
2025-04-02 14:30:00,2,0.07396672988503447,0.043323566218224745,0.8827097038967409,2
2025-04-02 14:35:00,2,0.10833137092497125,0.04786640566821971,0.843802223406809,2
2025-04-02 14:40:00,2,0.004769614656566422,0.010994571323529828,0.9842358140199038,2
2025-04-02 14:45:00,2,0.004484248102328803,0.004508596061600073,0.9910071558360711,2
2025-04-02 14:50:00,2,0.004484842186597911,0.004496208486161296,0.9910189493272408,2
2025-04-02 14:55:00,2,0.004642757466518177,0.01070190886317602,0.9846553336703058,2
2025-04-02 15:00:00,2,0.005118642627727236,0.020100246352925785,0.9747811110193471,2
2025-04-02 15:05:00,2,0.005079343354734716,0.014134804083584154,0.9807858525616812,2
2025-04-02 15:10:00,2,0.004940436580919201,0.01250936224615774,0.982550201172923,2
2025-04-02 15:15:00,2,0.004614916385255211,0.010637972038257094,0.9847471115764876,2
2025-04-02 15:20:00,2,0.004614916385255996,0.010637972038257023,0.984747111576487,2
2025-04-02 15:25:00,2,0.0962061444772364,0.0390624083711421,0.8647314471516215,2
2025-04-03 09:15:00,2,0.09826425965920793,0.0128093719391195,0.8889263684016726,2
2025-04-03 09:20:00,2,0.11459118700366028,0.07483695426411041,0.8105718587322293,2
2025-04-03 09:25:00,2,0.11444776681713456,0.11464795198595962,0.7709042811969058,2
2025-04-03 09:30:00,2,0.1434848104245643,0.11943251983766354,0.7370826697377721,2
2025-04-03 09:35:00,2,0.17222303577760067,0.11916248578184876,0.7086144784405506,2
2025-04-03 09:40:00,2,0.15451917915796773,0.11454137964338529,0.730939441198647,2
2025-04-03 09:45:00,2,0.12850664635201192,0.1221130589939385,0.7493802946540495,2
2025-04-03 09:50:00,2,0.12042964915779289,0.11251989892795003,0.767050451914257,2
2025-04-03 09:55:00,0,0.1190787091082978,0.13073156876775174,0.7501897221239505,2
2025-04-03 10:00:00,2,0.12697994312819633,0.10670961311679866,0.766310443755005,2
2025-04-03 10:05:00,2,0.07778988096667919,0.08509706551020751,0.8371130535231133,2
2025-04-03 10:10:00,2,0.07302077940426503,0.07194270713821846,0.8550365134575165,2
2025-04-03 10:15:00,2,0.09466042378604222,0.08231350157278458,0.8230260746411732,2
2025-04-03 10:20:00,2,0.09713016164932599,0.050180543934589074,0.8526892944160849,2
2025-04-03 10:25:00,2,0.06853728435379022,0.037963565579396466,0.8934991500668132,2
2025-04-03 10:30:00,2,0.10104431660781277,0.04564533411313425,0.853310349279053,2
2025-04-03 10:35:00,2,0.20844381723582445,0.09017939241423258,0.7013767903499429,2
2025-04-03 10:40:00,2,0.22421429255376438,0.09530181238695994,0.6804838950592758,2
2025-04-03 10:45:00,2,0.2100578870052159,0.10448960943041988,0.6854525035643642,2
2025-04-03 10:50:00,2,0.20839404106638101,0.08820241409652281,0.7034035448370962,2
2025-04-03 10:55:00,2,0.21344900239112555,0.07055051854533347,0.716000479063541,2
2025-04-03 11:00:00,2,0.21504688614105624,0.10387552236254631,0.6810775914963975,2
2025-04-03 11:05:00,2,0.19651810348861296,0.09107066864434236,0.7124112278670447,2
2025-04-03 11:10:00,2,0.17393962643996247,0.08513524813563314,0.7409251254244044,2
2025-04-03 11:15:00,2,0.20278621953514742,0.09844382091355472,0.6987699595512978,2
2025-04-03 11:20:00,2,0.19003576016439244,0.08856387350753815,0.7214003663280694,2
2025-04-03 11:25:00,2,0.1671079791303229,0.09171652078493493,0.7411755000847422,2
2025-04-03 11:30:00,2,0.17347788798754918,0.08871554663373521,0.7378065653787156,2
2025-04-03 11:35:00,2,0.17512012409809857,0.06944984090575748,0.7554300349961439,2
2025-04-03 11:40:00,2,0.16301607292765463,0.05733932935676995,0.7796445977155754,2
2025-04-03 11:45:00,2,0.12286690549132152,0.06474821151752248,0.812384882991156,2
2025-04-03 11:50:00,2,0.15554571164595277,0.04004681121293313,0.804407477141114,2
2025-04-03 11:55:00,2,0.14712004988845145,0.043783769468564014,0.8090961806429846,2
2025-04-03 12:00:00,2,0.16389339630196334,0.03980053674287584,0.7963060669551608,2
2025-04-03 12:05:00,2,0.15075681275635716,0.039539723207832084,0.8097034640358108,2
2025-04-03 12:10:00,2,0.14095582853778735,0.0475017407033332,0.8115424307588796,2
2025-04-03 12:15:00,2,0.13725376151072585,0.044591397766134216,0.81815484072314,2
2025-04-03 12:20:00,2,0.1474489737889615,0.046274795402025906,0.8062762308090127,2
2025-04-03 12:25:00,2,0.12774343815155423,0.05611392604048212,0.8161426358079635,2
2025-04-03 12:30:00,2,0.11356680987342503,0.05960738183070478,0.8268258082958703,2
2025-04-03 12:35:00,2,0.10779591514029753,0.04769181671712125,0.8445122681425812,2
2025-04-03 12:40:00,2,0.12337669644738478,0.07483635789867227,0.8017869456539429,2
2025-04-03 12:45:00,2,0.030281127429639204,0.02492687054988414,0.9447920020204766,2
2025-04-03 12:50:00,2,0.11101704395671091,0.08664095938596353,0.8023419966573255,2
2025-04-03 12:55:00,2,0.11516436880624098,0.05881700093795848,0.8260186302558006,2
2025-04-03 13:00:00,2,0.11685743492132325,0.08648059207548867,0.7966619730031881,2
2025-04-03 13:05:00,2,0.12973907720432382,0.0708664588393436,0.7993944639563326,2
2025-04-03 13:10:00,2,0.11885330821402465,0.0828421346915735,0.7983045570944018,2
2025-04-03 13:15:00,2,0.10929190454322592,0.08198238698334905,0.8087257084734251,2
2025-04-03 13:20:00,2,0.08858068858846942,0.08359895973920313,0.8278203516723275,2
2025-04-03 13:25:00,2,0.10892299407558438,0.06244868792223004,0.8286283180021856,2
2025-04-03 13:30:00,2,0.10519251039200767,0.04085992092251406,0.8539475686854783,2
2025-04-03 13:35:00,2,0.08497434178614399,0.03930252431815978,0.8757231338956962,2
2025-04-03 13:40:00,2,0.09166465648194931,0.043246917183333816,0.8650884263347169,2
2025-04-03 13:45:00,2,0.08514583214246886,0.03886594217326991,0.8759882256842613,2
2025-04-03 13:50:00,2,0.08791709667109997,0.03838278379173988,0.8737001195371602,2
2025-04-03 13:55:00,2,0.1031900456210676,0.04480833762897171,0.8520016167499607,2
2025-04-03 14:00:00,2,0.09805979994194539,0.04242326721854532,0.8595169328395093,2
2025-04-03 14:05:00,2,0.09141746999999098,0.04055449234244349,0.8680280376575655,2
2025-04-03 14:10:00,2,0.08497679737262068,0.04707467092897605,0.8679485316984032,2
2025-04-03 14:15:00,2,0.09611013005393826,0.0404073673373523,0.8634825026087094,2
2025-04-03 14:20:00,2,0.09294272379837251,0.042664203608833384,0.8643930725927941,2
2025-04-03 14:25:00,2,0.11140548069675635,0.048573030332976046,0.8400214889702676,2
2025-04-03 14:30:00,2,0.10594334325325587,0.05848846285577547,0.8355681938909687,2
2025-04-03 14:35:00,2,0.0771224229920902,0.057669715248574234,0.8652078617593356,2
2025-04-03 14:40:00,2,0.09629981077610181,0.05033104767027217,0.853369141553626,2
2025-04-03 14:45:00,2,0.08427682632087491,0.06674162867904943,0.8489815450000757,2
2025-04-03 14:50:00,2,0.08926629626058188,0.05710702734689485,0.8536266763925233,2
2025-04-03 14:55:00,2,0.08859744150088049,0.05629042778683858,0.855112130712281,2
2025-04-03 15:00:00,2,0.09544664238016166,0.06256879134632588,0.8419845662735125,2
2025-04-03 15:05:00,2,0.08262346885745822,0.04613137357817101,0.8712451575643708,2
2025-04-03 15:10:00,2,0.0831092148203346,0.050578581233725495,0.8663122039459399,2
2025-04-03 15:15:00,2,0.06321667995643566,0.06042924057926553,0.8763540794642988,2
2025-04-03 15:20:00,2,0.08715265486923388,0.050096454700044035,0.8627508904307221,2
2025-04-03 15:25:00,2,0.0743786709827637,0.08506636513174246,0.8405549638854938,2
2025-04-04 09:15:00,2,0.008914005274875533,0.012721022071166103,0.9783649726539584,2
2025-04-04 09:20:00,2,0.009561462286077323,0.004813600300439178,0.9856249374134836,2
2025-04-04 09:25:00,2,0.010354944284716198,0.21734115754687278,0.772303898168411,2
2025-04-04 09:30:00,1,0.226499640966793,0.1578624904144844,0.6156378686187226,2
2025-04-04 09:35:00,1,0.20171435560114714,0.16047220164266734,0.6378134427561855,2
2025-04-04 09:40:00,1,0.013489924388211729,0.21139183964440827,0.77511823596738,2
2025-04-04 09:45:00,1,0.01350068299604168,0.2146868534911343,0.7718124635128241,2
2025-04-04 09:50:00,2,0.011784907129739416,0.21164413050097472,0.7765709623692859,2
2025-04-04 09:55:00,1,0.009760110928760043,0.20032117706086772,0.7899187120103722,2
2025-04-04 10:00:00,2,0.01027635873176825,0.20245328380148553,0.7872703574667463,2
2025-04-04 10:05:00,1,0.010352093972189912,0.19564845322759036,0.7939994528002198,2
2025-04-04 10:10:00,2,0.010086120570193922,0.14498218509327154,0.8449316943365346,2
2025-04-04 10:15:00,1,0.016061135862174,0.180454612825418,0.8034842513124081,2
2025-04-04 10:20:00,2,0.011906039454540593,0.15891040922492172,0.8291835513205377,2
2025-04-04 10:25:00,2,0.015452910153154463,0.1507400359532609,0.8338070538935846,2
2025-04-04 10:30:00,2,0.013574037490449536,0.15914922616003305,0.8272767363495174,2
2025-04-04 10:35:00,2,0.1624089812493735,0.16643489484849872,0.6711561239021279,2
2025-04-04 10:40:00,0,0.1433458581381447,0.1934341459343343,0.663219995927521,2
2025-04-04 10:45:00,0,0.12675209826942346,0.21601046342600982,0.6572374383045667,2
2025-04-04 10:50:00,0,0.1132541985530711,0.2094492445527919,0.6772965568941369,2
2025-04-04 10:55:00,2,0.11045694013060732,0.2571662256124727,0.63237683425692,1
2025-04-04 11:00:00,2,0.11111921263938986,0.24417607542332082,0.6447047119372894,2
2025-04-04 11:05:00,1,0.11986356324330073,0.2556018429726717,0.6245345937840276,1
2025-04-04 11:10:00,2,0.16827235473188368,0.24720646825160922,0.5845211770165071,2
2025-04-04 11:15:00,2,0.14868468842699809,0.2679534169767136,0.5833618945962883,1
2025-04-04 11:20:00,2,0.15753145401179375,0.27081579259160604,0.5716527533966003,1
2025-04-04 11:25:00,1,0.14925414795793346,0.26926212532932764,0.5814837267127388,1
2025-04-04 11:30:00,1,0.14730355510678622,0.24489561802024806,0.6078008268729658,2
2025-04-04 11:35:00,2,0.13853757878140902,0.2880862620675744,0.5733761591510167,1
2025-04-04 11:40:00,2,0.1486866729206313,0.2674194510622694,0.5838938760170993,1
2025-04-04 11:45:00,2,0.12479086629161414,0.27688519903941805,0.5983239346689678,1
2025-04-04 11:50:00,2,0.10742011181121341,0.2890688887910147,0.6035109993977719,1
2025-04-04 11:55:00,2,0.11554054304886188,0.2844847838225537,0.5999746731285844,1
2025-04-04 12:00:00,0,0.09203746312900944,0.2818156118086071,0.6261469250623835,1
2025-04-04 12:05:00,0,0.08718576469345767,0.2910872609251292,0.6217269743814132,1
2025-04-04 12:10:00,2,0.08155320014128707,0.28300479659785044,0.6354420032608625,1
2025-04-04 12:15:00,2,0.09655744200075284,0.2591516002529031,0.644290957746344,1
2025-04-04 12:20:00,1,0.07993030024306617,0.2810566081395869,0.6390130916173469,1
2025-04-04 12:25:00,2,0.07286161693408783,0.2831724956586066,0.6439658874073056,1
2025-04-04 12:30:00,2,0.06958382717178911,0.28922050189507165,0.6411956709331393,1
2025-04-04 12:35:00,2,0.06759184904713111,0.28332278900708213,0.6490853619457867,1
2025-04-04 12:40:00,2,0.057355947449575784,0.28372652012980604,0.6589175324206182,2
2025-04-04 12:45:00,2,0.06157811975712879,0.2740668572437138,0.6643550229991574,2
2025-04-04 12:50:00,0,0.06003835420556605,0.2735964400995969,0.666365205694837,2
2025-04-04 12:55:00,1,0.049634506665532444,0.28468509040770623,0.6656804029267613,2
2025-04-04 13:00:00,2,0.06507593427029738,0.2768411756812505,0.6580828900484522,2
2025-04-04 13:05:00,2,0.06731014301523328,0.2648042773392686,0.6678855796454982,2
2025-04-04 13:10:00,2,0.07243799618467388,0.26090840568172036,0.6666535981336058,2
2025-04-04 13:15:00,2,0.054651990687209426,0.2516137424155991,0.6937342668971915,2
2025-04-04 13:20:00,2,0.057470061481865106,0.261737242780544,0.6807926957375908,2
2025-04-04 13:25:00,1,0.05919070567146598,0.2594098983707524,0.6813993959577817,2
2025-04-04 13:30:00,1,0.05945278505623564,0.2641424279114965,0.6764047870322679,2
2025-04-04 13:35:00,1,0.04281298208802824,0.24711920601948253,0.7100678118924892,2
2025-04-04 13:40:00,2,0.010631432305743005,0.2472764777170933,0.7420920899771637,2
2025-04-04 13:45:00,2,0.010354944284716198,0.24642601458387786,0.7432190411314059,2
2025-04-04 13:50:00,2,0.010665221468822995,0.24214924749774774,0.7471855310334292,2
2025-04-04 13:55:00,2,0.009760110928760043,0.24414273123780286,0.7460971578334371,2
2025-04-04 14:00:00,2,0.011620085487051826,0.24464531010302856,0.7437346044099196,2
2025-04-04 14:05:00,2,0.039446005146706105,0.23788250942008868,0.7226714854332053,2
2025-04-04 14:10:00,2,0.04072294354452296,0.2487905951645779,0.7104864612908991,2
2025-04-04 14:15:00,2,0.04051914477448619,0.21790061328655078,0.7415802419389631,2
2025-04-04 14:20:00,2,0.047572570553784485,0.25184887759961117,0.7005785518466043,2
2025-04-04 14:25:00,2,0.04211276004956554,0.2451016434040174,0.712785596546417,2
2025-04-04 14:30:00,2,0.04058387043938273,0.22424082632602738,0.7351753032345899,2
2025-04-04 14:35:00,2,0.034942064276103364,0.2065540346725178,0.7585039010513789,2
2025-04-04 14:40:00,2,0.014461439756996309,0.23860157768142168,0.746936982561582,2
2025-04-04 14:45:00,2,0.015982201864194353,0.230808944178867,0.7532088539569387,2
2025-04-04 14:50:00,2,0.01714467287871347,0.22735217730042556,0.755503149820861,2
2025-04-04 14:55:00,2,0.016173523345357738,0.2244691609832099,0.7593573156714324,2
2025-04-04 15:00:00,2,0.03983246007550767,0.24529956985098997,0.7148679700735024,2
2025-04-04 15:05:00,2,0.04601236983019151,0.23249089753810465,0.7214967326317039,2
2025-04-04 15:10:00,2,0.05169691466627782,0.19054248602845297,0.7577605993052692,2
2025-04-04 15:15:00,2,0.03837872966317726,0.19523493816940868,0.766386332167414,2
2025-04-04 15:20:00,2,0.03256462622757422,0.20584117025485518,0.7615942035175706,2
2025-04-04 15:25:00,2,0.04462933103549716,0.21592183078549135,0.7394488381790115,2
2025-04-07 09:15:00,2,0.015433106910934219,0.22778893464348635,0.7567779584455794,2
2025-04-07 09:20:00,2,0.01287471707595164,0.22807883858778796,0.7590464443362605,2
2025-04-07 09:25:00,2,0.008666373426204155,0.24015567032359286,0.751177956250203,2
2025-04-07 09:30:00,1,0.008939304399444575,0.25207084507077215,0.7389898505297833,2
2025-04-07 09:35:00,2,0.012352964897938292,0.242744406170173,0.7449026289318886,2
2025-04-07 09:40:00,1,0.00788807068034286,0.25751782710864557,0.7345941022110116,2
2025-04-07 09:45:00,1,0.009052724112651976,0.26363199193836223,0.7273152839489858,2
2025-04-07 09:50:00,1,0.009698701529225114,0.2653859892016067,0.7249153092691681,2
2025-04-07 09:55:00,1,0.004973135738087013,0.2571528277288412,0.7378740365330718,2
2025-04-07 10:00:00,1,0.012141478975771143,0.27651455161148786,0.711343969412741,2
2025-04-07 10:05:00,1,0.012911528093237305,0.3037945630051902,0.6832939089015725,2
2025-04-07 10:10:00,2,0.01070951774895695,0.28222678955294,0.7070636926981031,2
2025-04-07 10:15:00,2,0.013693210432644815,0.29809179979394557,0.6882149897734096,2
2025-04-07 10:20:00,2,0.010663169680343304,0.2997541113306894,0.6895827189889674,2
2025-04-07 10:25:00,2,0.3456091474069392,0.11480258239207042,0.5395882702009903,0
2025-04-07 10:30:00,0,0.4655288554469757,0.10612988110608296,0.4283412634469413,0
2025-04-07 10:35:00,0,0.5871781114798524,0.13753108439737907,0.2752908041227686,0
2025-04-07 10:40:00,1,0.5439231647949269,0.15914508335132047,0.2969317518537528,0
2025-04-07 10:45:00,1,0.4511324817211324,0.18950482181190398,0.3593626964669636,0
2025-04-07 10:50:00,1,0.6285984217784396,0.14690832148844357,0.22449325673311676,0
2025-04-07 10:55:00,2,0.5685182657024056,0.15889844505215672,0.2725832892454378,0
2025-04-07 11:00:00,2,0.5500665480227726,0.18089571243501992,0.2690377395422075,0
2025-04-07 11:05:00,1,0.5196542673762197,0.18494964374756384,0.2953960888762166,0
2025-04-07 11:10:00,0,0.5381803168610434,0.16295058593792322,0.2988690972010334,0
2025-04-07 11:15:00,0,0.5200538617533013,0.18506203263091167,0.29488410561578704,0
2025-04-07 11:20:00,0,0.5173223725687035,0.22635392921438388,0.25632369821691275,0
2025-04-07 11:25:00,2,0.5135074047351078,0.16356863105785682,0.32292396420703545,0
2025-04-07 11:30:00,1,0.5151885001414667,0.16232871404843285,0.3224827858101005,0
2025-04-07 11:35:00,1,0.5681977059353203,0.1295153255970258,0.30228696846765407,0
2025-04-07 11:40:00,1,0.5669201299501847,0.1627438789957046,0.27033599105411066,0
2025-04-07 11:45:00,1,0.45380809845152825,0.18095257966106038,0.3652393218874114,0
2025-04-07 11:50:00,1,0.39826096981940035,0.17225318951759913,0.4294858406630006,0
2025-04-07 11:55:00,1,0.41221484170113587,0.22544641157283632,0.36233874672602784,0
2025-04-07 12:00:00,1,0.29935627823935923,0.18122174028318794,0.5194219814774528,2
2025-04-07 12:05:00,1,0.01636813957153145,0.27639490978140735,0.7072369506470612,2
2025-04-07 12:10:00,1,0.01612841613046044,0.26694380303501564,0.7169277808345239,2
2025-04-07 12:15:00,1,0.01623075879617155,0.26011351575397273,0.7236557254498557,2
2025-04-07 12:20:00,2,0.016817117615295887,0.2527569222217978,0.7304259601629063,2
2025-04-07 12:25:00,2,0.016229178008147535,0.2531767929312972,0.7305940290605553,2
2025-04-07 12:30:00,2,0.013489924388211729,0.3156368801910078,0.6708731954207805,2
2025-04-07 12:35:00,0,0.5603062958295297,0.1693200036023256,0.27037370056814464,0
2025-04-07 12:40:00,1,0.5274261456489081,0.18515098659172102,0.2874228677593709,0
2025-04-07 12:45:00,1,0.491871339180574,0.2150396756200003,0.2930889851994257,0
2025-04-07 12:50:00,2,0.578490503306249,0.14273273123857202,0.27877676545517904,0
2025-04-07 12:55:00,2,0.5448963774481156,0.16015163775744834,0.2949519847944361,0
2025-04-07 13:00:00,1,0.5439904204534598,0.17198399349608362,0.2840255860504566,0
2025-04-07 13:05:00,2,0.5442551569585496,0.16186708140580358,0.2938777616356467,0
2025-04-07 13:10:00,0,0.566160007186085,0.1635760997999032,0.27026389301401194,0
2025-04-07 13:15:00,0,0.560649081528542,0.16801646058255612,0.27133445788890204,0
2025-04-07 13:20:00,0,0.595600901642393,0.18119935877388857,0.22319973958371844,0
2025-04-07 13:25:00,0,0.4903398360345712,0.21548860764217787,0.294171556323251,0
2025-04-07 13:30:00,0,0.47558575998313557,0.23966611267600174,0.2847481273408627,0
2025-04-07 13:35:00,0,0.283420450935466,0.11019257034699502,0.606386978717539,2
2025-04-07 13:40:00,2,0.24279918735264144,0.09449044380006374,0.6627103688472948,2
2025-04-07 13:45:00,0,0.29043352627565616,0.1347315592680851,0.5748349144562588,2
2025-04-07 13:50:00,0,0.315971594044434,0.01474957048760917,0.6692788354679569,2
2025-04-07 13:55:00,2,0.2541004463740772,0.15110902156130604,0.5947905320646167,2
2025-04-07 14:00:00,2,0.3222623585209376,0.01710731337881334,0.660630328100249,2
2025-04-07 14:05:00,2,0.279984616230647,0.016869724690234796,0.7031456590791182,2
2025-04-07 14:10:00,2,0.22067444852357881,0.1656100902222069,0.6137154612542143,2
2025-04-07 14:15:00,0,0.19131121465809803,0.16640014680647175,0.6422886385354303,2
2025-04-07 14:20:00,2,0.18071636262647994,0.1302023048239414,0.6890813325495786,2
2025-04-07 14:25:00,2,0.18455006080048977,0.11490060778216071,0.7005493314173495,2
2025-04-07 14:30:00,2,0.019273577441598713,0.017854122005210277,0.962872300553191,2
2025-04-07 14:35:00,2,0.21468761829963784,0.1761740939139184,0.6091382877864439,2
2025-04-07 14:40:00,0,0.20182488892994815,0.1688038264853652,0.6293712845846866,2
2025-04-07 14:45:00,0,0.21286293440896736,0.16993186469836674,0.6172052008926658,2
2025-04-07 14:50:00,0,0.21786404300313805,0.168458581280557,0.613677375716305,2
2025-04-07 14:55:00,0,0.22616117407495634,0.17587301998550928,0.5979658059395344,2
2025-04-07 15:00:00,2,0.01201635607711915,0.015079736630360163,0.9729039072925207,2
2025-04-07 15:05:00,2,0.009845112665243513,0.013276549240049283,0.9768783380947073,2
2025-04-07 15:10:00,2,0.012341376506426048,0.010795540664527944,0.9768630828290461,2
2025-04-07 15:15:00,2,0.016121695049425948,0.011371152921375936,0.9725071520291981,2
2025-04-07 15:20:00,2,0.009479429853630561,0.011164115435883496,0.9793564547104859,2
2025-04-07 15:25:00,2,0.010693363637648027,0.011097049318580625,0.9782095870437713,2
2025-04-08 09:15:00,2,0.010303783234271188,0.011287860156564014,0.9784083566091648,2
2025-04-08 09:20:00,2,0.014018481015617219,0.0048315068547728525,0.98115001212961,2
2025-04-08 09:25:00,2,0.043962584163970184,0.0049225101142975234,0.9511149057217323,2
2025-04-08 09:30:00,2,0.05189808734282107,0.005233278615567726,0.9428686340416113,2
2025-04-08 09:35:00,2,0.07432071368282553,0.011347393284808022,0.9143318930323665,2
2025-04-08 09:40:00,2,0.35116591145887244,0.004967121245309305,0.6438669672958184,0
2025-04-08 09:45:00,2,0.3733951070470043,0.01069778779200297,0.6159071051609928,0
2025-04-08 09:50:00,1,0.312778026805204,0.13755422487280844,0.5496677483219875,2
2025-04-08 09:55:00,2,0.29736352880784334,0.14162245605117513,0.5610140151409815,2
2025-04-08 10:00:00,2,0.30605904766127867,0.12873070776454093,0.5652102445741803,2
2025-04-08 10:05:00,2,0.25778576859992264,0.12397579463310403,0.6182384367669733,2
2025-04-08 10:10:00,0,0.2645473637138635,0.1224833573383558,0.6129692789477807,2
2025-04-08 10:15:00,2,0.22085260100914916,0.15964714593883156,0.6195002530520193,2
2025-04-08 10:20:00,1,0.18450624169453372,0.18327730927245056,0.6322164490330158,2
2025-04-08 10:25:00,1,0.1992816105633284,0.1742411425967118,0.6264772468399598,2
2025-04-08 10:30:00,1,0.2285546373060767,0.1569064282722974,0.614538934421626,2
2025-04-08 10:35:00,0,0.38164804933913943,0.32481036047569317,0.29354159018516746,0
2025-04-08 10:40:00,0,0.2768193143452825,0.2621260118835598,0.4610546737711577,2
2025-04-08 10:45:00,0,0.22972563220483264,0.23981489125645292,0.5304594765387145,2
2025-04-08 10:50:00,0,0.39495111118741266,0.31518892698732015,0.2898599618252672,0
2025-04-08 10:55:00,0,0.39613301402444906,0.3126014018624101,0.2912655841131409,0
2025-04-08 11:00:00,2,0.38577452529959755,0.31750377011593783,0.2967217045844646,0
2025-04-08 11:05:00,2,0.24519875048703418,0.012576807095571449,0.7422244424173944,2
2025-04-08 11:10:00,1,0.30692973485699654,0.2575241205635579,0.4355461445794457,2
2025-04-08 11:15:00,1,0.3227844144223757,0.31721856281153704,0.35999702276608725,2
2025-04-08 11:20:00,2,0.3132119811037363,0.31797549093092065,0.36881252796534303,2
2025-04-08 11:25:00,2,0.3771012171253648,0.3372597929620571,0.2856389899125782,2
2025-04-08 11:30:00,0,0.3537130466213523,0.28541646861585945,0.3608704847627882,0
2025-04-08 11:35:00,0,0.3796752079669456,0.3340262177871138,0.2862985742459407,2
2025-04-08 11:40:00,0,0.31647710334574575,0.31619898726417883,0.3673239093900754,2
2025-04-08 11:45:00,0,0.2818288868572814,0.23110451310316027,0.48706660003955826,2
2025-04-08 11:50:00,0,0.26561349243327453,0.24143112845417725,0.49295537911254833,2
2025-04-08 11:55:00,0,0.24659648615530222,0.26639460358947165,0.4870089102552262,2
2025-04-08 12:00:00,0,0.23561996023650136,0.2616052109539272,0.5027748288095715,2
2025-04-08 12:05:00,0,0.2147965489021016,0.1815741372079473,0.6036293138899511,2
2025-04-08 12:10:00,2,0.007201164719437144,0.015588514769347686,0.9772103205112153,2
2025-04-08 12:15:00,0,0.2789406972808461,0.20057931651762284,0.520479986201531,2
2025-04-08 12:20:00,2,0.04377594166095523,0.018661270507937387,0.9375627878311074,2
2025-04-08 12:25:00,2,0.014505257755577611,0.013553347926523884,0.9719413943178985,2
2025-04-08 12:30:00,2,0.012839976006911988,0.012100597113488857,0.9750594268795992,2
2025-04-08 12:35:00,2,0.02489413592623497,0.011565257383114843,0.9635406066906502,2
2025-04-08 12:40:00,2,0.02781245419281761,0.01210059711348886,0.9600869486936936,2
2025-04-08 12:45:00,2,0.04976830108970179,0.011989010799009997,0.9382426881112882,2
2025-04-08 12:50:00,2,0.029877465918598644,0.011536566880209353,0.958585967201192,2
2025-04-08 12:55:00,2,0.2933244264907708,0.011920983975851576,0.6947545895333777,2
2025-04-08 13:00:00,2,0.2962317275719346,0.13006969930727763,0.5736985731207878,2
2025-04-08 13:05:00,0,0.30128316907134944,0.14986482258003306,0.5488520083486175,2
2025-04-08 13:10:00,2,0.30046827337142423,0.0739912667011748,0.6255404599274009,2
2025-04-08 13:15:00,2,0.29893322041107645,0.08904131800515802,0.6120254615837656,2
2025-04-08 13:20:00,1,0.3045603642575955,0.07662152419480492,0.6188181115475997,2
2025-04-08 13:25:00,2,0.28310604741474193,0.01778021610929521,0.6991137364759629,2
2025-04-08 13:30:00,1,0.282197920708666,0.13778541482157863,0.5800166644697553,2
2025-04-08 13:35:00,1,0.2509968265246739,0.19784225967004165,0.5511609138052844,2
2025-04-08 13:40:00,1,0.24599759112264036,0.20226027508918937,0.5517421337881703,2
2025-04-08 13:45:00,2,0.27607849728635475,0.1992489919970501,0.5246725107165953,2
2025-04-08 13:50:00,2,0.016262679114166803,0.2512540342308033,0.7324832866550299,2
2025-04-08 13:55:00,0,0.2517134817580915,0.19419935350194234,0.5540871647399661,2
2025-04-08 14:00:00,0,0.2545625820898895,0.1922493551578367,0.5531880627522737,2
2025-04-08 14:05:00,0,0.21926713256793795,0.2073797565244742,0.5733531109075878,2
2025-04-08 14:10:00,0,0.1949810942699816,0.20274507762779367,0.6022738281022249,2
2025-04-08 14:15:00,1,0.19543360873805526,0.20206197381535987,0.602504417446585,2
2025-04-08 14:20:00,1,0.1829095758562413,0.18811306968670194,0.6289773544570567,2
2025-04-08 14:25:00,1,0.1859540649695919,0.16533159763135657,0.6487143373990515,2
2025-04-08 14:30:00,1,0.24974537309291153,0.19011598855969514,0.5601386383473934,2
2025-04-08 14:35:00,2,0.2674351848718822,0.16522935749972598,0.5673354576283919,2
2025-04-08 14:40:00,2,0.23646916346429014,0.17995787843523142,0.5835729581004784,2
2025-04-08 14:45:00,2,0.2472261192203909,0.18060132486572567,0.5721725559138834,2
2025-04-08 14:50:00,1,0.21937085754528363,0.19000728704105124,0.5906218554136652,2
2025-04-08 14:55:00,1,0.21086052755929902,0.1696715719659237,0.6194679004747773,2
2025-04-08 15:00:00,2,0.26037342683185305,0.14866258488518067,0.5909639882829664,2
2025-04-08 15:05:00,2,0.2329164191599103,0.1731998428140668,0.5938837380260229,2
2025-04-08 15:10:00,2,0.22383281507762515,0.12485255491220644,0.6513146300101684,2
2025-04-08 15:15:00,2,0.19181865030490491,0.11723660014814344,0.6909447495469516,2
2025-04-08 15:20:00,2,0.1764880546493618,0.16336247126780762,0.6601494740828305,2
2025-04-08 15:25:00,2,0.1623557896541258,0.1622145183399662,0.6754296920059081,2
2025-04-09 09:15:00,2,0.19268588045778948,0.011529294078892935,0.7957848254633175,2
2025-04-09 09:20:00,2,0.18235323440203224,0.02059940436429556,0.7970473612336723,2
2025-04-09 09:25:00,0,0.18109061617139527,0.012488870510548707,0.806420513318056,2
2025-04-09 09:30:00,2,0.255062985339325,0.14171125326426895,0.6032257613964062,2
2025-04-09 09:35:00,2,0.19719123802133348,0.018944198676044237,0.7838645633026222,2
2025-04-09 09:40:00,1,0.21897945570327387,0.1731738770671593,0.6078466672295668,2
2025-04-09 09:45:00,2,0.24827543302886762,0.16398770962200687,0.5877368573491255,2
2025-04-09 09:50:00,2,0.24951530540266798,0.1686817953734635,0.5818028992238685,2
2025-04-09 09:55:00,2,0.2524900747194484,0.15392227557818106,0.5935876497023705,2
2025-04-09 10:00:00,2,0.251763391495902,0.17512196979939054,0.5731146387047075,2
2025-04-09 10:05:00,2,0.25166813750949163,0.1582858875593238,0.5900459749311846,2
2025-04-09 10:10:00,2,0.2365768356711764,0.1600655856084138,0.6033575787204098,2
2025-04-09 10:15:00,2,0.2509997178068755,0.14479604341572128,0.6042042387774033,2
2025-04-09 10:20:00,2,0.186874501620349,0.14218375783808762,0.6709417405415634,2
2025-04-09 10:25:00,2,0.23581945400700197,0.14978075297992474,0.6143997930130733,2
2025-04-09 10:30:00,2,0.2185423482569743,0.1329997445803446,0.6484579071626811,2
2025-04-09 10:35:00,2,0.30723586101237593,0.15612912922855163,0.5366350097590724,2
2025-04-09 10:40:00,2,0.25809558550946593,0.1928670922735245,0.5490373222170095,2
2025-04-09 10:45:00,1,0.2820406265058904,0.16940268749172444,0.5485566860023853,2
2025-04-09 10:50:00,1,0.26274841830582296,0.14288196155863578,0.5943696201355413,2
2025-04-09 10:55:00,2,0.26080688843247474,0.1512562944379326,0.5879368171295927,2
2025-04-09 11:00:00,0,0.24330315152709778,0.18930278060416622,0.567394067868736,2
2025-04-09 11:05:00,0,0.22639769780367233,0.17320944976247415,0.6003928524338535,2
2025-04-09 11:10:00,0,0.21296012705326625,0.19420659442482052,0.5928332785219133,2
2025-04-09 11:15:00,0,0.21786543977186304,0.1834049218881636,0.5987296383399734,2
2025-04-09 11:20:00,0,0.20559053094298674,0.17612130681206173,0.6182881622449515,2
2025-04-09 11:25:00,0,0.17565591845177445,0.1825099239145245,0.6418341576337011,2
2025-04-09 11:30:00,2,0.1514679018568033,0.18981773337843025,0.6587143647647664,2
2025-04-09 11:35:00,2,0.1455904714764924,0.18441152385093074,0.6699980046725769,2
2025-04-09 11:40:00,2,0.11319533363263092,0.16204712866715404,0.7247575377002151,2
2025-04-09 11:45:00,2,0.19320862018510732,0.16595585754994635,0.6408355222649463,2
2025-04-09 11:50:00,2,0.1880465118017708,0.167531494941764,0.6444219932564652,2
2025-04-09 11:55:00,2,0.1802217355581407,0.171282694833922,0.6484955696079373,2
2025-04-09 12:00:00,2,0.19611188092887788,0.16219289782760923,0.6416952212435129,2
2025-04-09 12:05:00,2,0.17991194157546825,0.17008933225830183,0.6499987261662299,2
2025-04-09 12:10:00,2,0.14857786402443474,0.17277759567429526,0.67864454030127,2
2025-04-09 12:15:00,2,0.15417721077966207,0.16968823115520582,0.6761345580651321,2
2025-04-09 12:20:00,2,0.15921445254256458,0.16499932664408912,0.6757862208133464,2
2025-04-09 12:25:00,2,0.14142416617706527,0.1618531363430637,0.696722697479871,2
2025-04-09 12:30:00,2,0.143790320235434,0.1678135980224143,0.6883960817421517,2
2025-04-09 12:35:00,2,0.14447389679145664,0.1840014538816262,0.6715246493269171,2
2025-04-09 12:40:00,2,0.1473502599576589,0.17399307236027256,0.6786566676820686,2
2025-04-09 12:45:00,2,0.1334016861186263,0.17561854091539275,0.690979772965981,2
2025-04-09 12:50:00,2,0.14835819387320448,0.17372614947281195,0.6779156566539836,2
2025-04-09 12:55:00,2,0.139664164508077,0.1779009885205877,0.6824348469713353,2
2025-04-09 13:00:00,2,0.1512380868959693,0.18609666403520286,0.6626652490688278,2
2025-04-09 13:05:00,2,0.14774142625827813,0.18644010492110163,0.6658184688206202,2
2025-04-09 13:10:00,2,0.1232712840604698,0.18475902962779278,0.6919696863117374,2
2025-04-09 13:15:00,2,0.12755505836352,0.19984033921162864,0.6726046024248514,2
2025-04-09 13:20:00,2,0.17498730723221778,0.17985346786468315,0.6451592249030991,2
2025-04-09 13:25:00,2,0.1483794358010926,0.18559593610482555,0.6660246280940819,2
2025-04-09 13:30:00,2,0.17629879038940888,0.17043928288370924,0.6532619267268819,2
2025-04-09 13:35:00,2,0.09789531209817262,0.11379366445880537,0.788311023443022,2
2025-04-09 13:40:00,2,0.08529985301926143,0.13695198187174426,0.7777481651089944,2
2025-04-09 13:45:00,2,0.062085111483998784,0.16693794625346564,0.7709769422625355,2
2025-04-09 13:50:00,2,0.09003235515270691,0.13598279634933313,0.7739848484979599,2
2025-04-09 13:55:00,2,0.08740427946016267,0.12184568870037164,0.7907500318394657,2
2025-04-09 14:00:00,2,0.06838876567841178,0.12086233614044359,0.8107488981811446,2
2025-04-09 14:05:00,2,0.05642953353572504,0.13042087648035855,0.8131495899839164,2
2025-04-09 14:10:00,2,0.055627854464370685,0.11290292420918421,0.8314692213264452,2
2025-04-09 14:15:00,2,0.05300764144991634,0.09545547640244915,0.8515368821476345,2
2025-04-09 14:20:00,2,0.051369035054459375,0.09916844804812575,0.8494625168974148,2
2025-04-09 14:25:00,2,0.049172021615727354,0.10769745786724981,0.8431305205170229,2
2025-04-09 14:30:00,2,0.047351606963732605,0.09638435220068772,0.8562640408355797,2
2025-04-09 14:35:00,2,0.04891331578354546,0.1042179930423705,0.846868691174084,2
2025-04-09 14:40:00,2,0.04565143555072741,0.10658385140863254,0.84776471304064,2
2025-04-09 14:45:00,2,0.05853267431729348,0.0974881411817663,0.8439791845009402,2
2025-04-09 14:50:00,2,0.07807193682561643,0.08807291642889263,0.8338551467454909,2
2025-04-09 14:55:00,2,0.06975408829664277,0.09630129827237087,0.8339446134309864,2
2025-04-09 15:00:00,2,0.010088293271871844,0.015259939884710553,0.9746517668434176,2
2025-04-09 15:05:00,2,0.05231993668785643,0.10941239349337778,0.8382676698187658,2
2025-04-09 15:10:00,2,0.05050025991544902,0.09634121663554857,0.8531585234490024,2
2025-04-09 15:15:00,2,0.05628593112750056,0.12074666204083212,0.8229674068316672,2
2025-04-09 15:20:00,2,0.05481233469457293,0.08752184038666869,0.8576658249187583,2
2025-04-09 15:25:00,2,0.014833882879324101,0.06566136264438717,0.9195047544762888,2
2025-04-11 09:15:00,2,0.007768709163737094,0.04135657300110337,0.9508747178351595,2
2025-04-11 09:20:00,2,0.004695243520377477,0.0332570326775071,0.9620477238021155,2
2025-04-11 09:25:00,2,0.018601400265312634,0.005251364072335758,0.9761472356623516,2
2025-04-11 09:30:00,2,0.012438371533579226,0.004893415577545633,0.9826682128888752,2
2025-04-11 09:35:00,2,0.00956326446262751,0.004763631697639845,0.9856731038397326,2
2025-04-11 09:40:00,2,0.19044925045932962,0.005294088065430063,0.8042566614752403,2
2025-04-11 09:45:00,2,0.20312294107572282,0.004976796703694372,0.7919002622205827,2
2025-04-11 09:50:00,2,0.2042166089177126,0.005051425132851424,0.7907319659494358,2
2025-04-11 09:55:00,2,0.32594145563045496,0.01106049914886269,0.6629980452206824,2
2025-04-11 10:00:00,2,0.3226063222323759,0.011895744888747308,0.6654979328788768,2
2025-04-11 10:05:00,2,0.23168614686631187,0.06584308171969393,0.7024707714139943,2
2025-04-11 10:10:00,2,0.3032866258355955,0.012071158385055823,0.6846422157793486,2
2025-04-11 10:15:00,2,0.22373113802489988,0.07729251515718918,0.6989763468179109,2
2025-04-11 10:20:00,1,0.22505233918556336,0.10822671001849098,0.6667209507959457,2
2025-04-11 10:25:00,2,0.16544361802374605,0.08675931072558214,0.7477970712506719,2
2025-04-11 10:30:00,2,0.21140970972369424,0.09838439522477753,0.6902058950515283,2
2025-04-11 10:35:00,0,0.30695270393209867,0.2068177253783865,0.48622957068951483,2
2025-04-11 10:40:00,0,0.2972322989188066,0.19464253478483623,0.5081251662963572,2
2025-04-11 10:45:00,0,0.25883713295869043,0.19434028482429713,0.5468225822170125,2
2025-04-11 10:50:00,0,0.25734309496017505,0.1936313566791643,0.5490255483606608,2
2025-04-11 10:55:00,0,0.2826845809336827,0.13923848898354177,0.5780769300827756,2
2025-04-11 11:00:00,2,0.27645551919538613,0.14386315360428908,0.5796813272003247,2
2025-04-11 11:05:00,0,0.27943404716261383,0.12427862686722227,0.5962873259701639,2
2025-04-11 11:10:00,0,0.2974767704658112,0.08456878620494329,0.6179544433292454,2
2025-04-11 11:15:00,0,0.2820216341850093,0.15587567446340247,0.5621026913515882,2
2025-04-11 11:20:00,0,0.32446314592164394,0.04587307419084319,0.6296637798875129,0
2025-04-11 11:25:00,2,0.30338938908422364,0.028014176372667506,0.6685964345431089,2
2025-04-11 11:30:00,2,0.32433324758365484,0.011426020157085286,0.66424073225926,2
2025-04-11 11:35:00,2,0.33235601495270567,0.011426643058805253,0.6562173419884891,2
2025-04-11 11:40:00,2,0.34784875764515016,0.05277099355392151,0.5993802488009283,0
2025-04-11 11:45:00,2,0.327802844391438,0.04568828359796331,0.6265088720105988,0
2025-04-11 11:50:00,2,0.3012305593281538,0.09567625503000865,0.6030931856418376,2
2025-04-11 11:55:00,0,0.3014232365291635,0.08295414440561744,0.6156226190652192,2
2025-04-11 12:00:00,0,0.28497299344473725,0.08018574573995474,0.634841260815308,2
2025-04-11 12:05:00,0,0.28404178373726946,0.08710521268214601,0.6288530035805846,2
2025-04-11 12:10:00,2,0.3160200411460807,0.013056839577031772,0.6709231192768876,2
2025-04-11 12:15:00,2,0.323380601354183,0.013736864231482184,0.6628825344143349,2
2025-04-11 12:20:00,1,0.2960780080874321,0.07999424571616232,0.6239277461964056,2
2025-04-11 12:25:00,2,0.2732358049598307,0.06154402915040433,0.665220165889765,2
2025-04-11 12:30:00,2,0.27295006376640846,0.09884502242862063,0.628204913804971,2
2025-04-11 12:35:00,0,0.2822175623062988,0.1038967209593344,0.6138857167343668,2
2025-04-11 12:40:00,2,0.2833609015012934,0.09622786397696849,0.6204112345217382,2
2025-04-11 12:45:00,2,0.2777953880389822,0.08296489884677584,0.639239713114242,2
2025-04-11 12:50:00,2,0.2709096392218988,0.07259323960299144,0.6564971211751097,2
2025-04-11 12:55:00,2,0.27386812785442455,0.10245272517972855,0.6236791469658469,2
2025-04-11 13:00:00,2,0.2780338257859546,0.06254977635823662,0.6594163978558087,2
2025-04-11 13:05:00,2,0.2691901230893198,0.066127606950916,0.6646822699597642,2
2025-04-11 13:10:00,1,0.28813886430129054,0.05557352517914431,0.6562876105195652,2
2025-04-11 13:15:00,1,0.28713268978061,0.1001132976880641,0.6127540125313259,2
2025-04-11 13:20:00,2,0.2658870024914647,0.07921018564893458,0.6549028118596008,2
2025-04-11 13:25:00,2,0.30352771414578034,0.08324710863601993,0.6132251772181997,2
2025-04-11 13:30:00,2,0.013929711174878038,0.20748518733116458,0.7785851014939573,2
2025-04-11 13:35:00,1,0.23872055992340807,0.057215507658205655,0.7040639324183863,2
2025-04-11 13:40:00,1,0.2166203005125396,0.05616066240678333,0.727219037080677,2
2025-04-11 13:45:00,1,0.2381156861127528,0.08354166157973517,0.678342652307512,2
2025-04-11 13:50:00,1,0.010086120570193922,0.18117134851545746,0.8087425309143487,2
2025-04-11 13:55:00,1,0.2116915256008553,0.08912172389579866,0.699186750503346,2
2025-04-11 14:00:00,2,0.009611996968084464,0.19146253260471413,0.7989254704272013,2
2025-04-11 14:05:00,2,0.25147464928437,0.12424795533231753,0.6242773953833125,2
2025-04-11 14:10:00,2,0.012141478975771143,0.19159584176478434,0.7962626792594445,2
2025-04-11 14:15:00,2,0.012054155149864163,0.1861393908233614,0.8018064540267744,2
2025-04-11 14:20:00,2,0.01585980383112642,0.16164175120196292,0.8224984449669107,2
2025-04-11 14:25:00,2,0.01335266272538949,0.020044659654671938,0.9666026776199387,2
2025-04-11 14:30:00,0,0.20519373500993807,0.1545486686859826,0.6402575963040794,2
2025-04-11 14:35:00,0,0.1590271198721699,0.1402401371710727,0.7007327429567575,2
2025-04-11 14:40:00,2,0.18906871568714922,0.11974045240078426,0.6911908319120665,2
2025-04-11 14:45:00,2,0.17893568922031713,0.11276288798888033,0.7083014227908025,2
2025-04-11 14:50:00,2,0.16758216259558462,0.08919713353587944,0.743220703868536,2
2025-04-11 14:55:00,2,0.1957283178490816,0.09975095497586242,0.704520727175056,2
2025-04-11 15:00:00,2,0.16642602349617275,0.06718186639628532,0.7663921101075419,2
2025-04-11 15:05:00,2,0.1961996705561352,0.07383199321425048,0.7299683362296143,2
2025-04-11 15:10:00,2,0.18685813954689304,0.07593803760462571,0.7372038228484813,2
2025-04-11 15:15:00,2,0.21772022534011354,0.08099099613854033,0.7012887785213462,2
2025-04-11 15:20:00,2,0.20015802131983734,0.0734907488568485,0.7263512298233141,2
2025-04-11 15:25:00,2,0.19892582599888015,0.0681735783146332,0.7329005956864867,2
2025-04-15 09:15:00,2,0.00958710329644294,0.004771258827802067,0.9856416378757551,2
2025-04-15 09:20:00,2,0.008865613801380345,0.004999260474665166,0.9861351257239546,2
2025-04-15 09:25:00,2,0.01458765697269923,0.004983850431116835,0.9804284925961839,2
2025-04-15 09:30:00,2,0.018717288931216464,0.004970961876986114,0.9763117491917974,2
2025-04-15 09:35:00,2,0.017386347289155155,0.010778911755448562,0.9718347409553963,2
2025-04-15 09:40:00,2,0.21486213153000788,0.005127228840561115,0.7800106396294311,2
2025-04-15 09:45:00,2,0.21474905041690084,0.00523105409222424,0.780019895490875,2
2025-04-15 09:50:00,2,0.1855270814434051,0.008080811845394968,0.8063921067111999,2
2025-04-15 09:55:00,2,0.249518292094934,0.011468023302111973,0.739013684602954,2
2025-04-15 10:00:00,2,0.24621421670257482,0.011449037864994854,0.7423367454324303,2
2025-04-15 10:05:00,2,0.19723844602967674,0.010919724725861592,0.7918418292444618,2
2025-04-15 10:10:00,2,0.18822104000573753,0.011052889902271644,0.8007260700919909,2
2025-04-15 10:15:00,2,0.20423605509547837,0.011053436509952738,0.7847105083945689,2
2025-04-15 10:20:00,2,0.16706626411118494,0.01087166437609335,0.8220620715127216,2
2025-04-15 10:25:00,2,0.14827463897176824,0.010819803804194252,0.8409055572240376,2
2025-04-15 10:30:00,2,0.13841055616451628,0.011752832738904078,0.8498366110965797,2
2025-04-15 10:35:00,2,0.2364007749329018,0.012417738750280434,0.7511814863168178,2
2025-04-15 10:40:00,2,0.23871894537213362,0.011639800878923731,0.7496412537489426,2
2025-04-15 10:45:00,2,0.22804465715530634,0.011607392415003553,0.7603479504296902,2
2025-04-15 10:50:00,2,0.17025316032719334,0.08417415360252849,0.7455726860702783,2
2025-04-15 10:55:00,2,0.1922337548394077,0.042798721860579036,0.7649675233000133,2
2025-04-15 11:00:00,2,0.22562678967499486,0.011640541787353267,0.7627326685376519,2
2025-04-15 11:05:00,2,0.16669977880414857,0.047243755225714314,0.7860564659701371,2
2025-04-15 11:10:00,2,0.16791434878516104,0.08008854595595624,0.7519971052588827,2
2025-04-15 11:15:00,2,0.15346682422589164,0.07899187125020175,0.7675413045239066,2
2025-04-15 11:20:00,2,0.1323441032426282,0.07368818429486461,0.7939677124625072,2
2025-04-15 11:25:00,2,0.14247315055370666,0.06273577695792075,0.7947910724883727,2
2025-04-15 11:30:00,2,0.14939518542477878,0.06839499688209116,0.7822098176931301,2
2025-04-15 11:35:00,2,0.16099879207811646,0.046206244261483925,0.7927949636603996,2
2025-04-15 11:40:00,2,0.16414591565641934,0.054012815760827046,0.7818412685827536,2
2025-04-15 11:45:00,2,0.1696054954587116,0.06332912831667385,0.7670653762246146,2
2025-04-15 11:50:00,2,0.15831309570063476,0.05775632787336378,0.7839305764260015,2
2025-04-15 11:55:00,2,0.16690966836111726,0.05077052905856941,0.7823198025803133,2
2025-04-15 12:00:00,2,0.16149909493695982,0.04669956156998636,0.7918013434930539,2
2025-04-15 12:05:00,2,0.2197999726960423,0.01158592676027478,0.768614100543683,2
2025-04-15 12:10:00,2,0.205580699652759,0.011857130087598002,0.782562170259643,2
2025-04-15 12:15:00,2,0.20118617918123843,0.011258980803404484,0.787554840015357,2
2025-04-15 12:20:00,2,0.21495064577859252,0.013948901183643836,0.7711004530377636,2
2025-04-15 12:25:00,2,0.20731559634052366,0.011839893706884506,0.7808445099525919,2
2025-04-15 12:30:00,2,0.21713364763265683,0.010871613643163849,0.7719947387241793,2
2025-04-15 12:35:00,2,0.20088932427850004,0.011500129302051111,0.7876105464194489,2
2025-04-15 12:40:00,2,0.2056487845453783,0.012270512262135047,0.7820807031924867,2
2025-04-15 12:45:00,2,0.21774499997842214,0.011805663333258012,0.7704493366883198,2
2025-04-15 12:50:00,2,0.1634128503640952,0.045085085654104656,0.7915020639818001,2
2025-04-15 12:55:00,2,0.1689112050676407,0.042505960502506455,0.7885828344298529,2
2025-04-15 13:00:00,2,0.16018181099303436,0.03363648828261735,0.8061817007243484,2
2025-04-15 13:05:00,2,0.15110263397995974,0.04063763671390884,0.8082597293061314,2
2025-04-15 13:10:00,2,0.1536600636057892,0.04647244650473165,0.7998674898894791,2
2025-04-15 13:15:00,2,0.17107437385601623,0.044496182497090156,0.7844294436468936,2
2025-04-15 13:20:00,2,0.15005530212402263,0.04514130800018243,0.8048033898757949,2
2025-04-15 13:25:00,2,0.14924201761252898,0.043655062741261394,0.8071029196462096,2
2025-04-15 13:30:00,2,0.152761255164855,0.039996462577271755,0.8072422822578733,2
2025-04-15 13:35:00,2,0.0966063132688812,0.04126890790598037,0.8621247788251385,2
2025-04-15 13:40:00,2,0.0951912347094574,0.036516292466737744,0.8682924728238048,2
2025-04-15 13:45:00,2,0.08352477292534592,0.04376229501702578,0.8727129320576283,2
2025-04-15 13:50:00,2,0.08493351686874848,0.03647355985273634,0.8785929232785151,2
2025-04-15 13:55:00,2,0.08639932408605316,0.03804050057404385,0.8755601753399029,2
2025-04-15 14:00:00,2,0.08743090161816933,0.04859789524387362,0.8639712031379571,2
2025-04-15 14:05:00,2,0.010354944284716198,0.08473530762926121,0.9049097480860226,2
2025-04-15 14:10:00,2,0.0753155907026879,0.039635783269887905,0.8850486260274242,2
2025-04-15 14:15:00,2,0.07172726507943827,0.03469563112400655,0.8935771037965552,2
2025-04-15 14:20:00,2,0.07043479978769585,0.03040542247395262,0.8991597777383515,2
2025-04-15 14:25:00,2,0.07877388705789166,0.048651970526013825,0.8725741424160945,2
2025-04-15 14:30:00,2,0.07439652598209809,0.0619419496726148,0.8636615243452872,2
2025-04-15 14:35:00,2,0.08920475750831204,0.05501691964456982,0.8557783228471181,2
2025-04-15 14:40:00,2,0.009335823849557529,0.09245816716459843,0.8982060089858441,2
2025-04-15 14:45:00,2,0.08530581856770637,0.04344407333514758,0.8712501080971461,2
2025-04-15 14:50:00,2,0.0797357333379957,0.05059312419919813,0.8696711424628062,2
2025-04-15 14:55:00,2,0.08293136649637503,0.059016081071101095,0.8580525524325239,2
2025-04-15 15:00:00,2,0.08580632899952055,0.05028149152635648,0.8639121794741229,2
2025-04-15 15:05:00,2,0.0828331975848897,0.04873597712359681,0.8684308252915135,2
2025-04-15 15:10:00,2,0.08659535772511151,0.04893048804494877,0.8644741542299397,2
2025-04-15 15:15:00,2,0.07691924557096079,0.042592948852605006,0.8804878055764342,2
2025-04-15 15:20:00,2,0.1418544844835345,0.013508078380122579,0.844637437136343,2
2025-04-15 15:25:00,2,0.14523621182598817,0.010593712471879053,0.8441700757021329,2
2025-04-16 09:15:00,2,0.015808966150941836,0.17792230416024363,0.8062687296888145,2
2025-04-16 09:20:00,2,0.12288601361746648,0.11707105054041095,0.7600429358421226,2
2025-04-16 09:25:00,2,0.1254557521577455,0.08332584032103406,0.7912184075212205,2
2025-04-16 09:30:00,2,0.10034496414419367,0.057677017399831304,0.8419780184559751,2
2025-04-16 09:35:00,2,0.10614437941267377,0.08595424741206369,0.8079013731752626,2
2025-04-16 09:40:00,2,0.08508521227941634,0.047173189804647624,0.8677415979159361,2
2025-04-16 09:45:00,2,0.13838444981635414,0.0733069922756225,0.7883085579080233,2
2025-04-16 09:50:00,2,0.09718835358546717,0.04997088020486363,0.8528407662096692,2
2025-04-16 09:55:00,2,0.10212516688075231,0.0708568583190665,0.8270179748001812,2
2025-04-16 10:00:00,1,0.09193848472029445,0.04668588555538576,0.8613756297243198,2
2025-04-16 10:05:00,1,0.06039761671797984,0.04839421804206949,0.8912081652399506,2
2025-04-16 10:10:00,1,0.06606381344374455,0.04682383599055373,0.8871123505657017,2
2025-04-16 10:15:00,2,0.1707927257193914,0.07252169232925651,0.7566855819513522,2
2025-04-16 10:20:00,2,0.013574037490449536,0.01246659602510894,0.9739593664844416,2
2025-04-16 10:25:00,2,0.1578724444259256,0.07160481247408042,0.770522743099994,2
2025-04-16 10:30:00,2,0.027013137168634536,0.019967000719550383,0.9530198621118151,2
2025-04-16 10:35:00,2,0.2531492471571636,0.10964390216168365,0.6372068506811528,2
2025-04-16 10:40:00,2,0.23545234022731504,0.11664806636813572,0.6478995934045493,2
2025-04-16 10:45:00,1,0.19302253416398651,0.11946721118274412,0.6875102546532694,2
2025-04-16 10:50:00,2,0.23891656080833523,0.12085529850748655,0.6402281406841782,2
2025-04-16 10:55:00,0,0.2361195747766751,0.12061971585054734,0.6432607093727776,2
2025-04-16 11:00:00,0,0.21972327579824014,0.1289878843385004,0.6512888398632595,2
2025-04-16 11:05:00,0,0.22286107649846776,0.11407427661541963,0.6630646468861126,2
2025-04-16 11:10:00,2,0.16751520616647161,0.10092321464418481,0.7315615791893436,2
2025-04-16 11:15:00,2,0.15443124955905327,0.13775378214634548,0.7078149682946012,2
2025-04-16 11:20:00,2,0.15670478172683708,0.1065524125444554,0.7367428057287075,2
2025-04-16 11:25:00,2,0.1881238678923498,0.10023801150820508,0.7116381205994451,2
2025-04-16 11:30:00,2,0.18790677522603733,0.09828274864494403,0.7138104761290187,2
2025-04-16 11:35:00,2,0.19778903503117265,0.10230680158650618,0.6999041633823213,2
2025-04-16 11:40:00,2,0.1602677592671545,0.12386965054716506,0.7158625901856804,2
2025-04-16 11:45:00,2,0.11941208612096582,0.10690734845551467,0.7736805654235195,2
2025-04-16 11:50:00,2,0.15591625241784296,0.12437269539072907,0.7197110521914281,2
2025-04-16 11:55:00,2,0.17609896235360506,0.08587862988789051,0.7380224077585044,2
2025-04-16 12:00:00,2,0.12809686530967754,0.09284219369856761,0.7790609409917548,2
2025-04-16 12:05:00,2,0.12448015409301381,0.0918441451552783,0.7836757007517079,2
2025-04-16 12:10:00,2,0.14347440474458317,0.0881537762415134,0.7683718190139034,2
2025-04-16 12:15:00,2,0.10967175096742035,0.08271393879932315,0.8076143102332565,2
2025-04-16 12:20:00,2,0.07798719787635378,0.0720123759320398,0.8500004261916064,2
2025-04-16 12:25:00,2,0.09865327288603146,0.08157132940415833,0.8197753977098102,2
2025-04-16 12:30:00,2,0.0965909558023878,0.07385751191759579,0.8295515322800164,2
2025-04-16 12:35:00,2,0.0812066095455101,0.0767142229384706,0.8420791675160193,2
2025-04-16 12:40:00,2,0.01787943092048823,0.04112289069019641,0.9409976783893155,2
2025-04-16 12:45:00,2,0.10689425839547166,0.051410837210796166,0.8416949043937322,2
2025-04-16 12:50:00,2,0.09422645876215838,0.05056307654383274,0.855210464694009,2
2025-04-16 12:55:00,2,0.007692528226189309,0.00929993683142063,0.98300753494239,2
2025-04-16 13:00:00,2,0.004478361735325382,0.004709882928628538,0.990811755336046,2
2025-04-16 13:05:00,2,0.004587345163883023,0.0044922964158438106,0.9909203584202732,2
2025-04-16 13:10:00,2,0.0044847489183506535,0.00449621332013407,0.9910190377615152,2
2025-04-16 13:15:00,2,0.010081043329899642,0.010437956353033887,0.9794810003170664,2
2025-04-16 13:20:00,2,0.011591768700813115,0.010566592070684153,0.9778416392285028,2
2025-04-16 13:25:00,2,0.1813397572956815,0.01322687835704138,0.8054333643472771,2
2025-04-16 13:30:00,2,0.184349146857242,0.013506029640004441,0.8021448235027536,2
2025-04-16 13:35:00,2,0.13448375808700583,0.08569415049926384,0.7798220914137304,2
2025-04-16 13:40:00,0,0.10040559482858888,0.08719036659331944,0.8124040385780917,2
2025-04-16 13:45:00,0,0.10022080736221761,0.0881253749365088,0.8116538177012735,2
2025-04-16 13:50:00,0,0.08966039716410636,0.08527209313728235,0.8250675096986113,2
2025-04-16 13:55:00,2,0.010104620766584988,0.01321645329695325,0.9766789259364618,2
2025-04-16 14:00:00,2,0.01000822271547856,0.011907565027492411,0.978084212257029,2
2025-04-16 14:05:00,2,0.011972410005237149,0.010893785985726313,0.9771338040090365,2
2025-04-16 14:10:00,2,0.010071826215967021,0.010533907055372611,0.9793942667286604,2
2025-04-16 14:15:00,2,0.010665221468822995,0.011325174671369934,0.9780096038598071,2
2025-04-16 14:20:00,2,0.08753058629807756,0.04751031696407533,0.8649590967378471,2
2025-04-16 14:25:00,2,0.07460774541161166,0.05568333507203464,0.8697089195163538,2
2025-04-16 14:30:00,2,0.09055952601766308,0.09569727616438724,0.8137431978179498,2
2025-04-16 14:35:00,2,0.08662323414000332,0.062392440220983045,0.8509843256390137,2
2025-04-16 14:40:00,2,0.08305612672081124,0.0738540828059436,0.8430897904732451,2
2025-04-16 14:45:00,2,0.06077722023527146,0.04747911800354837,0.8917436617611803,2
2025-04-16 14:50:00,2,0.011850047408810176,0.010782447338156595,0.9773675052530333,2
2025-04-16 14:55:00,2,0.011972410005237149,0.010893785985726313,0.9771338040090365,2
2025-04-16 15:00:00,2,0.013512438530431915,0.010725314553398941,0.9757622469161692,2
2025-04-16 15:05:00,2,0.010489087099450432,0.00907673892899167,0.9804341739715579,2
2025-04-16 15:10:00,2,0.10171413748590424,0.03427417061091192,0.8640116919031838,2
2025-04-16 15:15:00,2,0.08904246432191973,0.027786827946484342,0.883170707731596,2
2025-04-16 15:20:00,2,0.011663441729739437,0.011338661185118044,0.9769978970851425,2
2025-04-16 15:25:00,2,0.12740043452520283,0.05288082470524498,0.8197187407695523,2
2025-04-17 09:15:00,2,0.013628994626592167,0.012004184166575395,0.9743668212068325,2
2025-04-17 09:20:00,2,0.010071826215967021,0.010563106541462546,0.9793650672425704,2
2025-04-17 09:25:00,2,0.00973370590867421,0.01059685106449771,0.9796694430268281,2
2025-04-17 09:30:00,2,0.010631432305743005,0.013554785028841698,0.9758137826654153,2
2025-04-17 09:35:00,0,0.17549263708199708,0.08030947501605305,0.7441978879019499,2
2025-04-17 09:40:00,2,0.13169309387762276,0.09076157159095956,0.7775453345314177,2
2025-04-17 09:45:00,2,0.12621311433802346,0.09092780326819207,0.7828590823937845,2
2025-04-17 09:50:00,1,0.172635279902741,0.0688934313281693,0.7584712887690898,2
2025-04-17 09:55:00,1,0.18243741665512367,0.07393672299725539,0.743625860347621,2
2025-04-17 10:00:00,2,0.21784924248658294,0.07843546420201698,0.7037152933114001,2
2025-04-17 10:05:00,2,0.2328067181005035,0.08339544100044793,0.6837978408990486,2
2025-04-17 10:10:00,2,0.15811579005345391,0.06797499316306602,0.77390921678348,2
2025-04-17 10:15:00,0,0.16154480979874838,0.09854213098207054,0.7399130592191812,2
2025-04-17 10:20:00,2,0.16600418027792788,0.08996076505671888,0.7440350546653532,2
2025-04-17 10:25:00,2,0.1236068372485909,0.08889277795726003,0.7875003847941491,2
2025-04-17 10:30:00,2,0.08541823110982491,0.06897046622711911,0.8456113026630561,2
2025-04-17 10:35:00,2,0.2167148059217737,0.0863178853198245,0.6969673087584018,2
2025-04-17 10:40:00,2,0.20163388406265031,0.10450267583579512,0.6938634401015547,2
2025-04-17 10:45:00,2,0.015731436181607432,0.012158420486608826,0.9721101433317837,2
2025-04-17 10:50:00,2,0.2428970582581923,0.09861066215482428,0.6584922795869834,2
2025-04-17 10:55:00,0,0.2602354355037463,0.10968441597359355,0.6300801485226601,2
2025-04-17 11:00:00,0,0.31139966601871055,0.12285837781338464,0.5657419561679048,2
2025-04-17 11:05:00,0,0.26066434007840206,0.10051115176748775,0.6388245081541103,2
2025-04-17 11:10:00,0,0.2021233657701757,0.07950910860196234,0.718367525627862,2
2025-04-17 11:15:00,2,0.0110791453901464,0.011321907066242358,0.9775989475436112,2
2025-04-17 11:20:00,2,0.13850176545249518,0.028105952496175663,0.8333922820513291,2
2025-04-17 11:25:00,2,0.013952626224863662,0.03052787920066333,0.955519494574473,2
2025-04-17 11:30:00,2,0.0115629595063511,0.022246384202904187,0.9661906562907447,2
2025-04-17 11:35:00,2,0.011459405767804232,0.02260502129279239,0.9659355729394034,2
2025-04-17 11:40:00,2,0.009838323691346896,0.004862258929943586,0.9852994173787095,2
2025-04-17 11:45:00,2,0.009684130545418869,0.004761879725719788,0.9855539897288613,2
2025-04-17 11:50:00,2,0.012718703272887424,0.004861632134693608,0.982419664592419,2
2025-04-17 11:55:00,2,0.014093304578617034,0.004831160653644547,0.9810755347677385,2
2025-04-17 12:00:00,2,0.012719073845159506,0.0048659752281137595,0.9824149509267268,2
2025-04-17 12:05:00,2,0.010065557769129936,0.004899512905595517,0.9850349293252746,2
2025-04-17 12:10:00,2,0.01090908054706195,0.004830812444741364,0.9842601070081968,2
2025-04-17 12:15:00,2,0.012508586344649845,0.0048934155795588566,0.9825979980757914,2
2025-04-17 12:20:00,2,0.014109189835771481,0.0049362380625916505,0.9809545721016368,2
2025-04-17 12:25:00,2,0.013172140384834701,0.005088478925810168,0.9817393806893552,2
2025-04-17 12:30:00,2,0.012317655871537554,0.004893424997605739,0.9827889191308568,2
2025-04-17 12:35:00,2,0.0277753488226036,0.005892022915242363,0.966332628262154,2
2025-04-17 12:40:00,2,0.015221814243656017,0.010793181114261674,0.9739850046420824,2
2025-04-17 12:45:00,2,0.01242187765263561,0.010893785985726313,0.9766843363616381,2
2025-04-17 12:50:00,2,0.011226093577122781,0.009854378776825951,0.9789195276460512,2
2025-04-17 12:55:00,0,0.24208904591458957,0.004958665464288386,0.7529522886211221,2
2025-04-17 13:00:00,0,0.227604249065047,0.004896902042668068,0.7674988488922849,2
2025-04-17 13:05:00,0,0.21567529627727844,0.0049587331718554525,0.779365970550866,2
2025-04-17 13:10:00,2,0.2137556226195915,0.004951004673986841,0.7812933727064217,2
2025-04-17 13:15:00,2,0.21548654593409627,0.0048470175074195165,0.7796664365584842,2
2025-04-17 13:20:00,0,0.23078586945554,0.004950991888737193,0.7642631386557228,2
2025-04-17 13:25:00,0,0.2482056992145019,0.009909317924701585,0.7418849828607965,2
2025-04-17 13:30:00,0,0.24810378428145463,0.01080891587079984,0.7410872998477455,2
2025-04-17 13:35:00,0,0.18250573622447425,0.0049383249802245795,0.8125559387953012,2
2025-04-17 13:40:00,0,0.19278641974669386,0.00495733908850816,0.802256241164798,2
2025-04-17 13:45:00,2,0.17998354509183753,0.00495619511918647,0.815060259788976,2
2025-04-17 13:50:00,2,0.16243928265866414,0.004861621168173337,0.8326990961731625,2
2025-04-17 13:55:00,2,0.1380716428774712,0.004839646510217087,0.8570887106123117,2
2025-04-17 14:00:00,2,0.1387685555405428,0.004742135608433902,0.8564893088510234,2
2025-04-17 14:05:00,2,0.12677036553529386,0.004742135882327443,0.8684874985823787,2
2025-04-17 14:10:00,2,0.23865381386910078,0.030513158441238215,0.7308330276896611,2
2025-04-17 14:15:00,0,0.25547411800447495,0.03402464882355935,0.7105012331719657,2
2025-04-17 14:20:00,0,0.21951785710373906,0.034256828284631176,0.7462253146116298,2
2025-04-17 14:25:00,2,0.2160034935168194,0.037649133962777456,0.7463473725204032,2
2025-04-17 14:30:00,2,0.2051690633315541,0.011348990978640101,0.7834819456898059,2
2025-04-17 14:35:00,2,0.16572926013517028,0.010893785985726313,0.8233769538791034,2
2025-04-17 14:40:00,2,0.19563831083179195,0.010822160060771505,0.7935395291074365,2
2025-04-17 14:45:00,2,0.21512570183665913,0.011001244518488489,0.7738730536448524,2
2025-04-17 14:50:00,2,0.1905591775414716,0.02075637004739878,0.7886844524111296,2
2025-04-17 14:55:00,2,0.21454013833672492,0.022518895076565324,0.7629409665867097,2
2025-04-17 15:00:00,2,0.21432338389796185,0.022987461897257547,0.7626891542047807,2
2025-04-17 15:05:00,2,0.16617091770300668,0.02664214502948984,0.8071869372675035,2
2025-04-17 15:10:00,2,0.19220602313399765,0.02408881284818109,0.7837051640178212,2
2025-04-17 15:15:00,2,0.1655484281624288,0.02312882203860869,0.8113227497989626,2
2025-04-17 15:20:00,2,0.1495401779226668,0.023809008829051456,0.8266508132482817,2
2025-04-17 15:25:00,2,0.19834464778231764,0.03866148858103036,0.762993863636652,2
2025-04-21 09:15:00,2,0.19960699205006516,0.011258980803404484,0.7891340271465305,2
2025-04-21 09:20:00,0,0.2024338650727929,0.011351023091485913,0.7862151118357212,2
2025-04-21 09:25:00,0,0.2058022079764209,0.01323977551624938,0.7809580165073298,2
2025-04-21 09:30:00,2,0.20238809365227997,0.011500104558248044,0.786111801789472,2
2025-04-21 09:35:00,2,0.18947573883631053,0.005436840973201648,0.8050874201904878,2
2025-04-21 09:40:00,2,0.19341619934198603,0.004977864114895628,0.8016059365431184,2
2025-04-21 09:45:00,0,0.18341926357872262,0.11385532022538004,0.7027254161958973,2
2025-04-21 09:50:00,0,0.21740460075011406,0.011500021698254946,0.7710953775516309,2
2025-04-21 09:55:00,2,0.20462566042019348,0.010871275506600771,0.7845030640732058,2
2025-04-21 10:00:00,2,0.21013554603647855,0.010919853355250557,0.7789446006082709,2
2025-04-21 10:05:00,2,0.19158751720298006,0.00988284939205834,0.7985296334049616,2
2025-04-21 10:10:00,2,0.11865629491361938,0.06254632119084355,0.8187973838955371,2
2025-04-21 10:15:00,2,0.12461703481471285,0.07392775724822755,0.8014552079370596,2
2025-04-21 10:20:00,2,0.09331080520953262,0.10004729539589924,0.8066418993945681,2
2025-04-21 10:25:00,2,0.11258624465947736,0.02945639393610596,0.8579573614044167,2
2025-04-21 10:30:00,2,0.07146744809019225,0.019628010706511934,0.9089045412032958,2
2025-04-21 10:35:00,0,0.18181499417465152,0.08956438852139897,0.7286206173039496,2
2025-04-21 10:40:00,0,0.20749081773659844,0.04314441501502059,0.749364767248381,2
2025-04-21 10:45:00,0,0.20581150522473704,0.03461196199284035,0.7595765327824227,2
2025-04-21 10:50:00,2,0.23443582906380686,0.011576567012968652,0.7539876039232245,2
2025-04-21 10:55:00,2,0.2256654271675283,0.01092017211960009,0.7634144007128716,2
2025-04-21 11:00:00,0,0.26258265749653315,0.010992699044297082,0.7264246434591698,2
2025-04-21 11:05:00,0,0.25667922781697156,0.010919591228031638,0.7324011809549968,2
2025-04-21 11:10:00,2,0.21746694618448548,0.011053353649959642,0.7714797001655549,2
2025-04-21 11:15:00,2,0.2082805728138833,0.01013529451997189,0.7815841326661448,2
2025-04-21 11:20:00,2,0.2236532350486032,0.011449584895524048,0.7648971800558727,2
2025-04-21 11:25:00,2,0.2243232902389894,0.011577230303306572,0.7640994794577041,2
2025-04-21 11:30:00,2,0.19985948022207048,0.049302968898840685,0.7508375508790888,2
2025-04-21 11:35:00,2,0.19970669949725092,0.05042147634779466,0.7498718241549545,2
2025-04-21 11:40:00,0,0.19564362027562915,0.06980849582733734,0.7345478838970335,2
2025-04-21 11:45:00,0,0.20124040211008287,0.05508841288448687,0.7436711850054303,2
2025-04-21 11:50:00,2,0.20528943241753767,0.04286398081034938,0.7518465867721129,2
2025-04-21 11:55:00,2,0.22922605767831883,0.011118703422712237,0.759655238898969,2
2025-04-21 12:00:00,0,0.2207981019979744,0.012001024652035374,0.7672008733499902,2
2025-04-21 12:05:00,0,0.20926743786596214,0.01164077529638134,0.7790917868376566,2
2025-04-21 12:10:00,0,0.19971067596543307,0.01013529451997189,0.790154029514595,2
2025-04-21 12:15:00,2,0.20394035048005726,0.005162552310340653,0.7908970972096021,2
2025-04-21 12:20:00,2,0.20273282135706347,0.005008706914549198,0.7922584717283874,2
2025-04-21 12:25:00,2,0.23384697820186756,0.01160669250827468,0.7545463292898578,2
2025-04-21 12:30:00,2,0.22045608955677728,0.011426473325419207,0.7681174371178036,2
2025-04-21 12:35:00,2,0.20848763293315148,0.011191778293394261,0.7803205887734543,2
2025-04-21 12:40:00,2,0.20981854976849193,0.03636211399231444,0.7538193362391937,2
2025-04-21 12:45:00,2,0.23361665502323323,0.011784646604348888,0.7545986983724179,2
2025-04-21 12:50:00,2,0.20467429484583588,0.053829936542415864,0.7414957686117483,2
2025-04-21 12:55:00,2,0.19442631796735677,0.04879889554289726,0.7567747864897459,2
2025-04-21 13:00:00,2,0.20730036067038066,0.045284774628298066,0.7474148647013212,2
2025-04-21 13:05:00,2,0.21397535843482235,0.012001425815154376,0.7740232157500233,2
2025-04-21 13:10:00,2,0.20936762985400653,0.044019093746204496,0.746613276399789,2
2025-04-21 13:15:00,2,0.24700806892151864,0.06332788130080438,0.6896640497776769,2
2025-04-21 13:20:00,2,0.22540751022343278,0.06068526573454525,0.713907224042022,2
2025-04-21 13:25:00,1,0.2125220322885334,0.08471309946280156,0.702764868248665,2
2025-04-21 13:30:00,2,0.2168568653658121,0.08396182098753421,0.6991813136466537,2
2025-04-21 13:35:00,2,0.15914399837012805,0.046359329445988355,0.7944966721838836,2
2025-04-21 13:40:00,2,0.010629380697872136,0.15218351361105692,0.8371871056910709,2
2025-04-21 13:45:00,2,0.22737006483303562,0.057692697533986405,0.714937237632978,2
2025-04-21 13:50:00,2,0.1981949762302621,0.04363368708359141,0.7581713366861464,2
2025-04-21 13:55:00,2,0.20610141664316373,0.05085803723750952,0.7430405461193268,2
2025-04-21 14:00:00,2,0.19802118496045842,0.045863132868549414,0.7561156821709922,2
2025-04-21 14:05:00,2,0.18329871337605497,0.04048447454533649,0.7762168120786086,2
2025-04-21 14:10:00,2,0.18946499215368728,0.06527520094305361,0.7452598069032591,2
2025-04-21 14:15:00,2,0.17605241340911706,0.05276132682195458,0.7711862597689284,2
2025-04-21 14:20:00,2,0.17215609113196564,0.05520402732536635,0.772639881542668,2
2025-04-21 14:25:00,2,0.1871049977668333,0.06332067211005053,0.7495743301231163,2
2025-04-21 14:30:00,2,0.17808565700729584,0.05788068014057868,0.7640336628521255,2
2025-04-21 14:35:00,2,0.1683200352765882,0.05030772316752991,0.7813722415558819,2
2025-04-21 14:40:00,2,0.14793567482644793,0.044280069461786156,0.8077842557117659,2
2025-04-21 14:45:00,1,0.12841194079926482,0.04369801872302673,0.8278900404777084,2
2025-04-21 14:50:00,2,0.11448872515517748,0.036572879625946096,0.8489383952188765,2
2025-04-21 14:55:00,1,0.11164194475911995,0.029080319214222675,0.8592777360266574,2
2025-04-21 15:00:00,2,0.029296075896138172,0.015396616170114579,0.9553073079337473,2
2025-04-21 15:05:00,2,0.027282184076301036,0.013111734882633546,0.9596060810410654,2
2025-04-21 15:10:00,2,0.02802630987507834,0.018049450874273065,0.9539242392506486,2
2025-04-21 15:15:00,2,0.02796286202606434,0.014565327522570786,0.9574718104513649,2
2025-04-21 15:20:00,2,0.028251900474374328,0.013490591276388875,0.9582575082492368,2
2025-04-21 15:25:00,2,0.030282519107384484,0.012040168418317725,0.9576773124742978,2
2025-04-22 09:15:00,2,0.010863356614098992,0.013325777725654152,0.9758108656602469,2
2025-04-22 09:20:00,0,0.16151816899441784,0.1300469021625139,0.7084349288430682,2
2025-04-22 09:25:00,0,0.11389456056874815,0.1612886270942236,0.7248168123370282,2
2025-04-22 09:30:00,2,0.09335713618226092,0.19195026500614223,0.7146925988115969,2
2025-04-22 09:35:00,2,0.06012485244317083,0.09235142302865339,0.8475237245281758,2
2025-04-22 09:40:00,2,0.0777905573808298,0.13561717949671676,0.7865922631224535,2
2025-04-22 09:45:00,2,0.08163830344105366,0.1291780938115098,0.7891836027474365,2
2025-04-22 09:50:00,0,0.15047669219730836,0.175072880282162,0.6744504275205296,2
2025-04-22 09:55:00,2,0.11197396379480447,0.16712937086922938,0.7208966653359662,2
2025-04-22 10:00:00,2,0.08232140925841078,0.12311120904751885,0.7945673816940704,2
2025-04-22 10:05:00,2,0.05918511426800738,0.07743473643996097,0.8633801492920317,2
2025-04-22 10:10:00,2,0.05550872775403095,0.03818139542648254,0.9063098768194866,2
2025-04-22 10:15:00,2,0.04812658289818816,0.03722637881990807,0.9146470382819037,2
2025-04-22 10:20:00,2,0.03633505318149161,0.02615814242252643,0.937506804395982,2
2025-04-22 10:25:00,2,0.07451387916385066,0.05922041069541229,0.8662657101407372,2
2025-04-22 10:30:00,2,0.05372293685972626,0.036074075696669615,0.9102029874436042,2
2025-04-22 10:35:00,2,0.017722711880266574,0.012353850963473018,0.9699234371562604,2
2025-04-22 10:40:00,2,0.029917204787005217,0.011642607872339521,0.9584401873406553,2
2025-04-22 10:45:00,2,0.14914009435307535,0.07085031961615262,0.780009586030772,2
2025-04-22 10:50:00,2,0.041482078946707815,0.012003398666873291,0.9465145223864189,2
2025-04-22 10:55:00,2,0.20411116699034704,0.012000999908232305,0.7838878331014207,2
2025-04-22 11:00:00,2,0.20301624699037674,0.01146726825737017,0.7855164847522531,2
2025-04-22 11:05:00,1,0.17209356212586974,0.06822490071917053,0.7596815371549598,2
2025-04-22 11:10:00,2,0.18420144021902102,0.05242949327585163,0.7633690665051274,2
2025-04-22 11:15:00,1,0.1383959438753145,0.09651894540316387,0.7650851107215216,2
2025-04-22 11:20:00,2,0.18735487621933158,0.15739459923760735,0.6552505245430611,2
2025-04-22 11:25:00,2,0.21565025287382947,0.12798776694968106,0.6563619801764895,2
2025-04-22 11:30:00,2,0.014029288121565578,0.20011902653330532,0.7858516853451292,2
2025-04-22 11:35:00,2,0.19479715451153629,0.1484436541316875,0.6567591913567762,2
2025-04-22 11:40:00,2,0.13678352552641979,0.16026658846565087,0.7029498860079294,2
2025-04-22 11:45:00,2,0.12150840358562533,0.13243712832370444,0.7460544680906702,2
2025-04-22 11:50:00,2,0.13700357615763598,0.13257077512376197,0.730425648718602,2
2025-04-22 11:55:00,2,0.1271828130545678,0.12374740189244689,0.7490697850529854,2
2025-04-22 12:00:00,2,0.16199770732071908,0.13880882650896512,0.6991934661703157,2
2025-04-22 12:05:00,2,0.17735829098881462,0.14145032496250126,0.6811913840486841,2
2025-04-22 12:10:00,2,0.16784810323412597,0.14653769487972781,0.6856142018861463,2
2025-04-22 12:15:00,2,0.18024688491154706,0.15134531053164774,0.6684078045568052,2
2025-04-22 12:20:00,2,0.14339083815463727,0.15083892079092737,0.7057702410544353,2
2025-04-22 12:25:00,2,0.1360462858151724,0.13396003648915808,0.7299936776956696,2
2025-04-22 12:30:00,2,0.15131594869682585,0.12498312829452202,0.7237009230086522,2
2025-04-22 12:35:00,2,0.14327991707286947,0.12469183953157219,0.7320282433955584,2
2025-04-22 12:40:00,2,0.10355191687569544,0.16081558753903588,0.7356324955852687,2
2025-04-22 12:45:00,2,0.14781036165137149,0.1215351261671553,0.7306545121814731,2
2025-04-22 12:50:00,2,0.1285214440590483,0.12144729993374809,0.7500312560072036,2
2025-04-22 12:55:00,2,0.13742764263314847,0.12004129025881383,0.7425310671080377,2
2025-04-22 13:00:00,2,0.12157287326019803,0.10732581228814098,0.7711013144516611,2
2025-04-22 13:05:00,2,0.013573012979622703,0.015182577374957708,0.9712444096454196,2
2025-04-22 13:10:00,2,0.1096407719715736,0.12223032023958741,0.768128907788839,2
2025-04-22 13:15:00,2,0.10251304633507516,0.10296584193744697,0.7945211117274779,2
2025-04-22 13:20:00,2,0.09438639846430952,0.1163959607624329,0.7892176407732575,2
2025-04-22 13:25:00,2,0.10217878553067967,0.09125931658026136,0.8065618978890591,2
2025-04-22 13:30:00,2,0.10336999555782783,0.09382299780045973,0.8028070066417126,2
2025-04-22 13:35:00,2,0.0610389046947968,0.05893139125451418,0.880029704050689,2
2025-04-22 13:40:00,2,0.06336392292926327,0.06671557051578253,0.8699205065549542,2
2025-04-22 13:45:00,2,0.06103365707173522,0.05858682349432482,0.88037951943394,2
2025-04-22 13:50:00,2,0.07185033304011702,0.06988339838658146,0.8582662685733016,2
2025-04-22 13:55:00,2,0.060005141136142796,0.04783398332354046,0.8921608755403168,2
2025-04-22 14:00:00,2,0.051851272795917405,0.04824212770923225,0.8999065994948504,2
2025-04-22 14:05:00,2,0.049857507150973646,0.0485378856400767,0.9016046072089496,2
2025-04-22 14:10:00,2,0.008666373407320497,0.004713270359160921,0.9866203562335186,2
2025-04-22 14:15:00,2,0.00956341605327121,0.004761878243858259,0.9856747057028705,2
2025-04-22 14:20:00,2,0.008666373425918136,0.0047132701216704,0.9866203564524114,2
2025-04-22 14:25:00,2,0.008029967899576723,0.004646542236204246,0.987323489864219,2
2025-04-22 14:30:00,2,0.00994825388408032,0.004861621182609591,0.9851901249333102,2
2025-04-22 14:35:00,2,0.010264965629038413,0.0048470176655146,0.984888016705447,2
2025-04-22 14:40:00,2,0.009563416053281513,0.0047618782437391155,0.9856747057029793,2
2025-04-22 14:45:00,2,0.06748878761965185,0.004957339069783842,0.9275538733105643,2
2025-04-22 14:50:00,2,0.009719597393318045,0.004839645416299792,0.9854407571903822,2
2025-04-22 14:55:00,2,0.08044178937945459,0.10505512917386045,0.8145030814466849,2
2025-04-22 15:00:00,2,0.06517652394859709,0.0851242116018034,0.8496992644495995,2
2025-04-22 15:05:00,2,0.07542064407871749,0.08070125052724589,0.8438781053940366,2
2025-04-22 15:10:00,2,0.09351264167508816,0.09243101958751102,0.8140563387374009,2
2025-04-22 15:15:00,2,0.08230593786424842,0.08571597339001297,0.8319780887457386,2
2025-04-22 15:20:00,2,0.07154843940930836,0.09387399747024727,0.8345775631204444,2
2025-04-22 15:25:00,2,0.01197241000523715,0.011098361421764328,0.9769292285729986,2
2025-04-23 09:15:00,2,0.011909674217221076,0.011470431261150688,0.9766198945216282,2
2025-04-23 09:20:00,2,0.009611996968084466,0.011439081221258507,0.9789489218106571,2
2025-04-23 09:25:00,2,0.010730111068405095,0.01393276789794415,0.9753371210336508,2
2025-04-23 09:30:00,0,0.08415298600266101,0.14636985537132732,0.7694771586260117,2
2025-04-23 09:35:00,0,0.05929551881052178,0.14253043037447724,0.798174050815001,2
2025-04-23 09:40:00,2,0.07173073864824792,0.1210369396779073,0.8072323216738448,2
2025-04-23 09:45:00,2,0.011103534004431412,0.014654313978234607,0.974242152017334,2
2025-04-23 09:50:00,1,0.06253486934360515,0.08424548472747978,0.853219645928915,2
2025-04-23 09:55:00,1,0.0615237626959906,0.1165718193152895,0.8219044179887199,2
2025-04-23 10:00:00,1,0.08610938480098444,0.15055179576370326,0.7633388194353123,2
2025-04-23 10:05:00,2,0.07926588093183591,0.12263473593285036,0.7980993831353137,2
2025-04-23 10:10:00,2,0.16115845479578267,0.0935279970774203,0.7453135481267971,2
2025-04-23 10:15:00,2,0.09649977486621243,0.18274175151278066,0.7207584736210069,2
2025-04-23 10:20:00,2,0.0821761978564754,0.18549810286862023,0.7323256992749043,2
2025-04-23 10:25:00,1,0.08250540556023976,0.18132890873242363,0.7361656857073366,2
2025-04-23 10:30:00,1,0.15105660705925852,0.13334999848927362,0.7155933944514679,2
2025-04-23 10:35:00,1,0.2245607195980045,0.1802531655084555,0.59518611489354,2
2025-04-23 10:40:00,2,0.24703182675272464,0.1571585100492469,0.5958096631980285,2
2025-04-23 10:45:00,2,0.012027479783614051,0.011503261418616803,0.9764692587977691,2
2025-04-23 10:50:00,2,0.012030566299719068,0.011470431261150688,0.9764990024391302,2
2025-04-23 10:55:00,0,0.21805716935768413,0.2064598398551808,0.5754829907871352,2
2025-04-23 11:00:00,0,0.16705185855384413,0.22496174244976958,0.6079863989963863,2
2025-04-23 11:05:00,2,0.14794931393878952,0.21090718538702566,0.6411435006741848,2
2025-04-23 11:10:00,2,0.14030437920199398,0.18970980700563708,0.669985813792369,2
2025-04-23 11:15:00,2,0.13232326129086658,0.21677328085376688,0.6509034578553666,2
2025-04-23 11:20:00,2,0.21965673728075744,0.20280883879400616,0.5775344239252365,2
2025-04-23 11:25:00,0,0.21679777372646855,0.1961443949437196,0.5870578313298118,2
2025-04-23 11:30:00,0,0.19496684545425635,0.19448910513262668,0.6105440494131169,2
2025-04-23 11:35:00,0,0.1995688453460907,0.1972909088454105,0.6031402458084988,2
2025-04-23 11:40:00,1,0.13978244546218674,0.2170615400951168,0.6431560144426964,2
2025-04-23 11:45:00,1,0.10588118415985978,0.18078109820435292,0.7133377176357873,2
2025-04-23 11:50:00,1,0.17262556019001163,0.21075848827124005,0.6166159515387483,2
2025-04-23 11:55:00,2,0.00448930647555118,0.0044960274987807525,0.9910146660256681,2
2025-04-23 12:00:00,2,0.0044955536145154735,0.004495776274501797,0.9910086701109827,2
2025-04-23 12:05:00,2,0.005065505471030714,0.0044726668328541495,0.9904618276961151,2
2025-04-23 12:10:00,2,0.009719581526557995,0.004839825871554774,0.9854405926018872,2
2025-04-23 12:15:00,2,0.0044850206631540145,0.004496209222165257,0.9910187701146808,2
2025-04-23 12:20:00,2,0.004503229607081535,0.0044954629981166895,0.9910013073948017,2
2025-04-23 12:25:00,2,0.0044847580869303415,0.00449628179714313,0.9910189601159265,2
2025-04-23 12:30:00,2,0.008029995566150736,0.0046461607058266635,0.9873238437280226,2
2025-04-23 12:35:00,2,0.00866637342336153,0.004713270154318178,0.9866203564223203,2
2025-04-23 12:40:00,2,0.008029995587853117,0.004646160406544374,0.9873238440056025,2
2025-04-23 12:45:00,2,0.00478893830454233,0.011614715866413569,0.9835963458290441,2
2025-04-23 12:50:00,2,0.004771613542457889,0.01164957340635252,0.9835788130511895,2
2025-04-23 12:55:00,2,0.004771539302207762,0.0116787039948878,0.9835497567029045,2
2025-04-23 13:00:00,2,0.004773065143747697,0.04171831282290285,0.9535086220333495,2
2025-04-23 13:05:00,2,0.004339028797981896,0.009088871231763905,0.9865720999702542,2
2025-04-23 13:10:00,2,0.004485135486982454,0.004506901146033579,0.9910079633669839,2
2025-04-23 13:15:00,2,0.00448476709630168,0.004497119298078537,0.9910181136056198,2
2025-04-23 13:20:00,2,0.00456945943287162,0.004492778115209935,0.9909377624519184,2
2025-04-23 13:25:00,2,0.004484802629451971,0.004496926437899057,0.9910182709326489,2
2025-04-23 13:30:00,2,0.004485303403813077,0.004496190172536824,0.9910185064236501,2
2025-04-23 13:35:00,2,0.004485010839243095,0.0044962016483280805,0.9910187875124288,2
2025-04-23 13:40:00,2,0.004895245830773462,0.011978322059951179,0.9831264321092753,2
2025-04-23 13:45:00,2,0.004484803404419709,0.004496210058538222,0.991018986537042,2
2025-04-23 13:50:00,2,0.004484737930757852,0.02177630138925951,0.9737389606799827,2
2025-04-23 13:55:00,2,0.008710606445958113,0.03051663530194107,0.9607727582521008,2
2025-04-23 14:00:00,2,0.008710606445958113,0.03255173486284741,0.9587376586911944,2
2025-04-23 14:05:00,2,0.008882396498088876,0.03318722586792189,0.9579303776339892,2
2025-04-23 14:10:00,2,0.010262942752045168,0.011368681236864402,0.9783683760110904,2
2025-04-23 14:15:00,2,0.010665221468822995,0.011325174671369934,0.9780096038598071,2
2025-04-23 14:20:00,2,0.009684219844355446,0.01110060410564748,0.9792151760499971,2
2025-04-23 14:25:00,2,0.009733705908674208,0.010567728294989111,0.9796985657963366,2
2025-04-23 14:30:00,2,0.011518076156354064,0.011232938177683309,0.9772489856659626,2
2025-04-23 14:35:00,2,0.03278429495837072,0.037305073366630574,0.9299106316749988,2
2025-04-23 14:40:00,2,0.0673999409176218,0.11093141633582987,0.8216686427465483,2
2025-04-23 14:45:00,0,0.05477184797593944,0.06876272063032815,0.8764654313937325,2
2025-04-23 14:50:00,2,0.050446169836332204,0.05320958070557827,0.8963442494580895,2
2025-04-23 14:55:00,2,0.011518076156354064,0.011262060947191906,0.977219862896454,2
2025-04-23 15:00:00,2,0.009733705908674208,0.010567728294989111,0.9796985657963366,2
2025-04-23 15:05:00,2,0.011591768700813115,0.010566592070684153,0.9778416392285028,2
2025-04-23 15:10:00,2,0.011850047408810176,0.010782447338156595,0.9773675052530333,2
2025-04-23 15:15:00,2,0.010361666559228763,0.011397864888096139,0.9782404685526751,2
2025-04-23 15:20:00,2,0.06464415492161157,0.04397096124245621,0.8913848838359323,2
2025-04-23 15:25:00,2,0.08970088880047263,0.11650275959067044,0.7937963516088569,2
2025-04-24 09:15:00,2,0.012779689543291757,0.01180131909221326,0.9754189913644951,2
2025-04-24 09:20:00,2,0.01181773149639075,0.012272959486436374,0.9759093090171729,2
2025-04-24 09:25:00,2,0.011905921288525105,0.011503184702035464,0.9765908940094394,2
2025-04-24 09:30:00,1,0.14493403968953608,0.06115603741979845,0.7939099228906654,2
2025-04-24 09:35:00,2,0.16530548977495918,0.10728206371047783,0.727412446514563,2
2025-04-24 09:40:00,2,0.13146209287632124,0.11963628302939876,0.7489016240942801,2
2025-04-24 09:45:00,2,0.11696898565689878,0.10764274904688156,0.7753882652962196,2
2025-04-24 09:50:00,2,0.13335778571730708,0.14086920681664086,0.7257730074660521,2
2025-04-24 09:55:00,2,0.15145619566633128,0.12758299665032108,0.7209608076833476,2
2025-04-24 10:00:00,2,0.13378189464950213,0.10481852377526886,0.761399581575229,2
2025-04-24 10:05:00,2,0.11487470923631028,0.09759887385353115,0.7875264169101586,2
2025-04-24 10:10:00,2,0.10799044512955089,0.09654962963545521,0.7954599252349939,2
2025-04-24 10:15:00,2,0.10168404230626713,0.07533451213135592,0.822981445562377,2
2025-04-24 10:20:00,2,0.07089512051181351,0.06103798621293624,0.8680668932752502,2
2025-04-24 10:25:00,2,0.06604303776020641,0.04885738923480924,0.8850995730049843,2
2025-04-24 10:30:00,2,0.0671403948253097,0.04295510698091935,0.8899044981937709,2
2025-04-24 10:35:00,2,0.19719109749226396,0.10009582169518187,0.7027130808125542,2
2025-04-24 10:40:00,2,0.1714624650726956,0.10155542100272767,0.7269821139245768,2
2025-04-24 10:45:00,2,0.1534092943623122,0.09842656210834462,0.7481641435293431,2
2025-04-24 10:50:00,2,0.1485478926026813,0.09799337931477792,0.7534587280825408,2
2025-04-24 10:55:00,2,0.13596088702402442,0.0954954586292983,0.7685436543466773,2
2025-04-24 11:00:00,2,0.11503350138021977,0.09382421475605494,0.7911422838637253,2
2025-04-24 11:05:00,2,0.09629473505837396,0.087611325076299,0.816093939865327,2
2025-04-24 11:10:00,2,0.10887157683426973,0.08441412175796198,0.8067143014077682,2
2025-04-24 11:15:00,2,0.10880967615457435,0.08579643395487867,0.805393889890547,2
2025-04-24 11:20:00,2,0.1336316795800457,0.08342635397904576,0.7829419664409085,2
2025-04-24 11:25:00,2,0.09796823587405519,0.005069884776036049,0.8969618793499088,2
2025-04-24 11:30:00,2,0.010895658283390933,0.004956195089064281,0.9841481466275448,2
2025-04-24 11:35:00,2,0.0099482534478283,0.004861626029171869,0.9851901205229998,2
2025-04-24 11:40:00,2,0.012219176271567366,0.004893418544884261,0.9828874051835483,2
2025-04-24 11:45:00,2,0.010264965653266683,0.004847017404619813,0.9848880169421135,2
2025-04-24 11:50:00,2,0.009948253885325421,0.004861621168776994,0.9851901249458976,2
2025-04-24 11:55:00,2,0.010264965653266693,0.004847017404619663,0.9848880169421137,2
2025-04-24 12:00:00,2,0.009563416053329317,0.004761878243186042,0.9856747057034846,2
2025-04-24 12:05:00,2,0.008666373426236567,0.00471327011760418,0.9866203564561593,2
2025-04-24 12:10:00,2,0.009563416053329317,0.004761878243186042,0.9856747057034846,2
2025-04-24 12:15:00,2,0.004966127560127122,0.004476852433587508,0.9905570200062854,2
2025-04-24 12:20:00,2,0.012219176599730817,0.004893415577549659,0.9828874078227195,2
2025-04-24 12:25:00,2,0.009719597422181772,0.004839645088027893,0.9854407574897903,2
2025-04-24 12:30:00,2,0.00871944891397931,0.004742135607013882,0.9865384154790068,2
2025-04-24 12:35:00,2,0.010264965653266693,0.004847017404619663,0.9848880169421137,2
2025-04-24 12:40:00,2,0.008719448464181798,0.00474214131444253,0.9865384102213757,2
2025-04-24 12:45:00,2,0.009640583545883305,0.005738282815419265,0.9846211336386974,2
2025-04-24 12:50:00,2,0.009719577926950962,0.0048398668104737445,0.9854405552625753,2
2025-04-24 12:55:00,2,0.009719590288294801,0.004839726222890282,0.985440683488815,2
2025-04-24 13:00:00,2,0.00994825386453133,0.004861621399789969,0.9851901247356787,2
2025-04-24 13:05:00,2,0.009887543488925949,0.004831955454757688,0.9852805010563164,2
2025-04-24 13:10:00,2,0.010895658283395063,0.0049561950890224665,0.9841481466275824,2
2025-04-24 13:15:00,2,0.00994825388538166,0.00486162116815228,0.9851901249464661,2
2025-04-24 13:20:00,2,0.009719597422446448,0.004839645085017721,0.9854407574925358,2
2025-04-24 13:25:00,2,0.009719597422446448,0.004839645085017721,0.9854407574925358,2
2025-04-24 13:30:00,2,0.008719448913979275,0.00474213560701424,0.9865384154790064,2
2025-04-24 13:35:00,2,0.06410460347647702,0.005069884767780348,0.9308255117557427,2
2025-04-24 13:40:00,2,0.012647154636486253,0.005004996141241783,0.9823478492222719,2
2025-04-24 13:45:00,2,0.012647154636486253,0.005004996141241772,0.9823478492222719,2
2025-04-24 13:50:00,2,0.012378797712663796,0.004957339069787199,0.9826638632175491,2
2025-04-24 13:55:00,2,0.010619685333272963,0.004830661172503101,0.984549653494224,2
2025-04-24 14:00:00,2,0.010895658281894784,0.004956195104227652,0.9841481466138776,2
2025-04-24 14:05:00,2,0.012219176599723882,0.00489341557761237,0.9828874078226637,2
2025-04-24 14:10:00,2,0.012378797712660069,0.004957339069820464,0.9826638632175194,2
2025-04-24 14:15:00,2,0.012378797700663873,0.004957339176832357,0.9826638631225038,2
2025-04-24 14:20:00,2,0.010264876140248024,0.004847981298658234,0.9848871425610938,2
2025-04-24 14:25:00,2,0.012510675583549832,0.004951115938911392,0.9825382084775388,2
2025-04-24 14:30:00,2,0.017013408952185102,0.005187057733404788,0.97779953331441,2
2025-04-24 14:35:00,2,0.03772695701692312,0.005204666379846611,0.9570683766032303,2
2025-04-24 14:40:00,2,0.012647154636485133,0.005004996141251533,0.9823478492222634,2
2025-04-24 14:45:00,2,0.014539077712516502,0.005069884772137319,0.9803910375153462,2
2025-04-24 14:50:00,2,0.11265879645774504,0.005257759599048235,0.8820834439432068,2
2025-04-24 14:55:00,2,0.059028755614007875,0.011100305375458983,0.9298709390105331,2
2025-04-24 15:00:00,2,0.08054624100381375,0.06603233774210596,0.8534214212540803,2
2025-04-24 15:05:00,2,0.06501752380902384,0.06246802200262469,0.8725144541883515,2
2025-04-24 15:10:00,2,0.06610829254674984,0.06467365997003802,0.8692180474832121,2
2025-04-24 15:15:00,2,0.06622096111647262,0.05006748234326783,0.8837115565402596,2
2025-04-24 15:20:00,2,0.07986104330382417,0.059086207753489176,0.8610527489426867,2
2025-04-24 15:25:00,2,0.07510085101799646,0.06501746668716936,0.8598816822948342,2
2025-04-25 09:15:00,2,0.009431914696590632,0.09073322261891945,0.89983486268449,2
2025-04-25 09:20:00,1,0.0494687545339796,0.17021373580372695,0.7803175096622935,2
2025-04-25 09:25:00,2,0.009126870295276408,0.01362988664716011,0.9772432430575635,2
2025-04-25 09:30:00,1,0.0843409942189017,0.19452631832861078,0.7211326874524875,2
2025-04-25 09:35:00,1,0.18542648517221272,0.14639106814901742,0.6681824466787698,2
2025-04-25 09:40:00,1,0.21289300335192254,0.129351568966818,0.6577554276812595,2
2025-04-25 09:45:00,2,0.1602135534495217,0.01096229786753389,0.8288241486829444,2
2025-04-25 09:50:00,2,0.1740791519838737,0.005052403694495496,0.8208684443216308,2
2025-04-25 09:55:00,2,0.009763642817424156,0.006941689267302778,0.9832946679152731,2
2025-04-25 10:00:00,2,0.010895658283397048,0.004985317858510987,0.9841190238580919,2
2025-04-25 10:05:00,2,0.009217288596647624,0.010756911833503791,0.9800257995698485,2
2025-04-25 10:10:00,1,0.18375492314217218,0.14169820888021445,0.6745468679776134,2
2025-04-25 10:15:00,1,0.14846955481400154,0.12507766929959765,0.7264527758864008,2
2025-04-25 10:20:00,2,0.014985085831346783,0.016832524486469738,0.9681823896821835,2
2025-04-25 10:25:00,2,0.009383826657130872,0.011161274737960324,0.9794548986049088,2
2025-04-25 10:30:00,2,0.009448311811975082,0.011840080151072161,0.9787116080369528,2
2025-04-25 10:35:00,1,0.2241332450988571,0.1891463947134617,0.5867203601876813,2
2025-04-25 10:40:00,1,0.24116296925222244,0.1774279515092542,0.5814090792385234,2
2025-04-25 10:45:00,1,0.2411013605864865,0.2016117696924662,0.5572868697210474,2
2025-04-25 10:50:00,2,0.01592251542697041,0.019060992026066318,0.9650164925469633,2
2025-04-25 10:55:00,2,0.011856058115551566,0.23727918358320024,0.7508647583012482,2
2025-04-25 11:00:00,2,0.011046636937501382,0.2239755859800033,0.7649777770824953,2
2025-04-25 11:05:00,1,0.2502351966385238,0.18473593534290078,0.5650288680185754,2
2025-04-25 11:10:00,1,0.2176143667681102,0.21801711968691662,0.5643685135449732,2
2025-04-25 11:15:00,2,0.016110066693830916,0.25574998387133535,0.7281399494348337,2
2025-04-25 11:20:00,2,0.1561214392386699,0.24393246550627246,0.5999460952550576,2
2025-04-25 11:25:00,2,0.22402056806739193,0.22467711374284166,0.5513023181897664,2
2025-04-25 11:30:00,1,0.16867243009539895,0.24440631709889335,0.5869212528057077,2
2025-04-25 11:35:00,1,0.20594925069501346,0.2225304902991104,0.5715202590058762,2
2025-04-25 11:40:00,1,0.21493795111263123,0.2226740143096247,0.5623880345777441,2
2025-04-25 11:45:00,2,0.1347495389885694,0.24873746505923638,0.6165129959521942,2
2025-04-25 11:50:00,0,0.19082666368703655,0.2391688397725489,0.5700044965404146,2
2025-04-25 11:55:00,0,0.19624436403203016,0.21799079898373236,0.5857648369842374,2
2025-04-25 12:00:00,0,0.18945549420472826,0.23034051106371398,0.5802039947315578,2
2025-04-25 12:05:00,0,0.16396407044991526,0.22818104473357967,0.6078548848165051,2
2025-04-25 12:10:00,2,0.117966299950408,0.2987416623925126,0.5832920376570794,1
2025-04-25 12:15:00,2,0.11783541038427192,0.3036866272432193,0.5784779623725088,1
2025-04-25 12:20:00,0,0.14751812592290825,0.2870854328498908,0.565396441227201,1
2025-04-25 12:25:00,2,0.10702571998266361,0.30203782608460017,0.5909364539327362,1
2025-04-25 12:30:00,2,0.10822424528823534,0.29383525467423455,0.5979405000375302,1
2025-04-25 12:35:00,2,0.20864624574828028,0.013056357338508323,0.7782973969132114,2
2025-04-25 12:40:00,0,0.1187869347440138,0.32061596280746973,0.5605971024485165,1
2025-04-25 12:45:00,0,0.11227061196470395,0.29334131490188164,0.5943880731334144,1
2025-04-25 12:50:00,0,0.08947473429745692,0.29562885574294534,0.6148964099595977,1
2025-04-25 12:55:00,2,0.022899887488594575,0.013083843846461567,0.9640162686649438,2
2025-04-25 13:00:00,2,0.022754478867727274,0.013613314403577752,0.963632206728695,2
2025-04-25 13:05:00,2,0.027353457607977676,0.011939291308460689,0.9607072510835616,2
2025-04-25 13:10:00,2,0.010300349789826815,0.011718015195016394,0.9779816350151568,2
2025-04-25 13:15:00,2,0.009611996968084466,0.011468203990767104,0.9789197990411485,2
2025-04-25 13:20:00,2,0.011640558791794823,0.011397706520038313,0.9769617346881668,2
2025-04-25 13:25:00,0,0.19062240816664108,0.24751461090398572,0.5618629809293733,2
2025-04-25 13:30:00,2,0.014352308458477741,0.013257738627964347,0.972389952913558,2
2025-04-25 13:35:00,0,0.12173709892627796,0.22049344705558427,0.6577694540181378,2
2025-04-25 13:40:00,2,0.01466155853269548,0.01180790895666899,0.9735305325106356,2
2025-04-25 13:45:00,2,0.01181773149639075,0.012272855371880708,0.9759094131317285,2
2025-04-25 13:50:00,2,0.010297093276294796,0.0110516930720878,0.9786512136516174,2
2025-04-25 13:55:00,2,0.01031972694735872,0.010793181114261674,0.9788870919383796,2
2025-04-25 14:00:00,2,0.07215948662868427,0.1438977948571682,0.7839427185141477,2
2025-04-25 14:05:00,0,0.1437410986135254,0.20802633466143883,0.6482325667250357,2
2025-04-25 14:10:00,2,0.12215750925067258,0.20716947099539545,0.6706730197539319,2
2025-04-25 14:15:00,1,0.12212025303835305,0.17732932618251995,0.700550420779127,2
2025-04-25 14:20:00,1,0.11124288288031901,0.18020312230161292,0.708553994818068,2
2025-04-25 14:25:00,1,0.11343527622635508,0.19169837661372363,0.6948663471599213,2
2025-04-25 14:30:00,2,0.1435055387983868,0.19670934143019073,0.6597851197714225,2
2025-04-25 14:35:00,2,0.11926477214417426,0.19594012987794293,0.6847950979778827,2
2025-04-25 14:40:00,2,0.1002021569194817,0.18920305027595374,0.7105947928045645,2
2025-04-25 14:45:00,2,0.10030929406412123,0.1942641835918876,0.7054265223439912,2
2025-04-25 14:50:00,2,0.09707999225809957,0.17506293316763977,0.7278570745742607,2
2025-04-25 14:55:00,2,0.1013686446104243,0.19933738944555707,0.6992939659440186,2
2025-04-25 15:00:00,2,0.09797332165474992,0.1722835804636923,0.7297430978815579,2
2025-04-25 15:05:00,2,0.10903959473571286,0.18571360640622925,0.7052467988580579,2
2025-04-25 15:10:00,2,0.11340614663463883,0.16748816428262286,0.7191056890827383,2
2025-04-25 15:15:00,2,0.10681314059773421,0.12774001500211274,0.7654468444001531,2
2025-04-25 15:20:00,2,0.08890637109201037,0.011624624775752664,0.899469004132237,2
2025-04-25 15:25:00,2,0.10113198845649501,0.011186632178055083,0.88768137936545,2
2025-04-28 09:15:00,0,0.1009344782575497,0.16578462569492253,0.7332808960475279,2
2025-04-28 09:20:00,0,0.11919645685344485,0.20612931973382004,0.6746742234127351,2
2025-04-28 09:25:00,0,0.10217327030291908,0.20255542022105885,0.6952713094760221,2
2025-04-28 09:30:00,2,0.05799218881433211,0.10231206134307888,0.839695749842589,2
2025-04-28 09:35:00,2,0.007353086138876148,0.03734643770507937,0.9553004761560445,2
2025-04-28 09:40:00,0,0.17422587090708366,0.1430327412353518,0.6827413878575646,2
2025-04-28 09:45:00,0,0.1664476213004062,0.1300529766442724,0.7034994020553215,2
2025-04-28 09:50:00,0,0.12343402101168927,0.12220696670746911,0.7543590122808417,2
2025-04-28 09:55:00,2,0.04323628125501423,0.03666380160553713,0.9200999171394486,2
2025-04-28 10:00:00,2,0.042757907667265664,0.031242832613280827,0.9259992597194535,2
2025-04-28 10:05:00,2,0.0047986296132035726,0.011061370333975907,0.9841400000528205,2
2025-04-28 10:10:00,2,0.006942165270089595,0.010414465562159601,0.9826433691677507,2
2025-04-28 10:15:00,2,0.008277446674210608,0.010350650932712506,0.9813719023930769,2
2025-04-28 10:20:00,2,0.12456928995592431,0.09565847471500771,0.7797722353290679,2
2025-04-28 10:25:00,2,0.1130599243338962,0.09075893526264854,0.7961811404034553,2
2025-04-28 10:30:00,2,0.08754195832760975,0.08129033149713907,0.8311677101752512,2
2025-04-28 10:35:00,2,0.1817436425716766,0.12648277311914413,0.6917735843091793,2
2025-04-28 10:40:00,0,0.19726122012598235,0.15453870360983288,0.6482000762641849,2
2025-04-28 10:45:00,2,0.171109297906139,0.1281101596425062,0.7007805424513548,2
2025-04-28 10:50:00,2,0.177497054575505,0.09922207358891848,0.7232808718355765,2
2025-04-28 10:55:00,1,0.1711454580942149,0.07041336867612054,0.7584411732296645,2
2025-04-28 11:00:00,1,0.1711938632328876,0.08499367394558652,0.7438124628215259,2
2025-04-28 11:05:00,1,0.16296819917628438,0.0846439060423819,0.7523878947813337,2
2025-04-28 11:10:00,2,0.20756444219520778,0.17881619126127105,0.6136193665435212,2
2025-04-28 11:15:00,0,0.2339624988615909,0.16802173290155337,0.5980157682368559,2
2025-04-28 11:20:00,0,0.21341013142795895,0.17970803544678862,0.6068818331252525,2
2025-04-28 11:25:00,0,0.1774454472735604,0.1559625876455747,0.6665919650808649,2
2025-04-28 11:30:00,2,0.1908064035809747,0.09105341294674567,0.7181401834722797,2
2025-04-28 11:35:00,2,0.18129151220711598,0.08834310202156627,0.7303653857713178,2
2025-04-28 11:40:00,2,0.15862589564972718,0.09357301208626016,0.7478010922640127,2
2025-04-28 11:45:00,2,0.1878309816722173,0.09669733294406888,0.7154716853837139,2
2025-04-28 11:50:00,2,0.20870499698020117,0.10093381308867323,0.6903611899311256,2
2025-04-28 11:55:00,2,0.1822486706457856,0.09641074813387926,0.7213405812203352,2
2025-04-28 12:00:00,0,0.1567400209523439,0.09256392430144522,0.7506960547462109,2
2025-04-28 12:05:00,0,0.16812247560772042,0.10671750260618179,0.7251600217860978,2
2025-04-28 12:10:00,0,0.15643744643965132,0.09579982794824392,0.7477627256121048,2
2025-04-28 12:15:00,2,0.009242223753973239,0.010913885471555028,0.9798438907744718,2
2025-04-28 12:20:00,2,0.016105411512792524,0.011936397282269836,0.9719581912049376,2
2025-04-28 12:25:00,2,0.16730819423362608,0.011174466028062803,0.8215173397383111,2
2025-04-28 12:30:00,2,0.16873209405504574,0.010577981464912142,0.8206899244800421,2
2025-04-28 12:35:00,2,0.18642360713011288,0.011174943234796482,0.8024014496350906,2
2025-04-28 12:40:00,2,0.1951051945936238,0.011987233145854379,0.7929075722605219,2
2025-04-28 12:45:00,2,0.19581657788723308,0.012621103975728248,0.7915623181370387,2
2025-04-28 12:50:00,2,0.1818688791348988,0.011190099612773438,0.8069410212523278,2
2025-04-28 12:55:00,2,0.17656179491672633,0.011158125193225489,0.8122800798900482,2
2025-04-28 13:00:00,2,0.1734021587908246,0.07212834517913183,0.7544694960300435,2
2025-04-28 13:05:00,2,0.17822657029438316,0.06790593922215976,0.753867490483457,2
2025-04-28 13:10:00,2,0.17530726058490462,0.07780460161270929,0.7468881378023862,2
2025-04-28 13:15:00,2,0.1978802866348126,0.08199462473986495,0.7201250886253224,2
2025-04-28 13:20:00,2,0.1753608540945349,0.0689297156777365,0.7557094302277286,2
2025-04-28 13:25:00,2,0.16920456265040018,0.06714188898714075,0.7636535483624591,2
2025-04-28 13:30:00,2,0.17447393669533406,0.05812958828093141,0.7673964750237345,2
2025-04-28 13:35:00,2,0.12889454012706605,0.04446443346849954,0.8266410264044344,2
2025-04-28 13:40:00,2,0.10110860998089669,0.04010291403905696,0.8587884759800464,2
2025-04-28 13:45:00,2,0.08560162540492675,0.036579434951581204,0.877818939643492,2
2025-04-28 13:50:00,2,0.12750326446229115,0.04784057200112056,0.8246561635365883,2
2025-04-28 13:55:00,2,0.09967281903496668,0.04283347974377966,0.8574937012212537,2
2025-04-28 14:00:00,2,0.09705574551506436,0.03443353177055221,0.8685107227143835,2
2025-04-28 14:05:00,2,0.1158724983350041,0.030967566498309333,0.8531599351666865,2
2025-04-28 14:10:00,1,0.08998490276211382,0.023110203814165522,0.8869048934237207,2
2025-04-28 14:15:00,2,0.11105741586540982,0.05886386956155368,0.8300787145730366,2
2025-04-28 14:20:00,2,0.11410455180636453,0.06568968860318798,0.8202057595904475,2
2025-04-28 14:25:00,1,0.10927429547988453,0.05728551718967891,0.8334401873304366,2
2025-04-28 14:30:00,2,0.1109411735177556,0.05438479645469213,0.8346740300275524,2
2025-04-28 14:35:00,2,0.005330597822486711,0.018445236774423796,0.9762241654030894,2
2025-04-28 14:40:00,2,0.010760460058382356,0.012027135474262067,0.9772124044673556,2
2025-04-28 14:45:00,2,0.005232928101409685,0.0181435805770963,0.9766234913214941,2
2025-04-28 14:50:00,2,0.08862141539345834,0.06479241376976226,0.8465861708367795,2
2025-04-28 14:55:00,2,0.07396442841664658,0.06326199989879194,0.8627735716845615,2
2025-04-28 15:00:00,2,0.08304547035852115,0.054729989003484934,0.8622245406379939,2
2025-04-28 15:05:00,2,0.08942320488439484,0.054732593596884344,0.8558442015187209,2
2025-04-28 15:10:00,2,0.08285649451641441,0.05202171309438279,0.8651217923892028,2
2025-04-28 15:15:00,2,0.06892041648590698,0.044147331211637525,0.8869322523024555,2
2025-04-28 15:20:00,2,0.08014653370376709,0.05065550274750334,0.8691979635487297,2
2025-04-28 15:25:00,2,0.09444559952726991,0.06354471081140631,0.8420096896613238,2
2025-04-29 09:15:00,2,0.008021470939414618,0.01067134625016895,0.9813071828104164,2
2025-04-29 09:20:00,2,0.0046694902212793985,0.01063273082582968,0.9846977789528909,2
2025-04-29 09:25:00,1,0.05725890611385491,0.12717932757578548,0.8155617663103596,2
2025-04-29 09:30:00,2,0.009223688230583966,0.011148970010022722,0.9796273417593933,2
2025-04-29 09:35:00,2,0.09643745064661913,0.19346771688028794,0.7100948324730929,2
2025-04-29 09:40:00,0,0.2262088606808944,0.15107140141396588,0.6227197379051398,2
2025-04-29 09:45:00,0,0.23219816589914638,0.13835801152683666,0.629443822574017,2
2025-04-29 09:50:00,2,0.18351151538125604,0.19548947579522602,0.6209990088235179,2
2025-04-29 09:55:00,2,0.13115228478488294,0.19840748144406845,0.6704402337710487,2
2025-04-29 10:00:00,1,0.11327183311130203,0.18093708312479123,0.7057910837639068,2
2025-04-29 10:05:00,2,0.14851113951522943,0.19544271261441232,0.6560461478703582,2
2025-04-29 10:10:00,2,0.1128882154417792,0.1755675152838329,0.7115442692743879,2
2025-04-29 10:15:00,2,0.16499640007829852,0.14609619529147858,0.6889074046302229,2
2025-04-29 10:20:00,2,0.09369316724736992,0.16332646041681265,0.7429803723358174,2
2025-04-29 10:25:00,2,0.12863138360858778,0.1402867191821167,0.7310818972092956,2
2025-04-29 10:30:00,2,0.10291770220618839,0.13995678854086543,0.7571255092529462,2
2025-04-29 10:35:00,2,0.19725446918073558,0.1775525441419277,0.6251929866773367,2
2025-04-29 10:40:00,2,0.16272608627544252,0.17709380789855172,0.6601801058260057,2
2025-04-29 10:45:00,2,0.11397242579164064,0.15852436729913205,0.7275032069092273,2
2025-04-29 10:50:00,0,0.1342811228656204,0.1726801866433371,0.6930386904910425,2
2025-04-29 10:55:00,2,0.004343079038769865,0.009088539720049731,0.9865683812411804,2
2025-04-29 11:00:00,2,0.00494044265151186,0.01248023879065466,0.9825793185578335,2
2025-04-29 11:05:00,2,0.004773065072193519,0.011616382903409404,0.9836105520243971,2
2025-04-29 11:10:00,2,0.004973135769751598,0.01305292313831464,0.9819739410919338,2
2025-04-29 11:15:00,2,0.004787819822060216,0.011295846274301514,0.9839163339036383,2
2025-04-29 11:20:00,2,0.004484429807634207,0.00939172198998051,0.9861238482023853,2
2025-04-29 11:25:00,2,0.004426913414219342,0.009273458448477333,0.9862996281373033,2
2025-04-29 11:30:00,2,0.0046149767033272625,0.010637966245374428,0.9847470570512984,2
2025-04-29 11:35:00,2,0.004693874525515167,0.010819980622778924,0.9844861448517059,2
2025-04-29 11:40:00,2,0.004940436580919201,0.012480239476649143,0.9825793239424316,2
2025-04-29 11:45:00,2,0.004773065072193543,0.011616382903409404,0.9836105520243971,2
2025-04-29 11:50:00,2,0.004446529051503246,0.009314541969984505,0.9862389289785123,2
2025-04-29 11:55:00,2,0.004485112539091226,0.004496198239022712,0.9910186892218861,2
2025-04-29 12:00:00,2,0.004534729106385611,0.01034844492892959,0.9851168259646848,2
2025-04-29 12:05:00,2,0.004693877302070434,0.010819980351365744,0.9844861423465638,2
2025-04-29 12:10:00,2,0.004423557530801302,0.006009251971709632,0.9895671904974891,2
2025-04-29 12:15:00,2,0.004471669288576958,0.00481960943764239,0.9907087212737806,2
2025-04-29 12:20:00,2,0.004642657366629726,0.010701918536872345,0.984655424096498,2
2025-04-29 12:25:00,2,0.004431859899399901,0.009273045029522451,0.9862950950710776,2
2025-04-29 12:30:00,2,0.0046149163852552,0.010637972038257096,0.9847471115764878,2
2025-04-29 12:35:00,2,0.004771537995264887,0.011649581363027196,0.983578880641708,2
2025-04-29 12:40:00,2,0.004940436580919201,0.012480239476649143,0.9825793239424316,2
2025-04-29 12:45:00,2,0.0050498249234810265,0.014023706626405634,0.9809264684501133,2
2025-04-29 12:50:00,2,0.004894300037145157,0.026031681610620666,0.9690740183522342,2
2025-04-29 12:55:00,2,0.004540488538489122,0.017715195278830496,0.9777443161826804,2
2025-04-29 13:00:00,2,0.004769614656566411,0.03193160576799334,0.9632987795754403,2
2025-04-29 13:05:00,2,0.004894300037145157,0.01194930157831096,0.9831563983845439,2
2025-04-29 13:10:00,2,0.004771537995265348,0.01164958136302715,0.9835788806417075,2
2025-04-29 13:15:00,2,0.00444652581727059,0.00931454224154181,0.9862389319411876,2
2025-04-29 13:20:00,2,0.004769614656566952,0.010994571323529769,0.9842358140199032,2
2025-04-29 13:25:00,2,0.004446525694395628,0.009314542251858814,0.9862389320537456,2
2025-04-29 13:30:00,2,0.004642657363027493,0.010701918537220464,0.984655424099752,2
2025-04-29 13:35:00,2,0.004894300037145295,0.011949301578310948,0.9831563983845437,2
2025-04-29 13:40:00,2,0.004486263827414003,0.004496174411392091,0.9910175617611939,2
2025-04-29 13:45:00,2,0.004484526387207474,0.004501715432162233,0.9910137581806303,2
2025-04-29 13:50:00,2,0.004457375214054327,0.0051730892071583864,0.9903695355787873,2
2025-04-29 13:55:00,2,0.0044550808675254405,0.005229759749242594,0.990315159383232,2
2025-04-29 14:00:00,2,0.004894300037148815,0.011949301578310569,0.9831563983845406,2
2025-04-29 14:05:00,2,0.0048943000371464256,0.011949301578310822,0.9831563983845427,2
2025-04-29 14:10:00,2,0.0052175611317881706,0.017760029900112283,0.9770224089680996,2
2025-04-29 14:15:00,2,0.0049731357382332255,0.013052923142040838,0.9819739411197259,2
2025-04-29 14:20:00,2,0.004614916387404886,0.01063797203805064,0.9847471115745444,2
2025-04-29 14:25:00,2,0.0044608298564748385,0.00508761548011143,0.9904515546634137,2
2025-04-29 14:30:00,2,0.00449197258233898,0.004495938040397487,0.9910120893772636,2
2025-04-29 14:35:00,2,0.00448342095392123,0.009391807427878042,0.9861247716182008,2
2025-04-29 14:40:00,2,0.004446525694395628,0.009314542251858814,0.9862389320537456,2
2025-04-29 14:45:00,2,0.004614916385256272,0.01063797203825699,0.9847471115764868,2
2025-04-29 14:50:00,2,0.004769659596705756,0.010994566856610447,0.9842357735466838,2
2025-04-29 14:55:00,2,0.004792202638937988,0.011614373039818156,0.9835934243212439,2
2025-04-29 15:00:00,2,0.02545666320215658,0.0044911633047712875,0.9700521734930722,2
2025-04-29 15:05:00,2,0.009222781261197075,0.004497159057919125,0.9862800596808838,2
2025-04-29 15:10:00,2,0.026231333799051137,0.004524544372598596,0.9692441218283503,2
2025-04-29 15:15:00,2,0.004769614656566411,0.010994571323529828,0.9842358140199038,2
2025-04-29 15:20:00,2,0.004426913336889269,0.009273458454940446,0.9862996282081703,2
2025-04-29 15:25:00,2,0.004446526982654729,0.009314542143692152,0.9862389308736531,2
2025-04-30 09:15:00,2,0.024134959919738127,0.00455544048140684,0.971309599598855,2
2025-04-30 09:20:00,0,0.027888720423600147,0.0044046257907999495,0.9677066537856,2
2025-04-30 09:25:00,2,0.05920444023184215,0.13050787121620988,0.810287688551948,2
2025-04-30 09:30:00,0,0.04838264271413626,0.14039724716198065,0.8112201101238832,2
2025-04-30 09:35:00,2,0.04844619327292141,0.12862116971230375,0.8229326370147749,2
2025-04-30 09:40:00,2,0.06188378434961815,0.13632037912974734,0.8017958365206345,2
2025-04-30 09:45:00,2,0.0470475448296095,0.09743857887831382,0.8555138762920768,2
2025-04-30 09:50:00,2,0.009556182893358904,0.004874667203386529,0.9855691499032546,2
2025-04-30 09:55:00,2,0.05791194431196839,0.16512296305595375,0.7769650926320778,2
2025-04-30 10:00:00,2,0.05421229809092153,0.16763121509278817,0.7781564868162902,2
2025-04-30 10:05:00,2,0.041745263839668305,0.1285159489999813,0.8297387871603503,2
2025-04-30 10:10:00,2,0.004484647791444762,0.004498713695916895,0.9910166385126383,2
2025-04-30 10:15:00,2,0.0044845123521339006,0.0045020624505228085,0.9910134251973433,2
2025-04-30 10:20:00,2,0.00448468431106513,0.004497810743532946,0.991017504945402,2
2025-04-30 10:25:00,2,0.004484748188678523,0.004496231361215574,0.9910190204501059,2
2025-04-30 10:30:00,2,0.0044847491059785425,0.004496212260222382,0.991019038633799,2
2025-04-30 10:35:00,2,0.02429323187004323,0.004513045435048866,0.9711937226949079,2
2025-04-30 10:40:00,2,0.10238369831645491,0.1648180552632817,0.7327982464202635,2
2025-04-30 10:45:00,0,0.07891303469004379,0.16090476101606999,0.7601822042938863,2
2025-04-30 10:50:00,2,0.07594889481410097,0.14639971798773202,0.7776513871981671,2
2025-04-30 10:55:00,2,0.06194692375644461,0.1597865770965204,0.7782664991470349,2
2025-04-30 11:00:00,2,0.05331848519925325,0.14593852075145292,0.8007429940492938,2
2025-04-30 11:05:00,2,0.08286118567018724,0.15725487006895664,0.7598839442608561,2
2025-04-30 11:10:00,2,0.07806048905217494,0.1489815218347943,0.7729579891130307,2
2025-04-30 11:15:00,1,0.08796908641390823,0.16607715650266702,0.7459537570834248,2
2025-04-30 11:20:00,2,0.08701349310190276,0.17276847326379136,0.7402180336343058,2
2025-04-30 11:25:00,2,0.004950643174485756,0.01247908610213939,0.9825702707233749,2
2025-04-30 11:30:00,2,0.004973135746504043,0.013052923141063044,0.981973941112433,2
2025-04-30 11:35:00,2,0.004773065153499628,0.011616382894870486,0.9836105519516299,2
2025-04-30 11:40:00,2,0.00477154087137075,0.011649581060114034,0.9835788780685152,2
2025-04-30 11:45:00,2,0.00469387451748228,0.010819980623564146,0.9844861448589536,2
2025-04-30 11:50:00,2,0.004614916385373063,0.010637972038245775,0.9847471115763812,2
2025-04-30 11:55:00,2,0.004693874518353889,0.010819980623478949,0.9844861448581672,2
2025-04-30 12:00:00,2,0.0046938745174686875,0.010819980623565473,0.9844861448589658,2
2025-04-30 12:05:00,2,0.004481853235632058,0.004567809452660113,0.9909503373117079,2
2025-04-30 12:10:00,2,0.00448341062021272,0.00939180830302011,0.9861247810767672,2
2025-04-30 12:15:00,2,0.004940436580950933,0.012480239476645555,0.9825793239424035,2
2025-04-30 12:20:00,2,0.0046149163854541765,0.010637972038237986,0.9847471115763078,2
2025-04-30 12:25:00,2,0.0047730650722040075,0.011616382903408308,0.9836105520243876,2
2025-04-30 12:30:00,2,0.004787809203110256,0.013206755816673464,0.9820054349802162,2
2025-04-30 12:35:00,2,0.004787809203119407,0.011295847358894655,0.983916343437986,2
2025-04-30 12:40:00,2,0.004614916385255443,0.010637972038257072,0.9847471115764875,2
2025-04-30 12:45:00,2,0.004894300282787316,0.01194930155174469,0.9831563981654681,2
2025-04-30 12:50:00,2,0.0046149163852558924,0.010637972038257037,0.9847471115764871,2
2025-04-30 12:55:00,2,0.004694123949618309,0.010819956241132637,0.984485919809249,2
2025-04-30 13:00:00,2,0.004538113493615338,0.010456742126491893,0.9850051443798927,2
2025-04-30 13:05:00,2,0.004481537174449611,0.004575625337034598,0.9909428374885157,2
2025-04-30 13:10:00,2,0.004426913334208248,0.009273458455164519,0.9862996282106272,2
2025-04-30 13:15:00,2,0.004614916385363186,0.01063797203824672,0.98474711157639,2
2025-04-30 13:20:00,2,0.004642657364403647,0.010701918537087476,0.9846554240985089,2
2025-04-30 13:25:00,2,0.0046938905167778775,0.010819979059604768,0.9844861304236173,2
2025-04-30 13:30:00,2,0.0046149163852552,0.010637972038257096,0.9847471115764878,2
2025-04-30 13:35:00,2,0.004614916385255223,0.010637972038257094,0.9847471115764876,2
2025-04-30 13:40:00,2,0.0047696146565664455,0.010994571323529817,0.9842358140199038,2
2025-04-30 13:45:00,2,0.004474090439090048,0.004759745609050414,0.9907661639518596,2
2025-04-30 13:50:00,2,0.004894456160901675,0.011949284693479235,0.9831562591456191,2
2025-04-30 13:55:00,2,0.00447606168018503,0.0047110064765827605,0.9908129318432322,2
2025-04-30 14:00:00,2,0.004642663754763091,0.010701917919520392,0.9846554183257166,2
2025-04-30 14:05:00,2,0.006942165270089595,0.010414465562159601,0.9826433691677507,2
2025-04-30 14:10:00,2,0.004694023654434681,0.010819966045163845,0.9844860103004015,2
2025-04-30 14:15:00,2,0.004644548028127426,0.010701735822530917,0.9846537161493416,2
2025-04-30 14:20:00,2,0.004642657363701326,0.010701918537155354,0.9846554240991433,2
2025-04-30 14:25:00,2,0.0046426573630322585,0.010701918537220015,0.9846554240997477,2
2025-04-30 14:30:00,2,0.004433921075636907,0.005752991449379729,0.9898130874749833,2
2025-04-30 14:35:00,2,0.004534729420668257,0.010348444899588954,0.9851168256797428,2
2025-04-30 14:40:00,2,0.004571240536533559,0.01034503631283533,0.9850837231506311,2
2025-04-30 14:45:00,2,0.004769614656566607,0.010994571323529803,0.9842358140199036,2
2025-04-30 14:50:00,2,0.00476961465656641,0.012292813267317201,0.9829375720761164,2
2025-04-30 14:55:00,2,0.004769614656566411,0.010994571323529828,0.9842358140199038,2
2025-04-30 15:00:00,2,0.005079343354734726,0.014105681314075556,0.9808149753311897,2
2025-04-30 15:05:00,2,0.004973135738080955,0.015813571900285615,0.9792132923616335,2
2025-04-30 15:10:00,2,0.0044520169362104135,0.009314081188297983,0.9862339018754916,2
2025-04-30 15:15:00,2,0.008029911815516178,0.004647315652268788,0.987322772532215,2
2025-04-30 15:20:00,2,0.048009490607936856,0.004742135607013836,0.9472483737850493,2
2025-04-30 15:25:00,2,0.13652025713588178,0.005075906782340102,0.8584038360817781,2
2025-05-02 09:15:00,0,0.180654020743084,0.1498925837444972,0.6694533955124189,2
2025-05-02 09:20:00,0,0.18053133523195403,0.17340557870344717,0.6460630860645988,2
2025-05-02 09:25:00,2,0.015871703428549166,0.04241712904154469,0.9417111675299061,2
2025-05-02 09:30:00,2,0.010322200622035522,0.044257248125245834,0.9454205512527186,2
2025-05-02 09:35:00,2,0.009799453786630762,0.02938974104184021,0.9608108051715291,2
2025-05-02 09:40:00,2,0.025613872527145174,0.032627323482883636,0.9417588039899712,2
2025-05-02 09:45:00,2,0.012376327136989692,0.03076759019507918,0.9568560826679311,2
2025-05-02 09:50:00,2,0.010170156526722356,0.026631458545328657,0.963198384927949,2
2025-05-02 09:55:00,2,0.009533672945597791,0.0269420069881546,0.9635243200662477,2
2025-05-02 10:00:00,2,0.012984895108035509,0.02662483971639194,0.9603902651755726,2
2025-05-02 10:05:00,2,0.009028146488092813,0.025418501891720832,0.9655533516201864,2
2025-05-02 10:10:00,1,0.009698701529225116,0.012017443156921883,0.9782838553138531,2
2025-05-02 10:15:00,1,0.0925785395123844,0.04940876548401303,0.8580126950036026,2
2025-05-02 10:20:00,2,0.09506094252926647,0.05342138330719851,0.8515176741635351,2
2025-05-02 10:25:00,2,0.09913147961384587,0.08938817713988799,0.8114803432462662,2
2025-05-02 10:30:00,2,0.10146518569634327,0.0953551210717288,0.803179693231928,2
2025-05-02 10:35:00,1,0.1959648980979709,0.17632990533015822,0.627705196571871,2
2025-05-02 10:40:00,1,0.19873170202905785,0.2028025611938786,0.5984657367770635,2
2025-05-02 10:45:00,1,0.221914742064117,0.19633997690656713,0.5817452810293159,2
2025-05-02 10:50:00,2,0.23216566475453795,0.019777294356411883,0.7480570408890501,2
2025-05-02 10:55:00,2,0.2547199063635036,0.16399508585690165,0.5812850077795947,2
2025-05-02 11:00:00,2,0.2297471783215472,0.019909152619578884,0.750343669058874,2
2025-05-02 11:05:00,1,0.2303280095874753,0.19518476106389873,0.574487229348626,2
2025-05-02 11:10:00,1,0.24100555146455122,0.19330872167147975,0.565685726863969,2
2025-05-02 11:15:00,2,0.22535850915132344,0.01944388141467681,0.7551976094339996,2
2025-05-02 11:20:00,2,0.23095376161602968,0.012913085689657764,0.7561331526943126,2
2025-05-02 11:25:00,2,0.20997341882493537,0.02036468200494102,0.7696618991701236,2
2025-05-02 11:30:00,2,0.2607723264402404,0.010433447292278793,0.7287942262674808,2
2025-05-02 11:35:00,2,0.2272077378019906,0.01935366004195354,0.7534386021560558,2
2025-05-02 11:40:00,2,0.18398651745407735,0.017390073644777498,0.7986234089011451,2
2025-05-02 11:45:00,2,0.18001207186206297,0.020320632726465483,0.7996672954114716,2
2025-05-02 11:50:00,1,0.21415395300902168,0.21386501769090133,0.571981029300077,2
2025-05-02 11:55:00,1,0.18503567672083,0.20509822028269795,0.6098661029964721,2
2025-05-02 12:00:00,1,0.218328668936012,0.19377441054570568,0.5878969205182824,2
2025-05-02 12:05:00,2,0.011986151300201402,0.014634931512988471,0.9733789171868101,2
2025-05-02 12:10:00,2,0.010693632916899976,0.013707749035017964,0.9755986180480821,2
2025-05-02 12:15:00,2,0.009197608348985174,0.010466240022623434,0.9803361516283915,2
2025-05-02 12:20:00,2,0.010184477964082611,0.02080205416671057,0.9690134678692068,2
2025-05-02 12:25:00,2,0.009028146488092813,0.013629825765436969,0.9773420277464702,2
2025-05-02 12:30:00,2,0.0104165606158618,0.01639484402255661,0.9731885953615815,2
2025-05-02 12:35:00,2,0.14449819631982935,0.1321226332715666,0.7233791704086041,2
2025-05-02 12:40:00,2,0.22944023411422942,0.18837315950943195,0.5821866063763387,2
2025-05-02 12:45:00,2,0.21423799100049498,0.1980340586273378,0.5877279503721672,2
2025-05-02 12:50:00,2,0.23442764755000223,0.18670479175763205,0.5788675606923657,2
2025-05-02 12:55:00,2,0.2479638615217319,0.16845338147301467,0.5835827570052535,2
2025-05-02 13:00:00,0,0.23667031923467152,0.1929466088077033,0.5703830719576252,2
2025-05-02 13:05:00,0,0.22746348877518088,0.19005931654507346,0.5824771946797457,2
2025-05-02 13:10:00,0,0.22949977780152148,0.19004682860736954,0.580453393591109,2
2025-05-02 13:15:00,0,0.20249743431921166,0.1943661840816974,0.603136381599091,2
2025-05-02 13:20:00,2,0.0284496667794198,0.025754972740127453,0.9457953604804528,2
2025-05-02 13:25:00,2,0.015887620681689966,0.015485294678492561,0.9686270846398175,2
2025-05-02 13:30:00,2,0.017064118967252993,0.012560391389002524,0.9703754896437445,2
2025-05-02 13:35:00,2,0.01181773149639075,0.012272855371880708,0.9759094131317285,2
2025-05-02 13:40:00,2,0.012506284595045629,0.01227285231058924,0.9752208630943652,2
2025-05-02 13:45:00,2,0.012973181643760105,0.011842933355085601,0.9751838850011543,2
2025-05-02 13:50:00,2,0.012054155149864163,0.013242855660036803,0.974702989190099,2
2025-05-02 13:55:00,2,0.1384017014191411,0.1384532128128864,0.7231450857679725,2
2025-05-02 14:00:00,2,0.1310803923997888,0.12479244824826306,0.7441271593519481,2
2025-05-02 14:05:00,1,0.1053502669330661,0.09726961374141053,0.7973801193255233,2
2025-05-02 14:10:00,1,0.14661837157283059,0.14875146732506855,0.7046301611021009,2
2025-05-02 14:15:00,1,0.14542287726946784,0.14953681809490707,0.7050403046356252,2
2025-05-02 14:20:00,2,0.1711480157178314,0.13476086726406084,0.6940911170181078,2
2025-05-02 14:25:00,2,0.11150431549917332,0.012806097772795415,0.8756895867280312,2
2025-05-02 14:30:00,0,0.10088706456564164,0.012843103188531707,0.8862698322458267,2
2025-05-02 14:35:00,0,0.14412491950885187,0.1531519000204134,0.7027231804707348,2
2025-05-02 14:40:00,0,0.11701862370877766,0.16436554126082226,0.7186158350304002,2
2025-05-02 14:45:00,2,0.11281814361760423,0.16502214058282844,0.7221597157995674,2
2025-05-02 14:50:00,2,0.09579963404385307,0.1527903265046474,0.7514100394514995,2
2025-05-02 14:55:00,2,0.08221461313723327,0.11737154302703078,0.8004138438357359,2
2025-05-02 15:00:00,2,0.17537852681299576,0.15072448460600044,0.6738969885810038,2
2025-05-02 15:05:00,2,0.1442702771772456,0.1432663488718644,0.71246337395089,2
2025-05-02 15:10:00,2,0.004536720646398882,0.010456873524049148,0.985006405829552,2
2025-05-02 15:15:00,2,0.008345761488687967,0.009483812148888705,0.9821704263624234,2
2025-05-02 15:20:00,2,0.009294855898457018,0.009670299847540505,0.9810348442540024,2
2025-05-02 15:25:00,2,0.01015643432883995,0.009653131585626406,0.9801904340855336,2
2025-05-05 09:15:00,2,0.004811491521964639,0.044424503753368094,0.9507640047246673,2
2025-05-05 09:20:00,2,0.0052175611361550064,0.052899528715065584,0.9418829101487795,2
2025-05-05 09:25:00,2,0.00508327130968086,0.04431992090420572,0.9505968077861134,2
2025-05-05 09:30:00,2,0.004540678850535587,0.010390693177234326,0.98506862797223,2
2025-05-05 09:35:00,2,0.004724577471941539,0.010723124512121266,0.9845522980159372,2
2025-05-05 09:40:00,0,0.05073776177869317,0.1152185342275326,0.8340437039937743,2
2025-05-05 09:45:00,2,0.05362985018310319,0.10004541566416666,0.8463247341527302,2
2025-05-05 09:50:00,2,0.011861486633846579,0.023132492611290897,0.9650060207548625,2
2025-05-05 09:55:00,2,0.010827903423007018,0.018620737484866527,0.9705513590921264,2
2025-05-05 10:00:00,2,0.07990421213491956,0.07902620796138882,0.8410695799036916,2
2025-05-05 10:05:00,2,0.06266884809212685,0.0480284011690928,0.8893027507387804,2
2025-05-05 10:10:00,2,0.06874213926686791,0.08157487962614937,0.8496829811069828,2
2025-05-05 10:15:00,2,0.06616551912998454,0.048122298824211256,0.8857121820458043,2
2025-05-05 10:20:00,2,0.06361499149358399,0.07694889108588199,0.859436117420534,2
2025-05-05 10:25:00,0,0.06364290288478239,0.07411230763833805,0.8622447894768795,2
2025-05-05 10:30:00,2,0.05298007763683915,0.026912519368907924,0.920107402994253,2
2025-05-05 10:35:00,2,0.012299645425395125,0.01174043554080003,0.9759599190338047,2
2025-05-05 10:40:00,2,0.011784907129739416,0.011357437278376181,0.9768576555918844,2
2025-05-05 10:45:00,2,0.015020887287136598,0.012391933507975109,0.9725871792048882,2
2025-05-05 10:50:00,2,0.16111258752592017,0.11839461171319342,0.7204928007608864,2
2025-05-05 10:55:00,2,0.18403141489797004,0.15305063703651717,0.6629179480655127,2
2025-05-05 11:00:00,2,0.1743676365590672,0.15073546723637304,0.6748968962045597,2
2025-05-05 11:05:00,2,0.1336128663069745,0.15864029444734704,0.7077468392456785,2
2025-05-05 11:10:00,2,0.1123317616511889,0.1586394397929092,0.729028798555902,2
2025-05-05 11:15:00,2,0.13853536627863408,0.15300166252166306,0.7084629711997029,2
2025-05-05 11:20:00,1,0.12240703854932966,0.13505631755157516,0.7425366438990952,2
2025-05-05 11:25:00,2,0.1330938949404931,0.15647026755476237,0.7104358375047446,2
2025-05-05 11:30:00,1,0.1260786505403352,0.13613768330228784,0.737783666157377,2
2025-05-05 11:35:00,1,0.17618075508307696,0.15863417402008273,0.6651850708968403,2
2025-05-05 11:40:00,2,0.14979578164730997,0.1653475907636865,0.6848566275890036,2
2025-05-05 11:45:00,2,0.15640574555511458,0.1572169512722614,0.686377303172624,2
2025-05-05 11:50:00,2,0.011906055050671535,0.01307584693599812,0.9750180980133304,2
2025-05-05 11:55:00,2,0.14274128373640188,0.16929479900915384,0.6879639172544443,2
2025-05-05 12:00:00,2,0.11926141461930218,0.1659869628548369,0.7147516225258609,2
2025-05-05 12:05:00,2,0.1284093692470793,0.1574936039243806,0.71409702682854,2
2025-05-05 12:10:00,2,0.11421391891235062,0.1433629334902674,0.7424231475973819,2
2025-05-05 12:15:00,2,0.12635115955861748,0.16567399794623083,0.7079748424951516,2
2025-05-05 12:20:00,2,0.12552129457088335,0.15550579658049124,0.7189729088486254,2
2025-05-05 12:25:00,2,0.10022399159241646,0.14470334090936693,0.7550726674982167,2
2025-05-05 12:30:00,2,0.09289985879137423,0.1251744893794457,0.7819256518291802,2
2025-05-05 12:35:00,2,0.10281025485782139,0.12737488526897717,0.7698148598732014,2
2025-05-05 12:40:00,2,0.008039242946347806,0.0046683807291730646,0.9872923763244792,2
2025-05-05 12:45:00,2,0.007851852968961277,0.004934507064038285,0.9872136399670004,2
2025-05-05 12:50:00,2,0.008710606445958115,0.011536566880209355,0.9797528266738326,2
2025-05-05 12:55:00,2,0.005447633875116997,0.012422924719602126,0.9821294414052809,2
2025-05-05 13:00:00,2,0.006713327111464957,0.010801371948717125,0.9824853009398179,2
2025-05-05 13:05:00,2,0.00866457522774815,0.0047362329787082064,0.9865991917935436,2
2025-05-05 13:10:00,2,0.006981916653536329,0.004555444718706185,0.9884626386277575,2
2025-05-05 13:15:00,2,0.008719448906628981,0.004742135700281342,0.9865384153930897,2
2025-05-05 13:20:00,2,0.0068089183724095335,0.004446734242301421,0.988744347385289,2
2025-05-05 13:25:00,2,0.010264940135635331,0.0048472921835636265,0.984887767680801,2
2025-05-05 13:30:00,2,0.004595604675797271,0.004501819311989077,0.9909025760122137,2
2025-05-05 13:35:00,2,0.004484539276010975,0.004501399744947436,0.9910140609790417,2
2025-05-05 13:40:00,2,0.004428211424624051,0.005894110297327855,0.9896776782780481,2
2025-05-05 13:45:00,2,0.004534729797725843,0.01034844486438779,0.9851168253378864,2
2025-05-05 13:50:00,2,0.0046149163854467224,0.010637972038238703,0.9847471115763146,2
2025-05-05 13:55:00,2,0.004894300037190837,0.011949301578306024,0.9831563983845032,2
2025-05-05 14:00:00,2,0.004771614275333722,0.011649573329165603,0.9835788123955007,2
2025-05-05 14:05:00,2,0.004940436602023924,0.012509362243772845,0.9825502011542032,2
2025-05-05 14:10:00,2,0.06352652515272736,0.04654163629341198,0.8899318385538607,2
2025-05-05 14:15:00,2,0.06155169886987155,0.04825897613777257,0.8901893249923559,2
2025-05-05 14:20:00,2,0.059346364522476026,0.0548365553024151,0.8858170801751089,2
2025-05-05 14:25:00,2,0.0044934169590014105,0.004495860831749339,0.9910107222092492,2
2025-05-05 14:30:00,2,0.0043388049751733,0.009088889551633474,0.9865723054731932,2
2025-05-05 14:35:00,2,0.004478363014378864,0.004654113410991852,0.9908675235746293,2
2025-05-05 14:40:00,2,0.0052976562842055675,0.004463253879392538,0.9902390898364019,2
2025-05-05 14:45:00,2,0.005415429240876907,0.0044584789128636225,0.9901260918462594,2
2025-05-05 14:50:00,2,0.004707531029540639,0.010629077427580019,0.9846633915428793,2
2025-05-05 14:55:00,2,0.004484840804455438,0.004496208638069274,0.9910189505574754,2
2025-05-05 15:00:00,2,0.004484755201930401,0.004496212012853599,0.991019032785216,2
2025-05-05 15:05:00,2,0.008666373426236567,0.00471327011760418,0.9866203564561593,2
2025-05-05 15:10:00,2,0.004613522337582541,0.004490991295051424,0.990895486367366,2
2025-05-05 15:15:00,2,0.004485324378575998,0.004496188936232949,0.9910184866851911,2
2025-05-05 15:20:00,2,0.0044848032041241576,0.004496210067128035,0.9910189867287478,2
2025-05-05 15:25:00,2,0.0044847583617861125,0.004496211884740825,0.9910190297534731,2
2025-05-06 09:15:00,2,0.014285401067905603,0.004981425831686187,0.9807331731004082,2
2025-05-06 09:20:00,2,0.007878580116033084,0.004558550949812718,0.9875628689341542,2
2025-05-06 09:25:00,2,0.02164283798640556,0.004713270117604308,0.9736438918959902,2
2025-05-06 09:30:00,2,0.004484749070471339,0.0044962122617805385,0.9910190386677481,2
2025-05-06 09:35:00,2,0.004501440741382721,0.00449553551653788,0.9910030237420794,2
2025-05-06 09:40:00,2,0.00448661440032858,0.004496136633759157,0.9910172489659123,2
2025-05-06 09:45:00,2,0.00448493572119518,0.004496204693907422,0.9910188595848974,2
2025-05-06 09:50:00,2,0.04556341077877585,0.004508183648668377,0.9499284055725558,2
2025-05-06 09:55:00,2,0.059704623500017914,0.004839695092062175,0.9354556814079198,2
2025-05-06 10:00:00,2,0.008666373426236567,0.00471327011760418,0.9866203564561593,2
2025-05-06 10:05:00,2,0.01726909254648244,0.00471327011760673,0.9780176373359108,2
2025-05-06 10:10:00,2,0.04938629487765285,0.004558550952401098,0.946055154169946,2
2025-05-06 10:15:00,2,0.052190886367345674,0.004652190757706412,0.9431569228749479,2
2025-05-06 10:20:00,2,0.045173154194196125,0.004713270157524974,0.9501135756482789,2
2025-05-06 10:25:00,2,0.006869006191246189,0.004481770445855646,0.9886492233628982,2
2025-05-06 10:30:00,2,0.0045063187747272394,0.0044953377421959335,0.9909983434830768,2
2025-05-06 10:35:00,2,0.009217288596647626,0.01055248544687206,0.9802302259564803,2
2025-05-06 10:40:00,2,0.009217288596647626,0.01055248544687206,0.9802302259564803,2
2025-05-06 10:45:00,2,0.010815969211723104,0.009854378776825953,0.979329652011451,2
2025-05-06 10:50:00,2,0.01086925795524271,0.005223758836373873,0.9839069832083834,2
2025-05-06 10:55:00,2,0.009533332249818064,0.005109858552152767,0.9853568091980291,2
2025-05-06 11:00:00,2,0.009909391776550456,0.005293361591352299,0.9847972466320972,2
2025-05-06 11:05:00,2,0.010843272303865416,0.0054871198908181375,0.9836696078053164,2
2025-05-06 11:10:00,2,0.013926398229306934,0.011165710923870018,0.974907890846823,2
2025-05-06 11:15:00,2,0.016074522091778145,0.011268189707380982,0.9726572882008409,2
2025-05-06 11:20:00,2,0.012191658584531138,0.005142240237293155,0.9826661011781757,2
2025-05-06 11:25:00,2,0.012510689694244782,0.004950991384522591,0.9825383189212327,2
2025-05-06 11:30:00,2,0.012219176379414234,0.004893417569706434,0.9828874060508793,2
2025-05-06 11:35:00,2,0.049183435124052585,0.004893415582365218,0.9459231492935822,2
2025-05-06 11:40:00,2,0.11204891169368404,0.012100758937245087,0.8758503293690709,2
2025-05-06 11:45:00,2,0.09622586575486726,0.10033945418912875,0.803434680056004,2
2025-05-06 11:50:00,2,0.08749155777084093,0.12354763981132846,0.7889608024178307,2
2025-05-06 11:55:00,2,0.01088260614238151,0.005088476769022508,0.984028917088596,2
2025-05-06 12:00:00,2,0.011581039836502155,0.010663605099866523,0.9777553550636313,2
2025-05-06 12:05:00,2,0.009217288596647626,0.01055248544687206,0.9802302259564803,2
2025-05-06 12:10:00,2,0.008277446674210608,0.010350650932712506,0.9813719023930769,2
2025-05-06 12:15:00,2,0.0071877315971217775,0.012226288658417071,0.9805859797444612,2
2025-05-06 12:20:00,2,0.00850211343695131,0.011224751164724822,0.9802731353983238,2
2025-05-06 12:25:00,2,0.009217288596647626,0.01055248544687206,0.9802302259564803,2
2025-05-06 12:30:00,2,0.01083327642319657,0.005588426786490094,0.9835782967903134,2
2025-05-06 12:35:00,2,0.010264124099412443,0.004856079424371414,0.9848797964762162,2
2025-05-06 12:40:00,2,0.009947315076225089,0.004872050912567844,0.985180634011207,2
2025-05-06 12:45:00,2,0.009947937175655142,0.004865139669733119,0.9851869231546118,2
2025-05-06 12:50:00,2,0.010894779970759928,0.0049650966685273745,0.9841401233607128,2
2025-05-06 12:55:00,2,0.012378722303561717,0.004958011755530063,0.9826632659409082,2
2025-05-06 13:00:00,2,0.05718077729217793,0.005251364065459565,0.9375678586423625,2
2025-05-06 13:05:00,2,0.012647153674050405,0.005005004540837984,0.9823478417851116,2
2025-05-06 13:10:00,2,0.010264960859932863,0.004847069020194411,0.9848879701198727,2
2025-05-06 13:15:00,2,0.009294855898457018,0.009670299847540505,0.9810348442540024,2
2025-05-06 13:20:00,2,0.012507774108675339,0.004976727110500399,0.9825154987808242,2
2025-05-06 13:25:00,2,0.011951962341857435,0.00988284939205834,0.9781651882660842,2
2025-05-06 13:30:00,2,0.00994787446187327,0.004865836391438112,0.9851862891466886,2
2025-05-06 13:35:00,2,0.009151926008345704,0.009521596639050535,0.9813264773526038,2
2025-05-06 13:40:00,2,0.010246566131509996,0.005045147124709503,0.9847082867437805,2
2025-05-06 13:45:00,2,0.010619316526242666,0.004834500475547777,0.9845461829982096,2
2025-05-06 13:50:00,2,0.0046426573892823595,0.010701918534683186,0.9846554240760345,2
2025-05-06 13:55:00,2,0.004773065072193542,0.012660687953209999,0.9825662469745964,2
2025-05-06 14:00:00,2,0.008229600994495231,0.010290821621952316,0.9814795773835524,2
2025-05-06 14:05:00,2,0.008029975572032787,0.004646436430727296,0.98732358799724,2
2025-05-06 14:10:00,2,0.008029995069929918,0.0046461675488610665,0.987323837381209,2
2025-05-06 14:15:00,2,0.008666373008014528,0.004713275458268456,0.9866203515337171,2
2025-05-06 14:20:00,2,0.05737783334437262,0.0049573391129519055,0.9376648275426755,2
2025-05-06 14:25:00,2,0.01061968534275887,0.0048306610737542605,0.9845496535834869,2
2025-05-06 14:30:00,2,0.012378797712663866,0.00495733906978661,0.9826638632175495,2
2025-05-06 14:35:00,2,0.010264965305192162,0.004847021152755669,0.9848880135420521,2
2025-05-06 14:40:00,2,0.01089565828339255,0.004956195089047989,0.9841481466275595,2
2025-05-06 14:45:00,2,0.01237879771265894,0.004957339069830514,0.9826638632175105,2
2025-05-06 14:50:00,2,0.012510689694236325,0.004950991384597301,0.9825383189211664,2
2025-05-06 14:55:00,2,0.06473924547699877,0.0941757027649117,0.8410850517580895,2
2025-05-06 15:00:00,2,0.06885724945340188,0.12489270107712265,0.8062500494694754,2
2025-05-06 15:05:00,2,0.05118490233927671,0.08983495861893573,0.8589801390417875,2
2025-05-06 15:10:00,2,0.0725247643225064,0.09388372664830735,0.8335915090291862,2
2025-05-06 15:15:00,2,0.07322255155105546,0.154273884655357,0.7725035637935875,2
2025-05-06 15:20:00,2,0.06516027197612864,0.13071606494132343,0.8041236630825479,2
2025-05-06 15:25:00,2,0.05795329870416473,0.013912480998189996,0.9281342202976453,2
2025-05-07 09:15:00,0,0.21449551818430226,0.12372219029455558,0.6617822915211422,2
2025-05-07 09:20:00,0,0.186552128509556,0.10002117737337522,0.7134266941170688,2
2025-05-07 09:25:00,2,0.20305524990785379,0.07125909274356584,0.7256856573485804,2
2025-05-07 09:30:00,2,0.01194851197661864,0.010811554355881934,0.9772399336674995,2
2025-05-07 09:35:00,1,0.22721187022563522,0.1330743961575091,0.6397137336168557,2
2025-05-07 09:40:00,1,0.2376810427350984,0.13047219928336712,0.6318467579815346,2
2025-05-07 09:45:00,2,0.25862045538188516,0.1601626060372616,0.5812169385808532,2
2025-05-07 09:50:00,2,0.20555441911689465,0.13014575900136255,0.6642998218817429,2
2025-05-07 09:55:00,1,0.2546206563325566,0.1640189640599694,0.581360379607474,2
2025-05-07 10:00:00,1,0.2322927174920526,0.17745463053748595,0.5902526519704615,2
2025-05-07 10:05:00,0,0.1734335990157634,0.17816760678923918,0.6483987941949974,2
2025-05-07 10:10:00,2,0.15894253543325093,0.1811326533828828,0.6599248111838663,2
2025-05-07 10:15:00,0,0.07102389953369954,0.15485829331114395,0.7741178071551565,2
2025-05-07 10:20:00,2,0.21044974151947127,0.13076116417871853,0.6587890943018102,2
2025-05-07 10:25:00,2,0.19300142112937202,0.12672700345665808,0.6802715754139699,2
2025-05-07 10:30:00,2,0.1868693603615348,0.12414923288839347,0.6889814067500717,2
2025-05-07 10:35:00,1,0.23983023349056165,0.14460248081333318,0.6155672856961052,2
2025-05-07 10:40:00,2,0.26150130079658296,0.13933782932304403,0.599160869880373,2
2025-05-07 10:45:00,2,0.24596632627167545,0.13024682036069554,0.623786853367629,2
2025-05-07 10:50:00,2,0.27123812222154514,0.1438172515752654,0.5849446262031894,2
2025-05-07 10:55:00,0,0.25419488922674943,0.13160965602439975,0.6141954547488508,2
2025-05-07 11:00:00,0,0.2614139199242363,0.13128667991171844,0.6072994001640453,2
2025-05-07 11:05:00,0,0.24031352439543108,0.12279271669504054,0.6368937589095284,2
2025-05-07 11:10:00,0,0.244712887725746,0.10284288893548618,0.6524442233387678,2
2025-05-07 11:15:00,0,0.2406873995137888,0.07290671695497095,0.6864058835312402,2
2025-05-07 11:20:00,2,0.22174157069602457,0.05889763578172974,0.7193607935222457,2
2025-05-07 11:25:00,2,0.2219785386447985,0.059792813191186324,0.7182286481640152,2
2025-05-07 11:30:00,2,0.22145481751794807,0.012270512262135045,0.7662746702199169,2
2025-05-07 11:35:00,1,0.24387661437965552,0.08444128465107739,0.6716821009692671,2
2025-05-07 11:40:00,1,0.23475346793148852,0.07525953328019339,0.689986998788318,2
2025-05-07 11:45:00,2,0.25236997256517446,0.13320863482902667,0.614421392605799,2
2025-05-07 11:50:00,2,0.24880262520815555,0.1310243384706725,0.6201730363211719,2
2025-05-07 11:55:00,2,0.24386757379406435,0.13419854107335605,0.6219338851325796,2
2025-05-07 12:00:00,2,0.2172108061461784,0.12199292334834662,0.660796270505475,2
2025-05-07 12:05:00,2,0.2124120722172279,0.1277638101292265,0.6598241176535455,2
2025-05-07 12:10:00,2,0.20885218587710955,0.09959233034154893,0.6915554837813415,2
2025-05-07 12:15:00,2,0.21584704274449373,0.1097906724981752,0.6743622847573311,2
2025-05-07 12:20:00,2,0.2230802916743458,0.10484638216902682,0.6720733261566274,2
2025-05-07 12:25:00,2,0.20152694487490902,0.09323155621335942,0.7052414989117315,2
2025-05-07 12:30:00,2,0.2048723371434657,0.08707258246239108,0.7080550803941432,2
2025-05-07 12:35:00,2,0.21839667429401136,0.10334719240729567,0.6782561332986929,2
2025-05-07 12:40:00,2,0.2030795636504461,0.0930429971165617,0.7038774392329923,2
2025-05-07 12:45:00,1,0.1613651165998862,0.0928029718691631,0.7458319115309506,2
2025-05-07 12:50:00,1,0.20429029894309847,0.08773516646759832,0.7079745345893033,2
2025-05-07 12:55:00,2,0.19054545535392342,0.09473462463486187,0.7147199200112146,2
2025-05-07 13:00:00,2,0.20745967476093768,0.09986015994804845,0.6926801652910138,2
2025-05-07 13:05:00,2,0.19264885884047184,0.09372647461437955,0.7136246665451487,2
2025-05-07 13:10:00,2,0.1760723179341725,0.090372302581659,0.7335553794841686,2
2025-05-07 13:15:00,2,0.1619805462095542,0.0930184379058119,0.745001015884634,2
2025-05-07 13:20:00,2,0.16569200426310343,0.08774166307387612,0.7465663326630205,2
2025-05-07 13:25:00,2,0.16316162349482818,0.0841212127777544,0.7527171637274175,2
2025-05-07 13:30:00,2,0.152192549998165,0.08485430612742724,0.7629531438744078,2
2025-05-07 13:35:00,2,0.10427346529682292,0.06358646628907717,0.8321400684140999,2
2025-05-07 13:40:00,2,0.08920949843938364,0.06297331534198874,0.8478171862186276,2
2025-05-07 13:45:00,0,0.07560935208014612,0.0613442241002584,0.8630464238195955,2
2025-05-07 13:50:00,0,0.09184539596908473,0.055211463580471014,0.8529431404504443,2
2025-05-07 13:55:00,0,0.10474593839685407,0.0408042633646703,0.8544497982384757,2
2025-05-07 14:00:00,2,0.012175004259360986,0.011725419885547254,0.9760995758550917,2
2025-05-07 14:05:00,2,0.01217493008806356,0.009985785672525465,0.977839284239411,2
2025-05-07 14:10:00,2,0.010909863057025359,0.01186838449019233,0.9772217524527822,2
2025-05-07 14:15:00,2,0.12651381077956345,0.07235757316505545,0.8011286160553812,2
2025-05-07 14:20:00,0,0.14607476401356906,0.09492849282180615,0.7589967431646247,2
2025-05-07 14:25:00,2,0.16509321841861235,0.07416772732852756,0.76073905425286,2
2025-05-07 14:30:00,2,0.1519193543630118,0.04534287932360209,0.8027377663133861,2
2025-05-07 14:35:00,2,0.15045942886675226,0.04565305525993586,0.8038875158733119,2
2025-05-07 14:40:00,2,0.1442030125404411,0.04360206977978352,0.8121949176797754,2
2025-05-07 14:45:00,2,0.14585473085694223,0.04683234648203019,0.8073129226610276,2
2025-05-07 14:50:00,2,0.1589532014676603,0.053201581816983465,0.7878452167153562,2
2025-05-07 14:55:00,2,0.18075108678923624,0.07157493718388533,0.7476739760268785,2
2025-05-07 15:00:00,2,0.15957694749744028,0.043403573037904306,0.7970194794646553,2
2025-05-07 15:05:00,2,0.1479042956375293,0.04461842896692319,0.8074772753955475,2
2025-05-07 15:10:00,2,0.15872088966793568,0.0424844932510967,0.7987946170809676,2
2025-05-07 15:15:00,2,0.1623201493111996,0.04333306854914132,0.794346782139659,2
2025-05-07 15:20:00,2,0.14981316812892678,0.043249143241551616,0.8069376886295215,2
2025-05-07 15:25:00,2,0.15056236876648865,0.04368092209294697,0.8057567091405644,2
2025-05-08 09:15:00,2,0.07979429976112205,0.12215206513740548,0.7980536351014724,2
2025-05-08 09:20:00,2,0.06217675680611119,0.1257333007725031,0.8120899424213857,2
2025-05-08 09:25:00,2,0.061346694971416676,0.13568334995672054,0.8029699550718628,2
2025-05-08 09:30:00,2,0.07412678615835672,0.10642901768421646,0.8194441961574268,2
2025-05-08 09:35:00,2,0.06598489804926488,0.12425270805290511,0.80976239389783,2
2025-05-08 09:40:00,2,0.05925712640924194,0.0944670579573604,0.8462758156333976,2
2025-05-08 09:45:00,2,0.073260051652158,0.08052421640541167,0.8462157319424303,2
2025-05-08 09:50:00,2,0.0550983206046627,0.0835472792608813,0.861354400134456,2
2025-05-08 09:55:00,2,0.0583417273995826,0.08577279703150904,0.8558854755689084,2
2025-05-08 10:00:00,2,0.0604145475968163,0.09271225904844947,0.8468731933547343,2
2025-05-08 10:05:00,2,0.0442874602941937,0.05787713856343268,0.8978354011423737,2
2025-05-08 10:10:00,2,0.04674101220759764,0.05762185230807757,0.8956371354843248,2
2025-05-08 10:15:00,2,0.043695838123224626,0.048742562044581945,0.9075615998321934,2
2025-05-08 10:20:00,2,0.04160891787896053,0.056283137117994986,0.9021079450030445,2
2025-05-08 10:25:00,2,0.0392807832639739,0.04269257797902974,0.9180266387569964,2
2025-05-08 10:30:00,2,0.03672504452509993,0.04111113343461771,0.9221638220402824,2
2025-05-08 10:35:00,2,0.08495242193612924,0.11059784126607888,0.8044497367977919,2
2025-05-08 10:40:00,2,0.08255553267009594,0.09342992190653417,0.8240145454233699,2
2025-05-08 10:45:00,2,0.08137634953159062,0.10609722162000952,0.8125264288483999,2
2025-05-08 10:50:00,2,0.07555440702911106,0.0936223662440989,0.8308232267267901,2
2025-05-08 10:55:00,2,0.08284846372661686,0.08728811473569154,0.8298634215376917,2
2025-05-08 11:00:00,2,0.08531204784872923,0.07237537681577133,0.8423125753354994,2
2025-05-08 11:05:00,2,0.08210543750451442,0.06671140776444179,0.8511831547310438,2
2025-05-08 11:10:00,2,0.07435297554450646,0.07168071237323691,0.8539663120822566,2
2025-05-08 11:15:00,2,0.08271309445833512,0.06412624642497645,0.8531606591166885,2
2025-05-08 11:20:00,2,0.054721082340855806,0.0675972264499162,0.877681691209228,2
2025-05-08 11:25:00,2,0.06598808404474113,0.05112013910147918,0.8828917768537797,2
2025-05-08 11:30:00,2,0.06805120664913672,0.05084119362087916,0.8811075997299841,2
2025-05-08 11:35:00,2,0.06424943999912479,0.048460601377063754,0.8872899586238114,2
2025-05-08 11:40:00,2,0.05541845104709105,0.047785224455428356,0.8967963244974806,2
2025-05-08 11:45:00,2,0.06469636791162194,0.05607278361035526,0.8792308484780228,2
2025-05-08 11:50:00,2,0.07067631210843148,0.05380728808887553,0.875516399802693,2
2025-05-08 11:55:00,2,0.05756117797072667,0.05208741899799569,0.8903514030312777,2
2025-05-08 12:00:00,2,0.06734154443591817,0.050260473544159315,0.8823979820199225,2
2025-05-08 12:05:00,2,0.07242108034883471,0.05774447826128826,0.8698344413898771,2
2025-05-08 12:10:00,2,0.0725420042009887,0.048844931221454405,0.8786130645775568,2
2025-05-08 12:15:00,2,0.07247007203562246,0.05531859664444764,0.8722113313199299,2
2025-05-08 12:20:00,2,0.07438494677335505,0.0487401244171186,0.8768749288095263,2
2025-05-08 12:25:00,2,0.06707666792975578,0.05333775321606579,0.8795855788541784,2
2025-05-08 12:30:00,2,0.058064437805342595,0.051596726317226935,0.8903388358774305,2
2025-05-08 12:35:00,2,0.06573480213490575,0.0504491884822377,0.8838160093828565,2
2025-05-08 12:40:00,2,0.07106465269582307,0.061416006370604063,0.8675193409335729,2
2025-05-08 12:45:00,2,0.061755764993684355,0.05666182091509266,0.881582414091223,2
2025-05-08 12:50:00,2,0.06382555417158361,0.05321523652683828,0.8829592093015781,2
2025-05-08 12:55:00,2,0.05721250360559511,0.056827500543370005,0.8859599958510349,2
2025-05-08 13:00:00,2,0.07158441087862369,0.06434480136473322,0.8640707877566431,2
2025-05-08 13:05:00,2,0.0128488529988548,0.01232471918383014,0.9748264278173151,2
2025-05-08 13:10:00,2,0.014512214807537099,0.011756480973068214,0.9737313042193946,2
2025-05-08 13:15:00,2,0.013753882731723522,0.01105651665374016,0.9751896006145363,2
2025-05-08 13:20:00,2,0.010815969211723104,0.009928964577378446,0.9792550662108985,2
2025-05-08 13:25:00,2,0.013676569085528098,0.011818664174442687,0.9745047667400292,2
2025-05-08 13:30:00,2,0.06465138452269743,0.09965597254733233,0.8356926429299703,2
2025-05-08 13:35:00,2,0.011909674217221073,0.011515971008775919,0.9765743547740029,2
2025-05-08 13:40:00,2,0.011909674217221076,0.11662651044077277,0.8714638153420061,2
2025-05-08 13:45:00,2,0.07441451597158354,0.13029600503361513,0.7952894789948013,2
2025-05-08 13:50:00,2,0.07489412203150982,0.15363011073582533,0.7714757672326649,2
2025-05-08 13:55:00,2,0.01287471707595164,0.1621826021046057,0.8249426808194427,2
2025-05-08 14:00:00,2,0.07015324132478806,0.10761511869795325,0.8222316399772587,2
2025-05-08 14:05:00,2,0.07049410406701317,0.13036540960534548,0.7991404863276415,2
2025-05-08 14:10:00,2,0.01232152781597461,0.16829871628149795,0.8193797559025274,2
2025-05-08 14:15:00,2,0.09074797793300751,0.12814929160437993,0.7811027304626126,2
2025-05-08 14:20:00,2,0.06927723695549101,0.10522343669276843,0.8254993263517406,2
2025-05-08 14:25:00,2,0.06588712897026741,0.11963366541934622,0.8144792056103863,2
2025-05-08 14:30:00,2,0.07712775669120364,0.11629964522747901,0.8065725980813174,2
2025-05-08 14:35:00,1,0.06346016593094084,0.08819330948876897,0.8483465245802901,2
2025-05-08 14:40:00,1,0.062249088277588446,0.10024646548341512,0.8375044462389964,2
2025-05-08 14:45:00,1,0.06512248027664716,0.1513100059932175,0.7835675137301354,2
2025-05-08 14:50:00,2,0.005879907827905232,0.19414965769315626,0.7999704344789386,2
2025-05-08 14:55:00,2,0.007992714082051919,0.21944784510720566,0.7725594408107425,2
2025-05-08 15:00:00,2,0.11303592242751266,0.20112869249818088,0.6858353850743064,2
2025-05-08 15:05:00,2,0.10222261424929262,0.17221275492953603,0.7255646308211713,2
2025-05-08 15:10:00,2,0.1350051273083866,0.13732806405049758,0.7276668086411158,2
2025-05-08 15:15:00,2,0.12157355265786357,0.19269435853594852,0.685732088806188,2
2025-05-08 15:20:00,2,0.010925794253437012,0.23345255383849545,0.7556216519080675,2
2025-05-08 15:25:00,2,0.009903996857125338,0.22548602637780413,0.7646099767650705,2
2025-05-09 09:15:00,1,0.01238325249312796,0.22501177135238987,0.7626049761544822,2
2025-05-09 09:20:00,2,0.010052367844885328,0.23773065461478185,0.7522169775403329,2
2025-05-09 09:25:00,2,0.011692314590165658,0.2401198215705585,0.7481878638392758,2
2025-05-09 09:30:00,2,0.009625917731395553,0.22918037335294517,0.7611937089156593,2
2025-05-09 09:35:00,1,0.013489924388211729,0.24860038009582258,0.7379096955159657,2
2025-05-09 09:40:00,1,0.010295668533363809,0.24599566931995798,0.7437086621466782,2
2025-05-09 09:45:00,1,0.012013024803847062,0.2443891067421075,0.7435978684540454,2
2025-05-09 09:50:00,1,0.013074786897823596,0.2313088232981741,0.7556163898040024,2
2025-05-09 09:55:00,2,0.01392936414624374,0.22588272780199203,0.7601879080517642,2
2025-05-09 10:00:00,2,0.012321527815974611,0.23113626828571313,0.7565422038983123,2
2025-05-09 10:05:00,2,0.010295378798158542,0.20662841709954885,0.7830762041022926,2
2025-05-09 10:10:00,2,0.22639053429440242,0.1381415575379925,0.6354679081676051,2
2025-05-09 10:15:00,2,0.25200528879668066,0.12813678511036233,0.6198579260929571,2
2025-05-09 10:20:00,1,0.23017192328420366,0.1286734399350689,0.6411546367807275,2
2025-05-09 10:25:00,2,0.24952244496544682,0.11377234745216873,0.6367052075823845,2
2025-05-09 10:30:00,2,0.24462220782994934,0.13188513510681107,0.6234926570632396,2
2025-05-09 10:35:00,1,0.3596145133103997,0.15017307551534534,0.4902124111742549,0
2025-05-09 10:40:00,2,0.3433950533544604,0.15271745319343505,0.5038874934521046,0
2025-05-09 10:45:00,2,0.30793297779272755,0.16405857574734095,0.5280084464599315,2
2025-05-09 10:50:00,2,0.016110066693830916,0.3167617391664154,0.6671281941397538,2
2025-05-09 10:55:00,0,0.2767541593169266,0.15361769554766103,0.5696281451354124,2
2025-05-09 11:00:00,2,0.2826913733016607,0.13837843502768118,0.5789301916706582,2
2025-05-09 11:05:00,0,0.289316931457508,0.13865082793012543,0.5720322406123667,2
2025-05-09 11:10:00,0,0.26941971067334647,0.15191008274447312,0.5786702065821805,2
2025-05-09 11:15:00,0,0.2798654331312654,0.14197195842098884,0.5781626084477458,2
2025-05-09 11:20:00,0,0.27210180678834656,0.14213946141272055,0.5857587317989329,2
2025-05-09 11:25:00,2,0.33542427854304696,0.013216985819590755,0.6513587356373624,2
2025-05-09 11:30:00,2,0.3462630335707903,0.013335008057974624,0.640401958371235,0
2025-05-09 11:35:00,1,0.3198161166155316,0.15473918154476887,0.5254447018396996,2
2025-05-09 11:40:00,2,0.28581489522059345,0.1737305739151096,0.540454530864297,2
2025-05-09 11:45:00,2,0.297832381752977,0.18618310856595693,0.5159845096810661,2
2025-05-09 11:50:00,2,0.2894922731447547,0.1802844382087302,0.5302232886465152,2
2025-05-09 11:55:00,2,0.27707620207914263,0.18832512854441305,0.5345986693764444,2
2025-05-09 12:00:00,2,0.27987854093295234,0.1921351685480286,0.5279862905190191,2
2025-05-09 12:05:00,2,0.2850577372252347,0.1641190483464966,0.5508232144282688,2
2025-05-09 12:10:00,2,0.27931380606906625,0.15038036646315095,0.5703058274677828,2
2025-05-09 12:15:00,2,0.26662663881531873,0.17070376284703978,0.5626695983376415,2
2025-05-09 12:20:00,2,0.2726421969743738,0.15014950748277028,0.5772082955428559,2
2025-05-09 12:25:00,1,0.2687839472933731,0.15864856615538292,0.572567486551244,2
2025-05-09 12:30:00,2,0.2506406741660391,0.19700738937689488,0.5523519364570662,2
2025-05-09 12:35:00,0,0.24794941476502144,0.17791948869914756,0.574131096535831,2
2025-05-09 12:40:00,0,0.24740493965693658,0.17904313033548072,0.5735519300075826,2
2025-05-09 12:45:00,2,0.2640971611323608,0.153111212812252,0.5827916260553873,2
2025-05-09 12:50:00,1,0.26218049772206975,0.1345621055886644,0.6032573966892658,2
2025-05-09 12:55:00,1,0.2666173895826669,0.14972893173651072,0.5836536786808224,2
2025-05-09 13:00:00,2,0.2565402358980807,0.18102138292035097,0.5624383811815683,2
2025-05-09 13:05:00,2,0.247890324813249,0.18968991234904456,0.5624197628377064,2
2025-05-09 13:10:00,1,0.24847756662171577,0.18625134189497128,0.5652710914833129,2
2025-05-09 13:15:00,1,0.2607239620402655,0.14792252807218315,0.5913535098875513,2
2025-05-09 13:20:00,2,0.22377685201875733,0.2208850059161103,0.5553381420651324,2
2025-05-09 13:25:00,2,0.1872260883776865,0.23218036263923153,0.5805935489830819,2
2025-05-09 13:30:00,2,0.2418364382119542,0.20774007965619234,0.5504234821318534,2
2025-05-09 13:35:00,0,0.1649874761924563,0.15443623781979876,0.6805762859877449,2
2025-05-09 13:40:00,2,0.1928967682225638,0.14862329368303207,0.6584799380944041,2
2025-05-09 13:45:00,2,0.18684505588973144,0.16580456109212136,0.6473503830181472,2
2025-05-09 13:50:00,2,0.20537121037967723,0.12358880026396184,0.671039989356361,2
2025-05-09 13:55:00,2,0.19469427453636606,0.14763570056755598,0.657670024896078,2
2025-05-09 14:00:00,2,0.20778421092037516,0.1234645604587317,0.6687512286208932,2
2025-05-09 14:05:00,2,0.19434371900937922,0.12490871511399183,0.680747565876629,2
2025-05-09 14:10:00,1,0.19333267409402274,0.1265549826727338,0.6801123432332434,2
2025-05-09 14:15:00,2,0.21080366477089352,0.14417402266405996,0.6450223125650465,2
2025-05-09 14:20:00,2,0.1954676443433697,0.18172309793918198,0.6228092577174484,2
2025-05-09 14:25:00,2,0.13954662677558471,0.18580876178943376,0.6746446114349816,2
2025-05-09 14:30:00,2,0.19672009457750816,0.16688609352699274,0.636393811895499,2
2025-05-09 14:35:00,2,0.162256324100712,0.13329496015796852,0.7044487157413195,2
2025-05-09 14:40:00,0,0.16584776323039907,0.12418688834991072,0.7099653484196903,2
2025-05-09 14:45:00,2,0.18023671087788126,0.10385608694739452,0.7159072021747241,2
2025-05-09 14:50:00,2,0.1947219001458497,0.12113778063520952,0.6841403192189408,2
2025-05-09 14:55:00,2,0.18731097053373608,0.06916894285625844,0.7435200866100055,2
2025-05-09 15:00:00,2,0.19515857406132742,0.12062938407887487,0.6842120418597977,2
2025-05-09 15:05:00,2,0.19448078556139353,0.12205168637298194,0.6834675280656246,2
2025-05-09 15:10:00,2,0.15743884181942372,0.11023036858957999,0.7323307895909963,2
2025-05-09 15:15:00,2,0.18655945227565832,0.08188658362912152,0.7315539640952201,2
2025-05-09 15:20:00,2,0.17928419487564393,0.07495127225818966,0.7457645328661664,2
2025-05-09 15:25:00,2,0.017496285453249827,0.013808695899767477,0.9686950186469827,2
2025-05-12 09:15:00,2,0.01132006695147467,0.004936063770499243,0.983743869278026,2
2025-05-12 09:20:00,2,0.009948253885381949,0.004861621168149004,0.9851901249464691,2
2025-05-12 09:25:00,2,0.012788922078063855,0.004957339069783818,0.9822537388521524,2
2025-05-12 09:30:00,2,0.010068968505640395,0.004861621168149004,0.9850694103262106,2
2025-05-12 09:35:00,2,0.017474480249265362,0.004893415577545553,0.9776321041731891,2
2025-05-12 09:40:00,0,0.31399838320825063,0.005067106265200282,0.6809345105265491,2
2025-05-12 09:45:00,0,0.26995924110021535,0.004956195108854004,0.7250845637909307,2
2025-05-12 09:50:00,2,0.3086312220857075,0.005004996141244322,0.6863637817730482,2
2025-05-12 09:55:00,2,0.31311399018860875,0.00499521627437881,0.6818907935370124,2
2025-05-12 10:00:00,2,0.32583167646462297,0.005285478250706872,0.6688828452846702,2
2025-05-12 10:05:00,0,0.23364308972487652,0.005163701243496367,0.7611932090316271,2
2025-05-12 10:10:00,2,0.24559767609546806,0.005096202249882915,0.749306121654649,2
2025-05-12 10:15:00,2,0.23935961937312994,0.005506699429737828,0.7551336811971323,2
2025-05-12 10:20:00,2,0.23024439079820366,0.010845208137076527,0.7589104010647199,2
2025-05-12 10:25:00,2,0.2392110120588823,0.010871066612634655,0.749917921328483,2
2025-05-12 10:30:00,2,0.23468788539011098,0.010710268686932539,0.7546018459229565,2
2025-05-12 10:35:00,2,0.33546035920090245,0.011648915517684424,0.6528907252814131,2
2025-05-12 10:40:00,2,0.3429598553744717,0.012003430941247473,0.645036713684281,0
2025-05-12 10:45:00,2,0.2864637363914601,0.07375247479379644,0.6397837888147434,2
2025-05-12 10:50:00,2,0.2787015696852526,0.04979215960019304,0.6715062707145544,2
2025-05-12 10:55:00,0,0.3200486678344789,0.05998862479390123,0.6199627073716198,0
2025-05-12 11:00:00,2,0.28495411793950964,0.04827129337141289,0.6667745886890775,2
2025-05-12 11:05:00,2,0.33091212933115843,0.011330884446788776,0.6577569862220528,2
2025-05-12 11:10:00,0,0.2616558867428791,0.04722779080147012,0.6911163224556508,2
2025-05-12 11:15:00,0,0.2625635136494078,0.05055801934855075,0.6868784670020415,2
2025-05-12 11:20:00,2,0.3290755710875586,0.005406133062765894,0.6655182958496756,2
2025-05-12 11:25:00,2,0.3250727568903953,0.010481481708481262,0.6644457614011235,2
2025-05-12 11:30:00,2,0.3335679921794124,0.010482582342855455,0.6559494254777323,2
2025-05-12 11:35:00,2,0.26960818098098155,0.04157665677440732,0.6888151622446111,2
2025-05-12 11:40:00,2,0.27210557957226217,0.04110707634722556,0.6867873440805123,2
2025-05-12 11:45:00,2,0.2582694614439995,0.0447886360811858,0.6969419024748147,2
2025-05-12 11:50:00,2,0.25903572972031336,0.041242299489287454,0.6997219707903992,2
2025-05-12 11:55:00,2,0.2438854839408688,0.04843389882645368,0.7076806172326775,2
2025-05-12 12:00:00,2,0.23392176478814392,0.046600088200595816,0.7194781470112603,2
2025-05-12 12:05:00,2,0.23248955847912606,0.059358220755186035,0.708152220765688,2
2025-05-12 12:10:00,2,0.22525562508989788,0.046400175939358045,0.7283441989707441,2
2025-05-12 12:15:00,0,0.20261324826903576,0.052544233144296994,0.7448425185866673,2
2025-05-12 12:20:00,0,0.20553473101754488,0.06599790422183828,0.7284673647606168,2
2025-05-12 12:25:00,0,0.20681829156617637,0.05323934111669214,0.7399423673171315,2
2025-05-12 12:30:00,2,0.28378652278422034,0.010480823494588995,0.7057326537211907,2
2025-05-12 12:35:00,2,0.2639206646249514,0.010391017778476805,0.7256883175965718,2
2025-05-12 12:40:00,2,0.29610793140490177,0.011330880271677978,0.6925611883234203,2
2025-05-12 12:45:00,2,0.2798414470717758,0.05031686563516878,0.6698416872930554,2
2025-05-12 12:50:00,2,0.26056833330615586,0.06476387732365443,0.6746677893701897,2
2025-05-12 12:55:00,2,0.29092260313264334,0.011685995807994298,0.6973914010593624,2
2025-05-12 13:00:00,2,0.2772462690257257,0.05289453297538291,0.6698591979988914,2
2025-05-12 13:05:00,2,0.2722323961088688,0.039443094851302096,0.6883245090398291,2
2025-05-12 13:10:00,0,0.24377098057755575,0.051790516301573206,0.7044385031208711,2
2025-05-12 13:15:00,0,0.25357932326110433,0.0375936206941622,0.7088270560447334,2
2025-05-12 13:20:00,0,0.3100614254084061,0.010466238369201802,0.6794723362223921,2
2025-05-12 13:25:00,0,0.3039457348868267,0.00526903755828609,0.6907852275548872,2
2025-05-12 13:30:00,2,0.26151442622060084,0.005269691501338341,0.7332158822780609,2
2025-05-12 13:35:00,2,0.1939825564678434,0.0052936021577836756,0.8007238413743729,2
2025-05-12 13:40:00,2,0.16300626266531806,0.005204822876981396,0.8317889144577006,2
2025-05-12 13:45:00,2,0.17680775357280304,0.005258030832521753,0.8179342155946753,2
2025-05-12 13:50:00,2,0.14248399240423337,0.014595402038837855,0.8429206055569287,2
2025-05-12 13:55:00,0,0.18715962414515913,0.011400087191545429,0.8014402886632954,2
2025-05-12 14:00:00,0,0.16484216197932464,0.011400087191545429,0.8237577508291299,2
2025-05-12 14:05:00,0,0.1515736257473326,0.014020155356201975,0.8344062188964655,2
2025-05-12 14:10:00,0,0.20230343355160163,0.005204677271900331,0.792491889176498,2
2025-05-12 14:15:00,2,0.19883693503065317,0.005259308914563176,0.7959037560547837,2
2025-05-12 14:20:00,2,0.1557119563747053,0.005253331863023861,0.8390347117622708,2
2025-05-12 14:25:00,2,0.15143397078073972,0.005103693551856792,0.8434623356674035,2
2025-05-12 14:30:00,2,0.18697805306111018,0.017190684859021272,0.7958312620798687,2
2025-05-12 14:35:00,2,0.18015187895723622,0.030771488600070604,0.7890766324426932,2
2025-05-12 14:40:00,0,0.1819284884871331,0.03647344022654044,0.7815980712863264,2
2025-05-12 14:45:00,0,0.1889912400199999,0.027674555465631752,0.7833342045143683,2
2025-05-12 14:50:00,2,0.1948012207998858,0.015848020439321566,0.7893507587607926,2
2025-05-12 14:55:00,2,0.1933909689092132,0.011304013547115542,0.7953050175436713,2
2025-05-12 15:00:00,2,0.05356440289037057,0.011754392016214947,0.9346812050934145,2
2025-05-12 15:05:00,2,0.03668607920782901,0.011429194209270768,0.9518847265829002,2
2025-05-12 15:10:00,2,0.04647515954101083,0.01144237873947444,0.9420824617195147,2
2025-05-12 15:15:00,2,0.07875796356832836,0.011268189707380983,0.9099738467242907,2
2025-05-12 15:20:00,2,0.06573337270709317,0.011869811923207452,0.9223968153696994,2
2025-05-12 15:25:00,2,0.04585765955720444,0.01158852862896592,0.9425538118138297,2
2025-05-13 09:15:00,1,0.32370016276445107,0.13995959144640832,0.5363402457891406,0
2025-05-13 09:20:00,2,0.01793520139341339,0.2476234908068436,0.734441307799743,2
2025-05-13 09:25:00,2,0.014291609525988668,0.22220998833822153,0.7634984021357898,2
2025-05-13 09:30:00,1,0.012612623654756194,0.28620613263349753,0.7011812437117463,2
2025-05-13 09:35:00,1,0.3468634390720883,0.16966592909130168,0.48347063183661,0
2025-05-13 09:40:00,2,0.33415121072794246,0.2040374943918652,0.4618112948801923,0
2025-05-13 09:45:00,2,0.01743479372232806,0.25714465487493987,0.7254205514027321,2
2025-05-13 09:50:00,2,0.3309903052403515,0.20447810540762626,0.4645315893520222,0
2025-05-13 09:55:00,0,0.31421640397624917,0.18648199324475434,0.4993016027789965,2
2025-05-13 10:00:00,0,0.2573523295579874,0.18027379763190676,0.5623738728101058,2
2025-05-13 10:05:00,2,0.2520360952584844,0.16263548485640614,0.5853284198851095,2
2025-05-13 10:10:00,1,0.2568614312419682,0.18022327936895685,0.562915289389075,2
2025-05-13 10:15:00,1,0.29260915860977227,0.17540975730153086,0.5319810840886968,2
2025-05-13 10:20:00,1,0.2613319163437026,0.15884848597002355,0.5798195976862738,2
2025-05-13 10:25:00,0,0.23121093178238028,0.19794684352938613,0.5708422246882335,2
2025-05-13 10:30:00,0,0.2022250954995101,0.2350195439838466,0.5627553605166433,2
2025-05-13 10:35:00,0,0.32608560451006263,0.3040053595360782,0.36990903595385916,2
2025-05-13 10:40:00,0,0.29861772380726215,0.2712732153378257,0.43010906085491224,2
2025-05-13 10:45:00,0,0.31394823045042297,0.30623466654583076,0.3798171030037462,2
2025-05-13 10:50:00,2,0.2691746778786989,0.25752729879629105,0.4732980233250101,2
2025-05-13 10:55:00,1,0.2642306503190048,0.2287060728359287,0.5070632768450665,2
2025-05-13 11:00:00,2,0.27994096464382917,0.20103382869977163,0.5190252066563993,2
2025-05-13 11:05:00,2,0.3638323980565543,0.2742501619447615,0.36191743999868425,0
2025-05-13 11:10:00,0,0.4132952199535762,0.2974626189614903,0.2892421610849335,0
2025-05-13 11:15:00,2,0.359546001279949,0.2655887013117064,0.37486529740834457,0
2025-05-13 11:20:00,2,0.41129856143648286,0.29852799213441206,0.2901734464291052,0
2025-05-13 11:25:00,1,0.3053179912399454,0.21228049038632205,0.4824015183737325,2
2025-05-13 11:30:00,1,0.2862300292409954,0.2177471218317627,0.4960228489272419,2
2025-05-13 11:35:00,2,0.41681188206788405,0.29510989466423143,0.2880782232678846,0
2025-05-13 11:40:00,2,0.41534265119141933,0.2950629378513231,0.2895944109572576,0
2025-05-13 11:45:00,2,0.36873740637122854,0.2679780431407342,0.36328455048803726,0
2025-05-13 11:50:00,2,0.3111766931791662,0.22225546216621034,0.4665678446546236,2
2025-05-13 11:55:00,0,0.30514138758133397,0.22875445150004436,0.4661041609186217,2
2025-05-13 12:00:00,2,0.30983715500574827,0.2269022569584559,0.46326058803579584,2
2025-05-13 12:05:00,1,0.28824493000346896,0.20645276669784296,0.5053023032986881,2
2025-05-13 12:10:00,1,0.2754108637129788,0.2007285454079673,0.523860590879054,2
2025-05-13 12:15:00,1,0.2930667201309557,0.20456017588092285,0.5023731039881214,2
2025-05-13 12:20:00,1,0.3010686770896351,0.2052797909990185,0.49365153191134636,2
2025-05-13 12:25:00,1,0.2776857266673938,0.20370283470717893,0.5186114386254272,2
2025-05-13 12:30:00,2,0.2588623826292075,0.012074452088429269,0.7290631652823631,2
2025-05-13 12:35:00,2,0.2165801800529138,0.013040087236794666,0.7703797327102915,2
2025-05-13 12:40:00,2,0.011979111621710456,0.012318515619266538,0.975702372759023,2
2025-05-13 12:45:00,1,0.2500880468927488,0.1929485697659591,0.5569633833412921,2
2025-05-13 12:50:00,2,0.012017438240871273,0.01307136246404407,0.9749111992950846,2
2025-05-13 12:55:00,2,0.012027479783614051,0.011548809388080452,0.9764237108283055,2
2025-05-13 13:00:00,1,0.25913245471589097,0.2162982499441949,0.5245692953399143,2
2025-05-13 13:05:00,2,0.24796115506730732,0.20264683708401732,0.5493920078486754,2
2025-05-13 13:10:00,1,0.2429500742884785,0.2027995424000577,0.5542503833114638,2
2025-05-13 13:15:00,2,0.016204325488920764,0.017515015903730433,0.9662806586073488,2
2025-05-13 13:20:00,2,0.24491392147594407,0.19730437537905507,0.557781703145001,2
2025-05-13 13:25:00,2,0.2212690533047778,0.2076882459337024,0.5710427007615199,2
2025-05-13 13:30:00,2,0.23737197125805526,0.19831725241272594,0.5643107763292188,2
2025-05-13 13:35:00,2,0.14675060147890093,0.18625900826835387,0.6669903902527452,2
2025-05-13 13:40:00,2,0.1345804805888175,0.18061444627508538,0.6848050731360972,2
2025-05-13 13:45:00,2,0.12069328107654952,0.15463579824861334,0.7246709206748372,2
2025-05-13 13:50:00,2,0.1567656009035434,0.17871547006657615,0.6645189290298804,2
2025-05-13 13:55:00,2,0.14102851081473983,0.17049781495989547,0.6884736742253648,2
2025-05-13 14:00:00,1,0.1588147829819849,0.17704274640111045,0.6641424706169047,2
2025-05-13 14:05:00,2,0.12311214537634163,0.162971822211515,0.7139160324121434,2
2025-05-13 14:10:00,2,0.1346955015015938,0.18300290150986667,0.6823015969885395,2
2025-05-13 14:15:00,2,0.011867237943782971,0.017090342750269414,0.9710424193059476,2
2025-05-13 14:20:00,2,0.16768982038489844,0.1632908818703752,0.6690192977447263,2
2025-05-13 14:25:00,2,0.16610347581811766,0.17651421998516745,0.657382304196715,2
2025-05-13 14:30:00,2,0.15794991836828526,0.17733416506539676,0.664715916566318,2
2025-05-13 14:35:00,2,0.13644203822533205,0.18346665236331025,0.6800913094113578,2
2025-05-13 14:40:00,2,0.1470075445895794,0.16867341442817832,0.6843190409822423,2
2025-05-13 14:45:00,1,0.17850298064634543,0.18983571951403913,0.6316612998396154,2
2025-05-13 14:50:00,1,0.1565332242439346,0.16109987972185708,0.6823668960342084,2
2025-05-13 14:55:00,1,0.16605184272060103,0.18559682070880612,0.6483513365705929,2
2025-05-13 15:00:00,2,0.17476922987392474,0.19712458261707339,0.6281061875090019,2
2025-05-13 15:05:00,2,0.1447319272509276,0.16938273530291456,0.6858853374461579,2
2025-05-13 15:10:00,2,0.12652540429790532,0.14391557181002523,0.7295590238920694,2
2025-05-13 15:15:00,2,0.16428484449444572,0.160882132047961,0.6748330234575933,2
2025-05-13 15:20:00,2,0.18763886927520498,0.13301446872744005,0.6793466619973549,2
2025-05-13 15:25:00,2,0.1586199567298099,0.1518148904515452,0.6895651528186449,2
2025-05-14 09:15:00,2,0.07587205117854609,0.04746153016304251,0.8766664186584114,2
2025-05-14 09:20:00,2,0.011581039836502155,0.010663605099866523,0.9777553550636313,2
2025-05-14 09:25:00,2,0.011861147947658747,0.010684463444627213,0.977454388607714,2
2025-05-14 09:30:00,0,0.20539478377376014,0.15879491130637413,0.6358103049198657,2
2025-05-14 09:35:00,2,0.17692738253764084,0.13625961357548783,0.6868130038868714,2
2025-05-14 09:40:00,2,0.013779413056137129,0.011580887265969354,0.9746396996778935,2
2025-05-14 09:45:00,2,0.014499730935584404,0.011027393884231563,0.9744728751801841,2
2025-05-14 09:50:00,2,0.2101347997161428,0.134221511198026,0.6556436890858311,2
2025-05-14 09:55:00,2,0.17805907746324456,0.07781006777462823,0.7441308547621271,2
2025-05-14 10:00:00,2,0.16402040471084342,0.0697513145404159,0.7662282807487407,2
2025-05-14 10:05:00,2,0.1185080579137279,0.041504123771941556,0.8399878183143306,2
2025-05-14 10:10:00,2,0.053290169684545044,0.020484986133570703,0.9262248441818842,2
2025-05-14 10:15:00,2,0.011983741083746662,0.010794894735668657,0.9772213641805847,2
2025-05-14 10:20:00,2,0.011724326371954833,0.010795540664527944,0.9774801329635172,2
2025-05-14 10:25:00,2,0.12191080541458758,0.04281322777679653,0.8352759668086159,2
2025-05-14 10:30:00,2,0.13222528299236147,0.07121035189367646,0.796564365113962,2
2025-05-14 10:35:00,2,0.2291120359705103,0.1243107594984007,0.646577204531089,2
2025-05-14 10:40:00,1,0.21228369759460175,0.1283145843885965,0.6594017180168017,2
2025-05-14 10:45:00,1,0.21178835236135646,0.13960473158030118,0.6486069160583423,2
2025-05-14 10:50:00,2,0.20597529994710037,0.13248498870984893,0.6615397113430507,2
2025-05-14 10:55:00,2,0.2466248994865898,0.13341258575611742,0.6199625147572928,2
2025-05-14 11:00:00,2,0.2209349113361131,0.14406516853790552,0.6349999201259814,2
2025-05-14 11:05:00,2,0.20701445958269588,0.14453466711991883,0.6484508732973853,2
2025-05-14 11:10:00,2,0.2013302911747694,0.1293921469824697,0.6692775618427609,2
2025-05-14 11:15:00,2,0.18314957903712145,0.13986783080256598,0.6769825901603126,2
2025-05-14 11:20:00,2,0.148422093532557,0.12090725986285486,0.7306706466045881,2
2025-05-14 11:25:00,1,0.15446364680693148,0.11866815291822129,0.7268682002748473,2
2025-05-14 11:30:00,1,0.19049974055040642,0.11495301939690976,0.6945472400526838,2
2025-05-14 11:35:00,1,0.20105385855980873,0.12392172590251008,0.6750244155376812,2
2025-05-14 11:40:00,1,0.21273689377635954,0.1380838545686206,0.6491792516550199,2
2025-05-14 11:45:00,2,0.19352847826096262,0.013324696132155554,0.7931468256068819,2
2025-05-14 11:50:00,2,0.16338669677083123,0.01500835528771885,0.8216049479414499,2
2025-05-14 11:55:00,2,0.2122331371686655,0.14515079847100568,0.6426160643603289,2
2025-05-14 12:00:00,2,0.1911372322275204,0.1488890236742771,0.6599737440982025,2
2025-05-14 12:05:00,2,0.191212632058611,0.1366422698466599,0.6721450980947291,2
2025-05-14 12:10:00,2,0.16686093822014472,0.12141684490080443,0.7117222168790509,2
2025-05-14 12:15:00,2,0.16559714683060528,0.12013260824014876,0.714270244929246,2
2025-05-14 12:20:00,1,0.1921100305931981,0.11800952588057972,0.6898804435262222,2
2025-05-14 12:25:00,1,0.19329073233841212,0.12125693621950066,0.6854523314420873,2
2025-05-14 12:30:00,1,0.19250409929440268,0.13411739012612567,0.6733785105794717,2
2025-05-14 12:35:00,2,0.19510660857651102,0.014585656177041708,0.7903077352464474,2
2025-05-14 12:40:00,2,0.03925108033825522,0.03640267830029249,0.9243462413614523,2
2025-05-14 12:45:00,2,0.01374988670909016,0.012179625820335414,0.9740704874705745,2
2025-05-14 12:50:00,2,0.010141676281410442,0.011140004933734364,0.9787183187848552,2
2025-05-14 12:55:00,2,0.012030822138153194,0.015577451300373663,0.9723917265614731,2
2025-05-14 13:00:00,2,0.2280120246239048,0.19499587514215416,0.576992100233941,2
2025-05-14 13:05:00,2,0.17399997513434623,0.19763322525298752,0.6283667996126663,2
2025-05-14 13:10:00,2,0.2015942091389564,0.17584440702479842,0.6225613838362452,2
2025-05-14 13:15:00,2,0.2690997585791969,0.15161317769611646,0.5792870637246866,2
2025-05-14 13:20:00,2,0.23191783549044423,0.17427034031223557,0.5938118241973203,2
2025-05-14 13:25:00,2,0.2240288751586586,0.19079038592869627,0.5851807389126452,2
2025-05-14 13:30:00,2,0.21306093333897771,0.17104041410955245,0.6158986525514698,2
2025-05-14 13:35:00,2,0.13281857938941224,0.14401949179867263,0.7231619288119152,2
2025-05-14 13:40:00,2,0.16205011896517385,0.13409848564751536,0.7038513953873108,2
2025-05-14 13:45:00,2,0.15692870915968815,0.13654905394046307,0.7065222368998487,2
2025-05-14 13:50:00,2,0.11709341915295007,0.09752292148197989,0.78538365936507,2
2025-05-14 13:55:00,2,0.1234688746288323,0.12281096884057233,0.7537201565305954,2
2025-05-14 14:00:00,2,0.12235174609575257,0.13845064397038281,0.7391976099338646,2
2025-05-14 14:05:00,2,0.11071802505994507,0.1027996349489171,0.7864823399911378,2
2025-05-14 14:10:00,2,0.09929746168190878,0.13840120724670568,0.7623013310713855,2
2025-05-14 14:15:00,1,0.08924862491099034,0.12754443552061606,0.7832069395683936,2
2025-05-14 14:20:00,1,0.0905371948864796,0.11353382014918167,0.7959289849643387,2
2025-05-14 14:25:00,2,0.1199494165821218,0.14540946585674408,0.7346411175611343,2
2025-05-14 14:30:00,0,0.12304260990445569,0.15907505282224946,0.7178823372732949,2
2025-05-14 14:35:00,0,0.09963597763882463,0.15402040995363264,0.7463436124075427,2
2025-05-14 14:40:00,2,0.17469846447336498,0.17225941308960047,0.6530421224370346,2
2025-05-14 14:45:00,2,0.12446100395871336,0.15062361138513675,0.72491538465615,2
2025-05-14 14:50:00,0,0.12934669146200325,0.14326682262711896,0.7273864859108778,2
2025-05-14 14:55:00,0,0.1460207076350836,0.13993454114388443,0.7140447512210321,2
2025-05-14 15:00:00,2,0.015360578733663324,0.01269356952057617,0.9719458517457605,2
2025-05-14 15:05:00,2,0.013451127293197954,0.012218944327653419,0.9743299283791487,2
2025-05-14 15:10:00,2,0.014236444414677628,0.013059262491536923,0.9727042930937855,2
2025-05-14 15:15:00,2,0.17515077570426874,0.10030745733283727,0.7245417669628941,2
2025-05-14 15:20:00,2,0.12692545312438824,0.07006476010910084,0.8030097867665109,2
2025-05-14 15:25:00,2,0.014236444414677628,0.013059262491536923,0.9727042930937855,2
2025-05-15 09:15:00,2,0.13749861893675586,0.1630325359200444,0.6994688451431997,2
2025-05-15 09:20:00,1,0.11300264400182757,0.16014043876614895,0.7268569172320235,2
2025-05-15 09:25:00,1,0.12241803352072245,0.1601194107008695,0.717462555778408,2
2025-05-15 09:30:00,1,0.12331608528674681,0.14747105816861475,0.7292128565446384,2
2025-05-15 09:35:00,2,0.011945907381507203,0.011154208678561749,0.9768998839399311,2
2025-05-15 09:40:00,2,0.009217288596647626,0.010581608216380657,0.9802011031869717,2
2025-05-15 09:45:00,2,0.01002078419891245,0.011139919995314612,0.978839295805773,2
2025-05-15 09:50:00,2,0.015982201864194353,0.017392854492132404,0.9666249436436732,2
2025-05-15 09:55:00,2,0.1339968468466448,0.19068642913878175,0.6753167240145734,2
2025-05-15 10:00:00,2,0.013572405973114635,0.014828204651480865,0.9715993893754045,2
2025-05-15 10:05:00,2,0.012013024803847062,0.013997419614672085,0.9739895555814809,2
2025-05-15 10:10:00,2,0.15496165452263194,0.1653055513229582,0.6797327941544099,2
2025-05-15 10:15:00,0,0.16086708728322466,0.18344252307809544,0.6556903896386799,2
2025-05-15 10:20:00,0,0.15243740170950346,0.15090963912415015,0.6966529591663464,2
2025-05-15 10:25:00,0,0.13473878962259211,0.17095599532786263,0.6943052150495453,2
2025-05-15 10:30:00,0,0.14898357802825418,0.16401624986466926,0.6870001721070766,2
2025-05-15 10:35:00,2,0.0110170988303813,0.011485809103818703,0.9774970920658,2
2025-05-15 10:40:00,2,0.013564111643487153,0.010682917549234054,0.9757529708072789,2
2025-05-15 10:45:00,2,0.03543623299027401,0.012620587825827291,0.9519431791838986,2
2025-05-15 10:50:00,2,0.25760941223933737,0.19464612366437062,0.5477444640962921,2
2025-05-15 10:55:00,2,0.017371711443994717,0.011357437278376181,0.9712708512776291,2
2025-05-15 11:00:00,1,0.2704546117602564,0.2023756082116319,0.5271697800281117,2
2025-05-15 11:05:00,1,0.29525094456599765,0.22097045941228244,0.4837785960217199,2
2025-05-15 11:10:00,0,0.3997901934202495,0.2573213720192459,0.3428884345605047,0
2025-05-15 11:15:00,1,0.38929960581447054,0.268088854128247,0.34261154005728245,0
2025-05-15 11:20:00,2,0.400245582299148,0.25063826947023804,0.349116148230614,0
2025-05-15 11:25:00,2,0.30918295595903506,0.21275445455792244,0.4780625894830424,2
2025-05-15 11:30:00,2,0.3039453131866679,0.21483629382358327,0.4812183929897489,2
2025-05-15 11:35:00,2,0.24121673665279433,0.21001585563187314,0.5487674077153326,2
2025-05-15 11:40:00,2,0.2380288866807639,0.21107937587242667,0.5508917374468094,2
2025-05-15 11:45:00,2,0.2470110415748558,0.2012814918331232,0.5517074665920211,2
2025-05-15 11:50:00,0,0.24048457712331212,0.19167038994540964,0.5678450329312783,2
2025-05-15 11:55:00,0,0.2464921250890481,0.20193595568558415,0.5515719192253679,2
2025-05-15 12:00:00,0,0.23974195924432418,0.1865352461665228,0.5737227945891531,2
2025-05-15 12:05:00,1,0.22105297176295535,0.19415571692491534,0.5847913113121292,2
2025-05-15 12:10:00,1,0.25516569942861556,0.1904571948139699,0.5543771057574145,2
2025-05-15 12:15:00,1,0.27057246139125746,0.1861001425005748,0.5433273961081677,2
2025-05-15 12:20:00,0,0.29891889147549144,0.19843129258969944,0.5026498159348092,2
2025-05-15 12:25:00,2,0.29944645743688303,0.17923967680931058,0.5213138657538063,2
2025-05-15 12:30:00,2,0.2612968696658623,0.1888735291036538,0.549829601230484,2
2025-05-15 12:35:00,2,0.2668096334199215,0.21747013821758782,0.5157202283624907,2
2025-05-15 12:40:00,0,0.306577650987599,0.20728060592526873,0.48614174308713237,2
2025-05-15 12:45:00,0,0.2843869539739288,0.19368949644923616,0.521923549576835,2
2025-05-15 12:50:00,0,0.28557271624596314,0.19582986376123335,0.5185974199928035,2
2025-05-15 12:55:00,0,0.24714826786581395,0.1969587871428851,0.5558929449913009,2
2025-05-15 13:00:00,0,0.27243312494020255,0.14587780444623888,0.5816890706135586,2
2025-05-15 13:05:00,2,0.0178368039301242,0.010811318546421936,0.9713518775234539,2
2025-05-15 13:10:00,2,0.010682720228617406,0.009684386119068708,0.979632893652314,2
2025-05-15 13:15:00,2,0.017412892625333017,0.009772995963298255,0.9728141114113688,2
2025-05-15 13:20:00,2,0.02558798927527356,0.010893785985726314,0.9635182247390002,2
2025-05-15 13:25:00,2,0.016722376794293725,0.009772995963298255,0.973504627242408,2
2025-05-15 13:30:00,2,0.016050507956691173,0.004881032175077547,0.9790684598682313,2
2025-05-15 13:35:00,2,0.011539261885327924,0.0049360637704475045,0.9835246743442245,2
2025-05-15 13:40:00,0,0.24129847775605873,0.004957339069783842,0.7537441831741575,2
2025-05-15 13:45:00,0,0.2624730388439016,0.004950991384535617,0.7325759697715628,2
2025-05-15 13:50:00,2,0.2368211345241793,0.005004996141267063,0.7581738693345537,2
2025-05-15 13:55:00,2,0.2196981322035182,0.005040550397940458,0.7752613173985414,2
2025-05-15 14:00:00,0,0.24650601569365663,0.0051870577334045586,0.7483069265729388,2
2025-05-15 14:05:00,0,0.23811032562312218,0.005251364065390913,0.756638310311487,2
2025-05-15 14:10:00,2,0.23395513157687256,0.005073370638422469,0.7609714977847051,2
2025-05-15 14:15:00,2,0.2289903989541901,0.005069884767781316,0.7659397162780286,2
2025-05-15 14:20:00,2,0.2368736247693374,0.005208694168767167,0.7579176810618955,2
2025-05-15 14:25:00,2,0.22022880107638962,0.005071707113436239,0.7746994918101742,2
2025-05-15 14:30:00,2,0.2610860389064426,0.03523413556241635,0.7036798255311411,2
2025-05-15 14:35:00,2,0.24315178226379225,0.033131420655528654,0.7237167970806792,2
2025-05-15 14:40:00,2,0.22942864397757937,0.024897155873660044,0.7456742001487606,2
2025-05-15 14:45:00,2,0.2279152567399635,0.034522017433779195,0.7375627258262573,2
2025-05-15 14:50:00,2,0.20171094239802406,0.032575803774653675,0.7657132538273222,2
2025-05-15 14:55:00,2,0.22659658881614642,0.03930635448512695,0.7340970566987266,2
2025-05-15 15:00:00,2,0.20836433958685185,0.032116221933929136,0.759519438479219,2
2025-05-15 15:05:00,2,0.1713137252470896,0.025625938759921855,0.8030603359929886,2
2025-05-15 15:10:00,2,0.211360342261527,0.056412845155708914,0.7322268125827641,2
2025-05-15 15:15:00,2,0.2037093211936994,0.06442708137347818,0.7318635974328225,2
2025-05-15 15:20:00,2,0.19066232607430933,0.039093284786654595,0.7702443891390361,2
2025-05-15 15:25:00,2,0.20375222225688328,0.060125698418756646,0.73612207932436,2
2025-05-16 09:15:00,2,0.12582591582863625,0.13958559326401546,0.7345884909073483,2
2025-05-16 09:20:00,2,0.09368994768140548,0.11980682743827067,0.7865032248803239,2
2025-05-16 09:25:00,2,0.1202884395652737,0.1320258265650374,0.747685733869689,2
2025-05-16 09:30:00,2,0.17677205498403584,0.14662542079342933,0.6766025242225349,2
2025-05-16 09:35:00,2,0.14122251410029124,0.13443753900918382,0.7243399468905249,2
2025-05-16 09:40:00,2,0.15621511278892763,0.1568100106079889,0.6869748766030834,2
2025-05-16 09:45:00,2,0.13453764995682557,0.14536037283971368,0.7201019772034607,2
2025-05-16 09:50:00,2,0.16386938752435581,0.12628194402709964,0.7098486684485446,2
2025-05-16 09:55:00,2,0.16788854841719603,0.12570936474596825,0.7064020868368358,2
2025-05-16 10:00:00,2,0.12653708931905766,0.14213532735247203,0.7313275833284703,2
2025-05-16 10:05:00,2,0.10015168400648425,0.10262297913389941,0.7972253368596164,2
2025-05-16 10:10:00,2,0.09383309603165624,0.116355440669298,0.7898114632990457,2
2025-05-16 10:15:00,2,0.07916405944750464,0.1291421941864776,0.7916937463660179,2
2025-05-16 10:20:00,2,0.13016669247195523,0.14326878764990447,0.7265645198781404,2
2025-05-16 10:25:00,2,0.09389586131659963,0.1298167700920444,0.776287368591356,2
2025-05-16 10:30:00,2,0.07617230137338935,0.08755109922275586,0.8362765994038548,2
2025-05-16 10:35:00,2,0.21030730037483422,0.1678835275490132,0.6218091720761526,2
2025-05-16 10:40:00,2,0.19839514813693016,0.1612076720048412,0.6403971798582286,2
2025-05-16 10:45:00,2,0.1724969966925804,0.14130937376081587,0.6861936295466038,2
2025-05-16 10:50:00,1,0.1680097315882082,0.1452893275830977,0.6867009408286942,2
2025-05-16 10:55:00,1,0.1590645845783944,0.14573786299796002,0.6951975524236457,2
2025-05-16 11:00:00,2,0.19404911567087008,0.14207942281715508,0.6638714615119748,2
2025-05-16 11:05:00,2,0.01630756556087785,0.012222631932607734,0.9714698025065145,2
2025-05-16 11:10:00,2,0.15976435716762916,0.14312258551020546,0.6971130573221653,2
2025-05-16 11:15:00,2,0.11555027623936596,0.15456497273242212,0.7298847510282119,2
2025-05-16 11:20:00,2,0.13901856945665927,0.14746684627905307,0.7135145842642877,2
2025-05-16 11:25:00,2,0.1740852146051332,0.12095612053131388,0.7049586648635529,2
2025-05-16 11:30:00,2,0.12934192879456677,0.13671375924986337,0.7339443119555699,2
2025-05-16 11:35:00,2,0.13319304769155146,0.12750277337715749,0.7393041789312912,2
2025-05-16 11:40:00,2,0.1524574787805453,0.1314398915751836,0.7161026296442712,2
2025-05-16 11:45:00,2,0.14988121164298368,0.1138467082571453,0.736272080099871,2
2025-05-16 11:50:00,2,0.1585161341239882,0.12847814157551757,0.7130057243004942,2
2025-05-16 11:55:00,2,0.15334737474068544,0.10071252803365366,0.7459400972256609,2
2025-05-16 12:00:00,2,0.1328608968509704,0.09685565229101811,0.7702834508580114,2
2025-05-16 12:05:00,2,0.11855050353519019,0.10628145309313583,0.775168043371674,2
2025-05-16 12:10:00,2,0.12295615428512824,0.10587680123680984,0.771167044478062,2
2025-05-16 12:15:00,0,0.10440098039499951,0.09556154955610059,0.8000374700488999,2
2025-05-16 12:20:00,2,0.0906157799154668,0.09051902150627009,0.8188651985782631,2
2025-05-16 12:25:00,2,0.00455669181194909,0.010454989496613939,0.984988318691437,2
2025-05-16 12:30:00,2,0.010354944284716198,0.011868384490192334,0.9777766712250915,2
2025-05-16 12:35:00,2,0.009220855941394645,0.011180976587581855,0.9795981674710235,2
2025-05-16 12:40:00,2,0.00802710308416116,0.011274637653758995,0.9806982592620799,2
2025-05-16 12:45:00,2,0.00897754748587569,0.013524476718258545,0.9774979757958657,2
2025-05-16 12:50:00,2,0.008789855765724169,0.012045244006694641,0.9791649002275812,2
2025-05-16 12:55:00,2,0.007896995281140157,0.006627369221660927,0.985475635497199,2
2025-05-16 13:00:00,2,0.008365733112749721,0.010461049965575847,0.9811732169216745,2
2025-05-16 13:05:00,2,0.009448311811975082,0.011456783820644792,0.9790949043673801,2
2025-05-16 13:10:00,2,0.08494570316035202,0.0764639071149337,0.8385903897247142,2
2025-05-16 13:15:00,2,0.07488807163249657,0.08804988391014584,0.8370620444573575,2
2025-05-16 13:20:00,2,0.08126537270951019,0.07632246918751448,0.8424121581029753,2
2025-05-16 13:25:00,1,0.01542679444618127,0.04882165690159669,0.9357515486522221,2
2025-05-16 13:30:00,2,0.09652256742665997,0.09420045456196138,0.8092769780113787,2
2025-05-16 13:35:00,2,0.0706862767180141,0.06422346475936162,0.8650902585226243,2
2025-05-16 13:40:00,2,0.06990426498239427,0.11260554268332418,0.8174901923342816,2
2025-05-16 13:45:00,2,0.06657524843117384,0.08799651020249484,0.8454282413663312,2
2025-05-16 13:50:00,2,0.07000734017169441,0.0785853499684846,0.851407309859821,2
2025-05-16 13:55:00,2,0.07769649513194574,0.07925576384919604,0.8430477410188583,2
2025-05-16 14:00:00,2,0.06793184013200244,0.06926064694231954,0.862807512925678,2
2025-05-16 14:05:00,2,0.05822144321014734,0.07400434674875221,0.8677742100411003,2
2025-05-16 14:10:00,2,0.07746222568496852,0.09120829240775402,0.8313294819072774,2
2025-05-16 14:15:00,2,0.07475583065749387,0.1143304511782622,0.810913718164244,2
2025-05-16 14:20:00,2,0.07346365473400775,0.07003302699738005,0.8565033182686123,2
2025-05-16 14:25:00,2,0.06699352206905318,0.10761198838986334,0.8253944895410834,2
2025-05-16 14:30:00,2,0.06573162372421228,0.10359379823330477,0.830674578042483,2
2025-05-16 14:35:00,2,0.07791289979507034,0.0853910890514276,0.8366960111535021,2
2025-05-16 14:40:00,2,0.05978865857185002,0.07223737715884614,0.8679739642693038,2
2025-05-16 14:45:00,2,0.06738832665000742,0.06799073159953398,0.8646209417504587,2
2025-05-16 14:50:00,2,0.06726111200535717,0.06857037718573367,0.8641685108089092,2
2025-05-16 14:55:00,2,0.06698482237170084,0.06579456314777699,0.8672206144805221,2
2025-05-16 15:00:00,2,0.05987350412361417,0.0665143624764357,0.87361213339995,2
2025-05-16 15:05:00,2,0.05124888459583845,0.03943783012288103,0.9093132852812805,2
2025-05-16 15:10:00,2,0.06753283948224173,0.05163924355874126,0.880827916959017,2
2025-05-16 15:15:00,2,0.06796761862829437,0.048612924386911054,0.8834194569847946,2
2025-05-16 15:20:00,2,0.06466813450488876,0.05071943588330909,0.8846124296118022,2
2025-05-16 15:25:00,2,0.059913192647804266,0.04869038519098828,0.8913964221612075,2
2025-05-19 09:15:00,2,0.07772312860302193,0.1274051891983856,0.7948716821985925,2
2025-05-19 09:20:00,1,0.011415720355350932,0.03435345387695665,0.9542308257676924,2
2025-05-19 09:25:00,2,0.07266023468648772,0.11918549432714634,0.8081542709863659,2
2025-05-19 09:30:00,2,0.08398959153528116,0.1095219782314015,0.8064884302333173,2
2025-05-19 09:35:00,2,0.1306689312820164,0.12078663291941033,0.7485444357985733,2
2025-05-19 09:40:00,2,0.12858665999629046,0.11436517471156663,0.757048165292143,2
2025-05-19 09:45:00,2,0.08856686469333486,0.12521786843788382,0.7862152668687813,2
2025-05-19 09:50:00,2,0.08790356156749936,0.13474540758709158,0.777351030845409,2
2025-05-19 09:55:00,2,0.08883777838962603,0.10107167815688112,0.8100905434534929,2
2025-05-19 10:00:00,2,0.06411363908169133,0.1151618629068416,0.820724498011467,2
2025-05-19 10:05:00,2,0.05103742089385332,0.05127392667087342,0.8976886524352733,2
2025-05-19 10:10:00,2,0.03918660249635187,0.04234127318755826,0.9184721243160899,2
2025-05-19 10:15:00,2,0.061958057373479536,0.046069404133556646,0.8919725384929638,2
2025-05-19 10:20:00,2,0.04519937064714459,0.029522482205618927,0.9252781471472364,2
2025-05-19 10:25:00,2,0.06179374998523811,0.09269008124590727,0.8455161687688546,2
2025-05-19 10:30:00,2,0.05075234952769365,0.06715692691646301,0.8820907235558433,2
2025-05-19 10:35:00,0,0.15566762315749078,0.12172085776214656,0.7226115190803628,2
2025-05-19 10:40:00,2,0.008666373425976566,0.004713270120924258,0.9866203564530992,2
2025-05-19 10:45:00,2,0.006490625340922472,0.004414886403351863,0.9890944882557257,2
2025-05-19 10:50:00,2,0.004484748958414521,0.004496212329406956,0.9910190387121786,2
2025-05-19 10:55:00,2,0.004474953374282159,0.004762828320482239,0.9907622183052356,2
2025-05-19 11:00:00,2,0.004642660897609483,0.010701918195636945,0.9846554209067536,2
2025-05-19 11:05:00,2,0.004452207583439432,0.01015731963925541,0.9853904727773052,2
2025-05-19 11:10:00,2,0.004512735690005249,0.004495302900967504,0.9909919614090272,2
2025-05-19 11:15:00,2,0.004484713421393929,0.004497091403222023,0.991018195175384,2
2025-05-19 11:20:00,2,0.004549274568168441,0.004494308216713327,0.9909564172151182,2
2025-05-19 11:25:00,2,0.00599087901857711,0.007190907403065878,0.986818213578357,2
2025-05-19 11:30:00,2,0.008520621723227593,0.0065745085367460345,0.9849048697400264,2
2025-05-19 11:35:00,2,0.008040407868783447,0.004652337796990509,0.9873072543342261,2
2025-05-19 11:40:00,2,0.008029995614182517,0.0046461600434539434,0.9873238443423635,2
2025-05-19 11:45:00,2,0.009563416053238176,0.004761878244240348,0.9856747057025215,2
2025-05-19 11:50:00,2,0.008666368858436913,0.004713328448066302,0.9866203026934968,2
2025-05-19 11:55:00,2,0.009719597422442527,0.0048396450850623635,0.9854407574924952,2
2025-05-19 12:00:00,2,0.01132006695145592,0.0049360637706821805,0.983743869277862,2
2025-05-19 12:05:00,2,0.010264965648687093,0.004847017453933641,0.9848880168973793,2
2025-05-19 12:10:00,2,0.009719597422446423,0.004839645085017999,0.9854407574925356,2
2025-05-19 12:15:00,2,0.00871944891243898,0.004742135626558902,0.9865384154610021,2
2025-05-19 12:20:00,2,0.00865647241282957,0.004839705323238795,0.9865038222639316,2
2025-05-19 12:25:00,2,0.008623991621170665,0.005254482619638461,0.9861215257591909,2
2025-05-19 12:30:00,2,0.007646929388870792,0.010071195203650121,0.9822818754074791,2
2025-05-19 12:35:00,2,0.01026496281460102,0.004847047971937831,0.9848879892134612,2
2025-05-19 12:40:00,2,0.008718858411287032,0.004749628427415075,0.986531513161298,2
2025-05-19 12:45:00,2,0.00802554257424163,0.004707568803678254,0.9872668886220801,2
2025-05-19 12:50:00,2,0.00536097254294122,0.009237762147393682,0.9854012653096651,2
2025-05-19 12:55:00,2,0.00682403170584292,0.01013472134556022,0.9830412469485968,2
2025-05-19 13:00:00,2,0.008719434146483008,0.004742322990067314,0.9865382428634497,2
2025-05-19 13:05:00,2,0.010895658283397003,0.004956195089002794,0.9841481466276002,2
2025-05-19 13:10:00,2,0.07063793355307761,0.013874391890100623,0.9154876745568218,2
2025-05-19 13:15:00,2,0.07495587583506008,0.08250325065656257,0.8425408735083774,2
2025-05-19 13:20:00,2,0.07487348309795362,0.07505341377669242,0.8500731031253539,2
2025-05-19 13:25:00,2,0.06807292871712266,0.08928947283642452,0.8426375984464528,2
2025-05-19 13:30:00,2,0.07927815838842084,0.10355315035469467,0.8171686912568845,2
2025-05-19 13:35:00,2,0.05586315936775011,0.06119511005993879,0.8829417305723111,2
2025-05-19 13:40:00,2,0.05641399036372459,0.08139571703304281,0.8621902926032327,2
2025-05-19 13:45:00,2,0.056421215985152214,0.07700606476570658,0.8665727192491411,2
2025-05-19 13:50:00,1,0.0574754135803981,0.07542651561418394,0.867098070805418,2
2025-05-19 13:55:00,1,0.05555239722485745,0.08091395624085972,0.8635336465342829,2
2025-05-19 14:00:00,2,0.010665221468822995,0.011399760471922427,0.9779350180592546,2
2025-05-19 14:05:00,2,0.009684219844355446,0.011175189906199973,0.9791405902494447,2
2025-05-19 14:10:00,2,0.01002078419891245,0.011139919995314612,0.978839295805773,2
2025-05-19 14:15:00,2,0.07160931588327385,0.10643105826122462,0.8219596258555015,2
2025-05-19 14:20:00,2,0.05773517785974856,0.09449462815092463,0.8477701939893267,2
2025-05-19 14:25:00,2,0.06463926999551599,0.08995916972869765,0.8454015602757864,2
2025-05-19 14:30:00,2,0.06121746576341375,0.09082101206924724,0.8479615221673391,2
2025-05-19 14:35:00,2,0.061345611351352754,0.09225350326082175,0.8464008853878255,2
2025-05-19 14:40:00,2,0.06802802993635339,0.09778397687058561,0.834187993193061,2
2025-05-19 14:45:00,2,0.011739141660961096,0.16331544046041604,0.8249454178786229,2
2025-05-19 14:50:00,2,0.009335823849557529,0.1584426855221224,0.8322214906283201,2
2025-05-19 14:55:00,2,0.013379408611597032,0.1328041529480285,0.8538164384403745,2
2025-05-19 15:00:00,2,0.07438966698160139,0.10727067251520148,0.8183396605031971,2
2025-05-19 15:05:00,2,0.07739373645772185,0.09837467775382278,0.8242315857884555,2
2025-05-19 15:10:00,2,0.06361900833432978,0.08647626224712401,0.8499047294185462,2
2025-05-19 15:15:00,2,0.061085299678936424,0.08376255845511607,0.8551521418659475,2
2025-05-19 15:20:00,2,0.06101333898152126,0.09254263007277783,0.8464440309457009,2
2025-05-19 15:25:00,2,0.07471288855825163,0.13059629718623508,0.7946908142555134,2
2025-05-20 09:15:00,2,0.07256573252878136,0.1520943778227367,0.775339889648482,2
2025-05-20 09:20:00,2,0.08491107884535347,0.1663305153381131,0.7487584058165334,2
2025-05-20 09:25:00,2,0.06543748943472931,0.15277237922327583,0.7817901313419949,2
2025-05-20 09:30:00,2,0.08753335015577432,0.16998623956162884,0.7424804102825968,2
2025-05-20 09:35:00,1,0.06521381517648892,0.1635604919290936,0.7712256928944174,2
2025-05-20 09:40:00,2,0.06929386392926508,0.13689163443859864,0.7938145016321363,2
2025-05-20 09:45:00,2,0.05377666161051676,0.13216875121474148,0.8140545871747418,2
2025-05-20 09:50:00,2,0.00953367294559779,0.012035776320685697,0.9784305507337165,2
2025-05-20 09:55:00,2,0.08417104087774209,0.16495487460342584,0.7508740845188321,2
2025-05-20 10:00:00,2,0.07517308175380301,0.1684833175369657,0.7563436007092313,2
2025-05-20 10:05:00,2,0.06334438328067439,0.15923330735405092,0.7774223093652748,2
2025-05-20 10:10:00,2,0.057825865060149834,0.09574102859636487,0.8464331063434853,2
2025-05-20 10:15:00,2,0.06217577118751891,0.13432146456084743,0.8035027642516337,2
2025-05-20 10:20:00,2,0.05557495628702969,0.09236517297552303,0.8520598707374473,2
2025-05-20 10:25:00,2,0.05745773978904821,0.09738933979325243,0.8451529204176993,2
2025-05-20 10:30:00,0,0.0485005425026267,0.07051170814103477,0.8809877493563385,2
2025-05-20 10:35:00,2,0.1363157622236783,0.15240407514047405,0.7112801626358476,2
2025-05-20 10:40:00,2,0.11765281834339511,0.14527599558842005,0.7370711860681849,2
2025-05-20 10:45:00,2,0.02063654076649463,0.017666006846917066,0.9616974523865883,2
2025-05-20 10:50:00,2,0.1712270083743738,0.16775908330825587,0.6610139083173703,2
2025-05-20 10:55:00,2,0.1421668859094738,0.163046364449624,0.6947867496409021,2
2025-05-20 11:00:00,1,0.16345920685863216,0.17795060676671165,0.6585901863746563,2
2025-05-20 11:05:00,1,0.1380603743517193,0.16155438551704035,0.7003852401312405,2
2025-05-20 11:10:00,1,0.1714571336416884,0.1669771680956994,0.6615656982626121,2
2025-05-20 11:15:00,2,0.1693337792586374,0.18997350865227583,0.6406927120890867,2
2025-05-20 11:20:00,2,0.17127578398131996,0.15082368921486636,0.6779005268038137,2
2025-05-20 11:25:00,2,0.1712924039443692,0.1431964328531875,0.6855111632024433,2
2025-05-20 11:30:00,1,0.14220466186543965,0.17593219962059703,0.6818631385139633,2
2025-05-20 11:35:00,2,0.11151748121434739,0.025030704502633644,0.863451814283019,2
2025-05-20 11:40:00,2,0.1014168603495861,0.013120670867441276,0.8854624687829726,2
2025-05-20 11:45:00,2,0.0864293018377297,0.013510824067468492,0.9000598740948018,2
2025-05-20 11:50:00,2,0.1308128622816579,0.012499623461317074,0.856687514257025,2
2025-05-20 11:55:00,2,0.10809144336307223,0.02072621659611046,0.8711823400408173,2
2025-05-20 12:00:00,2,0.11176678578838398,0.168786928579507,0.7194462856321091,2
2025-05-20 12:05:00,1,0.10955598045163059,0.1610212053069379,0.7294228142414315,2
2025-05-20 12:10:00,2,0.1510903008527733,0.1770705986795492,0.6718391004676776,2
2025-05-20 12:15:00,2,0.1391024241488862,0.15439603663867207,0.7065015392124417,2
2025-05-20 12:20:00,2,0.12844733758168966,0.16021212998923634,0.711340532429074,2
2025-05-20 12:25:00,2,0.1279958547305619,0.15998294483932646,0.7120212004301116,2
2025-05-20 12:30:00,1,0.13012327480299002,0.1615842913358518,0.7082924338611583,2
2025-05-20 12:35:00,1,0.12441699191652843,0.15598921253711232,0.7195937955463593,2
2025-05-20 12:40:00,1,0.131543889808962,0.1531072887278705,0.7153488214631676,2
2025-05-20 12:45:00,2,0.12369574923632293,0.013216471956669034,0.863087778807008,2
2025-05-20 12:50:00,2,0.15830096332816013,0.01265787099125261,0.8290411656805874,2
2025-05-20 12:55:00,2,0.010266148068071603,0.011365318562914574,0.9783685333690139,2
2025-05-20 13:00:00,2,0.008710606445958115,0.011565689649717952,0.979723703904324,2
2025-05-20 13:05:00,2,0.009448311811975082,0.011485906590153389,0.9790657815978715,2
2025-05-20 13:10:00,2,0.009760110928760043,0.012516114018027949,0.977723775053212,2
2025-05-20 13:15:00,2,0.010354944284716198,0.01189750725970093,0.9777475484555829,2
2025-05-20 13:20:00,2,0.012054155149864163,0.013418390183027427,0.9745274546671084,2
2025-05-20 13:25:00,2,0.012141478975771143,0.0167258554437693,0.9711326655804595,2
2025-05-20 13:30:00,2,0.012412983732639831,0.017543178845926273,0.9700438374214339,2
2025-05-20 13:35:00,2,0.011988508350206865,0.013346346478970518,0.9746651451708226,2
2025-05-20 13:40:00,2,0.010420099140068898,0.012613540715493013,0.976966360144438,2
2025-05-20 13:45:00,2,0.07161508410710449,0.14861527569634705,0.7797696401965485,2
2025-05-20 13:50:00,1,0.06312116609889892,0.12452537574600593,0.8123534581550952,2
2025-05-20 13:55:00,2,0.06191680252039275,0.13111281223886906,0.8069703852407382,2
2025-05-20 14:00:00,1,0.011926518118350656,0.18632944274553226,0.801744039136117,2
2025-05-20 14:05:00,1,0.009760110928760043,0.1846288807804513,0.8056110082907886,2
2025-05-20 14:10:00,1,0.008875507083717673,0.19010671515734567,0.8010177777589367,2
2025-05-20 14:15:00,2,0.00963286710987566,0.18745286784307535,0.8029142650470491,2
2025-05-20 14:20:00,2,0.010071405149934255,0.1948208787147278,0.7951077161353379,2
2025-05-20 14:25:00,1,0.008526091294661592,0.18880343964242294,0.8026704690629155,2
2025-05-20 14:30:00,2,0.008728531501395574,0.17498495416442217,0.8162865143341822,2
2025-05-20 14:35:00,2,0.009625917731395553,0.1735965887681271,0.8167774935004775,2
2025-05-20 14:40:00,2,0.009305008552963482,0.20264410369533994,0.7880508877516966,2
2025-05-20 14:45:00,2,0.014887295301496385,0.18598397514851814,0.7991287295499855,2
2025-05-20 14:50:00,2,0.010461838888237035,0.17992255460581913,0.8096156065059438,2
2025-05-20 14:55:00,2,0.010631432305743005,0.1767805173936123,0.8125880503006446,2
2025-05-20 15:00:00,2,0.009625917731395553,0.19298042597663329,0.7973936562919711,2
2025-05-20 15:05:00,2,0.02754171330643078,0.1618966764162837,0.8105616102772855,2
2025-05-20 15:10:00,2,0.03157980490483742,0.19360331055766952,0.7748168845374931,2
2025-05-20 15:15:00,2,0.02671692975159438,0.2166276806188013,0.7566553896296043,2
2025-05-20 15:20:00,2,0.033304975335285474,0.17325351813207723,0.7934415065326372,2
2025-05-20 15:25:00,2,0.05463066034907202,0.2061742243419208,0.7391951153090072,2
2025-05-21 09:15:00,0,0.12250325891183171,0.16909668536224856,0.7084000557259198,2
2025-05-21 09:20:00,0,0.13952571930552365,0.16172406363752867,0.6987502170569477,2
2025-05-21 09:25:00,0,0.1317228520877628,0.16559842604078573,0.7026787218714514,2
2025-05-21 09:30:00,0,0.20851442820175337,0.011295071859364849,0.7801904999388818,2
2025-05-21 09:35:00,0,0.21054804835382318,0.005591569184264043,0.7838603824619128,2
2025-05-21 09:40:00,2,0.19942844963297526,0.010871250762797702,0.789700299604227,2
2025-05-21 09:45:00,2,0.20833938624811155,0.010358111148154586,0.7813025026037339,2
2025-05-21 09:50:00,2,0.19809747278189205,0.004979277545383013,0.796923249672725,2
2025-05-21 09:55:00,0,0.19429654578137712,0.09858649190806199,0.7071169623105609,2
2025-05-21 10:00:00,0,0.20856591361638105,0.01500641594919501,0.776427670434424,2
2025-05-21 10:05:00,0,0.20127975855102304,0.011351142622065732,0.7873690988269111,2
2025-05-21 10:10:00,2,0.1437325173126663,0.005001507325986444,0.8512659753613473,2
2025-05-21 10:15:00,2,0.17906872285812753,0.005742295118345884,0.8151889820235265,2
2025-05-21 10:20:00,2,0.12960276859760145,0.004957613820260671,0.8654396175821379,2
2025-05-21 10:25:00,2,0.1713114510053012,0.009798491981338336,0.8188900570133605,2
2025-05-21 10:30:00,2,0.11596578676799066,0.010501440291454231,0.8735327729405551,2
2025-05-21 10:35:00,2,0.21036652580301243,0.010011745438253544,0.779621728758734,2
2025-05-21 10:40:00,2,0.24322370015560768,0.011329977898196364,0.745446321946196,2
2025-05-21 10:45:00,2,0.23476077962123576,0.011117962514282702,0.7541212578644816,2
2025-05-21 10:50:00,2,0.24653570638813732,0.06064511094842416,0.6928191826634384,2
2025-05-21 10:55:00,2,0.2536091763922247,0.06630329748267787,0.6800875261250974,2
2025-05-21 11:00:00,0,0.2628506204698593,0.11364139184173652,0.6235079876884042,2
2025-05-21 11:05:00,1,0.26904524271133534,0.09211687358998236,0.6388378836986823,2
2025-05-21 11:10:00,1,0.25049473604774786,0.11097410874765112,0.6385311552046011,2
2025-05-21 11:15:00,1,0.22370271084828064,0.09948247412700142,0.676814815024718,2
2025-05-21 11:20:00,2,0.24816325881938966,0.16022322703057623,0.5916135141500342,2
2025-05-21 11:25:00,2,0.23894235438554307,0.15388841414266435,0.6071692314717926,2
2025-05-21 11:30:00,1,0.2609394971446153,0.1604833964984917,0.578577106356893,2
2025-05-21 11:35:00,1,0.23928483845838344,0.16416124965002038,0.5965539118915961,2
2025-05-21 11:40:00,1,0.2606189786078693,0.15666643694506333,0.5827145844470674,2
2025-05-21 11:45:00,1,0.21525634067984675,0.15652798596297174,0.6282156733571815,2
2025-05-21 11:50:00,1,0.2465317867985114,0.1637967961886382,0.5896714170128504,2
2025-05-21 11:55:00,1,0.225230556641339,0.15640074817351668,0.6183686951851444,2
2025-05-21 12:00:00,2,0.013611072309143846,0.013234776344893723,0.9731541513459624,2
2025-05-21 12:05:00,2,0.010338930081103244,0.017158537079006504,0.9725025328398903,2
2025-05-21 12:10:00,2,0.00979027627676074,0.013707892379794188,0.976501831343445,2
2025-05-21 12:15:00,2,0.008789855765724169,0.012249819442732655,0.9789603247915432,2
2025-05-21 12:20:00,0,0.22431507349489332,0.21220418131054794,0.5634807451945587,2
2025-05-21 12:25:00,0,0.2333450310885049,0.20742584242547008,0.559229126486025,2
2025-05-21 12:30:00,2,0.21509552363643378,0.21317960660162105,0.5717248697619451,2
2025-05-21 12:35:00,1,0.20816891916106112,0.20463190647404694,0.5871991743648919,2
2025-05-21 12:40:00,2,0.23096544122551577,0.1966153525868477,0.5724192061876365,2
2025-05-21 12:45:00,2,0.2374312048637053,0.20228147725337348,0.5602873178829213,2
2025-05-21 12:50:00,0,0.24294248388202694,0.19245003248499276,0.5646074836329803,2
2025-05-21 12:55:00,0,0.24753793564186138,0.19502352648172244,0.5574385378764163,2
2025-05-21 13:00:00,0,0.22418455984293328,0.19877002022372992,0.5770454199333368,2
2025-05-21 13:05:00,0,0.23389470530997694,0.19889078650719397,0.5672145081828291,2
2025-05-21 13:10:00,1,0.21679355171700915,0.16182855456704548,0.6213778937159453,2
2025-05-21 13:15:00,1,0.21213848099956056,0.150080614309477,0.6377809046909624,2
2025-05-21 13:20:00,1,0.2450285382809446,0.1570735404556055,0.5978979212634499,2
2025-05-21 13:25:00,2,0.2565761234418453,0.1856050210292295,0.5578188555289252,2
2025-05-21 13:30:00,2,0.2583814376169713,0.15347059535680885,0.5881479670262199,2
2025-05-21 13:35:00,2,0.18420422889027174,0.14668545664545402,0.6691103144642743,2
2025-05-21 13:40:00,2,0.17980274292942727,0.14409920703463186,0.6760980500359409,2
2025-05-21 13:45:00,1,0.15239044856371053,0.1315583004670582,0.7160512509692313,2
2025-05-21 13:50:00,2,0.12102377014598334,0.11865073561376249,0.7603254942402542,2
2025-05-21 13:55:00,2,0.1381255198760316,0.11940611905191705,0.7424683610720513,2
2025-05-21 14:00:00,0,0.1914444247747533,0.12700105872658818,0.6815545164986585,2
2025-05-21 14:05:00,0,0.16210308878513086,0.12490011969947538,0.7129967915153939,2
2025-05-21 14:10:00,2,0.13038005276099587,0.11156607122471938,0.7580538760142849,2
2025-05-21 14:15:00,2,0.12555047683897433,0.08740875055055168,0.787040772610474,2
2025-05-21 14:20:00,2,0.1570580919095897,0.10288851707109256,0.7400533910193178,2
2025-05-21 14:25:00,2,0.1121670261700454,0.07007931575381862,0.8177536580761361,2
2025-05-21 14:30:00,2,0.09928709736408965,0.06359479343300078,0.8371181092029096,2
2025-05-21 14:35:00,2,0.12942855960979718,0.0694234506788648,0.801147989711338,2
2025-05-21 14:40:00,2,0.008666373402347301,0.004713270422668203,0.9866203561749844,2
2025-05-21 14:45:00,2,0.007789182016696847,0.005816064965629947,0.9863947530176732,2
2025-05-21 14:50:00,2,0.0047881594802981296,0.011614797660014253,0.9835970428596876,2
2025-05-21 14:55:00,2,0.004534791120582153,0.010348439139438817,0.9851167697399791,2
2025-05-21 15:00:00,2,0.004813962681042413,0.01161208775888597,0.9835739495600716,2
2025-05-21 15:05:00,2,0.004894325420220999,0.011949298833123597,0.9831563757466554,2
2025-05-21 15:10:00,2,0.004486012370910385,0.004498992934348805,0.9910149946947409,2
2025-05-21 15:15:00,2,0.0044849194206384195,0.004496213058890021,0.9910188675204715,2
2025-05-21 15:20:00,2,0.0045011720544725934,0.004495547023653171,0.9910032809218743,2
2025-05-21 15:25:00,2,0.004484757033014179,0.004496214278836725,0.9910190286881491,2
2025-05-22 09:15:00,2,0.17320916924603258,0.004982835087823901,0.8218079956661436,2
2025-05-22 09:20:00,2,0.16690012961027734,0.004847017404619663,0.828252852985103,2
2025-05-22 09:25:00,2,0.09079724561236953,0.0051424149718130915,0.9040603394158174,2
2025-05-22 09:30:00,2,0.10044681220462012,0.004938434742712665,0.8946147530526671,2
2025-05-22 09:35:00,2,0.10828662248266424,0.012700402905700344,0.8790129746116354,2
2025-05-22 09:40:00,2,0.01026294275204517,0.015493729007951847,0.974243328240003,2
2025-05-22 09:45:00,2,0.010454350591935176,0.01448501731756926,0.9750606320904955,2
2025-05-22 09:50:00,2,0.08059727748854453,0.16663796342590137,0.7527647590855541,2
2025-05-22 09:55:00,2,0.10709791969666026,0.1664303587976405,0.7264717215056993,2
2025-05-22 10:00:00,2,0.14494289721672454,0.14450116838604352,0.7105559343972321,2
2025-05-22 10:05:00,2,0.11927092203656219,0.1749609692084497,0.7057681087549882,2
2025-05-22 10:10:00,2,0.10812535410050701,0.1523112460835311,0.7395633998159619,2
2025-05-22 10:15:00,2,0.11040523759460363,0.15044123973399648,0.7391535226713999,2
2025-05-22 10:20:00,2,0.1125027504578767,0.14239100084075929,0.745106248701364,2
2025-05-22 10:25:00,2,0.1291694605619898,0.20258566644350917,0.6682448729945011,2
2025-05-22 10:30:00,2,0.10879921182564568,0.1608763132985248,0.7303244748758295,2
2025-05-22 10:35:00,2,0.22163708550342057,0.20176635361423825,0.5765965608823412,2
2025-05-22 10:40:00,2,0.2203241251250513,0.20294897874119944,0.5767268961337493,2
2025-05-22 10:45:00,2,0.21281108731945525,0.20208457580728245,0.5851043368732622,2
2025-05-22 10:50:00,2,0.20123773835490705,0.19714640695336308,0.60161585469173,2
2025-05-22 10:55:00,2,0.19952769115620184,0.1965282999862439,0.6039440088575543,2
2025-05-22 11:00:00,2,0.19783241541883761,0.21372788642894724,0.5884396981522152,2
2025-05-22 11:05:00,2,0.20542770252031334,0.18459523528114063,0.6099770621985461,2
2025-05-22 11:10:00,2,0.1740073577174976,0.19803698906503875,0.6279556532174637,2
2025-05-22 11:15:00,2,0.1663008007676317,0.18339987608338384,0.6502993231489845,2
2025-05-22 11:20:00,1,0.1638215432045572,0.19745201629200046,0.6387264405034424,2
2025-05-22 11:25:00,1,0.14745906760634842,0.19084314204355254,0.6616977903500991,2
2025-05-22 11:30:00,2,0.13706482307666623,0.19156319843768885,0.6713719784856449,2
2025-05-22 11:35:00,2,0.011046636937501382,0.25257739584787203,0.7363759672146266,2
2025-05-22 11:40:00,2,0.013489924388211729,0.24957618392300918,0.7369338916887791,2
2025-05-22 11:45:00,2,0.13824680799949896,0.21701162844002853,0.6447415635604725,2
2025-05-22 11:50:00,2,0.19556710271967082,0.19114402345312506,0.6132888738272042,2
2025-05-22 11:55:00,2,0.1889592416992802,0.18701150038267678,0.6240292579180431,2
2025-05-22 12:00:00,1,0.19677340729310522,0.1909564362324697,0.6122701564744252,2
2025-05-22 12:05:00,1,0.18402600093268268,0.21982415546916548,0.5961498435981518,2
2025-05-22 12:10:00,2,0.16406732877508823,0.20463691000722706,0.6312957612176847,2
2025-05-22 12:15:00,2,0.15446727869035262,0.21806419112769815,0.6274685301819493,2
2025-05-22 12:20:00,2,0.13675635208399856,0.23553961011085628,0.6277040378051452,2
2025-05-22 12:25:00,2,0.12008370883983635,0.21266093952884724,0.6672553516313164,2
2025-05-22 12:30:00,1,0.13920721314106987,0.21238533869838166,0.6484074481605485,2
2025-05-22 12:35:00,1,0.13379529055238026,0.19384728895645487,0.6723574204911649,2
2025-05-22 12:40:00,1,0.12154998095601789,0.19862780847196954,0.6798222105720125,2
2025-05-22 12:45:00,2,0.012141478975771143,0.2589373962533126,0.7289211247709162,2
2025-05-22 12:50:00,2,0.01104663693750138,0.24191511060006876,0.7470382524624298,2
2025-05-22 12:55:00,2,0.013574037490449536,0.2398152186421578,0.7466107438673927,2
2025-05-22 13:00:00,2,0.013574037490449536,0.23816117207307652,0.748264790436474,2
2025-05-22 13:05:00,2,0.011988508350206865,0.23673866864129414,0.7512728230084991,2
2025-05-22 13:10:00,2,0.13249051959029803,0.2150897846117275,0.6524196957979744,2
2025-05-22 13:15:00,2,0.1333398439795193,0.21509443576187048,0.6515657202586101,2
2025-05-22 13:20:00,2,0.1272111562836169,0.214068394673828,0.6587204490425551,2
2025-05-22 13:25:00,1,0.12203124867488863,0.19610104349998958,0.6818677078251218,2
2025-05-22 13:30:00,1,0.13258029284638911,0.20465941070221955,0.6627602964513913,2
2025-05-22 13:35:00,2,0.08089913522325567,0.18454917642421292,0.7345516883525314,2
2025-05-22 13:40:00,2,0.07882867722420314,0.20803508943371896,0.7131362333420779,2
2025-05-22 13:45:00,2,0.07189670286144907,0.18540326116779915,0.7427000359707518,2
2025-05-22 13:50:00,2,0.07142274862512706,0.1851031976804575,0.7434740536944154,2
2025-05-22 13:55:00,2,0.06566576854913639,0.18485929292344538,0.7494749385274182,2
2025-05-22 14:00:00,1,0.0713580932148307,0.1806189486430308,0.7480229581421385,2
2025-05-22 14:05:00,1,0.06902496658931509,0.18447585168672037,0.7464991817239646,2
2025-05-22 14:10:00,1,0.07576014061599388,0.16228472740413194,0.7619551319798742,2
2025-05-22 14:15:00,2,0.012131974773246665,0.22563822898164138,0.7622297962451119,2
2025-05-22 14:20:00,2,0.01207548550170268,0.22986587325904795,0.7580586412392494,2
2025-05-22 14:25:00,0,0.05387432515851443,0.18876023451967,0.7573654403218155,2
2025-05-22 14:30:00,0,0.04634632470745101,0.21871220566853045,0.7349414696240185,2
2025-05-22 14:35:00,0,0.10397913104183078,0.20192488335941552,0.6940959855987537,2
2025-05-22 14:40:00,0,0.17894172737767777,0.17430053386414887,0.6467577387581733,2
2025-05-22 14:45:00,2,0.22903058546738952,0.011685426153121894,0.7592839883794886,2
2025-05-22 14:50:00,0,0.19799911703438455,0.17670207942936197,0.6252988035362534,2
2025-05-22 14:55:00,2,0.26972539748385893,0.01064064794795282,0.7196339545681882,2
2025-05-22 15:00:00,2,0.21883878371628024,0.177073907411764,0.6040873088719557,2
2025-05-22 15:05:00,2,0.2352482216026035,0.012310753326149941,0.7524410250712465,2
2025-05-22 15:10:00,2,0.19729073255843144,0.15026968245659442,0.6524395849849741,2
2025-05-22 15:15:00,2,0.1874697071201763,0.13953002419004076,0.673000268689783,2
2025-05-22 15:20:00,2,0.192291407244982,0.11203126923908226,0.6956773235159358,2
2025-05-22 15:25:00,2,0.22815894607507597,0.011996920928818492,0.7598441329961056,2
2025-05-23 09:15:00,0,0.11206753689820244,0.1952921242701255,0.6926403388316721,2
2025-05-23 09:20:00,0,0.19656229456737417,0.011001244518488489,0.7924364609141374,2
2025-05-23 09:25:00,0,0.1847703778544038,0.011053436509952738,0.8041761856356435,2
2025-05-23 09:30:00,0,0.19329251364372213,0.009888369559960712,0.796819116796317,2
2025-05-23 09:35:00,0,0.20401139935882134,0.010087188208607633,0.7859014124325711,2
2025-05-23 09:40:00,2,0.21232635699718952,0.005257776576347671,0.7824158664264629,2
2025-05-23 09:45:00,2,0.22437466848478932,0.0052841457329344515,0.7703411857822763,2
2025-05-23 09:50:00,2,0.22258062466163675,0.005071360784230683,0.7723480145541326,2
2025-05-23 09:55:00,2,0.22812204532573777,0.005129116536000796,0.7667488381382614,2
2025-05-23 10:00:00,2,0.2185486704779821,0.0053710762283350885,0.7760802532936828,2
2025-05-23 10:05:00,2,0.19498827880065672,0.005073095048286002,0.7999386261510573,2
2025-05-23 10:10:00,2,0.19211711724843056,0.008208957047884437,0.799673925703685,2
2025-05-23 10:15:00,2,0.18352042984059425,0.044787873936009935,0.7716916962233958,2
2025-05-23 10:20:00,2,0.15717870452522478,0.056863114027735695,0.7859581814470395,2
2025-05-23 10:25:00,2,0.16643438684919706,0.049590481477269854,0.783975131673533,2
2025-05-23 10:30:00,0,0.13345982783328952,0.08413137081874936,0.7824088013479611,2
2025-05-23 10:35:00,0,0.26006156589543594,0.09752883969397816,0.6424095944105859,2
2025-05-23 10:40:00,0,0.2489315919879766,0.05062646290590132,0.700441945106122,2
2025-05-23 10:45:00,2,0.2433487673300493,0.011439000330548028,0.7452122323394028,2
2025-05-23 10:50:00,2,0.2406164057658027,0.011552256777550746,0.7478313374566465,2
2025-05-23 10:55:00,2,0.2713798773529937,0.011995999744613685,0.7166241229023926,2
2025-05-23 11:00:00,2,0.27812824449220014,0.011426192376766014,0.7104455631310338,2
2025-05-23 11:05:00,2,0.2766138286395578,0.011930712941851157,0.711455458418591,2
2025-05-23 11:10:00,2,0.2941587981099477,0.011896069530810606,0.6939451323592417,2
2025-05-23 11:15:00,2,0.2921521222194767,0.06505706587147252,0.6427908119090509,2
2025-05-23 11:20:00,2,0.27327273768475896,0.06529676823386324,0.6614304940813778,2
2025-05-23 11:25:00,2,0.2770015714091057,0.05284269636326865,0.6701557322276256,2
2025-05-23 11:30:00,1,0.27819422816328465,0.05267720267497117,0.6691285691617441,2
2025-05-23 11:35:00,1,0.27468473287315454,0.06385725695412268,0.6614580101727229,2
2025-05-23 11:40:00,1,0.269372907322967,0.07188345580332973,0.6587436368737033,2
2025-05-23 11:45:00,0,0.288103347595296,0.13659080575170962,0.5753058466529943,2
2025-05-23 11:50:00,2,0.3020106682712368,0.08291188881488862,0.6150774429138746,2
2025-05-23 11:55:00,2,0.2640529320368151,0.11290898169400064,0.6230380862691842,2
2025-05-23 12:00:00,2,0.26087595538321184,0.09784259146656887,0.6412814531502193,2
2025-05-23 12:05:00,0,0.24742643076126103,0.10152493483769418,0.6510486344010449,2
2025-05-23 12:10:00,0,0.26288150171741576,0.11112746496793477,0.6259910333146494,2
2025-05-23 12:15:00,0,0.24704444909544562,0.09700532590849234,0.655950224996062,2
2025-05-23 12:20:00,2,0.2610675108759499,0.08012551460029516,0.6588069745237549,2
2025-05-23 12:25:00,2,0.2438793204288821,0.07044361550975042,0.6856770640613675,2
2025-05-23 12:30:00,2,0.2616726278305917,0.05254150888178503,0.6857858632876234,2
2025-05-23 12:35:00,2,0.27422573853434307,0.06626564345164443,0.6595086180140125,2
2025-05-23 12:40:00,2,0.2524864252465288,0.08216159999678849,0.6653519747566827,2
2025-05-23 12:45:00,2,0.25706305486202535,0.05123923289607191,0.6916977122419028,2
2025-05-23 12:50:00,2,0.24604427242076238,0.052346983363483146,0.7016087442157545,2
2025-05-23 12:55:00,2,0.2556190885083621,0.05776348850567677,0.6866174229859612,2
2025-05-23 13:00:00,2,0.23848559543571338,0.047682577652095826,0.7138318269121908,2
2025-05-23 13:05:00,2,0.24672831838451964,0.048134401303660486,0.7051372803118199,2
2025-05-23 13:10:00,2,0.21771302560187208,0.05562233066522492,0.726664643732903,2
2025-05-23 13:15:00,2,0.23532114901154685,0.051058138820703994,0.7136207121677491,2
2025-05-23 13:20:00,2,0.21818970225315595,0.04669809908401823,0.7351121986628258,2
2025-05-23 13:25:00,1,0.22820871234474333,0.053252170605320254,0.7185391170499364,2
2025-05-23 13:30:00,1,0.22796413778699748,0.053936918276180565,0.7180989439368219,2
2025-05-23 13:35:00,2,0.16177243828975446,0.040760895672778304,0.7974666660374673,2
2025-05-23 13:40:00,2,0.17617253146800244,0.060241811335695956,0.7635856571963017,2
2025-05-23 13:45:00,0,0.18899480704090355,0.06166342416593178,0.7493417687931646,2
2025-05-23 13:50:00,2,0.18386587104753802,0.05612001419497209,0.7600141147574899,2
2025-05-23 13:55:00,2,0.16812262937797318,0.044180578616847925,0.787696792005179,2
2025-05-23 14:00:00,2,0.16546000558190313,0.04001729600151177,0.7945226984165852,2
2025-05-23 14:05:00,2,0.16561113640125497,0.042831399284089265,0.7915574643146558,2
2025-05-23 14:10:00,2,0.1625571134939597,0.05349087277867283,0.7839520137273674,2
2025-05-23 14:15:00,2,0.16037864884381123,0.047669326509042174,0.7919520246471466,2
2025-05-23 14:20:00,2,0.14553451332421874,0.05488773375130126,0.7995777529244801,2
2025-05-23 14:25:00,1,0.1323726729940017,0.05266833940335273,0.8149589876026456,2
2025-05-23 14:30:00,2,0.11953196327715014,0.047328693900055126,0.8331393428227948,2
2025-05-23 14:35:00,1,0.15726700076926703,0.05329905017896212,0.7894339490517709,2
2025-05-23 14:40:00,2,0.08521185988424718,0.013782386315778654,0.901005753799974,2
2025-05-23 14:45:00,2,0.1408224405894947,0.053581020112002845,0.8055965392985024,2
2025-05-23 14:50:00,2,0.10261694873248996,0.013357643118658603,0.8840254081488514,2
2025-05-23 14:55:00,2,0.13978767573120116,0.056178131818563765,0.8040341924502351,2
2025-05-23 15:00:00,2,0.11302413277124998,0.048581795530281906,0.8383940716984681,2
2025-05-23 15:05:00,2,0.13657991717733756,0.04935393349144109,0.8140661493312213,2
2025-05-23 15:10:00,2,0.1444691253350144,0.045015345617976335,0.8105155290470092,2
2025-05-23 15:15:00,2,0.12105877106751181,0.045744747085922494,0.8331964818465656,2
2025-05-23 15:20:00,2,0.1400661174173969,0.04313166729209939,0.8168022152905037,2
2025-05-23 15:25:00,2,0.15016771699100137,0.03990654147176318,0.8099257415372355,2
2025-05-26 09:15:00,2,0.008526091294661592,0.021716394917618606,0.9697575137877198,2
2025-05-26 09:20:00,2,0.007624675851787833,0.020895091235136085,0.9714802329130761,2
2025-05-26 09:25:00,2,0.010895113170883746,0.004961719730436581,0.9841431670986797,2
2025-05-26 09:30:00,2,0.008712192588199733,0.004834210286011709,0.9864535971257886,2
2025-05-26 09:35:00,2,0.0083733359165494,0.010365697290460434,0.9812609667929901,2
2025-05-26 09:40:00,2,0.009742642221951661,0.010471500291255587,0.9797858574867928,2
2025-05-26 09:45:00,2,0.012378795126932057,0.004957362135767659,0.9826638427373002,2
2025-05-26 09:50:00,2,0.009815738395153688,0.009684386119068708,0.9804998754857777,2
2025-05-26 09:55:00,2,0.012176516110810665,0.0052791622080032245,0.9825443216811861,2
2025-05-26 10:00:00,2,0.01329713875260208,0.010782447338156594,0.9759204139092412,2
2025-05-26 10:05:00,2,0.011024853178927615,0.008777206824824,0.9801979399962484,2
2025-05-26 10:10:00,2,0.07779072317898235,0.01082236809607702,0.9113869087249407,2
2025-05-26 10:15:00,1,0.09709950838166267,0.05845525814936412,0.8444452334689732,2
2025-05-26 10:20:00,1,0.09374730104261991,0.054400281626310804,0.8518524173310693,2
2025-05-26 10:25:00,2,0.15788011983921954,0.11392057710699936,0.7281993030537812,2
2025-05-26 10:30:00,2,0.0253456168309369,0.026326003005455942,0.9483283801636072,2
2025-05-26 10:35:00,2,0.016108559824707464,0.015987566681633213,0.9679038734936594,2
2025-05-26 10:40:00,2,0.22330129530677797,0.20048582704900594,0.5762128776442161,2
2025-05-26 10:45:00,2,0.22753475563205772,0.20081111134302557,0.5716541330249167,2
2025-05-26 10:50:00,2,0.20421933590550573,0.1720882527740391,0.6236924113204552,2
2025-05-26 10:55:00,2,0.1936853045370226,0.16284866265992287,0.6434660328030545,2
2025-05-26 11:00:00,0,0.2109417625655317,0.1617396796444443,0.627318557790024,2
2025-05-26 11:05:00,0,0.20981102635059196,0.15053970186893192,0.6396492717804761,2
2025-05-26 11:10:00,2,0.19953831721714876,0.15528014699455114,0.6451815357883001,2
2025-05-26 11:15:00,2,0.18498456179332085,0.13573861714911686,0.6792768210575623,2
2025-05-26 11:20:00,1,0.2110124103059732,0.14237852680937127,0.6466090628846556,2
2025-05-26 11:25:00,2,0.2203864545975446,0.14629776044150739,0.6333157849609481,2
2025-05-26 11:30:00,2,0.20058817439828536,0.1306252209161402,0.6687866046855744,2
2025-05-26 11:35:00,0,0.21075272463797484,0.1325247057213973,0.6567225696406279,2
2025-05-26 11:40:00,0,0.1926084037743711,0.13637397365624038,0.6710176225693886,2
2025-05-26 11:45:00,0,0.1729580408066179,0.13258659576600793,0.6944553634273741,2
2025-05-26 11:50:00,2,0.14725683963307654,0.11831593049266519,0.7344272298742583,2
2025-05-26 11:55:00,2,0.1552238512731783,0.10368733195185974,0.741088816774962,2
2025-05-26 12:00:00,2,0.1434019870264142,0.0921111000471454,0.7644869129264404,2
2025-05-26 12:05:00,2,0.15535951385056113,0.1067151112696143,0.7379253748798246,2
2025-05-26 12:10:00,2,0.15330693300553572,0.09682600036700996,0.7498670666274543,2
2025-05-26 12:15:00,2,0.14563550454602078,0.10053510202688411,0.7538293934270952,2
2025-05-26 12:20:00,2,0.13584733693236845,0.11286944685934758,0.751283216208284,2
2025-05-26 12:25:00,1,0.1681669225461637,0.06588812840660527,0.7659449490472311,2
2025-05-26 12:30:00,1,0.16176294662321997,0.0754937100827302,0.7627433432940498,2
2025-05-26 12:35:00,1,0.15997258471964895,0.06567633785673656,0.7743510774236145,2
2025-05-26 12:40:00,2,0.20169657504708866,0.11879118008880828,0.6795122448641031,2
2025-05-26 12:45:00,2,0.17486800416760542,0.11432118698295493,0.7108108088494396,2
2025-05-26 12:50:00,0,0.19380699852694433,0.11598538255732252,0.6902076189157331,2
2025-05-26 12:55:00,2,0.17856968012508662,0.1267958150902485,0.6946345047846649,2
2025-05-26 13:00:00,2,0.12869512788037568,0.1124267491084848,0.7588781230111395,2
2025-05-26 13:05:00,2,0.12274818604139187,0.07913088658511942,0.7981209273734887,2
2025-05-26 13:10:00,2,0.004507800028114267,0.004495277688373858,0.9909969222835119,2
2025-05-26 13:15:00,2,0.004704615526075034,0.004487298024831642,0.9908080864490934,2
2025-05-26 13:20:00,2,0.008040418530890233,0.004652190961930084,0.9873073905071796,2
2025-05-26 13:25:00,2,0.006809164393663416,0.0044427258984553256,0.9887481097078813,2
2025-05-26 13:30:00,2,0.004720221326737945,0.004486665306344716,0.9907931133669173,2
2025-05-26 13:35:00,2,0.004484748948118666,0.004496212583959793,0.9910190384679216,2
2025-05-26 13:40:00,2,0.00477306507307797,0.01161638290331652,0.9836105520236055,2
2025-05-26 13:45:00,2,0.004536367508120709,0.010456906838189128,0.9850067256536902,2
2025-05-26 13:50:00,2,0.004769614656580072,0.010994571323528466,0.9842358140198915,2
2025-05-26 13:55:00,2,0.0044983190121730575,0.00449566208551212,0.9910060189023149,2
2025-05-26 14:00:00,2,0.004495684778153415,0.004495768885605961,0.9910085463362406,2
2025-05-26 14:05:00,2,0.004484748975105481,0.0044962123263847025,0.9910190386985098,2
2025-05-26 14:10:00,2,0.004773065072335543,0.011616382903394486,0.98361055202427,2
2025-05-26 14:15:00,2,0.004484666467766916,0.0044982519313407215,0.9910170816008924,2
2025-05-26 14:20:00,2,0.0044847489635478875,0.004496212265781763,0.9910190387706703,2
2025-05-26 14:25:00,2,0.004484749044325037,0.004496212262506742,0.9910190386931682,2
2025-05-26 14:30:00,2,0.0044690297128378124,0.004884872725313287,0.990646097561849,2
2025-05-26 14:35:00,2,0.004484748961018074,0.00449621226617915,0.9910190387728027,2
2025-05-26 14:40:00,2,0.0044847489610290465,0.004496212266114629,0.9910190387728564,2
2025-05-26 14:45:00,2,0.0044847490097579224,0.004496212263908222,0.9910190387263339,2
2025-05-26 14:50:00,2,0.00448474896094483,0.0044962122668342685,0.9910190387722209,2
2025-05-26 14:55:00,2,0.0047715379952648984,0.011649581363027196,0.983578880641708,2
2025-05-26 15:00:00,2,0.004614916385255327,0.010637972038257082,0.9847471115764876,2
2025-05-26 15:05:00,2,0.004484746790868311,0.004496265922255347,0.9910189872868763,2
2025-05-26 15:10:00,2,0.004534729106376368,0.010348444928930457,0.9851168259646932,2
2025-05-26 15:15:00,2,0.004483913481154915,0.004516870242996327,0.9909992162758487,2
2025-05-26 15:20:00,2,0.004463195343852515,0.005029128401282839,0.9905076762548647,2
2025-05-26 15:25:00,2,0.004484748912893341,0.004496213470665908,0.9910190376164407,2
2025-05-27 09:15:00,2,0.16040552358417853,0.004742135607013836,0.8348523408088077,2
2025-05-27 09:20:00,2,0.18270676714358913,0.004768178232735011,0.8125250546236759,2
2025-05-27 09:25:00,2,0.1057924366300153,0.00505245373762764,0.8891551096323571,2
2025-05-27 09:30:00,2,0.13813900525428063,0.00779628901383822,0.8540647057318811,2
2025-05-27 09:35:00,2,0.11525557519901684,0.019012605881666998,0.8657318189193162,2
2025-05-27 09:40:00,2,0.011856058115551566,0.017149284233549653,0.9709946576508989,2
2025-05-27 09:45:00,2,0.011659799356339748,0.011445815438509767,0.9768943852051506,2
2025-05-27 09:50:00,2,0.01169231459016566,0.01246319277648967,0.9758444926333447,2
2025-05-27 09:55:00,2,0.011784907129739416,0.011386560047884778,0.9768285328223758,2
2025-05-27 10:00:00,2,0.011046636937501384,0.013547208667019486,0.9754061543954792,2
2025-05-27 10:05:00,2,0.015881279500005487,0.018149358974573454,0.965969361525421,2
2025-05-27 10:10:00,2,0.012452883376632348,0.22158951541588548,0.765957601207482,2
2025-05-27 10:15:00,2,0.01234974497422209,0.220746012382275,0.766904242643503,2
2025-05-27 10:20:00,2,0.01006358588158462,0.20351192282630698,0.7864244912921083,2
2025-05-27 10:25:00,2,0.011415720355350932,0.2147402951101824,0.7738439845344667,2
2025-05-27 10:30:00,2,0.07233837155815441,0.1630921556819175,0.7645694727599281,2
2025-05-27 10:35:00,2,0.13707378421425692,0.23952772301913236,0.6233984927666107,2
2025-05-27 10:40:00,2,0.18253563947494894,0.2264941035423268,0.5909702569827243,2
2025-05-27 10:45:00,0,0.1724773434421984,0.21407849149648242,0.6134441650613192,2
2025-05-27 10:50:00,0,0.1747593545547954,0.20961189643429481,0.6156287490109098,2
2025-05-27 10:55:00,0,0.16543612035789496,0.21919926398881817,0.6153646156532868,2
2025-05-27 11:00:00,0,0.25415951794551217,0.011896682716005611,0.7339437993384822,2
2025-05-27 11:05:00,0,0.3479343489319332,0.011998084071095481,0.6400675669969713,0
2025-05-27 11:10:00,0,0.3177552452263895,0.010912741223517196,0.6713320135500934,2
2025-05-27 11:15:00,0,0.31359946367932695,0.005204261620693464,0.6811962746999796,2
2025-05-27 11:20:00,0,0.27545848998001965,0.0050700016394663846,0.719471508380514,2
2025-05-27 11:25:00,2,0.26591187495547897,0.004982700263002254,0.7291054247815187,2
2025-05-27 11:30:00,2,0.28659274887298475,0.004976806811612071,0.7084304443154031,2
2025-05-27 11:35:00,2,0.3881391310813462,0.012364621621719864,0.5994962472969341,0
2025-05-27 11:40:00,2,0.35339094450057346,0.2625741697181375,0.3840348857812891,0
2025-05-27 11:45:00,0,0.4300085742330579,0.31369553958360147,0.2562958861833407,0
2025-05-27 11:50:00,2,0.3095541689764793,0.23493266456279882,0.4555131664607219,2
2025-05-27 11:55:00,2,0.27034978785657243,0.2097889995004481,0.5198612126429795,2
2025-05-27 12:00:00,2,0.2612845216336751,0.19650544352085358,0.5422100348454713,2
2025-05-27 12:05:00,1,0.2566439717003475,0.19781754073860758,0.545538487561045,2
2025-05-27 12:10:00,1,0.25697167231915835,0.19005156210595042,0.5529767655748912,2
2025-05-27 12:15:00,1,0.28575754971089895,0.1950397334270936,0.5192027168620075,2
2025-05-27 12:20:00,1,0.2839127418749416,0.2088532703891599,0.5072339877358985,2
2025-05-27 12:25:00,2,0.030472215279650036,0.022397331210049297,0.9471304535103007,2
2025-05-27 12:30:00,1,0.27499434996623745,0.20500954783828412,0.5199961021954785,2
2025-05-27 12:35:00,2,0.26300705015294723,0.19686314018108297,0.5401298096659699,2
2025-05-27 12:40:00,1,0.2615259599639163,0.1940275516123141,0.5444464884237696,2
2025-05-27 12:45:00,1,0.2620138330994307,0.19136191028240013,0.5466242566181692,2
2025-05-27 12:50:00,1,0.24747933161212232,0.20045662376489243,0.5520640446229853,2
2025-05-27 12:55:00,2,0.012522280578961391,0.017924888624597235,0.9695528307964414,2
2025-05-27 13:00:00,2,0.011781018942443454,0.011930112739387325,0.9762888683181692,2
2025-05-27 13:05:00,2,0.23813550234558567,0.2068160875379028,0.5550484101165116,2
2025-05-27 13:10:00,2,0.1996516626235258,0.22770948574688554,0.5726388516295886,2
2025-05-27 13:15:00,2,0.22810911663829594,0.20480042541167667,0.5670904579500274,2
2025-05-27 13:20:00,2,0.0361168235324819,0.02387393145617059,0.9400092450113475,2
2025-05-27 13:25:00,2,0.23130679538252563,0.1943307987172299,0.5743624059002446,2
2025-05-27 13:30:00,2,0.2201392233817997,0.20010207718170042,0.5797586994364998,2
2025-05-27 13:35:00,2,0.10999092819145966,0.1418350025070716,0.7481740693014687,2
2025-05-27 13:40:00,1,0.11324015298988938,0.14957457186707684,0.7371852751430339,2
2025-05-27 13:45:00,1,0.1290211603102777,0.16599467843117174,0.7049841612585506,2
2025-05-27 13:50:00,1,0.15253921657662767,0.152093369710537,0.6953674137128354,2
2025-05-27 13:55:00,2,0.13560612337579725,0.011690473508742829,0.8527034031154599,2
2025-05-27 14:00:00,2,0.10685283852953506,0.01601738276154171,0.8771297787089232,2
2025-05-27 14:05:00,2,0.11807259357441435,0.01466248868689878,0.8672649177386869,2
2025-05-27 14:10:00,2,0.010631432305743005,0.013600341161671862,0.9757682265325851,2
2025-05-27 14:15:00,2,0.009448311811975082,0.011485906590153389,0.9790657815978715,2
2025-05-27 14:20:00,2,0.012141478975771143,0.01669984699618451,0.9711586740280443,2
2025-05-27 14:25:00,2,0.011988508350206865,0.013346422621264339,0.9746650690285288,2
2025-05-27 14:30:00,0,0.1304984351798877,0.17608138912315777,0.6934201756969546,2
2025-05-27 14:35:00,2,0.11821630532893888,0.17392960966435314,0.707854085006708,2
2025-05-27 14:40:00,0,0.09420899651251186,0.1779156633376841,0.7278753401498042,2
2025-05-27 14:45:00,2,0.0929989869105709,0.18980297493066756,0.7171980381587616,2
2025-05-27 14:50:00,0,0.096893118131223,0.16526865320211995,0.737838228666657,2
2025-05-27 14:55:00,2,0.09784255480370958,0.16066982953671213,0.7414876156595783,2
2025-05-27 15:00:00,2,0.07779474111747187,0.11921508561923451,0.8029901732632936,2
2025-05-27 15:05:00,2,0.01561364586906537,0.01194798894178638,0.9724383651891483,2
2025-05-27 15:10:00,2,0.09721073968401989,0.11694388925289177,0.7858453710630883,2
2025-05-27 15:15:00,2,0.1022387497872867,0.12617427908453507,0.7715869711281782,2
2025-05-27 15:20:00,2,0.11248458507884089,0.11476928899342949,0.7727461259277296,2
2025-05-27 15:25:00,2,0.11544743972088037,0.12335304185656393,0.7611995184225557,2
2025-05-28 09:15:00,1,0.173127978111795,0.15583361472710075,0.6710384071611043,2
2025-05-28 09:20:00,2,0.18050369262348703,0.15702536164038683,0.6624709457361262,2
2025-05-28 09:25:00,2,0.21969758547029267,0.10532776397587335,0.674974650553834,2
2025-05-28 09:30:00,2,0.17081177357143557,0.10275949194426333,0.7264287344843011,2
2025-05-28 09:35:00,2,0.20447278710467023,0.1430724631463948,0.652454749748935,2
2025-05-28 09:40:00,2,0.16051725431768774,0.14966620597309516,0.6898165397092172,2
2025-05-28 09:45:00,2,0.1947312015621247,0.14756065702205776,0.6577081414158176,2
2025-05-28 09:50:00,2,0.19293313414310867,0.14490198753338457,0.6621648783235068,2
2025-05-28 09:55:00,2,0.17333903652044674,0.1513775867175019,0.6752833767620514,2
2025-05-28 10:00:00,2,0.16970970804776297,0.14839252145126813,0.6818977705009689,2
2025-05-28 10:05:00,2,0.12257389414750108,0.11855162880868676,0.7588744770438122,2
2025-05-28 10:10:00,2,0.10103326180929179,0.11212762971184809,0.7868391084788601,2
2025-05-28 10:15:00,2,0.12115031263658607,0.11964354973496688,0.759206137628447,2
2025-05-28 10:20:00,2,0.1044662832472537,0.1062599247975047,0.7892737919552416,2
2025-05-28 10:25:00,2,0.08396589025414483,0.0938198285916716,0.8222142811541836,2
2025-05-28 10:30:00,2,0.08591912992124376,0.08138162640326409,0.8326992436754921,2
2025-05-28 10:35:00,0,0.19647866844913126,0.14847346220845553,0.6550478693424133,2
2025-05-28 10:40:00,0,0.1800430737562193,0.14766074753318825,0.6722961787105924,2
2025-05-28 10:45:00,2,0.2125556924933742,0.14657987751113913,0.6408644299954868,2
2025-05-28 10:50:00,2,0.19161715912295368,0.14333787269393286,0.6650449681831134,2
2025-05-28 10:55:00,2,0.20139883513359974,0.13234772858164906,0.6662534362847512,2
2025-05-28 11:00:00,1,0.18980952436020976,0.11731058942002923,0.692879886219761,2
2025-05-28 11:05:00,1,0.18632822125818393,0.13839452970926602,0.67527724903255,2
2025-05-28 11:10:00,2,0.18706526509262983,0.15377188635595002,0.6591628485514203,2
2025-05-28 11:15:00,2,0.18115094427497314,0.1543237629727245,0.6645252927523023,2
2025-05-28 11:20:00,2,0.19334619403576475,0.16886499473448915,0.6377888112297461,2
2025-05-28 11:25:00,2,0.17767311751069922,0.1629254494081178,0.659401433081183,2
2025-05-28 11:30:00,2,0.17343324444362632,0.16172151041440205,0.6648452451419716,2
2025-05-28 11:35:00,0,0.14703982495857543,0.1472054843778993,0.7057546906635254,2
2025-05-28 11:40:00,2,0.12913480285973608,0.14949859946965582,0.7213665976706081,2
2025-05-28 11:45:00,2,0.10103179229787874,0.14417985235668743,0.7547883553454339,2
2025-05-28 11:50:00,2,0.11654740714667988,0.10787837964395977,0.7755742132093604,2
2025-05-28 11:55:00,2,0.009431914696590632,0.010597915635642385,0.979970169667767,2
2025-05-28 12:00:00,2,0.009947523944408869,0.0048697304816707745,0.9851827455739204,2
2025-05-28 12:05:00,2,0.01015643432883995,0.009653131585626406,0.9801904340855336,2
2025-05-28 12:10:00,2,0.008666367202964403,0.004713349588327229,0.9866202832087083,2
2025-05-28 12:15:00,2,0.004489435566392248,0.004496022254037854,0.9910145421795699,2
2025-05-28 12:20:00,2,0.008664384238462485,0.004738671897697121,0.9865969438638404,2
2025-05-28 12:25:00,2,0.0045422315390087785,0.009153366392632083,0.9863044020683591,2
2025-05-28 12:30:00,2,0.004978372845946051,0.013126889794557988,0.981894737359496,2
2025-05-28 12:35:00,2,0.004894300052304292,0.012658506713833348,0.9824471932338623,2
2025-05-28 12:40:00,2,0.005227879800082841,0.018729311275815747,0.9760428089241013,2
2025-05-28 12:45:00,2,0.005330597811768063,0.029445148280260527,0.9652242539079714,2
2025-05-28 12:50:00,2,0.005375740839705016,0.03827436201867782,0.9563498971416171,2
2025-05-28 12:55:00,2,0.13322526033448845,0.09966405793361097,0.7671106817319007,2
2025-05-28 13:00:00,1,0.01955839902676378,0.08616244125686917,0.8942791597163671,2
2025-05-28 13:05:00,1,0.11929000293742316,0.10583615694094395,0.7748738401216329,2
2025-05-28 13:10:00,2,0.14021389305864546,0.10959497242328058,0.7501911345180741,2
2025-05-28 13:15:00,2,0.1401142098918639,0.13181031332698415,0.7280754767811519,2
2025-05-28 13:20:00,2,0.14942339459710452,0.11671791980067857,0.7338586856022169,2
2025-05-28 13:25:00,2,0.1228148607457059,0.12667792519348528,0.7505072140608089,2
2025-05-28 13:30:00,2,0.12662760631441705,0.12488541089253526,0.7484869827930477,2
2025-05-28 13:35:00,2,0.09258415953999305,0.08640026502890104,0.8210155754311059,2
2025-05-28 13:40:00,2,0.08307172915789449,0.08519363339856197,0.8317346374435435,2
2025-05-28 13:45:00,2,0.08815002431507332,0.08695960067794711,0.8248903750069796,2
2025-05-28 13:50:00,2,0.07705757775107022,0.08219027120346425,0.8407521510454655,2
2025-05-28 13:55:00,2,0.07300312935829706,0.08419812105798843,0.8427987495837145,2
2025-05-28 14:00:00,2,0.06585651544810338,0.07329591501404327,0.8608475695378534,2
2025-05-28 14:05:00,2,0.07434490259923261,0.08163304318994444,0.8440220542108229,2
2025-05-28 14:10:00,2,0.07065353527224313,0.07584900584521954,0.8534974588825373,2
2025-05-28 14:15:00,2,0.06892371654274257,0.07187639418515207,0.8591998892721053,2
2025-05-28 14:20:00,2,0.08590729113832009,0.07122391206280257,0.8428687967988773,2
2025-05-28 14:25:00,2,0.08132916716335402,0.07753769041716042,0.8411331424194856,2
2025-05-28 14:30:00,2,0.0770206675065384,0.07043281929391411,0.8525465131995476,2
2025-05-28 14:35:00,2,0.08851668133190929,0.1000416081533452,0.8114417105147456,2
2025-05-28 14:40:00,2,0.05869943705027799,0.07259808402722165,0.8687024789225004,2
2025-05-28 14:45:00,2,0.07213824741253182,0.06435343399504893,0.8635083185924193,2
2025-05-28 14:50:00,2,0.08523233070800428,0.06777266901055307,0.8469950002814426,2
2025-05-28 14:55:00,2,0.08030483946079758,0.05439392698621879,0.8653012335529836,2
2025-05-28 15:00:00,2,0.0738598272746614,0.01422470751064604,0.9119154652146926,2
2025-05-28 15:05:00,2,0.07551004086789047,0.08088003840999954,0.84360992072211,2
2025-05-28 15:10:00,2,0.07011627821501779,0.012974118855485823,0.9169096029294964,2
2025-05-28 15:15:00,2,0.05733302924123902,0.01297660076844184,0.9296903699903192,2
2025-05-28 15:20:00,2,0.05539331352192329,0.01419955052792674,0.93040713595015,2
2025-05-28 15:25:00,2,0.0574303545820721,0.06209138661627225,0.8804782588016556,2
2025-05-29 09:15:00,2,0.0052262269916562324,0.05614535087069975,0.938628422137644,2
2025-05-29 09:20:00,2,0.13150128750585938,0.18965411730771553,0.678844595186425,2
2025-05-29 09:25:00,2,0.07985440875011691,0.1661521967388655,0.7539933945110177,2
2025-05-29 09:30:00,2,0.07492142443317416,0.18576099936702714,0.7393175761997987,2
2025-05-29 09:35:00,2,0.06464737985593066,0.1939831781509413,0.741369441993128,2
2025-05-29 09:40:00,2,0.057845459228738016,0.17451593146499997,0.767638609306262,2
2025-05-29 09:45:00,2,0.06381087416852158,0.15487062674687974,0.7813184990845987,2
2025-05-29 09:50:00,2,0.06518603529958325,0.15634889300659077,0.778465071693826,2
2025-05-29 09:55:00,2,0.06009245124204811,0.1340080446653112,0.8058995040926407,2
2025-05-29 10:00:00,2,0.06306660930355104,0.15406761689486204,0.782865773801587,2
2025-05-29 10:05:00,2,0.05956868423518328,0.1510046004261917,0.7894267153386251,2
2025-05-29 10:10:00,2,0.06121126799197616,0.13230519872426036,0.8064835332837635,2
2025-05-29 10:15:00,2,0.0608396653704079,0.10898067048065736,0.8301796641489347,2
2025-05-29 10:20:00,1,0.051956482497031276,0.08853310689065123,0.8595104106123175,2
2025-05-29 10:25:00,2,0.06640742215564926,0.09155272950189478,0.8420398483424559,2
2025-05-29 10:30:00,2,0.06158404664593136,0.07947476155520805,0.8589411917988605,2
2025-05-29 10:35:00,2,0.015909981354019543,0.012903594600190827,0.9711864240457896,2
2025-05-29 10:40:00,2,0.012061953126182016,0.013296970926584675,0.9746410759472334,2
2025-05-29 10:45:00,1,0.1622715930084356,0.16989724713007132,0.6678311598614932,2
2025-05-29 10:50:00,1,0.13840092177121388,0.16235696810581624,0.6992421101229699,2
2025-05-29 10:55:00,2,0.17151257153258992,0.128380277190319,0.7001071512770911,2
2025-05-29 11:00:00,2,0.011692314590165658,0.012333145600558724,0.9759745398092756,2
2025-05-29 11:05:00,2,0.167105057656027,0.16988058486335905,0.663014357480614,2
2025-05-29 11:10:00,2,0.16887846777447915,0.15642427749301316,0.6746972547325076,2
2025-05-29 11:15:00,2,0.016033158109884156,0.012108645570315057,0.9718581963198007,2
2025-05-29 11:20:00,2,0.16370547482678008,0.16526735445276858,0.6710271707204514,2
2025-05-29 11:25:00,2,0.15123529813174635,0.17589960870237548,0.6728650931658782,2
2025-05-29 11:30:00,2,0.1423299942692145,0.1524327964583764,0.7052372092724091,2
2025-05-29 11:35:00,2,0.13331711580117844,0.1664449837566974,0.7002379004421242,2
2025-05-29 11:40:00,2,0.1719535384160823,0.15155009739891406,0.6764963641850036,2
2025-05-29 11:45:00,2,0.14785819804616107,0.14941576994650468,0.7027260320073343,2
2025-05-29 11:50:00,2,0.11633553705338753,0.14931867145510072,0.7343457914915117,2
2025-05-29 11:55:00,2,0.008622373848731905,0.005275141453492738,0.9861024846977754,2
2025-05-29 12:00:00,2,0.004650122646461117,0.010337672075708508,0.9850122052778304,2
2025-05-29 12:05:00,2,0.00491823622814088,0.004488648067329103,0.99059311570453,2
2025-05-29 12:10:00,2,0.010619685319426092,0.0048306613166498825,0.984549653363924,2
2025-05-29 12:15:00,2,0.012647154636034634,0.0050049961451832286,0.9823478492187822,2
2025-05-29 12:20:00,2,0.00871944891397931,0.004742135607013836,0.9865384154790069,2
2025-05-29 12:25:00,2,0.008236958268121998,0.010196869784330013,0.981566171947548,2
2025-05-29 12:30:00,2,0.005234610571399058,0.010578457276125003,0.984186932152476,2
2025-05-29 12:35:00,0,0.08556045105695169,0.004950991384522592,0.9094885575585258,2
2025-05-29 12:40:00,2,0.010895338220015783,0.004959438887987999,0.9841452228919962,2
2025-05-29 12:45:00,2,0.009440598700042468,0.010501440291454231,0.9800579610085033,2
2025-05-29 12:50:00,2,0.009217288596647626,0.01055248544687206,0.9802302259564803,2
2025-05-29 12:55:00,2,0.008353271087101703,0.012653312464690852,0.9789934164482075,2
2025-05-29 13:00:00,2,0.005109032545009718,0.011581098961596273,0.9833098684933941,2
2025-05-29 13:05:00,2,0.008710606445958115,0.011536566880209355,0.9797528266738326,2
2025-05-29 13:10:00,2,0.0050711253582384815,0.014020999252369276,0.9809078753893923,2
2025-05-29 13:15:00,2,0.008229600994495231,0.010290821621952316,0.9814795773835524,2
2025-05-29 13:20:00,2,0.00953367294559779,0.011961190520133204,0.978505136534269,2
2025-05-29 13:25:00,2,0.008789855765724169,0.012045244006694641,0.9791649002275812,2
2025-05-29 13:30:00,2,0.00850211343695131,0.011224751164724822,0.9802731353983238,2
2025-05-29 13:35:00,2,0.008499484979547773,0.011256951800340718,0.9802435632201115,2
2025-05-29 13:40:00,2,0.005656140081801073,0.010603975130779139,0.9837398847874198,2
2025-05-29 13:45:00,2,0.010599777231195385,0.005037905695087769,0.9843623170737168,2
2025-05-29 13:50:00,2,0.009946324826431971,0.0048830521391510905,0.9851706230344169,2
2025-05-29 13:55:00,2,0.009626312534904388,0.005900589355415176,0.9844730981096804,2
2025-05-29 14:00:00,2,0.01722433198029982,0.005251364065592451,0.9775243039541077,2
2025-05-29 14:05:00,2,0.009719449595531173,0.004841326344682597,0.9854392240597862,2
2025-05-29 14:10:00,2,0.011320066951434388,0.0049360637708922685,0.9837438692776733,2
2025-05-29 14:15:00,2,0.008040418535437606,0.004652190899305128,0.9873073905652573,2
2025-05-29 14:20:00,2,0.004959510569601915,0.00453000062202419,0.9905104888083739,2
2025-05-29 14:25:00,2,0.004491727782203613,0.004691182947419055,0.9908170892703774,2
2025-05-29 14:30:00,2,0.008011771445848609,0.004897476806465285,0.9870907517476861,2
2025-05-29 14:35:00,2,0.004936021610213859,0.00447791595405711,0.990586062435729,2
2025-05-29 14:40:00,2,0.004490825484642094,0.004529931641766764,0.9909792428735912,2
2025-05-29 14:45:00,2,0.00698191692046991,0.00455544048156219,0.9884626425979679,2
2025-05-29 14:50:00,2,0.006953567589003352,0.004537227106526237,0.9885092053044704,2
2025-05-29 14:55:00,2,0.004615111473313995,0.010637953302210072,0.984746935224476,2
2025-05-29 15:00:00,2,0.004940436580919202,0.045420954126328274,0.9496386092927526,2
2025-05-29 15:05:00,2,0.004973135738080955,0.08267949501767352,0.9123473692442455,2
2025-05-29 15:10:00,2,0.005079343354734716,0.030969010603990786,0.9639516460412745,2
2025-05-29 15:15:00,2,0.005215494069574287,0.02740609476999169,0.967378411160434,2
2025-05-29 15:20:00,2,0.005118642627727236,0.029353614328787945,0.9655277430434849,2
2025-05-29 15:25:00,2,0.004798061863788484,0.013790387233415996,0.9814115509027955,2
2025-05-30 09:15:00,2,0.12002304388412645,0.12543528341323976,0.7545416727026338,2
2025-05-30 09:20:00,1,0.11589847947161509,0.07638504970432947,0.8077164708240554,2
2025-05-30 09:25:00,2,0.09326331598527002,0.0868499549603533,0.8198867290543767,2
2025-05-30 09:30:00,2,0.13562530664259026,0.10770024701809125,0.7566744463393185,2
2025-05-30 09:35:00,2,0.10391719933232244,0.09845134725262734,0.7976314534150503,2
2025-05-30 09:40:00,2,0.09059349417847769,0.10238075394809673,0.8070257518734256,2
2025-05-30 09:45:00,2,0.11797676797113466,0.10145685437395495,0.7805663776549104,2
2025-05-30 09:50:00,2,0.08963516008328716,0.09794966131870655,0.8124151785980063,2
2025-05-30 09:55:00,2,0.06645780075335687,0.07539337785850046,0.8581488213881427,2
2025-05-30 10:00:00,2,0.0842731101461602,0.1012607343222549,0.814466155531585,2
2025-05-30 10:05:00,1,0.06814752898546275,0.07027341742569465,0.8615790535888426,2
2025-05-30 10:10:00,2,0.00802999561418464,0.004646160043424717,0.9873238443423906,2
2025-05-30 10:15:00,2,0.011086829262053611,0.004956195089002401,0.983956975648944,2
2025-05-30 10:20:00,2,0.023005750612377838,0.004950991384522591,0.9720432580030995,2
2025-05-30 10:25:00,2,0.009948253885381949,0.004861621168149004,0.9851901249464691,2
2025-05-30 10:30:00,2,0.023088515722679784,0.004830661073754098,0.9720808232035661,2
2025-05-30 10:35:00,2,0.05002114270754148,0.004893416294550528,0.945085440997908,2
2025-05-30 10:40:00,2,0.10074142974100989,0.014391378827580386,0.8848671914314098,2
2025-05-30 10:45:00,0,0.1196475989948299,0.012846650018974871,0.8675057509861952,2
2025-05-30 10:50:00,2,0.13343478519457858,0.13636267936206384,0.7302025354433576,2
2025-05-30 10:55:00,2,0.138028441725419,0.12314621169673566,0.7388253465778453,2
2025-05-30 11:00:00,2,0.15027743081244874,0.1206367912011941,0.7290857779863572,2
2025-05-30 11:05:00,2,0.17886335139401874,0.1001736333210028,0.7209630152849785,2
2025-05-30 11:10:00,2,0.1849862523897347,0.1185943895075156,0.6964193581027497,2
2025-05-30 11:15:00,2,0.16263818013996445,0.11563763776006626,0.7217241820999694,2
2025-05-30 11:20:00,2,0.14531179654710719,0.12476803440335234,0.7299201690495405,2
2025-05-30 11:25:00,2,0.00477170260683219,0.010994363787335378,0.9842339336058324,2
2025-05-30 11:30:00,2,0.008277446674210608,0.010350650932712506,0.9813719023930769,2
2025-05-30 11:35:00,2,0.009948240460708859,0.004861770310185158,0.985189989229106,2
2025-05-30 11:40:00,2,0.010895658283393367,0.0049561950890397045,0.9841481466275669,2
2025-05-30 11:45:00,2,0.008666328026490018,0.004713849868994619,0.9866198221045154,2
2025-05-30 11:50:00,2,0.004553356799665695,0.00926289052188815,0.9861837526784462,2
2025-05-30 11:55:00,2,0.009948250936718356,0.004861653926465612,0.985190095136816,2
2025-05-30 12:00:00,2,0.00871944891397931,0.004742135607013836,0.9865384154790069,2
2025-05-30 12:05:00,2,0.009719597422446135,0.004839645085021299,0.9854407574925326,2
2025-05-30 12:10:00,2,0.009719597422445894,0.004839645085024022,0.9854407574925301,2
2025-05-30 12:15:00,2,0.009934772702866057,0.0050113909984464905,0.9850538362986875,2
2025-05-30 12:20:00,2,0.009719584299668549,0.00483979433251525,0.9854406213678162,2
2025-05-30 12:25:00,2,0.008665878270597628,0.004719593218326937,0.9866145285110755,2
2025-05-30 12:30:00,2,0.012219176596823037,0.004893415603842532,0.9828874077993345,2
2025-05-30 12:35:00,2,0.011566417713969405,0.004924378416096018,0.9835092038699346,2
2025-05-30 12:40:00,2,0.12029215693863472,0.10081246417728651,0.7788953788840788,2
2025-05-30 12:45:00,2,0.12446166130833491,0.09947036524028512,0.7760679734513799,2
2025-05-30 12:50:00,2,0.10430897345226922,0.08479438380147389,0.8108966427462568,2
2025-05-30 12:55:00,2,0.00787856187622586,0.004558807519173828,0.9875626306046003,2
2025-05-30 13:00:00,2,0.008345761488687967,0.009483812148888705,0.9821704263624234,2
2025-05-30 13:05:00,2,0.0076375010695090865,0.010058777873777517,0.9823037210567134,2
2025-05-30 13:10:00,2,0.004558778229636085,0.004493244537012346,0.9909479772333516,2
2025-05-30 13:15:00,2,0.008484470579266984,0.007036155959358086,0.9844793734613749,2
2025-05-30 13:20:00,2,0.008666360816055879,0.004713431148674609,0.9866202080352695,2
2025-05-30 13:25:00,2,0.009431914696590632,0.010597915635642385,0.979970169667767,2
2025-05-30 13:30:00,2,0.008051167364165772,0.01096253578291797,0.9809862968529163,2
2025-05-30 13:35:00,2,0.004644326756844992,0.010701757206282955,0.984653916036872,2
2025-05-30 13:40:00,2,0.007875972582053543,0.006916886983035793,0.9852071404349106,2
2025-05-30 13:45:00,2,0.009707922037576247,0.0049724311451086,0.9853196468173151,2
2025-05-30 13:50:00,2,0.007915948729878516,0.006218900882413387,0.9858651503877081,2
2025-05-30 13:55:00,2,0.004778325754931503,0.01304406199579401,0.9821776122492745,2
2025-05-30 14:00:00,2,0.004495506380301667,0.004495805729403681,0.9910086878902946,2
2025-05-30 14:05:00,2,0.009629872304674103,0.008398696291657301,0.9819714314036686,2
2025-05-30 14:10:00,2,0.009563416053329225,0.004761878243187162,0.9856747057034836,2
2025-05-30 14:15:00,2,0.008666373424801846,0.004713270135925457,0.9866203564392727,2
2025-05-30 14:20:00,2,0.004489705481156708,0.004496011309384279,0.9910142832094591,2
2025-05-30 14:25:00,2,0.004484888981931476,0.004496206592173453,0.991018904425895,2
2025-05-30 14:30:00,2,0.004489953072726122,0.004496001320023317,0.9910140456072506,2
2025-05-30 14:35:00,2,0.0069535846746952975,0.004536954748015064,0.9885094605772896,2
2025-05-30 14:40:00,2,0.06380113764654212,0.1035711098225775,0.8326277525308804,2
2025-05-30 14:45:00,2,0.06554890721280422,0.0798955493448351,0.8545555434423607,2
2025-05-30 14:50:00,2,0.07067612440626403,0.07695145643360113,0.852372419160135,2
2025-05-30 14:55:00,2,0.0077020929795648205,0.009311500208191556,0.9829864068122436,2
2025-05-30 15:00:00,2,0.020114988140462534,0.0050049961413813375,0.9748800157181561,2
2025-05-30 15:05:00,2,0.008666373426232736,0.004713270117653079,0.9866203564561142,2
2025-05-30 15:10:00,2,0.009563416053293954,0.0047618782435952115,0.9856747057031109,2
2025-05-30 15:15:00,2,0.010264965653263892,0.0048470174046498825,0.9848880169420863,2
2025-05-30 15:20:00,2,0.010619685342758858,0.004830661073754456,0.9845496535834867,2
2025-05-30 15:25:00,2,0.012378797712663024,0.004986461839302662,0.9826347404480343,2
2025-06-02 09:15:00,2,0.0740826646723597,0.004889920241441992,0.9210274150861983,2
2025-06-02 09:20:00,2,0.07374806731880026,0.004868107330349956,0.9213838253508498,2
2025-06-02 09:25:00,2,0.008666373420203495,0.004742392964154532,0.9865912336156419,2
2025-06-02 09:30:00,2,0.00802999561418464,0.004675282812933314,0.987294721572882,2
2025-06-02 09:35:00,2,0.00850211343695131,0.011429419702549104,0.9800684668604995,2
2025-06-02 09:40:00,2,0.00959413229049535,0.016230007860422172,0.9741758598490825,2
2025-06-02 09:45:00,2,0.07839015963970873,0.13738915729846565,0.7842206830618257,2
2025-06-02 09:50:00,2,0.0776718203838084,0.11552366090780869,0.8068045187083829,2
2025-06-02 09:55:00,2,0.08583287083111975,0.156589503097177,0.7575776260717033,2
2025-06-02 10:00:00,2,0.10345676684926797,0.17978666183110087,0.7167565713196311,2
2025-06-02 10:05:00,2,0.05892291883948176,0.13749189436045256,0.8035851868000656,2
2025-06-02 10:10:00,2,0.06765175245541212,0.1471576736903689,0.7851905738542191,2
2025-06-02 10:15:00,2,0.06158335585120282,0.14468753962897687,0.7937291045198203,2
2025-06-02 10:20:00,0,0.08364206363284384,0.12443105168366701,0.7919268846834893,2
2025-06-02 10:25:00,2,0.055122593484398734,0.0979705423669926,0.8469068641486087,2
2025-06-02 10:30:00,0,0.05908790422395383,0.09141206353893208,0.8495000322371141,2
2025-06-02 10:35:00,2,0.1649414822966223,0.15920606106443852,0.6758524566389391,2
2025-06-02 10:40:00,2,0.14936929683314723,0.14730818197159135,0.7033225211952614,2
2025-06-02 10:45:00,2,0.16826830795966186,0.15213967902191816,0.6795920130184201,2
2025-06-02 10:50:00,2,0.19476932081625273,0.13318865619622627,0.672042022987521,2
2025-06-02 10:55:00,2,0.1786176896239962,0.1282120373504816,0.6931702730255223,2
2025-06-02 11:00:00,2,0.19107031096869484,0.12267689379431683,0.6862527952369883,2
2025-06-02 11:05:00,2,0.1770092227149983,0.1105197954053839,0.7124709818796178,2
2025-06-02 11:10:00,2,0.19451353195786023,0.10179702082573601,0.7036894472164038,2
2025-06-02 11:15:00,2,0.202711863886586,0.11356123582729634,0.6837269002861177,2
2025-06-02 11:20:00,2,0.18999685457996002,0.11670240802409014,0.6933007373959499,2
2025-06-02 11:25:00,2,0.19687107269091142,0.11360252413515204,0.6895264031739365,2
2025-06-02 11:30:00,2,0.17970826675978763,0.10865324272786461,0.7116384905123477,2
2025-06-02 11:35:00,2,0.15816073380241638,0.12729486191040645,0.7145444042871772,2
2025-06-02 11:40:00,0,0.17303405670607708,0.12022407051980546,0.7067418727741175,2
2025-06-02 11:45:00,0,0.18456918758958488,0.09741950732748009,0.7180113050829351,2
2025-06-02 11:50:00,2,0.16073577526251515,0.10337180064986444,0.7358924240876203,2
2025-06-02 11:55:00,2,0.1561625948250112,0.0948304191163901,0.7490069860585987,2
2025-06-02 12:00:00,2,0.017175895380863154,0.012218785170389154,0.9706053194487477,2
2025-06-02 12:05:00,2,0.1721613486888242,0.09838902615086026,0.7294496251603155,2
2025-06-02 12:10:00,2,0.020812636745836655,0.013739861963576749,0.9654475012905867,2
2025-06-02 12:15:00,2,0.011867139523273198,0.012437990562628912,0.9756948699140979,2
2025-06-02 12:20:00,2,0.027326006161245704,0.011859878636133173,0.9608141152026212,2
2025-06-02 12:25:00,2,0.02718270451850585,0.012364842946864643,0.9604524525346295,2
2025-06-02 12:30:00,2,0.010241439450378061,0.010597915635642385,0.9791606449139796,2
2025-06-02 12:35:00,2,0.009514050832304978,0.009670299847540505,0.9808156493201545,2
2025-06-02 12:40:00,2,0.017342224111254224,0.011936397282269836,0.9707213786064759,2
2025-06-02 12:45:00,2,0.013848735737211874,0.011397682048943017,0.974753582213845,2
2025-06-02 12:50:00,2,0.014427823392985189,0.012479060233873653,0.9730931163731412,2
2025-06-02 12:55:00,2,0.23182218318825937,0.14619935429237652,0.6219784625193641,2
2025-06-02 13:00:00,2,0.25354935909892473,0.13278200273081658,0.6136686381702587,2
2025-06-02 13:05:00,2,0.2168584579343396,0.150614862050786,0.6325266800148743,2
2025-06-02 13:10:00,2,0.2081142080136204,0.13299892009485811,0.6588868718915215,2
2025-06-02 13:15:00,2,0.20358140985540812,0.11532903787253962,0.6810895522720523,2
2025-06-02 13:20:00,2,0.20162266250095556,0.08248394449029475,0.7158933930087497,2
2025-06-02 13:25:00,2,0.1896829119766104,0.10664857524658183,0.7036685127768078,2
2025-06-02 13:30:00,2,0.20266877574243825,0.10743992423348495,0.6898913000240768,2
2025-06-02 13:35:00,2,0.14624685546256685,0.05094455730304878,0.8028085872343844,2
2025-06-02 13:40:00,2,0.12346861467137692,0.04338311093808759,0.8331482743905355,2
2025-06-02 13:45:00,2,0.12143338009333435,0.04727799157662998,0.8312886283300357,2
2025-06-02 13:50:00,2,0.12220062262331141,0.04663386411447602,0.8311655132622127,2
2025-06-02 13:55:00,2,0.13705958901365092,0.08121726582573839,0.7817231451606107,2
2025-06-02 14:00:00,2,0.11309187355110073,0.06199638757174426,0.824911738877155,2
2025-06-02 14:05:00,2,0.1399606124519997,0.08722892407612835,0.7728104634718719,2
2025-06-02 14:10:00,2,0.12060498417371676,0.07860205542795023,0.800792960398333,2
2025-06-02 14:15:00,2,0.11044115377612308,0.0842261068352688,0.8053327393886082,2
2025-06-02 14:20:00,2,0.10785963238344792,0.08130316360488823,0.8108372040116638,2
2025-06-02 14:25:00,1,0.105599479908077,0.08075125614073678,0.8136492639511862,2
2025-06-02 14:30:00,2,0.11948991740997573,0.09817742680913281,0.7823326557808914,2
2025-06-02 14:35:00,2,0.10296792131293558,0.07319752546776293,0.8238345532193015,2
2025-06-02 14:40:00,0,0.10442070348025898,0.07937104235365952,0.8162082541660816,2
2025-06-02 14:45:00,0,0.10344688486628603,0.0910489369600483,0.8055041781736657,2
2025-06-02 14:50:00,0,0.09700832862756067,0.07093275658517689,0.8320589147872625,2
2025-06-02 14:55:00,2,0.10960679472076966,0.045294223247763915,0.8450989820314664,2
2025-06-02 15:00:00,2,0.008845992285542455,0.012595061350007073,0.9785589463644505,2
2025-06-02 15:05:00,2,0.009107487091260769,0.015291768395762777,0.9756007445129765,2
2025-06-02 15:10:00,2,0.16911578862210094,0.0590156020421789,0.7718686093357202,2
2025-06-02 15:15:00,2,0.1508077806718585,0.06030386973408491,0.7888883495940566,2
2025-06-02 15:20:00,2,0.12699884487271149,0.08813319174500743,0.7848679633822812,2
2025-06-02 15:25:00,2,0.14327692648762808,0.09585836002447423,0.7608647134878976,2
2025-06-03 09:15:00,1,0.19434196053000197,0.20144543970877654,0.6042125997612215,2
2025-06-03 09:20:00,2,0.1826592892807531,0.15033625208000445,0.6670044586392425,2
2025-06-03 09:25:00,2,0.013680932742547615,0.011610010035477951,0.9747090572219744,2
2025-06-03 09:30:00,2,0.012076449774474047,0.010060371473077957,0.9778631787524481,2
2025-06-03 09:35:00,2,0.21208997655050604,0.21226344792525803,0.5756465755242359,2
2025-06-03 09:40:00,2,0.17970300342266793,0.20589462391735633,0.6144023726599758,2
2025-06-03 09:45:00,2,0.16450668136919852,0.19731197708357967,0.6381813415472218,2
2025-06-03 09:50:00,2,0.18628622441809126,0.20597070160193723,0.6077430739799716,2
2025-06-03 09:55:00,2,0.18122808920793643,0.19605132651283236,0.6227205842792313,2
2025-06-03 10:00:00,0,0.15885412515170638,0.19453372042827038,0.6466121544200232,2
2025-06-03 10:05:00,0,0.07158508622752097,0.15069614783699276,0.7777187659354863,2
2025-06-03 10:10:00,0,0.0886511272647265,0.14162838992290575,0.7697204828123678,2
2025-06-03 10:15:00,2,0.10530524610141295,0.1365234349990581,0.7581713188995289,2
2025-06-03 10:20:00,2,0.010987796967837882,0.015009077301043481,0.9740031257311186,2
2025-06-03 10:25:00,1,0.13171574366421876,0.15111917731292437,0.7171650790228569,2
2025-06-03 10:30:00,1,0.09632058623339532,0.16027939726781623,0.7434000164987884,2
2025-06-03 10:35:00,2,0.25608874596141046,0.19236743082279212,0.5515438232157974,2
2025-06-03 10:40:00,2,0.24957176738644432,0.19045741618437226,0.5599708164291834,2
2025-06-03 10:45:00,2,0.23129462666616776,0.20656833789008816,0.5621370354437442,2
2025-06-03 10:50:00,1,0.22261467220839426,0.2012659611511073,0.5761193666404985,2
2025-06-03 10:55:00,1,0.23110793071199115,0.20945497792915238,0.5594370913588564,2
2025-06-03 11:00:00,1,0.22439485099442952,0.19387280136691776,0.5817323476386528,2
2025-06-03 11:05:00,1,0.2166768676932307,0.20158774477670793,0.5817353875300614,2
2025-06-03 11:10:00,0,0.1399968816623105,0.013299624427490995,0.8467034939101985,2
2025-06-03 11:15:00,0,0.21614632491864008,0.1977379403515091,0.5861157347298509,2
2025-06-03 11:20:00,2,0.19943735143206104,0.17956096178819583,0.6210016867797431,2
2025-06-03 11:25:00,1,0.19374415576837492,0.18882230318235566,0.6174335410492694,2
2025-06-03 11:30:00,1,0.16186364436658876,0.19891960824097854,0.6392167473924327,2
2025-06-03 11:35:00,2,0.21972966245131,0.1968754969675836,0.5833948405811065,2
2025-06-03 11:40:00,0,0.22976625968573688,0.19113526378640647,0.5790984765278567,2
2025-06-03 11:45:00,0,0.20041313436462943,0.20421850467766922,0.5953683609577013,2
2025-06-03 11:50:00,2,0.19672325119599895,0.20913886244679777,0.5941378863572032,2
2025-06-03 11:55:00,2,0.011659799356339748,0.011371152921375936,0.9769690477222843,2
2025-06-03 12:00:00,2,0.00850211343695131,0.011224751164724822,0.9802731353983238,2
2025-06-03 12:05:00,2,0.009217288596647626,0.01055248544687206,0.9802302259564803,2
2025-06-03 12:10:00,2,0.01072400437744013,0.010751649263956525,0.9785243463586033,2
2025-06-03 12:15:00,2,0.011309795016757886,0.00503628364192034,0.9836539213413218,2
2025-06-03 12:20:00,2,0.011320065842942428,0.004936074586081865,0.9837438595709758,2
2025-06-03 12:25:00,2,0.006950450834949341,0.004534910033798891,0.9885146391312518,2
2025-06-03 12:30:00,2,0.007174900573583442,0.011364137579285064,0.9814609618471315,2
2025-06-03 12:35:00,2,0.008710606445958115,0.011536566880209355,0.9797528266738326,2
2025-06-03 12:40:00,2,0.007420843911501952,0.012199946294575213,0.9803792097939228,2
2025-06-03 12:45:00,2,0.010815969211723104,0.009854378776825953,0.979329652011451,2
2025-06-03 12:50:00,2,0.0907657465287433,0.00471327011760418,0.9045209833536525,2
2025-06-03 12:55:00,2,0.08432000821740589,0.004861621168151635,0.9108183706144425,2
2025-06-03 13:00:00,2,0.009948253885311509,0.004861621168931573,0.985190124945757,2
2025-06-03 13:05:00,2,0.09216579915331627,0.0048475930702795555,0.9029866077764043,2
2025-06-03 13:10:00,2,0.009223688230583966,0.011148970010022722,0.9796273417593933,2
2025-06-03 13:15:00,2,0.00971769929991759,0.004861232742724814,0.9854210679573576,2
2025-06-03 13:20:00,2,0.01054837169012221,0.005573040424475734,0.9838785878854021,2
2025-06-03 13:25:00,2,0.009948253885146013,0.004861621170770176,0.9851901249440838,2
2025-06-03 13:30:00,2,0.008277446674210608,0.010350650932712506,0.9813719023930769,2
2025-06-03 13:35:00,2,0.00829712511731635,0.009428543590073876,0.9822743312926098,2
2025-06-03 13:40:00,2,0.011320066951371794,0.004936063771502953,0.9837438692771252,2
2025-06-03 13:45:00,2,0.009948253885100634,0.004861621171274373,0.985190124943625,2
2025-06-03 13:50:00,2,0.009693428734638816,0.005137265847875035,0.9851693054174862,2
2025-06-03 13:55:00,2,0.004450930744809186,0.00593222889275182,0.989616840362439,2
2025-06-03 14:00:00,2,0.00799221765921125,0.005167129405819992,0.9868406529349688,2
2025-06-03 14:05:00,2,0.008719440920182602,0.004742237039376282,0.9865383220404411,2
2025-06-03 14:10:00,2,0.00850211343695131,0.011224751164724822,0.9802731353983238,2
2025-06-03 14:15:00,2,0.00798809888696692,0.005223928513963599,0.9867879725990695,2
2025-06-03 14:20:00,2,0.0044876173853349265,0.009391452040102298,0.9861209305745628,2
2025-06-03 14:25:00,2,0.009687058066488743,0.007763388385076361,0.9825495535484349,2
2025-06-03 14:30:00,2,0.0067483828459701314,0.009199992123487957,0.9840516250305419,2
2025-06-03 14:35:00,2,0.009223688230583966,0.011148970010022722,0.9796273417593933,2
2025-06-03 14:40:00,2,0.0047450109489977355,0.01043722396260524,0.984817765088397,2
2025-06-03 14:45:00,2,0.006971991226507656,0.004712995012568005,0.9883150137609243,2
2025-06-03 14:50:00,2,0.008719390110078301,0.004742881762916086,0.9865377281270056,2
2025-06-03 14:55:00,2,0.004656507646584607,0.004489248506458274,0.9908542438469571,2
2025-06-03 15:00:00,2,0.010264965640721994,0.004847017539703449,0.9848880168195746,2
2025-06-03 15:05:00,2,0.01061968534275888,0.0048306610737541555,0.984549653583487,2
2025-06-03 15:10:00,2,0.015694447364508934,0.004761878243186042,0.979543674392305,2
2025-06-03 15:15:00,2,0.009719597422446448,0.0048396450850177325,0.9854407574925358,2
2025-06-03 15:20:00,2,0.012219176599730078,0.004893415577556422,0.9828874078227134,2
2025-06-03 15:25:00,2,0.007697886903795652,0.0045253523847354786,0.9877767607114689,2
2025-06-04 09:15:00,2,0.004769627641662498,0.01099457003284898,0.9842358023254886,2
2025-06-04 09:20:00,2,0.004773920264264918,0.011616293089514531,0.9836097866462206,2
2025-06-04 09:25:00,2,0.00507488363223715,0.010298017449021288,0.9846270989187416,2
2025-06-04 09:30:00,2,0.00843551912016743,0.009585809374310762,0.9819786715055219,2
2025-06-04 09:35:00,2,0.010609308129139601,0.004938688482590371,0.98445200338827,2
2025-06-04 09:40:00,2,0.009440598700042468,0.010501440291454231,0.9800579610085033,2
2025-06-04 09:45:00,2,0.009440598700042468,0.010501440291454231,0.9800579610085033,2
2025-06-04 09:50:00,2,0.006981916900282418,0.004555440802006397,0.9884626422977112,2
2025-06-04 09:55:00,2,0.004483410601111137,0.009391808304637792,0.9861247810942511,2
2025-06-04 10:00:00,2,0.004484745119422254,0.004496307249610817,0.991018947630967,2
2025-06-04 10:05:00,2,0.0049070213463724985,0.004610064834228881,0.9904829138193987,2
2025-06-04 10:10:00,2,0.0044847633415267645,0.004496230092680911,0.9910190065657923,2
2025-06-04 10:15:00,2,0.004484752209854415,0.0044962527556871275,0.9910189950344584,2
2025-06-04 10:20:00,2,0.0044383241674492285,0.0063987970462330915,0.9891628787863177,2
2025-06-04 10:25:00,2,0.004484748961029082,0.004496212266198928,0.991019038772772,2
2025-06-04 10:30:00,2,0.004540488539866797,0.010361588198144953,0.9850979232619883,2
2025-06-04 10:35:00,2,0.008224844048649732,0.01158910223112855,0.9801860537202217,2
2025-06-04 10:40:00,2,0.008710606445958115,0.011536566880209355,0.9797528266738326,2
2025-06-04 10:45:00,2,0.009448311811975082,0.011456783820644792,0.9790949043673801,2
2025-06-04 10:50:00,2,0.008277446674210608,0.010350650932712506,0.9813719023930769,2
2025-06-04 10:55:00,2,0.008021470939414618,0.01067134625016895,0.9813071828104164,2
2025-06-04 11:00:00,2,0.00789777924913454,0.010506793281615318,0.9815954274692501,2
2025-06-04 11:05:00,2,0.004951577732645795,0.011943106978132684,0.9831053152892215,2
2025-06-04 11:10:00,2,0.0047777600050695436,0.011648926057305588,0.9835733139376248,2
2025-06-04 11:15:00,2,0.004477380939091357,0.00467854555371986,0.9908440735071888,2
2025-06-04 11:20:00,2,0.004483882622341604,0.004517649894361454,0.9909984674832969,2
2025-06-04 11:25:00,2,0.004554183318233766,0.010346628732211515,0.9850991879495548,2
2025-06-04 11:30:00,2,0.0044349847902067285,0.009289827699107857,0.9862751875106854,2
2025-06-04 11:35:00,2,0.004895151369652784,0.01194920950644149,0.9831556391239057,2
2025-06-04 11:40:00,2,0.004665316427159038,0.010633131672521185,0.9847015519003198,2
2025-06-04 11:45:00,2,0.006683550472519189,0.008841498777684717,0.9844749507497961,2
2025-06-04 11:50:00,2,0.004657189301509695,0.009296854210408469,0.9860459564880819,2
2025-06-04 11:55:00,2,0.005537725306594387,0.011879714939847187,0.9825825597535585,2
2025-06-04 12:00:00,2,0.00802710308416116,0.011274637653758995,0.9806982592620799,2
2025-06-04 12:05:00,2,0.008024610452179755,0.011306965864059318,0.980668423683761,2
2025-06-04 12:10:00,2,0.00850211343695131,0.011253866998046723,0.980244019565002,2
2025-06-04 12:15:00,2,0.008224844048649732,0.01158910223112855,0.9801860537202217,2
2025-06-04 12:20:00,2,0.008224844048649732,0.01158910223112855,0.9801860537202217,2
2025-06-04 12:25:00,2,0.007768709163737094,0.010335085176927534,0.9818962056593354,2
2025-06-04 12:30:00,2,0.00509214967552167,0.010592139067112942,0.9843157112573654,2
2025-06-04 12:35:00,2,0.005006670096537952,0.010666740189876588,0.9843265897135854,2
2025-06-04 12:40:00,2,0.004979295529562277,0.010602977457729763,0.9844177270127079,2
2025-06-04 12:45:00,2,0.008021470939414618,0.01067134625016895,0.9813071828104164,2
2025-06-04 12:50:00,2,0.007814070692533653,0.010395431787154172,0.9817904975203122,2
2025-06-04 12:55:00,2,0.005211318310771745,0.009250327631760438,0.9855383540574678,2
2025-06-04 13:00:00,2,0.008789855765724169,0.012074366776203238,0.9791357774580726,2
2025-06-04 13:05:00,2,0.007174900573583442,0.011364137579285064,0.9814609618471315,2
2025-06-04 13:10:00,2,0.006944946083845344,0.005142293435867055,0.9879127604802876,2
2025-06-04 13:15:00,2,0.008229600994495231,0.010290821621952316,0.9814795773835524,2
2025-06-04 13:20:00,2,0.006983013775772819,0.010475745485519624,0.9825412407387075,2
2025-06-04 13:25:00,2,0.0044870916080398575,0.004496190957233106,0.9910167174347271,2
2025-06-04 13:30:00,2,0.004487305785749092,0.004496108685272851,0.9910165855289781,2
2025-06-04 13:35:00,2,0.0044847489618405414,0.004496212265850981,0.9910190387723085,2
2025-06-04 13:40:00,2,0.004484761840749799,0.004496211785550231,0.9910190263737,2
2025-06-04 13:45:00,2,0.004484749042653322,0.0044962125144753775,0.9910190384428713,2
2025-06-04 13:50:00,2,0.0047696146565839835,0.01102369409303667,0.9842066912503793,2
2025-06-04 13:55:00,2,0.005079343355251696,0.014134804083518039,0.9807858525612303,2
2025-06-04 14:00:00,2,0.005112981273747299,0.01419909399872847,0.9806879247275242,2
2025-06-04 14:05:00,2,0.005217561131788484,0.017789152669620834,0.9769932861985907,2
2025-06-04 14:10:00,2,0.004614958942636078,0.010637967951092082,0.9847470731062719,2
2025-06-04 14:15:00,2,0.004614920222396436,0.010637971669742188,0.9847471081078614,2
2025-06-04 14:20:00,2,0.0048248628756783025,0.01129206278564623,0.9838830743386755,2
2025-06-04 14:25:00,2,0.07309918941176442,0.03045305060012247,0.8964477599881131,2
2025-06-04 14:30:00,2,0.07763884937034188,0.023526884566693503,0.8988342660629646,2
2025-06-04 14:35:00,2,0.0671099942670541,0.026043308970553652,0.9068466967623923,2
2025-06-04 14:40:00,2,0.07467355172766864,0.027764458088889703,0.8975619901834417,2
2025-06-04 14:45:00,2,0.07304647963410558,0.028315491613677562,0.8986380287522169,2
2025-06-04 14:50:00,2,0.06659695503070981,0.027669978136598196,0.905733066832692,2
2025-06-04 14:55:00,2,0.058926532499903095,0.0202990819458861,0.9207743855542108,2
2025-06-04 15:00:00,2,0.010420099140068898,0.012408965279455,0.9771709355804761,2
2025-06-04 15:05:00,2,0.07987049802406847,0.031442984368939594,0.888686517606992,2
2025-06-04 15:10:00,2,0.06657451363942923,0.0429711843082454,0.8904543020523255,2
2025-06-04 15:15:00,2,0.05993170735763913,0.04786662695866007,0.8922016656837009,2
2025-06-04 15:20:00,2,0.05812725387260489,0.04924513236062691,0.8926276137667682,2
2025-06-04 15:25:00,2,0.06717050642961161,0.044341069380048295,0.8884884241903401,2
2025-06-05 09:15:00,0,0.05366336678293433,0.09412055282061975,0.852216080396446,2
2025-06-05 09:20:00,2,0.010561880711347643,0.016587059804948134,0.9728510594837042,2
2025-06-05 09:25:00,2,0.008229600994495231,0.010290821621952316,0.9814795773835524,2
2025-06-05 09:30:00,2,0.009719534171967031,0.004840364443056314,0.9854401013849766,2
2025-06-05 09:35:00,2,0.009948073325725662,0.00486362710413044,0.9851882995701439,2
2025-06-05 09:40:00,2,0.14915373963536407,0.004936316975284436,0.8459099433893515,2
2025-06-05 09:45:00,2,0.1368191496272815,0.005005000184687655,0.8581758501880309,2
2025-06-05 09:50:00,2,0.13830069021462577,0.004970961876941531,0.8567283479084327,2
2025-06-05 09:55:00,2,0.18809903007299644,0.005040583208020921,0.8068603867189827,2
2025-06-05 10:00:00,2,0.16274399893057995,0.005090563357819193,0.8321654377116009,2
2025-06-05 10:05:00,2,0.09253659799563033,0.03293178471269215,0.8745316172916775,2
2025-06-05 10:10:00,2,0.05122457657673029,0.02511924928391774,0.923656174139352,2
2025-06-05 10:15:00,2,0.05365348273661686,0.04378064943570819,0.902565867827675,2
2025-06-05 10:20:00,2,0.05576428901738491,0.024957015191429968,0.9192786957911852,2
2025-06-05 10:25:00,2,0.04835735829518218,0.03703819196697205,0.9146044497378457,2
2025-06-05 10:30:00,2,0.04983973090746422,0.03969124516274015,0.9104690239297957,2
2025-06-05 10:35:00,1,0.09287339336901977,0.08542060024445325,0.821706006386527,2
2025-06-05 10:40:00,2,0.09409993267758493,0.09567119803290357,0.8102288692895114,2
2025-06-05 10:45:00,2,0.11694815899711293,0.10721147387698704,0.7758403671259,2
2025-06-05 10:50:00,2,0.12677876048824557,0.1047276316578174,0.768493607853937,2
2025-06-05 10:55:00,2,0.1049956455171156,0.10848408793182504,0.7865202665510593,2
2025-06-05 11:00:00,2,0.09148764245179844,0.1175539483820193,0.7909584091661823,2
2025-06-05 11:05:00,0,0.08520811653048505,0.11593940935846281,0.7988524741110521,2
2025-06-05 11:10:00,0,0.06235792910669057,0.1118735976802956,0.8257684732130138,2
2025-06-05 11:15:00,2,0.06323630101165527,0.08501387966009857,0.8517498193282462,2
2025-06-05 11:20:00,2,0.09695347956123582,0.05157640754691619,0.851470112891848,2
2025-06-05 11:25:00,2,0.10379087386134424,0.03692708570885931,0.8592820404297965,2
2025-06-05 11:30:00,2,0.09340759378491097,0.03576585032782034,0.8708265558872688,2
2025-06-05 11:35:00,2,0.08220209330580394,0.04128838182197013,0.876509524872226,2
2025-06-05 11:40:00,2,0.07427511226133832,0.04534852165223957,0.8803763660864221,2
2025-06-05 11:45:00,0,0.0700974496990834,0.08083000572627154,0.8490725445746451,2
2025-06-05 11:50:00,0,0.09290546253497571,0.045531637748295675,0.8615628997167286,2
2025-06-05 11:55:00,0,0.10377533943568946,0.04526337376257615,0.8509612868017344,2
2025-06-05 12:00:00,0,0.19914330800491353,0.011395460896627336,0.7894612310984591,2
2025-06-05 12:05:00,0,0.20520463651240217,0.010821946170615266,0.7839734173169826,2
2025-06-05 12:10:00,2,0.21033904495565625,0.00988284939205834,0.7797781056522854,2
2025-06-05 12:15:00,2,0.24095462365919146,0.011448984631742052,0.7475963917090666,2
2025-06-05 12:20:00,2,0.2422538460435893,0.012571863676458279,0.7451742902799524,2
2025-06-05 12:25:00,2,0.2521587622426173,0.08205192644564788,0.6657893113117348,2
2025-06-05 12:30:00,2,0.2391160599441983,0.1020014031709795,0.6588825368848222,2
2025-06-05 12:35:00,2,0.23624249735680292,0.0969492964229413,0.6668082062202558,2
2025-06-05 12:40:00,2,0.2284008646194183,0.11261919405223884,0.6589799413283429,2
2025-06-05 12:45:00,2,0.22836440001712421,0.10457015961501885,0.667065440367857,2
2025-06-05 12:50:00,1,0.2217498087202107,0.08129252253391316,0.6969576687458762,2
2025-06-05 12:55:00,2,0.21685428538160428,0.155407708544065,0.6277380060743307,2
2025-06-05 13:00:00,2,0.21492540455158532,0.10966826650561465,0.6754063289428001,2
2025-06-05 13:05:00,2,0.21722636859025646,0.13573834616556943,0.6470352852441742,2
2025-06-05 13:10:00,2,0.20806398443678076,0.13412858493855143,0.6578074306246678,2
2025-06-05 13:15:00,1,0.20295865868300791,0.11232196871704396,0.6847193725999482,2
2025-06-05 13:20:00,1,0.19929462450351315,0.12050699559074204,0.6801983799057448,2
2025-06-05 13:25:00,1,0.2004691579136941,0.12188886752468484,0.6776419745616211,2
2025-06-05 13:30:00,2,0.008767039532154118,0.21629313206842085,0.7749398283994251,2
2025-06-05 13:35:00,2,0.130770010411358,0.09070612844435909,0.778523861144283,2
2025-06-05 13:40:00,2,0.010572740834401984,0.18539168539438594,0.804035573771212,2
2025-06-05 13:45:00,1,0.15690292200991665,0.09832639630757715,0.7447706816825063,2
2025-06-05 13:50:00,2,0.12126935936648106,0.08074890673006518,0.7979817339034537,2
2025-06-05 13:55:00,2,0.12832796179628878,0.07832753179924455,0.7933445064044667,2
2025-06-05 14:00:00,2,0.011659799356339748,0.012683621705777113,0.9756565789378832,2
2025-06-05 14:05:00,2,0.011659799356339748,0.012504925127403543,0.9758352755162567,2
2025-06-05 14:10:00,2,0.011643189004413551,0.011586826884165288,0.9767699841114211,2
2025-06-05 14:15:00,2,0.014523680006823908,0.012849781667356562,0.9726265383258196,2
2025-06-05 14:20:00,2,0.011865003379269283,0.013147631811644777,0.974987364809086,2
2025-06-05 14:25:00,2,0.13102664092150737,0.1061810505378665,0.7627923085406261,2
2025-06-05 14:30:00,2,0.11441948526720543,0.09192227433385078,0.7936582403989438,2
2025-06-05 14:35:00,2,0.11904713159848267,0.08053843050303332,0.8004144378984841,2
2025-06-05 14:40:00,2,0.12762178353948106,0.0861541905169497,0.7862240259435692,2
2025-06-05 14:45:00,2,0.10655595577143993,0.06802405844296994,0.8254199857855902,2
2025-06-05 14:50:00,2,0.16203663921238187,0.0929286701092174,0.7450346906784007,2
2025-06-05 14:55:00,2,0.13684577671238865,0.07736036410838706,0.7857938591792243,2
2025-06-05 15:00:00,2,0.13474145418556627,0.09533900245688273,0.769919543357551,2
2025-06-05 15:05:00,2,0.11795093403326574,0.08421654253588422,0.7978325234308501,2
2025-06-05 15:10:00,2,0.11321127493743444,0.0786608210863149,0.8081279039762507,2
2025-06-05 15:15:00,2,0.1062679679841289,0.04829459408704669,0.8454374379288244,2
2025-06-05 15:20:00,2,0.06833276696710279,0.04154808280046562,0.8901191502324316,2
2025-06-05 15:25:00,2,0.11036739721730002,0.04724571392389849,0.8423868888588015,2
2025-06-06 09:15:00,2,0.048943589816212545,0.05921976000164658,0.8918366501821408,2
2025-06-06 09:20:00,1,0.04710333869499859,0.059288210588124245,0.8936084507168771,2
2025-06-06 09:25:00,2,0.008666373426236567,0.004713270117604192,0.9866203564561593,2
2025-06-06 09:30:00,2,0.014645391898529555,0.0047421356070138365,0.9806124724944566,2
2025-06-06 09:35:00,2,0.016007622411236183,0.004861621168149003,0.9791307564206148,2
2025-06-06 09:40:00,2,0.021785130188449135,0.005004996141241773,0.9732098736703091,2
2025-06-06 09:45:00,2,0.009948253885381949,0.004861621168149004,0.9851901249464691,2
2025-06-06 09:50:00,2,0.00871944891397931,0.004742135607013836,0.9865384154790069,2
2025-06-06 09:55:00,2,0.03749486666887268,0.04370253520576082,0.9188025981253665,2
2025-06-06 10:00:00,0,0.09198648037175228,0.05583136346123063,0.8521821561670171,2
2025-06-06 10:05:00,2,0.020094985019236136,0.03937997656822191,0.940525038412542,2
2025-06-06 10:10:00,0,0.15753198670643118,0.1494168666593195,0.6930511466342494,2
2025-06-06 10:15:00,0,0.10429591446740624,0.12650892043926912,0.7691951650933246,2
2025-06-06 10:20:00,0,0.09793735588932097,0.12496011812005119,0.7771025259906279,2
2025-06-06 10:25:00,2,0.010152247366845571,0.01679564710549641,0.973052105527658,2
2025-06-06 10:30:00,2,0.009903996857125338,0.015949534669595217,0.9741464684732795,2
2025-06-06 10:35:00,2,0.012636144766136812,0.028545313068776557,0.9588185421650867,2
2025-06-06 10:40:00,2,0.009448311811975082,0.011456783820644792,0.9790949043673801,2
2025-06-06 10:45:00,2,0.009383826657130872,0.011132151968451727,0.9794840213744174,2
2025-06-06 10:50:00,2,0.012656849399074431,0.011148970010022722,0.9761941805909029,2
2025-06-06 10:55:00,2,0.011013414122581363,0.010751649263956525,0.9782349366134622,2
2025-06-06 11:00:00,2,0.010815969211723104,0.009854378776825953,0.979329652011451,2
2025-06-06 11:05:00,2,0.011581039836502155,0.010663605099866523,0.9777553550636313,2
2025-06-06 11:10:00,2,0.015284379759859808,0.005145209656471893,0.9795704105836683,2
2025-06-06 11:15:00,2,0.013625132438692115,0.010845208137076527,0.9755296594242313,2
2025-06-06 11:20:00,2,0.02218094411080562,0.011550761770663328,0.9662682941185311,2
2025-06-06 11:25:00,0,0.1957197858677933,0.012001736942274065,0.7922784771899327,2
2025-06-06 11:30:00,0,0.18754607066165913,0.011778883673495078,0.8006750456648458,2
2025-06-06 11:35:00,0,0.18196783782571788,0.011758841362043563,0.8062733208122386,2
2025-06-06 11:40:00,0,0.2048658073860501,0.011027393884231563,0.7841067987297183,2
2025-06-06 11:45:00,2,0.21073553185889646,0.012044643354926547,0.777219824786177,2
2025-06-06 11:50:00,2,0.21906071876540376,0.01197495728251113,0.7689643239520851,2
2025-06-06 11:55:00,2,0.20308433465956371,0.010893785985726313,0.78602187935471,2
2025-06-06 12:00:00,2,0.21251599337537122,0.013240138396615527,0.7742438682280133,2
2025-06-06 12:05:00,2,0.2237570663562753,0.012146507239658379,0.7640964264040664,2
2025-06-06 12:10:00,2,0.20634794134768245,0.03862823379618116,0.7550238248561364,2
2025-06-06 12:15:00,2,0.21570905426443057,0.04508340109556518,0.7392075446400043,2
2025-06-06 12:20:00,2,0.2106020321230927,0.060808822751076866,0.7285891451258304,2
2025-06-06 12:25:00,2,0.20347121393200512,0.050748317336194684,0.7457804687318003,2
2025-06-06 12:30:00,2,0.17236608612602755,0.04601263193887823,0.7816212819350942,2
2025-06-06 12:35:00,2,0.20699079084485064,0.051576391996543305,0.7414328171586061,2
2025-06-06 12:40:00,2,0.19506731442721603,0.05197959388087117,0.7529530916919128,2
2025-06-06 12:45:00,2,0.18161051616508223,0.048793405767431554,0.7695960780674862,2
2025-06-06 12:50:00,2,0.17752737135770638,0.045139767308699195,0.7773328613335945,2
2025-06-06 12:55:00,2,0.1683357204572625,0.04500577677329969,0.7866585027694378,2
2025-06-06 13:00:00,2,0.1787818681334104,0.041587985345656886,0.7796301465209327,2
2025-06-06 13:05:00,2,0.1928271995216772,0.04467352096062384,0.762499279517699,2
2025-06-06 13:10:00,2,0.18562517736896403,0.042773848552410856,0.7716009740786252,2
2025-06-06 13:15:00,2,0.18729059496455924,0.042416133604648534,0.7702932714307922,2
2025-06-06 13:20:00,2,0.19254386091695164,0.0383459617826811,0.7691101773003673,2
2025-06-06 13:25:00,2,0.19020850778638076,0.033756325892608505,0.7760351663210108,2
2025-06-06 13:30:00,2,0.17793528081039617,0.028377916161806557,0.7936868030277973,2
2025-06-06 13:35:00,2,0.12086258830359294,0.01348520624176556,0.8656522054546416,2
2025-06-06 13:40:00,2,0.13494615733889537,0.020945533645389782,0.8441083090157149,2
2025-06-06 13:45:00,2,0.15753147543086565,0.02791546109193938,0.814553063477195,2
2025-06-06 13:50:00,2,0.14558035949533857,0.020510761543016516,0.8339088789616449,2
2025-06-06 13:55:00,2,0.16232350706574417,0.02141153923706013,0.8162649536971958,2
2025-06-06 14:00:00,2,0.1398153188455197,0.02067712269524372,0.8395075584592366,2
2025-06-06 14:05:00,0,0.14729995579693433,0.02193139884881592,0.8307686453542498,2
2025-06-06 14:10:00,2,0.13833742957567832,0.019181879351472357,0.8424806910728493,2
2025-06-06 14:15:00,2,0.1354584754003602,0.020695804524906568,0.8438457200747332,2
2025-06-06 14:20:00,2,0.19100516149813318,0.011751462511268433,0.7972433759905984,2
2025-06-06 14:25:00,2,0.18583046128450142,0.011871597912217808,0.8022979408032809,2
2025-06-06 14:30:00,2,0.12655270640082045,0.020398044734916184,0.8530492488642634,2
2025-06-06 14:35:00,2,0.11226308165376567,0.02497930791192256,0.8627576104343118,2
2025-06-06 14:40:00,2,0.11233573138033756,0.02545682640281401,0.8622074422168484,2
2025-06-06 14:45:00,2,0.12765128503809806,0.02382258481613133,0.8485261301457706,2
2025-06-06 14:50:00,2,0.10621738144139975,0.022956287908885976,0.8708263306497143,2
2025-06-06 14:55:00,2,0.12434971023805194,0.0187858167182628,0.8568644730436853,2
2025-06-06 15:00:00,2,0.11321559420038478,0.024877504090432198,0.861906901709183,2
2025-06-06 15:05:00,2,0.12995514217258203,0.016527451736371705,0.8535174060910462,2
2025-06-06 15:10:00,2,0.09651575942210328,0.021234236176494038,0.8822500044014027,2
2025-06-06 15:15:00,2,0.11164357568610514,0.020447504182345838,0.8679089201315491,2
2025-06-06 15:20:00,2,0.10359172018822928,0.01372046397048014,0.8826878158412906,2
2025-06-06 15:25:00,2,0.09987652687490253,0.019828450577299338,0.8802950225477981,2
2025-06-09 09:15:00,2,0.11443522033560856,0.010593667971305305,0.8749711116930862,2
2025-06-09 09:20:00,2,0.11605865651907925,0.011193138285706849,0.8727482051952139,2
2025-06-09 09:25:00,2,0.12967966860668173,0.011607343504986179,0.8587129878883322,2
2025-06-09 09:30:00,2,0.15200712828433702,0.011640618326550983,0.8363522533891119,2
2025-06-09 09:35:00,2,0.10984676539762278,0.011782879474942474,0.8783703551274348,2
2025-06-09 09:40:00,2,0.12119182505908857,0.012045174073838049,0.8667630008670734,2
2025-06-09 09:45:00,2,0.09963640095015792,0.01199767162320431,0.8883659274266378,2
2025-06-09 09:50:00,2,0.04700357923747523,0.038176926666594606,0.9148194940959302,2
2025-06-09 09:55:00,2,0.07744759042722366,0.011642294709911396,0.910910114862865,2
2025-06-09 10:00:00,2,0.0871257404783926,0.013336592053060613,0.8995376674685468,2
2025-06-09 10:05:00,2,0.029921395693151873,0.03649019632052348,0.9335884079863246,2
2025-06-09 10:10:00,2,0.04645063473541192,0.01138612778128167,0.9421632374833064,2
2025-06-09 10:15:00,2,0.014926222392581885,0.018679888737095612,0.9663938888703225,2
2025-06-09 10:20:00,2,0.040101972028825435,0.011261770432460735,0.9486362575387138,2
2025-06-09 10:25:00,2,0.04474904172276679,0.011470086201920053,0.9437808720753131,2
2025-06-09 10:30:00,2,0.03972119621514028,0.010893785985726313,0.9493850177991334,2
2025-06-09 10:35:00,2,0.05625273194679896,0.04735221531266433,0.8963950527405367,2
2025-06-09 10:40:00,2,0.12502233073964808,0.011553669570823356,0.8634239996895285,2
2025-06-09 10:45:00,2,0.11045394818535412,0.011119687626126128,0.8784263641885197,2
2025-06-09 10:50:00,2,0.10987043363161672,0.011054611919809498,0.8790749544485739,2
2025-06-09 10:55:00,2,0.04692744516946973,0.03478686671154377,0.9182856881189866,2
2025-06-09 11:00:00,2,0.05391570228020365,0.026059282537384425,0.9200250151824119,2
2025-06-09 11:05:00,2,0.04750054605689119,0.03692200496644449,0.9155774489766643,2
2025-06-09 11:10:00,2,0.04973732647816788,0.035318409556380805,0.9149442639654513,2
2025-06-09 11:15:00,2,0.05498425288696336,0.03910124687222695,0.9059145002408098,2
2025-06-09 11:20:00,2,0.04691873839814996,0.03292458989927643,0.9201566717025736,2
2025-06-09 11:25:00,2,0.04943888330402245,0.04783456909136838,0.9027265476046092,2
2025-06-09 11:30:00,2,0.04440735882330897,0.03593234656428665,0.9196602946124044,2
2025-06-09 11:35:00,2,0.04688383792560286,0.03310388980551697,0.9200122722688802,2
2025-06-09 11:40:00,2,0.04898425240036655,0.04531804810678849,0.905697699492845,2
2025-06-09 11:45:00,2,0.044234333657370895,0.042962140986385566,0.9128035253562437,2
2025-06-09 11:50:00,2,0.043544795220145566,0.04796241870418853,0.9084927860756659,2
2025-06-09 11:55:00,2,0.04396268239345736,0.0459612153172441,0.9100761022892986,2
2025-06-09 12:00:00,2,0.04283390335615783,0.04562528445987806,0.9115408121839641,2
2025-06-09 12:05:00,2,0.04431510443364629,0.04477399752472938,0.9109108980416243,2
2025-06-09 12:10:00,2,0.03482334574910918,0.033291966237322806,0.931884688013568,2
2025-06-09 12:15:00,2,0.026479194057545116,0.031050786170678704,0.9424700197717761,2
2025-06-09 12:20:00,2,0.045450672313298975,0.0418756436644487,0.9126736840222524,2
2025-06-09 12:25:00,2,0.0362458674241914,0.032054514726599884,0.9316996178492087,2
2025-06-09 12:30:00,2,0.03912908137547502,0.027952520880174817,0.9329183977443501,2
2025-06-09 12:35:00,2,0.04509213232815295,0.02657766754093506,0.9283302001309119,2
2025-06-09 12:40:00,2,0.04458973733315367,0.02943477642266573,0.9259754862441806,2
2025-06-09 12:45:00,2,0.04847687873902831,0.03550800790920506,0.9160151133517666,2
2025-06-09 12:50:00,2,0.039964626351630075,0.03429756381295339,0.9257378098354166,2
2025-06-09 12:55:00,2,0.04819204396528845,0.03427085596797112,0.9175371000667404,2
2025-06-09 13:00:00,2,0.04871756146103428,0.0375036892846586,0.9137787492543071,2
2025-06-09 13:05:00,2,0.04625380211810984,0.03591137752696496,0.9178348203549251,2
2025-06-09 13:10:00,2,0.03763989849514716,0.03589344009051052,0.9264666614143423,2
2025-06-09 13:15:00,2,0.04896578412036826,0.03897959338290736,0.9120546224967244,2
2025-06-09 13:20:00,2,0.0444855813716143,0.038457717922256635,0.917056700706129,2
2025-06-09 13:25:00,2,0.038475319435415996,0.035397401611224996,0.926127278953359,2
2025-06-09 13:30:00,2,0.04819038998173185,0.044106601306440375,0.9077030087118279,2
2025-06-09 13:35:00,2,0.027622375562420278,0.02416600695970463,0.9482116174778751,2
2025-06-09 13:40:00,2,0.020520604162392347,0.02248926185769236,0.9569901339799153,2
2025-06-09 13:45:00,2,0.02154799605927226,0.023526280339270064,0.9549257236014577,2
2025-06-09 13:50:00,2,0.021693989434650254,0.02500719745257991,0.9532988131127699,2
2025-06-09 13:55:00,2,0.02603033013469735,0.025691466234454546,0.9482782036308481,2
2025-06-09 14:00:00,2,0.02861608758972573,0.024337411747170447,0.9470465006631038,2
2025-06-09 14:05:00,2,0.028801004332074737,0.025150968322399866,0.9460480273455254,2
2025-06-09 14:10:00,2,0.010354944284716198,0.01189750725970093,0.9777475484555829,2
2025-06-09 14:15:00,2,0.03484845747320635,0.029081298822314566,0.9360702437044791,2
2025-06-09 14:20:00,2,0.015982201864194353,0.011940729863755736,0.97207706827205,2
2025-06-09 14:25:00,2,0.037231069507013895,0.02923303836368456,0.9335358921293015,2
2025-06-09 14:30:00,2,0.0259848850055792,0.029684990630744555,0.9443301243636762,2
2025-06-09 14:35:00,2,0.03358950331092971,0.02830091058496266,0.9381095861041077,2
2025-06-09 14:40:00,2,0.03166710134548983,0.02442829436341704,0.9439046042910931,2
2025-06-09 14:45:00,2,0.025811477958748927,0.02921821092074446,0.9449703111205066,2
2025-06-09 14:50:00,2,0.025210851273879602,0.02765364430718698,0.9471355044189335,2
2025-06-09 14:55:00,2,0.03313962347454999,0.026879302886246917,0.9399810736392031,2
2025-06-09 15:00:00,2,0.019498430007446606,0.024816975084567133,0.9556845949079863,2
2025-06-09 15:05:00,2,0.019159253953060083,0.02499868919079888,0.955842056856141,2
2025-06-09 15:10:00,2,0.012391675184126963,0.02569176347905145,0.9619165613368216,2
2025-06-09 15:15:00,2,0.013864034397038894,0.022464320592040506,0.9636716450109206,2
2025-06-09 15:20:00,2,0.013788525826254337,0.01658114125728328,0.9696303329164624,2
2025-06-09 15:25:00,2,0.01692869521930292,0.024797385729097173,0.9582739190516,2
2025-06-10 09:15:00,2,0.012609191015167654,0.023254546656361466,0.9641362623284708,2
2025-06-10 09:20:00,2,0.010032950555481398,0.0195586624626357,0.9704083869818829,2
2025-06-10 09:25:00,2,0.07224784019682487,0.0857794164090482,0.841972743394127,2
2025-06-10 09:30:00,2,0.08226269745465639,0.13505595605552959,0.782681346489814,2
2025-06-10 09:35:00,2,0.06528102342520072,0.1095559320068663,0.825163044567933,2
2025-06-10 09:40:00,2,0.06851314841620365,0.10841681593503133,0.823070035648765,2
2025-06-10 09:45:00,2,0.05615722131459882,0.0986190073897919,0.8452237712956093,2
2025-06-10 09:50:00,2,0.057237397638052176,0.09159497456861164,0.8511676277933362,2
2025-06-10 09:55:00,2,0.04814163122646098,0.08062016266407933,0.8712382061094597,2
2025-06-10 10:00:00,2,0.04905950994943602,0.07524987669598543,0.8756906133545785,2
2025-06-10 10:05:00,2,0.04393192710853959,0.04981476828056287,0.9062533046108976,2
2025-06-10 10:10:00,2,0.010420099140068898,0.012408965279455,0.9771709355804761,2
2025-06-10 10:15:00,2,0.009611996968084466,0.011439081221258507,0.9789489218106571,2
2025-06-10 10:20:00,2,0.029184119726640798,0.041297908659272915,0.9295179716140863,2
2025-06-10 10:25:00,2,0.02178215095620279,0.03496681560934337,0.9432510334344538,2
2025-06-10 10:30:00,2,0.01824366483915195,0.02931899403149379,0.9524373411293543,2
2025-06-10 10:35:00,1,0.05825910844903773,0.07513619581706801,0.8666046957338942,2
2025-06-10 10:40:00,1,0.05771837290455328,0.07427604195030789,0.8680055851451389,2
2025-06-10 10:45:00,1,0.05386199009443425,0.08205764817330037,0.8640803617322654,2
2025-06-10 10:50:00,2,0.08251552157341034,0.09969060509772505,0.8177938733288647,2
2025-06-10 10:55:00,2,0.0811723012347536,0.09827896060737379,0.8205487381578725,2
2025-06-10 11:00:00,2,0.06633607123446637,0.09765790116858356,0.8360060275969501,2
2025-06-10 11:05:00,2,0.06567048903918257,0.08942801526429352,0.844901495696524,2
2025-06-10 11:10:00,2,0.054340899531944264,0.08774607151037649,0.8579130289576793,2
2025-06-10 11:15:00,2,0.05385571386213971,0.07820404552360792,0.8679402406142523,2
2025-06-10 11:20:00,2,0.0542996781120362,0.07473430896561628,0.8709660129223475,2
2025-06-10 11:25:00,2,0.048322052125152656,0.08000783166906622,0.871670116205781,2
2025-06-10 11:30:00,2,0.04971525888445171,0.07653037646010118,0.8737543646554471,2
2025-06-10 11:35:00,2,0.050026915813303985,0.05637726980528519,0.8935958143814109,2
2025-06-10 11:40:00,2,0.030863654668865634,0.0467603407536705,0.9223760045774638,2
2025-06-10 11:45:00,2,0.0279891071073946,0.03369484047933577,0.9383160524132697,2
2025-06-10 11:50:00,2,0.034228005309709784,0.032374141179255106,0.9333978535110351,2
2025-06-10 11:55:00,2,0.011905921288525105,0.011474061932526867,0.976620016778948,2
2025-06-10 12:00:00,2,0.010985893697577707,0.013269207544107835,0.9757448987583145,2
2025-06-10 12:05:00,2,0.04519895256172254,0.03742417689425716,0.9173768705440203,2
2025-06-10 12:10:00,2,0.0511619939584347,0.045587289190273286,0.903250716851292,2
2025-06-10 12:15:00,2,0.05507994729409613,0.04953135982181188,0.895388692884092,2
2025-06-10 12:20:00,2,0.05422638867424709,0.049424295164363335,0.8963493161613896,2
2025-06-10 12:25:00,2,0.039710538163829405,0.03916679721118168,0.9211226646249889,2
2025-06-10 12:30:00,2,0.04761111981541772,0.04594208123599484,0.9064467989485875,2
2025-06-10 12:35:00,2,0.03956520567571434,0.04137030086092222,0.9190644934633635,2
2025-06-10 12:40:00,2,0.036639472449620486,0.03834475362693032,0.9250157739234492,2
2025-06-10 12:45:00,2,0.04365853851225362,0.04063335537177165,0.9157081061159748,2
2025-06-10 12:50:00,2,0.03185246547413196,0.037317933862979574,0.9308296006628884,2
2025-06-10 12:55:00,2,0.03768413697580976,0.037603148517670555,0.9247127145065197,2
2025-06-10 13:00:00,2,0.03235089145256781,0.0352437105512729,0.9324053979961593,2
2025-06-10 13:05:00,2,0.04998580262864747,0.044538385498989995,0.9054758118723626,2
2025-06-10 13:10:00,2,0.04825684931939393,0.045377748903139586,0.9063654017774665,2
2025-06-10 13:15:00,2,0.04964046711203974,0.04177031425746436,0.9085892186304959,2
2025-06-10 13:20:00,2,0.052026833259656846,0.04127913133049772,0.9066940354098455,2
2025-06-10 13:25:00,2,0.004908187021333843,0.0044790444488975465,0.9906127685297687,2
2025-06-10 13:30:00,2,0.004485182262815283,0.004496194698153664,0.9910186230390311,2
2025-06-10 13:35:00,2,0.004484748960695339,0.004496212272999117,0.9910190387663056,2
2025-06-10 13:40:00,2,0.004545276981836456,0.004493758225773748,0.9909609647923898,2
2025-06-10 13:45:00,2,0.004486573870520261,0.004496138276994689,0.991017287852485,2
2025-06-10 13:50:00,2,0.004484777465257944,0.0044962111102121735,0.9910190114245299,2
2025-06-10 13:55:00,2,0.008719448913978606,0.004742135607022755,0.9865384154789987,2
2025-06-10 14:00:00,2,0.006950450834951741,0.004534910033760504,0.9885146391312878,2
2025-06-10 14:05:00,2,0.004485729375467743,0.004496172516089906,0.9910180981084423,2
2025-06-10 14:10:00,2,0.004484748962375961,0.004496212265829277,0.9910190387717948,2
2025-06-10 14:15:00,2,0.00449380632399643,0.004495845045429164,0.9910103486305744,2
2025-06-10 14:20:00,2,0.006909488517224782,0.004508183648655789,0.9885823278341195,2
2025-06-10 14:25:00,2,0.007878580116033084,0.004558550949812718,0.9875628689341542,2
2025-06-10 14:30:00,2,0.007773182881627988,0.004522188128254386,0.9877046289901177,2
2025-06-10 14:35:00,2,0.007878580116033084,0.004558550949812718,0.9875628689341542,2
2025-06-10 14:40:00,2,0.013701898282837233,0.004839645085017757,0.981458456632145,2
2025-06-10 14:45:00,2,0.009036666558726647,0.00479544597011565,0.9861678874711577,2
2025-06-10 14:50:00,2,0.009379654800902344,0.00471327011760418,0.9859070750814934,2
2025-06-10 14:55:00,2,0.009379654800902344,0.00471327011760418,0.9859070750814934,2
2025-06-10 15:00:00,2,0.010171272573433532,0.00471327011760418,0.9851154573089623,2
2025-06-10 15:05:00,2,0.004483761738495644,0.004520621478201753,0.9909956167833026,2
2025-06-10 15:10:00,2,0.04028114714451409,0.052640478060698805,0.9070783747947871,2
2025-06-10 15:15:00,2,0.03892163404758626,0.04955356870462546,0.9115247972477882,2
2025-06-10 15:20:00,2,0.0421463070442425,0.05213396861447665,0.9057197243412809,2
2025-06-10 15:25:00,2,0.04394907721664934,0.055699828043031245,0.9003510947403195,2
2025-06-11 09:15:00,2,0.05102409929340313,0.046365995447988285,0.9026099052586086,2
2025-06-11 09:20:00,2,0.036885953499735856,0.045200326927676754,0.9179137195725874,2
2025-06-11 09:25:00,2,0.028364760544625514,0.02639544636320524,0.9452397930921692,2
2025-06-11 09:30:00,2,0.023176315337839894,0.024807995016475563,0.9520156896456846,2
2025-06-11 09:35:00,2,0.04185968975401191,0.05317517897097953,0.9049651312750085,2
2025-06-11 09:40:00,2,0.026599503081982126,0.031127799162480957,0.9422726977555369,2
2025-06-11 09:45:00,2,0.031839246428765726,0.03792375743120576,0.9302369961400285,2
2025-06-11 09:50:00,2,0.023474640719037956,0.026916936725685434,0.9496084225552767,2
2025-06-11 09:55:00,2,0.016392564677260843,0.023759188811289664,0.9598482465114495,2
2025-06-11 10:00:00,2,0.013966910705355332,0.02074210604289577,0.9652909832517489,2
2025-06-11 10:05:00,2,0.008710606445958115,0.01267166886779958,0.9786177246862423,2
2025-06-11 10:10:00,2,0.01329729422768229,0.01802547248328192,0.9686772332890358,2
2025-06-11 10:15:00,2,0.012814028469974767,0.013433122315116992,0.9737528492149082,2
2025-06-11 10:20:00,2,0.015608199854497108,0.01927651486490026,0.9651152852806026,2
2025-06-11 10:25:00,2,0.01296841701698761,0.013726133524153432,0.973305449458859,2
2025-06-11 10:30:00,2,0.013205037846564533,0.0139843751944141,0.9728105869590213,2
2025-06-11 10:35:00,0,0.042179856805546215,0.029885003891476313,0.9279351393029774,2
2025-06-11 10:40:00,2,0.011692314590165658,0.012333610709640801,0.9759740747001935,2
2025-06-11 10:45:00,2,0.012607615302626472,0.01492600689654346,0.9724663778008301,2
2025-06-11 10:50:00,2,0.04015948290155226,0.02988316039280204,0.9299573567056457,2
2025-06-11 10:55:00,2,0.03378363442979879,0.025239994822400712,0.9409763707478005,2
2025-06-11 11:00:00,2,0.04624484860768119,0.031458118492766446,0.9222970328995523,2
2025-06-11 11:05:00,2,0.018419909076738808,0.016001006240117476,0.9655790846831438,2
2025-06-11 11:10:00,2,0.01181773149639075,0.01224373260237211,0.9759385359012371,2
2025-06-11 11:15:00,2,0.01169231459016566,0.012258559800006234,0.9760491256098281,2
2025-06-11 11:20:00,2,0.011856058115551566,0.012996579447149643,0.9751473624372988,2
2025-06-11 11:25:00,2,0.04957803062770256,0.032969966898452684,0.9174520024738447,2
2025-06-11 11:30:00,2,0.011856058115551566,0.012996579447149643,0.9751473624372988,2
2025-06-11 11:35:00,2,0.011888023729130434,0.012720533258126283,0.9753914430127433,2
2025-06-11 11:40:00,2,0.041348898470780854,0.0247677067751388,0.9338833947540803,2
2025-06-11 11:45:00,2,0.037827873211198904,0.021787093596305613,0.9403850331924954,2
2025-06-11 11:50:00,2,0.01002078419891245,0.011065257478180782,0.9789139583229067,2
2025-06-11 11:55:00,2,0.010665221468822995,0.011325174671369934,0.9780096038598071,2
2025-06-11 12:00:00,2,0.011620085487051826,0.011725419885547258,0.976654494627401,2
2025-06-11 12:05:00,2,0.01181773149639075,0.01224373260237211,0.9759385359012371,2
2025-06-11 12:10:00,2,0.04509492245933899,0.01576427251772968,0.9391408050229313,2
2025-06-11 12:15:00,2,0.03994591734957574,0.01563025762735156,0.9444238250230728,2
2025-06-11 12:20:00,2,0.06139838073792124,0.011807512458875447,0.9267941068032033,2
2025-06-11 12:25:00,2,0.04426763539211606,0.01667179502686039,0.9390605695810236,2
2025-06-11 12:30:00,2,0.045678332585889304,0.023424862986336878,0.9308968044277738,2
2025-06-11 12:35:00,0,0.049174545169218827,0.030087744236242657,0.9207377105945386,2
2025-06-11 12:40:00,2,0.04387596626940264,0.02116095992995582,0.9349630738006415,2
2025-06-11 12:45:00,2,0.039196260053265417,0.01894499238533482,0.9418587475613998,2
2025-06-11 12:50:00,2,0.04027870990522497,0.015611801356058008,0.9441094887387171,2
2025-06-11 12:55:00,2,0.04397899432027763,0.018124095973397408,0.937896909706325,2
2025-06-11 13:00:00,2,0.04842053673661015,0.019923966718458943,0.931655496544931,2
2025-06-11 13:05:00,2,0.04839973156381772,0.020009418871282134,0.9315908495649001,2
2025-06-11 13:10:00,1,0.04601909381115334,0.023516947706834643,0.930463958482012,2
2025-06-11 13:15:00,1,0.05073701601491685,0.023641657547862408,0.9256213264372207,2
2025-06-11 13:20:00,1,0.04485046517933327,0.024816625432019533,0.9303329093886472,2
2025-06-11 13:25:00,2,0.011988508350206865,0.04081974874990855,0.9471917428998846,2
2025-06-11 13:30:00,1,0.012054155149864163,0.04144597341025344,0.9464998714398825,2
2025-06-11 13:35:00,1,0.012013024803847062,0.02850106459267839,0.9594859106034745,2
2025-06-11 13:40:00,2,0.010631432305743005,0.013424795393356177,0.9759437723009008,2
2025-06-11 13:45:00,2,0.008636131358397,0.013870392283519531,0.9774934763580835,2
2025-06-11 13:50:00,2,0.008845992285542455,0.01262418411951567,0.9785298235949419,2
2025-06-11 13:55:00,2,0.059464133885688344,0.05538349503221061,0.8851523710821011,2
2025-06-11 14:00:00,2,0.04320160073589531,0.046511598374233125,0.9102868008898716,2
2025-06-11 14:05:00,0,0.036355192298189065,0.04037256079395373,0.9232722469078571,2
2025-06-11 14:10:00,2,0.048427430211979476,0.048527614017147946,0.9030449557708725,2
2025-06-11 14:15:00,2,0.040945710930825954,0.047941310845654776,0.9111129782235192,2
2025-06-11 14:20:00,2,0.03214966325975909,0.044550910020968004,0.9232994267192729,2
2025-06-11 14:25:00,2,0.039828863167137386,0.04958064346260481,0.9105904933702578,2
2025-06-11 14:30:00,2,0.04257626379740998,0.04453820798196185,0.9128855282206282,2
2025-06-11 14:35:00,2,0.04132734030060888,0.044537230171379644,0.9141354295280114,2
2025-06-11 14:40:00,2,0.042001089228463497,0.04383750771118087,0.9141614030603556,2
2025-06-11 14:45:00,2,0.036629917826779865,0.03438057978382637,0.9289895023893937,2
2025-06-11 14:50:00,2,0.037304812538790075,0.04151072991526927,0.9211844575459407,2
2025-06-11 14:55:00,2,0.036020203401893644,0.03617679128307656,0.9278030053150298,2
2025-06-11 15:00:00,2,0.029999433904555173,0.03662081664572,0.9333797494497248,2
2025-06-11 15:05:00,2,0.027840039358317824,0.026836763752611615,0.9453231968890705,2
2025-06-11 15:10:00,2,0.02934198058311179,0.03208381971239425,0.938574199704494,2
2025-06-11 15:15:00,2,0.030155208994957758,0.032086551252259135,0.937758239752783,2
2025-06-11 15:20:00,2,0.032358068444499316,0.03536608047756332,0.9322758510779373,2
2025-06-11 15:25:00,2,0.02315630903492493,0.03509461059138431,0.9417490803736909,2
2025-06-12 09:15:00,2,0.04661071658786027,0.03609213532993741,0.9172971480822023,2
2025-06-12 09:20:00,2,0.016370615127065787,0.015060923118128679,0.9685684617548056,2
2025-06-12 09:25:00,1,0.01764376932539949,0.019599186318462337,0.9627570443561382,2
2025-06-12 09:30:00,2,0.009380949540041048,0.011164115435883496,0.9794549350240754,2
2025-06-12 09:35:00,2,0.052603437288637055,0.08771920253244238,0.8596773601789206,2
2025-06-12 09:40:00,2,0.07317641332534795,0.050975646226947745,0.8758479404477043,2
2025-06-12 09:45:00,2,0.06022782220663679,0.061220072442705525,0.8785521053506576,2
2025-06-12 09:50:00,2,0.05762706798217349,0.06465301378318676,0.8777199182346398,2
2025-06-12 09:55:00,2,0.05717070749099326,0.06011117083411898,0.8827181216748878,2
2025-06-12 10:00:00,2,0.01169231459016566,0.01228768256951483,0.9760200028403195,2
2025-06-12 10:05:00,2,0.0620038739110642,0.055373600302838485,0.8826225257860973,2
2025-06-12 10:10:00,2,0.0522280903175873,0.051514558033558575,0.8962573516488541,2
2025-06-12 10:15:00,2,0.05221154302174902,0.05012102096285305,0.897667436015398,2
2025-06-12 10:20:00,2,0.05060751932384035,0.048130322606005374,0.9012621580701543,2
2025-06-12 10:25:00,1,0.040170585257550774,0.03912135110128781,0.9207080636411614,2
2025-06-12 10:30:00,2,0.0447717817953207,0.044102643243899335,0.91112557496078,2
2025-06-12 10:35:00,1,0.09687873512748929,0.07402094810111964,0.8291003167713911,2
2025-06-12 10:40:00,2,0.011906039454540593,0.012364346621836619,0.9757296139236228,2
2025-06-12 10:45:00,2,0.1317288698048795,0.09460098864449917,0.7736701415506214,2
2025-06-12 10:50:00,2,0.11717524431286415,0.09365531844137351,0.7891694372457623,2
2025-06-12 10:55:00,2,0.11590343375494822,0.08982390030930976,0.794272665935742,2
2025-06-12 11:00:00,2,0.11651925530077692,0.09651578889219078,0.7869649558070324,2
2025-06-12 11:05:00,2,0.10913517463191835,0.08618093516257153,0.8046838902055101,2
2025-06-12 11:10:00,2,0.015987411903775346,0.012037091702771178,0.9719754963934535,2
2025-06-12 11:15:00,2,0.11271937254852005,0.10687260055916087,0.780408026892319,2
2025-06-12 11:20:00,1,0.09059047013749678,0.09889721908852855,0.8105123107739747,2
2025-06-12 11:25:00,1,0.11306243830200238,0.09800720019759626,0.7889303615004013,2
2025-06-12 11:30:00,2,0.12313108080110093,0.10886773877001221,0.7680011804288869,2
2025-06-12 11:35:00,2,0.016031539849108482,0.012903537059745403,0.9710649230911461,2
2025-06-12 11:40:00,2,0.13189739295010366,0.11248884446654886,0.7556137625833474,2
2025-06-12 11:45:00,2,0.11863215802999363,0.1136341497130545,0.7677336922569519,2
2025-06-12 11:50:00,2,0.10727534797117061,0.10968206894421091,0.7830425830846186,2
2025-06-12 11:55:00,2,0.11125661119218817,0.09258342889047974,0.796159959917332,2
2025-06-12 12:00:00,2,0.015975563367794206,0.01247720827040295,0.9715472283618029,2
2025-06-12 12:05:00,2,0.11089280312193983,0.11156349122881831,0.7775437056492418,2
2025-06-12 12:10:00,2,0.08716013498125658,0.11967753254110322,0.7931623324776402,2
2025-06-12 12:15:00,2,0.08444962924389322,0.12102230197394818,0.7945280687821586,2
2025-06-12 12:20:00,2,0.07861141743588415,0.12096719987868607,0.8004213826854298,2
2025-06-12 12:25:00,2,0.10035659105854587,0.09842744374924937,0.8012159651922047,2
2025-06-12 12:30:00,2,0.09759396389753933,0.1015181885261652,0.8008878475762955,2
2025-06-12 12:35:00,2,0.09611557249065684,0.1253091337763848,0.7785752937329584,2
2025-06-12 12:40:00,2,0.10051630783829459,0.10657653928566757,0.7929071528760379,2
2025-06-12 12:45:00,1,0.10394700847300999,0.09471328960866117,0.8013397019183288,2
2025-06-12 12:50:00,1,0.10260828329465485,0.09790035076342496,0.7994913659419203,2
2025-06-12 12:55:00,2,0.1166248320167819,0.13376539953038025,0.7496097684528379,2
2025-06-12 13:00:00,2,0.11990207190418962,0.13577167727687195,0.7443262508189384,2
2025-06-12 13:05:00,2,0.11007682936790228,0.1238302589161077,0.76609291171599,2
2025-06-12 13:10:00,1,0.0934019298033688,0.13877581037707315,0.7678222598195581,2
2025-06-12 13:15:00,1,0.08530481408552607,0.1204381718657872,0.7942570140486868,2
2025-06-12 13:20:00,1,0.1094029723344873,0.10922120817238742,0.7813758194931253,2
2025-06-12 13:25:00,2,0.011865003379269283,0.01186029309137852,0.9762747035293522,2
2025-06-12 13:30:00,2,0.009611996968084466,0.011468203990767104,0.9789197990411485,2
2025-06-12 13:35:00,2,0.00802710308416116,0.011303760423267592,0.9806691364925713,2
2025-06-12 13:40:00,2,0.004775878977505185,0.011678246937740416,0.9835458740847544,2
2025-06-12 13:45:00,2,0.004694402199694819,0.010849051811205192,0.9844565459891,2
2025-06-12 13:50:00,2,0.008499484979547773,0.011286074569849315,0.9802144404506029,2
2025-06-12 13:55:00,2,0.008789855765724169,0.012074366776203238,0.9791357774580726,2
2025-06-12 14:00:00,2,0.005016247764168194,0.013185667301811326,0.9817980849340204,2
2025-06-12 14:05:00,2,0.004775262099944453,0.011645274936892649,0.9835794629631629,2
2025-06-12 14:10:00,2,0.009698701529225117,0.1880348878639825,0.8022664106067924,2
2025-06-12 14:15:00,0,0.0505104313665192,0.17848203517719516,0.7710075334562857,2
2025-06-12 14:20:00,2,0.05089526386936104,0.1739066021147469,0.775198134015892,2
2025-06-12 14:25:00,2,0.04678230040985931,0.1510494078266402,0.8021682917635005,2
2025-06-12 14:30:00,2,0.05373950905398469,0.16059898564950462,0.7856615052965108,2
2025-06-12 14:35:00,2,0.05738356922946691,0.1474218379406566,0.7951945928298765,2
2025-06-12 14:40:00,2,0.06265238039128863,0.1309610443380068,0.8063865752707046,2
2025-06-12 14:45:00,2,0.049152119106944975,0.1487211980097748,0.8021266828832803,2
2025-06-12 14:50:00,2,0.041357189422781264,0.0907001680475463,0.8679426425296725,2
2025-06-12 14:55:00,2,0.047015461741843456,0.12058749201745028,0.8323970462407063,2
2025-06-12 15:00:00,2,0.051070502095939864,0.13465517803303964,0.8142743198710205,2
2025-06-12 15:05:00,2,0.04256243206899005,0.09925334249909622,0.8581842254319137,2
2025-06-12 15:10:00,2,0.034264189362029254,0.05515327560720666,0.910582535030764,2
2025-06-12 15:15:00,2,0.03223818022342009,0.04192907326345113,0.9258327465131289,2
2025-06-12 15:20:00,2,0.01232152781597461,0.015795904448945443,0.97188256773508,2
2025-06-12 15:25:00,2,0.012061953126182016,0.014229156113549557,0.9737088907602685,2
2025-06-13 09:15:00,2,0.012141478975771145,0.2021446981580222,0.7857138228662067,2
2025-06-13 09:20:00,2,0.011864436907035819,0.19564500288119765,0.7924905602117666,2
2025-06-13 09:25:00,2,0.010295668533363809,0.19226494847820974,0.7974393829884265,2
2025-06-13 09:30:00,2,0.008818077346119536,0.20283428650658963,0.7883476361472909,2
2025-06-13 09:35:00,2,0.010542479782890359,0.1762899287841153,0.8131675914329943,2
2025-06-13 09:40:00,2,0.010032950555481398,0.18836191631608515,0.8016051331284335,2
2025-06-13 09:45:00,2,0.011934243061461798,0.1936059166542603,0.794459840284278,2
2025-06-13 09:50:00,2,0.13914455845944573,0.09549437811487059,0.7653610634256838,2
2025-06-13 09:55:00,2,0.1193520207308601,0.08353032538767216,0.7971176538814677,2
2025-06-13 10:00:00,2,0.10895736575968168,0.14109409551100027,0.7499485387293181,2
2025-06-13 10:05:00,2,0.06839146552169993,0.06285929287527098,0.8687492416030291,2
2025-06-13 10:10:00,2,0.11117153550681928,0.08705211072925935,0.8017763537639214,2
2025-06-13 10:15:00,0,0.08408750203249604,0.08547677699148418,0.8304357209760198,2
2025-06-13 10:20:00,2,0.12127787202866566,0.06378888264366882,0.8149332453276655,2
2025-06-13 10:25:00,2,0.07772191607767655,0.04877445442768402,0.8735036294946394,2
2025-06-13 10:30:00,2,0.10484551534769747,0.059985333947592166,0.8351691507047103,2
2025-06-13 10:35:00,2,0.23747208353883925,0.09818502550771785,0.664342890953443,2
2025-06-13 10:40:00,2,0.22421405799547187,0.11619106058719449,0.6595948814173336,2
2025-06-13 10:45:00,2,0.24043243604225917,0.1205247111360492,0.6390428528216916,2
2025-06-13 10:50:00,2,0.22886592422768226,0.096151096172943,0.6749829795993747,2
2025-06-13 10:55:00,2,0.24370872068875468,0.08425925540652787,0.6720320239047175,2
2025-06-13 11:00:00,1,0.2360831903378878,0.07347607549019117,0.6904407341719211,2
2025-06-13 11:05:00,2,0.237354108961281,0.08093893479502617,0.6817069562436928,2
2025-06-13 11:10:00,2,0.24192951185113937,0.09508190909992995,0.6629885790489307,2
2025-06-13 11:15:00,2,0.2410230167399593,0.08564701285255161,0.6733299704074891,2
2025-06-13 11:20:00,0,0.23647081927465344,0.08522865409997674,0.6783005266253699,2
2025-06-13 11:25:00,2,0.23111626387474424,0.07655698773571928,0.6923267483895365,2
2025-06-13 11:30:00,2,0.2549110947195332,0.06467835477127548,0.6804105505091913,2
2025-06-13 11:35:00,2,0.24750873455206315,0.05900091750971458,0.6934903479382223,2
2025-06-13 11:40:00,2,0.23697634486569208,0.06458358179851434,0.6984400733357936,2
2025-06-13 11:45:00,2,0.2466201686947295,0.06442559513766827,0.6889542361676022,2
2025-06-13 11:50:00,2,0.2367516807011516,0.06763896796920196,0.6956093513296464,2
2025-06-13 11:55:00,2,0.23551103413225227,0.06410276175074572,0.700386204117002,2
2025-06-13 12:00:00,0,0.23122240888269222,0.05553464479166525,0.7132429463256426,2
2025-06-13 12:05:00,0,0.24330116934178295,0.05852139774874331,0.6981774329094738,2
2025-06-13 12:10:00,2,0.2427676437709753,0.05408528547317218,0.7031470707558526,2
2025-06-13 12:15:00,2,0.30092561091300923,0.012002330306873279,0.6870720587801176,2
2025-06-13 12:20:00,2,0.26052929191901847,0.05183257823179166,0.6876381298491899,2
2025-06-13 12:25:00,2,0.26026843531188903,0.05626457009171489,0.683466994596396,2
2025-06-13 12:30:00,2,0.23772568084041618,0.07938498184547464,0.6828893373141092,2
2025-06-13 12:35:00,2,0.23772524831744912,0.0678795066254031,0.6943952450571478,2
2025-06-13 12:40:00,2,0.2198246137668871,0.07109084432648127,0.7090845419066316,2
2025-06-13 12:45:00,2,0.22615356614784077,0.072977759547085,0.7008686743050742,2
2025-06-13 12:50:00,2,0.20936303425719408,0.08160951376454074,0.7090274519782652,2
2025-06-13 12:55:00,2,0.1933232884251518,0.07596274092725057,0.7307139706475976,2
2025-06-13 13:00:00,2,0.1963964749427178,0.08090411582342624,0.7226994092338559,2
2025-06-13 13:05:00,2,0.18600296282753329,0.06863166492691043,0.7453653722455563,2
2025-06-13 13:10:00,2,0.17813832182053851,0.051833763177905834,0.7700279150015557,2
2025-06-13 13:15:00,0,0.18110254332557338,0.050341022510673496,0.7685564341637532,2
2025-06-13 13:20:00,0,0.19837241700380012,0.04839698830021874,0.7532305946959812,2
2025-06-13 13:25:00,0,0.205662407873479,0.049077284307829296,0.7452603078186918,2
2025-06-13 13:30:00,2,0.04340057629584322,0.01180694343530619,0.9447924802688505,2
2025-06-13 13:35:00,2,0.017509392363393536,0.015079736630360161,0.9674108710062463,2
2025-06-13 13:40:00,2,0.011746077803002642,0.014493007634981596,0.9737609145620159,2
2025-06-13 13:45:00,2,0.01539098558858202,0.01323005528780411,0.9713789591236139,2
2025-06-13 13:50:00,2,0.1803858332410635,0.055466160321536284,0.7641480064374002,2
2025-06-13 13:55:00,2,0.15555056750348664,0.06715868311553064,0.7772907493809827,2
2025-06-13 14:00:00,2,0.15679696974771562,0.05756985323455499,0.7856331770177294,2
2025-06-13 14:05:00,2,0.14006261643767123,0.05828631147079076,0.801651072091538,2
2025-06-13 14:10:00,2,0.13267986327458345,0.055806667508563584,0.8115134692168531,2
2025-06-13 14:15:00,2,0.13262997982343636,0.04713891853104692,0.8202311016455167,2
2025-06-13 14:20:00,2,0.12564150983139685,0.04876443355507261,0.8255940566135306,2
2025-06-13 14:25:00,2,0.12591627980523204,0.046045935969072055,0.8280377842256958,2
2025-06-13 14:30:00,1,0.12256876367834652,0.0461360974302641,0.8312951388913894,2
2025-06-13 14:35:00,1,0.11512037286311214,0.04501074357856638,0.8398688835583215,2
2025-06-13 14:40:00,2,0.011988508350206867,0.013346404019415942,0.9746650876303772,2
2025-06-13 14:45:00,2,0.011909674217221076,0.011645883927680104,0.9764444418550988,2
2025-06-13 14:50:00,2,0.01345608648301549,0.011419782157850205,0.9751241313591343,2
2025-06-13 14:55:00,2,0.013678576974526216,0.01099621578367466,0.9753252072417992,2
2025-06-13 15:00:00,2,0.14276057270173922,0.05086739184432035,0.8063720354539405,2
2025-06-13 15:05:00,2,0.1359873995400646,0.035433936592851364,0.828578663867084,2
2025-06-13 15:10:00,2,0.1107411391918391,0.03763568477620448,0.8516231760319564,2
2025-06-13 15:15:00,2,0.14045452074784853,0.04336545112823377,0.8161800281239177,2
2025-06-13 15:20:00,2,0.11668287116975042,0.03769468135554082,0.8456224474747087,2
2025-06-13 15:25:00,2,0.1395865050411974,0.04210259173750591,0.8183109032212967,2
2025-06-16 09:15:00,2,0.008011482470092281,0.02799623303419382,0.963992284495714,2
2025-06-16 09:20:00,2,0.00742084391150195,0.020339559672227083,0.9722395964162709,2
2025-06-16 09:25:00,2,0.011718809294235421,0.011754603536778995,0.9765265871689857,2
2025-06-16 09:30:00,1,0.06644900533552286,0.15043715287191958,0.7831138417925575,2
2025-06-16 09:35:00,2,0.06357526241126712,0.15485035530818927,0.7815743822805437,2
2025-06-16 09:40:00,2,0.06095921729195974,0.12541832713761286,0.8136224555704273,2
2025-06-16 09:45:00,2,0.12399463481448106,0.12082268434369464,0.7551826808418243,2
2025-06-16 09:50:00,0,0.09124141793293152,0.150474810647707,0.7582837714193615,2
2025-06-16 09:55:00,2,0.054558716100345794,0.13837155717654928,0.807069726723105,2
2025-06-16 10:00:00,0,0.052164718413702016,0.14509932741195047,0.8027359541743475,2
2025-06-16 10:05:00,2,0.04683438377331802,0.10547605783023724,0.8476895583964448,2
2025-06-16 10:10:00,0,0.03782968117057719,0.05414654960944821,0.9080237692199746,2
2025-06-16 10:15:00,0,0.04510447967249735,0.04762830078850859,0.9072672195389941,2
2025-06-16 10:20:00,0,0.029210233220375772,0.031077141806522456,0.9397126249731018,2
2025-06-16 10:25:00,2,0.00850211343695131,0.011224751164724822,0.9802731353983238,2
2025-06-16 10:30:00,2,0.009076716266487182,0.010391550107515276,0.9805317336259975,2
2025-06-16 10:35:00,2,0.009448311811975082,0.011456783820644792,0.9790949043673801,2
2025-06-16 10:40:00,2,0.009431914696590632,0.010597915635642385,0.979970169667767,2
2025-06-16 10:45:00,2,0.015162066600010219,0.010782447338156594,0.9740554860618331,2
2025-06-16 10:50:00,2,0.012077197888475378,0.010663605099866523,0.9772591970116582,2
2025-06-16 10:55:00,2,0.012326888040363037,0.010663605099866523,0.9770095068597705,2
2025-06-16 11:00:00,2,0.010408569653631348,0.009892772328508456,0.9796986580178602,2
2025-06-16 11:05:00,2,0.012465556183894127,0.00506190358544736,0.9824725402306586,2
2025-06-16 11:10:00,2,0.0304978791614135,0.011400087191545429,0.9581020336470412,2
2025-06-16 11:15:00,2,0.03223681419220302,0.010875730681137116,0.95688745512666,2
2025-06-16 11:20:00,0,0.2052092093566108,0.06686536282560993,0.7279254278177794,2
2025-06-16 11:25:00,0,0.20943288217710015,0.06419888080480882,0.7263682370180911,2
2025-06-16 11:30:00,0,0.20291294744225116,0.07736956866024369,0.7197174838975051,2
2025-06-16 11:35:00,2,0.19667858851731496,0.046476418290253375,0.7568449931924317,2
2025-06-16 11:40:00,2,0.19680431043580757,0.04008911324342471,0.7631065763207678,2
2025-06-16 11:45:00,2,0.22384812387346747,0.012936031031933526,0.763215845094599,2
2025-06-16 11:50:00,2,0.1985949704616087,0.05184807134654822,0.7495569581918431,2
2025-06-16 11:55:00,0,0.18493530954179455,0.07080023232302796,0.7442644581351776,2
2025-06-16 12:00:00,2,0.18018163826111547,0.07231143543131135,0.7475069263075732,2
2025-06-16 12:05:00,2,0.17820648438173467,0.07453389141286515,0.7472596242054002,2
2025-06-16 12:10:00,1,0.2032054541051138,0.03630076055483326,0.7604937853400531,2
2025-06-16 12:15:00,0,0.18614057584808114,0.05547544682127535,0.7583839773306436,2
2025-06-16 12:20:00,0,0.18428868710768764,0.04820219597363293,0.7675091169186794,2
2025-06-16 12:25:00,0,0.18393037929417433,0.05692686485243959,0.7591427558533862,2
2025-06-16 12:30:00,2,0.24328434189522735,0.021134066130784338,0.7355815919739883,2
2025-06-16 12:35:00,2,0.2755250129799051,0.011784774327583418,0.7126902126925114,2
2025-06-16 12:40:00,2,0.22863304639511103,0.026856086952108792,0.7445108666527802,2
2025-06-16 12:45:00,2,0.22339323187339818,0.03339743038187588,0.743209337744726,2
2025-06-16 12:50:00,2,0.2027846038318596,0.04689425759152394,0.7503211385766165,2
2025-06-16 12:55:00,2,0.20957389271155827,0.05321503351293669,0.7372110737755051,2
2025-06-16 13:00:00,2,0.20552775799672826,0.046418276816381644,0.7480539651868902,2
2025-06-16 13:05:00,2,0.207817658006885,0.042131089842691,0.750051252150424,2
2025-06-16 13:10:00,2,0.21028450105809826,0.04259062962213647,0.7471248693197653,2
2025-06-16 13:15:00,2,0.21479761481932208,0.04151741214773097,0.743684973032947,2
2025-06-16 13:20:00,2,0.1972595479269517,0.04160034014963646,0.7611401119234118,2
2025-06-16 13:25:00,2,0.21225114500141137,0.03102922879123079,0.7567196262073578,2
2025-06-16 13:30:00,2,0.20529001765684265,0.038114306077028606,0.7565956762661288,2
2025-06-16 13:35:00,2,0.19247595256818445,0.011449222015157901,0.7960748254166576,2
2025-06-16 13:40:00,2,0.14860569186636113,0.019160049572604573,0.8322342585610343,2
2025-06-16 13:45:00,2,0.13593007377074534,0.020910011746581955,0.8431599144826727,2
2025-06-16 13:50:00,2,0.13061445680591446,0.02570715578984256,0.8436783874042431,2
2025-06-16 13:55:00,2,0.1341174328405747,0.025305624281039926,0.8405769428783854,2
2025-06-16 14:00:00,2,0.15510488453617166,0.018189383765657006,0.8267057316981714,2
2025-06-16 14:05:00,2,0.21958732234130995,0.012908212605045476,0.7675044650536444,2
2025-06-16 14:10:00,2,0.19132497248748043,0.012736772169023804,0.7959382553434957,2
2025-06-16 14:15:00,2,0.15419330639602663,0.014009192062185701,0.8317975015417878,2
2025-06-16 14:20:00,2,0.1356188257795975,0.017180826160385715,0.8472003480600168,2
2025-06-16 14:25:00,2,0.12874705201114012,0.024637951865154464,0.8466149961237054,2
2025-06-16 14:30:00,2,0.09893422966995455,0.025107831384271605,0.8759579389457738,2
2025-06-16 14:35:00,2,0.10357020810613207,0.03071014828517209,0.8657196436086958,2
2025-06-16 14:40:00,2,0.09878896898778353,0.029069218646242352,0.8721418123659741,2
2025-06-16 14:45:00,2,0.09823334863549767,0.028416326910300466,0.8733503244542018,2
2025-06-16 14:50:00,2,0.09565714961154852,0.025946258372967056,0.8783965920154845,2
2025-06-16 14:55:00,2,0.08664700913046144,0.020457588229650985,0.8928954026398876,2
2025-06-16 15:00:00,2,0.10375310181325367,0.02059459732739844,0.875652300859348,2
2025-06-16 15:05:00,2,0.10738800257243346,0.01999409813059339,0.8726178992969732,2
2025-06-16 15:10:00,2,0.11122913968564684,0.013908324415511712,0.8748625358988414,2
2025-06-16 15:15:00,2,0.103657130571784,0.012649904419956204,0.8836929650082598,2
2025-06-16 15:20:00,2,0.11550757390909171,0.023567530168705202,0.8609248959222031,2
2025-06-16 15:25:00,2,0.1184426051390353,0.020288655262094286,0.8612687395988704,2
2025-06-17 09:15:00,2,0.009919010798076935,0.1459712488928714,0.8441097403090516,2
2025-06-17 09:20:00,2,0.009282050406960429,0.1397475324458709,0.8509704171471687,2
2025-06-17 09:25:00,2,0.010121455055538723,0.13597129185651424,0.853907253087947,2
2025-06-17 09:30:00,2,0.012054155149864165,0.15689274265308442,0.8310531021970514,2
2025-06-17 09:35:00,2,0.08470872137293797,0.09902372435916029,0.8162675542679018,2
2025-06-17 09:40:00,2,0.013574037490449536,0.1626829356817946,0.8237430268277559,2
2025-06-17 09:45:00,2,0.011046636937501382,0.14395383122152708,0.8449995318409717,2
2025-06-17 09:50:00,2,0.011865003379269283,0.15230797447090733,0.8358270221498234,2
2025-06-17 09:55:00,2,0.07201961744382664,0.08569300830838951,0.8422873742477839,2
2025-06-17 10:00:00,2,0.013830619939447073,0.14767774788082993,0.838491632179723,2
2025-06-17 10:05:00,2,0.010587688492943618,0.09735445048438673,0.8920578610226697,2
2025-06-17 10:10:00,2,0.011620085487051828,0.08439683563379759,0.9039830788791506,2
2025-06-17 10:15:00,2,0.05476889585856781,0.06769170904140592,0.8775393951000263,2
2025-06-17 10:20:00,2,0.030441136564693903,0.04077101347327287,0.9287878499620332,2
2025-06-17 10:25:00,2,0.03702002639977596,0.03970765042510251,0.9232723231751214,2
2025-06-17 10:30:00,2,0.04034646347824642,0.04413481190057051,0.9155187246211831,2
2025-06-17 10:35:00,2,0.0902124498866333,0.09737007522364655,0.8124174748897203,2
2025-06-17 10:40:00,1,0.08670513510915327,0.0920112851775862,0.8212835797132606,2
2025-06-17 10:45:00,2,0.09335039842257759,0.13274031491487592,0.7739092866625465,2
2025-06-17 10:50:00,2,0.08288625619045442,0.11662210865685452,0.8004916351526911,2
2025-06-17 10:55:00,2,0.07608137797432639,0.12126984084579388,0.8026487811798797,2
2025-06-17 11:00:00,2,0.06510902624463878,0.12022441561062906,0.8146665581447322,2
2025-06-17 11:05:00,2,0.06334984733914131,0.10539156511197621,0.8312585875488825,2
2025-06-17 11:10:00,2,0.05777726076038545,0.09081928688593939,0.8514034523536752,2
2025-06-17 11:15:00,2,0.0647965704901746,0.09295616347753842,0.842247266032287,2
2025-06-17 11:20:00,2,0.07004787268146842,0.07068479507587155,0.85926733224266,2
2025-06-17 11:25:00,2,0.06262023834244669,0.05851171314440788,0.8788680485131454,2
2025-06-17 11:30:00,2,0.05195599336735739,0.05269831741290608,0.8953456892197366,2
2025-06-17 11:35:00,2,0.05220401652948872,0.052912889654414964,0.8948830938160962,2
2025-06-17 11:40:00,1,0.05536359663077354,0.04811461958274579,0.8965217837864807,2
2025-06-17 11:45:00,2,0.06780497818125751,0.053422305391029795,0.8787727164277127,2
2025-06-17 11:50:00,2,0.058042080437154836,0.08671857989123134,0.8552393396716139,2
2025-06-17 11:55:00,2,0.059181292088235776,0.08217744251770569,0.8586412653940585,2
2025-06-17 12:00:00,2,0.05965806422671771,0.06326104306878197,0.8770808927045003,2
2025-06-17 12:05:00,2,0.047651435213364596,0.07451375997175141,0.8778348048148841,2
2025-06-17 12:10:00,2,0.07194112072057436,0.01706388415781275,0.910994995121613,2
2025-06-17 12:15:00,2,0.05525810466710451,0.0665442465719033,0.8781976487609922,2
2025-06-17 12:20:00,2,0.05601320512531134,0.06656791894940078,0.8774188759252879,2
2025-06-17 12:25:00,2,0.05662902339190237,0.060212592095149294,0.8831583845129484,2
2025-06-17 12:30:00,2,0.0591067891039522,0.0631793665006121,0.8777138443954356,2
2025-06-17 12:35:00,2,0.060519521532376025,0.015409788134622796,0.9240706903330012,2
2025-06-17 12:40:00,2,0.05806860837330512,0.012331319060650152,0.9296000725660447,2
2025-06-17 12:45:00,2,0.05808728896754707,0.011444035064720703,0.9304686759677323,2
2025-06-17 12:50:00,2,0.11365032350663466,0.011579426815796772,0.8747702496775686,2
2025-06-17 12:55:00,2,0.008789855765724169,0.012249819442732655,0.9789603247915432,2
2025-06-17 13:00:00,2,0.009698701529225117,0.01214717479070946,0.9781541236800654,2
2025-06-17 13:05:00,2,0.067850752342789,0.1078107387701767,0.8243385088870343,2
2025-06-17 13:10:00,2,0.06334533220646726,0.10437948168164199,0.8322751861118908,2
2025-06-17 13:15:00,2,0.06235683059237808,0.09876924415165803,0.8388739252559638,2
2025-06-17 13:20:00,2,0.07516357258333255,0.1003469833947621,0.8244894440219054,2
2025-06-17 13:25:00,2,0.07007409621114435,0.10589197719554891,0.8240339265933068,2
2025-06-17 13:30:00,2,0.06560169825557181,0.09029938004365946,0.8440989217007687,2
2025-06-17 13:35:00,2,0.03425746477510729,0.05584823098784289,0.9098943042370499,2
2025-06-17 13:40:00,2,0.0378092728816842,0.04776942199200651,0.9144213051263093,2
2025-06-17 13:45:00,2,0.04949704479021566,0.05011292136643576,0.9003900338433486,2
2025-06-17 13:50:00,2,0.041869143539493815,0.04776314949048481,0.9103677069700213,2
2025-06-17 13:55:00,2,0.04322063955436202,0.048778009366713206,0.9080013510789248,2
2025-06-17 14:00:00,2,0.04837863885282845,0.04602040628650356,0.905600954860668,2
2025-06-17 14:05:00,2,0.044079822851871425,0.040909211838598504,0.9150109653095302,2
2025-06-17 14:10:00,2,0.03871441061289961,0.04174738245449269,0.9195382069326077,2
2025-06-17 14:15:00,2,0.013425253644726442,0.0114005812623969,0.9751741650928767,2
2025-06-17 14:20:00,2,0.012823371101687051,0.011372329684429297,0.9758042992138837,2
2025-06-17 14:25:00,2,0.04430043575303644,0.045572550440618156,0.9101270138063454,2
2025-06-17 14:30:00,2,0.0443761756478431,0.043048460135358235,0.9125753642167986,2
2025-06-17 14:35:00,2,0.06169060042100004,0.06756831245949355,0.8707410871195065,2
2025-06-17 14:40:00,2,0.0590577612618956,0.05117527846699054,0.8897669602711139,2
2025-06-17 14:45:00,2,0.044153576209998775,0.051874856264421045,0.9039715675255802,2
2025-06-17 14:50:00,2,0.05953699840636683,0.04971476816673199,0.8907482334269012,2
2025-06-17 14:55:00,2,0.051851426556647415,0.047686697974257855,0.9004618754690947,2
2025-06-17 15:00:00,2,0.06532983527588829,0.08153142695026484,0.8531387377738469,2
2025-06-17 15:05:00,2,0.0604278234504081,0.07483527185899715,0.8647369046905947,2
2025-06-17 15:10:00,2,0.05240304206523,0.06494802931133076,0.8826489286234392,2
2025-06-17 15:15:00,2,0.05861123204008724,0.10981977601711954,0.8315689919427933,2
2025-06-17 15:20:00,2,0.06267748280928413,0.0964354802076996,0.8408870369830163,2
2025-06-17 15:25:00,2,0.05910573936538477,0.09733298953343633,0.843561271101179,2
2025-06-18 09:15:00,0,0.07635073184440457,0.08096523047855124,0.8426840376770443,2
2025-06-18 09:20:00,0,0.0605077388177021,0.039300200084515444,0.9001920610977825,2
2025-06-18 09:25:00,2,0.011784907129739416,0.011357437278376181,0.9768576555918844,2
2025-06-18 09:30:00,2,0.011735322490638168,0.01069744995582946,0.9775672275535324,2
2025-06-18 09:35:00,2,0.01015643432883995,0.009653131585626406,0.9801904340855336,2
2025-06-18 09:40:00,2,0.009815738395153688,0.009684386119068708,0.9804998754857777,2
2025-06-18 09:45:00,2,0.011953093021985516,0.011338661185118044,0.9767082457928965,2
2025-06-18 09:50:00,2,0.09804777786398391,0.0434025888194131,0.8585496333166031,2
2025-06-18 09:55:00,2,0.07791149906184933,0.04665488525541833,0.8754336156827324,2
2025-06-18 10:00:00,2,0.07482008163267401,0.041513356155780966,0.883666562211545,2
2025-06-18 10:05:00,2,0.06364764515733555,0.04049022443574826,0.8958621304069161,2
2025-06-18 10:10:00,2,0.049227368802350055,0.02625193831815987,0.92452069287949,2
2025-06-18 10:15:00,1,0.059532366931442746,0.031813294766019365,0.9086543383025378,2
2025-06-18 10:20:00,2,0.06604354655992545,0.05196801852188955,0.881988434918185,2
2025-06-18 10:25:00,2,0.05885668750796694,0.036089354156281894,0.9050539583357512,2
2025-06-18 10:30:00,2,0.054850730297399744,0.014170912826978889,0.9309783568756214,2
2025-06-18 10:35:00,1,0.17766598543452872,0.0973118351227055,0.7250221794427658,2
2025-06-18 10:40:00,1,0.15253420678080362,0.09642227431883521,0.7510435189003611,2
2025-06-18 10:45:00,2,0.18647235978312146,0.09812381268682445,0.7154038275300542,2
2025-06-18 10:50:00,2,0.012412983732639831,0.014797621734541267,0.9727893945328189,2
2025-06-18 10:55:00,2,0.1837768025485134,0.10190590912917376,0.7143172883223129,2
2025-06-18 11:00:00,2,0.18536879055895455,0.10070024416257488,0.7139309652784706,2
2025-06-18 11:05:00,2,0.18030322893228556,0.09848489650862786,0.7212118745590866,2
2025-06-18 11:10:00,1,0.16054912160593413,0.08469742262570162,0.7547534557683643,2
2025-06-18 11:15:00,2,0.01348992438821173,0.014748534424183828,0.9717615411876045,2
2025-06-18 11:20:00,2,0.012804265045256513,0.012682683544538213,0.9745130514102053,2
2025-06-18 11:25:00,2,0.013761356039889226,0.011890628784477735,0.9743480151756331,2
2025-06-18 11:30:00,2,0.009790276276760742,0.013532363570970953,0.9766773601522684,2
2025-06-18 11:35:00,2,0.16557027724459772,0.11495218590113693,0.7194775368542653,2
2025-06-18 11:40:00,1,0.12175511056408159,0.118775280547381,0.7594696088885374,2
2025-06-18 11:45:00,2,0.12191499500570332,0.11666373094118704,0.7614212740531097,2
2025-06-18 11:50:00,0,0.15011191498720822,0.11209427051552573,0.737793814497266,2
2025-06-18 11:55:00,2,0.012804265045256513,0.17711042327203336,0.8100853116827103,2
2025-06-18 12:00:00,2,0.1265791797508459,0.11935138499369201,0.7540694352554621,2
2025-06-18 12:05:00,1,0.11082405963704137,0.12147845742495982,0.7676974829379988,2
2025-06-18 12:10:00,1,0.11924835178573796,0.11470825222233194,0.76604339599193,2
2025-06-18 12:15:00,1,0.1323002890718468,0.11331126211932388,0.7543884488088293,2
2025-06-18 12:20:00,2,0.1541429894827533,0.12435401082868519,0.7215029996885616,2
2025-06-18 12:25:00,2,0.11754990776503406,0.13313961297610913,0.7493104792588569,2
2025-06-18 12:30:00,2,0.12231541420311322,0.13370875918387207,0.7439758266130148,2
2025-06-18 12:35:00,2,0.11199637718319172,0.13028018028848676,0.7577234425283215,2
2025-06-18 12:40:00,2,0.11334814390127496,0.13457199493021707,0.752079861168508,2
2025-06-18 12:45:00,2,0.012348501027924192,0.18266866448874158,0.8049828344833343,2
2025-06-18 12:50:00,2,0.11262030737296654,0.12062678954807525,0.7667529030789582,2
2025-06-18 12:55:00,0,0.10951178745930149,0.12303741979620646,0.767450792744492,2
2025-06-18 13:00:00,2,0.11257393622536595,0.13343678273697862,0.7539892810376554,2
2025-06-18 13:05:00,2,0.10516076202334576,0.1192565615651034,0.7755826764115509,2
2025-06-18 13:10:00,2,0.09060214123000648,0.10358157437743412,0.8058162843925594,2
2025-06-18 13:15:00,2,0.09293573681371739,0.12777157080994522,0.7792926923763374,2
2025-06-18 13:20:00,2,0.10268909952067798,0.10364112452003038,0.7936697759592917,2
2025-06-18 13:25:00,2,0.09958203262337066,0.1038763607442723,0.7965416066323571,2
2025-06-18 13:30:00,1,0.09448750506552624,0.0969051562329881,0.8086073387014857,2
2025-06-18 13:35:00,1,0.07365378121806519,0.06055639756000286,0.865789821221932,2
2025-06-18 13:40:00,2,0.06659767956971767,0.10172356475317845,0.8316787556771038,2
2025-06-18 13:45:00,2,0.06335927388232582,0.10105382030409599,0.8355869058135782,2
2025-06-18 13:50:00,2,0.04393588468971277,0.08403713787347593,0.8720269774368112,2
2025-06-18 13:55:00,2,0.05939421308070062,0.08643992531870258,0.8541658616005968,2
2025-06-18 14:00:00,2,0.05837134222109913,0.09126551027005374,0.8503631475088471,2
2025-06-18 14:05:00,2,0.056077908494387464,0.07881961498213687,0.8651024765234757,2
2025-06-18 14:10:00,2,0.05848364374730495,0.0656729793566677,0.8758433768960274,2
2025-06-18 14:15:00,2,0.03759122444465755,0.07752674245046479,0.8848820331048777,2
2025-06-18 14:20:00,2,0.012013024803847062,0.10910082788247039,0.8788861473136826,2
2025-06-18 14:25:00,2,0.059252268017789954,0.08988961779298897,0.8508581141892211,2
2025-06-18 14:30:00,2,0.06979928099210123,0.08358593705266773,0.8466147819552311,2
2025-06-18 14:35:00,2,0.06174788994191209,0.07572144312260995,0.862530666935478,2
2025-06-18 14:40:00,2,0.06102884261671281,0.07092808398069606,0.8680430734025911,2
2025-06-18 14:45:00,2,0.07697552309090201,0.092257105808606,0.8307673711004919,2
2025-06-18 14:50:00,2,0.07415300774013268,0.07860344434761823,0.8472435479122491,2
2025-06-18 14:55:00,2,0.013602105277951578,0.011579884540171925,0.9748180101818765,2
2025-06-18 15:00:00,2,0.10607257901893627,0.07846961640046579,0.815457804580598,2
2025-06-18 15:05:00,2,0.07427024722866718,0.06810200583762753,0.8576277469337052,2
2025-06-18 15:10:00,2,0.07943997662001713,0.06835768404450426,0.8522023393354786,2
2025-06-18 15:15:00,2,0.08186494555562597,0.06759478984231383,0.8505402646020602,2
2025-06-18 15:20:00,2,0.08514859044512721,0.07540344259519086,0.8394479669596819,2
2025-06-18 15:25:00,2,0.06340580600652668,0.07634178819403475,0.8602524057994385,2
2025-06-19 09:15:00,2,0.011865003379269283,0.01186029309137852,0.9762747035293522,2
2025-06-19 09:20:00,2,0.10738737357311802,0.06775616388898963,0.8248564625378924,2
2025-06-19 09:25:00,2,0.07090642773384855,0.049168208718540274,0.8799253635476112,2
2025-06-19 09:30:00,2,0.07517925418962397,0.053171526929902596,0.8716492188804734,2
2025-06-19 09:35:00,2,0.06112336233719087,0.04459738217637712,0.8942792554864321,2
2025-06-19 09:40:00,2,0.05691204208584055,0.035058880777533316,0.9080290771366262,2
2025-06-19 09:45:00,2,0.07657567206959433,0.060801672317250345,0.8626226556131553,2
2025-06-19 09:50:00,2,0.07442469873595364,0.08516235742421199,0.8404129438398343,2
2025-06-19 09:55:00,2,0.08706140325178527,0.04855534859969238,0.8643832481485223,2
2025-06-19 10:00:00,2,0.07468520096746029,0.0958231962054426,0.8294916028270971,2
2025-06-19 10:05:00,2,0.06116247576953064,0.06359434616260175,0.8752431780678676,2
2025-06-19 10:10:00,2,0.044880133274712,0.036585420692680275,0.9185344460326077,2
2025-06-19 10:15:00,2,0.04510768198698181,0.03788923710063444,0.9170030809123837,2
2025-06-19 10:20:00,2,0.03902756606870732,0.033137929925311886,0.9278345040059808,2
2025-06-19 10:25:00,2,0.03533788524804776,0.02773399825053615,0.936928116501416,2
2025-06-19 10:30:00,2,0.07136842057690147,0.05556190130658679,0.8730696781165117,2
2025-06-19 10:35:00,2,0.10891870985847604,0.09749648204092026,0.7935848081006037,2
2025-06-19 10:40:00,2,0.11009835202141732,0.09496833652632918,0.7949333114522535,2
2025-06-19 10:45:00,2,0.09969665376114055,0.10010592078366669,0.8001974254551928,2
2025-06-19 10:50:00,2,0.09799492998371226,0.09077607383615657,0.8112289961801311,2
2025-06-19 10:55:00,2,0.11645613698214058,0.09136352905659247,0.792180333961267,2
2025-06-19 11:00:00,2,0.0978082449579067,0.08869962178344308,0.8134921332586502,2
2025-06-19 11:05:00,2,0.1018960933234726,0.08383648226422646,0.8142674244123009,2
2025-06-19 11:10:00,2,0.09362502953664369,0.0831711392590315,0.8232038312043248,2
2025-06-19 11:15:00,2,0.06369856594988972,0.09452710586516647,0.8417743281849438,2
2025-06-19 11:20:00,2,0.09159095472891424,0.05592728567031124,0.8524817596007745,2
2025-06-19 11:25:00,2,0.09343606388191728,0.06462281642499579,0.8419411196930869,2
2025-06-19 11:30:00,2,0.08235219736333042,0.06280384470805504,0.8548439579286146,2
2025-06-19 11:35:00,2,0.09321376314616085,0.06487397153606068,0.8419122653177785,2
2025-06-19 11:40:00,2,0.0921827325037845,0.07910460999600102,0.8287126575002145,2
2025-06-19 11:45:00,2,0.0806312319908234,0.06030778874212916,0.8590609792670474,2
2025-06-19 11:50:00,2,0.07572070710008659,0.06584162817657242,0.858437664723341,2
2025-06-19 11:55:00,2,0.06140038859712675,0.07375315255393959,0.8648464588489337,2
2025-06-19 12:00:00,2,0.07969450323742122,0.05705815365116758,0.8632473431114112,2
2025-06-19 12:05:00,2,0.0875160104223885,0.049360650174837546,0.863123339402774,2
2025-06-19 12:10:00,2,0.08805156942809791,0.04867410611804195,0.8632743244538601,2
2025-06-19 12:15:00,2,0.09040797755624394,0.044279617237908714,0.8653124052058473,2
2025-06-19 12:20:00,2,0.0849774839044106,0.04653178753767748,0.8684907285579119,2
2025-06-19 12:25:00,2,0.08693367066252829,0.045416200491202825,0.8676501288462689,2
2025-06-19 12:30:00,2,0.05944198376541654,0.046859301041422025,0.8936987151931615,2
2025-06-19 12:35:00,2,0.07757860172052852,0.048562180405100935,0.8738592178743705,2
2025-06-19 12:40:00,2,0.03599080414429963,0.02594800435692997,0.9380611914987704,2
2025-06-19 12:45:00,2,0.01181773149639075,0.01231842251748027,0.9758638459861291,2
2025-06-19 12:50:00,2,0.06893199926770627,0.06446780839087064,0.866600192341423,2
2025-06-19 12:55:00,2,0.06485746517247341,0.06465716351989771,0.8704853713076289,2
2025-06-19 13:00:00,2,0.07689096038125644,0.06239912477579326,0.8607099148429503,2
2025-06-19 13:05:00,2,0.08213583815786635,0.05446411466558944,0.8634000471765442,2
2025-06-19 13:10:00,2,0.07853876795078547,0.0693509836406517,0.8521102484085629,2
2025-06-19 13:15:00,2,0.09181767739593272,0.0698931363767912,0.8382891862272761,2
2025-06-19 13:20:00,2,0.08679425456832635,0.06632826610797461,0.8468774793236991,2
2025-06-19 13:25:00,2,0.09135610248270906,0.07120344344033833,0.8374404540769527,2
2025-06-19 13:30:00,2,0.08907410645468497,0.07655196117728261,0.8343739323680325,2
2025-06-19 13:35:00,2,0.05693605136564519,0.047668610018844586,0.8953953386155102,2
2025-06-19 13:40:00,2,0.059202960865885244,0.04799873855120091,0.8927983005829139,2
2025-06-19 13:45:00,0,0.0598520688702058,0.04387718789556605,0.8962707432342282,2
2025-06-19 13:50:00,0,0.058669770405349486,0.04096248382402229,0.9003677457706283,2
2025-06-19 13:55:00,2,0.045260929102291195,0.03237296121470181,0.922366109683007,2
2025-06-19 14:00:00,2,0.014379151168844478,0.01736607129743146,0.968254777533724,2
2025-06-19 14:05:00,2,0.015269383598427761,0.013520978624195316,0.9712096377773769,2
2025-06-19 14:10:00,2,0.01005929817560688,0.014240310788701674,0.9757003910356914,2
2025-06-19 14:15:00,2,0.00990399685712534,0.014975041640151399,0.9751209615027233,2
2025-06-19 14:20:00,2,0.05729930930021334,0.03544516298567949,0.9072555277141071,2
2025-06-19 14:25:00,2,0.060605932945548315,0.07446576696228527,0.8649283000921664,2
2025-06-19 14:30:00,2,0.05871624195784308,0.05210185248454487,0.889181905557612,2
2025-06-19 14:35:00,2,0.05775391215802953,0.06450276930469874,0.8777433185372717,2
2025-06-19 14:40:00,2,0.07913881188757588,0.07969273624851503,0.8411684518639091,2
2025-06-19 14:45:00,2,0.06188241922186631,0.06081054450134364,0.8773070362767901,2
2025-06-19 14:50:00,2,0.05722073120088793,0.0634552729098694,0.8793239958892427,2
2025-06-19 14:55:00,2,0.058848604602790795,0.04938635240326549,0.8917650429939438,2
2025-06-19 15:00:00,2,0.06585916015776166,0.0551611891335098,0.8789796507087285,2
2025-06-19 15:05:00,2,0.06307329102863489,0.059268738115708985,0.877657970855656,2
2025-06-19 15:10:00,2,0.012219176599731266,0.004922538347054207,0.9828582850532145,2
2025-06-19 15:15:00,2,0.018859829281055836,0.005034118910751983,0.9761060518081921,2
2025-06-19 15:20:00,2,0.019635923357816443,0.0049651710309036555,0.97539890561128,2
2025-06-19 15:25:00,2,0.046539405300159646,0.010967509889233335,0.942493084810607,2
2025-06-20 09:15:00,2,0.07454515949040363,0.07271176265692351,0.8527430778526729,2
2025-06-20 09:20:00,2,0.07391578060971382,0.12121697948524839,0.8048672399050377,2
2025-06-20 09:25:00,0,0.06456794906969697,0.1443746448089501,0.791057406121353,2
2025-06-20 09:30:00,0,0.06572287291006951,0.14171389174702032,0.7925632353429102,2
2025-06-20 09:35:00,2,0.05862467729349264,0.10058363718085903,0.8407916855256483,2
2025-06-20 09:40:00,2,0.05410259321797257,0.03929954984981716,0.9065978569322103,2
2025-06-20 09:45:00,2,0.007494093007754937,0.014300158525020668,0.9782057484672244,2
2025-06-20 09:50:00,2,0.07100467586392957,0.05672605729803152,0.872269266838039,2
2025-06-20 09:55:00,0,0.06361736298610217,0.06315368202654269,0.8732289549873552,2
2025-06-20 10:00:00,0,0.048854437127701766,0.04258532659670218,0.908560236275596,2
2025-06-20 10:05:00,0,0.03658132277801667,0.02393232301399749,0.9394863542079859,2
2025-06-20 10:10:00,2,0.010863356614098992,0.013150325059124736,0.9759863183267763,2
2025-06-20 10:15:00,2,0.00979027627676074,0.013532440287552289,0.9766772834356869,2
2025-06-20 10:20:00,2,0.009223688230583966,0.011223690067601976,0.979552621701814,2
2025-06-20 10:25:00,2,0.009294855898457018,0.009670299847540505,0.9810348442540024,2
2025-06-20 10:30:00,2,0.00843551912016743,0.009585809374310762,0.9819786715055219,2
2025-06-20 10:35:00,2,0.016081100379772104,0.010795540664527944,0.9731233589557,2
2025-06-20 10:40:00,2,0.027689366528678375,0.011296898021644231,0.9610137354496774,2
2025-06-20 10:45:00,2,0.0243253775229831,0.01150283964280483,0.9641717828342121,2
2025-06-20 10:50:00,2,0.01613012267798299,0.01144130849164209,0.972428568830375,2
2025-06-20 10:55:00,2,0.20143569568480021,0.05742652594968008,0.7411377783655196,2
2025-06-20 11:00:00,2,0.1865617089375604,0.04521975199615146,0.7682185390662881,2
2025-06-20 11:05:00,2,0.16029696735399007,0.04008828604990798,0.7996147465961019,2
2025-06-20 11:10:00,2,0.18132499707197666,0.028591590342205965,0.7900834125858174,2
2025-06-20 11:15:00,2,0.18915516131480645,0.044691919264978376,0.7661529194202152,2
2025-06-20 11:20:00,0,0.19108598433400692,0.04103475450543302,0.76787926116056,2
2025-06-20 11:25:00,2,0.17955621741133762,0.040687616892820924,0.7797561656958415,2
2025-06-20 11:30:00,2,0.18221426629214493,0.029311196574385405,0.7884745371334697,2
2025-06-20 11:35:00,2,0.2200492208328097,0.01193004440201502,0.7680207347651753,2
2025-06-20 11:40:00,2,0.18825675039608392,0.04046187073580471,0.7712813788681114,2
2025-06-20 11:45:00,2,0.1868477754891389,0.025833942276795713,0.7873182822340654,2
2025-06-20 11:50:00,2,0.18529584138991323,0.021140730037689688,0.7935634285723971,2
2025-06-20 11:55:00,2,0.1904352236649643,0.02616855607201221,0.7833962202630236,2
2025-06-20 12:00:00,2,0.18042850987334924,0.025947628313735177,0.7936238618129156,2
2025-06-20 12:05:00,1,0.19163558059481337,0.024893945665452374,0.7834704737397343,2
2025-06-20 12:10:00,1,0.19345215980096164,0.020015358452840436,0.7865324817461979,2
2025-06-20 12:15:00,1,0.18374964783885067,0.040923639923468785,0.7753267122376806,2
2025-06-20 12:20:00,2,0.19481193971862487,0.05405788991656652,0.7511301703648086,2
2025-06-20 12:25:00,2,0.19056499474449293,0.06987622687048037,0.7395587783850267,2
2025-06-20 12:30:00,2,0.011856058115551566,0.1544112050829648,0.8337327368014836,2
2025-06-20 12:35:00,0,0.191324334381747,0.07254321311149932,0.7361324525067537,2
2025-06-20 12:40:00,2,0.14693995295093393,0.07512970131713803,0.7779303457319281,2
2025-06-20 12:45:00,2,0.1770617414960587,0.043124525279289165,0.7798137332246521,2
2025-06-20 12:50:00,2,0.18045650955159437,0.038675120988646006,0.7808683694597596,2
2025-06-20 12:55:00,2,0.17614921522769394,0.042737593361416804,0.7811131914108893,2
2025-06-20 13:00:00,0,0.17034701440887154,0.03763945605073374,0.7920135295403947,2
2025-06-20 13:05:00,2,0.1724547846492186,0.037726424712236944,0.7898187906385444,2
2025-06-20 13:10:00,0,0.16296178722564972,0.040237693410541044,0.7968005193638092,2
2025-06-20 13:15:00,2,0.015123660429320005,0.011613995636618406,0.9732623439340616,2
2025-06-20 13:20:00,2,0.17097189861610565,0.041855930211885314,0.7871721711720091,2
2025-06-20 13:25:00,2,0.16190960613099106,0.023461555443463553,0.8146288384255455,2
2025-06-20 13:30:00,2,0.1756241846232925,0.029121014102146358,0.7952548012745612,2
2025-06-20 13:35:00,2,0.08599245271092629,0.024123475232790983,0.8898840720562828,2
2025-06-20 13:40:00,2,0.09021049818208615,0.027721507596427348,0.8820679942214865,2
2025-06-20 13:45:00,2,0.08635343927122094,0.02735778451326254,0.8862887762155165,2
2025-06-20 13:50:00,2,0.08639876286676733,0.02147882338993467,0.892122413743298,2
2025-06-20 13:55:00,2,0.10957178520161544,0.03440049626563145,0.8560277185327532,2
2025-06-20 14:00:00,2,0.0972284272823555,0.02959991392497733,0.8731716587926672,2
2025-06-20 14:05:00,2,0.08976386539582618,0.023558189797178945,0.8866779448069949,2
2025-06-20 14:10:00,2,0.08783038395973981,0.022998004673644535,0.8891716113666157,2
2025-06-20 14:15:00,2,0.09164253629156718,0.02544379231729825,0.8829136713911345,2
2025-06-20 14:20:00,2,0.10545705455639776,0.01939596766659716,0.8751469777770051,2
2025-06-20 14:25:00,2,0.11515213293598472,0.033163830167138246,0.8516840368968771,2
2025-06-20 14:30:00,2,0.0931624343291779,0.03723069639754936,0.8696068692732728,2
2025-06-20 14:35:00,2,0.10887446391297208,0.024085313991124905,0.867040222095903,2
2025-06-20 14:40:00,2,0.11191296631687954,0.02290845281551033,0.8651785808676101,2
2025-06-20 14:45:00,0,0.10759218428113858,0.02101322601465626,0.8713945897042051,2
2025-06-20 14:50:00,0,0.1161487259147945,0.029062808569870074,0.8547884655153355,2
2025-06-20 14:55:00,0,0.1053610225296705,0.021800977910180583,0.8728379995601488,2
2025-06-20 15:00:00,2,0.16203277971837035,0.011368681236864402,0.8265985390447652,2
2025-06-20 15:05:00,2,0.13212482491573851,0.0129102257896282,0.8549649492946333,2
2025-06-20 15:10:00,2,0.2038379129700762,0.011725419885547258,0.7844366671443765,2
2025-06-20 15:15:00,2,0.18530387916560076,0.011371152921375936,0.8033249679130233,2
2025-06-20 15:20:00,2,0.17899541457329204,0.012408965279455,0.8085956201472531,2
2025-06-20 15:25:00,2,0.03109881899252646,0.01382853047875892,0.9550726505287146,2
2025-06-23 09:15:00,1,0.007833144434290467,0.18220602496119048,0.8099608306045191,2
2025-06-23 09:20:00,1,0.008789855765724169,0.1669994985617651,0.8242106456725108,2
2025-06-23 09:25:00,1,0.008845992285542453,0.1580613633420041,0.8330926443724535,2
2025-06-23 09:30:00,2,0.007673996421825436,0.16157180803612425,0.8307541955420503,2
2025-06-23 09:35:00,2,0.01035209397218991,0.1630094738391998,0.8266384321886102,2
2025-06-23 09:40:00,2,0.010032950555481398,0.1609633339219408,0.8290037155225778,2
2025-06-23 09:45:00,2,0.011692314590165658,0.17915044548238618,0.8091572399274481,2
2025-06-23 09:50:00,2,0.011856058115551567,0.17998451355860903,0.8081594283258394,2
2025-06-23 09:55:00,2,0.011817731496390751,0.18206418266531113,0.8061180858382981,2
2025-06-23 10:00:00,2,0.011906039454540593,0.1657627714212912,0.8223311891241682,2
2025-06-23 10:05:00,2,0.046094219569892396,0.09863291992195117,0.8552728605081565,2
2025-06-23 10:10:00,2,0.040209836359851474,0.06753830100958146,0.8922518626305671,2
2025-06-23 10:15:00,2,0.023407305804196334,0.05706210393851182,0.9195305902572919,2
2025-06-23 10:20:00,2,0.03918502220197767,0.054716988030709346,0.906097989767313,2
2025-06-23 10:25:00,2,0.03879483149476307,0.04007387924490568,0.9211312892603313,2
2025-06-23 10:30:00,2,0.02736643790462154,0.03547453174816709,0.9371590303472114,2
2025-06-23 10:35:00,2,0.09938075294608928,0.09232780529941562,0.8082914417544951,2
2025-06-23 10:40:00,2,0.09782983983809512,0.10596821143692478,0.7962019487249801,2
2025-06-23 10:45:00,2,0.08493872173947045,0.09347528158235971,0.8215859966781699,2
2025-06-23 10:50:00,2,0.1385753432038078,0.10121166199812778,0.7602129947980644,2
2025-06-23 10:55:00,2,0.12735121023933038,0.08428241747077951,0.78836637228989,2
2025-06-23 11:00:00,2,0.12567932076795027,0.09351569088250584,0.7808049883495439,2
2025-06-23 11:05:00,0,0.13555040953952602,0.08685028700906278,0.7775993034514113,2
2025-06-23 11:10:00,2,0.12780571004656066,0.07347921330314569,0.7987150766502937,2
2025-06-23 11:15:00,0,0.13607212887954329,0.0705773485995045,0.7933505225209523,2
2025-06-23 11:20:00,2,0.11651819445730036,0.07595435321400901,0.8075274523286906,2
2025-06-23 11:25:00,2,0.09791327592910509,0.057446829068059146,0.8446398950028358,2
2025-06-23 11:30:00,2,0.01208697291801533,0.013170878060657844,0.9747421490213268,2
2025-06-23 11:35:00,2,0.013707368536156105,0.012989327235984791,0.9733033042278592,2
2025-06-23 11:40:00,2,0.01372745919440063,0.01200406430023647,0.9742684765053629,2
2025-06-23 11:45:00,2,0.11748636646124674,0.06829576875747553,0.8142178647812777,2
2025-06-23 11:50:00,2,0.12762279969455886,0.10552163321776875,0.7668555670876724,2
2025-06-23 11:55:00,2,0.10306760161049687,0.08645257983244187,0.8104798185570612,2
2025-06-23 12:00:00,2,0.09033447921252888,0.08298932021097848,0.8266762005764926,2
2025-06-23 12:05:00,2,0.10309432938845416,0.05589515161989609,0.8410105189916497,2
2025-06-23 12:10:00,2,0.00690948850882528,0.00450818378343943,0.9885823277077352,2
2025-06-23 12:15:00,2,0.008040418545693161,0.004652190758069037,0.9873073906962379,2
2025-06-23 12:20:00,2,0.008040418545729355,0.004652190757570551,0.9873073906967001,2
2025-06-23 12:25:00,2,0.004491790248439461,0.004495926784853756,0.9910122829667067,2
2025-06-23 12:30:00,2,0.008666373419962117,0.004713270197728441,0.9866203563823095,2
2025-06-23 12:35:00,2,0.007878580115056108,0.004558550963555397,0.9875628689213884,2
2025-06-23 12:40:00,2,0.004484748961042744,0.004496212266022232,0.9910190387729351,2
2025-06-23 12:45:00,2,0.007780577041115889,0.0045218773943120115,0.9876975455645721,2
2025-06-23 12:50:00,2,0.007878580108765274,0.004558551052044982,0.9875628688391898,2
2025-06-23 12:55:00,2,0.007878580115022878,0.004558550964022717,0.9875628689209544,2
2025-06-23 13:00:00,2,0.008666373085580282,0.004713274467759518,0.9866203524466602,2
2025-06-23 13:05:00,2,0.008029987337827837,0.004646274176874474,0.9873237384852976,2
2025-06-23 13:10:00,2,0.004484845362842892,0.004496208536497594,0.9910189461006595,2
2025-06-23 13:15:00,2,0.004798594616452437,0.011641704915795227,0.9835597004677523,2
2025-06-23 13:20:00,2,0.00489430003714517,0.01593912642720669,0.9791665735356482,2
2025-06-23 13:25:00,2,0.004994094749095065,0.015448773550574668,0.9795571317003302,2
2025-06-23 13:30:00,2,0.004990333967867496,0.017880605408074547,0.9771290606240579,2
2025-06-23 13:35:00,2,0.004940436580919201,0.01310603358888409,0.9819535298301968,2
2025-06-23 13:40:00,2,0.013299696056657649,0.021351696074899427,0.9653486078684429,2
2025-06-23 13:45:00,2,0.014521681360264388,0.02271543712701732,0.9627628815127183,2
2025-06-23 13:50:00,2,0.013626848321985668,0.020609093111741337,0.965764058566273,2
2025-06-23 13:55:00,2,0.013653511135567757,0.011939090700208734,0.9744073981642235,2
2025-06-23 14:00:00,2,0.00850211343695131,0.011224751164724822,0.9802731353983238,2
2025-06-23 14:05:00,1,0.11447121404078606,0.03784083321068027,0.8476879527485337,2
2025-06-23 14:10:00,2,0.08502491185695205,0.04813095695090429,0.8668441311921438,2
2025-06-23 14:15:00,2,0.0826142127362589,0.04428494134767052,0.8731008459160706,2
2025-06-23 14:20:00,2,0.07011308867386806,0.04745295544275178,0.8824339558833801,2
2025-06-23 14:25:00,2,0.06978124535043781,0.04898185912506946,0.8812368955244927,2
2025-06-23 14:30:00,2,0.06751719984721853,0.05772432961173679,0.8747584705410446,2
2025-06-23 14:35:00,2,0.07322062033202695,0.05751969435775135,0.8692596853102217,2
2025-06-23 14:40:00,2,0.06671028636980397,0.05153767137845237,0.8817520422517436,2
2025-06-23 14:45:00,2,0.07302814047727794,0.06685761379695522,0.8601142457257668,2
2025-06-23 14:50:00,2,0.06746596160625756,0.05785514651821757,0.8746788918755248,2
2025-06-23 14:55:00,2,0.05893496517295923,0.05215948348784461,0.8889055513391961,2
2025-06-23 15:00:00,2,0.05283765620678288,0.050118119453811616,0.8970442243394054,2
2025-06-23 15:05:00,2,0.05823968782558855,0.047253223885282206,0.8945070882891293,2
2025-06-23 15:10:00,2,0.058164351224559825,0.04551897617857666,0.8963166725968635,2
2025-06-23 15:15:00,2,0.05038649194307828,0.04270851069899648,0.9069049973579253,2
2025-06-23 15:20:00,2,0.012919051793207915,0.011486306300853875,0.9755946419059383,2
2025-06-23 15:25:00,2,0.013425253644726442,0.011429704031905496,0.9751450423233681,2
2025-06-24 09:15:00,2,0.008710606445958115,0.011536566880209355,0.9797528266738326,2
2025-06-24 09:20:00,2,0.009217288596647626,0.01055248544687206,0.9802302259564803,2
2025-06-24 09:25:00,2,0.011905921288525105,0.011474061932526867,0.976620016778948,2
2025-06-24 09:30:00,2,0.009223688230583966,0.011148970010022722,0.9796273417593933,2
2025-06-24 09:35:00,2,0.06517394620071067,0.09880616838518258,0.8360198854141068,2
2025-06-24 09:40:00,2,0.061111868573880165,0.07741850442040703,0.8614696270057128,2
2025-06-24 09:45:00,0,0.07611457742661515,0.10832415951614437,0.8155612630572405,2
2025-06-24 09:50:00,2,0.06423144252082827,0.08855518625029889,0.8472133712288729,2
2025-06-24 09:55:00,2,0.0770210237813286,0.061202739592630985,0.8617762366260404,2
2025-06-24 10:00:00,2,0.05708601150904498,0.04724042416400004,0.895673564326955,2
2025-06-24 10:05:00,2,0.046681573873050386,0.029644814122109224,0.9236736120048404,2
2025-06-24 10:10:00,2,0.10692305045301317,0.010975284752760411,0.8821016647942265,2
2025-06-24 10:15:00,2,0.09053922884138045,0.005269709421803868,0.9041910617368156,2
2025-06-24 10:20:00,2,0.07366718966598966,0.028461796608764346,0.897871013725246,2
2025-06-24 10:25:00,2,0.07676860869228978,0.019031132320496958,0.9042002589872133,2
2025-06-24 10:30:00,2,0.05626818679589566,0.04237283159148352,0.9013589816126208,2
2025-06-24 10:35:00,2,0.10938294119063333,0.062303051071633614,0.8283140077377331,2
2025-06-24 10:40:00,2,0.12332765136522102,0.08058526500619421,0.7960870836285848,2
2025-06-24 10:45:00,0,0.11217451101656381,0.09758133938188232,0.7902441496015539,2
2025-06-24 10:50:00,0,0.11792717392831206,0.0864342789292517,0.7956385471424362,2
2025-06-24 10:55:00,0,0.09494712483973759,0.06230373534498874,0.8427491398152737,2
2025-06-24 11:00:00,2,0.11379443468431846,0.04077606968806875,0.8454294956276127,2
2025-06-24 11:05:00,2,0.19289671317111035,0.011448675407476808,0.7956546114214128,2
2025-06-24 11:10:00,0,0.1739182229158595,0.02481617581914449,0.801265601264996,2
2025-06-24 11:15:00,2,0.17340559279264098,0.04363498974785412,0.7829594174595049,2
2025-06-24 11:20:00,2,0.18755154419919873,0.011935841198335469,0.8005126146024659,2
2025-06-24 11:25:00,2,0.19925809164434055,0.010845208137076527,0.7898967002185829,2
2025-06-24 11:30:00,2,0.2032590913275284,0.01087118136185029,0.7858697273106213,2
2025-06-24 11:35:00,2,0.19076683175548276,0.042254308840301354,0.766978859404216,2
2025-06-24 11:40:00,2,0.18150608876258076,0.025060828265091324,0.793433082972328,2
2025-06-24 11:45:00,2,0.1791365758701885,0.03119513168670778,0.7896682924431038,2
2025-06-24 11:50:00,0,0.18468634959798266,0.028262413784514717,0.7870512366175026,2
2025-06-24 11:55:00,0,0.1938961862919662,0.011449222015157901,0.7946545916928759,2
2025-06-24 12:00:00,2,0.19147928898306318,0.01164003826233958,0.7968806727545972,2
2025-06-24 12:05:00,2,0.19412820117451934,0.010967016297584726,0.794904782527896,2
2025-06-24 12:10:00,2,0.19793120387547902,0.009920926023017328,0.7921478701015037,2
2025-06-24 12:15:00,2,0.17185714144293882,0.03627666736491297,0.7918661911921483,2
2025-06-24 12:20:00,1,0.16010596362281684,0.02865558328937394,0.8112384530878093,2
2025-06-24 12:25:00,1,0.15869930282476177,0.04390203193045637,0.7973986652447819,2
2025-06-24 12:30:00,1,0.1683454955279366,0.03946021533561538,0.792194289136448,2
2025-06-24 12:35:00,2,0.2026918654641089,0.09249933753269328,0.7048087970031978,2
2025-06-24 12:40:00,2,0.010572740834401984,0.22372339859378784,0.7657038605718102,2
2025-06-24 12:45:00,2,0.2337786771141643,0.17343701982852303,0.5927843030573127,2
2025-06-24 12:50:00,1,0.19897274031806317,0.1265879993960785,0.6744392602858583,2
2025-06-24 12:55:00,1,0.22623004372964173,0.1319617026951353,0.641808253575223,2
2025-06-24 13:00:00,1,0.24652073034266134,0.16254977873192172,0.590929490925417,2
2025-06-24 13:05:00,1,0.21774866412120245,0.15359944546467627,0.6286518904141213,2
2025-06-24 13:10:00,1,0.24976267170662692,0.16185327854965154,0.5883840497437215,2
2025-06-24 13:15:00,1,0.22878301129577544,0.16342994343861733,0.6077870452656072,2
2025-06-24 13:20:00,2,0.01282337110168705,0.011446992201563125,0.9757296366967498,2
2025-06-24 13:25:00,2,0.01956985266807978,0.020158207575754216,0.960271939756166,2
2025-06-24 13:30:00,2,0.01169231459016566,0.012333307255559816,0.9759743781542746,2
2025-06-24 13:35:00,2,0.008277446674210608,0.010379773702221103,0.9813427796235683,2
2025-06-24 13:40:00,2,0.008345761488687967,0.1765944143026843,0.8150598242086278,2
2025-06-24 13:45:00,2,0.006942165270089595,0.1783548912514513,0.8147029434784592,2
2025-06-24 13:50:00,1,0.12235655002657875,0.18842791294489944,0.6892155370285218,2
2025-06-24 13:55:00,1,0.09621502885623334,0.16729479510282513,0.7364901760409415,2
2025-06-24 14:00:00,2,0.013379408611597032,0.2100859602326256,0.7765346311557775,2
2025-06-24 14:05:00,2,0.03114351282793873,0.20193581700204238,0.7669206701700189,2
2025-06-24 14:10:00,2,0.08661788759398137,0.18420480957859225,0.7291773028274263,2
2025-06-24 14:15:00,2,0.07962908416756595,0.1805753076962211,0.7397956081362129,2
2025-06-24 14:20:00,0,0.10075379478134308,0.18618318866294079,0.7130630165557161,2
2025-06-24 14:25:00,2,0.08052305087190868,0.16246264173210972,0.7570143073959815,2
2025-06-24 14:30:00,2,0.08925470329591978,0.16368124432061698,0.7470640523834632,2
2025-06-24 14:35:00,2,0.07460839516999376,0.14030345108227255,0.7850881537477337,2
2025-06-24 14:40:00,2,0.09762305695725466,0.13068390584752407,0.7716930371952213,2
2025-06-24 14:45:00,2,0.10422582337762407,0.150708473784091,0.7450657028382849,2
2025-06-24 14:50:00,2,0.07777486099363226,0.12347577128096432,0.7987493677254034,2
2025-06-24 14:55:00,2,0.09303813702349328,0.15473584960337425,0.7522260133731324,2
2025-06-24 15:00:00,2,0.099108112490956,0.14111000586369274,0.7597818816453513,2
2025-06-24 15:05:00,2,0.08352159004773155,0.14557761581883172,0.7709007941334367,2
2025-06-24 15:10:00,2,0.0632214455315061,0.11838515062726744,0.8183934038412264,2
2025-06-24 15:15:00,2,0.06114999119519863,0.11092084837402558,0.8279291604307758,2
2025-06-24 15:20:00,2,0.06473174363607388,0.10637107389505633,0.8288971824688698,2
2025-06-24 15:25:00,2,0.06586075105166128,0.09448210434722895,0.8396571446011099,2
2025-06-25 09:15:00,2,0.10832155074135817,0.011260202972618608,0.8804182462860232,2
2025-06-25 09:20:00,2,0.10896949054097896,0.011752847247384087,0.879277662211637,2
2025-06-25 09:25:00,2,0.09914860101639418,0.011752637921125195,0.8890987610624806,2
2025-06-25 09:30:00,2,0.07758541659876894,0.011935385306369202,0.9104791980948619,2
2025-06-25 09:35:00,2,0.07970451663895538,0.011396501515741194,0.9088989818453035,2
2025-06-25 09:40:00,2,0.06056902170313513,0.01225385030088237,0.9271771279959825,2
2025-06-25 09:45:00,2,0.07110847231667426,0.011261032458384617,0.9176304952249411,2
2025-06-25 09:50:00,2,0.06951632712421983,0.013170070116225495,0.9173136027595546,2
2025-06-25 09:55:00,2,0.010475658904974644,0.011868384490192334,0.9776559566048331,2
2025-06-25 10:00:00,2,0.009903414778203406,0.01110060410564748,0.9789959811161492,2
2025-06-25 10:05:00,2,0.01226219359602959,0.013905532274982313,0.9738322741289881,2
2025-06-25 10:10:00,2,0.03847458774427402,0.042213909095212436,0.9193115031605136,2
2025-06-25 10:15:00,2,0.03875049429180653,0.026397617597445716,0.9348518881107478,2
2025-06-25 10:20:00,2,0.017767881093004905,0.01570676772592736,0.9665253511810677,2
2025-06-25 10:25:00,2,0.012393107996467175,0.013471640789349539,0.9741352512141833,2
2025-06-25 10:30:00,2,0.024215317987574182,0.015856298519280304,0.9599283834931456,2
2025-06-25 10:35:00,2,0.01394561882522233,0.011758841362043563,0.9742955398127341,2
2025-06-25 10:40:00,2,0.08388064619595327,0.04339744773277945,0.8727219060712673,2
2025-06-25 10:45:00,2,0.0815156802668863,0.045925398198681494,0.8725589215344323,2
2025-06-25 10:50:00,2,0.06488463772366937,0.032316995234301836,0.9027983670420289,2
2025-06-25 10:55:00,2,0.0815312467340939,0.04544545187127824,0.8730233013946278,2
2025-06-25 11:00:00,2,0.08278418980071256,0.03496471101126614,0.8822510991880212,2
2025-06-25 11:05:00,2,0.07405214832700972,0.02988313552074163,0.8960647161522487,2
2025-06-25 11:10:00,2,0.07380488408504193,0.042731500189266226,0.8834636157256919,2
2025-06-25 11:15:00,2,0.07441938952530217,0.03497497393832071,0.8906056365363771,2
2025-06-25 11:20:00,2,0.06619040279418585,0.03399433363974068,0.8998152635660734,2
2025-06-25 11:25:00,2,0.06446529936176768,0.026931047452032474,0.9086036531861998,2
2025-06-25 11:30:00,2,0.0550809260484655,0.026292087353647305,0.9186269865978872,2
2025-06-25 11:35:00,2,0.06985163579062031,0.027246893402736262,0.9029014708066434,2
2025-06-25 11:40:00,2,0.049303856251398326,0.02626243860424577,0.9244337051443559,2
2025-06-25 11:45:00,2,0.053998246548534176,0.025341078190019094,0.9206606752614467,2
2025-06-25 11:50:00,2,0.045332393204053426,0.02411390220832585,0.9305537045876208,2
2025-06-25 11:55:00,2,0.04696295055098069,0.021929589988496277,0.931107459460523,2
2025-06-25 12:00:00,2,0.06343407815756803,0.03175090396738196,0.90481501787505,2
2025-06-25 12:05:00,2,0.047990041283061294,0.031390586669390104,0.9206193720475486,2
2025-06-25 12:10:00,2,0.05272034162964778,0.03782988317786616,0.9094497751924862,2
2025-06-25 12:15:00,2,0.012054155149864163,0.013242855660036803,0.974702989190099,2
2025-06-25 12:20:00,2,0.05730275167167201,0.0345013657604595,0.9081958825678685,2
2025-06-25 12:25:00,2,0.04666697393885168,0.027293914214801623,0.9260391118463467,2
2025-06-25 12:30:00,2,0.04923534927350696,0.02720010619114329,0.9235645445353498,2
2025-06-25 12:35:00,2,0.0549751205520522,0.025633641258383848,0.9193912381895639,2
2025-06-25 12:40:00,2,0.0613097369605568,0.030086932536361286,0.908603330503082,2
2025-06-25 12:45:00,0,0.05998256189483223,0.05053020436353897,0.8894872337416289,2
2025-06-25 12:50:00,0,0.06220273782708569,0.03254313065957477,0.9052541315133396,2
2025-06-25 12:55:00,2,0.004621713726056624,0.010637319228968304,0.984740967044975,2
2025-06-25 13:00:00,2,0.004894321154282461,0.011949299294486144,0.9831563795512314,2
2025-06-25 13:05:00,2,0.005259101201843619,0.015802475282357016,0.9789384235157994,2
2025-06-25 13:10:00,2,0.011620085487051826,0.012306637048175716,0.9760732774647725,2
2025-06-25 13:15:00,2,0.048608419472702356,0.027048734837472495,0.9243428456898252,2
2025-06-25 13:20:00,2,0.013555046567759294,0.012665847307241445,0.9737791061249993,2
2025-06-25 13:25:00,2,0.011744815388312967,0.011740551931036753,0.9765146326806503,2
2025-06-25 13:30:00,2,0.061439449256891175,0.031088605999008135,0.9074719447441006,2
2025-06-25 13:35:00,2,0.04736612475840932,0.022666567088008016,0.9299673081535826,2
2025-06-25 13:40:00,2,0.010381937474971776,0.013479135831984953,0.9761389266930434,2
2025-06-25 13:45:00,2,0.0393749291565884,0.02225924023896787,0.9383658306044438,2
2025-06-25 13:50:00,2,0.046028076300875014,0.02599696328352443,0.9279749604156005,2
2025-06-25 13:55:00,2,0.045842365165758785,0.02653878802879004,0.9276188468054511,2
2025-06-25 14:00:00,2,0.0409711299075966,0.025658437301706662,0.9333704327906968,2
2025-06-25 14:05:00,2,0.050484533092761616,0.023078073229656527,0.9264373936775818,2
2025-06-25 14:10:00,2,0.0319373306969468,0.020366552455659347,0.9476961168473939,2
2025-06-25 14:15:00,2,0.031762729806571764,0.015149463363024567,0.9530878068304036,2
2025-06-25 14:20:00,2,0.03017523327273231,0.015359023396647822,0.9544657433306198,2
2025-06-25 14:25:00,2,0.021728533170082748,0.015810234281087198,0.9624612325488301,2
2025-06-25 14:30:00,2,0.054665476455348215,0.03452983820364328,0.9108046853410086,2
2025-06-25 14:35:00,2,0.03836028317946035,0.02818469034324535,0.9334550264772943,2
2025-06-25 14:40:00,2,0.04075130974002678,0.02515258275818583,0.9340961075017874,2
2025-06-25 14:45:00,2,0.05498827320229897,0.04972161133385558,0.8952901154638455,2
2025-06-25 14:50:00,2,0.05141952224125851,0.02836146673070883,0.9202190110280326,2
2025-06-25 14:55:00,2,0.00448474896100087,0.00449621226588503,0.9910190387731141,2
2025-06-25 15:00:00,2,0.004484748960983021,0.004496212265885746,0.9910190387731312,2
2025-06-25 15:05:00,2,0.004484748960983032,0.004496212265885746,0.9910190387731312,2
2025-06-25 15:10:00,2,0.004484748960983044,0.004496212265885746,0.9910190387731312,2
2025-06-25 15:15:00,2,0.004484748960984302,0.0044962122659168175,0.9910190387730988,2
2025-06-25 15:20:00,2,0.004484748961005082,0.004496212265884857,0.99101903877311,2
2025-06-25 15:25:00,2,0.004484748961646793,0.004496212265865278,0.991019038772488,2
2025-06-26 09:15:00,2,0.004940436583253707,0.012554882817383248,0.982504680599363,2
2025-06-26 09:20:00,2,0.005049824923418893,0.014732911763575392,0.9802172633130057,2
2025-06-26 09:25:00,2,0.005456187439176968,0.011573762865062679,0.9829700496957604,2
2025-06-26 09:30:00,2,0.007174900573583442,0.011438857636864318,0.9813862417895522,2
2025-06-26 09:35:00,2,0.009005606644867176,0.013103992419064105,0.9778904009360687,2
2025-06-26 09:40:00,2,0.01014794235985996,0.012544803701205377,0.9773072539389347,2
2025-06-26 09:45:00,2,0.009251030608987547,0.01083998462875357,0.9799089847622589,2
2025-06-26 09:50:00,2,0.010895658282154866,0.004956195101591698,0.9841481466162534,2
2025-06-26 09:55:00,2,0.012219176599619264,0.004893415578558354,0.9828874078218224,2
2025-06-26 10:00:00,2,0.010264961402050245,0.00484706318256622,0.9848879754153835,2
2025-06-26 10:05:00,2,0.06397144112871775,0.02648594270053136,0.9095426161707509,2
2025-06-26 10:10:00,2,0.08873886006551628,0.03444115671454827,0.8768199832199355,2
2025-06-26 10:15:00,2,0.08587057422335567,0.04242039614101874,0.8717090296356256,2
2025-06-26 10:20:00,2,0.0752405431034513,0.044779581892612955,0.8799798750039357,2
2025-06-26 10:25:00,1,0.06082006320829293,0.03702966222478413,0.902150274566923,2
2025-06-26 10:30:00,2,0.062400115829026756,0.04446775133428905,0.8931321328366842,2
2025-06-26 10:35:00,1,0.14041736850712416,0.07484293807298859,0.7847396934198874,2
2025-06-26 10:40:00,2,0.013773278303216277,0.015091929603564171,0.9711347920932196,2
2025-06-26 10:45:00,2,0.1631541259910643,0.13175298938862717,0.7050928846203085,2
2025-06-26 10:50:00,2,0.1483368715581569,0.13535528732254504,0.716307841119298,2
2025-06-26 10:55:00,2,0.14865017246508896,0.12760943801462576,0.7237403895202853,2
2025-06-26 11:00:00,2,0.16540395235515087,0.10902042632340939,0.7255756213214397,2
2025-06-26 11:05:00,2,0.14175237275719077,0.12204519015392218,0.736202437088887,2
2025-06-26 11:10:00,2,0.13325014623075646,0.10160263894567775,0.7651472148235658,2
2025-06-26 11:15:00,0,0.15527761582757715,0.11972482969426163,0.7249975544781613,2
2025-06-26 11:20:00,2,0.1248012735028146,0.1022019238384259,0.7729968026587595,2
2025-06-26 11:25:00,2,0.16314180142560203,0.09431953851795973,0.7425386600564383,2
2025-06-26 11:30:00,2,0.1614484225106525,0.08853324829458022,0.7500183291947673,2
2025-06-26 11:35:00,2,0.18070292731818344,0.0939276957232299,0.7253693769585867,2
2025-06-26 11:40:00,0,0.19805169596669936,0.11734330787652622,0.6846049961567744,2
2025-06-26 11:45:00,0,0.17538825087057008,0.09334749228714004,0.7312642568422899,2
2025-06-26 11:50:00,0,0.15111457113704782,0.09491211697636288,0.7539733118865892,2
2025-06-26 11:55:00,0,0.1519387007850493,0.08473554261332948,0.7633257566016213,2
2025-06-26 12:00:00,2,0.17124247281029367,0.05237269384925176,0.7763848333404546,2
2025-06-26 12:05:00,2,0.19233609039830557,0.06645817795219963,0.7412057316494949,2
2025-06-26 12:10:00,2,0.15755626516313936,0.04156431202114718,0.8008794228157134,2
2025-06-26 12:15:00,2,0.17549064915361348,0.04268778546640718,0.7818215653799793,2
2025-06-26 12:20:00,2,0.12830821887827537,0.03645112813552978,0.8352406529861949,2
2025-06-26 12:25:00,2,0.09522531352252434,0.03183517193207037,0.8729395145454053,2
2025-06-26 12:30:00,2,0.17707406880980742,0.045775196430099016,0.7771507347600937,2
2025-06-26 12:35:00,1,0.12579132073833194,0.043378677784223475,0.8308300014774446,2
2025-06-26 12:40:00,1,0.14898162999361905,0.0465780984162917,0.8044402715900894,2
2025-06-26 12:45:00,2,0.1691075844399058,0.09829598807416187,0.7325964274859323,2
2025-06-26 12:50:00,2,0.16696124350538674,0.09316191516321969,0.7398768413313935,2
2025-06-26 12:55:00,2,0.13680417185062493,0.0942589954453098,0.7689368327040653,2
2025-06-26 13:00:00,0,0.13838209409705018,0.07636192810453941,0.7852559777984105,2
2025-06-26 13:05:00,0,0.12843797513319316,0.08880484545539419,0.7827571794114127,2
2025-06-26 13:10:00,2,0.15865521164222163,0.0659573292939116,0.7753874590638667,2
2025-06-26 13:15:00,2,0.17049163196431355,0.03405129944689324,0.7954570685887932,2
2025-06-26 13:20:00,2,0.20210337137271317,0.08509869001201567,0.7127979386152712,2
2025-06-26 13:25:00,0,0.17689157721721507,0.09102425837323075,0.7320841644095542,2
2025-06-26 13:30:00,0,0.15247528597149362,0.08566372047267512,0.7618609935558313,2
2025-06-26 13:35:00,0,0.08211371491376136,0.03508386918045679,0.8828024159057819,2
2025-06-26 13:40:00,0,0.07404824380418035,0.021054334360208128,0.9048974218356115,2
2025-06-26 13:45:00,2,0.011850047408810176,0.010782447338156595,0.9773675052530333,2
2025-06-26 13:50:00,2,0.012080837520925349,0.0076152884074805445,0.9803038740715941,2
2025-06-26 13:55:00,2,0.012378795079532755,0.004957362558592455,0.9826638423618748,2
2025-06-26 14:00:00,2,0.012219176598033798,0.00489341559289456,0.9828874078090717,2
2025-06-26 14:05:00,0,0.14071928986290116,0.03129038397019217,0.8279903261669067,2
2025-06-26 14:10:00,2,0.012631810968416745,0.011357437278376183,0.9760107517532071,2
2025-06-26 14:15:00,2,0.012851391054944233,0.005135545610533527,0.9820130633345223,2
2025-06-26 14:20:00,2,0.13755682757262944,0.008089247183374068,0.8543539252439964,2
2025-06-26 14:25:00,2,0.14616328181577848,0.014971336602052956,0.8388653815821686,2
2025-06-26 14:30:00,2,0.1763419321284866,0.016818370318108043,0.8068396975534053,2
2025-06-26 14:35:00,2,0.13613251044750013,0.014321980925626211,0.8495455086268737,2
2025-06-26 14:40:00,0,0.13543359839529917,0.017111365455250833,0.8474550361494501,2
2025-06-26 14:45:00,0,0.13580611038170595,0.026761640075345938,0.8374322495429481,2
2025-06-26 14:50:00,0,0.14343487080493744,0.01731118913406735,0.8392539400609953,2
2025-06-26 14:55:00,2,0.18787270417168866,0.01010933475424381,0.8020179610740676,2
2025-06-26 15:00:00,2,0.1845065829033351,0.005101376274497566,0.8103920408221674,2
2025-06-26 15:05:00,2,0.20621678098948684,0.010061145582886458,0.7837220734276268,2
2025-06-26 15:10:00,2,0.17366531491522347,0.012310205773483733,0.8140244793112927,2
2025-06-26 15:15:00,2,0.1339337266476662,0.014039886846734071,0.8520263865055997,2
2025-06-26 15:20:00,2,0.1738893351746867,0.013361749069372375,0.8127489157559409,2
2025-06-26 15:25:00,2,0.17196315605631343,0.030215152665101247,0.7978216912785854,2
2025-06-27 09:15:00,2,0.18791978091529898,0.012146144359292232,0.7999340747254088,2
2025-06-27 09:20:00,2,0.07140788674187593,0.0850149027281036,0.8435772105300205,2
2025-06-27 09:25:00,2,0.1526720097617505,0.06145943225551502,0.7858685579827345,2
2025-06-27 09:30:00,2,0.07926822650841917,0.09185721043923045,0.8288745630523504,2
2025-06-27 09:35:00,2,0.06258056954341526,0.09357537243177083,0.8438440580248139,2
2025-06-27 09:40:00,2,0.10029670001243027,0.0633763017190819,0.8363269982684879,2
2025-06-27 09:45:00,2,0.08469274698203273,0.06647896235484993,0.8488282906631173,2
2025-06-27 09:50:00,2,0.0546166637838685,0.06628173169191572,0.8791016045242158,2
2025-06-27 09:55:00,2,0.07449248970473929,0.08046690746349264,0.8450406028317681,2
2025-06-27 10:00:00,2,0.056685121943009925,0.06074854943536019,0.8825663286216299,2
2025-06-27 10:05:00,2,0.035773498725225186,0.034383007112808464,0.9298434941619663,2
2025-06-27 10:10:00,2,0.03504042564207402,0.0358684838846949,0.9290910904732311,2
2025-06-27 10:15:00,2,0.02175462823118406,0.025865424955789917,0.9523799468130261,2
2025-06-27 10:20:00,2,0.01970492370745456,0.03032293026005859,0.9499721460324868,2
2025-06-27 10:25:00,2,0.024611765288601543,0.030837972140915177,0.9445502625704832,2
2025-06-27 10:30:00,2,0.024818908934664572,0.02837456812663714,0.9468065229386983,2
2025-06-27 10:35:00,0,0.08487439290854838,0.0893803038382007,0.8257453032532509,2
2025-06-27 10:40:00,0,0.07225323111314777,0.05608312462532131,0.8716636442615309,2
2025-06-27 10:45:00,2,0.07194195981066275,0.048000275110793564,0.8800577650785437,2
2025-06-27 10:50:00,2,0.07566437231180058,0.024984865569488708,0.8993507621187107,2
2025-06-27 10:55:00,2,0.13860031367038617,0.011896395858975627,0.8495032904706382,2
2025-06-27 11:00:00,2,0.06873430042291534,0.029073245630840114,0.9021924539462446,2
2025-06-27 11:05:00,2,0.11750371723994527,0.01298676627468563,0.8695095164853691,2
2025-06-27 11:10:00,2,0.1080051818104252,0.013217462844786814,0.878777355344788,2
2025-06-27 11:15:00,2,0.06353609665285728,0.04291548450450664,0.893548418842636,2
2025-06-27 11:20:00,2,0.06135831127215598,0.028809791600339165,0.9098318971275049,2
2025-06-27 11:25:00,2,0.05698872146621263,0.030312007985872302,0.9126992705479151,2
2025-06-27 11:30:00,2,0.057840745663234994,0.03288577863859503,0.90927347569817,2
2025-06-27 11:35:00,2,0.0504266821238002,0.024648839830559762,0.92492447804564,2
2025-06-27 11:40:00,2,0.048948656315974476,0.021914294310216458,0.929137049373809,2
2025-06-27 11:45:00,2,0.053218729692093944,0.024868833969124565,0.9219124363387815,2
2025-06-27 11:50:00,2,0.04680758822093283,0.024036189801383473,0.9291562219776837,2
2025-06-27 11:55:00,2,0.04497555333457611,0.026346688154784696,0.9286777585106392,2
2025-06-27 12:00:00,2,0.04468260201737564,0.024730552648173445,0.9305868453344509,2
2025-06-27 12:05:00,2,0.04440848105461596,0.02395347937335619,0.9316380395720278,2
2025-06-27 12:10:00,2,0.042088500182788396,0.024369680397431003,0.9335418194197805,2
2025-06-27 12:15:00,2,0.09521819118654531,0.011893255366078156,0.8928885534473765,2
2025-06-27 12:20:00,2,0.0492262888454464,0.02682644602877493,0.9239472651257786,2
2025-06-27 12:25:00,2,0.0499372664722859,0.02397340381491858,0.9260893297127956,2
2025-06-27 12:30:00,2,0.051697355087953284,0.029557836215835853,0.9187448086962109,2
2025-06-27 12:35:00,2,0.09783105731814157,0.01305765512071064,0.8891112875611478,2
2025-06-27 12:40:00,2,0.12439698786216523,0.012419030041330449,0.8631839820965044,2
2025-06-27 12:45:00,2,0.10208953273122505,0.013057598126970252,0.8848528691418047,2
2025-06-27 12:50:00,2,0.11067801897756914,0.012324967137957868,0.8769970138844729,2
2025-06-27 12:55:00,2,0.06336142525752335,0.020186239869861174,0.9164523348726155,2
2025-06-27 13:00:00,2,0.06515387862285502,0.03240208385742765,0.9024440375197174,2
2025-06-27 13:05:00,2,0.05071301043017974,0.03508674515881886,0.9142002444110013,2
2025-06-27 13:10:00,2,0.0592338636537449,0.045018120225893715,0.8957480161203615,2
2025-06-27 13:15:00,2,0.05452015263290323,0.04780189159014257,0.8976779557769543,2
2025-06-27 13:20:00,2,0.05921763128208178,0.04657931524033651,0.8942030534775817,2
2025-06-27 13:25:00,2,0.055211534283140025,0.026247875483757156,0.9185405902331029,2
2025-06-27 13:30:00,2,0.05056236183228576,0.024803370129706796,0.9246342680380075,2
2025-06-27 13:35:00,2,0.039078845012710424,0.021589091370865985,0.9393320636164236,2
2025-06-27 13:40:00,2,0.041766986315081286,0.023877098582175037,0.9343559151027436,2
2025-06-27 13:45:00,2,0.038430721910534316,0.021467322456214608,0.940101955633251,2
2025-06-27 13:50:00,2,0.03827273810253472,0.025462977935300727,0.9362642839621645,2
2025-06-27 13:55:00,2,0.04086732331461068,0.021395780376292802,0.9377368963090965,2
2025-06-27 14:00:00,2,0.027659857009544892,0.02059348061186211,0.951746662378593,2
2025-06-27 14:05:00,2,0.03750651972719012,0.021583291254016142,0.9409101890187936,2
2025-06-27 14:10:00,2,0.04139522133777936,0.017961342912803435,0.9406434357494171,2
2025-06-27 14:15:00,2,0.03592651010582618,0.023926275874751518,0.9401472140194223,2
2025-06-27 14:20:00,2,0.035970423063437285,0.025173265912316067,0.9388563110242467,2
2025-06-27 14:25:00,2,0.029653537897647003,0.0242014390479845,0.9461450230543685,2
2025-06-27 14:30:00,2,0.025751757219460113,0.02371467880223465,0.9505335639783052,2
2025-06-27 14:35:00,2,0.03112209729105435,0.02241365470010364,0.946464248008842,2
2025-06-27 14:40:00,2,0.03231496923474737,0.021601266118941892,0.9460837646463107,2
2025-06-27 14:45:00,2,0.025548867710766497,0.015964398488266182,0.9584867338009673,2
2025-06-27 14:50:00,2,0.030454056006767666,0.017427525374067353,0.952118418619165,2
2025-06-27 14:55:00,2,0.03199266953056288,0.01803535804652226,0.9499719724229149,2
2025-06-27 15:00:00,2,0.013736258797306047,0.011982675116197461,0.9742810660864965,2
2025-06-27 15:05:00,2,0.05050652475345921,0.026280127377265802,0.923213347869275,2
2025-06-27 15:10:00,2,0.04925070659350404,0.02296757872384647,0.9277817146826495,2
2025-06-27 15:15:00,2,0.04875367959423151,0.018248669818518384,0.9329976505872501,2
2025-06-27 15:20:00,2,0.049298281052439975,0.022606617077953747,0.9280951018696063,2
2025-06-27 15:25:00,2,0.06146567982037348,0.027728120418739788,0.9108061997608867,2
2025-06-30 09:15:00,2,0.09158555159552066,0.05889635010518565,0.8495180982992937,2
2025-06-30 09:20:00,2,0.04802911973038681,0.05294933942133268,0.8990215408482806,2
2025-06-30 09:25:00,2,0.05865156022700187,0.05493230263637837,0.8864161371366198,2
2025-06-30 09:30:00,2,0.0863794595432627,0.05636641172961164,0.8572541287271256,2
2025-06-30 09:35:00,2,0.06897873160115488,0.04561775205566575,0.8854035163431795,2
2025-06-30 09:40:00,2,0.05152534210498397,0.04035111543808895,0.9081235424569272,2
2025-06-30 09:45:00,2,0.010071826215967021,0.010563029824881208,0.9793651439591518,2
2025-06-30 09:50:00,2,0.010071826215967021,0.010563029824881208,0.9793651439591518,2
2025-06-30 09:55:00,2,0.011824083163139905,0.011040755187599862,0.9771351616492602,2
2025-06-30 10:00:00,2,0.07533085486963238,0.05594496203202379,0.8687241830983439,2
2025-06-30 10:05:00,2,0.060704621317973655,0.04148679560901474,0.8978085830730116,2
2025-06-30 10:10:00,2,0.05119633460723628,0.03832219471973384,0.9104814706730299,2
2025-06-30 10:15:00,2,0.03329779600765508,0.02749998546432206,0.9392022185280229,2
2025-06-30 10:20:00,2,0.06102676381800297,0.037440219151105666,0.9015330170308913,2
2025-06-30 10:25:00,2,0.04216998507365438,0.031103734324081957,0.9267262806022637,2
2025-06-30 10:30:00,2,0.03796613479359492,0.03357400622356883,0.9284598589828363,2
2025-06-30 10:35:00,2,0.11224183791895129,0.06521447613371918,0.8225436859473295,2
2025-06-30 10:40:00,2,0.10308050384868937,0.06972223598309465,0.8271972601682159,2
2025-06-30 10:45:00,2,0.013306553349097871,0.11054734292512455,0.8761461037257776,2
2025-06-30 10:50:00,2,0.10627679244253857,0.06157484725883389,0.8321483602986276,2
2025-06-30 10:55:00,2,0.08711621827390975,0.0636453839281632,0.849238397797927,2
2025-06-30 11:00:00,2,0.09253695844838677,0.05929357346022948,0.8481694680913838,2
2025-06-30 11:05:00,2,0.0773413964706575,0.058735909154565016,0.8639226943747775,2
2025-06-30 11:10:00,2,0.08696592483178661,0.06117508059530995,0.8518589945729034,2
2025-06-30 11:15:00,2,0.06819662116936198,0.057101508173550856,0.8747018706570872,2
2025-06-30 11:20:00,2,0.07280488462899114,0.05627795837671324,0.8709171569942957,2
2025-06-30 11:25:00,2,0.06396056383195257,0.058821546744062925,0.8772178894239845,2
2025-06-30 11:30:00,2,0.0586593168648089,0.045448704900511776,0.8958919782346794,2
2025-06-30 11:35:00,2,0.06762177653806836,0.05245370707938553,0.8799245163825462,2
2025-06-30 11:40:00,2,0.059834426169313386,0.038591675751475644,0.901573898079211,2
2025-06-30 11:45:00,2,0.04662535610956989,0.03617853598799773,0.9171961079024324,2
2025-06-30 11:50:00,2,0.0476368678040837,0.03094360718815214,0.9214195250077641,2
2025-06-30 11:55:00,2,0.05838166036056959,0.03968933229459658,0.9019290073448338,2
2025-06-30 12:00:00,0,0.05164740574524742,0.03163227345534412,0.9167203207994084,2
2025-06-30 12:05:00,2,0.05703429405220369,0.03288858466570598,0.9100771212820903,2
2025-06-30 12:10:00,2,0.011865003379269283,0.011831170321869923,0.9763038262988608,2
2025-06-30 12:15:00,2,0.011730280534282222,0.01301236945016003,0.9752573500155578,2
2025-06-30 12:20:00,1,0.03702566881423329,0.024645317743448615,0.9383290134423181,2
2025-06-30 12:25:00,1,0.059798259333781675,0.04227947705751516,0.8979222636087032,2
2025-06-30 12:30:00,2,0.06337974345938305,0.05654122940331418,0.8800790271373028,2
2025-06-30 12:35:00,2,0.0682576601298531,0.05896509244176987,0.8727772474283771,2
2025-06-30 12:40:00,2,0.06106047623156232,0.04885985870285206,0.8900796650655856,2
2025-06-30 12:45:00,1,0.05936757317562486,0.06111298188299893,0.8795194449413762,2
2025-06-30 12:50:00,1,0.06170367989370027,0.05751039679461463,0.8807859233116851,2
2025-06-30 12:55:00,2,0.011934243061461798,0.013267747316457872,0.9747980096220803,2
2025-06-30 13:00:00,2,0.010985893697577707,0.013298330313616432,0.9757157759888059,2
2025-06-30 13:05:00,2,0.011784907129739416,0.011386560047884778,0.9768285328223758,2
2025-06-30 13:10:00,2,0.00968125903758569,0.01116160943299038,0.979157131529424,2
2025-06-30 13:15:00,2,0.009431914696590632,0.010627038405150982,0.9799410468982583,2
2025-06-30 13:20:00,2,0.011663441729739437,0.011413351100226203,0.9769232071700344,2
2025-06-30 13:25:00,2,0.065890239246764,0.06882949988840535,0.8652802608648307,2
2025-06-30 13:30:00,1,0.07003890884840051,0.0686509349426909,0.8613101562089086,2
2025-06-30 13:35:00,2,0.011744815388312967,0.011740447816481087,0.976514736795206,2
2025-06-30 13:40:00,2,0.012019859752485299,0.06028115132446612,0.9276989889230486,2
2025-06-30 13:45:00,2,0.011692314590165658,0.06765541801952797,0.9206522673903064,2
2025-06-30 13:50:00,2,0.009533672945597791,0.059678715055872814,0.9307876119985294,2
2025-06-30 13:55:00,2,0.060370100590810806,0.062351952971639424,0.8772779464375497,2
2025-06-30 14:00:00,2,0.0550944013979275,0.07958315604706737,0.8653224425550051,2
2025-06-30 14:05:00,2,0.062102427210888975,0.05934781324631962,0.8785497595427914,2
2025-06-30 14:10:00,2,0.06892565913843228,0.06779414224354466,0.8632801986180231,2
2025-06-30 14:15:00,2,0.06517123955886443,0.06605315333266121,0.8687756071084743,2
2025-06-30 14:20:00,2,0.06602547538768497,0.06624063874608127,0.8677338858662338,2
2025-06-30 14:25:00,2,0.06750794359195758,0.07077576457175261,0.8617162918362898,2
2025-06-30 14:30:00,2,0.06487960194995752,0.0753856544799075,0.8597347435701349,2
2025-06-30 14:35:00,2,0.06525181665507654,0.07320407902251955,0.8615441043224039,2
2025-06-30 14:40:00,2,0.06566080939253006,0.06433824489336096,0.870000945714109,2
2025-06-30 14:45:00,2,0.06327140323890418,0.056177906556908255,0.8805506902041875,2
2025-06-30 14:50:00,2,0.06764674727919406,0.07125111648934994,0.8611021362314559,2
2025-06-30 14:55:00,2,0.05991905352359701,0.047141680540093656,0.8929392659363093,2
2025-06-30 15:00:00,2,0.05228698100899203,0.03625303126586491,0.911459987725143,2
2025-06-30 15:05:00,2,0.05842203900554795,0.011502586014070565,0.9300753749803815,2
2025-06-30 15:10:00,2,0.05593113674731715,0.012389277402330924,0.9316795858503519,2
2025-06-30 15:15:00,2,0.060599093691187364,0.046327141696591814,0.8930737646122209,2
2025-06-30 15:20:00,2,0.056141082084746975,0.03953858890668119,0.9043203290085718,2
2025-06-30 15:25:00,2,0.0704212635912909,0.04518639448355981,0.8843923419251494,2
